[0.000000] (-) TimerEvent: {}
[0.002310] (px4_msgs) JobQueued: {'identifier': 'px4_msgs', 'dependencies': OrderedDict()}
[0.002490] (go_green) JobQueued: {'identifier': 'go_green', 'dependencies': OrderedDict([('px4_msgs', '/home/rschnurr/SkyClaw-Team1/ros2_ws/install/px4_msgs')])}
[0.002574] (px4_ros_com) JobQueued: {'identifier': 'px4_ros_com', 'dependencies': OrderedDict([('px4_msgs', '/home/rschnurr/SkyClaw-Team1/ros2_ws/install/px4_msgs')])}
[0.002627] (px4_msgs) JobStarted: {'identifier': 'px4_msgs'}
[0.024671] (px4_msgs) JobProgress: {'identifier': 'px4_msgs', 'progress': 'cmake'}
[0.026634] (px4_msgs) JobProgress: {'identifier': 'px4_msgs', 'progress': 'build'}
[0.027551] (px4_msgs) Command: {'cmd': ['/usr/bin/cmake', '--build', '/home/rschnurr/SkyClaw-Team1/ros2_ws/build/px4_msgs', '--', '-j16', '-l16'], 'cwd': '/home/rschnurr/SkyClaw-Team1/ros2_ws/build/px4_msgs', 'env': OrderedDict([('LESSOPEN', '| /usr/bin/lesspipe %s'), ('USER', 'rschnurr'), ('SHLVL', '1'), ('LD_LIBRARY_PATH', '/home/rschnurr/workspace_real/install/px4_ros_com/lib:/home/rschnurr/workspace_real/install/px4_msgs/lib:/usr/lib/x86_64-linux-gnu/gazebo-11/plugins:/opt/ros/humble/opt/rviz_ogre_vendor/lib:/opt/ros/humble/lib/x86_64-linux-gnu:/opt/ros/humble/lib'), ('MOTD_SHOWN', 'update-motd'), ('HOME', '/home/rschnurr'), ('OLDPWD', '/home/rschnurr'), ('ROS_PYTHON_VERSION', '3'), ('DBUS_SESSION_BUS_ADDRESS', 'unix:path=/run/user/1000/bus'), ('WSL_DISTRO_NAME', 'Ubuntu-22.04'), ('WAYLAND_DISPLAY', 'wayland-0'), ('COLCON_PREFIX_PATH', '/home/rschnurr/workspace_real/install'), ('ROS_DISTRO', 'humble'), ('LOGNAME', 'rschnurr'), ('NAME', 'Roberts-Laptop'), ('WSL_INTEROP', '/run/WSL/315_interop'), ('PULSE_SERVER', 'unix:/mnt/wslg/PulseServer'), ('_', '/usr/bin/colcon'), ('ROS_VERSION', '2'), ('TERM', 'xterm-256color'), ('PX4_SITL_WORLD', 'aruco_with_green'), ('ROS_LOCALHOST_ONLY', '0'), ('PATH', '/home/rschnurr/.local/bin:/opt/ros/humble/bin:/usr/local/sbin:/usr/local/bin:/usr/sbin:/usr/bin:/sbin:/bin:/usr/games:/usr/local/games:/usr/lib/wsl/lib:/mnt/c/Program Files/WindowsApps/MicrosoftCorporationII.WindowsSubsystemForLinux_2.6.1.0_x64__8wekyb3d8bbwe:/mnt/c/Program Files (x86)/Common Files/Oracle/Java/javapath:/mnt/c/Windows/system32:/mnt/c/Windows:/mnt/c/Windows/System32/Wbem:/mnt/c/Windows/System32/WindowsPowerShell/v1.0/:/mnt/c/Windows/System32/OpenSSH/:/mnt/c/Program Files/PuTTY/:/mnt/c/Users/rschn/AppData/Local/Microsoft/WindowsApps:/mnt/c/Users/rschn/AppData/Local/Programs/Microsoft VS Code/bin:/snap/bin:/opt/xtensa-esp-elf/bin/'), ('XDG_RUNTIME_DIR', '/run/user/1000/'), ('DISPLAY', ':0'), ('LANG', 'en_US.UTF-8'), ('LS_COLORS', 'rs=0:di=01;34:ln=01;36:mh=00:pi=40;33:so=01;35:do=01;35:bd=40;33;01:cd=40;33;01:or=40;31;01:mi=00:su=37;41:sg=30;43:ca=30;41:tw=30;42:ow=34;42:st=37;44:ex=01;32:*.tar=01;31:*.tgz=01;31:*.arc=01;31:*.arj=01;31:*.taz=01;31:*.lha=01;31:*.lz4=01;31:*.lzh=01;31:*.lzma=01;31:*.tlz=01;31:*.txz=01;31:*.tzo=01;31:*.t7z=01;31:*.zip=01;31:*.z=01;31:*.dz=01;31:*.gz=01;31:*.lrz=01;31:*.lz=01;31:*.lzo=01;31:*.xz=01;31:*.zst=01;31:*.tzst=01;31:*.bz2=01;31:*.bz=01;31:*.tbz=01;31:*.tbz2=01;31:*.tz=01;31:*.deb=01;31:*.rpm=01;31:*.jar=01;31:*.war=01;31:*.ear=01;31:*.sar=01;31:*.rar=01;31:*.alz=01;31:*.ace=01;31:*.zoo=01;31:*.cpio=01;31:*.7z=01;31:*.rz=01;31:*.cab=01;31:*.wim=01;31:*.swm=01;31:*.dwm=01;31:*.esd=01;31:*.jpg=01;35:*.jpeg=01;35:*.mjpg=01;35:*.mjpeg=01;35:*.gif=01;35:*.bmp=01;35:*.pbm=01;35:*.pgm=01;35:*.ppm=01;35:*.tga=01;35:*.xbm=01;35:*.xpm=01;35:*.tif=01;35:*.tiff=01;35:*.png=01;35:*.svg=01;35:*.svgz=01;35:*.mng=01;35:*.pcx=01;35:*.mov=01;35:*.mpg=01;35:*.mpeg=01;35:*.m2v=01;35:*.mkv=01;35:*.webm=01;35:*.webp=01;35:*.ogm=01;35:*.mp4=01;35:*.m4v=01;35:*.mp4v=01;35:*.vob=01;35:*.qt=01;35:*.nuv=01;35:*.wmv=01;35:*.asf=01;35:*.rm=01;35:*.rmvb=01;35:*.flc=01;35:*.avi=01;35:*.fli=01;35:*.flv=01;35:*.gl=01;35:*.dl=01;35:*.xcf=01;35:*.xwd=01;35:*.yuv=01;35:*.cgm=01;35:*.emf=01;35:*.ogv=01;35:*.ogx=01;35:*.aac=00;36:*.au=00;36:*.flac=00;36:*.m4a=00;36:*.mid=00;36:*.midi=00;36:*.mka=00;36:*.mp3=00;36:*.mpc=00;36:*.ogg=00;36:*.ra=00;36:*.wav=00;36:*.oga=00;36:*.opus=00;36:*.spx=00;36:*.xspf=00;36:'), ('AMENT_PREFIX_PATH', '/home/rschnurr/workspace_real/install/px4_ros_com:/home/rschnurr/workspace_real/install/go_green:/home/rschnurr/workspace_real/install/px4_msgs:/opt/ros/humble'), ('SHELL', '/bin/bash'), ('LESSCLOSE', '/usr/bin/lesspipe %s %s'), ('PWD', '/home/rschnurr/SkyClaw-Team1/ros2_ws/build/px4_msgs'), ('GAZEBO_PLUGIN_PATH', ':/opt/ros/humble/lib'), ('XDG_DATA_DIRS', '/usr/local/share:/usr/share:/var/lib/snapd/desktop'), ('PYTHONPATH', '/home/rschnurr/workspace_real/install/px4_ros_com/local/lib/python3.10/dist-packages:/home/rschnurr/workspace_real/install/go_green/lib/python3.10/site-packages:/home/rschnurr/workspace_real/install/px4_msgs/local/lib/python3.10/dist-packages:/opt/ros/humble/lib/python3.10/site-packages:/opt/ros/humble/local/lib/python3.10/dist-packages'), ('COLCON', '1'), ('WSL2_GUI_APPS_ENABLED', '1'), ('HOSTTYPE', 'x86_64'), ('CMAKE_PREFIX_PATH', '/home/rschnurr/workspace_real/install/px4_ros_com:/home/rschnurr/workspace_real/install/px4_msgs:/home/rschnurr/workspace_real/install/go_green:/opt/ros/humble'), ('WSLENV', '')]), 'shell': False}
[0.099041] (-) TimerEvent: {}
[0.200175] (-) TimerEvent: {}
[0.301146] (-) TimerEvent: {}
[0.402399] (-) TimerEvent: {}
[0.503316] (-) TimerEvent: {}
[0.567844] (px4_msgs) StdoutLine: {'line': b'[  0%] Built target px4_msgs__cpp\n'}
[0.603574] (-) TimerEvent: {}
[0.671296] (px4_msgs) StdoutLine: {'line': b'\x1b[35m\x1b[1mConsolidate compiler generated dependencies of target px4_msgs__rosidl_generator_c\x1b[0m\n'}
[0.703819] (-) TimerEvent: {}
[0.769943] (px4_msgs) StdoutLine: {'line': b'[ 12%] Built target px4_msgs__rosidl_generator_c\n'}
[0.779109] (px4_msgs) StdoutLine: {'line': b'\x1b[35m\x1b[1mConsolidate compiler generated dependencies of target px4_msgs__rosidl_typesupport_cpp\x1b[0m\n'}
[0.781785] (px4_msgs) StdoutLine: {'line': b'\x1b[35m\x1b[1mConsolidate compiler generated dependencies of target px4_msgs__rosidl_typesupport_introspection_cpp\x1b[0m\n'}
[0.804204] (-) TimerEvent: {}
[0.807371] (px4_msgs) StdoutLine: {'line': b'\x1b[35m\x1b[1mConsolidate compiler generated dependencies of target px4_msgs__rosidl_typesupport_fastrtps_cpp\x1b[0m\n'}
[0.904559] (-) TimerEvent: {}
[0.948806] (px4_msgs) StdoutLine: {'line': b'\x1b[35m\x1b[1mConsolidate compiler generated dependencies of target px4_msgs__rosidl_typesupport_c\x1b[0m\n'}
[0.967469] (px4_msgs) StdoutLine: {'line': b'\x1b[35m\x1b[1mConsolidate compiler generated dependencies of target px4_msgs__rosidl_typesupport_introspection_c\x1b[0m\n'}
[1.005011] (-) TimerEvent: {}
[1.011811] (px4_msgs) StdoutLine: {'line': b'\x1b[35m\x1b[1mConsolidate compiler generated dependencies of target px4_msgs__rosidl_typesupport_fastrtps_c\x1b[0m\n'}
[1.021117] (px4_msgs) StdoutLine: {'line': b'[ 24%] Built target px4_msgs__rosidl_typesupport_cpp\n'}
[1.034044] (px4_msgs) StdoutLine: {'line': b'[ 37%] Built target px4_msgs__rosidl_typesupport_introspection_cpp\n'}
[1.040128] (px4_msgs) StdoutLine: {'line': b'[ 50%] Built target px4_msgs__rosidl_typesupport_c\n'}
[1.071380] (px4_msgs) StdoutLine: {'line': b'[ 63%] Built target px4_msgs__rosidl_typesupport_introspection_c\n'}
[1.105636] (-) TimerEvent: {}
[1.119259] (px4_msgs) StdoutLine: {'line': b'[ 75%] Built target px4_msgs__rosidl_typesupport_fastrtps_cpp\n'}
[1.132363] (px4_msgs) StdoutLine: {'line': b'[ 75%] Built target ament_cmake_python_copy_px4_msgs\n'}
[1.206083] (-) TimerEvent: {}
[1.262158] (px4_msgs) StdoutLine: {'line': b'[ 88%] Built target px4_msgs__rosidl_typesupport_fastrtps_c\n'}
[1.306298] (-) TimerEvent: {}
[1.307934] (px4_msgs) StdoutLine: {'line': b'[ 88%] Built target px4_msgs\n'}
[1.365509] (px4_msgs) StdoutLine: {'line': b'[ 88%] Built target px4_msgs__py\n'}
[1.406399] (-) TimerEvent: {}
[1.481818] (px4_msgs) StdoutLine: {'line': b'running egg_info\n'}
[1.499264] (px4_msgs) StdoutLine: {'line': b'writing px4_msgs.egg-info/PKG-INFO\n'}
[1.500941] (px4_msgs) StdoutLine: {'line': b'writing dependency_links to px4_msgs.egg-info/dependency_links.txt\n'}
[1.501997] (px4_msgs) StdoutLine: {'line': b'writing top-level names to px4_msgs.egg-info/top_level.txt\n'}
[1.506682] (-) TimerEvent: {}
[1.540980] (px4_msgs) StdoutLine: {'line': b'\x1b[35m\x1b[1mConsolidate compiler generated dependencies of target px4_msgs__rosidl_generator_py\x1b[0m\n'}
[1.554221] (px4_msgs) StdoutLine: {'line': b"reading manifest file 'px4_msgs.egg-info/SOURCES.txt'\n"}
[1.558731] (px4_msgs) StdoutLine: {'line': b"writing manifest file 'px4_msgs.egg-info/SOURCES.txt'\n"}
[1.607454] (-) TimerEvent: {}
[1.688953] (px4_msgs) StdoutLine: {'line': b'[ 88%] Built target ament_cmake_python_build_px4_msgs_egg\n'}
[1.707948] (-) TimerEvent: {}
[1.768207] (px4_msgs) StdoutLine: {'line': b'[100%] Built target px4_msgs__rosidl_generator_py\n'}
[1.790739] (px4_msgs) StdoutLine: {'line': b'\x1b[35m\x1b[1mConsolidate compiler generated dependencies of target px4_msgs__rosidl_typesupport_c__pyext\x1b[0m\n'}
[1.791425] (px4_msgs) StdoutLine: {'line': b'\x1b[35m\x1b[1mConsolidate compiler generated dependencies of target px4_msgs__rosidl_typesupport_fastrtps_c__pyext\x1b[0m\n'}
[1.791680] (px4_msgs) StdoutLine: {'line': b'\x1b[35m\x1b[1mConsolidate compiler generated dependencies of target px4_msgs__rosidl_typesupport_introspection_c__pyext\x1b[0m\n'}
[1.808570] (-) TimerEvent: {}
[1.826317] (px4_msgs) StdoutLine: {'line': b'[100%] Built target px4_msgs__rosidl_typesupport_fastrtps_c__pyext\n'}
[1.827089] (px4_msgs) StdoutLine: {'line': b'[100%] Built target px4_msgs__rosidl_typesupport_introspection_c__pyext\n'}
[1.827321] (px4_msgs) StdoutLine: {'line': b'[100%] Built target px4_msgs__rosidl_typesupport_c__pyext\n'}
[1.858598] (px4_msgs) CommandEnded: {'returncode': 0}
[1.864074] (px4_msgs) JobProgress: {'identifier': 'px4_msgs', 'progress': 'install'}
[1.882568] (px4_msgs) Command: {'cmd': ['/usr/bin/cmake', '--install', '/home/rschnurr/SkyClaw-Team1/ros2_ws/build/px4_msgs'], 'cwd': '/home/rschnurr/SkyClaw-Team1/ros2_ws/build/px4_msgs', 'env': OrderedDict([('LESSOPEN', '| /usr/bin/lesspipe %s'), ('USER', 'rschnurr'), ('SHLVL', '1'), ('LD_LIBRARY_PATH', '/home/rschnurr/workspace_real/install/px4_ros_com/lib:/home/rschnurr/workspace_real/install/px4_msgs/lib:/usr/lib/x86_64-linux-gnu/gazebo-11/plugins:/opt/ros/humble/opt/rviz_ogre_vendor/lib:/opt/ros/humble/lib/x86_64-linux-gnu:/opt/ros/humble/lib'), ('MOTD_SHOWN', 'update-motd'), ('HOME', '/home/rschnurr'), ('OLDPWD', '/home/rschnurr'), ('ROS_PYTHON_VERSION', '3'), ('DBUS_SESSION_BUS_ADDRESS', 'unix:path=/run/user/1000/bus'), ('WSL_DISTRO_NAME', 'Ubuntu-22.04'), ('WAYLAND_DISPLAY', 'wayland-0'), ('COLCON_PREFIX_PATH', '/home/rschnurr/workspace_real/install'), ('ROS_DISTRO', 'humble'), ('LOGNAME', 'rschnurr'), ('NAME', 'Roberts-Laptop'), ('WSL_INTEROP', '/run/WSL/315_interop'), ('PULSE_SERVER', 'unix:/mnt/wslg/PulseServer'), ('_', '/usr/bin/colcon'), ('ROS_VERSION', '2'), ('TERM', 'xterm-256color'), ('PX4_SITL_WORLD', 'aruco_with_green'), ('ROS_LOCALHOST_ONLY', '0'), ('PATH', '/home/rschnurr/.local/bin:/opt/ros/humble/bin:/usr/local/sbin:/usr/local/bin:/usr/sbin:/usr/bin:/sbin:/bin:/usr/games:/usr/local/games:/usr/lib/wsl/lib:/mnt/c/Program Files/WindowsApps/MicrosoftCorporationII.WindowsSubsystemForLinux_2.6.1.0_x64__8wekyb3d8bbwe:/mnt/c/Program Files (x86)/Common Files/Oracle/Java/javapath:/mnt/c/Windows/system32:/mnt/c/Windows:/mnt/c/Windows/System32/Wbem:/mnt/c/Windows/System32/WindowsPowerShell/v1.0/:/mnt/c/Windows/System32/OpenSSH/:/mnt/c/Program Files/PuTTY/:/mnt/c/Users/rschn/AppData/Local/Microsoft/WindowsApps:/mnt/c/Users/rschn/AppData/Local/Programs/Microsoft VS Code/bin:/snap/bin:/opt/xtensa-esp-elf/bin/'), ('XDG_RUNTIME_DIR', '/run/user/1000/'), ('DISPLAY', ':0'), ('LANG', 'en_US.UTF-8'), ('LS_COLORS', 'rs=0:di=01;34:ln=01;36:mh=00:pi=40;33:so=01;35:do=01;35:bd=40;33;01:cd=40;33;01:or=40;31;01:mi=00:su=37;41:sg=30;43:ca=30;41:tw=30;42:ow=34;42:st=37;44:ex=01;32:*.tar=01;31:*.tgz=01;31:*.arc=01;31:*.arj=01;31:*.taz=01;31:*.lha=01;31:*.lz4=01;31:*.lzh=01;31:*.lzma=01;31:*.tlz=01;31:*.txz=01;31:*.tzo=01;31:*.t7z=01;31:*.zip=01;31:*.z=01;31:*.dz=01;31:*.gz=01;31:*.lrz=01;31:*.lz=01;31:*.lzo=01;31:*.xz=01;31:*.zst=01;31:*.tzst=01;31:*.bz2=01;31:*.bz=01;31:*.tbz=01;31:*.tbz2=01;31:*.tz=01;31:*.deb=01;31:*.rpm=01;31:*.jar=01;31:*.war=01;31:*.ear=01;31:*.sar=01;31:*.rar=01;31:*.alz=01;31:*.ace=01;31:*.zoo=01;31:*.cpio=01;31:*.7z=01;31:*.rz=01;31:*.cab=01;31:*.wim=01;31:*.swm=01;31:*.dwm=01;31:*.esd=01;31:*.jpg=01;35:*.jpeg=01;35:*.mjpg=01;35:*.mjpeg=01;35:*.gif=01;35:*.bmp=01;35:*.pbm=01;35:*.pgm=01;35:*.ppm=01;35:*.tga=01;35:*.xbm=01;35:*.xpm=01;35:*.tif=01;35:*.tiff=01;35:*.png=01;35:*.svg=01;35:*.svgz=01;35:*.mng=01;35:*.pcx=01;35:*.mov=01;35:*.mpg=01;35:*.mpeg=01;35:*.m2v=01;35:*.mkv=01;35:*.webm=01;35:*.webp=01;35:*.ogm=01;35:*.mp4=01;35:*.m4v=01;35:*.mp4v=01;35:*.vob=01;35:*.qt=01;35:*.nuv=01;35:*.wmv=01;35:*.asf=01;35:*.rm=01;35:*.rmvb=01;35:*.flc=01;35:*.avi=01;35:*.fli=01;35:*.flv=01;35:*.gl=01;35:*.dl=01;35:*.xcf=01;35:*.xwd=01;35:*.yuv=01;35:*.cgm=01;35:*.emf=01;35:*.ogv=01;35:*.ogx=01;35:*.aac=00;36:*.au=00;36:*.flac=00;36:*.m4a=00;36:*.mid=00;36:*.midi=00;36:*.mka=00;36:*.mp3=00;36:*.mpc=00;36:*.ogg=00;36:*.ra=00;36:*.wav=00;36:*.oga=00;36:*.opus=00;36:*.spx=00;36:*.xspf=00;36:'), ('AMENT_PREFIX_PATH', '/home/rschnurr/workspace_real/install/px4_ros_com:/home/rschnurr/workspace_real/install/go_green:/home/rschnurr/workspace_real/install/px4_msgs:/opt/ros/humble'), ('SHELL', '/bin/bash'), ('LESSCLOSE', '/usr/bin/lesspipe %s %s'), ('PWD', '/home/rschnurr/SkyClaw-Team1/ros2_ws/build/px4_msgs'), ('GAZEBO_PLUGIN_PATH', ':/opt/ros/humble/lib'), ('XDG_DATA_DIRS', '/usr/local/share:/usr/share:/var/lib/snapd/desktop'), ('PYTHONPATH', '/home/rschnurr/workspace_real/install/px4_ros_com/local/lib/python3.10/dist-packages:/home/rschnurr/workspace_real/install/go_green/lib/python3.10/site-packages:/home/rschnurr/workspace_real/install/px4_msgs/local/lib/python3.10/dist-packages:/opt/ros/humble/lib/python3.10/site-packages:/opt/ros/humble/local/lib/python3.10/dist-packages'), ('COLCON', '1'), ('WSL2_GUI_APPS_ENABLED', '1'), ('HOSTTYPE', 'x86_64'), ('CMAKE_PREFIX_PATH', '/home/rschnurr/workspace_real/install/px4_ros_com:/home/rschnurr/workspace_real/install/px4_msgs:/home/rschnurr/workspace_real/install/go_green:/opt/ros/humble'), ('WSLENV', '')]), 'shell': False}
[1.907597] (px4_msgs) StdoutLine: {'line': b'-- Install configuration: ""\n'}
[1.908674] (-) TimerEvent: {}
[1.910839] (px4_msgs) StdoutLine: {'line': b'-- Up-to-date: /home/rschnurr/SkyClaw-Team1/ros2_ws/install/px4_msgs/share/ament_index/resource_index/rosidl_interfaces/px4_msgs\n'}
[1.911508] (px4_msgs) StdoutLine: {'line': b'-- Up-to-date: /home/rschnurr/SkyClaw-Team1/ros2_ws/install/px4_msgs/include/px4_msgs/px4_msgs\n'}
[1.911972] (px4_msgs) StdoutLine: {'line': b'-- Up-to-date: /home/rschnurr/SkyClaw-Team1/ros2_ws/install/px4_msgs/include/px4_msgs/px4_msgs/srv\n'}
[1.912325] (px4_msgs) StdoutLine: {'line': b'-- Up-to-date: /home/rschnurr/SkyClaw-Team1/ros2_ws/install/px4_msgs/include/px4_msgs/px4_msgs/srv/vehicle_command.h\n'}
[1.912641] (px4_msgs) StdoutLine: {'line': b'-- Up-to-date: /home/rschnurr/SkyClaw-Team1/ros2_ws/install/px4_msgs/include/px4_msgs/px4_msgs/srv/detail\n'}
[1.912929] (px4_msgs) StdoutLine: {'line': b'-- Up-to-date: /home/rschnurr/SkyClaw-Team1/ros2_ws/install/px4_msgs/include/px4_msgs/px4_msgs/srv/detail/vehicle_command__struct.h\n'}
[1.913254] (px4_msgs) StdoutLine: {'line': b'-- Up-to-date: /home/rschnurr/SkyClaw-Team1/ros2_ws/install/px4_msgs/include/px4_msgs/px4_msgs/srv/detail/vehicle_command__functions.c\n'}
[1.913894] (px4_msgs) StdoutLine: {'line': b'-- Up-to-date: /home/rschnurr/SkyClaw-Team1/ros2_ws/install/px4_msgs/include/px4_msgs/px4_msgs/srv/detail/vehicle_command__type_support.h\n'}
[1.914568] (px4_msgs) StdoutLine: {'line': b'-- Up-to-date: /home/rschnurr/SkyClaw-Team1/ros2_ws/install/px4_msgs/include/px4_msgs/px4_msgs/srv/detail/vehicle_command__functions.h\n'}
[1.914842] (px4_msgs) StdoutLine: {'line': b'-- Up-to-date: /home/rschnurr/SkyClaw-Team1/ros2_ws/install/px4_msgs/include/px4_msgs/px4_msgs/msg\n'}
[1.915099] (px4_msgs) StdoutLine: {'line': b'-- Up-to-date: /home/rschnurr/SkyClaw-Team1/ros2_ws/install/px4_msgs/include/px4_msgs/px4_msgs/msg/cellular_status.h\n'}
[1.915567] (px4_msgs) StdoutLine: {'line': b'-- Up-to-date: /home/rschnurr/SkyClaw-Team1/ros2_ws/install/px4_msgs/include/px4_msgs/px4_msgs/msg/vehicle_thrust_setpoint.h\n'}
[1.915857] (px4_msgs) StdoutLine: {'line': b'-- Up-to-date: /home/rschnurr/SkyClaw-Team1/ros2_ws/install/px4_msgs/include/px4_msgs/px4_msgs/msg/debug_array.h\n'}
[1.916110] (px4_msgs) StdoutLine: {'line': b'-- Up-to-date: /home/rschnurr/SkyClaw-Team1/ros2_ws/install/px4_msgs/include/px4_msgs/px4_msgs/msg/parameter_reset_request.h\n'}
[1.916388] (px4_msgs) StdoutLine: {'line': b'-- Up-to-date: /home/rschnurr/SkyClaw-Team1/ros2_ws/install/px4_msgs/include/px4_msgs/px4_msgs/msg/button_event.h\n'}
[1.917127] (px4_msgs) StdoutLine: {'line': b'-- Up-to-date: /home/rschnurr/SkyClaw-Team1/ros2_ws/install/px4_msgs/include/px4_msgs/px4_msgs/msg/ulog_stream.h\n'}
[1.917246] (px4_msgs) StdoutLine: {'line': b'-- Up-to-date: /home/rschnurr/SkyClaw-Team1/ros2_ws/install/px4_msgs/include/px4_msgs/px4_msgs/msg/vehicle_attitude_setpoint.h\n'}
[1.917563] (px4_msgs) StdoutLine: {'line': b'-- Up-to-date: /home/rschnurr/SkyClaw-Team1/ros2_ws/install/px4_msgs/include/px4_msgs/px4_msgs/msg/register_ext_component_request.h\n'}
[1.917833] (px4_msgs) StdoutLine: {'line': b'-- Up-to-date: /home/rschnurr/SkyClaw-Team1/ros2_ws/install/px4_msgs/include/px4_msgs/px4_msgs/msg/gimbal_device_information.h\n'}
[1.918094] (px4_msgs) StdoutLine: {'line': b'-- Up-to-date: /home/rschnurr/SkyClaw-Team1/ros2_ws/install/px4_msgs/include/px4_msgs/px4_msgs/msg/vehicle_acceleration.h\n'}
[1.918390] (px4_msgs) StdoutLine: {'line': b'-- Up-to-date: /home/rschnurr/SkyClaw-Team1/ros2_ws/install/px4_msgs/include/px4_msgs/px4_msgs/msg/estimator_event_flags.h\n'}
[1.918659] (px4_msgs) StdoutLine: {'line': b'-- Up-to-date: /home/rschnurr/SkyClaw-Team1/ros2_ws/install/px4_msgs/include/px4_msgs/px4_msgs/msg/rosidl_generator_c__visibility_control.h\n'}
[1.918838] (px4_msgs) StdoutLine: {'line': b'-- Up-to-date: /home/rschnurr/SkyClaw-Team1/ros2_ws/install/px4_msgs/include/px4_msgs/px4_msgs/msg/adc_report.h\n'}
[1.919137] (px4_msgs) StdoutLine: {'line': b'-- Up-to-date: /home/rschnurr/SkyClaw-Team1/ros2_ws/install/px4_msgs/include/px4_msgs/px4_msgs/msg/dataman_response.h\n'}
[1.966067] (px4_msgs) StdoutLine: {'line': b'-- Up-to-date: /home/rschnurr/SkyClaw-Team1/ros2_ws/install/px4_msgs/include/px4_msgs/px4_msgs/msg/radio_status.h\n'}
[1.966404] (px4_msgs) StdoutLine: {'line': b'-- Up-to-date: /home/rschnurr/SkyClaw-Team1/ros2_ws/install/px4_msgs/include/px4_msgs/px4_msgs/msg/sensor_hygrometer.h\n'}
[1.966908] (px4_msgs) StdoutLine: {'line': b'-- Up-to-date: /home/rschnurr/SkyClaw-Team1/ros2_ws/install/px4_msgs/include/px4_msgs/px4_msgs/msg/actuator_armed.h\n'}
[1.967468] (px4_msgs) StdoutLine: {'line': b'-- Up-to-date: /home/rschnurr/SkyClaw-Team1/ros2_ws/install/px4_msgs/include/px4_msgs/px4_msgs/msg/sensor_uwb.h\n'}
[1.968068] (px4_msgs) StdoutLine: {'line': b'-- Up-to-date: /home/rschnurr/SkyClaw-Team1/ros2_ws/install/px4_msgs/include/px4_msgs/px4_msgs/msg/manual_control_switches.h\n'}
[1.968404] (px4_msgs) StdoutLine: {'line': b'-- Up-to-date: /home/rschnurr/SkyClaw-Team1/ros2_ws/install/px4_msgs/include/px4_msgs/px4_msgs/msg/rtl_time_estimate.h\n'}
[1.968763] (px4_msgs) StdoutLine: {'line': b'-- Up-to-date: /home/rschnurr/SkyClaw-Team1/ros2_ws/install/px4_msgs/include/px4_msgs/px4_msgs/msg/vehicle_global_position.h\n'}
[1.968836] (px4_msgs) StdoutLine: {'line': b'-- Up-to-date: /home/rschnurr/SkyClaw-Team1/ros2_ws/install/px4_msgs/include/px4_msgs/px4_msgs/msg/timesync_status.h\n'}
[1.968877] (px4_msgs) StdoutLine: {'line': b'-- Up-to-date: /home/rschnurr/SkyClaw-Team1/ros2_ws/install/px4_msgs/include/px4_msgs/px4_msgs/msg/distance_sensor.h\n'}
[1.968908] (px4_msgs) StdoutLine: {'line': b'-- Up-to-date: /home/rschnurr/SkyClaw-Team1/ros2_ws/install/px4_msgs/include/px4_msgs/px4_msgs/msg/rate_ctrl_status.h\n'}
[1.968938] (px4_msgs) StdoutLine: {'line': b'-- Up-to-date: /home/rschnurr/SkyClaw-Team1/ros2_ws/install/px4_msgs/include/px4_msgs/px4_msgs/msg/home_position.h\n'}
[1.968990] (px4_msgs) StdoutLine: {'line': b'-- Up-to-date: /home/rschnurr/SkyClaw-Team1/ros2_ws/install/px4_msgs/include/px4_msgs/px4_msgs/msg/action_request.h\n'}
[1.969018] (px4_msgs) StdoutLine: {'line': b'-- Up-to-date: /home/rschnurr/SkyClaw-Team1/ros2_ws/install/px4_msgs/include/px4_msgs/px4_msgs/msg/arming_check_request.h\n'}
[1.969052] (px4_msgs) StdoutLine: {'line': b'-- Up-to-date: /home/rschnurr/SkyClaw-Team1/ros2_ws/install/px4_msgs/include/px4_msgs/px4_msgs/msg/sensor_gnss_relative.h\n'}
[1.969080] (px4_msgs) StdoutLine: {'line': b'-- Up-to-date: /home/rschnurr/SkyClaw-Team1/ros2_ws/install/px4_msgs/include/px4_msgs/px4_msgs/msg/transponder_report.h\n'}
[1.969107] (px4_msgs) StdoutLine: {'line': b'-- Up-to-date: /home/rschnurr/SkyClaw-Team1/ros2_ws/install/px4_msgs/include/px4_msgs/px4_msgs/msg/satellite_info.h\n'}
[1.969136] (px4_msgs) StdoutLine: {'line': b'-- Up-to-date: /home/rschnurr/SkyClaw-Team1/ros2_ws/install/px4_msgs/include/px4_msgs/px4_msgs/msg/gpio_request.h\n'}
[1.969165] (px4_msgs) StdoutLine: {'line': b'-- Up-to-date: /home/rschnurr/SkyClaw-Team1/ros2_ws/install/px4_msgs/include/px4_msgs/px4_msgs/msg/heater_status.h\n'}
[1.969194] (px4_msgs) StdoutLine: {'line': b'-- Up-to-date: /home/rschnurr/SkyClaw-Team1/ros2_ws/install/px4_msgs/include/px4_msgs/px4_msgs/msg/collision_constraints.h\n'}
[1.969221] (px4_msgs) StdoutLine: {'line': b'-- Up-to-date: /home/rschnurr/SkyClaw-Team1/ros2_ws/install/px4_msgs/include/px4_msgs/px4_msgs/msg/rover_attitude_setpoint.h\n'}
[1.969250] (px4_msgs) StdoutLine: {'line': b'-- Up-to-date: /home/rschnurr/SkyClaw-Team1/ros2_ws/install/px4_msgs/include/px4_msgs/px4_msgs/msg/parameter_update.h\n'}
[1.969279] (px4_msgs) StdoutLine: {'line': b'-- Up-to-date: /home/rschnurr/SkyClaw-Team1/ros2_ws/install/px4_msgs/include/px4_msgs/px4_msgs/msg/vehicle_angular_velocity.h\n'}
[1.969306] (px4_msgs) StdoutLine: {'line': b'-- Up-to-date: /home/rschnurr/SkyClaw-Team1/ros2_ws/install/px4_msgs/include/px4_msgs/px4_msgs/msg/estimator_status.h\n'}
[1.969342] (px4_msgs) StdoutLine: {'line': b'-- Up-to-date: /home/rschnurr/SkyClaw-Team1/ros2_ws/install/px4_msgs/include/px4_msgs/px4_msgs/msg/battery_status.h\n'}
[1.969374] (px4_msgs) StdoutLine: {'line': b'-- Up-to-date: /home/rschnurr/SkyClaw-Team1/ros2_ws/install/px4_msgs/include/px4_msgs/px4_msgs/msg/sensor_selection.h\n'}
[1.969413] (px4_msgs) StdoutLine: {'line': b'-- Up-to-date: /home/rschnurr/SkyClaw-Team1/ros2_ws/install/px4_msgs/include/px4_msgs/px4_msgs/msg/velocity_limits.h\n'}
[1.969444] (px4_msgs) StdoutLine: {'line': b'-- Up-to-date: /home/rschnurr/SkyClaw-Team1/ros2_ws/install/px4_msgs/include/px4_msgs/px4_msgs/msg/actuator_test.h\n'}
[1.969476] (px4_msgs) StdoutLine: {'line': b'-- Up-to-date: /home/rschnurr/SkyClaw-Team1/ros2_ws/install/px4_msgs/include/px4_msgs/px4_msgs/msg/gpio_out.h\n'}
[1.969506] (px4_msgs) StdoutLine: {'line': b'-- Up-to-date: /home/rschnurr/SkyClaw-Team1/ros2_ws/install/px4_msgs/include/px4_msgs/px4_msgs/msg/estimator_bias.h\n'}
[1.969536] (px4_msgs) StdoutLine: {'line': b'-- Up-to-date: /home/rschnurr/SkyClaw-Team1/ros2_ws/install/px4_msgs/include/px4_msgs/px4_msgs/msg/sensor_preflight_mag.h\n'}
[1.969566] (px4_msgs) StdoutLine: {'line': b'-- Up-to-date: /home/rschnurr/SkyClaw-Team1/ros2_ws/install/px4_msgs/include/px4_msgs/px4_msgs/msg/gpio_config.h\n'}
[1.969709] (px4_msgs) StdoutLine: {'line': b'-- Up-to-date: /home/rschnurr/SkyClaw-Team1/ros2_ws/install/px4_msgs/include/px4_msgs/px4_msgs/msg/vehicle_angular_acceleration_setpoint.h\n'}
[1.970075] (px4_msgs) StdoutLine: {'line': b'-- Up-to-date: /home/rschnurr/SkyClaw-Team1/ros2_ws/install/px4_msgs/include/px4_msgs/px4_msgs/msg/message_format_response.h\n'}
[1.970228] (px4_msgs) StdoutLine: {'line': b'-- Up-to-date: /home/rschnurr/SkyClaw-Team1/ros2_ws/install/px4_msgs/include/px4_msgs/px4_msgs/msg/estimator_status_flags.h\n'}
[1.970564] (px4_msgs) StdoutLine: {'line': b'-- Up-to-date: /home/rschnurr/SkyClaw-Team1/ros2_ws/install/px4_msgs/include/px4_msgs/px4_msgs/msg/open_drone_id_system.h\n'}
[1.970725] (px4_msgs) StdoutLine: {'line': b'-- Up-to-date: /home/rschnurr/SkyClaw-Team1/ros2_ws/install/px4_msgs/include/px4_msgs/px4_msgs/msg/sensor_mag.h\n'}
[1.971310] (px4_msgs) StdoutLine: {'line': b'-- Up-to-date: /home/rschnurr/SkyClaw-Team1/ros2_ws/install/px4_msgs/include/px4_msgs/px4_msgs/msg/gimbal_device_attitude_status.h\n'}
[1.971524] (px4_msgs) StdoutLine: {'line': b'-- Up-to-date: /home/rschnurr/SkyClaw-Team1/ros2_ws/install/px4_msgs/include/px4_msgs/px4_msgs/msg/vehicle_local_position_setpoint.h\n'}
[1.971818] (px4_msgs) StdoutLine: {'line': b'-- Up-to-date: /home/rschnurr/SkyClaw-Team1/ros2_ws/install/px4_msgs/include/px4_msgs/px4_msgs/msg/position_controller_status.h\n'}
[1.972027] (px4_msgs) StdoutLine: {'line': b'-- Up-to-date: /home/rschnurr/SkyClaw-Team1/ros2_ws/install/px4_msgs/include/px4_msgs/px4_msgs/msg/estimator_aid_source1d.h\n'}
[1.972219] (px4_msgs) StdoutLine: {'line': b'-- Up-to-date: /home/rschnurr/SkyClaw-Team1/ros2_ws/install/px4_msgs/include/px4_msgs/px4_msgs/msg/vehicle_optical_flow.h\n'}
[1.972526] (px4_msgs) StdoutLine: {'line': b'-- Up-to-date: /home/rschnurr/SkyClaw-Team1/ros2_ws/install/px4_msgs/include/px4_msgs/px4_msgs/msg/vtol_vehicle_status.h\n'}
[1.972611] (px4_msgs) StdoutLine: {'line': b'-- Up-to-date: /home/rschnurr/SkyClaw-Team1/ros2_ws/install/px4_msgs/include/px4_msgs/px4_msgs/msg/parameter_set_value_response.h\n'}
[1.972770] (px4_msgs) StdoutLine: {'line': b'-- Up-to-date: /home/rschnurr/SkyClaw-Team1/ros2_ws/install/px4_msgs/include/px4_msgs/px4_msgs/msg/sensor_combined.h\n'}
[1.972859] (px4_msgs) StdoutLine: {'line': b'-- Up-to-date: /home/rschnurr/SkyClaw-Team1/ros2_ws/install/px4_msgs/include/px4_msgs/px4_msgs/msg/takeoff_status.h\n'}
[1.973132] (px4_msgs) StdoutLine: {'line': b'-- Up-to-date: /home/rschnurr/SkyClaw-Team1/ros2_ws/install/px4_msgs/include/px4_msgs/px4_msgs/msg/dataman_request.h\n'}
[1.973329] (px4_msgs) StdoutLine: {'line': b'-- Up-to-date: /home/rschnurr/SkyClaw-Team1/ros2_ws/install/px4_msgs/include/px4_msgs/px4_msgs/msg/onboard_computer_status.h\n'}
[1.973587] (px4_msgs) StdoutLine: {'line': b'-- Up-to-date: /home/rschnurr/SkyClaw-Team1/ros2_ws/install/px4_msgs/include/px4_msgs/px4_msgs/msg/open_drone_id_operator_id.h\n'}
[1.974016] (px4_msgs) StdoutLine: {'line': b'-- Up-to-date: /home/rschnurr/SkyClaw-Team1/ros2_ws/install/px4_msgs/include/px4_msgs/px4_msgs/msg/vehicle_command.h\n'}
[1.974110] (px4_msgs) StdoutLine: {'line': b'-- Up-to-date: /home/rschnurr/SkyClaw-Team1/ros2_ws/install/px4_msgs/include/px4_msgs/px4_msgs/msg/sensor_gps.h\n'}
[1.974155] (px4_msgs) StdoutLine: {'line': b'-- Up-to-date: /home/rschnurr/SkyClaw-Team1/ros2_ws/install/px4_msgs/include/px4_msgs/px4_msgs/msg/wind.h\n'}
[1.974192] (px4_msgs) StdoutLine: {'line': b'-- Up-to-date: /home/rschnurr/SkyClaw-Team1/ros2_ws/install/px4_msgs/include/px4_msgs/px4_msgs/msg/neural_control.h\n'}
[1.974216] (px4_msgs) StdoutLine: {'line': b'-- Up-to-date: /home/rschnurr/SkyClaw-Team1/ros2_ws/install/px4_msgs/include/px4_msgs/px4_msgs/msg/ulog_stream_ack.h\n'}
[1.974240] (px4_msgs) StdoutLine: {'line': b'-- Up-to-date: /home/rschnurr/SkyClaw-Team1/ros2_ws/install/px4_msgs/include/px4_msgs/px4_msgs/msg/estimator_bias3d.h\n'}
[1.974342] (px4_msgs) StdoutLine: {'line': b'-- Up-to-date: /home/rschnurr/SkyClaw-Team1/ros2_ws/install/px4_msgs/include/px4_msgs/px4_msgs/msg/actuator_outputs.h\n'}
[1.974394] (px4_msgs) StdoutLine: {'line': b'-- Up-to-date: /home/rschnurr/SkyClaw-Team1/ros2_ws/install/px4_msgs/include/px4_msgs/px4_msgs/msg/gpio_in.h\n'}
[1.974470] (px4_msgs) StdoutLine: {'line': b'-- Up-to-date: /home/rschnurr/SkyClaw-Team1/ros2_ws/install/px4_msgs/include/px4_msgs/px4_msgs/msg/normalized_unsigned_setpoint.h\n'}
[1.974546] (px4_msgs) StdoutLine: {'line': b'-- Up-to-date: /home/rschnurr/SkyClaw-Team1/ros2_ws/install/px4_msgs/include/px4_msgs/px4_msgs/msg/fixed_wing_lateral_status.h\n'}
[1.974585] (px4_msgs) StdoutLine: {'line': b'-- Up-to-date: /home/rschnurr/SkyClaw-Team1/ros2_ws/install/px4_msgs/include/px4_msgs/px4_msgs/msg/rover_steering_setpoint.h\n'}
[1.974822] (px4_msgs) StdoutLine: {'line': b'-- Up-to-date: /home/rschnurr/SkyClaw-Team1/ros2_ws/install/px4_msgs/include/px4_msgs/px4_msgs/msg/tune_control.h\n'}
[1.975119] (px4_msgs) StdoutLine: {'line': b'-- Up-to-date: /home/rschnurr/SkyClaw-Team1/ros2_ws/install/px4_msgs/include/px4_msgs/px4_msgs/msg/sensor_optical_flow.h\n'}
[1.975201] (px4_msgs) StdoutLine: {'line': b'-- Up-to-date: /home/rschnurr/SkyClaw-Team1/ros2_ws/install/px4_msgs/include/px4_msgs/px4_msgs/msg/estimator_aid_source3d.h\n'}
[1.975262] (px4_msgs) StdoutLine: {'line': b'-- Up-to-date: /home/rschnurr/SkyClaw-Team1/ros2_ws/install/px4_msgs/include/px4_msgs/px4_msgs/msg/lateral_control_configuration.h\n'}
[1.975351] (px4_msgs) StdoutLine: {'line': b'-- Up-to-date: /home/rschnurr/SkyClaw-Team1/ros2_ws/install/px4_msgs/include/px4_msgs/px4_msgs/msg/actuator_servos_trim.h\n'}
[1.975664] (px4_msgs) StdoutLine: {'line': b'-- Up-to-date: /home/rschnurr/SkyClaw-Team1/ros2_ws/install/px4_msgs/include/px4_msgs/px4_msgs/msg/vehicle_command_ack.h\n'}
[1.976144] (px4_msgs) StdoutLine: {'line': b'-- Up-to-date: /home/rschnurr/SkyClaw-Team1/ros2_ws/install/px4_msgs/include/px4_msgs/px4_msgs/msg/airspeed_validated.h\n'}
[1.976416] (px4_msgs) StdoutLine: {'line': b'-- Up-to-date: /home/rschnurr/SkyClaw-Team1/ros2_ws/install/px4_msgs/include/px4_msgs/px4_msgs/msg/geofence_status.h\n'}
[1.976566] (px4_msgs) StdoutLine: {'line': b'-- Up-to-date: /home/rschnurr/SkyClaw-Team1/ros2_ws/install/px4_msgs/include/px4_msgs/px4_msgs/msg/sensor_gnss_status.h\n'}
[1.976643] (px4_msgs) StdoutLine: {'line': b'-- Up-to-date: /home/rschnurr/SkyClaw-Team1/ros2_ws/install/px4_msgs/include/px4_msgs/px4_msgs/msg/fixed_wing_longitudinal_setpoint.h\n'}
[1.976706] (px4_msgs) StdoutLine: {'line': b'-- Up-to-date: /home/rschnurr/SkyClaw-Team1/ros2_ws/install/px4_msgs/include/px4_msgs/px4_msgs/msg/gimbal_device_set_attitude.h\n'}
[1.977051] (px4_msgs) StdoutLine: {'line': b'-- Up-to-date: /home/rschnurr/SkyClaw-Team1/ros2_ws/install/px4_msgs/include/px4_msgs/px4_msgs/msg/task_stack_info.h\n'}
[1.977228] (px4_msgs) StdoutLine: {'line': b'-- Up-to-date: /home/rschnurr/SkyClaw-Team1/ros2_ws/install/px4_msgs/include/px4_msgs/px4_msgs/msg/fixed_wing_runway_control.h\n'}
[1.977296] (px4_msgs) StdoutLine: {'line': b'-- Up-to-date: /home/rschnurr/SkyClaw-Team1/ros2_ws/install/px4_msgs/include/px4_msgs/px4_msgs/msg/fixed_wing_lateral_guidance_status.h\n'}
[1.977341] (px4_msgs) StdoutLine: {'line': b'-- Up-to-date: /home/rschnurr/SkyClaw-Team1/ros2_ws/install/px4_msgs/include/px4_msgs/px4_msgs/msg/health_report.h\n'}
[1.977378] (px4_msgs) StdoutLine: {'line': b'-- Up-to-date: /home/rschnurr/SkyClaw-Team1/ros2_ws/install/px4_msgs/include/px4_msgs/px4_msgs/msg/vehicle_local_position.h\n'}
[1.977411] (px4_msgs) StdoutLine: {'line': b'-- Up-to-date: /home/rschnurr/SkyClaw-Team1/ros2_ws/install/px4_msgs/include/px4_msgs/px4_msgs/msg/power_monitor.h\n'}
[1.977452] (px4_msgs) StdoutLine: {'line': b'-- Up-to-date: /home/rschnurr/SkyClaw-Team1/ros2_ws/install/px4_msgs/include/px4_msgs/px4_msgs/msg/estimator_states.h\n'}
[1.977484] (px4_msgs) StdoutLine: {'line': b'-- Up-to-date: /home/rschnurr/SkyClaw-Team1/ros2_ws/install/px4_msgs/include/px4_msgs/px4_msgs/msg/dronecan_node_status.h\n'}
[1.977517] (px4_msgs) StdoutLine: {'line': b'-- Up-to-date: /home/rschnurr/SkyClaw-Team1/ros2_ws/install/px4_msgs/include/px4_msgs/px4_msgs/msg/offboard_control_mode.h\n'}
[1.977549] (px4_msgs) StdoutLine: {'line': b'-- Up-to-date: /home/rschnurr/SkyClaw-Team1/ros2_ws/install/px4_msgs/include/px4_msgs/px4_msgs/msg/trajectory_setpoint.h\n'}
[1.977580] (px4_msgs) StdoutLine: {'line': b'-- Up-to-date: /home/rschnurr/SkyClaw-Team1/ros2_ws/install/px4_msgs/include/px4_msgs/px4_msgs/msg/wheel_encoders.h\n'}
[1.977612] (px4_msgs) StdoutLine: {'line': b'-- Up-to-date: /home/rschnurr/SkyClaw-Team1/ros2_ws/install/px4_msgs/include/px4_msgs/px4_msgs/msg/magnetometer_bias_estimate.h\n'}
[1.977643] (px4_msgs) StdoutLine: {'line': b'-- Up-to-date: /home/rschnurr/SkyClaw-Team1/ros2_ws/install/px4_msgs/include/px4_msgs/px4_msgs/msg/follow_target.h\n'}
[1.977673] (px4_msgs) StdoutLine: {'line': b'-- Up-to-date: /home/rschnurr/SkyClaw-Team1/ros2_ws/install/px4_msgs/include/px4_msgs/px4_msgs/msg/orb_test_medium.h\n'}
[1.977710] (px4_msgs) StdoutLine: {'line': b'-- Up-to-date: /home/rschnurr/SkyClaw-Team1/ros2_ws/install/px4_msgs/include/px4_msgs/px4_msgs/msg/event.h\n'}
[1.977741] (px4_msgs) StdoutLine: {'line': b'-- Up-to-date: /home/rschnurr/SkyClaw-Team1/ros2_ws/install/px4_msgs/include/px4_msgs/px4_msgs/msg/longitudinal_control_configuration.h\n'}
[1.977772] (px4_msgs) StdoutLine: {'line': b'-- Up-to-date: /home/rschnurr/SkyClaw-Team1/ros2_ws/install/px4_msgs/include/px4_msgs/px4_msgs/msg/flight_phase_estimation.h\n'}
[1.977805] (px4_msgs) StdoutLine: {'line': b'-- Up-to-date: /home/rschnurr/SkyClaw-Team1/ros2_ws/install/px4_msgs/include/px4_msgs/px4_msgs/msg/control_allocator_status.h\n'}
[1.977835] (px4_msgs) StdoutLine: {'line': b'-- Up-to-date: /home/rschnurr/SkyClaw-Team1/ros2_ws/install/px4_msgs/include/px4_msgs/px4_msgs/msg/tiltrotor_extra_controls.h\n'}
[1.977866] (px4_msgs) StdoutLine: {'line': b'-- Up-to-date: /home/rschnurr/SkyClaw-Team1/ros2_ws/install/px4_msgs/include/px4_msgs/px4_msgs/msg/vehicle_roi.h\n'}
[1.977896] (px4_msgs) StdoutLine: {'line': b'-- Up-to-date: /home/rschnurr/SkyClaw-Team1/ros2_ws/install/px4_msgs/include/px4_msgs/px4_msgs/msg/vehicle_rates_setpoint.h\n'}
[1.977925] (px4_msgs) StdoutLine: {'line': b'-- Up-to-date: /home/rschnurr/SkyClaw-Team1/ros2_ws/install/px4_msgs/include/px4_msgs/px4_msgs/msg/rover_rate_status.h\n'}
[1.977955] (px4_msgs) StdoutLine: {'line': b'-- Up-to-date: /home/rschnurr/SkyClaw-Team1/ros2_ws/install/px4_msgs/include/px4_msgs/px4_msgs/msg/vehicle_odometry.h\n'}
[1.977991] (px4_msgs) StdoutLine: {'line': b'-- Up-to-date: /home/rschnurr/SkyClaw-Team1/ros2_ws/install/px4_msgs/include/px4_msgs/px4_msgs/msg/message_format_request.h\n'}
[1.978021] (px4_msgs) StdoutLine: {'line': b'-- Up-to-date: /home/rschnurr/SkyClaw-Team1/ros2_ws/install/px4_msgs/include/px4_msgs/px4_msgs/msg/sensors_status_imu.h\n'}
[1.978430] (px4_msgs) StdoutLine: {'line': b'-- Up-to-date: /home/rschnurr/SkyClaw-Team1/ros2_ws/install/px4_msgs/include/px4_msgs/px4_msgs/msg/vehicle_optical_flow_vel.h\n'}
[1.978859] (px4_msgs) StdoutLine: {'line': b'-- Up-to-date: /home/rschnurr/SkyClaw-Team1/ros2_ws/install/px4_msgs/include/px4_msgs/px4_msgs/msg/vehicle_imu_status.h\n'}
[1.979168] (px4_msgs) StdoutLine: {'line': b'-- Up-to-date: /home/rschnurr/SkyClaw-Team1/ros2_ws/install/px4_msgs/include/px4_msgs/px4_msgs/msg/vehicle_land_detected.h\n'}
[1.979778] (px4_msgs) StdoutLine: {'line': b'-- Up-to-date: /home/rschnurr/SkyClaw-Team1/ros2_ws/install/px4_msgs/include/px4_msgs/px4_msgs/msg/follow_target_estimator.h\n'}
[1.980017] (px4_msgs) StdoutLine: {'line': b'-- Up-to-date: /home/rschnurr/SkyClaw-Team1/ros2_ws/install/px4_msgs/include/px4_msgs/px4_msgs/msg/system_power.h\n'}
[1.980286] (px4_msgs) StdoutLine: {'line': b'-- Up-to-date: /home/rschnurr/SkyClaw-Team1/ros2_ws/install/px4_msgs/include/px4_msgs/px4_msgs/msg/vehicle_status.h\n'}
[1.980692] (px4_msgs) StdoutLine: {'line': b'-- Up-to-date: /home/rschnurr/SkyClaw-Team1/ros2_ws/install/px4_msgs/include/px4_msgs/px4_msgs/msg/open_drone_id_arm_status.h\n'}
[1.980971] (px4_msgs) StdoutLine: {'line': b'-- Up-to-date: /home/rschnurr/SkyClaw-Team1/ros2_ws/install/px4_msgs/include/px4_msgs/px4_msgs/msg/rpm.h\n'}
[1.981240] (px4_msgs) StdoutLine: {'line': b'-- Up-to-date: /home/rschnurr/SkyClaw-Team1/ros2_ws/install/px4_msgs/include/px4_msgs/px4_msgs/msg/gps_dump.h\n'}
[1.981503] (px4_msgs) StdoutLine: {'line': b'-- Up-to-date: /home/rschnurr/SkyClaw-Team1/ros2_ws/install/px4_msgs/include/px4_msgs/px4_msgs/msg/airspeed_wind.h\n'}
[1.981774] (px4_msgs) StdoutLine: {'line': b'-- Up-to-date: /home/rschnurr/SkyClaw-Team1/ros2_ws/install/px4_msgs/include/px4_msgs/px4_msgs/msg/debug_value.h\n'}
[1.982053] (px4_msgs) StdoutLine: {'line': b'-- Up-to-date: /home/rschnurr/SkyClaw-Team1/ros2_ws/install/px4_msgs/include/px4_msgs/px4_msgs/msg/estimator_aid_source2d.h\n'}
[1.982404] (px4_msgs) StdoutLine: {'line': b'-- Up-to-date: /home/rschnurr/SkyClaw-Team1/ros2_ws/install/px4_msgs/include/px4_msgs/px4_msgs/msg/launch_detection_status.h\n'}
[1.983053] (px4_msgs) StdoutLine: {'line': b'-- Up-to-date: /home/rschnurr/SkyClaw-Team1/ros2_ws/install/px4_msgs/include/px4_msgs/px4_msgs/msg/rover_position_setpoint.h\n'}
[1.983205] (px4_msgs) StdoutLine: {'line': b'-- Up-to-date: /home/rschnurr/SkyClaw-Team1/ros2_ws/install/px4_msgs/include/px4_msgs/px4_msgs/msg/estimator_selector_status.h\n'}
[1.983321] (px4_msgs) StdoutLine: {'line': b'-- Up-to-date: /home/rschnurr/SkyClaw-Team1/ros2_ws/install/px4_msgs/include/px4_msgs/px4_msgs/msg/sensor_gyro_fft.h\n'}
[1.983473] (px4_msgs) StdoutLine: {'line': b'-- Up-to-date: /home/rschnurr/SkyClaw-Team1/ros2_ws/install/px4_msgs/include/px4_msgs/px4_msgs/msg/irlock_report.h\n'}
[1.983719] (px4_msgs) StdoutLine: {'line': b'-- Up-to-date: /home/rschnurr/SkyClaw-Team1/ros2_ws/install/px4_msgs/include/px4_msgs/px4_msgs/msg/navigator_mission_item.h\n'}
[1.983823] (px4_msgs) StdoutLine: {'line': b'-- Up-to-date: /home/rschnurr/SkyClaw-Team1/ros2_ws/install/px4_msgs/include/px4_msgs/px4_msgs/msg/sensor_accel_fifo.h\n'}
[1.983912] (px4_msgs) StdoutLine: {'line': b'-- Up-to-date: /home/rschnurr/SkyClaw-Team1/ros2_ws/install/px4_msgs/include/px4_msgs/px4_msgs/msg/vehicle_air_data.h\n'}
[1.983988] (px4_msgs) StdoutLine: {'line': b'-- Up-to-date: /home/rschnurr/SkyClaw-Team1/ros2_ws/install/px4_msgs/include/px4_msgs/px4_msgs/msg/gimbal_manager_information.h\n'}
[1.984046] (px4_msgs) StdoutLine: {'line': b'-- Up-to-date: /home/rschnurr/SkyClaw-Team1/ros2_ws/install/px4_msgs/include/px4_msgs/px4_msgs/msg/arming_check_reply.h\n'}
[1.984091] (px4_msgs) StdoutLine: {'line': b'-- Up-to-date: /home/rschnurr/SkyClaw-Team1/ros2_ws/install/px4_msgs/include/px4_msgs/px4_msgs/msg/rover_rate_setpoint.h\n'}
[1.984284] (px4_msgs) StdoutLine: {'line': b'-- Up-to-date: /home/rschnurr/SkyClaw-Team1/ros2_ws/install/px4_msgs/include/px4_msgs/px4_msgs/msg/rover_speed_status.h\n'}
[1.984355] (px4_msgs) StdoutLine: {'line': b'-- Up-to-date: /home/rschnurr/SkyClaw-Team1/ros2_ws/install/px4_msgs/include/px4_msgs/px4_msgs/msg/detail\n'}
[1.984396] (px4_msgs) StdoutLine: {'line': b'-- Up-to-date: /home/rschnurr/SkyClaw-Team1/ros2_ws/install/px4_msgs/include/px4_msgs/px4_msgs/msg/detail/onboard_computer_status__struct.h\n'}
[1.984483] (px4_msgs) StdoutLine: {'line': b'-- Up-to-date: /home/rschnurr/SkyClaw-Team1/ros2_ws/install/px4_msgs/include/px4_msgs/px4_msgs/msg/detail/iridiumsbd_status__type_support.h\n'}
[1.984603] (px4_msgs) StdoutLine: {'line': b'-- Up-to-date: /home/rschnurr/SkyClaw-Team1/ros2_ws/install/px4_msgs/include/px4_msgs/px4_msgs/msg/detail/arming_check_request__type_support.h\n'}
[1.984713] (px4_msgs) StdoutLine: {'line': b'-- Up-to-date: /home/rschnurr/SkyClaw-Team1/ros2_ws/install/px4_msgs/include/px4_msgs/px4_msgs/msg/detail/fixed_wing_longitudinal_setpoint__functions.h\n'}
[1.984907] (px4_msgs) StdoutLine: {'line': b'-- Up-to-date: /home/rschnurr/SkyClaw-Team1/ros2_ws/install/px4_msgs/include/px4_msgs/px4_msgs/msg/detail/ekf2_timestamps__type_support.h\n'}
[1.985143] (px4_msgs) StdoutLine: {'line': b'-- Up-to-date: /home/rschnurr/SkyClaw-Team1/ros2_ws/install/px4_msgs/include/px4_msgs/px4_msgs/msg/detail/fixed_wing_lateral_status__struct.h\n'}
[1.986193] (px4_msgs) StdoutLine: {'line': b'-- Up-to-date: /home/rschnurr/SkyClaw-Team1/ros2_ws/install/px4_msgs/include/px4_msgs/px4_msgs/msg/detail/rover_attitude_setpoint__struct.h\n'}
[1.988511] (px4_msgs) StdoutLine: {'line': b'-- Up-to-date: /home/rschnurr/SkyClaw-Team1/ros2_ws/install/px4_msgs/include/px4_msgs/px4_msgs/msg/detail/satellite_info__struct.h\n'}
[1.990027] (px4_msgs) StdoutLine: {'line': b'-- Up-to-date: /home/rschnurr/SkyClaw-Team1/ros2_ws/install/px4_msgs/include/px4_msgs/px4_msgs/msg/detail/pps_capture__functions.h\n'}
[1.990761] (px4_msgs) StdoutLine: {'line': b'-- Up-to-date: /home/rschnurr/SkyClaw-Team1/ros2_ws/install/px4_msgs/include/px4_msgs/px4_msgs/msg/detail/estimator_aid_source2d__functions.c\n'}
[1.991181] (px4_msgs) StdoutLine: {'line': b'-- Up-to-date: /home/rschnurr/SkyClaw-Team1/ros2_ws/install/px4_msgs/include/px4_msgs/px4_msgs/msg/detail/gimbal_manager_set_attitude__functions.h\n'}
[1.991426] (px4_msgs) StdoutLine: {'line': b'-- Up-to-date: /home/rschnurr/SkyClaw-Team1/ros2_ws/install/px4_msgs/include/px4_msgs/px4_msgs/msg/detail/uavcan_parameter_request__type_support.h\n'}
[1.991683] (px4_msgs) StdoutLine: {'line': b'-- Up-to-date: /home/rschnurr/SkyClaw-Team1/ros2_ws/install/px4_msgs/include/px4_msgs/px4_msgs/msg/detail/esc_status__functions.h\n'}
[1.991860] (px4_msgs) StdoutLine: {'line': b'-- Up-to-date: /home/rschnurr/SkyClaw-Team1/ros2_ws/install/px4_msgs/include/px4_msgs/px4_msgs/msg/detail/estimator_innovations__functions.c\n'}
[1.992074] (px4_msgs) StdoutLine: {'line': b'-- Up-to-date: /home/rschnurr/SkyClaw-Team1/ros2_ws/install/px4_msgs/include/px4_msgs/px4_msgs/msg/detail/message_format_response__struct.h\n'}
[1.992313] (px4_msgs) StdoutLine: {'line': b'-- Up-to-date: /home/rschnurr/SkyClaw-Team1/ros2_ws/install/px4_msgs/include/px4_msgs/px4_msgs/msg/detail/hover_thrust_estimate__type_support.h\n'}
[1.992620] (px4_msgs) StdoutLine: {'line': b'-- Up-to-date: /home/rschnurr/SkyClaw-Team1/ros2_ws/install/px4_msgs/include/px4_msgs/px4_msgs/msg/detail/rtl_status__functions.h\n'}
[1.992848] (px4_msgs) StdoutLine: {'line': b'-- Up-to-date: /home/rschnurr/SkyClaw-Team1/ros2_ws/install/px4_msgs/include/px4_msgs/px4_msgs/msg/detail/actuator_outputs__type_support.h\n'}
[1.993068] (px4_msgs) StdoutLine: {'line': b'-- Up-to-date: /home/rschnurr/SkyClaw-Team1/ros2_ws/install/px4_msgs/include/px4_msgs/px4_msgs/msg/detail/estimator_event_flags__functions.h\n'}
[1.993300] (px4_msgs) StdoutLine: {'line': b'-- Up-to-date: /home/rschnurr/SkyClaw-Team1/ros2_ws/install/px4_msgs/include/px4_msgs/px4_msgs/msg/detail/sensor_selection__functions.h\n'}
[1.993441] (px4_msgs) StdoutLine: {'line': b'-- Up-to-date: /home/rschnurr/SkyClaw-Team1/ros2_ws/install/px4_msgs/include/px4_msgs/px4_msgs/msg/detail/fixed_wing_lateral_setpoint__type_support.h\n'}
[1.993570] (px4_msgs) StdoutLine: {'line': b'-- Up-to-date: /home/rschnurr/SkyClaw-Team1/ros2_ws/install/px4_msgs/include/px4_msgs/px4_msgs/msg/detail/fuel_tank_status__functions.c\n'}
[1.993906] (px4_msgs) StdoutLine: {'line': b'-- Up-to-date: /home/rschnurr/SkyClaw-Team1/ros2_ws/install/px4_msgs/include/px4_msgs/px4_msgs/msg/detail/vehicle_angular_acceleration_setpoint__struct.h\n'}
[1.994058] (px4_msgs) StdoutLine: {'line': b'-- Up-to-date: /home/rschnurr/SkyClaw-Team1/ros2_ws/install/px4_msgs/include/px4_msgs/px4_msgs/msg/detail/yaw_estimator_status__struct.h\n'}
[1.994461] (px4_msgs) StdoutLine: {'line': b'-- Up-to-date: /home/rschnurr/SkyClaw-Team1/ros2_ws/install/px4_msgs/include/px4_msgs/px4_msgs/msg/detail/sensor_combined__type_support.h\n'}
[1.994775] (px4_msgs) StdoutLine: {'line': b'-- Up-to-date: /home/rschnurr/SkyClaw-Team1/ros2_ws/install/px4_msgs/include/px4_msgs/px4_msgs/msg/detail/orb_test_large__type_support.h\n'}
[1.995094] (px4_msgs) StdoutLine: {'line': b'-- Up-to-date: /home/rschnurr/SkyClaw-Team1/ros2_ws/install/px4_msgs/include/px4_msgs/px4_msgs/msg/detail/gpio_in__functions.h\n'}
[1.995410] (px4_msgs) StdoutLine: {'line': b'-- Up-to-date: /home/rschnurr/SkyClaw-Team1/ros2_ws/install/px4_msgs/include/px4_msgs/px4_msgs/msg/detail/rover_position_setpoint__struct.h\n'}
[1.995688] (px4_msgs) StdoutLine: {'line': b'-- Up-to-date: /home/rschnurr/SkyClaw-Team1/ros2_ws/install/px4_msgs/include/px4_msgs/px4_msgs/msg/detail/pwm_input__functions.h\n'}
[1.996034] (px4_msgs) StdoutLine: {'line': b'-- Up-to-date: /home/rschnurr/SkyClaw-Team1/ros2_ws/install/px4_msgs/include/px4_msgs/px4_msgs/msg/detail/vehicle_torque_setpoint__struct.h\n'}
[1.996217] (px4_msgs) StdoutLine: {'line': b'-- Up-to-date: /home/rschnurr/SkyClaw-Team1/ros2_ws/install/px4_msgs/include/px4_msgs/px4_msgs/msg/detail/power_monitor__functions.c\n'}
[1.996390] (px4_msgs) StdoutLine: {'line': b'-- Up-to-date: /home/rschnurr/SkyClaw-Team1/ros2_ws/install/px4_msgs/include/px4_msgs/px4_msgs/msg/detail/sensor_gyro_fft__type_support.h\n'}
[1.996527] (px4_msgs) StdoutLine: {'line': b'-- Up-to-date: /home/rschnurr/SkyClaw-Team1/ros2_ws/install/px4_msgs/include/px4_msgs/px4_msgs/msg/detail/longitudinal_control_configuration__type_support.h\n'}
[1.997000] (px4_msgs) StdoutLine: {'line': b'-- Up-to-date: /home/rschnurr/SkyClaw-Team1/ros2_ws/install/px4_msgs/include/px4_msgs/px4_msgs/msg/detail/gimbal_manager_information__type_support.h\n'}
[1.997102] (px4_msgs) StdoutLine: {'line': b'-- Up-to-date: /home/rschnurr/SkyClaw-Team1/ros2_ws/install/px4_msgs/include/px4_msgs/px4_msgs/msg/detail/ulog_stream_ack__type_support.h\n'}
[1.997162] (px4_msgs) StdoutLine: {'line': b'-- Up-to-date: /home/rschnurr/SkyClaw-Team1/ros2_ws/install/px4_msgs/include/px4_msgs/px4_msgs/msg/detail/debug_value__functions.h\n'}
[1.998213] (px4_msgs) StdoutLine: {'line': b'-- Up-to-date: /home/rschnurr/SkyClaw-Team1/ros2_ws/install/px4_msgs/include/px4_msgs/px4_msgs/msg/detail/debug_array__type_support.h\n'}
[1.998659] (px4_msgs) StdoutLine: {'line': b'-- Up-to-date: /home/rschnurr/SkyClaw-Team1/ros2_ws/install/px4_msgs/include/px4_msgs/px4_msgs/msg/detail/autotune_attitude_control_status__struct.h\n'}
[1.998889] (px4_msgs) StdoutLine: {'line': b'-- Up-to-date: /home/rschnurr/SkyClaw-Team1/ros2_ws/install/px4_msgs/include/px4_msgs/px4_msgs/msg/detail/parameter_update__type_support.h\n'}
[1.999053] (px4_msgs) StdoutLine: {'line': b'-- Up-to-date: /home/rschnurr/SkyClaw-Team1/ros2_ws/install/px4_msgs/include/px4_msgs/px4_msgs/msg/detail/estimator_aid_source2d__type_support.h\n'}
[1.999206] (px4_msgs) StdoutLine: {'line': b'-- Up-to-date: /home/rschnurr/SkyClaw-Team1/ros2_ws/install/px4_msgs/include/px4_msgs/px4_msgs/msg/detail/ulog_stream_ack__functions.h\n'}
[1.999555] (px4_msgs) StdoutLine: {'line': b'-- Up-to-date: /home/rschnurr/SkyClaw-Team1/ros2_ws/install/px4_msgs/include/px4_msgs/px4_msgs/msg/detail/open_drone_id_self_id__functions.h\n'}
[1.999626] (px4_msgs) StdoutLine: {'line': b'-- Up-to-date: /home/rschnurr/SkyClaw-Team1/ros2_ws/install/px4_msgs/include/px4_msgs/px4_msgs/msg/detail/vehicle_air_data__struct.h\n'}
[1.999677] (px4_msgs) StdoutLine: {'line': b'-- Up-to-date: /home/rschnurr/SkyClaw-Team1/ros2_ws/install/px4_msgs/include/px4_msgs/px4_msgs/msg/detail/onboard_computer_status__functions.c\n'}
[1.999717] (px4_msgs) StdoutLine: {'line': b'-- Up-to-date: /home/rschnurr/SkyClaw-Team1/ros2_ws/install/px4_msgs/include/px4_msgs/px4_msgs/msg/detail/sensor_gnss_status__type_support.h\n'}
[1.999979] (px4_msgs) StdoutLine: {'line': b'-- Up-to-date: /home/rschnurr/SkyClaw-Team1/ros2_ws/install/px4_msgs/include/px4_msgs/px4_msgs/msg/detail/vehicle_attitude__functions.h\n'}
[2.000370] (px4_msgs) StdoutLine: {'line': b'-- Up-to-date: /home/rschnurr/SkyClaw-Team1/ros2_ws/install/px4_msgs/include/px4_msgs/px4_msgs/msg/detail/ulog_stream__functions.h\n'}
[2.000475] (px4_msgs) StdoutLine: {'line': b'-- Up-to-date: /home/rschnurr/SkyClaw-Team1/ros2_ws/install/px4_msgs/include/px4_msgs/px4_msgs/msg/detail/message_format_request__functions.c\n'}
[2.000603] (px4_msgs) StdoutLine: {'line': b'-- Up-to-date: /home/rschnurr/SkyClaw-Team1/ros2_ws/install/px4_msgs/include/px4_msgs/px4_msgs/msg/detail/sensor_accel__functions.h\n'}
[2.000662] (px4_msgs) StdoutLine: {'line': b'-- Up-to-date: /home/rschnurr/SkyClaw-Team1/ros2_ws/install/px4_msgs/include/px4_msgs/px4_msgs/msg/detail/manual_control_setpoint__type_support.h\n'}
[2.000701] (px4_msgs) StdoutLine: {'line': b'-- Up-to-date: /home/rschnurr/SkyClaw-Team1/ros2_ws/install/px4_msgs/include/px4_msgs/px4_msgs/msg/detail/config_overrides__functions.h\n'}
[2.000734] (px4_msgs) StdoutLine: {'line': b'-- Up-to-date: /home/rschnurr/SkyClaw-Team1/ros2_ws/install/px4_msgs/include/px4_msgs/px4_msgs/msg/detail/led_control__functions.c\n'}
[2.000764] (px4_msgs) StdoutLine: {'line': b'-- Up-to-date: /home/rschnurr/SkyClaw-Team1/ros2_ws/install/px4_msgs/include/px4_msgs/px4_msgs/msg/detail/wheel_encoders__type_support.h\n'}
[2.000871] (px4_msgs) StdoutLine: {'line': b'-- Up-to-date: /home/rschnurr/SkyClaw-Team1/ros2_ws/install/px4_msgs/include/px4_msgs/px4_msgs/msg/detail/vehicle_constraints__functions.c\n'}
[2.000986] (px4_msgs) StdoutLine: {'line': b'-- Up-to-date: /home/rschnurr/SkyClaw-Team1/ros2_ws/install/px4_msgs/include/px4_msgs/px4_msgs/msg/detail/actuator_controls_status__struct.h\n'}
[2.001203] (px4_msgs) StdoutLine: {'line': b'-- Up-to-date: /home/rschnurr/SkyClaw-Team1/ros2_ws/install/px4_msgs/include/px4_msgs/px4_msgs/msg/detail/distance_sensor__functions.c\n'}
[2.001374] (px4_msgs) StdoutLine: {'line': b'-- Up-to-date: /home/rschnurr/SkyClaw-Team1/ros2_ws/install/px4_msgs/include/px4_msgs/px4_msgs/msg/detail/debug_vect__type_support.h\n'}
[2.001537] (px4_msgs) StdoutLine: {'line': b'-- Up-to-date: /home/rschnurr/SkyClaw-Team1/ros2_ws/install/px4_msgs/include/px4_msgs/px4_msgs/msg/detail/magnetometer_bias_estimate__struct.h\n'}
[2.001938] (px4_msgs) StdoutLine: {'line': b'-- Up-to-date: /home/rschnurr/SkyClaw-Team1/ros2_ws/install/px4_msgs/include/px4_msgs/px4_msgs/msg/detail/sensor_preflight_mag__struct.h\n'}
[2.002173] (px4_msgs) StdoutLine: {'line': b'-- Up-to-date: /home/rschnurr/SkyClaw-Team1/ros2_ws/install/px4_msgs/include/px4_msgs/px4_msgs/msg/detail/vehicle_air_data__functions.c\n'}
[2.002398] (px4_msgs) StdoutLine: {'line': b'-- Up-to-date: /home/rschnurr/SkyClaw-Team1/ros2_ws/install/px4_msgs/include/px4_msgs/px4_msgs/msg/detail/wheel_encoders__functions.c\n'}
[2.002617] (px4_msgs) StdoutLine: {'line': b'-- Up-to-date: /home/rschnurr/SkyClaw-Team1/ros2_ws/install/px4_msgs/include/px4_msgs/px4_msgs/msg/detail/fixed_wing_runway_control__functions.h\n'}
[2.002816] (px4_msgs) StdoutLine: {'line': b'-- Up-to-date: /home/rschnurr/SkyClaw-Team1/ros2_ws/install/px4_msgs/include/px4_msgs/px4_msgs/msg/detail/orb_test_medium__functions.c\n'}
[2.002972] (px4_msgs) StdoutLine: {'line': b'-- Up-to-date: /home/rschnurr/SkyClaw-Team1/ros2_ws/install/px4_msgs/include/px4_msgs/px4_msgs/msg/detail/vehicle_rates_setpoint__struct.h\n'}
[2.003190] (px4_msgs) StdoutLine: {'line': b'-- Up-to-date: /home/rschnurr/SkyClaw-Team1/ros2_ws/install/px4_msgs/include/px4_msgs/px4_msgs/msg/detail/sensor_airflow__functions.c\n'}
[2.003470] (px4_msgs) StdoutLine: {'line': b'-- Up-to-date: /home/rschnurr/SkyClaw-Team1/ros2_ws/install/px4_msgs/include/px4_msgs/px4_msgs/msg/detail/control_allocator_status__functions.h\n'}
[2.003559] (px4_msgs) StdoutLine: {'line': b'-- Up-to-date: /home/rschnurr/SkyClaw-Team1/ros2_ws/install/px4_msgs/include/px4_msgs/px4_msgs/msg/detail/px4io_status__functions.c\n'}
[2.003636] (px4_msgs) StdoutLine: {'line': b'-- Up-to-date: /home/rschnurr/SkyClaw-Team1/ros2_ws/install/px4_msgs/include/px4_msgs/px4_msgs/msg/detail/sensors_status__functions.c\n'}
[2.003688] (px4_msgs) StdoutLine: {'line': b'-- Up-to-date: /home/rschnurr/SkyClaw-Team1/ros2_ws/install/px4_msgs/include/px4_msgs/px4_msgs/msg/detail/sensor_baro__struct.h\n'}
[2.003735] (px4_msgs) StdoutLine: {'line': b'-- Up-to-date: /home/rschnurr/SkyClaw-Team1/ros2_ws/install/px4_msgs/include/px4_msgs/px4_msgs/msg/detail/vehicle_optical_flow_vel__struct.h\n'}
[2.003775] (px4_msgs) StdoutLine: {'line': b'-- Up-to-date: /home/rschnurr/SkyClaw-Team1/ros2_ws/install/px4_msgs/include/px4_msgs/px4_msgs/msg/detail/fixed_wing_runway_control__struct.h\n'}
[2.003820] (px4_msgs) StdoutLine: {'line': b'-- Up-to-date: /home/rschnurr/SkyClaw-Team1/ros2_ws/install/px4_msgs/include/px4_msgs/px4_msgs/msg/detail/debug_array__functions.h\n'}
[2.004026] (px4_msgs) StdoutLine: {'line': b'-- Up-to-date: /home/rschnurr/SkyClaw-Team1/ros2_ws/install/px4_msgs/include/px4_msgs/px4_msgs/msg/detail/vehicle_command__struct.h\n'}
[2.004314] (px4_msgs) StdoutLine: {'line': b'-- Up-to-date: /home/rschnurr/SkyClaw-Team1/ros2_ws/install/px4_msgs/include/px4_msgs/px4_msgs/msg/detail/neural_control__functions.c\n'}
[2.004575] (px4_msgs) StdoutLine: {'line': b'-- Up-to-date: /home/rschnurr/SkyClaw-Team1/ros2_ws/install/px4_msgs/include/px4_msgs/px4_msgs/msg/detail/mag_worker_data__functions.h\n'}
[2.004848] (px4_msgs) StdoutLine: {'line': b'-- Up-to-date: /home/rschnurr/SkyClaw-Team1/ros2_ws/install/px4_msgs/include/px4_msgs/px4_msgs/msg/detail/position_controller_status__type_support.h\n'}
[2.004987] (px4_msgs) StdoutLine: {'line': b'-- Up-to-date: /home/rschnurr/SkyClaw-Team1/ros2_ws/install/px4_msgs/include/px4_msgs/px4_msgs/msg/detail/differential_pressure__struct.h\n'}
[2.005529] (px4_msgs) StdoutLine: {'line': b'-- Up-to-date: /home/rschnurr/SkyClaw-Team1/ros2_ws/install/px4_msgs/include/px4_msgs/px4_msgs/msg/detail/gps_inject_data__struct.h\n'}
[2.006415] (px4_msgs) StdoutLine: {'line': b'-- Up-to-date: /home/rschnurr/SkyClaw-Team1/ros2_ws/install/px4_msgs/include/px4_msgs/px4_msgs/msg/detail/velocity_limits__functions.c\n'}
[2.006524] (px4_msgs) StdoutLine: {'line': b'-- Up-to-date: /home/rschnurr/SkyClaw-Team1/ros2_ws/install/px4_msgs/include/px4_msgs/px4_msgs/msg/detail/vehicle_attitude_setpoint__struct.h\n'}
[2.006590] (px4_msgs) StdoutLine: {'line': b'-- Up-to-date: /home/rschnurr/SkyClaw-Team1/ros2_ws/install/px4_msgs/include/px4_msgs/px4_msgs/msg/detail/open_drone_id_operator_id__type_support.h\n'}
[2.006651] (px4_msgs) StdoutLine: {'line': b'-- Up-to-date: /home/rschnurr/SkyClaw-Team1/ros2_ws/install/px4_msgs/include/px4_msgs/px4_msgs/msg/detail/orbit_status__type_support.h\n'}
[2.006704] (px4_msgs) StdoutLine: {'line': b'-- Up-to-date: /home/rschnurr/SkyClaw-Team1/ros2_ws/install/px4_msgs/include/px4_msgs/px4_msgs/msg/detail/internal_combustion_engine_control__struct.h\n'}
[2.006759] (px4_msgs) StdoutLine: {'line': b'-- Up-to-date: /home/rschnurr/SkyClaw-Team1/ros2_ws/install/px4_msgs/include/px4_msgs/px4_msgs/msg/detail/sensor_hygrometer__struct.h\n'}
[2.006809] (px4_msgs) StdoutLine: {'line': b'-- Up-to-date: /home/rschnurr/SkyClaw-Team1/ros2_ws/install/px4_msgs/include/px4_msgs/px4_msgs/msg/detail/system_power__functions.c\n'}
[2.006863] (px4_msgs) StdoutLine: {'line': b'-- Up-to-date: /home/rschnurr/SkyClaw-Team1/ros2_ws/install/px4_msgs/include/px4_msgs/px4_msgs/msg/detail/gimbal_device_attitude_status__type_support.h\n'}
[2.006913] (px4_msgs) StdoutLine: {'line': b'-- Up-to-date: /home/rschnurr/SkyClaw-Team1/ros2_ws/install/px4_msgs/include/px4_msgs/px4_msgs/msg/detail/actuator_test__functions.h\n'}
[2.006963] (px4_msgs) StdoutLine: {'line': b'-- Up-to-date: /home/rschnurr/SkyClaw-Team1/ros2_ws/install/px4_msgs/include/px4_msgs/px4_msgs/msg/detail/rover_rate_setpoint__functions.c\n'}
[2.007011] (px4_msgs) StdoutLine: {'line': b'-- Up-to-date: /home/rschnurr/SkyClaw-Team1/ros2_ws/install/px4_msgs/include/px4_msgs/px4_msgs/msg/detail/vehicle_acceleration__struct.h\n'}
[2.007059] (px4_msgs) StdoutLine: {'line': b'-- Up-to-date: /home/rschnurr/SkyClaw-Team1/ros2_ws/install/px4_msgs/include/px4_msgs/px4_msgs/msg/detail/magnetometer_bias_estimate__functions.c\n'}
[2.007113] (px4_msgs) StdoutLine: {'line': b'-- Up-to-date: /home/rschnurr/SkyClaw-Team1/ros2_ws/install/px4_msgs/include/px4_msgs/px4_msgs/msg/detail/vehicle_imu_status__struct.h\n'}
[2.007165] (px4_msgs) StdoutLine: {'line': b'-- Up-to-date: /home/rschnurr/SkyClaw-Team1/ros2_ws/install/px4_msgs/include/px4_msgs/px4_msgs/msg/detail/trajectory_setpoint__type_support.h\n'}
[2.007217] (px4_msgs) StdoutLine: {'line': b'-- Up-to-date: /home/rschnurr/SkyClaw-Team1/ros2_ws/install/px4_msgs/include/px4_msgs/px4_msgs/msg/detail/vehicle_magnetometer__functions.c\n'}
[2.007466] (px4_msgs) StdoutLine: {'line': b'-- Up-to-date: /home/rschnurr/SkyClaw-Team1/ros2_ws/install/px4_msgs/include/px4_msgs/px4_msgs/msg/detail/parameter_set_used_request__functions.c\n'}
[2.007760] (px4_msgs) StdoutLine: {'line': b'-- Up-to-date: /home/rschnurr/SkyClaw-Team1/ros2_ws/install/px4_msgs/include/px4_msgs/px4_msgs/msg/detail/trajectory_setpoint6dof__struct.h\n'}
[2.008122] (px4_msgs) StdoutLine: {'line': b'-- Up-to-date: /home/rschnurr/SkyClaw-Team1/ros2_ws/install/px4_msgs/include/px4_msgs/px4_msgs/msg/detail/unregister_ext_component__struct.h\n'}
[2.008203] (px4_msgs) StdoutLine: {'line': b'-- Up-to-date: /home/rschnurr/SkyClaw-Team1/ros2_ws/install/px4_msgs/include/px4_msgs/px4_msgs/msg/detail/uavcan_parameter_value__type_support.h\n'}
[2.008263] (px4_msgs) StdoutLine: {'line': b'-- Up-to-date: /home/rschnurr/SkyClaw-Team1/ros2_ws/install/px4_msgs/include/px4_msgs/px4_msgs/msg/detail/vehicle_acceleration__type_support.h\n'}
[2.008317] (px4_msgs) StdoutLine: {'line': b'-- Up-to-date: /home/rschnurr/SkyClaw-Team1/ros2_ws/install/px4_msgs/include/px4_msgs/px4_msgs/msg/detail/sensor_correction__type_support.h\n'}
[2.008444] (px4_msgs) StdoutLine: {'line': b'-- Up-to-date: /home/rschnurr/SkyClaw-Team1/ros2_ws/install/px4_msgs/include/px4_msgs/px4_msgs/msg/detail/vehicle_angular_velocity__struct.h\n'}
[2.008617] (px4_msgs) StdoutLine: {'line': b'-- Up-to-date: /home/rschnurr/SkyClaw-Team1/ros2_ws/install/px4_msgs/include/px4_msgs/px4_msgs/msg/detail/sensors_status__struct.h\n'}
[2.008759] (-) TimerEvent: {}
[2.009043] (px4_msgs) StdoutLine: {'line': b'-- Up-to-date: /home/rschnurr/SkyClaw-Team1/ros2_ws/install/px4_msgs/include/px4_msgs/px4_msgs/msg/detail/actuator_controls_status__functions.c\n'}
[2.009240] (px4_msgs) StdoutLine: {'line': b'-- Up-to-date: /home/rschnurr/SkyClaw-Team1/ros2_ws/install/px4_msgs/include/px4_msgs/px4_msgs/msg/detail/open_drone_id_system__functions.c\n'}
[2.009495] (px4_msgs) StdoutLine: {'line': b'-- Up-to-date: /home/rschnurr/SkyClaw-Team1/ros2_ws/install/px4_msgs/include/px4_msgs/px4_msgs/msg/detail/sensor_gyro_fft__struct.h\n'}
[2.009647] (px4_msgs) StdoutLine: {'line': b'-- Up-to-date: /home/rschnurr/SkyClaw-Team1/ros2_ws/install/px4_msgs/include/px4_msgs/px4_msgs/msg/detail/internal_combustion_engine_control__functions.h\n'}
[2.009769] (px4_msgs) StdoutLine: {'line': b'-- Up-to-date: /home/rschnurr/SkyClaw-Team1/ros2_ws/install/px4_msgs/include/px4_msgs/px4_msgs/msg/detail/logger_status__struct.h\n'}
[2.009898] (px4_msgs) StdoutLine: {'line': b'-- Up-to-date: /home/rschnurr/SkyClaw-Team1/ros2_ws/install/px4_msgs/include/px4_msgs/px4_msgs/msg/detail/parameter_update__functions.h\n'}
[2.009976] (px4_msgs) StdoutLine: {'line': b'-- Up-to-date: /home/rschnurr/SkyClaw-Team1/ros2_ws/install/px4_msgs/include/px4_msgs/px4_msgs/msg/detail/radio_status__struct.h\n'}
[2.010046] (px4_msgs) StdoutLine: {'line': b'-- Up-to-date: /home/rschnurr/SkyClaw-Team1/ros2_ws/install/px4_msgs/include/px4_msgs/px4_msgs/msg/detail/vehicle_local_position_setpoint__struct.h\n'}
[2.010230] (px4_msgs) StdoutLine: {'line': b'-- Up-to-date: /home/rschnurr/SkyClaw-Team1/ros2_ws/install/px4_msgs/include/px4_msgs/px4_msgs/msg/detail/sensor_accel_fifo__type_support.h\n'}
[2.010439] (px4_msgs) StdoutLine: {'line': b'-- Up-to-date: /home/rschnurr/SkyClaw-Team1/ros2_ws/install/px4_msgs/include/px4_msgs/px4_msgs/msg/detail/trajectory_setpoint6dof__functions.h\n'}
[2.010566] (px4_msgs) StdoutLine: {'line': b'-- Up-to-date: /home/rschnurr/SkyClaw-Team1/ros2_ws/install/px4_msgs/include/px4_msgs/px4_msgs/msg/detail/manual_control_switches__struct.h\n'}
[2.010618] (px4_msgs) StdoutLine: {'line': b'-- Up-to-date: /home/rschnurr/SkyClaw-Team1/ros2_ws/install/px4_msgs/include/px4_msgs/px4_msgs/msg/detail/follow_target_estimator__struct.h\n'}
[2.010851] (px4_msgs) StdoutLine: {'line': b'-- Up-to-date: /home/rschnurr/SkyClaw-Team1/ros2_ws/install/px4_msgs/include/px4_msgs/px4_msgs/msg/detail/power_button_state__type_support.h\n'}
[2.011249] (px4_msgs) StdoutLine: {'line': b'-- Up-to-date: /home/rschnurr/SkyClaw-Team1/ros2_ws/install/px4_msgs/include/px4_msgs/px4_msgs/msg/detail/esc_report__type_support.h\n'}
[2.011460] (px4_msgs) StdoutLine: {'line': b'-- Up-to-date: /home/rschnurr/SkyClaw-Team1/ros2_ws/install/px4_msgs/include/px4_msgs/px4_msgs/msg/detail/sensor_preflight_mag__type_support.h\n'}
[2.011673] (px4_msgs) StdoutLine: {'line': b'-- Up-to-date: /home/rschnurr/SkyClaw-Team1/ros2_ws/install/px4_msgs/include/px4_msgs/px4_msgs/msg/detail/register_ext_component_reply__type_support.h\n'}
[2.011740] (px4_msgs) StdoutLine: {'line': b'-- Up-to-date: /home/rschnurr/SkyClaw-Team1/ros2_ws/install/px4_msgs/include/px4_msgs/px4_msgs/msg/detail/landing_target_pose__struct.h\n'}
[2.011784] (px4_msgs) StdoutLine: {'line': b'-- Up-to-date: /home/rschnurr/SkyClaw-Team1/ros2_ws/install/px4_msgs/include/px4_msgs/px4_msgs/msg/detail/battery_status__functions.h\n'}
[2.011947] (px4_msgs) StdoutLine: {'line': b'-- Up-to-date: /home/rschnurr/SkyClaw-Team1/ros2_ws/install/px4_msgs/include/px4_msgs/px4_msgs/msg/detail/mag_worker_data__struct.h\n'}
[2.012182] (px4_msgs) StdoutLine: {'line': b'-- Up-to-date: /home/rschnurr/SkyClaw-Team1/ros2_ws/install/px4_msgs/include/px4_msgs/px4_msgs/msg/detail/orb_test__struct.h\n'}
[2.012253] (px4_msgs) StdoutLine: {'line': b'-- Up-to-date: /home/rschnurr/SkyClaw-Team1/ros2_ws/install/px4_msgs/include/px4_msgs/px4_msgs/msg/detail/estimator_event_flags__functions.c\n'}
[2.012306] (px4_msgs) StdoutLine: {'line': b'-- Up-to-date: /home/rschnurr/SkyClaw-Team1/ros2_ws/install/px4_msgs/include/px4_msgs/px4_msgs/msg/detail/estimator_status_flags__functions.c\n'}
[2.012357] (px4_msgs) StdoutLine: {'line': b'-- Up-to-date: /home/rschnurr/SkyClaw-Team1/ros2_ws/install/px4_msgs/include/px4_msgs/px4_msgs/msg/detail/actuator_servos__struct.h\n'}
[2.012418] (px4_msgs) StdoutLine: {'line': b'-- Up-to-date: /home/rschnurr/SkyClaw-Team1/ros2_ws/install/px4_msgs/include/px4_msgs/px4_msgs/msg/detail/dataman_request__type_support.h\n'}
[2.012466] (px4_msgs) StdoutLine: {'line': b'-- Up-to-date: /home/rschnurr/SkyClaw-Team1/ros2_ws/install/px4_msgs/include/px4_msgs/px4_msgs/msg/detail/sensor_gnss_status__struct.h\n'}
[2.012513] (px4_msgs) StdoutLine: {'line': b'-- Up-to-date: /home/rschnurr/SkyClaw-Team1/ros2_ws/install/px4_msgs/include/px4_msgs/px4_msgs/msg/detail/unregister_ext_component__functions.h\n'}
[2.012647] (px4_msgs) StdoutLine: {'line': b'-- Up-to-date: /home/rschnurr/SkyClaw-Team1/ros2_ws/install/px4_msgs/include/px4_msgs/px4_msgs/msg/detail/sensor_accel__functions.c\n'}
[2.012761] (px4_msgs) StdoutLine: {'line': b'-- Up-to-date: /home/rschnurr/SkyClaw-Team1/ros2_ws/install/px4_msgs/include/px4_msgs/px4_msgs/msg/detail/hover_thrust_estimate__functions.c\n'}
[2.013742] (px4_msgs) StdoutLine: {'line': b'-- Up-to-date: /home/rschnurr/SkyClaw-Team1/ros2_ws/install/px4_msgs/include/px4_msgs/px4_msgs/msg/detail/vehicle_magnetometer__type_support.h\n'}
[2.013838] (px4_msgs) StdoutLine: {'line': b'-- Up-to-date: /home/rschnurr/SkyClaw-Team1/ros2_ws/install/px4_msgs/include/px4_msgs/px4_msgs/msg/detail/message_format_response__functions.h\n'}
[2.013892] (px4_msgs) StdoutLine: {'line': b'-- Up-to-date: /home/rschnurr/SkyClaw-Team1/ros2_ws/install/px4_msgs/include/px4_msgs/px4_msgs/msg/detail/telemetry_status__struct.h\n'}
[2.014099] (px4_msgs) StdoutLine: {'line': b'-- Up-to-date: /home/rschnurr/SkyClaw-Team1/ros2_ws/install/px4_msgs/include/px4_msgs/px4_msgs/msg/detail/sensor_accel_fifo__functions.c\n'}
[2.014403] (px4_msgs) StdoutLine: {'line': b'-- Up-to-date: /home/rschnurr/SkyClaw-Team1/ros2_ws/install/px4_msgs/include/px4_msgs/px4_msgs/msg/detail/generator_status__functions.c\n'}
[2.014730] (px4_msgs) StdoutLine: {'line': b'-- Up-to-date: /home/rschnurr/SkyClaw-Team1/ros2_ws/install/px4_msgs/include/px4_msgs/px4_msgs/msg/detail/vehicle_attitude_setpoint__functions.h\n'}
[2.015038] (px4_msgs) StdoutLine: {'line': b'-- Up-to-date: /home/rschnurr/SkyClaw-Team1/ros2_ws/install/px4_msgs/include/px4_msgs/px4_msgs/msg/detail/vehicle_imu__functions.h\n'}
[2.015269] (px4_msgs) StdoutLine: {'line': b'-- Up-to-date: /home/rschnurr/SkyClaw-Team1/ros2_ws/install/px4_msgs/include/px4_msgs/px4_msgs/msg/detail/generator_status__functions.h\n'}
[2.015345] (px4_msgs) StdoutLine: {'line': b'-- Up-to-date: /home/rschnurr/SkyClaw-Team1/ros2_ws/install/px4_msgs/include/px4_msgs/px4_msgs/msg/detail/estimator_status__functions.h\n'}
[2.015399] (px4_msgs) StdoutLine: {'line': b'-- Up-to-date: /home/rschnurr/SkyClaw-Team1/ros2_ws/install/px4_msgs/include/px4_msgs/px4_msgs/msg/detail/obstacle_distance__struct.h\n'}
[2.015446] (px4_msgs) StdoutLine: {'line': b'-- Up-to-date: /home/rschnurr/SkyClaw-Team1/ros2_ws/install/px4_msgs/include/px4_msgs/px4_msgs/msg/detail/esc_status__functions.c\n'}
[2.015703] (px4_msgs) StdoutLine: {'line': b'-- Up-to-date: /home/rschnurr/SkyClaw-Team1/ros2_ws/install/px4_msgs/include/px4_msgs/px4_msgs/msg/detail/sensor_gnss_relative__functions.c\n'}
[2.016650] (px4_msgs) StdoutLine: {'line': b'-- Up-to-date: /home/rschnurr/SkyClaw-Team1/ros2_ws/install/px4_msgs/include/px4_msgs/px4_msgs/msg/detail/action_request__struct.h\n'}
[2.016888] (px4_msgs) StdoutLine: {'line': b'-- Up-to-date: /home/rschnurr/SkyClaw-Team1/ros2_ws/install/px4_msgs/include/px4_msgs/px4_msgs/msg/detail/follow_target_estimator__functions.h\n'}
[2.017138] (px4_msgs) StdoutLine: {'line': b'-- Up-to-date: /home/rschnurr/SkyClaw-Team1/ros2_ws/install/px4_msgs/include/px4_msgs/px4_msgs/msg/detail/pure_pursuit_status__functions.c\n'}
[2.017490] (px4_msgs) StdoutLine: {'line': b'-- Up-to-date: /home/rschnurr/SkyClaw-Team1/ros2_ws/install/px4_msgs/include/px4_msgs/px4_msgs/msg/detail/sensor_hygrometer__functions.h\n'}
[2.019086] (px4_msgs) StdoutLine: {'line': b'-- Up-to-date: /home/rschnurr/SkyClaw-Team1/ros2_ws/install/px4_msgs/include/px4_msgs/px4_msgs/msg/detail/gimbal_manager_status__struct.h\n'}
[2.019655] (px4_msgs) StdoutLine: {'line': b'-- Up-to-date: /home/rschnurr/SkyClaw-Team1/ros2_ws/install/px4_msgs/include/px4_msgs/px4_msgs/msg/detail/gimbal_device_attitude_status__functions.c\n'}
[2.020037] (px4_msgs) StdoutLine: {'line': b'-- Up-to-date: /home/rschnurr/SkyClaw-Team1/ros2_ws/install/px4_msgs/include/px4_msgs/px4_msgs/msg/detail/rover_position_setpoint__functions.c\n'}
[2.020361] (px4_msgs) StdoutLine: {'line': b'-- Up-to-date: /home/rschnurr/SkyClaw-Team1/ros2_ws/install/px4_msgs/include/px4_msgs/px4_msgs/msg/detail/neural_control__functions.h\n'}
[2.020738] (px4_msgs) StdoutLine: {'line': b'-- Up-to-date: /home/rschnurr/SkyClaw-Team1/ros2_ws/install/px4_msgs/include/px4_msgs/px4_msgs/msg/detail/vehicle_constraints__type_support.h\n'}
[2.021084] (px4_msgs) StdoutLine: {'line': b'-- Up-to-date: /home/rschnurr/SkyClaw-Team1/ros2_ws/install/px4_msgs/include/px4_msgs/px4_msgs/msg/detail/config_overrides__struct.h\n'}
[2.021409] (px4_msgs) StdoutLine: {'line': b'-- Up-to-date: /home/rschnurr/SkyClaw-Team1/ros2_ws/install/px4_msgs/include/px4_msgs/px4_msgs/msg/detail/vehicle_torque_setpoint__functions.c\n'}
[2.021758] (px4_msgs) StdoutLine: {'line': b'-- Up-to-date: /home/rschnurr/SkyClaw-Team1/ros2_ws/install/px4_msgs/include/px4_msgs/px4_msgs/msg/detail/home_position__functions.h\n'}
[2.022445] (px4_msgs) StdoutLine: {'line': b'-- Up-to-date: /home/rschnurr/SkyClaw-Team1/ros2_ws/install/px4_msgs/include/px4_msgs/px4_msgs/msg/detail/mission__type_support.h\n'}
[2.023001] (px4_msgs) StdoutLine: {'line': b'-- Up-to-date: /home/rschnurr/SkyClaw-Team1/ros2_ws/install/px4_msgs/include/px4_msgs/px4_msgs/msg/detail/velocity_limits__type_support.h\n'}
[2.023131] (px4_msgs) StdoutLine: {'line': b'-- Up-to-date: /home/rschnurr/SkyClaw-Team1/ros2_ws/install/px4_msgs/include/px4_msgs/px4_msgs/msg/detail/dronecan_node_status__functions.c\n'}
[2.023307] (px4_msgs) StdoutLine: {'line': b'-- Up-to-date: /home/rschnurr/SkyClaw-Team1/ros2_ws/install/px4_msgs/include/px4_msgs/px4_msgs/msg/detail/fixed_wing_lateral_guidance_status__functions.c\n'}
[2.023753] (px4_msgs) StdoutLine: {'line': b'-- Up-to-date: /home/rschnurr/SkyClaw-Team1/ros2_ws/install/px4_msgs/include/px4_msgs/px4_msgs/msg/detail/pps_capture__struct.h\n'}
[2.024099] (px4_msgs) StdoutLine: {'line': b'-- Up-to-date: /home/rschnurr/SkyClaw-Team1/ros2_ws/install/px4_msgs/include/px4_msgs/px4_msgs/msg/detail/gps_dump__functions.h\n'}
[2.024714] (px4_msgs) StdoutLine: {'line': b'-- Up-to-date: /home/rschnurr/SkyClaw-Team1/ros2_ws/install/px4_msgs/include/px4_msgs/px4_msgs/msg/detail/sensor_gyro_fifo__functions.c\n'}
[2.025253] (px4_msgs) StdoutLine: {'line': b'-- Up-to-date: /home/rschnurr/SkyClaw-Team1/ros2_ws/install/px4_msgs/include/px4_msgs/px4_msgs/msg/detail/vehicle_odometry__functions.c\n'}
[2.025525] (px4_msgs) StdoutLine: {'line': b'-- Up-to-date: /home/rschnurr/SkyClaw-Team1/ros2_ws/install/px4_msgs/include/px4_msgs/px4_msgs/msg/detail/ping__functions.c\n'}
[2.025836] (px4_msgs) StdoutLine: {'line': b'-- Up-to-date: /home/rschnurr/SkyClaw-Team1/ros2_ws/install/px4_msgs/include/px4_msgs/px4_msgs/msg/detail/rc_parameter_map__type_support.h\n'}
[2.026148] (px4_msgs) StdoutLine: {'line': b'-- Up-to-date: /home/rschnurr/SkyClaw-Team1/ros2_ws/install/px4_msgs/include/px4_msgs/px4_msgs/msg/detail/distance_sensor_mode_change_request__type_support.h\n'}
[2.026456] (px4_msgs) StdoutLine: {'line': b'-- Up-to-date: /home/rschnurr/SkyClaw-Team1/ros2_ws/install/px4_msgs/include/px4_msgs/px4_msgs/msg/detail/logger_status__type_support.h\n'}
[2.026726] (px4_msgs) StdoutLine: {'line': b'-- Up-to-date: /home/rschnurr/SkyClaw-Team1/ros2_ws/install/px4_msgs/include/px4_msgs/px4_msgs/msg/detail/actuator_test__functions.c\n'}
[2.027240] (px4_msgs) StdoutLine: {'line': b'-- Up-to-date: /home/rschnurr/SkyClaw-Team1/ros2_ws/install/px4_msgs/include/px4_msgs/px4_msgs/msg/detail/actuator_servos_trim__struct.h\n'}
[2.027637] (px4_msgs) StdoutLine: {'line': b'-- Up-to-date: /home/rschnurr/SkyClaw-Team1/ros2_ws/install/px4_msgs/include/px4_msgs/px4_msgs/msg/detail/gimbal_device_attitude_status__struct.h\n'}
[2.027748] (px4_msgs) StdoutLine: {'line': b'-- Up-to-date: /home/rschnurr/SkyClaw-Team1/ros2_ws/install/px4_msgs/include/px4_msgs/px4_msgs/msg/detail/actuator_servos__functions.h\n'}
[2.028025] (px4_msgs) StdoutLine: {'line': b'-- Up-to-date: /home/rschnurr/SkyClaw-Team1/ros2_ws/install/px4_msgs/include/px4_msgs/px4_msgs/msg/detail/vehicle_status__functions.c\n'}
[2.028641] (px4_msgs) StdoutLine: {'line': b'-- Up-to-date: /home/rschnurr/SkyClaw-Team1/ros2_ws/install/px4_msgs/include/px4_msgs/px4_msgs/msg/detail/obstacle_distance__functions.c\n'}
[2.028848] (px4_msgs) StdoutLine: {'line': b'-- Up-to-date: /home/rschnurr/SkyClaw-Team1/ros2_ws/install/px4_msgs/include/px4_msgs/px4_msgs/msg/detail/follow_target__functions.c\n'}
[2.028939] (px4_msgs) StdoutLine: {'line': b'-- Up-to-date: /home/rschnurr/SkyClaw-Team1/ros2_ws/install/px4_msgs/include/px4_msgs/px4_msgs/msg/detail/position_setpoint_triplet__functions.h\n'}
[2.029217] (px4_msgs) StdoutLine: {'line': b'-- Up-to-date: /home/rschnurr/SkyClaw-Team1/ros2_ws/install/px4_msgs/include/px4_msgs/px4_msgs/msg/detail/dronecan_node_status__struct.h\n'}
[2.029524] (px4_msgs) StdoutLine: {'line': b'-- Up-to-date: /home/rschnurr/SkyClaw-Team1/ros2_ws/install/px4_msgs/include/px4_msgs/px4_msgs/msg/detail/fixed_wing_runway_control__functions.c\n'}
[2.029890] (px4_msgs) StdoutLine: {'line': b'-- Up-to-date: /home/rschnurr/SkyClaw-Team1/ros2_ws/install/px4_msgs/include/px4_msgs/px4_msgs/msg/detail/obstacle_distance__type_support.h\n'}
[2.030340] (px4_msgs) StdoutLine: {'line': b'-- Up-to-date: /home/rschnurr/SkyClaw-Team1/ros2_ws/install/px4_msgs/include/px4_msgs/px4_msgs/msg/detail/parameter_reset_request__functions.c\n'}
[2.030404] (px4_msgs) StdoutLine: {'line': b'-- Up-to-date: /home/rschnurr/SkyClaw-Team1/ros2_ws/install/px4_msgs/include/px4_msgs/px4_msgs/msg/detail/gimbal_device_set_attitude__type_support.h\n'}
[2.030447] (px4_msgs) StdoutLine: {'line': b'-- Up-to-date: /home/rschnurr/SkyClaw-Team1/ros2_ws/install/px4_msgs/include/px4_msgs/px4_msgs/msg/detail/cellular_status__functions.c\n'}
[2.030654] (px4_msgs) StdoutLine: {'line': b'-- Up-to-date: /home/rschnurr/SkyClaw-Team1/ros2_ws/install/px4_msgs/include/px4_msgs/px4_msgs/msg/detail/rover_rate_status__type_support.h\n'}
[2.030736] (px4_msgs) StdoutLine: {'line': b'-- Up-to-date: /home/rschnurr/SkyClaw-Team1/ros2_ws/install/px4_msgs/include/px4_msgs/px4_msgs/msg/detail/failure_detector_status__struct.h\n'}
[2.030941] (px4_msgs) StdoutLine: {'line': b'-- Up-to-date: /home/rschnurr/SkyClaw-Team1/ros2_ws/install/px4_msgs/include/px4_msgs/px4_msgs/msg/detail/rover_steering_setpoint__functions.c\n'}
[2.031248] (px4_msgs) StdoutLine: {'line': b'-- Up-to-date: /home/rschnurr/SkyClaw-Team1/ros2_ws/install/px4_msgs/include/px4_msgs/px4_msgs/msg/detail/vehicle_command_ack__struct.h\n'}
[2.031458] (px4_msgs) StdoutLine: {'line': b'-- Up-to-date: /home/rschnurr/SkyClaw-Team1/ros2_ws/install/px4_msgs/include/px4_msgs/px4_msgs/msg/detail/actuator_servos_trim__functions.h\n'}
[2.031688] (px4_msgs) StdoutLine: {'line': b'-- Up-to-date: /home/rschnurr/SkyClaw-Team1/ros2_ws/install/px4_msgs/include/px4_msgs/px4_msgs/msg/detail/camera_status__type_support.h\n'}
[2.032056] (px4_msgs) StdoutLine: {'line': b'-- Up-to-date: /home/rschnurr/SkyClaw-Team1/ros2_ws/install/px4_msgs/include/px4_msgs/px4_msgs/msg/detail/rtl_status__type_support.h\n'}
[2.032389] (px4_msgs) StdoutLine: {'line': b'-- Up-to-date: /home/rschnurr/SkyClaw-Team1/ros2_ws/install/px4_msgs/include/px4_msgs/px4_msgs/msg/detail/dataman_response__struct.h\n'}
[2.032585] (px4_msgs) StdoutLine: {'line': b'-- Up-to-date: /home/rschnurr/SkyClaw-Team1/ros2_ws/install/px4_msgs/include/px4_msgs/px4_msgs/msg/detail/logger_status__functions.c\n'}
[2.032912] (px4_msgs) StdoutLine: {'line': b'-- Up-to-date: /home/rschnurr/SkyClaw-Team1/ros2_ws/install/px4_msgs/include/px4_msgs/px4_msgs/msg/detail/sensor_preflight_mag__functions.h\n'}
[2.033305] (px4_msgs) StdoutLine: {'line': b'-- Up-to-date: /home/rschnurr/SkyClaw-Team1/ros2_ws/install/px4_msgs/include/px4_msgs/px4_msgs/msg/detail/takeoff_status__functions.h\n'}
[2.033409] (px4_msgs) StdoutLine: {'line': b'-- Up-to-date: /home/rschnurr/SkyClaw-Team1/ros2_ws/install/px4_msgs/include/px4_msgs/px4_msgs/msg/detail/distance_sensor_mode_change_request__functions.c\n'}
[2.033669] (px4_msgs) StdoutLine: {'line': b'-- Up-to-date: /home/rschnurr/SkyClaw-Team1/ros2_ws/install/px4_msgs/include/px4_msgs/px4_msgs/msg/detail/radio_status__type_support.h\n'}
[2.033861] (px4_msgs) StdoutLine: {'line': b'-- Up-to-date: /home/rschnurr/SkyClaw-Team1/ros2_ws/install/px4_msgs/include/px4_msgs/px4_msgs/msg/detail/offboard_control_mode__type_support.h\n'}
[2.034024] (px4_msgs) StdoutLine: {'line': b'-- Up-to-date: /home/rschnurr/SkyClaw-Team1/ros2_ws/install/px4_msgs/include/px4_msgs/px4_msgs/msg/detail/estimator_status__functions.c\n'}
[2.034514] (px4_msgs) StdoutLine: {'line': b'-- Up-to-date: /home/rschnurr/SkyClaw-Team1/ros2_ws/install/px4_msgs/include/px4_msgs/px4_msgs/msg/detail/task_stack_info__struct.h\n'}
[2.034887] (px4_msgs) StdoutLine: {'line': b'-- Up-to-date: /home/rschnurr/SkyClaw-Team1/ros2_ws/install/px4_msgs/include/px4_msgs/px4_msgs/msg/detail/gps_dump__functions.c\n'}
[2.035114] (px4_msgs) StdoutLine: {'line': b'-- Up-to-date: /home/rschnurr/SkyClaw-Team1/ros2_ws/install/px4_msgs/include/px4_msgs/px4_msgs/msg/detail/vehicle_thrust_setpoint__functions.c\n'}
[2.035356] (px4_msgs) StdoutLine: {'line': b'-- Up-to-date: /home/rschnurr/SkyClaw-Team1/ros2_ws/install/px4_msgs/include/px4_msgs/px4_msgs/msg/detail/ekf2_timestamps__struct.h\n'}
[2.035559] (px4_msgs) StdoutLine: {'line': b'-- Up-to-date: /home/rschnurr/SkyClaw-Team1/ros2_ws/install/px4_msgs/include/px4_msgs/px4_msgs/msg/detail/estimator_selector_status__functions.h\n'}
[2.035739] (px4_msgs) StdoutLine: {'line': b'-- Up-to-date: /home/rschnurr/SkyClaw-Team1/ros2_ws/install/px4_msgs/include/px4_msgs/px4_msgs/msg/detail/goto_setpoint__type_support.h\n'}
[2.035951] (px4_msgs) StdoutLine: {'line': b'-- Up-to-date: /home/rschnurr/SkyClaw-Team1/ros2_ws/install/px4_msgs/include/px4_msgs/px4_msgs/msg/detail/landing_target_innovations__functions.c\n'}
[2.036171] (px4_msgs) StdoutLine: {'line': b'-- Up-to-date: /home/rschnurr/SkyClaw-Team1/ros2_ws/install/px4_msgs/include/px4_msgs/px4_msgs/msg/detail/tune_control__struct.h\n'}
[2.036550] (px4_msgs) StdoutLine: {'line': b'-- Up-to-date: /home/rschnurr/SkyClaw-Team1/ros2_ws/install/px4_msgs/include/px4_msgs/px4_msgs/msg/detail/register_ext_component_request__functions.c\n'}
[2.036896] (px4_msgs) StdoutLine: {'line': b'-- Up-to-date: /home/rschnurr/SkyClaw-Team1/ros2_ws/install/px4_msgs/include/px4_msgs/px4_msgs/msg/detail/position_setpoint_triplet__type_support.h\n'}
[2.037232] (px4_msgs) StdoutLine: {'line': b'-- Up-to-date: /home/rschnurr/SkyClaw-Team1/ros2_ws/install/px4_msgs/include/px4_msgs/px4_msgs/msg/detail/sensor_hygrometer__type_support.h\n'}
[2.037794] (px4_msgs) StdoutLine: {'line': b'-- Up-to-date: /home/rschnurr/SkyClaw-Team1/ros2_ws/install/px4_msgs/include/px4_msgs/px4_msgs/msg/detail/esc_report__struct.h\n'}
[2.037865] (px4_msgs) StdoutLine: {'line': b'-- Up-to-date: /home/rschnurr/SkyClaw-Team1/ros2_ws/install/px4_msgs/include/px4_msgs/px4_msgs/msg/detail/event__functions.c\n'}
[2.037934] (px4_msgs) StdoutLine: {'line': b'-- Up-to-date: /home/rschnurr/SkyClaw-Team1/ros2_ws/install/px4_msgs/include/px4_msgs/px4_msgs/msg/detail/estimator_gps_status__functions.h\n'}
[2.038125] (px4_msgs) StdoutLine: {'line': b'-- Up-to-date: /home/rschnurr/SkyClaw-Team1/ros2_ws/install/px4_msgs/include/px4_msgs/px4_msgs/msg/detail/fixed_wing_lateral_guidance_status__type_support.h\n'}
[2.038555] (px4_msgs) StdoutLine: {'line': b'-- Up-to-date: /home/rschnurr/SkyClaw-Team1/ros2_ws/install/px4_msgs/include/px4_msgs/px4_msgs/msg/detail/tecs_status__functions.c\n'}
[2.038780] (px4_msgs) StdoutLine: {'line': b'-- Up-to-date: /home/rschnurr/SkyClaw-Team1/ros2_ws/install/px4_msgs/include/px4_msgs/px4_msgs/msg/detail/tiltrotor_extra_controls__struct.h\n'}
[2.039169] (px4_msgs) StdoutLine: {'line': b'-- Up-to-date: /home/rschnurr/SkyClaw-Team1/ros2_ws/install/px4_msgs/include/px4_msgs/px4_msgs/msg/detail/gimbal_controls__struct.h\n'}
[2.039586] (px4_msgs) StdoutLine: {'line': b'-- Up-to-date: /home/rschnurr/SkyClaw-Team1/ros2_ws/install/px4_msgs/include/px4_msgs/px4_msgs/msg/detail/rtl_time_estimate__type_support.h\n'}
[2.039926] (px4_msgs) StdoutLine: {'line': b'-- Up-to-date: /home/rschnurr/SkyClaw-Team1/ros2_ws/install/px4_msgs/include/px4_msgs/px4_msgs/msg/detail/rover_speed_setpoint__type_support.h\n'}
[2.040231] (px4_msgs) StdoutLine: {'line': b'-- Up-to-date: /home/rschnurr/SkyClaw-Team1/ros2_ws/install/px4_msgs/include/px4_msgs/px4_msgs/msg/detail/parameter_set_value_request__struct.h\n'}
[2.040295] (px4_msgs) StdoutLine: {'line': b'-- Up-to-date: /home/rschnurr/SkyClaw-Team1/ros2_ws/install/px4_msgs/include/px4_msgs/px4_msgs/msg/detail/rover_rate_setpoint__type_support.h\n'}
[2.040601] (px4_msgs) StdoutLine: {'line': b'-- Up-to-date: /home/rschnurr/SkyClaw-Team1/ros2_ws/install/px4_msgs/include/px4_msgs/px4_msgs/msg/detail/vtol_vehicle_status__functions.h\n'}
[2.041183] (px4_msgs) StdoutLine: {'line': b'-- Up-to-date: /home/rschnurr/SkyClaw-Team1/ros2_ws/install/px4_msgs/include/px4_msgs/px4_msgs/msg/detail/parameter_reset_request__type_support.h\n'}
[2.045234] (px4_msgs) StdoutLine: {'line': b'-- Up-to-date: /home/rschnurr/SkyClaw-Team1/ros2_ws/install/px4_msgs/include/px4_msgs/px4_msgs/msg/detail/power_monitor__struct.h\n'}
[2.045628] (px4_msgs) StdoutLine: {'line': b'-- Up-to-date: /home/rschnurr/SkyClaw-Team1/ros2_ws/install/px4_msgs/include/px4_msgs/px4_msgs/msg/detail/dataman_request__struct.h\n'}
[2.045717] (px4_msgs) StdoutLine: {'line': b'-- Up-to-date: /home/rschnurr/SkyClaw-Team1/ros2_ws/install/px4_msgs/include/px4_msgs/px4_msgs/msg/detail/register_ext_component_request__struct.h\n'}
[2.045889] (px4_msgs) StdoutLine: {'line': b'-- Up-to-date: /home/rschnurr/SkyClaw-Team1/ros2_ws/install/px4_msgs/include/px4_msgs/px4_msgs/msg/detail/mavlink_log__type_support.h\n'}
[2.045962] (px4_msgs) StdoutLine: {'line': b'-- Up-to-date: /home/rschnurr/SkyClaw-Team1/ros2_ws/install/px4_msgs/include/px4_msgs/px4_msgs/msg/detail/gripper__functions.c\n'}
[2.046008] (px4_msgs) StdoutLine: {'line': b'-- Up-to-date: /home/rschnurr/SkyClaw-Team1/ros2_ws/install/px4_msgs/include/px4_msgs/px4_msgs/msg/detail/internal_combustion_engine_status__type_support.h\n'}
[2.046096] (px4_msgs) StdoutLine: {'line': b'-- Up-to-date: /home/rschnurr/SkyClaw-Team1/ros2_ws/install/px4_msgs/include/px4_msgs/px4_msgs/msg/detail/tecs_status__struct.h\n'}
[2.046189] (px4_msgs) StdoutLine: {'line': b'-- Up-to-date: /home/rschnurr/SkyClaw-Team1/ros2_ws/install/px4_msgs/include/px4_msgs/px4_msgs/msg/detail/rate_ctrl_status__type_support.h\n'}
[2.046236] (px4_msgs) StdoutLine: {'line': b'-- Up-to-date: /home/rschnurr/SkyClaw-Team1/ros2_ws/install/px4_msgs/include/px4_msgs/px4_msgs/msg/detail/health_report__struct.h\n'}
[2.046316] (px4_msgs) StdoutLine: {'line': b'-- Up-to-date: /home/rschnurr/SkyClaw-Team1/ros2_ws/install/px4_msgs/include/px4_msgs/px4_msgs/msg/detail/rpm__struct.h\n'}
[2.046365] (px4_msgs) StdoutLine: {'line': b'-- Up-to-date: /home/rschnurr/SkyClaw-Team1/ros2_ws/install/px4_msgs/include/px4_msgs/px4_msgs/msg/detail/position_controller_status__functions.c\n'}
[2.046436] (px4_msgs) StdoutLine: {'line': b'-- Up-to-date: /home/rschnurr/SkyClaw-Team1/ros2_ws/install/px4_msgs/include/px4_msgs/px4_msgs/msg/detail/vehicle_local_position__functions.h\n'}
[2.046472] (px4_msgs) StdoutLine: {'line': b'-- Up-to-date: /home/rschnurr/SkyClaw-Team1/ros2_ws/install/px4_msgs/include/px4_msgs/px4_msgs/msg/detail/estimator_aid_source3d__struct.h\n'}
[2.046538] (px4_msgs) StdoutLine: {'line': b'-- Up-to-date: /home/rschnurr/SkyClaw-Team1/ros2_ws/install/px4_msgs/include/px4_msgs/px4_msgs/msg/detail/actuator_outputs__struct.h\n'}
[2.046577] (px4_msgs) StdoutLine: {'line': b'-- Up-to-date: /home/rschnurr/SkyClaw-Team1/ros2_ws/install/px4_msgs/include/px4_msgs/px4_msgs/msg/detail/action_request__type_support.h\n'}
[2.046640] (px4_msgs) StdoutLine: {'line': b'-- Up-to-date: /home/rschnurr/SkyClaw-Team1/ros2_ws/install/px4_msgs/include/px4_msgs/px4_msgs/msg/detail/heater_status__type_support.h\n'}
[2.046684] (px4_msgs) StdoutLine: {'line': b'-- Up-to-date: /home/rschnurr/SkyClaw-Team1/ros2_ws/install/px4_msgs/include/px4_msgs/px4_msgs/msg/detail/sensor_selection__type_support.h\n'}
[2.046729] (px4_msgs) StdoutLine: {'line': b'-- Up-to-date: /home/rschnurr/SkyClaw-Team1/ros2_ws/install/px4_msgs/include/px4_msgs/px4_msgs/msg/detail/vehicle_global_position__struct.h\n'}
[2.047099] (px4_msgs) StdoutLine: {'line': b'-- Up-to-date: /home/rschnurr/SkyClaw-Team1/ros2_ws/install/px4_msgs/include/px4_msgs/px4_msgs/msg/detail/ping__functions.h\n'}
[2.047178] (px4_msgs) StdoutLine: {'line': b'-- Up-to-date: /home/rschnurr/SkyClaw-Team1/ros2_ws/install/px4_msgs/include/px4_msgs/px4_msgs/msg/detail/input_rc__functions.c\n'}
[2.047235] (px4_msgs) StdoutLine: {'line': b'-- Up-to-date: /home/rschnurr/SkyClaw-Team1/ros2_ws/install/px4_msgs/include/px4_msgs/px4_msgs/msg/detail/vehicle_control_mode__type_support.h\n'}
[2.047290] (px4_msgs) StdoutLine: {'line': b'-- Up-to-date: /home/rschnurr/SkyClaw-Team1/ros2_ws/install/px4_msgs/include/px4_msgs/px4_msgs/msg/detail/airspeed__struct.h\n'}
[2.047348] (px4_msgs) StdoutLine: {'line': b'-- Up-to-date: /home/rschnurr/SkyClaw-Team1/ros2_ws/install/px4_msgs/include/px4_msgs/px4_msgs/msg/detail/home_position__functions.c\n'}
[2.047448] (px4_msgs) StdoutLine: {'line': b'-- Up-to-date: /home/rschnurr/SkyClaw-Team1/ros2_ws/install/px4_msgs/include/px4_msgs/px4_msgs/msg/detail/estimator_bias__functions.h\n'}
[2.047518] (px4_msgs) StdoutLine: {'line': b'-- Up-to-date: /home/rschnurr/SkyClaw-Team1/ros2_ws/install/px4_msgs/include/px4_msgs/px4_msgs/msg/detail/actuator_test__struct.h\n'}
[2.047597] (px4_msgs) StdoutLine: {'line': b'-- Up-to-date: /home/rschnurr/SkyClaw-Team1/ros2_ws/install/px4_msgs/include/px4_msgs/px4_msgs/msg/detail/internal_combustion_engine_control__type_support.h\n'}
[2.047650] (px4_msgs) StdoutLine: {'line': b'-- Up-to-date: /home/rschnurr/SkyClaw-Team1/ros2_ws/install/px4_msgs/include/px4_msgs/px4_msgs/msg/detail/follow_target__struct.h\n'}
[2.047699] (px4_msgs) StdoutLine: {'line': b'-- Up-to-date: /home/rschnurr/SkyClaw-Team1/ros2_ws/install/px4_msgs/include/px4_msgs/px4_msgs/msg/detail/offboard_control_mode__functions.c\n'}
[2.047746] (px4_msgs) StdoutLine: {'line': b'-- Up-to-date: /home/rschnurr/SkyClaw-Team1/ros2_ws/install/px4_msgs/include/px4_msgs/px4_msgs/msg/detail/yaw_estimator_status__functions.c\n'}
[2.047793] (px4_msgs) StdoutLine: {'line': b'-- Up-to-date: /home/rschnurr/SkyClaw-Team1/ros2_ws/install/px4_msgs/include/px4_msgs/px4_msgs/msg/detail/open_drone_id_arm_status__functions.h\n'}
[2.047843] (px4_msgs) StdoutLine: {'line': b'-- Up-to-date: /home/rschnurr/SkyClaw-Team1/ros2_ws/install/px4_msgs/include/px4_msgs/px4_msgs/msg/detail/gpio_request__type_support.h\n'}
[2.047893] (px4_msgs) StdoutLine: {'line': b'-- Up-to-date: /home/rschnurr/SkyClaw-Team1/ros2_ws/install/px4_msgs/include/px4_msgs/px4_msgs/msg/detail/gimbal_device_information__type_support.h\n'}
[2.047945] (px4_msgs) StdoutLine: {'line': b'-- Up-to-date: /home/rschnurr/SkyClaw-Team1/ros2_ws/install/px4_msgs/include/px4_msgs/px4_msgs/msg/detail/rtl_status__struct.h\n'}
[2.048005] (px4_msgs) StdoutLine: {'line': b'-- Up-to-date: /home/rschnurr/SkyClaw-Team1/ros2_ws/install/px4_msgs/include/px4_msgs/px4_msgs/msg/detail/wind__type_support.h\n'}
[2.048055] (px4_msgs) StdoutLine: {'line': b'-- Up-to-date: /home/rschnurr/SkyClaw-Team1/ros2_ws/install/px4_msgs/include/px4_msgs/px4_msgs/msg/detail/estimator_states__struct.h\n'}
[2.048259] (px4_msgs) StdoutLine: {'line': b'-- Up-to-date: /home/rschnurr/SkyClaw-Team1/ros2_ws/install/px4_msgs/include/px4_msgs/px4_msgs/msg/detail/yaw_estimator_status__type_support.h\n'}
[2.048498] (px4_msgs) StdoutLine: {'line': b'-- Up-to-date: /home/rschnurr/SkyClaw-Team1/ros2_ws/install/px4_msgs/include/px4_msgs/px4_msgs/msg/detail/magnetometer_bias_estimate__type_support.h\n'}
[2.048779] (px4_msgs) StdoutLine: {'line': b'-- Up-to-date: /home/rschnurr/SkyClaw-Team1/ros2_ws/install/px4_msgs/include/px4_msgs/px4_msgs/msg/detail/dataman_response__type_support.h\n'}
[2.049281] (px4_msgs) StdoutLine: {'line': b'-- Up-to-date: /home/rschnurr/SkyClaw-Team1/ros2_ws/install/px4_msgs/include/px4_msgs/px4_msgs/msg/detail/estimator_aid_source3d__type_support.h\n'}
[2.049375] (px4_msgs) StdoutLine: {'line': b'-- Up-to-date: /home/rschnurr/SkyClaw-Team1/ros2_ws/install/px4_msgs/include/px4_msgs/px4_msgs/msg/detail/takeoff_status__functions.c\n'}
[2.049515] (px4_msgs) StdoutLine: {'line': b'-- Up-to-date: /home/rschnurr/SkyClaw-Team1/ros2_ws/install/px4_msgs/include/px4_msgs/px4_msgs/msg/detail/landing_gear_wheel__functions.h\n'}
[2.049666] (px4_msgs) StdoutLine: {'line': b'-- Up-to-date: /home/rschnurr/SkyClaw-Team1/ros2_ws/install/px4_msgs/include/px4_msgs/px4_msgs/msg/detail/qshell_req__type_support.h\n'}
[2.049732] (px4_msgs) StdoutLine: {'line': b'-- Up-to-date: /home/rschnurr/SkyClaw-Team1/ros2_ws/install/px4_msgs/include/px4_msgs/px4_msgs/msg/detail/mission_result__struct.h\n'}
[2.049825] (px4_msgs) StdoutLine: {'line': b'-- Up-to-date: /home/rschnurr/SkyClaw-Team1/ros2_ws/install/px4_msgs/include/px4_msgs/px4_msgs/msg/detail/goto_setpoint__functions.h\n'}
[2.049898] (px4_msgs) StdoutLine: {'line': b'-- Up-to-date: /home/rschnurr/SkyClaw-Team1/ros2_ws/install/px4_msgs/include/px4_msgs/px4_msgs/msg/detail/manual_control_setpoint__functions.c\n'}
[2.049954] (px4_msgs) StdoutLine: {'line': b'-- Up-to-date: /home/rschnurr/SkyClaw-Team1/ros2_ws/install/px4_msgs/include/px4_msgs/px4_msgs/msg/detail/airspeed__functions.h\n'}
[2.050090] (px4_msgs) StdoutLine: {'line': b'-- Up-to-date: /home/rschnurr/SkyClaw-Team1/ros2_ws/install/px4_msgs/include/px4_msgs/px4_msgs/msg/detail/arming_check_request__functions.h\n'}
[2.050180] (px4_msgs) StdoutLine: {'line': b'-- Up-to-date: /home/rschnurr/SkyClaw-Team1/ros2_ws/install/px4_msgs/include/px4_msgs/px4_msgs/msg/detail/cellular_status__struct.h\n'}
[2.050383] (px4_msgs) StdoutLine: {'line': b'-- Up-to-date: /home/rschnurr/SkyClaw-Team1/ros2_ws/install/px4_msgs/include/px4_msgs/px4_msgs/msg/detail/battery_status__type_support.h\n'}
[2.050962] (px4_msgs) StdoutLine: {'line': b'-- Up-to-date: /home/rschnurr/SkyClaw-Team1/ros2_ws/install/px4_msgs/include/px4_msgs/px4_msgs/msg/detail/airspeed_validated__type_support.h\n'}
[2.051288] (px4_msgs) StdoutLine: {'line': b'-- Up-to-date: /home/rschnurr/SkyClaw-Team1/ros2_ws/install/px4_msgs/include/px4_msgs/px4_msgs/msg/detail/arming_check_reply__type_support.h\n'}
[2.051371] (px4_msgs) StdoutLine: {'line': b'-- Up-to-date: /home/rschnurr/SkyClaw-Team1/ros2_ws/install/px4_msgs/include/px4_msgs/px4_msgs/msg/detail/sensor_gyro__type_support.h\n'}
[2.051427] (px4_msgs) StdoutLine: {'line': b'-- Up-to-date: /home/rschnurr/SkyClaw-Team1/ros2_ws/install/px4_msgs/include/px4_msgs/px4_msgs/msg/detail/flight_phase_estimation__struct.h\n'}
[2.051605] (px4_msgs) StdoutLine: {'line': b'-- Up-to-date: /home/rschnurr/SkyClaw-Team1/ros2_ws/install/px4_msgs/include/px4_msgs/px4_msgs/msg/detail/estimator_states__type_support.h\n'}
[2.051721] (px4_msgs) StdoutLine: {'line': b'-- Up-to-date: /home/rschnurr/SkyClaw-Team1/ros2_ws/install/px4_msgs/include/px4_msgs/px4_msgs/msg/detail/sensor_correction__functions.c\n'}
[2.052193] (px4_msgs) StdoutLine: {'line': b'-- Up-to-date: /home/rschnurr/SkyClaw-Team1/ros2_ws/install/px4_msgs/include/px4_msgs/px4_msgs/msg/detail/dronecan_node_status__functions.h\n'}
[2.052396] (px4_msgs) StdoutLine: {'line': b'-- Up-to-date: /home/rschnurr/SkyClaw-Team1/ros2_ws/install/px4_msgs/include/px4_msgs/px4_msgs/msg/detail/ping__type_support.h\n'}
[2.052472] (px4_msgs) StdoutLine: {'line': b'-- Up-to-date: /home/rschnurr/SkyClaw-Team1/ros2_ws/install/px4_msgs/include/px4_msgs/px4_msgs/msg/detail/gimbal_manager_status__functions.h\n'}
[2.052585] (px4_msgs) StdoutLine: {'line': b'-- Up-to-date: /home/rschnurr/SkyClaw-Team1/ros2_ws/install/px4_msgs/include/px4_msgs/px4_msgs/msg/detail/vehicle_control_mode__functions.h\n'}
[2.052697] (px4_msgs) StdoutLine: {'line': b'-- Up-to-date: /home/rschnurr/SkyClaw-Team1/ros2_ws/install/px4_msgs/include/px4_msgs/px4_msgs/msg/detail/debug_key_value__type_support.h\n'}
[2.052911] (px4_msgs) StdoutLine: {'line': b'-- Up-to-date: /home/rschnurr/SkyClaw-Team1/ros2_ws/install/px4_msgs/include/px4_msgs/px4_msgs/msg/detail/transponder_report__type_support.h\n'}
[2.053137] (px4_msgs) StdoutLine: {'line': b'-- Up-to-date: /home/rschnurr/SkyClaw-Team1/ros2_ws/install/px4_msgs/include/px4_msgs/px4_msgs/msg/detail/rate_ctrl_status__struct.h\n'}
[2.053351] (px4_msgs) StdoutLine: {'line': b'-- Up-to-date: /home/rschnurr/SkyClaw-Team1/ros2_ws/install/px4_msgs/include/px4_msgs/px4_msgs/msg/detail/sensor_airflow__struct.h\n'}
[2.053794] (px4_msgs) StdoutLine: {'line': b'-- Up-to-date: /home/rschnurr/SkyClaw-Team1/ros2_ws/install/px4_msgs/include/px4_msgs/px4_msgs/msg/detail/camera_status__functions.h\n'}
[2.054302] (px4_msgs) StdoutLine: {'line': b'-- Up-to-date: /home/rschnurr/SkyClaw-Team1/ros2_ws/install/px4_msgs/include/px4_msgs/px4_msgs/msg/detail/ulog_stream__struct.h\n'}
[2.054363] (px4_msgs) StdoutLine: {'line': b'-- Up-to-date: /home/rschnurr/SkyClaw-Team1/ros2_ws/install/px4_msgs/include/px4_msgs/px4_msgs/msg/detail/landing_target_pose__type_support.h\n'}
[2.054402] (px4_msgs) StdoutLine: {'line': b'-- Up-to-date: /home/rschnurr/SkyClaw-Team1/ros2_ws/install/px4_msgs/include/px4_msgs/px4_msgs/msg/detail/vehicle_attitude__type_support.h\n'}
[2.054435] (px4_msgs) StdoutLine: {'line': b'-- Up-to-date: /home/rschnurr/SkyClaw-Team1/ros2_ws/install/px4_msgs/include/px4_msgs/px4_msgs/msg/detail/rate_ctrl_status__functions.h\n'}
[2.054468] (px4_msgs) StdoutLine: {'line': b'-- Up-to-date: /home/rschnurr/SkyClaw-Team1/ros2_ws/install/px4_msgs/include/px4_msgs/px4_msgs/msg/detail/vehicle_imu_status__functions.c\n'}
[2.054499] (px4_msgs) StdoutLine: {'line': b'-- Up-to-date: /home/rschnurr/SkyClaw-Team1/ros2_ws/install/px4_msgs/include/px4_msgs/px4_msgs/msg/detail/gimbal_controls__functions.c\n'}
[2.054532] (px4_msgs) StdoutLine: {'line': b'-- Up-to-date: /home/rschnurr/SkyClaw-Team1/ros2_ws/install/px4_msgs/include/px4_msgs/px4_msgs/msg/detail/collision_constraints__type_support.h\n'}
[2.054740] (px4_msgs) StdoutLine: {'line': b'-- Up-to-date: /home/rschnurr/SkyClaw-Team1/ros2_ws/install/px4_msgs/include/px4_msgs/px4_msgs/msg/detail/generator_status__struct.h\n'}
[2.054916] (px4_msgs) StdoutLine: {'line': b'-- Up-to-date: /home/rschnurr/SkyClaw-Team1/ros2_ws/install/px4_msgs/include/px4_msgs/px4_msgs/msg/detail/parameter_reset_request__functions.h\n'}
[2.055084] (px4_msgs) StdoutLine: {'line': b'-- Up-to-date: /home/rschnurr/SkyClaw-Team1/ros2_ws/install/px4_msgs/include/px4_msgs/px4_msgs/msg/detail/led_control__functions.h\n'}
[2.055255] (px4_msgs) StdoutLine: {'line': b'-- Up-to-date: /home/rschnurr/SkyClaw-Team1/ros2_ws/install/px4_msgs/include/px4_msgs/px4_msgs/msg/detail/landing_target_innovations__functions.h\n'}
[2.055713] (px4_msgs) StdoutLine: {'line': b'-- Up-to-date: /home/rschnurr/SkyClaw-Team1/ros2_ws/install/px4_msgs/include/px4_msgs/px4_msgs/msg/detail/open_drone_id_system__functions.h\n'}
[2.055876] (px4_msgs) StdoutLine: {'line': b'-- Up-to-date: /home/rschnurr/SkyClaw-Team1/ros2_ws/install/px4_msgs/include/px4_msgs/px4_msgs/msg/detail/landing_target_pose__functions.c\n'}
[2.055936] (px4_msgs) StdoutLine: {'line': b'-- Up-to-date: /home/rschnurr/SkyClaw-Team1/ros2_ws/install/px4_msgs/include/px4_msgs/px4_msgs/msg/detail/landing_gear_wheel__functions.c\n'}
[2.055976] (px4_msgs) StdoutLine: {'line': b'-- Up-to-date: /home/rschnurr/SkyClaw-Team1/ros2_ws/install/px4_msgs/include/px4_msgs/px4_msgs/msg/detail/satellite_info__functions.h\n'}
[2.056010] (px4_msgs) StdoutLine: {'line': b'-- Up-to-date: /home/rschnurr/SkyClaw-Team1/ros2_ws/install/px4_msgs/include/px4_msgs/px4_msgs/msg/detail/tecs_status__type_support.h\n'}
[2.056041] (px4_msgs) StdoutLine: {'line': b'-- Up-to-date: /home/rschnurr/SkyClaw-Team1/ros2_ws/install/px4_msgs/include/px4_msgs/px4_msgs/msg/detail/takeoff_status__struct.h\n'}
[2.056167] (px4_msgs) StdoutLine: {'line': b'-- Up-to-date: /home/rschnurr/SkyClaw-Team1/ros2_ws/install/px4_msgs/include/px4_msgs/px4_msgs/msg/detail/parameter_set_used_request__functions.h\n'}
[2.056224] (px4_msgs) StdoutLine: {'line': b'-- Up-to-date: /home/rschnurr/SkyClaw-Team1/ros2_ws/install/px4_msgs/include/px4_msgs/px4_msgs/msg/detail/rover_rate_setpoint__struct.h\n'}
[2.056262] (px4_msgs) StdoutLine: {'line': b'-- Up-to-date: /home/rschnurr/SkyClaw-Team1/ros2_ws/install/px4_msgs/include/px4_msgs/px4_msgs/msg/detail/input_rc__type_support.h\n'}
[2.056295] (px4_msgs) StdoutLine: {'line': b'-- Up-to-date: /home/rschnurr/SkyClaw-Team1/ros2_ws/install/px4_msgs/include/px4_msgs/px4_msgs/msg/detail/longitudinal_control_configuration__struct.h\n'}
[2.056446] (px4_msgs) StdoutLine: {'line': b'-- Up-to-date: /home/rschnurr/SkyClaw-Team1/ros2_ws/install/px4_msgs/include/px4_msgs/px4_msgs/msg/detail/dataman_response__functions.c\n'}
[2.056715] (px4_msgs) StdoutLine: {'line': b'-- Up-to-date: /home/rschnurr/SkyClaw-Team1/ros2_ws/install/px4_msgs/include/px4_msgs/px4_msgs/msg/detail/button_event__functions.c\n'}
[2.056768] (px4_msgs) StdoutLine: {'line': b'-- Up-to-date: /home/rschnurr/SkyClaw-Team1/ros2_ws/install/px4_msgs/include/px4_msgs/px4_msgs/msg/detail/cellular_status__type_support.h\n'}
[2.056807] (px4_msgs) StdoutLine: {'line': b'-- Up-to-date: /home/rschnurr/SkyClaw-Team1/ros2_ws/install/px4_msgs/include/px4_msgs/px4_msgs/msg/detail/gripper__type_support.h\n'}
[2.056846] (px4_msgs) StdoutLine: {'line': b'-- Up-to-date: /home/rschnurr/SkyClaw-Team1/ros2_ws/install/px4_msgs/include/px4_msgs/px4_msgs/msg/detail/vehicle_imu__functions.c\n'}
[2.057901] (px4_msgs) StdoutLine: {'line': b'-- Up-to-date: /home/rschnurr/SkyClaw-Team1/ros2_ws/install/px4_msgs/include/px4_msgs/px4_msgs/msg/detail/airspeed__type_support.h\n'}
[2.058133] (px4_msgs) StdoutLine: {'line': b'-- Up-to-date: /home/rschnurr/SkyClaw-Team1/ros2_ws/install/px4_msgs/include/px4_msgs/px4_msgs/msg/detail/timesync_status__struct.h\n'}
[2.058254] (px4_msgs) StdoutLine: {'line': b'-- Up-to-date: /home/rschnurr/SkyClaw-Team1/ros2_ws/install/px4_msgs/include/px4_msgs/px4_msgs/msg/detail/vehicle_command__functions.c\n'}
[2.058367] (px4_msgs) StdoutLine: {'line': b'-- Up-to-date: /home/rschnurr/SkyClaw-Team1/ros2_ws/install/px4_msgs/include/px4_msgs/px4_msgs/msg/detail/can_interface_status__struct.h\n'}
[2.058423] (px4_msgs) StdoutLine: {'line': b'-- Up-to-date: /home/rschnurr/SkyClaw-Team1/ros2_ws/install/px4_msgs/include/px4_msgs/px4_msgs/msg/detail/figure_eight_status__type_support.h\n'}
[2.058468] (px4_msgs) StdoutLine: {'line': b'-- Up-to-date: /home/rschnurr/SkyClaw-Team1/ros2_ws/install/px4_msgs/include/px4_msgs/px4_msgs/msg/detail/goto_setpoint__functions.c\n'}
[2.058573] (px4_msgs) StdoutLine: {'line': b'-- Up-to-date: /home/rschnurr/SkyClaw-Team1/ros2_ws/install/px4_msgs/include/px4_msgs/px4_msgs/msg/detail/vtol_vehicle_status__type_support.h\n'}
[2.058630] (px4_msgs) StdoutLine: {'line': b'-- Up-to-date: /home/rschnurr/SkyClaw-Team1/ros2_ws/install/px4_msgs/include/px4_msgs/px4_msgs/msg/detail/mount_orientation__type_support.h\n'}
[2.058705] (px4_msgs) StdoutLine: {'line': b'-- Up-to-date: /home/rschnurr/SkyClaw-Team1/ros2_ws/install/px4_msgs/include/px4_msgs/px4_msgs/msg/detail/velocity_limits__functions.h\n'}
[2.058794] (px4_msgs) StdoutLine: {'line': b'-- Up-to-date: /home/rschnurr/SkyClaw-Team1/ros2_ws/install/px4_msgs/include/px4_msgs/px4_msgs/msg/detail/distance_sensor__struct.h\n'}
[2.058903] (px4_msgs) StdoutLine: {'line': b'-- Up-to-date: /home/rschnurr/SkyClaw-Team1/ros2_ws/install/px4_msgs/include/px4_msgs/px4_msgs/msg/detail/vehicle_status__struct.h\n'}
[2.059023] (px4_msgs) StdoutLine: {'line': b'-- Up-to-date: /home/rschnurr/SkyClaw-Team1/ros2_ws/install/px4_msgs/include/px4_msgs/px4_msgs/msg/detail/uavcan_parameter_request__functions.h\n'}
[2.059785] (px4_msgs) StdoutLine: {'line': b'-- Up-to-date: /home/rschnurr/SkyClaw-Team1/ros2_ws/install/px4_msgs/include/px4_msgs/px4_msgs/msg/detail/actuator_controls_status__functions.h\n'}
[2.060026] (px4_msgs) StdoutLine: {'line': b'-- Up-to-date: /home/rschnurr/SkyClaw-Team1/ros2_ws/install/px4_msgs/include/px4_msgs/px4_msgs/msg/detail/velocity_limits__struct.h\n'}
[2.060106] (px4_msgs) StdoutLine: {'line': b'-- Up-to-date: /home/rschnurr/SkyClaw-Team1/ros2_ws/install/px4_msgs/include/px4_msgs/px4_msgs/msg/detail/gpio_out__functions.c\n'}
[2.060158] (px4_msgs) StdoutLine: {'line': b'-- Up-to-date: /home/rschnurr/SkyClaw-Team1/ros2_ws/install/px4_msgs/include/px4_msgs/px4_msgs/msg/detail/gps_dump__struct.h\n'}
[2.060612] (px4_msgs) StdoutLine: {'line': b'-- Up-to-date: /home/rschnurr/SkyClaw-Team1/ros2_ws/install/px4_msgs/include/px4_msgs/px4_msgs/msg/detail/register_ext_component_reply__functions.h\n'}
[2.060672] (px4_msgs) StdoutLine: {'line': b'-- Up-to-date: /home/rschnurr/SkyClaw-Team1/ros2_ws/install/px4_msgs/include/px4_msgs/px4_msgs/msg/detail/transponder_report__struct.h\n'}
[2.060726] (px4_msgs) StdoutLine: {'line': b'-- Up-to-date: /home/rschnurr/SkyClaw-Team1/ros2_ws/install/px4_msgs/include/px4_msgs/px4_msgs/msg/detail/vehicle_command_ack__functions.h\n'}
[2.060838] (px4_msgs) StdoutLine: {'line': b'-- Up-to-date: /home/rschnurr/SkyClaw-Team1/ros2_ws/install/px4_msgs/include/px4_msgs/px4_msgs/msg/detail/vehicle_rates_setpoint__functions.c\n'}
[2.060935] (px4_msgs) StdoutLine: {'line': b'-- Up-to-date: /home/rschnurr/SkyClaw-Team1/ros2_ws/install/px4_msgs/include/px4_msgs/px4_msgs/msg/detail/px4io_status__type_support.h\n'}
[2.061232] (px4_msgs) StdoutLine: {'line': b'-- Up-to-date: /home/rschnurr/SkyClaw-Team1/ros2_ws/install/px4_msgs/include/px4_msgs/px4_msgs/msg/detail/camera_capture__type_support.h\n'}
[2.061309] (px4_msgs) StdoutLine: {'line': b'-- Up-to-date: /home/rschnurr/SkyClaw-Team1/ros2_ws/install/px4_msgs/include/px4_msgs/px4_msgs/msg/detail/launch_detection_status__struct.h\n'}
[2.061367] (px4_msgs) StdoutLine: {'line': b'-- Up-to-date: /home/rschnurr/SkyClaw-Team1/ros2_ws/install/px4_msgs/include/px4_msgs/px4_msgs/msg/detail/ekf2_timestamps__functions.c\n'}
[2.061413] (px4_msgs) StdoutLine: {'line': b'-- Up-to-date: /home/rschnurr/SkyClaw-Team1/ros2_ws/install/px4_msgs/include/px4_msgs/px4_msgs/msg/detail/landing_gear__functions.h\n'}
[2.061476] (px4_msgs) StdoutLine: {'line': b'-- Up-to-date: /home/rschnurr/SkyClaw-Team1/ros2_ws/install/px4_msgs/include/px4_msgs/px4_msgs/msg/detail/actuator_motors__struct.h\n'}
[2.061561] (px4_msgs) StdoutLine: {'line': b'-- Up-to-date: /home/rschnurr/SkyClaw-Team1/ros2_ws/install/px4_msgs/include/px4_msgs/px4_msgs/msg/detail/event__struct.h\n'}
[2.061661] (px4_msgs) StdoutLine: {'line': b'-- Up-to-date: /home/rschnurr/SkyClaw-Team1/ros2_ws/install/px4_msgs/include/px4_msgs/px4_msgs/msg/detail/transponder_report__functions.c\n'}
[2.061715] (px4_msgs) StdoutLine: {'line': b'-- Up-to-date: /home/rschnurr/SkyClaw-Team1/ros2_ws/install/px4_msgs/include/px4_msgs/px4_msgs/msg/detail/cpuload__functions.c\n'}
[2.061766] (px4_msgs) StdoutLine: {'line': b'-- Up-to-date: /home/rschnurr/SkyClaw-Team1/ros2_ws/install/px4_msgs/include/px4_msgs/px4_msgs/msg/detail/vehicle_angular_velocity__functions.c\n'}
[2.061811] (px4_msgs) StdoutLine: {'line': b'-- Up-to-date: /home/rschnurr/SkyClaw-Team1/ros2_ws/install/px4_msgs/include/px4_msgs/px4_msgs/msg/detail/actuator_servos_trim__type_support.h\n'}
[2.061850] (px4_msgs) StdoutLine: {'line': b'-- Up-to-date: /home/rschnurr/SkyClaw-Team1/ros2_ws/install/px4_msgs/include/px4_msgs/px4_msgs/msg/detail/sensor_correction__functions.h\n'}
[2.061942] (px4_msgs) StdoutLine: {'line': b'-- Up-to-date: /home/rschnurr/SkyClaw-Team1/ros2_ws/install/px4_msgs/include/px4_msgs/px4_msgs/msg/detail/transponder_report__functions.h\n'}
[2.062025] (px4_msgs) StdoutLine: {'line': b'-- Up-to-date: /home/rschnurr/SkyClaw-Team1/ros2_ws/install/px4_msgs/include/px4_msgs/px4_msgs/msg/detail/pwm_input__type_support.h\n'}
[2.062069] (px4_msgs) StdoutLine: {'line': b'-- Up-to-date: /home/rschnurr/SkyClaw-Team1/ros2_ws/install/px4_msgs/include/px4_msgs/px4_msgs/msg/detail/register_ext_component_reply__struct.h\n'}
[2.062112] (px4_msgs) StdoutLine: {'line': b'-- Up-to-date: /home/rschnurr/SkyClaw-Team1/ros2_ws/install/px4_msgs/include/px4_msgs/px4_msgs/msg/detail/debug_vect__struct.h\n'}
[2.062207] (px4_msgs) StdoutLine: {'line': b'-- Up-to-date: /home/rschnurr/SkyClaw-Team1/ros2_ws/install/px4_msgs/include/px4_msgs/px4_msgs/msg/detail/vehicle_optical_flow__functions.c\n'}
[2.062302] (px4_msgs) StdoutLine: {'line': b'-- Up-to-date: /home/rschnurr/SkyClaw-Team1/ros2_ws/install/px4_msgs/include/px4_msgs/px4_msgs/msg/detail/battery_info__struct.h\n'}
[2.062385] (px4_msgs) StdoutLine: {'line': b'-- Up-to-date: /home/rschnurr/SkyClaw-Team1/ros2_ws/install/px4_msgs/include/px4_msgs/px4_msgs/msg/detail/actuator_armed__functions.c\n'}
[2.062443] (px4_msgs) StdoutLine: {'line': b'-- Up-to-date: /home/rschnurr/SkyClaw-Team1/ros2_ws/install/px4_msgs/include/px4_msgs/px4_msgs/msg/detail/actuator_test__type_support.h\n'}
[2.062507] (px4_msgs) StdoutLine: {'line': b'-- Up-to-date: /home/rschnurr/SkyClaw-Team1/ros2_ws/install/px4_msgs/include/px4_msgs/px4_msgs/msg/detail/gimbal_manager_status__type_support.h\n'}
[2.062598] (px4_msgs) StdoutLine: {'line': b'-- Up-to-date: /home/rschnurr/SkyClaw-Team1/ros2_ws/install/px4_msgs/include/px4_msgs/px4_msgs/msg/detail/fixed_wing_longitudinal_setpoint__functions.c\n'}
[2.062690] (px4_msgs) StdoutLine: {'line': b'-- Up-to-date: /home/rschnurr/SkyClaw-Team1/ros2_ws/install/px4_msgs/include/px4_msgs/px4_msgs/msg/detail/estimator_aid_source3d__functions.h\n'}
[2.062743] (px4_msgs) StdoutLine: {'line': b'-- Up-to-date: /home/rschnurr/SkyClaw-Team1/ros2_ws/install/px4_msgs/include/px4_msgs/px4_msgs/msg/detail/open_drone_id_operator_id__functions.c\n'}
[2.062788] (px4_msgs) StdoutLine: {'line': b'-- Up-to-date: /home/rschnurr/SkyClaw-Team1/ros2_ws/install/px4_msgs/include/px4_msgs/px4_msgs/msg/detail/sensor_optical_flow__type_support.h\n'}
[2.062821] (px4_msgs) StdoutLine: {'line': b'-- Up-to-date: /home/rschnurr/SkyClaw-Team1/ros2_ws/install/px4_msgs/include/px4_msgs/px4_msgs/msg/detail/actuator_outputs__functions.h\n'}
[2.062855] (px4_msgs) StdoutLine: {'line': b'-- Up-to-date: /home/rschnurr/SkyClaw-Team1/ros2_ws/install/px4_msgs/include/px4_msgs/px4_msgs/msg/detail/sensors_status_imu__type_support.h\n'}
[2.062935] (px4_msgs) StdoutLine: {'line': b'-- Up-to-date: /home/rschnurr/SkyClaw-Team1/ros2_ws/install/px4_msgs/include/px4_msgs/px4_msgs/msg/detail/follow_target__type_support.h\n'}
[2.062999] (px4_msgs) StdoutLine: {'line': b'-- Up-to-date: /home/rschnurr/SkyClaw-Team1/ros2_ws/install/px4_msgs/include/px4_msgs/px4_msgs/msg/detail/rtl_time_estimate__struct.h\n'}
[2.063037] (px4_msgs) StdoutLine: {'line': b'-- Up-to-date: /home/rschnurr/SkyClaw-Team1/ros2_ws/install/px4_msgs/include/px4_msgs/px4_msgs/msg/detail/rpm__functions.h\n'}
[2.063068] (px4_msgs) StdoutLine: {'line': b'-- Up-to-date: /home/rschnurr/SkyClaw-Team1/ros2_ws/install/px4_msgs/include/px4_msgs/px4_msgs/msg/detail/vehicle_constraints__functions.h\n'}
[2.063097] (px4_msgs) StdoutLine: {'line': b'-- Up-to-date: /home/rschnurr/SkyClaw-Team1/ros2_ws/install/px4_msgs/include/px4_msgs/px4_msgs/msg/detail/vehicle_local_position_setpoint__functions.c\n'}
[2.063165] (px4_msgs) StdoutLine: {'line': b'-- Up-to-date: /home/rschnurr/SkyClaw-Team1/ros2_ws/install/px4_msgs/include/px4_msgs/px4_msgs/msg/detail/sensor_airflow__type_support.h\n'}
[2.063204] (px4_msgs) StdoutLine: {'line': b'-- Up-to-date: /home/rschnurr/SkyClaw-Team1/ros2_ws/install/px4_msgs/include/px4_msgs/px4_msgs/msg/detail/gimbal_manager_information__struct.h\n'}
[2.063256] (px4_msgs) StdoutLine: {'line': b'-- Up-to-date: /home/rschnurr/SkyClaw-Team1/ros2_ws/install/px4_msgs/include/px4_msgs/px4_msgs/msg/detail/log_message__functions.h\n'}
[2.063349] (px4_msgs) StdoutLine: {'line': b'-- Up-to-date: /home/rschnurr/SkyClaw-Team1/ros2_ws/install/px4_msgs/include/px4_msgs/px4_msgs/msg/detail/sensor_uwb__type_support.h\n'}
[2.063393] (px4_msgs) StdoutLine: {'line': b'-- Up-to-date: /home/rschnurr/SkyClaw-Team1/ros2_ws/install/px4_msgs/include/px4_msgs/px4_msgs/msg/detail/logger_status__functions.h\n'}
[2.063426] (px4_msgs) StdoutLine: {'line': b'-- Up-to-date: /home/rschnurr/SkyClaw-Team1/ros2_ws/install/px4_msgs/include/px4_msgs/px4_msgs/msg/detail/actuator_servos_trim__functions.c\n'}
[2.063503] (px4_msgs) StdoutLine: {'line': b'-- Up-to-date: /home/rschnurr/SkyClaw-Team1/ros2_ws/install/px4_msgs/include/px4_msgs/px4_msgs/msg/detail/vehicle_acceleration__functions.c\n'}
[2.063602] (px4_msgs) StdoutLine: {'line': b'-- Up-to-date: /home/rschnurr/SkyClaw-Team1/ros2_ws/install/px4_msgs/include/px4_msgs/px4_msgs/msg/detail/rtl_status__functions.c\n'}
[2.063653] (px4_msgs) StdoutLine: {'line': b'-- Up-to-date: /home/rschnurr/SkyClaw-Team1/ros2_ws/install/px4_msgs/include/px4_msgs/px4_msgs/msg/detail/uavcan_parameter_request__struct.h\n'}
[2.063692] (px4_msgs) StdoutLine: {'line': b'-- Up-to-date: /home/rschnurr/SkyClaw-Team1/ros2_ws/install/px4_msgs/include/px4_msgs/px4_msgs/msg/detail/camera_status__struct.h\n'}
[2.063766] (px4_msgs) StdoutLine: {'line': b'-- Up-to-date: /home/rschnurr/SkyClaw-Team1/ros2_ws/install/px4_msgs/include/px4_msgs/px4_msgs/msg/detail/fixed_wing_lateral_status__functions.c\n'}
[2.063964] (px4_msgs) StdoutLine: {'line': b'-- Up-to-date: /home/rschnurr/SkyClaw-Team1/ros2_ws/install/px4_msgs/include/px4_msgs/px4_msgs/msg/detail/adc_report__functions.c\n'}
[2.064006] (px4_msgs) StdoutLine: {'line': b'-- Up-to-date: /home/rschnurr/SkyClaw-Team1/ros2_ws/install/px4_msgs/include/px4_msgs/px4_msgs/msg/detail/orb_test__type_support.h\n'}
[2.064039] (px4_msgs) StdoutLine: {'line': b'-- Up-to-date: /home/rschnurr/SkyClaw-Team1/ros2_ws/install/px4_msgs/include/px4_msgs/px4_msgs/msg/detail/autotune_attitude_control_status__functions.c\n'}
[2.064064] (px4_msgs) StdoutLine: {'line': b'-- Up-to-date: /home/rschnurr/SkyClaw-Team1/ros2_ws/install/px4_msgs/include/px4_msgs/px4_msgs/msg/detail/gimbal_controls__type_support.h\n'}
[2.064089] (px4_msgs) StdoutLine: {'line': b'-- Up-to-date: /home/rschnurr/SkyClaw-Team1/ros2_ws/install/px4_msgs/include/px4_msgs/px4_msgs/msg/detail/cpuload__functions.h\n'}
[2.064113] (px4_msgs) StdoutLine: {'line': b'-- Up-to-date: /home/rschnurr/SkyClaw-Team1/ros2_ws/install/px4_msgs/include/px4_msgs/px4_msgs/msg/detail/sensor_mag__struct.h\n'}
[2.064135] (px4_msgs) StdoutLine: {'line': b'-- Up-to-date: /home/rschnurr/SkyClaw-Team1/ros2_ws/install/px4_msgs/include/px4_msgs/px4_msgs/msg/detail/mavlink_tunnel__type_support.h\n'}
[2.064156] (px4_msgs) StdoutLine: {'line': b'-- Up-to-date: /home/rschnurr/SkyClaw-Team1/ros2_ws/install/px4_msgs/include/px4_msgs/px4_msgs/msg/detail/estimator_aid_source1d__functions.h\n'}
[2.064180] (px4_msgs) StdoutLine: {'line': b'-- Up-to-date: /home/rschnurr/SkyClaw-Team1/ros2_ws/install/px4_msgs/include/px4_msgs/px4_msgs/msg/detail/open_drone_id_operator_id__struct.h\n'}
[2.064210] (px4_msgs) StdoutLine: {'line': b'-- Up-to-date: /home/rschnurr/SkyClaw-Team1/ros2_ws/install/px4_msgs/include/px4_msgs/px4_msgs/msg/detail/fixed_wing_longitudinal_setpoint__type_support.h\n'}
[2.064234] (px4_msgs) StdoutLine: {'line': b'-- Up-to-date: /home/rschnurr/SkyClaw-Team1/ros2_ws/install/px4_msgs/include/px4_msgs/px4_msgs/msg/detail/telemetry_status__type_support.h\n'}
[2.064257] (px4_msgs) StdoutLine: {'line': b'-- Up-to-date: /home/rschnurr/SkyClaw-Team1/ros2_ws/install/px4_msgs/include/px4_msgs/px4_msgs/msg/detail/parameter_set_value_request__type_support.h\n'}
[2.064286] (px4_msgs) StdoutLine: {'line': b'-- Up-to-date: /home/rschnurr/SkyClaw-Team1/ros2_ws/install/px4_msgs/include/px4_msgs/px4_msgs/msg/detail/offboard_control_mode__struct.h\n'}
[2.064308] (px4_msgs) StdoutLine: {'line': b'-- Up-to-date: /home/rschnurr/SkyClaw-Team1/ros2_ws/install/px4_msgs/include/px4_msgs/px4_msgs/msg/detail/vehicle_land_detected__struct.h\n'}
[2.064334] (px4_msgs) StdoutLine: {'line': b'-- Up-to-date: /home/rschnurr/SkyClaw-Team1/ros2_ws/install/px4_msgs/include/px4_msgs/px4_msgs/msg/detail/heater_status__struct.h\n'}
[2.064355] (px4_msgs) StdoutLine: {'line': b'-- Up-to-date: /home/rschnurr/SkyClaw-Team1/ros2_ws/install/px4_msgs/include/px4_msgs/px4_msgs/msg/detail/sensor_accel_fifo__struct.h\n'}
[2.064378] (px4_msgs) StdoutLine: {'line': b'-- Up-to-date: /home/rschnurr/SkyClaw-Team1/ros2_ws/install/px4_msgs/include/px4_msgs/px4_msgs/msg/detail/arming_check_reply__functions.c\n'}
[2.064401] (px4_msgs) StdoutLine: {'line': b'-- Up-to-date: /home/rschnurr/SkyClaw-Team1/ros2_ws/install/px4_msgs/include/px4_msgs/px4_msgs/msg/detail/mode_completed__functions.c\n'}
[2.064422] (px4_msgs) StdoutLine: {'line': b'-- Up-to-date: /home/rschnurr/SkyClaw-Team1/ros2_ws/install/px4_msgs/include/px4_msgs/px4_msgs/msg/detail/mission__struct.h\n'}
[2.064443] (px4_msgs) StdoutLine: {'line': b'-- Up-to-date: /home/rschnurr/SkyClaw-Team1/ros2_ws/install/px4_msgs/include/px4_msgs/px4_msgs/msg/detail/parameter_update__functions.c\n'}
[2.064464] (px4_msgs) StdoutLine: {'line': b'-- Up-to-date: /home/rschnurr/SkyClaw-Team1/ros2_ws/install/px4_msgs/include/px4_msgs/px4_msgs/msg/detail/differential_pressure__functions.h\n'}
[2.064485] (px4_msgs) StdoutLine: {'line': b'-- Up-to-date: /home/rschnurr/SkyClaw-Team1/ros2_ws/install/px4_msgs/include/px4_msgs/px4_msgs/msg/detail/position_setpoint__struct.h\n'}
[2.064509] (px4_msgs) StdoutLine: {'line': b'-- Up-to-date: /home/rschnurr/SkyClaw-Team1/ros2_ws/install/px4_msgs/include/px4_msgs/px4_msgs/msg/detail/manual_control_switches__functions.c\n'}
[2.064530] (px4_msgs) StdoutLine: {'line': b'-- Up-to-date: /home/rschnurr/SkyClaw-Team1/ros2_ws/install/px4_msgs/include/px4_msgs/px4_msgs/msg/detail/flight_phase_estimation__functions.c\n'}
[2.064558] (px4_msgs) StdoutLine: {'line': b'-- Up-to-date: /home/rschnurr/SkyClaw-Team1/ros2_ws/install/px4_msgs/include/px4_msgs/px4_msgs/msg/detail/estimator_selector_status__struct.h\n'}
[2.064588] (px4_msgs) StdoutLine: {'line': b'-- Up-to-date: /home/rschnurr/SkyClaw-Team1/ros2_ws/install/px4_msgs/include/px4_msgs/px4_msgs/msg/detail/input_rc__struct.h\n'}
[2.064659] (px4_msgs) StdoutLine: {'line': b'-- Up-to-date: /home/rschnurr/SkyClaw-Team1/ros2_ws/install/px4_msgs/include/px4_msgs/px4_msgs/msg/detail/rover_throttle_setpoint__struct.h\n'}
[2.064730] (px4_msgs) StdoutLine: {'line': b'-- Up-to-date: /home/rschnurr/SkyClaw-Team1/ros2_ws/install/px4_msgs/include/px4_msgs/px4_msgs/msg/detail/orbit_status__functions.h\n'}
[2.064784] (px4_msgs) StdoutLine: {'line': b'-- Up-to-date: /home/rschnurr/SkyClaw-Team1/ros2_ws/install/px4_msgs/include/px4_msgs/px4_msgs/msg/detail/rate_ctrl_status__functions.c\n'}
[2.064821] (px4_msgs) StdoutLine: {'line': b'-- Up-to-date: /home/rschnurr/SkyClaw-Team1/ros2_ws/install/px4_msgs/include/px4_msgs/px4_msgs/msg/detail/px4io_status__functions.h\n'}
[2.064858] (px4_msgs) StdoutLine: {'line': b'-- Up-to-date: /home/rschnurr/SkyClaw-Team1/ros2_ws/install/px4_msgs/include/px4_msgs/px4_msgs/msg/detail/vehicle_imu__struct.h\n'}
[2.064889] (px4_msgs) StdoutLine: {'line': b'-- Up-to-date: /home/rschnurr/SkyClaw-Team1/ros2_ws/install/px4_msgs/include/px4_msgs/px4_msgs/msg/detail/follow_target_status__type_support.h\n'}
[2.064920] (px4_msgs) StdoutLine: {'line': b'-- Up-to-date: /home/rschnurr/SkyClaw-Team1/ros2_ws/install/px4_msgs/include/px4_msgs/px4_msgs/msg/detail/gpio_in__functions.c\n'}
[2.064949] (px4_msgs) StdoutLine: {'line': b'-- Up-to-date: /home/rschnurr/SkyClaw-Team1/ros2_ws/install/px4_msgs/include/px4_msgs/px4_msgs/msg/detail/estimator_bias3d__functions.h\n'}
[2.065020] (px4_msgs) StdoutLine: {'line': b'-- Up-to-date: /home/rschnurr/SkyClaw-Team1/ros2_ws/install/px4_msgs/include/px4_msgs/px4_msgs/msg/detail/navigator_mission_item__functions.c\n'}
[2.065242] (px4_msgs) StdoutLine: {'line': b'-- Up-to-date: /home/rschnurr/SkyClaw-Team1/ros2_ws/install/px4_msgs/include/px4_msgs/px4_msgs/msg/detail/sensor_accel__type_support.h\n'}
[2.065595] (px4_msgs) StdoutLine: {'line': b'-- Up-to-date: /home/rschnurr/SkyClaw-Team1/ros2_ws/install/px4_msgs/include/px4_msgs/px4_msgs/msg/detail/wind__functions.c\n'}
[2.066037] (px4_msgs) StdoutLine: {'line': b'-- Up-to-date: /home/rschnurr/SkyClaw-Team1/ros2_ws/install/px4_msgs/include/px4_msgs/px4_msgs/msg/detail/rpm__type_support.h\n'}
[2.066355] (px4_msgs) StdoutLine: {'line': b'-- Up-to-date: /home/rschnurr/SkyClaw-Team1/ros2_ws/install/px4_msgs/include/px4_msgs/px4_msgs/msg/detail/px4io_status__struct.h\n'}
[2.066427] (px4_msgs) StdoutLine: {'line': b'-- Up-to-date: /home/rschnurr/SkyClaw-Team1/ros2_ws/install/px4_msgs/include/px4_msgs/px4_msgs/msg/detail/gimbal_manager_information__functions.h\n'}
[2.066470] (px4_msgs) StdoutLine: {'line': b'-- Up-to-date: /home/rschnurr/SkyClaw-Team1/ros2_ws/install/px4_msgs/include/px4_msgs/px4_msgs/msg/detail/internal_combustion_engine_status__functions.h\n'}
[2.066505] (px4_msgs) StdoutLine: {'line': b'-- Up-to-date: /home/rschnurr/SkyClaw-Team1/ros2_ws/install/px4_msgs/include/px4_msgs/px4_msgs/msg/detail/vehicle_torque_setpoint__type_support.h\n'}
[2.066549] (px4_msgs) StdoutLine: {'line': b'-- Up-to-date: /home/rschnurr/SkyClaw-Team1/ros2_ws/install/px4_msgs/include/px4_msgs/px4_msgs/msg/detail/gimbal_device_set_attitude__struct.h\n'}
[2.066688] (px4_msgs) StdoutLine: {'line': b'-- Up-to-date: /home/rschnurr/SkyClaw-Team1/ros2_ws/install/px4_msgs/include/px4_msgs/px4_msgs/msg/detail/airspeed__functions.c\n'}
[2.066789] (px4_msgs) StdoutLine: {'line': b'-- Up-to-date: /home/rschnurr/SkyClaw-Team1/ros2_ws/install/px4_msgs/include/px4_msgs/px4_msgs/msg/detail/airspeed_validated__struct.h\n'}
[2.067089] (px4_msgs) StdoutLine: {'line': b'-- Up-to-date: /home/rschnurr/SkyClaw-Team1/ros2_ws/install/px4_msgs/include/px4_msgs/px4_msgs/msg/detail/collision_constraints__functions.h\n'}
[2.067418] (px4_msgs) StdoutLine: {'line': b'-- Up-to-date: /home/rschnurr/SkyClaw-Team1/ros2_ws/install/px4_msgs/include/px4_msgs/px4_msgs/msg/detail/mavlink_log__functions.h\n'}
[2.067524] (px4_msgs) StdoutLine: {'line': b'-- Up-to-date: /home/rschnurr/SkyClaw-Team1/ros2_ws/install/px4_msgs/include/px4_msgs/px4_msgs/msg/detail/position_controller_landing_status__struct.h\n'}
[2.067582] (px4_msgs) StdoutLine: {'line': b'-- Up-to-date: /home/rschnurr/SkyClaw-Team1/ros2_ws/install/px4_msgs/include/px4_msgs/px4_msgs/msg/detail/vehicle_local_position__type_support.h\n'}
[2.067634] (px4_msgs) StdoutLine: {'line': b'-- Up-to-date: /home/rschnurr/SkyClaw-Team1/ros2_ws/install/px4_msgs/include/px4_msgs/px4_msgs/msg/detail/trajectory_setpoint__functions.c\n'}
[2.067683] (px4_msgs) StdoutLine: {'line': b'-- Up-to-date: /home/rschnurr/SkyClaw-Team1/ros2_ws/install/px4_msgs/include/px4_msgs/px4_msgs/msg/detail/estimator_status_flags__struct.h\n'}
[2.067730] (px4_msgs) StdoutLine: {'line': b'-- Up-to-date: /home/rschnurr/SkyClaw-Team1/ros2_ws/install/px4_msgs/include/px4_msgs/px4_msgs/msg/detail/vehicle_angular_acceleration_setpoint__functions.c\n'}
[2.067802] (px4_msgs) StdoutLine: {'line': b'-- Up-to-date: /home/rschnurr/SkyClaw-Team1/ros2_ws/install/px4_msgs/include/px4_msgs/px4_msgs/msg/detail/estimator_status__type_support.h\n'}
[2.067845] (px4_msgs) StdoutLine: {'line': b'-- Up-to-date: /home/rschnurr/SkyClaw-Team1/ros2_ws/install/px4_msgs/include/px4_msgs/px4_msgs/msg/detail/follow_target_status__functions.h\n'}
[2.067894] (px4_msgs) StdoutLine: {'line': b'-- Up-to-date: /home/rschnurr/SkyClaw-Team1/ros2_ws/install/px4_msgs/include/px4_msgs/px4_msgs/msg/detail/led_control__struct.h\n'}
[2.067940] (px4_msgs) StdoutLine: {'line': b'-- Up-to-date: /home/rschnurr/SkyClaw-Team1/ros2_ws/install/px4_msgs/include/px4_msgs/px4_msgs/msg/detail/geofence_result__functions.c\n'}
[2.068279] (px4_msgs) StdoutLine: {'line': b'-- Up-to-date: /home/rschnurr/SkyClaw-Team1/ros2_ws/install/px4_msgs/include/px4_msgs/px4_msgs/msg/detail/estimator_sensor_bias__functions.h\n'}
[2.068481] (px4_msgs) StdoutLine: {'line': b'-- Up-to-date: /home/rschnurr/SkyClaw-Team1/ros2_ws/install/px4_msgs/include/px4_msgs/px4_msgs/msg/detail/rtl_time_estimate__functions.h\n'}
[2.068781] (px4_msgs) StdoutLine: {'line': b'-- Up-to-date: /home/rschnurr/SkyClaw-Team1/ros2_ws/install/px4_msgs/include/px4_msgs/px4_msgs/msg/detail/battery_status__functions.c\n'}
[2.069062] (px4_msgs) StdoutLine: {'line': b'-- Up-to-date: /home/rschnurr/SkyClaw-Team1/ros2_ws/install/px4_msgs/include/px4_msgs/px4_msgs/msg/detail/vehicle_global_position__functions.h\n'}
[2.069141] (px4_msgs) StdoutLine: {'line': b'-- Up-to-date: /home/rschnurr/SkyClaw-Team1/ros2_ws/install/px4_msgs/include/px4_msgs/px4_msgs/msg/detail/open_drone_id_arm_status__struct.h\n'}
[2.069198] (px4_msgs) StdoutLine: {'line': b'-- Up-to-date: /home/rschnurr/SkyClaw-Team1/ros2_ws/install/px4_msgs/include/px4_msgs/px4_msgs/msg/detail/vehicle_thrust_setpoint__type_support.h\n'}
[2.069252] (px4_msgs) StdoutLine: {'line': b'-- Up-to-date: /home/rschnurr/SkyClaw-Team1/ros2_ws/install/px4_msgs/include/px4_msgs/px4_msgs/msg/detail/estimator_innovations__struct.h\n'}
[2.069298] (px4_msgs) StdoutLine: {'line': b'-- Up-to-date: /home/rschnurr/SkyClaw-Team1/ros2_ws/install/px4_msgs/include/px4_msgs/px4_msgs/msg/detail/estimator_status__struct.h\n'}
[2.069342] (px4_msgs) StdoutLine: {'line': b'-- Up-to-date: /home/rschnurr/SkyClaw-Team1/ros2_ws/install/px4_msgs/include/px4_msgs/px4_msgs/msg/detail/rover_position_setpoint__functions.h\n'}
[2.069398] (px4_msgs) StdoutLine: {'line': b'-- Up-to-date: /home/rschnurr/SkyClaw-Team1/ros2_ws/install/px4_msgs/include/px4_msgs/px4_msgs/msg/detail/fuel_tank_status__type_support.h\n'}
[2.069444] (px4_msgs) StdoutLine: {'line': b'-- Up-to-date: /home/rschnurr/SkyClaw-Team1/ros2_ws/install/px4_msgs/include/px4_msgs/px4_msgs/msg/detail/landing_gear__struct.h\n'}
[2.069890] (px4_msgs) StdoutLine: {'line': b'-- Up-to-date: /home/rschnurr/SkyClaw-Team1/ros2_ws/install/px4_msgs/include/px4_msgs/px4_msgs/msg/detail/sensor_gps__functions.c\n'}
[2.070173] (px4_msgs) StdoutLine: {'line': b'-- Up-to-date: /home/rschnurr/SkyClaw-Team1/ros2_ws/install/px4_msgs/include/px4_msgs/px4_msgs/msg/detail/vehicle_status__functions.h\n'}
[2.070283] (px4_msgs) StdoutLine: {'line': b'-- Up-to-date: /home/rschnurr/SkyClaw-Team1/ros2_ws/install/px4_msgs/include/px4_msgs/px4_msgs/msg/detail/normalized_unsigned_setpoint__struct.h\n'}
[2.070870] (px4_msgs) StdoutLine: {'line': b'-- Up-to-date: /home/rschnurr/SkyClaw-Team1/ros2_ws/install/px4_msgs/include/px4_msgs/px4_msgs/msg/detail/parameter_update__struct.h\n'}
[2.071109] (px4_msgs) StdoutLine: {'line': b'-- Up-to-date: /home/rschnurr/SkyClaw-Team1/ros2_ws/install/px4_msgs/include/px4_msgs/px4_msgs/msg/detail/rover_speed_setpoint__functions.c\n'}
[2.071262] (px4_msgs) StdoutLine: {'line': b'-- Up-to-date: /home/rschnurr/SkyClaw-Team1/ros2_ws/install/px4_msgs/include/px4_msgs/px4_msgs/msg/detail/debug_vect__functions.c\n'}
[2.071332] (px4_msgs) StdoutLine: {'line': b'-- Up-to-date: /home/rschnurr/SkyClaw-Team1/ros2_ws/install/px4_msgs/include/px4_msgs/px4_msgs/msg/detail/iridiumsbd_status__functions.h\n'}
[2.071385] (px4_msgs) StdoutLine: {'line': b'-- Up-to-date: /home/rschnurr/SkyClaw-Team1/ros2_ws/install/px4_msgs/include/px4_msgs/px4_msgs/msg/detail/sensor_preflight_mag__functions.c\n'}
[2.071730] (px4_msgs) StdoutLine: {'line': b'-- Up-to-date: /home/rschnurr/SkyClaw-Team1/ros2_ws/install/px4_msgs/include/px4_msgs/px4_msgs/msg/detail/position_controller_landing_status__functions.h\n'}
[2.071858] (px4_msgs) StdoutLine: {'line': b'-- Up-to-date: /home/rschnurr/SkyClaw-Team1/ros2_ws/install/px4_msgs/include/px4_msgs/px4_msgs/msg/detail/position_controller_landing_status__type_support.h\n'}
[2.072010] (px4_msgs) StdoutLine: {'line': b'-- Up-to-date: /home/rschnurr/SkyClaw-Team1/ros2_ws/install/px4_msgs/include/px4_msgs/px4_msgs/msg/detail/estimator_aid_source2d__struct.h\n'}
[2.072083] (px4_msgs) StdoutLine: {'line': b'-- Up-to-date: /home/rschnurr/SkyClaw-Team1/ros2_ws/install/px4_msgs/include/px4_msgs/px4_msgs/msg/detail/actuator_armed__type_support.h\n'}
[2.072129] (px4_msgs) StdoutLine: {'line': b'-- Up-to-date: /home/rschnurr/SkyClaw-Team1/ros2_ws/install/px4_msgs/include/px4_msgs/px4_msgs/msg/detail/fixed_wing_lateral_status__functions.h\n'}
[2.072180] (px4_msgs) StdoutLine: {'line': b'-- Up-to-date: /home/rschnurr/SkyClaw-Team1/ros2_ws/install/px4_msgs/include/px4_msgs/px4_msgs/msg/detail/orbit_status__struct.h\n'}
[2.072940] (px4_msgs) StdoutLine: {'line': b'-- Up-to-date: /home/rschnurr/SkyClaw-Team1/ros2_ws/install/px4_msgs/include/px4_msgs/px4_msgs/msg/detail/uavcan_parameter_value__struct.h\n'}
[2.073019] (px4_msgs) StdoutLine: {'line': b'-- Up-to-date: /home/rschnurr/SkyClaw-Team1/ros2_ws/install/px4_msgs/include/px4_msgs/px4_msgs/msg/detail/control_allocator_status__type_support.h\n'}
[2.073081] (px4_msgs) StdoutLine: {'line': b'-- Up-to-date: /home/rschnurr/SkyClaw-Team1/ros2_ws/install/px4_msgs/include/px4_msgs/px4_msgs/msg/detail/collision_constraints__functions.c\n'}
[2.073127] (px4_msgs) StdoutLine: {'line': b'-- Up-to-date: /home/rschnurr/SkyClaw-Team1/ros2_ws/install/px4_msgs/include/px4_msgs/px4_msgs/msg/detail/failure_detector_status__functions.c\n'}
[2.073259] (px4_msgs) StdoutLine: {'line': b'-- Up-to-date: /home/rschnurr/SkyClaw-Team1/ros2_ws/install/px4_msgs/include/px4_msgs/px4_msgs/msg/detail/mode_completed__struct.h\n'}
[2.073333] (px4_msgs) StdoutLine: {'line': b'-- Up-to-date: /home/rschnurr/SkyClaw-Team1/ros2_ws/install/px4_msgs/include/px4_msgs/px4_msgs/msg/detail/figure_eight_status__functions.c\n'}
[2.073385] (px4_msgs) StdoutLine: {'line': b'-- Up-to-date: /home/rschnurr/SkyClaw-Team1/ros2_ws/install/px4_msgs/include/px4_msgs/px4_msgs/msg/detail/landing_target_innovations__type_support.h\n'}
[2.073442] (px4_msgs) StdoutLine: {'line': b'-- Up-to-date: /home/rschnurr/SkyClaw-Team1/ros2_ws/install/px4_msgs/include/px4_msgs/px4_msgs/msg/detail/sensor_gyro__struct.h\n'}
[2.073741] (px4_msgs) StdoutLine: {'line': b'-- Up-to-date: /home/rschnurr/SkyClaw-Team1/ros2_ws/install/px4_msgs/include/px4_msgs/px4_msgs/msg/detail/timesync_status__functions.h\n'}
[2.074431] (px4_msgs) StdoutLine: {'line': b'-- Up-to-date: /home/rschnurr/SkyClaw-Team1/ros2_ws/install/px4_msgs/include/px4_msgs/px4_msgs/msg/detail/power_button_state__struct.h\n'}
[2.074580] (px4_msgs) StdoutLine: {'line': b'-- Up-to-date: /home/rschnurr/SkyClaw-Team1/ros2_ws/install/px4_msgs/include/px4_msgs/px4_msgs/msg/detail/pure_pursuit_status__functions.h\n'}
[2.074789] (px4_msgs) StdoutLine: {'line': b'-- Up-to-date: /home/rschnurr/SkyClaw-Team1/ros2_ws/install/px4_msgs/include/px4_msgs/px4_msgs/msg/detail/actuator_motors__functions.h\n'}
[2.075039] (px4_msgs) StdoutLine: {'line': b'-- Up-to-date: /home/rschnurr/SkyClaw-Team1/ros2_ws/install/px4_msgs/include/px4_msgs/px4_msgs/msg/detail/failsafe_flags__type_support.h\n'}
[2.075582] (px4_msgs) StdoutLine: {'line': b'-- Up-to-date: /home/rschnurr/SkyClaw-Team1/ros2_ws/install/px4_msgs/include/px4_msgs/px4_msgs/msg/detail/figure_eight_status__functions.h\n'}
[2.075666] (px4_msgs) StdoutLine: {'line': b'-- Up-to-date: /home/rschnurr/SkyClaw-Team1/ros2_ws/install/px4_msgs/include/px4_msgs/px4_msgs/msg/detail/navigator_mission_item__functions.h\n'}
[2.075803] (px4_msgs) StdoutLine: {'line': b'-- Up-to-date: /home/rschnurr/SkyClaw-Team1/ros2_ws/install/px4_msgs/include/px4_msgs/px4_msgs/msg/detail/geofence_result__type_support.h\n'}
[2.075865] (px4_msgs) StdoutLine: {'line': b'-- Up-to-date: /home/rschnurr/SkyClaw-Team1/ros2_ws/install/px4_msgs/include/px4_msgs/px4_msgs/msg/detail/open_drone_id_self_id__struct.h\n'}
[2.075919] (px4_msgs) StdoutLine: {'line': b'-- Up-to-date: /home/rschnurr/SkyClaw-Team1/ros2_ws/install/px4_msgs/include/px4_msgs/px4_msgs/msg/detail/vehicle_command_ack__functions.c\n'}
[2.076030] (px4_msgs) StdoutLine: {'line': b'-- Up-to-date: /home/rschnurr/SkyClaw-Team1/ros2_ws/install/px4_msgs/include/px4_msgs/px4_msgs/msg/detail/gpio_out__type_support.h\n'}
[2.077937] (px4_msgs) StdoutLine: {'line': b'-- Up-to-date: /home/rschnurr/SkyClaw-Team1/ros2_ws/install/px4_msgs/include/px4_msgs/px4_msgs/msg/detail/orb_test__functions.c\n'}
[2.078679] (px4_msgs) StdoutLine: {'line': b'-- Up-to-date: /home/rschnurr/SkyClaw-Team1/ros2_ws/install/px4_msgs/include/px4_msgs/px4_msgs/msg/detail/wind__struct.h\n'}
[2.079862] (px4_msgs) StdoutLine: {'line': b'-- Up-to-date: /home/rschnurr/SkyClaw-Team1/ros2_ws/install/px4_msgs/include/px4_msgs/px4_msgs/msg/detail/rover_rate_status__functions.c\n'}
[2.080081] (px4_msgs) StdoutLine: {'line': b'-- Up-to-date: /home/rschnurr/SkyClaw-Team1/ros2_ws/install/px4_msgs/include/px4_msgs/px4_msgs/msg/detail/open_drone_id_system__type_support.h\n'}
[2.080300] (px4_msgs) StdoutLine: {'line': b'-- Up-to-date: /home/rschnurr/SkyClaw-Team1/ros2_ws/install/px4_msgs/include/px4_msgs/px4_msgs/msg/detail/vehicle_imu__type_support.h\n'}
[2.080704] (px4_msgs) StdoutLine: {'line': b'-- Up-to-date: /home/rschnurr/SkyClaw-Team1/ros2_ws/install/px4_msgs/include/px4_msgs/px4_msgs/msg/detail/rover_steering_setpoint__type_support.h\n'}
[2.080821] (px4_msgs) StdoutLine: {'line': b'-- Up-to-date: /home/rschnurr/SkyClaw-Team1/ros2_ws/install/px4_msgs/include/px4_msgs/px4_msgs/msg/detail/button_event__struct.h\n'}
[2.080877] (px4_msgs) StdoutLine: {'line': b'-- Up-to-date: /home/rschnurr/SkyClaw-Team1/ros2_ws/install/px4_msgs/include/px4_msgs/px4_msgs/msg/detail/open_drone_id_arm_status__functions.c\n'}
[2.080927] (px4_msgs) StdoutLine: {'line': b'-- Up-to-date: /home/rschnurr/SkyClaw-Team1/ros2_ws/install/px4_msgs/include/px4_msgs/px4_msgs/msg/detail/battery_info__functions.h\n'}
[2.080970] (px4_msgs) StdoutLine: {'line': b'-- Up-to-date: /home/rschnurr/SkyClaw-Team1/ros2_ws/install/px4_msgs/include/px4_msgs/px4_msgs/msg/detail/lateral_control_configuration__functions.h\n'}
[2.081012] (px4_msgs) StdoutLine: {'line': b'-- Up-to-date: /home/rschnurr/SkyClaw-Team1/ros2_ws/install/px4_msgs/include/px4_msgs/px4_msgs/msg/detail/gpio_request__functions.c\n'}
[2.081082] (px4_msgs) StdoutLine: {'line': b'-- Up-to-date: /home/rschnurr/SkyClaw-Team1/ros2_ws/install/px4_msgs/include/px4_msgs/px4_msgs/msg/detail/vehicle_roi__struct.h\n'}
[2.081128] (px4_msgs) StdoutLine: {'line': b'-- Up-to-date: /home/rschnurr/SkyClaw-Team1/ros2_ws/install/px4_msgs/include/px4_msgs/px4_msgs/msg/detail/message_format_request__struct.h\n'}
[2.081177] (px4_msgs) StdoutLine: {'line': b'-- Up-to-date: /home/rschnurr/SkyClaw-Team1/ros2_ws/install/px4_msgs/include/px4_msgs/px4_msgs/msg/detail/follow_target__functions.h\n'}
[2.081443] (px4_msgs) StdoutLine: {'line': b'-- Up-to-date: /home/rschnurr/SkyClaw-Team1/ros2_ws/install/px4_msgs/include/px4_msgs/px4_msgs/msg/detail/hover_thrust_estimate__functions.h\n'}
[2.081659] (px4_msgs) StdoutLine: {'line': b'-- Up-to-date: /home/rschnurr/SkyClaw-Team1/ros2_ws/install/px4_msgs/include/px4_msgs/px4_msgs/msg/detail/gps_inject_data__functions.c\n'}
[2.082237] (px4_msgs) StdoutLine: {'line': b'-- Up-to-date: /home/rschnurr/SkyClaw-Team1/ros2_ws/install/px4_msgs/include/px4_msgs/px4_msgs/msg/detail/lateral_control_configuration__functions.c\n'}
[2.082386] (px4_msgs) StdoutLine: {'line': b'-- Up-to-date: /home/rschnurr/SkyClaw-Team1/ros2_ws/install/px4_msgs/include/px4_msgs/px4_msgs/msg/detail/can_interface_status__functions.h\n'}
[2.082458] (px4_msgs) StdoutLine: {'line': b'-- Up-to-date: /home/rschnurr/SkyClaw-Team1/ros2_ws/install/px4_msgs/include/px4_msgs/px4_msgs/msg/detail/control_allocator_status__functions.c\n'}
[2.082514] (px4_msgs) StdoutLine: {'line': b'-- Up-to-date: /home/rschnurr/SkyClaw-Team1/ros2_ws/install/px4_msgs/include/px4_msgs/px4_msgs/msg/detail/system_power__struct.h\n'}
[2.082561] (px4_msgs) StdoutLine: {'line': b'-- Up-to-date: /home/rschnurr/SkyClaw-Team1/ros2_ws/install/px4_msgs/include/px4_msgs/px4_msgs/msg/detail/log_message__functions.c\n'}
[2.082843] (px4_msgs) StdoutLine: {'line': b'-- Up-to-date: /home/rschnurr/SkyClaw-Team1/ros2_ws/install/px4_msgs/include/px4_msgs/px4_msgs/msg/detail/mode_completed__type_support.h\n'}
[2.083018] (px4_msgs) StdoutLine: {'line': b'-- Up-to-date: /home/rschnurr/SkyClaw-Team1/ros2_ws/install/px4_msgs/include/px4_msgs/px4_msgs/msg/detail/satellite_info__type_support.h\n'}
[2.083141] (px4_msgs) StdoutLine: {'line': b'-- Up-to-date: /home/rschnurr/SkyClaw-Team1/ros2_ws/install/px4_msgs/include/px4_msgs/px4_msgs/msg/detail/estimator_bias__functions.c\n'}
[2.083445] (px4_msgs) StdoutLine: {'line': b'-- Up-to-date: /home/rschnurr/SkyClaw-Team1/ros2_ws/install/px4_msgs/include/px4_msgs/px4_msgs/msg/detail/gpio_out__struct.h\n'}
[2.083799] (px4_msgs) StdoutLine: {'line': b'-- Up-to-date: /home/rschnurr/SkyClaw-Team1/ros2_ws/install/px4_msgs/include/px4_msgs/px4_msgs/msg/detail/actuator_servos__type_support.h\n'}
[2.084286] (px4_msgs) StdoutLine: {'line': b'-- Up-to-date: /home/rschnurr/SkyClaw-Team1/ros2_ws/install/px4_msgs/include/px4_msgs/px4_msgs/msg/detail/tiltrotor_extra_controls__functions.h\n'}
[2.084700] (px4_msgs) StdoutLine: {'line': b'-- Up-to-date: /home/rschnurr/SkyClaw-Team1/ros2_ws/install/px4_msgs/include/px4_msgs/px4_msgs/msg/detail/orb_test_medium__type_support.h\n'}
[2.085027] (px4_msgs) StdoutLine: {'line': b'-- Up-to-date: /home/rschnurr/SkyClaw-Team1/ros2_ws/install/px4_msgs/include/px4_msgs/px4_msgs/msg/detail/battery_info__functions.c\n'}
[2.085309] (px4_msgs) StdoutLine: {'line': b'-- Up-to-date: /home/rschnurr/SkyClaw-Team1/ros2_ws/install/px4_msgs/include/px4_msgs/px4_msgs/msg/detail/manual_control_setpoint__struct.h\n'}
[2.085568] (px4_msgs) StdoutLine: {'line': b'-- Up-to-date: /home/rschnurr/SkyClaw-Team1/ros2_ws/install/px4_msgs/include/px4_msgs/px4_msgs/msg/detail/mag_worker_data__type_support.h\n'}
[2.085887] (px4_msgs) StdoutLine: {'line': b'-- Up-to-date: /home/rschnurr/SkyClaw-Team1/ros2_ws/install/px4_msgs/include/px4_msgs/px4_msgs/msg/detail/distance_sensor_mode_change_request__functions.h\n'}
[2.085956] (px4_msgs) StdoutLine: {'line': b'-- Up-to-date: /home/rschnurr/SkyClaw-Team1/ros2_ws/install/px4_msgs/include/px4_msgs/px4_msgs/msg/detail/yaw_estimator_status__functions.h\n'}
[2.086427] (px4_msgs) StdoutLine: {'line': b'-- Up-to-date: /home/rschnurr/SkyClaw-Team1/ros2_ws/install/px4_msgs/include/px4_msgs/px4_msgs/msg/detail/debug_value__functions.c\n'}
[2.086706] (px4_msgs) StdoutLine: {'line': b'-- Up-to-date: /home/rschnurr/SkyClaw-Team1/ros2_ws/install/px4_msgs/include/px4_msgs/px4_msgs/msg/detail/actuator_outputs__functions.c\n'}
[2.086963] (px4_msgs) StdoutLine: {'line': b'-- Up-to-date: /home/rschnurr/SkyClaw-Team1/ros2_ws/install/px4_msgs/include/px4_msgs/px4_msgs/msg/detail/health_report__type_support.h\n'}
[2.087260] (px4_msgs) StdoutLine: {'line': b'-- Up-to-date: /home/rschnurr/SkyClaw-Team1/ros2_ws/install/px4_msgs/include/px4_msgs/px4_msgs/msg/detail/orb_test__functions.h\n'}
[2.087804] (px4_msgs) StdoutLine: {'line': b'-- Up-to-date: /home/rschnurr/SkyClaw-Team1/ros2_ws/install/px4_msgs/include/px4_msgs/px4_msgs/msg/detail/vtol_vehicle_status__functions.c\n'}
[2.087892] (px4_msgs) StdoutLine: {'line': b'-- Up-to-date: /home/rschnurr/SkyClaw-Team1/ros2_ws/install/px4_msgs/include/px4_msgs/px4_msgs/msg/detail/open_drone_id_self_id__functions.c\n'}
[2.088231] (px4_msgs) StdoutLine: {'line': b'-- Up-to-date: /home/rschnurr/SkyClaw-Team1/ros2_ws/install/px4_msgs/include/px4_msgs/px4_msgs/msg/detail/power_monitor__type_support.h\n'}
[2.088562] (px4_msgs) StdoutLine: {'line': b'-- Up-to-date: /home/rschnurr/SkyClaw-Team1/ros2_ws/install/px4_msgs/include/px4_msgs/px4_msgs/msg/detail/debug_value__type_support.h\n'}
[2.089087] (px4_msgs) StdoutLine: {'line': b'-- Up-to-date: /home/rschnurr/SkyClaw-Team1/ros2_ws/install/px4_msgs/include/px4_msgs/px4_msgs/msg/detail/rover_speed_setpoint__struct.h\n'}
[2.089388] (px4_msgs) StdoutLine: {'line': b'-- Up-to-date: /home/rschnurr/SkyClaw-Team1/ros2_ws/install/px4_msgs/include/px4_msgs/px4_msgs/msg/detail/estimator_status_flags__type_support.h\n'}
[2.090214] (px4_msgs) StdoutLine: {'line': b'-- Up-to-date: /home/rschnurr/SkyClaw-Team1/ros2_ws/install/px4_msgs/include/px4_msgs/px4_msgs/msg/detail/parameter_set_used_request__type_support.h\n'}
[2.090425] (px4_msgs) StdoutLine: {'line': b'-- Up-to-date: /home/rschnurr/SkyClaw-Team1/ros2_ws/install/px4_msgs/include/px4_msgs/px4_msgs/msg/detail/geofence_status__functions.c\n'}
[2.090529] (px4_msgs) StdoutLine: {'line': b'-- Up-to-date: /home/rschnurr/SkyClaw-Team1/ros2_ws/install/px4_msgs/include/px4_msgs/px4_msgs/msg/detail/rover_steering_setpoint__functions.h\n'}
[2.090594] (px4_msgs) StdoutLine: {'line': b'-- Up-to-date: /home/rschnurr/SkyClaw-Team1/ros2_ws/install/px4_msgs/include/px4_msgs/px4_msgs/msg/detail/irlock_report__struct.h\n'}
[2.090643] (px4_msgs) StdoutLine: {'line': b'-- Up-to-date: /home/rschnurr/SkyClaw-Team1/ros2_ws/install/px4_msgs/include/px4_msgs/px4_msgs/msg/detail/trajectory_setpoint__functions.h\n'}
[2.090687] (px4_msgs) StdoutLine: {'line': b'-- Up-to-date: /home/rschnurr/SkyClaw-Team1/ros2_ws/install/px4_msgs/include/px4_msgs/px4_msgs/msg/detail/failsafe_flags__struct.h\n'}
[2.090744] (px4_msgs) StdoutLine: {'line': b'-- Up-to-date: /home/rschnurr/SkyClaw-Team1/ros2_ws/install/px4_msgs/include/px4_msgs/px4_msgs/msg/detail/sensor_combined__struct.h\n'}
[2.090881] (px4_msgs) StdoutLine: {'line': b'-- Up-to-date: /home/rschnurr/SkyClaw-Team1/ros2_ws/install/px4_msgs/include/px4_msgs/px4_msgs/msg/detail/gimbal_controls__functions.h\n'}
[2.091279] (px4_msgs) StdoutLine: {'line': b'-- Up-to-date: /home/rschnurr/SkyClaw-Team1/ros2_ws/install/px4_msgs/include/px4_msgs/px4_msgs/msg/detail/mission_result__type_support.h\n'}
[2.091694] (px4_msgs) StdoutLine: {'line': b'-- Up-to-date: /home/rschnurr/SkyClaw-Team1/ros2_ws/install/px4_msgs/include/px4_msgs/px4_msgs/msg/detail/parameter_set_value_response__type_support.h\n'}
[2.092423] (px4_msgs) StdoutLine: {'line': b'-- Up-to-date: /home/rschnurr/SkyClaw-Team1/ros2_ws/install/px4_msgs/include/px4_msgs/px4_msgs/msg/detail/neural_control__struct.h\n'}
[2.092814] (px4_msgs) StdoutLine: {'line': b'-- Up-to-date: /home/rschnurr/SkyClaw-Team1/ros2_ws/install/px4_msgs/include/px4_msgs/px4_msgs/msg/detail/debug_key_value__struct.h\n'}
[2.092897] (px4_msgs) StdoutLine: {'line': b'-- Up-to-date: /home/rschnurr/SkyClaw-Team1/ros2_ws/install/px4_msgs/include/px4_msgs/px4_msgs/msg/detail/vehicle_command_ack__type_support.h\n'}
[2.093561] (px4_msgs) StdoutLine: {'line': b'-- Up-to-date: /home/rschnurr/SkyClaw-Team1/ros2_ws/install/px4_msgs/include/px4_msgs/px4_msgs/msg/detail/orb_test_medium__functions.h\n'}
[2.093754] (px4_msgs) StdoutLine: {'line': b'-- Up-to-date: /home/rschnurr/SkyClaw-Team1/ros2_ws/install/px4_msgs/include/px4_msgs/px4_msgs/msg/detail/arming_check_reply__functions.h\n'}
[2.093837] (px4_msgs) StdoutLine: {'line': b'-- Up-to-date: /home/rschnurr/SkyClaw-Team1/ros2_ws/install/px4_msgs/include/px4_msgs/px4_msgs/msg/detail/esc_status__struct.h\n'}
[2.093964] (px4_msgs) StdoutLine: {'line': b'-- Up-to-date: /home/rschnurr/SkyClaw-Team1/ros2_ws/install/px4_msgs/include/px4_msgs/px4_msgs/msg/detail/sensors_status_imu__functions.c\n'}
[2.094177] (px4_msgs) StdoutLine: {'line': b'-- Up-to-date: /home/rschnurr/SkyClaw-Team1/ros2_ws/install/px4_msgs/include/px4_msgs/px4_msgs/msg/detail/manual_control_switches__functions.h\n'}
[2.094270] (px4_msgs) StdoutLine: {'line': b'-- Up-to-date: /home/rschnurr/SkyClaw-Team1/ros2_ws/install/px4_msgs/include/px4_msgs/px4_msgs/msg/detail/onboard_computer_status__functions.h\n'}
[2.094344] (px4_msgs) StdoutLine: {'line': b'-- Up-to-date: /home/rschnurr/SkyClaw-Team1/ros2_ws/install/px4_msgs/include/px4_msgs/px4_msgs/msg/detail/navigator_status__struct.h\n'}
[2.094395] (px4_msgs) StdoutLine: {'line': b'-- Up-to-date: /home/rschnurr/SkyClaw-Team1/ros2_ws/install/px4_msgs/include/px4_msgs/px4_msgs/msg/detail/estimator_bias3d__struct.h\n'}
[2.094471] (px4_msgs) StdoutLine: {'line': b'-- Up-to-date: /home/rschnurr/SkyClaw-Team1/ros2_ws/install/px4_msgs/include/px4_msgs/px4_msgs/msg/detail/orb_test_large__functions.h\n'}
[2.094541] (px4_msgs) StdoutLine: {'line': b'-- Up-to-date: /home/rschnurr/SkyClaw-Team1/ros2_ws/install/px4_msgs/include/px4_msgs/px4_msgs/msg/detail/sensor_baro__type_support.h\n'}
[2.094629] (px4_msgs) StdoutLine: {'line': b'-- Up-to-date: /home/rschnurr/SkyClaw-Team1/ros2_ws/install/px4_msgs/include/px4_msgs/px4_msgs/msg/detail/fuel_tank_status__functions.h\n'}
[2.094678] (px4_msgs) StdoutLine: {'line': b'-- Up-to-date: /home/rschnurr/SkyClaw-Team1/ros2_ws/install/px4_msgs/include/px4_msgs/px4_msgs/msg/detail/airspeed_wind__functions.c\n'}
[2.094716] (px4_msgs) StdoutLine: {'line': b'-- Up-to-date: /home/rschnurr/SkyClaw-Team1/ros2_ws/install/px4_msgs/include/px4_msgs/px4_msgs/msg/detail/pps_capture__functions.c\n'}
[2.094764] (px4_msgs) StdoutLine: {'line': b'-- Up-to-date: /home/rschnurr/SkyClaw-Team1/ros2_ws/install/px4_msgs/include/px4_msgs/px4_msgs/msg/detail/rc_parameter_map__functions.c\n'}
[2.094867] (px4_msgs) StdoutLine: {'line': b'-- Up-to-date: /home/rschnurr/SkyClaw-Team1/ros2_ws/install/px4_msgs/include/px4_msgs/px4_msgs/msg/detail/airspeed_wind__struct.h\n'}
[2.095206] (px4_msgs) StdoutLine: {'line': b'-- Up-to-date: /home/rschnurr/SkyClaw-Team1/ros2_ws/install/px4_msgs/include/px4_msgs/px4_msgs/msg/detail/sensors_status__type_support.h\n'}
[2.095296] (px4_msgs) StdoutLine: {'line': b'-- Up-to-date: /home/rschnurr/SkyClaw-Team1/ros2_ws/install/px4_msgs/include/px4_msgs/px4_msgs/msg/detail/vehicle_thrust_setpoint__struct.h\n'}
[2.095351] (px4_msgs) StdoutLine: {'line': b'-- Up-to-date: /home/rschnurr/SkyClaw-Team1/ros2_ws/install/px4_msgs/include/px4_msgs/px4_msgs/msg/detail/gps_dump__type_support.h\n'}
[2.095762] (px4_msgs) StdoutLine: {'line': b'-- Up-to-date: /home/rschnurr/SkyClaw-Team1/ros2_ws/install/px4_msgs/include/px4_msgs/px4_msgs/msg/detail/internal_combustion_engine_status__functions.c\n'}
[2.095827] (px4_msgs) StdoutLine: {'line': b'-- Up-to-date: /home/rschnurr/SkyClaw-Team1/ros2_ws/install/px4_msgs/include/px4_msgs/px4_msgs/msg/detail/wheel_encoders__functions.h\n'}
[2.095869] (px4_msgs) StdoutLine: {'line': b'-- Up-to-date: /home/rschnurr/SkyClaw-Team1/ros2_ws/install/px4_msgs/include/px4_msgs/px4_msgs/msg/detail/vehicle_magnetometer__struct.h\n'}
[2.095926] (px4_msgs) StdoutLine: {'line': b'-- Up-to-date: /home/rschnurr/SkyClaw-Team1/ros2_ws/install/px4_msgs/include/px4_msgs/px4_msgs/msg/detail/home_position__struct.h\n'}
[2.095961] (px4_msgs) StdoutLine: {'line': b'-- Up-to-date: /home/rschnurr/SkyClaw-Team1/ros2_ws/install/px4_msgs/include/px4_msgs/px4_msgs/msg/detail/dataman_response__functions.h\n'}
[2.095997] (px4_msgs) StdoutLine: {'line': b'-- Up-to-date: /home/rschnurr/SkyClaw-Team1/ros2_ws/install/px4_msgs/include/px4_msgs/px4_msgs/msg/detail/vtol_vehicle_status__struct.h\n'}
[2.096067] (px4_msgs) StdoutLine: {'line': b'-- Up-to-date: /home/rschnurr/SkyClaw-Team1/ros2_ws/install/px4_msgs/include/px4_msgs/px4_msgs/msg/detail/geofence_status__type_support.h\n'}
[2.096141] (px4_msgs) StdoutLine: {'line': b'-- Up-to-date: /home/rschnurr/SkyClaw-Team1/ros2_ws/install/px4_msgs/include/px4_msgs/px4_msgs/msg/detail/landing_gear__type_support.h\n'}
[2.096196] (px4_msgs) StdoutLine: {'line': b'-- Up-to-date: /home/rschnurr/SkyClaw-Team1/ros2_ws/install/px4_msgs/include/px4_msgs/px4_msgs/msg/detail/qshell_retval__struct.h\n'}
[2.096236] (px4_msgs) StdoutLine: {'line': b'-- Up-to-date: /home/rschnurr/SkyClaw-Team1/ros2_ws/install/px4_msgs/include/px4_msgs/px4_msgs/msg/detail/failsafe_flags__functions.h\n'}
[2.096272] (px4_msgs) StdoutLine: {'line': b'-- Up-to-date: /home/rschnurr/SkyClaw-Team1/ros2_ws/install/px4_msgs/include/px4_msgs/px4_msgs/msg/detail/hover_thrust_estimate__struct.h\n'}
[2.096334] (px4_msgs) StdoutLine: {'line': b'-- Up-to-date: /home/rschnurr/SkyClaw-Team1/ros2_ws/install/px4_msgs/include/px4_msgs/px4_msgs/msg/detail/actuator_armed__functions.h\n'}
[2.096431] (px4_msgs) StdoutLine: {'line': b'-- Up-to-date: /home/rschnurr/SkyClaw-Team1/ros2_ws/install/px4_msgs/include/px4_msgs/px4_msgs/msg/detail/rover_throttle_setpoint__functions.c\n'}
[2.096518] (px4_msgs) StdoutLine: {'line': b'-- Up-to-date: /home/rschnurr/SkyClaw-Team1/ros2_ws/install/px4_msgs/include/px4_msgs/px4_msgs/msg/detail/normalized_unsigned_setpoint__functions.c\n'}
[2.096664] (px4_msgs) StdoutLine: {'line': b'-- Up-to-date: /home/rschnurr/SkyClaw-Team1/ros2_ws/install/px4_msgs/include/px4_msgs/px4_msgs/msg/detail/distance_sensor__type_support.h\n'}
[2.096897] (px4_msgs) StdoutLine: {'line': b'-- Up-to-date: /home/rschnurr/SkyClaw-Team1/ros2_ws/install/px4_msgs/include/px4_msgs/px4_msgs/msg/detail/estimator_aid_source1d__struct.h\n'}
[2.097018] (px4_msgs) StdoutLine: {'line': b'-- Up-to-date: /home/rschnurr/SkyClaw-Team1/ros2_ws/install/px4_msgs/include/px4_msgs/px4_msgs/msg/detail/generator_status__type_support.h\n'}
[2.097260] (px4_msgs) StdoutLine: {'line': b'-- Up-to-date: /home/rschnurr/SkyClaw-Team1/ros2_ws/install/px4_msgs/include/px4_msgs/px4_msgs/msg/detail/led_control__type_support.h\n'}
[2.097323] (px4_msgs) StdoutLine: {'line': b'-- Up-to-date: /home/rschnurr/SkyClaw-Team1/ros2_ws/install/px4_msgs/include/px4_msgs/px4_msgs/msg/detail/actuator_controls_status__type_support.h\n'}
[2.097405] (px4_msgs) StdoutLine: {'line': b'-- Up-to-date: /home/rschnurr/SkyClaw-Team1/ros2_ws/install/px4_msgs/include/px4_msgs/px4_msgs/msg/detail/arming_check_reply__struct.h\n'}
[2.097515] (px4_msgs) StdoutLine: {'line': b'-- Up-to-date: /home/rschnurr/SkyClaw-Team1/ros2_ws/install/px4_msgs/include/px4_msgs/px4_msgs/msg/detail/button_event__functions.h\n'}
[2.097690] (px4_msgs) StdoutLine: {'line': b'-- Up-to-date: /home/rschnurr/SkyClaw-Team1/ros2_ws/install/px4_msgs/include/px4_msgs/px4_msgs/msg/detail/telemetry_status__functions.c\n'}
[2.097855] (px4_msgs) StdoutLine: {'line': b'-- Up-to-date: /home/rschnurr/SkyClaw-Team1/ros2_ws/install/px4_msgs/include/px4_msgs/px4_msgs/msg/detail/sensor_baro__functions.h\n'}
[2.097957] (px4_msgs) StdoutLine: {'line': b'-- Up-to-date: /home/rschnurr/SkyClaw-Team1/ros2_ws/install/px4_msgs/include/px4_msgs/px4_msgs/msg/detail/rover_attitude_setpoint__type_support.h\n'}
[2.098224] (px4_msgs) StdoutLine: {'line': b'-- Up-to-date: /home/rschnurr/SkyClaw-Team1/ros2_ws/install/px4_msgs/include/px4_msgs/px4_msgs/msg/detail/landing_target_pose__functions.h\n'}
[2.098708] (px4_msgs) StdoutLine: {'line': b'-- Up-to-date: /home/rschnurr/SkyClaw-Team1/ros2_ws/install/px4_msgs/include/px4_msgs/px4_msgs/msg/detail/config_overrides__type_support.h\n'}
[2.098845] (px4_msgs) StdoutLine: {'line': b'-- Up-to-date: /home/rschnurr/SkyClaw-Team1/ros2_ws/install/px4_msgs/include/px4_msgs/px4_msgs/msg/detail/sensor_mag__functions.c\n'}
[2.099075] (px4_msgs) StdoutLine: {'line': b'-- Up-to-date: /home/rschnurr/SkyClaw-Team1/ros2_ws/install/px4_msgs/include/px4_msgs/px4_msgs/msg/detail/uavcan_parameter_request__functions.c\n'}
[2.099578] (px4_msgs) StdoutLine: {'line': b'-- Up-to-date: /home/rschnurr/SkyClaw-Team1/ros2_ws/install/px4_msgs/include/px4_msgs/px4_msgs/msg/detail/landing_gear_wheel__type_support.h\n'}
[2.099785] (px4_msgs) StdoutLine: {'line': b'-- Up-to-date: /home/rschnurr/SkyClaw-Team1/ros2_ws/install/px4_msgs/include/px4_msgs/px4_msgs/msg/detail/action_request__functions.c\n'}
[2.099865] (px4_msgs) StdoutLine: {'line': b'-- Up-to-date: /home/rschnurr/SkyClaw-Team1/ros2_ws/install/px4_msgs/include/px4_msgs/px4_msgs/msg/detail/vehicle_optical_flow_vel__functions.h\n'}
[2.099967] (px4_msgs) StdoutLine: {'line': b'-- Up-to-date: /home/rschnurr/SkyClaw-Team1/ros2_ws/install/px4_msgs/include/px4_msgs/px4_msgs/msg/detail/mavlink_tunnel__functions.h\n'}
[2.100029] (px4_msgs) StdoutLine: {'line': b'-- Up-to-date: /home/rschnurr/SkyClaw-Team1/ros2_ws/install/px4_msgs/include/px4_msgs/px4_msgs/msg/detail/timesync_status__functions.c\n'}
[2.100064] (px4_msgs) StdoutLine: {'line': b'-- Up-to-date: /home/rschnurr/SkyClaw-Team1/ros2_ws/install/px4_msgs/include/px4_msgs/px4_msgs/msg/detail/qshell_req__struct.h\n'}
[2.100097] (px4_msgs) StdoutLine: {'line': b'-- Up-to-date: /home/rschnurr/SkyClaw-Team1/ros2_ws/install/px4_msgs/include/px4_msgs/px4_msgs/msg/detail/open_drone_id_self_id__type_support.h\n'}
[2.100223] (px4_msgs) StdoutLine: {'line': b'-- Up-to-date: /home/rschnurr/SkyClaw-Team1/ros2_ws/install/px4_msgs/include/px4_msgs/px4_msgs/msg/detail/vehicle_odometry__struct.h\n'}
[2.100456] (px4_msgs) StdoutLine: {'line': b'-- Up-to-date: /home/rschnurr/SkyClaw-Team1/ros2_ws/install/px4_msgs/include/px4_msgs/px4_msgs/msg/detail/estimator_aid_source1d__functions.c\n'}
[2.100533] (px4_msgs) StdoutLine: {'line': b'-- Up-to-date: /home/rschnurr/SkyClaw-Team1/ros2_ws/install/px4_msgs/include/px4_msgs/px4_msgs/msg/detail/uavcan_parameter_value__functions.h\n'}
[2.100595] (px4_msgs) StdoutLine: {'line': b'-- Up-to-date: /home/rschnurr/SkyClaw-Team1/ros2_ws/install/px4_msgs/include/px4_msgs/px4_msgs/msg/detail/gpio_request__struct.h\n'}
[2.100657] (px4_msgs) StdoutLine: {'line': b'-- Up-to-date: /home/rschnurr/SkyClaw-Team1/ros2_ws/install/px4_msgs/include/px4_msgs/px4_msgs/msg/detail/tune_control__functions.h\n'}
[2.100696] (px4_msgs) StdoutLine: {'line': b'-- Up-to-date: /home/rschnurr/SkyClaw-Team1/ros2_ws/install/px4_msgs/include/px4_msgs/px4_msgs/msg/detail/vehicle_angular_velocity__functions.h\n'}
[2.100729] (px4_msgs) StdoutLine: {'line': b'-- Up-to-date: /home/rschnurr/SkyClaw-Team1/ros2_ws/install/px4_msgs/include/px4_msgs/px4_msgs/msg/detail/open_drone_id_arm_status__type_support.h\n'}
[2.100758] (px4_msgs) StdoutLine: {'line': b'-- Up-to-date: /home/rschnurr/SkyClaw-Team1/ros2_ws/install/px4_msgs/include/px4_msgs/px4_msgs/msg/detail/gimbal_manager_set_attitude__struct.h\n'}
[2.100786] (px4_msgs) StdoutLine: {'line': b'-- Up-to-date: /home/rschnurr/SkyClaw-Team1/ros2_ws/install/px4_msgs/include/px4_msgs/px4_msgs/msg/detail/pure_pursuit_status__type_support.h\n'}
[2.100814] (px4_msgs) StdoutLine: {'line': b'-- Up-to-date: /home/rschnurr/SkyClaw-Team1/ros2_ws/install/px4_msgs/include/px4_msgs/px4_msgs/msg/detail/gimbal_device_information__functions.c\n'}
[2.100844] (px4_msgs) StdoutLine: {'line': b'-- Up-to-date: /home/rschnurr/SkyClaw-Team1/ros2_ws/install/px4_msgs/include/px4_msgs/px4_msgs/msg/detail/estimator_sensor_bias__functions.c\n'}
[2.100873] (px4_msgs) StdoutLine: {'line': b'-- Up-to-date: /home/rschnurr/SkyClaw-Team1/ros2_ws/install/px4_msgs/include/px4_msgs/px4_msgs/msg/detail/unregister_ext_component__type_support.h\n'}
[2.100901] (px4_msgs) StdoutLine: {'line': b'-- Up-to-date: /home/rschnurr/SkyClaw-Team1/ros2_ws/install/px4_msgs/include/px4_msgs/px4_msgs/msg/detail/vehicle_optical_flow_vel__type_support.h\n'}
[2.100944] (px4_msgs) StdoutLine: {'line': b'-- Up-to-date: /home/rschnurr/SkyClaw-Team1/ros2_ws/install/px4_msgs/include/px4_msgs/px4_msgs/msg/detail/vehicle_air_data__type_support.h\n'}
[2.100972] (px4_msgs) StdoutLine: {'line': b'-- Up-to-date: /home/rschnurr/SkyClaw-Team1/ros2_ws/install/px4_msgs/include/px4_msgs/px4_msgs/msg/detail/airspeed_wind__type_support.h\n'}
[2.101003] (px4_msgs) StdoutLine: {'line': b'-- Up-to-date: /home/rschnurr/SkyClaw-Team1/ros2_ws/install/px4_msgs/include/px4_msgs/px4_msgs/msg/detail/sensor_uwb__functions.c\n'}
[2.101037] (px4_msgs) StdoutLine: {'line': b'-- Up-to-date: /home/rschnurr/SkyClaw-Team1/ros2_ws/install/px4_msgs/include/px4_msgs/px4_msgs/msg/detail/gimbal_device_set_attitude__functions.c\n'}
[2.101071] (px4_msgs) StdoutLine: {'line': b'-- Up-to-date: /home/rschnurr/SkyClaw-Team1/ros2_ws/install/px4_msgs/include/px4_msgs/px4_msgs/msg/detail/can_interface_status__type_support.h\n'}
[2.101323] (px4_msgs) StdoutLine: {'line': b'-- Up-to-date: /home/rschnurr/SkyClaw-Team1/ros2_ws/install/px4_msgs/include/px4_msgs/px4_msgs/msg/detail/mission_result__functions.h\n'}
[2.101404] (px4_msgs) StdoutLine: {'line': b'-- Up-to-date: /home/rschnurr/SkyClaw-Team1/ros2_ws/install/px4_msgs/include/px4_msgs/px4_msgs/msg/detail/distance_sensor__functions.h\n'}
[2.101536] (px4_msgs) StdoutLine: {'line': b'-- Up-to-date: /home/rschnurr/SkyClaw-Team1/ros2_ws/install/px4_msgs/include/px4_msgs/px4_msgs/msg/detail/sensor_gyro_fft__functions.h\n'}
[2.101902] (px4_msgs) StdoutLine: {'line': b'-- Up-to-date: /home/rschnurr/SkyClaw-Team1/ros2_ws/install/px4_msgs/include/px4_msgs/px4_msgs/msg/detail/cpuload__type_support.h\n'}
[2.102338] (px4_msgs) StdoutLine: {'line': b'-- Up-to-date: /home/rschnurr/SkyClaw-Team1/ros2_ws/install/px4_msgs/include/px4_msgs/px4_msgs/msg/detail/irlock_report__functions.h\n'}
[2.102641] (px4_msgs) StdoutLine: {'line': b'-- Up-to-date: /home/rschnurr/SkyClaw-Team1/ros2_ws/install/px4_msgs/include/px4_msgs/px4_msgs/msg/detail/vehicle_angular_velocity__type_support.h\n'}
[2.103002] (px4_msgs) StdoutLine: {'line': b'-- Up-to-date: /home/rschnurr/SkyClaw-Team1/ros2_ws/install/px4_msgs/include/px4_msgs/px4_msgs/msg/detail/gimbal_device_attitude_status__functions.h\n'}
[2.103345] (px4_msgs) StdoutLine: {'line': b'-- Up-to-date: /home/rschnurr/SkyClaw-Team1/ros2_ws/install/px4_msgs/include/px4_msgs/px4_msgs/msg/detail/gimbal_manager_set_attitude__functions.c\n'}
[2.103788] (px4_msgs) StdoutLine: {'line': b'-- Up-to-date: /home/rschnurr/SkyClaw-Team1/ros2_ws/install/px4_msgs/include/px4_msgs/px4_msgs/msg/detail/sensor_combined__functions.h\n'}
[2.103893] (px4_msgs) StdoutLine: {'line': b'-- Up-to-date: /home/rschnurr/SkyClaw-Team1/ros2_ws/install/px4_msgs/include/px4_msgs/px4_msgs/msg/detail/estimator_states__functions.c\n'}
[2.103968] (px4_msgs) StdoutLine: {'line': b'-- Up-to-date: /home/rschnurr/SkyClaw-Team1/ros2_ws/install/px4_msgs/include/px4_msgs/px4_msgs/msg/detail/sensor_mag__type_support.h\n'}
[2.104385] (px4_msgs) StdoutLine: {'line': b'-- Up-to-date: /home/rschnurr/SkyClaw-Team1/ros2_ws/install/px4_msgs/include/px4_msgs/px4_msgs/msg/detail/register_ext_component_request__functions.h\n'}
[2.104683] (px4_msgs) StdoutLine: {'line': b'-- Up-to-date: /home/rschnurr/SkyClaw-Team1/ros2_ws/install/px4_msgs/include/px4_msgs/px4_msgs/msg/detail/failure_detector_status__functions.h\n'}
[2.105147] (px4_msgs) StdoutLine: {'line': b'-- Up-to-date: /home/rschnurr/SkyClaw-Team1/ros2_ws/install/px4_msgs/include/px4_msgs/px4_msgs/msg/detail/estimator_selector_status__functions.c\n'}
[2.105748] (px4_msgs) StdoutLine: {'line': b'-- Up-to-date: /home/rschnurr/SkyClaw-Team1/ros2_ws/install/px4_msgs/include/px4_msgs/px4_msgs/msg/detail/vehicle_local_position__struct.h\n'}
[2.105942] (px4_msgs) StdoutLine: {'line': b'-- Up-to-date: /home/rschnurr/SkyClaw-Team1/ros2_ws/install/px4_msgs/include/px4_msgs/px4_msgs/msg/detail/takeoff_status__type_support.h\n'}
[2.106013] (px4_msgs) StdoutLine: {'line': b'-- Up-to-date: /home/rschnurr/SkyClaw-Team1/ros2_ws/install/px4_msgs/include/px4_msgs/px4_msgs/msg/detail/heater_status__functions.h\n'}
[2.106810] (px4_msgs) StdoutLine: {'line': b'-- Up-to-date: /home/rschnurr/SkyClaw-Team1/ros2_ws/install/px4_msgs/include/px4_msgs/px4_msgs/msg/detail/tiltrotor_extra_controls__type_support.h\n'}
[2.106866] (px4_msgs) StdoutLine: {'line': b'-- Up-to-date: /home/rschnurr/SkyClaw-Team1/ros2_ws/install/px4_msgs/include/px4_msgs/px4_msgs/msg/detail/landing_gear__functions.c\n'}
[2.107077] (px4_msgs) StdoutLine: {'line': b'-- Up-to-date: /home/rschnurr/SkyClaw-Team1/ros2_ws/install/px4_msgs/include/px4_msgs/px4_msgs/msg/detail/heater_status__functions.c\n'}
[2.107155] (px4_msgs) StdoutLine: {'line': b'-- Up-to-date: /home/rschnurr/SkyClaw-Team1/ros2_ws/install/px4_msgs/include/px4_msgs/px4_msgs/msg/detail/follow_target_status__functions.c\n'}
[2.107195] (px4_msgs) StdoutLine: {'line': b'-- Up-to-date: /home/rschnurr/SkyClaw-Team1/ros2_ws/install/px4_msgs/include/px4_msgs/px4_msgs/msg/detail/tune_control__functions.c\n'}
[2.107229] (px4_msgs) StdoutLine: {'line': b'-- Up-to-date: /home/rschnurr/SkyClaw-Team1/ros2_ws/install/px4_msgs/include/px4_msgs/px4_msgs/msg/detail/vehicle_optical_flow_vel__functions.c\n'}
[2.107263] (px4_msgs) StdoutLine: {'line': b'-- Up-to-date: /home/rschnurr/SkyClaw-Team1/ros2_ws/install/px4_msgs/include/px4_msgs/px4_msgs/msg/detail/fixed_wing_lateral_guidance_status__functions.h\n'}
[2.107299] (px4_msgs) StdoutLine: {'line': b'-- Up-to-date: /home/rschnurr/SkyClaw-Team1/ros2_ws/install/px4_msgs/include/px4_msgs/px4_msgs/msg/detail/uavcan_parameter_value__functions.c\n'}
[2.107377] (px4_msgs) StdoutLine: {'line': b'-- Up-to-date: /home/rschnurr/SkyClaw-Team1/ros2_ws/install/px4_msgs/include/px4_msgs/px4_msgs/msg/detail/qshell_req__functions.h\n'}
[2.107463] (px4_msgs) StdoutLine: {'line': b'-- Up-to-date: /home/rschnurr/SkyClaw-Team1/ros2_ws/install/px4_msgs/include/px4_msgs/px4_msgs/msg/detail/onboard_computer_status__type_support.h\n'}
[2.107588] (px4_msgs) StdoutLine: {'line': b'-- Up-to-date: /home/rschnurr/SkyClaw-Team1/ros2_ws/install/px4_msgs/include/px4_msgs/px4_msgs/msg/detail/mavlink_log__struct.h\n'}
[2.107879] (px4_msgs) StdoutLine: {'line': b'-- Up-to-date: /home/rschnurr/SkyClaw-Team1/ros2_ws/install/px4_msgs/include/px4_msgs/px4_msgs/msg/detail/pwm_input__struct.h\n'}
[2.108072] (px4_msgs) StdoutLine: {'line': b'-- Up-to-date: /home/rschnurr/SkyClaw-Team1/ros2_ws/install/px4_msgs/include/px4_msgs/px4_msgs/msg/detail/longitudinal_control_configuration__functions.c\n'}
[2.108628] (px4_msgs) StdoutLine: {'line': b'-- Up-to-date: /home/rschnurr/SkyClaw-Team1/ros2_ws/install/px4_msgs/include/px4_msgs/px4_msgs/msg/detail/config_overrides__functions.c\n'}
[2.108715] (px4_msgs) StdoutLine: {'line': b'-- Up-to-date: /home/rschnurr/SkyClaw-Team1/ros2_ws/install/px4_msgs/include/px4_msgs/px4_msgs/msg/detail/sensor_optical_flow__struct.h\n'}
[2.108780] (-) TimerEvent: {}
[2.109245] (px4_msgs) StdoutLine: {'line': b'-- Up-to-date: /home/rschnurr/SkyClaw-Team1/ros2_ws/install/px4_msgs/include/px4_msgs/px4_msgs/msg/detail/orb_test_large__struct.h\n'}
[2.109436] (px4_msgs) StdoutLine: {'line': b'-- Up-to-date: /home/rschnurr/SkyClaw-Team1/ros2_ws/install/px4_msgs/include/px4_msgs/px4_msgs/msg/detail/gimbal_manager_status__functions.c\n'}
[2.109826] (px4_msgs) StdoutLine: {'line': b'-- Up-to-date: /home/rschnurr/SkyClaw-Team1/ros2_ws/install/px4_msgs/include/px4_msgs/px4_msgs/msg/detail/ulog_stream_ack__struct.h\n'}
[2.110086] (px4_msgs) StdoutLine: {'line': b'-- Up-to-date: /home/rschnurr/SkyClaw-Team1/ros2_ws/install/px4_msgs/include/px4_msgs/px4_msgs/msg/detail/follow_target_estimator__functions.c\n'}
[2.110269] (px4_msgs) StdoutLine: {'line': b'-- Up-to-date: /home/rschnurr/SkyClaw-Team1/ros2_ws/install/px4_msgs/include/px4_msgs/px4_msgs/msg/detail/fixed_wing_longitudinal_setpoint__struct.h\n'}
[2.110469] (px4_msgs) StdoutLine: {'line': b'-- Up-to-date: /home/rschnurr/SkyClaw-Team1/ros2_ws/install/px4_msgs/include/px4_msgs/px4_msgs/msg/detail/mission__functions.c\n'}
[2.110752] (px4_msgs) StdoutLine: {'line': b'-- Up-to-date: /home/rschnurr/SkyClaw-Team1/ros2_ws/install/px4_msgs/include/px4_msgs/px4_msgs/msg/detail/mission__functions.h\n'}
[2.111133] (px4_msgs) StdoutLine: {'line': b'-- Up-to-date: /home/rschnurr/SkyClaw-Team1/ros2_ws/install/px4_msgs/include/px4_msgs/px4_msgs/msg/detail/offboard_control_mode__functions.h\n'}
[2.111599] (px4_msgs) StdoutLine: {'line': b'-- Up-to-date: /home/rschnurr/SkyClaw-Team1/ros2_ws/install/px4_msgs/include/px4_msgs/px4_msgs/msg/detail/sensor_gnss_relative__type_support.h\n'}
[2.111729] (px4_msgs) StdoutLine: {'line': b'-- Up-to-date: /home/rschnurr/SkyClaw-Team1/ros2_ws/install/px4_msgs/include/px4_msgs/px4_msgs/msg/detail/debug_key_value__functions.c\n'}
[2.111857] (px4_msgs) StdoutLine: {'line': b'-- Up-to-date: /home/rschnurr/SkyClaw-Team1/ros2_ws/install/px4_msgs/include/px4_msgs/px4_msgs/msg/detail/input_rc__functions.h\n'}
[2.112239] (px4_msgs) StdoutLine: {'line': b'-- Up-to-date: /home/rschnurr/SkyClaw-Team1/ros2_ws/install/px4_msgs/include/px4_msgs/px4_msgs/msg/detail/timesync_status__type_support.h\n'}
[2.112693] (px4_msgs) StdoutLine: {'line': b'-- Up-to-date: /home/rschnurr/SkyClaw-Team1/ros2_ws/install/px4_msgs/include/px4_msgs/px4_msgs/msg/detail/rc_channels__functions.h\n'}
[2.113001] (px4_msgs) StdoutLine: {'line': b'-- Up-to-date: /home/rschnurr/SkyClaw-Team1/ros2_ws/install/px4_msgs/include/px4_msgs/px4_msgs/msg/detail/figure_eight_status__struct.h\n'}
[2.113192] (px4_msgs) StdoutLine: {'line': b'-- Up-to-date: /home/rschnurr/SkyClaw-Team1/ros2_ws/install/px4_msgs/include/px4_msgs/px4_msgs/msg/detail/system_power__type_support.h\n'}
[2.113374] (px4_msgs) StdoutLine: {'line': b'-- Up-to-date: /home/rschnurr/SkyClaw-Team1/ros2_ws/install/px4_msgs/include/px4_msgs/px4_msgs/msg/detail/magnetometer_bias_estimate__functions.h\n'}
[2.113554] (px4_msgs) StdoutLine: {'line': b'-- Up-to-date: /home/rschnurr/SkyClaw-Team1/ros2_ws/install/px4_msgs/include/px4_msgs/px4_msgs/msg/detail/health_report__functions.h\n'}
[2.114325] (px4_msgs) StdoutLine: {'line': b'-- Up-to-date: /home/rschnurr/SkyClaw-Team1/ros2_ws/install/px4_msgs/include/px4_msgs/px4_msgs/msg/detail/message_format_request__functions.h\n'}
[2.114601] (px4_msgs) StdoutLine: {'line': b'-- Up-to-date: /home/rschnurr/SkyClaw-Team1/ros2_ws/install/px4_msgs/include/px4_msgs/px4_msgs/msg/detail/estimator_aid_source3d__functions.c\n'}
[2.114970] (px4_msgs) StdoutLine: {'line': b'-- Up-to-date: /home/rschnurr/SkyClaw-Team1/ros2_ws/install/px4_msgs/include/px4_msgs/px4_msgs/msg/detail/camera_status__functions.c\n'}
[2.115523] (px4_msgs) StdoutLine: {'line': b'-- Up-to-date: /home/rschnurr/SkyClaw-Team1/ros2_ws/install/px4_msgs/include/px4_msgs/px4_msgs/msg/detail/sensor_gps__struct.h\n'}
[2.115724] (px4_msgs) StdoutLine: {'line': b'-- Up-to-date: /home/rschnurr/SkyClaw-Team1/ros2_ws/install/px4_msgs/include/px4_msgs/px4_msgs/msg/detail/rpm__functions.c\n'}
[2.115952] (px4_msgs) StdoutLine: {'line': b'-- Up-to-date: /home/rschnurr/SkyClaw-Team1/ros2_ws/install/px4_msgs/include/px4_msgs/px4_msgs/msg/detail/gimbal_manager_information__functions.c\n'}
[2.116131] (px4_msgs) StdoutLine: {'line': b'-- Up-to-date: /home/rschnurr/SkyClaw-Team1/ros2_ws/install/px4_msgs/include/px4_msgs/px4_msgs/msg/detail/iridiumsbd_status__functions.c\n'}
[2.116345] (px4_msgs) StdoutLine: {'line': b'-- Up-to-date: /home/rschnurr/SkyClaw-Team1/ros2_ws/install/px4_msgs/include/px4_msgs/px4_msgs/msg/detail/gpio_config__functions.h\n'}
[2.116548] (px4_msgs) StdoutLine: {'line': b'-- Up-to-date: /home/rschnurr/SkyClaw-Team1/ros2_ws/install/px4_msgs/include/px4_msgs/px4_msgs/msg/detail/rover_speed_setpoint__functions.h\n'}
[2.116699] (px4_msgs) StdoutLine: {'line': b'-- Up-to-date: /home/rschnurr/SkyClaw-Team1/ros2_ws/install/px4_msgs/include/px4_msgs/px4_msgs/msg/detail/vehicle_local_position_setpoint__functions.h\n'}
[2.117027] (px4_msgs) StdoutLine: {'line': b'-- Up-to-date: /home/rschnurr/SkyClaw-Team1/ros2_ws/install/px4_msgs/include/px4_msgs/px4_msgs/msg/detail/fixed_wing_lateral_setpoint__functions.h\n'}
[2.117260] (px4_msgs) StdoutLine: {'line': b'-- Up-to-date: /home/rschnurr/SkyClaw-Team1/ros2_ws/install/px4_msgs/include/px4_msgs/px4_msgs/msg/detail/debug_key_value__functions.h\n'}
[2.117641] (px4_msgs) StdoutLine: {'line': b'-- Up-to-date: /home/rschnurr/SkyClaw-Team1/ros2_ws/install/px4_msgs/include/px4_msgs/px4_msgs/msg/detail/rover_attitude_status__type_support.h\n'}
[2.118169] (px4_msgs) StdoutLine: {'line': b'-- Up-to-date: /home/rschnurr/SkyClaw-Team1/ros2_ws/install/px4_msgs/include/px4_msgs/px4_msgs/msg/detail/esc_status__type_support.h\n'}
[2.118247] (px4_msgs) StdoutLine: {'line': b'-- Up-to-date: /home/rschnurr/SkyClaw-Team1/ros2_ws/install/px4_msgs/include/px4_msgs/px4_msgs/msg/detail/dataman_request__functions.h\n'}
[2.118353] (px4_msgs) StdoutLine: {'line': b'-- Up-to-date: /home/rschnurr/SkyClaw-Team1/ros2_ws/install/px4_msgs/include/px4_msgs/px4_msgs/msg/detail/vehicle_rates_setpoint__functions.h\n'}
[2.118510] (px4_msgs) StdoutLine: {'line': b'-- Up-to-date: /home/rschnurr/SkyClaw-Team1/ros2_ws/install/px4_msgs/include/px4_msgs/px4_msgs/msg/detail/rc_parameter_map__struct.h\n'}
[2.118986] (px4_msgs) StdoutLine: {'line': b'-- Up-to-date: /home/rschnurr/SkyClaw-Team1/ros2_ws/install/px4_msgs/include/px4_msgs/px4_msgs/msg/detail/normalized_unsigned_setpoint__functions.h\n'}
[2.119065] (px4_msgs) StdoutLine: {'line': b'-- Up-to-date: /home/rschnurr/SkyClaw-Team1/ros2_ws/install/px4_msgs/include/px4_msgs/px4_msgs/msg/detail/sensor_gyro_fifo__type_support.h\n'}
[2.119361] (px4_msgs) StdoutLine: {'line': b'-- Up-to-date: /home/rschnurr/SkyClaw-Team1/ros2_ws/install/px4_msgs/include/px4_msgs/px4_msgs/msg/detail/sensor_gyro__functions.c\n'}
[2.119592] (px4_msgs) StdoutLine: {'line': b'-- Up-to-date: /home/rschnurr/SkyClaw-Team1/ros2_ws/install/px4_msgs/include/px4_msgs/px4_msgs/msg/detail/telemetry_status__functions.h\n'}
[2.119705] (px4_msgs) StdoutLine: {'line': b'-- Up-to-date: /home/rschnurr/SkyClaw-Team1/ros2_ws/install/px4_msgs/include/px4_msgs/px4_msgs/msg/detail/position_controller_landing_status__functions.c\n'}
[2.119982] (px4_msgs) StdoutLine: {'line': b'-- Up-to-date: /home/rschnurr/SkyClaw-Team1/ros2_ws/install/px4_msgs/include/px4_msgs/px4_msgs/msg/detail/vehicle_optical_flow__functions.h\n'}
[2.120048] (px4_msgs) StdoutLine: {'line': b'-- Up-to-date: /home/rschnurr/SkyClaw-Team1/ros2_ws/install/px4_msgs/include/px4_msgs/px4_msgs/msg/detail/parameter_set_used_request__struct.h\n'}
[2.120090] (px4_msgs) StdoutLine: {'line': b'-- Up-to-date: /home/rschnurr/SkyClaw-Team1/ros2_ws/install/px4_msgs/include/px4_msgs/px4_msgs/msg/detail/navigator_status__functions.h\n'}
[2.120125] (px4_msgs) StdoutLine: {'line': b'-- Up-to-date: /home/rschnurr/SkyClaw-Team1/ros2_ws/install/px4_msgs/include/px4_msgs/px4_msgs/msg/detail/actuator_motors__type_support.h\n'}
[2.120266] (px4_msgs) StdoutLine: {'line': b'-- Up-to-date: /home/rschnurr/SkyClaw-Team1/ros2_ws/install/px4_msgs/include/px4_msgs/px4_msgs/msg/detail/actuator_servos__functions.c\n'}
[2.120488] (px4_msgs) StdoutLine: {'line': b'-- Up-to-date: /home/rschnurr/SkyClaw-Team1/ros2_ws/install/px4_msgs/include/px4_msgs/px4_msgs/msg/detail/vehicle_odometry__type_support.h\n'}
[2.120706] (px4_msgs) StdoutLine: {'line': b'-- Up-to-date: /home/rschnurr/SkyClaw-Team1/ros2_ws/install/px4_msgs/include/px4_msgs/px4_msgs/msg/detail/estimator_aid_source1d__type_support.h\n'}
[2.120897] (px4_msgs) StdoutLine: {'line': b'-- Up-to-date: /home/rschnurr/SkyClaw-Team1/ros2_ws/install/px4_msgs/include/px4_msgs/px4_msgs/msg/detail/ekf2_timestamps__functions.h\n'}
[2.121121] (px4_msgs) StdoutLine: {'line': b'-- Up-to-date: /home/rschnurr/SkyClaw-Team1/ros2_ws/install/px4_msgs/include/px4_msgs/px4_msgs/msg/detail/vehicle_control_mode__struct.h\n'}
[2.121305] (px4_msgs) StdoutLine: {'line': b'-- Up-to-date: /home/rschnurr/SkyClaw-Team1/ros2_ws/install/px4_msgs/include/px4_msgs/px4_msgs/msg/detail/longitudinal_control_configuration__functions.h\n'}
[2.121549] (px4_msgs) StdoutLine: {'line': b'-- Up-to-date: /home/rschnurr/SkyClaw-Team1/ros2_ws/install/px4_msgs/include/px4_msgs/px4_msgs/msg/detail/gripper__struct.h\n'}
[2.121899] (px4_msgs) StdoutLine: {'line': b'-- Up-to-date: /home/rschnurr/SkyClaw-Team1/ros2_ws/install/px4_msgs/include/px4_msgs/px4_msgs/msg/detail/rover_rate_status__struct.h\n'}
[2.122238] (px4_msgs) StdoutLine: {'line': b'-- Up-to-date: /home/rschnurr/SkyClaw-Team1/ros2_ws/install/px4_msgs/include/px4_msgs/px4_msgs/msg/detail/mavlink_log__functions.c\n'}
[2.122733] (px4_msgs) StdoutLine: {'line': b'-- Up-to-date: /home/rschnurr/SkyClaw-Team1/ros2_ws/install/px4_msgs/include/px4_msgs/px4_msgs/msg/detail/gps_inject_data__functions.h\n'}
[2.122842] (px4_msgs) StdoutLine: {'line': b'-- Up-to-date: /home/rschnurr/SkyClaw-Team1/ros2_ws/install/px4_msgs/include/px4_msgs/px4_msgs/msg/detail/rc_parameter_map__functions.h\n'}
[2.122926] (px4_msgs) StdoutLine: {'line': b'-- Up-to-date: /home/rschnurr/SkyClaw-Team1/ros2_ws/install/px4_msgs/include/px4_msgs/px4_msgs/msg/detail/rover_speed_status__type_support.h\n'}
[2.123005] (px4_msgs) StdoutLine: {'line': b'-- Up-to-date: /home/rschnurr/SkyClaw-Team1/ros2_ws/install/px4_msgs/include/px4_msgs/px4_msgs/msg/detail/sensor_mag__functions.h\n'}
[2.123210] (px4_msgs) StdoutLine: {'line': b'-- Up-to-date: /home/rschnurr/SkyClaw-Team1/ros2_ws/install/px4_msgs/include/px4_msgs/px4_msgs/msg/detail/sensor_uwb__functions.h\n'}
[2.124448] (px4_msgs) StdoutLine: {'line': b'-- Up-to-date: /home/rschnurr/SkyClaw-Team1/ros2_ws/install/px4_msgs/include/px4_msgs/px4_msgs/msg/detail/sensor_gnss_status__functions.c\n'}
[2.124536] (px4_msgs) StdoutLine: {'line': b'-- Up-to-date: /home/rschnurr/SkyClaw-Team1/ros2_ws/install/px4_msgs/include/px4_msgs/px4_msgs/msg/detail/mag_worker_data__functions.c\n'}
[2.124610] (px4_msgs) StdoutLine: {'line': b'-- Up-to-date: /home/rschnurr/SkyClaw-Team1/ros2_ws/install/px4_msgs/include/px4_msgs/px4_msgs/msg/detail/adc_report__functions.h\n'}
[2.124734] (px4_msgs) StdoutLine: {'line': b'-- Up-to-date: /home/rschnurr/SkyClaw-Team1/ros2_ws/install/px4_msgs/include/px4_msgs/px4_msgs/msg/detail/sensor_selection__functions.c\n'}
[2.125095] (px4_msgs) StdoutLine: {'line': b'-- Up-to-date: /home/rschnurr/SkyClaw-Team1/ros2_ws/install/px4_msgs/include/px4_msgs/px4_msgs/msg/detail/rtl_time_estimate__functions.c\n'}
[2.125287] (px4_msgs) StdoutLine: {'line': b'-- Up-to-date: /home/rschnurr/SkyClaw-Team1/ros2_ws/install/px4_msgs/include/px4_msgs/px4_msgs/msg/detail/gimbal_manager_set_manual_control__struct.h\n'}
[2.125574] (px4_msgs) StdoutLine: {'line': b'-- Up-to-date: /home/rschnurr/SkyClaw-Team1/ros2_ws/install/px4_msgs/include/px4_msgs/px4_msgs/msg/detail/navigator_mission_item__type_support.h\n'}
[2.125778] (px4_msgs) StdoutLine: {'line': b'-- Up-to-date: /home/rschnurr/SkyClaw-Team1/ros2_ws/install/px4_msgs/include/px4_msgs/px4_msgs/msg/detail/rc_channels__struct.h\n'}
[2.126174] (px4_msgs) StdoutLine: {'line': b'-- Up-to-date: /home/rschnurr/SkyClaw-Team1/ros2_ws/install/px4_msgs/include/px4_msgs/px4_msgs/msg/detail/failsafe_flags__functions.c\n'}
[2.126302] (px4_msgs) StdoutLine: {'line': b'-- Up-to-date: /home/rschnurr/SkyClaw-Team1/ros2_ws/install/px4_msgs/include/px4_msgs/px4_msgs/msg/detail/qshell_req__functions.c\n'}
[2.126364] (px4_msgs) StdoutLine: {'line': b'-- Up-to-date: /home/rschnurr/SkyClaw-Team1/ros2_ws/install/px4_msgs/include/px4_msgs/px4_msgs/msg/detail/rover_position_setpoint__type_support.h\n'}
[2.126407] (px4_msgs) StdoutLine: {'line': b'-- Up-to-date: /home/rschnurr/SkyClaw-Team1/ros2_ws/install/px4_msgs/include/px4_msgs/px4_msgs/msg/detail/cellular_status__functions.h\n'}
[2.126445] (px4_msgs) StdoutLine: {'line': b'-- Up-to-date: /home/rschnurr/SkyClaw-Team1/ros2_ws/install/px4_msgs/include/px4_msgs/px4_msgs/msg/detail/estimator_event_flags__type_support.h\n'}
[2.126483] (px4_msgs) StdoutLine: {'line': b'-- Up-to-date: /home/rschnurr/SkyClaw-Team1/ros2_ws/install/px4_msgs/include/px4_msgs/px4_msgs/msg/detail/position_setpoint__functions.c\n'}
[2.126996] (px4_msgs) StdoutLine: {'line': b'-- Up-to-date: /home/rschnurr/SkyClaw-Team1/ros2_ws/install/px4_msgs/include/px4_msgs/px4_msgs/msg/detail/pps_capture__type_support.h\n'}
[2.127651] (px4_msgs) StdoutLine: {'line': b'-- Up-to-date: /home/rschnurr/SkyClaw-Team1/ros2_ws/install/px4_msgs/include/px4_msgs/px4_msgs/msg/detail/register_ext_component_reply__functions.c\n'}
[2.128158] (px4_msgs) StdoutLine: {'line': b'-- Up-to-date: /home/rschnurr/SkyClaw-Team1/ros2_ws/install/px4_msgs/include/px4_msgs/px4_msgs/msg/detail/can_interface_status__functions.c\n'}
[2.128426] (px4_msgs) StdoutLine: {'line': b'-- Up-to-date: /home/rschnurr/SkyClaw-Team1/ros2_ws/install/px4_msgs/include/px4_msgs/px4_msgs/msg/detail/gpio_config__type_support.h\n'}
[2.128579] (px4_msgs) StdoutLine: {'line': b'-- Up-to-date: /home/rschnurr/SkyClaw-Team1/ros2_ws/install/px4_msgs/include/px4_msgs/px4_msgs/msg/detail/geofence_result__struct.h\n'}
[2.128804] (px4_msgs) StdoutLine: {'line': b'-- Up-to-date: /home/rschnurr/SkyClaw-Team1/ros2_ws/install/px4_msgs/include/px4_msgs/px4_msgs/msg/detail/battery_status__struct.h\n'}
[2.129022] (px4_msgs) StdoutLine: {'line': b'-- Up-to-date: /home/rschnurr/SkyClaw-Team1/ros2_ws/install/px4_msgs/include/px4_msgs/px4_msgs/msg/detail/rc_channels__type_support.h\n'}
[2.129249] (px4_msgs) StdoutLine: {'line': b'-- Up-to-date: /home/rschnurr/SkyClaw-Team1/ros2_ws/install/px4_msgs/include/px4_msgs/px4_msgs/msg/detail/irlock_report__functions.c\n'}
[2.129437] (px4_msgs) StdoutLine: {'line': b'-- Up-to-date: /home/rschnurr/SkyClaw-Team1/ros2_ws/install/px4_msgs/include/px4_msgs/px4_msgs/msg/detail/manual_control_switches__type_support.h\n'}
[2.129610] (px4_msgs) StdoutLine: {'line': b'-- Up-to-date: /home/rschnurr/SkyClaw-Team1/ros2_ws/install/px4_msgs/include/px4_msgs/px4_msgs/msg/detail/unregister_ext_component__functions.c\n'}
[2.129830] (px4_msgs) StdoutLine: {'line': b'-- Up-to-date: /home/rschnurr/SkyClaw-Team1/ros2_ws/install/px4_msgs/include/px4_msgs/px4_msgs/msg/detail/parameter_reset_request__struct.h\n'}
[2.130384] (px4_msgs) StdoutLine: {'line': b'-- Up-to-date: /home/rschnurr/SkyClaw-Team1/ros2_ws/install/px4_msgs/include/px4_msgs/px4_msgs/msg/detail/vehicle_optical_flow__struct.h\n'}
[2.131113] (px4_msgs) StdoutLine: {'line': b'-- Up-to-date: /home/rschnurr/SkyClaw-Team1/ros2_ws/install/px4_msgs/include/px4_msgs/px4_msgs/msg/detail/esc_report__functions.c\n'}
[2.131417] (px4_msgs) StdoutLine: {'line': b'-- Up-to-date: /home/rschnurr/SkyClaw-Team1/ros2_ws/install/px4_msgs/include/px4_msgs/px4_msgs/msg/detail/failure_detector_status__type_support.h\n'}
[2.132676] (px4_msgs) StdoutLine: {'line': b'-- Up-to-date: /home/rschnurr/SkyClaw-Team1/ros2_ws/install/px4_msgs/include/px4_msgs/px4_msgs/msg/detail/estimator_gps_status__functions.c\n'}
[2.132848] (px4_msgs) StdoutLine: {'line': b'-- Up-to-date: /home/rschnurr/SkyClaw-Team1/ros2_ws/install/px4_msgs/include/px4_msgs/px4_msgs/msg/detail/landing_gear_wheel__struct.h\n'}
[2.133097] (px4_msgs) StdoutLine: {'line': b'-- Up-to-date: /home/rschnurr/SkyClaw-Team1/ros2_ws/install/px4_msgs/include/px4_msgs/px4_msgs/msg/detail/task_stack_info__functions.c\n'}
[2.133358] (px4_msgs) StdoutLine: {'line': b'-- Up-to-date: /home/rschnurr/SkyClaw-Team1/ros2_ws/install/px4_msgs/include/px4_msgs/px4_msgs/msg/detail/gpio_config__struct.h\n'}
[2.133590] (px4_msgs) StdoutLine: {'line': b'-- Up-to-date: /home/rschnurr/SkyClaw-Team1/ros2_ws/install/px4_msgs/include/px4_msgs/px4_msgs/msg/detail/mission_result__functions.c\n'}
[2.134116] (px4_msgs) StdoutLine: {'line': b'-- Up-to-date: /home/rschnurr/SkyClaw-Team1/ros2_ws/install/px4_msgs/include/px4_msgs/px4_msgs/msg/detail/vehicle_angular_acceleration_setpoint__type_support.h\n'}
[2.134531] (px4_msgs) StdoutLine: {'line': b'-- Up-to-date: /home/rschnurr/SkyClaw-Team1/ros2_ws/install/px4_msgs/include/px4_msgs/px4_msgs/msg/detail/qshell_retval__type_support.h\n'}
[2.135091] (px4_msgs) StdoutLine: {'line': b'-- Up-to-date: /home/rschnurr/SkyClaw-Team1/ros2_ws/install/px4_msgs/include/px4_msgs/px4_msgs/msg/detail/estimator_sensor_bias__struct.h\n'}
[2.135307] (px4_msgs) StdoutLine: {'line': b'-- Up-to-date: /home/rschnurr/SkyClaw-Team1/ros2_ws/install/px4_msgs/include/px4_msgs/px4_msgs/msg/detail/vehicle_thrust_setpoint__functions.h\n'}
[2.135546] (px4_msgs) StdoutLine: {'line': b'-- Up-to-date: /home/rschnurr/SkyClaw-Team1/ros2_ws/install/px4_msgs/include/px4_msgs/px4_msgs/msg/detail/event__type_support.h\n'}
[2.136777] (px4_msgs) StdoutLine: {'line': b'-- Up-to-date: /home/rschnurr/SkyClaw-Team1/ros2_ws/install/px4_msgs/include/px4_msgs/px4_msgs/msg/detail/sensor_combined__functions.c\n'}
[2.136865] (px4_msgs) StdoutLine: {'line': b'-- Up-to-date: /home/rschnurr/SkyClaw-Team1/ros2_ws/install/px4_msgs/include/px4_msgs/px4_msgs/msg/detail/gimbal_manager_set_manual_control__functions.c\n'}
[2.136920] (px4_msgs) StdoutLine: {'line': b'-- Up-to-date: /home/rschnurr/SkyClaw-Team1/ros2_ws/install/px4_msgs/include/px4_msgs/px4_msgs/msg/detail/health_report__functions.c\n'}
[2.136958] (px4_msgs) StdoutLine: {'line': b'-- Up-to-date: /home/rschnurr/SkyClaw-Team1/ros2_ws/install/px4_msgs/include/px4_msgs/px4_msgs/msg/detail/vehicle_imu_status__type_support.h\n'}
[2.136995] (px4_msgs) StdoutLine: {'line': b'-- Up-to-date: /home/rschnurr/SkyClaw-Team1/ros2_ws/install/px4_msgs/include/px4_msgs/px4_msgs/msg/detail/gps_inject_data__type_support.h\n'}
[2.137031] (px4_msgs) StdoutLine: {'line': b'-- Up-to-date: /home/rschnurr/SkyClaw-Team1/ros2_ws/install/px4_msgs/include/px4_msgs/px4_msgs/msg/detail/neural_control__type_support.h\n'}
[2.137091] (px4_msgs) StdoutLine: {'line': b'-- Up-to-date: /home/rschnurr/SkyClaw-Team1/ros2_ws/install/px4_msgs/include/px4_msgs/px4_msgs/msg/detail/navigator_status__type_support.h\n'}
[2.137151] (px4_msgs) StdoutLine: {'line': b'-- Up-to-date: /home/rschnurr/SkyClaw-Team1/ros2_ws/install/px4_msgs/include/px4_msgs/px4_msgs/msg/detail/gimbal_device_information__functions.h\n'}
[2.137226] (px4_msgs) StdoutLine: {'line': b'-- Up-to-date: /home/rschnurr/SkyClaw-Team1/ros2_ws/install/px4_msgs/include/px4_msgs/px4_msgs/msg/detail/estimator_bias__struct.h\n'}
[2.137284] (px4_msgs) StdoutLine: {'line': b'-- Up-to-date: /home/rschnurr/SkyClaw-Team1/ros2_ws/install/px4_msgs/include/px4_msgs/px4_msgs/msg/detail/sensor_gnss_status__functions.h\n'}
[2.137359] (px4_msgs) StdoutLine: {'line': b'-- Up-to-date: /home/rschnurr/SkyClaw-Team1/ros2_ws/install/px4_msgs/include/px4_msgs/px4_msgs/msg/detail/vehicle_local_position__functions.c\n'}
[2.137422] (px4_msgs) StdoutLine: {'line': b'-- Up-to-date: /home/rschnurr/SkyClaw-Team1/ros2_ws/install/px4_msgs/include/px4_msgs/px4_msgs/msg/detail/estimator_bias3d__type_support.h\n'}
[2.137469] (px4_msgs) StdoutLine: {'line': b'-- Up-to-date: /home/rschnurr/SkyClaw-Team1/ros2_ws/install/px4_msgs/include/px4_msgs/px4_msgs/msg/detail/control_allocator_status__struct.h\n'}
[2.137551] (px4_msgs) StdoutLine: {'line': b'-- Up-to-date: /home/rschnurr/SkyClaw-Team1/ros2_ws/install/px4_msgs/include/px4_msgs/px4_msgs/msg/detail/message_format_response__type_support.h\n'}
[2.137662] (px4_msgs) StdoutLine: {'line': b'-- Up-to-date: /home/rschnurr/SkyClaw-Team1/ros2_ws/install/px4_msgs/include/px4_msgs/px4_msgs/msg/detail/vehicle_torque_setpoint__functions.h\n'}
[2.137745] (px4_msgs) StdoutLine: {'line': b'-- Up-to-date: /home/rschnurr/SkyClaw-Team1/ros2_ws/install/px4_msgs/include/px4_msgs/px4_msgs/msg/detail/estimator_selector_status__type_support.h\n'}
[2.137794] (px4_msgs) StdoutLine: {'line': b'-- Up-to-date: /home/rschnurr/SkyClaw-Team1/ros2_ws/install/px4_msgs/include/px4_msgs/px4_msgs/msg/detail/trajectory_setpoint6dof__functions.c\n'}
[2.137878] (px4_msgs) StdoutLine: {'line': b'-- Up-to-date: /home/rschnurr/SkyClaw-Team1/ros2_ws/install/px4_msgs/include/px4_msgs/px4_msgs/msg/detail/gpio_in__type_support.h\n'}
[2.137998] (px4_msgs) StdoutLine: {'line': b'-- Up-to-date: /home/rschnurr/SkyClaw-Team1/ros2_ws/install/px4_msgs/include/px4_msgs/px4_msgs/msg/detail/ulog_stream__type_support.h\n'}
[2.138047] (px4_msgs) StdoutLine: {'line': b'-- Up-to-date: /home/rschnurr/SkyClaw-Team1/ros2_ws/install/px4_msgs/include/px4_msgs/px4_msgs/msg/detail/follow_target_status__struct.h\n'}
[2.141452] (px4_msgs) StdoutLine: {'line': b'-- Up-to-date: /home/rschnurr/SkyClaw-Team1/ros2_ws/install/px4_msgs/include/px4_msgs/px4_msgs/msg/detail/flight_phase_estimation__type_support.h\n'}
[2.141776] (px4_msgs) StdoutLine: {'line': b'-- Up-to-date: /home/rschnurr/SkyClaw-Team1/ros2_ws/install/px4_msgs/include/px4_msgs/px4_msgs/msg/detail/vehicle_roi__type_support.h\n'}
[2.141906] (px4_msgs) StdoutLine: {'line': b'-- Up-to-date: /home/rschnurr/SkyClaw-Team1/ros2_ws/install/px4_msgs/include/px4_msgs/px4_msgs/msg/detail/mavlink_tunnel__functions.c\n'}
[2.141970] (px4_msgs) StdoutLine: {'line': b'-- Up-to-date: /home/rschnurr/SkyClaw-Team1/ros2_ws/install/px4_msgs/include/px4_msgs/px4_msgs/msg/detail/gpio_request__functions.h\n'}
[2.142219] (px4_msgs) StdoutLine: {'line': b'-- Up-to-date: /home/rschnurr/SkyClaw-Team1/ros2_ws/install/px4_msgs/include/px4_msgs/px4_msgs/msg/detail/vehicle_attitude_setpoint__functions.c\n'}
[2.142327] (px4_msgs) StdoutLine: {'line': b'-- Up-to-date: /home/rschnurr/SkyClaw-Team1/ros2_ws/install/px4_msgs/include/px4_msgs/px4_msgs/msg/detail/irlock_report__type_support.h\n'}
[2.142584] (px4_msgs) StdoutLine: {'line': b'-- Up-to-date: /home/rschnurr/SkyClaw-Team1/ros2_ws/install/px4_msgs/include/px4_msgs/px4_msgs/msg/detail/vehicle_acceleration__functions.h\n'}
[2.142790] (px4_msgs) StdoutLine: {'line': b'-- Up-to-date: /home/rschnurr/SkyClaw-Team1/ros2_ws/install/px4_msgs/include/px4_msgs/px4_msgs/msg/detail/collision_constraints__struct.h\n'}
[2.142885] (px4_msgs) StdoutLine: {'line': b'-- Up-to-date: /home/rschnurr/SkyClaw-Team1/ros2_ws/install/px4_msgs/include/px4_msgs/px4_msgs/msg/detail/estimator_innovations__functions.h\n'}
[2.143048] (px4_msgs) StdoutLine: {'line': b'-- Up-to-date: /home/rschnurr/SkyClaw-Team1/ros2_ws/install/px4_msgs/include/px4_msgs/px4_msgs/msg/detail/goto_setpoint__struct.h\n'}
[2.143167] (px4_msgs) StdoutLine: {'line': b'-- Up-to-date: /home/rschnurr/SkyClaw-Team1/ros2_ws/install/px4_msgs/include/px4_msgs/px4_msgs/msg/detail/parameter_set_value_request__functions.h\n'}
[2.143256] (px4_msgs) StdoutLine: {'line': b'-- Up-to-date: /home/rschnurr/SkyClaw-Team1/ros2_ws/install/px4_msgs/include/px4_msgs/px4_msgs/msg/detail/sensor_optical_flow__functions.h\n'}
[2.143308] (px4_msgs) StdoutLine: {'line': b'-- Up-to-date: /home/rschnurr/SkyClaw-Team1/ros2_ws/install/px4_msgs/include/px4_msgs/px4_msgs/msg/detail/vehicle_angular_acceleration_setpoint__functions.h\n'}
[2.143357] (px4_msgs) StdoutLine: {'line': b'-- Up-to-date: /home/rschnurr/SkyClaw-Team1/ros2_ws/install/px4_msgs/include/px4_msgs/px4_msgs/msg/detail/camera_capture__functions.c\n'}
[2.143399] (px4_msgs) StdoutLine: {'line': b'-- Up-to-date: /home/rschnurr/SkyClaw-Team1/ros2_ws/install/px4_msgs/include/px4_msgs/px4_msgs/msg/detail/iridiumsbd_status__struct.h\n'}
[2.143444] (px4_msgs) StdoutLine: {'line': b'-- Up-to-date: /home/rschnurr/SkyClaw-Team1/ros2_ws/install/px4_msgs/include/px4_msgs/px4_msgs/msg/detail/pwm_input__functions.c\n'}
[2.143487] (px4_msgs) StdoutLine: {'line': b'-- Up-to-date: /home/rschnurr/SkyClaw-Team1/ros2_ws/install/px4_msgs/include/px4_msgs/px4_msgs/msg/detail/estimator_status_flags__functions.h\n'}
[2.143528] (px4_msgs) StdoutLine: {'line': b'-- Up-to-date: /home/rschnurr/SkyClaw-Team1/ros2_ws/install/px4_msgs/include/px4_msgs/px4_msgs/msg/detail/flight_phase_estimation__functions.h\n'}
[2.143568] (px4_msgs) StdoutLine: {'line': b'-- Up-to-date: /home/rschnurr/SkyClaw-Team1/ros2_ws/install/px4_msgs/include/px4_msgs/px4_msgs/msg/detail/estimator_aid_source2d__functions.h\n'}
[2.143613] (px4_msgs) StdoutLine: {'line': b'-- Up-to-date: /home/rschnurr/SkyClaw-Team1/ros2_ws/install/px4_msgs/include/px4_msgs/px4_msgs/msg/detail/obstacle_distance__functions.h\n'}
[2.143721] (px4_msgs) StdoutLine: {'line': b'-- Up-to-date: /home/rschnurr/SkyClaw-Team1/ros2_ws/install/px4_msgs/include/px4_msgs/px4_msgs/msg/detail/rover_steering_setpoint__struct.h\n'}
[2.143970] (px4_msgs) StdoutLine: {'line': b'-- Up-to-date: /home/rschnurr/SkyClaw-Team1/ros2_ws/install/px4_msgs/include/px4_msgs/px4_msgs/msg/detail/rover_throttle_setpoint__type_support.h\n'}
[2.144136] (px4_msgs) StdoutLine: {'line': b'-- Up-to-date: /home/rschnurr/SkyClaw-Team1/ros2_ws/install/px4_msgs/include/px4_msgs/px4_msgs/msg/detail/vehicle_air_data__functions.h\n'}
[2.144292] (px4_msgs) StdoutLine: {'line': b'-- Up-to-date: /home/rschnurr/SkyClaw-Team1/ros2_ws/install/px4_msgs/include/px4_msgs/px4_msgs/msg/detail/wind__functions.h\n'}
[2.144635] (px4_msgs) StdoutLine: {'line': b'-- Up-to-date: /home/rschnurr/SkyClaw-Team1/ros2_ws/install/px4_msgs/include/px4_msgs/px4_msgs/msg/detail/power_button_state__functions.h\n'}
[2.145201] (px4_msgs) StdoutLine: {'line': b'-- Up-to-date: /home/rschnurr/SkyClaw-Team1/ros2_ws/install/px4_msgs/include/px4_msgs/px4_msgs/msg/detail/parameter_set_value_response__functions.h\n'}
[2.146179] (px4_msgs) StdoutLine: {'line': b'-- Up-to-date: /home/rschnurr/SkyClaw-Team1/ros2_ws/install/px4_msgs/include/px4_msgs/px4_msgs/msg/detail/rover_attitude_status__functions.c\n'}
[2.146374] (px4_msgs) StdoutLine: {'line': b'-- Up-to-date: /home/rschnurr/SkyClaw-Team1/ros2_ws/install/px4_msgs/include/px4_msgs/px4_msgs/msg/detail/home_position__type_support.h\n'}
[2.146533] (px4_msgs) StdoutLine: {'line': b'-- Up-to-date: /home/rschnurr/SkyClaw-Team1/ros2_ws/install/px4_msgs/include/px4_msgs/px4_msgs/msg/detail/vehicle_local_position_setpoint__type_support.h\n'}
[2.146641] (px4_msgs) StdoutLine: {'line': b'-- Up-to-date: /home/rschnurr/SkyClaw-Team1/ros2_ws/install/px4_msgs/include/px4_msgs/px4_msgs/msg/detail/launch_detection_status__functions.c\n'}
[2.147053] (px4_msgs) StdoutLine: {'line': b'-- Up-to-date: /home/rschnurr/SkyClaw-Team1/ros2_ws/install/px4_msgs/include/px4_msgs/px4_msgs/msg/detail/orb_test_medium__struct.h\n'}
[2.147111] (px4_msgs) StdoutLine: {'line': b'-- Up-to-date: /home/rschnurr/SkyClaw-Team1/ros2_ws/install/px4_msgs/include/px4_msgs/px4_msgs/msg/detail/rover_speed_status__struct.h\n'}
[2.147201] (px4_msgs) StdoutLine: {'line': b'-- Up-to-date: /home/rschnurr/SkyClaw-Team1/ros2_ws/install/px4_msgs/include/px4_msgs/px4_msgs/msg/detail/radio_status__functions.c\n'}
[2.147776] (px4_msgs) StdoutLine: {'line': b'-- Up-to-date: /home/rschnurr/SkyClaw-Team1/ros2_ws/install/px4_msgs/include/px4_msgs/px4_msgs/msg/detail/differential_pressure__type_support.h\n'}
[2.148182] (px4_msgs) StdoutLine: {'line': b'-- Up-to-date: /home/rschnurr/SkyClaw-Team1/ros2_ws/install/px4_msgs/include/px4_msgs/px4_msgs/msg/detail/camera_capture__struct.h\n'}
[2.148452] (px4_msgs) StdoutLine: {'line': b'-- Up-to-date: /home/rschnurr/SkyClaw-Team1/ros2_ws/install/px4_msgs/include/px4_msgs/px4_msgs/msg/detail/rover_rate_status__functions.h\n'}
[2.148720] (px4_msgs) StdoutLine: {'line': b'-- Up-to-date: /home/rschnurr/SkyClaw-Team1/ros2_ws/install/px4_msgs/include/px4_msgs/px4_msgs/msg/detail/parameter_set_value_response__struct.h\n'}
[2.149101] (px4_msgs) StdoutLine: {'line': b'-- Up-to-date: /home/rschnurr/SkyClaw-Team1/ros2_ws/install/px4_msgs/include/px4_msgs/px4_msgs/msg/detail/wheel_encoders__struct.h\n'}
[2.149397] (px4_msgs) StdoutLine: {'line': b'-- Up-to-date: /home/rschnurr/SkyClaw-Team1/ros2_ws/install/px4_msgs/include/px4_msgs/px4_msgs/msg/detail/fixed_wing_lateral_setpoint__struct.h\n'}
[2.149687] (px4_msgs) StdoutLine: {'line': b'-- Up-to-date: /home/rschnurr/SkyClaw-Team1/ros2_ws/install/px4_msgs/include/px4_msgs/px4_msgs/msg/detail/sensor_gyro_fft__functions.c\n'}
[2.150150] (px4_msgs) StdoutLine: {'line': b'-- Up-to-date: /home/rschnurr/SkyClaw-Team1/ros2_ws/install/px4_msgs/include/px4_msgs/px4_msgs/msg/detail/launch_detection_status__functions.h\n'}
[2.150422] (px4_msgs) StdoutLine: {'line': b'-- Up-to-date: /home/rschnurr/SkyClaw-Team1/ros2_ws/install/px4_msgs/include/px4_msgs/px4_msgs/msg/detail/launch_detection_status__type_support.h\n'}
[2.150696] (px4_msgs) StdoutLine: {'line': b'-- Up-to-date: /home/rschnurr/SkyClaw-Team1/ros2_ws/install/px4_msgs/include/px4_msgs/px4_msgs/msg/detail/differential_pressure__functions.c\n'}
[2.151027] (px4_msgs) StdoutLine: {'line': b'-- Up-to-date: /home/rschnurr/SkyClaw-Team1/ros2_ws/install/px4_msgs/include/px4_msgs/px4_msgs/msg/detail/estimator_gps_status__type_support.h\n'}
[2.151324] (px4_msgs) StdoutLine: {'line': b'-- Up-to-date: /home/rschnurr/SkyClaw-Team1/ros2_ws/install/px4_msgs/include/px4_msgs/px4_msgs/msg/detail/autotune_attitude_control_status__type_support.h\n'}
[2.151472] (px4_msgs) StdoutLine: {'line': b'-- Up-to-date: /home/rschnurr/SkyClaw-Team1/ros2_ws/install/px4_msgs/include/px4_msgs/px4_msgs/msg/detail/position_setpoint__type_support.h\n'}
[2.151664] (px4_msgs) StdoutLine: {'line': b'-- Up-to-date: /home/rschnurr/SkyClaw-Team1/ros2_ws/install/px4_msgs/include/px4_msgs/px4_msgs/msg/detail/satellite_info__functions.c\n'}
[2.151974] (px4_msgs) StdoutLine: {'line': b'-- Up-to-date: /home/rschnurr/SkyClaw-Team1/ros2_ws/install/px4_msgs/include/px4_msgs/px4_msgs/msg/detail/qshell_retval__functions.c\n'}
[2.152144] (px4_msgs) StdoutLine: {'line': b'-- Up-to-date: /home/rschnurr/SkyClaw-Team1/ros2_ws/install/px4_msgs/include/px4_msgs/px4_msgs/msg/detail/vehicle_global_position__type_support.h\n'}
[2.152212] (px4_msgs) StdoutLine: {'line': b'-- Up-to-date: /home/rschnurr/SkyClaw-Team1/ros2_ws/install/px4_msgs/include/px4_msgs/px4_msgs/msg/detail/actuator_motors__functions.c\n'}
[2.152489] (px4_msgs) StdoutLine: {'line': b'-- Up-to-date: /home/rschnurr/SkyClaw-Team1/ros2_ws/install/px4_msgs/include/px4_msgs/px4_msgs/msg/detail/orb_test_large__functions.c\n'}
[2.152837] (px4_msgs) StdoutLine: {'line': b'-- Up-to-date: /home/rschnurr/SkyClaw-Team1/ros2_ws/install/px4_msgs/include/px4_msgs/px4_msgs/msg/detail/sensors_status_imu__functions.h\n'}
[2.153347] (px4_msgs) StdoutLine: {'line': b'-- Up-to-date: /home/rschnurr/SkyClaw-Team1/ros2_ws/install/px4_msgs/include/px4_msgs/px4_msgs/msg/detail/gpio_config__functions.c\n'}
[2.153717] (px4_msgs) StdoutLine: {'line': b'-- Up-to-date: /home/rschnurr/SkyClaw-Team1/ros2_ws/install/px4_msgs/include/px4_msgs/px4_msgs/msg/detail/task_stack_info__functions.h\n'}
[2.153931] (px4_msgs) StdoutLine: {'line': b'-- Up-to-date: /home/rschnurr/SkyClaw-Team1/ros2_ws/install/px4_msgs/include/px4_msgs/px4_msgs/msg/detail/rc_channels__functions.c\n'}
[2.154207] (px4_msgs) StdoutLine: {'line': b'-- Up-to-date: /home/rschnurr/SkyClaw-Team1/ros2_ws/install/px4_msgs/include/px4_msgs/px4_msgs/msg/detail/fixed_wing_lateral_guidance_status__struct.h\n'}
[2.154327] (px4_msgs) StdoutLine: {'line': b'-- Up-to-date: /home/rschnurr/SkyClaw-Team1/ros2_ws/install/px4_msgs/include/px4_msgs/px4_msgs/msg/detail/sensor_gnss_relative__struct.h\n'}
[2.154459] (px4_msgs) StdoutLine: {'line': b'-- Up-to-date: /home/rschnurr/SkyClaw-Team1/ros2_ws/install/px4_msgs/include/px4_msgs/px4_msgs/msg/detail/camera_trigger__functions.h\n'}
[2.154574] (px4_msgs) StdoutLine: {'line': b'-- Up-to-date: /home/rschnurr/SkyClaw-Team1/ros2_ws/install/px4_msgs/include/px4_msgs/px4_msgs/msg/detail/battery_info__type_support.h\n'}
[2.154654] (px4_msgs) StdoutLine: {'line': b'-- Up-to-date: /home/rschnurr/SkyClaw-Team1/ros2_ws/install/px4_msgs/include/px4_msgs/px4_msgs/msg/detail/gimbal_manager_set_manual_control__type_support.h\n'}
[2.154738] (px4_msgs) StdoutLine: {'line': b'-- Up-to-date: /home/rschnurr/SkyClaw-Team1/ros2_ws/install/px4_msgs/include/px4_msgs/px4_msgs/msg/detail/vehicle_constraints__struct.h\n'}
[2.154826] (px4_msgs) StdoutLine: {'line': b'-- Up-to-date: /home/rschnurr/SkyClaw-Team1/ros2_ws/install/px4_msgs/include/px4_msgs/px4_msgs/msg/detail/estimator_states__functions.h\n'}
[2.154929] (px4_msgs) StdoutLine: {'line': b'-- Up-to-date: /home/rschnurr/SkyClaw-Team1/ros2_ws/install/px4_msgs/include/px4_msgs/px4_msgs/msg/detail/vehicle_imu_status__functions.h\n'}
[2.155042] (px4_msgs) StdoutLine: {'line': b'-- Up-to-date: /home/rschnurr/SkyClaw-Team1/ros2_ws/install/px4_msgs/include/px4_msgs/px4_msgs/msg/detail/estimator_gps_status__struct.h\n'}
[2.155107] (px4_msgs) StdoutLine: {'line': b'-- Up-to-date: /home/rschnurr/SkyClaw-Team1/ros2_ws/install/px4_msgs/include/px4_msgs/px4_msgs/msg/detail/orbit_status__functions.c\n'}
[2.155150] (px4_msgs) StdoutLine: {'line': b'-- Up-to-date: /home/rschnurr/SkyClaw-Team1/ros2_ws/install/px4_msgs/include/px4_msgs/px4_msgs/msg/detail/manual_control_setpoint__functions.h\n'}
[2.155191] (px4_msgs) StdoutLine: {'line': b'-- Up-to-date: /home/rschnurr/SkyClaw-Team1/ros2_ws/install/px4_msgs/include/px4_msgs/px4_msgs/msg/detail/autotune_attitude_control_status__functions.h\n'}
[2.155228] (px4_msgs) StdoutLine: {'line': b'-- Up-to-date: /home/rschnurr/SkyClaw-Team1/ros2_ws/install/px4_msgs/include/px4_msgs/px4_msgs/msg/detail/position_setpoint_triplet__struct.h\n'}
[2.155718] (px4_msgs) StdoutLine: {'line': b'-- Up-to-date: /home/rschnurr/SkyClaw-Team1/ros2_ws/install/px4_msgs/include/px4_msgs/px4_msgs/msg/detail/tune_control__type_support.h\n'}
[2.156460] (px4_msgs) StdoutLine: {'line': b'-- Up-to-date: /home/rschnurr/SkyClaw-Team1/ros2_ws/install/px4_msgs/include/px4_msgs/px4_msgs/msg/detail/sensors_status__functions.h\n'}
[2.156697] (px4_msgs) StdoutLine: {'line': b'-- Up-to-date: /home/rschnurr/SkyClaw-Team1/ros2_ws/install/px4_msgs/include/px4_msgs/px4_msgs/msg/detail/estimator_bias__type_support.h\n'}
[2.156794] (px4_msgs) StdoutLine: {'line': b'-- Up-to-date: /home/rschnurr/SkyClaw-Team1/ros2_ws/install/px4_msgs/include/px4_msgs/px4_msgs/msg/detail/gimbal_device_set_attitude__functions.h\n'}
[2.156853] (px4_msgs) StdoutLine: {'line': b'-- Up-to-date: /home/rschnurr/SkyClaw-Team1/ros2_ws/install/px4_msgs/include/px4_msgs/px4_msgs/msg/detail/trajectory_setpoint__struct.h\n'}
[2.157261] (px4_msgs) StdoutLine: {'line': b'-- Up-to-date: /home/rschnurr/SkyClaw-Team1/ros2_ws/install/px4_msgs/include/px4_msgs/px4_msgs/msg/detail/system_power__functions.h\n'}
[2.157416] (px4_msgs) StdoutLine: {'line': b'-- Up-to-date: /home/rschnurr/SkyClaw-Team1/ros2_ws/install/px4_msgs/include/px4_msgs/px4_msgs/msg/detail/normalized_unsigned_setpoint__type_support.h\n'}
[2.157669] (px4_msgs) StdoutLine: {'line': b'-- Up-to-date: /home/rschnurr/SkyClaw-Team1/ros2_ws/install/px4_msgs/include/px4_msgs/px4_msgs/msg/detail/camera_trigger__type_support.h\n'}
[2.157957] (px4_msgs) StdoutLine: {'line': b'-- Up-to-date: /home/rschnurr/SkyClaw-Team1/ros2_ws/install/px4_msgs/include/px4_msgs/px4_msgs/msg/detail/lateral_control_configuration__type_support.h\n'}
[2.158232] (px4_msgs) StdoutLine: {'line': b'-- Up-to-date: /home/rschnurr/SkyClaw-Team1/ros2_ws/install/px4_msgs/include/px4_msgs/px4_msgs/msg/detail/estimator_event_flags__struct.h\n'}
[2.158609] (px4_msgs) StdoutLine: {'line': b'-- Up-to-date: /home/rschnurr/SkyClaw-Team1/ros2_ws/install/px4_msgs/include/px4_msgs/px4_msgs/msg/detail/position_setpoint_triplet__functions.c\n'}
[2.159591] (px4_msgs) StdoutLine: {'line': b'-- Up-to-date: /home/rschnurr/SkyClaw-Team1/ros2_ws/install/px4_msgs/include/px4_msgs/px4_msgs/msg/detail/parameter_set_value_request__functions.c\n'}
[2.159801] (px4_msgs) StdoutLine: {'line': b'-- Up-to-date: /home/rschnurr/SkyClaw-Team1/ros2_ws/install/px4_msgs/include/px4_msgs/px4_msgs/msg/detail/vehicle_land_detected__functions.h\n'}
[2.159960] (px4_msgs) StdoutLine: {'line': b'-- Up-to-date: /home/rschnurr/SkyClaw-Team1/ros2_ws/install/px4_msgs/include/px4_msgs/px4_msgs/msg/detail/vehicle_optical_flow__type_support.h\n'}
[2.160183] (px4_msgs) StdoutLine: {'line': b'-- Up-to-date: /home/rschnurr/SkyClaw-Team1/ros2_ws/install/px4_msgs/include/px4_msgs/px4_msgs/msg/detail/airspeed_validated__functions.h\n'}
[2.160258] (px4_msgs) StdoutLine: {'line': b'-- Up-to-date: /home/rschnurr/SkyClaw-Team1/ros2_ws/install/px4_msgs/include/px4_msgs/px4_msgs/msg/detail/tiltrotor_extra_controls__functions.c\n'}
[2.160414] (px4_msgs) StdoutLine: {'line': b'-- Up-to-date: /home/rschnurr/SkyClaw-Team1/ros2_ws/install/px4_msgs/include/px4_msgs/px4_msgs/msg/detail/mavlink_tunnel__struct.h\n'}
[2.160589] (px4_msgs) StdoutLine: {'line': b'-- Up-to-date: /home/rschnurr/SkyClaw-Team1/ros2_ws/install/px4_msgs/include/px4_msgs/px4_msgs/msg/detail/button_event__type_support.h\n'}
[2.161213] (px4_msgs) StdoutLine: {'line': b'-- Up-to-date: /home/rschnurr/SkyClaw-Team1/ros2_ws/install/px4_msgs/include/px4_msgs/px4_msgs/msg/detail/sensor_gyro_fifo__struct.h\n'}
[2.161896] (px4_msgs) StdoutLine: {'line': b'-- Up-to-date: /home/rschnurr/SkyClaw-Team1/ros2_ws/install/px4_msgs/include/px4_msgs/px4_msgs/msg/detail/debug_array__functions.c\n'}
[2.162039] (px4_msgs) StdoutLine: {'line': b'-- Up-to-date: /home/rschnurr/SkyClaw-Team1/ros2_ws/install/px4_msgs/include/px4_msgs/px4_msgs/msg/detail/fixed_wing_runway_control__type_support.h\n'}
[2.162893] (px4_msgs) StdoutLine: {'line': b'-- Up-to-date: /home/rschnurr/SkyClaw-Team1/ros2_ws/install/px4_msgs/include/px4_msgs/px4_msgs/msg/detail/vehicle_command__type_support.h\n'}
[2.163411] (px4_msgs) StdoutLine: {'line': b'-- Up-to-date: /home/rschnurr/SkyClaw-Team1/ros2_ws/install/px4_msgs/include/px4_msgs/px4_msgs/msg/detail/actuator_armed__struct.h\n'}
[2.163820] (px4_msgs) StdoutLine: {'line': b'-- Up-to-date: /home/rschnurr/SkyClaw-Team1/ros2_ws/install/px4_msgs/include/px4_msgs/px4_msgs/msg/detail/sensor_accel_fifo__functions.h\n'}
[2.164112] (px4_msgs) StdoutLine: {'line': b'-- Up-to-date: /home/rschnurr/SkyClaw-Team1/ros2_ws/install/px4_msgs/include/px4_msgs/px4_msgs/msg/detail/rover_attitude_setpoint__functions.h\n'}
[2.164548] (px4_msgs) StdoutLine: {'line': b'-- Up-to-date: /home/rschnurr/SkyClaw-Team1/ros2_ws/install/px4_msgs/include/px4_msgs/px4_msgs/msg/detail/vehicle_control_mode__functions.c\n'}
[2.164952] (px4_msgs) StdoutLine: {'line': b'-- Up-to-date: /home/rschnurr/SkyClaw-Team1/ros2_ws/install/px4_msgs/include/px4_msgs/px4_msgs/msg/detail/qshell_retval__functions.h\n'}
[2.165109] (px4_msgs) StdoutLine: {'line': b'-- Up-to-date: /home/rschnurr/SkyClaw-Team1/ros2_ws/install/px4_msgs/include/px4_msgs/px4_msgs/msg/detail/mount_orientation__struct.h\n'}
[2.165157] (px4_msgs) StdoutLine: {'line': b'-- Up-to-date: /home/rschnurr/SkyClaw-Team1/ros2_ws/install/px4_msgs/include/px4_msgs/px4_msgs/msg/detail/gimbal_manager_set_attitude__type_support.h\n'}
[2.165328] (px4_msgs) StdoutLine: {'line': b'-- Up-to-date: /home/rschnurr/SkyClaw-Team1/ros2_ws/install/px4_msgs/include/px4_msgs/px4_msgs/msg/detail/message_format_request__type_support.h\n'}
[2.165411] (px4_msgs) StdoutLine: {'line': b'-- Up-to-date: /home/rschnurr/SkyClaw-Team1/ros2_ws/install/px4_msgs/include/px4_msgs/px4_msgs/msg/detail/esc_report__functions.h\n'}
[2.165674] (px4_msgs) StdoutLine: {'line': b'-- Up-to-date: /home/rschnurr/SkyClaw-Team1/ros2_ws/install/px4_msgs/include/px4_msgs/px4_msgs/msg/detail/sensor_correction__struct.h\n'}
[2.165940] (px4_msgs) StdoutLine: {'line': b'-- Up-to-date: /home/rschnurr/SkyClaw-Team1/ros2_ws/install/px4_msgs/include/px4_msgs/px4_msgs/msg/detail/vehicle_command__functions.h\n'}
[2.166357] (px4_msgs) StdoutLine: {'line': b'-- Up-to-date: /home/rschnurr/SkyClaw-Team1/ros2_ws/install/px4_msgs/include/px4_msgs/px4_msgs/msg/detail/geofence_result__functions.h\n'}
[2.166595] (px4_msgs) StdoutLine: {'line': b'-- Up-to-date: /home/rschnurr/SkyClaw-Team1/ros2_ws/install/px4_msgs/include/px4_msgs/px4_msgs/msg/detail/sensor_hygrometer__functions.c\n'}
[2.166970] (px4_msgs) StdoutLine: {'line': b'-- Up-to-date: /home/rschnurr/SkyClaw-Team1/ros2_ws/install/px4_msgs/include/px4_msgs/px4_msgs/msg/detail/sensor_uwb__struct.h\n'}
[2.167232] (px4_msgs) StdoutLine: {'line': b'-- Up-to-date: /home/rschnurr/SkyClaw-Team1/ros2_ws/install/px4_msgs/include/px4_msgs/px4_msgs/msg/detail/fixed_wing_lateral_status__type_support.h\n'}
[2.167371] (px4_msgs) StdoutLine: {'line': b'-- Up-to-date: /home/rschnurr/SkyClaw-Team1/ros2_ws/install/px4_msgs/include/px4_msgs/px4_msgs/msg/detail/debug_vect__functions.h\n'}
[2.167555] (px4_msgs) StdoutLine: {'line': b'-- Up-to-date: /home/rschnurr/SkyClaw-Team1/ros2_ws/install/px4_msgs/include/px4_msgs/px4_msgs/msg/detail/camera_capture__functions.h\n'}
[2.167999] (px4_msgs) StdoutLine: {'line': b'-- Up-to-date: /home/rschnurr/SkyClaw-Team1/ros2_ws/install/px4_msgs/include/px4_msgs/px4_msgs/msg/detail/vehicle_odometry__functions.h\n'}
[2.168145] (px4_msgs) StdoutLine: {'line': b'-- Up-to-date: /home/rschnurr/SkyClaw-Team1/ros2_ws/install/px4_msgs/include/px4_msgs/px4_msgs/msg/detail/radio_status__functions.h\n'}
[2.168470] (px4_msgs) StdoutLine: {'line': b'-- Up-to-date: /home/rschnurr/SkyClaw-Team1/ros2_ws/install/px4_msgs/include/px4_msgs/px4_msgs/msg/detail/vehicle_magnetometer__functions.h\n'}
[2.168553] (px4_msgs) StdoutLine: {'line': b'-- Up-to-date: /home/rschnurr/SkyClaw-Team1/ros2_ws/install/px4_msgs/include/px4_msgs/px4_msgs/msg/detail/rover_speed_status__functions.h\n'}
[2.169047] (px4_msgs) StdoutLine: {'line': b'-- Up-to-date: /home/rschnurr/SkyClaw-Team1/ros2_ws/install/px4_msgs/include/px4_msgs/px4_msgs/msg/detail/geofence_status__functions.h\n'}
[2.169869] (px4_msgs) StdoutLine: {'line': b'-- Up-to-date: /home/rschnurr/SkyClaw-Team1/ros2_ws/install/px4_msgs/include/px4_msgs/px4_msgs/msg/detail/gpio_out__functions.h\n'}
[2.170228] (px4_msgs) StdoutLine: {'line': b'-- Up-to-date: /home/rschnurr/SkyClaw-Team1/ros2_ws/install/px4_msgs/include/px4_msgs/px4_msgs/msg/detail/estimator_bias3d__functions.c\n'}
[2.170381] (px4_msgs) StdoutLine: {'line': b'-- Up-to-date: /home/rschnurr/SkyClaw-Team1/ros2_ws/install/px4_msgs/include/px4_msgs/px4_msgs/msg/detail/sensor_gyro_fifo__functions.h\n'}
[2.170692] (px4_msgs) StdoutLine: {'line': b'-- Up-to-date: /home/rschnurr/SkyClaw-Team1/ros2_ws/install/px4_msgs/include/px4_msgs/px4_msgs/msg/detail/follow_target_estimator__type_support.h\n'}
[2.170999] (px4_msgs) StdoutLine: {'line': b'-- Up-to-date: /home/rschnurr/SkyClaw-Team1/ros2_ws/install/px4_msgs/include/px4_msgs/px4_msgs/msg/detail/arming_check_request__struct.h\n'}
[2.171249] (px4_msgs) StdoutLine: {'line': b'-- Up-to-date: /home/rschnurr/SkyClaw-Team1/ros2_ws/install/px4_msgs/include/px4_msgs/px4_msgs/msg/detail/vehicle_status__type_support.h\n'}
[2.171398] (px4_msgs) StdoutLine: {'line': b'-- Up-to-date: /home/rschnurr/SkyClaw-Team1/ros2_ws/install/px4_msgs/include/px4_msgs/px4_msgs/msg/detail/vehicle_land_detected__functions.c\n'}
[2.171630] (px4_msgs) StdoutLine: {'line': b'-- Up-to-date: /home/rschnurr/SkyClaw-Team1/ros2_ws/install/px4_msgs/include/px4_msgs/px4_msgs/msg/detail/navigator_status__functions.c\n'}
[2.171849] (px4_msgs) StdoutLine: {'line': b'-- Up-to-date: /home/rschnurr/SkyClaw-Team1/ros2_ws/install/px4_msgs/include/px4_msgs/px4_msgs/msg/detail/pure_pursuit_status__struct.h\n'}
[2.171923] (px4_msgs) StdoutLine: {'line': b'-- Up-to-date: /home/rschnurr/SkyClaw-Team1/ros2_ws/install/px4_msgs/include/px4_msgs/px4_msgs/msg/detail/sensor_selection__struct.h\n'}
[2.172124] (px4_msgs) StdoutLine: {'line': b'-- Up-to-date: /home/rschnurr/SkyClaw-Team1/ros2_ws/install/px4_msgs/include/px4_msgs/px4_msgs/msg/detail/ping__struct.h\n'}
[2.172553] (px4_msgs) StdoutLine: {'line': b'-- Up-to-date: /home/rschnurr/SkyClaw-Team1/ros2_ws/install/px4_msgs/include/px4_msgs/px4_msgs/msg/detail/distance_sensor_mode_change_request__struct.h\n'}
[2.172630] (px4_msgs) StdoutLine: {'line': b'-- Up-to-date: /home/rschnurr/SkyClaw-Team1/ros2_ws/install/px4_msgs/include/px4_msgs/px4_msgs/msg/detail/open_drone_id_system__struct.h\n'}
[2.172694] (px4_msgs) StdoutLine: {'line': b'-- Up-to-date: /home/rschnurr/SkyClaw-Team1/ros2_ws/install/px4_msgs/include/px4_msgs/px4_msgs/msg/detail/trajectory_setpoint6dof__type_support.h\n'}
[2.172750] (px4_msgs) StdoutLine: {'line': b'-- Up-to-date: /home/rschnurr/SkyClaw-Team1/ros2_ws/install/px4_msgs/include/px4_msgs/px4_msgs/msg/detail/rover_attitude_status__struct.h\n'}
[2.172788] (px4_msgs) StdoutLine: {'line': b'-- Up-to-date: /home/rschnurr/SkyClaw-Team1/ros2_ws/install/px4_msgs/include/px4_msgs/px4_msgs/msg/detail/cpuload__struct.h\n'}
[2.172839] (px4_msgs) StdoutLine: {'line': b'-- Up-to-date: /home/rschnurr/SkyClaw-Team1/ros2_ws/install/px4_msgs/include/px4_msgs/px4_msgs/msg/detail/gimbal_device_information__struct.h\n'}
[2.173046] (px4_msgs) StdoutLine: {'line': b'-- Up-to-date: /home/rschnurr/SkyClaw-Team1/ros2_ws/install/px4_msgs/include/px4_msgs/px4_msgs/msg/detail/vehicle_attitude__struct.h\n'}
[2.173509] (px4_msgs) StdoutLine: {'line': b'-- Up-to-date: /home/rschnurr/SkyClaw-Team1/ros2_ws/install/px4_msgs/include/px4_msgs/px4_msgs/msg/detail/fuel_tank_status__struct.h\n'}
[2.173619] (px4_msgs) StdoutLine: {'line': b'-- Up-to-date: /home/rschnurr/SkyClaw-Team1/ros2_ws/install/px4_msgs/include/px4_msgs/px4_msgs/msg/detail/event__functions.h\n'}
[2.173668] (px4_msgs) StdoutLine: {'line': b'-- Up-to-date: /home/rschnurr/SkyClaw-Team1/ros2_ws/install/px4_msgs/include/px4_msgs/px4_msgs/msg/detail/gpio_in__struct.h\n'}
[2.173757] (px4_msgs) StdoutLine: {'line': b'-- Up-to-date: /home/rschnurr/SkyClaw-Team1/ros2_ws/install/px4_msgs/include/px4_msgs/px4_msgs/msg/detail/camera_trigger__struct.h\n'}
[2.174025] (px4_msgs) StdoutLine: {'line': b'-- Up-to-date: /home/rschnurr/SkyClaw-Team1/ros2_ws/install/px4_msgs/include/px4_msgs/px4_msgs/msg/detail/adc_report__struct.h\n'}
[2.174587] (px4_msgs) StdoutLine: {'line': b'-- Up-to-date: /home/rschnurr/SkyClaw-Team1/ros2_ws/install/px4_msgs/include/px4_msgs/px4_msgs/msg/detail/vehicle_land_detected__type_support.h\n'}
[2.174725] (px4_msgs) StdoutLine: {'line': b'-- Up-to-date: /home/rschnurr/SkyClaw-Team1/ros2_ws/install/px4_msgs/include/px4_msgs/px4_msgs/msg/detail/gripper__functions.h\n'}
[2.175308] (px4_msgs) StdoutLine: {'line': b'-- Up-to-date: /home/rschnurr/SkyClaw-Team1/ros2_ws/install/px4_msgs/include/px4_msgs/px4_msgs/msg/detail/sensor_baro__functions.c\n'}
[2.175415] (px4_msgs) StdoutLine: {'line': b'-- Up-to-date: /home/rschnurr/SkyClaw-Team1/ros2_ws/install/px4_msgs/include/px4_msgs/px4_msgs/msg/detail/sensors_status_imu__struct.h\n'}
[2.175473] (px4_msgs) StdoutLine: {'line': b'-- Up-to-date: /home/rschnurr/SkyClaw-Team1/ros2_ws/install/px4_msgs/include/px4_msgs/px4_msgs/msg/detail/camera_trigger__functions.c\n'}
[2.175514] (px4_msgs) StdoutLine: {'line': b'-- Up-to-date: /home/rschnurr/SkyClaw-Team1/ros2_ws/install/px4_msgs/include/px4_msgs/px4_msgs/msg/detail/sensor_optical_flow__functions.c\n'}
[2.175739] (px4_msgs) StdoutLine: {'line': b'-- Up-to-date: /home/rschnurr/SkyClaw-Team1/ros2_ws/install/px4_msgs/include/px4_msgs/px4_msgs/msg/detail/power_monitor__functions.h\n'}
[2.175786] (px4_msgs) StdoutLine: {'line': b'-- Up-to-date: /home/rschnurr/SkyClaw-Team1/ros2_ws/install/px4_msgs/include/px4_msgs/px4_msgs/msg/detail/debug_array__struct.h\n'}
[2.175834] (px4_msgs) StdoutLine: {'line': b'-- Up-to-date: /home/rschnurr/SkyClaw-Team1/ros2_ws/install/px4_msgs/include/px4_msgs/px4_msgs/msg/detail/log_message__struct.h\n'}
[2.175865] (px4_msgs) StdoutLine: {'line': b'-- Up-to-date: /home/rschnurr/SkyClaw-Team1/ros2_ws/install/px4_msgs/include/px4_msgs/px4_msgs/msg/detail/vehicle_rates_setpoint__type_support.h\n'}
[2.175914] (px4_msgs) StdoutLine: {'line': b'-- Up-to-date: /home/rschnurr/SkyClaw-Team1/ros2_ws/install/px4_msgs/include/px4_msgs/px4_msgs/msg/detail/navigator_mission_item__struct.h\n'}
[2.175994] (px4_msgs) StdoutLine: {'line': b'-- Up-to-date: /home/rschnurr/SkyClaw-Team1/ros2_ws/install/px4_msgs/include/px4_msgs/px4_msgs/msg/detail/log_message__type_support.h\n'}
[2.176043] (px4_msgs) StdoutLine: {'line': b'-- Up-to-date: /home/rschnurr/SkyClaw-Team1/ros2_ws/install/px4_msgs/include/px4_msgs/px4_msgs/msg/detail/ulog_stream_ack__functions.c\n'}
[2.176078] (px4_msgs) StdoutLine: {'line': b'-- Up-to-date: /home/rschnurr/SkyClaw-Team1/ros2_ws/install/px4_msgs/include/px4_msgs/px4_msgs/msg/detail/power_button_state__functions.c\n'}
[2.176110] (px4_msgs) StdoutLine: {'line': b'-- Up-to-date: /home/rschnurr/SkyClaw-Team1/ros2_ws/install/px4_msgs/include/px4_msgs/px4_msgs/msg/detail/dataman_request__functions.c\n'}
[2.176192] (px4_msgs) StdoutLine: {'line': b'-- Up-to-date: /home/rschnurr/SkyClaw-Team1/ros2_ws/install/px4_msgs/include/px4_msgs/px4_msgs/msg/detail/position_setpoint__functions.h\n'}
[2.176240] (px4_msgs) StdoutLine: {'line': b'-- Up-to-date: /home/rschnurr/SkyClaw-Team1/ros2_ws/install/px4_msgs/include/px4_msgs/px4_msgs/msg/detail/debug_value__struct.h\n'}
[2.176274] (px4_msgs) StdoutLine: {'line': b'-- Up-to-date: /home/rschnurr/SkyClaw-Team1/ros2_ws/install/px4_msgs/include/px4_msgs/px4_msgs/msg/detail/vehicle_roi__functions.h\n'}
[2.176344] (px4_msgs) StdoutLine: {'line': b'-- Up-to-date: /home/rschnurr/SkyClaw-Team1/ros2_ws/install/px4_msgs/include/px4_msgs/px4_msgs/msg/detail/arming_check_request__functions.c\n'}
[2.176402] (px4_msgs) StdoutLine: {'line': b'-- Up-to-date: /home/rschnurr/SkyClaw-Team1/ros2_ws/install/px4_msgs/include/px4_msgs/px4_msgs/msg/detail/task_stack_info__type_support.h\n'}
[2.176445] (px4_msgs) StdoutLine: {'line': b'-- Up-to-date: /home/rschnurr/SkyClaw-Team1/ros2_ws/install/px4_msgs/include/px4_msgs/px4_msgs/msg/detail/mount_orientation__functions.c\n'}
[2.176741] (px4_msgs) StdoutLine: {'line': b'-- Up-to-date: /home/rschnurr/SkyClaw-Team1/ros2_ws/install/px4_msgs/include/px4_msgs/px4_msgs/msg/detail/mode_completed__functions.h\n'}
[2.176936] (px4_msgs) StdoutLine: {'line': b'-- Up-to-date: /home/rschnurr/SkyClaw-Team1/ros2_ws/install/px4_msgs/include/px4_msgs/px4_msgs/msg/detail/internal_combustion_engine_control__functions.c\n'}
[2.177031] (px4_msgs) StdoutLine: {'line': b'-- Up-to-date: /home/rschnurr/SkyClaw-Team1/ros2_ws/install/px4_msgs/include/px4_msgs/px4_msgs/msg/detail/mount_orientation__functions.h\n'}
[2.177126] (px4_msgs) StdoutLine: {'line': b'-- Up-to-date: /home/rschnurr/SkyClaw-Team1/ros2_ws/install/px4_msgs/include/px4_msgs/px4_msgs/msg/detail/message_format_response__functions.c\n'}
[2.177350] (px4_msgs) StdoutLine: {'line': b'-- Up-to-date: /home/rschnurr/SkyClaw-Team1/ros2_ws/install/px4_msgs/include/px4_msgs/px4_msgs/msg/detail/lateral_control_configuration__struct.h\n'}
[2.177577] (px4_msgs) StdoutLine: {'line': b'-- Up-to-date: /home/rschnurr/SkyClaw-Team1/ros2_ws/install/px4_msgs/include/px4_msgs/px4_msgs/msg/detail/vehicle_attitude__functions.c\n'}
[2.177790] (px4_msgs) StdoutLine: {'line': b'-- Up-to-date: /home/rschnurr/SkyClaw-Team1/ros2_ws/install/px4_msgs/include/px4_msgs/px4_msgs/msg/detail/rover_attitude_status__functions.h\n'}
[2.178006] (px4_msgs) StdoutLine: {'line': b'-- Up-to-date: /home/rschnurr/SkyClaw-Team1/ros2_ws/install/px4_msgs/include/px4_msgs/px4_msgs/msg/detail/geofence_status__struct.h\n'}
[2.178162] (px4_msgs) StdoutLine: {'line': b'-- Up-to-date: /home/rschnurr/SkyClaw-Team1/ros2_ws/install/px4_msgs/include/px4_msgs/px4_msgs/msg/detail/parameter_set_value_response__functions.c\n'}
[2.178340] (px4_msgs) StdoutLine: {'line': b'-- Up-to-date: /home/rschnurr/SkyClaw-Team1/ros2_ws/install/px4_msgs/include/px4_msgs/px4_msgs/msg/detail/action_request__functions.h\n'}
[2.178503] (px4_msgs) StdoutLine: {'line': b'-- Up-to-date: /home/rschnurr/SkyClaw-Team1/ros2_ws/install/px4_msgs/include/px4_msgs/px4_msgs/msg/detail/estimator_innovations__type_support.h\n'}
[2.178689] (px4_msgs) StdoutLine: {'line': b'-- Up-to-date: /home/rschnurr/SkyClaw-Team1/ros2_ws/install/px4_msgs/include/px4_msgs/px4_msgs/msg/detail/open_drone_id_operator_id__functions.h\n'}
[2.179008] (px4_msgs) StdoutLine: {'line': b'-- Up-to-date: /home/rschnurr/SkyClaw-Team1/ros2_ws/install/px4_msgs/include/px4_msgs/px4_msgs/msg/detail/position_controller_status__struct.h\n'}
[2.179163] (px4_msgs) StdoutLine: {'line': b'-- Up-to-date: /home/rschnurr/SkyClaw-Team1/ros2_ws/install/px4_msgs/include/px4_msgs/px4_msgs/msg/detail/ulog_stream__functions.c\n'}
[2.179235] (px4_msgs) StdoutLine: {'line': b'-- Up-to-date: /home/rschnurr/SkyClaw-Team1/ros2_ws/install/px4_msgs/include/px4_msgs/px4_msgs/msg/detail/sensor_gnss_relative__functions.h\n'}
[2.179289] (px4_msgs) StdoutLine: {'line': b'-- Up-to-date: /home/rschnurr/SkyClaw-Team1/ros2_ws/install/px4_msgs/include/px4_msgs/px4_msgs/msg/detail/sensor_gyro__functions.h\n'}
[2.179667] (px4_msgs) StdoutLine: {'line': b'-- Up-to-date: /home/rschnurr/SkyClaw-Team1/ros2_ws/install/px4_msgs/include/px4_msgs/px4_msgs/msg/detail/tecs_status__functions.h\n'}
[2.179754] (px4_msgs) StdoutLine: {'line': b'-- Up-to-date: /home/rschnurr/SkyClaw-Team1/ros2_ws/install/px4_msgs/include/px4_msgs/px4_msgs/msg/detail/sensor_airflow__functions.h\n'}
[2.179797] (px4_msgs) StdoutLine: {'line': b'-- Up-to-date: /home/rschnurr/SkyClaw-Team1/ros2_ws/install/px4_msgs/include/px4_msgs/px4_msgs/msg/detail/sensor_gps__functions.h\n'}
[2.179838] (px4_msgs) StdoutLine: {'line': b'-- Up-to-date: /home/rschnurr/SkyClaw-Team1/ros2_ws/install/px4_msgs/include/px4_msgs/px4_msgs/msg/detail/vehicle_global_position__functions.c\n'}
[2.180021] (px4_msgs) StdoutLine: {'line': b'-- Up-to-date: /home/rschnurr/SkyClaw-Team1/ros2_ws/install/px4_msgs/include/px4_msgs/px4_msgs/msg/detail/rover_speed_status__functions.c\n'}
[2.180347] (px4_msgs) StdoutLine: {'line': b'-- Up-to-date: /home/rschnurr/SkyClaw-Team1/ros2_ws/install/px4_msgs/include/px4_msgs/px4_msgs/msg/detail/vehicle_attitude_setpoint__type_support.h\n'}
[2.180493] (px4_msgs) StdoutLine: {'line': b'-- Up-to-date: /home/rschnurr/SkyClaw-Team1/ros2_ws/install/px4_msgs/include/px4_msgs/px4_msgs/msg/detail/dronecan_node_status__type_support.h\n'}
[2.180888] (px4_msgs) StdoutLine: {'line': b'-- Up-to-date: /home/rschnurr/SkyClaw-Team1/ros2_ws/install/px4_msgs/include/px4_msgs/px4_msgs/msg/detail/adc_report__type_support.h\n'}
[2.180965] (px4_msgs) StdoutLine: {'line': b'-- Up-to-date: /home/rschnurr/SkyClaw-Team1/ros2_ws/install/px4_msgs/include/px4_msgs/px4_msgs/msg/detail/rover_rate_setpoint__functions.h\n'}
[2.181011] (px4_msgs) StdoutLine: {'line': b'-- Up-to-date: /home/rschnurr/SkyClaw-Team1/ros2_ws/install/px4_msgs/include/px4_msgs/px4_msgs/msg/detail/internal_combustion_engine_status__struct.h\n'}
[2.181088] (px4_msgs) StdoutLine: {'line': b'-- Up-to-date: /home/rschnurr/SkyClaw-Team1/ros2_ws/install/px4_msgs/include/px4_msgs/px4_msgs/msg/detail/vehicle_roi__functions.c\n'}
[2.181193] (px4_msgs) StdoutLine: {'line': b'-- Up-to-date: /home/rschnurr/SkyClaw-Team1/ros2_ws/install/px4_msgs/include/px4_msgs/px4_msgs/msg/detail/airspeed_validated__functions.c\n'}
[2.181531] (px4_msgs) StdoutLine: {'line': b'-- Up-to-date: /home/rschnurr/SkyClaw-Team1/ros2_ws/install/px4_msgs/include/px4_msgs/px4_msgs/msg/detail/airspeed_wind__functions.h\n'}
[2.181747] (px4_msgs) StdoutLine: {'line': b'-- Up-to-date: /home/rschnurr/SkyClaw-Team1/ros2_ws/install/px4_msgs/include/px4_msgs/px4_msgs/msg/detail/fixed_wing_lateral_setpoint__functions.c\n'}
[2.181968] (px4_msgs) StdoutLine: {'line': b'-- Up-to-date: /home/rschnurr/SkyClaw-Team1/ros2_ws/install/px4_msgs/include/px4_msgs/px4_msgs/msg/detail/landing_target_innovations__struct.h\n'}
[2.182267] (px4_msgs) StdoutLine: {'line': b'-- Up-to-date: /home/rschnurr/SkyClaw-Team1/ros2_ws/install/px4_msgs/include/px4_msgs/px4_msgs/msg/detail/estimator_sensor_bias__type_support.h\n'}
[2.182571] (px4_msgs) StdoutLine: {'line': b'-- Up-to-date: /home/rschnurr/SkyClaw-Team1/ros2_ws/install/px4_msgs/include/px4_msgs/px4_msgs/msg/detail/rover_attitude_setpoint__functions.c\n'}
[2.182627] (px4_msgs) StdoutLine: {'line': b'-- Up-to-date: /home/rschnurr/SkyClaw-Team1/ros2_ws/install/px4_msgs/include/px4_msgs/px4_msgs/msg/detail/sensor_accel__struct.h\n'}
[2.182949] (px4_msgs) StdoutLine: {'line': b'-- Up-to-date: /home/rschnurr/SkyClaw-Team1/ros2_ws/install/px4_msgs/include/px4_msgs/px4_msgs/msg/detail/position_controller_status__functions.h\n'}
[2.183206] (px4_msgs) StdoutLine: {'line': b'-- Up-to-date: /home/rschnurr/SkyClaw-Team1/ros2_ws/install/px4_msgs/include/px4_msgs/px4_msgs/msg/detail/rover_throttle_setpoint__functions.h\n'}
[2.183466] (px4_msgs) StdoutLine: {'line': b'-- Up-to-date: /home/rschnurr/SkyClaw-Team1/ros2_ws/install/px4_msgs/include/px4_msgs/px4_msgs/msg/detail/sensor_gps__type_support.h\n'}
[2.183909] (px4_msgs) StdoutLine: {'line': b'-- Up-to-date: /home/rschnurr/SkyClaw-Team1/ros2_ws/install/px4_msgs/include/px4_msgs/px4_msgs/msg/detail/register_ext_component_request__type_support.h\n'}
[2.184049] (px4_msgs) StdoutLine: {'line': b'-- Up-to-date: /home/rschnurr/SkyClaw-Team1/ros2_ws/install/px4_msgs/include/px4_msgs/px4_msgs/msg/detail/gimbal_manager_set_manual_control__functions.h\n'}
[2.184312] (px4_msgs) StdoutLine: {'line': b'-- Up-to-date: /home/rschnurr/SkyClaw-Team1/ros2_ws/install/px4_msgs/include/px4_msgs/px4_msgs/msg/landing_target_pose.h\n'}
[2.184569] (px4_msgs) StdoutLine: {'line': b'-- Up-to-date: /home/rschnurr/SkyClaw-Team1/ros2_ws/install/px4_msgs/include/px4_msgs/px4_msgs/msg/sensor_baro.h\n'}
[2.184825] (px4_msgs) StdoutLine: {'line': b'-- Up-to-date: /home/rschnurr/SkyClaw-Team1/ros2_ws/install/px4_msgs/include/px4_msgs/px4_msgs/msg/vehicle_magnetometer.h\n'}
[2.185085] (px4_msgs) StdoutLine: {'line': b'-- Up-to-date: /home/rschnurr/SkyClaw-Team1/ros2_ws/install/px4_msgs/include/px4_msgs/px4_msgs/msg/failure_detector_status.h\n'}
[2.185484] (px4_msgs) StdoutLine: {'line': b'-- Up-to-date: /home/rschnurr/SkyClaw-Team1/ros2_ws/install/px4_msgs/include/px4_msgs/px4_msgs/msg/gimbal_manager_status.h\n'}
[2.185819] (px4_msgs) StdoutLine: {'line': b'-- Up-to-date: /home/rschnurr/SkyClaw-Team1/ros2_ws/install/px4_msgs/include/px4_msgs/px4_msgs/msg/cpuload.h\n'}
[2.186176] (px4_msgs) StdoutLine: {'line': b'-- Up-to-date: /home/rschnurr/SkyClaw-Team1/ros2_ws/install/px4_msgs/include/px4_msgs/px4_msgs/msg/telemetry_status.h\n'}
[2.186555] (px4_msgs) StdoutLine: {'line': b'-- Up-to-date: /home/rschnurr/SkyClaw-Team1/ros2_ws/install/px4_msgs/include/px4_msgs/px4_msgs/msg/sensor_accel.h\n'}
[2.186862] (px4_msgs) StdoutLine: {'line': b'-- Up-to-date: /home/rschnurr/SkyClaw-Team1/ros2_ws/install/px4_msgs/include/px4_msgs/px4_msgs/msg/position_controller_landing_status.h\n'}
[2.187303] (px4_msgs) StdoutLine: {'line': b'-- Up-to-date: /home/rschnurr/SkyClaw-Team1/ros2_ws/install/px4_msgs/include/px4_msgs/px4_msgs/msg/vehicle_imu.h\n'}
[2.187392] (px4_msgs) StdoutLine: {'line': b'-- Up-to-date: /home/rschnurr/SkyClaw-Team1/ros2_ws/install/px4_msgs/include/px4_msgs/px4_msgs/msg/actuator_controls_status.h\n'}
[2.187442] (px4_msgs) StdoutLine: {'line': b'-- Up-to-date: /home/rschnurr/SkyClaw-Team1/ros2_ws/install/px4_msgs/include/px4_msgs/px4_msgs/msg/sensors_status.h\n'}
[2.187589] (px4_msgs) StdoutLine: {'line': b'-- Up-to-date: /home/rschnurr/SkyClaw-Team1/ros2_ws/install/px4_msgs/include/px4_msgs/px4_msgs/msg/fixed_wing_lateral_setpoint.h\n'}
[2.187741] (px4_msgs) StdoutLine: {'line': b'-- Up-to-date: /home/rschnurr/SkyClaw-Team1/ros2_ws/install/px4_msgs/include/px4_msgs/px4_msgs/msg/debug_vect.h\n'}
[2.188071] (px4_msgs) StdoutLine: {'line': b'-- Up-to-date: /home/rschnurr/SkyClaw-Team1/ros2_ws/install/px4_msgs/include/px4_msgs/px4_msgs/msg/rtl_status.h\n'}
[2.188173] (px4_msgs) StdoutLine: {'line': b'-- Up-to-date: /home/rschnurr/SkyClaw-Team1/ros2_ws/install/px4_msgs/include/px4_msgs/px4_msgs/msg/sensor_correction.h\n'}
[2.188419] (px4_msgs) StdoutLine: {'line': b'-- Up-to-date: /home/rschnurr/SkyClaw-Team1/ros2_ws/install/px4_msgs/include/px4_msgs/px4_msgs/msg/vehicle_torque_setpoint.h\n'}
[2.188497] (px4_msgs) StdoutLine: {'line': b'-- Up-to-date: /home/rschnurr/SkyClaw-Team1/ros2_ws/install/px4_msgs/include/px4_msgs/px4_msgs/msg/internal_combustion_engine_status.h\n'}
[2.188635] (px4_msgs) StdoutLine: {'line': b'-- Up-to-date: /home/rschnurr/SkyClaw-Team1/ros2_ws/install/px4_msgs/include/px4_msgs/px4_msgs/msg/iridiumsbd_status.h\n'}
[2.188935] (px4_msgs) StdoutLine: {'line': b'-- Up-to-date: /home/rschnurr/SkyClaw-Team1/ros2_ws/install/px4_msgs/include/px4_msgs/px4_msgs/msg/obstacle_distance.h\n'}
[2.189000] (px4_msgs) StdoutLine: {'line': b'-- Up-to-date: /home/rschnurr/SkyClaw-Team1/ros2_ws/install/px4_msgs/include/px4_msgs/px4_msgs/msg/gripper.h\n'}
[2.189273] (px4_msgs) StdoutLine: {'line': b'-- Up-to-date: /home/rschnurr/SkyClaw-Team1/ros2_ws/install/px4_msgs/include/px4_msgs/px4_msgs/msg/gimbal_manager_set_attitude.h\n'}
[2.189517] (px4_msgs) StdoutLine: {'line': b'-- Up-to-date: /home/rschnurr/SkyClaw-Team1/ros2_ws/install/px4_msgs/include/px4_msgs/px4_msgs/msg/camera_trigger.h\n'}
[2.189653] (px4_msgs) StdoutLine: {'line': b'-- Up-to-date: /home/rschnurr/SkyClaw-Team1/ros2_ws/install/px4_msgs/include/px4_msgs/px4_msgs/msg/estimator_innovations.h\n'}
[2.189781] (px4_msgs) StdoutLine: {'line': b'-- Up-to-date: /home/rschnurr/SkyClaw-Team1/ros2_ws/install/px4_msgs/include/px4_msgs/px4_msgs/msg/input_rc.h\n'}
[2.189925] (px4_msgs) StdoutLine: {'line': b'-- Up-to-date: /home/rschnurr/SkyClaw-Team1/ros2_ws/install/px4_msgs/include/px4_msgs/px4_msgs/msg/generator_status.h\n'}
[2.190005] (px4_msgs) StdoutLine: {'line': b'-- Up-to-date: /home/rschnurr/SkyClaw-Team1/ros2_ws/install/px4_msgs/include/px4_msgs/px4_msgs/msg/geofence_result.h\n'}
[2.190577] (px4_msgs) StdoutLine: {'line': b'-- Up-to-date: /home/rschnurr/SkyClaw-Team1/ros2_ws/install/px4_msgs/include/px4_msgs/px4_msgs/msg/qshell_retval.h\n'}
[2.190641] (px4_msgs) StdoutLine: {'line': b'-- Up-to-date: /home/rschnurr/SkyClaw-Team1/ros2_ws/install/px4_msgs/include/px4_msgs/px4_msgs/msg/follow_target_status.h\n'}
[2.190690] (px4_msgs) StdoutLine: {'line': b'-- Up-to-date: /home/rschnurr/SkyClaw-Team1/ros2_ws/install/px4_msgs/include/px4_msgs/px4_msgs/msg/uavcan_parameter_value.h\n'}
[2.190725] (px4_msgs) StdoutLine: {'line': b'-- Up-to-date: /home/rschnurr/SkyClaw-Team1/ros2_ws/install/px4_msgs/include/px4_msgs/px4_msgs/msg/config_overrides.h\n'}
[2.190829] (px4_msgs) StdoutLine: {'line': b'-- Up-to-date: /home/rschnurr/SkyClaw-Team1/ros2_ws/install/px4_msgs/include/px4_msgs/px4_msgs/msg/rover_attitude_status.h\n'}
[2.190957] (px4_msgs) StdoutLine: {'line': b'-- Up-to-date: /home/rschnurr/SkyClaw-Team1/ros2_ws/install/px4_msgs/include/px4_msgs/px4_msgs/msg/orb_test.h\n'}
[2.191161] (px4_msgs) StdoutLine: {'line': b'-- Up-to-date: /home/rschnurr/SkyClaw-Team1/ros2_ws/install/px4_msgs/include/px4_msgs/px4_msgs/msg/landing_gear.h\n'}
[2.191349] (px4_msgs) StdoutLine: {'line': b'-- Up-to-date: /home/rschnurr/SkyClaw-Team1/ros2_ws/install/px4_msgs/include/px4_msgs/px4_msgs/msg/tecs_status.h\n'}
[2.191522] (px4_msgs) StdoutLine: {'line': b'-- Up-to-date: /home/rschnurr/SkyClaw-Team1/ros2_ws/install/px4_msgs/include/px4_msgs/px4_msgs/msg/rc_parameter_map.h\n'}
[2.191667] (px4_msgs) StdoutLine: {'line': b'-- Up-to-date: /home/rschnurr/SkyClaw-Team1/ros2_ws/install/px4_msgs/include/px4_msgs/px4_msgs/msg/mission_result.h\n'}
[2.191804] (px4_msgs) StdoutLine: {'line': b'-- Up-to-date: /home/rschnurr/SkyClaw-Team1/ros2_ws/install/px4_msgs/include/px4_msgs/px4_msgs/msg/rover_throttle_setpoint.h\n'}
[2.192088] (px4_msgs) StdoutLine: {'line': b'-- Up-to-date: /home/rschnurr/SkyClaw-Team1/ros2_ws/install/px4_msgs/include/px4_msgs/px4_msgs/msg/position_setpoint_triplet.h\n'}
[2.192166] (px4_msgs) StdoutLine: {'line': b'-- Up-to-date: /home/rschnurr/SkyClaw-Team1/ros2_ws/install/px4_msgs/include/px4_msgs/px4_msgs/msg/mavlink_tunnel.h\n'}
[2.192207] (px4_msgs) StdoutLine: {'line': b'-- Up-to-date: /home/rschnurr/SkyClaw-Team1/ros2_ws/install/px4_msgs/include/px4_msgs/px4_msgs/msg/actuator_servos.h\n'}
[2.192401] (px4_msgs) StdoutLine: {'line': b'-- Up-to-date: /home/rschnurr/SkyClaw-Team1/ros2_ws/install/px4_msgs/include/px4_msgs/px4_msgs/msg/orb_test_large.h\n'}
[2.192656] (px4_msgs) StdoutLine: {'line': b'-- Up-to-date: /home/rschnurr/SkyClaw-Team1/ros2_ws/install/px4_msgs/include/px4_msgs/px4_msgs/msg/can_interface_status.h\n'}
[2.192871] (px4_msgs) StdoutLine: {'line': b'-- Up-to-date: /home/rschnurr/SkyClaw-Team1/ros2_ws/install/px4_msgs/include/px4_msgs/px4_msgs/msg/differential_pressure.h\n'}
[2.193080] (px4_msgs) StdoutLine: {'line': b'-- Up-to-date: /home/rschnurr/SkyClaw-Team1/ros2_ws/install/px4_msgs/include/px4_msgs/px4_msgs/msg/landing_gear_wheel.h\n'}
[2.193287] (px4_msgs) StdoutLine: {'line': b'-- Up-to-date: /home/rschnurr/SkyClaw-Team1/ros2_ws/install/px4_msgs/include/px4_msgs/px4_msgs/msg/unregister_ext_component.h\n'}
[2.193494] (px4_msgs) StdoutLine: {'line': b'-- Up-to-date: /home/rschnurr/SkyClaw-Team1/ros2_ws/install/px4_msgs/include/px4_msgs/px4_msgs/msg/pps_capture.h\n'}
[2.193746] (px4_msgs) StdoutLine: {'line': b'-- Up-to-date: /home/rschnurr/SkyClaw-Team1/ros2_ws/install/px4_msgs/include/px4_msgs/px4_msgs/msg/register_ext_component_reply.h\n'}
[2.194299] (px4_msgs) StdoutLine: {'line': b'-- Up-to-date: /home/rschnurr/SkyClaw-Team1/ros2_ws/install/px4_msgs/include/px4_msgs/px4_msgs/msg/mount_orientation.h\n'}
[2.194413] (px4_msgs) StdoutLine: {'line': b'-- Up-to-date: /home/rschnurr/SkyClaw-Team1/ros2_ws/install/px4_msgs/include/px4_msgs/px4_msgs/msg/landing_target_innovations.h\n'}
[2.194691] (px4_msgs) StdoutLine: {'line': b'-- Up-to-date: /home/rschnurr/SkyClaw-Team1/ros2_ws/install/px4_msgs/include/px4_msgs/px4_msgs/msg/orbit_status.h\n'}
[2.194996] (px4_msgs) StdoutLine: {'line': b'-- Up-to-date: /home/rschnurr/SkyClaw-Team1/ros2_ws/install/px4_msgs/include/px4_msgs/px4_msgs/msg/logger_status.h\n'}
[2.195292] (px4_msgs) StdoutLine: {'line': b'-- Up-to-date: /home/rschnurr/SkyClaw-Team1/ros2_ws/install/px4_msgs/include/px4_msgs/px4_msgs/msg/ekf2_timestamps.h\n'}
[2.195468] (px4_msgs) StdoutLine: {'line': b'-- Up-to-date: /home/rschnurr/SkyClaw-Team1/ros2_ws/install/px4_msgs/include/px4_msgs/px4_msgs/msg/camera_status.h\n'}
[2.195798] (px4_msgs) StdoutLine: {'line': b'-- Up-to-date: /home/rschnurr/SkyClaw-Team1/ros2_ws/install/px4_msgs/include/px4_msgs/px4_msgs/msg/vehicle_constraints.h\n'}
[2.196096] (px4_msgs) StdoutLine: {'line': b'-- Up-to-date: /home/rschnurr/SkyClaw-Team1/ros2_ws/install/px4_msgs/include/px4_msgs/px4_msgs/msg/ping.h\n'}
[2.196252] (px4_msgs) StdoutLine: {'line': b'-- Up-to-date: /home/rschnurr/SkyClaw-Team1/ros2_ws/install/px4_msgs/include/px4_msgs/px4_msgs/msg/trajectory_setpoint6dof.h\n'}
[2.196458] (px4_msgs) StdoutLine: {'line': b'-- Up-to-date: /home/rschnurr/SkyClaw-Team1/ros2_ws/install/px4_msgs/include/px4_msgs/px4_msgs/msg/position_setpoint.h\n'}
[2.196512] (px4_msgs) StdoutLine: {'line': b'-- Up-to-date: /home/rschnurr/SkyClaw-Team1/ros2_ws/install/px4_msgs/include/px4_msgs/px4_msgs/msg/camera_capture.h\n'}
[2.196547] (px4_msgs) StdoutLine: {'line': b'-- Up-to-date: /home/rschnurr/SkyClaw-Team1/ros2_ws/install/px4_msgs/include/px4_msgs/px4_msgs/msg/gimbal_manager_set_manual_control.h\n'}
[2.196578] (px4_msgs) StdoutLine: {'line': b'-- Up-to-date: /home/rschnurr/SkyClaw-Team1/ros2_ws/install/px4_msgs/include/px4_msgs/px4_msgs/msg/log_message.h\n'}
[2.196620] (px4_msgs) StdoutLine: {'line': b'-- Up-to-date: /home/rschnurr/SkyClaw-Team1/ros2_ws/install/px4_msgs/include/px4_msgs/px4_msgs/msg/vehicle_control_mode.h\n'}
[2.196651] (px4_msgs) StdoutLine: {'line': b'-- Up-to-date: /home/rschnurr/SkyClaw-Team1/ros2_ws/install/px4_msgs/include/px4_msgs/px4_msgs/msg/internal_combustion_engine_control.h\n'}
[2.196688] (px4_msgs) StdoutLine: {'line': b'-- Up-to-date: /home/rschnurr/SkyClaw-Team1/ros2_ws/install/px4_msgs/include/px4_msgs/px4_msgs/msg/px4io_status.h\n'}
[2.196944] (px4_msgs) StdoutLine: {'line': b'-- Up-to-date: /home/rschnurr/SkyClaw-Team1/ros2_ws/install/px4_msgs/include/px4_msgs/px4_msgs/msg/yaw_estimator_status.h\n'}
[2.197134] (px4_msgs) StdoutLine: {'line': b'-- Up-to-date: /home/rschnurr/SkyClaw-Team1/ros2_ws/install/px4_msgs/include/px4_msgs/px4_msgs/msg/parameter_set_used_request.h\n'}
[2.197288] (px4_msgs) StdoutLine: {'line': b'-- Up-to-date: /home/rschnurr/SkyClaw-Team1/ros2_ws/install/px4_msgs/include/px4_msgs/px4_msgs/msg/distance_sensor_mode_change_request.h\n'}
[2.197505] (px4_msgs) StdoutLine: {'line': b'-- Up-to-date: /home/rschnurr/SkyClaw-Team1/ros2_ws/install/px4_msgs/include/px4_msgs/px4_msgs/msg/mission.h\n'}
[2.197698] (px4_msgs) StdoutLine: {'line': b'-- Up-to-date: /home/rschnurr/SkyClaw-Team1/ros2_ws/install/px4_msgs/include/px4_msgs/px4_msgs/msg/mag_worker_data.h\n'}
[2.198101] (px4_msgs) StdoutLine: {'line': b'-- Up-to-date: /home/rschnurr/SkyClaw-Team1/ros2_ws/install/px4_msgs/include/px4_msgs/px4_msgs/msg/rc_channels.h\n'}
[2.198537] (px4_msgs) StdoutLine: {'line': b'-- Up-to-date: /home/rschnurr/SkyClaw-Team1/ros2_ws/install/px4_msgs/include/px4_msgs/px4_msgs/msg/gps_inject_data.h\n'}
[2.199117] (px4_msgs) StdoutLine: {'line': b'-- Up-to-date: /home/rschnurr/SkyClaw-Team1/ros2_ws/install/px4_msgs/include/px4_msgs/px4_msgs/msg/pwm_input.h\n'}
[2.199518] (px4_msgs) StdoutLine: {'line': b'-- Up-to-date: /home/rschnurr/SkyClaw-Team1/ros2_ws/install/px4_msgs/include/px4_msgs/px4_msgs/msg/sensor_airflow.h\n'}
[2.199788] (px4_msgs) StdoutLine: {'line': b'-- Up-to-date: /home/rschnurr/SkyClaw-Team1/ros2_ws/install/px4_msgs/include/px4_msgs/px4_msgs/msg/uavcan_parameter_request.h\n'}
[2.200048] (px4_msgs) StdoutLine: {'line': b'-- Up-to-date: /home/rschnurr/SkyClaw-Team1/ros2_ws/install/px4_msgs/include/px4_msgs/px4_msgs/msg/navigator_status.h\n'}
[2.200319] (px4_msgs) StdoutLine: {'line': b'-- Up-to-date: /home/rschnurr/SkyClaw-Team1/ros2_ws/install/px4_msgs/include/px4_msgs/px4_msgs/msg/autotune_attitude_control_status.h\n'}
[2.200564] (px4_msgs) StdoutLine: {'line': b'-- Up-to-date: /home/rschnurr/SkyClaw-Team1/ros2_ws/install/px4_msgs/include/px4_msgs/px4_msgs/msg/power_button_state.h\n'}
[2.200683] (px4_msgs) StdoutLine: {'line': b'-- Up-to-date: /home/rschnurr/SkyClaw-Team1/ros2_ws/install/px4_msgs/include/px4_msgs/px4_msgs/msg/estimator_sensor_bias.h\n'}
[2.200746] (px4_msgs) StdoutLine: {'line': b'-- Up-to-date: /home/rschnurr/SkyClaw-Team1/ros2_ws/install/px4_msgs/include/px4_msgs/px4_msgs/msg/esc_report.h\n'}
[2.200785] (px4_msgs) StdoutLine: {'line': b'-- Up-to-date: /home/rschnurr/SkyClaw-Team1/ros2_ws/install/px4_msgs/include/px4_msgs/px4_msgs/msg/goto_setpoint.h\n'}
[2.200816] (px4_msgs) StdoutLine: {'line': b'-- Up-to-date: /home/rschnurr/SkyClaw-Team1/ros2_ws/install/px4_msgs/include/px4_msgs/px4_msgs/msg/qshell_req.h\n'}
[2.200841] (px4_msgs) StdoutLine: {'line': b'-- Up-to-date: /home/rschnurr/SkyClaw-Team1/ros2_ws/install/px4_msgs/include/px4_msgs/px4_msgs/msg/airspeed.h\n'}
[2.200867] (px4_msgs) StdoutLine: {'line': b'-- Up-to-date: /home/rschnurr/SkyClaw-Team1/ros2_ws/install/px4_msgs/include/px4_msgs/px4_msgs/msg/figure_eight_status.h\n'}
[2.201019] (px4_msgs) StdoutLine: {'line': b'-- Up-to-date: /home/rschnurr/SkyClaw-Team1/ros2_ws/install/px4_msgs/include/px4_msgs/px4_msgs/msg/debug_key_value.h\n'}
[2.201063] (px4_msgs) StdoutLine: {'line': b'-- Up-to-date: /home/rschnurr/SkyClaw-Team1/ros2_ws/install/px4_msgs/include/px4_msgs/px4_msgs/msg/vehicle_attitude.h\n'}
[2.201093] (px4_msgs) StdoutLine: {'line': b'-- Up-to-date: /home/rschnurr/SkyClaw-Team1/ros2_ws/install/px4_msgs/include/px4_msgs/px4_msgs/msg/open_drone_id_self_id.h\n'}
[2.201262] (px4_msgs) StdoutLine: {'line': b'-- Up-to-date: /home/rschnurr/SkyClaw-Team1/ros2_ws/install/px4_msgs/include/px4_msgs/px4_msgs/msg/sensor_gyro.h\n'}
[2.201435] (px4_msgs) StdoutLine: {'line': b'-- Up-to-date: /home/rschnurr/SkyClaw-Team1/ros2_ws/install/px4_msgs/include/px4_msgs/px4_msgs/msg/mode_completed.h\n'}
[2.201665] (px4_msgs) StdoutLine: {'line': b'-- Up-to-date: /home/rschnurr/SkyClaw-Team1/ros2_ws/install/px4_msgs/include/px4_msgs/px4_msgs/msg/battery_info.h\n'}
[2.201882] (px4_msgs) StdoutLine: {'line': b'-- Up-to-date: /home/rschnurr/SkyClaw-Team1/ros2_ws/install/px4_msgs/include/px4_msgs/px4_msgs/msg/manual_control_setpoint.h\n'}
[2.202023] (px4_msgs) StdoutLine: {'line': b'-- Up-to-date: /home/rschnurr/SkyClaw-Team1/ros2_ws/install/px4_msgs/include/px4_msgs/px4_msgs/msg/actuator_motors.h\n'}
[2.202066] (px4_msgs) StdoutLine: {'line': b'-- Up-to-date: /home/rschnurr/SkyClaw-Team1/ros2_ws/install/px4_msgs/include/px4_msgs/px4_msgs/msg/mavlink_log.h\n'}
[2.202094] (px4_msgs) StdoutLine: {'line': b'-- Up-to-date: /home/rschnurr/SkyClaw-Team1/ros2_ws/install/px4_msgs/include/px4_msgs/px4_msgs/msg/failsafe_flags.h\n'}
[2.202125] (px4_msgs) StdoutLine: {'line': b'-- Up-to-date: /home/rschnurr/SkyClaw-Team1/ros2_ws/install/px4_msgs/include/px4_msgs/px4_msgs/msg/fuel_tank_status.h\n'}
[2.202149] (px4_msgs) StdoutLine: {'line': b'-- Up-to-date: /home/rschnurr/SkyClaw-Team1/ros2_ws/install/px4_msgs/include/px4_msgs/px4_msgs/msg/esc_status.h\n'}
[2.202171] (px4_msgs) StdoutLine: {'line': b'-- Up-to-date: /home/rschnurr/SkyClaw-Team1/ros2_ws/install/px4_msgs/include/px4_msgs/px4_msgs/msg/led_control.h\n'}
[2.202194] (px4_msgs) StdoutLine: {'line': b'-- Up-to-date: /home/rschnurr/SkyClaw-Team1/ros2_ws/install/px4_msgs/include/px4_msgs/px4_msgs/msg/pure_pursuit_status.h\n'}
[2.202218] (px4_msgs) StdoutLine: {'line': b'-- Up-to-date: /home/rschnurr/SkyClaw-Team1/ros2_ws/install/px4_msgs/include/px4_msgs/px4_msgs/msg/rover_speed_setpoint.h\n'}
[2.202241] (px4_msgs) StdoutLine: {'line': b'-- Up-to-date: /home/rschnurr/SkyClaw-Team1/ros2_ws/install/px4_msgs/include/px4_msgs/px4_msgs/msg/estimator_gps_status.h\n'}
[2.202269] (px4_msgs) StdoutLine: {'line': b'-- Up-to-date: /home/rschnurr/SkyClaw-Team1/ros2_ws/install/px4_msgs/include/px4_msgs/px4_msgs/msg/gimbal_controls.h\n'}
[2.202292] (px4_msgs) StdoutLine: {'line': b'-- Up-to-date: /home/rschnurr/SkyClaw-Team1/ros2_ws/install/px4_msgs/include/px4_msgs/px4_msgs/msg/parameter_set_value_request.h\n'}
[2.202316] (px4_msgs) StdoutLine: {'line': b'-- Up-to-date: /home/rschnurr/SkyClaw-Team1/ros2_ws/install/px4_msgs/include/px4_msgs/px4_msgs/msg/sensor_gyro_fifo.h\n'}
[2.202338] (px4_msgs) StdoutLine: {'line': b'-- Up-to-date: /home/rschnurr/SkyClaw-Team1/ros2_ws/install/px4_msgs/include/px4_msgs/px4_msgs/msg/hover_thrust_estimate.h\n'}
[2.202365] (px4_msgs) StdoutLine: {'line': b'-- Up-to-date: /home/rschnurr/SkyClaw-Team1/ros2_ws/install/px4_msgs/share/px4_msgs/environment/library_path.sh\n'}
[2.202389] (px4_msgs) StdoutLine: {'line': b'-- Up-to-date: /home/rschnurr/SkyClaw-Team1/ros2_ws/install/px4_msgs/share/px4_msgs/environment/library_path.dsv\n'}
[2.202412] (px4_msgs) StdoutLine: {'line': b'-- Up-to-date: /home/rschnurr/SkyClaw-Team1/ros2_ws/install/px4_msgs/lib/libpx4_msgs__rosidl_generator_c.so\n'}
[2.202538] (px4_msgs) StdoutLine: {'line': b'-- Up-to-date: /home/rschnurr/SkyClaw-Team1/ros2_ws/install/px4_msgs/include/px4_msgs/px4_msgs\n'}
[2.202769] (px4_msgs) StdoutLine: {'line': b'-- Up-to-date: /home/rschnurr/SkyClaw-Team1/ros2_ws/install/px4_msgs/include/px4_msgs/px4_msgs/srv\n'}
[2.202914] (px4_msgs) StdoutLine: {'line': b'-- Up-to-date: /home/rschnurr/SkyClaw-Team1/ros2_ws/install/px4_msgs/include/px4_msgs/px4_msgs/srv/detail\n'}
[2.203140] (px4_msgs) StdoutLine: {'line': b'-- Up-to-date: /home/rschnurr/SkyClaw-Team1/ros2_ws/install/px4_msgs/include/px4_msgs/px4_msgs/srv/detail/vehicle_command__rosidl_typesupport_fastrtps_c.h\n'}
[2.203196] (px4_msgs) StdoutLine: {'line': b'-- Up-to-date: /home/rschnurr/SkyClaw-Team1/ros2_ws/install/px4_msgs/include/px4_msgs/px4_msgs/msg\n'}
[2.203236] (px4_msgs) StdoutLine: {'line': b'-- Up-to-date: /home/rschnurr/SkyClaw-Team1/ros2_ws/install/px4_msgs/include/px4_msgs/px4_msgs/msg/rosidl_typesupport_fastrtps_c__visibility_control.h\n'}
[2.203340] (px4_msgs) StdoutLine: {'line': b'-- Up-to-date: /home/rschnurr/SkyClaw-Team1/ros2_ws/install/px4_msgs/include/px4_msgs/px4_msgs/msg/detail\n'}
[2.203388] (px4_msgs) StdoutLine: {'line': b'-- Up-to-date: /home/rschnurr/SkyClaw-Team1/ros2_ws/install/px4_msgs/include/px4_msgs/px4_msgs/msg/detail/orb_test__rosidl_typesupport_fastrtps_c.h\n'}
[2.203424] (px4_msgs) StdoutLine: {'line': b'-- Up-to-date: /home/rschnurr/SkyClaw-Team1/ros2_ws/install/px4_msgs/include/px4_msgs/px4_msgs/msg/detail/trajectory_setpoint__rosidl_typesupport_fastrtps_c.h\n'}
[2.203457] (px4_msgs) StdoutLine: {'line': b'-- Up-to-date: /home/rschnurr/SkyClaw-Team1/ros2_ws/install/px4_msgs/include/px4_msgs/px4_msgs/msg/detail/fixed_wing_lateral_status__rosidl_typesupport_fastrtps_c.h\n'}
[2.203488] (px4_msgs) StdoutLine: {'line': b'-- Up-to-date: /home/rschnurr/SkyClaw-Team1/ros2_ws/install/px4_msgs/include/px4_msgs/px4_msgs/msg/detail/iridiumsbd_status__rosidl_typesupport_fastrtps_c.h\n'}
[2.203518] (px4_msgs) StdoutLine: {'line': b'-- Up-to-date: /home/rschnurr/SkyClaw-Team1/ros2_ws/install/px4_msgs/include/px4_msgs/px4_msgs/msg/detail/cellular_status__rosidl_typesupport_fastrtps_c.h\n'}
[2.203549] (px4_msgs) StdoutLine: {'line': b'-- Up-to-date: /home/rschnurr/SkyClaw-Team1/ros2_ws/install/px4_msgs/include/px4_msgs/px4_msgs/msg/detail/gimbal_device_information__rosidl_typesupport_fastrtps_c.h\n'}
[2.203581] (px4_msgs) StdoutLine: {'line': b'-- Up-to-date: /home/rschnurr/SkyClaw-Team1/ros2_ws/install/px4_msgs/include/px4_msgs/px4_msgs/msg/detail/vehicle_attitude_setpoint__rosidl_typesupport_fastrtps_c.h\n'}
[2.203612] (px4_msgs) StdoutLine: {'line': b'-- Up-to-date: /home/rschnurr/SkyClaw-Team1/ros2_ws/install/px4_msgs/include/px4_msgs/px4_msgs/msg/detail/sensor_combined__rosidl_typesupport_fastrtps_c.h\n'}
[2.203654] (px4_msgs) StdoutLine: {'line': b'-- Up-to-date: /home/rschnurr/SkyClaw-Team1/ros2_ws/install/px4_msgs/include/px4_msgs/px4_msgs/msg/detail/rc_parameter_map__rosidl_typesupport_fastrtps_c.h\n'}
[2.203684] (px4_msgs) StdoutLine: {'line': b'-- Up-to-date: /home/rschnurr/SkyClaw-Team1/ros2_ws/install/px4_msgs/include/px4_msgs/px4_msgs/msg/detail/estimator_status__rosidl_typesupport_fastrtps_c.h\n'}
[2.203716] (px4_msgs) StdoutLine: {'line': b'-- Up-to-date: /home/rschnurr/SkyClaw-Team1/ros2_ws/install/px4_msgs/include/px4_msgs/px4_msgs/msg/detail/sensor_airflow__rosidl_typesupport_fastrtps_c.h\n'}
[2.203745] (px4_msgs) StdoutLine: {'line': b'-- Up-to-date: /home/rschnurr/SkyClaw-Team1/ros2_ws/install/px4_msgs/include/px4_msgs/px4_msgs/msg/detail/fuel_tank_status__rosidl_typesupport_fastrtps_c.h\n'}
[2.203977] (px4_msgs) StdoutLine: {'line': b'-- Up-to-date: /home/rschnurr/SkyClaw-Team1/ros2_ws/install/px4_msgs/include/px4_msgs/px4_msgs/msg/detail/yaw_estimator_status__rosidl_typesupport_fastrtps_c.h\n'}
[2.204215] (px4_msgs) StdoutLine: {'line': b'-- Up-to-date: /home/rschnurr/SkyClaw-Team1/ros2_ws/install/px4_msgs/include/px4_msgs/px4_msgs/msg/detail/fixed_wing_lateral_setpoint__rosidl_typesupport_fastrtps_c.h\n'}
[2.204473] (px4_msgs) StdoutLine: {'line': b'-- Up-to-date: /home/rschnurr/SkyClaw-Team1/ros2_ws/install/px4_msgs/include/px4_msgs/px4_msgs/msg/detail/control_allocator_status__rosidl_typesupport_fastrtps_c.h\n'}
[2.204728] (px4_msgs) StdoutLine: {'line': b'-- Up-to-date: /home/rschnurr/SkyClaw-Team1/ros2_ws/install/px4_msgs/include/px4_msgs/px4_msgs/msg/detail/wheel_encoders__rosidl_typesupport_fastrtps_c.h\n'}
[2.204989] (px4_msgs) StdoutLine: {'line': b'-- Up-to-date: /home/rschnurr/SkyClaw-Team1/ros2_ws/install/px4_msgs/include/px4_msgs/px4_msgs/msg/detail/vehicle_control_mode__rosidl_typesupport_fastrtps_c.h\n'}
[2.205245] (px4_msgs) StdoutLine: {'line': b'-- Up-to-date: /home/rschnurr/SkyClaw-Team1/ros2_ws/install/px4_msgs/include/px4_msgs/px4_msgs/msg/detail/actuator_outputs__rosidl_typesupport_fastrtps_c.h\n'}
[2.205501] (px4_msgs) StdoutLine: {'line': b'-- Up-to-date: /home/rschnurr/SkyClaw-Team1/ros2_ws/install/px4_msgs/include/px4_msgs/px4_msgs/msg/detail/velocity_limits__rosidl_typesupport_fastrtps_c.h\n'}
[2.205750] (px4_msgs) StdoutLine: {'line': b'-- Up-to-date: /home/rschnurr/SkyClaw-Team1/ros2_ws/install/px4_msgs/include/px4_msgs/px4_msgs/msg/detail/camera_status__rosidl_typesupport_fastrtps_c.h\n'}
[2.205802] (px4_msgs) StdoutLine: {'line': b'-- Up-to-date: /home/rschnurr/SkyClaw-Team1/ros2_ws/install/px4_msgs/include/px4_msgs/px4_msgs/msg/detail/parameter_set_value_response__rosidl_typesupport_fastrtps_c.h\n'}
[2.205845] (px4_msgs) StdoutLine: {'line': b'-- Up-to-date: /home/rschnurr/SkyClaw-Team1/ros2_ws/install/px4_msgs/include/px4_msgs/px4_msgs/msg/detail/position_setpoint__rosidl_typesupport_fastrtps_c.h\n'}
[2.206117] (px4_msgs) StdoutLine: {'line': b'-- Up-to-date: /home/rschnurr/SkyClaw-Team1/ros2_ws/install/px4_msgs/include/px4_msgs/px4_msgs/msg/detail/navigator_status__rosidl_typesupport_fastrtps_c.h\n'}
[2.206365] (px4_msgs) StdoutLine: {'line': b'-- Up-to-date: /home/rschnurr/SkyClaw-Team1/ros2_ws/install/px4_msgs/include/px4_msgs/px4_msgs/msg/detail/parameter_set_value_request__rosidl_typesupport_fastrtps_c.h\n'}
[2.206725] (px4_msgs) StdoutLine: {'line': b'-- Up-to-date: /home/rschnurr/SkyClaw-Team1/ros2_ws/install/px4_msgs/include/px4_msgs/px4_msgs/msg/detail/open_drone_id_system__rosidl_typesupport_fastrtps_c.h\n'}
[2.207046] (px4_msgs) StdoutLine: {'line': b'-- Up-to-date: /home/rschnurr/SkyClaw-Team1/ros2_ws/install/px4_msgs/include/px4_msgs/px4_msgs/msg/detail/rover_rate_status__rosidl_typesupport_fastrtps_c.h\n'}
[2.207279] (px4_msgs) StdoutLine: {'line': b'-- Up-to-date: /home/rschnurr/SkyClaw-Team1/ros2_ws/install/px4_msgs/include/px4_msgs/px4_msgs/msg/detail/failsafe_flags__rosidl_typesupport_fastrtps_c.h\n'}
[2.207537] (px4_msgs) StdoutLine: {'line': b'-- Up-to-date: /home/rschnurr/SkyClaw-Team1/ros2_ws/install/px4_msgs/include/px4_msgs/px4_msgs/msg/detail/mavlink_log__rosidl_typesupport_fastrtps_c.h\n'}
[2.207794] (px4_msgs) StdoutLine: {'line': b'-- Up-to-date: /home/rschnurr/SkyClaw-Team1/ros2_ws/install/px4_msgs/include/px4_msgs/px4_msgs/msg/detail/figure_eight_status__rosidl_typesupport_fastrtps_c.h\n'}
[2.208011] (px4_msgs) StdoutLine: {'line': b'-- Up-to-date: /home/rschnurr/SkyClaw-Team1/ros2_ws/install/px4_msgs/include/px4_msgs/px4_msgs/msg/detail/esc_status__rosidl_typesupport_fastrtps_c.h\n'}
[2.208283] (px4_msgs) StdoutLine: {'line': b'-- Up-to-date: /home/rschnurr/SkyClaw-Team1/ros2_ws/install/px4_msgs/include/px4_msgs/px4_msgs/msg/detail/vehicle_torque_setpoint__rosidl_typesupport_fastrtps_c.h\n'}
[2.208541] (px4_msgs) StdoutLine: {'line': b'-- Up-to-date: /home/rschnurr/SkyClaw-Team1/ros2_ws/install/px4_msgs/include/px4_msgs/px4_msgs/msg/detail/airspeed__rosidl_typesupport_fastrtps_c.h\n'}
[2.208784] (-) TimerEvent: {}
[2.209239] (px4_msgs) StdoutLine: {'line': b'-- Up-to-date: /home/rschnurr/SkyClaw-Team1/ros2_ws/install/px4_msgs/include/px4_msgs/px4_msgs/msg/detail/manual_control_switches__rosidl_typesupport_fastrtps_c.h\n'}
[2.209411] (px4_msgs) StdoutLine: {'line': b'-- Up-to-date: /home/rschnurr/SkyClaw-Team1/ros2_ws/install/px4_msgs/include/px4_msgs/px4_msgs/msg/detail/sensor_gyro_fifo__rosidl_typesupport_fastrtps_c.h\n'}
[2.209808] (px4_msgs) StdoutLine: {'line': b'-- Up-to-date: /home/rschnurr/SkyClaw-Team1/ros2_ws/install/px4_msgs/include/px4_msgs/px4_msgs/msg/detail/sensor_gnss_status__rosidl_typesupport_fastrtps_c.h\n'}
[2.209912] (px4_msgs) StdoutLine: {'line': b'-- Up-to-date: /home/rschnurr/SkyClaw-Team1/ros2_ws/install/px4_msgs/include/px4_msgs/px4_msgs/msg/detail/event__rosidl_typesupport_fastrtps_c.h\n'}
[2.210062] (px4_msgs) StdoutLine: {'line': b'-- Up-to-date: /home/rschnurr/SkyClaw-Team1/ros2_ws/install/px4_msgs/include/px4_msgs/px4_msgs/msg/detail/debug_array__rosidl_typesupport_fastrtps_c.h\n'}
[2.210441] (px4_msgs) StdoutLine: {'line': b'-- Up-to-date: /home/rschnurr/SkyClaw-Team1/ros2_ws/install/px4_msgs/include/px4_msgs/px4_msgs/msg/detail/longitudinal_control_configuration__rosidl_typesupport_fastrtps_c.h\n'}
[2.211119] (px4_msgs) StdoutLine: {'line': b'-- Up-to-date: /home/rschnurr/SkyClaw-Team1/ros2_ws/install/px4_msgs/include/px4_msgs/px4_msgs/msg/detail/failure_detector_status__rosidl_typesupport_fastrtps_c.h\n'}
[2.211432] (px4_msgs) StdoutLine: {'line': b'-- Up-to-date: /home/rschnurr/SkyClaw-Team1/ros2_ws/install/px4_msgs/include/px4_msgs/px4_msgs/msg/detail/fixed_wing_lateral_guidance_status__rosidl_typesupport_fastrtps_c.h\n'}
[2.211626] (px4_msgs) StdoutLine: {'line': b'-- Up-to-date: /home/rschnurr/SkyClaw-Team1/ros2_ws/install/px4_msgs/include/px4_msgs/px4_msgs/msg/detail/transponder_report__rosidl_typesupport_fastrtps_c.h\n'}
[2.211815] (px4_msgs) StdoutLine: {'line': b'-- Up-to-date: /home/rschnurr/SkyClaw-Team1/ros2_ws/install/px4_msgs/include/px4_msgs/px4_msgs/msg/detail/sensor_gps__rosidl_typesupport_fastrtps_c.h\n'}
[2.211961] (px4_msgs) StdoutLine: {'line': b'-- Up-to-date: /home/rschnurr/SkyClaw-Team1/ros2_ws/install/px4_msgs/include/px4_msgs/px4_msgs/msg/detail/rover_speed_setpoint__rosidl_typesupport_fastrtps_c.h\n'}
[2.212411] (px4_msgs) StdoutLine: {'line': b'-- Up-to-date: /home/rschnurr/SkyClaw-Team1/ros2_ws/install/px4_msgs/include/px4_msgs/px4_msgs/msg/detail/rate_ctrl_status__rosidl_typesupport_fastrtps_c.h\n'}
[2.212557] (px4_msgs) StdoutLine: {'line': b'-- Up-to-date: /home/rschnurr/SkyClaw-Team1/ros2_ws/install/px4_msgs/include/px4_msgs/px4_msgs/msg/detail/battery_info__rosidl_typesupport_fastrtps_c.h\n'}
[2.212717] (px4_msgs) StdoutLine: {'line': b'-- Up-to-date: /home/rschnurr/SkyClaw-Team1/ros2_ws/install/px4_msgs/include/px4_msgs/px4_msgs/msg/detail/ulog_stream__rosidl_typesupport_fastrtps_c.h\n'}
[2.213046] (px4_msgs) StdoutLine: {'line': b'-- Up-to-date: /home/rschnurr/SkyClaw-Team1/ros2_ws/install/px4_msgs/include/px4_msgs/px4_msgs/msg/detail/rtl_time_estimate__rosidl_typesupport_fastrtps_c.h\n'}
[2.214150] (px4_msgs) StdoutLine: {'line': b'-- Up-to-date: /home/rschnurr/SkyClaw-Team1/ros2_ws/install/px4_msgs/include/px4_msgs/px4_msgs/msg/detail/register_ext_component_reply__rosidl_typesupport_fastrtps_c.h\n'}
[2.214416] (px4_msgs) StdoutLine: {'line': b'-- Up-to-date: /home/rschnurr/SkyClaw-Team1/ros2_ws/install/px4_msgs/include/px4_msgs/px4_msgs/msg/detail/gpio_in__rosidl_typesupport_fastrtps_c.h\n'}
[2.214643] (px4_msgs) StdoutLine: {'line': b'-- Up-to-date: /home/rschnurr/SkyClaw-Team1/ros2_ws/install/px4_msgs/include/px4_msgs/px4_msgs/msg/detail/estimator_aid_source3d__rosidl_typesupport_fastrtps_c.h\n'}
[2.214708] (px4_msgs) StdoutLine: {'line': b'-- Up-to-date: /home/rschnurr/SkyClaw-Team1/ros2_ws/install/px4_msgs/include/px4_msgs/px4_msgs/msg/detail/vtol_vehicle_status__rosidl_typesupport_fastrtps_c.h\n'}
[2.214874] (px4_msgs) StdoutLine: {'line': b'-- Up-to-date: /home/rschnurr/SkyClaw-Team1/ros2_ws/install/px4_msgs/include/px4_msgs/px4_msgs/msg/detail/internal_combustion_engine_status__rosidl_typesupport_fastrtps_c.h\n'}
[2.214966] (px4_msgs) StdoutLine: {'line': b'-- Up-to-date: /home/rschnurr/SkyClaw-Team1/ros2_ws/install/px4_msgs/include/px4_msgs/px4_msgs/msg/detail/fixed_wing_longitudinal_setpoint__rosidl_typesupport_fastrtps_c.h\n'}
[2.215225] (px4_msgs) StdoutLine: {'line': b'-- Up-to-date: /home/rschnurr/SkyClaw-Team1/ros2_ws/install/px4_msgs/include/px4_msgs/px4_msgs/msg/detail/orbit_status__rosidl_typesupport_fastrtps_c.h\n'}
[2.215378] (px4_msgs) StdoutLine: {'line': b'-- Up-to-date: /home/rschnurr/SkyClaw-Team1/ros2_ws/install/px4_msgs/include/px4_msgs/px4_msgs/msg/detail/sensor_selection__rosidl_typesupport_fastrtps_c.h\n'}
[2.215507] (px4_msgs) StdoutLine: {'line': b'-- Up-to-date: /home/rschnurr/SkyClaw-Team1/ros2_ws/install/px4_msgs/include/px4_msgs/px4_msgs/msg/detail/gimbal_device_set_attitude__rosidl_typesupport_fastrtps_c.h\n'}
[2.215678] (px4_msgs) StdoutLine: {'line': b'-- Up-to-date: /home/rschnurr/SkyClaw-Team1/ros2_ws/install/px4_msgs/include/px4_msgs/px4_msgs/msg/detail/power_button_state__rosidl_typesupport_fastrtps_c.h\n'}
[2.215882] (px4_msgs) StdoutLine: {'line': b'-- Up-to-date: /home/rschnurr/SkyClaw-Team1/ros2_ws/install/px4_msgs/include/px4_msgs/px4_msgs/msg/detail/task_stack_info__rosidl_typesupport_fastrtps_c.h\n'}
[2.216321] (px4_msgs) StdoutLine: {'line': b'-- Up-to-date: /home/rschnurr/SkyClaw-Team1/ros2_ws/install/px4_msgs/include/px4_msgs/px4_msgs/msg/detail/rover_attitude_setpoint__rosidl_typesupport_fastrtps_c.h\n'}
[2.216529] (px4_msgs) StdoutLine: {'line': b'-- Up-to-date: /home/rschnurr/SkyClaw-Team1/ros2_ws/install/px4_msgs/include/px4_msgs/px4_msgs/msg/detail/power_monitor__rosidl_typesupport_fastrtps_c.h\n'}
[2.216831] (px4_msgs) StdoutLine: {'line': b'-- Up-to-date: /home/rschnurr/SkyClaw-Team1/ros2_ws/install/px4_msgs/include/px4_msgs/px4_msgs/msg/detail/navigator_mission_item__rosidl_typesupport_fastrtps_c.h\n'}
[2.217090] (px4_msgs) StdoutLine: {'line': b'-- Up-to-date: /home/rschnurr/SkyClaw-Team1/ros2_ws/install/px4_msgs/include/px4_msgs/px4_msgs/msg/detail/estimator_selector_status__rosidl_typesupport_fastrtps_c.h\n'}
[2.217297] (px4_msgs) StdoutLine: {'line': b'-- Up-to-date: /home/rschnurr/SkyClaw-Team1/ros2_ws/install/px4_msgs/include/px4_msgs/px4_msgs/msg/detail/airspeed_validated__rosidl_typesupport_fastrtps_c.h\n'}
[2.217776] (px4_msgs) StdoutLine: {'line': b'-- Up-to-date: /home/rschnurr/SkyClaw-Team1/ros2_ws/install/px4_msgs/include/px4_msgs/px4_msgs/msg/detail/hover_thrust_estimate__rosidl_typesupport_fastrtps_c.h\n'}
[2.218336] (px4_msgs) StdoutLine: {'line': b'-- Up-to-date: /home/rschnurr/SkyClaw-Team1/ros2_ws/install/px4_msgs/include/px4_msgs/px4_msgs/msg/detail/goto_setpoint__rosidl_typesupport_fastrtps_c.h\n'}
[2.218625] (px4_msgs) StdoutLine: {'line': b'-- Up-to-date: /home/rschnurr/SkyClaw-Team1/ros2_ws/install/px4_msgs/include/px4_msgs/px4_msgs/msg/detail/position_controller_status__rosidl_typesupport_fastrtps_c.h\n'}
[2.218983] (px4_msgs) StdoutLine: {'line': b'-- Up-to-date: /home/rschnurr/SkyClaw-Team1/ros2_ws/install/px4_msgs/include/px4_msgs/px4_msgs/msg/detail/follow_target__rosidl_typesupport_fastrtps_c.h\n'}
[2.219073] (px4_msgs) StdoutLine: {'line': b'-- Up-to-date: /home/rschnurr/SkyClaw-Team1/ros2_ws/install/px4_msgs/include/px4_msgs/px4_msgs/msg/detail/manual_control_setpoint__rosidl_typesupport_fastrtps_c.h\n'}
[2.219392] (px4_msgs) StdoutLine: {'line': b'-- Up-to-date: /home/rschnurr/SkyClaw-Team1/ros2_ws/install/px4_msgs/include/px4_msgs/px4_msgs/msg/detail/distance_sensor_mode_change_request__rosidl_typesupport_fastrtps_c.h\n'}
[2.219513] (px4_msgs) StdoutLine: {'line': b'-- Up-to-date: /home/rschnurr/SkyClaw-Team1/ros2_ws/install/px4_msgs/include/px4_msgs/px4_msgs/msg/detail/vehicle_imu_status__rosidl_typesupport_fastrtps_c.h\n'}
[2.219573] (px4_msgs) StdoutLine: {'line': b'-- Up-to-date: /home/rschnurr/SkyClaw-Team1/ros2_ws/install/px4_msgs/include/px4_msgs/px4_msgs/msg/detail/landing_target_pose__rosidl_typesupport_fastrtps_c.h\n'}
[2.219926] (px4_msgs) StdoutLine: {'line': b'-- Up-to-date: /home/rschnurr/SkyClaw-Team1/ros2_ws/install/px4_msgs/include/px4_msgs/px4_msgs/msg/detail/uavcan_parameter_request__rosidl_typesupport_fastrtps_c.h\n'}
[2.220196] (px4_msgs) StdoutLine: {'line': b'-- Up-to-date: /home/rschnurr/SkyClaw-Team1/ros2_ws/install/px4_msgs/include/px4_msgs/px4_msgs/msg/detail/dronecan_node_status__rosidl_typesupport_fastrtps_c.h\n'}
[2.220439] (px4_msgs) StdoutLine: {'line': b'-- Up-to-date: /home/rschnurr/SkyClaw-Team1/ros2_ws/install/px4_msgs/include/px4_msgs/px4_msgs/msg/detail/rover_rate_setpoint__rosidl_typesupport_fastrtps_c.h\n'}
[2.220805] (px4_msgs) StdoutLine: {'line': b'-- Up-to-date: /home/rschnurr/SkyClaw-Team1/ros2_ws/install/px4_msgs/include/px4_msgs/px4_msgs/msg/detail/vehicle_roi__rosidl_typesupport_fastrtps_c.h\n'}
[2.220868] (px4_msgs) StdoutLine: {'line': b'-- Up-to-date: /home/rschnurr/SkyClaw-Team1/ros2_ws/install/px4_msgs/include/px4_msgs/px4_msgs/msg/detail/vehicle_status__rosidl_typesupport_fastrtps_c.h\n'}
[2.220917] (px4_msgs) StdoutLine: {'line': b'-- Up-to-date: /home/rschnurr/SkyClaw-Team1/ros2_ws/install/px4_msgs/include/px4_msgs/px4_msgs/msg/detail/vehicle_local_position_setpoint__rosidl_typesupport_fastrtps_c.h\n'}
[2.220962] (px4_msgs) StdoutLine: {'line': b'-- Up-to-date: /home/rschnurr/SkyClaw-Team1/ros2_ws/install/px4_msgs/include/px4_msgs/px4_msgs/msg/detail/landing_gear__rosidl_typesupport_fastrtps_c.h\n'}
[2.221104] (px4_msgs) StdoutLine: {'line': b'-- Up-to-date: /home/rschnurr/SkyClaw-Team1/ros2_ws/install/px4_msgs/include/px4_msgs/px4_msgs/msg/detail/collision_constraints__rosidl_typesupport_fastrtps_c.h\n'}
[2.221156] (px4_msgs) StdoutLine: {'line': b'-- Up-to-date: /home/rschnurr/SkyClaw-Team1/ros2_ws/install/px4_msgs/include/px4_msgs/px4_msgs/msg/detail/uavcan_parameter_value__rosidl_typesupport_fastrtps_c.h\n'}
[2.221186] (px4_msgs) StdoutLine: {'line': b'-- Up-to-date: /home/rschnurr/SkyClaw-Team1/ros2_ws/install/px4_msgs/include/px4_msgs/px4_msgs/msg/detail/camera_trigger__rosidl_typesupport_fastrtps_c.h\n'}
[2.221211] (px4_msgs) StdoutLine: {'line': b'-- Up-to-date: /home/rschnurr/SkyClaw-Team1/ros2_ws/install/px4_msgs/include/px4_msgs/px4_msgs/msg/detail/system_power__rosidl_typesupport_fastrtps_c.h\n'}
[2.221235] (px4_msgs) StdoutLine: {'line': b'-- Up-to-date: /home/rschnurr/SkyClaw-Team1/ros2_ws/install/px4_msgs/include/px4_msgs/px4_msgs/msg/detail/gimbal_manager_set_manual_control__rosidl_typesupport_fastrtps_c.h\n'}
[2.221269] (px4_msgs) StdoutLine: {'line': b'-- Up-to-date: /home/rschnurr/SkyClaw-Team1/ros2_ws/install/px4_msgs/include/px4_msgs/px4_msgs/msg/detail/action_request__rosidl_typesupport_fastrtps_c.h\n'}
[2.221293] (px4_msgs) StdoutLine: {'line': b'-- Up-to-date: /home/rschnurr/SkyClaw-Team1/ros2_ws/install/px4_msgs/include/px4_msgs/px4_msgs/msg/detail/gps_inject_data__rosidl_typesupport_fastrtps_c.h\n'}
[2.221322] (px4_msgs) StdoutLine: {'line': b'-- Up-to-date: /home/rschnurr/SkyClaw-Team1/ros2_ws/install/px4_msgs/include/px4_msgs/px4_msgs/msg/detail/rover_speed_status__rosidl_typesupport_fastrtps_c.h\n'}
[2.221345] (px4_msgs) StdoutLine: {'line': b'-- Up-to-date: /home/rschnurr/SkyClaw-Team1/ros2_ws/install/px4_msgs/include/px4_msgs/px4_msgs/msg/detail/log_message__rosidl_typesupport_fastrtps_c.h\n'}
[2.221368] (px4_msgs) StdoutLine: {'line': b'-- Up-to-date: /home/rschnurr/SkyClaw-Team1/ros2_ws/install/px4_msgs/include/px4_msgs/px4_msgs/msg/detail/ekf2_timestamps__rosidl_typesupport_fastrtps_c.h\n'}
[2.221391] (px4_msgs) StdoutLine: {'line': b'-- Up-to-date: /home/rschnurr/SkyClaw-Team1/ros2_ws/install/px4_msgs/include/px4_msgs/px4_msgs/msg/detail/estimator_bias3d__rosidl_typesupport_fastrtps_c.h\n'}
[2.221413] (px4_msgs) StdoutLine: {'line': b'-- Up-to-date: /home/rschnurr/SkyClaw-Team1/ros2_ws/install/px4_msgs/include/px4_msgs/px4_msgs/msg/detail/estimator_event_flags__rosidl_typesupport_fastrtps_c.h\n'}
[2.221435] (px4_msgs) StdoutLine: {'line': b'-- Up-to-date: /home/rschnurr/SkyClaw-Team1/ros2_ws/install/px4_msgs/include/px4_msgs/px4_msgs/msg/detail/neural_control__rosidl_typesupport_fastrtps_c.h\n'}
[2.221457] (px4_msgs) StdoutLine: {'line': b'-- Up-to-date: /home/rschnurr/SkyClaw-Team1/ros2_ws/install/px4_msgs/include/px4_msgs/px4_msgs/msg/detail/parameter_set_used_request__rosidl_typesupport_fastrtps_c.h\n'}
[2.221478] (px4_msgs) StdoutLine: {'line': b'-- Up-to-date: /home/rschnurr/SkyClaw-Team1/ros2_ws/install/px4_msgs/include/px4_msgs/px4_msgs/msg/detail/parameter_update__rosidl_typesupport_fastrtps_c.h\n'}
[2.221499] (px4_msgs) StdoutLine: {'line': b'-- Up-to-date: /home/rschnurr/SkyClaw-Team1/ros2_ws/install/px4_msgs/include/px4_msgs/px4_msgs/msg/detail/normalized_unsigned_setpoint__rosidl_typesupport_fastrtps_c.h\n'}
[2.221519] (px4_msgs) StdoutLine: {'line': b'-- Up-to-date: /home/rschnurr/SkyClaw-Team1/ros2_ws/install/px4_msgs/include/px4_msgs/px4_msgs/msg/detail/wind__rosidl_typesupport_fastrtps_c.h\n'}
[2.221541] (px4_msgs) StdoutLine: {'line': b'-- Up-to-date: /home/rschnurr/SkyClaw-Team1/ros2_ws/install/px4_msgs/include/px4_msgs/px4_msgs/msg/detail/vehicle_air_data__rosidl_typesupport_fastrtps_c.h\n'}
[2.221561] (px4_msgs) StdoutLine: {'line': b'-- Up-to-date: /home/rschnurr/SkyClaw-Team1/ros2_ws/install/px4_msgs/include/px4_msgs/px4_msgs/msg/detail/sensor_accel__rosidl_typesupport_fastrtps_c.h\n'}
[2.221582] (px4_msgs) StdoutLine: {'line': b'-- Up-to-date: /home/rschnurr/SkyClaw-Team1/ros2_ws/install/px4_msgs/include/px4_msgs/px4_msgs/msg/detail/sensor_mag__rosidl_typesupport_fastrtps_c.h\n'}
[2.221607] (px4_msgs) StdoutLine: {'line': b'-- Up-to-date: /home/rschnurr/SkyClaw-Team1/ros2_ws/install/px4_msgs/include/px4_msgs/px4_msgs/msg/detail/estimator_sensor_bias__rosidl_typesupport_fastrtps_c.h\n'}
[2.221637] (px4_msgs) StdoutLine: {'line': b'-- Up-to-date: /home/rschnurr/SkyClaw-Team1/ros2_ws/install/px4_msgs/include/px4_msgs/px4_msgs/msg/detail/actuator_armed__rosidl_typesupport_fastrtps_c.h\n'}
[2.221658] (px4_msgs) StdoutLine: {'line': b'-- Up-to-date: /home/rschnurr/SkyClaw-Team1/ros2_ws/install/px4_msgs/include/px4_msgs/px4_msgs/msg/detail/radio_status__rosidl_typesupport_fastrtps_c.h\n'}
[2.221679] (px4_msgs) StdoutLine: {'line': b'-- Up-to-date: /home/rschnurr/SkyClaw-Team1/ros2_ws/install/px4_msgs/include/px4_msgs/px4_msgs/msg/detail/open_drone_id_arm_status__rosidl_typesupport_fastrtps_c.h\n'}
[2.221700] (px4_msgs) StdoutLine: {'line': b'-- Up-to-date: /home/rschnurr/SkyClaw-Team1/ros2_ws/install/px4_msgs/include/px4_msgs/px4_msgs/msg/detail/sensor_accel_fifo__rosidl_typesupport_fastrtps_c.h\n'}
[2.221721] (px4_msgs) StdoutLine: {'line': b'-- Up-to-date: /home/rschnurr/SkyClaw-Team1/ros2_ws/install/px4_msgs/include/px4_msgs/px4_msgs/msg/detail/landing_gear_wheel__rosidl_typesupport_fastrtps_c.h\n'}
[2.221741] (px4_msgs) StdoutLine: {'line': b'-- Up-to-date: /home/rschnurr/SkyClaw-Team1/ros2_ws/install/px4_msgs/include/px4_msgs/px4_msgs/msg/detail/button_event__rosidl_typesupport_fastrtps_c.h\n'}
[2.221763] (px4_msgs) StdoutLine: {'line': b'-- Up-to-date: /home/rschnurr/SkyClaw-Team1/ros2_ws/install/px4_msgs/include/px4_msgs/px4_msgs/msg/detail/estimator_innovations__rosidl_typesupport_fastrtps_c.h\n'}
[2.221785] (px4_msgs) StdoutLine: {'line': b'-- Up-to-date: /home/rschnurr/SkyClaw-Team1/ros2_ws/install/px4_msgs/include/px4_msgs/px4_msgs/msg/detail/debug_vect__rosidl_typesupport_fastrtps_c.h\n'}
[2.221806] (px4_msgs) StdoutLine: {'line': b'-- Up-to-date: /home/rschnurr/SkyClaw-Team1/ros2_ws/install/px4_msgs/include/px4_msgs/px4_msgs/msg/detail/gimbal_manager_set_attitude__rosidl_typesupport_fastrtps_c.h\n'}
[2.221829] (px4_msgs) StdoutLine: {'line': b'-- Up-to-date: /home/rschnurr/SkyClaw-Team1/ros2_ws/install/px4_msgs/include/px4_msgs/px4_msgs/msg/detail/sensor_preflight_mag__rosidl_typesupport_fastrtps_c.h\n'}
[2.221850] (px4_msgs) StdoutLine: {'line': b'-- Up-to-date: /home/rschnurr/SkyClaw-Team1/ros2_ws/install/px4_msgs/include/px4_msgs/px4_msgs/msg/detail/sensors_status__rosidl_typesupport_fastrtps_c.h\n'}
[2.221870] (px4_msgs) StdoutLine: {'line': b'-- Up-to-date: /home/rschnurr/SkyClaw-Team1/ros2_ws/install/px4_msgs/include/px4_msgs/px4_msgs/msg/detail/gimbal_manager_information__rosidl_typesupport_fastrtps_c.h\n'}
[2.221894] (px4_msgs) StdoutLine: {'line': b'-- Up-to-date: /home/rschnurr/SkyClaw-Team1/ros2_ws/install/px4_msgs/include/px4_msgs/px4_msgs/msg/detail/sensor_gyro_fft__rosidl_typesupport_fastrtps_c.h\n'}
[2.221914] (px4_msgs) StdoutLine: {'line': b'-- Up-to-date: /home/rschnurr/SkyClaw-Team1/ros2_ws/install/px4_msgs/include/px4_msgs/px4_msgs/msg/detail/vehicle_thrust_setpoint__rosidl_typesupport_fastrtps_c.h\n'}
[2.221934] (px4_msgs) StdoutLine: {'line': b'-- Up-to-date: /home/rschnurr/SkyClaw-Team1/ros2_ws/install/px4_msgs/include/px4_msgs/px4_msgs/msg/detail/rtl_status__rosidl_typesupport_fastrtps_c.h\n'}
[2.221955] (px4_msgs) StdoutLine: {'line': b'-- Up-to-date: /home/rschnurr/SkyClaw-Team1/ros2_ws/install/px4_msgs/include/px4_msgs/px4_msgs/msg/detail/follow_target_estimator__rosidl_typesupport_fastrtps_c.h\n'}
[2.221976] (px4_msgs) StdoutLine: {'line': b'-- Up-to-date: /home/rschnurr/SkyClaw-Team1/ros2_ws/install/px4_msgs/include/px4_msgs/px4_msgs/msg/detail/mavlink_tunnel__rosidl_typesupport_fastrtps_c.h\n'}
[2.221997] (px4_msgs) StdoutLine: {'line': b'-- Up-to-date: /home/rschnurr/SkyClaw-Team1/ros2_ws/install/px4_msgs/include/px4_msgs/px4_msgs/msg/detail/follow_target_status__rosidl_typesupport_fastrtps_c.h\n'}
[2.222017] (px4_msgs) StdoutLine: {'line': b'-- Up-to-date: /home/rschnurr/SkyClaw-Team1/ros2_ws/install/px4_msgs/include/px4_msgs/px4_msgs/msg/detail/config_overrides__rosidl_typesupport_fastrtps_c.h\n'}
[2.222040] (px4_msgs) StdoutLine: {'line': b'-- Up-to-date: /home/rschnurr/SkyClaw-Team1/ros2_ws/install/px4_msgs/include/px4_msgs/px4_msgs/msg/detail/message_format_response__rosidl_typesupport_fastrtps_c.h\n'}
[2.222081] (px4_msgs) StdoutLine: {'line': b'-- Up-to-date: /home/rschnurr/SkyClaw-Team1/ros2_ws/install/px4_msgs/include/px4_msgs/px4_msgs/msg/detail/camera_capture__rosidl_typesupport_fastrtps_c.h\n'}
[2.222106] (px4_msgs) StdoutLine: {'line': b'-- Up-to-date: /home/rschnurr/SkyClaw-Team1/ros2_ws/install/px4_msgs/include/px4_msgs/px4_msgs/msg/detail/vehicle_imu__rosidl_typesupport_fastrtps_c.h\n'}
[2.222328] (px4_msgs) StdoutLine: {'line': b'-- Up-to-date: /home/rschnurr/SkyClaw-Team1/ros2_ws/install/px4_msgs/include/px4_msgs/px4_msgs/msg/detail/led_control__rosidl_typesupport_fastrtps_c.h\n'}
[2.222412] (px4_msgs) StdoutLine: {'line': b'-- Up-to-date: /home/rschnurr/SkyClaw-Team1/ros2_ws/install/px4_msgs/include/px4_msgs/px4_msgs/msg/detail/sensor_optical_flow__rosidl_typesupport_fastrtps_c.h\n'}
[2.222448] (px4_msgs) StdoutLine: {'line': b'-- Up-to-date: /home/rschnurr/SkyClaw-Team1/ros2_ws/install/px4_msgs/include/px4_msgs/px4_msgs/msg/detail/estimator_gps_status__rosidl_typesupport_fastrtps_c.h\n'}
[2.222479] (px4_msgs) StdoutLine: {'line': b'-- Up-to-date: /home/rschnurr/SkyClaw-Team1/ros2_ws/install/px4_msgs/include/px4_msgs/px4_msgs/msg/detail/esc_report__rosidl_typesupport_fastrtps_c.h\n'}
[2.222507] (px4_msgs) StdoutLine: {'line': b'-- Up-to-date: /home/rschnurr/SkyClaw-Team1/ros2_ws/install/px4_msgs/include/px4_msgs/px4_msgs/msg/detail/estimator_states__rosidl_typesupport_fastrtps_c.h\n'}
[2.222576] (px4_msgs) StdoutLine: {'line': b'-- Up-to-date: /home/rschnurr/SkyClaw-Team1/ros2_ws/install/px4_msgs/include/px4_msgs/px4_msgs/msg/detail/qshell_req__rosidl_typesupport_fastrtps_c.h\n'}
[2.222629] (px4_msgs) StdoutLine: {'line': b'-- Up-to-date: /home/rschnurr/SkyClaw-Team1/ros2_ws/install/px4_msgs/include/px4_msgs/px4_msgs/msg/detail/differential_pressure__rosidl_typesupport_fastrtps_c.h\n'}
[2.222666] (px4_msgs) StdoutLine: {'line': b'-- Up-to-date: /home/rschnurr/SkyClaw-Team1/ros2_ws/install/px4_msgs/include/px4_msgs/px4_msgs/msg/detail/autotune_attitude_control_status__rosidl_typesupport_fastrtps_c.h\n'}
[2.222698] (px4_msgs) StdoutLine: {'line': b'-- Up-to-date: /home/rschnurr/SkyClaw-Team1/ros2_ws/install/px4_msgs/include/px4_msgs/px4_msgs/msg/detail/message_format_request__rosidl_typesupport_fastrtps_c.h\n'}
[2.222730] (px4_msgs) StdoutLine: {'line': b'-- Up-to-date: /home/rschnurr/SkyClaw-Team1/ros2_ws/install/px4_msgs/include/px4_msgs/px4_msgs/msg/detail/home_position__rosidl_typesupport_fastrtps_c.h\n'}
[2.222842] (px4_msgs) StdoutLine: {'line': b'-- Up-to-date: /home/rschnurr/SkyClaw-Team1/ros2_ws/install/px4_msgs/include/px4_msgs/px4_msgs/msg/detail/gimbal_controls__rosidl_typesupport_fastrtps_c.h\n'}
[2.223191] (px4_msgs) StdoutLine: {'line': b'-- Up-to-date: /home/rschnurr/SkyClaw-Team1/ros2_ws/install/px4_msgs/include/px4_msgs/px4_msgs/msg/detail/gpio_out__rosidl_typesupport_fastrtps_c.h\n'}
[2.223382] (px4_msgs) StdoutLine: {'line': b'-- Up-to-date: /home/rschnurr/SkyClaw-Team1/ros2_ws/install/px4_msgs/include/px4_msgs/px4_msgs/msg/detail/cpuload__rosidl_typesupport_fastrtps_c.h\n'}
[2.223629] (px4_msgs) StdoutLine: {'line': b'-- Up-to-date: /home/rschnurr/SkyClaw-Team1/ros2_ws/install/px4_msgs/include/px4_msgs/px4_msgs/msg/detail/gps_dump__rosidl_typesupport_fastrtps_c.h\n'}
[2.223813] (px4_msgs) StdoutLine: {'line': b'-- Up-to-date: /home/rschnurr/SkyClaw-Team1/ros2_ws/install/px4_msgs/include/px4_msgs/px4_msgs/msg/detail/mode_completed__rosidl_typesupport_fastrtps_c.h\n'}
[2.224314] (px4_msgs) StdoutLine: {'line': b'-- Up-to-date: /home/rschnurr/SkyClaw-Team1/ros2_ws/install/px4_msgs/include/px4_msgs/px4_msgs/msg/detail/rover_steering_setpoint__rosidl_typesupport_fastrtps_c.h\n'}
[2.224758] (px4_msgs) StdoutLine: {'line': b'-- Up-to-date: /home/rschnurr/SkyClaw-Team1/ros2_ws/install/px4_msgs/include/px4_msgs/px4_msgs/msg/detail/health_report__rosidl_typesupport_fastrtps_c.h\n'}
[2.225017] (px4_msgs) StdoutLine: {'line': b'-- Up-to-date: /home/rschnurr/SkyClaw-Team1/ros2_ws/install/px4_msgs/include/px4_msgs/px4_msgs/msg/detail/vehicle_land_detected__rosidl_typesupport_fastrtps_c.h\n'}
[2.225369] (px4_msgs) StdoutLine: {'line': b'-- Up-to-date: /home/rschnurr/SkyClaw-Team1/ros2_ws/install/px4_msgs/include/px4_msgs/px4_msgs/msg/detail/open_drone_id_self_id__rosidl_typesupport_fastrtps_c.h\n'}
[2.225451] (px4_msgs) StdoutLine: {'line': b'-- Up-to-date: /home/rschnurr/SkyClaw-Team1/ros2_ws/install/px4_msgs/include/px4_msgs/px4_msgs/msg/detail/battery_status__rosidl_typesupport_fastrtps_c.h\n'}
[2.225817] (px4_msgs) StdoutLine: {'line': b'-- Up-to-date: /home/rschnurr/SkyClaw-Team1/ros2_ws/install/px4_msgs/include/px4_msgs/px4_msgs/msg/detail/debug_value__rosidl_typesupport_fastrtps_c.h\n'}
[2.225994] (px4_msgs) StdoutLine: {'line': b'-- Up-to-date: /home/rschnurr/SkyClaw-Team1/ros2_ws/install/px4_msgs/include/px4_msgs/px4_msgs/msg/detail/trajectory_setpoint6dof__rosidl_typesupport_fastrtps_c.h\n'}
[2.226382] (px4_msgs) StdoutLine: {'line': b'-- Up-to-date: /home/rschnurr/SkyClaw-Team1/ros2_ws/install/px4_msgs/include/px4_msgs/px4_msgs/msg/detail/gpio_config__rosidl_typesupport_fastrtps_c.h\n'}
[2.226827] (px4_msgs) StdoutLine: {'line': b'-- Up-to-date: /home/rschnurr/SkyClaw-Team1/ros2_ws/install/px4_msgs/include/px4_msgs/px4_msgs/msg/detail/landing_target_innovations__rosidl_typesupport_fastrtps_c.h\n'}
[2.227226] (px4_msgs) StdoutLine: {'line': b'-- Up-to-date: /home/rschnurr/SkyClaw-Team1/ros2_ws/install/px4_msgs/include/px4_msgs/px4_msgs/msg/detail/vehicle_magnetometer__rosidl_typesupport_fastrtps_c.h\n'}
[2.227389] (px4_msgs) StdoutLine: {'line': b'-- Up-to-date: /home/rschnurr/SkyClaw-Team1/ros2_ws/install/px4_msgs/include/px4_msgs/px4_msgs/msg/detail/tune_control__rosidl_typesupport_fastrtps_c.h\n'}
[2.227704] (px4_msgs) StdoutLine: {'line': b'-- Up-to-date: /home/rschnurr/SkyClaw-Team1/ros2_ws/install/px4_msgs/include/px4_msgs/px4_msgs/msg/detail/px4io_status__rosidl_typesupport_fastrtps_c.h\n'}
[2.228025] (px4_msgs) StdoutLine: {'line': b'-- Up-to-date: /home/rschnurr/SkyClaw-Team1/ros2_ws/install/px4_msgs/include/px4_msgs/px4_msgs/msg/detail/pps_capture__rosidl_typesupport_fastrtps_c.h\n'}
[2.228444] (px4_msgs) StdoutLine: {'line': b'-- Up-to-date: /home/rschnurr/SkyClaw-Team1/ros2_ws/install/px4_msgs/include/px4_msgs/px4_msgs/msg/detail/rover_attitude_status__rosidl_typesupport_fastrtps_c.h\n'}
[2.228754] (px4_msgs) StdoutLine: {'line': b'-- Up-to-date: /home/rschnurr/SkyClaw-Team1/ros2_ws/install/px4_msgs/include/px4_msgs/px4_msgs/msg/detail/unregister_ext_component__rosidl_typesupport_fastrtps_c.h\n'}
[2.229120] (px4_msgs) StdoutLine: {'line': b'-- Up-to-date: /home/rschnurr/SkyClaw-Team1/ros2_ws/install/px4_msgs/include/px4_msgs/px4_msgs/msg/detail/vehicle_acceleration__rosidl_typesupport_fastrtps_c.h\n'}
[2.229429] (px4_msgs) StdoutLine: {'line': b'-- Up-to-date: /home/rschnurr/SkyClaw-Team1/ros2_ws/install/px4_msgs/include/px4_msgs/px4_msgs/msg/detail/irlock_report__rosidl_typesupport_fastrtps_c.h\n'}
[2.229701] (px4_msgs) StdoutLine: {'line': b'-- Up-to-date: /home/rschnurr/SkyClaw-Team1/ros2_ws/install/px4_msgs/include/px4_msgs/px4_msgs/msg/detail/pure_pursuit_status__rosidl_typesupport_fastrtps_c.h\n'}
[2.230155] (px4_msgs) StdoutLine: {'line': b'-- Up-to-date: /home/rschnurr/SkyClaw-Team1/ros2_ws/install/px4_msgs/include/px4_msgs/px4_msgs/msg/detail/tiltrotor_extra_controls__rosidl_typesupport_fastrtps_c.h\n'}
[2.230344] (px4_msgs) StdoutLine: {'line': b'-- Up-to-date: /home/rschnurr/SkyClaw-Team1/ros2_ws/install/px4_msgs/include/px4_msgs/px4_msgs/msg/detail/obstacle_distance__rosidl_typesupport_fastrtps_c.h\n'}
[2.230786] (px4_msgs) StdoutLine: {'line': b'-- Up-to-date: /home/rschnurr/SkyClaw-Team1/ros2_ws/install/px4_msgs/include/px4_msgs/px4_msgs/msg/detail/actuator_servos_trim__rosidl_typesupport_fastrtps_c.h\n'}
[2.231478] (px4_msgs) StdoutLine: {'line': b'-- Up-to-date: /home/rschnurr/SkyClaw-Team1/ros2_ws/install/px4_msgs/include/px4_msgs/px4_msgs/msg/detail/mount_orientation__rosidl_typesupport_fastrtps_c.h\n'}
[2.231794] (px4_msgs) StdoutLine: {'line': b'-- Up-to-date: /home/rschnurr/SkyClaw-Team1/ros2_ws/install/px4_msgs/include/px4_msgs/px4_msgs/msg/detail/launch_detection_status__rosidl_typesupport_fastrtps_c.h\n'}
[2.232249] (px4_msgs) StdoutLine: {'line': b'-- Up-to-date: /home/rschnurr/SkyClaw-Team1/ros2_ws/install/px4_msgs/include/px4_msgs/px4_msgs/msg/detail/arming_check_request__rosidl_typesupport_fastrtps_c.h\n'}
[2.232548] (px4_msgs) StdoutLine: {'line': b'-- Up-to-date: /home/rschnurr/SkyClaw-Team1/ros2_ws/install/px4_msgs/include/px4_msgs/px4_msgs/msg/detail/mission__rosidl_typesupport_fastrtps_c.h\n'}
[2.232726] (px4_msgs) StdoutLine: {'line': b'-- Up-to-date: /home/rschnurr/SkyClaw-Team1/ros2_ws/install/px4_msgs/include/px4_msgs/px4_msgs/msg/detail/register_ext_component_request__rosidl_typesupport_fastrtps_c.h\n'}
[2.233154] (px4_msgs) StdoutLine: {'line': b'-- Up-to-date: /home/rschnurr/SkyClaw-Team1/ros2_ws/install/px4_msgs/include/px4_msgs/px4_msgs/msg/detail/vehicle_angular_acceleration_setpoint__rosidl_typesupport_fastrtps_c.h\n'}
[2.233392] (px4_msgs) StdoutLine: {'line': b'-- Up-to-date: /home/rschnurr/SkyClaw-Team1/ros2_ws/install/px4_msgs/include/px4_msgs/px4_msgs/msg/detail/estimator_bias__rosidl_typesupport_fastrtps_c.h\n'}
[2.233653] (px4_msgs) StdoutLine: {'line': b'-- Up-to-date: /home/rschnurr/SkyClaw-Team1/ros2_ws/install/px4_msgs/include/px4_msgs/px4_msgs/msg/detail/sensor_gyro__rosidl_typesupport_fastrtps_c.h\n'}
[2.234226] (px4_msgs) StdoutLine: {'line': b'-- Up-to-date: /home/rschnurr/SkyClaw-Team1/ros2_ws/install/px4_msgs/include/px4_msgs/px4_msgs/msg/detail/pwm_input__rosidl_typesupport_fastrtps_c.h\n'}
[2.234565] (px4_msgs) StdoutLine: {'line': b'-- Up-to-date: /home/rschnurr/SkyClaw-Team1/ros2_ws/install/px4_msgs/include/px4_msgs/px4_msgs/msg/detail/gimbal_manager_status__rosidl_typesupport_fastrtps_c.h\n'}
[2.235262] (px4_msgs) StdoutLine: {'line': b'-- Up-to-date: /home/rschnurr/SkyClaw-Team1/ros2_ws/install/px4_msgs/include/px4_msgs/px4_msgs/msg/detail/ping__rosidl_typesupport_fastrtps_c.h\n'}
[2.235554] (px4_msgs) StdoutLine: {'line': b'-- Up-to-date: /home/rschnurr/SkyClaw-Team1/ros2_ws/install/px4_msgs/include/px4_msgs/px4_msgs/msg/detail/actuator_controls_status__rosidl_typesupport_fastrtps_c.h\n'}
[2.235863] (px4_msgs) StdoutLine: {'line': b'-- Up-to-date: /home/rschnurr/SkyClaw-Team1/ros2_ws/install/px4_msgs/include/px4_msgs/px4_msgs/msg/detail/geofence_status__rosidl_typesupport_fastrtps_c.h\n'}
[2.236185] (px4_msgs) StdoutLine: {'line': b'-- Up-to-date: /home/rschnurr/SkyClaw-Team1/ros2_ws/install/px4_msgs/include/px4_msgs/px4_msgs/msg/detail/sensor_baro__rosidl_typesupport_fastrtps_c.h\n'}
[2.236398] (px4_msgs) StdoutLine: {'line': b'-- Up-to-date: /home/rschnurr/SkyClaw-Team1/ros2_ws/install/px4_msgs/include/px4_msgs/px4_msgs/msg/detail/gripper__rosidl_typesupport_fastrtps_c.h\n'}
[2.236625] (px4_msgs) StdoutLine: {'line': b'-- Up-to-date: /home/rschnurr/SkyClaw-Team1/ros2_ws/install/px4_msgs/include/px4_msgs/px4_msgs/msg/detail/sensors_status_imu__rosidl_typesupport_fastrtps_c.h\n'}
[2.236913] (px4_msgs) StdoutLine: {'line': b'-- Up-to-date: /home/rschnurr/SkyClaw-Team1/ros2_ws/install/px4_msgs/include/px4_msgs/px4_msgs/msg/detail/magnetometer_bias_estimate__rosidl_typesupport_fastrtps_c.h\n'}
[2.237065] (px4_msgs) StdoutLine: {'line': b'-- Up-to-date: /home/rschnurr/SkyClaw-Team1/ros2_ws/install/px4_msgs/include/px4_msgs/px4_msgs/msg/detail/takeoff_status__rosidl_typesupport_fastrtps_c.h\n'}
[2.237361] (px4_msgs) StdoutLine: {'line': b'-- Up-to-date: /home/rschnurr/SkyClaw-Team1/ros2_ws/install/px4_msgs/include/px4_msgs/px4_msgs/msg/detail/open_drone_id_operator_id__rosidl_typesupport_fastrtps_c.h\n'}
[2.237569] (px4_msgs) StdoutLine: {'line': b'-- Up-to-date: /home/rschnurr/SkyClaw-Team1/ros2_ws/install/px4_msgs/include/px4_msgs/px4_msgs/msg/detail/position_setpoint_triplet__rosidl_typesupport_fastrtps_c.h\n'}
[2.238787] (px4_msgs) StdoutLine: {'line': b'-- Up-to-date: /home/rschnurr/SkyClaw-Team1/ros2_ws/install/px4_msgs/include/px4_msgs/px4_msgs/msg/detail/airspeed_wind__rosidl_typesupport_fastrtps_c.h\n'}
[2.239148] (px4_msgs) StdoutLine: {'line': b'-- Up-to-date: /home/rschnurr/SkyClaw-Team1/ros2_ws/install/px4_msgs/include/px4_msgs/px4_msgs/msg/detail/onboard_computer_status__rosidl_typesupport_fastrtps_c.h\n'}
[2.239476] (px4_msgs) StdoutLine: {'line': b'-- Up-to-date: /home/rschnurr/SkyClaw-Team1/ros2_ws/install/px4_msgs/include/px4_msgs/px4_msgs/msg/detail/arming_check_reply__rosidl_typesupport_fastrtps_c.h\n'}
[2.239837] (px4_msgs) StdoutLine: {'line': b'-- Up-to-date: /home/rschnurr/SkyClaw-Team1/ros2_ws/install/px4_msgs/include/px4_msgs/px4_msgs/msg/detail/internal_combustion_engine_control__rosidl_typesupport_fastrtps_c.h\n'}
[2.240142] (px4_msgs) StdoutLine: {'line': b'-- Up-to-date: /home/rschnurr/SkyClaw-Team1/ros2_ws/install/px4_msgs/include/px4_msgs/px4_msgs/msg/detail/vehicle_rates_setpoint__rosidl_typesupport_fastrtps_c.h\n'}
[2.240416] (px4_msgs) StdoutLine: {'line': b'-- Up-to-date: /home/rschnurr/SkyClaw-Team1/ros2_ws/install/px4_msgs/include/px4_msgs/px4_msgs/msg/detail/input_rc__rosidl_typesupport_fastrtps_c.h\n'}
[2.240717] (px4_msgs) StdoutLine: {'line': b'-- Up-to-date: /home/rschnurr/SkyClaw-Team1/ros2_ws/install/px4_msgs/include/px4_msgs/px4_msgs/msg/detail/logger_status__rosidl_typesupport_fastrtps_c.h\n'}
[2.241122] (px4_msgs) StdoutLine: {'line': b'-- Up-to-date: /home/rschnurr/SkyClaw-Team1/ros2_ws/install/px4_msgs/include/px4_msgs/px4_msgs/msg/detail/telemetry_status__rosidl_typesupport_fastrtps_c.h\n'}
[2.241290] (px4_msgs) StdoutLine: {'line': b'-- Up-to-date: /home/rschnurr/SkyClaw-Team1/ros2_ws/install/px4_msgs/include/px4_msgs/px4_msgs/msg/detail/qshell_retval__rosidl_typesupport_fastrtps_c.h\n'}
[2.241433] (px4_msgs) StdoutLine: {'line': b'-- Up-to-date: /home/rschnurr/SkyClaw-Team1/ros2_ws/install/px4_msgs/include/px4_msgs/px4_msgs/msg/detail/vehicle_command_ack__rosidl_typesupport_fastrtps_c.h\n'}
[2.241792] (px4_msgs) StdoutLine: {'line': b'-- Up-to-date: /home/rschnurr/SkyClaw-Team1/ros2_ws/install/px4_msgs/include/px4_msgs/px4_msgs/msg/detail/estimator_aid_source2d__rosidl_typesupport_fastrtps_c.h\n'}
[2.241875] (px4_msgs) StdoutLine: {'line': b'-- Up-to-date: /home/rschnurr/SkyClaw-Team1/ros2_ws/install/px4_msgs/include/px4_msgs/px4_msgs/msg/detail/sensor_correction__rosidl_typesupport_fastrtps_c.h\n'}
[2.242128] (px4_msgs) StdoutLine: {'line': b'-- Up-to-date: /home/rschnurr/SkyClaw-Team1/ros2_ws/install/px4_msgs/include/px4_msgs/px4_msgs/msg/detail/geofence_result__rosidl_typesupport_fastrtps_c.h\n'}
[2.242390] (px4_msgs) StdoutLine: {'line': b'-- Up-to-date: /home/rschnurr/SkyClaw-Team1/ros2_ws/install/px4_msgs/include/px4_msgs/px4_msgs/msg/detail/mission_result__rosidl_typesupport_fastrtps_c.h\n'}
[2.242685] (px4_msgs) StdoutLine: {'line': b'-- Up-to-date: /home/rschnurr/SkyClaw-Team1/ros2_ws/install/px4_msgs/include/px4_msgs/px4_msgs/msg/detail/vehicle_optical_flow_vel__rosidl_typesupport_fastrtps_c.h\n'}
[2.242969] (px4_msgs) StdoutLine: {'line': b'-- Up-to-date: /home/rschnurr/SkyClaw-Team1/ros2_ws/install/px4_msgs/include/px4_msgs/px4_msgs/msg/detail/parameter_reset_request__rosidl_typesupport_fastrtps_c.h\n'}
[2.243051] (px4_msgs) StdoutLine: {'line': b'-- Up-to-date: /home/rschnurr/SkyClaw-Team1/ros2_ws/install/px4_msgs/include/px4_msgs/px4_msgs/msg/detail/rover_throttle_setpoint__rosidl_typesupport_fastrtps_c.h\n'}
[2.243283] (px4_msgs) StdoutLine: {'line': b'-- Up-to-date: /home/rschnurr/SkyClaw-Team1/ros2_ws/install/px4_msgs/include/px4_msgs/px4_msgs/msg/detail/vehicle_command__rosidl_typesupport_fastrtps_c.h\n'}
[2.243657] (px4_msgs) StdoutLine: {'line': b'-- Up-to-date: /home/rschnurr/SkyClaw-Team1/ros2_ws/install/px4_msgs/include/px4_msgs/px4_msgs/msg/detail/actuator_servos__rosidl_typesupport_fastrtps_c.h\n'}
[2.243704] (px4_msgs) StdoutLine: {'line': b'-- Up-to-date: /home/rschnurr/SkyClaw-Team1/ros2_ws/install/px4_msgs/include/px4_msgs/px4_msgs/msg/detail/generator_status__rosidl_typesupport_fastrtps_c.h\n'}
[2.243741] (px4_msgs) StdoutLine: {'line': b'-- Up-to-date: /home/rschnurr/SkyClaw-Team1/ros2_ws/install/px4_msgs/include/px4_msgs/px4_msgs/msg/detail/heater_status__rosidl_typesupport_fastrtps_c.h\n'}
[2.243768] (px4_msgs) StdoutLine: {'line': b'-- Up-to-date: /home/rschnurr/SkyClaw-Team1/ros2_ws/install/px4_msgs/include/px4_msgs/px4_msgs/msg/detail/actuator_test__rosidl_typesupport_fastrtps_c.h\n'}
[2.243797] (px4_msgs) StdoutLine: {'line': b'-- Up-to-date: /home/rschnurr/SkyClaw-Team1/ros2_ws/install/px4_msgs/include/px4_msgs/px4_msgs/msg/detail/gimbal_device_attitude_status__rosidl_typesupport_fastrtps_c.h\n'}
[2.243821] (px4_msgs) StdoutLine: {'line': b'-- Up-to-date: /home/rschnurr/SkyClaw-Team1/ros2_ws/install/px4_msgs/include/px4_msgs/px4_msgs/msg/detail/adc_report__rosidl_typesupport_fastrtps_c.h\n'}
[2.243845] (px4_msgs) StdoutLine: {'line': b'-- Up-to-date: /home/rschnurr/SkyClaw-Team1/ros2_ws/install/px4_msgs/include/px4_msgs/px4_msgs/msg/detail/vehicle_constraints__rosidl_typesupport_fastrtps_c.h\n'}
[2.243869] (px4_msgs) StdoutLine: {'line': b'-- Up-to-date: /home/rschnurr/SkyClaw-Team1/ros2_ws/install/px4_msgs/include/px4_msgs/px4_msgs/msg/detail/vehicle_odometry__rosidl_typesupport_fastrtps_c.h\n'}
[2.243892] (px4_msgs) StdoutLine: {'line': b'-- Up-to-date: /home/rschnurr/SkyClaw-Team1/ros2_ws/install/px4_msgs/include/px4_msgs/px4_msgs/msg/detail/estimator_aid_source1d__rosidl_typesupport_fastrtps_c.h\n'}
[2.243914] (px4_msgs) StdoutLine: {'line': b'-- Up-to-date: /home/rschnurr/SkyClaw-Team1/ros2_ws/install/px4_msgs/include/px4_msgs/px4_msgs/msg/detail/gpio_request__rosidl_typesupport_fastrtps_c.h\n'}
[2.243935] (px4_msgs) StdoutLine: {'line': b'-- Up-to-date: /home/rschnurr/SkyClaw-Team1/ros2_ws/install/px4_msgs/include/px4_msgs/px4_msgs/msg/detail/actuator_motors__rosidl_typesupport_fastrtps_c.h\n'}
[2.243961] (px4_msgs) StdoutLine: {'line': b'-- Up-to-date: /home/rschnurr/SkyClaw-Team1/ros2_ws/install/px4_msgs/include/px4_msgs/px4_msgs/msg/detail/sensor_gnss_relative__rosidl_typesupport_fastrtps_c.h\n'}
[2.243985] (px4_msgs) StdoutLine: {'line': b'-- Up-to-date: /home/rschnurr/SkyClaw-Team1/ros2_ws/install/px4_msgs/include/px4_msgs/px4_msgs/msg/detail/vehicle_optical_flow__rosidl_typesupport_fastrtps_c.h\n'}
[2.244012] (px4_msgs) StdoutLine: {'line': b'-- Up-to-date: /home/rschnurr/SkyClaw-Team1/ros2_ws/install/px4_msgs/include/px4_msgs/px4_msgs/msg/detail/rc_channels__rosidl_typesupport_fastrtps_c.h\n'}
[2.244076] (px4_msgs) StdoutLine: {'line': b'-- Up-to-date: /home/rschnurr/SkyClaw-Team1/ros2_ws/install/px4_msgs/include/px4_msgs/px4_msgs/msg/detail/mag_worker_data__rosidl_typesupport_fastrtps_c.h\n'}
[2.244147] (px4_msgs) StdoutLine: {'line': b'-- Up-to-date: /home/rschnurr/SkyClaw-Team1/ros2_ws/install/px4_msgs/include/px4_msgs/px4_msgs/msg/detail/estimator_status_flags__rosidl_typesupport_fastrtps_c.h\n'}
[2.244186] (px4_msgs) StdoutLine: {'line': b'-- Up-to-date: /home/rschnurr/SkyClaw-Team1/ros2_ws/install/px4_msgs/include/px4_msgs/px4_msgs/msg/detail/orb_test_medium__rosidl_typesupport_fastrtps_c.h\n'}
[2.244214] (px4_msgs) StdoutLine: {'line': b'-- Up-to-date: /home/rschnurr/SkyClaw-Team1/ros2_ws/install/px4_msgs/include/px4_msgs/px4_msgs/msg/detail/satellite_info__rosidl_typesupport_fastrtps_c.h\n'}
[2.244238] (px4_msgs) StdoutLine: {'line': b'-- Up-to-date: /home/rschnurr/SkyClaw-Team1/ros2_ws/install/px4_msgs/include/px4_msgs/px4_msgs/msg/detail/ulog_stream_ack__rosidl_typesupport_fastrtps_c.h\n'}
[2.244260] (px4_msgs) StdoutLine: {'line': b'-- Up-to-date: /home/rschnurr/SkyClaw-Team1/ros2_ws/install/px4_msgs/include/px4_msgs/px4_msgs/msg/detail/vehicle_local_position__rosidl_typesupport_fastrtps_c.h\n'}
[2.244291] (px4_msgs) StdoutLine: {'line': b'-- Up-to-date: /home/rschnurr/SkyClaw-Team1/ros2_ws/install/px4_msgs/include/px4_msgs/px4_msgs/msg/detail/fixed_wing_runway_control__rosidl_typesupport_fastrtps_c.h\n'}
[2.244312] (px4_msgs) StdoutLine: {'line': b'-- Up-to-date: /home/rschnurr/SkyClaw-Team1/ros2_ws/install/px4_msgs/include/px4_msgs/px4_msgs/msg/detail/lateral_control_configuration__rosidl_typesupport_fastrtps_c.h\n'}
[2.244335] (px4_msgs) StdoutLine: {'line': b'-- Up-to-date: /home/rschnurr/SkyClaw-Team1/ros2_ws/install/px4_msgs/include/px4_msgs/px4_msgs/msg/detail/rpm__rosidl_typesupport_fastrtps_c.h\n'}
[2.244358] (px4_msgs) StdoutLine: {'line': b'-- Up-to-date: /home/rschnurr/SkyClaw-Team1/ros2_ws/install/px4_msgs/include/px4_msgs/px4_msgs/msg/detail/offboard_control_mode__rosidl_typesupport_fastrtps_c.h\n'}
[2.244379] (px4_msgs) StdoutLine: {'line': b'-- Up-to-date: /home/rschnurr/SkyClaw-Team1/ros2_ws/install/px4_msgs/include/px4_msgs/px4_msgs/msg/detail/can_interface_status__rosidl_typesupport_fastrtps_c.h\n'}
[2.244399] (px4_msgs) StdoutLine: {'line': b'-- Up-to-date: /home/rschnurr/SkyClaw-Team1/ros2_ws/install/px4_msgs/include/px4_msgs/px4_msgs/msg/detail/flight_phase_estimation__rosidl_typesupport_fastrtps_c.h\n'}
[2.244419] (px4_msgs) StdoutLine: {'line': b'-- Up-to-date: /home/rschnurr/SkyClaw-Team1/ros2_ws/install/px4_msgs/include/px4_msgs/px4_msgs/msg/detail/sensor_hygrometer__rosidl_typesupport_fastrtps_c.h\n'}
[2.244440] (px4_msgs) StdoutLine: {'line': b'-- Up-to-date: /home/rschnurr/SkyClaw-Team1/ros2_ws/install/px4_msgs/include/px4_msgs/px4_msgs/msg/detail/distance_sensor__rosidl_typesupport_fastrtps_c.h\n'}
[2.244461] (px4_msgs) StdoutLine: {'line': b'-- Up-to-date: /home/rschnurr/SkyClaw-Team1/ros2_ws/install/px4_msgs/include/px4_msgs/px4_msgs/msg/detail/dataman_request__rosidl_typesupport_fastrtps_c.h\n'}
[2.244481] (px4_msgs) StdoutLine: {'line': b'-- Up-to-date: /home/rschnurr/SkyClaw-Team1/ros2_ws/install/px4_msgs/include/px4_msgs/px4_msgs/msg/detail/dataman_response__rosidl_typesupport_fastrtps_c.h\n'}
[2.244500] (px4_msgs) StdoutLine: {'line': b'-- Up-to-date: /home/rschnurr/SkyClaw-Team1/ros2_ws/install/px4_msgs/include/px4_msgs/px4_msgs/msg/detail/sensor_uwb__rosidl_typesupport_fastrtps_c.h\n'}
[2.244522] (px4_msgs) StdoutLine: {'line': b'-- Up-to-date: /home/rschnurr/SkyClaw-Team1/ros2_ws/install/px4_msgs/include/px4_msgs/px4_msgs/msg/detail/rover_position_setpoint__rosidl_typesupport_fastrtps_c.h\n'}
[2.244543] (px4_msgs) StdoutLine: {'line': b'-- Up-to-date: /home/rschnurr/SkyClaw-Team1/ros2_ws/install/px4_msgs/include/px4_msgs/px4_msgs/msg/detail/debug_key_value__rosidl_typesupport_fastrtps_c.h\n'}
[2.244565] (px4_msgs) StdoutLine: {'line': b'-- Up-to-date: /home/rschnurr/SkyClaw-Team1/ros2_ws/install/px4_msgs/include/px4_msgs/px4_msgs/msg/detail/timesync_status__rosidl_typesupport_fastrtps_c.h\n'}
[2.244587] (px4_msgs) StdoutLine: {'line': b'-- Up-to-date: /home/rschnurr/SkyClaw-Team1/ros2_ws/install/px4_msgs/include/px4_msgs/px4_msgs/msg/detail/position_controller_landing_status__rosidl_typesupport_fastrtps_c.h\n'}
[2.244612] (px4_msgs) StdoutLine: {'line': b'-- Up-to-date: /home/rschnurr/SkyClaw-Team1/ros2_ws/install/px4_msgs/include/px4_msgs/px4_msgs/msg/detail/tecs_status__rosidl_typesupport_fastrtps_c.h\n'}
[2.244633] (px4_msgs) StdoutLine: {'line': b'-- Up-to-date: /home/rschnurr/SkyClaw-Team1/ros2_ws/install/px4_msgs/include/px4_msgs/px4_msgs/msg/detail/vehicle_angular_velocity__rosidl_typesupport_fastrtps_c.h\n'}
[2.244653] (px4_msgs) StdoutLine: {'line': b'-- Up-to-date: /home/rschnurr/SkyClaw-Team1/ros2_ws/install/px4_msgs/include/px4_msgs/px4_msgs/msg/detail/orb_test_large__rosidl_typesupport_fastrtps_c.h\n'}
[2.244674] (px4_msgs) StdoutLine: {'line': b'-- Up-to-date: /home/rschnurr/SkyClaw-Team1/ros2_ws/install/px4_msgs/include/px4_msgs/px4_msgs/msg/detail/vehicle_global_position__rosidl_typesupport_fastrtps_c.h\n'}
[2.244694] (px4_msgs) StdoutLine: {'line': b'-- Up-to-date: /home/rschnurr/SkyClaw-Team1/ros2_ws/install/px4_msgs/include/px4_msgs/px4_msgs/msg/detail/vehicle_attitude__rosidl_typesupport_fastrtps_c.h\n'}
[2.244714] (px4_msgs) StdoutLine: {'line': b'-- Up-to-date: /home/rschnurr/SkyClaw-Team1/ros2_ws/install/px4_msgs/lib/libpx4_msgs__rosidl_typesupport_fastrtps_c.so\n'}
[2.244738] (px4_msgs) StdoutLine: {'line': b'-- Up-to-date: /home/rschnurr/SkyClaw-Team1/ros2_ws/install/px4_msgs/include/px4_msgs/px4_msgs\n'}
[2.244760] (px4_msgs) StdoutLine: {'line': b'-- Up-to-date: /home/rschnurr/SkyClaw-Team1/ros2_ws/install/px4_msgs/include/px4_msgs/px4_msgs/srv\n'}
[2.244782] (px4_msgs) StdoutLine: {'line': b'-- Up-to-date: /home/rschnurr/SkyClaw-Team1/ros2_ws/install/px4_msgs/include/px4_msgs/px4_msgs/srv/detail\n'}
[2.244805] (px4_msgs) StdoutLine: {'line': b'-- Up-to-date: /home/rschnurr/SkyClaw-Team1/ros2_ws/install/px4_msgs/include/px4_msgs/px4_msgs/srv/detail/vehicle_command__struct.hpp\n'}
[2.244828] (px4_msgs) StdoutLine: {'line': b'-- Up-to-date: /home/rschnurr/SkyClaw-Team1/ros2_ws/install/px4_msgs/include/px4_msgs/px4_msgs/srv/detail/vehicle_command__builder.hpp\n'}
[2.244850] (px4_msgs) StdoutLine: {'line': b'-- Up-to-date: /home/rschnurr/SkyClaw-Team1/ros2_ws/install/px4_msgs/include/px4_msgs/px4_msgs/srv/detail/vehicle_command__traits.hpp\n'}
[2.244871] (px4_msgs) StdoutLine: {'line': b'-- Up-to-date: /home/rschnurr/SkyClaw-Team1/ros2_ws/install/px4_msgs/include/px4_msgs/px4_msgs/srv/detail/vehicle_command__type_support.hpp\n'}
[2.244896] (px4_msgs) StdoutLine: {'line': b'-- Up-to-date: /home/rschnurr/SkyClaw-Team1/ros2_ws/install/px4_msgs/include/px4_msgs/px4_msgs/srv/vehicle_command.hpp\n'}
[2.244916] (px4_msgs) StdoutLine: {'line': b'-- Up-to-date: /home/rschnurr/SkyClaw-Team1/ros2_ws/install/px4_msgs/include/px4_msgs/px4_msgs/msg\n'}
[2.244939] (px4_msgs) StdoutLine: {'line': b'-- Up-to-date: /home/rschnurr/SkyClaw-Team1/ros2_ws/install/px4_msgs/include/px4_msgs/px4_msgs/msg/sensor_correction.hpp\n'}
[2.244961] (px4_msgs) StdoutLine: {'line': b'-- Up-to-date: /home/rschnurr/SkyClaw-Team1/ros2_ws/install/px4_msgs/include/px4_msgs/px4_msgs/msg/pwm_input.hpp\n'}
[2.244981] (px4_msgs) StdoutLine: {'line': b'-- Up-to-date: /home/rschnurr/SkyClaw-Team1/ros2_ws/install/px4_msgs/include/px4_msgs/px4_msgs/msg/gimbal_manager_set_manual_control.hpp\n'}
[2.245001] (px4_msgs) StdoutLine: {'line': b'-- Up-to-date: /home/rschnurr/SkyClaw-Team1/ros2_ws/install/px4_msgs/include/px4_msgs/px4_msgs/msg/manual_control_setpoint.hpp\n'}
[2.245022] (px4_msgs) StdoutLine: {'line': b'-- Up-to-date: /home/rschnurr/SkyClaw-Team1/ros2_ws/install/px4_msgs/include/px4_msgs/px4_msgs/msg/arming_check_reply.hpp\n'}
[2.245042] (px4_msgs) StdoutLine: {'line': b'-- Up-to-date: /home/rschnurr/SkyClaw-Team1/ros2_ws/install/px4_msgs/include/px4_msgs/px4_msgs/msg/dronecan_node_status.hpp\n'}
[2.245062] (px4_msgs) StdoutLine: {'line': b'-- Up-to-date: /home/rschnurr/SkyClaw-Team1/ros2_ws/install/px4_msgs/include/px4_msgs/px4_msgs/msg/takeoff_status.hpp\n'}
[2.245081] (px4_msgs) StdoutLine: {'line': b'-- Up-to-date: /home/rschnurr/SkyClaw-Team1/ros2_ws/install/px4_msgs/include/px4_msgs/px4_msgs/msg/sensor_gnss_relative.hpp\n'}
[2.245101] (px4_msgs) StdoutLine: {'line': b'-- Up-to-date: /home/rschnurr/SkyClaw-Team1/ros2_ws/install/px4_msgs/include/px4_msgs/px4_msgs/msg/ping.hpp\n'}
[2.245120] (px4_msgs) StdoutLine: {'line': b'-- Up-to-date: /home/rschnurr/SkyClaw-Team1/ros2_ws/install/px4_msgs/include/px4_msgs/px4_msgs/msg/sensor_mag.hpp\n'}
[2.245139] (px4_msgs) StdoutLine: {'line': b'-- Up-to-date: /home/rschnurr/SkyClaw-Team1/ros2_ws/install/px4_msgs/include/px4_msgs/px4_msgs/msg/vehicle_acceleration.hpp\n'}
[2.245162] (px4_msgs) StdoutLine: {'line': b'-- Up-to-date: /home/rschnurr/SkyClaw-Team1/ros2_ws/install/px4_msgs/include/px4_msgs/px4_msgs/msg/ulog_stream.hpp\n'}
[2.245181] (px4_msgs) StdoutLine: {'line': b'-- Up-to-date: /home/rschnurr/SkyClaw-Team1/ros2_ws/install/px4_msgs/include/px4_msgs/px4_msgs/msg/wheel_encoders.hpp\n'}
[2.245201] (px4_msgs) StdoutLine: {'line': b'-- Up-to-date: /home/rschnurr/SkyClaw-Team1/ros2_ws/install/px4_msgs/include/px4_msgs/px4_msgs/msg/trajectory_setpoint.hpp\n'}
[2.245222] (px4_msgs) StdoutLine: {'line': b'-- Up-to-date: /home/rschnurr/SkyClaw-Team1/ros2_ws/install/px4_msgs/include/px4_msgs/px4_msgs/msg/goto_setpoint.hpp\n'}
[2.245242] (px4_msgs) StdoutLine: {'line': b'-- Up-to-date: /home/rschnurr/SkyClaw-Team1/ros2_ws/install/px4_msgs/include/px4_msgs/px4_msgs/msg/sensor_airflow.hpp\n'}
[2.245264] (px4_msgs) StdoutLine: {'line': b'-- Up-to-date: /home/rschnurr/SkyClaw-Team1/ros2_ws/install/px4_msgs/include/px4_msgs/px4_msgs/msg/velocity_limits.hpp\n'}
[2.245284] (px4_msgs) StdoutLine: {'line': b'-- Up-to-date: /home/rschnurr/SkyClaw-Team1/ros2_ws/install/px4_msgs/include/px4_msgs/px4_msgs/msg/gps_dump.hpp\n'}
[2.245303] (px4_msgs) StdoutLine: {'line': b'-- Up-to-date: /home/rschnurr/SkyClaw-Team1/ros2_ws/install/px4_msgs/include/px4_msgs/px4_msgs/msg/rpm.hpp\n'}
[2.245329] (px4_msgs) StdoutLine: {'line': b'-- Up-to-date: /home/rschnurr/SkyClaw-Team1/ros2_ws/install/px4_msgs/include/px4_msgs/px4_msgs/msg/gpio_config.hpp\n'}
[2.245456] (px4_msgs) StdoutLine: {'line': b'-- Up-to-date: /home/rschnurr/SkyClaw-Team1/ros2_ws/install/px4_msgs/include/px4_msgs/px4_msgs/msg/mission.hpp\n'}
[2.245608] (px4_msgs) StdoutLine: {'line': b'-- Up-to-date: /home/rschnurr/SkyClaw-Team1/ros2_ws/install/px4_msgs/include/px4_msgs/px4_msgs/msg/estimator_innovations.hpp\n'}
[2.246101] (px4_msgs) StdoutLine: {'line': b'-- Up-to-date: /home/rschnurr/SkyClaw-Team1/ros2_ws/install/px4_msgs/include/px4_msgs/px4_msgs/msg/button_event.hpp\n'}
[2.246208] (px4_msgs) StdoutLine: {'line': b'-- Up-to-date: /home/rschnurr/SkyClaw-Team1/ros2_ws/install/px4_msgs/include/px4_msgs/px4_msgs/msg/offboard_control_mode.hpp\n'}
[2.246319] (px4_msgs) StdoutLine: {'line': b'-- Up-to-date: /home/rschnurr/SkyClaw-Team1/ros2_ws/install/px4_msgs/include/px4_msgs/px4_msgs/msg/message_format_request.hpp\n'}
[2.246571] (px4_msgs) StdoutLine: {'line': b'-- Up-to-date: /home/rschnurr/SkyClaw-Team1/ros2_ws/install/px4_msgs/include/px4_msgs/px4_msgs/msg/gripper.hpp\n'}
[2.246894] (px4_msgs) StdoutLine: {'line': b'-- Up-to-date: /home/rschnurr/SkyClaw-Team1/ros2_ws/install/px4_msgs/include/px4_msgs/px4_msgs/msg/sensor_gyro_fft.hpp\n'}
[2.247304] (px4_msgs) StdoutLine: {'line': b'-- Up-to-date: /home/rschnurr/SkyClaw-Team1/ros2_ws/install/px4_msgs/include/px4_msgs/px4_msgs/msg/geofence_status.hpp\n'}
[2.247589] (px4_msgs) StdoutLine: {'line': b'-- Up-to-date: /home/rschnurr/SkyClaw-Team1/ros2_ws/install/px4_msgs/include/px4_msgs/px4_msgs/msg/vehicle_torque_setpoint.hpp\n'}
[2.247846] (px4_msgs) StdoutLine: {'line': b'-- Up-to-date: /home/rschnurr/SkyClaw-Team1/ros2_ws/install/px4_msgs/include/px4_msgs/px4_msgs/msg/gimbal_device_set_attitude.hpp\n'}
[2.248146] (px4_msgs) StdoutLine: {'line': b'-- Up-to-date: /home/rschnurr/SkyClaw-Team1/ros2_ws/install/px4_msgs/include/px4_msgs/px4_msgs/msg/estimator_gps_status.hpp\n'}
[2.248427] (px4_msgs) StdoutLine: {'line': b'-- Up-to-date: /home/rschnurr/SkyClaw-Team1/ros2_ws/install/px4_msgs/include/px4_msgs/px4_msgs/msg/orb_test_medium.hpp\n'}
[2.248804] (px4_msgs) StdoutLine: {'line': b'-- Up-to-date: /home/rschnurr/SkyClaw-Team1/ros2_ws/install/px4_msgs/include/px4_msgs/px4_msgs/msg/sensor_gnss_status.hpp\n'}
[2.248967] (px4_msgs) StdoutLine: {'line': b'-- Up-to-date: /home/rschnurr/SkyClaw-Team1/ros2_ws/install/px4_msgs/include/px4_msgs/px4_msgs/msg/vehicle_air_data.hpp\n'}
[2.249178] (px4_msgs) StdoutLine: {'line': b'-- Up-to-date: /home/rschnurr/SkyClaw-Team1/ros2_ws/install/px4_msgs/include/px4_msgs/px4_msgs/msg/follow_target_estimator.hpp\n'}
[2.249391] (px4_msgs) StdoutLine: {'line': b'-- Up-to-date: /home/rschnurr/SkyClaw-Team1/ros2_ws/install/px4_msgs/include/px4_msgs/px4_msgs/msg/debug_value.hpp\n'}
[2.249575] (px4_msgs) StdoutLine: {'line': b'-- Up-to-date: /home/rschnurr/SkyClaw-Team1/ros2_ws/install/px4_msgs/include/px4_msgs/px4_msgs/msg/vehicle_rates_setpoint.hpp\n'}
[2.249804] (px4_msgs) StdoutLine: {'line': b'-- Up-to-date: /home/rschnurr/SkyClaw-Team1/ros2_ws/install/px4_msgs/include/px4_msgs/px4_msgs/msg/log_message.hpp\n'}
[2.250390] (px4_msgs) StdoutLine: {'line': b'-- Up-to-date: /home/rschnurr/SkyClaw-Team1/ros2_ws/install/px4_msgs/include/px4_msgs/px4_msgs/msg/uavcan_parameter_value.hpp\n'}
[2.250546] (px4_msgs) StdoutLine: {'line': b'-- Up-to-date: /home/rschnurr/SkyClaw-Team1/ros2_ws/install/px4_msgs/include/px4_msgs/px4_msgs/msg/collision_constraints.hpp\n'}
[2.250602] (px4_msgs) StdoutLine: {'line': b'-- Up-to-date: /home/rschnurr/SkyClaw-Team1/ros2_ws/install/px4_msgs/include/px4_msgs/px4_msgs/msg/rover_position_setpoint.hpp\n'}
[2.250651] (px4_msgs) StdoutLine: {'line': b'-- Up-to-date: /home/rschnurr/SkyClaw-Team1/ros2_ws/install/px4_msgs/include/px4_msgs/px4_msgs/msg/tune_control.hpp\n'}
[2.250686] (px4_msgs) StdoutLine: {'line': b'-- Up-to-date: /home/rschnurr/SkyClaw-Team1/ros2_ws/install/px4_msgs/include/px4_msgs/px4_msgs/msg/open_drone_id_arm_status.hpp\n'}
[2.250727] (px4_msgs) StdoutLine: {'line': b'-- Up-to-date: /home/rschnurr/SkyClaw-Team1/ros2_ws/install/px4_msgs/include/px4_msgs/px4_msgs/msg/tecs_status.hpp\n'}
[2.250759] (px4_msgs) StdoutLine: {'line': b'-- Up-to-date: /home/rschnurr/SkyClaw-Team1/ros2_ws/install/px4_msgs/include/px4_msgs/px4_msgs/msg/vehicle_attitude_setpoint.hpp\n'}
[2.250790] (px4_msgs) StdoutLine: {'line': b'-- Up-to-date: /home/rschnurr/SkyClaw-Team1/ros2_ws/install/px4_msgs/include/px4_msgs/px4_msgs/msg/rate_ctrl_status.hpp\n'}
[2.250820] (px4_msgs) StdoutLine: {'line': b'-- Up-to-date: /home/rschnurr/SkyClaw-Team1/ros2_ws/install/px4_msgs/include/px4_msgs/px4_msgs/msg/navigator_mission_item.hpp\n'}
[2.250855] (px4_msgs) StdoutLine: {'line': b'-- Up-to-date: /home/rschnurr/SkyClaw-Team1/ros2_ws/install/px4_msgs/include/px4_msgs/px4_msgs/msg/rc_parameter_map.hpp\n'}
[2.250885] (px4_msgs) StdoutLine: {'line': b'-- Up-to-date: /home/rschnurr/SkyClaw-Team1/ros2_ws/install/px4_msgs/include/px4_msgs/px4_msgs/msg/parameter_set_value_request.hpp\n'}
[2.250916] (px4_msgs) StdoutLine: {'line': b'-- Up-to-date: /home/rschnurr/SkyClaw-Team1/ros2_ws/install/px4_msgs/include/px4_msgs/px4_msgs/msg/sensor_accel_fifo.hpp\n'}
[2.251000] (px4_msgs) StdoutLine: {'line': b'-- Up-to-date: /home/rschnurr/SkyClaw-Team1/ros2_ws/install/px4_msgs/include/px4_msgs/px4_msgs/msg/iridiumsbd_status.hpp\n'}
[2.251080] (px4_msgs) StdoutLine: {'line': b'-- Up-to-date: /home/rschnurr/SkyClaw-Team1/ros2_ws/install/px4_msgs/include/px4_msgs/px4_msgs/msg/rtl_time_estimate.hpp\n'}
[2.251163] (px4_msgs) StdoutLine: {'line': b'-- Up-to-date: /home/rschnurr/SkyClaw-Team1/ros2_ws/install/px4_msgs/include/px4_msgs/px4_msgs/msg/open_drone_id_system.hpp\n'}
[2.251207] (px4_msgs) StdoutLine: {'line': b'-- Up-to-date: /home/rschnurr/SkyClaw-Team1/ros2_ws/install/px4_msgs/include/px4_msgs/px4_msgs/msg/rover_rate_status.hpp\n'}
[2.251247] (px4_msgs) StdoutLine: {'line': b'-- Up-to-date: /home/rschnurr/SkyClaw-Team1/ros2_ws/install/px4_msgs/include/px4_msgs/px4_msgs/msg/mavlink_log.hpp\n'}
[2.251287] (px4_msgs) StdoutLine: {'line': b'-- Up-to-date: /home/rschnurr/SkyClaw-Team1/ros2_ws/install/px4_msgs/include/px4_msgs/px4_msgs/msg/radio_status.hpp\n'}
[2.251379] (px4_msgs) StdoutLine: {'line': b'-- Up-to-date: /home/rschnurr/SkyClaw-Team1/ros2_ws/install/px4_msgs/include/px4_msgs/px4_msgs/msg/parameter_reset_request.hpp\n'}
[2.251469] (px4_msgs) StdoutLine: {'line': b'-- Up-to-date: /home/rschnurr/SkyClaw-Team1/ros2_ws/install/px4_msgs/include/px4_msgs/px4_msgs/msg/follow_target_status.hpp\n'}
[2.251518] (px4_msgs) StdoutLine: {'line': b'-- Up-to-date: /home/rschnurr/SkyClaw-Team1/ros2_ws/install/px4_msgs/include/px4_msgs/px4_msgs/msg/distance_sensor.hpp\n'}
[2.251564] (px4_msgs) StdoutLine: {'line': b'-- Up-to-date: /home/rschnurr/SkyClaw-Team1/ros2_ws/install/px4_msgs/include/px4_msgs/px4_msgs/msg/telemetry_status.hpp\n'}
[2.251597] (px4_msgs) StdoutLine: {'line': b'-- Up-to-date: /home/rschnurr/SkyClaw-Team1/ros2_ws/install/px4_msgs/include/px4_msgs/px4_msgs/msg/vehicle_angular_acceleration_setpoint.hpp\n'}
[2.251630] (px4_msgs) StdoutLine: {'line': b'-- Up-to-date: /home/rschnurr/SkyClaw-Team1/ros2_ws/install/px4_msgs/include/px4_msgs/px4_msgs/msg/generator_status.hpp\n'}
[2.251714] (px4_msgs) StdoutLine: {'line': b'-- Up-to-date: /home/rschnurr/SkyClaw-Team1/ros2_ws/install/px4_msgs/include/px4_msgs/px4_msgs/msg/timesync_status.hpp\n'}
[2.251775] (px4_msgs) StdoutLine: {'line': b'-- Up-to-date: /home/rschnurr/SkyClaw-Team1/ros2_ws/install/px4_msgs/include/px4_msgs/px4_msgs/msg/failsafe_flags.hpp\n'}
[2.251861] (px4_msgs) StdoutLine: {'line': b'-- Up-to-date: /home/rschnurr/SkyClaw-Team1/ros2_ws/install/px4_msgs/include/px4_msgs/px4_msgs/msg/gps_inject_data.hpp\n'}
[2.251945] (px4_msgs) StdoutLine: {'line': b'-- Up-to-date: /home/rschnurr/SkyClaw-Team1/ros2_ws/install/px4_msgs/include/px4_msgs/px4_msgs/msg/gimbal_manager_information.hpp\n'}
[2.252005] (px4_msgs) StdoutLine: {'line': b'-- Up-to-date: /home/rschnurr/SkyClaw-Team1/ros2_ws/install/px4_msgs/include/px4_msgs/px4_msgs/msg/vehicle_thrust_setpoint.hpp\n'}
[2.252039] (px4_msgs) StdoutLine: {'line': b'-- Up-to-date: /home/rschnurr/SkyClaw-Team1/ros2_ws/install/px4_msgs/include/px4_msgs/px4_msgs/msg/vehicle_constraints.hpp\n'}
[2.252071] (px4_msgs) StdoutLine: {'line': b'-- Up-to-date: /home/rschnurr/SkyClaw-Team1/ros2_ws/install/px4_msgs/include/px4_msgs/px4_msgs/msg/lateral_control_configuration.hpp\n'}
[2.252103] (px4_msgs) StdoutLine: {'line': b'-- Up-to-date: /home/rschnurr/SkyClaw-Team1/ros2_ws/install/px4_msgs/include/px4_msgs/px4_msgs/msg/gimbal_device_information.hpp\n'}
[2.252134] (px4_msgs) StdoutLine: {'line': b'-- Up-to-date: /home/rschnurr/SkyClaw-Team1/ros2_ws/install/px4_msgs/include/px4_msgs/px4_msgs/msg/home_position.hpp\n'}
[2.252166] (px4_msgs) StdoutLine: {'line': b'-- Up-to-date: /home/rschnurr/SkyClaw-Team1/ros2_ws/install/px4_msgs/include/px4_msgs/px4_msgs/msg/trajectory_setpoint6dof.hpp\n'}
[2.252199] (px4_msgs) StdoutLine: {'line': b'-- Up-to-date: /home/rschnurr/SkyClaw-Team1/ros2_ws/install/px4_msgs/include/px4_msgs/px4_msgs/msg/orbit_status.hpp\n'}
[2.252306] (px4_msgs) StdoutLine: {'line': b'-- Up-to-date: /home/rschnurr/SkyClaw-Team1/ros2_ws/install/px4_msgs/include/px4_msgs/px4_msgs/msg/actuator_motors.hpp\n'}
[2.252358] (px4_msgs) StdoutLine: {'line': b'-- Up-to-date: /home/rschnurr/SkyClaw-Team1/ros2_ws/install/px4_msgs/include/px4_msgs/px4_msgs/msg/vehicle_angular_velocity.hpp\n'}
[2.252425] (px4_msgs) StdoutLine: {'line': b'-- Up-to-date: /home/rschnurr/SkyClaw-Team1/ros2_ws/install/px4_msgs/include/px4_msgs/px4_msgs/msg/geofence_result.hpp\n'}
[2.252459] (px4_msgs) StdoutLine: {'line': b'-- Up-to-date: /home/rschnurr/SkyClaw-Team1/ros2_ws/install/px4_msgs/include/px4_msgs/px4_msgs/msg/open_drone_id_operator_id.hpp\n'}
[2.252491] (px4_msgs) StdoutLine: {'line': b'-- Up-to-date: /home/rschnurr/SkyClaw-Team1/ros2_ws/install/px4_msgs/include/px4_msgs/px4_msgs/msg/register_ext_component_request.hpp\n'}
[2.252532] (px4_msgs) StdoutLine: {'line': b'-- Up-to-date: /home/rschnurr/SkyClaw-Team1/ros2_ws/install/px4_msgs/include/px4_msgs/px4_msgs/msg/uavcan_parameter_request.hpp\n'}
[2.252564] (px4_msgs) StdoutLine: {'line': b'-- Up-to-date: /home/rschnurr/SkyClaw-Team1/ros2_ws/install/px4_msgs/include/px4_msgs/px4_msgs/msg/rover_steering_setpoint.hpp\n'}
[2.252603] (px4_msgs) StdoutLine: {'line': b'-- Up-to-date: /home/rschnurr/SkyClaw-Team1/ros2_ws/install/px4_msgs/include/px4_msgs/px4_msgs/msg/actuator_test.hpp\n'}
[2.252644] (px4_msgs) StdoutLine: {'line': b'-- Up-to-date: /home/rschnurr/SkyClaw-Team1/ros2_ws/install/px4_msgs/include/px4_msgs/px4_msgs/msg/power_monitor.hpp\n'}
[2.252686] (px4_msgs) StdoutLine: {'line': b'-- Up-to-date: /home/rschnurr/SkyClaw-Team1/ros2_ws/install/px4_msgs/include/px4_msgs/px4_msgs/msg/rover_speed_setpoint.hpp\n'}
[2.252726] (px4_msgs) StdoutLine: {'line': b'-- Up-to-date: /home/rschnurr/SkyClaw-Team1/ros2_ws/install/px4_msgs/include/px4_msgs/px4_msgs/msg/fixed_wing_runway_control.hpp\n'}
[2.252816] (px4_msgs) StdoutLine: {'line': b'-- Up-to-date: /home/rschnurr/SkyClaw-Team1/ros2_ws/install/px4_msgs/include/px4_msgs/px4_msgs/msg/landing_gear.hpp\n'}
[2.252887] (px4_msgs) StdoutLine: {'line': b'-- Up-to-date: /home/rschnurr/SkyClaw-Team1/ros2_ws/install/px4_msgs/include/px4_msgs/px4_msgs/msg/yaw_estimator_status.hpp\n'}
[2.252980] (px4_msgs) StdoutLine: {'line': b'-- Up-to-date: /home/rschnurr/SkyClaw-Team1/ros2_ws/install/px4_msgs/include/px4_msgs/px4_msgs/msg/mission_result.hpp\n'}
[2.253085] (px4_msgs) StdoutLine: {'line': b'-- Up-to-date: /home/rschnurr/SkyClaw-Team1/ros2_ws/install/px4_msgs/include/px4_msgs/px4_msgs/msg/airspeed_validated.hpp\n'}
[2.253182] (px4_msgs) StdoutLine: {'line': b'-- Up-to-date: /home/rschnurr/SkyClaw-Team1/ros2_ws/install/px4_msgs/include/px4_msgs/px4_msgs/msg/onboard_computer_status.hpp\n'}
[2.253225] (px4_msgs) StdoutLine: {'line': b'-- Up-to-date: /home/rschnurr/SkyClaw-Team1/ros2_ws/install/px4_msgs/include/px4_msgs/px4_msgs/msg/camera_trigger.hpp\n'}
[2.253259] (px4_msgs) StdoutLine: {'line': b'-- Up-to-date: /home/rschnurr/SkyClaw-Team1/ros2_ws/install/px4_msgs/include/px4_msgs/px4_msgs/msg/vtol_vehicle_status.hpp\n'}
[2.253295] (px4_msgs) StdoutLine: {'line': b'-- Up-to-date: /home/rschnurr/SkyClaw-Team1/ros2_ws/install/px4_msgs/include/px4_msgs/px4_msgs/msg/estimator_selector_status.hpp\n'}
[2.253335] (px4_msgs) StdoutLine: {'line': b'-- Up-to-date: /home/rschnurr/SkyClaw-Team1/ros2_ws/install/px4_msgs/include/px4_msgs/px4_msgs/msg/arming_check_request.hpp\n'}
[2.253377] (px4_msgs) StdoutLine: {'line': b'-- Up-to-date: /home/rschnurr/SkyClaw-Team1/ros2_ws/install/px4_msgs/include/px4_msgs/px4_msgs/msg/autotune_attitude_control_status.hpp\n'}
[2.253423] (px4_msgs) StdoutLine: {'line': b'-- Up-to-date: /home/rschnurr/SkyClaw-Team1/ros2_ws/install/px4_msgs/include/px4_msgs/px4_msgs/msg/sensor_optical_flow.hpp\n'}
[2.253461] (px4_msgs) StdoutLine: {'line': b'-- Up-to-date: /home/rschnurr/SkyClaw-Team1/ros2_ws/install/px4_msgs/include/px4_msgs/px4_msgs/msg/vehicle_status.hpp\n'}
[2.253498] (px4_msgs) StdoutLine: {'line': b'-- Up-to-date: /home/rschnurr/SkyClaw-Team1/ros2_ws/install/px4_msgs/include/px4_msgs/px4_msgs/msg/open_drone_id_self_id.hpp\n'}
[2.253536] (px4_msgs) StdoutLine: {'line': b'-- Up-to-date: /home/rschnurr/SkyClaw-Team1/ros2_ws/install/px4_msgs/include/px4_msgs/px4_msgs/msg/landing_gear_wheel.hpp\n'}
[2.253840] (px4_msgs) StdoutLine: {'line': b'-- Up-to-date: /home/rschnurr/SkyClaw-Team1/ros2_ws/install/px4_msgs/include/px4_msgs/px4_msgs/msg/task_stack_info.hpp\n'}
[2.254141] (px4_msgs) StdoutLine: {'line': b'-- Up-to-date: /home/rschnurr/SkyClaw-Team1/ros2_ws/install/px4_msgs/include/px4_msgs/px4_msgs/msg/sensor_gyro_fifo.hpp\n'}
[2.254189] (px4_msgs) StdoutLine: {'line': b'-- Up-to-date: /home/rschnurr/SkyClaw-Team1/ros2_ws/install/px4_msgs/include/px4_msgs/px4_msgs/msg/internal_combustion_engine_status.hpp\n'}
[2.254224] (px4_msgs) StdoutLine: {'line': b'-- Up-to-date: /home/rschnurr/SkyClaw-Team1/ros2_ws/install/px4_msgs/include/px4_msgs/px4_msgs/msg/unregister_ext_component.hpp\n'}
[2.254257] (px4_msgs) StdoutLine: {'line': b'-- Up-to-date: /home/rschnurr/SkyClaw-Team1/ros2_ws/install/px4_msgs/include/px4_msgs/px4_msgs/msg/actuator_servos_trim.hpp\n'}
[2.254286] (px4_msgs) StdoutLine: {'line': b'-- Up-to-date: /home/rschnurr/SkyClaw-Team1/ros2_ws/install/px4_msgs/include/px4_msgs/px4_msgs/msg/parameter_set_used_request.hpp\n'}
[2.254319] (px4_msgs) StdoutLine: {'line': b'-- Up-to-date: /home/rschnurr/SkyClaw-Team1/ros2_ws/install/px4_msgs/include/px4_msgs/px4_msgs/msg/landing_target_pose.hpp\n'}
[2.254351] (px4_msgs) StdoutLine: {'line': b'-- Up-to-date: /home/rschnurr/SkyClaw-Team1/ros2_ws/install/px4_msgs/include/px4_msgs/px4_msgs/msg/led_control.hpp\n'}
[2.254383] (px4_msgs) StdoutLine: {'line': b'-- Up-to-date: /home/rschnurr/SkyClaw-Team1/ros2_ws/install/px4_msgs/include/px4_msgs/px4_msgs/msg/fixed_wing_lateral_status.hpp\n'}
[2.254415] (px4_msgs) StdoutLine: {'line': b'-- Up-to-date: /home/rschnurr/SkyClaw-Team1/ros2_ws/install/px4_msgs/include/px4_msgs/px4_msgs/msg/gpio_request.hpp\n'}
[2.254443] (px4_msgs) StdoutLine: {'line': b'-- Up-to-date: /home/rschnurr/SkyClaw-Team1/ros2_ws/install/px4_msgs/include/px4_msgs/px4_msgs/msg/rtl_status.hpp\n'}
[2.254471] (px4_msgs) StdoutLine: {'line': b'-- Up-to-date: /home/rschnurr/SkyClaw-Team1/ros2_ws/install/px4_msgs/include/px4_msgs/px4_msgs/msg/flight_phase_estimation.hpp\n'}
[2.254493] (px4_msgs) StdoutLine: {'line': b'-- Up-to-date: /home/rschnurr/SkyClaw-Team1/ros2_ws/install/px4_msgs/include/px4_msgs/px4_msgs/msg/mount_orientation.hpp\n'}
[2.254515] (px4_msgs) StdoutLine: {'line': b'-- Up-to-date: /home/rschnurr/SkyClaw-Team1/ros2_ws/install/px4_msgs/include/px4_msgs/px4_msgs/msg/gimbal_device_attitude_status.hpp\n'}
[2.254588] (px4_msgs) StdoutLine: {'line': b'-- Up-to-date: /home/rschnurr/SkyClaw-Team1/ros2_ws/install/px4_msgs/include/px4_msgs/px4_msgs/msg/estimator_aid_source3d.hpp\n'}
[2.254700] (px4_msgs) StdoutLine: {'line': b'-- Up-to-date: /home/rschnurr/SkyClaw-Team1/ros2_ws/install/px4_msgs/include/px4_msgs/px4_msgs/msg/sensors_status_imu.hpp\n'}
[2.255032] (px4_msgs) StdoutLine: {'line': b'-- Up-to-date: /home/rschnurr/SkyClaw-Team1/ros2_ws/install/px4_msgs/include/px4_msgs/px4_msgs/msg/vehicle_command_ack.hpp\n'}
[2.255186] (px4_msgs) StdoutLine: {'line': b'-- Up-to-date: /home/rschnurr/SkyClaw-Team1/ros2_ws/install/px4_msgs/include/px4_msgs/px4_msgs/msg/rover_throttle_setpoint.hpp\n'}
[2.255404] (px4_msgs) StdoutLine: {'line': b'-- Up-to-date: /home/rschnurr/SkyClaw-Team1/ros2_ws/install/px4_msgs/include/px4_msgs/px4_msgs/msg/debug_array.hpp\n'}
[2.255619] (px4_msgs) StdoutLine: {'line': b'-- Up-to-date: /home/rschnurr/SkyClaw-Team1/ros2_ws/install/px4_msgs/include/px4_msgs/px4_msgs/msg/control_allocator_status.hpp\n'}
[2.255817] (px4_msgs) StdoutLine: {'line': b'-- Up-to-date: /home/rschnurr/SkyClaw-Team1/ros2_ws/install/px4_msgs/include/px4_msgs/px4_msgs/msg/position_controller_landing_status.hpp\n'}
[2.256134] (px4_msgs) StdoutLine: {'line': b'-- Up-to-date: /home/rschnurr/SkyClaw-Team1/ros2_ws/install/px4_msgs/include/px4_msgs/px4_msgs/msg/heater_status.hpp\n'}
[2.256172] (px4_msgs) StdoutLine: {'line': b'-- Up-to-date: /home/rschnurr/SkyClaw-Team1/ros2_ws/install/px4_msgs/include/px4_msgs/px4_msgs/msg/gpio_in.hpp\n'}
[2.256203] (px4_msgs) StdoutLine: {'line': b'-- Up-to-date: /home/rschnurr/SkyClaw-Team1/ros2_ws/install/px4_msgs/include/px4_msgs/px4_msgs/msg/neural_control.hpp\n'}
[2.256231] (px4_msgs) StdoutLine: {'line': b'-- Up-to-date: /home/rschnurr/SkyClaw-Team1/ros2_ws/install/px4_msgs/include/px4_msgs/px4_msgs/msg/landing_target_innovations.hpp\n'}
[2.256613] (px4_msgs) StdoutLine: {'line': b'-- Up-to-date: /home/rschnurr/SkyClaw-Team1/ros2_ws/install/px4_msgs/include/px4_msgs/px4_msgs/msg/sensor_accel.hpp\n'}
[2.256671] (px4_msgs) StdoutLine: {'line': b'-- Up-to-date: /home/rschnurr/SkyClaw-Team1/ros2_ws/install/px4_msgs/include/px4_msgs/px4_msgs/msg/gpio_out.hpp\n'}
[2.256702] (px4_msgs) StdoutLine: {'line': b'-- Up-to-date: /home/rschnurr/SkyClaw-Team1/ros2_ws/install/px4_msgs/include/px4_msgs/px4_msgs/msg/vehicle_local_position_setpoint.hpp\n'}
[2.256735] (px4_msgs) StdoutLine: {'line': b'-- Up-to-date: /home/rschnurr/SkyClaw-Team1/ros2_ws/install/px4_msgs/include/px4_msgs/px4_msgs/msg/vehicle_control_mode.hpp\n'}
[2.256765] (px4_msgs) StdoutLine: {'line': b'-- Up-to-date: /home/rschnurr/SkyClaw-Team1/ros2_ws/install/px4_msgs/include/px4_msgs/px4_msgs/msg/sensor_hygrometer.hpp\n'}
[2.256792] (px4_msgs) StdoutLine: {'line': b'-- Up-to-date: /home/rschnurr/SkyClaw-Team1/ros2_ws/install/px4_msgs/include/px4_msgs/px4_msgs/msg/detail\n'}
[2.256823] (px4_msgs) StdoutLine: {'line': b'-- Up-to-date: /home/rschnurr/SkyClaw-Team1/ros2_ws/install/px4_msgs/include/px4_msgs/px4_msgs/msg/detail/vehicle_optical_flow_vel__builder.hpp\n'}
[2.256850] (px4_msgs) StdoutLine: {'line': b'-- Up-to-date: /home/rschnurr/SkyClaw-Team1/ros2_ws/install/px4_msgs/include/px4_msgs/px4_msgs/msg/detail/sensor_hygrometer__type_support.hpp\n'}
[2.257026] (px4_msgs) StdoutLine: {'line': b'-- Up-to-date: /home/rschnurr/SkyClaw-Team1/ros2_ws/install/px4_msgs/include/px4_msgs/px4_msgs/msg/detail/internal_combustion_engine_status__struct.hpp\n'}
[2.257388] (px4_msgs) StdoutLine: {'line': b'-- Up-to-date: /home/rschnurr/SkyClaw-Team1/ros2_ws/install/px4_msgs/include/px4_msgs/px4_msgs/msg/detail/camera_trigger__struct.hpp\n'}
[2.257665] (px4_msgs) StdoutLine: {'line': b'-- Up-to-date: /home/rschnurr/SkyClaw-Team1/ros2_ws/install/px4_msgs/include/px4_msgs/px4_msgs/msg/detail/yaw_estimator_status__builder.hpp\n'}
[2.257905] (px4_msgs) StdoutLine: {'line': b'-- Up-to-date: /home/rschnurr/SkyClaw-Team1/ros2_ws/install/px4_msgs/include/px4_msgs/px4_msgs/msg/detail/manual_control_setpoint__struct.hpp\n'}
[2.258362] (px4_msgs) StdoutLine: {'line': b'-- Up-to-date: /home/rschnurr/SkyClaw-Team1/ros2_ws/install/px4_msgs/include/px4_msgs/px4_msgs/msg/detail/longitudinal_control_configuration__type_support.hpp\n'}
[2.258635] (px4_msgs) StdoutLine: {'line': b'-- Up-to-date: /home/rschnurr/SkyClaw-Team1/ros2_ws/install/px4_msgs/include/px4_msgs/px4_msgs/msg/detail/radio_status__traits.hpp\n'}
[2.258988] (px4_msgs) StdoutLine: {'line': b'-- Up-to-date: /home/rschnurr/SkyClaw-Team1/ros2_ws/install/px4_msgs/include/px4_msgs/px4_msgs/msg/detail/lateral_control_configuration__builder.hpp\n'}
[2.259404] (px4_msgs) StdoutLine: {'line': b'-- Up-to-date: /home/rschnurr/SkyClaw-Team1/ros2_ws/install/px4_msgs/include/px4_msgs/px4_msgs/msg/detail/magnetometer_bias_estimate__traits.hpp\n'}
[2.259883] (px4_msgs) StdoutLine: {'line': b'-- Up-to-date: /home/rschnurr/SkyClaw-Team1/ros2_ws/install/px4_msgs/include/px4_msgs/px4_msgs/msg/detail/sensor_mag__traits.hpp\n'}
[2.259973] (px4_msgs) StdoutLine: {'line': b'-- Up-to-date: /home/rschnurr/SkyClaw-Team1/ros2_ws/install/px4_msgs/include/px4_msgs/px4_msgs/msg/detail/gimbal_device_information__type_support.hpp\n'}
[2.260023] (px4_msgs) StdoutLine: {'line': b'-- Up-to-date: /home/rschnurr/SkyClaw-Team1/ros2_ws/install/px4_msgs/include/px4_msgs/px4_msgs/msg/detail/input_rc__struct.hpp\n'}
[2.260181] (px4_msgs) StdoutLine: {'line': b'-- Up-to-date: /home/rschnurr/SkyClaw-Team1/ros2_ws/install/px4_msgs/include/px4_msgs/px4_msgs/msg/detail/longitudinal_control_configuration__builder.hpp\n'}
[2.260257] (px4_msgs) StdoutLine: {'line': b'-- Up-to-date: /home/rschnurr/SkyClaw-Team1/ros2_ws/install/px4_msgs/include/px4_msgs/px4_msgs/msg/detail/orb_test_large__builder.hpp\n'}
[2.260425] (px4_msgs) StdoutLine: {'line': b'-- Up-to-date: /home/rschnurr/SkyClaw-Team1/ros2_ws/install/px4_msgs/include/px4_msgs/px4_msgs/msg/detail/sensor_correction__builder.hpp\n'}
[2.260748] (px4_msgs) StdoutLine: {'line': b'-- Up-to-date: /home/rschnurr/SkyClaw-Team1/ros2_ws/install/px4_msgs/include/px4_msgs/px4_msgs/msg/detail/dronecan_node_status__traits.hpp\n'}
[2.261022] (px4_msgs) StdoutLine: {'line': b'-- Up-to-date: /home/rschnurr/SkyClaw-Team1/ros2_ws/install/px4_msgs/include/px4_msgs/px4_msgs/msg/detail/landing_gear_wheel__struct.hpp\n'}
[2.261173] (px4_msgs) StdoutLine: {'line': b'-- Up-to-date: /home/rschnurr/SkyClaw-Team1/ros2_ws/install/px4_msgs/include/px4_msgs/px4_msgs/msg/detail/actuator_servos_trim__traits.hpp\n'}
[2.261651] (px4_msgs) StdoutLine: {'line': b'-- Up-to-date: /home/rschnurr/SkyClaw-Team1/ros2_ws/install/px4_msgs/include/px4_msgs/px4_msgs/msg/detail/orb_test_medium__builder.hpp\n'}
[2.262136] (px4_msgs) StdoutLine: {'line': b'-- Up-to-date: /home/rschnurr/SkyClaw-Team1/ros2_ws/install/px4_msgs/include/px4_msgs/px4_msgs/msg/detail/sensor_accel__builder.hpp\n'}
[2.262368] (px4_msgs) StdoutLine: {'line': b'-- Up-to-date: /home/rschnurr/SkyClaw-Team1/ros2_ws/install/px4_msgs/include/px4_msgs/px4_msgs/msg/detail/goto_setpoint__type_support.hpp\n'}
[2.262533] (px4_msgs) StdoutLine: {'line': b'-- Up-to-date: /home/rschnurr/SkyClaw-Team1/ros2_ws/install/px4_msgs/include/px4_msgs/px4_msgs/msg/detail/hover_thrust_estimate__struct.hpp\n'}
[2.262891] (px4_msgs) StdoutLine: {'line': b'-- Up-to-date: /home/rschnurr/SkyClaw-Team1/ros2_ws/install/px4_msgs/include/px4_msgs/px4_msgs/msg/detail/estimator_bias__struct.hpp\n'}
[2.263344] (px4_msgs) StdoutLine: {'line': b'-- Up-to-date: /home/rschnurr/SkyClaw-Team1/ros2_ws/install/px4_msgs/include/px4_msgs/px4_msgs/msg/detail/failsafe_flags__struct.hpp\n'}
[2.263487] (px4_msgs) StdoutLine: {'line': b'-- Up-to-date: /home/rschnurr/SkyClaw-Team1/ros2_ws/install/px4_msgs/include/px4_msgs/px4_msgs/msg/detail/mavlink_tunnel__type_support.hpp\n'}
[2.263723] (px4_msgs) StdoutLine: {'line': b'-- Up-to-date: /home/rschnurr/SkyClaw-Team1/ros2_ws/install/px4_msgs/include/px4_msgs/px4_msgs/msg/detail/sensor_baro__traits.hpp\n'}
[2.263820] (px4_msgs) StdoutLine: {'line': b'-- Up-to-date: /home/rschnurr/SkyClaw-Team1/ros2_ws/install/px4_msgs/include/px4_msgs/px4_msgs/msg/detail/geofence_status__builder.hpp\n'}
[2.264029] (px4_msgs) StdoutLine: {'line': b'-- Up-to-date: /home/rschnurr/SkyClaw-Team1/ros2_ws/install/px4_msgs/include/px4_msgs/px4_msgs/msg/detail/message_format_response__builder.hpp\n'}
[2.264480] (px4_msgs) StdoutLine: {'line': b'-- Up-to-date: /home/rschnurr/SkyClaw-Team1/ros2_ws/install/px4_msgs/include/px4_msgs/px4_msgs/msg/detail/mission__builder.hpp\n'}
[2.264857] (px4_msgs) StdoutLine: {'line': b'-- Up-to-date: /home/rschnurr/SkyClaw-Team1/ros2_ws/install/px4_msgs/include/px4_msgs/px4_msgs/msg/detail/estimator_sensor_bias__builder.hpp\n'}
[2.265184] (px4_msgs) StdoutLine: {'line': b'-- Up-to-date: /home/rschnurr/SkyClaw-Team1/ros2_ws/install/px4_msgs/include/px4_msgs/px4_msgs/msg/detail/power_monitor__type_support.hpp\n'}
[2.265530] (px4_msgs) StdoutLine: {'line': b'-- Up-to-date: /home/rschnurr/SkyClaw-Team1/ros2_ws/install/px4_msgs/include/px4_msgs/px4_msgs/msg/detail/vehicle_command_ack__builder.hpp\n'}
[2.265848] (px4_msgs) StdoutLine: {'line': b'-- Up-to-date: /home/rschnurr/SkyClaw-Team1/ros2_ws/install/px4_msgs/include/px4_msgs/px4_msgs/msg/detail/estimator_innovations__traits.hpp\n'}
[2.266578] (px4_msgs) StdoutLine: {'line': b'-- Up-to-date: /home/rschnurr/SkyClaw-Team1/ros2_ws/install/px4_msgs/include/px4_msgs/px4_msgs/msg/detail/estimator_aid_source3d__struct.hpp\n'}
[2.266754] (px4_msgs) StdoutLine: {'line': b'-- Up-to-date: /home/rschnurr/SkyClaw-Team1/ros2_ws/install/px4_msgs/include/px4_msgs/px4_msgs/msg/detail/sensor_gyro_fifo__struct.hpp\n'}
[2.267049] (px4_msgs) StdoutLine: {'line': b'-- Up-to-date: /home/rschnurr/SkyClaw-Team1/ros2_ws/install/px4_msgs/include/px4_msgs/px4_msgs/msg/detail/ekf2_timestamps__type_support.hpp\n'}
[2.267268] (px4_msgs) StdoutLine: {'line': b'-- Up-to-date: /home/rschnurr/SkyClaw-Team1/ros2_ws/install/px4_msgs/include/px4_msgs/px4_msgs/msg/detail/control_allocator_status__builder.hpp\n'}
[2.267660] (px4_msgs) StdoutLine: {'line': b'-- Up-to-date: /home/rschnurr/SkyClaw-Team1/ros2_ws/install/px4_msgs/include/px4_msgs/px4_msgs/msg/detail/gimbal_controls__type_support.hpp\n'}
[2.268040] (px4_msgs) StdoutLine: {'line': b'-- Up-to-date: /home/rschnurr/SkyClaw-Team1/ros2_ws/install/px4_msgs/include/px4_msgs/px4_msgs/msg/detail/arming_check_request__builder.hpp\n'}
[2.268524] (px4_msgs) StdoutLine: {'line': b'-- Up-to-date: /home/rschnurr/SkyClaw-Team1/ros2_ws/install/px4_msgs/include/px4_msgs/px4_msgs/msg/detail/vehicle_local_position__builder.hpp\n'}
[2.268603] (px4_msgs) StdoutLine: {'line': b'-- Up-to-date: /home/rschnurr/SkyClaw-Team1/ros2_ws/install/px4_msgs/include/px4_msgs/px4_msgs/msg/detail/gpio_config__builder.hpp\n'}
[2.268648] (px4_msgs) StdoutLine: {'line': b'-- Up-to-date: /home/rschnurr/SkyClaw-Team1/ros2_ws/install/px4_msgs/include/px4_msgs/px4_msgs/msg/detail/rover_steering_setpoint__struct.hpp\n'}
[2.268831] (px4_msgs) StdoutLine: {'line': b'-- Up-to-date: /home/rschnurr/SkyClaw-Team1/ros2_ws/install/px4_msgs/include/px4_msgs/px4_msgs/msg/detail/log_message__builder.hpp\n'}
[2.269053] (px4_msgs) StdoutLine: {'line': b'-- Up-to-date: /home/rschnurr/SkyClaw-Team1/ros2_ws/install/px4_msgs/include/px4_msgs/px4_msgs/msg/detail/health_report__struct.hpp\n'}
[2.269289] (px4_msgs) StdoutLine: {'line': b'-- Up-to-date: /home/rschnurr/SkyClaw-Team1/ros2_ws/install/px4_msgs/include/px4_msgs/px4_msgs/msg/detail/actuator_armed__builder.hpp\n'}
[2.269496] (px4_msgs) StdoutLine: {'line': b'-- Up-to-date: /home/rschnurr/SkyClaw-Team1/ros2_ws/install/px4_msgs/include/px4_msgs/px4_msgs/msg/detail/orb_test_large__struct.hpp\n'}
[2.269719] (px4_msgs) StdoutLine: {'line': b'-- Up-to-date: /home/rschnurr/SkyClaw-Team1/ros2_ws/install/px4_msgs/include/px4_msgs/px4_msgs/msg/detail/goto_setpoint__traits.hpp\n'}
[2.269940] (px4_msgs) StdoutLine: {'line': b'-- Up-to-date: /home/rschnurr/SkyClaw-Team1/ros2_ws/install/px4_msgs/include/px4_msgs/px4_msgs/msg/detail/actuator_servos_trim__type_support.hpp\n'}
[2.270250] (px4_msgs) StdoutLine: {'line': b'-- Up-to-date: /home/rschnurr/SkyClaw-Team1/ros2_ws/install/px4_msgs/include/px4_msgs/px4_msgs/msg/detail/vehicle_imu_status__type_support.hpp\n'}
[2.270502] (px4_msgs) StdoutLine: {'line': b'-- Up-to-date: /home/rschnurr/SkyClaw-Team1/ros2_ws/install/px4_msgs/include/px4_msgs/px4_msgs/msg/detail/sensor_preflight_mag__traits.hpp\n'}
[2.270842] (px4_msgs) StdoutLine: {'line': b'-- Up-to-date: /home/rschnurr/SkyClaw-Team1/ros2_ws/install/px4_msgs/include/px4_msgs/px4_msgs/msg/detail/sensor_gps__builder.hpp\n'}
[2.270938] (px4_msgs) StdoutLine: {'line': b'-- Up-to-date: /home/rschnurr/SkyClaw-Team1/ros2_ws/install/px4_msgs/include/px4_msgs/px4_msgs/msg/detail/vehicle_magnetometer__builder.hpp\n'}
[2.270984] (px4_msgs) StdoutLine: {'line': b'-- Up-to-date: /home/rschnurr/SkyClaw-Team1/ros2_ws/install/px4_msgs/include/px4_msgs/px4_msgs/msg/detail/vehicle_acceleration__struct.hpp\n'}
[2.271016] (px4_msgs) StdoutLine: {'line': b'-- Up-to-date: /home/rschnurr/SkyClaw-Team1/ros2_ws/install/px4_msgs/include/px4_msgs/px4_msgs/msg/detail/wind__struct.hpp\n'}
[2.271243] (px4_msgs) StdoutLine: {'line': b'-- Up-to-date: /home/rschnurr/SkyClaw-Team1/ros2_ws/install/px4_msgs/include/px4_msgs/px4_msgs/msg/detail/rover_attitude_setpoint__struct.hpp\n'}
[2.271345] (px4_msgs) StdoutLine: {'line': b'-- Up-to-date: /home/rschnurr/SkyClaw-Team1/ros2_ws/install/px4_msgs/include/px4_msgs/px4_msgs/msg/detail/rover_rate_status__struct.hpp\n'}
[2.271503] (px4_msgs) StdoutLine: {'line': b'-- Up-to-date: /home/rschnurr/SkyClaw-Team1/ros2_ws/install/px4_msgs/include/px4_msgs/px4_msgs/msg/detail/sensor_gnss_relative__builder.hpp\n'}
[2.271604] (px4_msgs) StdoutLine: {'line': b'-- Up-to-date: /home/rschnurr/SkyClaw-Team1/ros2_ws/install/px4_msgs/include/px4_msgs/px4_msgs/msg/detail/sensor_preflight_mag__struct.hpp\n'}
[2.271829] (px4_msgs) StdoutLine: {'line': b'-- Up-to-date: /home/rschnurr/SkyClaw-Team1/ros2_ws/install/px4_msgs/include/px4_msgs/px4_msgs/msg/detail/esc_status__struct.hpp\n'}
[2.272075] (px4_msgs) StdoutLine: {'line': b'-- Up-to-date: /home/rschnurr/SkyClaw-Team1/ros2_ws/install/px4_msgs/include/px4_msgs/px4_msgs/msg/detail/gimbal_manager_information__builder.hpp\n'}
[2.272278] (px4_msgs) StdoutLine: {'line': b'-- Up-to-date: /home/rschnurr/SkyClaw-Team1/ros2_ws/install/px4_msgs/include/px4_msgs/px4_msgs/msg/detail/camera_capture__builder.hpp\n'}
[2.272727] (px4_msgs) StdoutLine: {'line': b'-- Up-to-date: /home/rschnurr/SkyClaw-Team1/ros2_ws/install/px4_msgs/include/px4_msgs/px4_msgs/msg/detail/uavcan_parameter_value__traits.hpp\n'}
[2.272990] (px4_msgs) StdoutLine: {'line': b'-- Up-to-date: /home/rschnurr/SkyClaw-Team1/ros2_ws/install/px4_msgs/include/px4_msgs/px4_msgs/msg/detail/trajectory_setpoint6dof__type_support.hpp\n'}
[2.273247] (px4_msgs) StdoutLine: {'line': b'-- Up-to-date: /home/rschnurr/SkyClaw-Team1/ros2_ws/install/px4_msgs/include/px4_msgs/px4_msgs/msg/detail/battery_info__builder.hpp\n'}
[2.273603] (px4_msgs) StdoutLine: {'line': b'-- Up-to-date: /home/rschnurr/SkyClaw-Team1/ros2_ws/install/px4_msgs/include/px4_msgs/px4_msgs/msg/detail/rpm__traits.hpp\n'}
[2.274013] (px4_msgs) StdoutLine: {'line': b'-- Up-to-date: /home/rschnurr/SkyClaw-Team1/ros2_ws/install/px4_msgs/include/px4_msgs/px4_msgs/msg/detail/gripper__builder.hpp\n'}
[2.274466] (px4_msgs) StdoutLine: {'line': b'-- Up-to-date: /home/rschnurr/SkyClaw-Team1/ros2_ws/install/px4_msgs/include/px4_msgs/px4_msgs/msg/detail/sensors_status__traits.hpp\n'}
[2.274857] (px4_msgs) StdoutLine: {'line': b'-- Up-to-date: /home/rschnurr/SkyClaw-Team1/ros2_ws/install/px4_msgs/include/px4_msgs/px4_msgs/msg/detail/sensor_selection__traits.hpp\n'}
[2.275026] (px4_msgs) StdoutLine: {'line': b'-- Up-to-date: /home/rschnurr/SkyClaw-Team1/ros2_ws/install/px4_msgs/include/px4_msgs/px4_msgs/msg/detail/vehicle_angular_velocity__builder.hpp\n'}
[2.275298] (px4_msgs) StdoutLine: {'line': b'-- Up-to-date: /home/rschnurr/SkyClaw-Team1/ros2_ws/install/px4_msgs/include/px4_msgs/px4_msgs/msg/detail/config_overrides__type_support.hpp\n'}
[2.275552] (px4_msgs) StdoutLine: {'line': b'-- Up-to-date: /home/rschnurr/SkyClaw-Team1/ros2_ws/install/px4_msgs/include/px4_msgs/px4_msgs/msg/detail/parameter_set_used_request__type_support.hpp\n'}
[2.275819] (px4_msgs) StdoutLine: {'line': b'-- Up-to-date: /home/rschnurr/SkyClaw-Team1/ros2_ws/install/px4_msgs/include/px4_msgs/px4_msgs/msg/detail/orbit_status__type_support.hpp\n'}
[2.276076] (px4_msgs) StdoutLine: {'line': b'-- Up-to-date: /home/rschnurr/SkyClaw-Team1/ros2_ws/install/px4_msgs/include/px4_msgs/px4_msgs/msg/detail/sensor_uwb__builder.hpp\n'}
[2.276150] (px4_msgs) StdoutLine: {'line': b'-- Up-to-date: /home/rschnurr/SkyClaw-Team1/ros2_ws/install/px4_msgs/include/px4_msgs/px4_msgs/msg/detail/sensor_hygrometer__struct.hpp\n'}
[2.276268] (px4_msgs) StdoutLine: {'line': b'-- Up-to-date: /home/rschnurr/SkyClaw-Team1/ros2_ws/install/px4_msgs/include/px4_msgs/px4_msgs/msg/detail/iridiumsbd_status__type_support.hpp\n'}
[2.276444] (px4_msgs) StdoutLine: {'line': b'-- Up-to-date: /home/rschnurr/SkyClaw-Team1/ros2_ws/install/px4_msgs/include/px4_msgs/px4_msgs/msg/detail/vehicle_control_mode__type_support.hpp\n'}
[2.276703] (px4_msgs) StdoutLine: {'line': b'-- Up-to-date: /home/rschnurr/SkyClaw-Team1/ros2_ws/install/px4_msgs/include/px4_msgs/px4_msgs/msg/detail/action_request__builder.hpp\n'}
[2.277021] (px4_msgs) StdoutLine: {'line': b'-- Up-to-date: /home/rschnurr/SkyClaw-Team1/ros2_ws/install/px4_msgs/include/px4_msgs/px4_msgs/msg/detail/satellite_info__traits.hpp\n'}
[2.277176] (px4_msgs) StdoutLine: {'line': b'-- Up-to-date: /home/rschnurr/SkyClaw-Team1/ros2_ws/install/px4_msgs/include/px4_msgs/px4_msgs/msg/detail/vehicle_constraints__builder.hpp\n'}
[2.277669] (px4_msgs) StdoutLine: {'line': b'-- Up-to-date: /home/rschnurr/SkyClaw-Team1/ros2_ws/install/px4_msgs/include/px4_msgs/px4_msgs/msg/detail/estimator_bias__traits.hpp\n'}
[2.277838] (px4_msgs) StdoutLine: {'line': b'-- Up-to-date: /home/rschnurr/SkyClaw-Team1/ros2_ws/install/px4_msgs/include/px4_msgs/px4_msgs/msg/detail/vehicle_optical_flow__struct.hpp\n'}
[2.278566] (px4_msgs) StdoutLine: {'line': b'-- Up-to-date: /home/rschnurr/SkyClaw-Team1/ros2_ws/install/px4_msgs/include/px4_msgs/px4_msgs/msg/detail/gpio_config__type_support.hpp\n'}
[2.279363] (px4_msgs) StdoutLine: {'line': b'-- Up-to-date: /home/rschnurr/SkyClaw-Team1/ros2_ws/install/px4_msgs/include/px4_msgs/px4_msgs/msg/detail/vehicle_land_detected__struct.hpp\n'}
[2.279490] (px4_msgs) StdoutLine: {'line': b'-- Up-to-date: /home/rschnurr/SkyClaw-Team1/ros2_ws/install/px4_msgs/include/px4_msgs/px4_msgs/msg/detail/actuator_controls_status__builder.hpp\n'}
[2.279820] (px4_msgs) StdoutLine: {'line': b'-- Up-to-date: /home/rschnurr/SkyClaw-Team1/ros2_ws/install/px4_msgs/include/px4_msgs/px4_msgs/msg/detail/rtl_status__type_support.hpp\n'}
[2.280097] (px4_msgs) StdoutLine: {'line': b'-- Up-to-date: /home/rschnurr/SkyClaw-Team1/ros2_ws/install/px4_msgs/include/px4_msgs/px4_msgs/msg/detail/mount_orientation__type_support.hpp\n'}
[2.280541] (px4_msgs) StdoutLine: {'line': b'-- Up-to-date: /home/rschnurr/SkyClaw-Team1/ros2_ws/install/px4_msgs/include/px4_msgs/px4_msgs/msg/detail/follow_target_estimator__type_support.hpp\n'}
[2.280846] (px4_msgs) StdoutLine: {'line': b'-- Up-to-date: /home/rschnurr/SkyClaw-Team1/ros2_ws/install/px4_msgs/include/px4_msgs/px4_msgs/msg/detail/vehicle_torque_setpoint__struct.hpp\n'}
[2.281153] (px4_msgs) StdoutLine: {'line': b'-- Up-to-date: /home/rschnurr/SkyClaw-Team1/ros2_ws/install/px4_msgs/include/px4_msgs/px4_msgs/msg/detail/rover_throttle_setpoint__type_support.hpp\n'}
[2.281735] (px4_msgs) StdoutLine: {'line': b'-- Up-to-date: /home/rschnurr/SkyClaw-Team1/ros2_ws/install/px4_msgs/include/px4_msgs/px4_msgs/msg/detail/distance_sensor__traits.hpp\n'}
[2.282057] (px4_msgs) StdoutLine: {'line': b'-- Up-to-date: /home/rschnurr/SkyClaw-Team1/ros2_ws/install/px4_msgs/include/px4_msgs/px4_msgs/msg/detail/wind__builder.hpp\n'}
[2.282557] (px4_msgs) StdoutLine: {'line': b'-- Up-to-date: /home/rschnurr/SkyClaw-Team1/ros2_ws/install/px4_msgs/include/px4_msgs/px4_msgs/msg/detail/camera_status__traits.hpp\n'}
[2.282899] (px4_msgs) StdoutLine: {'line': b'-- Up-to-date: /home/rschnurr/SkyClaw-Team1/ros2_ws/install/px4_msgs/include/px4_msgs/px4_msgs/msg/detail/unregister_ext_component__struct.hpp\n'}
[2.283482] (px4_msgs) StdoutLine: {'line': b'-- Up-to-date: /home/rschnurr/SkyClaw-Team1/ros2_ws/install/px4_msgs/include/px4_msgs/px4_msgs/msg/detail/position_setpoint__type_support.hpp\n'}
[2.284201] (px4_msgs) StdoutLine: {'line': b'-- Up-to-date: /home/rschnurr/SkyClaw-Team1/ros2_ws/install/px4_msgs/include/px4_msgs/px4_msgs/msg/detail/parameter_update__struct.hpp\n'}
[2.284309] (px4_msgs) StdoutLine: {'line': b'-- Up-to-date: /home/rschnurr/SkyClaw-Team1/ros2_ws/install/px4_msgs/include/px4_msgs/px4_msgs/msg/detail/position_setpoint_triplet__traits.hpp\n'}
[2.284530] (px4_msgs) StdoutLine: {'line': b'-- Up-to-date: /home/rschnurr/SkyClaw-Team1/ros2_ws/install/px4_msgs/include/px4_msgs/px4_msgs/msg/detail/actuator_armed__struct.hpp\n'}
[2.284975] (px4_msgs) StdoutLine: {'line': b'-- Up-to-date: /home/rschnurr/SkyClaw-Team1/ros2_ws/install/px4_msgs/include/px4_msgs/px4_msgs/msg/detail/rover_position_setpoint__type_support.hpp\n'}
[2.285134] (px4_msgs) StdoutLine: {'line': b'-- Up-to-date: /home/rschnurr/SkyClaw-Team1/ros2_ws/install/px4_msgs/include/px4_msgs/px4_msgs/msg/detail/pwm_input__type_support.hpp\n'}
[2.285276] (px4_msgs) StdoutLine: {'line': b'-- Up-to-date: /home/rschnurr/SkyClaw-Team1/ros2_ws/install/px4_msgs/include/px4_msgs/px4_msgs/msg/detail/power_monitor__traits.hpp\n'}
[2.285418] (px4_msgs) StdoutLine: {'line': b'-- Up-to-date: /home/rschnurr/SkyClaw-Team1/ros2_ws/install/px4_msgs/include/px4_msgs/px4_msgs/msg/detail/log_message__traits.hpp\n'}
[2.285577] (px4_msgs) StdoutLine: {'line': b'-- Up-to-date: /home/rschnurr/SkyClaw-Team1/ros2_ws/install/px4_msgs/include/px4_msgs/px4_msgs/msg/detail/fixed_wing_runway_control__struct.hpp\n'}
[2.285732] (px4_msgs) StdoutLine: {'line': b'-- Up-to-date: /home/rschnurr/SkyClaw-Team1/ros2_ws/install/px4_msgs/include/px4_msgs/px4_msgs/msg/detail/input_rc__type_support.hpp\n'}
[2.285947] (px4_msgs) StdoutLine: {'line': b'-- Up-to-date: /home/rschnurr/SkyClaw-Team1/ros2_ws/install/px4_msgs/include/px4_msgs/px4_msgs/msg/detail/landing_gear__type_support.hpp\n'}
[2.286141] (px4_msgs) StdoutLine: {'line': b'-- Up-to-date: /home/rschnurr/SkyClaw-Team1/ros2_ws/install/px4_msgs/include/px4_msgs/px4_msgs/msg/detail/pps_capture__builder.hpp\n'}
[2.286255] (px4_msgs) StdoutLine: {'line': b'-- Up-to-date: /home/rschnurr/SkyClaw-Team1/ros2_ws/install/px4_msgs/include/px4_msgs/px4_msgs/msg/detail/ulog_stream_ack__struct.hpp\n'}
[2.286554] (px4_msgs) StdoutLine: {'line': b'-- Up-to-date: /home/rschnurr/SkyClaw-Team1/ros2_ws/install/px4_msgs/include/px4_msgs/px4_msgs/msg/detail/gpio_request__traits.hpp\n'}
[2.286829] (px4_msgs) StdoutLine: {'line': b'-- Up-to-date: /home/rschnurr/SkyClaw-Team1/ros2_ws/install/px4_msgs/include/px4_msgs/px4_msgs/msg/detail/health_report__builder.hpp\n'}
[2.286929] (px4_msgs) StdoutLine: {'line': b'-- Up-to-date: /home/rschnurr/SkyClaw-Team1/ros2_ws/install/px4_msgs/include/px4_msgs/px4_msgs/msg/detail/sensor_mag__builder.hpp\n'}
[2.287089] (px4_msgs) StdoutLine: {'line': b'-- Up-to-date: /home/rschnurr/SkyClaw-Team1/ros2_ws/install/px4_msgs/include/px4_msgs/px4_msgs/msg/detail/trajectory_setpoint6dof__builder.hpp\n'}
[2.287390] (px4_msgs) StdoutLine: {'line': b'-- Up-to-date: /home/rschnurr/SkyClaw-Team1/ros2_ws/install/px4_msgs/include/px4_msgs/px4_msgs/msg/detail/timesync_status__traits.hpp\n'}
[2.287442] (px4_msgs) StdoutLine: {'line': b'-- Up-to-date: /home/rschnurr/SkyClaw-Team1/ros2_ws/install/px4_msgs/include/px4_msgs/px4_msgs/msg/detail/cellular_status__struct.hpp\n'}
[2.287509] (px4_msgs) StdoutLine: {'line': b'-- Up-to-date: /home/rschnurr/SkyClaw-Team1/ros2_ws/install/px4_msgs/include/px4_msgs/px4_msgs/msg/detail/cpuload__traits.hpp\n'}
[2.287579] (px4_msgs) StdoutLine: {'line': b'-- Up-to-date: /home/rschnurr/SkyClaw-Team1/ros2_ws/install/px4_msgs/include/px4_msgs/px4_msgs/msg/detail/takeoff_status__traits.hpp\n'}
[2.287663] (px4_msgs) StdoutLine: {'line': b'-- Up-to-date: /home/rschnurr/SkyClaw-Team1/ros2_ws/install/px4_msgs/include/px4_msgs/px4_msgs/msg/detail/magnetometer_bias_estimate__builder.hpp\n'}
[2.287894] (px4_msgs) StdoutLine: {'line': b'-- Up-to-date: /home/rschnurr/SkyClaw-Team1/ros2_ws/install/px4_msgs/include/px4_msgs/px4_msgs/msg/detail/gimbal_device_set_attitude__builder.hpp\n'}
[2.287993] (px4_msgs) StdoutLine: {'line': b'-- Up-to-date: /home/rschnurr/SkyClaw-Team1/ros2_ws/install/px4_msgs/include/px4_msgs/px4_msgs/msg/detail/vehicle_roi__builder.hpp\n'}
[2.288062] (px4_msgs) StdoutLine: {'line': b'-- Up-to-date: /home/rschnurr/SkyClaw-Team1/ros2_ws/install/px4_msgs/include/px4_msgs/px4_msgs/msg/detail/parameter_reset_request__struct.hpp\n'}
[2.288604] (px4_msgs) StdoutLine: {'line': b'-- Up-to-date: /home/rschnurr/SkyClaw-Team1/ros2_ws/install/px4_msgs/include/px4_msgs/px4_msgs/msg/detail/rover_position_setpoint__traits.hpp\n'}
[2.288769] (px4_msgs) StdoutLine: {'line': b'-- Up-to-date: /home/rschnurr/SkyClaw-Team1/ros2_ws/install/px4_msgs/include/px4_msgs/px4_msgs/msg/detail/airspeed_wind__type_support.hpp\n'}
[2.288986] (px4_msgs) StdoutLine: {'line': b'-- Up-to-date: /home/rschnurr/SkyClaw-Team1/ros2_ws/install/px4_msgs/include/px4_msgs/px4_msgs/msg/detail/dataman_response__type_support.hpp\n'}
[2.289347] (px4_msgs) StdoutLine: {'line': b'-- Up-to-date: /home/rschnurr/SkyClaw-Team1/ros2_ws/install/px4_msgs/include/px4_msgs/px4_msgs/msg/detail/event__builder.hpp\n'}
[2.289532] (px4_msgs) StdoutLine: {'line': b'-- Up-to-date: /home/rschnurr/SkyClaw-Team1/ros2_ws/install/px4_msgs/include/px4_msgs/px4_msgs/msg/detail/logger_status__struct.hpp\n'}
[2.289824] (px4_msgs) StdoutLine: {'line': b'-- Up-to-date: /home/rschnurr/SkyClaw-Team1/ros2_ws/install/px4_msgs/include/px4_msgs/px4_msgs/msg/detail/camera_trigger__type_support.hpp\n'}
[2.290228] (px4_msgs) StdoutLine: {'line': b'-- Up-to-date: /home/rschnurr/SkyClaw-Team1/ros2_ws/install/px4_msgs/include/px4_msgs/px4_msgs/msg/detail/mission_result__builder.hpp\n'}
[2.290400] (px4_msgs) StdoutLine: {'line': b'-- Up-to-date: /home/rschnurr/SkyClaw-Team1/ros2_ws/install/px4_msgs/include/px4_msgs/px4_msgs/msg/detail/differential_pressure__traits.hpp\n'}
[2.290497] (px4_msgs) StdoutLine: {'line': b'-- Up-to-date: /home/rschnurr/SkyClaw-Team1/ros2_ws/install/px4_msgs/include/px4_msgs/px4_msgs/msg/detail/dronecan_node_status__struct.hpp\n'}
[2.290548] (px4_msgs) StdoutLine: {'line': b'-- Up-to-date: /home/rschnurr/SkyClaw-Team1/ros2_ws/install/px4_msgs/include/px4_msgs/px4_msgs/msg/detail/gimbal_manager_set_manual_control__type_support.hpp\n'}
[2.290598] (px4_msgs) StdoutLine: {'line': b'-- Up-to-date: /home/rschnurr/SkyClaw-Team1/ros2_ws/install/px4_msgs/include/px4_msgs/px4_msgs/msg/detail/esc_status__type_support.hpp\n'}
[2.290688] (px4_msgs) StdoutLine: {'line': b'-- Up-to-date: /home/rschnurr/SkyClaw-Team1/ros2_ws/install/px4_msgs/include/px4_msgs/px4_msgs/msg/detail/navigator_mission_item__traits.hpp\n'}
[2.290754] (px4_msgs) StdoutLine: {'line': b'-- Up-to-date: /home/rschnurr/SkyClaw-Team1/ros2_ws/install/px4_msgs/include/px4_msgs/px4_msgs/msg/detail/navigator_mission_item__struct.hpp\n'}
[2.290875] (px4_msgs) StdoutLine: {'line': b'-- Up-to-date: /home/rschnurr/SkyClaw-Team1/ros2_ws/install/px4_msgs/include/px4_msgs/px4_msgs/msg/detail/arming_check_reply__struct.hpp\n'}
[2.290945] (px4_msgs) StdoutLine: {'line': b'-- Up-to-date: /home/rschnurr/SkyClaw-Team1/ros2_ws/install/px4_msgs/include/px4_msgs/px4_msgs/msg/detail/yaw_estimator_status__traits.hpp\n'}
[2.291000] (px4_msgs) StdoutLine: {'line': b'-- Up-to-date: /home/rschnurr/SkyClaw-Team1/ros2_ws/install/px4_msgs/include/px4_msgs/px4_msgs/msg/detail/gps_dump__traits.hpp\n'}
[2.291049] (px4_msgs) StdoutLine: {'line': b'-- Up-to-date: /home/rschnurr/SkyClaw-Team1/ros2_ws/install/px4_msgs/include/px4_msgs/px4_msgs/msg/detail/register_ext_component_request__builder.hpp\n'}
[2.291100] (px4_msgs) StdoutLine: {'line': b'-- Up-to-date: /home/rschnurr/SkyClaw-Team1/ros2_ws/install/px4_msgs/include/px4_msgs/px4_msgs/msg/detail/lateral_control_configuration__struct.hpp\n'}
[2.291146] (px4_msgs) StdoutLine: {'line': b'-- Up-to-date: /home/rschnurr/SkyClaw-Team1/ros2_ws/install/px4_msgs/include/px4_msgs/px4_msgs/msg/detail/vehicle_imu_status__builder.hpp\n'}
[2.291204] (px4_msgs) StdoutLine: {'line': b'-- Up-to-date: /home/rschnurr/SkyClaw-Team1/ros2_ws/install/px4_msgs/include/px4_msgs/px4_msgs/msg/detail/satellite_info__type_support.hpp\n'}
[2.291251] (px4_msgs) StdoutLine: {'line': b'-- Up-to-date: /home/rschnurr/SkyClaw-Team1/ros2_ws/install/px4_msgs/include/px4_msgs/px4_msgs/msg/detail/gps_inject_data__struct.hpp\n'}
[2.291296] (px4_msgs) StdoutLine: {'line': b'-- Up-to-date: /home/rschnurr/SkyClaw-Team1/ros2_ws/install/px4_msgs/include/px4_msgs/px4_msgs/msg/detail/open_drone_id_operator_id__struct.hpp\n'}
[2.291385] (px4_msgs) StdoutLine: {'line': b'-- Up-to-date: /home/rschnurr/SkyClaw-Team1/ros2_ws/install/px4_msgs/include/px4_msgs/px4_msgs/msg/detail/follow_target__traits.hpp\n'}
[2.291467] (px4_msgs) StdoutLine: {'line': b'-- Up-to-date: /home/rschnurr/SkyClaw-Team1/ros2_ws/install/px4_msgs/include/px4_msgs/px4_msgs/msg/detail/battery_status__traits.hpp\n'}
[2.291560] (px4_msgs) StdoutLine: {'line': b'-- Up-to-date: /home/rschnurr/SkyClaw-Team1/ros2_ws/install/px4_msgs/include/px4_msgs/px4_msgs/msg/detail/figure_eight_status__struct.hpp\n'}
[2.291616] (px4_msgs) StdoutLine: {'line': b'-- Up-to-date: /home/rschnurr/SkyClaw-Team1/ros2_ws/install/px4_msgs/include/px4_msgs/px4_msgs/msg/detail/satellite_info__builder.hpp\n'}
[2.291662] (px4_msgs) StdoutLine: {'line': b'-- Up-to-date: /home/rschnurr/SkyClaw-Team1/ros2_ws/install/px4_msgs/include/px4_msgs/px4_msgs/msg/detail/qshell_retval__type_support.hpp\n'}
[2.291707] (px4_msgs) StdoutLine: {'line': b'-- Up-to-date: /home/rschnurr/SkyClaw-Team1/ros2_ws/install/px4_msgs/include/px4_msgs/px4_msgs/msg/detail/camera_capture__struct.hpp\n'}
[2.291750] (px4_msgs) StdoutLine: {'line': b'-- Up-to-date: /home/rschnurr/SkyClaw-Team1/ros2_ws/install/px4_msgs/include/px4_msgs/px4_msgs/msg/detail/estimator_event_flags__type_support.hpp\n'}
[2.291928] (px4_msgs) StdoutLine: {'line': b'-- Up-to-date: /home/rschnurr/SkyClaw-Team1/ros2_ws/install/px4_msgs/include/px4_msgs/px4_msgs/msg/detail/fixed_wing_longitudinal_setpoint__builder.hpp\n'}
[2.291983] (px4_msgs) StdoutLine: {'line': b'-- Up-to-date: /home/rschnurr/SkyClaw-Team1/ros2_ws/install/px4_msgs/include/px4_msgs/px4_msgs/msg/detail/register_ext_component_request__struct.hpp\n'}
[2.292037] (px4_msgs) StdoutLine: {'line': b'-- Up-to-date: /home/rschnurr/SkyClaw-Team1/ros2_ws/install/px4_msgs/include/px4_msgs/px4_msgs/msg/detail/debug_array__struct.hpp\n'}
[2.292080] (px4_msgs) StdoutLine: {'line': b'-- Up-to-date: /home/rschnurr/SkyClaw-Team1/ros2_ws/install/px4_msgs/include/px4_msgs/px4_msgs/msg/detail/landing_gear__builder.hpp\n'}
[2.292118] (px4_msgs) StdoutLine: {'line': b'-- Up-to-date: /home/rschnurr/SkyClaw-Team1/ros2_ws/install/px4_msgs/include/px4_msgs/px4_msgs/msg/detail/vehicle_attitude_setpoint__struct.hpp\n'}
[2.292150] (px4_msgs) StdoutLine: {'line': b'-- Up-to-date: /home/rschnurr/SkyClaw-Team1/ros2_ws/install/px4_msgs/include/px4_msgs/px4_msgs/msg/detail/gimbal_device_information__traits.hpp\n'}
[2.292180] (px4_msgs) StdoutLine: {'line': b'-- Up-to-date: /home/rschnurr/SkyClaw-Team1/ros2_ws/install/px4_msgs/include/px4_msgs/px4_msgs/msg/detail/open_drone_id_system__type_support.hpp\n'}
[2.292212] (px4_msgs) StdoutLine: {'line': b'-- Up-to-date: /home/rschnurr/SkyClaw-Team1/ros2_ws/install/px4_msgs/include/px4_msgs/px4_msgs/msg/detail/estimator_status__struct.hpp\n'}
[2.292243] (px4_msgs) StdoutLine: {'line': b'-- Up-to-date: /home/rschnurr/SkyClaw-Team1/ros2_ws/install/px4_msgs/include/px4_msgs/px4_msgs/msg/detail/estimator_sensor_bias__struct.hpp\n'}
[2.292274] (px4_msgs) StdoutLine: {'line': b'-- Up-to-date: /home/rschnurr/SkyClaw-Team1/ros2_ws/install/px4_msgs/include/px4_msgs/px4_msgs/msg/detail/airspeed_validated__traits.hpp\n'}
[2.292304] (px4_msgs) StdoutLine: {'line': b'-- Up-to-date: /home/rschnurr/SkyClaw-Team1/ros2_ws/install/px4_msgs/include/px4_msgs/px4_msgs/msg/detail/velocity_limits__builder.hpp\n'}
[2.292334] (px4_msgs) StdoutLine: {'line': b'-- Up-to-date: /home/rschnurr/SkyClaw-Team1/ros2_ws/install/px4_msgs/include/px4_msgs/px4_msgs/msg/detail/debug_array__type_support.hpp\n'}
[2.292366] (px4_msgs) StdoutLine: {'line': b'-- Up-to-date: /home/rschnurr/SkyClaw-Team1/ros2_ws/install/px4_msgs/include/px4_msgs/px4_msgs/msg/detail/trajectory_setpoint6dof__struct.hpp\n'}
[2.292396] (px4_msgs) StdoutLine: {'line': b'-- Up-to-date: /home/rschnurr/SkyClaw-Team1/ros2_ws/install/px4_msgs/include/px4_msgs/px4_msgs/msg/detail/heater_status__traits.hpp\n'}
[2.292424] (px4_msgs) StdoutLine: {'line': b'-- Up-to-date: /home/rschnurr/SkyClaw-Team1/ros2_ws/install/px4_msgs/include/px4_msgs/px4_msgs/msg/detail/vehicle_local_position_setpoint__type_support.hpp\n'}
[2.292454] (px4_msgs) StdoutLine: {'line': b'-- Up-to-date: /home/rschnurr/SkyClaw-Team1/ros2_ws/install/px4_msgs/include/px4_msgs/px4_msgs/msg/detail/open_drone_id_self_id__type_support.hpp\n'}
[2.292514] (px4_msgs) StdoutLine: {'line': b'-- Up-to-date: /home/rschnurr/SkyClaw-Team1/ros2_ws/install/px4_msgs/include/px4_msgs/px4_msgs/msg/detail/rtl_time_estimate__traits.hpp\n'}
[2.292587] (px4_msgs) StdoutLine: {'line': b'-- Up-to-date: /home/rschnurr/SkyClaw-Team1/ros2_ws/install/px4_msgs/include/px4_msgs/px4_msgs/msg/detail/actuator_servos__builder.hpp\n'}
[2.292627] (px4_msgs) StdoutLine: {'line': b'-- Up-to-date: /home/rschnurr/SkyClaw-Team1/ros2_ws/install/px4_msgs/include/px4_msgs/px4_msgs/msg/detail/estimator_selector_status__traits.hpp\n'}
[2.292662] (px4_msgs) StdoutLine: {'line': b'-- Up-to-date: /home/rschnurr/SkyClaw-Team1/ros2_ws/install/px4_msgs/include/px4_msgs/px4_msgs/msg/detail/transponder_report__type_support.hpp\n'}
[2.292697] (px4_msgs) StdoutLine: {'line': b'-- Up-to-date: /home/rschnurr/SkyClaw-Team1/ros2_ws/install/px4_msgs/include/px4_msgs/px4_msgs/msg/detail/vehicle_local_position__traits.hpp\n'}
[2.292728] (px4_msgs) StdoutLine: {'line': b'-- Up-to-date: /home/rschnurr/SkyClaw-Team1/ros2_ws/install/px4_msgs/include/px4_msgs/px4_msgs/msg/detail/manual_control_setpoint__builder.hpp\n'}
[2.292758] (px4_msgs) StdoutLine: {'line': b'-- Up-to-date: /home/rschnurr/SkyClaw-Team1/ros2_ws/install/px4_msgs/include/px4_msgs/px4_msgs/msg/detail/estimator_aid_source1d__traits.hpp\n'}
[2.292787] (px4_msgs) StdoutLine: {'line': b'-- Up-to-date: /home/rschnurr/SkyClaw-Team1/ros2_ws/install/px4_msgs/include/px4_msgs/px4_msgs/msg/detail/parameter_reset_request__builder.hpp\n'}
[2.292818] (px4_msgs) StdoutLine: {'line': b'-- Up-to-date: /home/rschnurr/SkyClaw-Team1/ros2_ws/install/px4_msgs/include/px4_msgs/px4_msgs/msg/detail/cellular_status__traits.hpp\n'}
[2.292877] (px4_msgs) StdoutLine: {'line': b'-- Up-to-date: /home/rschnurr/SkyClaw-Team1/ros2_ws/install/px4_msgs/include/px4_msgs/px4_msgs/msg/detail/open_drone_id_system__struct.hpp\n'}
[2.292927] (px4_msgs) StdoutLine: {'line': b'-- Up-to-date: /home/rschnurr/SkyClaw-Team1/ros2_ws/install/px4_msgs/include/px4_msgs/px4_msgs/msg/detail/vehicle_magnetometer__traits.hpp\n'}
[2.292962] (px4_msgs) StdoutLine: {'line': b'-- Up-to-date: /home/rschnurr/SkyClaw-Team1/ros2_ws/install/px4_msgs/include/px4_msgs/px4_msgs/msg/detail/vehicle_acceleration__traits.hpp\n'}
[2.292993] (px4_msgs) StdoutLine: {'line': b'-- Up-to-date: /home/rschnurr/SkyClaw-Team1/ros2_ws/install/px4_msgs/include/px4_msgs/px4_msgs/msg/detail/sensor_airflow__struct.hpp\n'}
[2.293030] (px4_msgs) StdoutLine: {'line': b'-- Up-to-date: /home/rschnurr/SkyClaw-Team1/ros2_ws/install/px4_msgs/include/px4_msgs/px4_msgs/msg/detail/tiltrotor_extra_controls__type_support.hpp\n'}
[2.293060] (px4_msgs) StdoutLine: {'line': b'-- Up-to-date: /home/rschnurr/SkyClaw-Team1/ros2_ws/install/px4_msgs/include/px4_msgs/px4_msgs/msg/detail/fixed_wing_longitudinal_setpoint__struct.hpp\n'}
[2.293089] (px4_msgs) StdoutLine: {'line': b'-- Up-to-date: /home/rschnurr/SkyClaw-Team1/ros2_ws/install/px4_msgs/include/px4_msgs/px4_msgs/msg/detail/tecs_status__struct.hpp\n'}
[2.293119] (px4_msgs) StdoutLine: {'line': b'-- Up-to-date: /home/rschnurr/SkyClaw-Team1/ros2_ws/install/px4_msgs/include/px4_msgs/px4_msgs/msg/detail/sensor_preflight_mag__builder.hpp\n'}
[2.293155] (px4_msgs) StdoutLine: {'line': b'-- Up-to-date: /home/rschnurr/SkyClaw-Team1/ros2_ws/install/px4_msgs/include/px4_msgs/px4_msgs/msg/detail/position_setpoint__struct.hpp\n'}
[2.293183] (px4_msgs) StdoutLine: {'line': b'-- Up-to-date: /home/rschnurr/SkyClaw-Team1/ros2_ws/install/px4_msgs/include/px4_msgs/px4_msgs/msg/detail/failsafe_flags__type_support.hpp\n'}
[2.293212] (px4_msgs) StdoutLine: {'line': b'-- Up-to-date: /home/rschnurr/SkyClaw-Team1/ros2_ws/install/px4_msgs/include/px4_msgs/px4_msgs/msg/detail/home_position__builder.hpp\n'}
[2.293242] (px4_msgs) StdoutLine: {'line': b'-- Up-to-date: /home/rschnurr/SkyClaw-Team1/ros2_ws/install/px4_msgs/include/px4_msgs/px4_msgs/msg/detail/fixed_wing_lateral_setpoint__traits.hpp\n'}
[2.293271] (px4_msgs) StdoutLine: {'line': b'-- Up-to-date: /home/rschnurr/SkyClaw-Team1/ros2_ws/install/px4_msgs/include/px4_msgs/px4_msgs/msg/detail/open_drone_id_self_id__builder.hpp\n'}
[2.293300] (px4_msgs) StdoutLine: {'line': b'-- Up-to-date: /home/rschnurr/SkyClaw-Team1/ros2_ws/install/px4_msgs/include/px4_msgs/px4_msgs/msg/detail/navigator_status__type_support.hpp\n'}
[2.293329] (px4_msgs) StdoutLine: {'line': b'-- Up-to-date: /home/rschnurr/SkyClaw-Team1/ros2_ws/install/px4_msgs/include/px4_msgs/px4_msgs/msg/detail/transponder_report__struct.hpp\n'}
[2.293357] (px4_msgs) StdoutLine: {'line': b'-- Up-to-date: /home/rschnurr/SkyClaw-Team1/ros2_ws/install/px4_msgs/include/px4_msgs/px4_msgs/msg/detail/parameter_set_value_request__traits.hpp\n'}
[2.293386] (px4_msgs) StdoutLine: {'line': b'-- Up-to-date: /home/rschnurr/SkyClaw-Team1/ros2_ws/install/px4_msgs/include/px4_msgs/px4_msgs/msg/detail/estimator_aid_source3d__builder.hpp\n'}
[2.293414] (px4_msgs) StdoutLine: {'line': b'-- Up-to-date: /home/rschnurr/SkyClaw-Team1/ros2_ws/install/px4_msgs/include/px4_msgs/px4_msgs/msg/detail/flight_phase_estimation__type_support.hpp\n'}
[2.293443] (px4_msgs) StdoutLine: {'line': b'-- Up-to-date: /home/rschnurr/SkyClaw-Team1/ros2_ws/install/px4_msgs/include/px4_msgs/px4_msgs/msg/detail/hover_thrust_estimate__traits.hpp\n'}
[2.293573] (px4_msgs) StdoutLine: {'line': b'-- Up-to-date: /home/rschnurr/SkyClaw-Team1/ros2_ws/install/px4_msgs/include/px4_msgs/px4_msgs/msg/detail/vehicle_roi__type_support.hpp\n'}
[2.293726] (px4_msgs) StdoutLine: {'line': b'-- Up-to-date: /home/rschnurr/SkyClaw-Team1/ros2_ws/install/px4_msgs/include/px4_msgs/px4_msgs/msg/detail/gpio_in__struct.hpp\n'}
[2.294179] (px4_msgs) StdoutLine: {'line': b'-- Up-to-date: /home/rschnurr/SkyClaw-Team1/ros2_ws/install/px4_msgs/include/px4_msgs/px4_msgs/msg/detail/trajectory_setpoint6dof__traits.hpp\n'}
[2.294275] (px4_msgs) StdoutLine: {'line': b'-- Up-to-date: /home/rschnurr/SkyClaw-Team1/ros2_ws/install/px4_msgs/include/px4_msgs/px4_msgs/msg/detail/fixed_wing_runway_control__traits.hpp\n'}
[2.294351] (px4_msgs) StdoutLine: {'line': b'-- Up-to-date: /home/rschnurr/SkyClaw-Team1/ros2_ws/install/px4_msgs/include/px4_msgs/px4_msgs/msg/detail/transponder_report__builder.hpp\n'}
[2.294460] (px4_msgs) StdoutLine: {'line': b'-- Up-to-date: /home/rschnurr/SkyClaw-Team1/ros2_ws/install/px4_msgs/include/px4_msgs/px4_msgs/msg/detail/vehicle_attitude__struct.hpp\n'}
[2.294514] (px4_msgs) StdoutLine: {'line': b'-- Up-to-date: /home/rschnurr/SkyClaw-Team1/ros2_ws/install/px4_msgs/include/px4_msgs/px4_msgs/msg/detail/sensor_gps__type_support.hpp\n'}
[2.294554] (px4_msgs) StdoutLine: {'line': b'-- Up-to-date: /home/rschnurr/SkyClaw-Team1/ros2_ws/install/px4_msgs/include/px4_msgs/px4_msgs/msg/detail/landing_target_innovations__struct.hpp\n'}
[2.294592] (px4_msgs) StdoutLine: {'line': b'-- Up-to-date: /home/rschnurr/SkyClaw-Team1/ros2_ws/install/px4_msgs/include/px4_msgs/px4_msgs/msg/detail/airspeed_validated__type_support.hpp\n'}
[2.294626] (px4_msgs) StdoutLine: {'line': b'-- Up-to-date: /home/rschnurr/SkyClaw-Team1/ros2_ws/install/px4_msgs/include/px4_msgs/px4_msgs/msg/detail/manual_control_switches__builder.hpp\n'}
[2.294854] (px4_msgs) StdoutLine: {'line': b'-- Up-to-date: /home/rschnurr/SkyClaw-Team1/ros2_ws/install/px4_msgs/include/px4_msgs/px4_msgs/msg/detail/sensors_status__builder.hpp\n'}
[2.294993] (px4_msgs) StdoutLine: {'line': b'-- Up-to-date: /home/rschnurr/SkyClaw-Team1/ros2_ws/install/px4_msgs/include/px4_msgs/px4_msgs/msg/detail/actuator_armed__traits.hpp\n'}
[2.295200] (px4_msgs) StdoutLine: {'line': b'-- Up-to-date: /home/rschnurr/SkyClaw-Team1/ros2_ws/install/px4_msgs/include/px4_msgs/px4_msgs/msg/detail/debug_value__struct.hpp\n'}
[2.295664] (px4_msgs) StdoutLine: {'line': b'-- Up-to-date: /home/rschnurr/SkyClaw-Team1/ros2_ws/install/px4_msgs/include/px4_msgs/px4_msgs/msg/detail/vehicle_odometry__builder.hpp\n'}
[2.295757] (px4_msgs) StdoutLine: {'line': b'-- Up-to-date: /home/rschnurr/SkyClaw-Team1/ros2_ws/install/px4_msgs/include/px4_msgs/px4_msgs/msg/detail/rover_rate_setpoint__struct.hpp\n'}
[2.295806] (px4_msgs) StdoutLine: {'line': b'-- Up-to-date: /home/rschnurr/SkyClaw-Team1/ros2_ws/install/px4_msgs/include/px4_msgs/px4_msgs/msg/detail/gps_dump__struct.hpp\n'}
[2.295843] (px4_msgs) StdoutLine: {'line': b'-- Up-to-date: /home/rschnurr/SkyClaw-Team1/ros2_ws/install/px4_msgs/include/px4_msgs/px4_msgs/msg/detail/health_report__traits.hpp\n'}
[2.295878] (px4_msgs) StdoutLine: {'line': b'-- Up-to-date: /home/rschnurr/SkyClaw-Team1/ros2_ws/install/px4_msgs/include/px4_msgs/px4_msgs/msg/detail/vehicle_imu__type_support.hpp\n'}
[2.295923] (px4_msgs) StdoutLine: {'line': b'-- Up-to-date: /home/rschnurr/SkyClaw-Team1/ros2_ws/install/px4_msgs/include/px4_msgs/px4_msgs/msg/detail/gimbal_device_attitude_status__struct.hpp\n'}
[2.295957] (px4_msgs) StdoutLine: {'line': b'-- Up-to-date: /home/rschnurr/SkyClaw-Team1/ros2_ws/install/px4_msgs/include/px4_msgs/px4_msgs/msg/detail/heater_status__struct.hpp\n'}
[2.295990] (px4_msgs) StdoutLine: {'line': b'-- Up-to-date: /home/rschnurr/SkyClaw-Team1/ros2_ws/install/px4_msgs/include/px4_msgs/px4_msgs/msg/detail/estimator_aid_source3d__traits.hpp\n'}
[2.296022] (px4_msgs) StdoutLine: {'line': b'-- Up-to-date: /home/rschnurr/SkyClaw-Team1/ros2_ws/install/px4_msgs/include/px4_msgs/px4_msgs/msg/detail/rate_ctrl_status__builder.hpp\n'}
[2.296053] (px4_msgs) StdoutLine: {'line': b'-- Up-to-date: /home/rschnurr/SkyClaw-Team1/ros2_ws/install/px4_msgs/include/px4_msgs/px4_msgs/msg/detail/actuator_servos__traits.hpp\n'}
[2.296083] (px4_msgs) StdoutLine: {'line': b'-- Up-to-date: /home/rschnurr/SkyClaw-Team1/ros2_ws/install/px4_msgs/include/px4_msgs/px4_msgs/msg/detail/px4io_status__builder.hpp\n'}
[2.296119] (px4_msgs) StdoutLine: {'line': b'-- Up-to-date: /home/rschnurr/SkyClaw-Team1/ros2_ws/install/px4_msgs/include/px4_msgs/px4_msgs/msg/detail/actuator_servos_trim__builder.hpp\n'}
[2.296152] (px4_msgs) StdoutLine: {'line': b'-- Up-to-date: /home/rschnurr/SkyClaw-Team1/ros2_ws/install/px4_msgs/include/px4_msgs/px4_msgs/msg/detail/tune_control__struct.hpp\n'}
[2.296183] (px4_msgs) StdoutLine: {'line': b'-- Up-to-date: /home/rschnurr/SkyClaw-Team1/ros2_ws/install/px4_msgs/include/px4_msgs/px4_msgs/msg/detail/sensor_gyro__struct.hpp\n'}
[2.296212] (px4_msgs) StdoutLine: {'line': b'-- Up-to-date: /home/rschnurr/SkyClaw-Team1/ros2_ws/install/px4_msgs/include/px4_msgs/px4_msgs/msg/detail/rtl_status__builder.hpp\n'}
[2.296243] (px4_msgs) StdoutLine: {'line': b'-- Up-to-date: /home/rschnurr/SkyClaw-Team1/ros2_ws/install/px4_msgs/include/px4_msgs/px4_msgs/msg/detail/sensors_status_imu__traits.hpp\n'}
[2.296272] (px4_msgs) StdoutLine: {'line': b'-- Up-to-date: /home/rschnurr/SkyClaw-Team1/ros2_ws/install/px4_msgs/include/px4_msgs/px4_msgs/msg/detail/sensor_gyro_fft__builder.hpp\n'}
[2.296301] (px4_msgs) StdoutLine: {'line': b'-- Up-to-date: /home/rschnurr/SkyClaw-Team1/ros2_ws/install/px4_msgs/include/px4_msgs/px4_msgs/msg/detail/sensor_gyro__type_support.hpp\n'}
[2.296330] (px4_msgs) StdoutLine: {'line': b'-- Up-to-date: /home/rschnurr/SkyClaw-Team1/ros2_ws/install/px4_msgs/include/px4_msgs/px4_msgs/msg/detail/follow_target_status__builder.hpp\n'}
[2.296360] (px4_msgs) StdoutLine: {'line': b'-- Up-to-date: /home/rschnurr/SkyClaw-Team1/ros2_ws/install/px4_msgs/include/px4_msgs/px4_msgs/msg/detail/actuator_motors__builder.hpp\n'}
[2.296392] (px4_msgs) StdoutLine: {'line': b'-- Up-to-date: /home/rschnurr/SkyClaw-Team1/ros2_ws/install/px4_msgs/include/px4_msgs/px4_msgs/msg/detail/unregister_ext_component__type_support.hpp\n'}
[2.296422] (px4_msgs) StdoutLine: {'line': b'-- Up-to-date: /home/rschnurr/SkyClaw-Team1/ros2_ws/install/px4_msgs/include/px4_msgs/px4_msgs/msg/detail/estimator_selector_status__type_support.hpp\n'}
[2.296452] (px4_msgs) StdoutLine: {'line': b'-- Up-to-date: /home/rschnurr/SkyClaw-Team1/ros2_ws/install/px4_msgs/include/px4_msgs/px4_msgs/msg/detail/can_interface_status__builder.hpp\n'}
[2.296481] (px4_msgs) StdoutLine: {'line': b'-- Up-to-date: /home/rschnurr/SkyClaw-Team1/ros2_ws/install/px4_msgs/include/px4_msgs/px4_msgs/msg/detail/ping__type_support.hpp\n'}
[2.296512] (px4_msgs) StdoutLine: {'line': b'-- Up-to-date: /home/rschnurr/SkyClaw-Team1/ros2_ws/install/px4_msgs/include/px4_msgs/px4_msgs/msg/detail/power_monitor__builder.hpp\n'}
[2.296554] (px4_msgs) StdoutLine: {'line': b'-- Up-to-date: /home/rschnurr/SkyClaw-Team1/ros2_ws/install/px4_msgs/include/px4_msgs/px4_msgs/msg/detail/pure_pursuit_status__type_support.hpp\n'}
[2.296587] (px4_msgs) StdoutLine: {'line': b'-- Up-to-date: /home/rschnurr/SkyClaw-Team1/ros2_ws/install/px4_msgs/include/px4_msgs/px4_msgs/msg/detail/mavlink_log__struct.hpp\n'}
[2.296739] (px4_msgs) StdoutLine: {'line': b'-- Up-to-date: /home/rschnurr/SkyClaw-Team1/ros2_ws/install/px4_msgs/include/px4_msgs/px4_msgs/msg/detail/gps_inject_data__traits.hpp\n'}
[2.296801] (px4_msgs) StdoutLine: {'line': b'-- Up-to-date: /home/rschnurr/SkyClaw-Team1/ros2_ws/install/px4_msgs/include/px4_msgs/px4_msgs/msg/detail/failure_detector_status__builder.hpp\n'}
[2.296850] (px4_msgs) StdoutLine: {'line': b'-- Up-to-date: /home/rschnurr/SkyClaw-Team1/ros2_ws/install/px4_msgs/include/px4_msgs/px4_msgs/msg/detail/sensor_uwb__traits.hpp\n'}
[2.296876] (px4_msgs) StdoutLine: {'line': b'-- Up-to-date: /home/rschnurr/SkyClaw-Team1/ros2_ws/install/px4_msgs/include/px4_msgs/px4_msgs/msg/detail/vehicle_local_position__struct.hpp\n'}
[2.296899] (px4_msgs) StdoutLine: {'line': b'-- Up-to-date: /home/rschnurr/SkyClaw-Team1/ros2_ws/install/px4_msgs/include/px4_msgs/px4_msgs/msg/detail/ekf2_timestamps__builder.hpp\n'}
[2.296921] (px4_msgs) StdoutLine: {'line': b'-- Up-to-date: /home/rschnurr/SkyClaw-Team1/ros2_ws/install/px4_msgs/include/px4_msgs/px4_msgs/msg/detail/vehicle_roi__traits.hpp\n'}
[2.296944] (px4_msgs) StdoutLine: {'line': b'-- Up-to-date: /home/rschnurr/SkyClaw-Team1/ros2_ws/install/px4_msgs/include/px4_msgs/px4_msgs/msg/detail/sensor_selection__struct.hpp\n'}
[2.296974] (px4_msgs) StdoutLine: {'line': b'-- Up-to-date: /home/rschnurr/SkyClaw-Team1/ros2_ws/install/px4_msgs/include/px4_msgs/px4_msgs/msg/detail/can_interface_status__type_support.hpp\n'}
[2.297015] (px4_msgs) StdoutLine: {'line': b'-- Up-to-date: /home/rschnurr/SkyClaw-Team1/ros2_ws/install/px4_msgs/include/px4_msgs/px4_msgs/msg/detail/normalized_unsigned_setpoint__struct.hpp\n'}
[2.297038] (px4_msgs) StdoutLine: {'line': b'-- Up-to-date: /home/rschnurr/SkyClaw-Team1/ros2_ws/install/px4_msgs/include/px4_msgs/px4_msgs/msg/detail/parameter_set_value_response__builder.hpp\n'}
[2.297061] (px4_msgs) StdoutLine: {'line': b'-- Up-to-date: /home/rschnurr/SkyClaw-Team1/ros2_ws/install/px4_msgs/include/px4_msgs/px4_msgs/msg/detail/action_request__struct.hpp\n'}
[2.297082] (px4_msgs) StdoutLine: {'line': b'-- Up-to-date: /home/rschnurr/SkyClaw-Team1/ros2_ws/install/px4_msgs/include/px4_msgs/px4_msgs/msg/detail/iridiumsbd_status__traits.hpp\n'}
[2.297105] (px4_msgs) StdoutLine: {'line': b'-- Up-to-date: /home/rschnurr/SkyClaw-Team1/ros2_ws/install/px4_msgs/include/px4_msgs/px4_msgs/msg/detail/generator_status__traits.hpp\n'}
[2.297127] (px4_msgs) StdoutLine: {'line': b'-- Up-to-date: /home/rschnurr/SkyClaw-Team1/ros2_ws/install/px4_msgs/include/px4_msgs/px4_msgs/msg/detail/dataman_response__struct.hpp\n'}
[2.297148] (px4_msgs) StdoutLine: {'line': b'-- Up-to-date: /home/rschnurr/SkyClaw-Team1/ros2_ws/install/px4_msgs/include/px4_msgs/px4_msgs/msg/detail/px4io_status__traits.hpp\n'}
[2.297171] (px4_msgs) StdoutLine: {'line': b'-- Up-to-date: /home/rschnurr/SkyClaw-Team1/ros2_ws/install/px4_msgs/include/px4_msgs/px4_msgs/msg/detail/dataman_request__traits.hpp\n'}
[2.297195] (px4_msgs) StdoutLine: {'line': b'-- Up-to-date: /home/rschnurr/SkyClaw-Team1/ros2_ws/install/px4_msgs/include/px4_msgs/px4_msgs/msg/detail/follow_target_estimator__traits.hpp\n'}
[2.297217] (px4_msgs) StdoutLine: {'line': b'-- Up-to-date: /home/rschnurr/SkyClaw-Team1/ros2_ws/install/px4_msgs/include/px4_msgs/px4_msgs/msg/detail/vehicle_magnetometer__struct.hpp\n'}
[2.297238] (px4_msgs) StdoutLine: {'line': b'-- Up-to-date: /home/rschnurr/SkyClaw-Team1/ros2_ws/install/px4_msgs/include/px4_msgs/px4_msgs/msg/detail/rover_throttle_setpoint__struct.hpp\n'}
[2.297259] (px4_msgs) StdoutLine: {'line': b'-- Up-to-date: /home/rschnurr/SkyClaw-Team1/ros2_ws/install/px4_msgs/include/px4_msgs/px4_msgs/msg/detail/rc_parameter_map__traits.hpp\n'}
[2.297280] (px4_msgs) StdoutLine: {'line': b'-- Up-to-date: /home/rschnurr/SkyClaw-Team1/ros2_ws/install/px4_msgs/include/px4_msgs/px4_msgs/msg/detail/actuator_motors__type_support.hpp\n'}
[2.297302] (px4_msgs) StdoutLine: {'line': b'-- Up-to-date: /home/rschnurr/SkyClaw-Team1/ros2_ws/install/px4_msgs/include/px4_msgs/px4_msgs/msg/detail/velocity_limits__traits.hpp\n'}
[2.297324] (px4_msgs) StdoutLine: {'line': b'-- Up-to-date: /home/rschnurr/SkyClaw-Team1/ros2_ws/install/px4_msgs/include/px4_msgs/px4_msgs/msg/detail/fixed_wing_lateral_guidance_status__traits.hpp\n'}
[2.297346] (px4_msgs) StdoutLine: {'line': b'-- Up-to-date: /home/rschnurr/SkyClaw-Team1/ros2_ws/install/px4_msgs/include/px4_msgs/px4_msgs/msg/detail/sensor_accel__type_support.hpp\n'}
[2.297527] (px4_msgs) StdoutLine: {'line': b'-- Up-to-date: /home/rschnurr/SkyClaw-Team1/ros2_ws/install/px4_msgs/include/px4_msgs/px4_msgs/msg/detail/longitudinal_control_configuration__traits.hpp\n'}
[2.297591] (px4_msgs) StdoutLine: {'line': b'-- Up-to-date: /home/rschnurr/SkyClaw-Team1/ros2_ws/install/px4_msgs/include/px4_msgs/px4_msgs/msg/detail/vtol_vehicle_status__builder.hpp\n'}
[2.297632] (px4_msgs) StdoutLine: {'line': b'-- Up-to-date: /home/rschnurr/SkyClaw-Team1/ros2_ws/install/px4_msgs/include/px4_msgs/px4_msgs/msg/detail/rate_ctrl_status__traits.hpp\n'}
[2.297666] (px4_msgs) StdoutLine: {'line': b'-- Up-to-date: /home/rschnurr/SkyClaw-Team1/ros2_ws/install/px4_msgs/include/px4_msgs/px4_msgs/msg/detail/position_controller_status__struct.hpp\n'}
[2.297700] (px4_msgs) StdoutLine: {'line': b'-- Up-to-date: /home/rschnurr/SkyClaw-Team1/ros2_ws/install/px4_msgs/include/px4_msgs/px4_msgs/msg/detail/vehicle_angular_acceleration_setpoint__type_support.hpp\n'}
[2.297747] (px4_msgs) StdoutLine: {'line': b'-- Up-to-date: /home/rschnurr/SkyClaw-Team1/ros2_ws/install/px4_msgs/include/px4_msgs/px4_msgs/msg/detail/estimator_bias__type_support.hpp\n'}
[2.297819] (px4_msgs) StdoutLine: {'line': b'-- Up-to-date: /home/rschnurr/SkyClaw-Team1/ros2_ws/install/px4_msgs/include/px4_msgs/px4_msgs/msg/detail/sensor_hygrometer__traits.hpp\n'}
[2.297863] (px4_msgs) StdoutLine: {'line': b'-- Up-to-date: /home/rschnurr/SkyClaw-Team1/ros2_ws/install/px4_msgs/include/px4_msgs/px4_msgs/msg/detail/rover_speed_status__struct.hpp\n'}
[2.297901] (px4_msgs) StdoutLine: {'line': b'-- Up-to-date: /home/rschnurr/SkyClaw-Team1/ros2_ws/install/px4_msgs/include/px4_msgs/px4_msgs/msg/detail/vehicle_air_data__struct.hpp\n'}
[2.297934] (px4_msgs) StdoutLine: {'line': b'-- Up-to-date: /home/rschnurr/SkyClaw-Team1/ros2_ws/install/px4_msgs/include/px4_msgs/px4_msgs/msg/detail/debug_array__builder.hpp\n'}
[2.298033] (px4_msgs) StdoutLine: {'line': b'-- Up-to-date: /home/rschnurr/SkyClaw-Team1/ros2_ws/install/px4_msgs/include/px4_msgs/px4_msgs/msg/detail/vehicle_attitude_setpoint__builder.hpp\n'}
[2.298088] (px4_msgs) StdoutLine: {'line': b'-- Up-to-date: /home/rschnurr/SkyClaw-Team1/ros2_ws/install/px4_msgs/include/px4_msgs/px4_msgs/msg/detail/neural_control__traits.hpp\n'}
[2.298125] (px4_msgs) StdoutLine: {'line': b'-- Up-to-date: /home/rschnurr/SkyClaw-Team1/ros2_ws/install/px4_msgs/include/px4_msgs/px4_msgs/msg/detail/qshell_retval__traits.hpp\n'}
[2.298162] (px4_msgs) StdoutLine: {'line': b'-- Up-to-date: /home/rschnurr/SkyClaw-Team1/ros2_ws/install/px4_msgs/include/px4_msgs/px4_msgs/msg/detail/irlock_report__type_support.hpp\n'}
[2.298200] (px4_msgs) StdoutLine: {'line': b'-- Up-to-date: /home/rschnurr/SkyClaw-Team1/ros2_ws/install/px4_msgs/include/px4_msgs/px4_msgs/msg/detail/airspeed__type_support.hpp\n'}
[2.298231] (px4_msgs) StdoutLine: {'line': b'-- Up-to-date: /home/rschnurr/SkyClaw-Team1/ros2_ws/install/px4_msgs/include/px4_msgs/px4_msgs/msg/detail/vehicle_roi__struct.hpp\n'}
[2.298287] (px4_msgs) StdoutLine: {'line': b'-- Up-to-date: /home/rschnurr/SkyClaw-Team1/ros2_ws/install/px4_msgs/include/px4_msgs/px4_msgs/msg/detail/sensor_gnss_status__struct.hpp\n'}
[2.298340] (px4_msgs) StdoutLine: {'line': b'-- Up-to-date: /home/rschnurr/SkyClaw-Team1/ros2_ws/install/px4_msgs/include/px4_msgs/px4_msgs/msg/detail/mavlink_tunnel__struct.hpp\n'}
[2.298375] (px4_msgs) StdoutLine: {'line': b'-- Up-to-date: /home/rschnurr/SkyClaw-Team1/ros2_ws/install/px4_msgs/include/px4_msgs/px4_msgs/msg/detail/figure_eight_status__type_support.hpp\n'}
[2.298406] (px4_msgs) StdoutLine: {'line': b'-- Up-to-date: /home/rschnurr/SkyClaw-Team1/ros2_ws/install/px4_msgs/include/px4_msgs/px4_msgs/msg/detail/event__struct.hpp\n'}
[2.298437] (px4_msgs) StdoutLine: {'line': b'-- Up-to-date: /home/rschnurr/SkyClaw-Team1/ros2_ws/install/px4_msgs/include/px4_msgs/px4_msgs/msg/detail/system_power__struct.hpp\n'}
[2.298466] (px4_msgs) StdoutLine: {'line': b'-- Up-to-date: /home/rschnurr/SkyClaw-Team1/ros2_ws/install/px4_msgs/include/px4_msgs/px4_msgs/msg/detail/open_drone_id_arm_status__traits.hpp\n'}
[2.298495] (px4_msgs) StdoutLine: {'line': b'-- Up-to-date: /home/rschnurr/SkyClaw-Team1/ros2_ws/install/px4_msgs/include/px4_msgs/px4_msgs/msg/detail/logger_status__type_support.hpp\n'}
[2.298523] (px4_msgs) StdoutLine: {'line': b'-- Up-to-date: /home/rschnurr/SkyClaw-Team1/ros2_ws/install/px4_msgs/include/px4_msgs/px4_msgs/msg/detail/vehicle_status__struct.hpp\n'}
[2.298747] (px4_msgs) StdoutLine: {'line': b'-- Up-to-date: /home/rschnurr/SkyClaw-Team1/ros2_ws/install/px4_msgs/include/px4_msgs/px4_msgs/msg/detail/orb_test__struct.hpp\n'}
[2.298808] (px4_msgs) StdoutLine: {'line': b'-- Up-to-date: /home/rschnurr/SkyClaw-Team1/ros2_ws/install/px4_msgs/include/px4_msgs/px4_msgs/msg/detail/distance_sensor_mode_change_request__traits.hpp\n'}
[2.298849] (px4_msgs) StdoutLine: {'line': b'-- Up-to-date: /home/rschnurr/SkyClaw-Team1/ros2_ws/install/px4_msgs/include/px4_msgs/px4_msgs/msg/detail/gpio_request__struct.hpp\n'}
[2.299051] (px4_msgs) StdoutLine: {'line': b'-- Up-to-date: /home/rschnurr/SkyClaw-Team1/ros2_ws/install/px4_msgs/include/px4_msgs/px4_msgs/msg/detail/actuator_outputs__struct.hpp\n'}
[2.299322] (px4_msgs) StdoutLine: {'line': b'-- Up-to-date: /home/rschnurr/SkyClaw-Team1/ros2_ws/install/px4_msgs/include/px4_msgs/px4_msgs/msg/detail/button_event__builder.hpp\n'}
[2.299582] (px4_msgs) StdoutLine: {'line': b'-- Up-to-date: /home/rschnurr/SkyClaw-Team1/ros2_ws/install/px4_msgs/include/px4_msgs/px4_msgs/msg/detail/ulog_stream__struct.hpp\n'}
[2.299891] (px4_msgs) StdoutLine: {'line': b'-- Up-to-date: /home/rschnurr/SkyClaw-Team1/ros2_ws/install/px4_msgs/include/px4_msgs/px4_msgs/msg/detail/mag_worker_data__type_support.hpp\n'}
[2.300084] (px4_msgs) StdoutLine: {'line': b'-- Up-to-date: /home/rschnurr/SkyClaw-Team1/ros2_ws/install/px4_msgs/include/px4_msgs/px4_msgs/msg/detail/gimbal_device_set_attitude__struct.hpp\n'}
[2.300473] (px4_msgs) StdoutLine: {'line': b'-- Up-to-date: /home/rschnurr/SkyClaw-Team1/ros2_ws/install/px4_msgs/include/px4_msgs/px4_msgs/msg/detail/orbit_status__struct.hpp\n'}
[2.300750] (px4_msgs) StdoutLine: {'line': b'-- Up-to-date: /home/rschnurr/SkyClaw-Team1/ros2_ws/install/px4_msgs/include/px4_msgs/px4_msgs/msg/detail/estimator_status_flags__traits.hpp\n'}
[2.301035] (px4_msgs) StdoutLine: {'line': b'-- Up-to-date: /home/rschnurr/SkyClaw-Team1/ros2_ws/install/px4_msgs/include/px4_msgs/px4_msgs/msg/detail/message_format_response__type_support.hpp\n'}
[2.301401] (px4_msgs) StdoutLine: {'line': b'-- Up-to-date: /home/rschnurr/SkyClaw-Team1/ros2_ws/install/px4_msgs/include/px4_msgs/px4_msgs/msg/detail/mode_completed__struct.hpp\n'}
[2.301873] (px4_msgs) StdoutLine: {'line': b'-- Up-to-date: /home/rschnurr/SkyClaw-Team1/ros2_ws/install/px4_msgs/include/px4_msgs/px4_msgs/msg/detail/vehicle_global_position__builder.hpp\n'}
[2.302137] (px4_msgs) StdoutLine: {'line': b'-- Up-to-date: /home/rschnurr/SkyClaw-Team1/ros2_ws/install/px4_msgs/include/px4_msgs/px4_msgs/msg/detail/control_allocator_status__traits.hpp\n'}
[2.302245] (px4_msgs) StdoutLine: {'line': b'-- Up-to-date: /home/rschnurr/SkyClaw-Team1/ros2_ws/install/px4_msgs/include/px4_msgs/px4_msgs/msg/detail/estimator_selector_status__struct.hpp\n'}
[2.302453] (px4_msgs) StdoutLine: {'line': b'-- Up-to-date: /home/rschnurr/SkyClaw-Team1/ros2_ws/install/px4_msgs/include/px4_msgs/px4_msgs/msg/detail/airspeed_wind__traits.hpp\n'}
[2.302926] (px4_msgs) StdoutLine: {'line': b'-- Up-to-date: /home/rschnurr/SkyClaw-Team1/ros2_ws/install/px4_msgs/include/px4_msgs/px4_msgs/msg/detail/task_stack_info__builder.hpp\n'}
[2.303155] (px4_msgs) StdoutLine: {'line': b'-- Up-to-date: /home/rschnurr/SkyClaw-Team1/ros2_ws/install/px4_msgs/include/px4_msgs/px4_msgs/msg/detail/actuator_motors__struct.hpp\n'}
[2.303445] (px4_msgs) StdoutLine: {'line': b'-- Up-to-date: /home/rschnurr/SkyClaw-Team1/ros2_ws/install/px4_msgs/include/px4_msgs/px4_msgs/msg/detail/tune_control__traits.hpp\n'}
[2.303716] (px4_msgs) StdoutLine: {'line': b'-- Up-to-date: /home/rschnurr/SkyClaw-Team1/ros2_ws/install/px4_msgs/include/px4_msgs/px4_msgs/msg/detail/message_format_response__struct.hpp\n'}
[2.304003] (px4_msgs) StdoutLine: {'line': b'-- Up-to-date: /home/rschnurr/SkyClaw-Team1/ros2_ws/install/px4_msgs/include/px4_msgs/px4_msgs/msg/detail/cpuload__struct.hpp\n'}
[2.304315] (px4_msgs) StdoutLine: {'line': b'-- Up-to-date: /home/rschnurr/SkyClaw-Team1/ros2_ws/install/px4_msgs/include/px4_msgs/px4_msgs/msg/detail/actuator_test__type_support.hpp\n'}
[2.304367] (px4_msgs) StdoutLine: {'line': b'-- Up-to-date: /home/rschnurr/SkyClaw-Team1/ros2_ws/install/px4_msgs/include/px4_msgs/px4_msgs/msg/detail/task_stack_info__struct.hpp\n'}
[2.304409] (px4_msgs) StdoutLine: {'line': b'-- Up-to-date: /home/rschnurr/SkyClaw-Team1/ros2_ws/install/px4_msgs/include/px4_msgs/px4_msgs/msg/detail/orb_test_large__traits.hpp\n'}
[2.304506] (px4_msgs) StdoutLine: {'line': b'-- Up-to-date: /home/rschnurr/SkyClaw-Team1/ros2_ws/install/px4_msgs/include/px4_msgs/px4_msgs/msg/detail/vehicle_global_position__traits.hpp\n'}
[2.304557] (px4_msgs) StdoutLine: {'line': b'-- Up-to-date: /home/rschnurr/SkyClaw-Team1/ros2_ws/install/px4_msgs/include/px4_msgs/px4_msgs/msg/detail/vehicle_thrust_setpoint__struct.hpp\n'}
[2.304594] (px4_msgs) StdoutLine: {'line': b'-- Up-to-date: /home/rschnurr/SkyClaw-Team1/ros2_ws/install/px4_msgs/include/px4_msgs/px4_msgs/msg/detail/parameter_reset_request__traits.hpp\n'}
[2.304630] (px4_msgs) StdoutLine: {'line': b'-- Up-to-date: /home/rschnurr/SkyClaw-Team1/ros2_ws/install/px4_msgs/include/px4_msgs/px4_msgs/msg/detail/can_interface_status__traits.hpp\n'}
[2.304661] (px4_msgs) StdoutLine: {'line': b'-- Up-to-date: /home/rschnurr/SkyClaw-Team1/ros2_ws/install/px4_msgs/include/px4_msgs/px4_msgs/msg/detail/actuator_servos_trim__struct.hpp\n'}
[2.304694] (px4_msgs) StdoutLine: {'line': b'-- Up-to-date: /home/rschnurr/SkyClaw-Team1/ros2_ws/install/px4_msgs/include/px4_msgs/px4_msgs/msg/detail/input_rc__builder.hpp\n'}
[2.304725] (px4_msgs) StdoutLine: {'line': b'-- Up-to-date: /home/rschnurr/SkyClaw-Team1/ros2_ws/install/px4_msgs/include/px4_msgs/px4_msgs/msg/detail/orb_test__traits.hpp\n'}
[2.304757] (px4_msgs) StdoutLine: {'line': b'-- Up-to-date: /home/rschnurr/SkyClaw-Team1/ros2_ws/install/px4_msgs/include/px4_msgs/px4_msgs/msg/detail/gripper__type_support.hpp\n'}
[2.304789] (px4_msgs) StdoutLine: {'line': b'-- Up-to-date: /home/rschnurr/SkyClaw-Team1/ros2_ws/install/px4_msgs/include/px4_msgs/px4_msgs/msg/detail/sensor_accel__traits.hpp\n'}
[2.304958] (px4_msgs) StdoutLine: {'line': b'-- Up-to-date: /home/rschnurr/SkyClaw-Team1/ros2_ws/install/px4_msgs/include/px4_msgs/px4_msgs/msg/detail/debug_array__traits.hpp\n'}
[2.305325] (px4_msgs) StdoutLine: {'line': b'-- Up-to-date: /home/rschnurr/SkyClaw-Team1/ros2_ws/install/px4_msgs/include/px4_msgs/px4_msgs/msg/detail/landing_gear__traits.hpp\n'}
[2.305391] (px4_msgs) StdoutLine: {'line': b'-- Up-to-date: /home/rschnurr/SkyClaw-Team1/ros2_ws/install/px4_msgs/include/px4_msgs/px4_msgs/msg/detail/vehicle_attitude_setpoint__type_support.hpp\n'}
[2.305432] (px4_msgs) StdoutLine: {'line': b'-- Up-to-date: /home/rschnurr/SkyClaw-Team1/ros2_ws/install/px4_msgs/include/px4_msgs/px4_msgs/msg/detail/follow_target_status__struct.hpp\n'}
[2.305478] (px4_msgs) StdoutLine: {'line': b'-- Up-to-date: /home/rschnurr/SkyClaw-Team1/ros2_ws/install/px4_msgs/include/px4_msgs/px4_msgs/msg/detail/rtl_status__struct.hpp\n'}
[2.305511] (px4_msgs) StdoutLine: {'line': b'-- Up-to-date: /home/rschnurr/SkyClaw-Team1/ros2_ws/install/px4_msgs/include/px4_msgs/px4_msgs/msg/detail/onboard_computer_status__traits.hpp\n'}
[2.305543] (px4_msgs) StdoutLine: {'line': b'-- Up-to-date: /home/rschnurr/SkyClaw-Team1/ros2_ws/install/px4_msgs/include/px4_msgs/px4_msgs/msg/detail/vehicle_global_position__type_support.hpp\n'}
[2.305694] (px4_msgs) StdoutLine: {'line': b'-- Up-to-date: /home/rschnurr/SkyClaw-Team1/ros2_ws/install/px4_msgs/include/px4_msgs/px4_msgs/msg/detail/differential_pressure__struct.hpp\n'}
[2.305900] (px4_msgs) StdoutLine: {'line': b'-- Up-to-date: /home/rschnurr/SkyClaw-Team1/ros2_ws/install/px4_msgs/include/px4_msgs/px4_msgs/msg/detail/home_position__traits.hpp\n'}
[2.306002] (px4_msgs) StdoutLine: {'line': b'-- Up-to-date: /home/rschnurr/SkyClaw-Team1/ros2_ws/install/px4_msgs/include/px4_msgs/px4_msgs/msg/detail/irlock_report__traits.hpp\n'}
[2.306395] (px4_msgs) StdoutLine: {'line': b'-- Up-to-date: /home/rschnurr/SkyClaw-Team1/ros2_ws/install/px4_msgs/include/px4_msgs/px4_msgs/msg/detail/system_power__type_support.hpp\n'}
[2.306602] (px4_msgs) StdoutLine: {'line': b'-- Up-to-date: /home/rschnurr/SkyClaw-Team1/ros2_ws/install/px4_msgs/include/px4_msgs/px4_msgs/msg/detail/register_ext_component_reply__type_support.hpp\n'}
[2.306673] (px4_msgs) StdoutLine: {'line': b'-- Up-to-date: /home/rschnurr/SkyClaw-Team1/ros2_ws/install/px4_msgs/include/px4_msgs/px4_msgs/msg/detail/vehicle_acceleration__type_support.hpp\n'}
[2.306843] (px4_msgs) StdoutLine: {'line': b'-- Up-to-date: /home/rschnurr/SkyClaw-Team1/ros2_ws/install/px4_msgs/include/px4_msgs/px4_msgs/msg/detail/gpio_in__type_support.hpp\n'}
[2.307023] (px4_msgs) StdoutLine: {'line': b'-- Up-to-date: /home/rschnurr/SkyClaw-Team1/ros2_ws/install/px4_msgs/include/px4_msgs/px4_msgs/msg/detail/sensor_accel_fifo__type_support.hpp\n'}
[2.307220] (px4_msgs) StdoutLine: {'line': b'-- Up-to-date: /home/rschnurr/SkyClaw-Team1/ros2_ws/install/px4_msgs/include/px4_msgs/px4_msgs/msg/detail/message_format_request__struct.hpp\n'}
[2.307602] (px4_msgs) StdoutLine: {'line': b'-- Up-to-date: /home/rschnurr/SkyClaw-Team1/ros2_ws/install/px4_msgs/include/px4_msgs/px4_msgs/msg/detail/open_drone_id_system__builder.hpp\n'}
[2.307681] (px4_msgs) StdoutLine: {'line': b'-- Up-to-date: /home/rschnurr/SkyClaw-Team1/ros2_ws/install/px4_msgs/include/px4_msgs/px4_msgs/msg/detail/open_drone_id_operator_id__builder.hpp\n'}
[2.307747] (px4_msgs) StdoutLine: {'line': b'-- Up-to-date: /home/rschnurr/SkyClaw-Team1/ros2_ws/install/px4_msgs/include/px4_msgs/px4_msgs/msg/detail/geofence_status__traits.hpp\n'}
[2.307784] (px4_msgs) StdoutLine: {'line': b'-- Up-to-date: /home/rschnurr/SkyClaw-Team1/ros2_ws/install/px4_msgs/include/px4_msgs/px4_msgs/msg/detail/follow_target__struct.hpp\n'}
[2.307818] (px4_msgs) StdoutLine: {'line': b'-- Up-to-date: /home/rschnurr/SkyClaw-Team1/ros2_ws/install/px4_msgs/include/px4_msgs/px4_msgs/msg/detail/mission_result__type_support.hpp\n'}
[2.307899] (px4_msgs) StdoutLine: {'line': b'-- Up-to-date: /home/rschnurr/SkyClaw-Team1/ros2_ws/install/px4_msgs/include/px4_msgs/px4_msgs/msg/detail/sensor_mag__struct.hpp\n'}
[2.307990] (px4_msgs) StdoutLine: {'line': b'-- Up-to-date: /home/rschnurr/SkyClaw-Team1/ros2_ws/install/px4_msgs/include/px4_msgs/px4_msgs/msg/detail/fixed_wing_runway_control__builder.hpp\n'}
[2.308050] (px4_msgs) StdoutLine: {'line': b'-- Up-to-date: /home/rschnurr/SkyClaw-Team1/ros2_ws/install/px4_msgs/include/px4_msgs/px4_msgs/msg/detail/takeoff_status__type_support.hpp\n'}
[2.308744] (px4_msgs) StdoutLine: {'line': b'-- Up-to-date: /home/rschnurr/SkyClaw-Team1/ros2_ws/install/px4_msgs/include/px4_msgs/px4_msgs/msg/detail/parameter_set_value_response__type_support.hpp\n'}
[2.308817] (-) TimerEvent: {}
[2.308995] (px4_msgs) StdoutLine: {'line': b'-- Up-to-date: /home/rschnurr/SkyClaw-Team1/ros2_ws/install/px4_msgs/include/px4_msgs/px4_msgs/msg/detail/power_button_state__traits.hpp\n'}
[2.309079] (px4_msgs) StdoutLine: {'line': b'-- Up-to-date: /home/rschnurr/SkyClaw-Team1/ros2_ws/install/px4_msgs/include/px4_msgs/px4_msgs/msg/detail/orb_test__builder.hpp\n'}
[2.309314] (px4_msgs) StdoutLine: {'line': b'-- Up-to-date: /home/rschnurr/SkyClaw-Team1/ros2_ws/install/px4_msgs/include/px4_msgs/px4_msgs/msg/detail/pwm_input__builder.hpp\n'}
[2.309610] (px4_msgs) StdoutLine: {'line': b'-- Up-to-date: /home/rschnurr/SkyClaw-Team1/ros2_ws/install/px4_msgs/include/px4_msgs/px4_msgs/msg/detail/debug_key_value__traits.hpp\n'}
[2.310084] (px4_msgs) StdoutLine: {'line': b'-- Up-to-date: /home/rschnurr/SkyClaw-Team1/ros2_ws/install/px4_msgs/include/px4_msgs/px4_msgs/msg/detail/navigator_status__traits.hpp\n'}
[2.310138] (px4_msgs) StdoutLine: {'line': b'-- Up-to-date: /home/rschnurr/SkyClaw-Team1/ros2_ws/install/px4_msgs/include/px4_msgs/px4_msgs/msg/detail/open_drone_id_arm_status__builder.hpp\n'}
[2.310224] (px4_msgs) StdoutLine: {'line': b'-- Up-to-date: /home/rschnurr/SkyClaw-Team1/ros2_ws/install/px4_msgs/include/px4_msgs/px4_msgs/msg/detail/cellular_status__type_support.hpp\n'}
[2.310346] (px4_msgs) StdoutLine: {'line': b'-- Up-to-date: /home/rschnurr/SkyClaw-Team1/ros2_ws/install/px4_msgs/include/px4_msgs/px4_msgs/msg/detail/internal_combustion_engine_control__type_support.hpp\n'}
[2.310444] (px4_msgs) StdoutLine: {'line': b'-- Up-to-date: /home/rschnurr/SkyClaw-Team1/ros2_ws/install/px4_msgs/include/px4_msgs/px4_msgs/msg/detail/arming_check_reply__traits.hpp\n'}
[2.310524] (px4_msgs) StdoutLine: {'line': b'-- Up-to-date: /home/rschnurr/SkyClaw-Team1/ros2_ws/install/px4_msgs/include/px4_msgs/px4_msgs/msg/detail/vehicle_angular_velocity__traits.hpp\n'}
[2.310644] (px4_msgs) StdoutLine: {'line': b'-- Up-to-date: /home/rschnurr/SkyClaw-Team1/ros2_ws/install/px4_msgs/include/px4_msgs/px4_msgs/msg/detail/collision_constraints__traits.hpp\n'}
[2.310759] (px4_msgs) StdoutLine: {'line': b'-- Up-to-date: /home/rschnurr/SkyClaw-Team1/ros2_ws/install/px4_msgs/include/px4_msgs/px4_msgs/msg/detail/tiltrotor_extra_controls__traits.hpp\n'}
[2.310943] (px4_msgs) StdoutLine: {'line': b'-- Up-to-date: /home/rschnurr/SkyClaw-Team1/ros2_ws/install/px4_msgs/include/px4_msgs/px4_msgs/msg/detail/task_stack_info__type_support.hpp\n'}
[2.311200] (px4_msgs) StdoutLine: {'line': b'-- Up-to-date: /home/rschnurr/SkyClaw-Team1/ros2_ws/install/px4_msgs/include/px4_msgs/px4_msgs/msg/detail/vehicle_angular_acceleration_setpoint__struct.hpp\n'}
[2.311260] (px4_msgs) StdoutLine: {'line': b'-- Up-to-date: /home/rschnurr/SkyClaw-Team1/ros2_ws/install/px4_msgs/include/px4_msgs/px4_msgs/msg/detail/esc_report__type_support.hpp\n'}
[2.311298] (px4_msgs) StdoutLine: {'line': b'-- Up-to-date: /home/rschnurr/SkyClaw-Team1/ros2_ws/install/px4_msgs/include/px4_msgs/px4_msgs/msg/detail/landing_gear_wheel__builder.hpp\n'}
[2.311338] (px4_msgs) StdoutLine: {'line': b'-- Up-to-date: /home/rschnurr/SkyClaw-Team1/ros2_ws/install/px4_msgs/include/px4_msgs/px4_msgs/msg/detail/geofence_status__type_support.hpp\n'}
[2.311504] (px4_msgs) StdoutLine: {'line': b'-- Up-to-date: /home/rschnurr/SkyClaw-Team1/ros2_ws/install/px4_msgs/include/px4_msgs/px4_msgs/msg/detail/parameter_set_value_request__builder.hpp\n'}
[2.311749] (px4_msgs) StdoutLine: {'line': b'-- Up-to-date: /home/rschnurr/SkyClaw-Team1/ros2_ws/install/px4_msgs/include/px4_msgs/px4_msgs/msg/detail/geofence_result__builder.hpp\n'}
[2.312072] (px4_msgs) StdoutLine: {'line': b'-- Up-to-date: /home/rschnurr/SkyClaw-Team1/ros2_ws/install/px4_msgs/include/px4_msgs/px4_msgs/msg/detail/rover_rate_setpoint__type_support.hpp\n'}
[2.312288] (px4_msgs) StdoutLine: {'line': b'-- Up-to-date: /home/rschnurr/SkyClaw-Team1/ros2_ws/install/px4_msgs/include/px4_msgs/px4_msgs/msg/detail/rc_channels__builder.hpp\n'}
[2.312691] (px4_msgs) StdoutLine: {'line': b'-- Up-to-date: /home/rschnurr/SkyClaw-Team1/ros2_ws/install/px4_msgs/include/px4_msgs/px4_msgs/msg/detail/gimbal_manager_information__traits.hpp\n'}
[2.312932] (px4_msgs) StdoutLine: {'line': b'-- Up-to-date: /home/rschnurr/SkyClaw-Team1/ros2_ws/install/px4_msgs/include/px4_msgs/px4_msgs/msg/detail/rpm__struct.hpp\n'}
[2.313115] (px4_msgs) StdoutLine: {'line': b'-- Up-to-date: /home/rschnurr/SkyClaw-Team1/ros2_ws/install/px4_msgs/include/px4_msgs/px4_msgs/msg/detail/pure_pursuit_status__builder.hpp\n'}
[2.313369] (px4_msgs) StdoutLine: {'line': b'-- Up-to-date: /home/rschnurr/SkyClaw-Team1/ros2_ws/install/px4_msgs/include/px4_msgs/px4_msgs/msg/detail/longitudinal_control_configuration__struct.hpp\n'}
[2.313782] (px4_msgs) StdoutLine: {'line': b'-- Up-to-date: /home/rschnurr/SkyClaw-Team1/ros2_ws/install/px4_msgs/include/px4_msgs/px4_msgs/msg/detail/config_overrides__struct.hpp\n'}
[2.314190] (px4_msgs) StdoutLine: {'line': b'-- Up-to-date: /home/rschnurr/SkyClaw-Team1/ros2_ws/install/px4_msgs/include/px4_msgs/px4_msgs/msg/detail/sensor_gyro_fft__traits.hpp\n'}
[2.314406] (px4_msgs) StdoutLine: {'line': b'-- Up-to-date: /home/rschnurr/SkyClaw-Team1/ros2_ws/install/px4_msgs/include/px4_msgs/px4_msgs/msg/detail/gimbal_manager_set_manual_control__builder.hpp\n'}
[2.314672] (px4_msgs) StdoutLine: {'line': b'-- Up-to-date: /home/rschnurr/SkyClaw-Team1/ros2_ws/install/px4_msgs/include/px4_msgs/px4_msgs/msg/detail/vehicle_torque_setpoint__builder.hpp\n'}
[2.314898] (px4_msgs) StdoutLine: {'line': b'-- Up-to-date: /home/rschnurr/SkyClaw-Team1/ros2_ws/install/px4_msgs/include/px4_msgs/px4_msgs/msg/detail/rover_steering_setpoint__traits.hpp\n'}
[2.315157] (px4_msgs) StdoutLine: {'line': b'-- Up-to-date: /home/rschnurr/SkyClaw-Team1/ros2_ws/install/px4_msgs/include/px4_msgs/px4_msgs/msg/detail/fixed_wing_lateral_status__traits.hpp\n'}
[2.315370] (px4_msgs) StdoutLine: {'line': b'-- Up-to-date: /home/rschnurr/SkyClaw-Team1/ros2_ws/install/px4_msgs/include/px4_msgs/px4_msgs/msg/detail/config_overrides__builder.hpp\n'}
[2.315805] (px4_msgs) StdoutLine: {'line': b'-- Up-to-date: /home/rschnurr/SkyClaw-Team1/ros2_ws/install/px4_msgs/include/px4_msgs/px4_msgs/msg/detail/rover_position_setpoint__struct.hpp\n'}
[2.316022] (px4_msgs) StdoutLine: {'line': b'-- Up-to-date: /home/rschnurr/SkyClaw-Team1/ros2_ws/install/px4_msgs/include/px4_msgs/px4_msgs/msg/detail/yaw_estimator_status__struct.hpp\n'}
[2.316288] (px4_msgs) StdoutLine: {'line': b'-- Up-to-date: /home/rschnurr/SkyClaw-Team1/ros2_ws/install/px4_msgs/include/px4_msgs/px4_msgs/msg/detail/ulog_stream__type_support.hpp\n'}
[2.316662] (px4_msgs) StdoutLine: {'line': b'-- Up-to-date: /home/rschnurr/SkyClaw-Team1/ros2_ws/install/px4_msgs/include/px4_msgs/px4_msgs/msg/detail/sensor_gnss_status__traits.hpp\n'}
[2.316843] (px4_msgs) StdoutLine: {'line': b'-- Up-to-date: /home/rschnurr/SkyClaw-Team1/ros2_ws/install/px4_msgs/include/px4_msgs/px4_msgs/msg/detail/estimator_selector_status__builder.hpp\n'}
[2.317282] (px4_msgs) StdoutLine: {'line': b'-- Up-to-date: /home/rschnurr/SkyClaw-Team1/ros2_ws/install/px4_msgs/include/px4_msgs/px4_msgs/msg/detail/sensor_optical_flow__struct.hpp\n'}
[2.317551] (px4_msgs) StdoutLine: {'line': b'-- Up-to-date: /home/rschnurr/SkyClaw-Team1/ros2_ws/install/px4_msgs/include/px4_msgs/px4_msgs/msg/detail/actuator_outputs__builder.hpp\n'}
[2.317977] (px4_msgs) StdoutLine: {'line': b'-- Up-to-date: /home/rschnurr/SkyClaw-Team1/ros2_ws/install/px4_msgs/include/px4_msgs/px4_msgs/msg/detail/gpio_request__type_support.hpp\n'}
[2.318425] (px4_msgs) StdoutLine: {'line': b'-- Up-to-date: /home/rschnurr/SkyClaw-Team1/ros2_ws/install/px4_msgs/include/px4_msgs/px4_msgs/msg/detail/position_controller_status__type_support.hpp\n'}
[2.318706] (px4_msgs) StdoutLine: {'line': b'-- Up-to-date: /home/rschnurr/SkyClaw-Team1/ros2_ws/install/px4_msgs/include/px4_msgs/px4_msgs/msg/detail/arming_check_request__struct.hpp\n'}
[2.318958] (px4_msgs) StdoutLine: {'line': b'-- Up-to-date: /home/rschnurr/SkyClaw-Team1/ros2_ws/install/px4_msgs/include/px4_msgs/px4_msgs/msg/detail/ping__traits.hpp\n'}
[2.319258] (px4_msgs) StdoutLine: {'line': b'-- Up-to-date: /home/rschnurr/SkyClaw-Team1/ros2_ws/install/px4_msgs/include/px4_msgs/px4_msgs/msg/detail/generator_status__builder.hpp\n'}
[2.319481] (px4_msgs) StdoutLine: {'line': b'-- Up-to-date: /home/rschnurr/SkyClaw-Team1/ros2_ws/install/px4_msgs/include/px4_msgs/px4_msgs/msg/detail/internal_combustion_engine_control__builder.hpp\n'}
[2.319533] (px4_msgs) StdoutLine: {'line': b'-- Up-to-date: /home/rschnurr/SkyClaw-Team1/ros2_ws/install/px4_msgs/include/px4_msgs/px4_msgs/msg/detail/orb_test_medium__type_support.hpp\n'}
[2.319594] (px4_msgs) StdoutLine: {'line': b'-- Up-to-date: /home/rschnurr/SkyClaw-Team1/ros2_ws/install/px4_msgs/include/px4_msgs/px4_msgs/msg/detail/sensors_status__struct.hpp\n'}
[2.319631] (px4_msgs) StdoutLine: {'line': b'-- Up-to-date: /home/rschnurr/SkyClaw-Team1/ros2_ws/install/px4_msgs/include/px4_msgs/px4_msgs/msg/detail/sensor_gyro_fifo__traits.hpp\n'}
[2.319667] (px4_msgs) StdoutLine: {'line': b'-- Up-to-date: /home/rschnurr/SkyClaw-Team1/ros2_ws/install/px4_msgs/include/px4_msgs/px4_msgs/msg/detail/esc_status__traits.hpp\n'}
[2.319701] (px4_msgs) StdoutLine: {'line': b'-- Up-to-date: /home/rschnurr/SkyClaw-Team1/ros2_ws/install/px4_msgs/include/px4_msgs/px4_msgs/msg/detail/dataman_response__builder.hpp\n'}
[2.319749] (px4_msgs) StdoutLine: {'line': b'-- Up-to-date: /home/rschnurr/SkyClaw-Team1/ros2_ws/install/px4_msgs/include/px4_msgs/px4_msgs/msg/detail/lateral_control_configuration__type_support.hpp\n'}
[2.319781] (px4_msgs) StdoutLine: {'line': b'-- Up-to-date: /home/rschnurr/SkyClaw-Team1/ros2_ws/install/px4_msgs/include/px4_msgs/px4_msgs/msg/detail/gpio_out__traits.hpp\n'}
[2.319952] (px4_msgs) StdoutLine: {'line': b'-- Up-to-date: /home/rschnurr/SkyClaw-Team1/ros2_ws/install/px4_msgs/include/px4_msgs/px4_msgs/msg/detail/estimator_aid_source2d__builder.hpp\n'}
[2.320370] (px4_msgs) StdoutLine: {'line': b'-- Up-to-date: /home/rschnurr/SkyClaw-Team1/ros2_ws/install/px4_msgs/include/px4_msgs/px4_msgs/msg/detail/vehicle_imu_status__struct.hpp\n'}
[2.320588] (px4_msgs) StdoutLine: {'line': b'-- Up-to-date: /home/rschnurr/SkyClaw-Team1/ros2_ws/install/px4_msgs/include/px4_msgs/px4_msgs/msg/detail/vehicle_acceleration__builder.hpp\n'}
[2.321209] (px4_msgs) StdoutLine: {'line': b'-- Up-to-date: /home/rschnurr/SkyClaw-Team1/ros2_ws/install/px4_msgs/include/px4_msgs/px4_msgs/msg/detail/sensor_baro__type_support.hpp\n'}
[2.321355] (px4_msgs) StdoutLine: {'line': b'-- Up-to-date: /home/rschnurr/SkyClaw-Team1/ros2_ws/install/px4_msgs/include/px4_msgs/px4_msgs/msg/detail/launch_detection_status__struct.hpp\n'}
[2.321765] (px4_msgs) StdoutLine: {'line': b'-- Up-to-date: /home/rschnurr/SkyClaw-Team1/ros2_ws/install/px4_msgs/include/px4_msgs/px4_msgs/msg/detail/rover_speed_setpoint__type_support.hpp\n'}
[2.322253] (px4_msgs) StdoutLine: {'line': b'-- Up-to-date: /home/rschnurr/SkyClaw-Team1/ros2_ws/install/px4_msgs/include/px4_msgs/px4_msgs/msg/detail/vehicle_thrust_setpoint__traits.hpp\n'}
[2.322380] (px4_msgs) StdoutLine: {'line': b'-- Up-to-date: /home/rschnurr/SkyClaw-Team1/ros2_ws/install/px4_msgs/include/px4_msgs/px4_msgs/msg/detail/rtl_time_estimate__type_support.hpp\n'}
[2.322611] (px4_msgs) StdoutLine: {'line': b'-- Up-to-date: /home/rschnurr/SkyClaw-Team1/ros2_ws/install/px4_msgs/include/px4_msgs/px4_msgs/msg/detail/estimator_gps_status__type_support.hpp\n'}
[2.322902] (px4_msgs) StdoutLine: {'line': b'-- Up-to-date: /home/rschnurr/SkyClaw-Team1/ros2_ws/install/px4_msgs/include/px4_msgs/px4_msgs/msg/detail/neural_control__struct.hpp\n'}
[2.323035] (px4_msgs) StdoutLine: {'line': b'-- Up-to-date: /home/rschnurr/SkyClaw-Team1/ros2_ws/install/px4_msgs/include/px4_msgs/px4_msgs/msg/detail/gps_inject_data__builder.hpp\n'}
[2.323088] (px4_msgs) StdoutLine: {'line': b'-- Up-to-date: /home/rschnurr/SkyClaw-Team1/ros2_ws/install/px4_msgs/include/px4_msgs/px4_msgs/msg/detail/power_button_state__struct.hpp\n'}
[2.323437] (px4_msgs) StdoutLine: {'line': b'-- Up-to-date: /home/rschnurr/SkyClaw-Team1/ros2_ws/install/px4_msgs/include/px4_msgs/px4_msgs/msg/detail/ulog_stream__traits.hpp\n'}
[2.323590] (px4_msgs) StdoutLine: {'line': b'-- Up-to-date: /home/rschnurr/SkyClaw-Team1/ros2_ws/install/px4_msgs/include/px4_msgs/px4_msgs/msg/detail/gimbal_manager_set_attitude__traits.hpp\n'}
[2.323733] (px4_msgs) StdoutLine: {'line': b'-- Up-to-date: /home/rschnurr/SkyClaw-Team1/ros2_ws/install/px4_msgs/include/px4_msgs/px4_msgs/msg/detail/telemetry_status__builder.hpp\n'}
[2.323940] (px4_msgs) StdoutLine: {'line': b'-- Up-to-date: /home/rschnurr/SkyClaw-Team1/ros2_ws/install/px4_msgs/include/px4_msgs/px4_msgs/msg/detail/failure_detector_status__traits.hpp\n'}
[2.324169] (px4_msgs) StdoutLine: {'line': b'-- Up-to-date: /home/rschnurr/SkyClaw-Team1/ros2_ws/install/px4_msgs/include/px4_msgs/px4_msgs/msg/detail/follow_target_estimator__struct.hpp\n'}
[2.324484] (px4_msgs) StdoutLine: {'line': b'-- Up-to-date: /home/rschnurr/SkyClaw-Team1/ros2_ws/install/px4_msgs/include/px4_msgs/px4_msgs/msg/detail/message_format_request__traits.hpp\n'}
[2.324777] (px4_msgs) StdoutLine: {'line': b'-- Up-to-date: /home/rschnurr/SkyClaw-Team1/ros2_ws/install/px4_msgs/include/px4_msgs/px4_msgs/msg/detail/esc_report__struct.hpp\n'}
[2.325117] (px4_msgs) StdoutLine: {'line': b'-- Up-to-date: /home/rschnurr/SkyClaw-Team1/ros2_ws/install/px4_msgs/include/px4_msgs/px4_msgs/msg/detail/vehicle_control_mode__builder.hpp\n'}
[2.325181] (px4_msgs) StdoutLine: {'line': b'-- Up-to-date: /home/rschnurr/SkyClaw-Team1/ros2_ws/install/px4_msgs/include/px4_msgs/px4_msgs/msg/detail/open_drone_id_arm_status__struct.hpp\n'}
[2.325282] (px4_msgs) StdoutLine: {'line': b'-- Up-to-date: /home/rschnurr/SkyClaw-Team1/ros2_ws/install/px4_msgs/include/px4_msgs/px4_msgs/msg/detail/takeoff_status__builder.hpp\n'}
[2.325464] (px4_msgs) StdoutLine: {'line': b'-- Up-to-date: /home/rschnurr/SkyClaw-Team1/ros2_ws/install/px4_msgs/include/px4_msgs/px4_msgs/msg/detail/airspeed__traits.hpp\n'}
[2.326075] (px4_msgs) StdoutLine: {'line': b'-- Up-to-date: /home/rschnurr/SkyClaw-Team1/ros2_ws/install/px4_msgs/include/px4_msgs/px4_msgs/msg/detail/offboard_control_mode__builder.hpp\n'}
[2.326400] (px4_msgs) StdoutLine: {'line': b'-- Up-to-date: /home/rschnurr/SkyClaw-Team1/ros2_ws/install/px4_msgs/include/px4_msgs/px4_msgs/msg/detail/sensor_gyro_fifo__builder.hpp\n'}
[2.326478] (px4_msgs) StdoutLine: {'line': b'-- Up-to-date: /home/rschnurr/SkyClaw-Team1/ros2_ws/install/px4_msgs/include/px4_msgs/px4_msgs/msg/detail/rover_rate_status__type_support.hpp\n'}
[2.326676] (px4_msgs) StdoutLine: {'line': b'-- Up-to-date: /home/rschnurr/SkyClaw-Team1/ros2_ws/install/px4_msgs/include/px4_msgs/px4_msgs/msg/detail/battery_info__type_support.hpp\n'}
[2.326953] (px4_msgs) StdoutLine: {'line': b'-- Up-to-date: /home/rschnurr/SkyClaw-Team1/ros2_ws/install/px4_msgs/include/px4_msgs/px4_msgs/msg/detail/internal_combustion_engine_control__traits.hpp\n'}
[2.327632] (px4_msgs) StdoutLine: {'line': b'-- Up-to-date: /home/rschnurr/SkyClaw-Team1/ros2_ws/install/px4_msgs/include/px4_msgs/px4_msgs/msg/detail/qshell_req__traits.hpp\n'}
[2.327792] (px4_msgs) StdoutLine: {'line': b'-- Up-to-date: /home/rschnurr/SkyClaw-Team1/ros2_ws/install/px4_msgs/include/px4_msgs/px4_msgs/msg/detail/battery_info__struct.hpp\n'}
[2.328105] (px4_msgs) StdoutLine: {'line': b'-- Up-to-date: /home/rschnurr/SkyClaw-Team1/ros2_ws/install/px4_msgs/include/px4_msgs/px4_msgs/msg/detail/orb_test__type_support.hpp\n'}
[2.328263] (px4_msgs) StdoutLine: {'line': b'-- Up-to-date: /home/rschnurr/SkyClaw-Team1/ros2_ws/install/px4_msgs/include/px4_msgs/px4_msgs/msg/detail/battery_status__struct.hpp\n'}
[2.328646] (px4_msgs) StdoutLine: {'line': b'-- Up-to-date: /home/rschnurr/SkyClaw-Team1/ros2_ws/install/px4_msgs/include/px4_msgs/px4_msgs/msg/detail/fixed_wing_lateral_guidance_status__builder.hpp\n'}
[2.328933] (px4_msgs) StdoutLine: {'line': b'-- Up-to-date: /home/rschnurr/SkyClaw-Team1/ros2_ws/install/px4_msgs/include/px4_msgs/px4_msgs/msg/detail/obstacle_distance__type_support.hpp\n'}
[2.329151] (px4_msgs) StdoutLine: {'line': b'-- Up-to-date: /home/rschnurr/SkyClaw-Team1/ros2_ws/install/px4_msgs/include/px4_msgs/px4_msgs/msg/detail/vehicle_global_position__struct.hpp\n'}
[2.329360] (px4_msgs) StdoutLine: {'line': b'-- Up-to-date: /home/rschnurr/SkyClaw-Team1/ros2_ws/install/px4_msgs/include/px4_msgs/px4_msgs/msg/detail/iridiumsbd_status__builder.hpp\n'}
[2.329605] (px4_msgs) StdoutLine: {'line': b'-- Up-to-date: /home/rschnurr/SkyClaw-Team1/ros2_ws/install/px4_msgs/include/px4_msgs/px4_msgs/msg/detail/vehicle_command__struct.hpp\n'}
[2.330025] (px4_msgs) StdoutLine: {'line': b'-- Up-to-date: /home/rschnurr/SkyClaw-Team1/ros2_ws/install/px4_msgs/include/px4_msgs/px4_msgs/msg/detail/follow_target__type_support.hpp\n'}
[2.330225] (px4_msgs) StdoutLine: {'line': b'-- Up-to-date: /home/rschnurr/SkyClaw-Team1/ros2_ws/install/px4_msgs/include/px4_msgs/px4_msgs/msg/detail/satellite_info__struct.hpp\n'}
[2.330495] (px4_msgs) StdoutLine: {'line': b'-- Up-to-date: /home/rschnurr/SkyClaw-Team1/ros2_ws/install/px4_msgs/include/px4_msgs/px4_msgs/msg/detail/vehicle_land_detected__traits.hpp\n'}
[2.330564] (px4_msgs) StdoutLine: {'line': b'-- Up-to-date: /home/rschnurr/SkyClaw-Team1/ros2_ws/install/px4_msgs/include/px4_msgs/px4_msgs/msg/detail/mode_completed__builder.hpp\n'}
[2.330772] (px4_msgs) StdoutLine: {'line': b'-- Up-to-date: /home/rschnurr/SkyClaw-Team1/ros2_ws/install/px4_msgs/include/px4_msgs/px4_msgs/msg/detail/mission_result__struct.hpp\n'}
[2.330944] (px4_msgs) StdoutLine: {'line': b'-- Up-to-date: /home/rschnurr/SkyClaw-Team1/ros2_ws/install/px4_msgs/include/px4_msgs/px4_msgs/msg/detail/camera_trigger__traits.hpp\n'}
[2.331118] (px4_msgs) StdoutLine: {'line': b'-- Up-to-date: /home/rschnurr/SkyClaw-Team1/ros2_ws/install/px4_msgs/include/px4_msgs/px4_msgs/msg/detail/landing_target_pose__type_support.hpp\n'}
[2.331329] (px4_msgs) StdoutLine: {'line': b'-- Up-to-date: /home/rschnurr/SkyClaw-Team1/ros2_ws/install/px4_msgs/include/px4_msgs/px4_msgs/msg/detail/fixed_wing_longitudinal_setpoint__traits.hpp\n'}
[2.331479] (px4_msgs) StdoutLine: {'line': b'-- Up-to-date: /home/rschnurr/SkyClaw-Team1/ros2_ws/install/px4_msgs/include/px4_msgs/px4_msgs/msg/detail/parameter_set_value_response__struct.hpp\n'}
[2.331623] (px4_msgs) StdoutLine: {'line': b'-- Up-to-date: /home/rschnurr/SkyClaw-Team1/ros2_ws/install/px4_msgs/include/px4_msgs/px4_msgs/msg/detail/telemetry_status__type_support.hpp\n'}
[2.331798] (px4_msgs) StdoutLine: {'line': b'-- Up-to-date: /home/rschnurr/SkyClaw-Team1/ros2_ws/install/px4_msgs/include/px4_msgs/px4_msgs/msg/detail/gimbal_manager_set_attitude__builder.hpp\n'}
[2.332171] (px4_msgs) StdoutLine: {'line': b'-- Up-to-date: /home/rschnurr/SkyClaw-Team1/ros2_ws/install/px4_msgs/include/px4_msgs/px4_msgs/msg/detail/sensor_gnss_relative__type_support.hpp\n'}
[2.332436] (px4_msgs) StdoutLine: {'line': b'-- Up-to-date: /home/rschnurr/SkyClaw-Team1/ros2_ws/install/px4_msgs/include/px4_msgs/px4_msgs/msg/detail/vehicle_rates_setpoint__type_support.hpp\n'}
[2.332752] (px4_msgs) StdoutLine: {'line': b'-- Up-to-date: /home/rschnurr/SkyClaw-Team1/ros2_ws/install/px4_msgs/include/px4_msgs/px4_msgs/msg/detail/gimbal_controls__struct.hpp\n'}
[2.332800] (px4_msgs) StdoutLine: {'line': b'-- Up-to-date: /home/rschnurr/SkyClaw-Team1/ros2_ws/install/px4_msgs/include/px4_msgs/px4_msgs/msg/detail/obstacle_distance__builder.hpp\n'}
[2.332830] (px4_msgs) StdoutLine: {'line': b'-- Up-to-date: /home/rschnurr/SkyClaw-Team1/ros2_ws/install/px4_msgs/include/px4_msgs/px4_msgs/msg/detail/actuator_controls_status__type_support.hpp\n'}
[2.332868] (px4_msgs) StdoutLine: {'line': b'-- Up-to-date: /home/rschnurr/SkyClaw-Team1/ros2_ws/install/px4_msgs/include/px4_msgs/px4_msgs/msg/detail/rc_channels__traits.hpp\n'}
[2.332892] (px4_msgs) StdoutLine: {'line': b'-- Up-to-date: /home/rschnurr/SkyClaw-Team1/ros2_ws/install/px4_msgs/include/px4_msgs/px4_msgs/msg/detail/dataman_request__type_support.hpp\n'}
[2.332919] (px4_msgs) StdoutLine: {'line': b'-- Up-to-date: /home/rschnurr/SkyClaw-Team1/ros2_ws/install/px4_msgs/include/px4_msgs/px4_msgs/msg/detail/vehicle_odometry__struct.hpp\n'}
[2.333196] (px4_msgs) StdoutLine: {'line': b'-- Up-to-date: /home/rschnurr/SkyClaw-Team1/ros2_ws/install/px4_msgs/include/px4_msgs/px4_msgs/msg/detail/vehicle_command_ack__struct.hpp\n'}
[2.333427] (px4_msgs) StdoutLine: {'line': b'-- Up-to-date: /home/rschnurr/SkyClaw-Team1/ros2_ws/install/px4_msgs/include/px4_msgs/px4_msgs/msg/detail/actuator_outputs__traits.hpp\n'}
[2.333646] (px4_msgs) StdoutLine: {'line': b'-- Up-to-date: /home/rschnurr/SkyClaw-Team1/ros2_ws/install/px4_msgs/include/px4_msgs/px4_msgs/msg/detail/px4io_status__type_support.hpp\n'}
[2.334132] (px4_msgs) StdoutLine: {'line': b'-- Up-to-date: /home/rschnurr/SkyClaw-Team1/ros2_ws/install/px4_msgs/include/px4_msgs/px4_msgs/msg/detail/gpio_request__builder.hpp\n'}
[2.334418] (px4_msgs) StdoutLine: {'line': b'-- Up-to-date: /home/rschnurr/SkyClaw-Team1/ros2_ws/install/px4_msgs/include/px4_msgs/px4_msgs/msg/detail/timesync_status__struct.hpp\n'}
[2.334674] (px4_msgs) StdoutLine: {'line': b'-- Up-to-date: /home/rschnurr/SkyClaw-Team1/ros2_ws/install/px4_msgs/include/px4_msgs/px4_msgs/msg/detail/gimbal_manager_set_manual_control__struct.hpp\n'}
[2.334930] (px4_msgs) StdoutLine: {'line': b'-- Up-to-date: /home/rschnurr/SkyClaw-Team1/ros2_ws/install/px4_msgs/include/px4_msgs/px4_msgs/msg/detail/manual_control_switches__struct.hpp\n'}
[2.335185] (px4_msgs) StdoutLine: {'line': b'-- Up-to-date: /home/rschnurr/SkyClaw-Team1/ros2_ws/install/px4_msgs/include/px4_msgs/px4_msgs/msg/detail/gpio_out__builder.hpp\n'}
[2.335383] (px4_msgs) StdoutLine: {'line': b'-- Up-to-date: /home/rschnurr/SkyClaw-Team1/ros2_ws/install/px4_msgs/include/px4_msgs/px4_msgs/msg/detail/gimbal_device_set_attitude__type_support.hpp\n'}
[2.335632] (px4_msgs) StdoutLine: {'line': b'-- Up-to-date: /home/rschnurr/SkyClaw-Team1/ros2_ws/install/px4_msgs/include/px4_msgs/px4_msgs/msg/detail/rover_attitude_setpoint__builder.hpp\n'}
[2.335821] (px4_msgs) StdoutLine: {'line': b'-- Up-to-date: /home/rschnurr/SkyClaw-Team1/ros2_ws/install/px4_msgs/include/px4_msgs/px4_msgs/msg/detail/parameter_set_used_request__traits.hpp\n'}
[2.335943] (px4_msgs) StdoutLine: {'line': b'-- Up-to-date: /home/rschnurr/SkyClaw-Team1/ros2_ws/install/px4_msgs/include/px4_msgs/px4_msgs/msg/detail/vehicle_status__builder.hpp\n'}
[2.336087] (px4_msgs) StdoutLine: {'line': b'-- Up-to-date: /home/rschnurr/SkyClaw-Team1/ros2_ws/install/px4_msgs/include/px4_msgs/px4_msgs/msg/detail/wheel_encoders__traits.hpp\n'}
[2.336232] (px4_msgs) StdoutLine: {'line': b'-- Up-to-date: /home/rschnurr/SkyClaw-Team1/ros2_ws/install/px4_msgs/include/px4_msgs/px4_msgs/msg/detail/fixed_wing_lateral_guidance_status__type_support.hpp\n'}
[2.336589] (px4_msgs) StdoutLine: {'line': b'-- Up-to-date: /home/rschnurr/SkyClaw-Team1/ros2_ws/install/px4_msgs/include/px4_msgs/px4_msgs/msg/detail/actuator_test__builder.hpp\n'}
[2.336635] (px4_msgs) StdoutLine: {'line': b'-- Up-to-date: /home/rschnurr/SkyClaw-Team1/ros2_ws/install/px4_msgs/include/px4_msgs/px4_msgs/msg/detail/manual_control_setpoint__type_support.hpp\n'}
[2.336666] (px4_msgs) StdoutLine: {'line': b'-- Up-to-date: /home/rschnurr/SkyClaw-Team1/ros2_ws/install/px4_msgs/include/px4_msgs/px4_msgs/msg/detail/sensor_hygrometer__builder.hpp\n'}
[2.336889] (px4_msgs) StdoutLine: {'line': b'-- Up-to-date: /home/rschnurr/SkyClaw-Team1/ros2_ws/install/px4_msgs/include/px4_msgs/px4_msgs/msg/detail/vehicle_optical_flow__traits.hpp\n'}
[2.337069] (px4_msgs) StdoutLine: {'line': b'-- Up-to-date: /home/rschnurr/SkyClaw-Team1/ros2_ws/install/px4_msgs/include/px4_msgs/px4_msgs/msg/detail/gimbal_manager_status__traits.hpp\n'}
[2.337674] (px4_msgs) StdoutLine: {'line': b'-- Up-to-date: /home/rschnurr/SkyClaw-Team1/ros2_ws/install/px4_msgs/include/px4_msgs/px4_msgs/msg/detail/distance_sensor__builder.hpp\n'}
[2.337902] (px4_msgs) StdoutLine: {'line': b'-- Up-to-date: /home/rschnurr/SkyClaw-Team1/ros2_ws/install/px4_msgs/include/px4_msgs/px4_msgs/msg/detail/mavlink_tunnel__builder.hpp\n'}
[2.338243] (px4_msgs) StdoutLine: {'line': b'-- Up-to-date: /home/rschnurr/SkyClaw-Team1/ros2_ws/install/px4_msgs/include/px4_msgs/px4_msgs/msg/detail/dataman_response__traits.hpp\n'}
[2.338339] (px4_msgs) StdoutLine: {'line': b'-- Up-to-date: /home/rschnurr/SkyClaw-Team1/ros2_ws/install/px4_msgs/include/px4_msgs/px4_msgs/msg/detail/uavcan_parameter_request__type_support.hpp\n'}
[2.338394] (px4_msgs) StdoutLine: {'line': b'-- Up-to-date: /home/rschnurr/SkyClaw-Team1/ros2_ws/install/px4_msgs/include/px4_msgs/px4_msgs/msg/detail/sensor_accel_fifo__struct.hpp\n'}
[2.338428] (px4_msgs) StdoutLine: {'line': b'-- Up-to-date: /home/rschnurr/SkyClaw-Team1/ros2_ws/install/px4_msgs/include/px4_msgs/px4_msgs/msg/detail/adc_report__struct.hpp\n'}
[2.338452] (px4_msgs) StdoutLine: {'line': b'-- Up-to-date: /home/rschnurr/SkyClaw-Team1/ros2_ws/install/px4_msgs/include/px4_msgs/px4_msgs/msg/detail/open_drone_id_operator_id__traits.hpp\n'}
[2.338479] (px4_msgs) StdoutLine: {'line': b'-- Up-to-date: /home/rschnurr/SkyClaw-Team1/ros2_ws/install/px4_msgs/include/px4_msgs/px4_msgs/msg/detail/parameter_update__type_support.hpp\n'}
[2.338525] (px4_msgs) StdoutLine: {'line': b'-- Up-to-date: /home/rschnurr/SkyClaw-Team1/ros2_ws/install/px4_msgs/include/px4_msgs/px4_msgs/msg/detail/task_stack_info__traits.hpp\n'}
[2.338797] (px4_msgs) StdoutLine: {'line': b'-- Up-to-date: /home/rschnurr/SkyClaw-Team1/ros2_ws/install/px4_msgs/include/px4_msgs/px4_msgs/msg/detail/geofence_status__struct.hpp\n'}
[2.338859] (px4_msgs) StdoutLine: {'line': b'-- Up-to-date: /home/rschnurr/SkyClaw-Team1/ros2_ws/install/px4_msgs/include/px4_msgs/px4_msgs/msg/detail/vehicle_air_data__builder.hpp\n'}
[2.338896] (px4_msgs) StdoutLine: {'line': b'-- Up-to-date: /home/rschnurr/SkyClaw-Team1/ros2_ws/install/px4_msgs/include/px4_msgs/px4_msgs/msg/detail/landing_gear_wheel__type_support.hpp\n'}
[2.338938] (px4_msgs) StdoutLine: {'line': b'-- Up-to-date: /home/rschnurr/SkyClaw-Team1/ros2_ws/install/px4_msgs/include/px4_msgs/px4_msgs/msg/detail/sensor_selection__type_support.hpp\n'}
[2.338964] (px4_msgs) StdoutLine: {'line': b'-- Up-to-date: /home/rschnurr/SkyClaw-Team1/ros2_ws/install/px4_msgs/include/px4_msgs/px4_msgs/msg/detail/vehicle_optical_flow_vel__type_support.hpp\n'}
[2.338990] (px4_msgs) StdoutLine: {'line': b'-- Up-to-date: /home/rschnurr/SkyClaw-Team1/ros2_ws/install/px4_msgs/include/px4_msgs/px4_msgs/msg/detail/mount_orientation__struct.hpp\n'}
[2.339023] (px4_msgs) StdoutLine: {'line': b'-- Up-to-date: /home/rschnurr/SkyClaw-Team1/ros2_ws/install/px4_msgs/include/px4_msgs/px4_msgs/msg/detail/rover_speed_status__builder.hpp\n'}
[2.339101] (px4_msgs) StdoutLine: {'line': b'-- Up-to-date: /home/rschnurr/SkyClaw-Team1/ros2_ws/install/px4_msgs/include/px4_msgs/px4_msgs/msg/detail/vehicle_imu__traits.hpp\n'}
[2.339181] (px4_msgs) StdoutLine: {'line': b'-- Up-to-date: /home/rschnurr/SkyClaw-Team1/ros2_ws/install/px4_msgs/include/px4_msgs/px4_msgs/msg/detail/vehicle_air_data__traits.hpp\n'}
[2.339382] (px4_msgs) StdoutLine: {'line': b'-- Up-to-date: /home/rschnurr/SkyClaw-Team1/ros2_ws/install/px4_msgs/include/px4_msgs/px4_msgs/msg/detail/failure_detector_status__type_support.hpp\n'}
[2.339601] (px4_msgs) StdoutLine: {'line': b'-- Up-to-date: /home/rschnurr/SkyClaw-Team1/ros2_ws/install/px4_msgs/include/px4_msgs/px4_msgs/msg/detail/tune_control__type_support.hpp\n'}
[2.339936] (px4_msgs) StdoutLine: {'line': b'-- Up-to-date: /home/rschnurr/SkyClaw-Team1/ros2_ws/install/px4_msgs/include/px4_msgs/px4_msgs/msg/detail/sensors_status_imu__builder.hpp\n'}
[2.339999] (px4_msgs) StdoutLine: {'line': b'-- Up-to-date: /home/rschnurr/SkyClaw-Team1/ros2_ws/install/px4_msgs/include/px4_msgs/px4_msgs/msg/detail/rover_speed_setpoint__struct.hpp\n'}
[2.340048] (px4_msgs) StdoutLine: {'line': b'-- Up-to-date: /home/rschnurr/SkyClaw-Team1/ros2_ws/install/px4_msgs/include/px4_msgs/px4_msgs/msg/detail/battery_status__builder.hpp\n'}
[2.340082] (px4_msgs) StdoutLine: {'line': b'-- Up-to-date: /home/rschnurr/SkyClaw-Team1/ros2_ws/install/px4_msgs/include/px4_msgs/px4_msgs/msg/detail/position_setpoint__builder.hpp\n'}
[2.340114] (px4_msgs) StdoutLine: {'line': b'-- Up-to-date: /home/rschnurr/SkyClaw-Team1/ros2_ws/install/px4_msgs/include/px4_msgs/px4_msgs/msg/detail/fixed_wing_lateral_setpoint__struct.hpp\n'}
[2.340153] (px4_msgs) StdoutLine: {'line': b'-- Up-to-date: /home/rschnurr/SkyClaw-Team1/ros2_ws/install/px4_msgs/include/px4_msgs/px4_msgs/msg/detail/parameter_set_value_request__struct.hpp\n'}
[2.340186] (px4_msgs) StdoutLine: {'line': b'-- Up-to-date: /home/rschnurr/SkyClaw-Team1/ros2_ws/install/px4_msgs/include/px4_msgs/px4_msgs/msg/detail/vehicle_local_position__type_support.hpp\n'}
[2.340219] (px4_msgs) StdoutLine: {'line': b'-- Up-to-date: /home/rschnurr/SkyClaw-Team1/ros2_ws/install/px4_msgs/include/px4_msgs/px4_msgs/msg/detail/esc_report__builder.hpp\n'}
[2.340251] (px4_msgs) StdoutLine: {'line': b'-- Up-to-date: /home/rschnurr/SkyClaw-Team1/ros2_ws/install/px4_msgs/include/px4_msgs/px4_msgs/msg/detail/collision_constraints__struct.hpp\n'}
[2.340334] (px4_msgs) StdoutLine: {'line': b'-- Up-to-date: /home/rschnurr/SkyClaw-Team1/ros2_ws/install/px4_msgs/include/px4_msgs/px4_msgs/msg/detail/estimator_innovations__builder.hpp\n'}
[2.340454] (px4_msgs) StdoutLine: {'line': b'-- Up-to-date: /home/rschnurr/SkyClaw-Team1/ros2_ws/install/px4_msgs/include/px4_msgs/px4_msgs/msg/detail/estimator_gps_status__struct.hpp\n'}
[2.340506] (px4_msgs) StdoutLine: {'line': b'-- Up-to-date: /home/rschnurr/SkyClaw-Team1/ros2_ws/install/px4_msgs/include/px4_msgs/px4_msgs/msg/detail/sensor_gyro_fft__type_support.hpp\n'}
[2.340550] (px4_msgs) StdoutLine: {'line': b'-- Up-to-date: /home/rschnurr/SkyClaw-Team1/ros2_ws/install/px4_msgs/include/px4_msgs/px4_msgs/msg/detail/wheel_encoders__builder.hpp\n'}
[2.340591] (px4_msgs) StdoutLine: {'line': b'-- Up-to-date: /home/rschnurr/SkyClaw-Team1/ros2_ws/install/px4_msgs/include/px4_msgs/px4_msgs/msg/detail/follow_target_status__type_support.hpp\n'}
[2.340632] (px4_msgs) StdoutLine: {'line': b'-- Up-to-date: /home/rschnurr/SkyClaw-Team1/ros2_ws/install/px4_msgs/include/px4_msgs/px4_msgs/msg/detail/estimator_bias3d__traits.hpp\n'}
[2.340684] (px4_msgs) StdoutLine: {'line': b'-- Up-to-date: /home/rschnurr/SkyClaw-Team1/ros2_ws/install/px4_msgs/include/px4_msgs/px4_msgs/msg/detail/rover_rate_setpoint__traits.hpp\n'}
[2.340773] (px4_msgs) StdoutLine: {'line': b'-- Up-to-date: /home/rschnurr/SkyClaw-Team1/ros2_ws/install/px4_msgs/include/px4_msgs/px4_msgs/msg/detail/sensor_airflow__builder.hpp\n'}
[2.340867] (px4_msgs) StdoutLine: {'line': b'-- Up-to-date: /home/rschnurr/SkyClaw-Team1/ros2_ws/install/px4_msgs/include/px4_msgs/px4_msgs/msg/detail/tecs_status__type_support.hpp\n'}
[2.340943] (px4_msgs) StdoutLine: {'line': b'-- Up-to-date: /home/rschnurr/SkyClaw-Team1/ros2_ws/install/px4_msgs/include/px4_msgs/px4_msgs/msg/detail/arming_check_reply__builder.hpp\n'}
[2.340985] (px4_msgs) StdoutLine: {'line': b'-- Up-to-date: /home/rschnurr/SkyClaw-Team1/ros2_ws/install/px4_msgs/include/px4_msgs/px4_msgs/msg/detail/mag_worker_data__struct.hpp\n'}
[2.341021] (px4_msgs) StdoutLine: {'line': b'-- Up-to-date: /home/rschnurr/SkyClaw-Team1/ros2_ws/install/px4_msgs/include/px4_msgs/px4_msgs/msg/detail/gimbal_device_attitude_status__type_support.hpp\n'}
[2.341100] (px4_msgs) StdoutLine: {'line': b'-- Up-to-date: /home/rschnurr/SkyClaw-Team1/ros2_ws/install/px4_msgs/include/px4_msgs/px4_msgs/msg/detail/vehicle_imu_status__traits.hpp\n'}
[2.341211] (px4_msgs) StdoutLine: {'line': b'-- Up-to-date: /home/rschnurr/SkyClaw-Team1/ros2_ws/install/px4_msgs/include/px4_msgs/px4_msgs/msg/detail/gimbal_manager_status__struct.hpp\n'}
[2.341330] (px4_msgs) StdoutLine: {'line': b'-- Up-to-date: /home/rschnurr/SkyClaw-Team1/ros2_ws/install/px4_msgs/include/px4_msgs/px4_msgs/msg/detail/cpuload__builder.hpp\n'}
[2.341504] (px4_msgs) StdoutLine: {'line': b'-- Up-to-date: /home/rschnurr/SkyClaw-Team1/ros2_ws/install/px4_msgs/include/px4_msgs/px4_msgs/msg/detail/vehicle_control_mode__struct.hpp\n'}
[2.341639] (px4_msgs) StdoutLine: {'line': b'-- Up-to-date: /home/rschnurr/SkyClaw-Team1/ros2_ws/install/px4_msgs/include/px4_msgs/px4_msgs/msg/detail/mission__type_support.hpp\n'}
[2.341901] (px4_msgs) StdoutLine: {'line': b'-- Up-to-date: /home/rschnurr/SkyClaw-Team1/ros2_ws/install/px4_msgs/include/px4_msgs/px4_msgs/msg/detail/autotune_attitude_control_status__struct.hpp\n'}
[2.341958] (px4_msgs) StdoutLine: {'line': b'-- Up-to-date: /home/rschnurr/SkyClaw-Team1/ros2_ws/install/px4_msgs/include/px4_msgs/px4_msgs/msg/detail/vehicle_air_data__type_support.hpp\n'}
[2.341998] (px4_msgs) StdoutLine: {'line': b'-- Up-to-date: /home/rschnurr/SkyClaw-Team1/ros2_ws/install/px4_msgs/include/px4_msgs/px4_msgs/msg/detail/internal_combustion_engine_control__struct.hpp\n'}
[2.342032] (px4_msgs) StdoutLine: {'line': b'-- Up-to-date: /home/rschnurr/SkyClaw-Team1/ros2_ws/install/px4_msgs/include/px4_msgs/px4_msgs/msg/detail/open_drone_id_self_id__traits.hpp\n'}
[2.342065] (px4_msgs) StdoutLine: {'line': b'-- Up-to-date: /home/rschnurr/SkyClaw-Team1/ros2_ws/install/px4_msgs/include/px4_msgs/px4_msgs/msg/detail/normalized_unsigned_setpoint__traits.hpp\n'}
[2.342096] (px4_msgs) StdoutLine: {'line': b'-- Up-to-date: /home/rschnurr/SkyClaw-Team1/ros2_ws/install/px4_msgs/include/px4_msgs/px4_msgs/msg/detail/radio_status__builder.hpp\n'}
[2.342126] (px4_msgs) StdoutLine: {'line': b'-- Up-to-date: /home/rschnurr/SkyClaw-Team1/ros2_ws/install/px4_msgs/include/px4_msgs/px4_msgs/msg/detail/airspeed_validated__builder.hpp\n'}
[2.342170] (px4_msgs) StdoutLine: {'line': b'-- Up-to-date: /home/rschnurr/SkyClaw-Team1/ros2_ws/install/px4_msgs/include/px4_msgs/px4_msgs/msg/detail/ulog_stream_ack__builder.hpp\n'}
[2.342202] (px4_msgs) StdoutLine: {'line': b'-- Up-to-date: /home/rschnurr/SkyClaw-Team1/ros2_ws/install/px4_msgs/include/px4_msgs/px4_msgs/msg/detail/lateral_control_configuration__traits.hpp\n'}
[2.342232] (px4_msgs) StdoutLine: {'line': b'-- Up-to-date: /home/rschnurr/SkyClaw-Team1/ros2_ws/install/px4_msgs/include/px4_msgs/px4_msgs/msg/detail/vehicle_land_detected__type_support.hpp\n'}
[2.342341] (px4_msgs) StdoutLine: {'line': b'-- Up-to-date: /home/rschnurr/SkyClaw-Team1/ros2_ws/install/px4_msgs/include/px4_msgs/px4_msgs/msg/detail/open_drone_id_self_id__struct.hpp\n'}
[2.342391] (px4_msgs) StdoutLine: {'line': b'-- Up-to-date: /home/rschnurr/SkyClaw-Team1/ros2_ws/install/px4_msgs/include/px4_msgs/px4_msgs/msg/detail/health_report__type_support.hpp\n'}
[2.342430] (px4_msgs) StdoutLine: {'line': b'-- Up-to-date: /home/rschnurr/SkyClaw-Team1/ros2_ws/install/px4_msgs/include/px4_msgs/px4_msgs/msg/detail/home_position__struct.hpp\n'}
[2.342465] (px4_msgs) StdoutLine: {'line': b'-- Up-to-date: /home/rschnurr/SkyClaw-Team1/ros2_ws/install/px4_msgs/include/px4_msgs/px4_msgs/msg/detail/gimbal_manager_set_manual_control__traits.hpp\n'}
[2.342502] (px4_msgs) StdoutLine: {'line': b'-- Up-to-date: /home/rschnurr/SkyClaw-Team1/ros2_ws/install/px4_msgs/include/px4_msgs/px4_msgs/msg/detail/sensor_airflow__traits.hpp\n'}
[2.342537] (px4_msgs) StdoutLine: {'line': b'-- Up-to-date: /home/rschnurr/SkyClaw-Team1/ros2_ws/install/px4_msgs/include/px4_msgs/px4_msgs/msg/detail/rover_rate_status__traits.hpp\n'}
[2.342573] (px4_msgs) StdoutLine: {'line': b'-- Up-to-date: /home/rschnurr/SkyClaw-Team1/ros2_ws/install/px4_msgs/include/px4_msgs/px4_msgs/msg/detail/register_ext_component_reply__builder.hpp\n'}
[2.342608] (px4_msgs) StdoutLine: {'line': b'-- Up-to-date: /home/rschnurr/SkyClaw-Team1/ros2_ws/install/px4_msgs/include/px4_msgs/px4_msgs/msg/detail/sensor_combined__type_support.hpp\n'}
[2.342642] (px4_msgs) StdoutLine: {'line': b'-- Up-to-date: /home/rschnurr/SkyClaw-Team1/ros2_ws/install/px4_msgs/include/px4_msgs/px4_msgs/msg/detail/estimator_status_flags__struct.hpp\n'}
[2.342686] (px4_msgs) StdoutLine: {'line': b'-- Up-to-date: /home/rschnurr/SkyClaw-Team1/ros2_ws/install/px4_msgs/include/px4_msgs/px4_msgs/msg/detail/vehicle_optical_flow_vel__traits.hpp\n'}
[2.342723] (px4_msgs) StdoutLine: {'line': b'-- Up-to-date: /home/rschnurr/SkyClaw-Team1/ros2_ws/install/px4_msgs/include/px4_msgs/px4_msgs/msg/detail/button_event__type_support.hpp\n'}
[2.342792] (px4_msgs) StdoutLine: {'line': b'-- Up-to-date: /home/rschnurr/SkyClaw-Team1/ros2_ws/install/px4_msgs/include/px4_msgs/px4_msgs/msg/detail/control_allocator_status__type_support.hpp\n'}
[2.342836] (px4_msgs) StdoutLine: {'line': b'-- Up-to-date: /home/rschnurr/SkyClaw-Team1/ros2_ws/install/px4_msgs/include/px4_msgs/px4_msgs/msg/detail/parameter_set_value_response__traits.hpp\n'}
[2.342873] (px4_msgs) StdoutLine: {'line': b'-- Up-to-date: /home/rschnurr/SkyClaw-Team1/ros2_ws/install/px4_msgs/include/px4_msgs/px4_msgs/msg/detail/normalized_unsigned_setpoint__builder.hpp\n'}
[2.342919] (px4_msgs) StdoutLine: {'line': b'-- Up-to-date: /home/rschnurr/SkyClaw-Team1/ros2_ws/install/px4_msgs/include/px4_msgs/px4_msgs/msg/detail/sensor_optical_flow__type_support.hpp\n'}
[2.342952] (px4_msgs) StdoutLine: {'line': b'-- Up-to-date: /home/rschnurr/SkyClaw-Team1/ros2_ws/install/px4_msgs/include/px4_msgs/px4_msgs/msg/detail/takeoff_status__struct.hpp\n'}
[2.342988] (px4_msgs) StdoutLine: {'line': b'-- Up-to-date: /home/rschnurr/SkyClaw-Team1/ros2_ws/install/px4_msgs/include/px4_msgs/px4_msgs/msg/detail/estimator_states__traits.hpp\n'}
[2.343025] (px4_msgs) StdoutLine: {'line': b'-- Up-to-date: /home/rschnurr/SkyClaw-Team1/ros2_ws/install/px4_msgs/include/px4_msgs/px4_msgs/msg/detail/uavcan_parameter_request__struct.hpp\n'}
[2.343057] (px4_msgs) StdoutLine: {'line': b'-- Up-to-date: /home/rschnurr/SkyClaw-Team1/ros2_ws/install/px4_msgs/include/px4_msgs/px4_msgs/msg/detail/estimator_gps_status__traits.hpp\n'}
[2.343088] (px4_msgs) StdoutLine: {'line': b'-- Up-to-date: /home/rschnurr/SkyClaw-Team1/ros2_ws/install/px4_msgs/include/px4_msgs/px4_msgs/msg/detail/vehicle_local_position_setpoint__struct.hpp\n'}
[2.343123] (px4_msgs) StdoutLine: {'line': b'-- Up-to-date: /home/rschnurr/SkyClaw-Team1/ros2_ws/install/px4_msgs/include/px4_msgs/px4_msgs/msg/detail/velocity_limits__struct.hpp\n'}
[2.343158] (px4_msgs) StdoutLine: {'line': b'-- Up-to-date: /home/rschnurr/SkyClaw-Team1/ros2_ws/install/px4_msgs/include/px4_msgs/px4_msgs/msg/detail/heater_status__type_support.hpp\n'}
[2.343191] (px4_msgs) StdoutLine: {'line': b'-- Up-to-date: /home/rschnurr/SkyClaw-Team1/ros2_ws/install/px4_msgs/include/px4_msgs/px4_msgs/msg/detail/debug_value__traits.hpp\n'}
[2.343224] (px4_msgs) StdoutLine: {'line': b'-- Up-to-date: /home/rschnurr/SkyClaw-Team1/ros2_ws/install/px4_msgs/include/px4_msgs/px4_msgs/msg/detail/fixed_wing_lateral_status__type_support.hpp\n'}
[2.343257] (px4_msgs) StdoutLine: {'line': b'-- Up-to-date: /home/rschnurr/SkyClaw-Team1/ros2_ws/install/px4_msgs/include/px4_msgs/px4_msgs/msg/detail/airspeed_wind__builder.hpp\n'}
[2.343291] (px4_msgs) StdoutLine: {'line': b'-- Up-to-date: /home/rschnurr/SkyClaw-Team1/ros2_ws/install/px4_msgs/include/px4_msgs/px4_msgs/msg/detail/onboard_computer_status__struct.hpp\n'}
[2.343324] (px4_msgs) StdoutLine: {'line': b'-- Up-to-date: /home/rschnurr/SkyClaw-Team1/ros2_ws/install/px4_msgs/include/px4_msgs/px4_msgs/msg/detail/camera_capture__traits.hpp\n'}
[2.343357] (px4_msgs) StdoutLine: {'line': b'-- Up-to-date: /home/rschnurr/SkyClaw-Team1/ros2_ws/install/px4_msgs/include/px4_msgs/px4_msgs/msg/detail/orb_test_medium__struct.hpp\n'}
[2.343389] (px4_msgs) StdoutLine: {'line': b'-- Up-to-date: /home/rschnurr/SkyClaw-Team1/ros2_ws/install/px4_msgs/include/px4_msgs/px4_msgs/msg/detail/power_monitor__struct.hpp\n'}
[2.343421] (px4_msgs) StdoutLine: {'line': b'-- Up-to-date: /home/rschnurr/SkyClaw-Team1/ros2_ws/install/px4_msgs/include/px4_msgs/px4_msgs/msg/detail/rover_speed_setpoint__traits.hpp\n'}
[2.343453] (px4_msgs) StdoutLine: {'line': b'-- Up-to-date: /home/rschnurr/SkyClaw-Team1/ros2_ws/install/px4_msgs/include/px4_msgs/px4_msgs/msg/detail/rate_ctrl_status__struct.hpp\n'}
[2.343491] (px4_msgs) StdoutLine: {'line': b'-- Up-to-date: /home/rschnurr/SkyClaw-Team1/ros2_ws/install/px4_msgs/include/px4_msgs/px4_msgs/msg/detail/geofence_result__struct.hpp\n'}
[2.343522] (px4_msgs) StdoutLine: {'line': b'-- Up-to-date: /home/rschnurr/SkyClaw-Team1/ros2_ws/install/px4_msgs/include/px4_msgs/px4_msgs/msg/detail/sensors_status_imu__type_support.hpp\n'}
[2.343555] (px4_msgs) StdoutLine: {'line': b'-- Up-to-date: /home/rschnurr/SkyClaw-Team1/ros2_ws/install/px4_msgs/include/px4_msgs/px4_msgs/msg/detail/rover_position_setpoint__builder.hpp\n'}
[2.343587] (px4_msgs) StdoutLine: {'line': b'-- Up-to-date: /home/rschnurr/SkyClaw-Team1/ros2_ws/install/px4_msgs/include/px4_msgs/px4_msgs/msg/detail/gps_dump__type_support.hpp\n'}
[2.343650] (px4_msgs) StdoutLine: {'line': b'-- Up-to-date: /home/rschnurr/SkyClaw-Team1/ros2_ws/install/px4_msgs/include/px4_msgs/px4_msgs/msg/detail/rover_attitude_status__builder.hpp\n'}
[2.343696] (px4_msgs) StdoutLine: {'line': b'-- Up-to-date: /home/rschnurr/SkyClaw-Team1/ros2_ws/install/px4_msgs/include/px4_msgs/px4_msgs/msg/detail/unregister_ext_component__traits.hpp\n'}
[2.343790] (px4_msgs) StdoutLine: {'line': b'-- Up-to-date: /home/rschnurr/SkyClaw-Team1/ros2_ws/install/px4_msgs/include/px4_msgs/px4_msgs/msg/detail/cellular_status__builder.hpp\n'}
[2.343836] (px4_msgs) StdoutLine: {'line': b'-- Up-to-date: /home/rschnurr/SkyClaw-Team1/ros2_ws/install/px4_msgs/include/px4_msgs/px4_msgs/msg/detail/vehicle_status__traits.hpp\n'}
[2.343873] (px4_msgs) StdoutLine: {'line': b'-- Up-to-date: /home/rschnurr/SkyClaw-Team1/ros2_ws/install/px4_msgs/include/px4_msgs/px4_msgs/msg/detail/airspeed__builder.hpp\n'}
[2.343909] (px4_msgs) StdoutLine: {'line': b'-- Up-to-date: /home/rschnurr/SkyClaw-Team1/ros2_ws/install/px4_msgs/include/px4_msgs/px4_msgs/msg/detail/gimbal_manager_status__type_support.hpp\n'}
[2.343941] (px4_msgs) StdoutLine: {'line': b'-- Up-to-date: /home/rschnurr/SkyClaw-Team1/ros2_ws/install/px4_msgs/include/px4_msgs/px4_msgs/msg/detail/open_drone_id_operator_id__type_support.hpp\n'}
[2.343971] (px4_msgs) StdoutLine: {'line': b'-- Up-to-date: /home/rschnurr/SkyClaw-Team1/ros2_ws/install/px4_msgs/include/px4_msgs/px4_msgs/msg/detail/gimbal_manager_status__builder.hpp\n'}
[2.344001] (px4_msgs) StdoutLine: {'line': b'-- Up-to-date: /home/rschnurr/SkyClaw-Team1/ros2_ws/install/px4_msgs/include/px4_msgs/px4_msgs/msg/detail/position_setpoint_triplet__builder.hpp\n'}
[2.344044] (px4_msgs) StdoutLine: {'line': b'-- Up-to-date: /home/rschnurr/SkyClaw-Team1/ros2_ws/install/px4_msgs/include/px4_msgs/px4_msgs/msg/detail/rate_ctrl_status__type_support.hpp\n'}
[2.344074] (px4_msgs) StdoutLine: {'line': b'-- Up-to-date: /home/rschnurr/SkyClaw-Team1/ros2_ws/install/px4_msgs/include/px4_msgs/px4_msgs/msg/detail/estimator_bias__builder.hpp\n'}
[2.344103] (px4_msgs) StdoutLine: {'line': b'-- Up-to-date: /home/rschnurr/SkyClaw-Team1/ros2_ws/install/px4_msgs/include/px4_msgs/px4_msgs/msg/detail/generator_status__struct.hpp\n'}
[2.344166] (px4_msgs) StdoutLine: {'line': b'-- Up-to-date: /home/rschnurr/SkyClaw-Team1/ros2_ws/install/px4_msgs/include/px4_msgs/px4_msgs/msg/detail/obstacle_distance__traits.hpp\n'}
[2.344211] (px4_msgs) StdoutLine: {'line': b'-- Up-to-date: /home/rschnurr/SkyClaw-Team1/ros2_ws/install/px4_msgs/include/px4_msgs/px4_msgs/msg/detail/sensor_gnss_relative__traits.hpp\n'}
[2.344247] (px4_msgs) StdoutLine: {'line': b'-- Up-to-date: /home/rschnurr/SkyClaw-Team1/ros2_ws/install/px4_msgs/include/px4_msgs/px4_msgs/msg/detail/vehicle_torque_setpoint__traits.hpp\n'}
[2.344279] (px4_msgs) StdoutLine: {'line': b'-- Up-to-date: /home/rschnurr/SkyClaw-Team1/ros2_ws/install/px4_msgs/include/px4_msgs/px4_msgs/msg/detail/rover_attitude_status__traits.hpp\n'}
[2.344310] (px4_msgs) StdoutLine: {'line': b'-- Up-to-date: /home/rschnurr/SkyClaw-Team1/ros2_ws/install/px4_msgs/include/px4_msgs/px4_msgs/msg/detail/failure_detector_status__struct.hpp\n'}
[2.344342] (px4_msgs) StdoutLine: {'line': b'-- Up-to-date: /home/rschnurr/SkyClaw-Team1/ros2_ws/install/px4_msgs/include/px4_msgs/px4_msgs/msg/detail/sensor_correction__type_support.hpp\n'}
[2.344385] (px4_msgs) StdoutLine: {'line': b'-- Up-to-date: /home/rschnurr/SkyClaw-Team1/ros2_ws/install/px4_msgs/include/px4_msgs/px4_msgs/msg/detail/landing_target_innovations__traits.hpp\n'}
[2.344417] (px4_msgs) StdoutLine: {'line': b'-- Up-to-date: /home/rschnurr/SkyClaw-Team1/ros2_ws/install/px4_msgs/include/px4_msgs/px4_msgs/msg/detail/rover_steering_setpoint__builder.hpp\n'}
[2.344449] (px4_msgs) StdoutLine: {'line': b'-- Up-to-date: /home/rschnurr/SkyClaw-Team1/ros2_ws/install/px4_msgs/include/px4_msgs/px4_msgs/msg/detail/gpio_config__traits.hpp\n'}
[2.344481] (px4_msgs) StdoutLine: {'line': b'-- Up-to-date: /home/rschnurr/SkyClaw-Team1/ros2_ws/install/px4_msgs/include/px4_msgs/px4_msgs/msg/detail/pps_capture__traits.hpp\n'}
[2.344512] (px4_msgs) StdoutLine: {'line': b'-- Up-to-date: /home/rschnurr/SkyClaw-Team1/ros2_ws/install/px4_msgs/include/px4_msgs/px4_msgs/msg/detail/mag_worker_data__builder.hpp\n'}
[2.344544] (px4_msgs) StdoutLine: {'line': b'-- Up-to-date: /home/rschnurr/SkyClaw-Team1/ros2_ws/install/px4_msgs/include/px4_msgs/px4_msgs/msg/detail/logger_status__traits.hpp\n'}
[2.344574] (px4_msgs) StdoutLine: {'line': b'-- Up-to-date: /home/rschnurr/SkyClaw-Team1/ros2_ws/install/px4_msgs/include/px4_msgs/px4_msgs/msg/detail/wheel_encoders__struct.hpp\n'}
[2.344605] (px4_msgs) StdoutLine: {'line': b'-- Up-to-date: /home/rschnurr/SkyClaw-Team1/ros2_ws/install/px4_msgs/include/px4_msgs/px4_msgs/msg/detail/actuator_servos__struct.hpp\n'}
[2.344636] (px4_msgs) StdoutLine: {'line': b'-- Up-to-date: /home/rschnurr/SkyClaw-Team1/ros2_ws/install/px4_msgs/include/px4_msgs/px4_msgs/msg/detail/manual_control_switches__type_support.hpp\n'}
[2.344667] (px4_msgs) StdoutLine: {'line': b'-- Up-to-date: /home/rschnurr/SkyClaw-Team1/ros2_ws/install/px4_msgs/include/px4_msgs/px4_msgs/msg/detail/fuel_tank_status__type_support.hpp\n'}
[2.344699] (px4_msgs) StdoutLine: {'line': b'-- Up-to-date: /home/rschnurr/SkyClaw-Team1/ros2_ws/install/px4_msgs/include/px4_msgs/px4_msgs/msg/detail/pwm_input__traits.hpp\n'}
[2.344730] (px4_msgs) StdoutLine: {'line': b'-- Up-to-date: /home/rschnurr/SkyClaw-Team1/ros2_ws/install/px4_msgs/include/px4_msgs/px4_msgs/msg/detail/gimbal_manager_information__struct.hpp\n'}
[2.344761] (px4_msgs) StdoutLine: {'line': b'-- Up-to-date: /home/rschnurr/SkyClaw-Team1/ros2_ws/install/px4_msgs/include/px4_msgs/px4_msgs/msg/detail/vehicle_optical_flow__builder.hpp\n'}
[2.344792] (px4_msgs) StdoutLine: {'line': b'-- Up-to-date: /home/rschnurr/SkyClaw-Team1/ros2_ws/install/px4_msgs/include/px4_msgs/px4_msgs/msg/detail/mag_worker_data__traits.hpp\n'}
[2.344823] (px4_msgs) StdoutLine: {'line': b'-- Up-to-date: /home/rschnurr/SkyClaw-Team1/ros2_ws/install/px4_msgs/include/px4_msgs/px4_msgs/msg/detail/gpio_in__builder.hpp\n'}
[2.344855] (px4_msgs) StdoutLine: {'line': b'-- Up-to-date: /home/rschnurr/SkyClaw-Team1/ros2_ws/install/px4_msgs/include/px4_msgs/px4_msgs/msg/detail/hover_thrust_estimate__type_support.hpp\n'}
[2.344889] (px4_msgs) StdoutLine: {'line': b'-- Up-to-date: /home/rschnurr/SkyClaw-Team1/ros2_ws/install/px4_msgs/include/px4_msgs/px4_msgs/msg/detail/sensor_combined__traits.hpp\n'}
[2.344952] (px4_msgs) StdoutLine: {'line': b'-- Up-to-date: /home/rschnurr/SkyClaw-Team1/ros2_ws/install/px4_msgs/include/px4_msgs/px4_msgs/msg/detail/vehicle_angular_velocity__struct.hpp\n'}
[2.344998] (px4_msgs) StdoutLine: {'line': b'-- Up-to-date: /home/rschnurr/SkyClaw-Team1/ros2_ws/install/px4_msgs/include/px4_msgs/px4_msgs/msg/detail/gimbal_device_attitude_status__traits.hpp\n'}
[2.345040] (px4_msgs) StdoutLine: {'line': b'-- Up-to-date: /home/rschnurr/SkyClaw-Team1/ros2_ws/install/px4_msgs/include/px4_msgs/px4_msgs/msg/detail/sensors_status__type_support.hpp\n'}
[2.345077] (px4_msgs) StdoutLine: {'line': b'-- Up-to-date: /home/rschnurr/SkyClaw-Team1/ros2_ws/install/px4_msgs/include/px4_msgs/px4_msgs/msg/detail/yaw_estimator_status__type_support.hpp\n'}
[2.345107] (px4_msgs) StdoutLine: {'line': b'-- Up-to-date: /home/rschnurr/SkyClaw-Team1/ros2_ws/install/px4_msgs/include/px4_msgs/px4_msgs/msg/detail/logger_status__builder.hpp\n'}
[2.345142] (px4_msgs) StdoutLine: {'line': b'-- Up-to-date: /home/rschnurr/SkyClaw-Team1/ros2_ws/install/px4_msgs/include/px4_msgs/px4_msgs/msg/detail/gripper__struct.hpp\n'}
[2.345172] (px4_msgs) StdoutLine: {'line': b'-- Up-to-date: /home/rschnurr/SkyClaw-Team1/ros2_ws/install/px4_msgs/include/px4_msgs/px4_msgs/msg/detail/trajectory_setpoint__type_support.hpp\n'}
[2.345203] (px4_msgs) StdoutLine: {'line': b'-- Up-to-date: /home/rschnurr/SkyClaw-Team1/ros2_ws/install/px4_msgs/include/px4_msgs/px4_msgs/msg/detail/uavcan_parameter_request__traits.hpp\n'}
[2.345236] (px4_msgs) StdoutLine: {'line': b'-- Up-to-date: /home/rschnurr/SkyClaw-Team1/ros2_ws/install/px4_msgs/include/px4_msgs/px4_msgs/msg/detail/position_setpoint__traits.hpp\n'}
[2.345267] (px4_msgs) StdoutLine: {'line': b'-- Up-to-date: /home/rschnurr/SkyClaw-Team1/ros2_ws/install/px4_msgs/include/px4_msgs/px4_msgs/msg/detail/radio_status__type_support.hpp\n'}
[2.345299] (px4_msgs) StdoutLine: {'line': b'-- Up-to-date: /home/rschnurr/SkyClaw-Team1/ros2_ws/install/px4_msgs/include/px4_msgs/px4_msgs/msg/detail/estimator_event_flags__builder.hpp\n'}
[2.345331] (px4_msgs) StdoutLine: {'line': b'-- Up-to-date: /home/rschnurr/SkyClaw-Team1/ros2_ws/install/px4_msgs/include/px4_msgs/px4_msgs/msg/detail/sensor_correction__struct.hpp\n'}
[2.345364] (px4_msgs) StdoutLine: {'line': b'-- Up-to-date: /home/rschnurr/SkyClaw-Team1/ros2_ws/install/px4_msgs/include/px4_msgs/px4_msgs/msg/detail/autotune_attitude_control_status__builder.hpp\n'}
[2.345500] (px4_msgs) StdoutLine: {'line': b'-- Up-to-date: /home/rschnurr/SkyClaw-Team1/ros2_ws/install/px4_msgs/include/px4_msgs/px4_msgs/msg/detail/estimator_bias3d__struct.hpp\n'}
[2.345653] (px4_msgs) StdoutLine: {'line': b'-- Up-to-date: /home/rschnurr/SkyClaw-Team1/ros2_ws/install/px4_msgs/include/px4_msgs/px4_msgs/msg/detail/dronecan_node_status__type_support.hpp\n'}
[2.345699] (px4_msgs) StdoutLine: {'line': b'-- Up-to-date: /home/rschnurr/SkyClaw-Team1/ros2_ws/install/px4_msgs/include/px4_msgs/px4_msgs/msg/detail/distance_sensor__struct.hpp\n'}
[2.345735] (px4_msgs) StdoutLine: {'line': b'-- Up-to-date: /home/rschnurr/SkyClaw-Team1/ros2_ws/install/px4_msgs/include/px4_msgs/px4_msgs/msg/detail/gimbal_manager_information__type_support.hpp\n'}
[2.345770] (px4_msgs) StdoutLine: {'line': b'-- Up-to-date: /home/rschnurr/SkyClaw-Team1/ros2_ws/install/px4_msgs/include/px4_msgs/px4_msgs/msg/detail/estimator_status__type_support.hpp\n'}
[2.345849] (px4_msgs) StdoutLine: {'line': b'-- Up-to-date: /home/rschnurr/SkyClaw-Team1/ros2_ws/install/px4_msgs/include/px4_msgs/px4_msgs/msg/detail/qshell_retval__builder.hpp\n'}
[2.345907] (px4_msgs) StdoutLine: {'line': b'-- Up-to-date: /home/rschnurr/SkyClaw-Team1/ros2_ws/install/px4_msgs/include/px4_msgs/px4_msgs/msg/detail/offboard_control_mode__struct.hpp\n'}
[2.345944] (px4_msgs) StdoutLine: {'line': b'-- Up-to-date: /home/rschnurr/SkyClaw-Team1/ros2_ws/install/px4_msgs/include/px4_msgs/px4_msgs/msg/detail/pwm_input__struct.hpp\n'}
[2.346089] (px4_msgs) StdoutLine: {'line': b'-- Up-to-date: /home/rschnurr/SkyClaw-Team1/ros2_ws/install/px4_msgs/include/px4_msgs/px4_msgs/msg/detail/vehicle_attitude__builder.hpp\n'}
[2.346172] (px4_msgs) StdoutLine: {'line': b'-- Up-to-date: /home/rschnurr/SkyClaw-Team1/ros2_ws/install/px4_msgs/include/px4_msgs/px4_msgs/msg/detail/ping__builder.hpp\n'}
[2.346210] (px4_msgs) StdoutLine: {'line': b'-- Up-to-date: /home/rschnurr/SkyClaw-Team1/ros2_ws/install/px4_msgs/include/px4_msgs/px4_msgs/msg/detail/home_position__type_support.hpp\n'}
[2.346243] (px4_msgs) StdoutLine: {'line': b'-- Up-to-date: /home/rschnurr/SkyClaw-Team1/ros2_ws/install/px4_msgs/include/px4_msgs/px4_msgs/msg/detail/gpio_out__struct.hpp\n'}
[2.346446] (px4_msgs) StdoutLine: {'line': b'-- Up-to-date: /home/rschnurr/SkyClaw-Team1/ros2_ws/install/px4_msgs/include/px4_msgs/px4_msgs/msg/detail/pure_pursuit_status__struct.hpp\n'}
[2.346492] (px4_msgs) StdoutLine: {'line': b'-- Up-to-date: /home/rschnurr/SkyClaw-Team1/ros2_ws/install/px4_msgs/include/px4_msgs/px4_msgs/msg/detail/magnetometer_bias_estimate__struct.hpp\n'}
[2.346532] (px4_msgs) StdoutLine: {'line': b'-- Up-to-date: /home/rschnurr/SkyClaw-Team1/ros2_ws/install/px4_msgs/include/px4_msgs/px4_msgs/msg/detail/rc_channels__type_support.hpp\n'}
[2.346557] (px4_msgs) StdoutLine: {'line': b'-- Up-to-date: /home/rschnurr/SkyClaw-Team1/ros2_ws/install/px4_msgs/include/px4_msgs/px4_msgs/msg/detail/qshell_retval__struct.hpp\n'}
[2.346584] (px4_msgs) StdoutLine: {'line': b'-- Up-to-date: /home/rschnurr/SkyClaw-Team1/ros2_ws/install/px4_msgs/include/px4_msgs/px4_msgs/msg/detail/ulog_stream_ack__type_support.hpp\n'}
[2.346614] (px4_msgs) StdoutLine: {'line': b'-- Up-to-date: /home/rschnurr/SkyClaw-Team1/ros2_ws/install/px4_msgs/include/px4_msgs/px4_msgs/msg/detail/camera_status__struct.hpp\n'}
[2.346643] (px4_msgs) StdoutLine: {'line': b'-- Up-to-date: /home/rschnurr/SkyClaw-Team1/ros2_ws/install/px4_msgs/include/px4_msgs/px4_msgs/msg/detail/ekf2_timestamps__struct.hpp\n'}
[2.346667] (px4_msgs) StdoutLine: {'line': b'-- Up-to-date: /home/rschnurr/SkyClaw-Team1/ros2_ws/install/px4_msgs/include/px4_msgs/px4_msgs/msg/detail/airspeed__struct.hpp\n'}
[2.346701] (px4_msgs) StdoutLine: {'line': b'-- Up-to-date: /home/rschnurr/SkyClaw-Team1/ros2_ws/install/px4_msgs/include/px4_msgs/px4_msgs/msg/detail/rover_attitude_status__type_support.hpp\n'}
[2.346726] (px4_msgs) StdoutLine: {'line': b'-- Up-to-date: /home/rschnurr/SkyClaw-Team1/ros2_ws/install/px4_msgs/include/px4_msgs/px4_msgs/msg/detail/debug_vect__type_support.hpp\n'}
[2.346748] (px4_msgs) StdoutLine: {'line': b'-- Up-to-date: /home/rschnurr/SkyClaw-Team1/ros2_ws/install/px4_msgs/include/px4_msgs/px4_msgs/msg/detail/parameter_update__traits.hpp\n'}
[2.346770] (px4_msgs) StdoutLine: {'line': b'-- Up-to-date: /home/rschnurr/SkyClaw-Team1/ros2_ws/install/px4_msgs/include/px4_msgs/px4_msgs/msg/detail/estimator_states__struct.hpp\n'}
[2.346793] (px4_msgs) StdoutLine: {'line': b'-- Up-to-date: /home/rschnurr/SkyClaw-Team1/ros2_ws/install/px4_msgs/include/px4_msgs/px4_msgs/msg/detail/figure_eight_status__builder.hpp\n'}
[2.346814] (px4_msgs) StdoutLine: {'line': b'-- Up-to-date: /home/rschnurr/SkyClaw-Team1/ros2_ws/install/px4_msgs/include/px4_msgs/px4_msgs/msg/detail/estimator_innovations__type_support.hpp\n'}
[2.346835] (px4_msgs) StdoutLine: {'line': b'-- Up-to-date: /home/rschnurr/SkyClaw-Team1/ros2_ws/install/px4_msgs/include/px4_msgs/px4_msgs/msg/detail/estimator_event_flags__struct.hpp\n'}
[2.346856] (px4_msgs) StdoutLine: {'line': b'-- Up-to-date: /home/rschnurr/SkyClaw-Team1/ros2_ws/install/px4_msgs/include/px4_msgs/px4_msgs/msg/detail/telemetry_status__struct.hpp\n'}
[2.346879] (px4_msgs) StdoutLine: {'line': b'-- Up-to-date: /home/rschnurr/SkyClaw-Team1/ros2_ws/install/px4_msgs/include/px4_msgs/px4_msgs/msg/detail/navigator_status__struct.hpp\n'}
[2.346900] (px4_msgs) StdoutLine: {'line': b'-- Up-to-date: /home/rschnurr/SkyClaw-Team1/ros2_ws/install/px4_msgs/include/px4_msgs/px4_msgs/msg/detail/position_setpoint_triplet__struct.hpp\n'}
[2.346921] (px4_msgs) StdoutLine: {'line': b'-- Up-to-date: /home/rschnurr/SkyClaw-Team1/ros2_ws/install/px4_msgs/include/px4_msgs/px4_msgs/msg/detail/vtol_vehicle_status__traits.hpp\n'}
[2.346942] (px4_msgs) StdoutLine: {'line': b'-- Up-to-date: /home/rschnurr/SkyClaw-Team1/ros2_ws/install/px4_msgs/include/px4_msgs/px4_msgs/msg/detail/gimbal_controls__builder.hpp\n'}
[2.346962] (px4_msgs) StdoutLine: {'line': b'-- Up-to-date: /home/rschnurr/SkyClaw-Team1/ros2_ws/install/px4_msgs/include/px4_msgs/px4_msgs/msg/detail/sensor_mag__type_support.hpp\n'}
[2.346981] (px4_msgs) StdoutLine: {'line': b'-- Up-to-date: /home/rschnurr/SkyClaw-Team1/ros2_ws/install/px4_msgs/include/px4_msgs/px4_msgs/msg/detail/estimator_status_flags__type_support.hpp\n'}
[2.347002] (px4_msgs) StdoutLine: {'line': b'-- Up-to-date: /home/rschnurr/SkyClaw-Team1/ros2_ws/install/px4_msgs/include/px4_msgs/px4_msgs/msg/detail/navigator_mission_item__type_support.hpp\n'}
[2.347022] (px4_msgs) StdoutLine: {'line': b'-- Up-to-date: /home/rschnurr/SkyClaw-Team1/ros2_ws/install/px4_msgs/include/px4_msgs/px4_msgs/msg/detail/adc_report__traits.hpp\n'}
[2.347044] (px4_msgs) StdoutLine: {'line': b'-- Up-to-date: /home/rschnurr/SkyClaw-Team1/ros2_ws/install/px4_msgs/include/px4_msgs/px4_msgs/msg/detail/actuator_test__struct.hpp\n'}
[2.347063] (px4_msgs) StdoutLine: {'line': b'-- Up-to-date: /home/rschnurr/SkyClaw-Team1/ros2_ws/install/px4_msgs/include/px4_msgs/px4_msgs/msg/detail/unregister_ext_component__builder.hpp\n'}
[2.347088] (px4_msgs) StdoutLine: {'line': b'-- Up-to-date: /home/rschnurr/SkyClaw-Team1/ros2_ws/install/px4_msgs/include/px4_msgs/px4_msgs/msg/detail/ulog_stream__builder.hpp\n'}
[2.347108] (px4_msgs) StdoutLine: {'line': b'-- Up-to-date: /home/rschnurr/SkyClaw-Team1/ros2_ws/install/px4_msgs/include/px4_msgs/px4_msgs/msg/detail/sensor_gyro_fft__struct.hpp\n'}
[2.347128] (px4_msgs) StdoutLine: {'line': b'-- Up-to-date: /home/rschnurr/SkyClaw-Team1/ros2_ws/install/px4_msgs/include/px4_msgs/px4_msgs/msg/detail/gimbal_manager_set_attitude__struct.hpp\n'}
[2.347163] (px4_msgs) StdoutLine: {'line': b'-- Up-to-date: /home/rschnurr/SkyClaw-Team1/ros2_ws/install/px4_msgs/include/px4_msgs/px4_msgs/msg/detail/mavlink_log__traits.hpp\n'}
[2.347236] (px4_msgs) StdoutLine: {'line': b'-- Up-to-date: /home/rschnurr/SkyClaw-Team1/ros2_ws/install/px4_msgs/include/px4_msgs/px4_msgs/msg/detail/distance_sensor__type_support.hpp\n'}
[2.347366] (px4_msgs) StdoutLine: {'line': b'-- Up-to-date: /home/rschnurr/SkyClaw-Team1/ros2_ws/install/px4_msgs/include/px4_msgs/px4_msgs/msg/detail/parameter_update__builder.hpp\n'}
[2.347419] (px4_msgs) StdoutLine: {'line': b'-- Up-to-date: /home/rschnurr/SkyClaw-Team1/ros2_ws/install/px4_msgs/include/px4_msgs/px4_msgs/msg/detail/manual_control_setpoint__traits.hpp\n'}
[2.347461] (px4_msgs) StdoutLine: {'line': b'-- Up-to-date: /home/rschnurr/SkyClaw-Team1/ros2_ws/install/px4_msgs/include/px4_msgs/px4_msgs/msg/detail/vehicle_local_position_setpoint__builder.hpp\n'}
[2.347488] (px4_msgs) StdoutLine: {'line': b'-- Up-to-date: /home/rschnurr/SkyClaw-Team1/ros2_ws/install/px4_msgs/include/px4_msgs/px4_msgs/msg/detail/gimbal_device_attitude_status__builder.hpp\n'}
[2.347512] (px4_msgs) StdoutLine: {'line': b'-- Up-to-date: /home/rschnurr/SkyClaw-Team1/ros2_ws/install/px4_msgs/include/px4_msgs/px4_msgs/msg/detail/ekf2_timestamps__traits.hpp\n'}
[2.347537] (px4_msgs) StdoutLine: {'line': b'-- Up-to-date: /home/rschnurr/SkyClaw-Team1/ros2_ws/install/px4_msgs/include/px4_msgs/px4_msgs/msg/detail/dataman_request__struct.hpp\n'}
[2.347565] (px4_msgs) StdoutLine: {'line': b'-- Up-to-date: /home/rschnurr/SkyClaw-Team1/ros2_ws/install/px4_msgs/include/px4_msgs/px4_msgs/msg/detail/irlock_report__struct.hpp\n'}
[2.347597] (px4_msgs) StdoutLine: {'line': b'-- Up-to-date: /home/rschnurr/SkyClaw-Team1/ros2_ws/install/px4_msgs/include/px4_msgs/px4_msgs/msg/detail/estimator_states__type_support.hpp\n'}
[2.347623] (px4_msgs) StdoutLine: {'line': b'-- Up-to-date: /home/rschnurr/SkyClaw-Team1/ros2_ws/install/px4_msgs/include/px4_msgs/px4_msgs/msg/detail/geofence_result__type_support.hpp\n'}
[2.347651] (px4_msgs) StdoutLine: {'line': b'-- Up-to-date: /home/rschnurr/SkyClaw-Team1/ros2_ws/install/px4_msgs/include/px4_msgs/px4_msgs/msg/detail/system_power__builder.hpp\n'}
[2.347676] (px4_msgs) StdoutLine: {'line': b'-- Up-to-date: /home/rschnurr/SkyClaw-Team1/ros2_ws/install/px4_msgs/include/px4_msgs/px4_msgs/msg/detail/sensor_accel_fifo__builder.hpp\n'}
[2.347701] (px4_msgs) StdoutLine: {'line': b'-- Up-to-date: /home/rschnurr/SkyClaw-Team1/ros2_ws/install/px4_msgs/include/px4_msgs/px4_msgs/msg/detail/debug_value__builder.hpp\n'}
[2.347727] (px4_msgs) StdoutLine: {'line': b'-- Up-to-date: /home/rschnurr/SkyClaw-Team1/ros2_ws/install/px4_msgs/include/px4_msgs/px4_msgs/msg/detail/fixed_wing_lateral_status__struct.hpp\n'}
[2.347753] (px4_msgs) StdoutLine: {'line': b'-- Up-to-date: /home/rschnurr/SkyClaw-Team1/ros2_ws/install/px4_msgs/include/px4_msgs/px4_msgs/msg/detail/rpm__type_support.hpp\n'}
[2.347779] (px4_msgs) StdoutLine: {'line': b'-- Up-to-date: /home/rschnurr/SkyClaw-Team1/ros2_ws/install/px4_msgs/include/px4_msgs/px4_msgs/msg/detail/vehicle_constraints__traits.hpp\n'}
[2.347806] (px4_msgs) StdoutLine: {'line': b'-- Up-to-date: /home/rschnurr/SkyClaw-Team1/ros2_ws/install/px4_msgs/include/px4_msgs/px4_msgs/msg/detail/open_drone_id_arm_status__type_support.hpp\n'}
[2.347832] (px4_msgs) StdoutLine: {'line': b'-- Up-to-date: /home/rschnurr/SkyClaw-Team1/ros2_ws/install/px4_msgs/include/px4_msgs/px4_msgs/msg/detail/offboard_control_mode__type_support.hpp\n'}
[2.347858] (px4_msgs) StdoutLine: {'line': b'-- Up-to-date: /home/rschnurr/SkyClaw-Team1/ros2_ws/install/px4_msgs/include/px4_msgs/px4_msgs/msg/detail/camera_trigger__builder.hpp\n'}
[2.347884] (px4_msgs) StdoutLine: {'line': b'-- Up-to-date: /home/rschnurr/SkyClaw-Team1/ros2_ws/install/px4_msgs/include/px4_msgs/px4_msgs/msg/detail/fixed_wing_longitudinal_setpoint__type_support.hpp\n'}
[2.347911] (px4_msgs) StdoutLine: {'line': b'-- Up-to-date: /home/rschnurr/SkyClaw-Team1/ros2_ws/install/px4_msgs/include/px4_msgs/px4_msgs/msg/detail/register_ext_component_reply__struct.hpp\n'}
[2.347933] (px4_msgs) StdoutLine: {'line': b'-- Up-to-date: /home/rschnurr/SkyClaw-Team1/ros2_ws/install/px4_msgs/include/px4_msgs/px4_msgs/msg/detail/vehicle_command__builder.hpp\n'}
[2.347953] (px4_msgs) StdoutLine: {'line': b'-- Up-to-date: /home/rschnurr/SkyClaw-Team1/ros2_ws/install/px4_msgs/include/px4_msgs/px4_msgs/msg/detail/mavlink_tunnel__traits.hpp\n'}
[2.347974] (px4_msgs) StdoutLine: {'line': b'-- Up-to-date: /home/rschnurr/SkyClaw-Team1/ros2_ws/install/px4_msgs/include/px4_msgs/px4_msgs/msg/detail/gripper__traits.hpp\n'}
[2.347996] (px4_msgs) StdoutLine: {'line': b'-- Up-to-date: /home/rschnurr/SkyClaw-Team1/ros2_ws/install/px4_msgs/include/px4_msgs/px4_msgs/msg/detail/estimator_sensor_bias__type_support.hpp\n'}
[2.348016] (px4_msgs) StdoutLine: {'line': b'-- Up-to-date: /home/rschnurr/SkyClaw-Team1/ros2_ws/install/px4_msgs/include/px4_msgs/px4_msgs/msg/detail/flight_phase_estimation__builder.hpp\n'}
[2.348036] (px4_msgs) StdoutLine: {'line': b'-- Up-to-date: /home/rschnurr/SkyClaw-Team1/ros2_ws/install/px4_msgs/include/px4_msgs/px4_msgs/msg/detail/action_request__traits.hpp\n'}
[2.348056] (px4_msgs) StdoutLine: {'line': b'-- Up-to-date: /home/rschnurr/SkyClaw-Team1/ros2_ws/install/px4_msgs/include/px4_msgs/px4_msgs/msg/detail/cpuload__type_support.hpp\n'}
[2.348076] (px4_msgs) StdoutLine: {'line': b'-- Up-to-date: /home/rschnurr/SkyClaw-Team1/ros2_ws/install/px4_msgs/include/px4_msgs/px4_msgs/msg/detail/rover_attitude_setpoint__type_support.hpp\n'}
[2.348095] (px4_msgs) StdoutLine: {'line': b'-- Up-to-date: /home/rschnurr/SkyClaw-Team1/ros2_ws/install/px4_msgs/include/px4_msgs/px4_msgs/msg/detail/normalized_unsigned_setpoint__type_support.hpp\n'}
[2.348116] (px4_msgs) StdoutLine: {'line': b'-- Up-to-date: /home/rschnurr/SkyClaw-Team1/ros2_ws/install/px4_msgs/include/px4_msgs/px4_msgs/msg/detail/onboard_computer_status__type_support.hpp\n'}
[2.348137] (px4_msgs) StdoutLine: {'line': b'-- Up-to-date: /home/rschnurr/SkyClaw-Team1/ros2_ws/install/px4_msgs/include/px4_msgs/px4_msgs/msg/detail/trajectory_setpoint__traits.hpp\n'}
[2.348157] (px4_msgs) StdoutLine: {'line': b'-- Up-to-date: /home/rschnurr/SkyClaw-Team1/ros2_ws/install/px4_msgs/include/px4_msgs/px4_msgs/msg/detail/rover_speed_setpoint__builder.hpp\n'}
[2.348177] (px4_msgs) StdoutLine: {'line': b'-- Up-to-date: /home/rschnurr/SkyClaw-Team1/ros2_ws/install/px4_msgs/include/px4_msgs/px4_msgs/msg/detail/sensor_gnss_status__type_support.hpp\n'}
[2.348199] (px4_msgs) StdoutLine: {'line': b'-- Up-to-date: /home/rschnurr/SkyClaw-Team1/ros2_ws/install/px4_msgs/include/px4_msgs/px4_msgs/msg/detail/pure_pursuit_status__traits.hpp\n'}
[2.348220] (px4_msgs) StdoutLine: {'line': b'-- Up-to-date: /home/rschnurr/SkyClaw-Team1/ros2_ws/install/px4_msgs/include/px4_msgs/px4_msgs/msg/detail/onboard_computer_status__builder.hpp\n'}
[2.348243] (px4_msgs) StdoutLine: {'line': b'-- Up-to-date: /home/rschnurr/SkyClaw-Team1/ros2_ws/install/px4_msgs/include/px4_msgs/px4_msgs/msg/detail/estimator_aid_source3d__type_support.hpp\n'}
[2.348269] (px4_msgs) StdoutLine: {'line': b'-- Up-to-date: /home/rschnurr/SkyClaw-Team1/ros2_ws/install/px4_msgs/include/px4_msgs/px4_msgs/msg/detail/autotune_attitude_control_status__type_support.hpp\n'}
[2.348290] (px4_msgs) StdoutLine: {'line': b'-- Up-to-date: /home/rschnurr/SkyClaw-Team1/ros2_ws/install/px4_msgs/include/px4_msgs/px4_msgs/msg/detail/rover_speed_status__traits.hpp\n'}
[2.348309] (px4_msgs) StdoutLine: {'line': b'-- Up-to-date: /home/rschnurr/SkyClaw-Team1/ros2_ws/install/px4_msgs/include/px4_msgs/px4_msgs/msg/detail/gpio_config__struct.hpp\n'}
[2.348331] (px4_msgs) StdoutLine: {'line': b'-- Up-to-date: /home/rschnurr/SkyClaw-Team1/ros2_ws/install/px4_msgs/include/px4_msgs/px4_msgs/msg/detail/generator_status__type_support.hpp\n'}
[2.348351] (px4_msgs) StdoutLine: {'line': b'-- Up-to-date: /home/rschnurr/SkyClaw-Team1/ros2_ws/install/px4_msgs/include/px4_msgs/px4_msgs/msg/detail/rc_parameter_map__type_support.hpp\n'}
[2.348370] (px4_msgs) StdoutLine: {'line': b'-- Up-to-date: /home/rschnurr/SkyClaw-Team1/ros2_ws/install/px4_msgs/include/px4_msgs/px4_msgs/msg/detail/qshell_req__struct.hpp\n'}
[2.348390] (px4_msgs) StdoutLine: {'line': b'-- Up-to-date: /home/rschnurr/SkyClaw-Team1/ros2_ws/install/px4_msgs/include/px4_msgs/px4_msgs/msg/detail/debug_vect__traits.hpp\n'}
[2.348409] (px4_msgs) StdoutLine: {'line': b'-- Up-to-date: /home/rschnurr/SkyClaw-Team1/ros2_ws/install/px4_msgs/include/px4_msgs/px4_msgs/msg/detail/message_format_request__builder.hpp\n'}
[2.348429] (px4_msgs) StdoutLine: {'line': b'-- Up-to-date: /home/rschnurr/SkyClaw-Team1/ros2_ws/install/px4_msgs/include/px4_msgs/px4_msgs/msg/detail/power_button_state__type_support.hpp\n'}
[2.348448] (px4_msgs) StdoutLine: {'line': b'-- Up-to-date: /home/rschnurr/SkyClaw-Team1/ros2_ws/install/px4_msgs/include/px4_msgs/px4_msgs/msg/detail/debug_value__type_support.hpp\n'}
[2.348468] (px4_msgs) StdoutLine: {'line': b'-- Up-to-date: /home/rschnurr/SkyClaw-Team1/ros2_ws/install/px4_msgs/include/px4_msgs/px4_msgs/msg/detail/vehicle_rates_setpoint__traits.hpp\n'}
[2.348487] (px4_msgs) StdoutLine: {'line': b'-- Up-to-date: /home/rschnurr/SkyClaw-Team1/ros2_ws/install/px4_msgs/include/px4_msgs/px4_msgs/msg/detail/launch_detection_status__type_support.hpp\n'}
[2.348506] (px4_msgs) StdoutLine: {'line': b'-- Up-to-date: /home/rschnurr/SkyClaw-Team1/ros2_ws/install/px4_msgs/include/px4_msgs/px4_msgs/msg/detail/tecs_status__traits.hpp\n'}
[2.348526] (px4_msgs) StdoutLine: {'line': b'-- Up-to-date: /home/rschnurr/SkyClaw-Team1/ros2_ws/install/px4_msgs/include/px4_msgs/px4_msgs/msg/detail/system_power__traits.hpp\n'}
[2.348546] (px4_msgs) StdoutLine: {'line': b'-- Up-to-date: /home/rschnurr/SkyClaw-Team1/ros2_ws/install/px4_msgs/include/px4_msgs/px4_msgs/msg/detail/estimator_states__builder.hpp\n'}
[2.348565] (px4_msgs) StdoutLine: {'line': b'-- Up-to-date: /home/rschnurr/SkyClaw-Team1/ros2_ws/install/px4_msgs/include/px4_msgs/px4_msgs/msg/detail/navigator_mission_item__builder.hpp\n'}
[2.348597] (px4_msgs) StdoutLine: {'line': b'-- Up-to-date: /home/rschnurr/SkyClaw-Team1/ros2_ws/install/px4_msgs/include/px4_msgs/px4_msgs/msg/detail/trajectory_setpoint__builder.hpp\n'}
[2.348659] (px4_msgs) StdoutLine: {'line': b'-- Up-to-date: /home/rschnurr/SkyClaw-Team1/ros2_ws/install/px4_msgs/include/px4_msgs/px4_msgs/msg/detail/landing_gear__struct.hpp\n'}
[2.348687] (px4_msgs) StdoutLine: {'line': b'-- Up-to-date: /home/rschnurr/SkyClaw-Team1/ros2_ws/install/px4_msgs/include/px4_msgs/px4_msgs/msg/detail/camera_status__builder.hpp\n'}
[2.348713] (px4_msgs) StdoutLine: {'line': b'-- Up-to-date: /home/rschnurr/SkyClaw-Team1/ros2_ws/install/px4_msgs/include/px4_msgs/px4_msgs/msg/detail/gpio_out__type_support.hpp\n'}
[2.348735] (px4_msgs) StdoutLine: {'line': b'-- Up-to-date: /home/rschnurr/SkyClaw-Team1/ros2_ws/install/px4_msgs/include/px4_msgs/px4_msgs/msg/detail/tiltrotor_extra_controls__struct.hpp\n'}
[2.348765] (px4_msgs) StdoutLine: {'line': b'-- Up-to-date: /home/rschnurr/SkyClaw-Team1/ros2_ws/install/px4_msgs/include/px4_msgs/px4_msgs/msg/detail/actuator_controls_status__struct.hpp\n'}
[2.348793] (px4_msgs) StdoutLine: {'line': b'-- Up-to-date: /home/rschnurr/SkyClaw-Team1/ros2_ws/install/px4_msgs/include/px4_msgs/px4_msgs/msg/detail/qshell_req__builder.hpp\n'}
[2.348815] (px4_msgs) StdoutLine: {'line': b'-- Up-to-date: /home/rschnurr/SkyClaw-Team1/ros2_ws/install/px4_msgs/include/px4_msgs/px4_msgs/msg/detail/airspeed_validated__struct.hpp\n'}
[2.348836] (px4_msgs) StdoutLine: {'line': b'-- Up-to-date: /home/rschnurr/SkyClaw-Team1/ros2_ws/install/px4_msgs/include/px4_msgs/px4_msgs/msg/detail/neural_control__type_support.hpp\n'}
[2.348856] (px4_msgs) StdoutLine: {'line': b'-- Up-to-date: /home/rschnurr/SkyClaw-Team1/ros2_ws/install/px4_msgs/include/px4_msgs/px4_msgs/msg/detail/sensor_combined__builder.hpp\n'}
[2.348880] (px4_msgs) StdoutLine: {'line': b'-- Up-to-date: /home/rschnurr/SkyClaw-Team1/ros2_ws/install/px4_msgs/include/px4_msgs/px4_msgs/msg/detail/gps_inject_data__type_support.hpp\n'}
[2.348946] (px4_msgs) StdoutLine: {'line': b'-- Up-to-date: /home/rschnurr/SkyClaw-Team1/ros2_ws/install/px4_msgs/include/px4_msgs/px4_msgs/msg/detail/debug_key_value__struct.hpp\n'}
[2.348978] (px4_msgs) StdoutLine: {'line': b'-- Up-to-date: /home/rschnurr/SkyClaw-Team1/ros2_ws/install/px4_msgs/include/px4_msgs/px4_msgs/msg/detail/mount_orientation__traits.hpp\n'}
[2.349031] (px4_msgs) StdoutLine: {'line': b'-- Up-to-date: /home/rschnurr/SkyClaw-Team1/ros2_ws/install/px4_msgs/include/px4_msgs/px4_msgs/msg/detail/rpm__builder.hpp\n'}
[2.349095] (px4_msgs) StdoutLine: {'line': b'-- Up-to-date: /home/rschnurr/SkyClaw-Team1/ros2_ws/install/px4_msgs/include/px4_msgs/px4_msgs/msg/detail/sensor_baro__struct.hpp\n'}
[2.349244] (px4_msgs) StdoutLine: {'line': b'-- Up-to-date: /home/rschnurr/SkyClaw-Team1/ros2_ws/install/px4_msgs/include/px4_msgs/px4_msgs/msg/detail/estimator_bias3d__type_support.hpp\n'}
[2.349344] (px4_msgs) StdoutLine: {'line': b'-- Up-to-date: /home/rschnurr/SkyClaw-Team1/ros2_ws/install/px4_msgs/include/px4_msgs/px4_msgs/msg/detail/vehicle_optical_flow_vel__struct.hpp\n'}
[2.349395] (px4_msgs) StdoutLine: {'line': b'-- Up-to-date: /home/rschnurr/SkyClaw-Team1/ros2_ws/install/px4_msgs/include/px4_msgs/px4_msgs/msg/detail/orb_test_medium__traits.hpp\n'}
[2.349458] (px4_msgs) StdoutLine: {'line': b'-- Up-to-date: /home/rschnurr/SkyClaw-Team1/ros2_ws/install/px4_msgs/include/px4_msgs/px4_msgs/msg/detail/rover_steering_setpoint__type_support.hpp\n'}
[2.349533] (px4_msgs) StdoutLine: {'line': b'-- Up-to-date: /home/rschnurr/SkyClaw-Team1/ros2_ws/install/px4_msgs/include/px4_msgs/px4_msgs/msg/detail/gpio_in__traits.hpp\n'}
[2.349638] (px4_msgs) StdoutLine: {'line': b'-- Up-to-date: /home/rschnurr/SkyClaw-Team1/ros2_ws/install/px4_msgs/include/px4_msgs/px4_msgs/msg/detail/rover_speed_status__type_support.hpp\n'}
[2.349715] (px4_msgs) StdoutLine: {'line': b'-- Up-to-date: /home/rschnurr/SkyClaw-Team1/ros2_ws/install/px4_msgs/include/px4_msgs/px4_msgs/msg/detail/estimator_aid_source1d__builder.hpp\n'}
[2.349756] (px4_msgs) StdoutLine: {'line': b'-- Up-to-date: /home/rschnurr/SkyClaw-Team1/ros2_ws/install/px4_msgs/include/px4_msgs/px4_msgs/msg/detail/camera_status__type_support.hpp\n'}
[2.349791] (px4_msgs) StdoutLine: {'line': b'-- Up-to-date: /home/rschnurr/SkyClaw-Team1/ros2_ws/install/px4_msgs/include/px4_msgs/px4_msgs/msg/detail/parameter_set_used_request__builder.hpp\n'}
[2.349848] (px4_msgs) StdoutLine: {'line': b'-- Up-to-date: /home/rschnurr/SkyClaw-Team1/ros2_ws/install/px4_msgs/include/px4_msgs/px4_msgs/msg/detail/estimator_aid_source1d__struct.hpp\n'}
[2.349900] (px4_msgs) StdoutLine: {'line': b'-- Up-to-date: /home/rschnurr/SkyClaw-Team1/ros2_ws/install/px4_msgs/include/px4_msgs/px4_msgs/msg/detail/timesync_status__type_support.hpp\n'}
[2.349938] (px4_msgs) StdoutLine: {'line': b'-- Up-to-date: /home/rschnurr/SkyClaw-Team1/ros2_ws/install/px4_msgs/include/px4_msgs/px4_msgs/msg/detail/rover_throttle_setpoint__builder.hpp\n'}
[2.349971] (px4_msgs) StdoutLine: {'line': b'-- Up-to-date: /home/rschnurr/SkyClaw-Team1/ros2_ws/install/px4_msgs/include/px4_msgs/px4_msgs/msg/detail/mavlink_log__type_support.hpp\n'}
[2.350033] (px4_msgs) StdoutLine: {'line': b'-- Up-to-date: /home/rschnurr/SkyClaw-Team1/ros2_ws/install/px4_msgs/include/px4_msgs/px4_msgs/msg/detail/actuator_controls_status__traits.hpp\n'}
[2.350068] (px4_msgs) StdoutLine: {'line': b'-- Up-to-date: /home/rschnurr/SkyClaw-Team1/ros2_ws/install/px4_msgs/include/px4_msgs/px4_msgs/msg/detail/power_button_state__builder.hpp\n'}
[2.350098] (px4_msgs) StdoutLine: {'line': b'-- Up-to-date: /home/rschnurr/SkyClaw-Team1/ros2_ws/install/px4_msgs/include/px4_msgs/px4_msgs/msg/detail/gimbal_device_information__struct.hpp\n'}
[2.350128] (px4_msgs) StdoutLine: {'line': b'-- Up-to-date: /home/rschnurr/SkyClaw-Team1/ros2_ws/install/px4_msgs/include/px4_msgs/px4_msgs/msg/detail/telemetry_status__traits.hpp\n'}
[2.350158] (px4_msgs) StdoutLine: {'line': b'-- Up-to-date: /home/rschnurr/SkyClaw-Team1/ros2_ws/install/px4_msgs/include/px4_msgs/px4_msgs/msg/detail/mode_completed__type_support.hpp\n'}
[2.350208] (px4_msgs) StdoutLine: {'line': b'-- Up-to-date: /home/rschnurr/SkyClaw-Team1/ros2_ws/install/px4_msgs/include/px4_msgs/px4_msgs/msg/detail/follow_target__builder.hpp\n'}
[2.350454] (px4_msgs) StdoutLine: {'line': b'-- Up-to-date: /home/rschnurr/SkyClaw-Team1/ros2_ws/install/px4_msgs/include/px4_msgs/px4_msgs/msg/detail/radio_status__struct.hpp\n'}
[2.350527] (px4_msgs) StdoutLine: {'line': b'-- Up-to-date: /home/rschnurr/SkyClaw-Team1/ros2_ws/install/px4_msgs/include/px4_msgs/px4_msgs/msg/detail/goto_setpoint__builder.hpp\n'}
[2.350577] (px4_msgs) StdoutLine: {'line': b'-- Up-to-date: /home/rschnurr/SkyClaw-Team1/ros2_ws/install/px4_msgs/include/px4_msgs/px4_msgs/msg/detail/failsafe_flags__builder.hpp\n'}
[2.350637] (px4_msgs) StdoutLine: {'line': b'-- Up-to-date: /home/rschnurr/SkyClaw-Team1/ros2_ws/install/px4_msgs/include/px4_msgs/px4_msgs/msg/detail/vehicle_optical_flow__type_support.hpp\n'}
[2.350728] (px4_msgs) StdoutLine: {'line': b'-- Up-to-date: /home/rschnurr/SkyClaw-Team1/ros2_ws/install/px4_msgs/include/px4_msgs/px4_msgs/msg/detail/autotune_attitude_control_status__traits.hpp\n'}
[2.350784] (px4_msgs) StdoutLine: {'line': b'-- Up-to-date: /home/rschnurr/SkyClaw-Team1/ros2_ws/install/px4_msgs/include/px4_msgs/px4_msgs/msg/detail/manual_control_switches__traits.hpp\n'}
[2.350838] (px4_msgs) StdoutLine: {'line': b'-- Up-to-date: /home/rschnurr/SkyClaw-Team1/ros2_ws/install/px4_msgs/include/px4_msgs/px4_msgs/msg/detail/fixed_wing_lateral_status__builder.hpp\n'}
[2.350885] (px4_msgs) StdoutLine: {'line': b'-- Up-to-date: /home/rschnurr/SkyClaw-Team1/ros2_ws/install/px4_msgs/include/px4_msgs/px4_msgs/msg/detail/led_control__type_support.hpp\n'}
[2.350931] (px4_msgs) StdoutLine: {'line': b'-- Up-to-date: /home/rschnurr/SkyClaw-Team1/ros2_ws/install/px4_msgs/include/px4_msgs/px4_msgs/msg/detail/velocity_limits__type_support.hpp\n'}
[2.351004] (px4_msgs) StdoutLine: {'line': b'-- Up-to-date: /home/rschnurr/SkyClaw-Team1/ros2_ws/install/px4_msgs/include/px4_msgs/px4_msgs/msg/detail/sensor_accel_fifo__traits.hpp\n'}
[2.351051] (px4_msgs) StdoutLine: {'line': b'-- Up-to-date: /home/rschnurr/SkyClaw-Team1/ros2_ws/install/px4_msgs/include/px4_msgs/px4_msgs/msg/detail/vehicle_angular_acceleration_setpoint__builder.hpp\n'}
[2.351096] (px4_msgs) StdoutLine: {'line': b'-- Up-to-date: /home/rschnurr/SkyClaw-Team1/ros2_ws/install/px4_msgs/include/px4_msgs/px4_msgs/msg/detail/airspeed_wind__struct.hpp\n'}
[2.351362] (px4_msgs) StdoutLine: {'line': b'-- Up-to-date: /home/rschnurr/SkyClaw-Team1/ros2_ws/install/px4_msgs/include/px4_msgs/px4_msgs/msg/detail/figure_eight_status__traits.hpp\n'}
[2.351422] (px4_msgs) StdoutLine: {'line': b'-- Up-to-date: /home/rschnurr/SkyClaw-Team1/ros2_ws/install/px4_msgs/include/px4_msgs/px4_msgs/msg/detail/mission__struct.hpp\n'}
[2.351461] (px4_msgs) StdoutLine: {'line': b'-- Up-to-date: /home/rschnurr/SkyClaw-Team1/ros2_ws/install/px4_msgs/include/px4_msgs/px4_msgs/msg/detail/sensor_accel__struct.hpp\n'}
[2.351494] (px4_msgs) StdoutLine: {'line': b'-- Up-to-date: /home/rschnurr/SkyClaw-Team1/ros2_ws/install/px4_msgs/include/px4_msgs/px4_msgs/msg/detail/position_setpoint_triplet__type_support.hpp\n'}
[2.351539] (px4_msgs) StdoutLine: {'line': b'-- Up-to-date: /home/rschnurr/SkyClaw-Team1/ros2_ws/install/px4_msgs/include/px4_msgs/px4_msgs/msg/detail/vehicle_land_detected__builder.hpp\n'}
[2.351571] (px4_msgs) StdoutLine: {'line': b'-- Up-to-date: /home/rschnurr/SkyClaw-Team1/ros2_ws/install/px4_msgs/include/px4_msgs/px4_msgs/msg/detail/led_control__struct.hpp\n'}
[2.351604] (px4_msgs) StdoutLine: {'line': b'-- Up-to-date: /home/rschnurr/SkyClaw-Team1/ros2_ws/install/px4_msgs/include/px4_msgs/px4_msgs/msg/detail/differential_pressure__type_support.hpp\n'}
[2.351636] (px4_msgs) StdoutLine: {'line': b'-- Up-to-date: /home/rschnurr/SkyClaw-Team1/ros2_ws/install/px4_msgs/include/px4_msgs/px4_msgs/msg/detail/button_event__traits.hpp\n'}
[2.351667] (px4_msgs) StdoutLine: {'line': b'-- Up-to-date: /home/rschnurr/SkyClaw-Team1/ros2_ws/install/px4_msgs/include/px4_msgs/px4_msgs/msg/detail/timesync_status__builder.hpp\n'}
[2.351697] (px4_msgs) StdoutLine: {'line': b'-- Up-to-date: /home/rschnurr/SkyClaw-Team1/ros2_ws/install/px4_msgs/include/px4_msgs/px4_msgs/msg/detail/internal_combustion_engine_status__traits.hpp\n'}
[2.351726] (px4_msgs) StdoutLine: {'line': b'-- Up-to-date: /home/rschnurr/SkyClaw-Team1/ros2_ws/install/px4_msgs/include/px4_msgs/px4_msgs/msg/detail/estimator_aid_source1d__type_support.hpp\n'}
[2.351756] (px4_msgs) StdoutLine: {'line': b'-- Up-to-date: /home/rschnurr/SkyClaw-Team1/ros2_ws/install/px4_msgs/include/px4_msgs/px4_msgs/msg/detail/distance_sensor_mode_change_request__type_support.hpp\n'}
[2.351790] (px4_msgs) StdoutLine: {'line': b'-- Up-to-date: /home/rschnurr/SkyClaw-Team1/ros2_ws/install/px4_msgs/include/px4_msgs/px4_msgs/msg/detail/irlock_report__builder.hpp\n'}
[2.351820] (px4_msgs) StdoutLine: {'line': b'-- Up-to-date: /home/rschnurr/SkyClaw-Team1/ros2_ws/install/px4_msgs/include/px4_msgs/px4_msgs/msg/detail/debug_key_value__type_support.hpp\n'}
[2.351850] (px4_msgs) StdoutLine: {'line': b'-- Up-to-date: /home/rschnurr/SkyClaw-Team1/ros2_ws/install/px4_msgs/include/px4_msgs/px4_msgs/msg/detail/sensor_gnss_status__builder.hpp\n'}
[2.351884] (px4_msgs) StdoutLine: {'line': b'-- Up-to-date: /home/rschnurr/SkyClaw-Team1/ros2_ws/install/px4_msgs/include/px4_msgs/px4_msgs/msg/detail/vehicle_rates_setpoint__builder.hpp\n'}
[2.351998] (px4_msgs) StdoutLine: {'line': b'-- Up-to-date: /home/rschnurr/SkyClaw-Team1/ros2_ws/install/px4_msgs/include/px4_msgs/px4_msgs/msg/detail/mission__traits.hpp\n'}
[2.352053] (px4_msgs) StdoutLine: {'line': b'-- Up-to-date: /home/rschnurr/SkyClaw-Team1/ros2_ws/install/px4_msgs/include/px4_msgs/px4_msgs/msg/detail/flight_phase_estimation__traits.hpp\n'}
[2.352108] (px4_msgs) StdoutLine: {'line': b'-- Up-to-date: /home/rschnurr/SkyClaw-Team1/ros2_ws/install/px4_msgs/include/px4_msgs/px4_msgs/msg/detail/gimbal_device_information__builder.hpp\n'}
[2.352141] (px4_msgs) StdoutLine: {'line': b'-- Up-to-date: /home/rschnurr/SkyClaw-Team1/ros2_ws/install/px4_msgs/include/px4_msgs/px4_msgs/msg/detail/follow_target_estimator__builder.hpp\n'}
[2.352173] (px4_msgs) StdoutLine: {'line': b'-- Up-to-date: /home/rschnurr/SkyClaw-Team1/ros2_ws/install/px4_msgs/include/px4_msgs/px4_msgs/msg/detail/wheel_encoders__type_support.hpp\n'}
[2.352263] (px4_msgs) StdoutLine: {'line': b'-- Up-to-date: /home/rschnurr/SkyClaw-Team1/ros2_ws/install/px4_msgs/include/px4_msgs/px4_msgs/msg/detail/input_rc__traits.hpp\n'}
[2.352324] (px4_msgs) StdoutLine: {'line': b'-- Up-to-date: /home/rschnurr/SkyClaw-Team1/ros2_ws/install/px4_msgs/include/px4_msgs/px4_msgs/msg/detail/parameter_set_used_request__struct.hpp\n'}
[2.352362] (px4_msgs) StdoutLine: {'line': b'-- Up-to-date: /home/rschnurr/SkyClaw-Team1/ros2_ws/install/px4_msgs/include/px4_msgs/px4_msgs/msg/detail/landing_gear_wheel__traits.hpp\n'}
[2.352395] (px4_msgs) StdoutLine: {'line': b'-- Up-to-date: /home/rschnurr/SkyClaw-Team1/ros2_ws/install/px4_msgs/include/px4_msgs/px4_msgs/msg/detail/qshell_req__type_support.hpp\n'}
[2.352425] (px4_msgs) StdoutLine: {'line': b'-- Up-to-date: /home/rschnurr/SkyClaw-Team1/ros2_ws/install/px4_msgs/include/px4_msgs/px4_msgs/msg/detail/vehicle_torque_setpoint__type_support.hpp\n'}
[2.352470] (px4_msgs) StdoutLine: {'line': b'-- Up-to-date: /home/rschnurr/SkyClaw-Team1/ros2_ws/install/px4_msgs/include/px4_msgs/px4_msgs/msg/detail/transponder_report__traits.hpp\n'}
[2.352498] (px4_msgs) StdoutLine: {'line': b'-- Up-to-date: /home/rschnurr/SkyClaw-Team1/ros2_ws/install/px4_msgs/include/px4_msgs/px4_msgs/msg/detail/heater_status__builder.hpp\n'}
[2.352527] (px4_msgs) StdoutLine: {'line': b'-- Up-to-date: /home/rschnurr/SkyClaw-Team1/ros2_ws/install/px4_msgs/include/px4_msgs/px4_msgs/msg/detail/collision_constraints__builder.hpp\n'}
[2.352555] (px4_msgs) StdoutLine: {'line': b'-- Up-to-date: /home/rschnurr/SkyClaw-Team1/ros2_ws/install/px4_msgs/include/px4_msgs/px4_msgs/msg/detail/sensor_correction__traits.hpp\n'}
[2.352585] (px4_msgs) StdoutLine: {'line': b'-- Up-to-date: /home/rschnurr/SkyClaw-Team1/ros2_ws/install/px4_msgs/include/px4_msgs/px4_msgs/msg/detail/landing_target_pose__struct.hpp\n'}
[2.352615] (px4_msgs) StdoutLine: {'line': b'-- Up-to-date: /home/rschnurr/SkyClaw-Team1/ros2_ws/install/px4_msgs/include/px4_msgs/px4_msgs/msg/detail/estimator_aid_source2d__type_support.hpp\n'}
[2.352644] (px4_msgs) StdoutLine: {'line': b'-- Up-to-date: /home/rschnurr/SkyClaw-Team1/ros2_ws/install/px4_msgs/include/px4_msgs/px4_msgs/msg/detail/config_overrides__traits.hpp\n'}
[2.352677] (px4_msgs) StdoutLine: {'line': b'-- Up-to-date: /home/rschnurr/SkyClaw-Team1/ros2_ws/install/px4_msgs/include/px4_msgs/px4_msgs/msg/detail/gimbal_controls__traits.hpp\n'}
[2.352707] (px4_msgs) StdoutLine: {'line': b'-- Up-to-date: /home/rschnurr/SkyClaw-Team1/ros2_ws/install/px4_msgs/include/px4_msgs/px4_msgs/msg/detail/vehicle_attitude_setpoint__traits.hpp\n'}
[2.352735] (px4_msgs) StdoutLine: {'line': b'-- Up-to-date: /home/rschnurr/SkyClaw-Team1/ros2_ws/install/px4_msgs/include/px4_msgs/px4_msgs/msg/detail/vehicle_thrust_setpoint__type_support.hpp\n'}
[2.352765] (px4_msgs) StdoutLine: {'line': b'-- Up-to-date: /home/rschnurr/SkyClaw-Team1/ros2_ws/install/px4_msgs/include/px4_msgs/px4_msgs/msg/detail/actuator_motors__traits.hpp\n'}
[2.352794] (px4_msgs) StdoutLine: {'line': b'-- Up-to-date: /home/rschnurr/SkyClaw-Team1/ros2_ws/install/px4_msgs/include/px4_msgs/px4_msgs/msg/detail/message_format_response__traits.hpp\n'}
[2.352823] (px4_msgs) StdoutLine: {'line': b'-- Up-to-date: /home/rschnurr/SkyClaw-Team1/ros2_ws/install/px4_msgs/include/px4_msgs/px4_msgs/msg/detail/register_ext_component_request__type_support.hpp\n'}
[2.352853] (px4_msgs) StdoutLine: {'line': b'-- Up-to-date: /home/rschnurr/SkyClaw-Team1/ros2_ws/install/px4_msgs/include/px4_msgs/px4_msgs/msg/detail/led_control__traits.hpp\n'}
[2.352882] (px4_msgs) StdoutLine: {'line': b'-- Up-to-date: /home/rschnurr/SkyClaw-Team1/ros2_ws/install/px4_msgs/include/px4_msgs/px4_msgs/msg/detail/distance_sensor_mode_change_request__builder.hpp\n'}
[2.352910] (px4_msgs) StdoutLine: {'line': b'-- Up-to-date: /home/rschnurr/SkyClaw-Team1/ros2_ws/install/px4_msgs/include/px4_msgs/px4_msgs/msg/detail/sensor_airflow__type_support.hpp\n'}
[2.352941] (px4_msgs) StdoutLine: {'line': b'-- Up-to-date: /home/rschnurr/SkyClaw-Team1/ros2_ws/install/px4_msgs/include/px4_msgs/px4_msgs/msg/detail/trajectory_setpoint__struct.hpp\n'}
[2.352970] (px4_msgs) StdoutLine: {'line': b'-- Up-to-date: /home/rschnurr/SkyClaw-Team1/ros2_ws/install/px4_msgs/include/px4_msgs/px4_msgs/msg/detail/estimator_gps_status__builder.hpp\n'}
[2.352997] (px4_msgs) StdoutLine: {'line': b'-- Up-to-date: /home/rschnurr/SkyClaw-Team1/ros2_ws/install/px4_msgs/include/px4_msgs/px4_msgs/msg/detail/uavcan_parameter_value__builder.hpp\n'}
[2.353025] (px4_msgs) StdoutLine: {'line': b'-- Up-to-date: /home/rschnurr/SkyClaw-Team1/ros2_ws/install/px4_msgs/include/px4_msgs/px4_msgs/msg/detail/vehicle_magnetometer__type_support.hpp\n'}
[2.353054] (px4_msgs) StdoutLine: {'line': b'-- Up-to-date: /home/rschnurr/SkyClaw-Team1/ros2_ws/install/px4_msgs/include/px4_msgs/px4_msgs/msg/detail/fixed_wing_runway_control__type_support.hpp\n'}
[2.353089] (px4_msgs) StdoutLine: {'line': b'-- Up-to-date: /home/rschnurr/SkyClaw-Team1/ros2_ws/install/px4_msgs/include/px4_msgs/px4_msgs/msg/detail/dronecan_node_status__builder.hpp\n'}
[2.353117] (px4_msgs) StdoutLine: {'line': b'-- Up-to-date: /home/rschnurr/SkyClaw-Team1/ros2_ws/install/px4_msgs/include/px4_msgs/px4_msgs/msg/detail/button_event__struct.hpp\n'}
[2.353146] (px4_msgs) StdoutLine: {'line': b'-- Up-to-date: /home/rschnurr/SkyClaw-Team1/ros2_ws/install/px4_msgs/include/px4_msgs/px4_msgs/msg/detail/sensor_optical_flow__traits.hpp\n'}
[2.353176] (px4_msgs) StdoutLine: {'line': b'-- Up-to-date: /home/rschnurr/SkyClaw-Team1/ros2_ws/install/px4_msgs/include/px4_msgs/px4_msgs/msg/detail/sensor_baro__builder.hpp\n'}
[2.353275] (px4_msgs) StdoutLine: {'line': b'-- Up-to-date: /home/rschnurr/SkyClaw-Team1/ros2_ws/install/px4_msgs/include/px4_msgs/px4_msgs/msg/detail/dataman_request__builder.hpp\n'}
[2.353326] (px4_msgs) StdoutLine: {'line': b'-- Up-to-date: /home/rschnurr/SkyClaw-Team1/ros2_ws/install/px4_msgs/include/px4_msgs/px4_msgs/msg/detail/estimator_event_flags__traits.hpp\n'}
[2.353365] (px4_msgs) StdoutLine: {'line': b'-- Up-to-date: /home/rschnurr/SkyClaw-Team1/ros2_ws/install/px4_msgs/include/px4_msgs/px4_msgs/msg/detail/pps_capture__type_support.hpp\n'}
[2.353405] (px4_msgs) StdoutLine: {'line': b'-- Up-to-date: /home/rschnurr/SkyClaw-Team1/ros2_ws/install/px4_msgs/include/px4_msgs/px4_msgs/msg/detail/adc_report__type_support.hpp\n'}
[2.353446] (px4_msgs) StdoutLine: {'line': b'-- Up-to-date: /home/rschnurr/SkyClaw-Team1/ros2_ws/install/px4_msgs/include/px4_msgs/px4_msgs/msg/detail/vehicle_angular_acceleration_setpoint__traits.hpp\n'}
[2.353498] (px4_msgs) StdoutLine: {'line': b'-- Up-to-date: /home/rschnurr/SkyClaw-Team1/ros2_ws/install/px4_msgs/include/px4_msgs/px4_msgs/msg/detail/estimator_innovations__struct.hpp\n'}
[2.353529] (px4_msgs) StdoutLine: {'line': b'-- Up-to-date: /home/rschnurr/SkyClaw-Team1/ros2_ws/install/px4_msgs/include/px4_msgs/px4_msgs/msg/detail/rtl_time_estimate__builder.hpp\n'}
[2.353559] (px4_msgs) StdoutLine: {'line': b'-- Up-to-date: /home/rschnurr/SkyClaw-Team1/ros2_ws/install/px4_msgs/include/px4_msgs/px4_msgs/msg/detail/sensor_combined__struct.hpp\n'}
[2.353687] (px4_msgs) StdoutLine: {'line': b'-- Up-to-date: /home/rschnurr/SkyClaw-Team1/ros2_ws/install/px4_msgs/include/px4_msgs/px4_msgs/msg/detail/camera_capture__type_support.hpp\n'}
[2.353848] (px4_msgs) StdoutLine: {'line': b'-- Up-to-date: /home/rschnurr/SkyClaw-Team1/ros2_ws/install/px4_msgs/include/px4_msgs/px4_msgs/msg/detail/neural_control__builder.hpp\n'}
[2.353926] (px4_msgs) StdoutLine: {'line': b'-- Up-to-date: /home/rschnurr/SkyClaw-Team1/ros2_ws/install/px4_msgs/include/px4_msgs/px4_msgs/msg/detail/pps_capture__struct.hpp\n'}
[2.353968] (px4_msgs) StdoutLine: {'line': b'-- Up-to-date: /home/rschnurr/SkyClaw-Team1/ros2_ws/install/px4_msgs/include/px4_msgs/px4_msgs/msg/detail/sensor_gyro__traits.hpp\n'}
[2.354149] (px4_msgs) StdoutLine: {'line': b'-- Up-to-date: /home/rschnurr/SkyClaw-Team1/ros2_ws/install/px4_msgs/include/px4_msgs/px4_msgs/msg/detail/estimator_aid_source2d__traits.hpp\n'}
[2.354197] (px4_msgs) StdoutLine: {'line': b'-- Up-to-date: /home/rschnurr/SkyClaw-Team1/ros2_ws/install/px4_msgs/include/px4_msgs/px4_msgs/msg/detail/estimator_status_flags__builder.hpp\n'}
[2.354235] (px4_msgs) StdoutLine: {'line': b'-- Up-to-date: /home/rschnurr/SkyClaw-Team1/ros2_ws/install/px4_msgs/include/px4_msgs/px4_msgs/msg/detail/uavcan_parameter_request__builder.hpp\n'}
[2.354279] (px4_msgs) StdoutLine: {'line': b'-- Up-to-date: /home/rschnurr/SkyClaw-Team1/ros2_ws/install/px4_msgs/include/px4_msgs/px4_msgs/msg/detail/rc_parameter_map__struct.hpp\n'}
[2.354313] (px4_msgs) StdoutLine: {'line': b'-- Up-to-date: /home/rschnurr/SkyClaw-Team1/ros2_ws/install/px4_msgs/include/px4_msgs/px4_msgs/msg/detail/geofence_result__traits.hpp\n'}
[2.354345] (px4_msgs) StdoutLine: {'line': b'-- Up-to-date: /home/rschnurr/SkyClaw-Team1/ros2_ws/install/px4_msgs/include/px4_msgs/px4_msgs/msg/detail/vehicle_angular_velocity__type_support.hpp\n'}
[2.354431] (px4_msgs) StdoutLine: {'line': b'-- Up-to-date: /home/rschnurr/SkyClaw-Team1/ros2_ws/install/px4_msgs/include/px4_msgs/px4_msgs/msg/detail/position_controller_status__builder.hpp\n'}
[2.354507] (px4_msgs) StdoutLine: {'line': b'-- Up-to-date: /home/rschnurr/SkyClaw-Team1/ros2_ws/install/px4_msgs/include/px4_msgs/px4_msgs/msg/detail/goto_setpoint__struct.hpp\n'}
[2.354622] (px4_msgs) StdoutLine: {'line': b'-- Up-to-date: /home/rschnurr/SkyClaw-Team1/ros2_ws/install/px4_msgs/include/px4_msgs/px4_msgs/msg/detail/obstacle_distance__struct.hpp\n'}
[2.354682] (px4_msgs) StdoutLine: {'line': b'-- Up-to-date: /home/rschnurr/SkyClaw-Team1/ros2_ws/install/px4_msgs/include/px4_msgs/px4_msgs/msg/detail/differential_pressure__builder.hpp\n'}
[2.354720] (px4_msgs) StdoutLine: {'line': b'-- Up-to-date: /home/rschnurr/SkyClaw-Team1/ros2_ws/install/px4_msgs/include/px4_msgs/px4_msgs/msg/detail/mode_completed__traits.hpp\n'}
[2.354752] (px4_msgs) StdoutLine: {'line': b'-- Up-to-date: /home/rschnurr/SkyClaw-Team1/ros2_ws/install/px4_msgs/include/px4_msgs/px4_msgs/msg/detail/follow_target_status__traits.hpp\n'}
[2.354783] (px4_msgs) StdoutLine: {'line': b'-- Up-to-date: /home/rschnurr/SkyClaw-Team1/ros2_ws/install/px4_msgs/include/px4_msgs/px4_msgs/msg/detail/wind__type_support.hpp\n'}
[2.354815] (px4_msgs) StdoutLine: {'line': b'-- Up-to-date: /home/rschnurr/SkyClaw-Team1/ros2_ws/install/px4_msgs/include/px4_msgs/px4_msgs/msg/detail/message_format_request__type_support.hpp\n'}
[2.354846] (px4_msgs) StdoutLine: {'line': b'-- Up-to-date: /home/rschnurr/SkyClaw-Team1/ros2_ws/install/px4_msgs/include/px4_msgs/px4_msgs/msg/detail/vehicle_odometry__traits.hpp\n'}
[2.354876] (px4_msgs) StdoutLine: {'line': b'-- Up-to-date: /home/rschnurr/SkyClaw-Team1/ros2_ws/install/px4_msgs/include/px4_msgs/px4_msgs/msg/detail/sensor_uwb__type_support.hpp\n'}
[2.354909] (px4_msgs) StdoutLine: {'line': b'-- Up-to-date: /home/rschnurr/SkyClaw-Team1/ros2_ws/install/px4_msgs/include/px4_msgs/px4_msgs/msg/detail/led_control__builder.hpp\n'}
[2.354938] (px4_msgs) StdoutLine: {'line': b'-- Up-to-date: /home/rschnurr/SkyClaw-Team1/ros2_ws/install/px4_msgs/include/px4_msgs/px4_msgs/msg/detail/launch_detection_status__builder.hpp\n'}
[2.354968] (px4_msgs) StdoutLine: {'line': b'-- Up-to-date: /home/rschnurr/SkyClaw-Team1/ros2_ws/install/px4_msgs/include/px4_msgs/px4_msgs/msg/detail/sensor_preflight_mag__type_support.hpp\n'}
[2.354997] (px4_msgs) StdoutLine: {'line': b'-- Up-to-date: /home/rschnurr/SkyClaw-Team1/ros2_ws/install/px4_msgs/include/px4_msgs/px4_msgs/msg/detail/orbit_status__traits.hpp\n'}
[2.355026] (px4_msgs) StdoutLine: {'line': b'-- Up-to-date: /home/rschnurr/SkyClaw-Team1/ros2_ws/install/px4_msgs/include/px4_msgs/px4_msgs/msg/detail/position_controller_landing_status__struct.hpp\n'}
[2.355055] (px4_msgs) StdoutLine: {'line': b'-- Up-to-date: /home/rschnurr/SkyClaw-Team1/ros2_ws/install/px4_msgs/include/px4_msgs/px4_msgs/msg/detail/mavlink_log__builder.hpp\n'}
[2.355320] (px4_msgs) StdoutLine: {'line': b'-- Up-to-date: /home/rschnurr/SkyClaw-Team1/ros2_ws/install/px4_msgs/include/px4_msgs/px4_msgs/msg/detail/debug_vect__struct.hpp\n'}
[2.355377] (px4_msgs) StdoutLine: {'line': b'-- Up-to-date: /home/rschnurr/SkyClaw-Team1/ros2_ws/install/px4_msgs/include/px4_msgs/px4_msgs/msg/detail/sensors_status_imu__struct.hpp\n'}
[2.355413] (px4_msgs) StdoutLine: {'line': b'-- Up-to-date: /home/rschnurr/SkyClaw-Team1/ros2_ws/install/px4_msgs/include/px4_msgs/px4_msgs/msg/detail/vtol_vehicle_status__type_support.hpp\n'}
[2.355447] (px4_msgs) StdoutLine: {'line': b'-- Up-to-date: /home/rschnurr/SkyClaw-Team1/ros2_ws/install/px4_msgs/include/px4_msgs/px4_msgs/msg/detail/arming_check_reply__type_support.hpp\n'}
[2.355478] (px4_msgs) StdoutLine: {'line': b'-- Up-to-date: /home/rschnurr/SkyClaw-Team1/ros2_ws/install/px4_msgs/include/px4_msgs/px4_msgs/msg/detail/position_controller_landing_status__builder.hpp\n'}
[2.355509] (px4_msgs) StdoutLine: {'line': b'-- Up-to-date: /home/rschnurr/SkyClaw-Team1/ros2_ws/install/px4_msgs/include/px4_msgs/px4_msgs/msg/detail/vehicle_imu__builder.hpp\n'}
[2.355547] (px4_msgs) StdoutLine: {'line': b'-- Up-to-date: /home/rschnurr/SkyClaw-Team1/ros2_ws/install/px4_msgs/include/px4_msgs/px4_msgs/msg/detail/tune_control__builder.hpp\n'}
[2.355576] (px4_msgs) StdoutLine: {'line': b'-- Up-to-date: /home/rschnurr/SkyClaw-Team1/ros2_ws/install/px4_msgs/include/px4_msgs/px4_msgs/msg/detail/vehicle_status__type_support.hpp\n'}
[2.355605] (px4_msgs) StdoutLine: {'line': b'-- Up-to-date: /home/rschnurr/SkyClaw-Team1/ros2_ws/install/px4_msgs/include/px4_msgs/px4_msgs/msg/detail/sensor_uwb__struct.hpp\n'}
[2.355634] (px4_msgs) StdoutLine: {'line': b'-- Up-to-date: /home/rschnurr/SkyClaw-Team1/ros2_ws/install/px4_msgs/include/px4_msgs/px4_msgs/msg/detail/fixed_wing_lateral_setpoint__builder.hpp\n'}
[2.355666] (px4_msgs) StdoutLine: {'line': b'-- Up-to-date: /home/rschnurr/SkyClaw-Team1/ros2_ws/install/px4_msgs/include/px4_msgs/px4_msgs/msg/detail/internal_combustion_engine_status__builder.hpp\n'}
[2.355694] (px4_msgs) StdoutLine: {'line': b'-- Up-to-date: /home/rschnurr/SkyClaw-Team1/ros2_ws/install/px4_msgs/include/px4_msgs/px4_msgs/msg/detail/estimator_status__traits.hpp\n'}
[2.355723] (px4_msgs) StdoutLine: {'line': b'-- Up-to-date: /home/rschnurr/SkyClaw-Team1/ros2_ws/install/px4_msgs/include/px4_msgs/px4_msgs/msg/detail/vehicle_constraints__type_support.hpp\n'}
[2.355754] (px4_msgs) StdoutLine: {'line': b'-- Up-to-date: /home/rschnurr/SkyClaw-Team1/ros2_ws/install/px4_msgs/include/px4_msgs/px4_msgs/msg/detail/hover_thrust_estimate__builder.hpp\n'}
[2.355782] (px4_msgs) StdoutLine: {'line': b'-- Up-to-date: /home/rschnurr/SkyClaw-Team1/ros2_ws/install/px4_msgs/include/px4_msgs/px4_msgs/msg/detail/ulog_stream_ack__traits.hpp\n'}
[2.355810] (px4_msgs) StdoutLine: {'line': b'-- Up-to-date: /home/rschnurr/SkyClaw-Team1/ros2_ws/install/px4_msgs/include/px4_msgs/px4_msgs/msg/detail/rtl_status__traits.hpp\n'}
[2.355839] (px4_msgs) StdoutLine: {'line': b'-- Up-to-date: /home/rschnurr/SkyClaw-Team1/ros2_ws/install/px4_msgs/include/px4_msgs/px4_msgs/msg/detail/distance_sensor_mode_change_request__struct.hpp\n'}
[2.355868] (px4_msgs) StdoutLine: {'line': b'-- Up-to-date: /home/rschnurr/SkyClaw-Team1/ros2_ws/install/px4_msgs/include/px4_msgs/px4_msgs/msg/detail/rover_attitude_setpoint__traits.hpp\n'}
[2.355897] (px4_msgs) StdoutLine: {'line': b'-- Up-to-date: /home/rschnurr/SkyClaw-Team1/ros2_ws/install/px4_msgs/include/px4_msgs/px4_msgs/msg/detail/landing_target_innovations__type_support.hpp\n'}
[2.355925] (px4_msgs) StdoutLine: {'line': b'-- Up-to-date: /home/rschnurr/SkyClaw-Team1/ros2_ws/install/px4_msgs/include/px4_msgs/px4_msgs/msg/detail/flight_phase_estimation__struct.hpp\n'}
[2.355953] (px4_msgs) StdoutLine: {'line': b'-- Up-to-date: /home/rschnurr/SkyClaw-Team1/ros2_ws/install/px4_msgs/include/px4_msgs/px4_msgs/msg/detail/debug_vect__builder.hpp\n'}
[2.355981] (px4_msgs) StdoutLine: {'line': b'-- Up-to-date: /home/rschnurr/SkyClaw-Team1/ros2_ws/install/px4_msgs/include/px4_msgs/px4_msgs/msg/detail/log_message__struct.hpp\n'}
[2.356009] (px4_msgs) StdoutLine: {'line': b'-- Up-to-date: /home/rschnurr/SkyClaw-Team1/ros2_ws/install/px4_msgs/include/px4_msgs/px4_msgs/msg/detail/register_ext_component_reply__traits.hpp\n'}
[2.356037] (px4_msgs) StdoutLine: {'line': b'-- Up-to-date: /home/rschnurr/SkyClaw-Team1/ros2_ws/install/px4_msgs/include/px4_msgs/px4_msgs/msg/detail/wind__traits.hpp\n'}
[2.356067] (px4_msgs) StdoutLine: {'line': b'-- Up-to-date: /home/rschnurr/SkyClaw-Team1/ros2_ws/install/px4_msgs/include/px4_msgs/px4_msgs/msg/detail/actuator_armed__type_support.hpp\n'}
[2.356095] (px4_msgs) StdoutLine: {'line': b'-- Up-to-date: /home/rschnurr/SkyClaw-Team1/ros2_ws/install/px4_msgs/include/px4_msgs/px4_msgs/msg/detail/fuel_tank_status__builder.hpp\n'}
[2.356126] (px4_msgs) StdoutLine: {'line': b'-- Up-to-date: /home/rschnurr/SkyClaw-Team1/ros2_ws/install/px4_msgs/include/px4_msgs/px4_msgs/msg/detail/vehicle_command_ack__traits.hpp\n'}
[2.356155] (px4_msgs) StdoutLine: {'line': b'-- Up-to-date: /home/rschnurr/SkyClaw-Team1/ros2_ws/install/px4_msgs/include/px4_msgs/px4_msgs/msg/detail/orbit_status__builder.hpp\n'}
[2.356186] (px4_msgs) StdoutLine: {'line': b'-- Up-to-date: /home/rschnurr/SkyClaw-Team1/ros2_ws/install/px4_msgs/include/px4_msgs/px4_msgs/msg/detail/iridiumsbd_status__struct.hpp\n'}
[2.356215] (px4_msgs) StdoutLine: {'line': b'-- Up-to-date: /home/rschnurr/SkyClaw-Team1/ros2_ws/install/px4_msgs/include/px4_msgs/px4_msgs/msg/detail/vehicle_command__traits.hpp\n'}
[2.356248] (px4_msgs) StdoutLine: {'line': b'-- Up-to-date: /home/rschnurr/SkyClaw-Team1/ros2_ws/install/px4_msgs/include/px4_msgs/px4_msgs/msg/detail/landing_target_pose__traits.hpp\n'}
[2.356276] (px4_msgs) StdoutLine: {'line': b'-- Up-to-date: /home/rschnurr/SkyClaw-Team1/ros2_ws/install/px4_msgs/include/px4_msgs/px4_msgs/msg/detail/failsafe_flags__traits.hpp\n'}
[2.356304] (px4_msgs) StdoutLine: {'line': b'-- Up-to-date: /home/rschnurr/SkyClaw-Team1/ros2_ws/install/px4_msgs/include/px4_msgs/px4_msgs/msg/detail/vehicle_rates_setpoint__struct.hpp\n'}
[2.356332] (px4_msgs) StdoutLine: {'line': b'-- Up-to-date: /home/rschnurr/SkyClaw-Team1/ros2_ws/install/px4_msgs/include/px4_msgs/px4_msgs/msg/detail/ping__struct.hpp\n'}
[2.356360] (px4_msgs) StdoutLine: {'line': b'-- Up-to-date: /home/rschnurr/SkyClaw-Team1/ros2_ws/install/px4_msgs/include/px4_msgs/px4_msgs/msg/detail/magnetometer_bias_estimate__type_support.hpp\n'}
[2.356388] (px4_msgs) StdoutLine: {'line': b'-- Up-to-date: /home/rschnurr/SkyClaw-Team1/ros2_ws/install/px4_msgs/include/px4_msgs/px4_msgs/msg/detail/vehicle_attitude__type_support.hpp\n'}
[2.356416] (px4_msgs) StdoutLine: {'line': b'-- Up-to-date: /home/rschnurr/SkyClaw-Team1/ros2_ws/install/px4_msgs/include/px4_msgs/px4_msgs/msg/detail/fuel_tank_status__traits.hpp\n'}
[2.356444] (px4_msgs) StdoutLine: {'line': b'-- Up-to-date: /home/rschnurr/SkyClaw-Team1/ros2_ws/install/px4_msgs/include/px4_msgs/px4_msgs/msg/detail/navigator_status__builder.hpp\n'}
[2.356473] (px4_msgs) StdoutLine: {'line': b'-- Up-to-date: /home/rschnurr/SkyClaw-Team1/ros2_ws/install/px4_msgs/include/px4_msgs/px4_msgs/msg/detail/control_allocator_status__struct.hpp\n'}
[2.356501] (px4_msgs) StdoutLine: {'line': b'-- Up-to-date: /home/rschnurr/SkyClaw-Team1/ros2_ws/install/px4_msgs/include/px4_msgs/px4_msgs/msg/detail/gimbal_manager_set_attitude__type_support.hpp\n'}
[2.356529] (px4_msgs) StdoutLine: {'line': b'-- Up-to-date: /home/rschnurr/SkyClaw-Team1/ros2_ws/install/px4_msgs/include/px4_msgs/px4_msgs/msg/detail/landing_target_pose__builder.hpp\n'}
[2.356558] (px4_msgs) StdoutLine: {'line': b'-- Up-to-date: /home/rschnurr/SkyClaw-Team1/ros2_ws/install/px4_msgs/include/px4_msgs/px4_msgs/msg/detail/event__traits.hpp\n'}
[2.356733] (px4_msgs) StdoutLine: {'line': b'-- Up-to-date: /home/rschnurr/SkyClaw-Team1/ros2_ws/install/px4_msgs/include/px4_msgs/px4_msgs/msg/detail/battery_status__type_support.hpp\n'}
[2.356786] (px4_msgs) StdoutLine: {'line': b'-- Up-to-date: /home/rschnurr/SkyClaw-Team1/ros2_ws/install/px4_msgs/include/px4_msgs/px4_msgs/msg/detail/launch_detection_status__traits.hpp\n'}
[2.356825] (px4_msgs) StdoutLine: {'line': b'-- Up-to-date: /home/rschnurr/SkyClaw-Team1/ros2_ws/install/px4_msgs/include/px4_msgs/px4_msgs/msg/detail/actuator_outputs__type_support.hpp\n'}
[2.356861] (px4_msgs) StdoutLine: {'line': b'-- Up-to-date: /home/rschnurr/SkyClaw-Team1/ros2_ws/install/px4_msgs/include/px4_msgs/px4_msgs/msg/detail/vehicle_command__type_support.hpp\n'}
[2.356895] (px4_msgs) StdoutLine: {'line': b'-- Up-to-date: /home/rschnurr/SkyClaw-Team1/ros2_ws/install/px4_msgs/include/px4_msgs/px4_msgs/msg/detail/esc_status__builder.hpp\n'}
[2.356927] (px4_msgs) StdoutLine: {'line': b'-- Up-to-date: /home/rschnurr/SkyClaw-Team1/ros2_ws/install/px4_msgs/include/px4_msgs/px4_msgs/msg/detail/uavcan_parameter_value__struct.hpp\n'}
[2.356958] (px4_msgs) StdoutLine: {'line': b'-- Up-to-date: /home/rschnurr/SkyClaw-Team1/ros2_ws/install/px4_msgs/include/px4_msgs/px4_msgs/msg/detail/sensor_gnss_relative__struct.hpp\n'}
[2.356989] (px4_msgs) StdoutLine: {'line': b'-- Up-to-date: /home/rschnurr/SkyClaw-Team1/ros2_ws/install/px4_msgs/include/px4_msgs/px4_msgs/msg/detail/action_request__type_support.hpp\n'}
[2.357027] (px4_msgs) StdoutLine: {'line': b'-- Up-to-date: /home/rschnurr/SkyClaw-Team1/ros2_ws/install/px4_msgs/include/px4_msgs/px4_msgs/msg/detail/sensor_gps__traits.hpp\n'}
[2.357057] (px4_msgs) StdoutLine: {'line': b'-- Up-to-date: /home/rschnurr/SkyClaw-Team1/ros2_ws/install/px4_msgs/include/px4_msgs/px4_msgs/msg/detail/rover_rate_setpoint__builder.hpp\n'}
[2.357087] (px4_msgs) StdoutLine: {'line': b'-- Up-to-date: /home/rschnurr/SkyClaw-Team1/ros2_ws/install/px4_msgs/include/px4_msgs/px4_msgs/msg/detail/mission_result__traits.hpp\n'}
[2.357117] (px4_msgs) StdoutLine: {'line': b'-- Up-to-date: /home/rschnurr/SkyClaw-Team1/ros2_ws/install/px4_msgs/include/px4_msgs/px4_msgs/msg/detail/log_message__type_support.hpp\n'}
[2.357146] (px4_msgs) StdoutLine: {'line': b'-- Up-to-date: /home/rschnurr/SkyClaw-Team1/ros2_ws/install/px4_msgs/include/px4_msgs/px4_msgs/msg/detail/vehicle_command_ack__type_support.hpp\n'}
[2.357177] (px4_msgs) StdoutLine: {'line': b'-- Up-to-date: /home/rschnurr/SkyClaw-Team1/ros2_ws/install/px4_msgs/include/px4_msgs/px4_msgs/msg/detail/vehicle_local_position_setpoint__traits.hpp\n'}
[2.357206] (px4_msgs) StdoutLine: {'line': b'-- Up-to-date: /home/rschnurr/SkyClaw-Team1/ros2_ws/install/px4_msgs/include/px4_msgs/px4_msgs/msg/detail/adc_report__builder.hpp\n'}
[2.357235] (px4_msgs) StdoutLine: {'line': b'-- Up-to-date: /home/rschnurr/SkyClaw-Team1/ros2_ws/install/px4_msgs/include/px4_msgs/px4_msgs/msg/detail/open_drone_id_system__traits.hpp\n'}
[2.357266] (px4_msgs) StdoutLine: {'line': b'-- Up-to-date: /home/rschnurr/SkyClaw-Team1/ros2_ws/install/px4_msgs/include/px4_msgs/px4_msgs/msg/detail/fixed_wing_lateral_setpoint__type_support.hpp\n'}
[2.357295] (px4_msgs) StdoutLine: {'line': b'-- Up-to-date: /home/rschnurr/SkyClaw-Team1/ros2_ws/install/px4_msgs/include/px4_msgs/px4_msgs/msg/detail/arming_check_request__traits.hpp\n'}
[2.357330] (px4_msgs) StdoutLine: {'line': b'-- Up-to-date: /home/rschnurr/SkyClaw-Team1/ros2_ws/install/px4_msgs/include/px4_msgs/px4_msgs/msg/detail/vehicle_imu__struct.hpp\n'}
[2.357359] (px4_msgs) StdoutLine: {'line': b'-- Up-to-date: /home/rschnurr/SkyClaw-Team1/ros2_ws/install/px4_msgs/include/px4_msgs/px4_msgs/msg/detail/rc_parameter_map__builder.hpp\n'}
[2.357388] (px4_msgs) StdoutLine: {'line': b'-- Up-to-date: /home/rschnurr/SkyClaw-Team1/ros2_ws/install/px4_msgs/include/px4_msgs/px4_msgs/msg/detail/register_ext_component_request__traits.hpp\n'}
[2.357416] (px4_msgs) StdoutLine: {'line': b'-- Up-to-date: /home/rschnurr/SkyClaw-Team1/ros2_ws/install/px4_msgs/include/px4_msgs/px4_msgs/msg/detail/sensor_gyro__builder.hpp\n'}
[2.357445] (px4_msgs) StdoutLine: {'line': b'-- Up-to-date: /home/rschnurr/SkyClaw-Team1/ros2_ws/install/px4_msgs/include/px4_msgs/px4_msgs/msg/detail/internal_combustion_engine_status__type_support.hpp\n'}
[2.357476] (px4_msgs) StdoutLine: {'line': b'-- Up-to-date: /home/rschnurr/SkyClaw-Team1/ros2_ws/install/px4_msgs/include/px4_msgs/px4_msgs/msg/detail/arming_check_request__type_support.hpp\n'}
[2.357505] (px4_msgs) StdoutLine: {'line': b'-- Up-to-date: /home/rschnurr/SkyClaw-Team1/ros2_ws/install/px4_msgs/include/px4_msgs/px4_msgs/msg/detail/orb_test_large__type_support.hpp\n'}
[2.357591] (px4_msgs) StdoutLine: {'line': b'-- Up-to-date: /home/rschnurr/SkyClaw-Team1/ros2_ws/install/px4_msgs/include/px4_msgs/px4_msgs/msg/detail/landing_target_innovations__builder.hpp\n'}
[2.357767] (px4_msgs) StdoutLine: {'line': b'-- Up-to-date: /home/rschnurr/SkyClaw-Team1/ros2_ws/install/px4_msgs/include/px4_msgs/px4_msgs/msg/detail/fuel_tank_status__struct.hpp\n'}
[2.357837] (px4_msgs) StdoutLine: {'line': b'-- Up-to-date: /home/rschnurr/SkyClaw-Team1/ros2_ws/install/px4_msgs/include/px4_msgs/px4_msgs/msg/detail/estimator_aid_source2d__struct.hpp\n'}
[2.357875] (px4_msgs) StdoutLine: {'line': b'-- Up-to-date: /home/rschnurr/SkyClaw-Team1/ros2_ws/install/px4_msgs/include/px4_msgs/px4_msgs/msg/detail/estimator_status__builder.hpp\n'}
[2.357909] (px4_msgs) StdoutLine: {'line': b'-- Up-to-date: /home/rschnurr/SkyClaw-Team1/ros2_ws/install/px4_msgs/include/px4_msgs/px4_msgs/msg/detail/sensor_optical_flow__builder.hpp\n'}
[2.357934] (px4_msgs) StdoutLine: {'line': b'-- Up-to-date: /home/rschnurr/SkyClaw-Team1/ros2_ws/install/px4_msgs/include/px4_msgs/px4_msgs/msg/detail/estimator_bias3d__builder.hpp\n'}
[2.357957] (px4_msgs) StdoutLine: {'line': b'-- Up-to-date: /home/rschnurr/SkyClaw-Team1/ros2_ws/install/px4_msgs/include/px4_msgs/px4_msgs/msg/detail/vehicle_odometry__type_support.hpp\n'}
[2.357984] (px4_msgs) StdoutLine: {'line': b'-- Up-to-date: /home/rschnurr/SkyClaw-Team1/ros2_ws/install/px4_msgs/include/px4_msgs/px4_msgs/msg/detail/esc_report__traits.hpp\n'}
[2.358007] (px4_msgs) StdoutLine: {'line': b'-- Up-to-date: /home/rschnurr/SkyClaw-Team1/ros2_ws/install/px4_msgs/include/px4_msgs/px4_msgs/msg/detail/rover_rate_status__builder.hpp\n'}
[2.358031] (px4_msgs) StdoutLine: {'line': b'-- Up-to-date: /home/rschnurr/SkyClaw-Team1/ros2_ws/install/px4_msgs/include/px4_msgs/px4_msgs/msg/detail/parameter_set_value_request__type_support.hpp\n'}
[2.358055] (px4_msgs) StdoutLine: {'line': b'-- Up-to-date: /home/rschnurr/SkyClaw-Team1/ros2_ws/install/px4_msgs/include/px4_msgs/px4_msgs/msg/detail/vehicle_constraints__struct.hpp\n'}
[2.358078] (px4_msgs) StdoutLine: {'line': b'-- Up-to-date: /home/rschnurr/SkyClaw-Team1/ros2_ws/install/px4_msgs/include/px4_msgs/px4_msgs/msg/detail/vehicle_thrust_setpoint__builder.hpp\n'}
[2.358102] (px4_msgs) StdoutLine: {'line': b'-- Up-to-date: /home/rschnurr/SkyClaw-Team1/ros2_ws/install/px4_msgs/include/px4_msgs/px4_msgs/msg/detail/rover_throttle_setpoint__traits.hpp\n'}
[2.358130] (px4_msgs) StdoutLine: {'line': b'-- Up-to-date: /home/rschnurr/SkyClaw-Team1/ros2_ws/install/px4_msgs/include/px4_msgs/px4_msgs/msg/detail/rtl_time_estimate__struct.hpp\n'}
[2.358152] (px4_msgs) StdoutLine: {'line': b'-- Up-to-date: /home/rschnurr/SkyClaw-Team1/ros2_ws/install/px4_msgs/include/px4_msgs/px4_msgs/msg/detail/offboard_control_mode__traits.hpp\n'}
[2.358174] (px4_msgs) StdoutLine: {'line': b'-- Up-to-date: /home/rschnurr/SkyClaw-Team1/ros2_ws/install/px4_msgs/include/px4_msgs/px4_msgs/msg/detail/collision_constraints__type_support.hpp\n'}
[2.358198] (px4_msgs) StdoutLine: {'line': b'-- Up-to-date: /home/rschnurr/SkyClaw-Team1/ros2_ws/install/px4_msgs/include/px4_msgs/px4_msgs/msg/detail/position_controller_landing_status__type_support.hpp\n'}
[2.358391] (px4_msgs) StdoutLine: {'line': b'-- Up-to-date: /home/rschnurr/SkyClaw-Team1/ros2_ws/install/px4_msgs/include/px4_msgs/px4_msgs/msg/detail/estimator_sensor_bias__traits.hpp\n'}
[2.358446] (px4_msgs) StdoutLine: {'line': b'-- Up-to-date: /home/rschnurr/SkyClaw-Team1/ros2_ws/install/px4_msgs/include/px4_msgs/px4_msgs/msg/detail/vtol_vehicle_status__struct.hpp\n'}
[2.358484] (px4_msgs) StdoutLine: {'line': b'-- Up-to-date: /home/rschnurr/SkyClaw-Team1/ros2_ws/install/px4_msgs/include/px4_msgs/px4_msgs/msg/detail/sensor_gps__struct.hpp\n'}
[2.358517] (px4_msgs) StdoutLine: {'line': b'-- Up-to-date: /home/rschnurr/SkyClaw-Team1/ros2_ws/install/px4_msgs/include/px4_msgs/px4_msgs/msg/detail/sensor_selection__builder.hpp\n'}
[2.358548] (px4_msgs) StdoutLine: {'line': b'-- Up-to-date: /home/rschnurr/SkyClaw-Team1/ros2_ws/install/px4_msgs/include/px4_msgs/px4_msgs/msg/detail/fixed_wing_lateral_guidance_status__struct.hpp\n'}
[2.358693] (px4_msgs) StdoutLine: {'line': b'-- Up-to-date: /home/rschnurr/SkyClaw-Team1/ros2_ws/install/px4_msgs/include/px4_msgs/px4_msgs/msg/detail/vehicle_control_mode__traits.hpp\n'}
[2.359208] (px4_msgs) StdoutLine: {'line': b'-- Up-to-date: /home/rschnurr/SkyClaw-Team1/ros2_ws/install/px4_msgs/include/px4_msgs/px4_msgs/msg/detail/battery_info__traits.hpp\n'}
[2.359312] (px4_msgs) StdoutLine: {'line': b'-- Up-to-date: /home/rschnurr/SkyClaw-Team1/ros2_ws/install/px4_msgs/include/px4_msgs/px4_msgs/msg/detail/actuator_test__traits.hpp\n'}
[2.359377] (px4_msgs) StdoutLine: {'line': b'-- Up-to-date: /home/rschnurr/SkyClaw-Team1/ros2_ws/install/px4_msgs/include/px4_msgs/px4_msgs/msg/detail/position_controller_landing_status__traits.hpp\n'}
[2.359450] (px4_msgs) StdoutLine: {'line': b'-- Up-to-date: /home/rschnurr/SkyClaw-Team1/ros2_ws/install/px4_msgs/include/px4_msgs/px4_msgs/msg/detail/vehicle_attitude__traits.hpp\n'}
[2.359493] (px4_msgs) StdoutLine: {'line': b'-- Up-to-date: /home/rschnurr/SkyClaw-Team1/ros2_ws/install/px4_msgs/include/px4_msgs/px4_msgs/msg/detail/sensor_gyro_fifo__type_support.hpp\n'}
[2.359607] (px4_msgs) StdoutLine: {'line': b'-- Up-to-date: /home/rschnurr/SkyClaw-Team1/ros2_ws/install/px4_msgs/include/px4_msgs/px4_msgs/msg/detail/rc_channels__struct.hpp\n'}
[2.359736] (px4_msgs) StdoutLine: {'line': b'-- Up-to-date: /home/rschnurr/SkyClaw-Team1/ros2_ws/install/px4_msgs/include/px4_msgs/px4_msgs/msg/detail/px4io_status__struct.hpp\n'}
[2.359789] (px4_msgs) StdoutLine: {'line': b'-- Up-to-date: /home/rschnurr/SkyClaw-Team1/ros2_ws/install/px4_msgs/include/px4_msgs/px4_msgs/msg/detail/rover_attitude_status__struct.hpp\n'}
[2.359834] (px4_msgs) StdoutLine: {'line': b'-- Up-to-date: /home/rschnurr/SkyClaw-Team1/ros2_ws/install/px4_msgs/include/px4_msgs/px4_msgs/msg/detail/tecs_status__builder.hpp\n'}
[2.359870] (px4_msgs) StdoutLine: {'line': b'-- Up-to-date: /home/rschnurr/SkyClaw-Team1/ros2_ws/install/px4_msgs/include/px4_msgs/px4_msgs/msg/detail/gimbal_device_set_attitude__traits.hpp\n'}
[2.359948] (px4_msgs) StdoutLine: {'line': b'-- Up-to-date: /home/rschnurr/SkyClaw-Team1/ros2_ws/install/px4_msgs/include/px4_msgs/px4_msgs/msg/detail/parameter_reset_request__type_support.hpp\n'}
[2.360037] (px4_msgs) StdoutLine: {'line': b'-- Up-to-date: /home/rschnurr/SkyClaw-Team1/ros2_ws/install/px4_msgs/include/px4_msgs/px4_msgs/msg/detail/tiltrotor_extra_controls__builder.hpp\n'}
[2.360079] (px4_msgs) StdoutLine: {'line': b'-- Up-to-date: /home/rschnurr/SkyClaw-Team1/ros2_ws/install/px4_msgs/include/px4_msgs/px4_msgs/msg/detail/actuator_servos__type_support.hpp\n'}
[2.360113] (px4_msgs) StdoutLine: {'line': b'-- Up-to-date: /home/rschnurr/SkyClaw-Team1/ros2_ws/install/px4_msgs/include/px4_msgs/px4_msgs/msg/detail/gps_dump__builder.hpp\n'}
[2.360147] (px4_msgs) StdoutLine: {'line': b'-- Up-to-date: /home/rschnurr/SkyClaw-Team1/ros2_ws/install/px4_msgs/include/px4_msgs/px4_msgs/msg/detail/uavcan_parameter_value__type_support.hpp\n'}
[2.360180] (px4_msgs) StdoutLine: {'line': b'-- Up-to-date: /home/rschnurr/SkyClaw-Team1/ros2_ws/install/px4_msgs/include/px4_msgs/px4_msgs/msg/detail/event__type_support.hpp\n'}
[2.360217] (px4_msgs) StdoutLine: {'line': b'-- Up-to-date: /home/rschnurr/SkyClaw-Team1/ros2_ws/install/px4_msgs/include/px4_msgs/px4_msgs/msg/detail/can_interface_status__struct.hpp\n'}
[2.360250] (px4_msgs) StdoutLine: {'line': b'-- Up-to-date: /home/rschnurr/SkyClaw-Team1/ros2_ws/install/px4_msgs/include/px4_msgs/px4_msgs/msg/detail/debug_key_value__builder.hpp\n'}
[2.360291] (px4_msgs) StdoutLine: {'line': b'-- Up-to-date: /home/rschnurr/SkyClaw-Team1/ros2_ws/install/px4_msgs/include/px4_msgs/px4_msgs/msg/detail/mount_orientation__builder.hpp\n'}
[2.360324] (px4_msgs) StdoutLine: {'line': b'-- Up-to-date: /home/rschnurr/SkyClaw-Team1/ros2_ws/install/px4_msgs/include/px4_msgs/px4_msgs/msg/detail/position_controller_status__traits.hpp\n'}
[2.360354] (px4_msgs) StdoutLine: {'line': b'-- Up-to-date: /home/rschnurr/SkyClaw-Team1/ros2_ws/install/px4_msgs/include/px4_msgs/px4_msgs/msg/manual_control_switches.hpp\n'}
[2.360386] (px4_msgs) StdoutLine: {'line': b'-- Up-to-date: /home/rschnurr/SkyClaw-Team1/ros2_ws/install/px4_msgs/include/px4_msgs/px4_msgs/msg/sensor_preflight_mag.hpp\n'}
[2.360417] (px4_msgs) StdoutLine: {'line': b'-- Up-to-date: /home/rschnurr/SkyClaw-Team1/ros2_ws/install/px4_msgs/include/px4_msgs/px4_msgs/msg/fuel_tank_status.hpp\n'}
[2.360452] (px4_msgs) StdoutLine: {'line': b'-- Up-to-date: /home/rschnurr/SkyClaw-Team1/ros2_ws/install/px4_msgs/include/px4_msgs/px4_msgs/msg/dataman_request.hpp\n'}
[2.360492] (px4_msgs) StdoutLine: {'line': b'-- Up-to-date: /home/rschnurr/SkyClaw-Team1/ros2_ws/install/px4_msgs/include/px4_msgs/px4_msgs/msg/vehicle_land_detected.hpp\n'}
[2.360540] (px4_msgs) StdoutLine: {'line': b'-- Up-to-date: /home/rschnurr/SkyClaw-Team1/ros2_ws/install/px4_msgs/include/px4_msgs/px4_msgs/msg/gimbal_manager_set_attitude.hpp\n'}
[2.360581] (px4_msgs) StdoutLine: {'line': b'-- Up-to-date: /home/rschnurr/SkyClaw-Team1/ros2_ws/install/px4_msgs/include/px4_msgs/px4_msgs/msg/pps_capture.hpp\n'}
[2.360620] (px4_msgs) StdoutLine: {'line': b'-- Up-to-date: /home/rschnurr/SkyClaw-Team1/ros2_ws/install/px4_msgs/include/px4_msgs/px4_msgs/msg/normalized_unsigned_setpoint.hpp\n'}
[2.360653] (px4_msgs) StdoutLine: {'line': b'-- Up-to-date: /home/rschnurr/SkyClaw-Team1/ros2_ws/install/px4_msgs/include/px4_msgs/px4_msgs/msg/rover_attitude_setpoint.hpp\n'}
[2.360690] (px4_msgs) StdoutLine: {'line': b'-- Up-to-date: /home/rschnurr/SkyClaw-Team1/ros2_ws/install/px4_msgs/include/px4_msgs/px4_msgs/msg/health_report.hpp\n'}
[2.360722] (px4_msgs) StdoutLine: {'line': b'-- Up-to-date: /home/rschnurr/SkyClaw-Team1/ros2_ws/install/px4_msgs/include/px4_msgs/px4_msgs/msg/adc_report.hpp\n'}
[2.360755] (px4_msgs) StdoutLine: {'line': b'-- Up-to-date: /home/rschnurr/SkyClaw-Team1/ros2_ws/install/px4_msgs/include/px4_msgs/px4_msgs/msg/rosidl_generator_cpp__visibility_control.hpp\n'}
[2.360789] (px4_msgs) StdoutLine: {'line': b'-- Up-to-date: /home/rschnurr/SkyClaw-Team1/ros2_ws/install/px4_msgs/include/px4_msgs/px4_msgs/msg/follow_target.hpp\n'}
[2.360819] (px4_msgs) StdoutLine: {'line': b'-- Up-to-date: /home/rschnurr/SkyClaw-Team1/ros2_ws/install/px4_msgs/include/px4_msgs/px4_msgs/msg/failure_detector_status.hpp\n'}
[2.360848] (px4_msgs) StdoutLine: {'line': b'-- Up-to-date: /home/rschnurr/SkyClaw-Team1/ros2_ws/install/px4_msgs/include/px4_msgs/px4_msgs/msg/irlock_report.hpp\n'}
[2.360879] (px4_msgs) StdoutLine: {'line': b'-- Up-to-date: /home/rschnurr/SkyClaw-Team1/ros2_ws/install/px4_msgs/include/px4_msgs/px4_msgs/msg/battery_status.hpp\n'}
[2.360911] (px4_msgs) StdoutLine: {'line': b'-- Up-to-date: /home/rschnurr/SkyClaw-Team1/ros2_ws/install/px4_msgs/include/px4_msgs/px4_msgs/msg/config_overrides.hpp\n'}
[2.360941] (px4_msgs) StdoutLine: {'line': b'-- Up-to-date: /home/rschnurr/SkyClaw-Team1/ros2_ws/install/px4_msgs/include/px4_msgs/px4_msgs/msg/airspeed.hpp\n'}
[2.361056] (px4_msgs) StdoutLine: {'line': b'-- Up-to-date: /home/rschnurr/SkyClaw-Team1/ros2_ws/install/px4_msgs/include/px4_msgs/px4_msgs/msg/satellite_info.hpp\n'}
[2.361099] (px4_msgs) StdoutLine: {'line': b'-- Up-to-date: /home/rschnurr/SkyClaw-Team1/ros2_ws/install/px4_msgs/include/px4_msgs/px4_msgs/msg/event.hpp\n'}
[2.361138] (px4_msgs) StdoutLine: {'line': b'-- Up-to-date: /home/rschnurr/SkyClaw-Team1/ros2_ws/install/px4_msgs/include/px4_msgs/px4_msgs/msg/estimator_sensor_bias.hpp\n'}
[2.361171] (px4_msgs) StdoutLine: {'line': b'-- Up-to-date: /home/rschnurr/SkyClaw-Team1/ros2_ws/install/px4_msgs/include/px4_msgs/px4_msgs/msg/estimator_bias3d.hpp\n'}
[2.361204] (px4_msgs) StdoutLine: {'line': b'-- Up-to-date: /home/rschnurr/SkyClaw-Team1/ros2_ws/install/px4_msgs/include/px4_msgs/px4_msgs/msg/fixed_wing_longitudinal_setpoint.hpp\n'}
[2.361235] (px4_msgs) StdoutLine: {'line': b'-- Up-to-date: /home/rschnurr/SkyClaw-Team1/ros2_ws/install/px4_msgs/include/px4_msgs/px4_msgs/msg/sensor_selection.hpp\n'}
[2.361266] (px4_msgs) StdoutLine: {'line': b'-- Up-to-date: /home/rschnurr/SkyClaw-Team1/ros2_ws/install/px4_msgs/include/px4_msgs/px4_msgs/msg/vehicle_imu.hpp\n'}
[2.361295] (px4_msgs) StdoutLine: {'line': b'-- Up-to-date: /home/rschnurr/SkyClaw-Team1/ros2_ws/install/px4_msgs/include/px4_msgs/px4_msgs/msg/vehicle_magnetometer.hpp\n'}
[2.361327] (px4_msgs) StdoutLine: {'line': b'-- Up-to-date: /home/rschnurr/SkyClaw-Team1/ros2_ws/install/px4_msgs/include/px4_msgs/px4_msgs/msg/sensor_gyro.hpp\n'}
[2.361359] (px4_msgs) StdoutLine: {'line': b'-- Up-to-date: /home/rschnurr/SkyClaw-Team1/ros2_ws/install/px4_msgs/include/px4_msgs/px4_msgs/msg/sensor_baro.hpp\n'}
[2.361396] (px4_msgs) StdoutLine: {'line': b'-- Up-to-date: /home/rschnurr/SkyClaw-Team1/ros2_ws/install/px4_msgs/include/px4_msgs/px4_msgs/msg/vehicle_odometry.hpp\n'}
[2.361453] (px4_msgs) StdoutLine: {'line': b'-- Up-to-date: /home/rschnurr/SkyClaw-Team1/ros2_ws/install/px4_msgs/include/px4_msgs/px4_msgs/msg/internal_combustion_engine_control.hpp\n'}
[2.361567] (px4_msgs) StdoutLine: {'line': b'-- Up-to-date: /home/rschnurr/SkyClaw-Team1/ros2_ws/install/px4_msgs/include/px4_msgs/px4_msgs/msg/estimator_aid_source2d.hpp\n'}
[2.361718] (px4_msgs) StdoutLine: {'line': b'-- Up-to-date: /home/rschnurr/SkyClaw-Team1/ros2_ws/install/px4_msgs/include/px4_msgs/px4_msgs/msg/debug_vect.hpp\n'}
[2.361846] (px4_msgs) StdoutLine: {'line': b'-- Up-to-date: /home/rschnurr/SkyClaw-Team1/ros2_ws/install/px4_msgs/include/px4_msgs/px4_msgs/msg/position_controller_status.hpp\n'}
[2.361927] (px4_msgs) StdoutLine: {'line': b'-- Up-to-date: /home/rschnurr/SkyClaw-Team1/ros2_ws/install/px4_msgs/include/px4_msgs/px4_msgs/msg/cpuload.hpp\n'}
[2.361971] (px4_msgs) StdoutLine: {'line': b'-- Up-to-date: /home/rschnurr/SkyClaw-Team1/ros2_ws/install/px4_msgs/include/px4_msgs/px4_msgs/msg/estimator_bias.hpp\n'}
[2.362009] (px4_msgs) StdoutLine: {'line': b'-- Up-to-date: /home/rschnurr/SkyClaw-Team1/ros2_ws/install/px4_msgs/include/px4_msgs/px4_msgs/msg/tiltrotor_extra_controls.hpp\n'}
[2.362045] (px4_msgs) StdoutLine: {'line': b'-- Up-to-date: /home/rschnurr/SkyClaw-Team1/ros2_ws/install/px4_msgs/include/px4_msgs/px4_msgs/msg/vehicle_roi.hpp\n'}
[2.362091] (px4_msgs) StdoutLine: {'line': b'-- Up-to-date: /home/rschnurr/SkyClaw-Team1/ros2_ws/install/px4_msgs/include/px4_msgs/px4_msgs/msg/ekf2_timestamps.hpp\n'}
[2.362138] (px4_msgs) StdoutLine: {'line': b'-- Up-to-date: /home/rschnurr/SkyClaw-Team1/ros2_ws/install/px4_msgs/include/px4_msgs/px4_msgs/msg/ulog_stream_ack.hpp\n'}
[2.362181] (px4_msgs) StdoutLine: {'line': b'-- Up-to-date: /home/rschnurr/SkyClaw-Team1/ros2_ws/install/px4_msgs/include/px4_msgs/px4_msgs/msg/input_rc.hpp\n'}
[2.362224] (px4_msgs) StdoutLine: {'line': b'-- Up-to-date: /home/rschnurr/SkyClaw-Team1/ros2_ws/install/px4_msgs/include/px4_msgs/px4_msgs/msg/transponder_report.hpp\n'}
[2.362331] (px4_msgs) StdoutLine: {'line': b'-- Up-to-date: /home/rschnurr/SkyClaw-Team1/ros2_ws/install/px4_msgs/include/px4_msgs/px4_msgs/msg/obstacle_distance.hpp\n'}
[2.362425] (px4_msgs) StdoutLine: {'line': b'-- Up-to-date: /home/rschnurr/SkyClaw-Team1/ros2_ws/install/px4_msgs/include/px4_msgs/px4_msgs/msg/cellular_status.hpp\n'}
[2.362494] (px4_msgs) StdoutLine: {'line': b'-- Up-to-date: /home/rschnurr/SkyClaw-Team1/ros2_ws/install/px4_msgs/include/px4_msgs/px4_msgs/msg/estimator_states.hpp\n'}
[2.362545] (px4_msgs) StdoutLine: {'line': b'-- Up-to-date: /home/rschnurr/SkyClaw-Team1/ros2_ws/install/px4_msgs/include/px4_msgs/px4_msgs/msg/dataman_response.hpp\n'}
[2.362590] (px4_msgs) StdoutLine: {'line': b'-- Up-to-date: /home/rschnurr/SkyClaw-Team1/ros2_ws/install/px4_msgs/include/px4_msgs/px4_msgs/msg/orb_test_large.hpp\n'}
[2.362635] (px4_msgs) StdoutLine: {'line': b'-- Up-to-date: /home/rschnurr/SkyClaw-Team1/ros2_ws/install/px4_msgs/include/px4_msgs/px4_msgs/msg/parameter_update.hpp\n'}
[2.362683] (px4_msgs) StdoutLine: {'line': b'-- Up-to-date: /home/rschnurr/SkyClaw-Team1/ros2_ws/install/px4_msgs/include/px4_msgs/px4_msgs/msg/actuator_armed.hpp\n'}
[2.362726] (px4_msgs) StdoutLine: {'line': b'-- Up-to-date: /home/rschnurr/SkyClaw-Team1/ros2_ws/install/px4_msgs/include/px4_msgs/px4_msgs/msg/vehicle_local_position.hpp\n'}
[2.362768] (px4_msgs) StdoutLine: {'line': b'-- Up-to-date: /home/rschnurr/SkyClaw-Team1/ros2_ws/install/px4_msgs/include/px4_msgs/px4_msgs/msg/estimator_event_flags.hpp\n'}
[2.362810] (px4_msgs) StdoutLine: {'line': b'-- Up-to-date: /home/rschnurr/SkyClaw-Team1/ros2_ws/install/px4_msgs/include/px4_msgs/px4_msgs/msg/distance_sensor_mode_change_request.hpp\n'}
[2.362853] (px4_msgs) StdoutLine: {'line': b'-- Up-to-date: /home/rschnurr/SkyClaw-Team1/ros2_ws/install/px4_msgs/include/px4_msgs/px4_msgs/msg/actuator_controls_status.hpp\n'}
[2.362895] (px4_msgs) StdoutLine: {'line': b'-- Up-to-date: /home/rschnurr/SkyClaw-Team1/ros2_ws/install/px4_msgs/include/px4_msgs/px4_msgs/msg/mag_worker_data.hpp\n'}
[2.362941] (px4_msgs) StdoutLine: {'line': b'-- Up-to-date: /home/rschnurr/SkyClaw-Team1/ros2_ws/install/px4_msgs/include/px4_msgs/px4_msgs/msg/estimator_status_flags.hpp\n'}
[2.362983] (px4_msgs) StdoutLine: {'line': b'-- Up-to-date: /home/rschnurr/SkyClaw-Team1/ros2_ws/install/px4_msgs/include/px4_msgs/px4_msgs/msg/mode_completed.hpp\n'}
[2.363024] (px4_msgs) StdoutLine: {'line': b'-- Up-to-date: /home/rschnurr/SkyClaw-Team1/ros2_ws/install/px4_msgs/include/px4_msgs/px4_msgs/msg/system_power.hpp\n'}
[2.363065] (px4_msgs) StdoutLine: {'line': b'-- Up-to-date: /home/rschnurr/SkyClaw-Team1/ros2_ws/install/px4_msgs/include/px4_msgs/px4_msgs/msg/figure_eight_status.hpp\n'}
[2.363107] (px4_msgs) StdoutLine: {'line': b'-- Up-to-date: /home/rschnurr/SkyClaw-Team1/ros2_ws/install/px4_msgs/include/px4_msgs/px4_msgs/msg/vehicle_global_position.hpp\n'}
[2.363238] (px4_msgs) StdoutLine: {'line': b'-- Up-to-date: /home/rschnurr/SkyClaw-Team1/ros2_ws/install/px4_msgs/include/px4_msgs/px4_msgs/msg/vehicle_command.hpp\n'}
[2.363304] (px4_msgs) StdoutLine: {'line': b'-- Up-to-date: /home/rschnurr/SkyClaw-Team1/ros2_ws/install/px4_msgs/include/px4_msgs/px4_msgs/msg/debug_key_value.hpp\n'}
[2.363359] (px4_msgs) StdoutLine: {'line': b'-- Up-to-date: /home/rschnurr/SkyClaw-Team1/ros2_ws/install/px4_msgs/include/px4_msgs/px4_msgs/msg/vehicle_optical_flow.hpp\n'}
[2.363406] (px4_msgs) StdoutLine: {'line': b'-- Up-to-date: /home/rschnurr/SkyClaw-Team1/ros2_ws/install/px4_msgs/include/px4_msgs/px4_msgs/msg/sensor_gps.hpp\n'}
[2.363451] (px4_msgs) StdoutLine: {'line': b'-- Up-to-date: /home/rschnurr/SkyClaw-Team1/ros2_ws/install/px4_msgs/include/px4_msgs/px4_msgs/msg/magnetometer_bias_estimate.hpp\n'}
[2.363493] (px4_msgs) StdoutLine: {'line': b'-- Up-to-date: /home/rschnurr/SkyClaw-Team1/ros2_ws/install/px4_msgs/include/px4_msgs/px4_msgs/msg/rover_attitude_status.hpp\n'}
[2.363536] (px4_msgs) StdoutLine: {'line': b'-- Up-to-date: /home/rschnurr/SkyClaw-Team1/ros2_ws/install/px4_msgs/include/px4_msgs/px4_msgs/msg/fixed_wing_lateral_setpoint.hpp\n'}
[2.363579] (px4_msgs) StdoutLine: {'line': b'-- Up-to-date: /home/rschnurr/SkyClaw-Team1/ros2_ws/install/px4_msgs/include/px4_msgs/px4_msgs/msg/esc_status.hpp\n'}
[2.363621] (px4_msgs) StdoutLine: {'line': b'-- Up-to-date: /home/rschnurr/SkyClaw-Team1/ros2_ws/install/px4_msgs/include/px4_msgs/px4_msgs/msg/vehicle_imu_status.hpp\n'}
[2.363663] (px4_msgs) StdoutLine: {'line': b'-- Up-to-date: /home/rschnurr/SkyClaw-Team1/ros2_ws/install/px4_msgs/include/px4_msgs/px4_msgs/msg/navigator_status.hpp\n'}
[2.363705] (px4_msgs) StdoutLine: {'line': b'-- Up-to-date: /home/rschnurr/SkyClaw-Team1/ros2_ws/install/px4_msgs/include/px4_msgs/px4_msgs/msg/estimator_status.hpp\n'}
[2.363761] (px4_msgs) StdoutLine: {'line': b'-- Up-to-date: /home/rschnurr/SkyClaw-Team1/ros2_ws/install/px4_msgs/include/px4_msgs/px4_msgs/msg/message_format_response.hpp\n'}
[2.363849] (px4_msgs) StdoutLine: {'line': b'-- Up-to-date: /home/rschnurr/SkyClaw-Team1/ros2_ws/install/px4_msgs/include/px4_msgs/px4_msgs/msg/can_interface_status.hpp\n'}
[2.363955] (px4_msgs) StdoutLine: {'line': b'-- Up-to-date: /home/rschnurr/SkyClaw-Team1/ros2_ws/install/px4_msgs/include/px4_msgs/px4_msgs/msg/sensor_combined.hpp\n'}
[2.364022] (px4_msgs) StdoutLine: {'line': b'-- Up-to-date: /home/rschnurr/SkyClaw-Team1/ros2_ws/install/px4_msgs/include/px4_msgs/px4_msgs/msg/wind.hpp\n'}
[2.364064] (px4_msgs) StdoutLine: {'line': b'-- Up-to-date: /home/rschnurr/SkyClaw-Team1/ros2_ws/install/px4_msgs/include/px4_msgs/px4_msgs/msg/battery_info.hpp\n'}
[2.364103] (px4_msgs) StdoutLine: {'line': b'-- Up-to-date: /home/rschnurr/SkyClaw-Team1/ros2_ws/install/px4_msgs/include/px4_msgs/px4_msgs/msg/differential_pressure.hpp\n'}
[2.364136] (px4_msgs) StdoutLine: {'line': b'-- Up-to-date: /home/rschnurr/SkyClaw-Team1/ros2_ws/install/px4_msgs/include/px4_msgs/px4_msgs/msg/rover_rate_setpoint.hpp\n'}
[2.364176] (px4_msgs) StdoutLine: {'line': b'-- Up-to-date: /home/rschnurr/SkyClaw-Team1/ros2_ws/install/px4_msgs/include/px4_msgs/px4_msgs/msg/vehicle_optical_flow_vel.hpp\n'}
[2.364225] (px4_msgs) StdoutLine: {'line': b'-- Up-to-date: /home/rschnurr/SkyClaw-Team1/ros2_ws/install/px4_msgs/include/px4_msgs/px4_msgs/msg/position_setpoint_triplet.hpp\n'}
[2.364265] (px4_msgs) StdoutLine: {'line': b'-- Up-to-date: /home/rschnurr/SkyClaw-Team1/ros2_ws/install/px4_msgs/include/px4_msgs/px4_msgs/msg/vehicle_attitude.hpp\n'}
[2.364299] (px4_msgs) StdoutLine: {'line': b'-- Up-to-date: /home/rschnurr/SkyClaw-Team1/ros2_ws/install/px4_msgs/include/px4_msgs/px4_msgs/msg/logger_status.hpp\n'}
[2.364332] (px4_msgs) StdoutLine: {'line': b'-- Up-to-date: /home/rschnurr/SkyClaw-Team1/ros2_ws/install/px4_msgs/include/px4_msgs/px4_msgs/msg/fixed_wing_lateral_guidance_status.hpp\n'}
[2.364367] (px4_msgs) StdoutLine: {'line': b'-- Up-to-date: /home/rschnurr/SkyClaw-Team1/ros2_ws/install/px4_msgs/include/px4_msgs/px4_msgs/msg/rc_channels.hpp\n'}
[2.364397] (px4_msgs) StdoutLine: {'line': b'-- Up-to-date: /home/rschnurr/SkyClaw-Team1/ros2_ws/install/px4_msgs/include/px4_msgs/px4_msgs/msg/mavlink_tunnel.hpp\n'}
[2.364429] (px4_msgs) StdoutLine: {'line': b'-- Up-to-date: /home/rschnurr/SkyClaw-Team1/ros2_ws/install/px4_msgs/include/px4_msgs/px4_msgs/msg/sensors_status.hpp\n'}
[2.364461] (px4_msgs) StdoutLine: {'line': b'-- Up-to-date: /home/rschnurr/SkyClaw-Team1/ros2_ws/install/px4_msgs/include/px4_msgs/px4_msgs/msg/gimbal_controls.hpp\n'}
[2.364493] (px4_msgs) StdoutLine: {'line': b'-- Up-to-date: /home/rschnurr/SkyClaw-Team1/ros2_ws/install/px4_msgs/include/px4_msgs/px4_msgs/msg/launch_detection_status.hpp\n'}
[2.364522] (px4_msgs) StdoutLine: {'line': b'-- Up-to-date: /home/rschnurr/SkyClaw-Team1/ros2_ws/install/px4_msgs/include/px4_msgs/px4_msgs/msg/action_request.hpp\n'}
[2.364554] (px4_msgs) StdoutLine: {'line': b'-- Up-to-date: /home/rschnurr/SkyClaw-Team1/ros2_ws/install/px4_msgs/include/px4_msgs/px4_msgs/msg/camera_capture.hpp\n'}
[2.364588] (px4_msgs) StdoutLine: {'line': b'-- Up-to-date: /home/rschnurr/SkyClaw-Team1/ros2_ws/install/px4_msgs/include/px4_msgs/px4_msgs/msg/sensor_uwb.hpp\n'}
[2.364619] (px4_msgs) StdoutLine: {'line': b'-- Up-to-date: /home/rschnurr/SkyClaw-Team1/ros2_ws/install/px4_msgs/include/px4_msgs/px4_msgs/msg/camera_status.hpp\n'}
[2.364667] (px4_msgs) StdoutLine: {'line': b'-- Up-to-date: /home/rschnurr/SkyClaw-Team1/ros2_ws/install/px4_msgs/include/px4_msgs/px4_msgs/msg/position_setpoint.hpp\n'}
[2.364756] (px4_msgs) StdoutLine: {'line': b'-- Up-to-date: /home/rschnurr/SkyClaw-Team1/ros2_ws/install/px4_msgs/include/px4_msgs/px4_msgs/msg/register_ext_component_reply.hpp\n'}
[2.364801] (px4_msgs) StdoutLine: {'line': b'-- Up-to-date: /home/rschnurr/SkyClaw-Team1/ros2_ws/install/px4_msgs/include/px4_msgs/px4_msgs/msg/longitudinal_control_configuration.hpp\n'}
[2.364884] (px4_msgs) StdoutLine: {'line': b'-- Up-to-date: /home/rschnurr/SkyClaw-Team1/ros2_ws/install/px4_msgs/include/px4_msgs/px4_msgs/msg/qshell_req.hpp\n'}
[2.364949] (px4_msgs) StdoutLine: {'line': b'-- Up-to-date: /home/rschnurr/SkyClaw-Team1/ros2_ws/install/px4_msgs/include/px4_msgs/px4_msgs/msg/estimator_aid_source1d.hpp\n'}
[2.365003] (px4_msgs) StdoutLine: {'line': b'-- Up-to-date: /home/rschnurr/SkyClaw-Team1/ros2_ws/install/px4_msgs/include/px4_msgs/px4_msgs/msg/rover_speed_status.hpp\n'}
[2.365051] (px4_msgs) StdoutLine: {'line': b'-- Up-to-date: /home/rschnurr/SkyClaw-Team1/ros2_ws/install/px4_msgs/include/px4_msgs/px4_msgs/msg/parameter_set_value_response.hpp\n'}
[2.365089] (px4_msgs) StdoutLine: {'line': b'-- Up-to-date: /home/rschnurr/SkyClaw-Team1/ros2_ws/install/px4_msgs/include/px4_msgs/px4_msgs/msg/actuator_outputs.hpp\n'}
[2.365124] (px4_msgs) StdoutLine: {'line': b'-- Up-to-date: /home/rschnurr/SkyClaw-Team1/ros2_ws/install/px4_msgs/include/px4_msgs/px4_msgs/msg/qshell_retval.hpp\n'}
[2.365157] (px4_msgs) StdoutLine: {'line': b'-- Up-to-date: /home/rschnurr/SkyClaw-Team1/ros2_ws/install/px4_msgs/include/px4_msgs/px4_msgs/msg/power_button_state.hpp\n'}
[2.365189] (px4_msgs) StdoutLine: {'line': b'-- Up-to-date: /home/rschnurr/SkyClaw-Team1/ros2_ws/install/px4_msgs/include/px4_msgs/px4_msgs/msg/px4io_status.hpp\n'}
[2.365230] (px4_msgs) StdoutLine: {'line': b'-- Up-to-date: /home/rschnurr/SkyClaw-Team1/ros2_ws/install/px4_msgs/include/px4_msgs/px4_msgs/msg/pure_pursuit_status.hpp\n'}
[2.365260] (px4_msgs) StdoutLine: {'line': b'-- Up-to-date: /home/rschnurr/SkyClaw-Team1/ros2_ws/install/px4_msgs/include/px4_msgs/px4_msgs/msg/gimbal_manager_status.hpp\n'}
[2.365290] (px4_msgs) StdoutLine: {'line': b'-- Up-to-date: /home/rschnurr/SkyClaw-Team1/ros2_ws/install/px4_msgs/include/px4_msgs/px4_msgs/msg/airspeed_wind.hpp\n'}
[2.365387] (px4_msgs) StdoutLine: {'line': b'-- Up-to-date: /home/rschnurr/SkyClaw-Team1/ros2_ws/install/px4_msgs/include/px4_msgs/px4_msgs/msg/esc_report.hpp\n'}
[2.365520] (px4_msgs) StdoutLine: {'line': b'-- Up-to-date: /home/rschnurr/SkyClaw-Team1/ros2_ws/install/px4_msgs/include/px4_msgs/px4_msgs/msg/orb_test.hpp\n'}
[2.365747] (px4_msgs) StdoutLine: {'line': b'-- Up-to-date: /home/rschnurr/SkyClaw-Team1/ros2_ws/install/px4_msgs/include/px4_msgs/px4_msgs/msg/actuator_servos.hpp\n'}
[2.365874] (px4_msgs) StdoutLine: {'line': b'-- Up-to-date: /home/rschnurr/SkyClaw-Team1/ros2_ws/install/px4_msgs/include/px4_msgs/px4_msgs/msg/hover_thrust_estimate.hpp\n'}
[2.365950] (px4_msgs) StdoutLine: {'line': b'-- Up-to-date: /home/rschnurr/SkyClaw-Team1/ros2_ws/install/px4_msgs/include/px4_msgs/px4_msgs\n'}
[2.365992] (px4_msgs) StdoutLine: {'line': b'-- Up-to-date: /home/rschnurr/SkyClaw-Team1/ros2_ws/install/px4_msgs/include/px4_msgs/px4_msgs/srv\n'}
[2.366054] (px4_msgs) StdoutLine: {'line': b'-- Up-to-date: /home/rschnurr/SkyClaw-Team1/ros2_ws/install/px4_msgs/include/px4_msgs/px4_msgs/srv/detail\n'}
[2.366096] (px4_msgs) StdoutLine: {'line': b'-- Up-to-date: /home/rschnurr/SkyClaw-Team1/ros2_ws/install/px4_msgs/include/px4_msgs/px4_msgs/srv/detail/dds_fastrtps\n'}
[2.366123] (px4_msgs) StdoutLine: {'line': b'-- Up-to-date: /home/rschnurr/SkyClaw-Team1/ros2_ws/install/px4_msgs/include/px4_msgs/px4_msgs/srv/detail/vehicle_command__rosidl_typesupport_fastrtps_cpp.hpp\n'}
[2.366152] (px4_msgs) StdoutLine: {'line': b'-- Up-to-date: /home/rschnurr/SkyClaw-Team1/ros2_ws/install/px4_msgs/include/px4_msgs/px4_msgs/msg\n'}
[2.366178] (px4_msgs) StdoutLine: {'line': b'-- Up-to-date: /home/rschnurr/SkyClaw-Team1/ros2_ws/install/px4_msgs/include/px4_msgs/px4_msgs/msg/rosidl_typesupport_fastrtps_cpp__visibility_control.h\n'}
[2.366206] (px4_msgs) StdoutLine: {'line': b'-- Up-to-date: /home/rschnurr/SkyClaw-Team1/ros2_ws/install/px4_msgs/include/px4_msgs/px4_msgs/msg/detail\n'}
[2.366232] (px4_msgs) StdoutLine: {'line': b'-- Up-to-date: /home/rschnurr/SkyClaw-Team1/ros2_ws/install/px4_msgs/include/px4_msgs/px4_msgs/msg/detail/vehicle_magnetometer__rosidl_typesupport_fastrtps_cpp.hpp\n'}
[2.366276] (px4_msgs) StdoutLine: {'line': b'-- Up-to-date: /home/rschnurr/SkyClaw-Team1/ros2_ws/install/px4_msgs/include/px4_msgs/px4_msgs/msg/detail/ulog_stream_ack__rosidl_typesupport_fastrtps_cpp.hpp\n'}
[2.366353] (px4_msgs) StdoutLine: {'line': b'-- Up-to-date: /home/rschnurr/SkyClaw-Team1/ros2_ws/install/px4_msgs/include/px4_msgs/px4_msgs/msg/detail/gimbal_manager_set_attitude__rosidl_typesupport_fastrtps_cpp.hpp\n'}
[2.366394] (px4_msgs) StdoutLine: {'line': b'-- Up-to-date: /home/rschnurr/SkyClaw-Team1/ros2_ws/install/px4_msgs/include/px4_msgs/px4_msgs/msg/detail/distance_sensor__rosidl_typesupport_fastrtps_cpp.hpp\n'}
[2.366423] (px4_msgs) StdoutLine: {'line': b'-- Up-to-date: /home/rschnurr/SkyClaw-Team1/ros2_ws/install/px4_msgs/include/px4_msgs/px4_msgs/msg/detail/vehicle_constraints__rosidl_typesupport_fastrtps_cpp.hpp\n'}
[2.366447] (px4_msgs) StdoutLine: {'line': b'-- Up-to-date: /home/rschnurr/SkyClaw-Team1/ros2_ws/install/px4_msgs/include/px4_msgs/px4_msgs/msg/detail/airspeed_wind__rosidl_typesupport_fastrtps_cpp.hpp\n'}
[2.366471] (px4_msgs) StdoutLine: {'line': b'-- Up-to-date: /home/rschnurr/SkyClaw-Team1/ros2_ws/install/px4_msgs/include/px4_msgs/px4_msgs/msg/detail/fixed_wing_lateral_status__rosidl_typesupport_fastrtps_cpp.hpp\n'}
[2.366493] (px4_msgs) StdoutLine: {'line': b'-- Up-to-date: /home/rschnurr/SkyClaw-Team1/ros2_ws/install/px4_msgs/include/px4_msgs/px4_msgs/msg/detail/rover_rate_status__rosidl_typesupport_fastrtps_cpp.hpp\n'}
[2.366523] (px4_msgs) StdoutLine: {'line': b'-- Up-to-date: /home/rschnurr/SkyClaw-Team1/ros2_ws/install/px4_msgs/include/px4_msgs/px4_msgs/msg/detail/ping__rosidl_typesupport_fastrtps_cpp.hpp\n'}
[2.366545] (px4_msgs) StdoutLine: {'line': b'-- Up-to-date: /home/rschnurr/SkyClaw-Team1/ros2_ws/install/px4_msgs/include/px4_msgs/px4_msgs/msg/detail/onboard_computer_status__rosidl_typesupport_fastrtps_cpp.hpp\n'}
[2.366566] (px4_msgs) StdoutLine: {'line': b'-- Up-to-date: /home/rschnurr/SkyClaw-Team1/ros2_ws/install/px4_msgs/include/px4_msgs/px4_msgs/msg/detail/parameter_reset_request__rosidl_typesupport_fastrtps_cpp.hpp\n'}
[2.366587] (px4_msgs) StdoutLine: {'line': b'-- Up-to-date: /home/rschnurr/SkyClaw-Team1/ros2_ws/install/px4_msgs/include/px4_msgs/px4_msgs/msg/detail/actuator_servos_trim__rosidl_typesupport_fastrtps_cpp.hpp\n'}
[2.366608] (px4_msgs) StdoutLine: {'line': b'-- Up-to-date: /home/rschnurr/SkyClaw-Team1/ros2_ws/install/px4_msgs/include/px4_msgs/px4_msgs/msg/detail/logger_status__rosidl_typesupport_fastrtps_cpp.hpp\n'}
[2.366629] (px4_msgs) StdoutLine: {'line': b'-- Up-to-date: /home/rschnurr/SkyClaw-Team1/ros2_ws/install/px4_msgs/include/px4_msgs/px4_msgs/msg/detail/tecs_status__rosidl_typesupport_fastrtps_cpp.hpp\n'}
[2.366650] (px4_msgs) StdoutLine: {'line': b'-- Up-to-date: /home/rschnurr/SkyClaw-Team1/ros2_ws/install/px4_msgs/include/px4_msgs/px4_msgs/msg/detail/estimator_states__rosidl_typesupport_fastrtps_cpp.hpp\n'}
[2.366671] (px4_msgs) StdoutLine: {'line': b'-- Up-to-date: /home/rschnurr/SkyClaw-Team1/ros2_ws/install/px4_msgs/include/px4_msgs/px4_msgs/msg/detail/button_event__rosidl_typesupport_fastrtps_cpp.hpp\n'}
[2.366692] (px4_msgs) StdoutLine: {'line': b'-- Up-to-date: /home/rschnurr/SkyClaw-Team1/ros2_ws/install/px4_msgs/include/px4_msgs/px4_msgs/msg/detail/satellite_info__rosidl_typesupport_fastrtps_cpp.hpp\n'}
[2.366713] (px4_msgs) StdoutLine: {'line': b'-- Up-to-date: /home/rschnurr/SkyClaw-Team1/ros2_ws/install/px4_msgs/include/px4_msgs/px4_msgs/msg/detail/vehicle_thrust_setpoint__rosidl_typesupport_fastrtps_cpp.hpp\n'}
[2.366735] (px4_msgs) StdoutLine: {'line': b'-- Up-to-date: /home/rschnurr/SkyClaw-Team1/ros2_ws/install/px4_msgs/include/px4_msgs/px4_msgs/msg/detail/qshell_retval__rosidl_typesupport_fastrtps_cpp.hpp\n'}
[2.366757] (px4_msgs) StdoutLine: {'line': b'-- Up-to-date: /home/rschnurr/SkyClaw-Team1/ros2_ws/install/px4_msgs/include/px4_msgs/px4_msgs/msg/detail/internal_combustion_engine_status__rosidl_typesupport_fastrtps_cpp.hpp\n'}
[2.366779] (px4_msgs) StdoutLine: {'line': b'-- Up-to-date: /home/rschnurr/SkyClaw-Team1/ros2_ws/install/px4_msgs/include/px4_msgs/px4_msgs/msg/detail/orb_test_large__rosidl_typesupport_fastrtps_cpp.hpp\n'}
[2.366800] (px4_msgs) StdoutLine: {'line': b'-- Up-to-date: /home/rschnurr/SkyClaw-Team1/ros2_ws/install/px4_msgs/include/px4_msgs/px4_msgs/msg/detail/can_interface_status__rosidl_typesupport_fastrtps_cpp.hpp\n'}
[2.366824] (px4_msgs) StdoutLine: {'line': b'-- Up-to-date: /home/rschnurr/SkyClaw-Team1/ros2_ws/install/px4_msgs/include/px4_msgs/px4_msgs/msg/detail/home_position__rosidl_typesupport_fastrtps_cpp.hpp\n'}
[2.366844] (px4_msgs) StdoutLine: {'line': b'-- Up-to-date: /home/rschnurr/SkyClaw-Team1/ros2_ws/install/px4_msgs/include/px4_msgs/px4_msgs/msg/detail/dataman_response__rosidl_typesupport_fastrtps_cpp.hpp\n'}
[2.366865] (px4_msgs) StdoutLine: {'line': b'-- Up-to-date: /home/rschnurr/SkyClaw-Team1/ros2_ws/install/px4_msgs/include/px4_msgs/px4_msgs/msg/detail/rtl_time_estimate__rosidl_typesupport_fastrtps_cpp.hpp\n'}
[2.366885] (px4_msgs) StdoutLine: {'line': b'-- Up-to-date: /home/rschnurr/SkyClaw-Team1/ros2_ws/install/px4_msgs/include/px4_msgs/px4_msgs/msg/detail/vehicle_imu_status__rosidl_typesupport_fastrtps_cpp.hpp\n'}
[2.366905] (px4_msgs) StdoutLine: {'line': b'-- Up-to-date: /home/rschnurr/SkyClaw-Team1/ros2_ws/install/px4_msgs/include/px4_msgs/px4_msgs/msg/detail/sensor_gnss_relative__rosidl_typesupport_fastrtps_cpp.hpp\n'}
[2.366927] (px4_msgs) StdoutLine: {'line': b'-- Up-to-date: /home/rschnurr/SkyClaw-Team1/ros2_ws/install/px4_msgs/include/px4_msgs/px4_msgs/msg/detail/vehicle_acceleration__rosidl_typesupport_fastrtps_cpp.hpp\n'}
[2.366948] (px4_msgs) StdoutLine: {'line': b'-- Up-to-date: /home/rschnurr/SkyClaw-Team1/ros2_ws/install/px4_msgs/include/px4_msgs/px4_msgs/msg/detail/vehicle_optical_flow__rosidl_typesupport_fastrtps_cpp.hpp\n'}
[2.366969] (px4_msgs) StdoutLine: {'line': b'-- Up-to-date: /home/rschnurr/SkyClaw-Team1/ros2_ws/install/px4_msgs/include/px4_msgs/px4_msgs/msg/detail/estimator_aid_source2d__rosidl_typesupport_fastrtps_cpp.hpp\n'}
[2.366991] (px4_msgs) StdoutLine: {'line': b'-- Up-to-date: /home/rschnurr/SkyClaw-Team1/ros2_ws/install/px4_msgs/include/px4_msgs/px4_msgs/msg/detail/open_drone_id_self_id__rosidl_typesupport_fastrtps_cpp.hpp\n'}
[2.367016] (px4_msgs) StdoutLine: {'line': b'-- Up-to-date: /home/rschnurr/SkyClaw-Team1/ros2_ws/install/px4_msgs/include/px4_msgs/px4_msgs/msg/detail/sensor_gps__rosidl_typesupport_fastrtps_cpp.hpp\n'}
[2.367037] (px4_msgs) StdoutLine: {'line': b'-- Up-to-date: /home/rschnurr/SkyClaw-Team1/ros2_ws/install/px4_msgs/include/px4_msgs/px4_msgs/msg/detail/gpio_in__rosidl_typesupport_fastrtps_cpp.hpp\n'}
[2.367059] (px4_msgs) StdoutLine: {'line': b'-- Up-to-date: /home/rschnurr/SkyClaw-Team1/ros2_ws/install/px4_msgs/include/px4_msgs/px4_msgs/msg/detail/rover_attitude_setpoint__rosidl_typesupport_fastrtps_cpp.hpp\n'}
[2.367081] (px4_msgs) StdoutLine: {'line': b'-- Up-to-date: /home/rschnurr/SkyClaw-Team1/ros2_ws/install/px4_msgs/include/px4_msgs/px4_msgs/msg/detail/estimator_status_flags__rosidl_typesupport_fastrtps_cpp.hpp\n'}
[2.367102] (px4_msgs) StdoutLine: {'line': b'-- Up-to-date: /home/rschnurr/SkyClaw-Team1/ros2_ws/install/px4_msgs/include/px4_msgs/px4_msgs/msg/detail/vehicle_local_position__rosidl_typesupport_fastrtps_cpp.hpp\n'}
[2.367122] (px4_msgs) StdoutLine: {'line': b'-- Up-to-date: /home/rschnurr/SkyClaw-Team1/ros2_ws/install/px4_msgs/include/px4_msgs/px4_msgs/msg/detail/vehicle_global_position__rosidl_typesupport_fastrtps_cpp.hpp\n'}
[2.367146] (px4_msgs) StdoutLine: {'line': b'-- Up-to-date: /home/rschnurr/SkyClaw-Team1/ros2_ws/install/px4_msgs/include/px4_msgs/px4_msgs/msg/detail/rover_rate_setpoint__rosidl_typesupport_fastrtps_cpp.hpp\n'}
[2.367291] (px4_msgs) StdoutLine: {'line': b'-- Up-to-date: /home/rschnurr/SkyClaw-Team1/ros2_ws/install/px4_msgs/include/px4_msgs/px4_msgs/msg/detail/open_drone_id_system__rosidl_typesupport_fastrtps_cpp.hpp\n'}
[2.367349] (px4_msgs) StdoutLine: {'line': b'-- Up-to-date: /home/rschnurr/SkyClaw-Team1/ros2_ws/install/px4_msgs/include/px4_msgs/px4_msgs/msg/detail/task_stack_info__rosidl_typesupport_fastrtps_cpp.hpp\n'}
[2.367387] (px4_msgs) StdoutLine: {'line': b'-- Up-to-date: /home/rschnurr/SkyClaw-Team1/ros2_ws/install/px4_msgs/include/px4_msgs/px4_msgs/msg/detail/input_rc__rosidl_typesupport_fastrtps_cpp.hpp\n'}
[2.367420] (px4_msgs) StdoutLine: {'line': b'-- Up-to-date: /home/rschnurr/SkyClaw-Team1/ros2_ws/install/px4_msgs/include/px4_msgs/px4_msgs/msg/detail/vehicle_status__rosidl_typesupport_fastrtps_cpp.hpp\n'}
[2.367450] (px4_msgs) StdoutLine: {'line': b'-- Up-to-date: /home/rschnurr/SkyClaw-Team1/ros2_ws/install/px4_msgs/include/px4_msgs/px4_msgs/msg/detail/px4io_status__rosidl_typesupport_fastrtps_cpp.hpp\n'}
[2.367502] (px4_msgs) StdoutLine: {'line': b'-- Up-to-date: /home/rschnurr/SkyClaw-Team1/ros2_ws/install/px4_msgs/include/px4_msgs/px4_msgs/msg/detail/uavcan_parameter_value__rosidl_typesupport_fastrtps_cpp.hpp\n'}
[2.367592] (px4_msgs) StdoutLine: {'line': b'-- Up-to-date: /home/rschnurr/SkyClaw-Team1/ros2_ws/install/px4_msgs/include/px4_msgs/px4_msgs/msg/detail/navigator_mission_item__rosidl_typesupport_fastrtps_cpp.hpp\n'}
[2.367686] (px4_msgs) StdoutLine: {'line': b'-- Up-to-date: /home/rschnurr/SkyClaw-Team1/ros2_ws/install/px4_msgs/include/px4_msgs/px4_msgs/msg/detail/log_message__rosidl_typesupport_fastrtps_cpp.hpp\n'}
[2.367738] (px4_msgs) StdoutLine: {'line': b'-- Up-to-date: /home/rschnurr/SkyClaw-Team1/ros2_ws/install/px4_msgs/include/px4_msgs/px4_msgs/msg/detail/gimbal_manager_information__rosidl_typesupport_fastrtps_cpp.hpp\n'}
[2.367915] (px4_msgs) StdoutLine: {'line': b'-- Up-to-date: /home/rschnurr/SkyClaw-Team1/ros2_ws/install/px4_msgs/include/px4_msgs/px4_msgs/msg/detail/neural_control__rosidl_typesupport_fastrtps_cpp.hpp\n'}
[2.367949] (px4_msgs) StdoutLine: {'line': b'-- Up-to-date: /home/rschnurr/SkyClaw-Team1/ros2_ws/install/px4_msgs/include/px4_msgs/px4_msgs/msg/detail/geofence_result__rosidl_typesupport_fastrtps_cpp.hpp\n'}
[2.367974] (px4_msgs) StdoutLine: {'line': b'-- Up-to-date: /home/rschnurr/SkyClaw-Team1/ros2_ws/install/px4_msgs/include/px4_msgs/px4_msgs/msg/detail/normalized_unsigned_setpoint__rosidl_typesupport_fastrtps_cpp.hpp\n'}
[2.368001] (px4_msgs) StdoutLine: {'line': b'-- Up-to-date: /home/rschnurr/SkyClaw-Team1/ros2_ws/install/px4_msgs/include/px4_msgs/px4_msgs/msg/detail/pps_capture__rosidl_typesupport_fastrtps_cpp.hpp\n'}
[2.368023] (px4_msgs) StdoutLine: {'line': b'-- Up-to-date: /home/rschnurr/SkyClaw-Team1/ros2_ws/install/px4_msgs/include/px4_msgs/px4_msgs/msg/detail/position_setpoint__rosidl_typesupport_fastrtps_cpp.hpp\n'}
[2.368045] (px4_msgs) StdoutLine: {'line': b'-- Up-to-date: /home/rschnurr/SkyClaw-Team1/ros2_ws/install/px4_msgs/include/px4_msgs/px4_msgs/msg/detail/sensor_baro__rosidl_typesupport_fastrtps_cpp.hpp\n'}
[2.368066] (px4_msgs) StdoutLine: {'line': b'-- Up-to-date: /home/rschnurr/SkyClaw-Team1/ros2_ws/install/px4_msgs/include/px4_msgs/px4_msgs/msg/detail/vehicle_local_position_setpoint__rosidl_typesupport_fastrtps_cpp.hpp\n'}
[2.368087] (px4_msgs) StdoutLine: {'line': b'-- Up-to-date: /home/rschnurr/SkyClaw-Team1/ros2_ws/install/px4_msgs/include/px4_msgs/px4_msgs/msg/detail/follow_target__rosidl_typesupport_fastrtps_cpp.hpp\n'}
[2.368108] (px4_msgs) StdoutLine: {'line': b'-- Up-to-date: /home/rschnurr/SkyClaw-Team1/ros2_ws/install/px4_msgs/include/px4_msgs/px4_msgs/msg/detail/vehicle_air_data__rosidl_typesupport_fastrtps_cpp.hpp\n'}
[2.368129] (px4_msgs) StdoutLine: {'line': b'-- Up-to-date: /home/rschnurr/SkyClaw-Team1/ros2_ws/install/px4_msgs/include/px4_msgs/px4_msgs/msg/detail/trajectory_setpoint__rosidl_typesupport_fastrtps_cpp.hpp\n'}
[2.368149] (px4_msgs) StdoutLine: {'line': b'-- Up-to-date: /home/rschnurr/SkyClaw-Team1/ros2_ws/install/px4_msgs/include/px4_msgs/px4_msgs/msg/detail/vehicle_roi__rosidl_typesupport_fastrtps_cpp.hpp\n'}
[2.368169] (px4_msgs) StdoutLine: {'line': b'-- Up-to-date: /home/rschnurr/SkyClaw-Team1/ros2_ws/install/px4_msgs/include/px4_msgs/px4_msgs/msg/detail/sensor_accel_fifo__rosidl_typesupport_fastrtps_cpp.hpp\n'}
[2.368190] (px4_msgs) StdoutLine: {'line': b'-- Up-to-date: /home/rschnurr/SkyClaw-Team1/ros2_ws/install/px4_msgs/include/px4_msgs/px4_msgs/msg/detail/power_monitor__rosidl_typesupport_fastrtps_cpp.hpp\n'}
[2.368211] (px4_msgs) StdoutLine: {'line': b'-- Up-to-date: /home/rschnurr/SkyClaw-Team1/ros2_ws/install/px4_msgs/include/px4_msgs/px4_msgs/msg/detail/internal_combustion_engine_control__rosidl_typesupport_fastrtps_cpp.hpp\n'}
[2.368231] (px4_msgs) StdoutLine: {'line': b'-- Up-to-date: /home/rschnurr/SkyClaw-Team1/ros2_ws/install/px4_msgs/include/px4_msgs/px4_msgs/msg/detail/fixed_wing_runway_control__rosidl_typesupport_fastrtps_cpp.hpp\n'}
[2.368251] (px4_msgs) StdoutLine: {'line': b'-- Up-to-date: /home/rschnurr/SkyClaw-Team1/ros2_ws/install/px4_msgs/include/px4_msgs/px4_msgs/msg/detail/dds_fastrtps\n'}
[2.368273] (px4_msgs) StdoutLine: {'line': b'-- Up-to-date: /home/rschnurr/SkyClaw-Team1/ros2_ws/install/px4_msgs/include/px4_msgs/px4_msgs/msg/detail/mode_completed__rosidl_typesupport_fastrtps_cpp.hpp\n'}
[2.368296] (px4_msgs) StdoutLine: {'line': b'-- Up-to-date: /home/rschnurr/SkyClaw-Team1/ros2_ws/install/px4_msgs/include/px4_msgs/px4_msgs/msg/detail/fuel_tank_status__rosidl_typesupport_fastrtps_cpp.hpp\n'}
[2.368316] (px4_msgs) StdoutLine: {'line': b'-- Up-to-date: /home/rschnurr/SkyClaw-Team1/ros2_ws/install/px4_msgs/include/px4_msgs/px4_msgs/msg/detail/position_controller_landing_status__rosidl_typesupport_fastrtps_cpp.hpp\n'}
[2.368338] (px4_msgs) StdoutLine: {'line': b'-- Up-to-date: /home/rschnurr/SkyClaw-Team1/ros2_ws/install/px4_msgs/include/px4_msgs/px4_msgs/msg/detail/vehicle_imu__rosidl_typesupport_fastrtps_cpp.hpp\n'}
[2.368360] (px4_msgs) StdoutLine: {'line': b'-- Up-to-date: /home/rschnurr/SkyClaw-Team1/ros2_ws/install/px4_msgs/include/px4_msgs/px4_msgs/msg/detail/differential_pressure__rosidl_typesupport_fastrtps_cpp.hpp\n'}
[2.368379] (px4_msgs) StdoutLine: {'line': b'-- Up-to-date: /home/rschnurr/SkyClaw-Team1/ros2_ws/install/px4_msgs/include/px4_msgs/px4_msgs/msg/detail/hover_thrust_estimate__rosidl_typesupport_fastrtps_cpp.hpp\n'}
[2.368399] (px4_msgs) StdoutLine: {'line': b'-- Up-to-date: /home/rschnurr/SkyClaw-Team1/ros2_ws/install/px4_msgs/include/px4_msgs/px4_msgs/msg/detail/camera_trigger__rosidl_typesupport_fastrtps_cpp.hpp\n'}
[2.368426] (px4_msgs) StdoutLine: {'line': b'-- Up-to-date: /home/rschnurr/SkyClaw-Team1/ros2_ws/install/px4_msgs/include/px4_msgs/px4_msgs/msg/detail/uavcan_parameter_request__rosidl_typesupport_fastrtps_cpp.hpp\n'}
[2.368451] (px4_msgs) StdoutLine: {'line': b'-- Up-to-date: /home/rschnurr/SkyClaw-Team1/ros2_ws/install/px4_msgs/include/px4_msgs/px4_msgs/msg/detail/sensor_hygrometer__rosidl_typesupport_fastrtps_cpp.hpp\n'}
[2.368482] (px4_msgs) StdoutLine: {'line': b'-- Up-to-date: /home/rschnurr/SkyClaw-Team1/ros2_ws/install/px4_msgs/include/px4_msgs/px4_msgs/msg/detail/register_ext_component_reply__rosidl_typesupport_fastrtps_cpp.hpp\n'}
[2.368504] (px4_msgs) StdoutLine: {'line': b'-- Up-to-date: /home/rschnurr/SkyClaw-Team1/ros2_ws/install/px4_msgs/include/px4_msgs/px4_msgs/msg/detail/sensor_gnss_status__rosidl_typesupport_fastrtps_cpp.hpp\n'}
[2.368560] (px4_msgs) StdoutLine: {'line': b'-- Up-to-date: /home/rschnurr/SkyClaw-Team1/ros2_ws/install/px4_msgs/include/px4_msgs/px4_msgs/msg/detail/failsafe_flags__rosidl_typesupport_fastrtps_cpp.hpp\n'}
[2.368604] (px4_msgs) StdoutLine: {'line': b'-- Up-to-date: /home/rschnurr/SkyClaw-Team1/ros2_ws/install/px4_msgs/include/px4_msgs/px4_msgs/msg/detail/message_format_response__rosidl_typesupport_fastrtps_cpp.hpp\n'}
[2.368637] (px4_msgs) StdoutLine: {'line': b'-- Up-to-date: /home/rschnurr/SkyClaw-Team1/ros2_ws/install/px4_msgs/include/px4_msgs/px4_msgs/msg/detail/fixed_wing_longitudinal_setpoint__rosidl_typesupport_fastrtps_cpp.hpp\n'}
[2.368665] (px4_msgs) StdoutLine: {'line': b'-- Up-to-date: /home/rschnurr/SkyClaw-Team1/ros2_ws/install/px4_msgs/include/px4_msgs/px4_msgs/msg/detail/debug_key_value__rosidl_typesupport_fastrtps_cpp.hpp\n'}
[2.368727] (px4_msgs) StdoutLine: {'line': b'-- Up-to-date: /home/rschnurr/SkyClaw-Team1/ros2_ws/install/px4_msgs/include/px4_msgs/px4_msgs/msg/detail/adc_report__rosidl_typesupport_fastrtps_cpp.hpp\n'}
[2.368773] (px4_msgs) StdoutLine: {'line': b'-- Up-to-date: /home/rschnurr/SkyClaw-Team1/ros2_ws/install/px4_msgs/include/px4_msgs/px4_msgs/msg/detail/register_ext_component_request__rosidl_typesupport_fastrtps_cpp.hpp\n'}
[2.368806] (px4_msgs) StdoutLine: {'line': b'-- Up-to-date: /home/rschnurr/SkyClaw-Team1/ros2_ws/install/px4_msgs/include/px4_msgs/px4_msgs/msg/detail/gimbal_device_attitude_status__rosidl_typesupport_fastrtps_cpp.hpp\n'}
[2.368866] (px4_msgs) StdoutLine: {'line': b'-- Up-to-date: /home/rschnurr/SkyClaw-Team1/ros2_ws/install/px4_msgs/include/px4_msgs/px4_msgs/msg/detail/yaw_estimator_status__rosidl_typesupport_fastrtps_cpp.hpp\n'}
[2.368908] (px4_msgs) StdoutLine: {'line': b'-- Up-to-date: /home/rschnurr/SkyClaw-Team1/ros2_ws/install/px4_msgs/include/px4_msgs/px4_msgs/msg/detail/position_controller_status__rosidl_typesupport_fastrtps_cpp.hpp\n'}
[2.368971] (px4_msgs) StdoutLine: {'line': b'-- Up-to-date: /home/rschnurr/SkyClaw-Team1/ros2_ws/install/px4_msgs/include/px4_msgs/px4_msgs/msg/detail/orb_test_medium__rosidl_typesupport_fastrtps_cpp.hpp\n'}
[2.369032] (px4_msgs) StdoutLine: {'line': b'-- Up-to-date: /home/rschnurr/SkyClaw-Team1/ros2_ws/install/px4_msgs/include/px4_msgs/px4_msgs/msg/detail/rpm__rosidl_typesupport_fastrtps_cpp.hpp\n'}
[2.369088] (px4_msgs) StdoutLine: {'line': b'-- Up-to-date: /home/rschnurr/SkyClaw-Team1/ros2_ws/install/px4_msgs/include/px4_msgs/px4_msgs/msg/detail/event__rosidl_typesupport_fastrtps_cpp.hpp\n'}
[2.369132] (px4_msgs) StdoutLine: {'line': b'-- Up-to-date: /home/rschnurr/SkyClaw-Team1/ros2_ws/install/px4_msgs/include/px4_msgs/px4_msgs/msg/detail/actuator_servos__rosidl_typesupport_fastrtps_cpp.hpp\n'}
[2.369161] (px4_msgs) StdoutLine: {'line': b'-- Up-to-date: /home/rschnurr/SkyClaw-Team1/ros2_ws/install/px4_msgs/include/px4_msgs/px4_msgs/msg/detail/airspeed_validated__rosidl_typesupport_fastrtps_cpp.hpp\n'}
[2.369193] (px4_msgs) StdoutLine: {'line': b'-- Up-to-date: /home/rschnurr/SkyClaw-Team1/ros2_ws/install/px4_msgs/include/px4_msgs/px4_msgs/msg/detail/vehicle_angular_velocity__rosidl_typesupport_fastrtps_cpp.hpp\n'}
[2.369224] (px4_msgs) StdoutLine: {'line': b'-- Up-to-date: /home/rschnurr/SkyClaw-Team1/ros2_ws/install/px4_msgs/include/px4_msgs/px4_msgs/msg/detail/sensor_mag__rosidl_typesupport_fastrtps_cpp.hpp\n'}
[2.369252] (px4_msgs) StdoutLine: {'line': b'-- Up-to-date: /home/rschnurr/SkyClaw-Team1/ros2_ws/install/px4_msgs/include/px4_msgs/px4_msgs/msg/detail/estimator_innovations__rosidl_typesupport_fastrtps_cpp.hpp\n'}
[2.369285] (px4_msgs) StdoutLine: {'line': b'-- Up-to-date: /home/rschnurr/SkyClaw-Team1/ros2_ws/install/px4_msgs/include/px4_msgs/px4_msgs/msg/detail/wind__rosidl_typesupport_fastrtps_cpp.hpp\n'}
[2.369356] (px4_msgs) StdoutLine: {'line': b'-- Up-to-date: /home/rschnurr/SkyClaw-Team1/ros2_ws/install/px4_msgs/include/px4_msgs/px4_msgs/msg/detail/rate_ctrl_status__rosidl_typesupport_fastrtps_cpp.hpp\n'}
[2.369404] (px4_msgs) StdoutLine: {'line': b'-- Up-to-date: /home/rschnurr/SkyClaw-Team1/ros2_ws/install/px4_msgs/include/px4_msgs/px4_msgs/msg/detail/telemetry_status__rosidl_typesupport_fastrtps_cpp.hpp\n'}
[2.369589] (px4_msgs) StdoutLine: {'line': b'-- Up-to-date: /home/rschnurr/SkyClaw-Team1/ros2_ws/install/px4_msgs/include/px4_msgs/px4_msgs/msg/detail/orbit_status__rosidl_typesupport_fastrtps_cpp.hpp\n'}
[2.369629] (px4_msgs) StdoutLine: {'line': b'-- Up-to-date: /home/rschnurr/SkyClaw-Team1/ros2_ws/install/px4_msgs/include/px4_msgs/px4_msgs/msg/detail/launch_detection_status__rosidl_typesupport_fastrtps_cpp.hpp\n'}
[2.369662] (px4_msgs) StdoutLine: {'line': b'-- Up-to-date: /home/rschnurr/SkyClaw-Team1/ros2_ws/install/px4_msgs/include/px4_msgs/px4_msgs/msg/detail/timesync_status__rosidl_typesupport_fastrtps_cpp.hpp\n'}
[2.369691] (px4_msgs) StdoutLine: {'line': b'-- Up-to-date: /home/rschnurr/SkyClaw-Team1/ros2_ws/install/px4_msgs/include/px4_msgs/px4_msgs/msg/detail/estimator_bias3d__rosidl_typesupport_fastrtps_cpp.hpp\n'}
[2.369734] (px4_msgs) StdoutLine: {'line': b'-- Up-to-date: /home/rschnurr/SkyClaw-Team1/ros2_ws/install/px4_msgs/include/px4_msgs/px4_msgs/msg/detail/flight_phase_estimation__rosidl_typesupport_fastrtps_cpp.hpp\n'}
[2.369763] (px4_msgs) StdoutLine: {'line': b'-- Up-to-date: /home/rschnurr/SkyClaw-Team1/ros2_ws/install/px4_msgs/include/px4_msgs/px4_msgs/msg/detail/orb_test__rosidl_typesupport_fastrtps_cpp.hpp\n'}
[2.369791] (px4_msgs) StdoutLine: {'line': b'-- Up-to-date: /home/rschnurr/SkyClaw-Team1/ros2_ws/install/px4_msgs/include/px4_msgs/px4_msgs/msg/detail/rover_position_setpoint__rosidl_typesupport_fastrtps_cpp.hpp\n'}
[2.369821] (px4_msgs) StdoutLine: {'line': b'-- Up-to-date: /home/rschnurr/SkyClaw-Team1/ros2_ws/install/px4_msgs/include/px4_msgs/px4_msgs/msg/detail/camera_capture__rosidl_typesupport_fastrtps_cpp.hpp\n'}
[2.369848] (px4_msgs) StdoutLine: {'line': b'-- Up-to-date: /home/rschnurr/SkyClaw-Team1/ros2_ws/install/px4_msgs/include/px4_msgs/px4_msgs/msg/detail/navigator_status__rosidl_typesupport_fastrtps_cpp.hpp\n'}
[2.370110] (px4_msgs) StdoutLine: {'line': b'-- Up-to-date: /home/rschnurr/SkyClaw-Team1/ros2_ws/install/px4_msgs/include/px4_msgs/px4_msgs/msg/detail/config_overrides__rosidl_typesupport_fastrtps_cpp.hpp\n'}
[2.370186] (px4_msgs) StdoutLine: {'line': b'-- Up-to-date: /home/rschnurr/SkyClaw-Team1/ros2_ws/install/px4_msgs/include/px4_msgs/px4_msgs/msg/detail/follow_target_estimator__rosidl_typesupport_fastrtps_cpp.hpp\n'}
[2.370232] (px4_msgs) StdoutLine: {'line': b'-- Up-to-date: /home/rschnurr/SkyClaw-Team1/ros2_ws/install/px4_msgs/include/px4_msgs/px4_msgs/msg/detail/gpio_config__rosidl_typesupport_fastrtps_cpp.hpp\n'}
[2.370373] (px4_msgs) StdoutLine: {'line': b'-- Up-to-date: /home/rschnurr/SkyClaw-Team1/ros2_ws/install/px4_msgs/include/px4_msgs/px4_msgs/msg/detail/lateral_control_configuration__rosidl_typesupport_fastrtps_cpp.hpp\n'}
[2.370419] (px4_msgs) StdoutLine: {'line': b'-- Up-to-date: /home/rschnurr/SkyClaw-Team1/ros2_ws/install/px4_msgs/include/px4_msgs/px4_msgs/msg/detail/actuator_controls_status__rosidl_typesupport_fastrtps_cpp.hpp\n'}
[2.370446] (px4_msgs) StdoutLine: {'line': b'-- Up-to-date: /home/rschnurr/SkyClaw-Team1/ros2_ws/install/px4_msgs/include/px4_msgs/px4_msgs/msg/detail/estimator_bias__rosidl_typesupport_fastrtps_cpp.hpp\n'}
[2.370469] (px4_msgs) StdoutLine: {'line': b'-- Up-to-date: /home/rschnurr/SkyClaw-Team1/ros2_ws/install/px4_msgs/include/px4_msgs/px4_msgs/msg/detail/gimbal_device_set_attitude__rosidl_typesupport_fastrtps_cpp.hpp\n'}
[2.370490] (px4_msgs) StdoutLine: {'line': b'-- Up-to-date: /home/rschnurr/SkyClaw-Team1/ros2_ws/install/px4_msgs/include/px4_msgs/px4_msgs/msg/detail/sensor_correction__rosidl_typesupport_fastrtps_cpp.hpp\n'}
[2.370511] (px4_msgs) StdoutLine: {'line': b'-- Up-to-date: /home/rschnurr/SkyClaw-Team1/ros2_ws/install/px4_msgs/include/px4_msgs/px4_msgs/msg/detail/landing_gear__rosidl_typesupport_fastrtps_cpp.hpp\n'}
[2.370532] (px4_msgs) StdoutLine: {'line': b'-- Up-to-date: /home/rschnurr/SkyClaw-Team1/ros2_ws/install/px4_msgs/include/px4_msgs/px4_msgs/msg/detail/sensor_gyro_fifo__rosidl_typesupport_fastrtps_cpp.hpp\n'}
[2.370553] (px4_msgs) StdoutLine: {'line': b'-- Up-to-date: /home/rschnurr/SkyClaw-Team1/ros2_ws/install/px4_msgs/include/px4_msgs/px4_msgs/msg/detail/generator_status__rosidl_typesupport_fastrtps_cpp.hpp\n'}
[2.370574] (px4_msgs) StdoutLine: {'line': b'-- Up-to-date: /home/rschnurr/SkyClaw-Team1/ros2_ws/install/px4_msgs/include/px4_msgs/px4_msgs/msg/detail/vehicle_command_ack__rosidl_typesupport_fastrtps_cpp.hpp\n'}
[2.370606] (px4_msgs) StdoutLine: {'line': b'-- Up-to-date: /home/rschnurr/SkyClaw-Team1/ros2_ws/install/px4_msgs/include/px4_msgs/px4_msgs/msg/detail/actuator_outputs__rosidl_typesupport_fastrtps_cpp.hpp\n'}
[2.370627] (px4_msgs) StdoutLine: {'line': b'-- Up-to-date: /home/rschnurr/SkyClaw-Team1/ros2_ws/install/px4_msgs/include/px4_msgs/px4_msgs/msg/detail/tiltrotor_extra_controls__rosidl_typesupport_fastrtps_cpp.hpp\n'}
[2.370650] (px4_msgs) StdoutLine: {'line': b'-- Up-to-date: /home/rschnurr/SkyClaw-Team1/ros2_ws/install/px4_msgs/include/px4_msgs/px4_msgs/msg/detail/gimbal_manager_set_manual_control__rosidl_typesupport_fastrtps_cpp.hpp\n'}
[2.370672] (px4_msgs) StdoutLine: {'line': b'-- Up-to-date: /home/rschnurr/SkyClaw-Team1/ros2_ws/install/px4_msgs/include/px4_msgs/px4_msgs/msg/detail/wheel_encoders__rosidl_typesupport_fastrtps_cpp.hpp\n'}
[2.370694] (px4_msgs) StdoutLine: {'line': b'-- Up-to-date: /home/rschnurr/SkyClaw-Team1/ros2_ws/install/px4_msgs/include/px4_msgs/px4_msgs/msg/detail/vehicle_attitude__rosidl_typesupport_fastrtps_cpp.hpp\n'}
[2.370716] (px4_msgs) StdoutLine: {'line': b'-- Up-to-date: /home/rschnurr/SkyClaw-Team1/ros2_ws/install/px4_msgs/include/px4_msgs/px4_msgs/msg/detail/control_allocator_status__rosidl_typesupport_fastrtps_cpp.hpp\n'}
[2.370737] (px4_msgs) StdoutLine: {'line': b'-- Up-to-date: /home/rschnurr/SkyClaw-Team1/ros2_ws/install/px4_msgs/include/px4_msgs/px4_msgs/msg/detail/parameter_update__rosidl_typesupport_fastrtps_cpp.hpp\n'}
[2.370757] (px4_msgs) StdoutLine: {'line': b'-- Up-to-date: /home/rschnurr/SkyClaw-Team1/ros2_ws/install/px4_msgs/include/px4_msgs/px4_msgs/msg/detail/estimator_selector_status__rosidl_typesupport_fastrtps_cpp.hpp\n'}
[2.370782] (px4_msgs) StdoutLine: {'line': b'-- Up-to-date: /home/rschnurr/SkyClaw-Team1/ros2_ws/install/px4_msgs/include/px4_msgs/px4_msgs/msg/detail/estimator_status__rosidl_typesupport_fastrtps_cpp.hpp\n'}
[2.370805] (px4_msgs) StdoutLine: {'line': b'-- Up-to-date: /home/rschnurr/SkyClaw-Team1/ros2_ws/install/px4_msgs/include/px4_msgs/px4_msgs/msg/detail/actuator_test__rosidl_typesupport_fastrtps_cpp.hpp\n'}
[2.370832] (px4_msgs) StdoutLine: {'line': b'-- Up-to-date: /home/rschnurr/SkyClaw-Team1/ros2_ws/install/px4_msgs/include/px4_msgs/px4_msgs/msg/detail/arming_check_reply__rosidl_typesupport_fastrtps_cpp.hpp\n'}
[2.370857] (px4_msgs) StdoutLine: {'line': b'-- Up-to-date: /home/rschnurr/SkyClaw-Team1/ros2_ws/install/px4_msgs/include/px4_msgs/px4_msgs/msg/detail/mission__rosidl_typesupport_fastrtps_cpp.hpp\n'}
[2.370878] (px4_msgs) StdoutLine: {'line': b'-- Up-to-date: /home/rschnurr/SkyClaw-Team1/ros2_ws/install/px4_msgs/include/px4_msgs/px4_msgs/msg/detail/led_control__rosidl_typesupport_fastrtps_cpp.hpp\n'}
[2.370898] (px4_msgs) StdoutLine: {'line': b'-- Up-to-date: /home/rschnurr/SkyClaw-Team1/ros2_ws/install/px4_msgs/include/px4_msgs/px4_msgs/msg/detail/estimator_aid_source1d__rosidl_typesupport_fastrtps_cpp.hpp\n'}
[2.370918] (px4_msgs) StdoutLine: {'line': b'-- Up-to-date: /home/rschnurr/SkyClaw-Team1/ros2_ws/install/px4_msgs/include/px4_msgs/px4_msgs/msg/detail/sensor_combined__rosidl_typesupport_fastrtps_cpp.hpp\n'}
[2.370937] (px4_msgs) StdoutLine: {'line': b'-- Up-to-date: /home/rschnurr/SkyClaw-Team1/ros2_ws/install/px4_msgs/include/px4_msgs/px4_msgs/msg/detail/parameter_set_used_request__rosidl_typesupport_fastrtps_cpp.hpp\n'}
[2.370957] (px4_msgs) StdoutLine: {'line': b'-- Up-to-date: /home/rschnurr/SkyClaw-Team1/ros2_ws/install/px4_msgs/include/px4_msgs/px4_msgs/msg/detail/vehicle_command__rosidl_typesupport_fastrtps_cpp.hpp\n'}
[2.370977] (px4_msgs) StdoutLine: {'line': b'-- Up-to-date: /home/rschnurr/SkyClaw-Team1/ros2_ws/install/px4_msgs/include/px4_msgs/px4_msgs/msg/detail/sensor_uwb__rosidl_typesupport_fastrtps_cpp.hpp\n'}
[2.370996] (px4_msgs) StdoutLine: {'line': b'-- Up-to-date: /home/rschnurr/SkyClaw-Team1/ros2_ws/install/px4_msgs/include/px4_msgs/px4_msgs/msg/detail/cellular_status__rosidl_typesupport_fastrtps_cpp.hpp\n'}
[2.371015] (px4_msgs) StdoutLine: {'line': b'-- Up-to-date: /home/rschnurr/SkyClaw-Team1/ros2_ws/install/px4_msgs/include/px4_msgs/px4_msgs/msg/detail/sensor_selection__rosidl_typesupport_fastrtps_cpp.hpp\n'}
[2.371035] (px4_msgs) StdoutLine: {'line': b'-- Up-to-date: /home/rschnurr/SkyClaw-Team1/ros2_ws/install/px4_msgs/include/px4_msgs/px4_msgs/msg/detail/rover_throttle_setpoint__rosidl_typesupport_fastrtps_cpp.hpp\n'}
[2.371056] (px4_msgs) StdoutLine: {'line': b'-- Up-to-date: /home/rschnurr/SkyClaw-Team1/ros2_ws/install/px4_msgs/include/px4_msgs/px4_msgs/msg/detail/mag_worker_data__rosidl_typesupport_fastrtps_cpp.hpp\n'}
[2.371076] (px4_msgs) StdoutLine: {'line': b'-- Up-to-date: /home/rschnurr/SkyClaw-Team1/ros2_ws/install/px4_msgs/include/px4_msgs/px4_msgs/msg/detail/sensor_gyro__rosidl_typesupport_fastrtps_cpp.hpp\n'}
[2.371104] (px4_msgs) StdoutLine: {'line': b'-- Up-to-date: /home/rschnurr/SkyClaw-Team1/ros2_ws/install/px4_msgs/include/px4_msgs/px4_msgs/msg/detail/cpuload__rosidl_typesupport_fastrtps_cpp.hpp\n'}
[2.371137] (px4_msgs) StdoutLine: {'line': b'-- Up-to-date: /home/rschnurr/SkyClaw-Team1/ros2_ws/install/px4_msgs/include/px4_msgs/px4_msgs/msg/detail/gps_inject_data__rosidl_typesupport_fastrtps_cpp.hpp\n'}
[2.371160] (px4_msgs) StdoutLine: {'line': b'-- Up-to-date: /home/rschnurr/SkyClaw-Team1/ros2_ws/install/px4_msgs/include/px4_msgs/px4_msgs/msg/detail/iridiumsbd_status__rosidl_typesupport_fastrtps_cpp.hpp\n'}
[2.371181] (px4_msgs) StdoutLine: {'line': b'-- Up-to-date: /home/rschnurr/SkyClaw-Team1/ros2_ws/install/px4_msgs/include/px4_msgs/px4_msgs/msg/detail/gimbal_controls__rosidl_typesupport_fastrtps_cpp.hpp\n'}
[2.371203] (px4_msgs) StdoutLine: {'line': b'-- Up-to-date: /home/rschnurr/SkyClaw-Team1/ros2_ws/install/px4_msgs/include/px4_msgs/px4_msgs/msg/detail/health_report__rosidl_typesupport_fastrtps_cpp.hpp\n'}
[2.371224] (px4_msgs) StdoutLine: {'line': b'-- Up-to-date: /home/rschnurr/SkyClaw-Team1/ros2_ws/install/px4_msgs/include/px4_msgs/px4_msgs/msg/detail/vtol_vehicle_status__rosidl_typesupport_fastrtps_cpp.hpp\n'}
[2.371246] (px4_msgs) StdoutLine: {'line': b'-- Up-to-date: /home/rschnurr/SkyClaw-Team1/ros2_ws/install/px4_msgs/include/px4_msgs/px4_msgs/msg/detail/gripper__rosidl_typesupport_fastrtps_cpp.hpp\n'}
[2.371268] (px4_msgs) StdoutLine: {'line': b'-- Up-to-date: /home/rschnurr/SkyClaw-Team1/ros2_ws/install/px4_msgs/include/px4_msgs/px4_msgs/msg/detail/open_drone_id_operator_id__rosidl_typesupport_fastrtps_cpp.hpp\n'}
[2.371288] (px4_msgs) StdoutLine: {'line': b'-- Up-to-date: /home/rschnurr/SkyClaw-Team1/ros2_ws/install/px4_msgs/include/px4_msgs/px4_msgs/msg/detail/sensor_accel__rosidl_typesupport_fastrtps_cpp.hpp\n'}
[2.371307] (px4_msgs) StdoutLine: {'line': b'-- Up-to-date: /home/rschnurr/SkyClaw-Team1/ros2_ws/install/px4_msgs/include/px4_msgs/px4_msgs/msg/detail/vehicle_odometry__rosidl_typesupport_fastrtps_cpp.hpp\n'}
[2.371336] (px4_msgs) StdoutLine: {'line': b'-- Up-to-date: /home/rschnurr/SkyClaw-Team1/ros2_ws/install/px4_msgs/include/px4_msgs/px4_msgs/msg/detail/vehicle_control_mode__rosidl_typesupport_fastrtps_cpp.hpp\n'}
[2.371357] (px4_msgs) StdoutLine: {'line': b'-- Up-to-date: /home/rschnurr/SkyClaw-Team1/ros2_ws/install/px4_msgs/include/px4_msgs/px4_msgs/msg/detail/pwm_input__rosidl_typesupport_fastrtps_cpp.hpp\n'}
[2.371376] (px4_msgs) StdoutLine: {'line': b'-- Up-to-date: /home/rschnurr/SkyClaw-Team1/ros2_ws/install/px4_msgs/include/px4_msgs/px4_msgs/msg/detail/estimator_gps_status__rosidl_typesupport_fastrtps_cpp.hpp\n'}
[2.371396] (px4_msgs) StdoutLine: {'line': b'-- Up-to-date: /home/rschnurr/SkyClaw-Team1/ros2_ws/install/px4_msgs/include/px4_msgs/px4_msgs/msg/detail/open_drone_id_arm_status__rosidl_typesupport_fastrtps_cpp.hpp\n'}
[2.371416] (px4_msgs) StdoutLine: {'line': b'-- Up-to-date: /home/rschnurr/SkyClaw-Team1/ros2_ws/install/px4_msgs/include/px4_msgs/px4_msgs/msg/detail/message_format_request__rosidl_typesupport_fastrtps_cpp.hpp\n'}
[2.371436] (px4_msgs) StdoutLine: {'line': b'-- Up-to-date: /home/rschnurr/SkyClaw-Team1/ros2_ws/install/px4_msgs/include/px4_msgs/px4_msgs/msg/detail/vehicle_torque_setpoint__rosidl_typesupport_fastrtps_cpp.hpp\n'}
[2.371461] (px4_msgs) StdoutLine: {'line': b'-- Up-to-date: /home/rschnurr/SkyClaw-Team1/ros2_ws/install/px4_msgs/include/px4_msgs/px4_msgs/msg/detail/esc_report__rosidl_typesupport_fastrtps_cpp.hpp\n'}
[2.371488] (px4_msgs) StdoutLine: {'line': b'-- Up-to-date: /home/rschnurr/SkyClaw-Team1/ros2_ws/install/px4_msgs/include/px4_msgs/px4_msgs/msg/detail/collision_constraints__rosidl_typesupport_fastrtps_cpp.hpp\n'}
[2.371516] (px4_msgs) StdoutLine: {'line': b'-- Up-to-date: /home/rschnurr/SkyClaw-Team1/ros2_ws/install/px4_msgs/include/px4_msgs/px4_msgs/msg/detail/sensor_airflow__rosidl_typesupport_fastrtps_cpp.hpp\n'}
[2.371537] (px4_msgs) StdoutLine: {'line': b'-- Up-to-date: /home/rschnurr/SkyClaw-Team1/ros2_ws/install/px4_msgs/include/px4_msgs/px4_msgs/msg/detail/magnetometer_bias_estimate__rosidl_typesupport_fastrtps_cpp.hpp\n'}
[2.371557] (px4_msgs) StdoutLine: {'line': b'-- Up-to-date: /home/rschnurr/SkyClaw-Team1/ros2_ws/install/px4_msgs/include/px4_msgs/px4_msgs/msg/detail/dronecan_node_status__rosidl_typesupport_fastrtps_cpp.hpp\n'}
[2.371639] (px4_msgs) StdoutLine: {'line': b'-- Up-to-date: /home/rschnurr/SkyClaw-Team1/ros2_ws/install/px4_msgs/include/px4_msgs/px4_msgs/msg/detail/irlock_report__rosidl_typesupport_fastrtps_cpp.hpp\n'}
[2.371677] (px4_msgs) StdoutLine: {'line': b'-- Up-to-date: /home/rschnurr/SkyClaw-Team1/ros2_ws/install/px4_msgs/include/px4_msgs/px4_msgs/msg/detail/sensors_status__rosidl_typesupport_fastrtps_cpp.hpp\n'}
[2.371717] (px4_msgs) StdoutLine: {'line': b'-- Up-to-date: /home/rschnurr/SkyClaw-Team1/ros2_ws/install/px4_msgs/include/px4_msgs/px4_msgs/msg/detail/rover_speed_setpoint__rosidl_typesupport_fastrtps_cpp.hpp\n'}
[2.371778] (px4_msgs) StdoutLine: {'line': b'-- Up-to-date: /home/rschnurr/SkyClaw-Team1/ros2_ws/install/px4_msgs/include/px4_msgs/px4_msgs/msg/detail/parameter_set_value_response__rosidl_typesupport_fastrtps_cpp.hpp\n'}
[2.371837] (px4_msgs) StdoutLine: {'line': b'-- Up-to-date: /home/rschnurr/SkyClaw-Team1/ros2_ws/install/px4_msgs/include/px4_msgs/px4_msgs/msg/detail/gpio_out__rosidl_typesupport_fastrtps_cpp.hpp\n'}
[2.371921] (px4_msgs) StdoutLine: {'line': b'-- Up-to-date: /home/rschnurr/SkyClaw-Team1/ros2_ws/install/px4_msgs/include/px4_msgs/px4_msgs/msg/detail/vehicle_rates_setpoint__rosidl_typesupport_fastrtps_cpp.hpp\n'}
[2.371973] (px4_msgs) StdoutLine: {'line': b'-- Up-to-date: /home/rschnurr/SkyClaw-Team1/ros2_ws/install/px4_msgs/include/px4_msgs/px4_msgs/msg/detail/actuator_motors__rosidl_typesupport_fastrtps_cpp.hpp\n'}
[2.372007] (px4_msgs) StdoutLine: {'line': b'-- Up-to-date: /home/rschnurr/SkyClaw-Team1/ros2_ws/install/px4_msgs/include/px4_msgs/px4_msgs/msg/detail/fixed_wing_lateral_setpoint__rosidl_typesupport_fastrtps_cpp.hpp\n'}
[2.372036] (px4_msgs) StdoutLine: {'line': b'-- Up-to-date: /home/rschnurr/SkyClaw-Team1/ros2_ws/install/px4_msgs/include/px4_msgs/px4_msgs/msg/detail/power_button_state__rosidl_typesupport_fastrtps_cpp.hpp\n'}
[2.372070] (px4_msgs) StdoutLine: {'line': b'-- Up-to-date: /home/rschnurr/SkyClaw-Team1/ros2_ws/install/px4_msgs/include/px4_msgs/px4_msgs/msg/detail/offboard_control_mode__rosidl_typesupport_fastrtps_cpp.hpp\n'}
[2.372099] (px4_msgs) StdoutLine: {'line': b'-- Up-to-date: /home/rschnurr/SkyClaw-Team1/ros2_ws/install/px4_msgs/include/px4_msgs/px4_msgs/msg/detail/action_request__rosidl_typesupport_fastrtps_cpp.hpp\n'}
[2.372127] (px4_msgs) StdoutLine: {'line': b'-- Up-to-date: /home/rschnurr/SkyClaw-Team1/ros2_ws/install/px4_msgs/include/px4_msgs/px4_msgs/msg/detail/dataman_request__rosidl_typesupport_fastrtps_cpp.hpp\n'}
[2.372155] (px4_msgs) StdoutLine: {'line': b'-- Up-to-date: /home/rschnurr/SkyClaw-Team1/ros2_ws/install/px4_msgs/include/px4_msgs/px4_msgs/msg/detail/manual_control_switches__rosidl_typesupport_fastrtps_cpp.hpp\n'}
[2.372186] (px4_msgs) StdoutLine: {'line': b'-- Up-to-date: /home/rschnurr/SkyClaw-Team1/ros2_ws/install/px4_msgs/include/px4_msgs/px4_msgs/msg/detail/distance_sensor_mode_change_request__rosidl_typesupport_fastrtps_cpp.hpp\n'}
[2.372217] (px4_msgs) StdoutLine: {'line': b'-- Up-to-date: /home/rschnurr/SkyClaw-Team1/ros2_ws/install/px4_msgs/include/px4_msgs/px4_msgs/msg/detail/ulog_stream__rosidl_typesupport_fastrtps_cpp.hpp\n'}
[2.372261] (px4_msgs) StdoutLine: {'line': b'-- Up-to-date: /home/rschnurr/SkyClaw-Team1/ros2_ws/install/px4_msgs/include/px4_msgs/px4_msgs/msg/detail/sensor_gyro_fft__rosidl_typesupport_fastrtps_cpp.hpp\n'}
[2.372288] (px4_msgs) StdoutLine: {'line': b'-- Up-to-date: /home/rschnurr/SkyClaw-Team1/ros2_ws/install/px4_msgs/include/px4_msgs/px4_msgs/msg/detail/rc_parameter_map__rosidl_typesupport_fastrtps_cpp.hpp\n'}
[2.372314] (px4_msgs) StdoutLine: {'line': b'-- Up-to-date: /home/rschnurr/SkyClaw-Team1/ros2_ws/install/px4_msgs/include/px4_msgs/px4_msgs/msg/detail/vehicle_land_detected__rosidl_typesupport_fastrtps_cpp.hpp\n'}
[2.372343] (px4_msgs) StdoutLine: {'line': b'-- Up-to-date: /home/rschnurr/SkyClaw-Team1/ros2_ws/install/px4_msgs/include/px4_msgs/px4_msgs/msg/detail/goto_setpoint__rosidl_typesupport_fastrtps_cpp.hpp\n'}
[2.372372] (px4_msgs) StdoutLine: {'line': b'-- Up-to-date: /home/rschnurr/SkyClaw-Team1/ros2_ws/install/px4_msgs/include/px4_msgs/px4_msgs/msg/detail/pure_pursuit_status__rosidl_typesupport_fastrtps_cpp.hpp\n'}
[2.372401] (px4_msgs) StdoutLine: {'line': b'-- Up-to-date: /home/rschnurr/SkyClaw-Team1/ros2_ws/install/px4_msgs/include/px4_msgs/px4_msgs/msg/detail/landing_target_innovations__rosidl_typesupport_fastrtps_cpp.hpp\n'}
[2.372429] (px4_msgs) StdoutLine: {'line': b'-- Up-to-date: /home/rschnurr/SkyClaw-Team1/ros2_ws/install/px4_msgs/include/px4_msgs/px4_msgs/msg/detail/takeoff_status__rosidl_typesupport_fastrtps_cpp.hpp\n'}
[2.372457] (px4_msgs) StdoutLine: {'line': b'-- Up-to-date: /home/rschnurr/SkyClaw-Team1/ros2_ws/install/px4_msgs/include/px4_msgs/px4_msgs/msg/detail/ekf2_timestamps__rosidl_typesupport_fastrtps_cpp.hpp\n'}
[2.372483] (px4_msgs) StdoutLine: {'line': b'-- Up-to-date: /home/rschnurr/SkyClaw-Team1/ros2_ws/install/px4_msgs/include/px4_msgs/px4_msgs/msg/detail/rtl_status__rosidl_typesupport_fastrtps_cpp.hpp\n'}
[2.372513] (px4_msgs) StdoutLine: {'line': b'-- Up-to-date: /home/rschnurr/SkyClaw-Team1/ros2_ws/install/px4_msgs/include/px4_msgs/px4_msgs/msg/detail/landing_gear_wheel__rosidl_typesupport_fastrtps_cpp.hpp\n'}
[2.372542] (px4_msgs) StdoutLine: {'line': b'-- Up-to-date: /home/rschnurr/SkyClaw-Team1/ros2_ws/install/px4_msgs/include/px4_msgs/px4_msgs/msg/detail/debug_vect__rosidl_typesupport_fastrtps_cpp.hpp\n'}
[2.372570] (px4_msgs) StdoutLine: {'line': b'-- Up-to-date: /home/rschnurr/SkyClaw-Team1/ros2_ws/install/px4_msgs/include/px4_msgs/px4_msgs/msg/detail/unregister_ext_component__rosidl_typesupport_fastrtps_cpp.hpp\n'}
[2.372601] (px4_msgs) StdoutLine: {'line': b'-- Up-to-date: /home/rschnurr/SkyClaw-Team1/ros2_ws/install/px4_msgs/include/px4_msgs/px4_msgs/msg/detail/vehicle_angular_acceleration_setpoint__rosidl_typesupport_fastrtps_cpp.hpp\n'}
[2.372631] (px4_msgs) StdoutLine: {'line': b'-- Up-to-date: /home/rschnurr/SkyClaw-Team1/ros2_ws/install/px4_msgs/include/px4_msgs/px4_msgs/msg/detail/battery_status__rosidl_typesupport_fastrtps_cpp.hpp\n'}
[2.372658] (px4_msgs) StdoutLine: {'line': b'-- Up-to-date: /home/rschnurr/SkyClaw-Team1/ros2_ws/install/px4_msgs/include/px4_msgs/px4_msgs/msg/detail/autotune_attitude_control_status__rosidl_typesupport_fastrtps_cpp.hpp\n'}
[2.372687] (px4_msgs) StdoutLine: {'line': b'-- Up-to-date: /home/rschnurr/SkyClaw-Team1/ros2_ws/install/px4_msgs/include/px4_msgs/px4_msgs/msg/detail/sensors_status_imu__rosidl_typesupport_fastrtps_cpp.hpp\n'}
[2.372716] (px4_msgs) StdoutLine: {'line': b'-- Up-to-date: /home/rschnurr/SkyClaw-Team1/ros2_ws/install/px4_msgs/include/px4_msgs/px4_msgs/msg/detail/trajectory_setpoint6dof__rosidl_typesupport_fastrtps_cpp.hpp\n'}
[2.372745] (px4_msgs) StdoutLine: {'line': b'-- Up-to-date: /home/rschnurr/SkyClaw-Team1/ros2_ws/install/px4_msgs/include/px4_msgs/px4_msgs/msg/detail/rover_attitude_status__rosidl_typesupport_fastrtps_cpp.hpp\n'}
[2.372774] (px4_msgs) StdoutLine: {'line': b'-- Up-to-date: /home/rschnurr/SkyClaw-Team1/ros2_ws/install/px4_msgs/include/px4_msgs/px4_msgs/msg/detail/geofence_status__rosidl_typesupport_fastrtps_cpp.hpp\n'}
[2.372803] (px4_msgs) StdoutLine: {'line': b'-- Up-to-date: /home/rschnurr/SkyClaw-Team1/ros2_ws/install/px4_msgs/include/px4_msgs/px4_msgs/msg/detail/debug_array__rosidl_typesupport_fastrtps_cpp.hpp\n'}
[2.372831] (px4_msgs) StdoutLine: {'line': b'-- Up-to-date: /home/rschnurr/SkyClaw-Team1/ros2_ws/install/px4_msgs/include/px4_msgs/px4_msgs/msg/detail/landing_target_pose__rosidl_typesupport_fastrtps_cpp.hpp\n'}
[2.372859] (px4_msgs) StdoutLine: {'line': b'-- Up-to-date: /home/rschnurr/SkyClaw-Team1/ros2_ws/install/px4_msgs/include/px4_msgs/px4_msgs/msg/detail/manual_control_setpoint__rosidl_typesupport_fastrtps_cpp.hpp\n'}
[2.372888] (px4_msgs) StdoutLine: {'line': b'-- Up-to-date: /home/rschnurr/SkyClaw-Team1/ros2_ws/install/px4_msgs/include/px4_msgs/px4_msgs/msg/detail/actuator_armed__rosidl_typesupport_fastrtps_cpp.hpp\n'}
[2.372915] (px4_msgs) StdoutLine: {'line': b'-- Up-to-date: /home/rschnurr/SkyClaw-Team1/ros2_ws/install/px4_msgs/include/px4_msgs/px4_msgs/msg/detail/mission_result__rosidl_typesupport_fastrtps_cpp.hpp\n'}
[2.372944] (px4_msgs) StdoutLine: {'line': b'-- Up-to-date: /home/rschnurr/SkyClaw-Team1/ros2_ws/install/px4_msgs/include/px4_msgs/px4_msgs/msg/detail/position_setpoint_triplet__rosidl_typesupport_fastrtps_cpp.hpp\n'}
[2.372978] (px4_msgs) StdoutLine: {'line': b'-- Up-to-date: /home/rschnurr/SkyClaw-Team1/ros2_ws/install/px4_msgs/include/px4_msgs/px4_msgs/msg/detail/follow_target_status__rosidl_typesupport_fastrtps_cpp.hpp\n'}
[2.373008] (px4_msgs) StdoutLine: {'line': b'-- Up-to-date: /home/rschnurr/SkyClaw-Team1/ros2_ws/install/px4_msgs/include/px4_msgs/px4_msgs/msg/detail/vehicle_optical_flow_vel__rosidl_typesupport_fastrtps_cpp.hpp\n'}
[2.373037] (px4_msgs) StdoutLine: {'line': b'-- Up-to-date: /home/rschnurr/SkyClaw-Team1/ros2_ws/install/px4_msgs/include/px4_msgs/px4_msgs/msg/detail/gimbal_manager_status__rosidl_typesupport_fastrtps_cpp.hpp\n'}
[2.373067] (px4_msgs) StdoutLine: {'line': b'-- Up-to-date: /home/rschnurr/SkyClaw-Team1/ros2_ws/install/px4_msgs/include/px4_msgs/px4_msgs/msg/detail/airspeed__rosidl_typesupport_fastrtps_cpp.hpp\n'}
[2.373095] (px4_msgs) StdoutLine: {'line': b'-- Up-to-date: /home/rschnurr/SkyClaw-Team1/ros2_ws/install/px4_msgs/include/px4_msgs/px4_msgs/msg/detail/parameter_set_value_request__rosidl_typesupport_fastrtps_cpp.hpp\n'}
[2.373122] (px4_msgs) StdoutLine: {'line': b'-- Up-to-date: /home/rschnurr/SkyClaw-Team1/ros2_ws/install/px4_msgs/include/px4_msgs/px4_msgs/msg/detail/gpio_request__rosidl_typesupport_fastrtps_cpp.hpp\n'}
[2.373149] (px4_msgs) StdoutLine: {'line': b'-- Up-to-date: /home/rschnurr/SkyClaw-Team1/ros2_ws/install/px4_msgs/include/px4_msgs/px4_msgs/msg/detail/mount_orientation__rosidl_typesupport_fastrtps_cpp.hpp\n'}
[2.373176] (px4_msgs) StdoutLine: {'line': b'-- Up-to-date: /home/rschnurr/SkyClaw-Team1/ros2_ws/install/px4_msgs/include/px4_msgs/px4_msgs/msg/detail/obstacle_distance__rosidl_typesupport_fastrtps_cpp.hpp\n'}
[2.373204] (px4_msgs) StdoutLine: {'line': b'-- Up-to-date: /home/rschnurr/SkyClaw-Team1/ros2_ws/install/px4_msgs/include/px4_msgs/px4_msgs/msg/detail/failure_detector_status__rosidl_typesupport_fastrtps_cpp.hpp\n'}
[2.373232] (px4_msgs) StdoutLine: {'line': b'-- Up-to-date: /home/rschnurr/SkyClaw-Team1/ros2_ws/install/px4_msgs/include/px4_msgs/px4_msgs/msg/detail/fixed_wing_lateral_guidance_status__rosidl_typesupport_fastrtps_cpp.hpp\n'}
[2.373263] (px4_msgs) StdoutLine: {'line': b'-- Up-to-date: /home/rschnurr/SkyClaw-Team1/ros2_ws/install/px4_msgs/include/px4_msgs/px4_msgs/msg/detail/system_power__rosidl_typesupport_fastrtps_cpp.hpp\n'}
[2.373293] (px4_msgs) StdoutLine: {'line': b'-- Up-to-date: /home/rschnurr/SkyClaw-Team1/ros2_ws/install/px4_msgs/include/px4_msgs/px4_msgs/msg/detail/esc_status__rosidl_typesupport_fastrtps_cpp.hpp\n'}
[2.373323] (px4_msgs) StdoutLine: {'line': b'-- Up-to-date: /home/rschnurr/SkyClaw-Team1/ros2_ws/install/px4_msgs/include/px4_msgs/px4_msgs/msg/detail/estimator_event_flags__rosidl_typesupport_fastrtps_cpp.hpp\n'}
[2.373351] (px4_msgs) StdoutLine: {'line': b'-- Up-to-date: /home/rschnurr/SkyClaw-Team1/ros2_ws/install/px4_msgs/include/px4_msgs/px4_msgs/msg/detail/radio_status__rosidl_typesupport_fastrtps_cpp.hpp\n'}
[2.373378] (px4_msgs) StdoutLine: {'line': b'-- Up-to-date: /home/rschnurr/SkyClaw-Team1/ros2_ws/install/px4_msgs/include/px4_msgs/px4_msgs/msg/detail/arming_check_request__rosidl_typesupport_fastrtps_cpp.hpp\n'}
[2.373406] (px4_msgs) StdoutLine: {'line': b'-- Up-to-date: /home/rschnurr/SkyClaw-Team1/ros2_ws/install/px4_msgs/include/px4_msgs/px4_msgs/msg/detail/estimator_sensor_bias__rosidl_typesupport_fastrtps_cpp.hpp\n'}
[2.373433] (px4_msgs) StdoutLine: {'line': b'-- Up-to-date: /home/rschnurr/SkyClaw-Team1/ros2_ws/install/px4_msgs/include/px4_msgs/px4_msgs/msg/detail/longitudinal_control_configuration__rosidl_typesupport_fastrtps_cpp.hpp\n'}
[2.373464] (px4_msgs) StdoutLine: {'line': b'-- Up-to-date: /home/rschnurr/SkyClaw-Team1/ros2_ws/install/px4_msgs/include/px4_msgs/px4_msgs/msg/detail/heater_status__rosidl_typesupport_fastrtps_cpp.hpp\n'}
[2.373491] (px4_msgs) StdoutLine: {'line': b'-- Up-to-date: /home/rschnurr/SkyClaw-Team1/ros2_ws/install/px4_msgs/include/px4_msgs/px4_msgs/msg/detail/qshell_req__rosidl_typesupport_fastrtps_cpp.hpp\n'}
[2.373520] (px4_msgs) StdoutLine: {'line': b'-- Up-to-date: /home/rschnurr/SkyClaw-Team1/ros2_ws/install/px4_msgs/include/px4_msgs/px4_msgs/msg/detail/rover_speed_status__rosidl_typesupport_fastrtps_cpp.hpp\n'}
[2.373550] (px4_msgs) StdoutLine: {'line': b'-- Up-to-date: /home/rschnurr/SkyClaw-Team1/ros2_ws/install/px4_msgs/include/px4_msgs/px4_msgs/msg/detail/rover_steering_setpoint__rosidl_typesupport_fastrtps_cpp.hpp\n'}
[2.373579] (px4_msgs) StdoutLine: {'line': b'-- Up-to-date: /home/rschnurr/SkyClaw-Team1/ros2_ws/install/px4_msgs/include/px4_msgs/px4_msgs/msg/detail/sensor_preflight_mag__rosidl_typesupport_fastrtps_cpp.hpp\n'}
[2.373609] (px4_msgs) StdoutLine: {'line': b'-- Up-to-date: /home/rschnurr/SkyClaw-Team1/ros2_ws/install/px4_msgs/include/px4_msgs/px4_msgs/msg/detail/estimator_aid_source3d__rosidl_typesupport_fastrtps_cpp.hpp\n'}
[2.373640] (px4_msgs) StdoutLine: {'line': b'-- Up-to-date: /home/rschnurr/SkyClaw-Team1/ros2_ws/install/px4_msgs/include/px4_msgs/px4_msgs/msg/detail/camera_status__rosidl_typesupport_fastrtps_cpp.hpp\n'}
[2.373668] (px4_msgs) StdoutLine: {'line': b'-- Up-to-date: /home/rschnurr/SkyClaw-Team1/ros2_ws/install/px4_msgs/include/px4_msgs/px4_msgs/msg/detail/transponder_report__rosidl_typesupport_fastrtps_cpp.hpp\n'}
[2.373699] (px4_msgs) StdoutLine: {'line': b'-- Up-to-date: /home/rschnurr/SkyClaw-Team1/ros2_ws/install/px4_msgs/include/px4_msgs/px4_msgs/msg/detail/debug_value__rosidl_typesupport_fastrtps_cpp.hpp\n'}
[2.373729] (px4_msgs) StdoutLine: {'line': b'-- Up-to-date: /home/rschnurr/SkyClaw-Team1/ros2_ws/install/px4_msgs/include/px4_msgs/px4_msgs/msg/detail/tune_control__rosidl_typesupport_fastrtps_cpp.hpp\n'}
[2.373825] (px4_msgs) StdoutLine: {'line': b'-- Up-to-date: /home/rschnurr/SkyClaw-Team1/ros2_ws/install/px4_msgs/include/px4_msgs/px4_msgs/msg/detail/mavlink_tunnel__rosidl_typesupport_fastrtps_cpp.hpp\n'}
[2.373893] (px4_msgs) StdoutLine: {'line': b'-- Up-to-date: /home/rschnurr/SkyClaw-Team1/ros2_ws/install/px4_msgs/include/px4_msgs/px4_msgs/msg/detail/velocity_limits__rosidl_typesupport_fastrtps_cpp.hpp\n'}
[2.373934] (px4_msgs) StdoutLine: {'line': b'-- Up-to-date: /home/rschnurr/SkyClaw-Team1/ros2_ws/install/px4_msgs/include/px4_msgs/px4_msgs/msg/detail/gps_dump__rosidl_typesupport_fastrtps_cpp.hpp\n'}
[2.373963] (px4_msgs) StdoutLine: {'line': b'-- Up-to-date: /home/rschnurr/SkyClaw-Team1/ros2_ws/install/px4_msgs/include/px4_msgs/px4_msgs/msg/detail/vehicle_attitude_setpoint__rosidl_typesupport_fastrtps_cpp.hpp\n'}
[2.374010] (px4_msgs) StdoutLine: {'line': b'-- Up-to-date: /home/rschnurr/SkyClaw-Team1/ros2_ws/install/px4_msgs/include/px4_msgs/px4_msgs/msg/detail/figure_eight_status__rosidl_typesupport_fastrtps_cpp.hpp\n'}
[2.374102] (px4_msgs) StdoutLine: {'line': b'-- Up-to-date: /home/rschnurr/SkyClaw-Team1/ros2_ws/install/px4_msgs/include/px4_msgs/px4_msgs/msg/detail/mavlink_log__rosidl_typesupport_fastrtps_cpp.hpp\n'}
[2.374209] (px4_msgs) StdoutLine: {'line': b'-- Up-to-date: /home/rschnurr/SkyClaw-Team1/ros2_ws/install/px4_msgs/include/px4_msgs/px4_msgs/msg/detail/battery_info__rosidl_typesupport_fastrtps_cpp.hpp\n'}
[2.374315] (px4_msgs) StdoutLine: {'line': b'-- Up-to-date: /home/rschnurr/SkyClaw-Team1/ros2_ws/install/px4_msgs/include/px4_msgs/px4_msgs/msg/detail/rc_channels__rosidl_typesupport_fastrtps_cpp.hpp\n'}
[2.374393] (px4_msgs) StdoutLine: {'line': b'-- Up-to-date: /home/rschnurr/SkyClaw-Team1/ros2_ws/install/px4_msgs/include/px4_msgs/px4_msgs/msg/detail/gimbal_device_information__rosidl_typesupport_fastrtps_cpp.hpp\n'}
[2.374442] (px4_msgs) StdoutLine: {'line': b'-- Up-to-date: /home/rschnurr/SkyClaw-Team1/ros2_ws/install/px4_msgs/include/px4_msgs/px4_msgs/msg/detail/sensor_optical_flow__rosidl_typesupport_fastrtps_cpp.hpp\n'}
[2.374472] (px4_msgs) StdoutLine: {'line': b'-- Up-to-date: /home/rschnurr/SkyClaw-Team1/ros2_ws/install/px4_msgs/lib/libpx4_msgs__rosidl_typesupport_fastrtps_cpp.so\n'}
[2.374503] (px4_msgs) StdoutLine: {'line': b'-- Up-to-date: /home/rschnurr/SkyClaw-Team1/ros2_ws/install/px4_msgs/include/px4_msgs/px4_msgs\n'}
[2.374531] (px4_msgs) StdoutLine: {'line': b'-- Up-to-date: /home/rschnurr/SkyClaw-Team1/ros2_ws/install/px4_msgs/include/px4_msgs/px4_msgs/srv\n'}
[2.374554] (px4_msgs) StdoutLine: {'line': b'-- Up-to-date: /home/rschnurr/SkyClaw-Team1/ros2_ws/install/px4_msgs/include/px4_msgs/px4_msgs/srv/detail\n'}
[2.374576] (px4_msgs) StdoutLine: {'line': b'-- Up-to-date: /home/rschnurr/SkyClaw-Team1/ros2_ws/install/px4_msgs/include/px4_msgs/px4_msgs/srv/detail/vehicle_command__type_support.c\n'}
[2.374599] (px4_msgs) StdoutLine: {'line': b'-- Up-to-date: /home/rschnurr/SkyClaw-Team1/ros2_ws/install/px4_msgs/include/px4_msgs/px4_msgs/srv/detail/vehicle_command__rosidl_typesupport_introspection_c.h\n'}
[2.374622] (px4_msgs) StdoutLine: {'line': b'-- Up-to-date: /home/rschnurr/SkyClaw-Team1/ros2_ws/install/px4_msgs/include/px4_msgs/px4_msgs/msg\n'}
[2.374688] (px4_msgs) StdoutLine: {'line': b'-- Up-to-date: /home/rschnurr/SkyClaw-Team1/ros2_ws/install/px4_msgs/include/px4_msgs/px4_msgs/msg/rosidl_typesupport_introspection_c__visibility_control.h\n'}
[2.374760] (px4_msgs) StdoutLine: {'line': b'-- Up-to-date: /home/rschnurr/SkyClaw-Team1/ros2_ws/install/px4_msgs/include/px4_msgs/px4_msgs/msg/detail\n'}
[2.374801] (px4_msgs) StdoutLine: {'line': b'-- Up-to-date: /home/rschnurr/SkyClaw-Team1/ros2_ws/install/px4_msgs/include/px4_msgs/px4_msgs/msg/detail/hover_thrust_estimate__type_support.c\n'}
[2.374830] (px4_msgs) StdoutLine: {'line': b'-- Up-to-date: /home/rschnurr/SkyClaw-Team1/ros2_ws/install/px4_msgs/include/px4_msgs/px4_msgs/msg/detail/sensor_gnss_status__rosidl_typesupport_introspection_c.h\n'}
[2.374855] (px4_msgs) StdoutLine: {'line': b'-- Up-to-date: /home/rschnurr/SkyClaw-Team1/ros2_ws/install/px4_msgs/include/px4_msgs/px4_msgs/msg/detail/vehicle_land_detected__rosidl_typesupport_introspection_c.h\n'}
[2.374880] (px4_msgs) StdoutLine: {'line': b'-- Up-to-date: /home/rschnurr/SkyClaw-Team1/ros2_ws/install/px4_msgs/include/px4_msgs/px4_msgs/msg/detail/airspeed_wind__rosidl_typesupport_introspection_c.h\n'}
[2.374902] (px4_msgs) StdoutLine: {'line': b'-- Up-to-date: /home/rschnurr/SkyClaw-Team1/ros2_ws/install/px4_msgs/include/px4_msgs/px4_msgs/msg/detail/radio_status__type_support.c\n'}
[2.374923] (px4_msgs) StdoutLine: {'line': b'-- Up-to-date: /home/rschnurr/SkyClaw-Team1/ros2_ws/install/px4_msgs/include/px4_msgs/px4_msgs/msg/detail/fuel_tank_status__rosidl_typesupport_introspection_c.h\n'}
[2.374944] (px4_msgs) StdoutLine: {'line': b'-- Up-to-date: /home/rschnurr/SkyClaw-Team1/ros2_ws/install/px4_msgs/include/px4_msgs/px4_msgs/msg/detail/rover_rate_status__type_support.c\n'}
[2.374973] (px4_msgs) StdoutLine: {'line': b'-- Up-to-date: /home/rschnurr/SkyClaw-Team1/ros2_ws/install/px4_msgs/include/px4_msgs/px4_msgs/msg/detail/collision_constraints__type_support.c\n'}
[2.374994] (px4_msgs) StdoutLine: {'line': b'-- Up-to-date: /home/rschnurr/SkyClaw-Team1/ros2_ws/install/px4_msgs/include/px4_msgs/px4_msgs/msg/detail/vehicle_command_ack__rosidl_typesupport_introspection_c.h\n'}
[2.375015] (px4_msgs) StdoutLine: {'line': b'-- Up-to-date: /home/rschnurr/SkyClaw-Team1/ros2_ws/install/px4_msgs/include/px4_msgs/px4_msgs/msg/detail/sensor_accel_fifo__type_support.c\n'}
[2.375035] (px4_msgs) StdoutLine: {'line': b'-- Up-to-date: /home/rschnurr/SkyClaw-Team1/ros2_ws/install/px4_msgs/include/px4_msgs/px4_msgs/msg/detail/navigator_status__rosidl_typesupport_introspection_c.h\n'}
[2.375055] (px4_msgs) StdoutLine: {'line': b'-- Up-to-date: /home/rschnurr/SkyClaw-Team1/ros2_ws/install/px4_msgs/include/px4_msgs/px4_msgs/msg/detail/vehicle_imu_status__type_support.c\n'}
[2.375075] (px4_msgs) StdoutLine: {'line': b'-- Up-to-date: /home/rschnurr/SkyClaw-Team1/ros2_ws/install/px4_msgs/include/px4_msgs/px4_msgs/msg/detail/estimator_event_flags__type_support.c\n'}
[2.375095] (px4_msgs) StdoutLine: {'line': b'-- Up-to-date: /home/rschnurr/SkyClaw-Team1/ros2_ws/install/px4_msgs/include/px4_msgs/px4_msgs/msg/detail/geofence_result__type_support.c\n'}
[2.375116] (px4_msgs) StdoutLine: {'line': b'-- Up-to-date: /home/rschnurr/SkyClaw-Team1/ros2_ws/install/px4_msgs/include/px4_msgs/px4_msgs/msg/detail/mag_worker_data__type_support.c\n'}
[2.375136] (px4_msgs) StdoutLine: {'line': b'-- Up-to-date: /home/rschnurr/SkyClaw-Team1/ros2_ws/install/px4_msgs/include/px4_msgs/px4_msgs/msg/detail/rover_position_setpoint__type_support.c\n'}
[2.375155] (px4_msgs) StdoutLine: {'line': b'-- Up-to-date: /home/rschnurr/SkyClaw-Team1/ros2_ws/install/px4_msgs/include/px4_msgs/px4_msgs/msg/detail/vehicle_odometry__rosidl_typesupport_introspection_c.h\n'}
[2.375175] (px4_msgs) StdoutLine: {'line': b'-- Up-to-date: /home/rschnurr/SkyClaw-Team1/ros2_ws/install/px4_msgs/include/px4_msgs/px4_msgs/msg/detail/sensor_combined__type_support.c\n'}
[2.375200] (px4_msgs) StdoutLine: {'line': b'-- Up-to-date: /home/rschnurr/SkyClaw-Team1/ros2_ws/install/px4_msgs/include/px4_msgs/px4_msgs/msg/detail/vehicle_local_position__rosidl_typesupport_introspection_c.h\n'}
[2.375222] (px4_msgs) StdoutLine: {'line': b'-- Up-to-date: /home/rschnurr/SkyClaw-Team1/ros2_ws/install/px4_msgs/include/px4_msgs/px4_msgs/msg/detail/vehicle_magnetometer__type_support.c\n'}
[2.375241] (px4_msgs) StdoutLine: {'line': b'-- Up-to-date: /home/rschnurr/SkyClaw-Team1/ros2_ws/install/px4_msgs/include/px4_msgs/px4_msgs/msg/detail/sensor_preflight_mag__type_support.c\n'}
[2.375261] (px4_msgs) StdoutLine: {'line': b'-- Up-to-date: /home/rschnurr/SkyClaw-Team1/ros2_ws/install/px4_msgs/include/px4_msgs/px4_msgs/msg/detail/sensor_gyro_fifo__rosidl_typesupport_introspection_c.h\n'}
[2.375283] (px4_msgs) StdoutLine: {'line': b'-- Up-to-date: /home/rschnurr/SkyClaw-Team1/ros2_ws/install/px4_msgs/include/px4_msgs/px4_msgs/msg/detail/unregister_ext_component__type_support.c\n'}
[2.375306] (px4_msgs) StdoutLine: {'line': b'-- Up-to-date: /home/rschnurr/SkyClaw-Team1/ros2_ws/install/px4_msgs/include/px4_msgs/px4_msgs/msg/detail/rover_position_setpoint__rosidl_typesupport_introspection_c.h\n'}
[2.375327] (px4_msgs) StdoutLine: {'line': b'-- Up-to-date: /home/rschnurr/SkyClaw-Team1/ros2_ws/install/px4_msgs/include/px4_msgs/px4_msgs/msg/detail/sensor_accel_fifo__rosidl_typesupport_introspection_c.h\n'}
[2.375348] (px4_msgs) StdoutLine: {'line': b'-- Up-to-date: /home/rschnurr/SkyClaw-Team1/ros2_ws/install/px4_msgs/include/px4_msgs/px4_msgs/msg/detail/rover_attitude_status__rosidl_typesupport_introspection_c.h\n'}
[2.375368] (px4_msgs) StdoutLine: {'line': b'-- Up-to-date: /home/rschnurr/SkyClaw-Team1/ros2_ws/install/px4_msgs/include/px4_msgs/px4_msgs/msg/detail/gimbal_manager_set_attitude__rosidl_typesupport_introspection_c.h\n'}
[2.375388] (px4_msgs) StdoutLine: {'line': b'-- Up-to-date: /home/rschnurr/SkyClaw-Team1/ros2_ws/install/px4_msgs/include/px4_msgs/px4_msgs/msg/detail/sensor_gyro__rosidl_typesupport_introspection_c.h\n'}
[2.375409] (px4_msgs) StdoutLine: {'line': b'-- Up-to-date: /home/rschnurr/SkyClaw-Team1/ros2_ws/install/px4_msgs/include/px4_msgs/px4_msgs/msg/detail/failure_detector_status__type_support.c\n'}
[2.375429] (px4_msgs) StdoutLine: {'line': b'-- Up-to-date: /home/rschnurr/SkyClaw-Team1/ros2_ws/install/px4_msgs/include/px4_msgs/px4_msgs/msg/detail/arming_check_request__rosidl_typesupport_introspection_c.h\n'}
[2.375448] (px4_msgs) StdoutLine: {'line': b'-- Up-to-date: /home/rschnurr/SkyClaw-Team1/ros2_ws/install/px4_msgs/include/px4_msgs/px4_msgs/msg/detail/sensor_hygrometer__rosidl_typesupport_introspection_c.h\n'}
[2.375468] (px4_msgs) StdoutLine: {'line': b'-- Up-to-date: /home/rschnurr/SkyClaw-Team1/ros2_ws/install/px4_msgs/include/px4_msgs/px4_msgs/msg/detail/unregister_ext_component__rosidl_typesupport_introspection_c.h\n'}
[2.375487] (px4_msgs) StdoutLine: {'line': b'-- Up-to-date: /home/rschnurr/SkyClaw-Team1/ros2_ws/install/px4_msgs/include/px4_msgs/px4_msgs/msg/detail/estimator_aid_source3d__rosidl_typesupport_introspection_c.h\n'}
[2.375508] (px4_msgs) StdoutLine: {'line': b'-- Up-to-date: /home/rschnurr/SkyClaw-Team1/ros2_ws/install/px4_msgs/include/px4_msgs/px4_msgs/msg/detail/sensor_mag__type_support.c\n'}
[2.375532] (px4_msgs) StdoutLine: {'line': b'-- Up-to-date: /home/rschnurr/SkyClaw-Team1/ros2_ws/install/px4_msgs/include/px4_msgs/px4_msgs/msg/detail/power_monitor__type_support.c\n'}
[2.375554] (px4_msgs) StdoutLine: {'line': b'-- Up-to-date: /home/rschnurr/SkyClaw-Team1/ros2_ws/install/px4_msgs/include/px4_msgs/px4_msgs/msg/detail/heater_status__rosidl_typesupport_introspection_c.h\n'}
[2.375574] (px4_msgs) StdoutLine: {'line': b'-- Up-to-date: /home/rschnurr/SkyClaw-Team1/ros2_ws/install/px4_msgs/include/px4_msgs/px4_msgs/msg/detail/estimator_status__rosidl_typesupport_introspection_c.h\n'}
[2.375594] (px4_msgs) StdoutLine: {'line': b'-- Up-to-date: /home/rschnurr/SkyClaw-Team1/ros2_ws/install/px4_msgs/include/px4_msgs/px4_msgs/msg/detail/esc_status__rosidl_typesupport_introspection_c.h\n'}
[2.375615] (px4_msgs) StdoutLine: {'line': b'-- Up-to-date: /home/rschnurr/SkyClaw-Team1/ros2_ws/install/px4_msgs/include/px4_msgs/px4_msgs/msg/detail/event__type_support.c\n'}
[2.375635] (px4_msgs) StdoutLine: {'line': b'-- Up-to-date: /home/rschnurr/SkyClaw-Team1/ros2_ws/install/px4_msgs/include/px4_msgs/px4_msgs/msg/detail/system_power__rosidl_typesupport_introspection_c.h\n'}
[2.375656] (px4_msgs) StdoutLine: {'line': b'-- Up-to-date: /home/rschnurr/SkyClaw-Team1/ros2_ws/install/px4_msgs/include/px4_msgs/px4_msgs/msg/detail/sensors_status__type_support.c\n'}
[2.375677] (px4_msgs) StdoutLine: {'line': b'-- Up-to-date: /home/rschnurr/SkyClaw-Team1/ros2_ws/install/px4_msgs/include/px4_msgs/px4_msgs/msg/detail/vehicle_angular_velocity__type_support.c\n'}
[2.375697] (px4_msgs) StdoutLine: {'line': b'-- Up-to-date: /home/rschnurr/SkyClaw-Team1/ros2_ws/install/px4_msgs/include/px4_msgs/px4_msgs/msg/detail/qshell_retval__rosidl_typesupport_introspection_c.h\n'}
[2.375719] (px4_msgs) StdoutLine: {'line': b'-- Up-to-date: /home/rschnurr/SkyClaw-Team1/ros2_ws/install/px4_msgs/include/px4_msgs/px4_msgs/msg/detail/debug_key_value__rosidl_typesupport_introspection_c.h\n'}
[2.375742] (px4_msgs) StdoutLine: {'line': b'-- Up-to-date: /home/rschnurr/SkyClaw-Team1/ros2_ws/install/px4_msgs/include/px4_msgs/px4_msgs/msg/detail/logger_status__rosidl_typesupport_introspection_c.h\n'}
[2.375763] (px4_msgs) StdoutLine: {'line': b'-- Up-to-date: /home/rschnurr/SkyClaw-Team1/ros2_ws/install/px4_msgs/include/px4_msgs/px4_msgs/msg/detail/offboard_control_mode__type_support.c\n'}
[2.375786] (px4_msgs) StdoutLine: {'line': b'-- Up-to-date: /home/rschnurr/SkyClaw-Team1/ros2_ws/install/px4_msgs/include/px4_msgs/px4_msgs/msg/detail/vehicle_imu__type_support.c\n'}
[2.375809] (px4_msgs) StdoutLine: {'line': b'-- Up-to-date: /home/rschnurr/SkyClaw-Team1/ros2_ws/install/px4_msgs/include/px4_msgs/px4_msgs/msg/detail/rover_attitude_setpoint__rosidl_typesupport_introspection_c.h\n'}
[2.375835] (px4_msgs) StdoutLine: {'line': b'-- Up-to-date: /home/rschnurr/SkyClaw-Team1/ros2_ws/install/px4_msgs/include/px4_msgs/px4_msgs/msg/detail/landing_target_innovations__rosidl_typesupport_introspection_c.h\n'}
[2.375858] (px4_msgs) StdoutLine: {'line': b'-- Up-to-date: /home/rschnurr/SkyClaw-Team1/ros2_ws/install/px4_msgs/include/px4_msgs/px4_msgs/msg/detail/mission_result__type_support.c\n'}
[2.375879] (px4_msgs) StdoutLine: {'line': b'-- Up-to-date: /home/rschnurr/SkyClaw-Team1/ros2_ws/install/px4_msgs/include/px4_msgs/px4_msgs/msg/detail/vehicle_air_data__type_support.c\n'}
[2.375900] (px4_msgs) StdoutLine: {'line': b'-- Up-to-date: /home/rschnurr/SkyClaw-Team1/ros2_ws/install/px4_msgs/include/px4_msgs/px4_msgs/msg/detail/distance_sensor_mode_change_request__type_support.c\n'}
[2.375919] (px4_msgs) StdoutLine: {'line': b'-- Up-to-date: /home/rschnurr/SkyClaw-Team1/ros2_ws/install/px4_msgs/include/px4_msgs/px4_msgs/msg/detail/sensor_baro__type_support.c\n'}
[2.375992] (px4_msgs) StdoutLine: {'line': b'-- Up-to-date: /home/rschnurr/SkyClaw-Team1/ros2_ws/install/px4_msgs/include/px4_msgs/px4_msgs/msg/detail/velocity_limits__rosidl_typesupport_introspection_c.h\n'}
[2.376029] (px4_msgs) StdoutLine: {'line': b'-- Up-to-date: /home/rschnurr/SkyClaw-Team1/ros2_ws/install/px4_msgs/include/px4_msgs/px4_msgs/msg/detail/normalized_unsigned_setpoint__rosidl_typesupport_introspection_c.h\n'}
[2.376056] (px4_msgs) StdoutLine: {'line': b'-- Up-to-date: /home/rschnurr/SkyClaw-Team1/ros2_ws/install/px4_msgs/include/px4_msgs/px4_msgs/msg/detail/magnetometer_bias_estimate__rosidl_typesupport_introspection_c.h\n'}
[2.376078] (px4_msgs) StdoutLine: {'line': b'-- Up-to-date: /home/rschnurr/SkyClaw-Team1/ros2_ws/install/px4_msgs/include/px4_msgs/px4_msgs/msg/detail/cellular_status__rosidl_typesupport_introspection_c.h\n'}
[2.376099] (px4_msgs) StdoutLine: {'line': b'-- Up-to-date: /home/rschnurr/SkyClaw-Team1/ros2_ws/install/px4_msgs/include/px4_msgs/px4_msgs/msg/detail/sensor_accel__type_support.c\n'}
[2.376119] (px4_msgs) StdoutLine: {'line': b'-- Up-to-date: /home/rschnurr/SkyClaw-Team1/ros2_ws/install/px4_msgs/include/px4_msgs/px4_msgs/msg/detail/onboard_computer_status__rosidl_typesupport_introspection_c.h\n'}
[2.376150] (px4_msgs) StdoutLine: {'line': b'-- Up-to-date: /home/rschnurr/SkyClaw-Team1/ros2_ws/install/px4_msgs/include/px4_msgs/px4_msgs/msg/detail/vehicle_rates_setpoint__rosidl_typesupport_introspection_c.h\n'}
[2.376176] (px4_msgs) StdoutLine: {'line': b'-- Up-to-date: /home/rschnurr/SkyClaw-Team1/ros2_ws/install/px4_msgs/include/px4_msgs/px4_msgs/msg/detail/manual_control_switches__type_support.c\n'}
[2.376205] (px4_msgs) StdoutLine: {'line': b'-- Up-to-date: /home/rschnurr/SkyClaw-Team1/ros2_ws/install/px4_msgs/include/px4_msgs/px4_msgs/msg/detail/ping__rosidl_typesupport_introspection_c.h\n'}
[2.376231] (px4_msgs) StdoutLine: {'line': b'-- Up-to-date: /home/rschnurr/SkyClaw-Team1/ros2_ws/install/px4_msgs/include/px4_msgs/px4_msgs/msg/detail/message_format_response__rosidl_typesupport_introspection_c.h\n'}
[2.376258] (px4_msgs) StdoutLine: {'line': b'-- Up-to-date: /home/rschnurr/SkyClaw-Team1/ros2_ws/install/px4_msgs/include/px4_msgs/px4_msgs/msg/detail/gimbal_manager_information__rosidl_typesupport_introspection_c.h\n'}
[2.376290] (px4_msgs) StdoutLine: {'line': b'-- Up-to-date: /home/rschnurr/SkyClaw-Team1/ros2_ws/install/px4_msgs/include/px4_msgs/px4_msgs/msg/detail/transponder_report__rosidl_typesupport_introspection_c.h\n'}
[2.376353] (px4_msgs) StdoutLine: {'line': b'-- Up-to-date: /home/rschnurr/SkyClaw-Team1/ros2_ws/install/px4_msgs/include/px4_msgs/px4_msgs/msg/detail/vehicle_torque_setpoint__type_support.c\n'}
[2.376391] (px4_msgs) StdoutLine: {'line': b'-- Up-to-date: /home/rschnurr/SkyClaw-Team1/ros2_ws/install/px4_msgs/include/px4_msgs/px4_msgs/msg/detail/orb_test_large__rosidl_typesupport_introspection_c.h\n'}
[2.376462] (px4_msgs) StdoutLine: {'line': b'-- Up-to-date: /home/rschnurr/SkyClaw-Team1/ros2_ws/install/px4_msgs/include/px4_msgs/px4_msgs/msg/detail/tecs_status__type_support.c\n'}
[2.376507] (px4_msgs) StdoutLine: {'line': b'-- Up-to-date: /home/rschnurr/SkyClaw-Team1/ros2_ws/install/px4_msgs/include/px4_msgs/px4_msgs/msg/detail/vehicle_optical_flow__type_support.c\n'}
[2.376576] (px4_msgs) StdoutLine: {'line': b'-- Up-to-date: /home/rschnurr/SkyClaw-Team1/ros2_ws/install/px4_msgs/include/px4_msgs/px4_msgs/msg/detail/estimator_aid_source1d__rosidl_typesupport_introspection_c.h\n'}
[2.376611] (px4_msgs) StdoutLine: {'line': b'-- Up-to-date: /home/rschnurr/SkyClaw-Team1/ros2_ws/install/px4_msgs/include/px4_msgs/px4_msgs/msg/detail/follow_target_estimator__type_support.c\n'}
[2.376689] (px4_msgs) StdoutLine: {'line': b'-- Up-to-date: /home/rschnurr/SkyClaw-Team1/ros2_ws/install/px4_msgs/include/px4_msgs/px4_msgs/msg/detail/telemetry_status__type_support.c\n'}
[2.376734] (px4_msgs) StdoutLine: {'line': b'-- Up-to-date: /home/rschnurr/SkyClaw-Team1/ros2_ws/install/px4_msgs/include/px4_msgs/px4_msgs/msg/detail/airspeed_validated__rosidl_typesupport_introspection_c.h\n'}
[2.376766] (px4_msgs) StdoutLine: {'line': b'-- Up-to-date: /home/rschnurr/SkyClaw-Team1/ros2_ws/install/px4_msgs/include/px4_msgs/px4_msgs/msg/detail/gpio_out__type_support.c\n'}
[2.376795] (px4_msgs) StdoutLine: {'line': b'-- Up-to-date: /home/rschnurr/SkyClaw-Team1/ros2_ws/install/px4_msgs/include/px4_msgs/px4_msgs/msg/detail/goto_setpoint__type_support.c\n'}
[2.376822] (px4_msgs) StdoutLine: {'line': b'-- Up-to-date: /home/rschnurr/SkyClaw-Team1/ros2_ws/install/px4_msgs/include/px4_msgs/px4_msgs/msg/detail/led_control__rosidl_typesupport_introspection_c.h\n'}
[2.376853] (px4_msgs) StdoutLine: {'line': b'-- Up-to-date: /home/rschnurr/SkyClaw-Team1/ros2_ws/install/px4_msgs/include/px4_msgs/px4_msgs/msg/detail/fixed_wing_lateral_guidance_status__rosidl_typesupport_introspection_c.h\n'}
[2.376883] (px4_msgs) StdoutLine: {'line': b'-- Up-to-date: /home/rschnurr/SkyClaw-Team1/ros2_ws/install/px4_msgs/include/px4_msgs/px4_msgs/msg/detail/fixed_wing_lateral_guidance_status__type_support.c\n'}
[2.376913] (px4_msgs) StdoutLine: {'line': b'-- Up-to-date: /home/rschnurr/SkyClaw-Team1/ros2_ws/install/px4_msgs/include/px4_msgs/px4_msgs/msg/detail/message_format_request__type_support.c\n'}
[2.376955] (px4_msgs) StdoutLine: {'line': b'-- Up-to-date: /home/rschnurr/SkyClaw-Team1/ros2_ws/install/px4_msgs/include/px4_msgs/px4_msgs/msg/detail/register_ext_component_reply__rosidl_typesupport_introspection_c.h\n'}
[2.376983] (px4_msgs) StdoutLine: {'line': b'-- Up-to-date: /home/rschnurr/SkyClaw-Team1/ros2_ws/install/px4_msgs/include/px4_msgs/px4_msgs/msg/detail/gimbal_manager_set_manual_control__rosidl_typesupport_introspection_c.h\n'}
[2.377011] (px4_msgs) StdoutLine: {'line': b'-- Up-to-date: /home/rschnurr/SkyClaw-Team1/ros2_ws/install/px4_msgs/include/px4_msgs/px4_msgs/msg/detail/mode_completed__type_support.c\n'}
[2.377041] (px4_msgs) StdoutLine: {'line': b'-- Up-to-date: /home/rschnurr/SkyClaw-Team1/ros2_ws/install/px4_msgs/include/px4_msgs/px4_msgs/msg/detail/estimator_status__type_support.c\n'}
[2.377071] (px4_msgs) StdoutLine: {'line': b'-- Up-to-date: /home/rschnurr/SkyClaw-Team1/ros2_ws/install/px4_msgs/include/px4_msgs/px4_msgs/msg/detail/esc_report__rosidl_typesupport_introspection_c.h\n'}
[2.377098] (px4_msgs) StdoutLine: {'line': b'-- Up-to-date: /home/rschnurr/SkyClaw-Team1/ros2_ws/install/px4_msgs/include/px4_msgs/px4_msgs/msg/detail/rate_ctrl_status__type_support.c\n'}
[2.377125] (px4_msgs) StdoutLine: {'line': b'-- Up-to-date: /home/rschnurr/SkyClaw-Team1/ros2_ws/install/px4_msgs/include/px4_msgs/px4_msgs/msg/detail/debug_value__type_support.c\n'}
[2.377153] (px4_msgs) StdoutLine: {'line': b'-- Up-to-date: /home/rschnurr/SkyClaw-Team1/ros2_ws/install/px4_msgs/include/px4_msgs/px4_msgs/msg/detail/satellite_info__rosidl_typesupport_introspection_c.h\n'}
[2.377181] (px4_msgs) StdoutLine: {'line': b'-- Up-to-date: /home/rschnurr/SkyClaw-Team1/ros2_ws/install/px4_msgs/include/px4_msgs/px4_msgs/msg/detail/pwm_input__rosidl_typesupport_introspection_c.h\n'}
[2.377215] (px4_msgs) StdoutLine: {'line': b'-- Up-to-date: /home/rschnurr/SkyClaw-Team1/ros2_ws/install/px4_msgs/include/px4_msgs/px4_msgs/msg/detail/debug_vect__rosidl_typesupport_introspection_c.h\n'}
[2.377243] (px4_msgs) StdoutLine: {'line': b'-- Up-to-date: /home/rschnurr/SkyClaw-Team1/ros2_ws/install/px4_msgs/include/px4_msgs/px4_msgs/msg/detail/flight_phase_estimation__type_support.c\n'}
[2.377270] (px4_msgs) StdoutLine: {'line': b'-- Up-to-date: /home/rschnurr/SkyClaw-Team1/ros2_ws/install/px4_msgs/include/px4_msgs/px4_msgs/msg/detail/estimator_bias3d__rosidl_typesupport_introspection_c.h\n'}
[2.377298] (px4_msgs) StdoutLine: {'line': b'-- Up-to-date: /home/rschnurr/SkyClaw-Team1/ros2_ws/install/px4_msgs/include/px4_msgs/px4_msgs/msg/detail/takeoff_status__type_support.c\n'}
[2.377326] (px4_msgs) StdoutLine: {'line': b'-- Up-to-date: /home/rschnurr/SkyClaw-Team1/ros2_ws/install/px4_msgs/include/px4_msgs/px4_msgs/msg/detail/sensors_status_imu__type_support.c\n'}
[2.377368] (px4_msgs) StdoutLine: {'line': b'-- Up-to-date: /home/rschnurr/SkyClaw-Team1/ros2_ws/install/px4_msgs/include/px4_msgs/px4_msgs/msg/detail/irlock_report__rosidl_typesupport_introspection_c.h\n'}
[2.377400] (px4_msgs) StdoutLine: {'line': b'-- Up-to-date: /home/rschnurr/SkyClaw-Team1/ros2_ws/install/px4_msgs/include/px4_msgs/px4_msgs/msg/detail/position_setpoint__type_support.c\n'}
[2.377430] (px4_msgs) StdoutLine: {'line': b'-- Up-to-date: /home/rschnurr/SkyClaw-Team1/ros2_ws/install/px4_msgs/include/px4_msgs/px4_msgs/msg/detail/orbit_status__type_support.c\n'}
[2.377459] (px4_msgs) StdoutLine: {'line': b'-- Up-to-date: /home/rschnurr/SkyClaw-Team1/ros2_ws/install/px4_msgs/include/px4_msgs/px4_msgs/msg/detail/rpm__rosidl_typesupport_introspection_c.h\n'}
[2.377486] (px4_msgs) StdoutLine: {'line': b'-- Up-to-date: /home/rschnurr/SkyClaw-Team1/ros2_ws/install/px4_msgs/include/px4_msgs/px4_msgs/msg/detail/parameter_set_value_response__type_support.c\n'}
[2.377514] (px4_msgs) StdoutLine: {'line': b'-- Up-to-date: /home/rschnurr/SkyClaw-Team1/ros2_ws/install/px4_msgs/include/px4_msgs/px4_msgs/msg/detail/rate_ctrl_status__rosidl_typesupport_introspection_c.h\n'}
[2.377545] (px4_msgs) StdoutLine: {'line': b'-- Up-to-date: /home/rschnurr/SkyClaw-Team1/ros2_ws/install/px4_msgs/include/px4_msgs/px4_msgs/msg/detail/mission__rosidl_typesupport_introspection_c.h\n'}
[2.377572] (px4_msgs) StdoutLine: {'line': b'-- Up-to-date: /home/rschnurr/SkyClaw-Team1/ros2_ws/install/px4_msgs/include/px4_msgs/px4_msgs/msg/detail/sensor_optical_flow__rosidl_typesupport_introspection_c.h\n'}
[2.377599] (px4_msgs) StdoutLine: {'line': b'-- Up-to-date: /home/rschnurr/SkyClaw-Team1/ros2_ws/install/px4_msgs/include/px4_msgs/px4_msgs/msg/detail/sensor_airflow__rosidl_typesupport_introspection_c.h\n'}
[2.377627] (px4_msgs) StdoutLine: {'line': b'-- Up-to-date: /home/rschnurr/SkyClaw-Team1/ros2_ws/install/px4_msgs/include/px4_msgs/px4_msgs/msg/detail/event__rosidl_typesupport_introspection_c.h\n'}
[2.377655] (px4_msgs) StdoutLine: {'line': b'-- Up-to-date: /home/rschnurr/SkyClaw-Team1/ros2_ws/install/px4_msgs/include/px4_msgs/px4_msgs/msg/detail/actuator_controls_status__type_support.c\n'}
[2.377682] (px4_msgs) StdoutLine: {'line': b'-- Up-to-date: /home/rschnurr/SkyClaw-Team1/ros2_ws/install/px4_msgs/include/px4_msgs/px4_msgs/msg/detail/gpio_request__type_support.c\n'}
[2.377710] (px4_msgs) StdoutLine: {'line': b'-- Up-to-date: /home/rschnurr/SkyClaw-Team1/ros2_ws/install/px4_msgs/include/px4_msgs/px4_msgs/msg/detail/estimator_aid_source2d__rosidl_typesupport_introspection_c.h\n'}
[2.377738] (px4_msgs) StdoutLine: {'line': b'-- Up-to-date: /home/rschnurr/SkyClaw-Team1/ros2_ws/install/px4_msgs/include/px4_msgs/px4_msgs/msg/detail/autotune_attitude_control_status__type_support.c\n'}
[2.377766] (px4_msgs) StdoutLine: {'line': b'-- Up-to-date: /home/rschnurr/SkyClaw-Team1/ros2_ws/install/px4_msgs/include/px4_msgs/px4_msgs/msg/detail/home_position__type_support.c\n'}
[2.377793] (px4_msgs) StdoutLine: {'line': b'-- Up-to-date: /home/rschnurr/SkyClaw-Team1/ros2_ws/install/px4_msgs/include/px4_msgs/px4_msgs/msg/detail/mount_orientation__type_support.c\n'}
[2.377821] (px4_msgs) StdoutLine: {'line': b'-- Up-to-date: /home/rschnurr/SkyClaw-Team1/ros2_ws/install/px4_msgs/include/px4_msgs/px4_msgs/msg/detail/estimator_selector_status__rosidl_typesupport_introspection_c.h\n'}
[2.377849] (px4_msgs) StdoutLine: {'line': b'-- Up-to-date: /home/rschnurr/SkyClaw-Team1/ros2_ws/install/px4_msgs/include/px4_msgs/px4_msgs/msg/detail/position_controller_status__rosidl_typesupport_introspection_c.h\n'}
[2.377879] (px4_msgs) StdoutLine: {'line': b'-- Up-to-date: /home/rschnurr/SkyClaw-Team1/ros2_ws/install/px4_msgs/include/px4_msgs/px4_msgs/msg/detail/actuator_armed__type_support.c\n'}
[2.377907] (px4_msgs) StdoutLine: {'line': b'-- Up-to-date: /home/rschnurr/SkyClaw-Team1/ros2_ws/install/px4_msgs/include/px4_msgs/px4_msgs/msg/detail/vtol_vehicle_status__rosidl_typesupport_introspection_c.h\n'}
[2.377935] (px4_msgs) StdoutLine: {'line': b'-- Up-to-date: /home/rschnurr/SkyClaw-Team1/ros2_ws/install/px4_msgs/include/px4_msgs/px4_msgs/msg/detail/landing_gear_wheel__type_support.c\n'}
[2.377964] (px4_msgs) StdoutLine: {'line': b'-- Up-to-date: /home/rschnurr/SkyClaw-Team1/ros2_ws/install/px4_msgs/include/px4_msgs/px4_msgs/msg/detail/rover_rate_setpoint__type_support.c\n'}
[2.378006] (px4_msgs) StdoutLine: {'line': b'-- Up-to-date: /home/rschnurr/SkyClaw-Team1/ros2_ws/install/px4_msgs/include/px4_msgs/px4_msgs/msg/detail/power_button_state__rosidl_typesupport_introspection_c.h\n'}
[2.378036] (px4_msgs) StdoutLine: {'line': b'-- Up-to-date: /home/rschnurr/SkyClaw-Team1/ros2_ws/install/px4_msgs/include/px4_msgs/px4_msgs/msg/detail/gps_dump__type_support.c\n'}
[2.378065] (px4_msgs) StdoutLine: {'line': b'-- Up-to-date: /home/rschnurr/SkyClaw-Team1/ros2_ws/install/px4_msgs/include/px4_msgs/px4_msgs/msg/detail/gpio_config__type_support.c\n'}
[2.378092] (px4_msgs) StdoutLine: {'line': b'-- Up-to-date: /home/rschnurr/SkyClaw-Team1/ros2_ws/install/px4_msgs/include/px4_msgs/px4_msgs/msg/detail/manual_control_switches__rosidl_typesupport_introspection_c.h\n'}
[2.378197] (px4_msgs) StdoutLine: {'line': b'-- Up-to-date: /home/rschnurr/SkyClaw-Team1/ros2_ws/install/px4_msgs/include/px4_msgs/px4_msgs/msg/detail/actuator_servos__rosidl_typesupport_introspection_c.h\n'}
[2.378380] (px4_msgs) StdoutLine: {'line': b'-- Up-to-date: /home/rschnurr/SkyClaw-Team1/ros2_ws/install/px4_msgs/include/px4_msgs/px4_msgs/msg/detail/flight_phase_estimation__rosidl_typesupport_introspection_c.h\n'}
[2.378419] (px4_msgs) StdoutLine: {'line': b'-- Up-to-date: /home/rschnurr/SkyClaw-Team1/ros2_ws/install/px4_msgs/include/px4_msgs/px4_msgs/msg/detail/pwm_input__type_support.c\n'}
[2.378454] (px4_msgs) StdoutLine: {'line': b'-- Up-to-date: /home/rschnurr/SkyClaw-Team1/ros2_ws/install/px4_msgs/include/px4_msgs/px4_msgs/msg/detail/qshell_retval__type_support.c\n'}
[2.378486] (px4_msgs) StdoutLine: {'line': b'-- Up-to-date: /home/rschnurr/SkyClaw-Team1/ros2_ws/install/px4_msgs/include/px4_msgs/px4_msgs/msg/detail/obstacle_distance__rosidl_typesupport_introspection_c.h\n'}
[2.378517] (px4_msgs) StdoutLine: {'line': b'-- Up-to-date: /home/rschnurr/SkyClaw-Team1/ros2_ws/install/px4_msgs/include/px4_msgs/px4_msgs/msg/detail/rover_speed_status__type_support.c\n'}
[2.378547] (px4_msgs) StdoutLine: {'line': b'-- Up-to-date: /home/rschnurr/SkyClaw-Team1/ros2_ws/install/px4_msgs/include/px4_msgs/px4_msgs/msg/detail/mavlink_tunnel__rosidl_typesupport_introspection_c.h\n'}
[2.378578] (px4_msgs) StdoutLine: {'line': b'-- Up-to-date: /home/rschnurr/SkyClaw-Team1/ros2_ws/install/px4_msgs/include/px4_msgs/px4_msgs/msg/detail/actuator_test__rosidl_typesupport_introspection_c.h\n'}
[2.378609] (px4_msgs) StdoutLine: {'line': b'-- Up-to-date: /home/rschnurr/SkyClaw-Team1/ros2_ws/install/px4_msgs/include/px4_msgs/px4_msgs/msg/detail/ekf2_timestamps__rosidl_typesupport_introspection_c.h\n'}
[2.378641] (px4_msgs) StdoutLine: {'line': b'-- Up-to-date: /home/rschnurr/SkyClaw-Team1/ros2_ws/install/px4_msgs/include/px4_msgs/px4_msgs/msg/detail/parameter_set_used_request__rosidl_typesupport_introspection_c.h\n'}
[2.378672] (px4_msgs) StdoutLine: {'line': b'-- Up-to-date: /home/rschnurr/SkyClaw-Team1/ros2_ws/install/px4_msgs/include/px4_msgs/px4_msgs/msg/detail/estimator_innovations__type_support.c\n'}
[2.378702] (px4_msgs) StdoutLine: {'line': b'-- Up-to-date: /home/rschnurr/SkyClaw-Team1/ros2_ws/install/px4_msgs/include/px4_msgs/px4_msgs/msg/detail/geofence_status__type_support.c\n'}
[2.378733] (px4_msgs) StdoutLine: {'line': b'-- Up-to-date: /home/rschnurr/SkyClaw-Team1/ros2_ws/install/px4_msgs/include/px4_msgs/px4_msgs/msg/detail/parameter_update__type_support.c\n'}
[2.378762] (px4_msgs) StdoutLine: {'line': b'-- Up-to-date: /home/rschnurr/SkyClaw-Team1/ros2_ws/install/px4_msgs/include/px4_msgs/px4_msgs/msg/detail/vehicle_imu__rosidl_typesupport_introspection_c.h\n'}
[2.378790] (px4_msgs) StdoutLine: {'line': b'-- Up-to-date: /home/rschnurr/SkyClaw-Team1/ros2_ws/install/px4_msgs/include/px4_msgs/px4_msgs/msg/detail/wheel_encoders__rosidl_typesupport_introspection_c.h\n'}
[2.378819] (px4_msgs) StdoutLine: {'line': b'-- Up-to-date: /home/rschnurr/SkyClaw-Team1/ros2_ws/install/px4_msgs/include/px4_msgs/px4_msgs/msg/detail/open_drone_id_operator_id__rosidl_typesupport_introspection_c.h\n'}
[2.378849] (px4_msgs) StdoutLine: {'line': b'-- Up-to-date: /home/rschnurr/SkyClaw-Team1/ros2_ws/install/px4_msgs/include/px4_msgs/px4_msgs/msg/detail/fixed_wing_lateral_setpoint__type_support.c\n'}
[2.378877] (px4_msgs) StdoutLine: {'line': b'-- Up-to-date: /home/rschnurr/SkyClaw-Team1/ros2_ws/install/px4_msgs/include/px4_msgs/px4_msgs/msg/detail/battery_info__type_support.c\n'}
[2.378907] (px4_msgs) StdoutLine: {'line': b'-- Up-to-date: /home/rschnurr/SkyClaw-Team1/ros2_ws/install/px4_msgs/include/px4_msgs/px4_msgs/msg/detail/debug_vect__type_support.c\n'}
[2.378936] (px4_msgs) StdoutLine: {'line': b'-- Up-to-date: /home/rschnurr/SkyClaw-Team1/ros2_ws/install/px4_msgs/include/px4_msgs/px4_msgs/msg/detail/camera_trigger__type_support.c\n'}
[2.378966] (px4_msgs) StdoutLine: {'line': b'-- Up-to-date: /home/rschnurr/SkyClaw-Team1/ros2_ws/install/px4_msgs/include/px4_msgs/px4_msgs/msg/detail/control_allocator_status__rosidl_typesupport_introspection_c.h\n'}
[2.379002] (px4_msgs) StdoutLine: {'line': b'-- Up-to-date: /home/rschnurr/SkyClaw-Team1/ros2_ws/install/px4_msgs/include/px4_msgs/px4_msgs/msg/detail/fuel_tank_status__type_support.c\n'}
[2.379033] (px4_msgs) StdoutLine: {'line': b'-- Up-to-date: /home/rschnurr/SkyClaw-Team1/ros2_ws/install/px4_msgs/include/px4_msgs/px4_msgs/msg/detail/tune_control__type_support.c\n'}
[2.379071] (px4_msgs) StdoutLine: {'line': b'-- Up-to-date: /home/rschnurr/SkyClaw-Team1/ros2_ws/install/px4_msgs/include/px4_msgs/px4_msgs/msg/detail/position_controller_landing_status__type_support.c\n'}
[2.379102] (px4_msgs) StdoutLine: {'line': b'-- Up-to-date: /home/rschnurr/SkyClaw-Team1/ros2_ws/install/px4_msgs/include/px4_msgs/px4_msgs/msg/detail/adc_report__type_support.c\n'}
[2.379129] (px4_msgs) StdoutLine: {'line': b'-- Up-to-date: /home/rschnurr/SkyClaw-Team1/ros2_ws/install/px4_msgs/include/px4_msgs/px4_msgs/msg/detail/follow_target_status__type_support.c\n'}
[2.379163] (px4_msgs) StdoutLine: {'line': b'-- Up-to-date: /home/rschnurr/SkyClaw-Team1/ros2_ws/install/px4_msgs/include/px4_msgs/px4_msgs/msg/detail/vehicle_odometry__type_support.c\n'}
[2.379191] (px4_msgs) StdoutLine: {'line': b'-- Up-to-date: /home/rschnurr/SkyClaw-Team1/ros2_ws/install/px4_msgs/include/px4_msgs/px4_msgs/msg/detail/vehicle_constraints__type_support.c\n'}
[2.379226] (px4_msgs) StdoutLine: {'line': b'-- Up-to-date: /home/rschnurr/SkyClaw-Team1/ros2_ws/install/px4_msgs/include/px4_msgs/px4_msgs/msg/detail/mavlink_log__type_support.c\n'}
[2.379254] (px4_msgs) StdoutLine: {'line': b'-- Up-to-date: /home/rschnurr/SkyClaw-Team1/ros2_ws/install/px4_msgs/include/px4_msgs/px4_msgs/msg/detail/vehicle_control_mode__type_support.c\n'}
[2.379282] (px4_msgs) StdoutLine: {'line': b'-- Up-to-date: /home/rschnurr/SkyClaw-Team1/ros2_ws/install/px4_msgs/include/px4_msgs/px4_msgs/msg/detail/pure_pursuit_status__rosidl_typesupport_introspection_c.h\n'}
[2.379330] (px4_msgs) StdoutLine: {'line': b'-- Up-to-date: /home/rschnurr/SkyClaw-Team1/ros2_ws/install/px4_msgs/include/px4_msgs/px4_msgs/msg/detail/action_request__rosidl_typesupport_introspection_c.h\n'}
[2.379361] (px4_msgs) StdoutLine: {'line': b'-- Up-to-date: /home/rschnurr/SkyClaw-Team1/ros2_ws/install/px4_msgs/include/px4_msgs/px4_msgs/msg/detail/dataman_response__rosidl_typesupport_introspection_c.h\n'}
[2.379391] (px4_msgs) StdoutLine: {'line': b'-- Up-to-date: /home/rschnurr/SkyClaw-Team1/ros2_ws/install/px4_msgs/include/px4_msgs/px4_msgs/msg/detail/position_setpoint_triplet__rosidl_typesupport_introspection_c.h\n'}
[2.379413] (px4_msgs) StdoutLine: {'line': b'-- Up-to-date: /home/rschnurr/SkyClaw-Team1/ros2_ws/install/px4_msgs/include/px4_msgs/px4_msgs/msg/detail/lateral_control_configuration__rosidl_typesupport_introspection_c.h\n'}
[2.379437] (px4_msgs) StdoutLine: {'line': b'-- Up-to-date: /home/rschnurr/SkyClaw-Team1/ros2_ws/install/px4_msgs/include/px4_msgs/px4_msgs/msg/detail/sensor_gps__type_support.c\n'}
[2.379462] (px4_msgs) StdoutLine: {'line': b'-- Up-to-date: /home/rschnurr/SkyClaw-Team1/ros2_ws/install/px4_msgs/include/px4_msgs/px4_msgs/msg/detail/internal_combustion_engine_control__type_support.c\n'}
[2.379483] (px4_msgs) StdoutLine: {'line': b'-- Up-to-date: /home/rschnurr/SkyClaw-Team1/ros2_ws/install/px4_msgs/include/px4_msgs/px4_msgs/msg/detail/normalized_unsigned_setpoint__type_support.c\n'}
[2.379505] (px4_msgs) StdoutLine: {'line': b'-- Up-to-date: /home/rschnurr/SkyClaw-Team1/ros2_ws/install/px4_msgs/include/px4_msgs/px4_msgs/msg/detail/sensor_selection__rosidl_typesupport_introspection_c.h\n'}
[2.379526] (px4_msgs) StdoutLine: {'line': b'-- Up-to-date: /home/rschnurr/SkyClaw-Team1/ros2_ws/install/px4_msgs/include/px4_msgs/px4_msgs/msg/detail/gimbal_device_set_attitude__type_support.c\n'}
[2.379547] (px4_msgs) StdoutLine: {'line': b'-- Up-to-date: /home/rschnurr/SkyClaw-Team1/ros2_ws/install/px4_msgs/include/px4_msgs/px4_msgs/msg/detail/wheel_encoders__type_support.c\n'}
[2.379568] (px4_msgs) StdoutLine: {'line': b'-- Up-to-date: /home/rschnurr/SkyClaw-Team1/ros2_ws/install/px4_msgs/include/px4_msgs/px4_msgs/msg/detail/vehicle_command__type_support.c\n'}
[2.379592] (px4_msgs) StdoutLine: {'line': b'-- Up-to-date: /home/rschnurr/SkyClaw-Team1/ros2_ws/install/px4_msgs/include/px4_msgs/px4_msgs/msg/detail/follow_target_estimator__rosidl_typesupport_introspection_c.h\n'}
[2.379612] (px4_msgs) StdoutLine: {'line': b'-- Up-to-date: /home/rschnurr/SkyClaw-Team1/ros2_ws/install/px4_msgs/include/px4_msgs/px4_msgs/msg/detail/register_ext_component_request__type_support.c\n'}
[2.379636] (px4_msgs) StdoutLine: {'line': b'-- Up-to-date: /home/rschnurr/SkyClaw-Team1/ros2_ws/install/px4_msgs/include/px4_msgs/px4_msgs/msg/detail/vehicle_attitude__rosidl_typesupport_introspection_c.h\n'}
[2.379695] (px4_msgs) StdoutLine: {'line': b'-- Up-to-date: /home/rschnurr/SkyClaw-Team1/ros2_ws/install/px4_msgs/include/px4_msgs/px4_msgs/msg/detail/onboard_computer_status__type_support.c\n'}
[2.379785] (px4_msgs) StdoutLine: {'line': b'-- Up-to-date: /home/rschnurr/SkyClaw-Team1/ros2_ws/install/px4_msgs/include/px4_msgs/px4_msgs/msg/detail/estimator_sensor_bias__type_support.c\n'}
[2.379825] (px4_msgs) StdoutLine: {'line': b'-- Up-to-date: /home/rschnurr/SkyClaw-Team1/ros2_ws/install/px4_msgs/include/px4_msgs/px4_msgs/msg/detail/vehicle_global_position__rosidl_typesupport_introspection_c.h\n'}
[2.379905] (px4_msgs) StdoutLine: {'line': b'-- Up-to-date: /home/rschnurr/SkyClaw-Team1/ros2_ws/install/px4_msgs/include/px4_msgs/px4_msgs/msg/detail/rover_speed_setpoint__rosidl_typesupport_introspection_c.h\n'}
[2.379949] (px4_msgs) StdoutLine: {'line': b'-- Up-to-date: /home/rschnurr/SkyClaw-Team1/ros2_ws/install/px4_msgs/include/px4_msgs/px4_msgs/msg/detail/rtl_time_estimate__rosidl_typesupport_introspection_c.h\n'}
[2.379999] (px4_msgs) StdoutLine: {'line': b'-- Up-to-date: /home/rschnurr/SkyClaw-Team1/ros2_ws/install/px4_msgs/include/px4_msgs/px4_msgs/msg/detail/vehicle_status__type_support.c\n'}
[2.380068] (px4_msgs) StdoutLine: {'line': b'-- Up-to-date: /home/rschnurr/SkyClaw-Team1/ros2_ws/install/px4_msgs/include/px4_msgs/px4_msgs/msg/detail/input_rc__rosidl_typesupport_introspection_c.h\n'}
[2.380105] (px4_msgs) StdoutLine: {'line': b'-- Up-to-date: /home/rschnurr/SkyClaw-Team1/ros2_ws/install/px4_msgs/include/px4_msgs/px4_msgs/msg/detail/estimator_status_flags__type_support.c\n'}
[2.380138] (px4_msgs) StdoutLine: {'line': b'-- Up-to-date: /home/rschnurr/SkyClaw-Team1/ros2_ws/install/px4_msgs/include/px4_msgs/px4_msgs/msg/detail/actuator_test__type_support.c\n'}
[2.380168] (px4_msgs) StdoutLine: {'line': b'-- Up-to-date: /home/rschnurr/SkyClaw-Team1/ros2_ws/install/px4_msgs/include/px4_msgs/px4_msgs/msg/detail/sensor_uwb__type_support.c\n'}
[2.380199] (px4_msgs) StdoutLine: {'line': b'-- Up-to-date: /home/rschnurr/SkyClaw-Team1/ros2_ws/install/px4_msgs/include/px4_msgs/px4_msgs/msg/detail/lateral_control_configuration__type_support.c\n'}
[2.380227] (px4_msgs) StdoutLine: {'line': b'-- Up-to-date: /home/rschnurr/SkyClaw-Team1/ros2_ws/install/px4_msgs/include/px4_msgs/px4_msgs/msg/detail/estimator_aid_source1d__type_support.c\n'}
[2.380256] (px4_msgs) StdoutLine: {'line': b'-- Up-to-date: /home/rschnurr/SkyClaw-Team1/ros2_ws/install/px4_msgs/include/px4_msgs/px4_msgs/msg/detail/iridiumsbd_status__rosidl_typesupport_introspection_c.h\n'}
[2.380285] (px4_msgs) StdoutLine: {'line': b'-- Up-to-date: /home/rschnurr/SkyClaw-Team1/ros2_ws/install/px4_msgs/include/px4_msgs/px4_msgs/msg/detail/vehicle_constraints__rosidl_typesupport_introspection_c.h\n'}
[2.380381] (px4_msgs) StdoutLine: {'line': b'-- Up-to-date: /home/rschnurr/SkyClaw-Team1/ros2_ws/install/px4_msgs/include/px4_msgs/px4_msgs/msg/detail/timesync_status__type_support.c\n'}
[2.380434] (px4_msgs) StdoutLine: {'line': b'-- Up-to-date: /home/rschnurr/SkyClaw-Team1/ros2_ws/install/px4_msgs/include/px4_msgs/px4_msgs/msg/detail/sensor_gyro__type_support.c\n'}
[2.380470] (px4_msgs) StdoutLine: {'line': b'-- Up-to-date: /home/rschnurr/SkyClaw-Team1/ros2_ws/install/px4_msgs/include/px4_msgs/px4_msgs/msg/detail/camera_capture__type_support.c\n'}
[2.380504] (px4_msgs) StdoutLine: {'line': b'-- Up-to-date: /home/rschnurr/SkyClaw-Team1/ros2_ws/install/px4_msgs/include/px4_msgs/px4_msgs/msg/detail/qshell_req__type_support.c\n'}
[2.380544] (px4_msgs) StdoutLine: {'line': b'-- Up-to-date: /home/rschnurr/SkyClaw-Team1/ros2_ws/install/px4_msgs/include/px4_msgs/px4_msgs/msg/detail/rc_parameter_map__type_support.c\n'}
[2.380576] (px4_msgs) StdoutLine: {'line': b'-- Up-to-date: /home/rschnurr/SkyClaw-Team1/ros2_ws/install/px4_msgs/include/px4_msgs/px4_msgs/msg/detail/distance_sensor__rosidl_typesupport_introspection_c.h\n'}
[2.380607] (px4_msgs) StdoutLine: {'line': b'-- Up-to-date: /home/rschnurr/SkyClaw-Team1/ros2_ws/install/px4_msgs/include/px4_msgs/px4_msgs/msg/detail/tiltrotor_extra_controls__rosidl_typesupport_introspection_c.h\n'}
[2.380637] (px4_msgs) StdoutLine: {'line': b'-- Up-to-date: /home/rschnurr/SkyClaw-Team1/ros2_ws/install/px4_msgs/include/px4_msgs/px4_msgs/msg/detail/rover_rate_status__rosidl_typesupport_introspection_c.h\n'}
[2.380667] (px4_msgs) StdoutLine: {'line': b'-- Up-to-date: /home/rschnurr/SkyClaw-Team1/ros2_ws/install/px4_msgs/include/px4_msgs/px4_msgs/msg/detail/gimbal_device_information__type_support.c\n'}
[2.380699] (px4_msgs) StdoutLine: {'line': b'-- Up-to-date: /home/rschnurr/SkyClaw-Team1/ros2_ws/install/px4_msgs/include/px4_msgs/px4_msgs/msg/detail/ulog_stream_ack__type_support.c\n'}
[2.380730] (px4_msgs) StdoutLine: {'line': b'-- Up-to-date: /home/rschnurr/SkyClaw-Team1/ros2_ws/install/px4_msgs/include/px4_msgs/px4_msgs/msg/detail/position_controller_landing_status__rosidl_typesupport_introspection_c.h\n'}
[2.380764] (px4_msgs) StdoutLine: {'line': b'-- Up-to-date: /home/rschnurr/SkyClaw-Team1/ros2_ws/install/px4_msgs/include/px4_msgs/px4_msgs/msg/detail/vehicle_attitude__type_support.c\n'}
[2.380795] (px4_msgs) StdoutLine: {'line': b'-- Up-to-date: /home/rschnurr/SkyClaw-Team1/ros2_ws/install/px4_msgs/include/px4_msgs/px4_msgs/msg/detail/gimbal_manager_set_attitude__type_support.c\n'}
[2.380827] (px4_msgs) StdoutLine: {'line': b'-- Up-to-date: /home/rschnurr/SkyClaw-Team1/ros2_ws/install/px4_msgs/include/px4_msgs/px4_msgs/msg/detail/sensor_correction__rosidl_typesupport_introspection_c.h\n'}
[2.380860] (px4_msgs) StdoutLine: {'line': b'-- Up-to-date: /home/rschnurr/SkyClaw-Team1/ros2_ws/install/px4_msgs/include/px4_msgs/px4_msgs/msg/detail/arming_check_reply__rosidl_typesupport_introspection_c.h\n'}
[2.380890] (px4_msgs) StdoutLine: {'line': b'-- Up-to-date: /home/rschnurr/SkyClaw-Team1/ros2_ws/install/px4_msgs/include/px4_msgs/px4_msgs/msg/detail/airspeed_wind__type_support.c\n'}
[2.380920] (px4_msgs) StdoutLine: {'line': b'-- Up-to-date: /home/rschnurr/SkyClaw-Team1/ros2_ws/install/px4_msgs/include/px4_msgs/px4_msgs/msg/detail/dataman_request__type_support.c\n'}
[2.380954] (px4_msgs) StdoutLine: {'line': b'-- Up-to-date: /home/rschnurr/SkyClaw-Team1/ros2_ws/install/px4_msgs/include/px4_msgs/px4_msgs/msg/detail/battery_status__rosidl_typesupport_introspection_c.h\n'}
[2.380991] (px4_msgs) StdoutLine: {'line': b'-- Up-to-date: /home/rschnurr/SkyClaw-Team1/ros2_ws/install/px4_msgs/include/px4_msgs/px4_msgs/msg/detail/fixed_wing_longitudinal_setpoint__rosidl_typesupport_introspection_c.h\n'}
[2.381031] (px4_msgs) StdoutLine: {'line': b'-- Up-to-date: /home/rschnurr/SkyClaw-Team1/ros2_ws/install/px4_msgs/include/px4_msgs/px4_msgs/msg/detail/trajectory_setpoint__rosidl_typesupport_introspection_c.h\n'}
[2.381063] (px4_msgs) StdoutLine: {'line': b'-- Up-to-date: /home/rschnurr/SkyClaw-Team1/ros2_ws/install/px4_msgs/include/px4_msgs/px4_msgs/msg/detail/sensor_gps__rosidl_typesupport_introspection_c.h\n'}
[2.381095] (px4_msgs) StdoutLine: {'line': b'-- Up-to-date: /home/rschnurr/SkyClaw-Team1/ros2_ws/install/px4_msgs/include/px4_msgs/px4_msgs/msg/detail/sensor_combined__rosidl_typesupport_introspection_c.h\n'}
[2.381125] (px4_msgs) StdoutLine: {'line': b'-- Up-to-date: /home/rschnurr/SkyClaw-Team1/ros2_ws/install/px4_msgs/include/px4_msgs/px4_msgs/msg/detail/yaw_estimator_status__type_support.c\n'}
[2.381157] (px4_msgs) StdoutLine: {'line': b'-- Up-to-date: /home/rschnurr/SkyClaw-Team1/ros2_ws/install/px4_msgs/include/px4_msgs/px4_msgs/msg/detail/ping__type_support.c\n'}
[2.381192] (px4_msgs) StdoutLine: {'line': b'-- Up-to-date: /home/rschnurr/SkyClaw-Team1/ros2_ws/install/px4_msgs/include/px4_msgs/px4_msgs/msg/detail/actuator_outputs__type_support.c\n'}
[2.381223] (px4_msgs) StdoutLine: {'line': b'-- Up-to-date: /home/rschnurr/SkyClaw-Team1/ros2_ws/install/px4_msgs/include/px4_msgs/px4_msgs/msg/detail/heater_status__type_support.c\n'}
[2.381255] (px4_msgs) StdoutLine: {'line': b'-- Up-to-date: /home/rschnurr/SkyClaw-Team1/ros2_ws/install/px4_msgs/include/px4_msgs/px4_msgs/msg/detail/system_power__type_support.c\n'}
[2.381287] (px4_msgs) StdoutLine: {'line': b'-- Up-to-date: /home/rschnurr/SkyClaw-Team1/ros2_ws/install/px4_msgs/include/px4_msgs/px4_msgs/msg/detail/follow_target_status__rosidl_typesupport_introspection_c.h\n'}
[2.381320] (px4_msgs) StdoutLine: {'line': b'-- Up-to-date: /home/rschnurr/SkyClaw-Team1/ros2_ws/install/px4_msgs/include/px4_msgs/px4_msgs/msg/detail/landing_gear_wheel__rosidl_typesupport_introspection_c.h\n'}
[2.381354] (px4_msgs) StdoutLine: {'line': b'-- Up-to-date: /home/rschnurr/SkyClaw-Team1/ros2_ws/install/px4_msgs/include/px4_msgs/px4_msgs/msg/detail/longitudinal_control_configuration__rosidl_typesupport_introspection_c.h\n'}
[2.381387] (px4_msgs) StdoutLine: {'line': b'-- Up-to-date: /home/rschnurr/SkyClaw-Team1/ros2_ws/install/px4_msgs/include/px4_msgs/px4_msgs/msg/detail/vehicle_command__rosidl_typesupport_introspection_c.h\n'}
[2.381417] (px4_msgs) StdoutLine: {'line': b'-- Up-to-date: /home/rschnurr/SkyClaw-Team1/ros2_ws/install/px4_msgs/include/px4_msgs/px4_msgs/msg/detail/estimator_bias3d__type_support.c\n'}
[2.381446] (px4_msgs) StdoutLine: {'line': b'-- Up-to-date: /home/rschnurr/SkyClaw-Team1/ros2_ws/install/px4_msgs/include/px4_msgs/px4_msgs/msg/detail/button_event__rosidl_typesupport_introspection_c.h\n'}
[2.381477] (px4_msgs) StdoutLine: {'line': b'-- Up-to-date: /home/rschnurr/SkyClaw-Team1/ros2_ws/install/px4_msgs/include/px4_msgs/px4_msgs/msg/detail/register_ext_component_request__rosidl_typesupport_introspection_c.h\n'}
[2.381505] (px4_msgs) StdoutLine: {'line': b'-- Up-to-date: /home/rschnurr/SkyClaw-Team1/ros2_ws/install/px4_msgs/include/px4_msgs/px4_msgs/msg/detail/vehicle_magnetometer__rosidl_typesupport_introspection_c.h\n'}
[2.381534] (px4_msgs) StdoutLine: {'line': b'-- Up-to-date: /home/rschnurr/SkyClaw-Team1/ros2_ws/install/px4_msgs/include/px4_msgs/px4_msgs/msg/detail/ulog_stream_ack__rosidl_typesupport_introspection_c.h\n'}
[2.381563] (px4_msgs) StdoutLine: {'line': b'-- Up-to-date: /home/rschnurr/SkyClaw-Team1/ros2_ws/install/px4_msgs/include/px4_msgs/px4_msgs/msg/detail/gps_inject_data__rosidl_typesupport_introspection_c.h\n'}
[2.381592] (px4_msgs) StdoutLine: {'line': b'-- Up-to-date: /home/rschnurr/SkyClaw-Team1/ros2_ws/install/px4_msgs/include/px4_msgs/px4_msgs/msg/detail/rc_channels__type_support.c\n'}
[2.381622] (px4_msgs) StdoutLine: {'line': b'-- Up-to-date: /home/rschnurr/SkyClaw-Team1/ros2_ws/install/px4_msgs/include/px4_msgs/px4_msgs/msg/detail/arming_check_reply__type_support.c\n'}
[2.381659] (px4_msgs) StdoutLine: {'line': b'-- Up-to-date: /home/rschnurr/SkyClaw-Team1/ros2_ws/install/px4_msgs/include/px4_msgs/px4_msgs/msg/detail/open_drone_id_arm_status__rosidl_typesupport_introspection_c.h\n'}
[2.381746] (px4_msgs) StdoutLine: {'line': b'-- Up-to-date: /home/rschnurr/SkyClaw-Team1/ros2_ws/install/px4_msgs/include/px4_msgs/px4_msgs/msg/detail/can_interface_status__type_support.c\n'}
[2.381828] (px4_msgs) StdoutLine: {'line': b'-- Up-to-date: /home/rschnurr/SkyClaw-Team1/ros2_ws/install/px4_msgs/include/px4_msgs/px4_msgs/msg/detail/dataman_response__type_support.c\n'}
[2.381873] (px4_msgs) StdoutLine: {'line': b'-- Up-to-date: /home/rschnurr/SkyClaw-Team1/ros2_ws/install/px4_msgs/include/px4_msgs/px4_msgs/msg/detail/open_drone_id_self_id__rosidl_typesupport_introspection_c.h\n'}
[2.381946] (px4_msgs) StdoutLine: {'line': b'-- Up-to-date: /home/rschnurr/SkyClaw-Team1/ros2_ws/install/px4_msgs/include/px4_msgs/px4_msgs/msg/detail/trajectory_setpoint__type_support.c\n'}
[2.382009] (px4_msgs) StdoutLine: {'line': b'-- Up-to-date: /home/rschnurr/SkyClaw-Team1/ros2_ws/install/px4_msgs/include/px4_msgs/px4_msgs/msg/detail/position_setpoint__rosidl_typesupport_introspection_c.h\n'}
[2.382057] (px4_msgs) StdoutLine: {'line': b'-- Up-to-date: /home/rschnurr/SkyClaw-Team1/ros2_ws/install/px4_msgs/include/px4_msgs/px4_msgs/msg/detail/actuator_outputs__rosidl_typesupport_introspection_c.h\n'}
[2.382177] (px4_msgs) StdoutLine: {'line': b'-- Up-to-date: /home/rschnurr/SkyClaw-Team1/ros2_ws/install/px4_msgs/include/px4_msgs/px4_msgs/msg/detail/vehicle_optical_flow_vel__rosidl_typesupport_introspection_c.h\n'}
[2.382247] (px4_msgs) StdoutLine: {'line': b'-- Up-to-date: /home/rschnurr/SkyClaw-Team1/ros2_ws/install/px4_msgs/include/px4_msgs/px4_msgs/msg/detail/orb_test__type_support.c\n'}
[2.382318] (px4_msgs) StdoutLine: {'line': b'-- Up-to-date: /home/rschnurr/SkyClaw-Team1/ros2_ws/install/px4_msgs/include/px4_msgs/px4_msgs/msg/detail/led_control__type_support.c\n'}
[2.382361] (px4_msgs) StdoutLine: {'line': b'-- Up-to-date: /home/rschnurr/SkyClaw-Team1/ros2_ws/install/px4_msgs/include/px4_msgs/px4_msgs/msg/detail/fixed_wing_lateral_status__rosidl_typesupport_introspection_c.h\n'}
[2.382395] (px4_msgs) StdoutLine: {'line': b'-- Up-to-date: /home/rschnurr/SkyClaw-Team1/ros2_ws/install/px4_msgs/include/px4_msgs/px4_msgs/msg/detail/mode_completed__rosidl_typesupport_introspection_c.h\n'}
[2.382428] (px4_msgs) StdoutLine: {'line': b'-- Up-to-date: /home/rschnurr/SkyClaw-Team1/ros2_ws/install/px4_msgs/include/px4_msgs/px4_msgs/msg/detail/parameter_reset_request__rosidl_typesupport_introspection_c.h\n'}
[2.382461] (px4_msgs) StdoutLine: {'line': b'-- Up-to-date: /home/rschnurr/SkyClaw-Team1/ros2_ws/install/px4_msgs/include/px4_msgs/px4_msgs/msg/detail/dataman_request__rosidl_typesupport_introspection_c.h\n'}
[2.382560] (px4_msgs) StdoutLine: {'line': b'-- Up-to-date: /home/rschnurr/SkyClaw-Team1/ros2_ws/install/px4_msgs/include/px4_msgs/px4_msgs/msg/detail/estimator_innovations__rosidl_typesupport_introspection_c.h\n'}
[2.382609] (px4_msgs) StdoutLine: {'line': b'-- Up-to-date: /home/rschnurr/SkyClaw-Team1/ros2_ws/install/px4_msgs/include/px4_msgs/px4_msgs/msg/detail/gimbal_manager_status__rosidl_typesupport_introspection_c.h\n'}
[2.382647] (px4_msgs) StdoutLine: {'line': b'-- Up-to-date: /home/rschnurr/SkyClaw-Team1/ros2_ws/install/px4_msgs/include/px4_msgs/px4_msgs/msg/detail/parameter_set_value_request__rosidl_typesupport_introspection_c.h\n'}
[2.382682] (px4_msgs) StdoutLine: {'line': b'-- Up-to-date: /home/rschnurr/SkyClaw-Team1/ros2_ws/install/px4_msgs/include/px4_msgs/px4_msgs/msg/detail/iridiumsbd_status__type_support.c\n'}
[2.382718] (px4_msgs) StdoutLine: {'line': b'-- Up-to-date: /home/rschnurr/SkyClaw-Team1/ros2_ws/install/px4_msgs/include/px4_msgs/px4_msgs/msg/detail/vehicle_roi__type_support.c\n'}
[2.382755] (px4_msgs) StdoutLine: {'line': b'-- Up-to-date: /home/rschnurr/SkyClaw-Team1/ros2_ws/install/px4_msgs/include/px4_msgs/px4_msgs/msg/detail/obstacle_distance__type_support.c\n'}
[2.382792] (px4_msgs) StdoutLine: {'line': b'-- Up-to-date: /home/rschnurr/SkyClaw-Team1/ros2_ws/install/px4_msgs/include/px4_msgs/px4_msgs/msg/detail/rc_parameter_map__rosidl_typesupport_introspection_c.h\n'}
[2.382826] (px4_msgs) StdoutLine: {'line': b'-- Up-to-date: /home/rschnurr/SkyClaw-Team1/ros2_ws/install/px4_msgs/include/px4_msgs/px4_msgs/msg/detail/gimbal_controls__rosidl_typesupport_introspection_c.h\n'}
[2.382860] (px4_msgs) StdoutLine: {'line': b'-- Up-to-date: /home/rschnurr/SkyClaw-Team1/ros2_ws/install/px4_msgs/include/px4_msgs/px4_msgs/msg/detail/fixed_wing_lateral_status__type_support.c\n'}
[2.382895] (px4_msgs) StdoutLine: {'line': b'-- Up-to-date: /home/rschnurr/SkyClaw-Team1/ros2_ws/install/px4_msgs/include/px4_msgs/px4_msgs/msg/detail/home_position__rosidl_typesupport_introspection_c.h\n'}
[2.382930] (px4_msgs) StdoutLine: {'line': b'-- Up-to-date: /home/rschnurr/SkyClaw-Team1/ros2_ws/install/px4_msgs/include/px4_msgs/px4_msgs/msg/detail/launch_detection_status__type_support.c\n'}
[2.382971] (px4_msgs) StdoutLine: {'line': b'-- Up-to-date: /home/rschnurr/SkyClaw-Team1/ros2_ws/install/px4_msgs/include/px4_msgs/px4_msgs/msg/detail/parameter_update__rosidl_typesupport_introspection_c.h\n'}
[2.383006] (px4_msgs) StdoutLine: {'line': b'-- Up-to-date: /home/rschnurr/SkyClaw-Team1/ros2_ws/install/px4_msgs/include/px4_msgs/px4_msgs/msg/detail/sensor_selection__type_support.c\n'}
[2.383039] (px4_msgs) StdoutLine: {'line': b'-- Up-to-date: /home/rschnurr/SkyClaw-Team1/ros2_ws/install/px4_msgs/include/px4_msgs/px4_msgs/msg/detail/ekf2_timestamps__type_support.c\n'}
[2.383069] (px4_msgs) StdoutLine: {'line': b'-- Up-to-date: /home/rschnurr/SkyClaw-Team1/ros2_ws/install/px4_msgs/include/px4_msgs/px4_msgs/msg/detail/gimbal_device_attitude_status__rosidl_typesupport_introspection_c.h\n'}
[2.383105] (px4_msgs) StdoutLine: {'line': b'-- Up-to-date: /home/rschnurr/SkyClaw-Team1/ros2_ws/install/px4_msgs/include/px4_msgs/px4_msgs/msg/detail/gripper__rosidl_typesupport_introspection_c.h\n'}
[2.383138] (px4_msgs) StdoutLine: {'line': b'-- Up-to-date: /home/rschnurr/SkyClaw-Team1/ros2_ws/install/px4_msgs/include/px4_msgs/px4_msgs/msg/detail/vehicle_optical_flow__rosidl_typesupport_introspection_c.h\n'}
[2.383168] (px4_msgs) StdoutLine: {'line': b'-- Up-to-date: /home/rschnurr/SkyClaw-Team1/ros2_ws/install/px4_msgs/include/px4_msgs/px4_msgs/msg/detail/gimbal_manager_information__type_support.c\n'}
[2.383200] (px4_msgs) StdoutLine: {'line': b'-- Up-to-date: /home/rschnurr/SkyClaw-Team1/ros2_ws/install/px4_msgs/include/px4_msgs/px4_msgs/msg/detail/cpuload__type_support.c\n'}
[2.383237] (px4_msgs) StdoutLine: {'line': b'-- Up-to-date: /home/rschnurr/SkyClaw-Team1/ros2_ws/install/px4_msgs/include/px4_msgs/px4_msgs/msg/detail/vehicle_thrust_setpoint__rosidl_typesupport_introspection_c.h\n'}
[2.383269] (px4_msgs) StdoutLine: {'line': b'-- Up-to-date: /home/rschnurr/SkyClaw-Team1/ros2_ws/install/px4_msgs/include/px4_msgs/px4_msgs/msg/detail/vehicle_acceleration__type_support.c\n'}
[2.383299] (px4_msgs) StdoutLine: {'line': b'-- Up-to-date: /home/rschnurr/SkyClaw-Team1/ros2_ws/install/px4_msgs/include/px4_msgs/px4_msgs/msg/detail/power_button_state__type_support.c\n'}
[2.383329] (px4_msgs) StdoutLine: {'line': b'-- Up-to-date: /home/rschnurr/SkyClaw-Team1/ros2_ws/install/px4_msgs/include/px4_msgs/px4_msgs/msg/detail/yaw_estimator_status__rosidl_typesupport_introspection_c.h\n'}
[2.383361] (px4_msgs) StdoutLine: {'line': b'-- Up-to-date: /home/rschnurr/SkyClaw-Team1/ros2_ws/install/px4_msgs/include/px4_msgs/px4_msgs/msg/detail/uavcan_parameter_value__rosidl_typesupport_introspection_c.h\n'}
[2.383392] (px4_msgs) StdoutLine: {'line': b'-- Up-to-date: /home/rschnurr/SkyClaw-Team1/ros2_ws/install/px4_msgs/include/px4_msgs/px4_msgs/msg/detail/gpio_in__rosidl_typesupport_introspection_c.h\n'}
[2.383424] (px4_msgs) StdoutLine: {'line': b'-- Up-to-date: /home/rschnurr/SkyClaw-Team1/ros2_ws/install/px4_msgs/include/px4_msgs/px4_msgs/msg/detail/task_stack_info__type_support.c\n'}
[2.383455] (px4_msgs) StdoutLine: {'line': b'-- Up-to-date: /home/rschnurr/SkyClaw-Team1/ros2_ws/install/px4_msgs/include/px4_msgs/px4_msgs/msg/detail/launch_detection_status__rosidl_typesupport_introspection_c.h\n'}
[2.383487] (px4_msgs) StdoutLine: {'line': b'-- Up-to-date: /home/rschnurr/SkyClaw-Team1/ros2_ws/install/px4_msgs/include/px4_msgs/px4_msgs/msg/detail/differential_pressure__rosidl_typesupport_introspection_c.h\n'}
[2.383520] (px4_msgs) StdoutLine: {'line': b'-- Up-to-date: /home/rschnurr/SkyClaw-Team1/ros2_ws/install/px4_msgs/include/px4_msgs/px4_msgs/msg/detail/sensor_gnss_relative__type_support.c\n'}
[2.383552] (px4_msgs) StdoutLine: {'line': b'-- Up-to-date: /home/rschnurr/SkyClaw-Team1/ros2_ws/install/px4_msgs/include/px4_msgs/px4_msgs/msg/detail/action_request__type_support.c\n'}
[2.383583] (px4_msgs) StdoutLine: {'line': b'-- Up-to-date: /home/rschnurr/SkyClaw-Team1/ros2_ws/install/px4_msgs/include/px4_msgs/px4_msgs/msg/detail/adc_report__rosidl_typesupport_introspection_c.h\n'}
[2.383615] (px4_msgs) StdoutLine: {'line': b'-- Up-to-date: /home/rschnurr/SkyClaw-Team1/ros2_ws/install/px4_msgs/include/px4_msgs/px4_msgs/msg/detail/control_allocator_status__type_support.c\n'}
[2.383651] (px4_msgs) StdoutLine: {'line': b'-- Up-to-date: /home/rschnurr/SkyClaw-Team1/ros2_ws/install/px4_msgs/include/px4_msgs/px4_msgs/msg/detail/sensor_gyro_fifo__type_support.c\n'}
[2.383683] (px4_msgs) StdoutLine: {'line': b'-- Up-to-date: /home/rschnurr/SkyClaw-Team1/ros2_ws/install/px4_msgs/include/px4_msgs/px4_msgs/msg/detail/sensor_gnss_status__type_support.c\n'}
[2.383715] (px4_msgs) StdoutLine: {'line': b'-- Up-to-date: /home/rschnurr/SkyClaw-Team1/ros2_ws/install/px4_msgs/include/px4_msgs/px4_msgs/msg/detail/tecs_status__rosidl_typesupport_introspection_c.h\n'}
[2.383747] (px4_msgs) StdoutLine: {'line': b'-- Up-to-date: /home/rschnurr/SkyClaw-Team1/ros2_ws/install/px4_msgs/include/px4_msgs/px4_msgs/msg/detail/manual_control_setpoint__type_support.c\n'}
[2.383778] (px4_msgs) StdoutLine: {'line': b'-- Up-to-date: /home/rschnurr/SkyClaw-Team1/ros2_ws/install/px4_msgs/include/px4_msgs/px4_msgs/msg/detail/goto_setpoint__rosidl_typesupport_introspection_c.h\n'}
[2.383810] (px4_msgs) StdoutLine: {'line': b'-- Up-to-date: /home/rschnurr/SkyClaw-Team1/ros2_ws/install/px4_msgs/include/px4_msgs/px4_msgs/msg/detail/mavlink_log__rosidl_typesupport_introspection_c.h\n'}
[2.383843] (px4_msgs) StdoutLine: {'line': b'-- Up-to-date: /home/rschnurr/SkyClaw-Team1/ros2_ws/install/px4_msgs/include/px4_msgs/px4_msgs/msg/detail/log_message__type_support.c\n'}
[2.383875] (px4_msgs) StdoutLine: {'line': b'-- Up-to-date: /home/rschnurr/SkyClaw-Team1/ros2_ws/install/px4_msgs/include/px4_msgs/px4_msgs/msg/detail/actuator_servos__type_support.c\n'}
[2.383907] (px4_msgs) StdoutLine: {'line': b'-- Up-to-date: /home/rschnurr/SkyClaw-Team1/ros2_ws/install/px4_msgs/include/px4_msgs/px4_msgs/msg/detail/vehicle_roi__rosidl_typesupport_introspection_c.h\n'}
[2.383975] (px4_msgs) StdoutLine: {'line': b'-- Up-to-date: /home/rschnurr/SkyClaw-Team1/ros2_ws/install/px4_msgs/include/px4_msgs/px4_msgs/msg/detail/gripper__type_support.c\n'}
[2.384027] (px4_msgs) StdoutLine: {'line': b'-- Up-to-date: /home/rschnurr/SkyClaw-Team1/ros2_ws/install/px4_msgs/include/px4_msgs/px4_msgs/msg/detail/sensor_mag__rosidl_typesupport_introspection_c.h\n'}
[2.384064] (px4_msgs) StdoutLine: {'line': b'-- Up-to-date: /home/rschnurr/SkyClaw-Team1/ros2_ws/install/px4_msgs/include/px4_msgs/px4_msgs/msg/detail/orb_test_medium__type_support.c\n'}
[2.384111] (px4_msgs) StdoutLine: {'line': b'-- Up-to-date: /home/rschnurr/SkyClaw-Team1/ros2_ws/install/px4_msgs/include/px4_msgs/px4_msgs/msg/detail/navigator_mission_item__type_support.c\n'}
[2.384224] (px4_msgs) StdoutLine: {'line': b'-- Up-to-date: /home/rschnurr/SkyClaw-Team1/ros2_ws/install/px4_msgs/include/px4_msgs/px4_msgs/msg/detail/generator_status__type_support.c\n'}
[2.384303] (px4_msgs) StdoutLine: {'line': b'-- Up-to-date: /home/rschnurr/SkyClaw-Team1/ros2_ws/install/px4_msgs/include/px4_msgs/px4_msgs/msg/detail/generator_status__rosidl_typesupport_introspection_c.h\n'}
[2.384342] (px4_msgs) StdoutLine: {'line': b'-- Up-to-date: /home/rschnurr/SkyClaw-Team1/ros2_ws/install/px4_msgs/include/px4_msgs/px4_msgs/msg/detail/gimbal_device_set_attitude__rosidl_typesupport_introspection_c.h\n'}
[2.384374] (px4_msgs) StdoutLine: {'line': b'-- Up-to-date: /home/rschnurr/SkyClaw-Team1/ros2_ws/install/px4_msgs/include/px4_msgs/px4_msgs/msg/detail/vehicle_air_data__rosidl_typesupport_introspection_c.h\n'}
[2.384405] (px4_msgs) StdoutLine: {'line': b'-- Up-to-date: /home/rschnurr/SkyClaw-Team1/ros2_ws/install/px4_msgs/include/px4_msgs/px4_msgs/msg/detail/estimator_states__rosidl_typesupport_introspection_c.h\n'}
[2.384436] (px4_msgs) StdoutLine: {'line': b'-- Up-to-date: /home/rschnurr/SkyClaw-Team1/ros2_ws/install/px4_msgs/include/px4_msgs/px4_msgs/msg/detail/internal_combustion_engine_status__rosidl_typesupport_introspection_c.h\n'}
[2.384496] (px4_msgs) StdoutLine: {'line': b'-- Up-to-date: /home/rschnurr/SkyClaw-Team1/ros2_ws/install/px4_msgs/include/px4_msgs/px4_msgs/msg/detail/takeoff_status__rosidl_typesupport_introspection_c.h\n'}
[2.384551] (px4_msgs) StdoutLine: {'line': b'-- Up-to-date: /home/rschnurr/SkyClaw-Team1/ros2_ws/install/px4_msgs/include/px4_msgs/px4_msgs/msg/detail/neural_control__type_support.c\n'}
[2.384589] (px4_msgs) StdoutLine: {'line': b'-- Up-to-date: /home/rschnurr/SkyClaw-Team1/ros2_ws/install/px4_msgs/include/px4_msgs/px4_msgs/msg/detail/vehicle_torque_setpoint__rosidl_typesupport_introspection_c.h\n'}
[2.384620] (px4_msgs) StdoutLine: {'line': b'-- Up-to-date: /home/rschnurr/SkyClaw-Team1/ros2_ws/install/px4_msgs/include/px4_msgs/px4_msgs/msg/detail/vehicle_rates_setpoint__type_support.c\n'}
[2.384740] (px4_msgs) StdoutLine: {'line': b'-- Up-to-date: /home/rschnurr/SkyClaw-Team1/ros2_ws/install/px4_msgs/include/px4_msgs/px4_msgs/msg/detail/telemetry_status__rosidl_typesupport_introspection_c.h\n'}
[2.384789] (px4_msgs) StdoutLine: {'line': b'-- Up-to-date: /home/rschnurr/SkyClaw-Team1/ros2_ws/install/px4_msgs/include/px4_msgs/px4_msgs/msg/detail/actuator_motors__type_support.c\n'}
[2.384825] (px4_msgs) StdoutLine: {'line': b'-- Up-to-date: /home/rschnurr/SkyClaw-Team1/ros2_ws/install/px4_msgs/include/px4_msgs/px4_msgs/msg/detail/debug_array__type_support.c\n'}
[2.384858] (px4_msgs) StdoutLine: {'line': b'-- Up-to-date: /home/rschnurr/SkyClaw-Team1/ros2_ws/install/px4_msgs/include/px4_msgs/px4_msgs/msg/detail/rover_speed_status__rosidl_typesupport_introspection_c.h\n'}
[2.384889] (px4_msgs) StdoutLine: {'line': b'-- Up-to-date: /home/rschnurr/SkyClaw-Team1/ros2_ws/install/px4_msgs/include/px4_msgs/px4_msgs/msg/detail/autotune_attitude_control_status__rosidl_typesupport_introspection_c.h\n'}
[2.384924] (px4_msgs) StdoutLine: {'line': b'-- Up-to-date: /home/rschnurr/SkyClaw-Team1/ros2_ws/install/px4_msgs/include/px4_msgs/px4_msgs/msg/detail/fixed_wing_runway_control__rosidl_typesupport_introspection_c.h\n'}
[2.384956] (px4_msgs) StdoutLine: {'line': b'-- Up-to-date: /home/rschnurr/SkyClaw-Team1/ros2_ws/install/px4_msgs/include/px4_msgs/px4_msgs/msg/detail/vehicle_acceleration__rosidl_typesupport_introspection_c.h\n'}
[2.384989] (px4_msgs) StdoutLine: {'line': b'-- Up-to-date: /home/rschnurr/SkyClaw-Team1/ros2_ws/install/px4_msgs/include/px4_msgs/px4_msgs/msg/detail/rtl_time_estimate__type_support.c\n'}
[2.385024] (px4_msgs) StdoutLine: {'line': b'-- Up-to-date: /home/rschnurr/SkyClaw-Team1/ros2_ws/install/px4_msgs/include/px4_msgs/px4_msgs/msg/detail/geofence_result__rosidl_typesupport_introspection_c.h\n'}
[2.385062] (px4_msgs) StdoutLine: {'line': b'-- Up-to-date: /home/rschnurr/SkyClaw-Team1/ros2_ws/install/px4_msgs/include/px4_msgs/px4_msgs/msg/detail/vehicle_thrust_setpoint__type_support.c\n'}
[2.385096] (px4_msgs) StdoutLine: {'line': b'-- Up-to-date: /home/rschnurr/SkyClaw-Team1/ros2_ws/install/px4_msgs/include/px4_msgs/px4_msgs/msg/detail/sensors_status_imu__rosidl_typesupport_introspection_c.h\n'}
[2.385144] (px4_msgs) StdoutLine: {'line': b'-- Up-to-date: /home/rschnurr/SkyClaw-Team1/ros2_ws/install/px4_msgs/include/px4_msgs/px4_msgs/msg/detail/sensor_accel__rosidl_typesupport_introspection_c.h\n'}
[2.385178] (px4_msgs) StdoutLine: {'line': b'-- Up-to-date: /home/rschnurr/SkyClaw-Team1/ros2_ws/install/px4_msgs/include/px4_msgs/px4_msgs/msg/detail/landing_gear__rosidl_typesupport_introspection_c.h\n'}
[2.385210] (px4_msgs) StdoutLine: {'line': b'-- Up-to-date: /home/rschnurr/SkyClaw-Team1/ros2_ws/install/px4_msgs/include/px4_msgs/px4_msgs/msg/detail/ulog_stream__rosidl_typesupport_introspection_c.h\n'}
[2.385240] (px4_msgs) StdoutLine: {'line': b'-- Up-to-date: /home/rschnurr/SkyClaw-Team1/ros2_ws/install/px4_msgs/include/px4_msgs/px4_msgs/msg/detail/actuator_servos_trim__rosidl_typesupport_introspection_c.h\n'}
[2.385270] (px4_msgs) StdoutLine: {'line': b'-- Up-to-date: /home/rschnurr/SkyClaw-Team1/ros2_ws/install/px4_msgs/include/px4_msgs/px4_msgs/msg/detail/sensor_gyro_fft__rosidl_typesupport_introspection_c.h\n'}
[2.385299] (px4_msgs) StdoutLine: {'line': b'-- Up-to-date: /home/rschnurr/SkyClaw-Team1/ros2_ws/install/px4_msgs/include/px4_msgs/px4_msgs/msg/detail/health_report__type_support.c\n'}
[2.385334] (px4_msgs) StdoutLine: {'line': b'-- Up-to-date: /home/rschnurr/SkyClaw-Team1/ros2_ws/install/px4_msgs/include/px4_msgs/px4_msgs/msg/detail/rpm__type_support.c\n'}
[2.385366] (px4_msgs) StdoutLine: {'line': b'-- Up-to-date: /home/rschnurr/SkyClaw-Team1/ros2_ws/install/px4_msgs/include/px4_msgs/px4_msgs/msg/detail/rover_attitude_setpoint__type_support.c\n'}
[2.385399] (px4_msgs) StdoutLine: {'line': b'-- Up-to-date: /home/rschnurr/SkyClaw-Team1/ros2_ws/install/px4_msgs/include/px4_msgs/px4_msgs/msg/detail/input_rc__type_support.c\n'}
[2.385433] (px4_msgs) StdoutLine: {'line': b'-- Up-to-date: /home/rschnurr/SkyClaw-Team1/ros2_ws/install/px4_msgs/include/px4_msgs/px4_msgs/msg/detail/manual_control_setpoint__rosidl_typesupport_introspection_c.h\n'}
[2.385467] (px4_msgs) StdoutLine: {'line': b'-- Up-to-date: /home/rschnurr/SkyClaw-Team1/ros2_ws/install/px4_msgs/include/px4_msgs/px4_msgs/msg/detail/estimator_gps_status__rosidl_typesupport_introspection_c.h\n'}
[2.385529] (px4_msgs) StdoutLine: {'line': b'-- Up-to-date: /home/rschnurr/SkyClaw-Team1/ros2_ws/install/px4_msgs/include/px4_msgs/px4_msgs/msg/detail/vehicle_angular_acceleration_setpoint__type_support.c\n'}
[2.385574] (px4_msgs) StdoutLine: {'line': b'-- Up-to-date: /home/rschnurr/SkyClaw-Team1/ros2_ws/install/px4_msgs/include/px4_msgs/px4_msgs/msg/detail/sensor_airflow__type_support.c\n'}
[2.385610] (px4_msgs) StdoutLine: {'line': b'-- Up-to-date: /home/rschnurr/SkyClaw-Team1/ros2_ws/install/px4_msgs/include/px4_msgs/px4_msgs/msg/detail/gpio_config__rosidl_typesupport_introspection_c.h\n'}
[2.385644] (px4_msgs) StdoutLine: {'line': b'-- Up-to-date: /home/rschnurr/SkyClaw-Team1/ros2_ws/install/px4_msgs/include/px4_msgs/px4_msgs/msg/detail/wind__rosidl_typesupport_introspection_c.h\n'}
[2.385675] (px4_msgs) StdoutLine: {'line': b'-- Up-to-date: /home/rschnurr/SkyClaw-Team1/ros2_ws/install/px4_msgs/include/px4_msgs/px4_msgs/msg/detail/vehicle_local_position__type_support.c\n'}
[2.385706] (px4_msgs) StdoutLine: {'line': b'-- Up-to-date: /home/rschnurr/SkyClaw-Team1/ros2_ws/install/px4_msgs/include/px4_msgs/px4_msgs/msg/detail/position_controller_status__type_support.c\n'}
[2.385737] (px4_msgs) StdoutLine: {'line': b'-- Up-to-date: /home/rschnurr/SkyClaw-Team1/ros2_ws/install/px4_msgs/include/px4_msgs/px4_msgs/msg/detail/message_format_request__rosidl_typesupport_introspection_c.h\n'}
[2.385767] (px4_msgs) StdoutLine: {'line': b'-- Up-to-date: /home/rschnurr/SkyClaw-Team1/ros2_ws/install/px4_msgs/include/px4_msgs/px4_msgs/msg/detail/open_drone_id_operator_id__type_support.c\n'}
[2.385797] (px4_msgs) StdoutLine: {'line': b'-- Up-to-date: /home/rschnurr/SkyClaw-Team1/ros2_ws/install/px4_msgs/include/px4_msgs/px4_msgs/msg/detail/vehicle_status__rosidl_typesupport_introspection_c.h\n'}
[2.385830] (px4_msgs) StdoutLine: {'line': b'-- Up-to-date: /home/rschnurr/SkyClaw-Team1/ros2_ws/install/px4_msgs/include/px4_msgs/px4_msgs/msg/detail/estimator_aid_source2d__type_support.c\n'}
[2.385862] (px4_msgs) StdoutLine: {'line': b'-- Up-to-date: /home/rschnurr/SkyClaw-Team1/ros2_ws/install/px4_msgs/include/px4_msgs/px4_msgs/msg/detail/rover_steering_setpoint__type_support.c\n'}
[2.385894] (px4_msgs) StdoutLine: {'line': b'-- Up-to-date: /home/rschnurr/SkyClaw-Team1/ros2_ws/install/px4_msgs/include/px4_msgs/px4_msgs/msg/detail/landing_target_innovations__type_support.c\n'}
[2.385924] (px4_msgs) StdoutLine: {'line': b'-- Up-to-date: /home/rschnurr/SkyClaw-Team1/ros2_ws/install/px4_msgs/include/px4_msgs/px4_msgs/msg/detail/vehicle_land_detected__type_support.c\n'}
[2.385956] (px4_msgs) StdoutLine: {'line': b'-- Up-to-date: /home/rschnurr/SkyClaw-Team1/ros2_ws/install/px4_msgs/include/px4_msgs/px4_msgs/msg/detail/distance_sensor__type_support.c\n'}
[2.385987] (px4_msgs) StdoutLine: {'line': b'-- Up-to-date: /home/rschnurr/SkyClaw-Team1/ros2_ws/install/px4_msgs/include/px4_msgs/px4_msgs/msg/detail/sensors_status__rosidl_typesupport_introspection_c.h\n'}
[2.386045] (px4_msgs) StdoutLine: {'line': b'-- Up-to-date: /home/rschnurr/SkyClaw-Team1/ros2_ws/install/px4_msgs/include/px4_msgs/px4_msgs/msg/detail/airspeed__rosidl_typesupport_introspection_c.h\n'}
[2.386079] (px4_msgs) StdoutLine: {'line': b'-- Up-to-date: /home/rschnurr/SkyClaw-Team1/ros2_ws/install/px4_msgs/include/px4_msgs/px4_msgs/msg/detail/logger_status__type_support.c\n'}
[2.386125] (px4_msgs) StdoutLine: {'line': b'-- Up-to-date: /home/rschnurr/SkyClaw-Team1/ros2_ws/install/px4_msgs/include/px4_msgs/px4_msgs/msg/detail/camera_trigger__rosidl_typesupport_introspection_c.h\n'}
[2.386155] (px4_msgs) StdoutLine: {'line': b'-- Up-to-date: /home/rschnurr/SkyClaw-Team1/ros2_ws/install/px4_msgs/include/px4_msgs/px4_msgs/msg/detail/estimator_gps_status__type_support.c\n'}
[2.386185] (px4_msgs) StdoutLine: {'line': b'-- Up-to-date: /home/rschnurr/SkyClaw-Team1/ros2_ws/install/px4_msgs/include/px4_msgs/px4_msgs/msg/detail/gpio_out__rosidl_typesupport_introspection_c.h\n'}
[2.386214] (px4_msgs) StdoutLine: {'line': b'-- Up-to-date: /home/rschnurr/SkyClaw-Team1/ros2_ws/install/px4_msgs/include/px4_msgs/px4_msgs/msg/detail/open_drone_id_system__rosidl_typesupport_introspection_c.h\n'}
[2.386245] (px4_msgs) StdoutLine: {'line': b'-- Up-to-date: /home/rschnurr/SkyClaw-Team1/ros2_ws/install/px4_msgs/include/px4_msgs/px4_msgs/msg/detail/estimator_bias__type_support.c\n'}
[2.386287] (px4_msgs) StdoutLine: {'line': b'-- Up-to-date: /home/rschnurr/SkyClaw-Team1/ros2_ws/install/px4_msgs/include/px4_msgs/px4_msgs/msg/detail/satellite_info__type_support.c\n'}
[2.386358] (px4_msgs) StdoutLine: {'line': b'-- Up-to-date: /home/rschnurr/SkyClaw-Team1/ros2_ws/install/px4_msgs/include/px4_msgs/px4_msgs/msg/detail/cpuload__rosidl_typesupport_introspection_c.h\n'}
[2.386395] (px4_msgs) StdoutLine: {'line': b'-- Up-to-date: /home/rschnurr/SkyClaw-Team1/ros2_ws/install/px4_msgs/include/px4_msgs/px4_msgs/msg/detail/parameter_reset_request__type_support.c\n'}
[2.386428] (px4_msgs) StdoutLine: {'line': b'-- Up-to-date: /home/rschnurr/SkyClaw-Team1/ros2_ws/install/px4_msgs/include/px4_msgs/px4_msgs/msg/detail/open_drone_id_self_id__type_support.c\n'}
[2.386458] (px4_msgs) StdoutLine: {'line': b'-- Up-to-date: /home/rschnurr/SkyClaw-Team1/ros2_ws/install/px4_msgs/include/px4_msgs/px4_msgs/msg/detail/gimbal_device_information__rosidl_typesupport_introspection_c.h\n'}
[2.386489] (px4_msgs) StdoutLine: {'line': b'-- Up-to-date: /home/rschnurr/SkyClaw-Team1/ros2_ws/install/px4_msgs/include/px4_msgs/px4_msgs/msg/detail/vehicle_imu_status__rosidl_typesupport_introspection_c.h\n'}
[2.386520] (px4_msgs) StdoutLine: {'line': b'-- Up-to-date: /home/rschnurr/SkyClaw-Team1/ros2_ws/install/px4_msgs/include/px4_msgs/px4_msgs/msg/detail/differential_pressure__type_support.c\n'}
[2.386551] (px4_msgs) StdoutLine: {'line': b'-- Up-to-date: /home/rschnurr/SkyClaw-Team1/ros2_ws/install/px4_msgs/include/px4_msgs/px4_msgs/msg/detail/timesync_status__rosidl_typesupport_introspection_c.h\n'}
[2.386581] (px4_msgs) StdoutLine: {'line': b'-- Up-to-date: /home/rschnurr/SkyClaw-Team1/ros2_ws/install/px4_msgs/include/px4_msgs/px4_msgs/msg/detail/fixed_wing_runway_control__type_support.c\n'}
[2.386614] (px4_msgs) StdoutLine: {'line': b'-- Up-to-date: /home/rschnurr/SkyClaw-Team1/ros2_ws/install/px4_msgs/include/px4_msgs/px4_msgs/msg/detail/parameter_set_used_request__type_support.c\n'}
[2.386644] (px4_msgs) StdoutLine: {'line': b'-- Up-to-date: /home/rschnurr/SkyClaw-Team1/ros2_ws/install/px4_msgs/include/px4_msgs/px4_msgs/msg/detail/figure_eight_status__rosidl_typesupport_introspection_c.h\n'}
[2.386678] (px4_msgs) StdoutLine: {'line': b'-- Up-to-date: /home/rschnurr/SkyClaw-Team1/ros2_ws/install/px4_msgs/include/px4_msgs/px4_msgs/msg/detail/qshell_req__rosidl_typesupport_introspection_c.h\n'}
[2.386711] (px4_msgs) StdoutLine: {'line': b'-- Up-to-date: /home/rschnurr/SkyClaw-Team1/ros2_ws/install/px4_msgs/include/px4_msgs/px4_msgs/msg/detail/gps_inject_data__type_support.c\n'}
[2.386744] (px4_msgs) StdoutLine: {'line': b'-- Up-to-date: /home/rschnurr/SkyClaw-Team1/ros2_ws/install/px4_msgs/include/px4_msgs/px4_msgs/msg/detail/navigator_status__type_support.c\n'}
[2.386779] (px4_msgs) StdoutLine: {'line': b'-- Up-to-date: /home/rschnurr/SkyClaw-Team1/ros2_ws/install/px4_msgs/include/px4_msgs/px4_msgs/msg/detail/sensor_preflight_mag__rosidl_typesupport_introspection_c.h\n'}
[2.386810] (px4_msgs) StdoutLine: {'line': b'-- Up-to-date: /home/rschnurr/SkyClaw-Team1/ros2_ws/install/px4_msgs/include/px4_msgs/px4_msgs/msg/detail/rover_attitude_status__type_support.c\n'}
[2.386843] (px4_msgs) StdoutLine: {'line': b'-- Up-to-date: /home/rschnurr/SkyClaw-Team1/ros2_ws/install/px4_msgs/include/px4_msgs/px4_msgs/msg/detail/vehicle_local_position_setpoint__type_support.c\n'}
[2.386942] (px4_msgs) StdoutLine: {'line': b'-- Up-to-date: /home/rschnurr/SkyClaw-Team1/ros2_ws/install/px4_msgs/include/px4_msgs/px4_msgs/msg/detail/vehicle_control_mode__rosidl_typesupport_introspection_c.h\n'}
[2.386996] (px4_msgs) StdoutLine: {'line': b'-- Up-to-date: /home/rschnurr/SkyClaw-Team1/ros2_ws/install/px4_msgs/include/px4_msgs/px4_msgs/msg/detail/power_monitor__rosidl_typesupport_introspection_c.h\n'}
[2.387032] (px4_msgs) StdoutLine: {'line': b'-- Up-to-date: /home/rschnurr/SkyClaw-Team1/ros2_ws/install/px4_msgs/include/px4_msgs/px4_msgs/msg/detail/gpio_request__rosidl_typesupport_introspection_c.h\n'}
[2.387063] (px4_msgs) StdoutLine: {'line': b'-- Up-to-date: /home/rschnurr/SkyClaw-Team1/ros2_ws/install/px4_msgs/include/px4_msgs/px4_msgs/msg/detail/gps_dump__rosidl_typesupport_introspection_c.h\n'}
[2.387156] (px4_msgs) StdoutLine: {'line': b'-- Up-to-date: /home/rschnurr/SkyClaw-Team1/ros2_ws/install/px4_msgs/include/px4_msgs/px4_msgs/msg/detail/estimator_aid_source3d__type_support.c\n'}
[2.387205] (px4_msgs) StdoutLine: {'line': b'-- Up-to-date: /home/rschnurr/SkyClaw-Team1/ros2_ws/install/px4_msgs/include/px4_msgs/px4_msgs/msg/detail/estimator_selector_status__type_support.c\n'}
[2.387242] (px4_msgs) StdoutLine: {'line': b'-- Up-to-date: /home/rschnurr/SkyClaw-Team1/ros2_ws/install/px4_msgs/include/px4_msgs/px4_msgs/msg/detail/gimbal_controls__type_support.c\n'}
[2.387274] (px4_msgs) StdoutLine: {'line': b'-- Up-to-date: /home/rschnurr/SkyClaw-Team1/ros2_ws/install/px4_msgs/include/px4_msgs/px4_msgs/msg/detail/health_report__rosidl_typesupport_introspection_c.h\n'}
[2.387310] (px4_msgs) StdoutLine: {'line': b'-- Up-to-date: /home/rschnurr/SkyClaw-Team1/ros2_ws/install/px4_msgs/include/px4_msgs/px4_msgs/msg/detail/uavcan_parameter_value__type_support.c\n'}
[2.387344] (px4_msgs) StdoutLine: {'line': b'-- Up-to-date: /home/rschnurr/SkyClaw-Team1/ros2_ws/install/px4_msgs/include/px4_msgs/px4_msgs/msg/detail/neural_control__rosidl_typesupport_introspection_c.h\n'}
[2.387376] (px4_msgs) StdoutLine: {'line': b'-- Up-to-date: /home/rschnurr/SkyClaw-Team1/ros2_ws/install/px4_msgs/include/px4_msgs/px4_msgs/msg/detail/mount_orientation__rosidl_typesupport_introspection_c.h\n'}
[2.387417] (px4_msgs) StdoutLine: {'line': b'-- Up-to-date: /home/rschnurr/SkyClaw-Team1/ros2_ws/install/px4_msgs/include/px4_msgs/px4_msgs/msg/detail/battery_status__type_support.c\n'}
[2.387449] (px4_msgs) StdoutLine: {'line': b'-- Up-to-date: /home/rschnurr/SkyClaw-Team1/ros2_ws/install/px4_msgs/include/px4_msgs/px4_msgs/msg/detail/actuator_servos_trim__type_support.c\n'}
[2.387481] (px4_msgs) StdoutLine: {'line': b'-- Up-to-date: /home/rschnurr/SkyClaw-Team1/ros2_ws/install/px4_msgs/include/px4_msgs/px4_msgs/msg/detail/button_event__type_support.c\n'}
[2.387512] (px4_msgs) StdoutLine: {'line': b'-- Up-to-date: /home/rschnurr/SkyClaw-Team1/ros2_ws/install/px4_msgs/include/px4_msgs/px4_msgs/msg/detail/camera_status__rosidl_typesupport_introspection_c.h\n'}
[2.387543] (px4_msgs) StdoutLine: {'line': b'-- Up-to-date: /home/rschnurr/SkyClaw-Team1/ros2_ws/install/px4_msgs/include/px4_msgs/px4_msgs/msg/detail/sensor_hygrometer__type_support.c\n'}
[2.387573] (px4_msgs) StdoutLine: {'line': b'-- Up-to-date: /home/rschnurr/SkyClaw-Team1/ros2_ws/install/px4_msgs/include/px4_msgs/px4_msgs/msg/detail/pure_pursuit_status__type_support.c\n'}
[2.387603] (px4_msgs) StdoutLine: {'line': b'-- Up-to-date: /home/rschnurr/SkyClaw-Team1/ros2_ws/install/px4_msgs/include/px4_msgs/px4_msgs/msg/detail/mag_worker_data__rosidl_typesupport_introspection_c.h\n'}
[2.387637] (px4_msgs) StdoutLine: {'line': b'-- Up-to-date: /home/rschnurr/SkyClaw-Team1/ros2_ws/install/px4_msgs/include/px4_msgs/px4_msgs/msg/detail/pps_capture__rosidl_typesupport_introspection_c.h\n'}
[2.387668] (px4_msgs) StdoutLine: {'line': b'-- Up-to-date: /home/rschnurr/SkyClaw-Team1/ros2_ws/install/px4_msgs/include/px4_msgs/px4_msgs/msg/detail/parameter_set_value_request__type_support.c\n'}
[2.387699] (px4_msgs) StdoutLine: {'line': b'-- Up-to-date: /home/rschnurr/SkyClaw-Team1/ros2_ws/install/px4_msgs/include/px4_msgs/px4_msgs/msg/detail/battery_info__rosidl_typesupport_introspection_c.h\n'}
[2.387731] (px4_msgs) StdoutLine: {'line': b'-- Up-to-date: /home/rschnurr/SkyClaw-Team1/ros2_ws/install/px4_msgs/include/px4_msgs/px4_msgs/msg/detail/sensor_optical_flow__type_support.c\n'}
[2.387763] (px4_msgs) StdoutLine: {'line': b'-- Up-to-date: /home/rschnurr/SkyClaw-Team1/ros2_ws/install/px4_msgs/include/px4_msgs/px4_msgs/msg/detail/estimator_bias__rosidl_typesupport_introspection_c.h\n'}
[2.387795] (px4_msgs) StdoutLine: {'line': b'-- Up-to-date: /home/rschnurr/SkyClaw-Team1/ros2_ws/install/px4_msgs/include/px4_msgs/px4_msgs/msg/detail/position_setpoint_triplet__type_support.c\n'}
[2.387829] (px4_msgs) StdoutLine: {'line': b'-- Up-to-date: /home/rschnurr/SkyClaw-Team1/ros2_ws/install/px4_msgs/include/px4_msgs/px4_msgs/msg/detail/rtl_status__type_support.c\n'}
[2.387864] (px4_msgs) StdoutLine: {'line': b'-- Up-to-date: /home/rschnurr/SkyClaw-Team1/ros2_ws/install/px4_msgs/include/px4_msgs/px4_msgs/msg/detail/task_stack_info__rosidl_typesupport_introspection_c.h\n'}
[2.387898] (px4_msgs) StdoutLine: {'line': b'-- Up-to-date: /home/rschnurr/SkyClaw-Team1/ros2_ws/install/px4_msgs/include/px4_msgs/px4_msgs/msg/detail/trajectory_setpoint6dof__type_support.c\n'}
[2.387933] (px4_msgs) StdoutLine: {'line': b'-- Up-to-date: /home/rschnurr/SkyClaw-Team1/ros2_ws/install/px4_msgs/include/px4_msgs/px4_msgs/msg/detail/distance_sensor_mode_change_request__rosidl_typesupport_introspection_c.h\n'}
[2.387965] (px4_msgs) StdoutLine: {'line': b'-- Up-to-date: /home/rschnurr/SkyClaw-Team1/ros2_ws/install/px4_msgs/include/px4_msgs/px4_msgs/msg/detail/orb_test__rosidl_typesupport_introspection_c.h\n'}
[2.387996] (px4_msgs) StdoutLine: {'line': b'-- Up-to-date: /home/rschnurr/SkyClaw-Team1/ros2_ws/install/px4_msgs/include/px4_msgs/px4_msgs/msg/detail/failure_detector_status__rosidl_typesupport_introspection_c.h\n'}
[2.388029] (px4_msgs) StdoutLine: {'line': b'-- Up-to-date: /home/rschnurr/SkyClaw-Team1/ros2_ws/install/px4_msgs/include/px4_msgs/px4_msgs/msg/detail/camera_capture__rosidl_typesupport_introspection_c.h\n'}
[2.388060] (px4_msgs) StdoutLine: {'line': b'-- Up-to-date: /home/rschnurr/SkyClaw-Team1/ros2_ws/install/px4_msgs/include/px4_msgs/px4_msgs/msg/detail/vehicle_local_position_setpoint__rosidl_typesupport_introspection_c.h\n'}
[2.388093] (px4_msgs) StdoutLine: {'line': b'-- Up-to-date: /home/rschnurr/SkyClaw-Team1/ros2_ws/install/px4_msgs/include/px4_msgs/px4_msgs/msg/detail/failsafe_flags__rosidl_typesupport_introspection_c.h\n'}
[2.388125] (px4_msgs) StdoutLine: {'line': b'-- Up-to-date: /home/rschnurr/SkyClaw-Team1/ros2_ws/install/px4_msgs/include/px4_msgs/px4_msgs/msg/detail/wind__type_support.c\n'}
[2.388159] (px4_msgs) StdoutLine: {'line': b'-- Up-to-date: /home/rschnurr/SkyClaw-Team1/ros2_ws/install/px4_msgs/include/px4_msgs/px4_msgs/msg/detail/mission_result__rosidl_typesupport_introspection_c.h\n'}
[2.388191] (px4_msgs) StdoutLine: {'line': b'-- Up-to-date: /home/rschnurr/SkyClaw-Team1/ros2_ws/install/px4_msgs/include/px4_msgs/px4_msgs/msg/detail/internal_combustion_engine_status__type_support.c\n'}
[2.388223] (px4_msgs) StdoutLine: {'line': b'-- Up-to-date: /home/rschnurr/SkyClaw-Team1/ros2_ws/install/px4_msgs/include/px4_msgs/px4_msgs/msg/detail/dronecan_node_status__type_support.c\n'}
[2.388254] (px4_msgs) StdoutLine: {'line': b'-- Up-to-date: /home/rschnurr/SkyClaw-Team1/ros2_ws/install/px4_msgs/include/px4_msgs/px4_msgs/msg/detail/estimator_states__type_support.c\n'}
[2.388292] (px4_msgs) StdoutLine: {'line': b'-- Up-to-date: /home/rschnurr/SkyClaw-Team1/ros2_ws/install/px4_msgs/include/px4_msgs/px4_msgs/msg/detail/tiltrotor_extra_controls__type_support.c\n'}
[2.388322] (px4_msgs) StdoutLine: {'line': b'-- Up-to-date: /home/rschnurr/SkyClaw-Team1/ros2_ws/install/px4_msgs/include/px4_msgs/px4_msgs/msg/detail/irlock_report__type_support.c\n'}
[2.388351] (px4_msgs) StdoutLine: {'line': b'-- Up-to-date: /home/rschnurr/SkyClaw-Team1/ros2_ws/install/px4_msgs/include/px4_msgs/px4_msgs/msg/detail/rover_speed_setpoint__type_support.c\n'}
[2.388380] (px4_msgs) StdoutLine: {'line': b'-- Up-to-date: /home/rschnurr/SkyClaw-Team1/ros2_ws/install/px4_msgs/include/px4_msgs/px4_msgs/msg/detail/debug_value__rosidl_typesupport_introspection_c.h\n'}
[2.388410] (px4_msgs) StdoutLine: {'line': b'-- Up-to-date: /home/rschnurr/SkyClaw-Team1/ros2_ws/install/px4_msgs/include/px4_msgs/px4_msgs/msg/detail/follow_target__type_support.c\n'}
[2.388438] (px4_msgs) StdoutLine: {'line': b'-- Up-to-date: /home/rschnurr/SkyClaw-Team1/ros2_ws/install/px4_msgs/include/px4_msgs/px4_msgs/msg/detail/debug_key_value__type_support.c\n'}
[2.388499] (px4_msgs) StdoutLine: {'line': b'-- Up-to-date: /home/rschnurr/SkyClaw-Team1/ros2_ws/install/px4_msgs/include/px4_msgs/px4_msgs/msg/detail/gimbal_device_attitude_status__type_support.c\n'}
[2.388547] (px4_msgs) StdoutLine: {'line': b'-- Up-to-date: /home/rschnurr/SkyClaw-Team1/ros2_ws/install/px4_msgs/include/px4_msgs/px4_msgs/msg/detail/sensor_baro__rosidl_typesupport_introspection_c.h\n'}
[2.388584] (px4_msgs) StdoutLine: {'line': b'-- Up-to-date: /home/rschnurr/SkyClaw-Team1/ros2_ws/install/px4_msgs/include/px4_msgs/px4_msgs/msg/detail/orb_test_medium__rosidl_typesupport_introspection_c.h\n'}
[2.388619] (px4_msgs) StdoutLine: {'line': b'-- Up-to-date: /home/rschnurr/SkyClaw-Team1/ros2_ws/install/px4_msgs/include/px4_msgs/px4_msgs/msg/detail/vtol_vehicle_status__type_support.c\n'}
[2.388650] (px4_msgs) StdoutLine: {'line': b'-- Up-to-date: /home/rschnurr/SkyClaw-Team1/ros2_ws/install/px4_msgs/include/px4_msgs/px4_msgs/msg/detail/arming_check_request__type_support.c\n'}
[2.388680] (px4_msgs) StdoutLine: {'line': b'-- Up-to-date: /home/rschnurr/SkyClaw-Team1/ros2_ws/install/px4_msgs/include/px4_msgs/px4_msgs/msg/detail/vehicle_attitude_setpoint__type_support.c\n'}
[2.388711] (px4_msgs) StdoutLine: {'line': b'-- Up-to-date: /home/rschnurr/SkyClaw-Team1/ros2_ws/install/px4_msgs/include/px4_msgs/px4_msgs/msg/detail/transponder_report__type_support.c\n'}
[2.388743] (px4_msgs) StdoutLine: {'line': b'-- Up-to-date: /home/rschnurr/SkyClaw-Team1/ros2_ws/install/px4_msgs/include/px4_msgs/px4_msgs/msg/detail/actuator_controls_status__rosidl_typesupport_introspection_c.h\n'}
[2.388776] (px4_msgs) StdoutLine: {'line': b'-- Up-to-date: /home/rschnurr/SkyClaw-Team1/ros2_ws/install/px4_msgs/include/px4_msgs/px4_msgs/msg/detail/landing_target_pose__type_support.c\n'}
[2.388812] (px4_msgs) StdoutLine: {'line': b'-- Up-to-date: /home/rschnurr/SkyClaw-Team1/ros2_ws/install/px4_msgs/include/px4_msgs/px4_msgs/msg/detail/follow_target__rosidl_typesupport_introspection_c.h\n'}
[2.388844] (px4_msgs) StdoutLine: {'line': b'-- Up-to-date: /home/rschnurr/SkyClaw-Team1/ros2_ws/install/px4_msgs/include/px4_msgs/px4_msgs/msg/detail/message_format_response__type_support.c\n'}
[2.388874] (px4_msgs) StdoutLine: {'line': b'-- Up-to-date: /home/rschnurr/SkyClaw-Team1/ros2_ws/install/px4_msgs/include/px4_msgs/px4_msgs/msg/detail/gpio_in__type_support.c\n'}
[2.388906] (px4_msgs) StdoutLine: {'line': b'-- Up-to-date: /home/rschnurr/SkyClaw-Team1/ros2_ws/install/px4_msgs/include/px4_msgs/px4_msgs/msg/detail/rover_throttle_setpoint__type_support.c\n'}
[2.388938] (px4_msgs) StdoutLine: {'line': b'-- Up-to-date: /home/rschnurr/SkyClaw-Team1/ros2_ws/install/px4_msgs/include/px4_msgs/px4_msgs/msg/detail/uavcan_parameter_request__type_support.c\n'}
[2.388969] (px4_msgs) StdoutLine: {'line': b'-- Up-to-date: /home/rschnurr/SkyClaw-Team1/ros2_ws/install/px4_msgs/include/px4_msgs/px4_msgs/msg/detail/collision_constraints__rosidl_typesupport_introspection_c.h\n'}
[2.389004] (px4_msgs) StdoutLine: {'line': b'-- Up-to-date: /home/rschnurr/SkyClaw-Team1/ros2_ws/install/px4_msgs/include/px4_msgs/px4_msgs/msg/detail/orb_test_large__type_support.c\n'}
[2.389079] (px4_msgs) StdoutLine: {'line': b'-- Up-to-date: /home/rschnurr/SkyClaw-Team1/ros2_ws/install/px4_msgs/include/px4_msgs/px4_msgs/msg/detail/parameter_set_value_response__rosidl_typesupport_introspection_c.h\n'}
[2.389171] (px4_msgs) StdoutLine: {'line': b'-- Up-to-date: /home/rschnurr/SkyClaw-Team1/ros2_ws/install/px4_msgs/include/px4_msgs/px4_msgs/msg/detail/estimator_sensor_bias__rosidl_typesupport_introspection_c.h\n'}
[2.389255] (px4_msgs) StdoutLine: {'line': b'-- Up-to-date: /home/rschnurr/SkyClaw-Team1/ros2_ws/install/px4_msgs/include/px4_msgs/px4_msgs/msg/detail/sensor_gyro_fft__type_support.c\n'}
[2.389307] (px4_msgs) StdoutLine: {'line': b'-- Up-to-date: /home/rschnurr/SkyClaw-Team1/ros2_ws/install/px4_msgs/include/px4_msgs/px4_msgs/msg/detail/rover_throttle_setpoint__rosidl_typesupport_introspection_c.h\n'}
[2.389344] (px4_msgs) StdoutLine: {'line': b'-- Up-to-date: /home/rschnurr/SkyClaw-Team1/ros2_ws/install/px4_msgs/include/px4_msgs/px4_msgs/msg/detail/vehicle_attitude_setpoint__rosidl_typesupport_introspection_c.h\n'}
[2.389385] (px4_msgs) StdoutLine: {'line': b'-- Up-to-date: /home/rschnurr/SkyClaw-Team1/ros2_ws/install/px4_msgs/include/px4_msgs/px4_msgs/msg/detail/gimbal_manager_set_manual_control__type_support.c\n'}
[2.389417] (px4_msgs) StdoutLine: {'line': b'-- Up-to-date: /home/rschnurr/SkyClaw-Team1/ros2_ws/install/px4_msgs/include/px4_msgs/px4_msgs/msg/detail/vehicle_angular_acceleration_setpoint__rosidl_typesupport_introspection_c.h\n'}
[2.389448] (px4_msgs) StdoutLine: {'line': b'-- Up-to-date: /home/rschnurr/SkyClaw-Team1/ros2_ws/install/px4_msgs/include/px4_msgs/px4_msgs/msg/detail/pps_capture__type_support.c\n'}
[2.389479] (px4_msgs) StdoutLine: {'line': b'-- Up-to-date: /home/rschnurr/SkyClaw-Team1/ros2_ws/install/px4_msgs/include/px4_msgs/px4_msgs/msg/detail/rover_steering_setpoint__rosidl_typesupport_introspection_c.h\n'}
[2.389510] (px4_msgs) StdoutLine: {'line': b'-- Up-to-date: /home/rschnurr/SkyClaw-Team1/ros2_ws/install/px4_msgs/include/px4_msgs/px4_msgs/msg/detail/can_interface_status__rosidl_typesupport_introspection_c.h\n'}
[2.389540] (px4_msgs) StdoutLine: {'line': b'-- Up-to-date: /home/rschnurr/SkyClaw-Team1/ros2_ws/install/px4_msgs/include/px4_msgs/px4_msgs/msg/detail/config_overrides__type_support.c\n'}
[2.389570] (px4_msgs) StdoutLine: {'line': b'-- Up-to-date: /home/rschnurr/SkyClaw-Team1/ros2_ws/install/px4_msgs/include/px4_msgs/px4_msgs/msg/detail/magnetometer_bias_estimate__type_support.c\n'}
[2.389599] (px4_msgs) StdoutLine: {'line': b'-- Up-to-date: /home/rschnurr/SkyClaw-Team1/ros2_ws/install/px4_msgs/include/px4_msgs/px4_msgs/msg/detail/gimbal_manager_status__type_support.c\n'}
[2.389629] (px4_msgs) StdoutLine: {'line': b'-- Up-to-date: /home/rschnurr/SkyClaw-Team1/ros2_ws/install/px4_msgs/include/px4_msgs/px4_msgs/msg/detail/trajectory_setpoint6dof__rosidl_typesupport_introspection_c.h\n'}
[2.389659] (px4_msgs) StdoutLine: {'line': b'-- Up-to-date: /home/rschnurr/SkyClaw-Team1/ros2_ws/install/px4_msgs/include/px4_msgs/px4_msgs/msg/detail/estimator_status_flags__rosidl_typesupport_introspection_c.h\n'}
[2.389690] (px4_msgs) StdoutLine: {'line': b'-- Up-to-date: /home/rschnurr/SkyClaw-Team1/ros2_ws/install/px4_msgs/include/px4_msgs/px4_msgs/msg/detail/vehicle_command_ack__type_support.c\n'}
[2.389723] (px4_msgs) StdoutLine: {'line': b'-- Up-to-date: /home/rschnurr/SkyClaw-Team1/ros2_ws/install/px4_msgs/include/px4_msgs/px4_msgs/msg/detail/camera_status__type_support.c\n'}
[2.389756] (px4_msgs) StdoutLine: {'line': b'-- Up-to-date: /home/rschnurr/SkyClaw-Team1/ros2_ws/install/px4_msgs/include/px4_msgs/px4_msgs/msg/detail/uavcan_parameter_request__rosidl_typesupport_introspection_c.h\n'}
[2.389795] (px4_msgs) StdoutLine: {'line': b'-- Up-to-date: /home/rschnurr/SkyClaw-Team1/ros2_ws/install/px4_msgs/include/px4_msgs/px4_msgs/msg/detail/open_drone_id_arm_status__type_support.c\n'}
[2.389896] (px4_msgs) StdoutLine: {'line': b'-- Up-to-date: /home/rschnurr/SkyClaw-Team1/ros2_ws/install/px4_msgs/include/px4_msgs/px4_msgs/msg/detail/sensor_gnss_relative__rosidl_typesupport_introspection_c.h\n'}
[2.389960] (px4_msgs) StdoutLine: {'line': b'-- Up-to-date: /home/rschnurr/SkyClaw-Team1/ros2_ws/install/px4_msgs/include/px4_msgs/px4_msgs/msg/detail/velocity_limits__type_support.c\n'}
[2.390011] (px4_msgs) StdoutLine: {'line': b'-- Up-to-date: /home/rschnurr/SkyClaw-Team1/ros2_ws/install/px4_msgs/include/px4_msgs/px4_msgs/msg/detail/geofence_status__rosidl_typesupport_introspection_c.h\n'}
[2.390043] (px4_msgs) StdoutLine: {'line': b'-- Up-to-date: /home/rschnurr/SkyClaw-Team1/ros2_ws/install/px4_msgs/include/px4_msgs/px4_msgs/msg/detail/register_ext_component_reply__type_support.c\n'}
[2.390075] (px4_msgs) StdoutLine: {'line': b'-- Up-to-date: /home/rschnurr/SkyClaw-Team1/ros2_ws/install/px4_msgs/include/px4_msgs/px4_msgs/msg/detail/mavlink_tunnel__type_support.c\n'}
[2.390106] (px4_msgs) StdoutLine: {'line': b'-- Up-to-date: /home/rschnurr/SkyClaw-Team1/ros2_ws/install/px4_msgs/include/px4_msgs/px4_msgs/msg/detail/rtl_status__rosidl_typesupport_introspection_c.h\n'}
[2.390138] (px4_msgs) StdoutLine: {'line': b'-- Up-to-date: /home/rschnurr/SkyClaw-Team1/ros2_ws/install/px4_msgs/include/px4_msgs/px4_msgs/msg/detail/rc_channels__rosidl_typesupport_introspection_c.h\n'}
[2.390175] (px4_msgs) StdoutLine: {'line': b'-- Up-to-date: /home/rschnurr/SkyClaw-Team1/ros2_ws/install/px4_msgs/include/px4_msgs/px4_msgs/msg/detail/offboard_control_mode__rosidl_typesupport_introspection_c.h\n'}
[2.390208] (px4_msgs) StdoutLine: {'line': b'-- Up-to-date: /home/rschnurr/SkyClaw-Team1/ros2_ws/install/px4_msgs/include/px4_msgs/px4_msgs/msg/detail/vehicle_angular_velocity__rosidl_typesupport_introspection_c.h\n'}
[2.390242] (px4_msgs) StdoutLine: {'line': b'-- Up-to-date: /home/rschnurr/SkyClaw-Team1/ros2_ws/install/px4_msgs/include/px4_msgs/px4_msgs/msg/detail/actuator_armed__rosidl_typesupport_introspection_c.h\n'}
[2.390321] (px4_msgs) StdoutLine: {'line': b'-- Up-to-date: /home/rschnurr/SkyClaw-Team1/ros2_ws/install/px4_msgs/include/px4_msgs/px4_msgs/msg/detail/orbit_status__rosidl_typesupport_introspection_c.h\n'}
[2.390357] (px4_msgs) StdoutLine: {'line': b'-- Up-to-date: /home/rschnurr/SkyClaw-Team1/ros2_ws/install/px4_msgs/include/px4_msgs/px4_msgs/msg/detail/sensor_correction__type_support.c\n'}
[2.390389] (px4_msgs) StdoutLine: {'line': b'-- Up-to-date: /home/rschnurr/SkyClaw-Team1/ros2_ws/install/px4_msgs/include/px4_msgs/px4_msgs/msg/detail/px4io_status__rosidl_typesupport_introspection_c.h\n'}
[2.390431] (px4_msgs) StdoutLine: {'line': b'-- Up-to-date: /home/rschnurr/SkyClaw-Team1/ros2_ws/install/px4_msgs/include/px4_msgs/px4_msgs/msg/detail/open_drone_id_system__type_support.c\n'}
[2.390464] (px4_msgs) StdoutLine: {'line': b'-- Up-to-date: /home/rschnurr/SkyClaw-Team1/ros2_ws/install/px4_msgs/include/px4_msgs/px4_msgs/msg/detail/radio_status__rosidl_typesupport_introspection_c.h\n'}
[2.390495] (px4_msgs) StdoutLine: {'line': b'-- Up-to-date: /home/rschnurr/SkyClaw-Team1/ros2_ws/install/px4_msgs/include/px4_msgs/px4_msgs/msg/detail/mission__type_support.c\n'}
[2.390529] (px4_msgs) StdoutLine: {'line': b'-- Up-to-date: /home/rschnurr/SkyClaw-Team1/ros2_ws/install/px4_msgs/include/px4_msgs/px4_msgs/msg/detail/cellular_status__type_support.c\n'}
[2.390562] (px4_msgs) StdoutLine: {'line': b'-- Up-to-date: /home/rschnurr/SkyClaw-Team1/ros2_ws/install/px4_msgs/include/px4_msgs/px4_msgs/msg/detail/navigator_mission_item__rosidl_typesupport_introspection_c.h\n'}
[2.390593] (px4_msgs) StdoutLine: {'line': b'-- Up-to-date: /home/rschnurr/SkyClaw-Team1/ros2_ws/install/px4_msgs/include/px4_msgs/px4_msgs/msg/detail/tune_control__rosidl_typesupport_introspection_c.h\n'}
[2.390625] (px4_msgs) StdoutLine: {'line': b'-- Up-to-date: /home/rschnurr/SkyClaw-Team1/ros2_ws/install/px4_msgs/include/px4_msgs/px4_msgs/msg/detail/landing_target_pose__rosidl_typesupport_introspection_c.h\n'}
[2.390700] (px4_msgs) StdoutLine: {'line': b'-- Up-to-date: /home/rschnurr/SkyClaw-Team1/ros2_ws/install/px4_msgs/include/px4_msgs/px4_msgs/msg/detail/dronecan_node_status__rosidl_typesupport_introspection_c.h\n'}
[2.390741] (px4_msgs) StdoutLine: {'line': b'-- Up-to-date: /home/rschnurr/SkyClaw-Team1/ros2_ws/install/px4_msgs/include/px4_msgs/px4_msgs/msg/detail/landing_gear__type_support.c\n'}
[2.390774] (px4_msgs) StdoutLine: {'line': b'-- Up-to-date: /home/rschnurr/SkyClaw-Team1/ros2_ws/install/px4_msgs/include/px4_msgs/px4_msgs/msg/detail/px4io_status__type_support.c\n'}
[2.390805] (px4_msgs) StdoutLine: {'line': b'-- Up-to-date: /home/rschnurr/SkyClaw-Team1/ros2_ws/install/px4_msgs/include/px4_msgs/px4_msgs/msg/detail/longitudinal_control_configuration__type_support.c\n'}
[2.390838] (px4_msgs) StdoutLine: {'line': b'-- Up-to-date: /home/rschnurr/SkyClaw-Team1/ros2_ws/install/px4_msgs/include/px4_msgs/px4_msgs/msg/detail/esc_report__type_support.c\n'}
[2.390869] (px4_msgs) StdoutLine: {'line': b'-- Up-to-date: /home/rschnurr/SkyClaw-Team1/ros2_ws/install/px4_msgs/include/px4_msgs/px4_msgs/msg/detail/fixed_wing_longitudinal_setpoint__type_support.c\n'}
[2.390901] (px4_msgs) StdoutLine: {'line': b'-- Up-to-date: /home/rschnurr/SkyClaw-Team1/ros2_ws/install/px4_msgs/include/px4_msgs/px4_msgs/msg/detail/airspeed_validated__type_support.c\n'}
[2.390931] (px4_msgs) StdoutLine: {'line': b'-- Up-to-date: /home/rschnurr/SkyClaw-Team1/ros2_ws/install/px4_msgs/include/px4_msgs/px4_msgs/msg/detail/failsafe_flags__type_support.c\n'}
[2.390961] (px4_msgs) StdoutLine: {'line': b'-- Up-to-date: /home/rschnurr/SkyClaw-Team1/ros2_ws/install/px4_msgs/include/px4_msgs/px4_msgs/msg/detail/actuator_motors__rosidl_typesupport_introspection_c.h\n'}
[2.390992] (px4_msgs) StdoutLine: {'line': b'-- Up-to-date: /home/rschnurr/SkyClaw-Team1/ros2_ws/install/px4_msgs/include/px4_msgs/px4_msgs/msg/detail/log_message__rosidl_typesupport_introspection_c.h\n'}
[2.391023] (px4_msgs) StdoutLine: {'line': b'-- Up-to-date: /home/rschnurr/SkyClaw-Team1/ros2_ws/install/px4_msgs/include/px4_msgs/px4_msgs/msg/detail/sensor_uwb__rosidl_typesupport_introspection_c.h\n'}
[2.391054] (px4_msgs) StdoutLine: {'line': b'-- Up-to-date: /home/rschnurr/SkyClaw-Team1/ros2_ws/install/px4_msgs/include/px4_msgs/px4_msgs/msg/detail/config_overrides__rosidl_typesupport_introspection_c.h\n'}
[2.391089] (px4_msgs) StdoutLine: {'line': b'-- Up-to-date: /home/rschnurr/SkyClaw-Team1/ros2_ws/install/px4_msgs/include/px4_msgs/px4_msgs/msg/detail/fixed_wing_lateral_setpoint__rosidl_typesupport_introspection_c.h\n'}
[2.391143] (px4_msgs) StdoutLine: {'line': b'-- Up-to-date: /home/rschnurr/SkyClaw-Team1/ros2_ws/install/px4_msgs/include/px4_msgs/px4_msgs/msg/detail/estimator_event_flags__rosidl_typesupport_introspection_c.h\n'}
[2.391176] (px4_msgs) StdoutLine: {'line': b'-- Up-to-date: /home/rschnurr/SkyClaw-Team1/ros2_ws/install/px4_msgs/include/px4_msgs/px4_msgs/msg/detail/ulog_stream__type_support.c\n'}
[2.391220] (px4_msgs) StdoutLine: {'line': b'-- Up-to-date: /home/rschnurr/SkyClaw-Team1/ros2_ws/install/px4_msgs/include/px4_msgs/px4_msgs/msg/detail/airspeed__type_support.c\n'}
[2.391319] (px4_msgs) StdoutLine: {'line': b'-- Up-to-date: /home/rschnurr/SkyClaw-Team1/ros2_ws/install/px4_msgs/include/px4_msgs/px4_msgs/msg/detail/vehicle_global_position__type_support.c\n'}
[2.391357] (px4_msgs) StdoutLine: {'line': b'-- Up-to-date: /home/rschnurr/SkyClaw-Team1/ros2_ws/install/px4_msgs/include/px4_msgs/px4_msgs/msg/detail/rover_rate_setpoint__rosidl_typesupport_introspection_c.h\n'}
[2.391393] (px4_msgs) StdoutLine: {'line': b'-- Up-to-date: /home/rschnurr/SkyClaw-Team1/ros2_ws/install/px4_msgs/include/px4_msgs/px4_msgs/msg/detail/vehicle_optical_flow_vel__type_support.c\n'}
[2.391429] (px4_msgs) StdoutLine: {'line': b'-- Up-to-date: /home/rschnurr/SkyClaw-Team1/ros2_ws/install/px4_msgs/include/px4_msgs/px4_msgs/msg/detail/hover_thrust_estimate__rosidl_typesupport_introspection_c.h\n'}
[2.391470] (px4_msgs) StdoutLine: {'line': b'-- Up-to-date: /home/rschnurr/SkyClaw-Team1/ros2_ws/install/px4_msgs/include/px4_msgs/px4_msgs/msg/detail/esc_status__type_support.c\n'}
[2.391503] (px4_msgs) StdoutLine: {'line': b'-- Up-to-date: /home/rschnurr/SkyClaw-Team1/ros2_ws/install/px4_msgs/include/px4_msgs/px4_msgs/msg/detail/figure_eight_status__type_support.c\n'}
[2.391532] (px4_msgs) StdoutLine: {'line': b'-- Up-to-date: /home/rschnurr/SkyClaw-Team1/ros2_ws/install/px4_msgs/include/px4_msgs/px4_msgs/msg/detail/internal_combustion_engine_control__rosidl_typesupport_introspection_c.h\n'}
[2.391562] (px4_msgs) StdoutLine: {'line': b'-- Up-to-date: /home/rschnurr/SkyClaw-Team1/ros2_ws/install/px4_msgs/include/px4_msgs/px4_msgs/msg/detail/debug_array__rosidl_typesupport_introspection_c.h\n'}
[2.391593] (px4_msgs) StdoutLine: {'line': b'-- Up-to-date: /home/rschnurr/SkyClaw-Team1/ros2_ws/install/px4_msgs/lib/libpx4_msgs__rosidl_typesupport_introspection_c.so\n'}
[2.391623] (px4_msgs) StdoutLine: {'line': b'-- Up-to-date: /home/rschnurr/SkyClaw-Team1/ros2_ws/install/px4_msgs/lib/libpx4_msgs__rosidl_typesupport_c.so\n'}
[2.391653] (px4_msgs) StdoutLine: {'line': b'-- Up-to-date: /home/rschnurr/SkyClaw-Team1/ros2_ws/install/px4_msgs/include/px4_msgs/px4_msgs\n'}
[2.391682] (px4_msgs) StdoutLine: {'line': b'-- Up-to-date: /home/rschnurr/SkyClaw-Team1/ros2_ws/install/px4_msgs/include/px4_msgs/px4_msgs/srv\n'}
[2.391714] (px4_msgs) StdoutLine: {'line': b'-- Up-to-date: /home/rschnurr/SkyClaw-Team1/ros2_ws/install/px4_msgs/include/px4_msgs/px4_msgs/srv/detail\n'}
[2.391746] (px4_msgs) StdoutLine: {'line': b'-- Up-to-date: /home/rschnurr/SkyClaw-Team1/ros2_ws/install/px4_msgs/include/px4_msgs/px4_msgs/srv/detail/vehicle_command__rosidl_typesupport_introspection_cpp.hpp\n'}
[2.391778] (px4_msgs) StdoutLine: {'line': b'-- Up-to-date: /home/rschnurr/SkyClaw-Team1/ros2_ws/install/px4_msgs/include/px4_msgs/px4_msgs/srv/detail/vehicle_command__type_support.cpp\n'}
[2.391817] (px4_msgs) StdoutLine: {'line': b'-- Up-to-date: /home/rschnurr/SkyClaw-Team1/ros2_ws/install/px4_msgs/include/px4_msgs/px4_msgs/msg\n'}
[2.391850] (px4_msgs) StdoutLine: {'line': b'-- Up-to-date: /home/rschnurr/SkyClaw-Team1/ros2_ws/install/px4_msgs/include/px4_msgs/px4_msgs/msg/detail\n'}
[2.391883] (px4_msgs) StdoutLine: {'line': b'-- Up-to-date: /home/rschnurr/SkyClaw-Team1/ros2_ws/install/px4_msgs/include/px4_msgs/px4_msgs/msg/detail/longitudinal_control_configuration__rosidl_typesupport_introspection_cpp.hpp\n'}
[2.391918] (px4_msgs) StdoutLine: {'line': b'-- Up-to-date: /home/rschnurr/SkyClaw-Team1/ros2_ws/install/px4_msgs/include/px4_msgs/px4_msgs/msg/detail/geofence_status__type_support.cpp\n'}
[2.391951] (px4_msgs) StdoutLine: {'line': b'-- Up-to-date: /home/rschnurr/SkyClaw-Team1/ros2_ws/install/px4_msgs/include/px4_msgs/px4_msgs/msg/detail/estimator_status_flags__rosidl_typesupport_introspection_cpp.hpp\n'}
[2.391983] (px4_msgs) StdoutLine: {'line': b'-- Up-to-date: /home/rschnurr/SkyClaw-Team1/ros2_ws/install/px4_msgs/include/px4_msgs/px4_msgs/msg/detail/magnetometer_bias_estimate__type_support.cpp\n'}
[2.392016] (px4_msgs) StdoutLine: {'line': b'-- Up-to-date: /home/rschnurr/SkyClaw-Team1/ros2_ws/install/px4_msgs/include/px4_msgs/px4_msgs/msg/detail/hover_thrust_estimate__rosidl_typesupport_introspection_cpp.hpp\n'}
[2.392048] (px4_msgs) StdoutLine: {'line': b'-- Up-to-date: /home/rschnurr/SkyClaw-Team1/ros2_ws/install/px4_msgs/include/px4_msgs/px4_msgs/msg/detail/rover_rate_status__type_support.cpp\n'}
[2.392079] (px4_msgs) StdoutLine: {'line': b'-- Up-to-date: /home/rschnurr/SkyClaw-Team1/ros2_ws/install/px4_msgs/include/px4_msgs/px4_msgs/msg/detail/esc_status__type_support.cpp\n'}
[2.392109] (px4_msgs) StdoutLine: {'line': b'-- Up-to-date: /home/rschnurr/SkyClaw-Team1/ros2_ws/install/px4_msgs/include/px4_msgs/px4_msgs/msg/detail/estimator_event_flags__type_support.cpp\n'}
[2.392140] (px4_msgs) StdoutLine: {'line': b'-- Up-to-date: /home/rschnurr/SkyClaw-Team1/ros2_ws/install/px4_msgs/include/px4_msgs/px4_msgs/msg/detail/vehicle_constraints__rosidl_typesupport_introspection_cpp.hpp\n'}
[2.392169] (px4_msgs) StdoutLine: {'line': b'-- Up-to-date: /home/rschnurr/SkyClaw-Team1/ros2_ws/install/px4_msgs/include/px4_msgs/px4_msgs/msg/detail/airspeed_validated__rosidl_typesupport_introspection_cpp.hpp\n'}
[2.392203] (px4_msgs) StdoutLine: {'line': b'-- Up-to-date: /home/rschnurr/SkyClaw-Team1/ros2_ws/install/px4_msgs/include/px4_msgs/px4_msgs/msg/detail/actuator_armed__rosidl_typesupport_introspection_cpp.hpp\n'}
[2.392235] (px4_msgs) StdoutLine: {'line': b'-- Up-to-date: /home/rschnurr/SkyClaw-Team1/ros2_ws/install/px4_msgs/include/px4_msgs/px4_msgs/msg/detail/dronecan_node_status__type_support.cpp\n'}
[2.392265] (px4_msgs) StdoutLine: {'line': b'-- Up-to-date: /home/rschnurr/SkyClaw-Team1/ros2_ws/install/px4_msgs/include/px4_msgs/px4_msgs/msg/detail/sensor_combined__type_support.cpp\n'}
[2.392330] (px4_msgs) StdoutLine: {'line': b'-- Up-to-date: /home/rschnurr/SkyClaw-Team1/ros2_ws/install/px4_msgs/include/px4_msgs/px4_msgs/msg/detail/sensor_accel__type_support.cpp\n'}
[2.392407] (px4_msgs) StdoutLine: {'line': b'-- Up-to-date: /home/rschnurr/SkyClaw-Team1/ros2_ws/install/px4_msgs/include/px4_msgs/px4_msgs/msg/detail/action_request__type_support.cpp\n'}
[2.392514] (px4_msgs) StdoutLine: {'line': b'-- Up-to-date: /home/rschnurr/SkyClaw-Team1/ros2_ws/install/px4_msgs/include/px4_msgs/px4_msgs/msg/detail/navigator_status__type_support.cpp\n'}
[2.392571] (px4_msgs) StdoutLine: {'line': b'-- Up-to-date: /home/rschnurr/SkyClaw-Team1/ros2_ws/install/px4_msgs/include/px4_msgs/px4_msgs/msg/detail/offboard_control_mode__rosidl_typesupport_introspection_cpp.hpp\n'}
[2.392608] (px4_msgs) StdoutLine: {'line': b'-- Up-to-date: /home/rschnurr/SkyClaw-Team1/ros2_ws/install/px4_msgs/include/px4_msgs/px4_msgs/msg/detail/estimator_aid_source3d__type_support.cpp\n'}
[2.392641] (px4_msgs) StdoutLine: {'line': b'-- Up-to-date: /home/rschnurr/SkyClaw-Team1/ros2_ws/install/px4_msgs/include/px4_msgs/px4_msgs/msg/detail/mavlink_tunnel__type_support.cpp\n'}
[2.392673] (px4_msgs) StdoutLine: {'line': b'-- Up-to-date: /home/rschnurr/SkyClaw-Team1/ros2_ws/install/px4_msgs/include/px4_msgs/px4_msgs/msg/detail/collision_constraints__type_support.cpp\n'}
[2.392703] (px4_msgs) StdoutLine: {'line': b'-- Up-to-date: /home/rschnurr/SkyClaw-Team1/ros2_ws/install/px4_msgs/include/px4_msgs/px4_msgs/msg/detail/gripper__rosidl_typesupport_introspection_cpp.hpp\n'}
[2.392733] (px4_msgs) StdoutLine: {'line': b'-- Up-to-date: /home/rschnurr/SkyClaw-Team1/ros2_ws/install/px4_msgs/include/px4_msgs/px4_msgs/msg/detail/internal_combustion_engine_status__rosidl_typesupport_introspection_cpp.hpp\n'}
[2.392765] (px4_msgs) StdoutLine: {'line': b'-- Up-to-date: /home/rschnurr/SkyClaw-Team1/ros2_ws/install/px4_msgs/include/px4_msgs/px4_msgs/msg/detail/actuator_servos__rosidl_typesupport_introspection_cpp.hpp\n'}
[2.392796] (px4_msgs) StdoutLine: {'line': b'-- Up-to-date: /home/rschnurr/SkyClaw-Team1/ros2_ws/install/px4_msgs/include/px4_msgs/px4_msgs/msg/detail/magnetometer_bias_estimate__rosidl_typesupport_introspection_cpp.hpp\n'}
[2.392863] (px4_msgs) StdoutLine: {'line': b'-- Up-to-date: /home/rschnurr/SkyClaw-Team1/ros2_ws/install/px4_msgs/include/px4_msgs/px4_msgs/msg/detail/sensor_gnss_status__rosidl_typesupport_introspection_cpp.hpp\n'}
[2.392908] (px4_msgs) StdoutLine: {'line': b'-- Up-to-date: /home/rschnurr/SkyClaw-Team1/ros2_ws/install/px4_msgs/include/px4_msgs/px4_msgs/msg/detail/tune_control__rosidl_typesupport_introspection_cpp.hpp\n'}
[2.392942] (px4_msgs) StdoutLine: {'line': b'-- Up-to-date: /home/rschnurr/SkyClaw-Team1/ros2_ws/install/px4_msgs/include/px4_msgs/px4_msgs/msg/detail/vehicle_magnetometer__rosidl_typesupport_introspection_cpp.hpp\n'}
[2.392975] (px4_msgs) StdoutLine: {'line': b'-- Up-to-date: /home/rschnurr/SkyClaw-Team1/ros2_ws/install/px4_msgs/include/px4_msgs/px4_msgs/msg/detail/gpio_request__rosidl_typesupport_introspection_cpp.hpp\n'}
[2.393007] (px4_msgs) StdoutLine: {'line': b'-- Up-to-date: /home/rschnurr/SkyClaw-Team1/ros2_ws/install/px4_msgs/include/px4_msgs/px4_msgs/msg/detail/parameter_set_used_request__rosidl_typesupport_introspection_cpp.hpp\n'}
[2.393044] (px4_msgs) StdoutLine: {'line': b'-- Up-to-date: /home/rschnurr/SkyClaw-Team1/ros2_ws/install/px4_msgs/include/px4_msgs/px4_msgs/msg/detail/px4io_status__rosidl_typesupport_introspection_cpp.hpp\n'}
[2.393073] (px4_msgs) StdoutLine: {'line': b'-- Up-to-date: /home/rschnurr/SkyClaw-Team1/ros2_ws/install/px4_msgs/include/px4_msgs/px4_msgs/msg/detail/vehicle_status__rosidl_typesupport_introspection_cpp.hpp\n'}
[2.393103] (px4_msgs) StdoutLine: {'line': b'-- Up-to-date: /home/rschnurr/SkyClaw-Team1/ros2_ws/install/px4_msgs/include/px4_msgs/px4_msgs/msg/detail/esc_status__rosidl_typesupport_introspection_cpp.hpp\n'}
[2.393135] (px4_msgs) StdoutLine: {'line': b'-- Up-to-date: /home/rschnurr/SkyClaw-Team1/ros2_ws/install/px4_msgs/include/px4_msgs/px4_msgs/msg/detail/satellite_info__type_support.cpp\n'}
[2.393165] (px4_msgs) StdoutLine: {'line': b'-- Up-to-date: /home/rschnurr/SkyClaw-Team1/ros2_ws/install/px4_msgs/include/px4_msgs/px4_msgs/msg/detail/parameter_update__type_support.cpp\n'}
[2.393197] (px4_msgs) StdoutLine: {'line': b'-- Up-to-date: /home/rschnurr/SkyClaw-Team1/ros2_ws/install/px4_msgs/include/px4_msgs/px4_msgs/msg/detail/system_power__type_support.cpp\n'}
[2.393252] (px4_msgs) StdoutLine: {'line': b'-- Up-to-date: /home/rschnurr/SkyClaw-Team1/ros2_ws/install/px4_msgs/include/px4_msgs/px4_msgs/msg/detail/vehicle_imu_status__type_support.cpp\n'}
[2.393283] (px4_msgs) StdoutLine: {'line': b'-- Up-to-date: /home/rschnurr/SkyClaw-Team1/ros2_ws/install/px4_msgs/include/px4_msgs/px4_msgs/msg/detail/open_drone_id_arm_status__type_support.cpp\n'}
[2.393316] (px4_msgs) StdoutLine: {'line': b'-- Up-to-date: /home/rschnurr/SkyClaw-Team1/ros2_ws/install/px4_msgs/include/px4_msgs/px4_msgs/msg/detail/mission_result__rosidl_typesupport_introspection_cpp.hpp\n'}
[2.393349] (px4_msgs) StdoutLine: {'line': b'-- Up-to-date: /home/rschnurr/SkyClaw-Team1/ros2_ws/install/px4_msgs/include/px4_msgs/px4_msgs/msg/detail/mag_worker_data__rosidl_typesupport_introspection_cpp.hpp\n'}
[2.393383] (px4_msgs) StdoutLine: {'line': b'-- Up-to-date: /home/rschnurr/SkyClaw-Team1/ros2_ws/install/px4_msgs/include/px4_msgs/px4_msgs/msg/detail/transponder_report__type_support.cpp\n'}
[2.393466] (px4_msgs) StdoutLine: {'line': b'-- Up-to-date: /home/rschnurr/SkyClaw-Team1/ros2_ws/install/px4_msgs/include/px4_msgs/px4_msgs/msg/detail/button_event__rosidl_typesupport_introspection_cpp.hpp\n'}
[2.393515] (px4_msgs) StdoutLine: {'line': b'-- Up-to-date: /home/rschnurr/SkyClaw-Team1/ros2_ws/install/px4_msgs/include/px4_msgs/px4_msgs/msg/detail/parameter_set_value_response__rosidl_typesupport_introspection_cpp.hpp\n'}
[2.393560] (px4_msgs) StdoutLine: {'line': b'-- Up-to-date: /home/rschnurr/SkyClaw-Team1/ros2_ws/install/px4_msgs/include/px4_msgs/px4_msgs/msg/detail/vehicle_air_data__type_support.cpp\n'}
[2.393598] (px4_msgs) StdoutLine: {'line': b'-- Up-to-date: /home/rschnurr/SkyClaw-Team1/ros2_ws/install/px4_msgs/include/px4_msgs/px4_msgs/msg/detail/action_request__rosidl_typesupport_introspection_cpp.hpp\n'}
[2.393633] (px4_msgs) StdoutLine: {'line': b'-- Up-to-date: /home/rschnurr/SkyClaw-Team1/ros2_ws/install/px4_msgs/include/px4_msgs/px4_msgs/msg/detail/sensors_status__type_support.cpp\n'}
[2.393667] (px4_msgs) StdoutLine: {'line': b'-- Up-to-date: /home/rschnurr/SkyClaw-Team1/ros2_ws/install/px4_msgs/include/px4_msgs/px4_msgs/msg/detail/vehicle_angular_acceleration_setpoint__type_support.cpp\n'}
[2.393701] (px4_msgs) StdoutLine: {'line': b'-- Up-to-date: /home/rschnurr/SkyClaw-Team1/ros2_ws/install/px4_msgs/include/px4_msgs/px4_msgs/msg/detail/fixed_wing_lateral_guidance_status__rosidl_typesupport_introspection_cpp.hpp\n'}
[2.393735] (px4_msgs) StdoutLine: {'line': b'-- Up-to-date: /home/rschnurr/SkyClaw-Team1/ros2_ws/install/px4_msgs/include/px4_msgs/px4_msgs/msg/detail/estimator_states__rosidl_typesupport_introspection_cpp.hpp\n'}
[2.393769] (px4_msgs) StdoutLine: {'line': b'-- Up-to-date: /home/rschnurr/SkyClaw-Team1/ros2_ws/install/px4_msgs/include/px4_msgs/px4_msgs/msg/detail/gimbal_device_information__rosidl_typesupport_introspection_cpp.hpp\n'}
[2.393801] (px4_msgs) StdoutLine: {'line': b'-- Up-to-date: /home/rschnurr/SkyClaw-Team1/ros2_ws/install/px4_msgs/include/px4_msgs/px4_msgs/msg/detail/vehicle_optical_flow__type_support.cpp\n'}
[2.393831] (px4_msgs) StdoutLine: {'line': b'-- Up-to-date: /home/rschnurr/SkyClaw-Team1/ros2_ws/install/px4_msgs/include/px4_msgs/px4_msgs/msg/detail/estimator_aid_source3d__rosidl_typesupport_introspection_cpp.hpp\n'}
[2.393862] (px4_msgs) StdoutLine: {'line': b'-- Up-to-date: /home/rschnurr/SkyClaw-Team1/ros2_ws/install/px4_msgs/include/px4_msgs/px4_msgs/msg/detail/input_rc__rosidl_typesupport_introspection_cpp.hpp\n'}
[2.393934] (px4_msgs) StdoutLine: {'line': b'-- Up-to-date: /home/rschnurr/SkyClaw-Team1/ros2_ws/install/px4_msgs/include/px4_msgs/px4_msgs/msg/detail/message_format_response__type_support.cpp\n'}
[2.394004] (px4_msgs) StdoutLine: {'line': b'-- Up-to-date: /home/rschnurr/SkyClaw-Team1/ros2_ws/install/px4_msgs/include/px4_msgs/px4_msgs/msg/detail/estimator_bias__type_support.cpp\n'}
[2.394044] (px4_msgs) StdoutLine: {'line': b'-- Up-to-date: /home/rschnurr/SkyClaw-Team1/ros2_ws/install/px4_msgs/include/px4_msgs/px4_msgs/msg/detail/vehicle_optical_flow_vel__rosidl_typesupport_introspection_cpp.hpp\n'}
[2.394069] (px4_msgs) StdoutLine: {'line': b'-- Up-to-date: /home/rschnurr/SkyClaw-Team1/ros2_ws/install/px4_msgs/include/px4_msgs/px4_msgs/msg/detail/orbit_status__type_support.cpp\n'}
[2.394096] (px4_msgs) StdoutLine: {'line': b'-- Up-to-date: /home/rschnurr/SkyClaw-Team1/ros2_ws/install/px4_msgs/include/px4_msgs/px4_msgs/msg/detail/distance_sensor_mode_change_request__type_support.cpp\n'}
[2.394122] (px4_msgs) StdoutLine: {'line': b'-- Up-to-date: /home/rschnurr/SkyClaw-Team1/ros2_ws/install/px4_msgs/include/px4_msgs/px4_msgs/msg/detail/vehicle_control_mode__type_support.cpp\n'}
[2.394183] (px4_msgs) StdoutLine: {'line': b'-- Up-to-date: /home/rschnurr/SkyClaw-Team1/ros2_ws/install/px4_msgs/include/px4_msgs/px4_msgs/msg/detail/timesync_status__type_support.cpp\n'}
[2.394231] (px4_msgs) StdoutLine: {'line': b'-- Up-to-date: /home/rschnurr/SkyClaw-Team1/ros2_ws/install/px4_msgs/include/px4_msgs/px4_msgs/msg/detail/gpio_request__type_support.cpp\n'}
[2.394376] (px4_msgs) StdoutLine: {'line': b'-- Up-to-date: /home/rschnurr/SkyClaw-Team1/ros2_ws/install/px4_msgs/include/px4_msgs/px4_msgs/msg/detail/iridiumsbd_status__type_support.cpp\n'}
[2.394426] (px4_msgs) StdoutLine: {'line': b'-- Up-to-date: /home/rschnurr/SkyClaw-Team1/ros2_ws/install/px4_msgs/include/px4_msgs/px4_msgs/msg/detail/open_drone_id_self_id__rosidl_typesupport_introspection_cpp.hpp\n'}
[2.394459] (px4_msgs) StdoutLine: {'line': b'-- Up-to-date: /home/rschnurr/SkyClaw-Team1/ros2_ws/install/px4_msgs/include/px4_msgs/px4_msgs/msg/detail/vehicle_optical_flow_vel__type_support.cpp\n'}
[2.394489] (px4_msgs) StdoutLine: {'line': b'-- Up-to-date: /home/rschnurr/SkyClaw-Team1/ros2_ws/install/px4_msgs/include/px4_msgs/px4_msgs/msg/detail/vehicle_odometry__type_support.cpp\n'}
[2.394518] (px4_msgs) StdoutLine: {'line': b'-- Up-to-date: /home/rschnurr/SkyClaw-Team1/ros2_ws/install/px4_msgs/include/px4_msgs/px4_msgs/msg/detail/sensor_preflight_mag__rosidl_typesupport_introspection_cpp.hpp\n'}
[2.394547] (px4_msgs) StdoutLine: {'line': b'-- Up-to-date: /home/rschnurr/SkyClaw-Team1/ros2_ws/install/px4_msgs/include/px4_msgs/px4_msgs/msg/detail/rover_rate_setpoint__type_support.cpp\n'}
[2.394574] (px4_msgs) StdoutLine: {'line': b'-- Up-to-date: /home/rschnurr/SkyClaw-Team1/ros2_ws/install/px4_msgs/include/px4_msgs/px4_msgs/msg/detail/vehicle_attitude_setpoint__type_support.cpp\n'}
[2.394602] (px4_msgs) StdoutLine: {'line': b'-- Up-to-date: /home/rschnurr/SkyClaw-Team1/ros2_ws/install/px4_msgs/include/px4_msgs/px4_msgs/msg/detail/sensor_accel_fifo__rosidl_typesupport_introspection_cpp.hpp\n'}
[2.394639] (px4_msgs) StdoutLine: {'line': b'-- Up-to-date: /home/rschnurr/SkyClaw-Team1/ros2_ws/install/px4_msgs/include/px4_msgs/px4_msgs/msg/detail/vehicle_roi__rosidl_typesupport_introspection_cpp.hpp\n'}
[2.394667] (px4_msgs) StdoutLine: {'line': b'-- Up-to-date: /home/rschnurr/SkyClaw-Team1/ros2_ws/install/px4_msgs/include/px4_msgs/px4_msgs/msg/detail/vehicle_thrust_setpoint__type_support.cpp\n'}
[2.394696] (px4_msgs) StdoutLine: {'line': b'-- Up-to-date: /home/rschnurr/SkyClaw-Team1/ros2_ws/install/px4_msgs/include/px4_msgs/px4_msgs/msg/detail/position_setpoint__rosidl_typesupport_introspection_cpp.hpp\n'}
[2.394722] (px4_msgs) StdoutLine: {'line': b'-- Up-to-date: /home/rschnurr/SkyClaw-Team1/ros2_ws/install/px4_msgs/include/px4_msgs/px4_msgs/msg/detail/mode_completed__type_support.cpp\n'}
[2.394750] (px4_msgs) StdoutLine: {'line': b'-- Up-to-date: /home/rschnurr/SkyClaw-Team1/ros2_ws/install/px4_msgs/include/px4_msgs/px4_msgs/msg/detail/pwm_input__rosidl_typesupport_introspection_cpp.hpp\n'}
[2.394779] (px4_msgs) StdoutLine: {'line': b'-- Up-to-date: /home/rschnurr/SkyClaw-Team1/ros2_ws/install/px4_msgs/include/px4_msgs/px4_msgs/msg/detail/cellular_status__rosidl_typesupport_introspection_cpp.hpp\n'}
[2.394805] (px4_msgs) StdoutLine: {'line': b'-- Up-to-date: /home/rschnurr/SkyClaw-Team1/ros2_ws/install/px4_msgs/include/px4_msgs/px4_msgs/msg/detail/estimator_status__type_support.cpp\n'}
[2.394834] (px4_msgs) StdoutLine: {'line': b'-- Up-to-date: /home/rschnurr/SkyClaw-Team1/ros2_ws/install/px4_msgs/include/px4_msgs/px4_msgs/msg/detail/wheel_encoders__type_support.cpp\n'}
[2.394860] (px4_msgs) StdoutLine: {'line': b'-- Up-to-date: /home/rschnurr/SkyClaw-Team1/ros2_ws/install/px4_msgs/include/px4_msgs/px4_msgs/msg/detail/pure_pursuit_status__type_support.cpp\n'}
[2.394886] (px4_msgs) StdoutLine: {'line': b'-- Up-to-date: /home/rschnurr/SkyClaw-Team1/ros2_ws/install/px4_msgs/include/px4_msgs/px4_msgs/msg/detail/mavlink_tunnel__rosidl_typesupport_introspection_cpp.hpp\n'}
[2.394912] (px4_msgs) StdoutLine: {'line': b'-- Up-to-date: /home/rschnurr/SkyClaw-Team1/ros2_ws/install/px4_msgs/include/px4_msgs/px4_msgs/msg/detail/ekf2_timestamps__rosidl_typesupport_introspection_cpp.hpp\n'}
[2.394937] (px4_msgs) StdoutLine: {'line': b'-- Up-to-date: /home/rschnurr/SkyClaw-Team1/ros2_ws/install/px4_msgs/include/px4_msgs/px4_msgs/msg/detail/arming_check_request__type_support.cpp\n'}
[2.394964] (px4_msgs) StdoutLine: {'line': b'-- Up-to-date: /home/rschnurr/SkyClaw-Team1/ros2_ws/install/px4_msgs/include/px4_msgs/px4_msgs/msg/detail/airspeed_wind__rosidl_typesupport_introspection_cpp.hpp\n'}
[2.394989] (px4_msgs) StdoutLine: {'line': b'-- Up-to-date: /home/rschnurr/SkyClaw-Team1/ros2_ws/install/px4_msgs/include/px4_msgs/px4_msgs/msg/detail/estimator_bias3d__rosidl_typesupport_introspection_cpp.hpp\n'}
[2.395015] (px4_msgs) StdoutLine: {'line': b'-- Up-to-date: /home/rschnurr/SkyClaw-Team1/ros2_ws/install/px4_msgs/include/px4_msgs/px4_msgs/msg/detail/position_setpoint_triplet__rosidl_typesupport_introspection_cpp.hpp\n'}
[2.395041] (px4_msgs) StdoutLine: {'line': b'-- Up-to-date: /home/rschnurr/SkyClaw-Team1/ros2_ws/install/px4_msgs/include/px4_msgs/px4_msgs/msg/detail/uavcan_parameter_value__type_support.cpp\n'}
[2.395067] (px4_msgs) StdoutLine: {'line': b'-- Up-to-date: /home/rschnurr/SkyClaw-Team1/ros2_ws/install/px4_msgs/include/px4_msgs/px4_msgs/msg/detail/onboard_computer_status__type_support.cpp\n'}
[2.395093] (px4_msgs) StdoutLine: {'line': b'-- Up-to-date: /home/rschnurr/SkyClaw-Team1/ros2_ws/install/px4_msgs/include/px4_msgs/px4_msgs/msg/detail/gimbal_controls__rosidl_typesupport_introspection_cpp.hpp\n'}
[2.395119] (px4_msgs) StdoutLine: {'line': b'-- Up-to-date: /home/rschnurr/SkyClaw-Team1/ros2_ws/install/px4_msgs/include/px4_msgs/px4_msgs/msg/detail/rover_rate_status__rosidl_typesupport_introspection_cpp.hpp\n'}
[2.395146] (px4_msgs) StdoutLine: {'line': b'-- Up-to-date: /home/rschnurr/SkyClaw-Team1/ros2_ws/install/px4_msgs/include/px4_msgs/px4_msgs/msg/detail/sensor_preflight_mag__type_support.cpp\n'}
[2.395173] (px4_msgs) StdoutLine: {'line': b'-- Up-to-date: /home/rschnurr/SkyClaw-Team1/ros2_ws/install/px4_msgs/include/px4_msgs/px4_msgs/msg/detail/transponder_report__rosidl_typesupport_introspection_cpp.hpp\n'}
[2.395199] (px4_msgs) StdoutLine: {'line': b'-- Up-to-date: /home/rschnurr/SkyClaw-Team1/ros2_ws/install/px4_msgs/include/px4_msgs/px4_msgs/msg/detail/vehicle_rates_setpoint__rosidl_typesupport_introspection_cpp.hpp\n'}
[2.395227] (px4_msgs) StdoutLine: {'line': b'-- Up-to-date: /home/rschnurr/SkyClaw-Team1/ros2_ws/install/px4_msgs/include/px4_msgs/px4_msgs/msg/detail/mount_orientation__type_support.cpp\n'}
[2.395256] (px4_msgs) StdoutLine: {'line': b'-- Up-to-date: /home/rschnurr/SkyClaw-Team1/ros2_ws/install/px4_msgs/include/px4_msgs/px4_msgs/msg/detail/vehicle_global_position__type_support.cpp\n'}
[2.395282] (px4_msgs) StdoutLine: {'line': b'-- Up-to-date: /home/rschnurr/SkyClaw-Team1/ros2_ws/install/px4_msgs/include/px4_msgs/px4_msgs/msg/detail/rc_parameter_map__type_support.cpp\n'}
[2.395310] (px4_msgs) StdoutLine: {'line': b'-- Up-to-date: /home/rschnurr/SkyClaw-Team1/ros2_ws/install/px4_msgs/include/px4_msgs/px4_msgs/msg/detail/pps_capture__rosidl_typesupport_introspection_cpp.hpp\n'}
[2.395337] (px4_msgs) StdoutLine: {'line': b'-- Up-to-date: /home/rschnurr/SkyClaw-Team1/ros2_ws/install/px4_msgs/include/px4_msgs/px4_msgs/msg/detail/trajectory_setpoint6dof__type_support.cpp\n'}
[2.395371] (px4_msgs) StdoutLine: {'line': b'-- Up-to-date: /home/rschnurr/SkyClaw-Team1/ros2_ws/install/px4_msgs/include/px4_msgs/px4_msgs/msg/detail/airspeed_validated__type_support.cpp\n'}
[2.395399] (px4_msgs) StdoutLine: {'line': b'-- Up-to-date: /home/rschnurr/SkyClaw-Team1/ros2_ws/install/px4_msgs/include/px4_msgs/px4_msgs/msg/detail/rover_position_setpoint__rosidl_typesupport_introspection_cpp.hpp\n'}
[2.395426] (px4_msgs) StdoutLine: {'line': b'-- Up-to-date: /home/rschnurr/SkyClaw-Team1/ros2_ws/install/px4_msgs/include/px4_msgs/px4_msgs/msg/detail/uavcan_parameter_request__rosidl_typesupport_introspection_cpp.hpp\n'}
[2.395457] (px4_msgs) StdoutLine: {'line': b'-- Up-to-date: /home/rschnurr/SkyClaw-Team1/ros2_ws/install/px4_msgs/include/px4_msgs/px4_msgs/msg/detail/uavcan_parameter_request__type_support.cpp\n'}
[2.395496] (px4_msgs) StdoutLine: {'line': b'-- Up-to-date: /home/rschnurr/SkyClaw-Team1/ros2_ws/install/px4_msgs/include/px4_msgs/px4_msgs/msg/detail/estimator_states__type_support.cpp\n'}
[2.395523] (px4_msgs) StdoutLine: {'line': b'-- Up-to-date: /home/rschnurr/SkyClaw-Team1/ros2_ws/install/px4_msgs/include/px4_msgs/px4_msgs/msg/detail/actuator_outputs__type_support.cpp\n'}
[2.395549] (px4_msgs) StdoutLine: {'line': b'-- Up-to-date: /home/rschnurr/SkyClaw-Team1/ros2_ws/install/px4_msgs/include/px4_msgs/px4_msgs/msg/detail/collision_constraints__rosidl_typesupport_introspection_cpp.hpp\n'}
[2.395576] (px4_msgs) StdoutLine: {'line': b'-- Up-to-date: /home/rschnurr/SkyClaw-Team1/ros2_ws/install/px4_msgs/include/px4_msgs/px4_msgs/msg/detail/differential_pressure__rosidl_typesupport_introspection_cpp.hpp\n'}
[2.395664] (px4_msgs) StdoutLine: {'line': b'-- Up-to-date: /home/rschnurr/SkyClaw-Team1/ros2_ws/install/px4_msgs/include/px4_msgs/px4_msgs/msg/detail/register_ext_component_reply__rosidl_typesupport_introspection_cpp.hpp\n'}
[2.395706] (px4_msgs) StdoutLine: {'line': b'-- Up-to-date: /home/rschnurr/SkyClaw-Team1/ros2_ws/install/px4_msgs/include/px4_msgs/px4_msgs/msg/detail/onboard_computer_status__rosidl_typesupport_introspection_cpp.hpp\n'}
[2.395738] (px4_msgs) StdoutLine: {'line': b'-- Up-to-date: /home/rschnurr/SkyClaw-Team1/ros2_ws/install/px4_msgs/include/px4_msgs/px4_msgs/msg/detail/telemetry_status__type_support.cpp\n'}
[2.395767] (px4_msgs) StdoutLine: {'line': b'-- Up-to-date: /home/rschnurr/SkyClaw-Team1/ros2_ws/install/px4_msgs/include/px4_msgs/px4_msgs/msg/detail/dronecan_node_status__rosidl_typesupport_introspection_cpp.hpp\n'}
[2.395800] (px4_msgs) StdoutLine: {'line': b'-- Up-to-date: /home/rschnurr/SkyClaw-Team1/ros2_ws/install/px4_msgs/include/px4_msgs/px4_msgs/msg/detail/arming_check_request__rosidl_typesupport_introspection_cpp.hpp\n'}
[2.395829] (px4_msgs) StdoutLine: {'line': b'-- Up-to-date: /home/rschnurr/SkyClaw-Team1/ros2_ws/install/px4_msgs/include/px4_msgs/px4_msgs/msg/detail/tiltrotor_extra_controls__rosidl_typesupport_introspection_cpp.hpp\n'}
[2.395866] (px4_msgs) StdoutLine: {'line': b'-- Up-to-date: /home/rschnurr/SkyClaw-Team1/ros2_ws/install/px4_msgs/include/px4_msgs/px4_msgs/msg/detail/distance_sensor__type_support.cpp\n'}
[2.395894] (px4_msgs) StdoutLine: {'line': b'-- Up-to-date: /home/rschnurr/SkyClaw-Team1/ros2_ws/install/px4_msgs/include/px4_msgs/px4_msgs/msg/detail/unregister_ext_component__type_support.cpp\n'}
[2.395922] (px4_msgs) StdoutLine: {'line': b'-- Up-to-date: /home/rschnurr/SkyClaw-Team1/ros2_ws/install/px4_msgs/include/px4_msgs/px4_msgs/msg/detail/hover_thrust_estimate__type_support.cpp\n'}
[2.395950] (px4_msgs) StdoutLine: {'line': b'-- Up-to-date: /home/rschnurr/SkyClaw-Team1/ros2_ws/install/px4_msgs/include/px4_msgs/px4_msgs/msg/detail/follow_target_status__rosidl_typesupport_introspection_cpp.hpp\n'}
[2.395977] (px4_msgs) StdoutLine: {'line': b'-- Up-to-date: /home/rschnurr/SkyClaw-Team1/ros2_ws/install/px4_msgs/include/px4_msgs/px4_msgs/msg/detail/sensor_gyro_fft__rosidl_typesupport_introspection_cpp.hpp\n'}
[2.396004] (px4_msgs) StdoutLine: {'line': b'-- Up-to-date: /home/rschnurr/SkyClaw-Team1/ros2_ws/install/px4_msgs/include/px4_msgs/px4_msgs/msg/detail/sensor_gyro__type_support.cpp\n'}
[2.396032] (px4_msgs) StdoutLine: {'line': b'-- Up-to-date: /home/rschnurr/SkyClaw-Team1/ros2_ws/install/px4_msgs/include/px4_msgs/px4_msgs/msg/detail/power_monitor__type_support.cpp\n'}
[2.396060] (px4_msgs) StdoutLine: {'line': b'-- Up-to-date: /home/rschnurr/SkyClaw-Team1/ros2_ws/install/px4_msgs/include/px4_msgs/px4_msgs/msg/detail/sensor_mag__rosidl_typesupport_introspection_cpp.hpp\n'}
[2.396089] (px4_msgs) StdoutLine: {'line': b'-- Up-to-date: /home/rschnurr/SkyClaw-Team1/ros2_ws/install/px4_msgs/include/px4_msgs/px4_msgs/msg/detail/rpm__rosidl_typesupport_introspection_cpp.hpp\n'}
[2.396115] (px4_msgs) StdoutLine: {'line': b'-- Up-to-date: /home/rschnurr/SkyClaw-Team1/ros2_ws/install/px4_msgs/include/px4_msgs/px4_msgs/msg/detail/gpio_config__rosidl_typesupport_introspection_cpp.hpp\n'}
[2.396142] (px4_msgs) StdoutLine: {'line': b'-- Up-to-date: /home/rschnurr/SkyClaw-Team1/ros2_ws/install/px4_msgs/include/px4_msgs/px4_msgs/msg/detail/sensor_baro__rosidl_typesupport_introspection_cpp.hpp\n'}
[2.396169] (px4_msgs) StdoutLine: {'line': b'-- Up-to-date: /home/rschnurr/SkyClaw-Team1/ros2_ws/install/px4_msgs/include/px4_msgs/px4_msgs/msg/detail/register_ext_component_request__type_support.cpp\n'}
[2.396204] (px4_msgs) StdoutLine: {'line': b'-- Up-to-date: /home/rschnurr/SkyClaw-Team1/ros2_ws/install/px4_msgs/include/px4_msgs/px4_msgs/msg/detail/register_ext_component_reply__type_support.cpp\n'}
[2.396235] (px4_msgs) StdoutLine: {'line': b'-- Up-to-date: /home/rschnurr/SkyClaw-Team1/ros2_ws/install/px4_msgs/include/px4_msgs/px4_msgs/msg/detail/vehicle_optical_flow__rosidl_typesupport_introspection_cpp.hpp\n'}
[2.396273] (px4_msgs) StdoutLine: {'line': b'-- Up-to-date: /home/rschnurr/SkyClaw-Team1/ros2_ws/install/px4_msgs/include/px4_msgs/px4_msgs/msg/detail/landing_gear_wheel__type_support.cpp\n'}
[2.396304] (px4_msgs) StdoutLine: {'line': b'-- Up-to-date: /home/rschnurr/SkyClaw-Team1/ros2_ws/install/px4_msgs/include/px4_msgs/px4_msgs/msg/detail/iridiumsbd_status__rosidl_typesupport_introspection_cpp.hpp\n'}
[2.396335] (px4_msgs) StdoutLine: {'line': b'-- Up-to-date: /home/rschnurr/SkyClaw-Team1/ros2_ws/install/px4_msgs/include/px4_msgs/px4_msgs/msg/detail/yaw_estimator_status__type_support.cpp\n'}
[2.396365] (px4_msgs) StdoutLine: {'line': b'-- Up-to-date: /home/rschnurr/SkyClaw-Team1/ros2_ws/install/px4_msgs/include/px4_msgs/px4_msgs/msg/detail/vehicle_torque_setpoint__type_support.cpp\n'}
[2.396394] (px4_msgs) StdoutLine: {'line': b'-- Up-to-date: /home/rschnurr/SkyClaw-Team1/ros2_ws/install/px4_msgs/include/px4_msgs/px4_msgs/msg/detail/airspeed_wind__type_support.cpp\n'}
[2.396425] (px4_msgs) StdoutLine: {'line': b'-- Up-to-date: /home/rschnurr/SkyClaw-Team1/ros2_ws/install/px4_msgs/include/px4_msgs/px4_msgs/msg/detail/normalized_unsigned_setpoint__type_support.cpp\n'}
[2.396453] (px4_msgs) StdoutLine: {'line': b'-- Up-to-date: /home/rschnurr/SkyClaw-Team1/ros2_ws/install/px4_msgs/include/px4_msgs/px4_msgs/msg/detail/orb_test_large__rosidl_typesupport_introspection_cpp.hpp\n'}
[2.396481] (px4_msgs) StdoutLine: {'line': b'-- Up-to-date: /home/rschnurr/SkyClaw-Team1/ros2_ws/install/px4_msgs/include/px4_msgs/px4_msgs/msg/detail/rover_speed_setpoint__type_support.cpp\n'}
[2.396507] (px4_msgs) StdoutLine: {'line': b'-- Up-to-date: /home/rschnurr/SkyClaw-Team1/ros2_ws/install/px4_msgs/include/px4_msgs/px4_msgs/msg/detail/log_message__rosidl_typesupport_introspection_cpp.hpp\n'}
[2.396536] (px4_msgs) StdoutLine: {'line': b'-- Up-to-date: /home/rschnurr/SkyClaw-Team1/ros2_ws/install/px4_msgs/include/px4_msgs/px4_msgs/msg/detail/debug_key_value__type_support.cpp\n'}
[2.396566] (px4_msgs) StdoutLine: {'line': b'-- Up-to-date: /home/rschnurr/SkyClaw-Team1/ros2_ws/install/px4_msgs/include/px4_msgs/px4_msgs/msg/detail/vehicle_angular_velocity__type_support.cpp\n'}
[2.396596] (px4_msgs) StdoutLine: {'line': b'-- Up-to-date: /home/rschnurr/SkyClaw-Team1/ros2_ws/install/px4_msgs/include/px4_msgs/px4_msgs/msg/detail/debug_value__rosidl_typesupport_introspection_cpp.hpp\n'}
[2.396625] (px4_msgs) StdoutLine: {'line': b'-- Up-to-date: /home/rschnurr/SkyClaw-Team1/ros2_ws/install/px4_msgs/include/px4_msgs/px4_msgs/msg/detail/landing_target_innovations__rosidl_typesupport_introspection_cpp.hpp\n'}
[2.396928] (px4_msgs) StdoutLine: {'line': b'-- Up-to-date: /home/rschnurr/SkyClaw-Team1/ros2_ws/install/px4_msgs/include/px4_msgs/px4_msgs/msg/detail/mission__rosidl_typesupport_introspection_cpp.hpp\n'}
[2.397036] (px4_msgs) StdoutLine: {'line': b'-- Up-to-date: /home/rschnurr/SkyClaw-Team1/ros2_ws/install/px4_msgs/include/px4_msgs/px4_msgs/msg/detail/failure_detector_status__rosidl_typesupport_introspection_cpp.hpp\n'}
[2.397090] (px4_msgs) StdoutLine: {'line': b'-- Up-to-date: /home/rschnurr/SkyClaw-Team1/ros2_ws/install/px4_msgs/include/px4_msgs/px4_msgs/msg/detail/navigator_status__rosidl_typesupport_introspection_cpp.hpp\n'}
[2.397130] (px4_msgs) StdoutLine: {'line': b'-- Up-to-date: /home/rschnurr/SkyClaw-Team1/ros2_ws/install/px4_msgs/include/px4_msgs/px4_msgs/msg/detail/power_button_state__type_support.cpp\n'}
[2.397163] (px4_msgs) StdoutLine: {'line': b'-- Up-to-date: /home/rschnurr/SkyClaw-Team1/ros2_ws/install/px4_msgs/include/px4_msgs/px4_msgs/msg/detail/unregister_ext_component__rosidl_typesupport_introspection_cpp.hpp\n'}
[2.397194] (px4_msgs) StdoutLine: {'line': b'-- Up-to-date: /home/rschnurr/SkyClaw-Team1/ros2_ws/install/px4_msgs/include/px4_msgs/px4_msgs/msg/detail/pwm_input__type_support.cpp\n'}
[2.397261] (px4_msgs) StdoutLine: {'line': b'-- Up-to-date: /home/rschnurr/SkyClaw-Team1/ros2_ws/install/px4_msgs/include/px4_msgs/px4_msgs/msg/detail/control_allocator_status__rosidl_typesupport_introspection_cpp.hpp\n'}
[2.397390] (px4_msgs) StdoutLine: {'line': b'-- Up-to-date: /home/rschnurr/SkyClaw-Team1/ros2_ws/install/px4_msgs/include/px4_msgs/px4_msgs/msg/detail/sensor_gps__type_support.cpp\n'}
[2.397463] (px4_msgs) StdoutLine: {'line': b'-- Up-to-date: /home/rschnurr/SkyClaw-Team1/ros2_ws/install/px4_msgs/include/px4_msgs/px4_msgs/msg/detail/obstacle_distance__rosidl_typesupport_introspection_cpp.hpp\n'}
[2.397504] (px4_msgs) StdoutLine: {'line': b'-- Up-to-date: /home/rschnurr/SkyClaw-Team1/ros2_ws/install/px4_msgs/include/px4_msgs/px4_msgs/msg/detail/vtol_vehicle_status__rosidl_typesupport_introspection_cpp.hpp\n'}
[2.397548] (px4_msgs) StdoutLine: {'line': b'-- Up-to-date: /home/rschnurr/SkyClaw-Team1/ros2_ws/install/px4_msgs/include/px4_msgs/px4_msgs/msg/detail/register_ext_component_request__rosidl_typesupport_introspection_cpp.hpp\n'}
[2.397602] (px4_msgs) StdoutLine: {'line': b'-- Up-to-date: /home/rschnurr/SkyClaw-Team1/ros2_ws/install/px4_msgs/include/px4_msgs/px4_msgs/msg/detail/gimbal_manager_set_manual_control__rosidl_typesupport_introspection_cpp.hpp\n'}
[2.397642] (px4_msgs) StdoutLine: {'line': b'-- Up-to-date: /home/rschnurr/SkyClaw-Team1/ros2_ws/install/px4_msgs/include/px4_msgs/px4_msgs/msg/detail/sensor_combined__rosidl_typesupport_introspection_cpp.hpp\n'}
[2.397680] (px4_msgs) StdoutLine: {'line': b'-- Up-to-date: /home/rschnurr/SkyClaw-Team1/ros2_ws/install/px4_msgs/include/px4_msgs/px4_msgs/msg/detail/sensor_correction__rosidl_typesupport_introspection_cpp.hpp\n'}
[2.397714] (px4_msgs) StdoutLine: {'line': b'-- Up-to-date: /home/rschnurr/SkyClaw-Team1/ros2_ws/install/px4_msgs/include/px4_msgs/px4_msgs/msg/detail/actuator_test__type_support.cpp\n'}
[2.397747] (px4_msgs) StdoutLine: {'line': b'-- Up-to-date: /home/rschnurr/SkyClaw-Team1/ros2_ws/install/px4_msgs/include/px4_msgs/px4_msgs/msg/detail/lateral_control_configuration__type_support.cpp\n'}
[2.397813] (px4_msgs) StdoutLine: {'line': b'-- Up-to-date: /home/rschnurr/SkyClaw-Team1/ros2_ws/install/px4_msgs/include/px4_msgs/px4_msgs/msg/detail/vehicle_thrust_setpoint__rosidl_typesupport_introspection_cpp.hpp\n'}
[2.397866] (px4_msgs) StdoutLine: {'line': b'-- Up-to-date: /home/rschnurr/SkyClaw-Team1/ros2_ws/install/px4_msgs/include/px4_msgs/px4_msgs/msg/detail/vehicle_local_position__rosidl_typesupport_introspection_cpp.hpp\n'}
[2.397953] (px4_msgs) StdoutLine: {'line': b'-- Up-to-date: /home/rschnurr/SkyClaw-Team1/ros2_ws/install/px4_msgs/include/px4_msgs/px4_msgs/msg/detail/event__rosidl_typesupport_introspection_cpp.hpp\n'}
[2.398007] (px4_msgs) StdoutLine: {'line': b'-- Up-to-date: /home/rschnurr/SkyClaw-Team1/ros2_ws/install/px4_msgs/include/px4_msgs/px4_msgs/msg/detail/rover_attitude_status__rosidl_typesupport_introspection_cpp.hpp\n'}
[2.398047] (px4_msgs) StdoutLine: {'line': b'-- Up-to-date: /home/rschnurr/SkyClaw-Team1/ros2_ws/install/px4_msgs/include/px4_msgs/px4_msgs/msg/detail/ping__rosidl_typesupport_introspection_cpp.hpp\n'}
[2.398084] (px4_msgs) StdoutLine: {'line': b'-- Up-to-date: /home/rschnurr/SkyClaw-Team1/ros2_ws/install/px4_msgs/include/px4_msgs/px4_msgs/msg/detail/neural_control__type_support.cpp\n'}
[2.398121] (px4_msgs) StdoutLine: {'line': b'-- Up-to-date: /home/rschnurr/SkyClaw-Team1/ros2_ws/install/px4_msgs/include/px4_msgs/px4_msgs/msg/detail/trajectory_setpoint__type_support.cpp\n'}
[2.398159] (px4_msgs) StdoutLine: {'line': b'-- Up-to-date: /home/rschnurr/SkyClaw-Team1/ros2_ws/install/px4_msgs/include/px4_msgs/px4_msgs/msg/detail/rtl_time_estimate__type_support.cpp\n'}
[2.398195] (px4_msgs) StdoutLine: {'line': b'-- Up-to-date: /home/rschnurr/SkyClaw-Team1/ros2_ws/install/px4_msgs/include/px4_msgs/px4_msgs/msg/detail/rover_attitude_status__type_support.cpp\n'}
[2.398231] (px4_msgs) StdoutLine: {'line': b'-- Up-to-date: /home/rschnurr/SkyClaw-Team1/ros2_ws/install/px4_msgs/include/px4_msgs/px4_msgs/msg/detail/trajectory_setpoint__rosidl_typesupport_introspection_cpp.hpp\n'}
[2.398350] (px4_msgs) StdoutLine: {'line': b'-- Up-to-date: /home/rschnurr/SkyClaw-Team1/ros2_ws/install/px4_msgs/include/px4_msgs/px4_msgs/msg/detail/rover_steering_setpoint__rosidl_typesupport_introspection_cpp.hpp\n'}
[2.398403] (px4_msgs) StdoutLine: {'line': b'-- Up-to-date: /home/rschnurr/SkyClaw-Team1/ros2_ws/install/px4_msgs/include/px4_msgs/px4_msgs/msg/detail/arming_check_reply__type_support.cpp\n'}
[2.398470] (px4_msgs) StdoutLine: {'line': b'-- Up-to-date: /home/rschnurr/SkyClaw-Team1/ros2_ws/install/px4_msgs/include/px4_msgs/px4_msgs/msg/detail/estimator_selector_status__type_support.cpp\n'}
[2.398520] (px4_msgs) StdoutLine: {'line': b'-- Up-to-date: /home/rschnurr/SkyClaw-Team1/ros2_ws/install/px4_msgs/include/px4_msgs/px4_msgs/msg/detail/open_drone_id_operator_id__type_support.cpp\n'}
[2.398558] (px4_msgs) StdoutLine: {'line': b'-- Up-to-date: /home/rschnurr/SkyClaw-Team1/ros2_ws/install/px4_msgs/include/px4_msgs/px4_msgs/msg/detail/orb_test__rosidl_typesupport_introspection_cpp.hpp\n'}
[2.398593] (px4_msgs) StdoutLine: {'line': b'-- Up-to-date: /home/rschnurr/SkyClaw-Team1/ros2_ws/install/px4_msgs/include/px4_msgs/px4_msgs/msg/detail/rate_ctrl_status__rosidl_typesupport_introspection_cpp.hpp\n'}
[2.398680] (px4_msgs) StdoutLine: {'line': b'-- Up-to-date: /home/rschnurr/SkyClaw-Team1/ros2_ws/install/px4_msgs/include/px4_msgs/px4_msgs/msg/detail/sensors_status__rosidl_typesupport_introspection_cpp.hpp\n'}
[2.398733] (px4_msgs) StdoutLine: {'line': b'-- Up-to-date: /home/rschnurr/SkyClaw-Team1/ros2_ws/install/px4_msgs/include/px4_msgs/px4_msgs/msg/detail/normalized_unsigned_setpoint__rosidl_typesupport_introspection_cpp.hpp\n'}
[2.398800] (px4_msgs) StdoutLine: {'line': b'-- Up-to-date: /home/rschnurr/SkyClaw-Team1/ros2_ws/install/px4_msgs/include/px4_msgs/px4_msgs/msg/detail/fixed_wing_longitudinal_setpoint__type_support.cpp\n'}
[2.398868] (px4_msgs) StdoutLine: {'line': b'-- Up-to-date: /home/rschnurr/SkyClaw-Team1/ros2_ws/install/px4_msgs/include/px4_msgs/px4_msgs/msg/detail/gimbal_manager_status__type_support.cpp\n'}
[2.398921] (px4_msgs) StdoutLine: {'line': b'-- Up-to-date: /home/rschnurr/SkyClaw-Team1/ros2_ws/install/px4_msgs/include/px4_msgs/px4_msgs/msg/detail/parameter_set_value_request__type_support.cpp\n'}
[2.398961] (px4_msgs) StdoutLine: {'line': b'-- Up-to-date: /home/rschnurr/SkyClaw-Team1/ros2_ws/install/px4_msgs/include/px4_msgs/px4_msgs/msg/detail/position_setpoint__type_support.cpp\n'}
[2.398991] (px4_msgs) StdoutLine: {'line': b'-- Up-to-date: /home/rschnurr/SkyClaw-Team1/ros2_ws/install/px4_msgs/include/px4_msgs/px4_msgs/msg/detail/actuator_controls_status__type_support.cpp\n'}
[2.399021] (px4_msgs) StdoutLine: {'line': b'-- Up-to-date: /home/rschnurr/SkyClaw-Team1/ros2_ws/install/px4_msgs/include/px4_msgs/px4_msgs/msg/detail/position_setpoint_triplet__type_support.cpp\n'}
[2.399053] (px4_msgs) StdoutLine: {'line': b'-- Up-to-date: /home/rschnurr/SkyClaw-Team1/ros2_ws/install/px4_msgs/include/px4_msgs/px4_msgs/msg/detail/sensor_mag__type_support.cpp\n'}
[2.399083] (px4_msgs) StdoutLine: {'line': b'-- Up-to-date: /home/rschnurr/SkyClaw-Team1/ros2_ws/install/px4_msgs/include/px4_msgs/px4_msgs/msg/detail/wind__type_support.cpp\n'}
[2.399112] (px4_msgs) StdoutLine: {'line': b'-- Up-to-date: /home/rschnurr/SkyClaw-Team1/ros2_ws/install/px4_msgs/include/px4_msgs/px4_msgs/msg/detail/vehicle_torque_setpoint__rosidl_typesupport_introspection_cpp.hpp\n'}
[2.399141] (px4_msgs) StdoutLine: {'line': b'-- Up-to-date: /home/rschnurr/SkyClaw-Team1/ros2_ws/install/px4_msgs/include/px4_msgs/px4_msgs/msg/detail/can_interface_status__rosidl_typesupport_introspection_cpp.hpp\n'}
[2.399168] (px4_msgs) StdoutLine: {'line': b'-- Up-to-date: /home/rschnurr/SkyClaw-Team1/ros2_ws/install/px4_msgs/include/px4_msgs/px4_msgs/msg/detail/sensor_gyro_fifo__type_support.cpp\n'}
[2.399196] (px4_msgs) StdoutLine: {'line': b'-- Up-to-date: /home/rschnurr/SkyClaw-Team1/ros2_ws/install/px4_msgs/include/px4_msgs/px4_msgs/msg/detail/rover_position_setpoint__type_support.cpp\n'}
[2.399223] (px4_msgs) StdoutLine: {'line': b'-- Up-to-date: /home/rschnurr/SkyClaw-Team1/ros2_ws/install/px4_msgs/include/px4_msgs/px4_msgs/msg/detail/power_monitor__rosidl_typesupport_introspection_cpp.hpp\n'}
[2.399251] (px4_msgs) StdoutLine: {'line': b'-- Up-to-date: /home/rschnurr/SkyClaw-Team1/ros2_ws/install/px4_msgs/include/px4_msgs/px4_msgs/msg/detail/landing_gear__rosidl_typesupport_introspection_cpp.hpp\n'}
[2.399280] (px4_msgs) StdoutLine: {'line': b'-- Up-to-date: /home/rschnurr/SkyClaw-Team1/ros2_ws/install/px4_msgs/include/px4_msgs/px4_msgs/msg/detail/position_controller_status__rosidl_typesupport_introspection_cpp.hpp\n'}
[2.399310] (px4_msgs) StdoutLine: {'line': b'-- Up-to-date: /home/rschnurr/SkyClaw-Team1/ros2_ws/install/px4_msgs/include/px4_msgs/px4_msgs/msg/detail/rc_parameter_map__rosidl_typesupport_introspection_cpp.hpp\n'}
[2.399340] (px4_msgs) StdoutLine: {'line': b'-- Up-to-date: /home/rschnurr/SkyClaw-Team1/ros2_ws/install/px4_msgs/include/px4_msgs/px4_msgs/msg/detail/fuel_tank_status__type_support.cpp\n'}
[2.399371] (px4_msgs) StdoutLine: {'line': b'-- Up-to-date: /home/rschnurr/SkyClaw-Team1/ros2_ws/install/px4_msgs/include/px4_msgs/px4_msgs/msg/detail/orb_test__type_support.cpp\n'}
[2.399399] (px4_msgs) StdoutLine: {'line': b'-- Up-to-date: /home/rschnurr/SkyClaw-Team1/ros2_ws/install/px4_msgs/include/px4_msgs/px4_msgs/msg/detail/yaw_estimator_status__rosidl_typesupport_introspection_cpp.hpp\n'}
[2.399421] (px4_msgs) StdoutLine: {'line': b'-- Up-to-date: /home/rschnurr/SkyClaw-Team1/ros2_ws/install/px4_msgs/include/px4_msgs/px4_msgs/msg/detail/camera_status__rosidl_typesupport_introspection_cpp.hpp\n'}
[2.399447] (px4_msgs) StdoutLine: {'line': b'-- Up-to-date: /home/rschnurr/SkyClaw-Team1/ros2_ws/install/px4_msgs/include/px4_msgs/px4_msgs/msg/detail/dataman_response__type_support.cpp\n'}
[2.399469] (px4_msgs) StdoutLine: {'line': b'-- Up-to-date: /home/rschnurr/SkyClaw-Team1/ros2_ws/install/px4_msgs/include/px4_msgs/px4_msgs/msg/detail/health_report__type_support.cpp\n'}
[2.399490] (px4_msgs) StdoutLine: {'line': b'-- Up-to-date: /home/rschnurr/SkyClaw-Team1/ros2_ws/install/px4_msgs/include/px4_msgs/px4_msgs/msg/detail/camera_trigger__rosidl_typesupport_introspection_cpp.hpp\n'}
[2.399511] (px4_msgs) StdoutLine: {'line': b'-- Up-to-date: /home/rschnurr/SkyClaw-Team1/ros2_ws/install/px4_msgs/include/px4_msgs/px4_msgs/msg/detail/mag_worker_data__type_support.cpp\n'}
[2.399531] (px4_msgs) StdoutLine: {'line': b'-- Up-to-date: /home/rschnurr/SkyClaw-Team1/ros2_ws/install/px4_msgs/include/px4_msgs/px4_msgs/msg/detail/mavlink_log__rosidl_typesupport_introspection_cpp.hpp\n'}
[2.399552] (px4_msgs) StdoutLine: {'line': b'-- Up-to-date: /home/rschnurr/SkyClaw-Team1/ros2_ws/install/px4_msgs/include/px4_msgs/px4_msgs/msg/detail/fixed_wing_runway_control__type_support.cpp\n'}
[2.399574] (px4_msgs) StdoutLine: {'line': b'-- Up-to-date: /home/rschnurr/SkyClaw-Team1/ros2_ws/install/px4_msgs/include/px4_msgs/px4_msgs/msg/detail/debug_array__rosidl_typesupport_introspection_cpp.hpp\n'}
[2.399595] (px4_msgs) StdoutLine: {'line': b'-- Up-to-date: /home/rschnurr/SkyClaw-Team1/ros2_ws/install/px4_msgs/include/px4_msgs/px4_msgs/msg/detail/estimator_innovations__rosidl_typesupport_introspection_cpp.hpp\n'}
[2.399618] (px4_msgs) StdoutLine: {'line': b'-- Up-to-date: /home/rschnurr/SkyClaw-Team1/ros2_ws/install/px4_msgs/include/px4_msgs/px4_msgs/msg/detail/actuator_controls_status__rosidl_typesupport_introspection_cpp.hpp\n'}
[2.399653] (px4_msgs) StdoutLine: {'line': b'-- Up-to-date: /home/rschnurr/SkyClaw-Team1/ros2_ws/install/px4_msgs/include/px4_msgs/px4_msgs/msg/detail/autotune_attitude_control_status__rosidl_typesupport_introspection_cpp.hpp\n'}
[2.399675] (px4_msgs) StdoutLine: {'line': b'-- Up-to-date: /home/rschnurr/SkyClaw-Team1/ros2_ws/install/px4_msgs/include/px4_msgs/px4_msgs/msg/detail/rover_speed_status__rosidl_typesupport_introspection_cpp.hpp\n'}
[2.399696] (px4_msgs) StdoutLine: {'line': b'-- Up-to-date: /home/rschnurr/SkyClaw-Team1/ros2_ws/install/px4_msgs/include/px4_msgs/px4_msgs/msg/detail/estimator_bias3d__type_support.cpp\n'}
[2.399716] (px4_msgs) StdoutLine: {'line': b'-- Up-to-date: /home/rschnurr/SkyClaw-Team1/ros2_ws/install/px4_msgs/include/px4_msgs/px4_msgs/msg/detail/estimator_innovations__type_support.cpp\n'}
[2.399739] (px4_msgs) StdoutLine: {'line': b'-- Up-to-date: /home/rschnurr/SkyClaw-Team1/ros2_ws/install/px4_msgs/include/px4_msgs/px4_msgs/msg/detail/button_event__type_support.cpp\n'}
[2.399759] (px4_msgs) StdoutLine: {'line': b'-- Up-to-date: /home/rschnurr/SkyClaw-Team1/ros2_ws/install/px4_msgs/include/px4_msgs/px4_msgs/msg/detail/vehicle_global_position__rosidl_typesupport_introspection_cpp.hpp\n'}
[2.399780] (px4_msgs) StdoutLine: {'line': b'-- Up-to-date: /home/rschnurr/SkyClaw-Team1/ros2_ws/install/px4_msgs/include/px4_msgs/px4_msgs/msg/detail/trajectory_setpoint6dof__rosidl_typesupport_introspection_cpp.hpp\n'}
[2.399803] (px4_msgs) StdoutLine: {'line': b'-- Up-to-date: /home/rschnurr/SkyClaw-Team1/ros2_ws/install/px4_msgs/include/px4_msgs/px4_msgs/msg/detail/estimator_aid_source1d__type_support.cpp\n'}
[2.399824] (px4_msgs) StdoutLine: {'line': b'-- Up-to-date: /home/rschnurr/SkyClaw-Team1/ros2_ws/install/px4_msgs/include/px4_msgs/px4_msgs/msg/detail/sensors_status_imu__type_support.cpp\n'}
[2.399844] (px4_msgs) StdoutLine: {'line': b'-- Up-to-date: /home/rschnurr/SkyClaw-Team1/ros2_ws/install/px4_msgs/include/px4_msgs/px4_msgs/msg/detail/actuator_servos_trim__rosidl_typesupport_introspection_cpp.hpp\n'}
[2.399865] (px4_msgs) StdoutLine: {'line': b'-- Up-to-date: /home/rschnurr/SkyClaw-Team1/ros2_ws/install/px4_msgs/include/px4_msgs/px4_msgs/msg/detail/vehicle_rates_setpoint__type_support.cpp\n'}
[2.399887] (px4_msgs) StdoutLine: {'line': b'-- Up-to-date: /home/rschnurr/SkyClaw-Team1/ros2_ws/install/px4_msgs/include/px4_msgs/px4_msgs/msg/detail/debug_vect__type_support.cpp\n'}
[2.399908] (px4_msgs) StdoutLine: {'line': b'-- Up-to-date: /home/rschnurr/SkyClaw-Team1/ros2_ws/install/px4_msgs/include/px4_msgs/px4_msgs/msg/detail/offboard_control_mode__type_support.cpp\n'}
[2.399928] (px4_msgs) StdoutLine: {'line': b'-- Up-to-date: /home/rschnurr/SkyClaw-Team1/ros2_ws/install/px4_msgs/include/px4_msgs/px4_msgs/msg/detail/vehicle_local_position__type_support.cpp\n'}
[2.399949] (px4_msgs) StdoutLine: {'line': b'-- Up-to-date: /home/rschnurr/SkyClaw-Team1/ros2_ws/install/px4_msgs/include/px4_msgs/px4_msgs/msg/detail/radio_status__type_support.cpp\n'}
[2.399970] (px4_msgs) StdoutLine: {'line': b'-- Up-to-date: /home/rschnurr/SkyClaw-Team1/ros2_ws/install/px4_msgs/include/px4_msgs/px4_msgs/msg/detail/adc_report__type_support.cpp\n'}
[2.399990] (px4_msgs) StdoutLine: {'line': b'-- Up-to-date: /home/rschnurr/SkyClaw-Team1/ros2_ws/install/px4_msgs/include/px4_msgs/px4_msgs/msg/detail/gimbal_device_attitude_status__rosidl_typesupport_introspection_cpp.hpp\n'}
[2.400010] (px4_msgs) StdoutLine: {'line': b'-- Up-to-date: /home/rschnurr/SkyClaw-Team1/ros2_ws/install/px4_msgs/include/px4_msgs/px4_msgs/msg/detail/distance_sensor__rosidl_typesupport_introspection_cpp.hpp\n'}
[2.400030] (px4_msgs) StdoutLine: {'line': b'-- Up-to-date: /home/rschnurr/SkyClaw-Team1/ros2_ws/install/px4_msgs/include/px4_msgs/px4_msgs/msg/detail/generator_status__rosidl_typesupport_introspection_cpp.hpp\n'}
[2.400050] (px4_msgs) StdoutLine: {'line': b'-- Up-to-date: /home/rschnurr/SkyClaw-Team1/ros2_ws/install/px4_msgs/include/px4_msgs/px4_msgs/msg/detail/orb_test_large__type_support.cpp\n'}
[2.400069] (px4_msgs) StdoutLine: {'line': b'-- Up-to-date: /home/rschnurr/SkyClaw-Team1/ros2_ws/install/px4_msgs/include/px4_msgs/px4_msgs/msg/detail/manual_control_setpoint__type_support.cpp\n'}
[2.400090] (px4_msgs) StdoutLine: {'line': b'-- Up-to-date: /home/rschnurr/SkyClaw-Team1/ros2_ws/install/px4_msgs/include/px4_msgs/px4_msgs/msg/detail/parameter_reset_request__rosidl_typesupport_introspection_cpp.hpp\n'}
[2.400109] (px4_msgs) StdoutLine: {'line': b'-- Up-to-date: /home/rschnurr/SkyClaw-Team1/ros2_ws/install/px4_msgs/include/px4_msgs/px4_msgs/msg/detail/open_drone_id_operator_id__rosidl_typesupport_introspection_cpp.hpp\n'}
[2.400132] (px4_msgs) StdoutLine: {'line': b'-- Up-to-date: /home/rschnurr/SkyClaw-Team1/ros2_ws/install/px4_msgs/include/px4_msgs/px4_msgs/msg/detail/dataman_request__rosidl_typesupport_introspection_cpp.hpp\n'}
[2.400152] (px4_msgs) StdoutLine: {'line': b'-- Up-to-date: /home/rschnurr/SkyClaw-Team1/ros2_ws/install/px4_msgs/include/px4_msgs/px4_msgs/msg/detail/rover_throttle_setpoint__type_support.cpp\n'}
[2.400173] (px4_msgs) StdoutLine: {'line': b'-- Up-to-date: /home/rschnurr/SkyClaw-Team1/ros2_ws/install/px4_msgs/include/px4_msgs/px4_msgs/msg/detail/sensor_hygrometer__rosidl_typesupport_introspection_cpp.hpp\n'}
[2.400195] (px4_msgs) StdoutLine: {'line': b'-- Up-to-date: /home/rschnurr/SkyClaw-Team1/ros2_ws/install/px4_msgs/include/px4_msgs/px4_msgs/msg/detail/fixed_wing_longitudinal_setpoint__rosidl_typesupport_introspection_cpp.hpp\n'}
[2.400226] (px4_msgs) StdoutLine: {'line': b'-- Up-to-date: /home/rschnurr/SkyClaw-Team1/ros2_ws/install/px4_msgs/include/px4_msgs/px4_msgs/msg/detail/sensor_gnss_relative__rosidl_typesupport_introspection_cpp.hpp\n'}
[2.400252] (px4_msgs) StdoutLine: {'line': b'-- Up-to-date: /home/rschnurr/SkyClaw-Team1/ros2_ws/install/px4_msgs/include/px4_msgs/px4_msgs/msg/detail/estimator_sensor_bias__rosidl_typesupport_introspection_cpp.hpp\n'}
[2.400272] (px4_msgs) StdoutLine: {'line': b'-- Up-to-date: /home/rschnurr/SkyClaw-Team1/ros2_ws/install/px4_msgs/include/px4_msgs/px4_msgs/msg/detail/open_drone_id_self_id__type_support.cpp\n'}
[2.400294] (px4_msgs) StdoutLine: {'line': b'-- Up-to-date: /home/rschnurr/SkyClaw-Team1/ros2_ws/install/px4_msgs/include/px4_msgs/px4_msgs/msg/detail/fixed_wing_runway_control__rosidl_typesupport_introspection_cpp.hpp\n'}
[2.400314] (px4_msgs) StdoutLine: {'line': b'-- Up-to-date: /home/rschnurr/SkyClaw-Team1/ros2_ws/install/px4_msgs/include/px4_msgs/px4_msgs/msg/detail/rover_speed_status__type_support.cpp\n'}
[2.400333] (px4_msgs) StdoutLine: {'line': b'-- Up-to-date: /home/rschnurr/SkyClaw-Team1/ros2_ws/install/px4_msgs/include/px4_msgs/px4_msgs/msg/detail/sensor_baro__type_support.cpp\n'}
[2.400354] (px4_msgs) StdoutLine: {'line': b'-- Up-to-date: /home/rschnurr/SkyClaw-Team1/ros2_ws/install/px4_msgs/include/px4_msgs/px4_msgs/msg/detail/goto_setpoint__type_support.cpp\n'}
[2.400376] (px4_msgs) StdoutLine: {'line': b'-- Up-to-date: /home/rschnurr/SkyClaw-Team1/ros2_ws/install/px4_msgs/include/px4_msgs/px4_msgs/msg/detail/fixed_wing_lateral_status__type_support.cpp\n'}
[2.400439] (px4_msgs) StdoutLine: {'line': b'-- Up-to-date: /home/rschnurr/SkyClaw-Team1/ros2_ws/install/px4_msgs/include/px4_msgs/px4_msgs/msg/detail/mavlink_log__type_support.cpp\n'}
[2.400513] (px4_msgs) StdoutLine: {'line': b'-- Up-to-date: /home/rschnurr/SkyClaw-Team1/ros2_ws/install/px4_msgs/include/px4_msgs/px4_msgs/msg/detail/vehicle_roi__type_support.cpp\n'}
[2.400624] (px4_msgs) StdoutLine: {'line': b'-- Up-to-date: /home/rschnurr/SkyClaw-Team1/ros2_ws/install/px4_msgs/include/px4_msgs/px4_msgs/msg/detail/gimbal_device_set_attitude__rosidl_typesupport_introspection_cpp.hpp\n'}
[2.400722] (px4_msgs) StdoutLine: {'line': b'-- Up-to-date: /home/rschnurr/SkyClaw-Team1/ros2_ws/install/px4_msgs/include/px4_msgs/px4_msgs/msg/detail/estimator_selector_status__rosidl_typesupport_introspection_cpp.hpp\n'}
[2.400873] (px4_msgs) StdoutLine: {'line': b'-- Up-to-date: /home/rschnurr/SkyClaw-Team1/ros2_ws/install/px4_msgs/include/px4_msgs/px4_msgs/msg/detail/open_drone_id_system__rosidl_typesupport_introspection_cpp.hpp\n'}
[2.400917] (px4_msgs) StdoutLine: {'line': b'-- Up-to-date: /home/rschnurr/SkyClaw-Team1/ros2_ws/install/px4_msgs/include/px4_msgs/px4_msgs/msg/detail/internal_combustion_engine_control__rosidl_typesupport_introspection_cpp.hpp\n'}
[2.400953] (px4_msgs) StdoutLine: {'line': b'-- Up-to-date: /home/rschnurr/SkyClaw-Team1/ros2_ws/install/px4_msgs/include/px4_msgs/px4_msgs/msg/detail/actuator_outputs__rosidl_typesupport_introspection_cpp.hpp\n'}
[2.400975] (px4_msgs) StdoutLine: {'line': b'-- Up-to-date: /home/rschnurr/SkyClaw-Team1/ros2_ws/install/px4_msgs/include/px4_msgs/px4_msgs/msg/detail/home_position__rosidl_typesupport_introspection_cpp.hpp\n'}
[2.401034] (px4_msgs) StdoutLine: {'line': b'-- Up-to-date: /home/rschnurr/SkyClaw-Team1/ros2_ws/install/px4_msgs/include/px4_msgs/px4_msgs/msg/detail/battery_info__type_support.cpp\n'}
[2.401101] (px4_msgs) StdoutLine: {'line': b'-- Up-to-date: /home/rschnurr/SkyClaw-Team1/ros2_ws/install/px4_msgs/include/px4_msgs/px4_msgs/msg/detail/failsafe_flags__type_support.cpp\n'}
[2.401138] (px4_msgs) StdoutLine: {'line': b'-- Up-to-date: /home/rschnurr/SkyClaw-Team1/ros2_ws/install/px4_msgs/include/px4_msgs/px4_msgs/msg/detail/gpio_in__type_support.cpp\n'}
[2.401163] (px4_msgs) StdoutLine: {'line': b'-- Up-to-date: /home/rschnurr/SkyClaw-Team1/ros2_ws/install/px4_msgs/include/px4_msgs/px4_msgs/msg/detail/vehicle_control_mode__rosidl_typesupport_introspection_cpp.hpp\n'}
[2.401274] (px4_msgs) StdoutLine: {'line': b'-- Up-to-date: /home/rschnurr/SkyClaw-Team1/ros2_ws/install/px4_msgs/include/px4_msgs/px4_msgs/msg/detail/vehicle_imu__rosidl_typesupport_introspection_cpp.hpp\n'}
[2.401324] (px4_msgs) StdoutLine: {'line': b'-- Up-to-date: /home/rschnurr/SkyClaw-Team1/ros2_ws/install/px4_msgs/include/px4_msgs/px4_msgs/msg/detail/goto_setpoint__rosidl_typesupport_introspection_cpp.hpp\n'}
[2.401356] (px4_msgs) StdoutLine: {'line': b'-- Up-to-date: /home/rschnurr/SkyClaw-Team1/ros2_ws/install/px4_msgs/include/px4_msgs/px4_msgs/msg/detail/vehicle_command__rosidl_typesupport_introspection_cpp.hpp\n'}
[2.401385] (px4_msgs) StdoutLine: {'line': b'-- Up-to-date: /home/rschnurr/SkyClaw-Team1/ros2_ws/install/px4_msgs/include/px4_msgs/px4_msgs/msg/detail/arming_check_reply__rosidl_typesupport_introspection_cpp.hpp\n'}
[2.401418] (px4_msgs) StdoutLine: {'line': b'-- Up-to-date: /home/rschnurr/SkyClaw-Team1/ros2_ws/install/px4_msgs/include/px4_msgs/px4_msgs/msg/detail/actuator_servos__type_support.cpp\n'}
[2.401446] (px4_msgs) StdoutLine: {'line': b'-- Up-to-date: /home/rschnurr/SkyClaw-Team1/ros2_ws/install/px4_msgs/include/px4_msgs/px4_msgs/msg/detail/estimator_gps_status__rosidl_typesupport_introspection_cpp.hpp\n'}
[2.401479] (px4_msgs) StdoutLine: {'line': b'-- Up-to-date: /home/rschnurr/SkyClaw-Team1/ros2_ws/install/px4_msgs/include/px4_msgs/px4_msgs/msg/detail/vehicle_attitude_setpoint__rosidl_typesupport_introspection_cpp.hpp\n'}
[2.401508] (px4_msgs) StdoutLine: {'line': b'-- Up-to-date: /home/rschnurr/SkyClaw-Team1/ros2_ws/install/px4_msgs/include/px4_msgs/px4_msgs/msg/detail/velocity_limits__rosidl_typesupport_introspection_cpp.hpp\n'}
[2.401539] (px4_msgs) StdoutLine: {'line': b'-- Up-to-date: /home/rschnurr/SkyClaw-Team1/ros2_ws/install/px4_msgs/include/px4_msgs/px4_msgs/msg/detail/parameter_reset_request__type_support.cpp\n'}
[2.401569] (px4_msgs) StdoutLine: {'line': b'-- Up-to-date: /home/rschnurr/SkyClaw-Team1/ros2_ws/install/px4_msgs/include/px4_msgs/px4_msgs/msg/detail/gimbal_device_attitude_status__type_support.cpp\n'}
[2.401597] (px4_msgs) StdoutLine: {'line': b'-- Up-to-date: /home/rschnurr/SkyClaw-Team1/ros2_ws/install/px4_msgs/include/px4_msgs/px4_msgs/msg/detail/control_allocator_status__type_support.cpp\n'}
[2.401625] (px4_msgs) StdoutLine: {'line': b'-- Up-to-date: /home/rschnurr/SkyClaw-Team1/ros2_ws/install/px4_msgs/include/px4_msgs/px4_msgs/msg/detail/vehicle_air_data__rosidl_typesupport_introspection_cpp.hpp\n'}
[2.401655] (px4_msgs) StdoutLine: {'line': b'-- Up-to-date: /home/rschnurr/SkyClaw-Team1/ros2_ws/install/px4_msgs/include/px4_msgs/px4_msgs/msg/detail/launch_detection_status__rosidl_typesupport_introspection_cpp.hpp\n'}
[2.401685] (px4_msgs) StdoutLine: {'line': b'-- Up-to-date: /home/rschnurr/SkyClaw-Team1/ros2_ws/install/px4_msgs/include/px4_msgs/px4_msgs/msg/detail/mission_result__type_support.cpp\n'}
[2.401714] (px4_msgs) StdoutLine: {'line': b'-- Up-to-date: /home/rschnurr/SkyClaw-Team1/ros2_ws/install/px4_msgs/include/px4_msgs/px4_msgs/msg/detail/mode_completed__rosidl_typesupport_introspection_cpp.hpp\n'}
[2.401742] (px4_msgs) StdoutLine: {'line': b'-- Up-to-date: /home/rschnurr/SkyClaw-Team1/ros2_ws/install/px4_msgs/include/px4_msgs/px4_msgs/msg/detail/sensor_gyro__rosidl_typesupport_introspection_cpp.hpp\n'}
[2.401770] (px4_msgs) StdoutLine: {'line': b'-- Up-to-date: /home/rschnurr/SkyClaw-Team1/ros2_ws/install/px4_msgs/include/px4_msgs/px4_msgs/msg/detail/open_drone_id_system__type_support.cpp\n'}
[2.401799] (px4_msgs) StdoutLine: {'line': b'-- Up-to-date: /home/rschnurr/SkyClaw-Team1/ros2_ws/install/px4_msgs/include/px4_msgs/px4_msgs/msg/detail/can_interface_status__type_support.cpp\n'}
[2.401828] (px4_msgs) StdoutLine: {'line': b'-- Up-to-date: /home/rschnurr/SkyClaw-Team1/ros2_ws/install/px4_msgs/include/px4_msgs/px4_msgs/msg/detail/geofence_status__rosidl_typesupport_introspection_cpp.hpp\n'}
[2.401868] (px4_msgs) StdoutLine: {'line': b'-- Up-to-date: /home/rschnurr/SkyClaw-Team1/ros2_ws/install/px4_msgs/include/px4_msgs/px4_msgs/msg/detail/pure_pursuit_status__rosidl_typesupport_introspection_cpp.hpp\n'}
[2.401964] (px4_msgs) StdoutLine: {'line': b'-- Up-to-date: /home/rschnurr/SkyClaw-Team1/ros2_ws/install/px4_msgs/include/px4_msgs/px4_msgs/msg/detail/sensor_gyro_fifo__rosidl_typesupport_introspection_cpp.hpp\n'}
[2.402047] (px4_msgs) StdoutLine: {'line': b'-- Up-to-date: /home/rschnurr/SkyClaw-Team1/ros2_ws/install/px4_msgs/include/px4_msgs/px4_msgs/msg/detail/autotune_attitude_control_status__type_support.cpp\n'}
[2.402128] (px4_msgs) StdoutLine: {'line': b'-- Up-to-date: /home/rschnurr/SkyClaw-Team1/ros2_ws/install/px4_msgs/include/px4_msgs/px4_msgs/msg/detail/vehicle_constraints__type_support.cpp\n'}
[2.402189] (px4_msgs) StdoutLine: {'line': b'-- Up-to-date: /home/rschnurr/SkyClaw-Team1/ros2_ws/install/px4_msgs/include/px4_msgs/px4_msgs/msg/detail/launch_detection_status__type_support.cpp\n'}
[2.402221] (px4_msgs) StdoutLine: {'line': b'-- Up-to-date: /home/rschnurr/SkyClaw-Team1/ros2_ws/install/px4_msgs/include/px4_msgs/px4_msgs/msg/detail/actuator_motors__type_support.cpp\n'}
[2.402247] (px4_msgs) StdoutLine: {'line': b'-- Up-to-date: /home/rschnurr/SkyClaw-Team1/ros2_ws/install/px4_msgs/include/px4_msgs/px4_msgs/msg/detail/position_controller_status__type_support.cpp\n'}
[2.402323] (px4_msgs) StdoutLine: {'line': b'-- Up-to-date: /home/rschnurr/SkyClaw-Team1/ros2_ws/install/px4_msgs/include/px4_msgs/px4_msgs/msg/detail/debug_value__type_support.cpp\n'}
[2.402409] (px4_msgs) StdoutLine: {'line': b'-- Up-to-date: /home/rschnurr/SkyClaw-Team1/ros2_ws/install/px4_msgs/include/px4_msgs/px4_msgs/msg/detail/message_format_request__rosidl_typesupport_introspection_cpp.hpp\n'}
[2.402450] (px4_msgs) StdoutLine: {'line': b'-- Up-to-date: /home/rschnurr/SkyClaw-Team1/ros2_ws/install/px4_msgs/include/px4_msgs/px4_msgs/msg/detail/led_control__type_support.cpp\n'}
[2.402487] (px4_msgs) StdoutLine: {'line': b'-- Up-to-date: /home/rschnurr/SkyClaw-Team1/ros2_ws/install/px4_msgs/include/px4_msgs/px4_msgs/msg/detail/ekf2_timestamps__type_support.cpp\n'}
[2.402518] (px4_msgs) StdoutLine: {'line': b'-- Up-to-date: /home/rschnurr/SkyClaw-Team1/ros2_ws/install/px4_msgs/include/px4_msgs/px4_msgs/msg/detail/vehicle_command_ack__type_support.cpp\n'}
[2.402546] (px4_msgs) StdoutLine: {'line': b'-- Up-to-date: /home/rschnurr/SkyClaw-Team1/ros2_ws/install/px4_msgs/include/px4_msgs/px4_msgs/msg/detail/vehicle_command_ack__rosidl_typesupport_introspection_cpp.hpp\n'}
[2.402584] (px4_msgs) StdoutLine: {'line': b'-- Up-to-date: /home/rschnurr/SkyClaw-Team1/ros2_ws/install/px4_msgs/include/px4_msgs/px4_msgs/msg/detail/rover_attitude_setpoint__rosidl_typesupport_introspection_cpp.hpp\n'}
[2.402611] (px4_msgs) StdoutLine: {'line': b'-- Up-to-date: /home/rschnurr/SkyClaw-Team1/ros2_ws/install/px4_msgs/include/px4_msgs/px4_msgs/msg/detail/estimator_bias__rosidl_typesupport_introspection_cpp.hpp\n'}
[2.402641] (px4_msgs) StdoutLine: {'line': b'-- Up-to-date: /home/rschnurr/SkyClaw-Team1/ros2_ws/install/px4_msgs/include/px4_msgs/px4_msgs/msg/detail/camera_capture__type_support.cpp\n'}
[2.402670] (px4_msgs) StdoutLine: {'line': b'-- Up-to-date: /home/rschnurr/SkyClaw-Team1/ros2_ws/install/px4_msgs/include/px4_msgs/px4_msgs/msg/detail/vehicle_acceleration__rosidl_typesupport_introspection_cpp.hpp\n'}
[2.402698] (px4_msgs) StdoutLine: {'line': b'-- Up-to-date: /home/rschnurr/SkyClaw-Team1/ros2_ws/install/px4_msgs/include/px4_msgs/px4_msgs/msg/detail/longitudinal_control_configuration__type_support.cpp\n'}
[2.402726] (px4_msgs) StdoutLine: {'line': b'-- Up-to-date: /home/rschnurr/SkyClaw-Team1/ros2_ws/install/px4_msgs/include/px4_msgs/px4_msgs/msg/detail/debug_key_value__rosidl_typesupport_introspection_cpp.hpp\n'}
[2.402755] (px4_msgs) StdoutLine: {'line': b'-- Up-to-date: /home/rschnurr/SkyClaw-Team1/ros2_ws/install/px4_msgs/include/px4_msgs/px4_msgs/msg/detail/rtl_status__rosidl_typesupport_introspection_cpp.hpp\n'}
[2.402779] (px4_msgs) StdoutLine: {'line': b'-- Up-to-date: /home/rschnurr/SkyClaw-Team1/ros2_ws/install/px4_msgs/include/px4_msgs/px4_msgs/msg/detail/sensor_correction__type_support.cpp\n'}
[2.402804] (px4_msgs) StdoutLine: {'line': b'-- Up-to-date: /home/rschnurr/SkyClaw-Team1/ros2_ws/install/px4_msgs/include/px4_msgs/px4_msgs/msg/detail/led_control__rosidl_typesupport_introspection_cpp.hpp\n'}
[2.402825] (px4_msgs) StdoutLine: {'line': b'-- Up-to-date: /home/rschnurr/SkyClaw-Team1/ros2_ws/install/px4_msgs/include/px4_msgs/px4_msgs/msg/detail/fuel_tank_status__rosidl_typesupport_introspection_cpp.hpp\n'}
[2.402893] (px4_msgs) StdoutLine: {'line': b'-- Up-to-date: /home/rschnurr/SkyClaw-Team1/ros2_ws/install/px4_msgs/include/px4_msgs/px4_msgs/msg/detail/gpio_config__type_support.cpp\n'}
[2.402928] (px4_msgs) StdoutLine: {'line': b'-- Up-to-date: /home/rschnurr/SkyClaw-Team1/ros2_ws/install/px4_msgs/include/px4_msgs/px4_msgs/msg/detail/actuator_motors__rosidl_typesupport_introspection_cpp.hpp\n'}
[2.402989] (px4_msgs) StdoutLine: {'line': b'-- Up-to-date: /home/rschnurr/SkyClaw-Team1/ros2_ws/install/px4_msgs/include/px4_msgs/px4_msgs/msg/detail/actuator_test__rosidl_typesupport_introspection_cpp.hpp\n'}
[2.403090] (px4_msgs) StdoutLine: {'line': b'-- Up-to-date: /home/rschnurr/SkyClaw-Team1/ros2_ws/install/px4_msgs/include/px4_msgs/px4_msgs/msg/detail/cellular_status__type_support.cpp\n'}
[2.403154] (px4_msgs) StdoutLine: {'line': b'-- Up-to-date: /home/rschnurr/SkyClaw-Team1/ros2_ws/install/px4_msgs/include/px4_msgs/px4_msgs/msg/detail/flight_phase_estimation__rosidl_typesupport_introspection_cpp.hpp\n'}
[2.403180] (px4_msgs) StdoutLine: {'line': b'-- Up-to-date: /home/rschnurr/SkyClaw-Team1/ros2_ws/install/px4_msgs/include/px4_msgs/px4_msgs/msg/detail/orb_test_medium__rosidl_typesupport_introspection_cpp.hpp\n'}
[2.403203] (px4_msgs) StdoutLine: {'line': b'-- Up-to-date: /home/rschnurr/SkyClaw-Team1/ros2_ws/install/px4_msgs/include/px4_msgs/px4_msgs/msg/detail/vehicle_acceleration__type_support.cpp\n'}
[2.403227] (px4_msgs) StdoutLine: {'line': b'-- Up-to-date: /home/rschnurr/SkyClaw-Team1/ros2_ws/install/px4_msgs/include/px4_msgs/px4_msgs/msg/detail/sensor_accel_fifo__type_support.cpp\n'}
[2.403250] (px4_msgs) StdoutLine: {'line': b'-- Up-to-date: /home/rschnurr/SkyClaw-Team1/ros2_ws/install/px4_msgs/include/px4_msgs/px4_msgs/msg/detail/tecs_status__type_support.cpp\n'}
[2.403279] (px4_msgs) StdoutLine: {'line': b'-- Up-to-date: /home/rschnurr/SkyClaw-Team1/ros2_ws/install/px4_msgs/include/px4_msgs/px4_msgs/msg/detail/camera_capture__rosidl_typesupport_introspection_cpp.hpp\n'}
[2.403303] (px4_msgs) StdoutLine: {'line': b'-- Up-to-date: /home/rschnurr/SkyClaw-Team1/ros2_ws/install/px4_msgs/include/px4_msgs/px4_msgs/msg/detail/internal_combustion_engine_status__type_support.cpp\n'}
[2.403332] (px4_msgs) StdoutLine: {'line': b'-- Up-to-date: /home/rschnurr/SkyClaw-Team1/ros2_ws/install/px4_msgs/include/px4_msgs/px4_msgs/msg/detail/orb_test_medium__type_support.cpp\n'}
[2.403356] (px4_msgs) StdoutLine: {'line': b'-- Up-to-date: /home/rschnurr/SkyClaw-Team1/ros2_ws/install/px4_msgs/include/px4_msgs/px4_msgs/msg/detail/sensor_selection__type_support.cpp\n'}
[2.403377] (px4_msgs) StdoutLine: {'line': b'-- Up-to-date: /home/rschnurr/SkyClaw-Team1/ros2_ws/install/px4_msgs/include/px4_msgs/px4_msgs/msg/detail/tune_control__type_support.cpp\n'}
[2.403399] (px4_msgs) StdoutLine: {'line': b'-- Up-to-date: /home/rschnurr/SkyClaw-Team1/ros2_ws/install/px4_msgs/include/px4_msgs/px4_msgs/msg/detail/sensor_uwb__rosidl_typesupport_introspection_cpp.hpp\n'}
[2.403420] (px4_msgs) StdoutLine: {'line': b'-- Up-to-date: /home/rschnurr/SkyClaw-Team1/ros2_ws/install/px4_msgs/include/px4_msgs/px4_msgs/msg/detail/geofence_result__type_support.cpp\n'}
[2.403441] (px4_msgs) StdoutLine: {'line': b'-- Up-to-date: /home/rschnurr/SkyClaw-Team1/ros2_ws/install/px4_msgs/include/px4_msgs/px4_msgs/msg/detail/manual_control_switches__rosidl_typesupport_introspection_cpp.hpp\n'}
[2.403465] (px4_msgs) StdoutLine: {'line': b'-- Up-to-date: /home/rschnurr/SkyClaw-Team1/ros2_ws/install/px4_msgs/include/px4_msgs/px4_msgs/msg/detail/fixed_wing_lateral_status__rosidl_typesupport_introspection_cpp.hpp\n'}
[2.403485] (px4_msgs) StdoutLine: {'line': b'-- Up-to-date: /home/rschnurr/SkyClaw-Team1/ros2_ws/install/px4_msgs/include/px4_msgs/px4_msgs/msg/detail/estimator_gps_status__type_support.cpp\n'}
[2.403505] (px4_msgs) StdoutLine: {'line': b'-- Up-to-date: /home/rschnurr/SkyClaw-Team1/ros2_ws/install/px4_msgs/include/px4_msgs/px4_msgs/msg/detail/sensor_gnss_status__type_support.cpp\n'}
[2.403525] (px4_msgs) StdoutLine: {'line': b'-- Up-to-date: /home/rschnurr/SkyClaw-Team1/ros2_ws/install/px4_msgs/include/px4_msgs/px4_msgs/msg/detail/gpio_in__rosidl_typesupport_introspection_cpp.hpp\n'}
[2.403545] (px4_msgs) StdoutLine: {'line': b'-- Up-to-date: /home/rschnurr/SkyClaw-Team1/ros2_ws/install/px4_msgs/include/px4_msgs/px4_msgs/msg/detail/flight_phase_estimation__type_support.cpp\n'}
[2.403566] (px4_msgs) StdoutLine: {'line': b'-- Up-to-date: /home/rschnurr/SkyClaw-Team1/ros2_ws/install/px4_msgs/include/px4_msgs/px4_msgs/msg/detail/irlock_report__rosidl_typesupport_introspection_cpp.hpp\n'}
[2.403586] (px4_msgs) StdoutLine: {'line': b'-- Up-to-date: /home/rschnurr/SkyClaw-Team1/ros2_ws/install/px4_msgs/include/px4_msgs/px4_msgs/msg/detail/ping__type_support.cpp\n'}
[2.403606] (px4_msgs) StdoutLine: {'line': b'-- Up-to-date: /home/rschnurr/SkyClaw-Team1/ros2_ws/install/px4_msgs/include/px4_msgs/px4_msgs/msg/detail/distance_sensor_mode_change_request__rosidl_typesupport_introspection_cpp.hpp\n'}
[2.403627] (px4_msgs) StdoutLine: {'line': b'-- Up-to-date: /home/rschnurr/SkyClaw-Team1/ros2_ws/install/px4_msgs/include/px4_msgs/px4_msgs/msg/detail/camera_trigger__type_support.cpp\n'}
[2.403646] (px4_msgs) StdoutLine: {'line': b'-- Up-to-date: /home/rschnurr/SkyClaw-Team1/ros2_ws/install/px4_msgs/include/px4_msgs/px4_msgs/msg/detail/estimator_sensor_bias__type_support.cpp\n'}
[2.403666] (px4_msgs) StdoutLine: {'line': b'-- Up-to-date: /home/rschnurr/SkyClaw-Team1/ros2_ws/install/px4_msgs/include/px4_msgs/px4_msgs/msg/detail/dataman_response__rosidl_typesupport_introspection_cpp.hpp\n'}
[2.403686] (px4_msgs) StdoutLine: {'line': b'-- Up-to-date: /home/rschnurr/SkyClaw-Team1/ros2_ws/install/px4_msgs/include/px4_msgs/px4_msgs/msg/detail/vehicle_imu__type_support.cpp\n'}
[2.403707] (px4_msgs) StdoutLine: {'line': b'-- Up-to-date: /home/rschnurr/SkyClaw-Team1/ros2_ws/install/px4_msgs/include/px4_msgs/px4_msgs/msg/detail/ulog_stream_ack__type_support.cpp\n'}
[2.403728] (px4_msgs) StdoutLine: {'line': b'-- Up-to-date: /home/rschnurr/SkyClaw-Team1/ros2_ws/install/px4_msgs/include/px4_msgs/px4_msgs/msg/detail/parameter_update__rosidl_typesupport_introspection_cpp.hpp\n'}
[2.403748] (px4_msgs) StdoutLine: {'line': b'-- Up-to-date: /home/rschnurr/SkyClaw-Team1/ros2_ws/install/px4_msgs/include/px4_msgs/px4_msgs/msg/detail/rc_channels__type_support.cpp\n'}
[2.403767] (px4_msgs) StdoutLine: {'line': b'-- Up-to-date: /home/rschnurr/SkyClaw-Team1/ros2_ws/install/px4_msgs/include/px4_msgs/px4_msgs/msg/detail/radio_status__rosidl_typesupport_introspection_cpp.hpp\n'}
[2.403787] (px4_msgs) StdoutLine: {'line': b'-- Up-to-date: /home/rschnurr/SkyClaw-Team1/ros2_ws/install/px4_msgs/include/px4_msgs/px4_msgs/msg/detail/landing_gear__type_support.cpp\n'}
[2.403809] (px4_msgs) StdoutLine: {'line': b'-- Up-to-date: /home/rschnurr/SkyClaw-Team1/ros2_ws/install/px4_msgs/include/px4_msgs/px4_msgs/msg/detail/failure_detector_status__type_support.cpp\n'}
[2.403831] (px4_msgs) StdoutLine: {'line': b'-- Up-to-date: /home/rschnurr/SkyClaw-Team1/ros2_ws/install/px4_msgs/include/px4_msgs/px4_msgs/msg/detail/gimbal_manager_set_attitude__type_support.cpp\n'}
[2.403852] (px4_msgs) StdoutLine: {'line': b'-- Up-to-date: /home/rschnurr/SkyClaw-Team1/ros2_ws/install/px4_msgs/include/px4_msgs/px4_msgs/msg/detail/gps_inject_data__rosidl_typesupport_introspection_cpp.hpp\n'}
[2.403879] (px4_msgs) StdoutLine: {'line': b'-- Up-to-date: /home/rschnurr/SkyClaw-Team1/ros2_ws/install/px4_msgs/include/px4_msgs/px4_msgs/msg/detail/gimbal_controls__type_support.cpp\n'}
[2.403900] (px4_msgs) StdoutLine: {'line': b'-- Up-to-date: /home/rschnurr/SkyClaw-Team1/ros2_ws/install/px4_msgs/include/px4_msgs/px4_msgs/msg/detail/vehicle_angular_velocity__rosidl_typesupport_introspection_cpp.hpp\n'}
[2.403919] (px4_msgs) StdoutLine: {'line': b'-- Up-to-date: /home/rschnurr/SkyClaw-Team1/ros2_ws/install/px4_msgs/include/px4_msgs/px4_msgs/msg/detail/task_stack_info__rosidl_typesupport_introspection_cpp.hpp\n'}
[2.403939] (px4_msgs) StdoutLine: {'line': b'-- Up-to-date: /home/rschnurr/SkyClaw-Team1/ros2_ws/install/px4_msgs/include/px4_msgs/px4_msgs/msg/detail/follow_target_estimator__rosidl_typesupport_introspection_cpp.hpp\n'}
[2.403967] (px4_msgs) StdoutLine: {'line': b'-- Up-to-date: /home/rschnurr/SkyClaw-Team1/ros2_ws/install/px4_msgs/include/px4_msgs/px4_msgs/msg/detail/follow_target__rosidl_typesupport_introspection_cpp.hpp\n'}
[2.403997] (px4_msgs) StdoutLine: {'line': b'-- Up-to-date: /home/rschnurr/SkyClaw-Team1/ros2_ws/install/px4_msgs/include/px4_msgs/px4_msgs/msg/detail/sensor_gnss_relative__type_support.cpp\n'}
[2.404017] (px4_msgs) StdoutLine: {'line': b'-- Up-to-date: /home/rschnurr/SkyClaw-Team1/ros2_ws/install/px4_msgs/include/px4_msgs/px4_msgs/msg/detail/vehicle_angular_acceleration_setpoint__rosidl_typesupport_introspection_cpp.hpp\n'}
[2.404089] (px4_msgs) StdoutLine: {'line': b'-- Up-to-date: /home/rschnurr/SkyClaw-Team1/ros2_ws/install/px4_msgs/include/px4_msgs/px4_msgs/msg/detail/gps_dump__rosidl_typesupport_introspection_cpp.hpp\n'}
[2.404138] (px4_msgs) StdoutLine: {'line': b'-- Up-to-date: /home/rschnurr/SkyClaw-Team1/ros2_ws/install/px4_msgs/include/px4_msgs/px4_msgs/msg/detail/rtl_time_estimate__rosidl_typesupport_introspection_cpp.hpp\n'}
[2.404211] (px4_msgs) StdoutLine: {'line': b'-- Up-to-date: /home/rschnurr/SkyClaw-Team1/ros2_ws/install/px4_msgs/include/px4_msgs/px4_msgs/msg/detail/estimator_aid_source2d__rosidl_typesupport_introspection_cpp.hpp\n'}
[2.404252] (px4_msgs) StdoutLine: {'line': b'-- Up-to-date: /home/rschnurr/SkyClaw-Team1/ros2_ws/install/px4_msgs/include/px4_msgs/px4_msgs/msg/detail/qshell_retval__type_support.cpp\n'}
[2.404280] (px4_msgs) StdoutLine: {'line': b'-- Up-to-date: /home/rschnurr/SkyClaw-Team1/ros2_ws/install/px4_msgs/include/px4_msgs/px4_msgs/msg/detail/vtol_vehicle_status__type_support.cpp\n'}
[2.404306] (px4_msgs) StdoutLine: {'line': b'-- Up-to-date: /home/rschnurr/SkyClaw-Team1/ros2_ws/install/px4_msgs/include/px4_msgs/px4_msgs/msg/detail/event__type_support.cpp\n'}
[2.404378] (px4_msgs) StdoutLine: {'line': b'-- Up-to-date: /home/rschnurr/SkyClaw-Team1/ros2_ws/install/px4_msgs/include/px4_msgs/px4_msgs/msg/detail/takeoff_status__rosidl_typesupport_introspection_cpp.hpp\n'}
[2.404461] (px4_msgs) StdoutLine: {'line': b'-- Up-to-date: /home/rschnurr/SkyClaw-Team1/ros2_ws/install/px4_msgs/include/px4_msgs/px4_msgs/msg/detail/follow_target_status__type_support.cpp\n'}
[2.404505] (px4_msgs) StdoutLine: {'line': b'-- Up-to-date: /home/rschnurr/SkyClaw-Team1/ros2_ws/install/px4_msgs/include/px4_msgs/px4_msgs/msg/detail/gimbal_manager_information__type_support.cpp\n'}
[2.404576] (px4_msgs) StdoutLine: {'line': b'-- Up-to-date: /home/rschnurr/SkyClaw-Team1/ros2_ws/install/px4_msgs/include/px4_msgs/px4_msgs/msg/detail/tecs_status__rosidl_typesupport_introspection_cpp.hpp\n'}
[2.404662] (px4_msgs) StdoutLine: {'line': b'-- Up-to-date: /home/rschnurr/SkyClaw-Team1/ros2_ws/install/px4_msgs/include/px4_msgs/px4_msgs/msg/detail/landing_target_pose__rosidl_typesupport_introspection_cpp.hpp\n'}
[2.404743] (px4_msgs) StdoutLine: {'line': b'-- Up-to-date: /home/rschnurr/SkyClaw-Team1/ros2_ws/install/px4_msgs/include/px4_msgs/px4_msgs/msg/detail/rover_rate_setpoint__rosidl_typesupport_introspection_cpp.hpp\n'}
[2.404779] (px4_msgs) StdoutLine: {'line': b'-- Up-to-date: /home/rschnurr/SkyClaw-Team1/ros2_ws/install/px4_msgs/include/px4_msgs/px4_msgs/msg/detail/obstacle_distance__type_support.cpp\n'}
[2.404811] (px4_msgs) StdoutLine: {'line': b'-- Up-to-date: /home/rschnurr/SkyClaw-Team1/ros2_ws/install/px4_msgs/include/px4_msgs/px4_msgs/msg/detail/vehicle_odometry__rosidl_typesupport_introspection_cpp.hpp\n'}
[2.404841] (px4_msgs) StdoutLine: {'line': b'-- Up-to-date: /home/rschnurr/SkyClaw-Team1/ros2_ws/install/px4_msgs/include/px4_msgs/px4_msgs/msg/detail/actuator_armed__type_support.cpp\n'}
[2.404892] (px4_msgs) StdoutLine: {'line': b'-- Up-to-date: /home/rschnurr/SkyClaw-Team1/ros2_ws/install/px4_msgs/include/px4_msgs/px4_msgs/msg/detail/gimbal_manager_set_attitude__rosidl_typesupport_introspection_cpp.hpp\n'}
[2.404962] (px4_msgs) StdoutLine: {'line': b'-- Up-to-date: /home/rschnurr/SkyClaw-Team1/ros2_ws/install/px4_msgs/include/px4_msgs/px4_msgs/msg/detail/logger_status__type_support.cpp\n'}
[2.405019] (px4_msgs) StdoutLine: {'line': b'-- Up-to-date: /home/rschnurr/SkyClaw-Team1/ros2_ws/install/px4_msgs/include/px4_msgs/px4_msgs/msg/detail/px4io_status__type_support.cpp\n'}
[2.405122] (px4_msgs) StdoutLine: {'line': b'-- Up-to-date: /home/rschnurr/SkyClaw-Team1/ros2_ws/install/px4_msgs/include/px4_msgs/px4_msgs/msg/detail/vehicle_status__type_support.cpp\n'}
[2.405221] (px4_msgs) StdoutLine: {'line': b'-- Up-to-date: /home/rschnurr/SkyClaw-Team1/ros2_ws/install/px4_msgs/include/px4_msgs/px4_msgs/msg/detail/pps_capture__type_support.cpp\n'}
[2.405257] (px4_msgs) StdoutLine: {'line': b'-- Up-to-date: /home/rschnurr/SkyClaw-Team1/ros2_ws/install/px4_msgs/include/px4_msgs/px4_msgs/msg/detail/ulog_stream__rosidl_typesupport_introspection_cpp.hpp\n'}
[2.405326] (px4_msgs) StdoutLine: {'line': b'-- Up-to-date: /home/rschnurr/SkyClaw-Team1/ros2_ws/install/px4_msgs/include/px4_msgs/px4_msgs/msg/detail/follow_target_estimator__type_support.cpp\n'}
[2.405384] (px4_msgs) StdoutLine: {'line': b'-- Up-to-date: /home/rschnurr/SkyClaw-Team1/ros2_ws/install/px4_msgs/include/px4_msgs/px4_msgs/msg/detail/gripper__type_support.cpp\n'}
[2.405414] (px4_msgs) StdoutLine: {'line': b'-- Up-to-date: /home/rschnurr/SkyClaw-Team1/ros2_ws/install/px4_msgs/include/px4_msgs/px4_msgs/msg/detail/rover_attitude_setpoint__type_support.cpp\n'}
[2.405438] (px4_msgs) StdoutLine: {'line': b'-- Up-to-date: /home/rschnurr/SkyClaw-Team1/ros2_ws/install/px4_msgs/include/px4_msgs/px4_msgs/msg/detail/battery_status__rosidl_typesupport_introspection_cpp.hpp\n'}
[2.405460] (px4_msgs) StdoutLine: {'line': b'-- Up-to-date: /home/rschnurr/SkyClaw-Team1/ros2_ws/install/px4_msgs/include/px4_msgs/px4_msgs/msg/detail/battery_info__rosidl_typesupport_introspection_cpp.hpp\n'}
[2.405490] (px4_msgs) StdoutLine: {'line': b'-- Up-to-date: /home/rschnurr/SkyClaw-Team1/ros2_ws/install/px4_msgs/include/px4_msgs/px4_msgs/msg/detail/mount_orientation__rosidl_typesupport_introspection_cpp.hpp\n'}
[2.405510] (px4_msgs) StdoutLine: {'line': b'-- Up-to-date: /home/rschnurr/SkyClaw-Team1/ros2_ws/install/px4_msgs/include/px4_msgs/px4_msgs/msg/detail/gpio_out__rosidl_typesupport_introspection_cpp.hpp\n'}
[2.405530] (px4_msgs) StdoutLine: {'line': b'-- Up-to-date: /home/rschnurr/SkyClaw-Team1/ros2_ws/install/px4_msgs/include/px4_msgs/px4_msgs/msg/detail/sensor_uwb__type_support.cpp\n'}
[2.405549] (px4_msgs) StdoutLine: {'line': b'-- Up-to-date: /home/rschnurr/SkyClaw-Team1/ros2_ws/install/px4_msgs/include/px4_msgs/px4_msgs/msg/detail/landing_target_pose__type_support.cpp\n'}
[2.405569] (px4_msgs) StdoutLine: {'line': b'-- Up-to-date: /home/rschnurr/SkyClaw-Team1/ros2_ws/install/px4_msgs/include/px4_msgs/px4_msgs/msg/detail/task_stack_info__type_support.cpp\n'}
[2.405589] (px4_msgs) StdoutLine: {'line': b'-- Up-to-date: /home/rschnurr/SkyClaw-Team1/ros2_ws/install/px4_msgs/include/px4_msgs/px4_msgs/msg/detail/failsafe_flags__rosidl_typesupport_introspection_cpp.hpp\n'}
[2.405612] (px4_msgs) StdoutLine: {'line': b'-- Up-to-date: /home/rschnurr/SkyClaw-Team1/ros2_ws/install/px4_msgs/include/px4_msgs/px4_msgs/msg/detail/estimator_aid_source1d__rosidl_typesupport_introspection_cpp.hpp\n'}
[2.405634] (px4_msgs) StdoutLine: {'line': b'-- Up-to-date: /home/rschnurr/SkyClaw-Team1/ros2_ws/install/px4_msgs/include/px4_msgs/px4_msgs/msg/detail/adc_report__rosidl_typesupport_introspection_cpp.hpp\n'}
[2.405659] (px4_msgs) StdoutLine: {'line': b'-- Up-to-date: /home/rschnurr/SkyClaw-Team1/ros2_ws/install/px4_msgs/include/px4_msgs/px4_msgs/msg/detail/gimbal_device_information__type_support.cpp\n'}
[2.405681] (px4_msgs) StdoutLine: {'line': b'-- Up-to-date: /home/rschnurr/SkyClaw-Team1/ros2_ws/install/px4_msgs/include/px4_msgs/px4_msgs/msg/detail/orbit_status__rosidl_typesupport_introspection_cpp.hpp\n'}
[2.405704] (px4_msgs) StdoutLine: {'line': b'-- Up-to-date: /home/rschnurr/SkyClaw-Team1/ros2_ws/install/px4_msgs/include/px4_msgs/px4_msgs/msg/detail/geofence_result__rosidl_typesupport_introspection_cpp.hpp\n'}
[2.405779] (px4_msgs) StdoutLine: {'line': b'-- Up-to-date: /home/rschnurr/SkyClaw-Team1/ros2_ws/install/px4_msgs/include/px4_msgs/px4_msgs/msg/detail/sensor_selection__rosidl_typesupport_introspection_cpp.hpp\n'}
[2.405845] (px4_msgs) StdoutLine: {'line': b'-- Up-to-date: /home/rschnurr/SkyClaw-Team1/ros2_ws/install/px4_msgs/include/px4_msgs/px4_msgs/msg/detail/actuator_servos_trim__type_support.cpp\n'}
[2.405885] (px4_msgs) StdoutLine: {'line': b'-- Up-to-date: /home/rschnurr/SkyClaw-Team1/ros2_ws/install/px4_msgs/include/px4_msgs/px4_msgs/msg/detail/navigator_mission_item__rosidl_typesupport_introspection_cpp.hpp\n'}
[2.405912] (px4_msgs) StdoutLine: {'line': b'-- Up-to-date: /home/rschnurr/SkyClaw-Team1/ros2_ws/install/px4_msgs/include/px4_msgs/px4_msgs/msg/detail/vehicle_imu_status__rosidl_typesupport_introspection_cpp.hpp\n'}
[2.405937] (px4_msgs) StdoutLine: {'line': b'-- Up-to-date: /home/rschnurr/SkyClaw-Team1/ros2_ws/install/px4_msgs/include/px4_msgs/px4_msgs/msg/detail/timesync_status__rosidl_typesupport_introspection_cpp.hpp\n'}
[2.405959] (px4_msgs) StdoutLine: {'line': b'-- Up-to-date: /home/rschnurr/SkyClaw-Team1/ros2_ws/install/px4_msgs/include/px4_msgs/px4_msgs/msg/detail/fixed_wing_lateral_guidance_status__type_support.cpp\n'}
[2.405981] (px4_msgs) StdoutLine: {'line': b'-- Up-to-date: /home/rschnurr/SkyClaw-Team1/ros2_ws/install/px4_msgs/include/px4_msgs/px4_msgs/msg/detail/camera_status__type_support.cpp\n'}
[2.406010] (px4_msgs) StdoutLine: {'line': b'-- Up-to-date: /home/rschnurr/SkyClaw-Team1/ros2_ws/install/px4_msgs/include/px4_msgs/px4_msgs/msg/detail/power_button_state__rosidl_typesupport_introspection_cpp.hpp\n'}
[2.406034] (px4_msgs) StdoutLine: {'line': b'-- Up-to-date: /home/rschnurr/SkyClaw-Team1/ros2_ws/install/px4_msgs/include/px4_msgs/px4_msgs/msg/detail/lateral_control_configuration__rosidl_typesupport_introspection_cpp.hpp\n'}
[2.406060] (px4_msgs) StdoutLine: {'line': b'-- Up-to-date: /home/rschnurr/SkyClaw-Team1/ros2_ws/install/px4_msgs/include/px4_msgs/px4_msgs/msg/detail/message_format_request__type_support.cpp\n'}
[2.406081] (px4_msgs) StdoutLine: {'line': b'-- Up-to-date: /home/rschnurr/SkyClaw-Team1/ros2_ws/install/px4_msgs/include/px4_msgs/px4_msgs/msg/detail/open_drone_id_arm_status__rosidl_typesupport_introspection_cpp.hpp\n'}
[2.406103] (px4_msgs) StdoutLine: {'line': b'-- Up-to-date: /home/rschnurr/SkyClaw-Team1/ros2_ws/install/px4_msgs/include/px4_msgs/px4_msgs/msg/detail/parameter_set_used_request__type_support.cpp\n'}
[2.406123] (px4_msgs) StdoutLine: {'line': b'-- Up-to-date: /home/rschnurr/SkyClaw-Team1/ros2_ws/install/px4_msgs/include/px4_msgs/px4_msgs/msg/detail/neural_control__rosidl_typesupport_introspection_cpp.hpp\n'}
[2.406146] (px4_msgs) StdoutLine: {'line': b'-- Up-to-date: /home/rschnurr/SkyClaw-Team1/ros2_ws/install/px4_msgs/include/px4_msgs/px4_msgs/msg/detail/vehicle_local_position_setpoint__rosidl_typesupport_introspection_cpp.hpp\n'}
[2.406167] (px4_msgs) StdoutLine: {'line': b'-- Up-to-date: /home/rschnurr/SkyClaw-Team1/ros2_ws/install/px4_msgs/include/px4_msgs/px4_msgs/msg/detail/satellite_info__rosidl_typesupport_introspection_cpp.hpp\n'}
[2.406191] (px4_msgs) StdoutLine: {'line': b'-- Up-to-date: /home/rschnurr/SkyClaw-Team1/ros2_ws/install/px4_msgs/include/px4_msgs/px4_msgs/msg/detail/dataman_request__type_support.cpp\n'}
[2.406212] (px4_msgs) StdoutLine: {'line': b'-- Up-to-date: /home/rschnurr/SkyClaw-Team1/ros2_ws/install/px4_msgs/include/px4_msgs/px4_msgs/msg/detail/gimbal_manager_set_manual_control__type_support.cpp\n'}
[2.406234] (px4_msgs) StdoutLine: {'line': b'-- Up-to-date: /home/rschnurr/SkyClaw-Team1/ros2_ws/install/px4_msgs/include/px4_msgs/px4_msgs/msg/detail/sensor_gyro_fft__type_support.cpp\n'}
[2.406342] (px4_msgs) StdoutLine: {'line': b'-- Up-to-date: /home/rschnurr/SkyClaw-Team1/ros2_ws/install/px4_msgs/include/px4_msgs/px4_msgs/msg/detail/gimbal_device_set_attitude__type_support.cpp\n'}
[2.406386] (px4_msgs) StdoutLine: {'line': b'-- Up-to-date: /home/rschnurr/SkyClaw-Team1/ros2_ws/install/px4_msgs/include/px4_msgs/px4_msgs/msg/detail/parameter_set_value_request__rosidl_typesupport_introspection_cpp.hpp\n'}
[2.406414] (px4_msgs) StdoutLine: {'line': b'-- Up-to-date: /home/rschnurr/SkyClaw-Team1/ros2_ws/install/px4_msgs/include/px4_msgs/px4_msgs/msg/detail/figure_eight_status__type_support.cpp\n'}
[2.406444] (px4_msgs) StdoutLine: {'line': b'-- Up-to-date: /home/rschnurr/SkyClaw-Team1/ros2_ws/install/px4_msgs/include/px4_msgs/px4_msgs/msg/detail/estimator_aid_source2d__type_support.cpp\n'}
[2.406467] (px4_msgs) StdoutLine: {'line': b'-- Up-to-date: /home/rschnurr/SkyClaw-Team1/ros2_ws/install/px4_msgs/include/px4_msgs/px4_msgs/msg/detail/position_controller_landing_status__rosidl_typesupport_introspection_cpp.hpp\n'}
[2.406490] (px4_msgs) StdoutLine: {'line': b'-- Up-to-date: /home/rschnurr/SkyClaw-Team1/ros2_ws/install/px4_msgs/include/px4_msgs/px4_msgs/msg/detail/qshell_req__type_support.cpp\n'}
[2.406518] (px4_msgs) StdoutLine: {'line': b'-- Up-to-date: /home/rschnurr/SkyClaw-Team1/ros2_ws/install/px4_msgs/include/px4_msgs/px4_msgs/msg/detail/mission__type_support.cpp\n'}
[2.406547] (px4_msgs) StdoutLine: {'line': b'-- Up-to-date: /home/rschnurr/SkyClaw-Team1/ros2_ws/install/px4_msgs/include/px4_msgs/px4_msgs/msg/detail/estimator_status__rosidl_typesupport_introspection_cpp.hpp\n'}
[2.406574] (px4_msgs) StdoutLine: {'line': b'-- Up-to-date: /home/rschnurr/SkyClaw-Team1/ros2_ws/install/px4_msgs/include/px4_msgs/px4_msgs/msg/detail/log_message__type_support.cpp\n'}
[2.406601] (px4_msgs) StdoutLine: {'line': b'-- Up-to-date: /home/rschnurr/SkyClaw-Team1/ros2_ws/install/px4_msgs/include/px4_msgs/px4_msgs/msg/detail/sensors_status_imu__rosidl_typesupport_introspection_cpp.hpp\n'}
[2.406636] (px4_msgs) StdoutLine: {'line': b'-- Up-to-date: /home/rschnurr/SkyClaw-Team1/ros2_ws/install/px4_msgs/include/px4_msgs/px4_msgs/msg/detail/wheel_encoders__rosidl_typesupport_introspection_cpp.hpp\n'}
[2.406701] (px4_msgs) StdoutLine: {'line': b'-- Up-to-date: /home/rschnurr/SkyClaw-Team1/ros2_ws/install/px4_msgs/include/px4_msgs/px4_msgs/msg/detail/fixed_wing_lateral_setpoint__rosidl_typesupport_introspection_cpp.hpp\n'}
[2.406736] (px4_msgs) StdoutLine: {'line': b'-- Up-to-date: /home/rschnurr/SkyClaw-Team1/ros2_ws/install/px4_msgs/include/px4_msgs/px4_msgs/msg/detail/differential_pressure__type_support.cpp\n'}
[2.406766] (px4_msgs) StdoutLine: {'line': b'-- Up-to-date: /home/rschnurr/SkyClaw-Team1/ros2_ws/install/px4_msgs/include/px4_msgs/px4_msgs/msg/detail/figure_eight_status__rosidl_typesupport_introspection_cpp.hpp\n'}
[2.406793] (px4_msgs) StdoutLine: {'line': b'-- Up-to-date: /home/rschnurr/SkyClaw-Team1/ros2_ws/install/px4_msgs/include/px4_msgs/px4_msgs/msg/detail/vehicle_attitude__type_support.cpp\n'}
[2.406848] (px4_msgs) StdoutLine: {'line': b'-- Up-to-date: /home/rschnurr/SkyClaw-Team1/ros2_ws/install/px4_msgs/include/px4_msgs/px4_msgs/msg/detail/telemetry_status__rosidl_typesupport_introspection_cpp.hpp\n'}
[2.406900] (px4_msgs) StdoutLine: {'line': b'-- Up-to-date: /home/rschnurr/SkyClaw-Team1/ros2_ws/install/px4_msgs/include/px4_msgs/px4_msgs/msg/detail/message_format_response__rosidl_typesupport_introspection_cpp.hpp\n'}
[2.406935] (px4_msgs) StdoutLine: {'line': b'-- Up-to-date: /home/rschnurr/SkyClaw-Team1/ros2_ws/install/px4_msgs/include/px4_msgs/px4_msgs/msg/detail/cpuload__type_support.cpp\n'}
[2.406968] (px4_msgs) StdoutLine: {'line': b'-- Up-to-date: /home/rschnurr/SkyClaw-Team1/ros2_ws/install/px4_msgs/include/px4_msgs/px4_msgs/msg/detail/rover_speed_setpoint__rosidl_typesupport_introspection_cpp.hpp\n'}
[2.406999] (px4_msgs) StdoutLine: {'line': b'-- Up-to-date: /home/rschnurr/SkyClaw-Team1/ros2_ws/install/px4_msgs/include/px4_msgs/px4_msgs/msg/detail/manual_control_switches__type_support.cpp\n'}
[2.407030] (px4_msgs) StdoutLine: {'line': b'-- Up-to-date: /home/rschnurr/SkyClaw-Team1/ros2_ws/install/px4_msgs/include/px4_msgs/px4_msgs/msg/detail/rover_steering_setpoint__type_support.cpp\n'}
[2.407060] (px4_msgs) StdoutLine: {'line': b'-- Up-to-date: /home/rschnurr/SkyClaw-Team1/ros2_ws/install/px4_msgs/include/px4_msgs/px4_msgs/msg/detail/config_overrides__rosidl_typesupport_introspection_cpp.hpp\n'}
[2.407089] (px4_msgs) StdoutLine: {'line': b'-- Up-to-date: /home/rschnurr/SkyClaw-Team1/ros2_ws/install/px4_msgs/include/px4_msgs/px4_msgs/msg/detail/vehicle_land_detected__rosidl_typesupport_introspection_cpp.hpp\n'}
[2.407123] (px4_msgs) StdoutLine: {'line': b'-- Up-to-date: /home/rschnurr/SkyClaw-Team1/ros2_ws/install/px4_msgs/include/px4_msgs/px4_msgs/msg/detail/airspeed__type_support.cpp\n'}
[2.407157] (px4_msgs) StdoutLine: {'line': b'-- Up-to-date: /home/rschnurr/SkyClaw-Team1/ros2_ws/install/px4_msgs/include/px4_msgs/px4_msgs/msg/detail/qshell_retval__rosidl_typesupport_introspection_cpp.hpp\n'}
[2.407188] (px4_msgs) StdoutLine: {'line': b'-- Up-to-date: /home/rschnurr/SkyClaw-Team1/ros2_ws/install/px4_msgs/include/px4_msgs/px4_msgs/msg/detail/vehicle_command__type_support.cpp\n'}
[2.407219] (px4_msgs) StdoutLine: {'line': b'-- Up-to-date: /home/rschnurr/SkyClaw-Team1/ros2_ws/install/px4_msgs/include/px4_msgs/px4_msgs/msg/detail/uavcan_parameter_value__rosidl_typesupport_introspection_cpp.hpp\n'}
[2.407252] (px4_msgs) StdoutLine: {'line': b'-- Up-to-date: /home/rschnurr/SkyClaw-Team1/ros2_ws/install/px4_msgs/include/px4_msgs/px4_msgs/msg/detail/sensor_airflow__rosidl_typesupport_introspection_cpp.hpp\n'}
[2.407323] (px4_msgs) StdoutLine: {'line': b'-- Up-to-date: /home/rschnurr/SkyClaw-Team1/ros2_ws/install/px4_msgs/include/px4_msgs/px4_msgs/msg/detail/follow_target__type_support.cpp\n'}
[2.407441] (px4_msgs) StdoutLine: {'line': b'-- Up-to-date: /home/rschnurr/SkyClaw-Team1/ros2_ws/install/px4_msgs/include/px4_msgs/px4_msgs/msg/detail/logger_status__rosidl_typesupport_introspection_cpp.hpp\n'}
[2.407485] (px4_msgs) StdoutLine: {'line': b'-- Up-to-date: /home/rschnurr/SkyClaw-Team1/ros2_ws/install/px4_msgs/include/px4_msgs/px4_msgs/msg/detail/gimbal_manager_status__rosidl_typesupport_introspection_cpp.hpp\n'}
[2.407518] (px4_msgs) StdoutLine: {'line': b'-- Up-to-date: /home/rschnurr/SkyClaw-Team1/ros2_ws/install/px4_msgs/include/px4_msgs/px4_msgs/msg/detail/sensor_airflow__type_support.cpp\n'}
[2.407551] (px4_msgs) StdoutLine: {'line': b'-- Up-to-date: /home/rschnurr/SkyClaw-Team1/ros2_ws/install/px4_msgs/include/px4_msgs/px4_msgs/msg/detail/rc_channels__rosidl_typesupport_introspection_cpp.hpp\n'}
[2.407582] (px4_msgs) StdoutLine: {'line': b'-- Up-to-date: /home/rschnurr/SkyClaw-Team1/ros2_ws/install/px4_msgs/include/px4_msgs/px4_msgs/msg/detail/sensor_hygrometer__type_support.cpp\n'}
[2.407611] (px4_msgs) StdoutLine: {'line': b'-- Up-to-date: /home/rschnurr/SkyClaw-Team1/ros2_ws/install/px4_msgs/include/px4_msgs/px4_msgs/msg/detail/landing_gear_wheel__rosidl_typesupport_introspection_cpp.hpp\n'}
[2.407647] (px4_msgs) StdoutLine: {'line': b'-- Up-to-date: /home/rschnurr/SkyClaw-Team1/ros2_ws/install/px4_msgs/include/px4_msgs/px4_msgs/msg/detail/internal_combustion_engine_control__type_support.cpp\n'}
[2.407678] (px4_msgs) StdoutLine: {'line': b'-- Up-to-date: /home/rschnurr/SkyClaw-Team1/ros2_ws/install/px4_msgs/include/px4_msgs/px4_msgs/msg/detail/generator_status__type_support.cpp\n'}
[2.407707] (px4_msgs) StdoutLine: {'line': b'-- Up-to-date: /home/rschnurr/SkyClaw-Team1/ros2_ws/install/px4_msgs/include/px4_msgs/px4_msgs/msg/detail/estimator_status_flags__type_support.cpp\n'}
[2.407736] (px4_msgs) StdoutLine: {'line': b'-- Up-to-date: /home/rschnurr/SkyClaw-Team1/ros2_ws/install/px4_msgs/include/px4_msgs/px4_msgs/msg/detail/rtl_status__type_support.cpp\n'}
[2.407818] (px4_msgs) StdoutLine: {'line': b'-- Up-to-date: /home/rschnurr/SkyClaw-Team1/ros2_ws/install/px4_msgs/include/px4_msgs/px4_msgs/msg/detail/rate_ctrl_status__type_support.cpp\n'}
[2.407867] (px4_msgs) StdoutLine: {'line': b'-- Up-to-date: /home/rschnurr/SkyClaw-Team1/ros2_ws/install/px4_msgs/include/px4_msgs/px4_msgs/msg/detail/manual_control_setpoint__rosidl_typesupport_introspection_cpp.hpp\n'}
[2.407903] (px4_msgs) StdoutLine: {'line': b'-- Up-to-date: /home/rschnurr/SkyClaw-Team1/ros2_ws/install/px4_msgs/include/px4_msgs/px4_msgs/msg/detail/debug_vect__rosidl_typesupport_introspection_cpp.hpp\n'}
[2.407935] (px4_msgs) StdoutLine: {'line': b'-- Up-to-date: /home/rschnurr/SkyClaw-Team1/ros2_ws/install/px4_msgs/include/px4_msgs/px4_msgs/msg/detail/estimator_event_flags__rosidl_typesupport_introspection_cpp.hpp\n'}
[2.407976] (px4_msgs) StdoutLine: {'line': b'-- Up-to-date: /home/rschnurr/SkyClaw-Team1/ros2_ws/install/px4_msgs/include/px4_msgs/px4_msgs/msg/detail/rpm__type_support.cpp\n'}
[2.408005] (px4_msgs) StdoutLine: {'line': b'-- Up-to-date: /home/rschnurr/SkyClaw-Team1/ros2_ws/install/px4_msgs/include/px4_msgs/px4_msgs/msg/detail/ulog_stream_ack__rosidl_typesupport_introspection_cpp.hpp\n'}
[2.408035] (px4_msgs) StdoutLine: {'line': b'-- Up-to-date: /home/rschnurr/SkyClaw-Team1/ros2_ws/install/px4_msgs/include/px4_msgs/px4_msgs/msg/detail/vehicle_magnetometer__type_support.cpp\n'}
[2.408065] (px4_msgs) StdoutLine: {'line': b'-- Up-to-date: /home/rschnurr/SkyClaw-Team1/ros2_ws/install/px4_msgs/include/px4_msgs/px4_msgs/msg/detail/irlock_report__type_support.cpp\n'}
[2.408094] (px4_msgs) StdoutLine: {'line': b'-- Up-to-date: /home/rschnurr/SkyClaw-Team1/ros2_ws/install/px4_msgs/include/px4_msgs/px4_msgs/msg/detail/input_rc__type_support.cpp\n'}
[2.408124] (px4_msgs) StdoutLine: {'line': b'-- Up-to-date: /home/rschnurr/SkyClaw-Team1/ros2_ws/install/px4_msgs/include/px4_msgs/px4_msgs/msg/detail/fixed_wing_lateral_setpoint__type_support.cpp\n'}
[2.408153] (px4_msgs) StdoutLine: {'line': b'-- Up-to-date: /home/rschnurr/SkyClaw-Team1/ros2_ws/install/px4_msgs/include/px4_msgs/px4_msgs/msg/detail/health_report__rosidl_typesupport_introspection_cpp.hpp\n'}
[2.408180] (px4_msgs) StdoutLine: {'line': b'-- Up-to-date: /home/rschnurr/SkyClaw-Team1/ros2_ws/install/px4_msgs/include/px4_msgs/px4_msgs/msg/detail/rover_throttle_setpoint__rosidl_typesupport_introspection_cpp.hpp\n'}
[2.408212] (px4_msgs) StdoutLine: {'line': b'-- Up-to-date: /home/rschnurr/SkyClaw-Team1/ros2_ws/install/px4_msgs/include/px4_msgs/px4_msgs/msg/detail/position_controller_landing_status__type_support.cpp\n'}
[2.408241] (px4_msgs) StdoutLine: {'line': b'-- Up-to-date: /home/rschnurr/SkyClaw-Team1/ros2_ws/install/px4_msgs/include/px4_msgs/px4_msgs/msg/detail/sensor_optical_flow__type_support.cpp\n'}
[2.408270] (px4_msgs) StdoutLine: {'line': b'-- Up-to-date: /home/rschnurr/SkyClaw-Team1/ros2_ws/install/px4_msgs/include/px4_msgs/px4_msgs/msg/detail/qshell_req__rosidl_typesupport_introspection_cpp.hpp\n'}
[2.408298] (px4_msgs) StdoutLine: {'line': b'-- Up-to-date: /home/rschnurr/SkyClaw-Team1/ros2_ws/install/px4_msgs/include/px4_msgs/px4_msgs/msg/detail/gps_inject_data__type_support.cpp\n'}
[2.408327] (px4_msgs) StdoutLine: {'line': b'-- Up-to-date: /home/rschnurr/SkyClaw-Team1/ros2_ws/install/px4_msgs/include/px4_msgs/px4_msgs/msg/detail/battery_status__type_support.cpp\n'}
[2.408356] (px4_msgs) StdoutLine: {'line': b'-- Up-to-date: /home/rschnurr/SkyClaw-Team1/ros2_ws/install/px4_msgs/include/px4_msgs/px4_msgs/msg/detail/cpuload__rosidl_typesupport_introspection_cpp.hpp\n'}
[2.408388] (px4_msgs) StdoutLine: {'line': b'-- Up-to-date: /home/rschnurr/SkyClaw-Team1/ros2_ws/install/px4_msgs/include/px4_msgs/px4_msgs/msg/detail/velocity_limits__type_support.cpp\n'}
[2.408418] (px4_msgs) StdoutLine: {'line': b'-- Up-to-date: /home/rschnurr/SkyClaw-Team1/ros2_ws/install/px4_msgs/include/px4_msgs/px4_msgs/msg/detail/sensor_accel__rosidl_typesupport_introspection_cpp.hpp\n'}
[2.408598] (px4_msgs) StdoutLine: {'line': b'-- Up-to-date: /home/rschnurr/SkyClaw-Team1/ros2_ws/install/px4_msgs/include/px4_msgs/px4_msgs/msg/detail/gps_dump__type_support.cpp\n'}
[2.408661] (px4_msgs) StdoutLine: {'line': b'-- Up-to-date: /home/rschnurr/SkyClaw-Team1/ros2_ws/install/px4_msgs/include/px4_msgs/px4_msgs/msg/detail/gpio_out__type_support.cpp\n'}
[2.408745] (px4_msgs) StdoutLine: {'line': b'-- Up-to-date: /home/rschnurr/SkyClaw-Team1/ros2_ws/install/px4_msgs/include/px4_msgs/px4_msgs/msg/detail/airspeed__rosidl_typesupport_introspection_cpp.hpp\n'}
[2.408950] (-) TimerEvent: {}
[2.409158] (px4_msgs) StdoutLine: {'line': b'-- Up-to-date: /home/rschnurr/SkyClaw-Team1/ros2_ws/install/px4_msgs/include/px4_msgs/px4_msgs/msg/detail/esc_report__type_support.cpp\n'}
[2.409252] (px4_msgs) StdoutLine: {'line': b'-- Up-to-date: /home/rschnurr/SkyClaw-Team1/ros2_ws/install/px4_msgs/include/px4_msgs/px4_msgs/msg/detail/sensor_optical_flow__rosidl_typesupport_introspection_cpp.hpp\n'}
[2.409310] (px4_msgs) StdoutLine: {'line': b'-- Up-to-date: /home/rschnurr/SkyClaw-Team1/ros2_ws/install/px4_msgs/include/px4_msgs/px4_msgs/msg/detail/heater_status__type_support.cpp\n'}
[2.409346] (px4_msgs) StdoutLine: {'line': b'-- Up-to-date: /home/rschnurr/SkyClaw-Team1/ros2_ws/install/px4_msgs/include/px4_msgs/px4_msgs/msg/detail/ulog_stream__type_support.cpp\n'}
[2.409375] (px4_msgs) StdoutLine: {'line': b'-- Up-to-date: /home/rschnurr/SkyClaw-Team1/ros2_ws/install/px4_msgs/include/px4_msgs/px4_msgs/msg/detail/wind__rosidl_typesupport_introspection_cpp.hpp\n'}
[2.409406] (px4_msgs) StdoutLine: {'line': b'-- Up-to-date: /home/rschnurr/SkyClaw-Team1/ros2_ws/install/px4_msgs/include/px4_msgs/px4_msgs/msg/detail/landing_target_innovations__type_support.cpp\n'}
[2.409436] (px4_msgs) StdoutLine: {'line': b'-- Up-to-date: /home/rschnurr/SkyClaw-Team1/ros2_ws/install/px4_msgs/include/px4_msgs/px4_msgs/msg/detail/config_overrides__type_support.cpp\n'}
[2.409460] (px4_msgs) StdoutLine: {'line': b'-- Up-to-date: /home/rschnurr/SkyClaw-Team1/ros2_ws/install/px4_msgs/include/px4_msgs/px4_msgs/msg/detail/parameter_set_value_response__type_support.cpp\n'}
[2.409482] (px4_msgs) StdoutLine: {'line': b'-- Up-to-date: /home/rschnurr/SkyClaw-Team1/ros2_ws/install/px4_msgs/include/px4_msgs/px4_msgs/msg/detail/vehicle_attitude__rosidl_typesupport_introspection_cpp.hpp\n'}
[2.409504] (px4_msgs) StdoutLine: {'line': b'-- Up-to-date: /home/rschnurr/SkyClaw-Team1/ros2_ws/install/px4_msgs/include/px4_msgs/px4_msgs/msg/detail/debug_array__type_support.cpp\n'}
[2.409526] (px4_msgs) StdoutLine: {'line': b'-- Up-to-date: /home/rschnurr/SkyClaw-Team1/ros2_ws/install/px4_msgs/include/px4_msgs/px4_msgs/msg/detail/takeoff_status__type_support.cpp\n'}
[2.409551] (px4_msgs) StdoutLine: {'line': b'-- Up-to-date: /home/rschnurr/SkyClaw-Team1/ros2_ws/install/px4_msgs/include/px4_msgs/px4_msgs/msg/detail/sensor_gps__rosidl_typesupport_introspection_cpp.hpp\n'}
[2.409573] (px4_msgs) StdoutLine: {'line': b'-- Up-to-date: /home/rschnurr/SkyClaw-Team1/ros2_ws/install/px4_msgs/include/px4_msgs/px4_msgs/msg/detail/gimbal_manager_information__rosidl_typesupport_introspection_cpp.hpp\n'}
[2.409601] (px4_msgs) StdoutLine: {'line': b'-- Up-to-date: /home/rschnurr/SkyClaw-Team1/ros2_ws/install/px4_msgs/include/px4_msgs/px4_msgs/msg/detail/heater_status__rosidl_typesupport_introspection_cpp.hpp\n'}
[2.409628] (px4_msgs) StdoutLine: {'line': b'-- Up-to-date: /home/rschnurr/SkyClaw-Team1/ros2_ws/install/px4_msgs/include/px4_msgs/px4_msgs/msg/detail/system_power__rosidl_typesupport_introspection_cpp.hpp\n'}
[2.409653] (px4_msgs) StdoutLine: {'line': b'-- Up-to-date: /home/rschnurr/SkyClaw-Team1/ros2_ws/install/px4_msgs/include/px4_msgs/px4_msgs/msg/detail/navigator_mission_item__type_support.cpp\n'}
[2.409682] (px4_msgs) StdoutLine: {'line': b'-- Up-to-date: /home/rschnurr/SkyClaw-Team1/ros2_ws/install/px4_msgs/include/px4_msgs/px4_msgs/msg/detail/tiltrotor_extra_controls__type_support.cpp\n'}
[2.409707] (px4_msgs) StdoutLine: {'line': b'-- Up-to-date: /home/rschnurr/SkyClaw-Team1/ros2_ws/install/px4_msgs/include/px4_msgs/px4_msgs/msg/detail/vehicle_local_position_setpoint__type_support.cpp\n'}
[2.409732] (px4_msgs) StdoutLine: {'line': b'-- Up-to-date: /home/rschnurr/SkyClaw-Team1/ros2_ws/install/px4_msgs/include/px4_msgs/px4_msgs/msg/detail/vehicle_land_detected__type_support.cpp\n'}
[2.409754] (px4_msgs) StdoutLine: {'line': b'-- Up-to-date: /home/rschnurr/SkyClaw-Team1/ros2_ws/install/px4_msgs/include/px4_msgs/px4_msgs/msg/detail/esc_report__rosidl_typesupport_introspection_cpp.hpp\n'}
[2.409775] (px4_msgs) StdoutLine: {'line': b'-- Up-to-date: /home/rschnurr/SkyClaw-Team1/ros2_ws/install/px4_msgs/include/px4_msgs/px4_msgs/msg/detail/home_position__type_support.cpp\n'}
[2.409796] (px4_msgs) StdoutLine: {'line': b'-- Up-to-date: /home/rschnurr/SkyClaw-Team1/ros2_ws/install/px4_msgs/lib/libpx4_msgs__rosidl_typesupport_introspection_cpp.so\n'}
[2.409818] (px4_msgs) StdoutLine: {'line': b'-- Up-to-date: /home/rschnurr/SkyClaw-Team1/ros2_ws/install/px4_msgs/lib/libpx4_msgs__rosidl_typesupport_cpp.so\n'}
[2.409842] (px4_msgs) StdoutLine: {'line': b'-- Up-to-date: /home/rschnurr/SkyClaw-Team1/ros2_ws/install/px4_msgs/share/px4_msgs/environment/pythonpath.sh\n'}
[2.409863] (px4_msgs) StdoutLine: {'line': b'-- Up-to-date: /home/rschnurr/SkyClaw-Team1/ros2_ws/install/px4_msgs/share/px4_msgs/environment/pythonpath.dsv\n'}
[2.409887] (px4_msgs) StdoutLine: {'line': b'-- Up-to-date: /home/rschnurr/SkyClaw-Team1/ros2_ws/install/px4_msgs/local/lib/python3.10/dist-packages/px4_msgs-2.0.1-py3.10.egg-info\n'}
[2.409939] (px4_msgs) StdoutLine: {'line': b'-- Installing: /home/rschnurr/SkyClaw-Team1/ros2_ws/install/px4_msgs/local/lib/python3.10/dist-packages/px4_msgs-2.0.1-py3.10.egg-info/SOURCES.txt\n'}
[2.409990] (px4_msgs) StdoutLine: {'line': b'-- Installing: /home/rschnurr/SkyClaw-Team1/ros2_ws/install/px4_msgs/local/lib/python3.10/dist-packages/px4_msgs-2.0.1-py3.10.egg-info/dependency_links.txt\n'}
[2.410015] (px4_msgs) StdoutLine: {'line': b'-- Installing: /home/rschnurr/SkyClaw-Team1/ros2_ws/install/px4_msgs/local/lib/python3.10/dist-packages/px4_msgs-2.0.1-py3.10.egg-info/PKG-INFO\n'}
[2.410037] (px4_msgs) StdoutLine: {'line': b'-- Installing: /home/rschnurr/SkyClaw-Team1/ros2_ws/install/px4_msgs/local/lib/python3.10/dist-packages/px4_msgs-2.0.1-py3.10.egg-info/top_level.txt\n'}
[2.410059] (px4_msgs) StdoutLine: {'line': b'-- Up-to-date: /home/rschnurr/SkyClaw-Team1/ros2_ws/install/px4_msgs/local/lib/python3.10/dist-packages/px4_msgs\n'}
[2.410082] (px4_msgs) StdoutLine: {'line': b'-- Up-to-date: /home/rschnurr/SkyClaw-Team1/ros2_ws/install/px4_msgs/local/lib/python3.10/dist-packages/px4_msgs/_px4_msgs_s.ep.rosidl_typesupport_introspection_c.c\n'}
[2.410103] (px4_msgs) StdoutLine: {'line': b'-- Up-to-date: /home/rschnurr/SkyClaw-Team1/ros2_ws/install/px4_msgs/local/lib/python3.10/dist-packages/px4_msgs/_px4_msgs_s.ep.rosidl_typesupport_c.c\n'}
[2.410128] (px4_msgs) StdoutLine: {'line': b'-- Up-to-date: /home/rschnurr/SkyClaw-Team1/ros2_ws/install/px4_msgs/local/lib/python3.10/dist-packages/px4_msgs/srv\n'}
[2.410149] (px4_msgs) StdoutLine: {'line': b'-- Up-to-date: /home/rschnurr/SkyClaw-Team1/ros2_ws/install/px4_msgs/local/lib/python3.10/dist-packages/px4_msgs/srv/_vehicle_command_s.c\n'}
[2.410171] (px4_msgs) StdoutLine: {'line': b'-- Up-to-date: /home/rschnurr/SkyClaw-Team1/ros2_ws/install/px4_msgs/local/lib/python3.10/dist-packages/px4_msgs/srv/__init__.py\n'}
[2.410197] (px4_msgs) StdoutLine: {'line': b'-- Up-to-date: /home/rschnurr/SkyClaw-Team1/ros2_ws/install/px4_msgs/local/lib/python3.10/dist-packages/px4_msgs/srv/_vehicle_command.py\n'}
[2.410219] (px4_msgs) StdoutLine: {'line': b'-- Up-to-date: /home/rschnurr/SkyClaw-Team1/ros2_ws/install/px4_msgs/local/lib/python3.10/dist-packages/px4_msgs/msg\n'}
[2.410240] (px4_msgs) StdoutLine: {'line': b'-- Up-to-date: /home/rschnurr/SkyClaw-Team1/ros2_ws/install/px4_msgs/local/lib/python3.10/dist-packages/px4_msgs/msg/_vehicle_constraints.py\n'}
[2.410420] (px4_msgs) StdoutLine: {'line': b'-- Up-to-date: /home/rschnurr/SkyClaw-Team1/ros2_ws/install/px4_msgs/local/lib/python3.10/dist-packages/px4_msgs/msg/_ekf2_timestamps.py\n'}
[2.410501] (px4_msgs) StdoutLine: {'line': b'-- Up-to-date: /home/rschnurr/SkyClaw-Team1/ros2_ws/install/px4_msgs/local/lib/python3.10/dist-packages/px4_msgs/msg/_pure_pursuit_status.py\n'}
[2.410539] (px4_msgs) StdoutLine: {'line': b'-- Up-to-date: /home/rschnurr/SkyClaw-Team1/ros2_ws/install/px4_msgs/local/lib/python3.10/dist-packages/px4_msgs/msg/_rpm.py\n'}
[2.410568] (px4_msgs) StdoutLine: {'line': b'-- Up-to-date: /home/rschnurr/SkyClaw-Team1/ros2_ws/install/px4_msgs/local/lib/python3.10/dist-packages/px4_msgs/msg/_cellular_status.py\n'}
[2.410592] (px4_msgs) StdoutLine: {'line': b'-- Up-to-date: /home/rschnurr/SkyClaw-Team1/ros2_ws/install/px4_msgs/local/lib/python3.10/dist-packages/px4_msgs/msg/_fixed_wing_lateral_guidance_status.py\n'}
[2.410615] (px4_msgs) StdoutLine: {'line': b'-- Up-to-date: /home/rschnurr/SkyClaw-Team1/ros2_ws/install/px4_msgs/local/lib/python3.10/dist-packages/px4_msgs/msg/_internal_combustion_engine_status_s.c\n'}
[2.410651] (px4_msgs) StdoutLine: {'line': b'-- Up-to-date: /home/rschnurr/SkyClaw-Team1/ros2_ws/install/px4_msgs/local/lib/python3.10/dist-packages/px4_msgs/msg/_arming_check_request_s.c\n'}
[2.410674] (px4_msgs) StdoutLine: {'line': b'-- Up-to-date: /home/rschnurr/SkyClaw-Team1/ros2_ws/install/px4_msgs/local/lib/python3.10/dist-packages/px4_msgs/msg/_cpuload.py\n'}
[2.410696] (px4_msgs) StdoutLine: {'line': b'-- Up-to-date: /home/rschnurr/SkyClaw-Team1/ros2_ws/install/px4_msgs/local/lib/python3.10/dist-packages/px4_msgs/msg/_pps_capture.py\n'}
[2.410719] (px4_msgs) StdoutLine: {'line': b'-- Up-to-date: /home/rschnurr/SkyClaw-Team1/ros2_ws/install/px4_msgs/local/lib/python3.10/dist-packages/px4_msgs/msg/_gimbal_device_information.py\n'}
[2.410743] (px4_msgs) StdoutLine: {'line': b'-- Up-to-date: /home/rschnurr/SkyClaw-Team1/ros2_ws/install/px4_msgs/local/lib/python3.10/dist-packages/px4_msgs/msg/_rc_parameter_map_s.c\n'}
[2.410816] (px4_msgs) StdoutLine: {'line': b'-- Up-to-date: /home/rschnurr/SkyClaw-Team1/ros2_ws/install/px4_msgs/local/lib/python3.10/dist-packages/px4_msgs/msg/_sensor_correction_s.c\n'}
[2.410853] (px4_msgs) StdoutLine: {'line': b'-- Up-to-date: /home/rschnurr/SkyClaw-Team1/ros2_ws/install/px4_msgs/local/lib/python3.10/dist-packages/px4_msgs/msg/_normalized_unsigned_setpoint.py\n'}
[2.410881] (px4_msgs) StdoutLine: {'line': b'-- Up-to-date: /home/rschnurr/SkyClaw-Team1/ros2_ws/install/px4_msgs/local/lib/python3.10/dist-packages/px4_msgs/msg/_camera_status.py\n'}
[2.410912] (px4_msgs) StdoutLine: {'line': b'-- Up-to-date: /home/rschnurr/SkyClaw-Team1/ros2_ws/install/px4_msgs/local/lib/python3.10/dist-packages/px4_msgs/msg/_open_drone_id_operator_id.py\n'}
[2.410934] (px4_msgs) StdoutLine: {'line': b'-- Up-to-date: /home/rschnurr/SkyClaw-Team1/ros2_ws/install/px4_msgs/local/lib/python3.10/dist-packages/px4_msgs/msg/_parameter_set_value_response_s.c\n'}
[2.410955] (px4_msgs) StdoutLine: {'line': b'-- Up-to-date: /home/rschnurr/SkyClaw-Team1/ros2_ws/install/px4_msgs/local/lib/python3.10/dist-packages/px4_msgs/msg/_debug_key_value.py\n'}
[2.410976] (px4_msgs) StdoutLine: {'line': b'-- Up-to-date: /home/rschnurr/SkyClaw-Team1/ros2_ws/install/px4_msgs/local/lib/python3.10/dist-packages/px4_msgs/msg/_system_power.py\n'}
[2.410997] (px4_msgs) StdoutLine: {'line': b'-- Up-to-date: /home/rschnurr/SkyClaw-Team1/ros2_ws/install/px4_msgs/local/lib/python3.10/dist-packages/px4_msgs/msg/_can_interface_status_s.c\n'}
[2.411017] (px4_msgs) StdoutLine: {'line': b'-- Up-to-date: /home/rschnurr/SkyClaw-Team1/ros2_ws/install/px4_msgs/local/lib/python3.10/dist-packages/px4_msgs/msg/_landing_gear_s.c\n'}
[2.411038] (px4_msgs) StdoutLine: {'line': b'-- Up-to-date: /home/rschnurr/SkyClaw-Team1/ros2_ws/install/px4_msgs/local/lib/python3.10/dist-packages/px4_msgs/msg/_home_position.py\n'}
[2.411059] (px4_msgs) StdoutLine: {'line': b'-- Up-to-date: /home/rschnurr/SkyClaw-Team1/ros2_ws/install/px4_msgs/local/lib/python3.10/dist-packages/px4_msgs/msg/_vehicle_optical_flow_vel.py\n'}
[2.411081] (px4_msgs) StdoutLine: {'line': b'-- Up-to-date: /home/rschnurr/SkyClaw-Team1/ros2_ws/install/px4_msgs/local/lib/python3.10/dist-packages/px4_msgs/msg/_flight_phase_estimation_s.c\n'}
[2.411102] (px4_msgs) StdoutLine: {'line': b'-- Up-to-date: /home/rschnurr/SkyClaw-Team1/ros2_ws/install/px4_msgs/local/lib/python3.10/dist-packages/px4_msgs/msg/_input_rc_s.c\n'}
[2.411122] (px4_msgs) StdoutLine: {'line': b'-- Up-to-date: /home/rschnurr/SkyClaw-Team1/ros2_ws/install/px4_msgs/local/lib/python3.10/dist-packages/px4_msgs/msg/_vehicle_rates_setpoint.py\n'}
[2.411144] (px4_msgs) StdoutLine: {'line': b'-- Up-to-date: /home/rschnurr/SkyClaw-Team1/ros2_ws/install/px4_msgs/local/lib/python3.10/dist-packages/px4_msgs/msg/_vehicle_angular_velocity_s.c\n'}
[2.411164] (px4_msgs) StdoutLine: {'line': b'-- Up-to-date: /home/rschnurr/SkyClaw-Team1/ros2_ws/install/px4_msgs/local/lib/python3.10/dist-packages/px4_msgs/msg/_message_format_response_s.c\n'}
[2.411189] (px4_msgs) StdoutLine: {'line': b'-- Up-to-date: /home/rschnurr/SkyClaw-Team1/ros2_ws/install/px4_msgs/local/lib/python3.10/dist-packages/px4_msgs/msg/_mag_worker_data_s.c\n'}
[2.411212] (px4_msgs) StdoutLine: {'line': b'-- Up-to-date: /home/rschnurr/SkyClaw-Team1/ros2_ws/install/px4_msgs/local/lib/python3.10/dist-packages/px4_msgs/msg/_register_ext_component_reply_s.c\n'}
[2.411233] (px4_msgs) StdoutLine: {'line': b'-- Up-to-date: /home/rschnurr/SkyClaw-Team1/ros2_ws/install/px4_msgs/local/lib/python3.10/dist-packages/px4_msgs/msg/_gimbal_manager_set_attitude.py\n'}
[2.411255] (px4_msgs) StdoutLine: {'line': b'-- Up-to-date: /home/rschnurr/SkyClaw-Team1/ros2_ws/install/px4_msgs/local/lib/python3.10/dist-packages/px4_msgs/msg/_vehicle_land_detected_s.c\n'}
[2.411278] (px4_msgs) StdoutLine: {'line': b'-- Up-to-date: /home/rschnurr/SkyClaw-Team1/ros2_ws/install/px4_msgs/local/lib/python3.10/dist-packages/px4_msgs/msg/_estimator_aid_source1d.py\n'}
[2.411298] (px4_msgs) StdoutLine: {'line': b'-- Up-to-date: /home/rschnurr/SkyClaw-Team1/ros2_ws/install/px4_msgs/local/lib/python3.10/dist-packages/px4_msgs/msg/_flight_phase_estimation.py\n'}
[2.411318] (px4_msgs) StdoutLine: {'line': b'-- Up-to-date: /home/rschnurr/SkyClaw-Team1/ros2_ws/install/px4_msgs/local/lib/python3.10/dist-packages/px4_msgs/msg/_unregister_ext_component.py\n'}
[2.411339] (px4_msgs) StdoutLine: {'line': b'-- Up-to-date: /home/rschnurr/SkyClaw-Team1/ros2_ws/install/px4_msgs/local/lib/python3.10/dist-packages/px4_msgs/msg/_vehicle_angular_acceleration_setpoint_s.c\n'}
[2.411364] (px4_msgs) StdoutLine: {'line': b'-- Up-to-date: /home/rschnurr/SkyClaw-Team1/ros2_ws/install/px4_msgs/local/lib/python3.10/dist-packages/px4_msgs/msg/_vehicle_global_position_s.c\n'}
[2.411384] (px4_msgs) StdoutLine: {'line': b'-- Up-to-date: /home/rschnurr/SkyClaw-Team1/ros2_ws/install/px4_msgs/local/lib/python3.10/dist-packages/px4_msgs/msg/_mission.py\n'}
[2.411405] (px4_msgs) StdoutLine: {'line': b'-- Up-to-date: /home/rschnurr/SkyClaw-Team1/ros2_ws/install/px4_msgs/local/lib/python3.10/dist-packages/px4_msgs/msg/_power_monitor_s.c\n'}
[2.411427] (px4_msgs) StdoutLine: {'line': b'-- Up-to-date: /home/rschnurr/SkyClaw-Team1/ros2_ws/install/px4_msgs/local/lib/python3.10/dist-packages/px4_msgs/msg/_vehicle_rates_setpoint_s.c\n'}
[2.411449] (px4_msgs) StdoutLine: {'line': b'-- Up-to-date: /home/rschnurr/SkyClaw-Team1/ros2_ws/install/px4_msgs/local/lib/python3.10/dist-packages/px4_msgs/msg/_estimator_aid_source2d_s.c\n'}
[2.411469] (px4_msgs) StdoutLine: {'line': b'-- Up-to-date: /home/rschnurr/SkyClaw-Team1/ros2_ws/install/px4_msgs/local/lib/python3.10/dist-packages/px4_msgs/msg/_heater_status_s.c\n'}
[2.411491] (px4_msgs) StdoutLine: {'line': b'-- Up-to-date: /home/rschnurr/SkyClaw-Team1/ros2_ws/install/px4_msgs/local/lib/python3.10/dist-packages/px4_msgs/msg/_mission_s.c\n'}
[2.411511] (px4_msgs) StdoutLine: {'line': b'-- Up-to-date: /home/rschnurr/SkyClaw-Team1/ros2_ws/install/px4_msgs/local/lib/python3.10/dist-packages/px4_msgs/msg/_gps_inject_data.py\n'}
[2.411531] (px4_msgs) StdoutLine: {'line': b'-- Up-to-date: /home/rschnurr/SkyClaw-Team1/ros2_ws/install/px4_msgs/local/lib/python3.10/dist-packages/px4_msgs/msg/_gpio_config_s.c\n'}
[2.411552] (px4_msgs) StdoutLine: {'line': b'-- Up-to-date: /home/rschnurr/SkyClaw-Team1/ros2_ws/install/px4_msgs/local/lib/python3.10/dist-packages/px4_msgs/msg/_adc_report.py\n'}
[2.411571] (px4_msgs) StdoutLine: {'line': b'-- Up-to-date: /home/rschnurr/SkyClaw-Team1/ros2_ws/install/px4_msgs/local/lib/python3.10/dist-packages/px4_msgs/msg/_follow_target.py\n'}
[2.411591] (px4_msgs) StdoutLine: {'line': b'-- Up-to-date: /home/rschnurr/SkyClaw-Team1/ros2_ws/install/px4_msgs/local/lib/python3.10/dist-packages/px4_msgs/msg/_estimator_status_s.c\n'}
[2.411612] (px4_msgs) StdoutLine: {'line': b'-- Up-to-date: /home/rschnurr/SkyClaw-Team1/ros2_ws/install/px4_msgs/local/lib/python3.10/dist-packages/px4_msgs/msg/_sensor_optical_flow_s.c\n'}
[2.411632] (px4_msgs) StdoutLine: {'line': b'-- Up-to-date: /home/rschnurr/SkyClaw-Team1/ros2_ws/install/px4_msgs/local/lib/python3.10/dist-packages/px4_msgs/msg/_gpio_out.py\n'}
[2.411655] (px4_msgs) StdoutLine: {'line': b'-- Up-to-date: /home/rschnurr/SkyClaw-Team1/ros2_ws/install/px4_msgs/local/lib/python3.10/dist-packages/px4_msgs/msg/_input_rc.py\n'}
[2.411675] (px4_msgs) StdoutLine: {'line': b'-- Up-to-date: /home/rschnurr/SkyClaw-Team1/ros2_ws/install/px4_msgs/local/lib/python3.10/dist-packages/px4_msgs/msg/_autotune_attitude_control_status.py\n'}
[2.411696] (px4_msgs) StdoutLine: {'line': b'-- Up-to-date: /home/rschnurr/SkyClaw-Team1/ros2_ws/install/px4_msgs/local/lib/python3.10/dist-packages/px4_msgs/msg/_vehicle_optical_flow.py\n'}
[2.411717] (px4_msgs) StdoutLine: {'line': b'-- Up-to-date: /home/rschnurr/SkyClaw-Team1/ros2_ws/install/px4_msgs/local/lib/python3.10/dist-packages/px4_msgs/msg/_log_message.py\n'}
[2.411737] (px4_msgs) StdoutLine: {'line': b'-- Up-to-date: /home/rschnurr/SkyClaw-Team1/ros2_ws/install/px4_msgs/local/lib/python3.10/dist-packages/px4_msgs/msg/_vehicle_optical_flow_s.c\n'}
[2.411758] (px4_msgs) StdoutLine: {'line': b'-- Up-to-date: /home/rschnurr/SkyClaw-Team1/ros2_ws/install/px4_msgs/local/lib/python3.10/dist-packages/px4_msgs/msg/_navigator_status.py\n'}
[2.411779] (px4_msgs) StdoutLine: {'line': b'-- Up-to-date: /home/rschnurr/SkyClaw-Team1/ros2_ws/install/px4_msgs/local/lib/python3.10/dist-packages/px4_msgs/msg/_satellite_info_s.c\n'}
[2.411798] (px4_msgs) StdoutLine: {'line': b'-- Up-to-date: /home/rschnurr/SkyClaw-Team1/ros2_ws/install/px4_msgs/local/lib/python3.10/dist-packages/px4_msgs/msg/_gimbal_controls_s.c\n'}
[2.411819] (px4_msgs) StdoutLine: {'line': b'-- Up-to-date: /home/rschnurr/SkyClaw-Team1/ros2_ws/install/px4_msgs/local/lib/python3.10/dist-packages/px4_msgs/msg/_yaw_estimator_status_s.c\n'}
[2.411839] (px4_msgs) StdoutLine: {'line': b'-- Up-to-date: /home/rschnurr/SkyClaw-Team1/ros2_ws/install/px4_msgs/local/lib/python3.10/dist-packages/px4_msgs/msg/_rover_speed_setpoint_s.c\n'}
[2.411860] (px4_msgs) StdoutLine: {'line': b'-- Up-to-date: /home/rschnurr/SkyClaw-Team1/ros2_ws/install/px4_msgs/local/lib/python3.10/dist-packages/px4_msgs/msg/_mission_result.py\n'}
[2.411880] (px4_msgs) StdoutLine: {'line': b'-- Up-to-date: /home/rschnurr/SkyClaw-Team1/ros2_ws/install/px4_msgs/local/lib/python3.10/dist-packages/px4_msgs/msg/_gimbal_manager_set_manual_control.py\n'}
[2.411900] (px4_msgs) StdoutLine: {'line': b'-- Up-to-date: /home/rschnurr/SkyClaw-Team1/ros2_ws/install/px4_msgs/local/lib/python3.10/dist-packages/px4_msgs/msg/_parameter_reset_request_s.c\n'}
[2.411920] (px4_msgs) StdoutLine: {'line': b'-- Up-to-date: /home/rschnurr/SkyClaw-Team1/ros2_ws/install/px4_msgs/local/lib/python3.10/dist-packages/px4_msgs/msg/_cellular_status_s.c\n'}
[2.411940] (px4_msgs) StdoutLine: {'line': b'-- Up-to-date: /home/rschnurr/SkyClaw-Team1/ros2_ws/install/px4_msgs/local/lib/python3.10/dist-packages/px4_msgs/msg/_debug_array_s.c\n'}
[2.411960] (px4_msgs) StdoutLine: {'line': b'-- Up-to-date: /home/rschnurr/SkyClaw-Team1/ros2_ws/install/px4_msgs/local/lib/python3.10/dist-packages/px4_msgs/msg/_sensors_status_imu.py\n'}
[2.411985] (px4_msgs) StdoutLine: {'line': b'-- Up-to-date: /home/rschnurr/SkyClaw-Team1/ros2_ws/install/px4_msgs/local/lib/python3.10/dist-packages/px4_msgs/msg/_wind.py\n'}
[2.412005] (px4_msgs) StdoutLine: {'line': b'-- Up-to-date: /home/rschnurr/SkyClaw-Team1/ros2_ws/install/px4_msgs/local/lib/python3.10/dist-packages/px4_msgs/msg/_fixed_wing_lateral_status.py\n'}
[2.412026] (px4_msgs) StdoutLine: {'line': b'-- Up-to-date: /home/rschnurr/SkyClaw-Team1/ros2_ws/install/px4_msgs/local/lib/python3.10/dist-packages/px4_msgs/msg/_vehicle_air_data.py\n'}
[2.412048] (px4_msgs) StdoutLine: {'line': b'-- Up-to-date: /home/rschnurr/SkyClaw-Team1/ros2_ws/install/px4_msgs/local/lib/python3.10/dist-packages/px4_msgs/msg/_telemetry_status.py\n'}
[2.412069] (px4_msgs) StdoutLine: {'line': b'-- Up-to-date: /home/rschnurr/SkyClaw-Team1/ros2_ws/install/px4_msgs/local/lib/python3.10/dist-packages/px4_msgs/msg/_task_stack_info_s.c\n'}
[2.412091] (px4_msgs) StdoutLine: {'line': b'-- Up-to-date: /home/rschnurr/SkyClaw-Team1/ros2_ws/install/px4_msgs/local/lib/python3.10/dist-packages/px4_msgs/msg/_fuel_tank_status_s.c\n'}
[2.412114] (px4_msgs) StdoutLine: {'line': b'-- Up-to-date: /home/rschnurr/SkyClaw-Team1/ros2_ws/install/px4_msgs/local/lib/python3.10/dist-packages/px4_msgs/msg/_pps_capture_s.c\n'}
[2.412133] (px4_msgs) StdoutLine: {'line': b'-- Up-to-date: /home/rschnurr/SkyClaw-Team1/ros2_ws/install/px4_msgs/local/lib/python3.10/dist-packages/px4_msgs/msg/_battery_info_s.c\n'}
[2.412189] (px4_msgs) StdoutLine: {'line': b'-- Up-to-date: /home/rschnurr/SkyClaw-Team1/ros2_ws/install/px4_msgs/local/lib/python3.10/dist-packages/px4_msgs/msg/_follow_target_s.c\n'}
[2.412268] (px4_msgs) StdoutLine: {'line': b'-- Up-to-date: /home/rschnurr/SkyClaw-Team1/ros2_ws/install/px4_msgs/local/lib/python3.10/dist-packages/px4_msgs/msg/_power_monitor.py\n'}
[2.412310] (px4_msgs) StdoutLine: {'line': b'-- Up-to-date: /home/rschnurr/SkyClaw-Team1/ros2_ws/install/px4_msgs/local/lib/python3.10/dist-packages/px4_msgs/msg/_sensor_preflight_mag.py\n'}
[2.412343] (px4_msgs) StdoutLine: {'line': b'-- Up-to-date: /home/rschnurr/SkyClaw-Team1/ros2_ws/install/px4_msgs/local/lib/python3.10/dist-packages/px4_msgs/msg/_control_allocator_status.py\n'}
[2.412540] (px4_msgs) StdoutLine: {'line': b'-- Up-to-date: /home/rschnurr/SkyClaw-Team1/ros2_ws/install/px4_msgs/local/lib/python3.10/dist-packages/px4_msgs/msg/_rover_rate_status_s.c\n'}
[2.412705] (px4_msgs) StdoutLine: {'line': b'-- Up-to-date: /home/rschnurr/SkyClaw-Team1/ros2_ws/install/px4_msgs/local/lib/python3.10/dist-packages/px4_msgs/msg/_rover_throttle_setpoint_s.c\n'}
[2.412776] (px4_msgs) StdoutLine: {'line': b'-- Up-to-date: /home/rschnurr/SkyClaw-Team1/ros2_ws/install/px4_msgs/local/lib/python3.10/dist-packages/px4_msgs/msg/_estimator_aid_source3d_s.c\n'}
[2.412835] (px4_msgs) StdoutLine: {'line': b'-- Up-to-date: /home/rschnurr/SkyClaw-Team1/ros2_ws/install/px4_msgs/local/lib/python3.10/dist-packages/px4_msgs/msg/_telemetry_status_s.c\n'}
[2.412896] (px4_msgs) StdoutLine: {'line': b'-- Up-to-date: /home/rschnurr/SkyClaw-Team1/ros2_ws/install/px4_msgs/local/lib/python3.10/dist-packages/px4_msgs/msg/_follow_target_status.py\n'}
[2.412931] (px4_msgs) StdoutLine: {'line': b'-- Up-to-date: /home/rschnurr/SkyClaw-Team1/ros2_ws/install/px4_msgs/local/lib/python3.10/dist-packages/px4_msgs/msg/_airspeed_wind.py\n'}
[2.412962] (px4_msgs) StdoutLine: {'line': b'-- Up-to-date: /home/rschnurr/SkyClaw-Team1/ros2_ws/install/px4_msgs/local/lib/python3.10/dist-packages/px4_msgs/msg/_gimbal_device_set_attitude.py\n'}
[2.412993] (px4_msgs) StdoutLine: {'line': b'-- Up-to-date: /home/rschnurr/SkyClaw-Team1/ros2_ws/install/px4_msgs/local/lib/python3.10/dist-packages/px4_msgs/msg/_unregister_ext_component_s.c\n'}
[2.413022] (px4_msgs) StdoutLine: {'line': b'-- Up-to-date: /home/rschnurr/SkyClaw-Team1/ros2_ws/install/px4_msgs/local/lib/python3.10/dist-packages/px4_msgs/msg/_mavlink_log.py\n'}
[2.413053] (px4_msgs) StdoutLine: {'line': b'-- Up-to-date: /home/rschnurr/SkyClaw-Team1/ros2_ws/install/px4_msgs/local/lib/python3.10/dist-packages/px4_msgs/msg/_vehicle_thrust_setpoint.py\n'}
[2.413081] (px4_msgs) StdoutLine: {'line': b'-- Up-to-date: /home/rschnurr/SkyClaw-Team1/ros2_ws/install/px4_msgs/local/lib/python3.10/dist-packages/px4_msgs/msg/_vtol_vehicle_status.py\n'}
[2.413109] (px4_msgs) StdoutLine: {'line': b'-- Up-to-date: /home/rschnurr/SkyClaw-Team1/ros2_ws/install/px4_msgs/local/lib/python3.10/dist-packages/px4_msgs/msg/_failsafe_flags.py\n'}
[2.413135] (px4_msgs) StdoutLine: {'line': b'-- Up-to-date: /home/rschnurr/SkyClaw-Team1/ros2_ws/install/px4_msgs/local/lib/python3.10/dist-packages/px4_msgs/msg/_message_format_request.py\n'}
[2.413162] (px4_msgs) StdoutLine: {'line': b'-- Up-to-date: /home/rschnurr/SkyClaw-Team1/ros2_ws/install/px4_msgs/local/lib/python3.10/dist-packages/px4_msgs/msg/_uavcan_parameter_request_s.c\n'}
[2.413190] (px4_msgs) StdoutLine: {'line': b'-- Up-to-date: /home/rschnurr/SkyClaw-Team1/ros2_ws/install/px4_msgs/local/lib/python3.10/dist-packages/px4_msgs/msg/_launch_detection_status_s.c\n'}
[2.413224] (px4_msgs) StdoutLine: {'line': b'-- Up-to-date: /home/rschnurr/SkyClaw-Team1/ros2_ws/install/px4_msgs/local/lib/python3.10/dist-packages/px4_msgs/msg/_takeoff_status.py\n'}
[2.413252] (px4_msgs) StdoutLine: {'line': b'-- Up-to-date: /home/rschnurr/SkyClaw-Team1/ros2_ws/install/px4_msgs/local/lib/python3.10/dist-packages/px4_msgs/msg/_sensor_gnss_relative_s.c\n'}
[2.413282] (px4_msgs) StdoutLine: {'line': b'-- Up-to-date: /home/rschnurr/SkyClaw-Team1/ros2_ws/install/px4_msgs/local/lib/python3.10/dist-packages/px4_msgs/msg/_rover_position_setpoint_s.c\n'}
[2.413309] (px4_msgs) StdoutLine: {'line': b'-- Up-to-date: /home/rschnurr/SkyClaw-Team1/ros2_ws/install/px4_msgs/local/lib/python3.10/dist-packages/px4_msgs/msg/_transponder_report.py\n'}
[2.413345] (px4_msgs) StdoutLine: {'line': b'-- Up-to-date: /home/rschnurr/SkyClaw-Team1/ros2_ws/install/px4_msgs/local/lib/python3.10/dist-packages/px4_msgs/msg/_gimbal_manager_information.py\n'}
[2.413371] (px4_msgs) StdoutLine: {'line': b'-- Up-to-date: /home/rschnurr/SkyClaw-Team1/ros2_ws/install/px4_msgs/local/lib/python3.10/dist-packages/px4_msgs/msg/_offboard_control_mode.py\n'}
[2.413398] (px4_msgs) StdoutLine: {'line': b'-- Up-to-date: /home/rschnurr/SkyClaw-Team1/ros2_ws/install/px4_msgs/local/lib/python3.10/dist-packages/px4_msgs/msg/_sensor_mag_s.c\n'}
[2.413425] (px4_msgs) StdoutLine: {'line': b'-- Up-to-date: /home/rschnurr/SkyClaw-Team1/ros2_ws/install/px4_msgs/local/lib/python3.10/dist-packages/px4_msgs/msg/_camera_trigger.py\n'}
[2.413452] (px4_msgs) StdoutLine: {'line': b'-- Up-to-date: /home/rschnurr/SkyClaw-Team1/ros2_ws/install/px4_msgs/local/lib/python3.10/dist-packages/px4_msgs/msg/_power_button_state_s.c\n'}
[2.413479] (px4_msgs) StdoutLine: {'line': b'-- Up-to-date: /home/rschnurr/SkyClaw-Team1/ros2_ws/install/px4_msgs/local/lib/python3.10/dist-packages/px4_msgs/msg/_estimator_bias3d_s.c\n'}
[2.413508] (px4_msgs) StdoutLine: {'line': b'-- Up-to-date: /home/rschnurr/SkyClaw-Team1/ros2_ws/install/px4_msgs/local/lib/python3.10/dist-packages/px4_msgs/msg/_event_s.c\n'}
[2.413535] (px4_msgs) StdoutLine: {'line': b'-- Up-to-date: /home/rschnurr/SkyClaw-Team1/ros2_ws/install/px4_msgs/local/lib/python3.10/dist-packages/px4_msgs/msg/_task_stack_info.py\n'}
[2.413562] (px4_msgs) StdoutLine: {'line': b'-- Up-to-date: /home/rschnurr/SkyClaw-Team1/ros2_ws/install/px4_msgs/local/lib/python3.10/dist-packages/px4_msgs/msg/_qshell_retval_s.c\n'}
[2.413588] (px4_msgs) StdoutLine: {'line': b'-- Up-to-date: /home/rschnurr/SkyClaw-Team1/ros2_ws/install/px4_msgs/local/lib/python3.10/dist-packages/px4_msgs/msg/_vtol_vehicle_status_s.c\n'}
[2.413615] (px4_msgs) StdoutLine: {'line': b'-- Up-to-date: /home/rschnurr/SkyClaw-Team1/ros2_ws/install/px4_msgs/local/lib/python3.10/dist-packages/px4_msgs/msg/_actuator_motors_s.c\n'}
[2.413642] (px4_msgs) StdoutLine: {'line': b'-- Up-to-date: /home/rschnurr/SkyClaw-Team1/ros2_ws/install/px4_msgs/local/lib/python3.10/dist-packages/px4_msgs/msg/_estimator_innovations.py\n'}
[2.413668] (px4_msgs) StdoutLine: {'line': b'-- Up-to-date: /home/rschnurr/SkyClaw-Team1/ros2_ws/install/px4_msgs/local/lib/python3.10/dist-packages/px4_msgs/msg/_open_drone_id_system_s.c\n'}
[2.413694] (px4_msgs) StdoutLine: {'line': b'-- Up-to-date: /home/rschnurr/SkyClaw-Team1/ros2_ws/install/px4_msgs/local/lib/python3.10/dist-packages/px4_msgs/msg/_vehicle_roi_s.c\n'}
[2.413721] (px4_msgs) StdoutLine: {'line': b'-- Up-to-date: /home/rschnurr/SkyClaw-Team1/ros2_ws/install/px4_msgs/local/lib/python3.10/dist-packages/px4_msgs/msg/_estimator_event_flags_s.c\n'}
[2.413748] (px4_msgs) StdoutLine: {'line': b'-- Up-to-date: /home/rschnurr/SkyClaw-Team1/ros2_ws/install/px4_msgs/local/lib/python3.10/dist-packages/px4_msgs/msg/_parameter_set_used_request_s.c\n'}
[2.413776] (px4_msgs) StdoutLine: {'line': b'-- Up-to-date: /home/rschnurr/SkyClaw-Team1/ros2_ws/install/px4_msgs/local/lib/python3.10/dist-packages/px4_msgs/msg/_orb_test_s.c\n'}
[2.413803] (px4_msgs) StdoutLine: {'line': b'-- Up-to-date: /home/rschnurr/SkyClaw-Team1/ros2_ws/install/px4_msgs/local/lib/python3.10/dist-packages/px4_msgs/msg/_vehicle_imu_s.c\n'}
[2.413833] (px4_msgs) StdoutLine: {'line': b'-- Up-to-date: /home/rschnurr/SkyClaw-Team1/ros2_ws/install/px4_msgs/local/lib/python3.10/dist-packages/px4_msgs/msg/_vehicle_local_position_setpoint.py\n'}
[2.413863] (px4_msgs) StdoutLine: {'line': b'-- Up-to-date: /home/rschnurr/SkyClaw-Team1/ros2_ws/install/px4_msgs/local/lib/python3.10/dist-packages/px4_msgs/msg/_ulog_stream.py\n'}
[2.413892] (px4_msgs) StdoutLine: {'line': b'-- Up-to-date: /home/rschnurr/SkyClaw-Team1/ros2_ws/install/px4_msgs/local/lib/python3.10/dist-packages/px4_msgs/msg/_debug_value.py\n'}
[2.413921] (px4_msgs) StdoutLine: {'line': b'-- Up-to-date: /home/rschnurr/SkyClaw-Team1/ros2_ws/install/px4_msgs/local/lib/python3.10/dist-packages/px4_msgs/msg/_landing_gear_wheel.py\n'}
[2.413950] (px4_msgs) StdoutLine: {'line': b'-- Up-to-date: /home/rschnurr/SkyClaw-Team1/ros2_ws/install/px4_msgs/local/lib/python3.10/dist-packages/px4_msgs/msg/_parameter_set_value_response.py\n'}
[2.413979] (px4_msgs) StdoutLine: {'line': b'-- Up-to-date: /home/rschnurr/SkyClaw-Team1/ros2_ws/install/px4_msgs/local/lib/python3.10/dist-packages/px4_msgs/msg/_sensor_accel_fifo_s.c\n'}
[2.414007] (px4_msgs) StdoutLine: {'line': b'-- Up-to-date: /home/rschnurr/SkyClaw-Team1/ros2_ws/install/px4_msgs/local/lib/python3.10/dist-packages/px4_msgs/msg/_ulog_stream_s.c\n'}
[2.414035] (px4_msgs) StdoutLine: {'line': b'-- Up-to-date: /home/rschnurr/SkyClaw-Team1/ros2_ws/install/px4_msgs/local/lib/python3.10/dist-packages/px4_msgs/msg/_actuator_servos_trim.py\n'}
[2.414062] (px4_msgs) StdoutLine: {'line': b'-- Up-to-date: /home/rschnurr/SkyClaw-Team1/ros2_ws/install/px4_msgs/local/lib/python3.10/dist-packages/px4_msgs/msg/_position_controller_landing_status_s.c\n'}
[2.414093] (px4_msgs) StdoutLine: {'line': b'-- Up-to-date: /home/rschnurr/SkyClaw-Team1/ros2_ws/install/px4_msgs/local/lib/python3.10/dist-packages/px4_msgs/msg/_tiltrotor_extra_controls_s.c\n'}
[2.414123] (px4_msgs) StdoutLine: {'line': b'-- Up-to-date: /home/rschnurr/SkyClaw-Team1/ros2_ws/install/px4_msgs/local/lib/python3.10/dist-packages/px4_msgs/msg/_fixed_wing_longitudinal_setpoint_s.c\n'}
[2.414152] (px4_msgs) StdoutLine: {'line': b'-- Up-to-date: /home/rschnurr/SkyClaw-Team1/ros2_ws/install/px4_msgs/local/lib/python3.10/dist-packages/px4_msgs/msg/_velocity_limits_s.c\n'}
[2.414184] (px4_msgs) StdoutLine: {'line': b'-- Up-to-date: /home/rschnurr/SkyClaw-Team1/ros2_ws/install/px4_msgs/local/lib/python3.10/dist-packages/px4_msgs/msg/_failsafe_flags_s.c\n'}
[2.414217] (px4_msgs) StdoutLine: {'line': b'-- Up-to-date: /home/rschnurr/SkyClaw-Team1/ros2_ws/install/px4_msgs/local/lib/python3.10/dist-packages/px4_msgs/msg/_dronecan_node_status_s.c\n'}
[2.414303] (px4_msgs) StdoutLine: {'line': b'-- Up-to-date: /home/rschnurr/SkyClaw-Team1/ros2_ws/install/px4_msgs/local/lib/python3.10/dist-packages/px4_msgs/msg/_vehicle_acceleration_s.c\n'}
[2.414388] (px4_msgs) StdoutLine: {'line': b'-- Up-to-date: /home/rschnurr/SkyClaw-Team1/ros2_ws/install/px4_msgs/local/lib/python3.10/dist-packages/px4_msgs/msg/_satellite_info.py\n'}
[2.414425] (px4_msgs) StdoutLine: {'line': b'-- Up-to-date: /home/rschnurr/SkyClaw-Team1/ros2_ws/install/px4_msgs/local/lib/python3.10/dist-packages/px4_msgs/msg/_arming_check_reply.py\n'}
[2.414457] (px4_msgs) StdoutLine: {'line': b'-- Up-to-date: /home/rschnurr/SkyClaw-Team1/ros2_ws/install/px4_msgs/local/lib/python3.10/dist-packages/px4_msgs/msg/_rover_speed_status.py\n'}
[2.414554] (px4_msgs) StdoutLine: {'line': b'-- Up-to-date: /home/rschnurr/SkyClaw-Team1/ros2_ws/install/px4_msgs/local/lib/python3.10/dist-packages/px4_msgs/msg/_rover_speed_status_s.c\n'}
[2.414597] (px4_msgs) StdoutLine: {'line': b'-- Up-to-date: /home/rschnurr/SkyClaw-Team1/ros2_ws/install/px4_msgs/local/lib/python3.10/dist-packages/px4_msgs/msg/_sensor_gyro_fifo.py\n'}
[2.414769] (px4_msgs) StdoutLine: {'line': b'-- Up-to-date: /home/rschnurr/SkyClaw-Team1/ros2_ws/install/px4_msgs/local/lib/python3.10/dist-packages/px4_msgs/msg/_velocity_limits.py\n'}
[2.414819] (px4_msgs) StdoutLine: {'line': b'-- Up-to-date: /home/rschnurr/SkyClaw-Team1/ros2_ws/install/px4_msgs/local/lib/python3.10/dist-packages/px4_msgs/msg/_fuel_tank_status.py\n'}
[2.414856] (px4_msgs) StdoutLine: {'line': b'-- Up-to-date: /home/rschnurr/SkyClaw-Team1/ros2_ws/install/px4_msgs/local/lib/python3.10/dist-packages/px4_msgs/msg/_figure_eight_status_s.c\n'}
[2.414889] (px4_msgs) StdoutLine: {'line': b'-- Up-to-date: /home/rschnurr/SkyClaw-Team1/ros2_ws/install/px4_msgs/local/lib/python3.10/dist-packages/px4_msgs/msg/_vehicle_local_position_s.c\n'}
[2.414930] (px4_msgs) StdoutLine: {'line': b'-- Up-to-date: /home/rschnurr/SkyClaw-Team1/ros2_ws/install/px4_msgs/local/lib/python3.10/dist-packages/px4_msgs/msg/_distance_sensor_mode_change_request_s.c\n'}
[2.414962] (px4_msgs) StdoutLine: {'line': b'-- Up-to-date: /home/rschnurr/SkyClaw-Team1/ros2_ws/install/px4_msgs/local/lib/python3.10/dist-packages/px4_msgs/msg/_fixed_wing_longitudinal_setpoint.py\n'}
[2.414994] (px4_msgs) StdoutLine: {'line': b'-- Up-to-date: /home/rschnurr/SkyClaw-Team1/ros2_ws/install/px4_msgs/local/lib/python3.10/dist-packages/px4_msgs/msg/_camera_capture_s.c\n'}
[2.415025] (px4_msgs) StdoutLine: {'line': b'-- Up-to-date: /home/rschnurr/SkyClaw-Team1/ros2_ws/install/px4_msgs/local/lib/python3.10/dist-packages/px4_msgs/msg/_vehicle_attitude.py\n'}
[2.415057] (px4_msgs) StdoutLine: {'line': b'-- Up-to-date: /home/rschnurr/SkyClaw-Team1/ros2_ws/install/px4_msgs/local/lib/python3.10/dist-packages/px4_msgs/msg/_px4io_status_s.c\n'}
[2.415089] (px4_msgs) StdoutLine: {'line': b'-- Up-to-date: /home/rschnurr/SkyClaw-Team1/ros2_ws/install/px4_msgs/local/lib/python3.10/dist-packages/px4_msgs/msg/_position_controller_landing_status.py\n'}
[2.415120] (px4_msgs) StdoutLine: {'line': b'-- Up-to-date: /home/rschnurr/SkyClaw-Team1/ros2_ws/install/px4_msgs/local/lib/python3.10/dist-packages/px4_msgs/msg/_position_setpoint_triplet_s.c\n'}
[2.415152] (px4_msgs) StdoutLine: {'line': b'-- Up-to-date: /home/rschnurr/SkyClaw-Team1/ros2_ws/install/px4_msgs/local/lib/python3.10/dist-packages/px4_msgs/msg/_vehicle_odometry.py\n'}
[2.415186] (px4_msgs) StdoutLine: {'line': b'-- Up-to-date: /home/rschnurr/SkyClaw-Team1/ros2_ws/install/px4_msgs/local/lib/python3.10/dist-packages/px4_msgs/msg/_vehicle_local_position.py\n'}
[2.415220] (px4_msgs) StdoutLine: {'line': b'-- Up-to-date: /home/rschnurr/SkyClaw-Team1/ros2_ws/install/px4_msgs/local/lib/python3.10/dist-packages/px4_msgs/msg/_trajectory_setpoint_s.c\n'}
[2.415251] (px4_msgs) StdoutLine: {'line': b'-- Up-to-date: /home/rschnurr/SkyClaw-Team1/ros2_ws/install/px4_msgs/local/lib/python3.10/dist-packages/px4_msgs/msg/_failure_detector_status_s.c\n'}
[2.415278] (px4_msgs) StdoutLine: {'line': b'-- Up-to-date: /home/rschnurr/SkyClaw-Team1/ros2_ws/install/px4_msgs/local/lib/python3.10/dist-packages/px4_msgs/msg/_sensor_selection.py\n'}
[2.415305] (px4_msgs) StdoutLine: {'line': b'-- Up-to-date: /home/rschnurr/SkyClaw-Team1/ros2_ws/install/px4_msgs/local/lib/python3.10/dist-packages/px4_msgs/msg/_pure_pursuit_status_s.c\n'}
[2.415336] (px4_msgs) StdoutLine: {'line': b'-- Up-to-date: /home/rschnurr/SkyClaw-Team1/ros2_ws/install/px4_msgs/local/lib/python3.10/dist-packages/px4_msgs/msg/_estimator_bias_s.c\n'}
[2.415366] (px4_msgs) StdoutLine: {'line': b'-- Up-to-date: /home/rschnurr/SkyClaw-Team1/ros2_ws/install/px4_msgs/local/lib/python3.10/dist-packages/px4_msgs/msg/_vehicle_attitude_setpoint.py\n'}
[2.415393] (px4_msgs) StdoutLine: {'line': b'-- Up-to-date: /home/rschnurr/SkyClaw-Team1/ros2_ws/install/px4_msgs/local/lib/python3.10/dist-packages/px4_msgs/msg/_collision_constraints_s.c\n'}
[2.415420] (px4_msgs) StdoutLine: {'line': b'-- Up-to-date: /home/rschnurr/SkyClaw-Team1/ros2_ws/install/px4_msgs/local/lib/python3.10/dist-packages/px4_msgs/msg/_mission_result_s.c\n'}
[2.415447] (px4_msgs) StdoutLine: {'line': b'-- Up-to-date: /home/rschnurr/SkyClaw-Team1/ros2_ws/install/px4_msgs/local/lib/python3.10/dist-packages/px4_msgs/msg/_debug_vect.py\n'}
[2.415474] (px4_msgs) StdoutLine: {'line': b'-- Up-to-date: /home/rschnurr/SkyClaw-Team1/ros2_ws/install/px4_msgs/local/lib/python3.10/dist-packages/px4_msgs/msg/_rover_rate_setpoint_s.c\n'}
[2.415505] (px4_msgs) StdoutLine: {'line': b'-- Up-to-date: /home/rschnurr/SkyClaw-Team1/ros2_ws/install/px4_msgs/local/lib/python3.10/dist-packages/px4_msgs/msg/_hover_thrust_estimate.py\n'}
[2.415532] (px4_msgs) StdoutLine: {'line': b'-- Up-to-date: /home/rschnurr/SkyClaw-Team1/ros2_ws/install/px4_msgs/local/lib/python3.10/dist-packages/px4_msgs/msg/_qshell_retval.py\n'}
[2.415558] (px4_msgs) StdoutLine: {'line': b'-- Up-to-date: /home/rschnurr/SkyClaw-Team1/ros2_ws/install/px4_msgs/local/lib/python3.10/dist-packages/px4_msgs/msg/_estimator_bias3d.py\n'}
[2.415584] (px4_msgs) StdoutLine: {'line': b'-- Up-to-date: /home/rschnurr/SkyClaw-Team1/ros2_ws/install/px4_msgs/local/lib/python3.10/dist-packages/px4_msgs/msg/_gps_inject_data_s.c\n'}
[2.415612] (px4_msgs) StdoutLine: {'line': b'-- Up-to-date: /home/rschnurr/SkyClaw-Team1/ros2_ws/install/px4_msgs/local/lib/python3.10/dist-packages/px4_msgs/msg/_sensor_accel_s.c\n'}
[2.415638] (px4_msgs) StdoutLine: {'line': b'-- Up-to-date: /home/rschnurr/SkyClaw-Team1/ros2_ws/install/px4_msgs/local/lib/python3.10/dist-packages/px4_msgs/msg/_internal_combustion_engine_control_s.c\n'}
[2.415665] (px4_msgs) StdoutLine: {'line': b'-- Up-to-date: /home/rschnurr/SkyClaw-Team1/ros2_ws/install/px4_msgs/local/lib/python3.10/dist-packages/px4_msgs/msg/_vehicle_attitude_s.c\n'}
[2.415692] (px4_msgs) StdoutLine: {'line': b'-- Up-to-date: /home/rschnurr/SkyClaw-Team1/ros2_ws/install/px4_msgs/local/lib/python3.10/dist-packages/px4_msgs/msg/_estimator_aid_source2d.py\n'}
[2.415719] (px4_msgs) StdoutLine: {'line': b'-- Up-to-date: /home/rschnurr/SkyClaw-Team1/ros2_ws/install/px4_msgs/local/lib/python3.10/dist-packages/px4_msgs/msg/_logger_status_s.c\n'}
[2.415744] (px4_msgs) StdoutLine: {'line': b'-- Up-to-date: /home/rschnurr/SkyClaw-Team1/ros2_ws/install/px4_msgs/local/lib/python3.10/dist-packages/px4_msgs/msg/_hover_thrust_estimate_s.c\n'}
[2.415770] (px4_msgs) StdoutLine: {'line': b'-- Up-to-date: /home/rschnurr/SkyClaw-Team1/ros2_ws/install/px4_msgs/local/lib/python3.10/dist-packages/px4_msgs/msg/_gimbal_manager_status.py\n'}
[2.415799] (px4_msgs) StdoutLine: {'line': b'-- Up-to-date: /home/rschnurr/SkyClaw-Team1/ros2_ws/install/px4_msgs/local/lib/python3.10/dist-packages/px4_msgs/msg/_system_power_s.c\n'}
[2.415831] (px4_msgs) StdoutLine: {'line': b'-- Up-to-date: /home/rschnurr/SkyClaw-Team1/ros2_ws/install/px4_msgs/local/lib/python3.10/dist-packages/px4_msgs/msg/_event.py\n'}
[2.415860] (px4_msgs) StdoutLine: {'line': b'-- Up-to-date: /home/rschnurr/SkyClaw-Team1/ros2_ws/install/px4_msgs/local/lib/python3.10/dist-packages/px4_msgs/msg/_lateral_control_configuration_s.c\n'}
[2.415890] (px4_msgs) StdoutLine: {'line': b'-- Up-to-date: /home/rschnurr/SkyClaw-Team1/ros2_ws/install/px4_msgs/local/lib/python3.10/dist-packages/px4_msgs/msg/_generator_status.py\n'}
[2.415918] (px4_msgs) StdoutLine: {'line': b'-- Up-to-date: /home/rschnurr/SkyClaw-Team1/ros2_ws/install/px4_msgs/local/lib/python3.10/dist-packages/px4_msgs/msg/_takeoff_status_s.c\n'}
[2.415946] (px4_msgs) StdoutLine: {'line': b'-- Up-to-date: /home/rschnurr/SkyClaw-Team1/ros2_ws/install/px4_msgs/local/lib/python3.10/dist-packages/px4_msgs/msg/_rpm_s.c\n'}
[2.415975] (px4_msgs) StdoutLine: {'line': b'-- Up-to-date: /home/rschnurr/SkyClaw-Team1/ros2_ws/install/px4_msgs/local/lib/python3.10/dist-packages/px4_msgs/msg/_estimator_states_s.c\n'}
[2.416004] (px4_msgs) StdoutLine: {'line': b'-- Up-to-date: /home/rschnurr/SkyClaw-Team1/ros2_ws/install/px4_msgs/local/lib/python3.10/dist-packages/px4_msgs/msg/_landing_target_innovations_s.c\n'}
[2.416033] (px4_msgs) StdoutLine: {'line': b'-- Up-to-date: /home/rschnurr/SkyClaw-Team1/ros2_ws/install/px4_msgs/local/lib/python3.10/dist-packages/px4_msgs/msg/_esc_report_s.c\n'}
[2.416061] (px4_msgs) StdoutLine: {'line': b'-- Up-to-date: /home/rschnurr/SkyClaw-Team1/ros2_ws/install/px4_msgs/local/lib/python3.10/dist-packages/px4_msgs/msg/_rover_steering_setpoint_s.c\n'}
[2.416092] (px4_msgs) StdoutLine: {'line': b'-- Up-to-date: /home/rschnurr/SkyClaw-Team1/ros2_ws/install/px4_msgs/local/lib/python3.10/dist-packages/px4_msgs/msg/_mavlink_tunnel.py\n'}
[2.416123] (px4_msgs) StdoutLine: {'line': b'-- Up-to-date: /home/rschnurr/SkyClaw-Team1/ros2_ws/install/px4_msgs/local/lib/python3.10/dist-packages/px4_msgs/msg/_airspeed_validated.py\n'}
[2.416149] (px4_msgs) StdoutLine: {'line': b'-- Up-to-date: /home/rschnurr/SkyClaw-Team1/ros2_ws/install/px4_msgs/local/lib/python3.10/dist-packages/px4_msgs/msg/_led_control_s.c\n'}
[2.416179] (px4_msgs) StdoutLine: {'line': b'-- Up-to-date: /home/rschnurr/SkyClaw-Team1/ros2_ws/install/px4_msgs/local/lib/python3.10/dist-packages/px4_msgs/msg/_trajectory_setpoint6dof_s.c\n'}
[2.416206] (px4_msgs) StdoutLine: {'line': b'-- Up-to-date: /home/rschnurr/SkyClaw-Team1/ros2_ws/install/px4_msgs/local/lib/python3.10/dist-packages/px4_msgs/msg/_gimbal_device_set_attitude_s.c\n'}
[2.416232] (px4_msgs) StdoutLine: {'line': b'-- Up-to-date: /home/rschnurr/SkyClaw-Team1/ros2_ws/install/px4_msgs/local/lib/python3.10/dist-packages/px4_msgs/msg/_open_drone_id_arm_status_s.c\n'}
[2.416258] (px4_msgs) StdoutLine: {'line': b'-- Up-to-date: /home/rschnurr/SkyClaw-Team1/ros2_ws/install/px4_msgs/local/lib/python3.10/dist-packages/px4_msgs/msg/_mount_orientation.py\n'}
[2.416285] (px4_msgs) StdoutLine: {'line': b'-- Up-to-date: /home/rschnurr/SkyClaw-Team1/ros2_ws/install/px4_msgs/local/lib/python3.10/dist-packages/px4_msgs/msg/_generator_status_s.c\n'}
[2.416312] (px4_msgs) StdoutLine: {'line': b'-- Up-to-date: /home/rschnurr/SkyClaw-Team1/ros2_ws/install/px4_msgs/local/lib/python3.10/dist-packages/px4_msgs/msg/_sensor_uwb.py\n'}
[2.416339] (px4_msgs) StdoutLine: {'line': b'-- Up-to-date: /home/rschnurr/SkyClaw-Team1/ros2_ws/install/px4_msgs/local/lib/python3.10/dist-packages/px4_msgs/msg/_sensor_gnss_status_s.c\n'}
[2.416366] (px4_msgs) StdoutLine: {'line': b'-- Up-to-date: /home/rschnurr/SkyClaw-Team1/ros2_ws/install/px4_msgs/local/lib/python3.10/dist-packages/px4_msgs/msg/_power_button_state.py\n'}
[2.416393] (px4_msgs) StdoutLine: {'line': b'-- Up-to-date: /home/rschnurr/SkyClaw-Team1/ros2_ws/install/px4_msgs/local/lib/python3.10/dist-packages/px4_msgs/msg/_vehicle_optical_flow_vel_s.c\n'}
[2.416421] (px4_msgs) StdoutLine: {'line': b'-- Up-to-date: /home/rschnurr/SkyClaw-Team1/ros2_ws/install/px4_msgs/local/lib/python3.10/dist-packages/px4_msgs/msg/_gpio_in.py\n'}
[2.416448] (px4_msgs) StdoutLine: {'line': b'-- Up-to-date: /home/rschnurr/SkyClaw-Team1/ros2_ws/install/px4_msgs/local/lib/python3.10/dist-packages/px4_msgs/msg/_landing_gear.py\n'}
[2.416476] (px4_msgs) StdoutLine: {'line': b'-- Up-to-date: /home/rschnurr/SkyClaw-Team1/ros2_ws/install/px4_msgs/local/lib/python3.10/dist-packages/px4_msgs/msg/_gpio_in_s.c\n'}
[2.416504] (px4_msgs) StdoutLine: {'line': b'-- Up-to-date: /home/rschnurr/SkyClaw-Team1/ros2_ws/install/px4_msgs/local/lib/python3.10/dist-packages/px4_msgs/msg/_actuator_test_s.c\n'}
[2.416531] (px4_msgs) StdoutLine: {'line': b'-- Up-to-date: /home/rschnurr/SkyClaw-Team1/ros2_ws/install/px4_msgs/local/lib/python3.10/dist-packages/px4_msgs/msg/_failure_detector_status.py\n'}
[2.416560] (px4_msgs) StdoutLine: {'line': b'-- Up-to-date: /home/rschnurr/SkyClaw-Team1/ros2_ws/install/px4_msgs/local/lib/python3.10/dist-packages/px4_msgs/msg/_internal_combustion_engine_control.py\n'}
[2.416585] (px4_msgs) StdoutLine: {'line': b'-- Up-to-date: /home/rschnurr/SkyClaw-Team1/ros2_ws/install/px4_msgs/local/lib/python3.10/dist-packages/px4_msgs/msg/_gpio_out_s.c\n'}
[2.416612] (px4_msgs) StdoutLine: {'line': b'-- Up-to-date: /home/rschnurr/SkyClaw-Team1/ros2_ws/install/px4_msgs/local/lib/python3.10/dist-packages/px4_msgs/msg/_internal_combustion_engine_status.py\n'}
[2.416640] (px4_msgs) StdoutLine: {'line': b'-- Up-to-date: /home/rschnurr/SkyClaw-Team1/ros2_ws/install/px4_msgs/local/lib/python3.10/dist-packages/px4_msgs/msg/_follow_target_status_s.c\n'}
[2.416743] (px4_msgs) StdoutLine: {'line': b'-- Up-to-date: /home/rschnurr/SkyClaw-Team1/ros2_ws/install/px4_msgs/local/lib/python3.10/dist-packages/px4_msgs/msg/_control_allocator_status_s.c\n'}
[2.416800] (px4_msgs) StdoutLine: {'line': b'-- Up-to-date: /home/rschnurr/SkyClaw-Team1/ros2_ws/install/px4_msgs/local/lib/python3.10/dist-packages/px4_msgs/msg/_vehicle_status_s.c\n'}
[2.416834] (px4_msgs) StdoutLine: {'line': b'-- Up-to-date: /home/rschnurr/SkyClaw-Team1/ros2_ws/install/px4_msgs/local/lib/python3.10/dist-packages/px4_msgs/msg/_battery_status.py\n'}
[2.416862] (px4_msgs) StdoutLine: {'line': b'-- Up-to-date: /home/rschnurr/SkyClaw-Team1/ros2_ws/install/px4_msgs/local/lib/python3.10/dist-packages/px4_msgs/msg/_pwm_input.py\n'}
[2.416891] (px4_msgs) StdoutLine: {'line': b'-- Up-to-date: /home/rschnurr/SkyClaw-Team1/ros2_ws/install/px4_msgs/local/lib/python3.10/dist-packages/px4_msgs/msg/_rtl_time_estimate_s.c\n'}
[2.416922] (px4_msgs) StdoutLine: {'line': b'-- Up-to-date: /home/rschnurr/SkyClaw-Team1/ros2_ws/install/px4_msgs/local/lib/python3.10/dist-packages/px4_msgs/msg/_rtl_time_estimate.py\n'}
[2.416948] (px4_msgs) StdoutLine: {'line': b'-- Up-to-date: /home/rschnurr/SkyClaw-Team1/ros2_ws/install/px4_msgs/local/lib/python3.10/dist-packages/px4_msgs/msg/_sensor_uwb_s.c\n'}
[2.416975] (px4_msgs) StdoutLine: {'line': b'-- Up-to-date: /home/rschnurr/SkyClaw-Team1/ros2_ws/install/px4_msgs/local/lib/python3.10/dist-packages/px4_msgs/msg/_sensors_status_s.c\n'}
[2.417055] (px4_msgs) StdoutLine: {'line': b'-- Up-to-date: /home/rschnurr/SkyClaw-Team1/ros2_ws/install/px4_msgs/local/lib/python3.10/dist-packages/px4_msgs/msg/_estimator_gps_status_s.c\n'}
[2.417092] (px4_msgs) StdoutLine: {'line': b'-- Up-to-date: /home/rschnurr/SkyClaw-Team1/ros2_ws/install/px4_msgs/local/lib/python3.10/dist-packages/px4_msgs/msg/_fixed_wing_runway_control_s.c\n'}
[2.417120] (px4_msgs) StdoutLine: {'line': b'-- Up-to-date: /home/rschnurr/SkyClaw-Team1/ros2_ws/install/px4_msgs/local/lib/python3.10/dist-packages/px4_msgs/msg/_fixed_wing_lateral_status_s.c\n'}
[2.417151] (px4_msgs) StdoutLine: {'line': b'-- Up-to-date: /home/rschnurr/SkyClaw-Team1/ros2_ws/install/px4_msgs/local/lib/python3.10/dist-packages/px4_msgs/msg/_position_setpoint_s.c\n'}
[2.417173] (px4_msgs) StdoutLine: {'line': b'-- Up-to-date: /home/rschnurr/SkyClaw-Team1/ros2_ws/install/px4_msgs/local/lib/python3.10/dist-packages/px4_msgs/msg/_mode_completed.py\n'}
[2.417195] (px4_msgs) StdoutLine: {'line': b'-- Up-to-date: /home/rschnurr/SkyClaw-Team1/ros2_ws/install/px4_msgs/local/lib/python3.10/dist-packages/px4_msgs/msg/_estimator_selector_status_s.c\n'}
[2.417216] (px4_msgs) StdoutLine: {'line': b'-- Up-to-date: /home/rschnurr/SkyClaw-Team1/ros2_ws/install/px4_msgs/local/lib/python3.10/dist-packages/px4_msgs/msg/_airspeed.py\n'}
[2.417242] (px4_msgs) StdoutLine: {'line': b'-- Up-to-date: /home/rschnurr/SkyClaw-Team1/ros2_ws/install/px4_msgs/local/lib/python3.10/dist-packages/px4_msgs/msg/_dataman_request_s.c\n'}
[2.417265] (px4_msgs) StdoutLine: {'line': b'-- Up-to-date: /home/rschnurr/SkyClaw-Team1/ros2_ws/install/px4_msgs/local/lib/python3.10/dist-packages/px4_msgs/msg/_sensor_mag.py\n'}
[2.417289] (px4_msgs) StdoutLine: {'line': b'-- Up-to-date: /home/rschnurr/SkyClaw-Team1/ros2_ws/install/px4_msgs/local/lib/python3.10/dist-packages/px4_msgs/msg/_airspeed_wind_s.c\n'}
[2.417312] (px4_msgs) StdoutLine: {'line': b'-- Up-to-date: /home/rschnurr/SkyClaw-Team1/ros2_ws/install/px4_msgs/local/lib/python3.10/dist-packages/px4_msgs/msg/_navigator_mission_item_s.c\n'}
[2.417335] (px4_msgs) StdoutLine: {'line': b'-- Up-to-date: /home/rschnurr/SkyClaw-Team1/ros2_ws/install/px4_msgs/local/lib/python3.10/dist-packages/px4_msgs/msg/_irlock_report.py\n'}
[2.417358] (px4_msgs) StdoutLine: {'line': b'-- Up-to-date: /home/rschnurr/SkyClaw-Team1/ros2_ws/install/px4_msgs/local/lib/python3.10/dist-packages/px4_msgs/msg/_home_position_s.c\n'}
[2.417380] (px4_msgs) StdoutLine: {'line': b'-- Up-to-date: /home/rschnurr/SkyClaw-Team1/ros2_ws/install/px4_msgs/local/lib/python3.10/dist-packages/px4_msgs/msg/_vehicle_attitude_setpoint_s.c\n'}
[2.417405] (px4_msgs) StdoutLine: {'line': b'-- Up-to-date: /home/rschnurr/SkyClaw-Team1/ros2_ws/install/px4_msgs/local/lib/python3.10/dist-packages/px4_msgs/msg/_sensor_baro.py\n'}
[2.417430] (px4_msgs) StdoutLine: {'line': b'-- Up-to-date: /home/rschnurr/SkyClaw-Team1/ros2_ws/install/px4_msgs/local/lib/python3.10/dist-packages/px4_msgs/msg/_geofence_result.py\n'}
[2.417453] (px4_msgs) StdoutLine: {'line': b'-- Up-to-date: /home/rschnurr/SkyClaw-Team1/ros2_ws/install/px4_msgs/local/lib/python3.10/dist-packages/px4_msgs/msg/_sensor_gps.py\n'}
[2.417474] (px4_msgs) StdoutLine: {'line': b'-- Up-to-date: /home/rschnurr/SkyClaw-Team1/ros2_ws/install/px4_msgs/local/lib/python3.10/dist-packages/px4_msgs/msg/_mavlink_tunnel_s.c\n'}
[2.417496] (px4_msgs) StdoutLine: {'line': b'-- Up-to-date: /home/rschnurr/SkyClaw-Team1/ros2_ws/install/px4_msgs/local/lib/python3.10/dist-packages/px4_msgs/msg/_rover_attitude_setpoint.py\n'}
[2.417519] (px4_msgs) StdoutLine: {'line': b'-- Up-to-date: /home/rschnurr/SkyClaw-Team1/ros2_ws/install/px4_msgs/local/lib/python3.10/dist-packages/px4_msgs/msg/_onboard_computer_status_s.c\n'}
[2.417542] (px4_msgs) StdoutLine: {'line': b'-- Up-to-date: /home/rschnurr/SkyClaw-Team1/ros2_ws/install/px4_msgs/local/lib/python3.10/dist-packages/px4_msgs/msg/_rc_channels_s.c\n'}
[2.417563] (px4_msgs) StdoutLine: {'line': b'-- Up-to-date: /home/rschnurr/SkyClaw-Team1/ros2_ws/install/px4_msgs/local/lib/python3.10/dist-packages/px4_msgs/msg/_sensor_gyro_fft.py\n'}
[2.417584] (px4_msgs) StdoutLine: {'line': b'-- Up-to-date: /home/rschnurr/SkyClaw-Team1/ros2_ws/install/px4_msgs/local/lib/python3.10/dist-packages/px4_msgs/msg/_rate_ctrl_status.py\n'}
[2.417605] (px4_msgs) StdoutLine: {'line': b'-- Up-to-date: /home/rschnurr/SkyClaw-Team1/ros2_ws/install/px4_msgs/local/lib/python3.10/dist-packages/px4_msgs/msg/_actuator_armed_s.c\n'}
[2.417626] (px4_msgs) StdoutLine: {'line': b'-- Up-to-date: /home/rschnurr/SkyClaw-Team1/ros2_ws/install/px4_msgs/local/lib/python3.10/dist-packages/px4_msgs/msg/_radio_status.py\n'}
[2.417645] (px4_msgs) StdoutLine: {'line': b'-- Up-to-date: /home/rschnurr/SkyClaw-Team1/ros2_ws/install/px4_msgs/local/lib/python3.10/dist-packages/px4_msgs/msg/_manual_control_switches.py\n'}
[2.417668] (px4_msgs) StdoutLine: {'line': b'-- Up-to-date: /home/rschnurr/SkyClaw-Team1/ros2_ws/install/px4_msgs/local/lib/python3.10/dist-packages/px4_msgs/msg/_actuator_test.py\n'}
[2.417688] (px4_msgs) StdoutLine: {'line': b'-- Up-to-date: /home/rschnurr/SkyClaw-Team1/ros2_ws/install/px4_msgs/local/lib/python3.10/dist-packages/px4_msgs/msg/_normalized_unsigned_setpoint_s.c\n'}
[2.417709] (px4_msgs) StdoutLine: {'line': b'-- Up-to-date: /home/rschnurr/SkyClaw-Team1/ros2_ws/install/px4_msgs/local/lib/python3.10/dist-packages/px4_msgs/msg/_sensor_combined.py\n'}
[2.417731] (px4_msgs) StdoutLine: {'line': b'-- Up-to-date: /home/rschnurr/SkyClaw-Team1/ros2_ws/install/px4_msgs/local/lib/python3.10/dist-packages/px4_msgs/msg/_battery_status_s.c\n'}
[2.417753] (px4_msgs) StdoutLine: {'line': b'-- Up-to-date: /home/rschnurr/SkyClaw-Team1/ros2_ws/install/px4_msgs/local/lib/python3.10/dist-packages/px4_msgs/msg/_gripper_s.c\n'}
[2.417773] (px4_msgs) StdoutLine: {'line': b'-- Up-to-date: /home/rschnurr/SkyClaw-Team1/ros2_ws/install/px4_msgs/local/lib/python3.10/dist-packages/px4_msgs/msg/_open_drone_id_arm_status.py\n'}
[2.417793] (px4_msgs) StdoutLine: {'line': b'-- Up-to-date: /home/rschnurr/SkyClaw-Team1/ros2_ws/install/px4_msgs/local/lib/python3.10/dist-packages/px4_msgs/msg/_tecs_status_s.c\n'}
[2.417816] (px4_msgs) StdoutLine: {'line': b'-- Up-to-date: /home/rschnurr/SkyClaw-Team1/ros2_ws/install/px4_msgs/local/lib/python3.10/dist-packages/px4_msgs/msg/_vehicle_angular_acceleration_setpoint.py\n'}
[2.417837] (px4_msgs) StdoutLine: {'line': b'-- Up-to-date: /home/rschnurr/SkyClaw-Team1/ros2_ws/install/px4_msgs/local/lib/python3.10/dist-packages/px4_msgs/msg/_gimbal_manager_set_attitude_s.c\n'}
[2.417857] (px4_msgs) StdoutLine: {'line': b'-- Up-to-date: /home/rschnurr/SkyClaw-Team1/ros2_ws/install/px4_msgs/local/lib/python3.10/dist-packages/px4_msgs/msg/_wind_s.c\n'}
[2.417878] (px4_msgs) StdoutLine: {'line': b'-- Up-to-date: /home/rschnurr/SkyClaw-Team1/ros2_ws/install/px4_msgs/local/lib/python3.10/dist-packages/px4_msgs/msg/_rover_steering_setpoint.py\n'}
[2.417899] (px4_msgs) StdoutLine: {'line': b'-- Up-to-date: /home/rschnurr/SkyClaw-Team1/ros2_ws/install/px4_msgs/local/lib/python3.10/dist-packages/px4_msgs/msg/_debug_value_s.c\n'}
[2.417919] (px4_msgs) StdoutLine: {'line': b'-- Up-to-date: /home/rschnurr/SkyClaw-Team1/ros2_ws/install/px4_msgs/local/lib/python3.10/dist-packages/px4_msgs/msg/_follow_target_estimator.py\n'}
[2.417938] (px4_msgs) StdoutLine: {'line': b'-- Up-to-date: /home/rschnurr/SkyClaw-Team1/ros2_ws/install/px4_msgs/local/lib/python3.10/dist-packages/px4_msgs/msg/_irlock_report_s.c\n'}
[2.417961] (px4_msgs) StdoutLine: {'line': b'-- Up-to-date: /home/rschnurr/SkyClaw-Team1/ros2_ws/install/px4_msgs/local/lib/python3.10/dist-packages/px4_msgs/msg/_config_overrides.py\n'}
[2.417988] (px4_msgs) StdoutLine: {'line': b'-- Up-to-date: /home/rschnurr/SkyClaw-Team1/ros2_ws/install/px4_msgs/local/lib/python3.10/dist-packages/px4_msgs/msg/_trajectory_setpoint.py\n'}
[2.418010] (px4_msgs) StdoutLine: {'line': b'-- Up-to-date: /home/rschnurr/SkyClaw-Team1/ros2_ws/install/px4_msgs/local/lib/python3.10/dist-packages/px4_msgs/msg/_neural_control_s.c\n'}
[2.418031] (px4_msgs) StdoutLine: {'line': b'-- Up-to-date: /home/rschnurr/SkyClaw-Team1/ros2_ws/install/px4_msgs/local/lib/python3.10/dist-packages/px4_msgs/msg/_parameter_set_value_request.py\n'}
[2.418051] (px4_msgs) StdoutLine: {'line': b'-- Up-to-date: /home/rschnurr/SkyClaw-Team1/ros2_ws/install/px4_msgs/local/lib/python3.10/dist-packages/px4_msgs/msg/_esc_status.py\n'}
[2.418072] (px4_msgs) StdoutLine: {'line': b'-- Up-to-date: /home/rschnurr/SkyClaw-Team1/ros2_ws/install/px4_msgs/local/lib/python3.10/dist-packages/px4_msgs/msg/_pwm_input_s.c\n'}
[2.418093] (px4_msgs) StdoutLine: {'line': b'-- Up-to-date: /home/rschnurr/SkyClaw-Team1/ros2_ws/install/px4_msgs/local/lib/python3.10/dist-packages/px4_msgs/msg/_vehicle_command_s.c\n'}
[2.418114] (px4_msgs) StdoutLine: {'line': b'-- Up-to-date: /home/rschnurr/SkyClaw-Team1/ros2_ws/install/px4_msgs/local/lib/python3.10/dist-packages/px4_msgs/msg/_vehicle_global_position.py\n'}
[2.418136] (px4_msgs) StdoutLine: {'line': b'-- Up-to-date: /home/rschnurr/SkyClaw-Team1/ros2_ws/install/px4_msgs/local/lib/python3.10/dist-packages/px4_msgs/msg/_actuator_outputs.py\n'}
[2.418157] (px4_msgs) StdoutLine: {'line': b'-- Up-to-date: /home/rschnurr/SkyClaw-Team1/ros2_ws/install/px4_msgs/local/lib/python3.10/dist-packages/px4_msgs/msg/_health_report.py\n'}
[2.418178] (px4_msgs) StdoutLine: {'line': b'-- Up-to-date: /home/rschnurr/SkyClaw-Team1/ros2_ws/install/px4_msgs/local/lib/python3.10/dist-packages/px4_msgs/msg/_vehicle_angular_velocity.py\n'}
[2.418198] (px4_msgs) StdoutLine: {'line': b'-- Up-to-date: /home/rschnurr/SkyClaw-Team1/ros2_ws/install/px4_msgs/local/lib/python3.10/dist-packages/px4_msgs/msg/_gimbal_manager_status_s.c\n'}
[2.418218] (px4_msgs) StdoutLine: {'line': b'-- Up-to-date: /home/rschnurr/SkyClaw-Team1/ros2_ws/install/px4_msgs/local/lib/python3.10/dist-packages/px4_msgs/msg/_sensor_gyro_fft_s.c\n'}
[2.418238] (px4_msgs) StdoutLine: {'line': b'-- Up-to-date: /home/rschnurr/SkyClaw-Team1/ros2_ws/install/px4_msgs/local/lib/python3.10/dist-packages/px4_msgs/msg/_vehicle_roi.py\n'}
[2.418374] (px4_msgs) StdoutLine: {'line': b'-- Up-to-date: /home/rschnurr/SkyClaw-Team1/ros2_ws/install/px4_msgs/local/lib/python3.10/dist-packages/px4_msgs/msg/_manual_control_switches_s.c\n'}
[2.418422] (px4_msgs) StdoutLine: {'line': b'-- Up-to-date: /home/rschnurr/SkyClaw-Team1/ros2_ws/install/px4_msgs/local/lib/python3.10/dist-packages/px4_msgs/msg/_radio_status_s.c\n'}
[2.418452] (px4_msgs) StdoutLine: {'line': b'-- Up-to-date: /home/rschnurr/SkyClaw-Team1/ros2_ws/install/px4_msgs/local/lib/python3.10/dist-packages/px4_msgs/msg/_launch_detection_status.py\n'}
[2.418476] (px4_msgs) StdoutLine: {'line': b'-- Up-to-date: /home/rschnurr/SkyClaw-Team1/ros2_ws/install/px4_msgs/local/lib/python3.10/dist-packages/px4_msgs/msg/_vehicle_local_position_setpoint_s.c\n'}
[2.418504] (px4_msgs) StdoutLine: {'line': b'-- Up-to-date: /home/rschnurr/SkyClaw-Team1/ros2_ws/install/px4_msgs/local/lib/python3.10/dist-packages/px4_msgs/msg/_fixed_wing_lateral_setpoint_s.c\n'}
[2.418525] (px4_msgs) StdoutLine: {'line': b'-- Up-to-date: /home/rschnurr/SkyClaw-Team1/ros2_ws/install/px4_msgs/local/lib/python3.10/dist-packages/px4_msgs/msg/_differential_pressure.py\n'}
[2.418546] (px4_msgs) StdoutLine: {'line': b'-- Up-to-date: /home/rschnurr/SkyClaw-Team1/ros2_ws/install/px4_msgs/local/lib/python3.10/dist-packages/px4_msgs/msg/_parameter_reset_request.py\n'}
[2.418567] (px4_msgs) StdoutLine: {'line': b'-- Up-to-date: /home/rschnurr/SkyClaw-Team1/ros2_ws/install/px4_msgs/local/lib/python3.10/dist-packages/px4_msgs/msg/_fixed_wing_lateral_setpoint.py\n'}
[2.418604] (px4_msgs) StdoutLine: {'line': b'-- Up-to-date: /home/rschnurr/SkyClaw-Team1/ros2_ws/install/px4_msgs/local/lib/python3.10/dist-packages/px4_msgs/msg/_log_message_s.c\n'}
[2.418623] (px4_msgs) StdoutLine: {'line': b'-- Up-to-date: /home/rschnurr/SkyClaw-Team1/ros2_ws/install/px4_msgs/local/lib/python3.10/dist-packages/px4_msgs/msg/_vehicle_imu_status_s.c\n'}
[2.418645] (px4_msgs) StdoutLine: {'line': b'-- Up-to-date: /home/rschnurr/SkyClaw-Team1/ros2_ws/install/px4_msgs/local/lib/python3.10/dist-packages/px4_msgs/msg/_estimator_status.py\n'}
[2.418666] (px4_msgs) StdoutLine: {'line': b'-- Up-to-date: /home/rschnurr/SkyClaw-Team1/ros2_ws/install/px4_msgs/local/lib/python3.10/dist-packages/px4_msgs/msg/_config_overrides_s.c\n'}
[2.418688] (px4_msgs) StdoutLine: {'line': b'-- Up-to-date: /home/rschnurr/SkyClaw-Team1/ros2_ws/install/px4_msgs/local/lib/python3.10/dist-packages/px4_msgs/msg/_navigator_mission_item.py\n'}
[2.418708] (px4_msgs) StdoutLine: {'line': b'-- Up-to-date: /home/rschnurr/SkyClaw-Team1/ros2_ws/install/px4_msgs/local/lib/python3.10/dist-packages/px4_msgs/msg/_onboard_computer_status.py\n'}
[2.418728] (px4_msgs) StdoutLine: {'line': b'-- Up-to-date: /home/rschnurr/SkyClaw-Team1/ros2_ws/install/px4_msgs/local/lib/python3.10/dist-packages/px4_msgs/msg/_sensor_gyro_fifo_s.c\n'}
[2.418812] (px4_msgs) StdoutLine: {'line': b'-- Up-to-date: /home/rschnurr/SkyClaw-Team1/ros2_ws/install/px4_msgs/local/lib/python3.10/dist-packages/px4_msgs/msg/_uavcan_parameter_value.py\n'}
[2.418875] (px4_msgs) StdoutLine: {'line': b'-- Up-to-date: /home/rschnurr/SkyClaw-Team1/ros2_ws/install/px4_msgs/local/lib/python3.10/dist-packages/px4_msgs/msg/_can_interface_status.py\n'}
[2.418926] (px4_msgs) StdoutLine: {'line': b'-- Up-to-date: /home/rschnurr/SkyClaw-Team1/ros2_ws/install/px4_msgs/local/lib/python3.10/dist-packages/px4_msgs/msg/_sensor_gyro.py\n'}
[2.418957] (px4_msgs) StdoutLine: {'line': b'-- Up-to-date: /home/rschnurr/SkyClaw-Team1/ros2_ws/install/px4_msgs/local/lib/python3.10/dist-packages/px4_msgs/msg/_px4io_status.py\n'}
[2.418984] (px4_msgs) StdoutLine: {'line': b'-- Up-to-date: /home/rschnurr/SkyClaw-Team1/ros2_ws/install/px4_msgs/local/lib/python3.10/dist-packages/px4_msgs/msg/_gps_dump_s.c\n'}
[2.419006] (px4_msgs) StdoutLine: {'line': b'-- Up-to-date: /home/rschnurr/SkyClaw-Team1/ros2_ws/install/px4_msgs/local/lib/python3.10/dist-packages/px4_msgs/msg/_dataman_request.py\n'}
[2.419029] (px4_msgs) StdoutLine: {'line': b'-- Up-to-date: /home/rschnurr/SkyClaw-Team1/ros2_ws/install/px4_msgs/local/lib/python3.10/dist-packages/px4_msgs/msg/_landing_target_innovations.py\n'}
[2.419052] (px4_msgs) StdoutLine: {'line': b'-- Up-to-date: /home/rschnurr/SkyClaw-Team1/ros2_ws/install/px4_msgs/local/lib/python3.10/dist-packages/px4_msgs/msg/_message_format_response.py\n'}
[2.419082] (px4_msgs) StdoutLine: {'line': b'-- Up-to-date: /home/rschnurr/SkyClaw-Team1/ros2_ws/install/px4_msgs/local/lib/python3.10/dist-packages/px4_msgs/msg/_iridiumsbd_status.py\n'}
[2.419108] (px4_msgs) StdoutLine: {'line': b'-- Up-to-date: /home/rschnurr/SkyClaw-Team1/ros2_ws/install/px4_msgs/local/lib/python3.10/dist-packages/px4_msgs/msg/_gimbal_manager_set_manual_control_s.c\n'}
[2.419132] (px4_msgs) StdoutLine: {'line': b'-- Up-to-date: /home/rschnurr/SkyClaw-Team1/ros2_ws/install/px4_msgs/local/lib/python3.10/dist-packages/px4_msgs/msg/_orb_test_medium.py\n'}
[2.419164] (px4_msgs) StdoutLine: {'line': b'-- Up-to-date: /home/rschnurr/SkyClaw-Team1/ros2_ws/install/px4_msgs/local/lib/python3.10/dist-packages/px4_msgs/msg/_ulog_stream_ack_s.c\n'}
[2.419187] (px4_msgs) StdoutLine: {'line': b'-- Up-to-date: /home/rschnurr/SkyClaw-Team1/ros2_ws/install/px4_msgs/local/lib/python3.10/dist-packages/px4_msgs/msg/_estimator_bias.py\n'}
[2.419211] (px4_msgs) StdoutLine: {'line': b'-- Up-to-date: /home/rschnurr/SkyClaw-Team1/ros2_ws/install/px4_msgs/local/lib/python3.10/dist-packages/px4_msgs/msg/_debug_array.py\n'}
[2.419234] (px4_msgs) StdoutLine: {'line': b'-- Up-to-date: /home/rschnurr/SkyClaw-Team1/ros2_ws/install/px4_msgs/local/lib/python3.10/dist-packages/px4_msgs/msg/_vehicle_acceleration.py\n'}
[2.419257] (px4_msgs) StdoutLine: {'line': b'-- Up-to-date: /home/rschnurr/SkyClaw-Team1/ros2_ws/install/px4_msgs/local/lib/python3.10/dist-packages/px4_msgs/msg/_estimator_status_flags.py\n'}
[2.419281] (px4_msgs) StdoutLine: {'line': b'-- Up-to-date: /home/rschnurr/SkyClaw-Team1/ros2_ws/install/px4_msgs/local/lib/python3.10/dist-packages/px4_msgs/msg/_actuator_servos.py\n'}
[2.419307] (px4_msgs) StdoutLine: {'line': b'-- Up-to-date: /home/rschnurr/SkyClaw-Team1/ros2_ws/install/px4_msgs/local/lib/python3.10/dist-packages/px4_msgs/msg/_airspeed_validated_s.c\n'}
[2.419328] (px4_msgs) StdoutLine: {'line': b'-- Up-to-date: /home/rschnurr/SkyClaw-Team1/ros2_ws/install/px4_msgs/local/lib/python3.10/dist-packages/px4_msgs/msg/_health_report_s.c\n'}
[2.419350] (px4_msgs) StdoutLine: {'line': b'-- Up-to-date: /home/rschnurr/SkyClaw-Team1/ros2_ws/install/px4_msgs/local/lib/python3.10/dist-packages/px4_msgs/msg/_geofence_status_s.c\n'}
[2.419371] (px4_msgs) StdoutLine: {'line': b'-- Up-to-date: /home/rschnurr/SkyClaw-Team1/ros2_ws/install/px4_msgs/local/lib/python3.10/dist-packages/px4_msgs/msg/_vehicle_command_ack_s.c\n'}
[2.419392] (px4_msgs) StdoutLine: {'line': b'-- Up-to-date: /home/rschnurr/SkyClaw-Team1/ros2_ws/install/px4_msgs/local/lib/python3.10/dist-packages/px4_msgs/msg/_distance_sensor_s.c\n'}
[2.419417] (px4_msgs) StdoutLine: {'line': b'-- Up-to-date: /home/rschnurr/SkyClaw-Team1/ros2_ws/install/px4_msgs/local/lib/python3.10/dist-packages/px4_msgs/msg/_timesync_status_s.c\n'}
[2.419438] (px4_msgs) StdoutLine: {'line': b'-- Up-to-date: /home/rschnurr/SkyClaw-Team1/ros2_ws/install/px4_msgs/local/lib/python3.10/dist-packages/px4_msgs/msg/_follow_target_estimator_s.c\n'}
[2.419458] (px4_msgs) StdoutLine: {'line': b'-- Up-to-date: /home/rschnurr/SkyClaw-Team1/ros2_ws/install/px4_msgs/local/lib/python3.10/dist-packages/px4_msgs/msg/_estimator_event_flags.py\n'}
[2.419478] (px4_msgs) StdoutLine: {'line': b'-- Up-to-date: /home/rschnurr/SkyClaw-Team1/ros2_ws/install/px4_msgs/local/lib/python3.10/dist-packages/px4_msgs/msg/_rover_attitude_status_s.c\n'}
[2.419498] (px4_msgs) StdoutLine: {'line': b'-- Up-to-date: /home/rschnurr/SkyClaw-Team1/ros2_ws/install/px4_msgs/local/lib/python3.10/dist-packages/px4_msgs/msg/_sensor_airflow.py\n'}
[2.419519] (px4_msgs) StdoutLine: {'line': b'-- Up-to-date: /home/rschnurr/SkyClaw-Team1/ros2_ws/install/px4_msgs/local/lib/python3.10/dist-packages/px4_msgs/msg/_obstacle_distance_s.c\n'}
[2.419544] (px4_msgs) StdoutLine: {'line': b'-- Up-to-date: /home/rschnurr/SkyClaw-Team1/ros2_ws/install/px4_msgs/local/lib/python3.10/dist-packages/px4_msgs/msg/_heater_status.py\n'}
[2.419565] (px4_msgs) StdoutLine: {'line': b'-- Up-to-date: /home/rschnurr/SkyClaw-Team1/ros2_ws/install/px4_msgs/local/lib/python3.10/dist-packages/px4_msgs/msg/_mount_orientation_s.c\n'}
[2.419587] (px4_msgs) StdoutLine: {'line': b'-- Up-to-date: /home/rschnurr/SkyClaw-Team1/ros2_ws/install/px4_msgs/local/lib/python3.10/dist-packages/px4_msgs/msg/_vehicle_imu.py\n'}
[2.419608] (px4_msgs) StdoutLine: {'line': b'-- Up-to-date: /home/rschnurr/SkyClaw-Team1/ros2_ws/install/px4_msgs/local/lib/python3.10/dist-packages/px4_msgs/msg/_rc_parameter_map.py\n'}
[2.419630] (px4_msgs) StdoutLine: {'line': b'-- Up-to-date: /home/rschnurr/SkyClaw-Team1/ros2_ws/install/px4_msgs/local/lib/python3.10/dist-packages/px4_msgs/msg/_offboard_control_mode_s.c\n'}
[2.419653] (px4_msgs) StdoutLine: {'line': b'-- Up-to-date: /home/rschnurr/SkyClaw-Team1/ros2_ws/install/px4_msgs/local/lib/python3.10/dist-packages/px4_msgs/msg/_button_event_s.c\n'}
[2.419673] (px4_msgs) StdoutLine: {'line': b'-- Up-to-date: /home/rschnurr/SkyClaw-Team1/ros2_ws/install/px4_msgs/local/lib/python3.10/dist-packages/px4_msgs/msg/_estimator_aid_source1d_s.c\n'}
[2.419692] (px4_msgs) StdoutLine: {'line': b'-- Up-to-date: /home/rschnurr/SkyClaw-Team1/ros2_ws/install/px4_msgs/local/lib/python3.10/dist-packages/px4_msgs/msg/_vehicle_magnetometer_s.c\n'}
[2.419712] (px4_msgs) StdoutLine: {'line': b'-- Up-to-date: /home/rschnurr/SkyClaw-Team1/ros2_ws/install/px4_msgs/local/lib/python3.10/dist-packages/px4_msgs/msg/_gripper.py\n'}
[2.419733] (px4_msgs) StdoutLine: {'line': b'-- Up-to-date: /home/rschnurr/SkyClaw-Team1/ros2_ws/install/px4_msgs/local/lib/python3.10/dist-packages/px4_msgs/msg/_rtl_status_s.c\n'}
[2.419754] (px4_msgs) StdoutLine: {'line': b'-- Up-to-date: /home/rschnurr/SkyClaw-Team1/ros2_ws/install/px4_msgs/local/lib/python3.10/dist-packages/px4_msgs/msg/_actuator_armed.py\n'}
[2.419774] (px4_msgs) StdoutLine: {'line': b'-- Up-to-date: /home/rschnurr/SkyClaw-Team1/ros2_ws/install/px4_msgs/local/lib/python3.10/dist-packages/px4_msgs/msg/_timesync_status.py\n'}
[2.419799] (px4_msgs) StdoutLine: {'line': b'-- Up-to-date: /home/rschnurr/SkyClaw-Team1/ros2_ws/install/px4_msgs/local/lib/python3.10/dist-packages/px4_msgs/msg/_sensor_airflow_s.c\n'}
[2.419819] (px4_msgs) StdoutLine: {'line': b'-- Up-to-date: /home/rschnurr/SkyClaw-Team1/ros2_ws/install/px4_msgs/local/lib/python3.10/dist-packages/px4_msgs/msg/_vehicle_thrust_setpoint_s.c\n'}
[2.419840] (px4_msgs) StdoutLine: {'line': b'-- Up-to-date: /home/rschnurr/SkyClaw-Team1/ros2_ws/install/px4_msgs/local/lib/python3.10/dist-packages/px4_msgs/msg/_wheel_encoders_s.c\n'}
[2.419860] (px4_msgs) StdoutLine: {'line': b'-- Up-to-date: /home/rschnurr/SkyClaw-Team1/ros2_ws/install/px4_msgs/local/lib/python3.10/dist-packages/px4_msgs/msg/_parameter_update.py\n'}
[2.419880] (px4_msgs) StdoutLine: {'line': b'-- Up-to-date: /home/rschnurr/SkyClaw-Team1/ros2_ws/install/px4_msgs/local/lib/python3.10/dist-packages/px4_msgs/msg/_rover_throttle_setpoint.py\n'}
[2.419900] (px4_msgs) StdoutLine: {'line': b'-- Up-to-date: /home/rschnurr/SkyClaw-Team1/ros2_ws/install/px4_msgs/local/lib/python3.10/dist-packages/px4_msgs/msg/_rover_position_setpoint.py\n'}
[2.419920] (px4_msgs) StdoutLine: {'line': b'-- Up-to-date: /home/rschnurr/SkyClaw-Team1/ros2_ws/install/px4_msgs/local/lib/python3.10/dist-packages/px4_msgs/msg/_dataman_response.py\n'}
[2.419941] (px4_msgs) StdoutLine: {'line': b'-- Up-to-date: /home/rschnurr/SkyClaw-Team1/ros2_ws/install/px4_msgs/local/lib/python3.10/dist-packages/px4_msgs/msg/_qshell_req_s.c\n'}
[2.419964] (px4_msgs) StdoutLine: {'line': b'-- Up-to-date: /home/rschnurr/SkyClaw-Team1/ros2_ws/install/px4_msgs/local/lib/python3.10/dist-packages/px4_msgs/msg/_open_drone_id_operator_id_s.c\n'}
[2.419988] (px4_msgs) StdoutLine: {'line': b'-- Up-to-date: /home/rschnurr/SkyClaw-Team1/ros2_ws/install/px4_msgs/local/lib/python3.10/dist-packages/px4_msgs/msg/_action_request_s.c\n'}
[2.420009] (px4_msgs) StdoutLine: {'line': b'-- Up-to-date: /home/rschnurr/SkyClaw-Team1/ros2_ws/install/px4_msgs/local/lib/python3.10/dist-packages/px4_msgs/msg/_vehicle_odometry_s.c\n'}
[2.420029] (px4_msgs) StdoutLine: {'line': b'-- Up-to-date: /home/rschnurr/SkyClaw-Team1/ros2_ws/install/px4_msgs/local/lib/python3.10/dist-packages/px4_msgs/msg/_actuator_controls_status_s.c\n'}
[2.420057] (px4_msgs) StdoutLine: {'line': b'-- Up-to-date: /home/rschnurr/SkyClaw-Team1/ros2_ws/install/px4_msgs/local/lib/python3.10/dist-packages/px4_msgs/msg/_autotune_attitude_control_status_s.c\n'}
[2.420076] (px4_msgs) StdoutLine: {'line': b'-- Up-to-date: /home/rschnurr/SkyClaw-Team1/ros2_ws/install/px4_msgs/local/lib/python3.10/dist-packages/px4_msgs/msg/_longitudinal_control_configuration.py\n'}
[2.420099] (px4_msgs) StdoutLine: {'line': b'-- Up-to-date: /home/rschnurr/SkyClaw-Team1/ros2_ws/install/px4_msgs/local/lib/python3.10/dist-packages/px4_msgs/msg/_manual_control_setpoint_s.c\n'}
[2.420121] (px4_msgs) StdoutLine: {'line': b'-- Up-to-date: /home/rschnurr/SkyClaw-Team1/ros2_ws/install/px4_msgs/local/lib/python3.10/dist-packages/px4_msgs/msg/_debug_vect_s.c\n'}
[2.420150] (px4_msgs) StdoutLine: {'line': b'-- Up-to-date: /home/rschnurr/SkyClaw-Team1/ros2_ws/install/px4_msgs/local/lib/python3.10/dist-packages/px4_msgs/msg/_logger_status.py\n'}
[2.420176] (px4_msgs) StdoutLine: {'line': b'-- Up-to-date: /home/rschnurr/SkyClaw-Team1/ros2_ws/install/px4_msgs/local/lib/python3.10/dist-packages/px4_msgs/msg/_sensor_combined_s.c\n'}
[2.420205] (px4_msgs) StdoutLine: {'line': b'-- Up-to-date: /home/rschnurr/SkyClaw-Team1/ros2_ws/install/px4_msgs/local/lib/python3.10/dist-packages/px4_msgs/msg/_message_format_request_s.c\n'}
[2.420236] (px4_msgs) StdoutLine: {'line': b'-- Up-to-date: /home/rschnurr/SkyClaw-Team1/ros2_ws/install/px4_msgs/local/lib/python3.10/dist-packages/px4_msgs/msg/_position_controller_status.py\n'}
[2.420287] (px4_msgs) StdoutLine: {'line': b'-- Up-to-date: /home/rschnurr/SkyClaw-Team1/ros2_ws/install/px4_msgs/local/lib/python3.10/dist-packages/px4_msgs/msg/_neural_control.py\n'}
[2.420337] (px4_msgs) StdoutLine: {'line': b'-- Up-to-date: /home/rschnurr/SkyClaw-Team1/ros2_ws/install/px4_msgs/local/lib/python3.10/dist-packages/px4_msgs/msg/_sensor_hygrometer.py\n'}
[2.420370] (px4_msgs) StdoutLine: {'line': b'-- Up-to-date: /home/rschnurr/SkyClaw-Team1/ros2_ws/install/px4_msgs/local/lib/python3.10/dist-packages/px4_msgs/msg/_esc_report.py\n'}
[2.420452] (px4_msgs) StdoutLine: {'line': b'-- Up-to-date: /home/rschnurr/SkyClaw-Team1/ros2_ws/install/px4_msgs/local/lib/python3.10/dist-packages/px4_msgs/msg/_landing_target_pose_s.c\n'}
[2.420523] (px4_msgs) StdoutLine: {'line': b'-- Up-to-date: /home/rschnurr/SkyClaw-Team1/ros2_ws/install/px4_msgs/local/lib/python3.10/dist-packages/px4_msgs/msg/_gpio_request_s.c\n'}
[2.420565] (px4_msgs) StdoutLine: {'line': b'-- Up-to-date: /home/rschnurr/SkyClaw-Team1/ros2_ws/install/px4_msgs/local/lib/python3.10/dist-packages/px4_msgs/msg/_parameter_set_used_request.py\n'}
[2.420600] (px4_msgs) StdoutLine: {'line': b'-- Up-to-date: /home/rschnurr/SkyClaw-Team1/ros2_ws/install/px4_msgs/local/lib/python3.10/dist-packages/px4_msgs/msg/_geofence_status.py\n'}
[2.420678] (px4_msgs) StdoutLine: {'line': b'-- Up-to-date: /home/rschnurr/SkyClaw-Team1/ros2_ws/install/px4_msgs/local/lib/python3.10/dist-packages/px4_msgs/msg/_gpio_config.py\n'}
[2.420743] (px4_msgs) StdoutLine: {'line': b'-- Up-to-date: /home/rschnurr/SkyClaw-Team1/ros2_ws/install/px4_msgs/local/lib/python3.10/dist-packages/px4_msgs/msg/_debug_key_value_s.c\n'}
[2.420775] (px4_msgs) StdoutLine: {'line': b'-- Up-to-date: /home/rschnurr/SkyClaw-Team1/ros2_ws/install/px4_msgs/local/lib/python3.10/dist-packages/px4_msgs/msg/_manual_control_setpoint.py\n'}
[2.420803] (px4_msgs) StdoutLine: {'line': b'-- Up-to-date: /home/rschnurr/SkyClaw-Team1/ros2_ws/install/px4_msgs/local/lib/python3.10/dist-packages/px4_msgs/msg/_battery_info.py\n'}
[2.420825] (px4_msgs) StdoutLine: {'line': b'-- Up-to-date: /home/rschnurr/SkyClaw-Team1/ros2_ws/install/px4_msgs/local/lib/python3.10/dist-packages/px4_msgs/msg/_vehicle_magnetometer.py\n'}
[2.420847] (px4_msgs) StdoutLine: {'line': b'-- Up-to-date: /home/rschnurr/SkyClaw-Team1/ros2_ws/install/px4_msgs/local/lib/python3.10/dist-packages/px4_msgs/msg/_open_drone_id_system.py\n'}
[2.420870] (px4_msgs) StdoutLine: {'line': b'-- Up-to-date: /home/rschnurr/SkyClaw-Team1/ros2_ws/install/px4_msgs/local/lib/python3.10/dist-packages/px4_msgs/msg/_register_ext_component_reply.py\n'}
[2.420894] (px4_msgs) StdoutLine: {'line': b'-- Up-to-date: /home/rschnurr/SkyClaw-Team1/ros2_ws/install/px4_msgs/local/lib/python3.10/dist-packages/px4_msgs/msg/_mag_worker_data.py\n'}
[2.420917] (px4_msgs) StdoutLine: {'line': b'-- Up-to-date: /home/rschnurr/SkyClaw-Team1/ros2_ws/install/px4_msgs/local/lib/python3.10/dist-packages/px4_msgs/msg/_sensors_status.py\n'}
[2.420948] (px4_msgs) StdoutLine: {'line': b'-- Up-to-date: /home/rschnurr/SkyClaw-Team1/ros2_ws/install/px4_msgs/local/lib/python3.10/dist-packages/px4_msgs/msg/_estimator_sensor_bias.py\n'}
[2.420974] (px4_msgs) StdoutLine: {'line': b'-- Up-to-date: /home/rschnurr/SkyClaw-Team1/ros2_ws/install/px4_msgs/local/lib/python3.10/dist-packages/px4_msgs/msg/_magnetometer_bias_estimate.py\n'}
[2.420997] (px4_msgs) StdoutLine: {'line': b'-- Up-to-date: /home/rschnurr/SkyClaw-Team1/ros2_ws/install/px4_msgs/local/lib/python3.10/dist-packages/px4_msgs/msg/_tune_control_s.c\n'}
[2.421049] (px4_msgs) StdoutLine: {'line': b'-- Up-to-date: /home/rschnurr/SkyClaw-Team1/ros2_ws/install/px4_msgs/local/lib/python3.10/dist-packages/px4_msgs/msg/_register_ext_component_request.py\n'}
[2.421107] (px4_msgs) StdoutLine: {'line': b'-- Up-to-date: /home/rschnurr/SkyClaw-Team1/ros2_ws/install/px4_msgs/local/lib/python3.10/dist-packages/px4_msgs/msg/_sensor_optical_flow.py\n'}
[2.421148] (px4_msgs) StdoutLine: {'line': b'-- Up-to-date: /home/rschnurr/SkyClaw-Team1/ros2_ws/install/px4_msgs/local/lib/python3.10/dist-packages/px4_msgs/msg/_camera_capture.py\n'}
[2.421172] (px4_msgs) StdoutLine: {'line': b'-- Up-to-date: /home/rschnurr/SkyClaw-Team1/ros2_ws/install/px4_msgs/local/lib/python3.10/dist-packages/px4_msgs/msg/_ping_s.c\n'}
[2.421194] (px4_msgs) StdoutLine: {'line': b'-- Up-to-date: /home/rschnurr/SkyClaw-Team1/ros2_ws/install/px4_msgs/local/lib/python3.10/dist-packages/px4_msgs/msg/_tune_control.py\n'}
[2.421223] (px4_msgs) StdoutLine: {'line': b'-- Up-to-date: /home/rschnurr/SkyClaw-Team1/ros2_ws/install/px4_msgs/local/lib/python3.10/dist-packages/px4_msgs/msg/_lateral_control_configuration.py\n'}
[2.421247] (px4_msgs) StdoutLine: {'line': b'-- Up-to-date: /home/rschnurr/SkyClaw-Team1/ros2_ws/install/px4_msgs/local/lib/python3.10/dist-packages/px4_msgs/msg/_sensor_gps_s.c\n'}
[2.421270] (px4_msgs) StdoutLine: {'line': b'-- Up-to-date: /home/rschnurr/SkyClaw-Team1/ros2_ws/install/px4_msgs/local/lib/python3.10/dist-packages/px4_msgs/msg/_estimator_states.py\n'}
[2.421292] (px4_msgs) StdoutLine: {'line': b'-- Up-to-date: /home/rschnurr/SkyClaw-Team1/ros2_ws/install/px4_msgs/local/lib/python3.10/dist-packages/px4_msgs/msg/_airspeed_s.c\n'}
[2.421314] (px4_msgs) StdoutLine: {'line': b'-- Up-to-date: /home/rschnurr/SkyClaw-Team1/ros2_ws/install/px4_msgs/local/lib/python3.10/dist-packages/px4_msgs/msg/_action_request.py\n'}
[2.421337] (px4_msgs) StdoutLine: {'line': b'-- Up-to-date: /home/rschnurr/SkyClaw-Team1/ros2_ws/install/px4_msgs/local/lib/python3.10/dist-packages/px4_msgs/msg/_rover_attitude_setpoint_s.c\n'}
[2.421359] (px4_msgs) StdoutLine: {'line': b'-- Up-to-date: /home/rschnurr/SkyClaw-Team1/ros2_ws/install/px4_msgs/local/lib/python3.10/dist-packages/px4_msgs/msg/_position_controller_status_s.c\n'}
[2.421381] (px4_msgs) StdoutLine: {'line': b'-- Up-to-date: /home/rschnurr/SkyClaw-Team1/ros2_ws/install/px4_msgs/local/lib/python3.10/dist-packages/px4_msgs/msg/_sensor_accel.py\n'}
[2.421402] (px4_msgs) StdoutLine: {'line': b'-- Up-to-date: /home/rschnurr/SkyClaw-Team1/ros2_ws/install/px4_msgs/local/lib/python3.10/dist-packages/px4_msgs/msg/_position_setpoint_triplet.py\n'}
[2.421423] (px4_msgs) StdoutLine: {'line': b'-- Up-to-date: /home/rschnurr/SkyClaw-Team1/ros2_ws/install/px4_msgs/local/lib/python3.10/dist-packages/px4_msgs/msg/__init__.py\n'}
[2.421445] (px4_msgs) StdoutLine: {'line': b'-- Up-to-date: /home/rschnurr/SkyClaw-Team1/ros2_ws/install/px4_msgs/local/lib/python3.10/dist-packages/px4_msgs/msg/_esc_status_s.c\n'}
[2.421468] (px4_msgs) StdoutLine: {'line': b'-- Up-to-date: /home/rschnurr/SkyClaw-Team1/ros2_ws/install/px4_msgs/local/lib/python3.10/dist-packages/px4_msgs/msg/_trajectory_setpoint6dof.py\n'}
[2.421487] (px4_msgs) StdoutLine: {'line': b'-- Up-to-date: /home/rschnurr/SkyClaw-Team1/ros2_ws/install/px4_msgs/local/lib/python3.10/dist-packages/px4_msgs/msg/_ulog_stream_ack.py\n'}
[2.421527] (px4_msgs) StdoutLine: {'line': b'-- Up-to-date: /home/rschnurr/SkyClaw-Team1/ros2_ws/install/px4_msgs/local/lib/python3.10/dist-packages/px4_msgs/msg/_differential_pressure_s.c\n'}
[2.421555] (px4_msgs) StdoutLine: {'line': b'-- Up-to-date: /home/rschnurr/SkyClaw-Team1/ros2_ws/install/px4_msgs/local/lib/python3.10/dist-packages/px4_msgs/msg/_arming_check_request.py\n'}
[2.421579] (px4_msgs) StdoutLine: {'line': b'-- Up-to-date: /home/rschnurr/SkyClaw-Team1/ros2_ws/install/px4_msgs/local/lib/python3.10/dist-packages/px4_msgs/msg/_magnetometer_bias_estimate_s.c\n'}
[2.421602] (px4_msgs) StdoutLine: {'line': b'-- Up-to-date: /home/rschnurr/SkyClaw-Team1/ros2_ws/install/px4_msgs/local/lib/python3.10/dist-packages/px4_msgs/msg/_parameter_set_value_request_s.c\n'}
[2.421625] (px4_msgs) StdoutLine: {'line': b'-- Up-to-date: /home/rschnurr/SkyClaw-Team1/ros2_ws/install/px4_msgs/local/lib/python3.10/dist-packages/px4_msgs/msg/_navigator_status_s.c\n'}
[2.421646] (px4_msgs) StdoutLine: {'line': b'-- Up-to-date: /home/rschnurr/SkyClaw-Team1/ros2_ws/install/px4_msgs/local/lib/python3.10/dist-packages/px4_msgs/msg/_orb_test_large.py\n'}
[2.421674] (px4_msgs) StdoutLine: {'line': b'-- Up-to-date: /home/rschnurr/SkyClaw-Team1/ros2_ws/install/px4_msgs/local/lib/python3.10/dist-packages/px4_msgs/msg/_rate_ctrl_status_s.c\n'}
[2.421695] (px4_msgs) StdoutLine: {'line': b'-- Up-to-date: /home/rschnurr/SkyClaw-Team1/ros2_ws/install/px4_msgs/local/lib/python3.10/dist-packages/px4_msgs/msg/_orbit_status_s.c\n'}
[2.421715] (px4_msgs) StdoutLine: {'line': b'-- Up-to-date: /home/rschnurr/SkyClaw-Team1/ros2_ws/install/px4_msgs/local/lib/python3.10/dist-packages/px4_msgs/msg/_tiltrotor_extra_controls.py\n'}
[2.421736] (px4_msgs) StdoutLine: {'line': b'-- Up-to-date: /home/rschnurr/SkyClaw-Team1/ros2_ws/install/px4_msgs/local/lib/python3.10/dist-packages/px4_msgs/msg/_camera_status_s.c\n'}
[2.421758] (px4_msgs) StdoutLine: {'line': b'-- Up-to-date: /home/rschnurr/SkyClaw-Team1/ros2_ws/install/px4_msgs/local/lib/python3.10/dist-packages/px4_msgs/msg/_estimator_aid_source3d.py\n'}
[2.421778] (px4_msgs) StdoutLine: {'line': b'-- Up-to-date: /home/rschnurr/SkyClaw-Team1/ros2_ws/install/px4_msgs/local/lib/python3.10/dist-packages/px4_msgs/msg/_sensor_hygrometer_s.c\n'}
[2.421799] (px4_msgs) StdoutLine: {'line': b'-- Up-to-date: /home/rschnurr/SkyClaw-Team1/ros2_ws/install/px4_msgs/local/lib/python3.10/dist-packages/px4_msgs/msg/_sensor_gnss_relative.py\n'}
[2.421827] (px4_msgs) StdoutLine: {'line': b'-- Up-to-date: /home/rschnurr/SkyClaw-Team1/ros2_ws/install/px4_msgs/local/lib/python3.10/dist-packages/px4_msgs/msg/_rover_attitude_status.py\n'}
[2.421847] (px4_msgs) StdoutLine: {'line': b'-- Up-to-date: /home/rschnurr/SkyClaw-Team1/ros2_ws/install/px4_msgs/local/lib/python3.10/dist-packages/px4_msgs/msg/_qshell_req.py\n'}
[2.421869] (px4_msgs) StdoutLine: {'line': b'-- Up-to-date: /home/rschnurr/SkyClaw-Team1/ros2_ws/install/px4_msgs/local/lib/python3.10/dist-packages/px4_msgs/msg/_ekf2_timestamps_s.c\n'}
[2.421897] (px4_msgs) StdoutLine: {'line': b'-- Up-to-date: /home/rschnurr/SkyClaw-Team1/ros2_ws/install/px4_msgs/local/lib/python3.10/dist-packages/px4_msgs/msg/_iridiumsbd_status_s.c\n'}
[2.421921] (px4_msgs) StdoutLine: {'line': b'-- Up-to-date: /home/rschnurr/SkyClaw-Team1/ros2_ws/install/px4_msgs/local/lib/python3.10/dist-packages/px4_msgs/msg/_vehicle_control_mode.py\n'}
[2.421949] (px4_msgs) StdoutLine: {'line': b'-- Up-to-date: /home/rschnurr/SkyClaw-Team1/ros2_ws/install/px4_msgs/local/lib/python3.10/dist-packages/px4_msgs/msg/_estimator_sensor_bias_s.c\n'}
[2.421978] (px4_msgs) StdoutLine: {'line': b'-- Up-to-date: /home/rschnurr/SkyClaw-Team1/ros2_ws/install/px4_msgs/local/lib/python3.10/dist-packages/px4_msgs/msg/_distance_sensor.py\n'}
[2.422004] (px4_msgs) StdoutLine: {'line': b'-- Up-to-date: /home/rschnurr/SkyClaw-Team1/ros2_ws/install/px4_msgs/local/lib/python3.10/dist-packages/px4_msgs/msg/_actuator_controls_status.py\n'}
[2.422025] (px4_msgs) StdoutLine: {'line': b'-- Up-to-date: /home/rschnurr/SkyClaw-Team1/ros2_ws/install/px4_msgs/local/lib/python3.10/dist-packages/px4_msgs/msg/_orb_test.py\n'}
[2.422050] (px4_msgs) StdoutLine: {'line': b'-- Up-to-date: /home/rschnurr/SkyClaw-Team1/ros2_ws/install/px4_msgs/local/lib/python3.10/dist-packages/px4_msgs/msg/_rtl_status.py\n'}
[2.422072] (px4_msgs) StdoutLine: {'line': b'-- Up-to-date: /home/rschnurr/SkyClaw-Team1/ros2_ws/install/px4_msgs/local/lib/python3.10/dist-packages/px4_msgs/msg/_gimbal_device_information_s.c\n'}
[2.422093] (px4_msgs) StdoutLine: {'line': b'-- Up-to-date: /home/rschnurr/SkyClaw-Team1/ros2_ws/install/px4_msgs/local/lib/python3.10/dist-packages/px4_msgs/msg/_vehicle_command.py\n'}
[2.422122] (px4_msgs) StdoutLine: {'line': b'-- Up-to-date: /home/rschnurr/SkyClaw-Team1/ros2_ws/install/px4_msgs/local/lib/python3.10/dist-packages/px4_msgs/msg/_sensor_baro_s.c\n'}
[2.422143] (px4_msgs) StdoutLine: {'line': b'-- Up-to-date: /home/rschnurr/SkyClaw-Team1/ros2_ws/install/px4_msgs/local/lib/python3.10/dist-packages/px4_msgs/msg/_goto_setpoint_s.c\n'}
[2.422164] (px4_msgs) StdoutLine: {'line': b'-- Up-to-date: /home/rschnurr/SkyClaw-Team1/ros2_ws/install/px4_msgs/local/lib/python3.10/dist-packages/px4_msgs/msg/_estimator_innovations_s.c\n'}
[2.422187] (px4_msgs) StdoutLine: {'line': b'-- Up-to-date: /home/rschnurr/SkyClaw-Team1/ros2_ws/install/px4_msgs/local/lib/python3.10/dist-packages/px4_msgs/msg/_vehicle_imu_status.py\n'}
[2.422212] (px4_msgs) StdoutLine: {'line': b'-- Up-to-date: /home/rschnurr/SkyClaw-Team1/ros2_ws/install/px4_msgs/local/lib/python3.10/dist-packages/px4_msgs/msg/_goto_setpoint.py\n'}
[2.422235] (px4_msgs) StdoutLine: {'line': b'-- Up-to-date: /home/rschnurr/SkyClaw-Team1/ros2_ws/install/px4_msgs/local/lib/python3.10/dist-packages/px4_msgs/msg/_orb_test_large_s.c\n'}
[2.422398] (px4_msgs) StdoutLine: {'line': b'-- Up-to-date: /home/rschnurr/SkyClaw-Team1/ros2_ws/install/px4_msgs/local/lib/python3.10/dist-packages/px4_msgs/msg/_tecs_status.py\n'}
[2.422448] (px4_msgs) StdoutLine: {'line': b'-- Up-to-date: /home/rschnurr/SkyClaw-Team1/ros2_ws/install/px4_msgs/local/lib/python3.10/dist-packages/px4_msgs/msg/_vehicle_torque_setpoint_s.c\n'}
[2.422476] (px4_msgs) StdoutLine: {'line': b'-- Up-to-date: /home/rschnurr/SkyClaw-Team1/ros2_ws/install/px4_msgs/local/lib/python3.10/dist-packages/px4_msgs/msg/_parameter_update_s.c\n'}
[2.422502] (px4_msgs) StdoutLine: {'line': b'-- Up-to-date: /home/rschnurr/SkyClaw-Team1/ros2_ws/install/px4_msgs/local/lib/python3.10/dist-packages/px4_msgs/msg/_open_drone_id_self_id_s.c\n'}
[2.422526] (px4_msgs) StdoutLine: {'line': b'-- Up-to-date: /home/rschnurr/SkyClaw-Team1/ros2_ws/install/px4_msgs/local/lib/python3.10/dist-packages/px4_msgs/msg/_rover_rate_setpoint.py\n'}
[2.422552] (px4_msgs) StdoutLine: {'line': b'-- Up-to-date: /home/rschnurr/SkyClaw-Team1/ros2_ws/install/px4_msgs/local/lib/python3.10/dist-packages/px4_msgs/msg/_landing_target_pose.py\n'}
[2.422576] (px4_msgs) StdoutLine: {'line': b'-- Up-to-date: /home/rschnurr/SkyClaw-Team1/ros2_ws/install/px4_msgs/local/lib/python3.10/dist-packages/px4_msgs/msg/_figure_eight_status.py\n'}
[2.422600] (px4_msgs) StdoutLine: {'line': b'-- Up-to-date: /home/rschnurr/SkyClaw-Team1/ros2_ws/install/px4_msgs/local/lib/python3.10/dist-packages/px4_msgs/msg/_led_control.py\n'}
[2.422621] (px4_msgs) StdoutLine: {'line': b'-- Up-to-date: /home/rschnurr/SkyClaw-Team1/ros2_ws/install/px4_msgs/local/lib/python3.10/dist-packages/px4_msgs/msg/_gimbal_device_attitude_status_s.c\n'}
[2.422645] (px4_msgs) StdoutLine: {'line': b'-- Up-to-date: /home/rschnurr/SkyClaw-Team1/ros2_ws/install/px4_msgs/local/lib/python3.10/dist-packages/px4_msgs/msg/_actuator_outputs_s.c\n'}
[2.422668] (px4_msgs) StdoutLine: {'line': b'-- Up-to-date: /home/rschnurr/SkyClaw-Team1/ros2_ws/install/px4_msgs/local/lib/python3.10/dist-packages/px4_msgs/msg/_gimbal_manager_information_s.c\n'}
[2.422705] (px4_msgs) StdoutLine: {'line': b'-- Up-to-date: /home/rschnurr/SkyClaw-Team1/ros2_ws/install/px4_msgs/local/lib/python3.10/dist-packages/px4_msgs/msg/_orbit_status.py\n'}
[2.422732] (px4_msgs) StdoutLine: {'line': b'-- Up-to-date: /home/rschnurr/SkyClaw-Team1/ros2_ws/install/px4_msgs/local/lib/python3.10/dist-packages/px4_msgs/msg/_longitudinal_control_configuration_s.c\n'}
[2.422759] (px4_msgs) StdoutLine: {'line': b'-- Up-to-date: /home/rschnurr/SkyClaw-Team1/ros2_ws/install/px4_msgs/local/lib/python3.10/dist-packages/px4_msgs/msg/_button_event.py\n'}
[2.422781] (px4_msgs) StdoutLine: {'line': b'-- Up-to-date: /home/rschnurr/SkyClaw-Team1/ros2_ws/install/px4_msgs/local/lib/python3.10/dist-packages/px4_msgs/msg/_gps_dump.py\n'}
[2.422803] (px4_msgs) StdoutLine: {'line': b'-- Up-to-date: /home/rschnurr/SkyClaw-Team1/ros2_ws/install/px4_msgs/local/lib/python3.10/dist-packages/px4_msgs/msg/_vehicle_command_ack.py\n'}
[2.422825] (px4_msgs) StdoutLine: {'line': b'-- Up-to-date: /home/rschnurr/SkyClaw-Team1/ros2_ws/install/px4_msgs/local/lib/python3.10/dist-packages/px4_msgs/msg/_rover_rate_status.py\n'}
[2.422846] (px4_msgs) StdoutLine: {'line': b'-- Up-to-date: /home/rschnurr/SkyClaw-Team1/ros2_ws/install/px4_msgs/local/lib/python3.10/dist-packages/px4_msgs/msg/_mavlink_log_s.c\n'}
[2.422866] (px4_msgs) StdoutLine: {'line': b'-- Up-to-date: /home/rschnurr/SkyClaw-Team1/ros2_ws/install/px4_msgs/local/lib/python3.10/dist-packages/px4_msgs/msg/_actuator_servos_trim_s.c\n'}
[2.422887] (px4_msgs) StdoutLine: {'line': b'-- Up-to-date: /home/rschnurr/SkyClaw-Team1/ros2_ws/install/px4_msgs/local/lib/python3.10/dist-packages/px4_msgs/msg/_dataman_response_s.c\n'}
[2.422906] (px4_msgs) StdoutLine: {'line': b'-- Up-to-date: /home/rschnurr/SkyClaw-Team1/ros2_ws/install/px4_msgs/local/lib/python3.10/dist-packages/px4_msgs/msg/_orb_test_medium_s.c\n'}
[2.422928] (px4_msgs) StdoutLine: {'line': b'-- Up-to-date: /home/rschnurr/SkyClaw-Team1/ros2_ws/install/px4_msgs/local/lib/python3.10/dist-packages/px4_msgs/msg/_sensor_correction.py\n'}
[2.422950] (px4_msgs) StdoutLine: {'line': b'-- Up-to-date: /home/rschnurr/SkyClaw-Team1/ros2_ws/install/px4_msgs/local/lib/python3.10/dist-packages/px4_msgs/msg/_actuator_servos_s.c\n'}
[2.422970] (px4_msgs) StdoutLine: {'line': b'-- Up-to-date: /home/rschnurr/SkyClaw-Team1/ros2_ws/install/px4_msgs/local/lib/python3.10/dist-packages/px4_msgs/msg/_gimbal_controls.py\n'}
[2.422990] (px4_msgs) StdoutLine: {'line': b'-- Up-to-date: /home/rschnurr/SkyClaw-Team1/ros2_ws/install/px4_msgs/local/lib/python3.10/dist-packages/px4_msgs/msg/_transponder_report_s.c\n'}
[2.423013] (px4_msgs) StdoutLine: {'line': b'-- Up-to-date: /home/rschnurr/SkyClaw-Team1/ros2_ws/install/px4_msgs/local/lib/python3.10/dist-packages/px4_msgs/msg/_fixed_wing_lateral_guidance_status_s.c\n'}
[2.423034] (px4_msgs) StdoutLine: {'line': b'-- Up-to-date: /home/rschnurr/SkyClaw-Team1/ros2_ws/install/px4_msgs/local/lib/python3.10/dist-packages/px4_msgs/msg/_vehicle_torque_setpoint.py\n'}
[2.423061] (px4_msgs) StdoutLine: {'line': b'-- Up-to-date: /home/rschnurr/SkyClaw-Team1/ros2_ws/install/px4_msgs/local/lib/python3.10/dist-packages/px4_msgs/msg/_obstacle_distance.py\n'}
[2.423082] (px4_msgs) StdoutLine: {'line': b'-- Up-to-date: /home/rschnurr/SkyClaw-Team1/ros2_ws/install/px4_msgs/local/lib/python3.10/dist-packages/px4_msgs/msg/_vehicle_air_data_s.c\n'}
[2.423102] (px4_msgs) StdoutLine: {'line': b'-- Up-to-date: /home/rschnurr/SkyClaw-Team1/ros2_ws/install/px4_msgs/local/lib/python3.10/dist-packages/px4_msgs/msg/_cpuload_s.c\n'}
[2.423123] (px4_msgs) StdoutLine: {'line': b'-- Up-to-date: /home/rschnurr/SkyClaw-Team1/ros2_ws/install/px4_msgs/local/lib/python3.10/dist-packages/px4_msgs/msg/_gimbal_device_attitude_status.py\n'}
[2.423143] (px4_msgs) StdoutLine: {'line': b'-- Up-to-date: /home/rschnurr/SkyClaw-Team1/ros2_ws/install/px4_msgs/local/lib/python3.10/dist-packages/px4_msgs/msg/_sensor_gnss_status.py\n'}
[2.423164] (px4_msgs) StdoutLine: {'line': b'-- Up-to-date: /home/rschnurr/SkyClaw-Team1/ros2_ws/install/px4_msgs/local/lib/python3.10/dist-packages/px4_msgs/msg/_vehicle_control_mode_s.c\n'}
[2.423183] (px4_msgs) StdoutLine: {'line': b'-- Up-to-date: /home/rschnurr/SkyClaw-Team1/ros2_ws/install/px4_msgs/local/lib/python3.10/dist-packages/px4_msgs/msg/_gpio_request.py\n'}
[2.423243] (px4_msgs) StdoutLine: {'line': b'-- Up-to-date: /home/rschnurr/SkyClaw-Team1/ros2_ws/install/px4_msgs/local/lib/python3.10/dist-packages/px4_msgs/msg/_wheel_encoders.py\n'}
[2.423293] (px4_msgs) StdoutLine: {'line': b'-- Up-to-date: /home/rschnurr/SkyClaw-Team1/ros2_ws/install/px4_msgs/local/lib/python3.10/dist-packages/px4_msgs/msg/_estimator_gps_status.py\n'}
[2.423319] (px4_msgs) StdoutLine: {'line': b'-- Up-to-date: /home/rschnurr/SkyClaw-Team1/ros2_ws/install/px4_msgs/local/lib/python3.10/dist-packages/px4_msgs/msg/_fixed_wing_runway_control.py\n'}
[2.423344] (px4_msgs) StdoutLine: {'line': b'-- Up-to-date: /home/rschnurr/SkyClaw-Team1/ros2_ws/install/px4_msgs/local/lib/python3.10/dist-packages/px4_msgs/msg/_sensor_accel_fifo.py\n'}
[2.423366] (px4_msgs) StdoutLine: {'line': b'-- Up-to-date: /home/rschnurr/SkyClaw-Team1/ros2_ws/install/px4_msgs/local/lib/python3.10/dist-packages/px4_msgs/msg/_estimator_selector_status.py\n'}
[2.423388] (px4_msgs) StdoutLine: {'line': b'-- Up-to-date: /home/rschnurr/SkyClaw-Team1/ros2_ws/install/px4_msgs/local/lib/python3.10/dist-packages/px4_msgs/msg/_sensor_gyro_s.c\n'}
[2.423415] (px4_msgs) StdoutLine: {'line': b'-- Up-to-date: /home/rschnurr/SkyClaw-Team1/ros2_ws/install/px4_msgs/local/lib/python3.10/dist-packages/px4_msgs/msg/_sensor_selection_s.c\n'}
[2.423437] (px4_msgs) StdoutLine: {'line': b'-- Up-to-date: /home/rschnurr/SkyClaw-Team1/ros2_ws/install/px4_msgs/local/lib/python3.10/dist-packages/px4_msgs/msg/_vehicle_constraints_s.c\n'}
[2.423457] (px4_msgs) StdoutLine: {'line': b'-- Up-to-date: /home/rschnurr/SkyClaw-Team1/ros2_ws/install/px4_msgs/local/lib/python3.10/dist-packages/px4_msgs/msg/_uavcan_parameter_request.py\n'}
[2.423478] (px4_msgs) StdoutLine: {'line': b'-- Up-to-date: /home/rschnurr/SkyClaw-Team1/ros2_ws/install/px4_msgs/local/lib/python3.10/dist-packages/px4_msgs/msg/_dronecan_node_status.py\n'}
[2.423498] (px4_msgs) StdoutLine: {'line': b'-- Up-to-date: /home/rschnurr/SkyClaw-Team1/ros2_ws/install/px4_msgs/local/lib/python3.10/dist-packages/px4_msgs/msg/_distance_sensor_mode_change_request.py\n'}
[2.423519] (px4_msgs) StdoutLine: {'line': b'-- Up-to-date: /home/rschnurr/SkyClaw-Team1/ros2_ws/install/px4_msgs/local/lib/python3.10/dist-packages/px4_msgs/msg/_sensors_status_imu_s.c\n'}
[2.423550] (px4_msgs) StdoutLine: {'line': b'-- Up-to-date: /home/rschnurr/SkyClaw-Team1/ros2_ws/install/px4_msgs/local/lib/python3.10/dist-packages/px4_msgs/msg/_ping.py\n'}
[2.423573] (px4_msgs) StdoutLine: {'line': b'-- Up-to-date: /home/rschnurr/SkyClaw-Team1/ros2_ws/install/px4_msgs/local/lib/python3.10/dist-packages/px4_msgs/msg/_geofence_result_s.c\n'}
[2.423598] (px4_msgs) StdoutLine: {'line': b'-- Up-to-date: /home/rschnurr/SkyClaw-Team1/ros2_ws/install/px4_msgs/local/lib/python3.10/dist-packages/px4_msgs/msg/_rover_speed_setpoint.py\n'}
[2.423624] (px4_msgs) StdoutLine: {'line': b'-- Up-to-date: /home/rschnurr/SkyClaw-Team1/ros2_ws/install/px4_msgs/local/lib/python3.10/dist-packages/px4_msgs/msg/_vehicle_status.py\n'}
[2.423647] (px4_msgs) StdoutLine: {'line': b'-- Up-to-date: /home/rschnurr/SkyClaw-Team1/ros2_ws/install/px4_msgs/local/lib/python3.10/dist-packages/px4_msgs/msg/_actuator_motors.py\n'}
[2.423670] (px4_msgs) StdoutLine: {'line': b'-- Up-to-date: /home/rschnurr/SkyClaw-Team1/ros2_ws/install/px4_msgs/local/lib/python3.10/dist-packages/px4_msgs/msg/_sensor_preflight_mag_s.c\n'}
[2.423694] (px4_msgs) StdoutLine: {'line': b'-- Up-to-date: /home/rschnurr/SkyClaw-Team1/ros2_ws/install/px4_msgs/local/lib/python3.10/dist-packages/px4_msgs/msg/_mode_completed_s.c\n'}
[2.423719] (px4_msgs) StdoutLine: {'line': b'-- Up-to-date: /home/rschnurr/SkyClaw-Team1/ros2_ws/install/px4_msgs/local/lib/python3.10/dist-packages/px4_msgs/msg/_arming_check_reply_s.c\n'}
[2.423742] (px4_msgs) StdoutLine: {'line': b'-- Up-to-date: /home/rschnurr/SkyClaw-Team1/ros2_ws/install/px4_msgs/local/lib/python3.10/dist-packages/px4_msgs/msg/_uavcan_parameter_value_s.c\n'}
[2.423764] (px4_msgs) StdoutLine: {'line': b'-- Up-to-date: /home/rschnurr/SkyClaw-Team1/ros2_ws/install/px4_msgs/local/lib/python3.10/dist-packages/px4_msgs/msg/_position_setpoint.py\n'}
[2.423788] (px4_msgs) StdoutLine: {'line': b'-- Up-to-date: /home/rschnurr/SkyClaw-Team1/ros2_ws/install/px4_msgs/local/lib/python3.10/dist-packages/px4_msgs/msg/_landing_gear_wheel_s.c\n'}
[2.423809] (px4_msgs) StdoutLine: {'line': b'-- Up-to-date: /home/rschnurr/SkyClaw-Team1/ros2_ws/install/px4_msgs/local/lib/python3.10/dist-packages/px4_msgs/msg/_vehicle_land_detected.py\n'}
[2.423830] (px4_msgs) StdoutLine: {'line': b'-- Up-to-date: /home/rschnurr/SkyClaw-Team1/ros2_ws/install/px4_msgs/local/lib/python3.10/dist-packages/px4_msgs/msg/_yaw_estimator_status.py\n'}
[2.423851] (px4_msgs) StdoutLine: {'line': b'-- Up-to-date: /home/rschnurr/SkyClaw-Team1/ros2_ws/install/px4_msgs/local/lib/python3.10/dist-packages/px4_msgs/msg/_camera_trigger_s.c\n'}
[2.423871] (px4_msgs) StdoutLine: {'line': b'-- Up-to-date: /home/rschnurr/SkyClaw-Team1/ros2_ws/install/px4_msgs/local/lib/python3.10/dist-packages/px4_msgs/msg/_open_drone_id_self_id.py\n'}
[2.423892] (px4_msgs) StdoutLine: {'line': b'-- Up-to-date: /home/rschnurr/SkyClaw-Team1/ros2_ws/install/px4_msgs/local/lib/python3.10/dist-packages/px4_msgs/msg/_register_ext_component_request_s.c\n'}
[2.423914] (px4_msgs) StdoutLine: {'line': b'-- Up-to-date: /home/rschnurr/SkyClaw-Team1/ros2_ws/install/px4_msgs/local/lib/python3.10/dist-packages/px4_msgs/msg/_estimator_status_flags_s.c\n'}
[2.423942] (px4_msgs) StdoutLine: {'line': b'-- Up-to-date: /home/rschnurr/SkyClaw-Team1/ros2_ws/install/px4_msgs/local/lib/python3.10/dist-packages/px4_msgs/msg/_rc_channels.py\n'}
[2.424019] (px4_msgs) StdoutLine: {'line': b'-- Up-to-date: /home/rschnurr/SkyClaw-Team1/ros2_ws/install/px4_msgs/local/lib/python3.10/dist-packages/px4_msgs/msg/_collision_constraints.py\n'}
[2.424085] (px4_msgs) StdoutLine: {'line': b'-- Up-to-date: /home/rschnurr/SkyClaw-Team1/ros2_ws/install/px4_msgs/local/lib/python3.10/dist-packages/px4_msgs/msg/_adc_report_s.c\n'}
[2.424121] (px4_msgs) StdoutLine: {'line': b'-- Up-to-date: /home/rschnurr/SkyClaw-Team1/ros2_ws/install/px4_msgs/local/lib/python3.10/dist-packages/px4_msgs/_px4_msgs_s.ep.rosidl_typesupport_fastrtps_c.c\n'}
[2.424202] (px4_msgs) StdoutLine: {'line': b'-- Up-to-date: /home/rschnurr/SkyClaw-Team1/ros2_ws/install/px4_msgs/local/lib/python3.10/dist-packages/px4_msgs/libpx4_msgs__rosidl_generator_py.so\n'}
[2.424309] (px4_msgs) StdoutLine: {'line': b'-- Up-to-date: /home/rschnurr/SkyClaw-Team1/ros2_ws/install/px4_msgs/local/lib/python3.10/dist-packages/px4_msgs/px4_msgs_s__rosidl_typesupport_c.cpython-310-x86_64-linux-gnu.so\n'}
[2.424401] (px4_msgs) StdoutLine: {'line': b'-- Up-to-date: /home/rschnurr/SkyClaw-Team1/ros2_ws/install/px4_msgs/local/lib/python3.10/dist-packages/px4_msgs/px4_msgs_s__rosidl_typesupport_introspection_c.cpython-310-x86_64-linux-gnu.so\n'}
[2.424479] (px4_msgs) StdoutLine: {'line': b'-- Up-to-date: /home/rschnurr/SkyClaw-Team1/ros2_ws/install/px4_msgs/local/lib/python3.10/dist-packages/px4_msgs/__init__.py\n'}
[2.424533] (px4_msgs) StdoutLine: {'line': b'-- Up-to-date: /home/rschnurr/SkyClaw-Team1/ros2_ws/install/px4_msgs/local/lib/python3.10/dist-packages/px4_msgs/px4_msgs_s__rosidl_typesupport_fastrtps_c.cpython-310-x86_64-linux-gnu.so\n'}
[2.495625] (px4_msgs) StdoutLine: {'line': b"Listing '/home/rschnurr/SkyClaw-Team1/ros2_ws/install/px4_msgs/local/lib/python3.10/dist-packages/px4_msgs'...\n"}
[2.496060] (px4_msgs) StdoutLine: {'line': b"Listing '/home/rschnurr/SkyClaw-Team1/ros2_ws/install/px4_msgs/local/lib/python3.10/dist-packages/px4_msgs/msg'...\n"}
[2.496125] (px4_msgs) StdoutLine: {'line': b"Listing '/home/rschnurr/SkyClaw-Team1/ros2_ws/install/px4_msgs/local/lib/python3.10/dist-packages/px4_msgs/srv'...\n"}
[2.509123] (px4_msgs) StdoutLine: {'line': b'-- Up-to-date: /home/rschnurr/SkyClaw-Team1/ros2_ws/install/px4_msgs/local/lib/python3.10/dist-packages/px4_msgs/px4_msgs_s__rosidl_typesupport_fastrtps_c.cpython-310-x86_64-linux-gnu.so\n'}
[2.509430] (-) TimerEvent: {}
[2.512690] (px4_msgs) StdoutLine: {'line': b'-- Up-to-date: /home/rschnurr/SkyClaw-Team1/ros2_ws/install/px4_msgs/local/lib/python3.10/dist-packages/px4_msgs/px4_msgs_s__rosidl_typesupport_introspection_c.cpython-310-x86_64-linux-gnu.so\n'}
[2.515085] (px4_msgs) StdoutLine: {'line': b'-- Up-to-date: /home/rschnurr/SkyClaw-Team1/ros2_ws/install/px4_msgs/local/lib/python3.10/dist-packages/px4_msgs/px4_msgs_s__rosidl_typesupport_c.cpython-310-x86_64-linux-gnu.so\n'}
[2.517096] (px4_msgs) StdoutLine: {'line': b'-- Up-to-date: /home/rschnurr/SkyClaw-Team1/ros2_ws/install/px4_msgs/lib/libpx4_msgs__rosidl_generator_py.so\n'}
[2.517459] (px4_msgs) StdoutLine: {'line': b'-- Up-to-date: /home/rschnurr/SkyClaw-Team1/ros2_ws/install/px4_msgs/share/px4_msgs/msg/ActionRequest.idl\n'}
[2.517892] (px4_msgs) StdoutLine: {'line': b'-- Up-to-date: /home/rschnurr/SkyClaw-Team1/ros2_ws/install/px4_msgs/share/px4_msgs/msg/ActuatorArmed.idl\n'}
[2.518472] (px4_msgs) StdoutLine: {'line': b'-- Up-to-date: /home/rschnurr/SkyClaw-Team1/ros2_ws/install/px4_msgs/share/px4_msgs/msg/ActuatorControlsStatus.idl\n'}
[2.519148] (px4_msgs) StdoutLine: {'line': b'-- Up-to-date: /home/rschnurr/SkyClaw-Team1/ros2_ws/install/px4_msgs/share/px4_msgs/msg/ActuatorMotors.idl\n'}
[2.519506] (px4_msgs) StdoutLine: {'line': b'-- Up-to-date: /home/rschnurr/SkyClaw-Team1/ros2_ws/install/px4_msgs/share/px4_msgs/msg/ActuatorOutputs.idl\n'}
[2.519884] (px4_msgs) StdoutLine: {'line': b'-- Up-to-date: /home/rschnurr/SkyClaw-Team1/ros2_ws/install/px4_msgs/share/px4_msgs/msg/ActuatorServos.idl\n'}
[2.520277] (px4_msgs) StdoutLine: {'line': b'-- Up-to-date: /home/rschnurr/SkyClaw-Team1/ros2_ws/install/px4_msgs/share/px4_msgs/msg/ActuatorServosTrim.idl\n'}
[2.520675] (px4_msgs) StdoutLine: {'line': b'-- Up-to-date: /home/rschnurr/SkyClaw-Team1/ros2_ws/install/px4_msgs/share/px4_msgs/msg/ActuatorTest.idl\n'}
[2.521176] (px4_msgs) StdoutLine: {'line': b'-- Up-to-date: /home/rschnurr/SkyClaw-Team1/ros2_ws/install/px4_msgs/share/px4_msgs/msg/AdcReport.idl\n'}
[2.521466] (px4_msgs) StdoutLine: {'line': b'-- Up-to-date: /home/rschnurr/SkyClaw-Team1/ros2_ws/install/px4_msgs/share/px4_msgs/msg/Airspeed.idl\n'}
[2.521891] (px4_msgs) StdoutLine: {'line': b'-- Up-to-date: /home/rschnurr/SkyClaw-Team1/ros2_ws/install/px4_msgs/share/px4_msgs/msg/AirspeedValidated.idl\n'}
[2.522260] (px4_msgs) StdoutLine: {'line': b'-- Up-to-date: /home/rschnurr/SkyClaw-Team1/ros2_ws/install/px4_msgs/share/px4_msgs/msg/AirspeedWind.idl\n'}
[2.523120] (px4_msgs) StdoutLine: {'line': b'-- Up-to-date: /home/rschnurr/SkyClaw-Team1/ros2_ws/install/px4_msgs/share/px4_msgs/msg/ArmingCheckReply.idl\n'}
[2.523409] (px4_msgs) StdoutLine: {'line': b'-- Up-to-date: /home/rschnurr/SkyClaw-Team1/ros2_ws/install/px4_msgs/share/px4_msgs/msg/ArmingCheckRequest.idl\n'}
[2.523710] (px4_msgs) StdoutLine: {'line': b'-- Up-to-date: /home/rschnurr/SkyClaw-Team1/ros2_ws/install/px4_msgs/share/px4_msgs/msg/AutotuneAttitudeControlStatus.idl\n'}
[2.523981] (px4_msgs) StdoutLine: {'line': b'-- Up-to-date: /home/rschnurr/SkyClaw-Team1/ros2_ws/install/px4_msgs/share/px4_msgs/msg/BatteryInfo.idl\n'}
[2.524208] (px4_msgs) StdoutLine: {'line': b'-- Up-to-date: /home/rschnurr/SkyClaw-Team1/ros2_ws/install/px4_msgs/share/px4_msgs/msg/BatteryStatus.idl\n'}
[2.524375] (px4_msgs) StdoutLine: {'line': b'-- Up-to-date: /home/rschnurr/SkyClaw-Team1/ros2_ws/install/px4_msgs/share/px4_msgs/msg/ButtonEvent.idl\n'}
[2.524758] (px4_msgs) StdoutLine: {'line': b'-- Up-to-date: /home/rschnurr/SkyClaw-Team1/ros2_ws/install/px4_msgs/share/px4_msgs/msg/CameraCapture.idl\n'}
[2.525295] (px4_msgs) StdoutLine: {'line': b'-- Up-to-date: /home/rschnurr/SkyClaw-Team1/ros2_ws/install/px4_msgs/share/px4_msgs/msg/CameraStatus.idl\n'}
[2.525901] (px4_msgs) StdoutLine: {'line': b'-- Up-to-date: /home/rschnurr/SkyClaw-Team1/ros2_ws/install/px4_msgs/share/px4_msgs/msg/CameraTrigger.idl\n'}
[2.526279] (px4_msgs) StdoutLine: {'line': b'-- Up-to-date: /home/rschnurr/SkyClaw-Team1/ros2_ws/install/px4_msgs/share/px4_msgs/msg/CanInterfaceStatus.idl\n'}
[2.527158] (px4_msgs) StdoutLine: {'line': b'-- Up-to-date: /home/rschnurr/SkyClaw-Team1/ros2_ws/install/px4_msgs/share/px4_msgs/msg/CellularStatus.idl\n'}
[2.528016] (px4_msgs) StdoutLine: {'line': b'-- Up-to-date: /home/rschnurr/SkyClaw-Team1/ros2_ws/install/px4_msgs/share/px4_msgs/msg/CollisionConstraints.idl\n'}
[2.529105] (px4_msgs) StdoutLine: {'line': b'-- Up-to-date: /home/rschnurr/SkyClaw-Team1/ros2_ws/install/px4_msgs/share/px4_msgs/msg/ConfigOverrides.idl\n'}
[2.529209] (px4_msgs) StdoutLine: {'line': b'-- Up-to-date: /home/rschnurr/SkyClaw-Team1/ros2_ws/install/px4_msgs/share/px4_msgs/msg/ControlAllocatorStatus.idl\n'}
[2.529527] (px4_msgs) StdoutLine: {'line': b'-- Up-to-date: /home/rschnurr/SkyClaw-Team1/ros2_ws/install/px4_msgs/share/px4_msgs/msg/Cpuload.idl\n'}
[2.529918] (px4_msgs) StdoutLine: {'line': b'-- Up-to-date: /home/rschnurr/SkyClaw-Team1/ros2_ws/install/px4_msgs/share/px4_msgs/msg/DatamanRequest.idl\n'}
[2.530169] (px4_msgs) StdoutLine: {'line': b'-- Up-to-date: /home/rschnurr/SkyClaw-Team1/ros2_ws/install/px4_msgs/share/px4_msgs/msg/DatamanResponse.idl\n'}
[2.530556] (px4_msgs) StdoutLine: {'line': b'-- Up-to-date: /home/rschnurr/SkyClaw-Team1/ros2_ws/install/px4_msgs/share/px4_msgs/msg/DebugArray.idl\n'}
[2.531004] (px4_msgs) StdoutLine: {'line': b'-- Up-to-date: /home/rschnurr/SkyClaw-Team1/ros2_ws/install/px4_msgs/share/px4_msgs/msg/DebugKeyValue.idl\n'}
[2.531530] (px4_msgs) StdoutLine: {'line': b'-- Up-to-date: /home/rschnurr/SkyClaw-Team1/ros2_ws/install/px4_msgs/share/px4_msgs/msg/DebugValue.idl\n'}
[2.531746] (px4_msgs) StdoutLine: {'line': b'-- Up-to-date: /home/rschnurr/SkyClaw-Team1/ros2_ws/install/px4_msgs/share/px4_msgs/msg/DebugVect.idl\n'}
[2.532032] (px4_msgs) StdoutLine: {'line': b'-- Up-to-date: /home/rschnurr/SkyClaw-Team1/ros2_ws/install/px4_msgs/share/px4_msgs/msg/DifferentialPressure.idl\n'}
[2.532326] (px4_msgs) StdoutLine: {'line': b'-- Up-to-date: /home/rschnurr/SkyClaw-Team1/ros2_ws/install/px4_msgs/share/px4_msgs/msg/DistanceSensor.idl\n'}
[2.532692] (px4_msgs) StdoutLine: {'line': b'-- Up-to-date: /home/rschnurr/SkyClaw-Team1/ros2_ws/install/px4_msgs/share/px4_msgs/msg/DistanceSensorModeChangeRequest.idl\n'}
[2.532888] (px4_msgs) StdoutLine: {'line': b'-- Up-to-date: /home/rschnurr/SkyClaw-Team1/ros2_ws/install/px4_msgs/share/px4_msgs/msg/DronecanNodeStatus.idl\n'}
[2.533146] (px4_msgs) StdoutLine: {'line': b'-- Up-to-date: /home/rschnurr/SkyClaw-Team1/ros2_ws/install/px4_msgs/share/px4_msgs/msg/Ekf2Timestamps.idl\n'}
[2.533418] (px4_msgs) StdoutLine: {'line': b'-- Up-to-date: /home/rschnurr/SkyClaw-Team1/ros2_ws/install/px4_msgs/share/px4_msgs/msg/EscReport.idl\n'}
[2.533753] (px4_msgs) StdoutLine: {'line': b'-- Up-to-date: /home/rschnurr/SkyClaw-Team1/ros2_ws/install/px4_msgs/share/px4_msgs/msg/EscStatus.idl\n'}
[2.534014] (px4_msgs) StdoutLine: {'line': b'-- Up-to-date: /home/rschnurr/SkyClaw-Team1/ros2_ws/install/px4_msgs/share/px4_msgs/msg/EstimatorAidSource1d.idl\n'}
[2.534361] (px4_msgs) StdoutLine: {'line': b'-- Up-to-date: /home/rschnurr/SkyClaw-Team1/ros2_ws/install/px4_msgs/share/px4_msgs/msg/EstimatorAidSource2d.idl\n'}
[2.534726] (px4_msgs) StdoutLine: {'line': b'-- Up-to-date: /home/rschnurr/SkyClaw-Team1/ros2_ws/install/px4_msgs/share/px4_msgs/msg/EstimatorAidSource3d.idl\n'}
[2.535569] (px4_msgs) StdoutLine: {'line': b'-- Up-to-date: /home/rschnurr/SkyClaw-Team1/ros2_ws/install/px4_msgs/share/px4_msgs/msg/EstimatorBias.idl\n'}
[2.536216] (px4_msgs) StdoutLine: {'line': b'-- Up-to-date: /home/rschnurr/SkyClaw-Team1/ros2_ws/install/px4_msgs/share/px4_msgs/msg/EstimatorBias3d.idl\n'}
[2.536444] (px4_msgs) StdoutLine: {'line': b'-- Up-to-date: /home/rschnurr/SkyClaw-Team1/ros2_ws/install/px4_msgs/share/px4_msgs/msg/EstimatorEventFlags.idl\n'}
[2.537186] (px4_msgs) StdoutLine: {'line': b'-- Up-to-date: /home/rschnurr/SkyClaw-Team1/ros2_ws/install/px4_msgs/share/px4_msgs/msg/EstimatorGpsStatus.idl\n'}
[2.537629] (px4_msgs) StdoutLine: {'line': b'-- Up-to-date: /home/rschnurr/SkyClaw-Team1/ros2_ws/install/px4_msgs/share/px4_msgs/msg/EstimatorInnovations.idl\n'}
[2.537966] (px4_msgs) StdoutLine: {'line': b'-- Up-to-date: /home/rschnurr/SkyClaw-Team1/ros2_ws/install/px4_msgs/share/px4_msgs/msg/EstimatorSelectorStatus.idl\n'}
[2.538722] (px4_msgs) StdoutLine: {'line': b'-- Up-to-date: /home/rschnurr/SkyClaw-Team1/ros2_ws/install/px4_msgs/share/px4_msgs/msg/EstimatorSensorBias.idl\n'}
[2.539288] (px4_msgs) StdoutLine: {'line': b'-- Up-to-date: /home/rschnurr/SkyClaw-Team1/ros2_ws/install/px4_msgs/share/px4_msgs/msg/EstimatorStates.idl\n'}
[2.539916] (px4_msgs) StdoutLine: {'line': b'-- Up-to-date: /home/rschnurr/SkyClaw-Team1/ros2_ws/install/px4_msgs/share/px4_msgs/msg/EstimatorStatus.idl\n'}
[2.540529] (px4_msgs) StdoutLine: {'line': b'-- Up-to-date: /home/rschnurr/SkyClaw-Team1/ros2_ws/install/px4_msgs/share/px4_msgs/msg/EstimatorStatusFlags.idl\n'}
[2.540904] (px4_msgs) StdoutLine: {'line': b'-- Up-to-date: /home/rschnurr/SkyClaw-Team1/ros2_ws/install/px4_msgs/share/px4_msgs/msg/Event.idl\n'}
[2.541438] (px4_msgs) StdoutLine: {'line': b'-- Up-to-date: /home/rschnurr/SkyClaw-Team1/ros2_ws/install/px4_msgs/share/px4_msgs/msg/FailsafeFlags.idl\n'}
[2.542062] (px4_msgs) StdoutLine: {'line': b'-- Up-to-date: /home/rschnurr/SkyClaw-Team1/ros2_ws/install/px4_msgs/share/px4_msgs/msg/FailureDetectorStatus.idl\n'}
[2.544934] (px4_msgs) StdoutLine: {'line': b'-- Up-to-date: /home/rschnurr/SkyClaw-Team1/ros2_ws/install/px4_msgs/share/px4_msgs/msg/FigureEightStatus.idl\n'}
[2.544988] (px4_msgs) StdoutLine: {'line': b'-- Up-to-date: /home/rschnurr/SkyClaw-Team1/ros2_ws/install/px4_msgs/share/px4_msgs/msg/FixedWingLateralGuidanceStatus.idl\n'}
[2.545020] (px4_msgs) StdoutLine: {'line': b'-- Up-to-date: /home/rschnurr/SkyClaw-Team1/ros2_ws/install/px4_msgs/share/px4_msgs/msg/FixedWingLateralSetpoint.idl\n'}
[2.545046] (px4_msgs) StdoutLine: {'line': b'-- Up-to-date: /home/rschnurr/SkyClaw-Team1/ros2_ws/install/px4_msgs/share/px4_msgs/msg/FixedWingLateralStatus.idl\n'}
[2.545276] (px4_msgs) StdoutLine: {'line': b'-- Up-to-date: /home/rschnurr/SkyClaw-Team1/ros2_ws/install/px4_msgs/share/px4_msgs/msg/FixedWingLongitudinalSetpoint.idl\n'}
[2.545588] (px4_msgs) StdoutLine: {'line': b'-- Up-to-date: /home/rschnurr/SkyClaw-Team1/ros2_ws/install/px4_msgs/share/px4_msgs/msg/FixedWingRunwayControl.idl\n'}
[2.545987] (px4_msgs) StdoutLine: {'line': b'-- Up-to-date: /home/rschnurr/SkyClaw-Team1/ros2_ws/install/px4_msgs/share/px4_msgs/msg/FlightPhaseEstimation.idl\n'}
[2.546495] (px4_msgs) StdoutLine: {'line': b'-- Up-to-date: /home/rschnurr/SkyClaw-Team1/ros2_ws/install/px4_msgs/share/px4_msgs/msg/FollowTarget.idl\n'}
[2.546956] (px4_msgs) StdoutLine: {'line': b'-- Up-to-date: /home/rschnurr/SkyClaw-Team1/ros2_ws/install/px4_msgs/share/px4_msgs/msg/FollowTargetEstimator.idl\n'}
[2.547206] (px4_msgs) StdoutLine: {'line': b'-- Up-to-date: /home/rschnurr/SkyClaw-Team1/ros2_ws/install/px4_msgs/share/px4_msgs/msg/FollowTargetStatus.idl\n'}
[2.547774] (px4_msgs) StdoutLine: {'line': b'-- Up-to-date: /home/rschnurr/SkyClaw-Team1/ros2_ws/install/px4_msgs/share/px4_msgs/msg/FuelTankStatus.idl\n'}
[2.548193] (px4_msgs) StdoutLine: {'line': b'-- Up-to-date: /home/rschnurr/SkyClaw-Team1/ros2_ws/install/px4_msgs/share/px4_msgs/msg/GeneratorStatus.idl\n'}
[2.548417] (px4_msgs) StdoutLine: {'line': b'-- Up-to-date: /home/rschnurr/SkyClaw-Team1/ros2_ws/install/px4_msgs/share/px4_msgs/msg/GeofenceResult.idl\n'}
[2.548717] (px4_msgs) StdoutLine: {'line': b'-- Up-to-date: /home/rschnurr/SkyClaw-Team1/ros2_ws/install/px4_msgs/share/px4_msgs/msg/GeofenceStatus.idl\n'}
[2.549258] (px4_msgs) StdoutLine: {'line': b'-- Up-to-date: /home/rschnurr/SkyClaw-Team1/ros2_ws/install/px4_msgs/share/px4_msgs/msg/GimbalControls.idl\n'}
[2.549603] (px4_msgs) StdoutLine: {'line': b'-- Up-to-date: /home/rschnurr/SkyClaw-Team1/ros2_ws/install/px4_msgs/share/px4_msgs/msg/GimbalDeviceAttitudeStatus.idl\n'}
[2.549902] (px4_msgs) StdoutLine: {'line': b'-- Up-to-date: /home/rschnurr/SkyClaw-Team1/ros2_ws/install/px4_msgs/share/px4_msgs/msg/GimbalDeviceInformation.idl\n'}
[2.550222] (px4_msgs) StdoutLine: {'line': b'-- Up-to-date: /home/rschnurr/SkyClaw-Team1/ros2_ws/install/px4_msgs/share/px4_msgs/msg/GimbalDeviceSetAttitude.idl\n'}
[2.550431] (px4_msgs) StdoutLine: {'line': b'-- Up-to-date: /home/rschnurr/SkyClaw-Team1/ros2_ws/install/px4_msgs/share/px4_msgs/msg/GimbalManagerInformation.idl\n'}
[2.551078] (px4_msgs) StdoutLine: {'line': b'-- Up-to-date: /home/rschnurr/SkyClaw-Team1/ros2_ws/install/px4_msgs/share/px4_msgs/msg/GimbalManagerSetAttitude.idl\n'}
[2.551615] (px4_msgs) StdoutLine: {'line': b'-- Up-to-date: /home/rschnurr/SkyClaw-Team1/ros2_ws/install/px4_msgs/share/px4_msgs/msg/GimbalManagerSetManualControl.idl\n'}
[2.551704] (px4_msgs) StdoutLine: {'line': b'-- Up-to-date: /home/rschnurr/SkyClaw-Team1/ros2_ws/install/px4_msgs/share/px4_msgs/msg/GimbalManagerStatus.idl\n'}
[2.552086] (px4_msgs) StdoutLine: {'line': b'-- Up-to-date: /home/rschnurr/SkyClaw-Team1/ros2_ws/install/px4_msgs/share/px4_msgs/msg/GotoSetpoint.idl\n'}
[2.552403] (px4_msgs) StdoutLine: {'line': b'-- Up-to-date: /home/rschnurr/SkyClaw-Team1/ros2_ws/install/px4_msgs/share/px4_msgs/msg/GpioConfig.idl\n'}
[2.552649] (px4_msgs) StdoutLine: {'line': b'-- Up-to-date: /home/rschnurr/SkyClaw-Team1/ros2_ws/install/px4_msgs/share/px4_msgs/msg/GpioIn.idl\n'}
[2.553277] (px4_msgs) StdoutLine: {'line': b'-- Up-to-date: /home/rschnurr/SkyClaw-Team1/ros2_ws/install/px4_msgs/share/px4_msgs/msg/GpioOut.idl\n'}
[2.553623] (px4_msgs) StdoutLine: {'line': b'-- Up-to-date: /home/rschnurr/SkyClaw-Team1/ros2_ws/install/px4_msgs/share/px4_msgs/msg/GpioRequest.idl\n'}
[2.554139] (px4_msgs) StdoutLine: {'line': b'-- Up-to-date: /home/rschnurr/SkyClaw-Team1/ros2_ws/install/px4_msgs/share/px4_msgs/msg/GpsDump.idl\n'}
[2.555536] (px4_msgs) StdoutLine: {'line': b'-- Up-to-date: /home/rschnurr/SkyClaw-Team1/ros2_ws/install/px4_msgs/share/px4_msgs/msg/GpsInjectData.idl\n'}
[2.556105] (px4_msgs) StdoutLine: {'line': b'-- Up-to-date: /home/rschnurr/SkyClaw-Team1/ros2_ws/install/px4_msgs/share/px4_msgs/msg/Gripper.idl\n'}
[2.558497] (px4_msgs) StdoutLine: {'line': b'-- Up-to-date: /home/rschnurr/SkyClaw-Team1/ros2_ws/install/px4_msgs/share/px4_msgs/msg/HealthReport.idl\n'}
[2.559620] (px4_msgs) StdoutLine: {'line': b'-- Up-to-date: /home/rschnurr/SkyClaw-Team1/ros2_ws/install/px4_msgs/share/px4_msgs/msg/HeaterStatus.idl\n'}
[2.560315] (px4_msgs) StdoutLine: {'line': b'-- Up-to-date: /home/rschnurr/SkyClaw-Team1/ros2_ws/install/px4_msgs/share/px4_msgs/msg/HomePosition.idl\n'}
[2.560772] (px4_msgs) StdoutLine: {'line': b'-- Up-to-date: /home/rschnurr/SkyClaw-Team1/ros2_ws/install/px4_msgs/share/px4_msgs/msg/HoverThrustEstimate.idl\n'}
[2.561395] (px4_msgs) StdoutLine: {'line': b'-- Up-to-date: /home/rschnurr/SkyClaw-Team1/ros2_ws/install/px4_msgs/share/px4_msgs/msg/InputRc.idl\n'}
[2.562402] (px4_msgs) StdoutLine: {'line': b'-- Up-to-date: /home/rschnurr/SkyClaw-Team1/ros2_ws/install/px4_msgs/share/px4_msgs/msg/InternalCombustionEngineControl.idl\n'}
[2.563164] (px4_msgs) StdoutLine: {'line': b'-- Up-to-date: /home/rschnurr/SkyClaw-Team1/ros2_ws/install/px4_msgs/share/px4_msgs/msg/InternalCombustionEngineStatus.idl\n'}
[2.563760] (px4_msgs) StdoutLine: {'line': b'-- Up-to-date: /home/rschnurr/SkyClaw-Team1/ros2_ws/install/px4_msgs/share/px4_msgs/msg/IridiumsbdStatus.idl\n'}
[2.564512] (px4_msgs) StdoutLine: {'line': b'-- Up-to-date: /home/rschnurr/SkyClaw-Team1/ros2_ws/install/px4_msgs/share/px4_msgs/msg/IrlockReport.idl\n'}
[2.565148] (px4_msgs) StdoutLine: {'line': b'-- Up-to-date: /home/rschnurr/SkyClaw-Team1/ros2_ws/install/px4_msgs/share/px4_msgs/msg/LandingGear.idl\n'}
[2.565797] (px4_msgs) StdoutLine: {'line': b'-- Up-to-date: /home/rschnurr/SkyClaw-Team1/ros2_ws/install/px4_msgs/share/px4_msgs/msg/LandingGearWheel.idl\n'}
[2.565974] (px4_msgs) StdoutLine: {'line': b'-- Up-to-date: /home/rschnurr/SkyClaw-Team1/ros2_ws/install/px4_msgs/share/px4_msgs/msg/LandingTargetInnovations.idl\n'}
[2.566446] (px4_msgs) StdoutLine: {'line': b'-- Up-to-date: /home/rschnurr/SkyClaw-Team1/ros2_ws/install/px4_msgs/share/px4_msgs/msg/LandingTargetPose.idl\n'}
[2.567024] (px4_msgs) StdoutLine: {'line': b'-- Up-to-date: /home/rschnurr/SkyClaw-Team1/ros2_ws/install/px4_msgs/share/px4_msgs/msg/LateralControlConfiguration.idl\n'}
[2.567348] (px4_msgs) StdoutLine: {'line': b'-- Up-to-date: /home/rschnurr/SkyClaw-Team1/ros2_ws/install/px4_msgs/share/px4_msgs/msg/LaunchDetectionStatus.idl\n'}
[2.567651] (px4_msgs) StdoutLine: {'line': b'-- Up-to-date: /home/rschnurr/SkyClaw-Team1/ros2_ws/install/px4_msgs/share/px4_msgs/msg/LedControl.idl\n'}
[2.568074] (px4_msgs) StdoutLine: {'line': b'-- Up-to-date: /home/rschnurr/SkyClaw-Team1/ros2_ws/install/px4_msgs/share/px4_msgs/msg/LogMessage.idl\n'}
[2.568462] (px4_msgs) StdoutLine: {'line': b'-- Up-to-date: /home/rschnurr/SkyClaw-Team1/ros2_ws/install/px4_msgs/share/px4_msgs/msg/LoggerStatus.idl\n'}
[2.568707] (px4_msgs) StdoutLine: {'line': b'-- Up-to-date: /home/rschnurr/SkyClaw-Team1/ros2_ws/install/px4_msgs/share/px4_msgs/msg/LongitudinalControlConfiguration.idl\n'}
[2.568920] (px4_msgs) StdoutLine: {'line': b'-- Up-to-date: /home/rschnurr/SkyClaw-Team1/ros2_ws/install/px4_msgs/share/px4_msgs/msg/MagWorkerData.idl\n'}
[2.569213] (px4_msgs) StdoutLine: {'line': b'-- Up-to-date: /home/rschnurr/SkyClaw-Team1/ros2_ws/install/px4_msgs/share/px4_msgs/msg/MagnetometerBiasEstimate.idl\n'}
[2.569544] (px4_msgs) StdoutLine: {'line': b'-- Up-to-date: /home/rschnurr/SkyClaw-Team1/ros2_ws/install/px4_msgs/share/px4_msgs/msg/ManualControlSetpoint.idl\n'}
[2.570149] (px4_msgs) StdoutLine: {'line': b'-- Up-to-date: /home/rschnurr/SkyClaw-Team1/ros2_ws/install/px4_msgs/share/px4_msgs/msg/ManualControlSwitches.idl\n'}
[2.570466] (px4_msgs) StdoutLine: {'line': b'-- Up-to-date: /home/rschnurr/SkyClaw-Team1/ros2_ws/install/px4_msgs/share/px4_msgs/msg/MavlinkLog.idl\n'}
[2.571270] (px4_msgs) StdoutLine: {'line': b'-- Up-to-date: /home/rschnurr/SkyClaw-Team1/ros2_ws/install/px4_msgs/share/px4_msgs/msg/MavlinkTunnel.idl\n'}
[2.572098] (px4_msgs) StdoutLine: {'line': b'-- Up-to-date: /home/rschnurr/SkyClaw-Team1/ros2_ws/install/px4_msgs/share/px4_msgs/msg/MessageFormatRequest.idl\n'}
[2.572675] (px4_msgs) StdoutLine: {'line': b'-- Up-to-date: /home/rschnurr/SkyClaw-Team1/ros2_ws/install/px4_msgs/share/px4_msgs/msg/MessageFormatResponse.idl\n'}
[2.573006] (px4_msgs) StdoutLine: {'line': b'-- Up-to-date: /home/rschnurr/SkyClaw-Team1/ros2_ws/install/px4_msgs/share/px4_msgs/msg/Mission.idl\n'}
[2.573438] (px4_msgs) StdoutLine: {'line': b'-- Up-to-date: /home/rschnurr/SkyClaw-Team1/ros2_ws/install/px4_msgs/share/px4_msgs/msg/MissionResult.idl\n'}
[2.574208] (px4_msgs) StdoutLine: {'line': b'-- Up-to-date: /home/rschnurr/SkyClaw-Team1/ros2_ws/install/px4_msgs/share/px4_msgs/msg/ModeCompleted.idl\n'}
[2.574310] (px4_msgs) StdoutLine: {'line': b'-- Up-to-date: /home/rschnurr/SkyClaw-Team1/ros2_ws/install/px4_msgs/share/px4_msgs/msg/MountOrientation.idl\n'}
[2.574718] (px4_msgs) StdoutLine: {'line': b'-- Up-to-date: /home/rschnurr/SkyClaw-Team1/ros2_ws/install/px4_msgs/share/px4_msgs/msg/NavigatorMissionItem.idl\n'}
[2.575321] (px4_msgs) StdoutLine: {'line': b'-- Up-to-date: /home/rschnurr/SkyClaw-Team1/ros2_ws/install/px4_msgs/share/px4_msgs/msg/NavigatorStatus.idl\n'}
[2.576249] (px4_msgs) StdoutLine: {'line': b'-- Up-to-date: /home/rschnurr/SkyClaw-Team1/ros2_ws/install/px4_msgs/share/px4_msgs/msg/NeuralControl.idl\n'}
[2.577065] (px4_msgs) StdoutLine: {'line': b'-- Up-to-date: /home/rschnurr/SkyClaw-Team1/ros2_ws/install/px4_msgs/share/px4_msgs/msg/NormalizedUnsignedSetpoint.idl\n'}
[2.577830] (px4_msgs) StdoutLine: {'line': b'-- Up-to-date: /home/rschnurr/SkyClaw-Team1/ros2_ws/install/px4_msgs/share/px4_msgs/msg/ObstacleDistance.idl\n'}
[2.578596] (px4_msgs) StdoutLine: {'line': b'-- Up-to-date: /home/rschnurr/SkyClaw-Team1/ros2_ws/install/px4_msgs/share/px4_msgs/msg/OffboardControlMode.idl\n'}
[2.579385] (px4_msgs) StdoutLine: {'line': b'-- Up-to-date: /home/rschnurr/SkyClaw-Team1/ros2_ws/install/px4_msgs/share/px4_msgs/msg/OnboardComputerStatus.idl\n'}
[2.580168] (px4_msgs) StdoutLine: {'line': b'-- Up-to-date: /home/rschnurr/SkyClaw-Team1/ros2_ws/install/px4_msgs/share/px4_msgs/msg/OpenDroneIdArmStatus.idl\n'}
[2.580563] (px4_msgs) StdoutLine: {'line': b'-- Up-to-date: /home/rschnurr/SkyClaw-Team1/ros2_ws/install/px4_msgs/share/px4_msgs/msg/OpenDroneIdOperatorId.idl\n'}
[2.581074] (px4_msgs) StdoutLine: {'line': b'-- Up-to-date: /home/rschnurr/SkyClaw-Team1/ros2_ws/install/px4_msgs/share/px4_msgs/msg/OpenDroneIdSelfId.idl\n'}
[2.582172] (px4_msgs) StdoutLine: {'line': b'-- Up-to-date: /home/rschnurr/SkyClaw-Team1/ros2_ws/install/px4_msgs/share/px4_msgs/msg/OpenDroneIdSystem.idl\n'}
[2.583083] (px4_msgs) StdoutLine: {'line': b'-- Up-to-date: /home/rschnurr/SkyClaw-Team1/ros2_ws/install/px4_msgs/share/px4_msgs/msg/OrbTest.idl\n'}
[2.583695] (px4_msgs) StdoutLine: {'line': b'-- Up-to-date: /home/rschnurr/SkyClaw-Team1/ros2_ws/install/px4_msgs/share/px4_msgs/msg/OrbTestLarge.idl\n'}
[2.585526] (px4_msgs) StdoutLine: {'line': b'-- Up-to-date: /home/rschnurr/SkyClaw-Team1/ros2_ws/install/px4_msgs/share/px4_msgs/msg/OrbTestMedium.idl\n'}
[2.586148] (px4_msgs) StdoutLine: {'line': b'-- Up-to-date: /home/rschnurr/SkyClaw-Team1/ros2_ws/install/px4_msgs/share/px4_msgs/msg/OrbitStatus.idl\n'}
[2.586661] (px4_msgs) StdoutLine: {'line': b'-- Up-to-date: /home/rschnurr/SkyClaw-Team1/ros2_ws/install/px4_msgs/share/px4_msgs/msg/ParameterResetRequest.idl\n'}
[2.587065] (px4_msgs) StdoutLine: {'line': b'-- Up-to-date: /home/rschnurr/SkyClaw-Team1/ros2_ws/install/px4_msgs/share/px4_msgs/msg/ParameterSetUsedRequest.idl\n'}
[2.587578] (px4_msgs) StdoutLine: {'line': b'-- Up-to-date: /home/rschnurr/SkyClaw-Team1/ros2_ws/install/px4_msgs/share/px4_msgs/msg/ParameterSetValueRequest.idl\n'}
[2.588103] (px4_msgs) StdoutLine: {'line': b'-- Up-to-date: /home/rschnurr/SkyClaw-Team1/ros2_ws/install/px4_msgs/share/px4_msgs/msg/ParameterSetValueResponse.idl\n'}
[2.588562] (px4_msgs) StdoutLine: {'line': b'-- Up-to-date: /home/rschnurr/SkyClaw-Team1/ros2_ws/install/px4_msgs/share/px4_msgs/msg/ParameterUpdate.idl\n'}
[2.589162] (px4_msgs) StdoutLine: {'line': b'-- Up-to-date: /home/rschnurr/SkyClaw-Team1/ros2_ws/install/px4_msgs/share/px4_msgs/msg/Ping.idl\n'}
[2.589533] (px4_msgs) StdoutLine: {'line': b'-- Up-to-date: /home/rschnurr/SkyClaw-Team1/ros2_ws/install/px4_msgs/share/px4_msgs/msg/PositionControllerLandingStatus.idl\n'}
[2.590116] (px4_msgs) StdoutLine: {'line': b'-- Up-to-date: /home/rschnurr/SkyClaw-Team1/ros2_ws/install/px4_msgs/share/px4_msgs/msg/PositionControllerStatus.idl\n'}
[2.590350] (px4_msgs) StdoutLine: {'line': b'-- Up-to-date: /home/rschnurr/SkyClaw-Team1/ros2_ws/install/px4_msgs/share/px4_msgs/msg/PositionSetpoint.idl\n'}
[2.590715] (px4_msgs) StdoutLine: {'line': b'-- Up-to-date: /home/rschnurr/SkyClaw-Team1/ros2_ws/install/px4_msgs/share/px4_msgs/msg/PositionSetpointTriplet.idl\n'}
[2.591349] (px4_msgs) StdoutLine: {'line': b'-- Up-to-date: /home/rschnurr/SkyClaw-Team1/ros2_ws/install/px4_msgs/share/px4_msgs/msg/PowerButtonState.idl\n'}
[2.591664] (px4_msgs) StdoutLine: {'line': b'-- Up-to-date: /home/rschnurr/SkyClaw-Team1/ros2_ws/install/px4_msgs/share/px4_msgs/msg/PowerMonitor.idl\n'}
[2.591860] (px4_msgs) StdoutLine: {'line': b'-- Up-to-date: /home/rschnurr/SkyClaw-Team1/ros2_ws/install/px4_msgs/share/px4_msgs/msg/PpsCapture.idl\n'}
[2.592105] (px4_msgs) StdoutLine: {'line': b'-- Up-to-date: /home/rschnurr/SkyClaw-Team1/ros2_ws/install/px4_msgs/share/px4_msgs/msg/PurePursuitStatus.idl\n'}
[2.592425] (px4_msgs) StdoutLine: {'line': b'-- Up-to-date: /home/rschnurr/SkyClaw-Team1/ros2_ws/install/px4_msgs/share/px4_msgs/msg/PwmInput.idl\n'}
[2.592813] (px4_msgs) StdoutLine: {'line': b'-- Up-to-date: /home/rschnurr/SkyClaw-Team1/ros2_ws/install/px4_msgs/share/px4_msgs/msg/Px4ioStatus.idl\n'}
[2.593114] (px4_msgs) StdoutLine: {'line': b'-- Up-to-date: /home/rschnurr/SkyClaw-Team1/ros2_ws/install/px4_msgs/share/px4_msgs/msg/QshellReq.idl\n'}
[2.593212] (px4_msgs) StdoutLine: {'line': b'-- Up-to-date: /home/rschnurr/SkyClaw-Team1/ros2_ws/install/px4_msgs/share/px4_msgs/msg/QshellRetval.idl\n'}
[2.593613] (px4_msgs) StdoutLine: {'line': b'-- Up-to-date: /home/rschnurr/SkyClaw-Team1/ros2_ws/install/px4_msgs/share/px4_msgs/msg/RadioStatus.idl\n'}
[2.594162] (px4_msgs) StdoutLine: {'line': b'-- Up-to-date: /home/rschnurr/SkyClaw-Team1/ros2_ws/install/px4_msgs/share/px4_msgs/msg/RateCtrlStatus.idl\n'}
[2.594358] (px4_msgs) StdoutLine: {'line': b'-- Up-to-date: /home/rschnurr/SkyClaw-Team1/ros2_ws/install/px4_msgs/share/px4_msgs/msg/RcChannels.idl\n'}
[2.594990] (px4_msgs) StdoutLine: {'line': b'-- Up-to-date: /home/rschnurr/SkyClaw-Team1/ros2_ws/install/px4_msgs/share/px4_msgs/msg/RcParameterMap.idl\n'}
[2.596614] (px4_msgs) StdoutLine: {'line': b'-- Up-to-date: /home/rschnurr/SkyClaw-Team1/ros2_ws/install/px4_msgs/share/px4_msgs/msg/RegisterExtComponentReply.idl\n'}
[2.596705] (px4_msgs) StdoutLine: {'line': b'-- Up-to-date: /home/rschnurr/SkyClaw-Team1/ros2_ws/install/px4_msgs/share/px4_msgs/msg/RegisterExtComponentRequest.idl\n'}
[2.596839] (px4_msgs) StdoutLine: {'line': b'-- Up-to-date: /home/rschnurr/SkyClaw-Team1/ros2_ws/install/px4_msgs/share/px4_msgs/msg/RoverAttitudeSetpoint.idl\n'}
[2.597159] (px4_msgs) StdoutLine: {'line': b'-- Up-to-date: /home/rschnurr/SkyClaw-Team1/ros2_ws/install/px4_msgs/share/px4_msgs/msg/RoverAttitudeStatus.idl\n'}
[2.598082] (px4_msgs) StdoutLine: {'line': b'-- Up-to-date: /home/rschnurr/SkyClaw-Team1/ros2_ws/install/px4_msgs/share/px4_msgs/msg/RoverPositionSetpoint.idl\n'}
[2.598482] (px4_msgs) StdoutLine: {'line': b'-- Up-to-date: /home/rschnurr/SkyClaw-Team1/ros2_ws/install/px4_msgs/share/px4_msgs/msg/RoverRateSetpoint.idl\n'}
[2.598968] (px4_msgs) StdoutLine: {'line': b'-- Up-to-date: /home/rschnurr/SkyClaw-Team1/ros2_ws/install/px4_msgs/share/px4_msgs/msg/RoverRateStatus.idl\n'}
[2.599505] (px4_msgs) StdoutLine: {'line': b'-- Up-to-date: /home/rschnurr/SkyClaw-Team1/ros2_ws/install/px4_msgs/share/px4_msgs/msg/RoverSpeedSetpoint.idl\n'}
[2.599945] (px4_msgs) StdoutLine: {'line': b'-- Up-to-date: /home/rschnurr/SkyClaw-Team1/ros2_ws/install/px4_msgs/share/px4_msgs/msg/RoverSpeedStatus.idl\n'}
[2.600438] (px4_msgs) StdoutLine: {'line': b'-- Up-to-date: /home/rschnurr/SkyClaw-Team1/ros2_ws/install/px4_msgs/share/px4_msgs/msg/RoverSteeringSetpoint.idl\n'}
[2.600838] (px4_msgs) StdoutLine: {'line': b'-- Up-to-date: /home/rschnurr/SkyClaw-Team1/ros2_ws/install/px4_msgs/share/px4_msgs/msg/RoverThrottleSetpoint.idl\n'}
[2.601251] (px4_msgs) StdoutLine: {'line': b'-- Up-to-date: /home/rschnurr/SkyClaw-Team1/ros2_ws/install/px4_msgs/share/px4_msgs/msg/Rpm.idl\n'}
[2.601878] (px4_msgs) StdoutLine: {'line': b'-- Up-to-date: /home/rschnurr/SkyClaw-Team1/ros2_ws/install/px4_msgs/share/px4_msgs/msg/RtlStatus.idl\n'}
[2.602293] (px4_msgs) StdoutLine: {'line': b'-- Up-to-date: /home/rschnurr/SkyClaw-Team1/ros2_ws/install/px4_msgs/share/px4_msgs/msg/RtlTimeEstimate.idl\n'}
[2.602755] (px4_msgs) StdoutLine: {'line': b'-- Up-to-date: /home/rschnurr/SkyClaw-Team1/ros2_ws/install/px4_msgs/share/px4_msgs/msg/SatelliteInfo.idl\n'}
[2.603343] (px4_msgs) StdoutLine: {'line': b'-- Up-to-date: /home/rschnurr/SkyClaw-Team1/ros2_ws/install/px4_msgs/share/px4_msgs/msg/SensorAccel.idl\n'}
[2.603775] (px4_msgs) StdoutLine: {'line': b'-- Up-to-date: /home/rschnurr/SkyClaw-Team1/ros2_ws/install/px4_msgs/share/px4_msgs/msg/SensorAccelFifo.idl\n'}
[2.604413] (px4_msgs) StdoutLine: {'line': b'-- Up-to-date: /home/rschnurr/SkyClaw-Team1/ros2_ws/install/px4_msgs/share/px4_msgs/msg/SensorAirflow.idl\n'}
[2.604978] (px4_msgs) StdoutLine: {'line': b'-- Up-to-date: /home/rschnurr/SkyClaw-Team1/ros2_ws/install/px4_msgs/share/px4_msgs/msg/SensorBaro.idl\n'}
[2.605291] (px4_msgs) StdoutLine: {'line': b'-- Up-to-date: /home/rschnurr/SkyClaw-Team1/ros2_ws/install/px4_msgs/share/px4_msgs/msg/SensorCombined.idl\n'}
[2.605908] (px4_msgs) StdoutLine: {'line': b'-- Up-to-date: /home/rschnurr/SkyClaw-Team1/ros2_ws/install/px4_msgs/share/px4_msgs/msg/SensorCorrection.idl\n'}
[2.606820] (px4_msgs) StdoutLine: {'line': b'-- Up-to-date: /home/rschnurr/SkyClaw-Team1/ros2_ws/install/px4_msgs/share/px4_msgs/msg/SensorGnssRelative.idl\n'}
[2.607626] (px4_msgs) StdoutLine: {'line': b'-- Up-to-date: /home/rschnurr/SkyClaw-Team1/ros2_ws/install/px4_msgs/share/px4_msgs/msg/SensorGnssStatus.idl\n'}
[2.608124] (px4_msgs) StdoutLine: {'line': b'-- Up-to-date: /home/rschnurr/SkyClaw-Team1/ros2_ws/install/px4_msgs/share/px4_msgs/msg/SensorGps.idl\n'}
[2.608229] (px4_msgs) StdoutLine: {'line': b'-- Up-to-date: /home/rschnurr/SkyClaw-Team1/ros2_ws/install/px4_msgs/share/px4_msgs/msg/SensorGyro.idl\n'}
[2.608663] (px4_msgs) StdoutLine: {'line': b'-- Up-to-date: /home/rschnurr/SkyClaw-Team1/ros2_ws/install/px4_msgs/share/px4_msgs/msg/SensorGyroFft.idl\n'}
[2.609048] (px4_msgs) StdoutLine: {'line': b'-- Up-to-date: /home/rschnurr/SkyClaw-Team1/ros2_ws/install/px4_msgs/share/px4_msgs/msg/SensorGyroFifo.idl\n'}
[2.609336] (px4_msgs) StdoutLine: {'line': b'-- Up-to-date: /home/rschnurr/SkyClaw-Team1/ros2_ws/install/px4_msgs/share/px4_msgs/msg/SensorHygrometer.idl\n'}
[2.609443] (-) TimerEvent: {}
[2.609787] (px4_msgs) StdoutLine: {'line': b'-- Up-to-date: /home/rschnurr/SkyClaw-Team1/ros2_ws/install/px4_msgs/share/px4_msgs/msg/SensorMag.idl\n'}
[2.610874] (px4_msgs) StdoutLine: {'line': b'-- Up-to-date: /home/rschnurr/SkyClaw-Team1/ros2_ws/install/px4_msgs/share/px4_msgs/msg/SensorOpticalFlow.idl\n'}
[2.612454] (px4_msgs) StdoutLine: {'line': b'-- Up-to-date: /home/rschnurr/SkyClaw-Team1/ros2_ws/install/px4_msgs/share/px4_msgs/msg/SensorPreflightMag.idl\n'}
[2.612945] (px4_msgs) StdoutLine: {'line': b'-- Up-to-date: /home/rschnurr/SkyClaw-Team1/ros2_ws/install/px4_msgs/share/px4_msgs/msg/SensorSelection.idl\n'}
[2.613779] (px4_msgs) StdoutLine: {'line': b'-- Up-to-date: /home/rschnurr/SkyClaw-Team1/ros2_ws/install/px4_msgs/share/px4_msgs/msg/SensorUwb.idl\n'}
[2.614707] (px4_msgs) StdoutLine: {'line': b'-- Up-to-date: /home/rschnurr/SkyClaw-Team1/ros2_ws/install/px4_msgs/share/px4_msgs/msg/SensorsStatus.idl\n'}
[2.615251] (px4_msgs) StdoutLine: {'line': b'-- Up-to-date: /home/rschnurr/SkyClaw-Team1/ros2_ws/install/px4_msgs/share/px4_msgs/msg/SensorsStatusImu.idl\n'}
[2.615674] (px4_msgs) StdoutLine: {'line': b'-- Up-to-date: /home/rschnurr/SkyClaw-Team1/ros2_ws/install/px4_msgs/share/px4_msgs/msg/SystemPower.idl\n'}
[2.616172] (px4_msgs) StdoutLine: {'line': b'-- Up-to-date: /home/rschnurr/SkyClaw-Team1/ros2_ws/install/px4_msgs/share/px4_msgs/msg/TakeoffStatus.idl\n'}
[2.616707] (px4_msgs) StdoutLine: {'line': b'-- Up-to-date: /home/rschnurr/SkyClaw-Team1/ros2_ws/install/px4_msgs/share/px4_msgs/msg/TaskStackInfo.idl\n'}
[2.617117] (px4_msgs) StdoutLine: {'line': b'-- Up-to-date: /home/rschnurr/SkyClaw-Team1/ros2_ws/install/px4_msgs/share/px4_msgs/msg/TecsStatus.idl\n'}
[2.617701] (px4_msgs) StdoutLine: {'line': b'-- Up-to-date: /home/rschnurr/SkyClaw-Team1/ros2_ws/install/px4_msgs/share/px4_msgs/msg/TelemetryStatus.idl\n'}
[2.617815] (px4_msgs) StdoutLine: {'line': b'-- Up-to-date: /home/rschnurr/SkyClaw-Team1/ros2_ws/install/px4_msgs/share/px4_msgs/msg/TiltrotorExtraControls.idl\n'}
[2.618470] (px4_msgs) StdoutLine: {'line': b'-- Up-to-date: /home/rschnurr/SkyClaw-Team1/ros2_ws/install/px4_msgs/share/px4_msgs/msg/TimesyncStatus.idl\n'}
[2.619674] (px4_msgs) StdoutLine: {'line': b'-- Up-to-date: /home/rschnurr/SkyClaw-Team1/ros2_ws/install/px4_msgs/share/px4_msgs/msg/TrajectorySetpoint.idl\n'}
[2.619784] (px4_msgs) StdoutLine: {'line': b'-- Up-to-date: /home/rschnurr/SkyClaw-Team1/ros2_ws/install/px4_msgs/share/px4_msgs/msg/TrajectorySetpoint6dof.idl\n'}
[2.620391] (px4_msgs) StdoutLine: {'line': b'-- Up-to-date: /home/rschnurr/SkyClaw-Team1/ros2_ws/install/px4_msgs/share/px4_msgs/msg/TransponderReport.idl\n'}
[2.621190] (px4_msgs) StdoutLine: {'line': b'-- Up-to-date: /home/rschnurr/SkyClaw-Team1/ros2_ws/install/px4_msgs/share/px4_msgs/msg/TuneControl.idl\n'}
[2.621976] (px4_msgs) StdoutLine: {'line': b'-- Up-to-date: /home/rschnurr/SkyClaw-Team1/ros2_ws/install/px4_msgs/share/px4_msgs/msg/UavcanParameterRequest.idl\n'}
[2.622424] (px4_msgs) StdoutLine: {'line': b'-- Up-to-date: /home/rschnurr/SkyClaw-Team1/ros2_ws/install/px4_msgs/share/px4_msgs/msg/UavcanParameterValue.idl\n'}
[2.623312] (px4_msgs) StdoutLine: {'line': b'-- Up-to-date: /home/rschnurr/SkyClaw-Team1/ros2_ws/install/px4_msgs/share/px4_msgs/msg/UlogStream.idl\n'}
[2.624281] (px4_msgs) StdoutLine: {'line': b'-- Up-to-date: /home/rschnurr/SkyClaw-Team1/ros2_ws/install/px4_msgs/share/px4_msgs/msg/UlogStreamAck.idl\n'}
[2.624853] (px4_msgs) StdoutLine: {'line': b'-- Up-to-date: /home/rschnurr/SkyClaw-Team1/ros2_ws/install/px4_msgs/share/px4_msgs/msg/UnregisterExtComponent.idl\n'}
[2.625403] (px4_msgs) StdoutLine: {'line': b'-- Up-to-date: /home/rschnurr/SkyClaw-Team1/ros2_ws/install/px4_msgs/share/px4_msgs/msg/VehicleAcceleration.idl\n'}
[2.626237] (px4_msgs) StdoutLine: {'line': b'-- Up-to-date: /home/rschnurr/SkyClaw-Team1/ros2_ws/install/px4_msgs/share/px4_msgs/msg/VehicleAirData.idl\n'}
[2.626918] (px4_msgs) StdoutLine: {'line': b'-- Up-to-date: /home/rschnurr/SkyClaw-Team1/ros2_ws/install/px4_msgs/share/px4_msgs/msg/VehicleAngularAccelerationSetpoint.idl\n'}
[2.627635] (px4_msgs) StdoutLine: {'line': b'-- Up-to-date: /home/rschnurr/SkyClaw-Team1/ros2_ws/install/px4_msgs/share/px4_msgs/msg/VehicleAngularVelocity.idl\n'}
[2.628152] (px4_msgs) StdoutLine: {'line': b'-- Up-to-date: /home/rschnurr/SkyClaw-Team1/ros2_ws/install/px4_msgs/share/px4_msgs/msg/VehicleAttitude.idl\n'}
[2.628773] (px4_msgs) StdoutLine: {'line': b'-- Up-to-date: /home/rschnurr/SkyClaw-Team1/ros2_ws/install/px4_msgs/share/px4_msgs/msg/VehicleAttitudeSetpoint.idl\n'}
[2.629669] (px4_msgs) StdoutLine: {'line': b'-- Up-to-date: /home/rschnurr/SkyClaw-Team1/ros2_ws/install/px4_msgs/share/px4_msgs/msg/VehicleCommand.idl\n'}
[2.630410] (px4_msgs) StdoutLine: {'line': b'-- Up-to-date: /home/rschnurr/SkyClaw-Team1/ros2_ws/install/px4_msgs/share/px4_msgs/msg/VehicleCommandAck.idl\n'}
[2.631316] (px4_msgs) StdoutLine: {'line': b'-- Up-to-date: /home/rschnurr/SkyClaw-Team1/ros2_ws/install/px4_msgs/share/px4_msgs/msg/VehicleConstraints.idl\n'}
[2.631860] (px4_msgs) StdoutLine: {'line': b'-- Up-to-date: /home/rschnurr/SkyClaw-Team1/ros2_ws/install/px4_msgs/share/px4_msgs/msg/VehicleControlMode.idl\n'}
[2.632668] (px4_msgs) StdoutLine: {'line': b'-- Up-to-date: /home/rschnurr/SkyClaw-Team1/ros2_ws/install/px4_msgs/share/px4_msgs/msg/VehicleGlobalPosition.idl\n'}
[2.633194] (px4_msgs) StdoutLine: {'line': b'-- Up-to-date: /home/rschnurr/SkyClaw-Team1/ros2_ws/install/px4_msgs/share/px4_msgs/msg/VehicleImu.idl\n'}
[2.633812] (px4_msgs) StdoutLine: {'line': b'-- Up-to-date: /home/rschnurr/SkyClaw-Team1/ros2_ws/install/px4_msgs/share/px4_msgs/msg/VehicleImuStatus.idl\n'}
[2.634379] (px4_msgs) StdoutLine: {'line': b'-- Up-to-date: /home/rschnurr/SkyClaw-Team1/ros2_ws/install/px4_msgs/share/px4_msgs/msg/VehicleLandDetected.idl\n'}
[2.635146] (px4_msgs) StdoutLine: {'line': b'-- Up-to-date: /home/rschnurr/SkyClaw-Team1/ros2_ws/install/px4_msgs/share/px4_msgs/msg/VehicleLocalPosition.idl\n'}
[2.635641] (px4_msgs) StdoutLine: {'line': b'-- Up-to-date: /home/rschnurr/SkyClaw-Team1/ros2_ws/install/px4_msgs/share/px4_msgs/msg/VehicleLocalPositionSetpoint.idl\n'}
[2.636008] (px4_msgs) StdoutLine: {'line': b'-- Up-to-date: /home/rschnurr/SkyClaw-Team1/ros2_ws/install/px4_msgs/share/px4_msgs/msg/VehicleMagnetometer.idl\n'}
[2.636559] (px4_msgs) StdoutLine: {'line': b'-- Up-to-date: /home/rschnurr/SkyClaw-Team1/ros2_ws/install/px4_msgs/share/px4_msgs/msg/VehicleOdometry.idl\n'}
[2.637126] (px4_msgs) StdoutLine: {'line': b'-- Up-to-date: /home/rschnurr/SkyClaw-Team1/ros2_ws/install/px4_msgs/share/px4_msgs/msg/VehicleOpticalFlow.idl\n'}
[2.637584] (px4_msgs) StdoutLine: {'line': b'-- Up-to-date: /home/rschnurr/SkyClaw-Team1/ros2_ws/install/px4_msgs/share/px4_msgs/msg/VehicleOpticalFlowVel.idl\n'}
[2.638161] (px4_msgs) StdoutLine: {'line': b'-- Up-to-date: /home/rschnurr/SkyClaw-Team1/ros2_ws/install/px4_msgs/share/px4_msgs/msg/VehicleRatesSetpoint.idl\n'}
[2.638779] (px4_msgs) StdoutLine: {'line': b'-- Up-to-date: /home/rschnurr/SkyClaw-Team1/ros2_ws/install/px4_msgs/share/px4_msgs/msg/VehicleRoi.idl\n'}
[2.639599] (px4_msgs) StdoutLine: {'line': b'-- Up-to-date: /home/rschnurr/SkyClaw-Team1/ros2_ws/install/px4_msgs/share/px4_msgs/msg/VehicleStatus.idl\n'}
[2.640160] (px4_msgs) StdoutLine: {'line': b'-- Up-to-date: /home/rschnurr/SkyClaw-Team1/ros2_ws/install/px4_msgs/share/px4_msgs/msg/VehicleThrustSetpoint.idl\n'}
[2.640723] (px4_msgs) StdoutLine: {'line': b'-- Up-to-date: /home/rschnurr/SkyClaw-Team1/ros2_ws/install/px4_msgs/share/px4_msgs/msg/VehicleTorqueSetpoint.idl\n'}
[2.642459] (px4_msgs) StdoutLine: {'line': b'-- Up-to-date: /home/rschnurr/SkyClaw-Team1/ros2_ws/install/px4_msgs/share/px4_msgs/msg/VelocityLimits.idl\n'}
[2.642819] (px4_msgs) StdoutLine: {'line': b'-- Up-to-date: /home/rschnurr/SkyClaw-Team1/ros2_ws/install/px4_msgs/share/px4_msgs/msg/VtolVehicleStatus.idl\n'}
[2.643445] (px4_msgs) StdoutLine: {'line': b'-- Up-to-date: /home/rschnurr/SkyClaw-Team1/ros2_ws/install/px4_msgs/share/px4_msgs/msg/WheelEncoders.idl\n'}
[2.644846] (px4_msgs) StdoutLine: {'line': b'-- Up-to-date: /home/rschnurr/SkyClaw-Team1/ros2_ws/install/px4_msgs/share/px4_msgs/msg/Wind.idl\n'}
[2.645510] (px4_msgs) StdoutLine: {'line': b'-- Up-to-date: /home/rschnurr/SkyClaw-Team1/ros2_ws/install/px4_msgs/share/px4_msgs/msg/YawEstimatorStatus.idl\n'}
[2.648090] (px4_msgs) StdoutLine: {'line': b'-- Up-to-date: /home/rschnurr/SkyClaw-Team1/ros2_ws/install/px4_msgs/share/px4_msgs/srv/VehicleCommand.idl\n'}
[2.648555] (px4_msgs) StdoutLine: {'line': b'-- Up-to-date: /home/rschnurr/SkyClaw-Team1/ros2_ws/install/px4_msgs/share/px4_msgs/msg/ActionRequest.msg\n'}
[2.648772] (px4_msgs) StdoutLine: {'line': b'-- Up-to-date: /home/rschnurr/SkyClaw-Team1/ros2_ws/install/px4_msgs/share/px4_msgs/msg/ActuatorArmed.msg\n'}
[2.649166] (px4_msgs) StdoutLine: {'line': b'-- Up-to-date: /home/rschnurr/SkyClaw-Team1/ros2_ws/install/px4_msgs/share/px4_msgs/msg/ActuatorControlsStatus.msg\n'}
[2.649879] (px4_msgs) StdoutLine: {'line': b'-- Up-to-date: /home/rschnurr/SkyClaw-Team1/ros2_ws/install/px4_msgs/share/px4_msgs/msg/ActuatorMotors.msg\n'}
[2.650286] (px4_msgs) StdoutLine: {'line': b'-- Up-to-date: /home/rschnurr/SkyClaw-Team1/ros2_ws/install/px4_msgs/share/px4_msgs/msg/ActuatorOutputs.msg\n'}
[2.650610] (px4_msgs) StdoutLine: {'line': b'-- Up-to-date: /home/rschnurr/SkyClaw-Team1/ros2_ws/install/px4_msgs/share/px4_msgs/msg/ActuatorServos.msg\n'}
[2.651353] (px4_msgs) StdoutLine: {'line': b'-- Up-to-date: /home/rschnurr/SkyClaw-Team1/ros2_ws/install/px4_msgs/share/px4_msgs/msg/ActuatorServosTrim.msg\n'}
[2.652356] (px4_msgs) StdoutLine: {'line': b'-- Up-to-date: /home/rschnurr/SkyClaw-Team1/ros2_ws/install/px4_msgs/share/px4_msgs/msg/ActuatorTest.msg\n'}
[2.652977] (px4_msgs) StdoutLine: {'line': b'-- Up-to-date: /home/rschnurr/SkyClaw-Team1/ros2_ws/install/px4_msgs/share/px4_msgs/msg/AdcReport.msg\n'}
[2.653518] (px4_msgs) StdoutLine: {'line': b'-- Up-to-date: /home/rschnurr/SkyClaw-Team1/ros2_ws/install/px4_msgs/share/px4_msgs/msg/Airspeed.msg\n'}
[2.654073] (px4_msgs) StdoutLine: {'line': b'-- Up-to-date: /home/rschnurr/SkyClaw-Team1/ros2_ws/install/px4_msgs/share/px4_msgs/msg/AirspeedValidated.msg\n'}
[2.654599] (px4_msgs) StdoutLine: {'line': b'-- Up-to-date: /home/rschnurr/SkyClaw-Team1/ros2_ws/install/px4_msgs/share/px4_msgs/msg/AirspeedWind.msg\n'}
[2.655808] (px4_msgs) StdoutLine: {'line': b'-- Up-to-date: /home/rschnurr/SkyClaw-Team1/ros2_ws/install/px4_msgs/share/px4_msgs/msg/ArmingCheckReply.msg\n'}
[2.656376] (px4_msgs) StdoutLine: {'line': b'-- Up-to-date: /home/rschnurr/SkyClaw-Team1/ros2_ws/install/px4_msgs/share/px4_msgs/msg/ArmingCheckRequest.msg\n'}
[2.657246] (px4_msgs) StdoutLine: {'line': b'-- Up-to-date: /home/rschnurr/SkyClaw-Team1/ros2_ws/install/px4_msgs/share/px4_msgs/msg/AutotuneAttitudeControlStatus.msg\n'}
[2.657834] (px4_msgs) StdoutLine: {'line': b'-- Up-to-date: /home/rschnurr/SkyClaw-Team1/ros2_ws/install/px4_msgs/share/px4_msgs/msg/BatteryInfo.msg\n'}
[2.658358] (px4_msgs) StdoutLine: {'line': b'-- Up-to-date: /home/rschnurr/SkyClaw-Team1/ros2_ws/install/px4_msgs/share/px4_msgs/msg/BatteryStatus.msg\n'}
[2.658843] (px4_msgs) StdoutLine: {'line': b'-- Up-to-date: /home/rschnurr/SkyClaw-Team1/ros2_ws/install/px4_msgs/share/px4_msgs/msg/ButtonEvent.msg\n'}
[2.659925] (px4_msgs) StdoutLine: {'line': b'-- Up-to-date: /home/rschnurr/SkyClaw-Team1/ros2_ws/install/px4_msgs/share/px4_msgs/msg/CameraCapture.msg\n'}
[2.660473] (px4_msgs) StdoutLine: {'line': b'-- Up-to-date: /home/rschnurr/SkyClaw-Team1/ros2_ws/install/px4_msgs/share/px4_msgs/msg/CameraStatus.msg\n'}
[2.661113] (px4_msgs) StdoutLine: {'line': b'-- Up-to-date: /home/rschnurr/SkyClaw-Team1/ros2_ws/install/px4_msgs/share/px4_msgs/msg/CameraTrigger.msg\n'}
[2.661608] (px4_msgs) StdoutLine: {'line': b'-- Up-to-date: /home/rschnurr/SkyClaw-Team1/ros2_ws/install/px4_msgs/share/px4_msgs/msg/CanInterfaceStatus.msg\n'}
[2.662119] (px4_msgs) StdoutLine: {'line': b'-- Up-to-date: /home/rschnurr/SkyClaw-Team1/ros2_ws/install/px4_msgs/share/px4_msgs/msg/CellularStatus.msg\n'}
[2.662987] (px4_msgs) StdoutLine: {'line': b'-- Up-to-date: /home/rschnurr/SkyClaw-Team1/ros2_ws/install/px4_msgs/share/px4_msgs/msg/CollisionConstraints.msg\n'}
[2.663537] (px4_msgs) StdoutLine: {'line': b'-- Up-to-date: /home/rschnurr/SkyClaw-Team1/ros2_ws/install/px4_msgs/share/px4_msgs/msg/ConfigOverrides.msg\n'}
[2.664064] (px4_msgs) StdoutLine: {'line': b'-- Up-to-date: /home/rschnurr/SkyClaw-Team1/ros2_ws/install/px4_msgs/share/px4_msgs/msg/ControlAllocatorStatus.msg\n'}
[2.665222] (px4_msgs) StdoutLine: {'line': b'-- Up-to-date: /home/rschnurr/SkyClaw-Team1/ros2_ws/install/px4_msgs/share/px4_msgs/msg/Cpuload.msg\n'}
[2.666116] (px4_msgs) StdoutLine: {'line': b'-- Up-to-date: /home/rschnurr/SkyClaw-Team1/ros2_ws/install/px4_msgs/share/px4_msgs/msg/DatamanRequest.msg\n'}
[2.669502] (px4_msgs) StdoutLine: {'line': b'-- Up-to-date: /home/rschnurr/SkyClaw-Team1/ros2_ws/install/px4_msgs/share/px4_msgs/msg/DatamanResponse.msg\n'}
[2.670107] (px4_msgs) StdoutLine: {'line': b'-- Up-to-date: /home/rschnurr/SkyClaw-Team1/ros2_ws/install/px4_msgs/share/px4_msgs/msg/DebugArray.msg\n'}
[2.670742] (px4_msgs) StdoutLine: {'line': b'-- Up-to-date: /home/rschnurr/SkyClaw-Team1/ros2_ws/install/px4_msgs/share/px4_msgs/msg/DebugKeyValue.msg\n'}
[2.671714] (px4_msgs) StdoutLine: {'line': b'-- Up-to-date: /home/rschnurr/SkyClaw-Team1/ros2_ws/install/px4_msgs/share/px4_msgs/msg/DebugValue.msg\n'}
[2.672709] (px4_msgs) StdoutLine: {'line': b'-- Up-to-date: /home/rschnurr/SkyClaw-Team1/ros2_ws/install/px4_msgs/share/px4_msgs/msg/DebugVect.msg\n'}
[2.672767] (px4_msgs) StdoutLine: {'line': b'-- Up-to-date: /home/rschnurr/SkyClaw-Team1/ros2_ws/install/px4_msgs/share/px4_msgs/msg/DifferentialPressure.msg\n'}
[2.673410] (px4_msgs) StdoutLine: {'line': b'-- Up-to-date: /home/rschnurr/SkyClaw-Team1/ros2_ws/install/px4_msgs/share/px4_msgs/msg/DistanceSensor.msg\n'}
[2.673582] (px4_msgs) StdoutLine: {'line': b'-- Up-to-date: /home/rschnurr/SkyClaw-Team1/ros2_ws/install/px4_msgs/share/px4_msgs/msg/DistanceSensorModeChangeRequest.msg\n'}
[2.673848] (px4_msgs) StdoutLine: {'line': b'-- Up-to-date: /home/rschnurr/SkyClaw-Team1/ros2_ws/install/px4_msgs/share/px4_msgs/msg/DronecanNodeStatus.msg\n'}
[2.674235] (px4_msgs) StdoutLine: {'line': b'-- Up-to-date: /home/rschnurr/SkyClaw-Team1/ros2_ws/install/px4_msgs/share/px4_msgs/msg/Ekf2Timestamps.msg\n'}
[2.674675] (px4_msgs) StdoutLine: {'line': b'-- Up-to-date: /home/rschnurr/SkyClaw-Team1/ros2_ws/install/px4_msgs/share/px4_msgs/msg/EscReport.msg\n'}
[2.674989] (px4_msgs) StdoutLine: {'line': b'-- Up-to-date: /home/rschnurr/SkyClaw-Team1/ros2_ws/install/px4_msgs/share/px4_msgs/msg/EscStatus.msg\n'}
[2.675350] (px4_msgs) StdoutLine: {'line': b'-- Up-to-date: /home/rschnurr/SkyClaw-Team1/ros2_ws/install/px4_msgs/share/px4_msgs/msg/EstimatorAidSource1d.msg\n'}
[2.675635] (px4_msgs) StdoutLine: {'line': b'-- Up-to-date: /home/rschnurr/SkyClaw-Team1/ros2_ws/install/px4_msgs/share/px4_msgs/msg/EstimatorAidSource2d.msg\n'}
[2.676014] (px4_msgs) StdoutLine: {'line': b'-- Up-to-date: /home/rschnurr/SkyClaw-Team1/ros2_ws/install/px4_msgs/share/px4_msgs/msg/EstimatorAidSource3d.msg\n'}
[2.676477] (px4_msgs) StdoutLine: {'line': b'-- Up-to-date: /home/rschnurr/SkyClaw-Team1/ros2_ws/install/px4_msgs/share/px4_msgs/msg/EstimatorBias.msg\n'}
[2.678225] (px4_msgs) StdoutLine: {'line': b'-- Up-to-date: /home/rschnurr/SkyClaw-Team1/ros2_ws/install/px4_msgs/share/px4_msgs/msg/EstimatorBias3d.msg\n'}
[2.678676] (px4_msgs) StdoutLine: {'line': b'-- Up-to-date: /home/rschnurr/SkyClaw-Team1/ros2_ws/install/px4_msgs/share/px4_msgs/msg/EstimatorEventFlags.msg\n'}
[2.679644] (px4_msgs) StdoutLine: {'line': b'-- Up-to-date: /home/rschnurr/SkyClaw-Team1/ros2_ws/install/px4_msgs/share/px4_msgs/msg/EstimatorGpsStatus.msg\n'}
[2.680294] (px4_msgs) StdoutLine: {'line': b'-- Up-to-date: /home/rschnurr/SkyClaw-Team1/ros2_ws/install/px4_msgs/share/px4_msgs/msg/EstimatorInnovations.msg\n'}
[2.680638] (px4_msgs) StdoutLine: {'line': b'-- Up-to-date: /home/rschnurr/SkyClaw-Team1/ros2_ws/install/px4_msgs/share/px4_msgs/msg/EstimatorSelectorStatus.msg\n'}
[2.680856] (px4_msgs) StdoutLine: {'line': b'-- Up-to-date: /home/rschnurr/SkyClaw-Team1/ros2_ws/install/px4_msgs/share/px4_msgs/msg/EstimatorSensorBias.msg\n'}
[2.681203] (px4_msgs) StdoutLine: {'line': b'-- Up-to-date: /home/rschnurr/SkyClaw-Team1/ros2_ws/install/px4_msgs/share/px4_msgs/msg/EstimatorStates.msg\n'}
[2.681864] (px4_msgs) StdoutLine: {'line': b'-- Up-to-date: /home/rschnurr/SkyClaw-Team1/ros2_ws/install/px4_msgs/share/px4_msgs/msg/EstimatorStatus.msg\n'}
[2.682164] (px4_msgs) StdoutLine: {'line': b'-- Up-to-date: /home/rschnurr/SkyClaw-Team1/ros2_ws/install/px4_msgs/share/px4_msgs/msg/EstimatorStatusFlags.msg\n'}
[2.682231] (px4_msgs) StdoutLine: {'line': b'-- Up-to-date: /home/rschnurr/SkyClaw-Team1/ros2_ws/install/px4_msgs/share/px4_msgs/msg/Event.msg\n'}
[2.682460] (px4_msgs) StdoutLine: {'line': b'-- Up-to-date: /home/rschnurr/SkyClaw-Team1/ros2_ws/install/px4_msgs/share/px4_msgs/msg/FailsafeFlags.msg\n'}
[2.682699] (px4_msgs) StdoutLine: {'line': b'-- Up-to-date: /home/rschnurr/SkyClaw-Team1/ros2_ws/install/px4_msgs/share/px4_msgs/msg/FailureDetectorStatus.msg\n'}
[2.683337] (px4_msgs) StdoutLine: {'line': b'-- Up-to-date: /home/rschnurr/SkyClaw-Team1/ros2_ws/install/px4_msgs/share/px4_msgs/msg/FigureEightStatus.msg\n'}
[2.683411] (px4_msgs) StdoutLine: {'line': b'-- Up-to-date: /home/rschnurr/SkyClaw-Team1/ros2_ws/install/px4_msgs/share/px4_msgs/msg/FixedWingLateralGuidanceStatus.msg\n'}
[2.683885] (px4_msgs) StdoutLine: {'line': b'-- Up-to-date: /home/rschnurr/SkyClaw-Team1/ros2_ws/install/px4_msgs/share/px4_msgs/msg/FixedWingLateralSetpoint.msg\n'}
[2.685094] (px4_msgs) StdoutLine: {'line': b'-- Up-to-date: /home/rschnurr/SkyClaw-Team1/ros2_ws/install/px4_msgs/share/px4_msgs/msg/FixedWingLateralStatus.msg\n'}
[2.685282] (px4_msgs) StdoutLine: {'line': b'-- Up-to-date: /home/rschnurr/SkyClaw-Team1/ros2_ws/install/px4_msgs/share/px4_msgs/msg/FixedWingLongitudinalSetpoint.msg\n'}
[2.685519] (px4_msgs) StdoutLine: {'line': b'-- Up-to-date: /home/rschnurr/SkyClaw-Team1/ros2_ws/install/px4_msgs/share/px4_msgs/msg/FixedWingRunwayControl.msg\n'}
[2.685931] (px4_msgs) StdoutLine: {'line': b'-- Up-to-date: /home/rschnurr/SkyClaw-Team1/ros2_ws/install/px4_msgs/share/px4_msgs/msg/FlightPhaseEstimation.msg\n'}
[2.686607] (px4_msgs) StdoutLine: {'line': b'-- Up-to-date: /home/rschnurr/SkyClaw-Team1/ros2_ws/install/px4_msgs/share/px4_msgs/msg/FollowTarget.msg\n'}
[2.687070] (px4_msgs) StdoutLine: {'line': b'-- Up-to-date: /home/rschnurr/SkyClaw-Team1/ros2_ws/install/px4_msgs/share/px4_msgs/msg/FollowTargetEstimator.msg\n'}
[2.687406] (px4_msgs) StdoutLine: {'line': b'-- Up-to-date: /home/rschnurr/SkyClaw-Team1/ros2_ws/install/px4_msgs/share/px4_msgs/msg/FollowTargetStatus.msg\n'}
[2.688100] (px4_msgs) StdoutLine: {'line': b'-- Up-to-date: /home/rschnurr/SkyClaw-Team1/ros2_ws/install/px4_msgs/share/px4_msgs/msg/FuelTankStatus.msg\n'}
[2.688713] (px4_msgs) StdoutLine: {'line': b'-- Up-to-date: /home/rschnurr/SkyClaw-Team1/ros2_ws/install/px4_msgs/share/px4_msgs/msg/GeneratorStatus.msg\n'}
[2.689197] (px4_msgs) StdoutLine: {'line': b'-- Up-to-date: /home/rschnurr/SkyClaw-Team1/ros2_ws/install/px4_msgs/share/px4_msgs/msg/GeofenceResult.msg\n'}
[2.689400] (px4_msgs) StdoutLine: {'line': b'-- Up-to-date: /home/rschnurr/SkyClaw-Team1/ros2_ws/install/px4_msgs/share/px4_msgs/msg/GeofenceStatus.msg\n'}
[2.690150] (px4_msgs) StdoutLine: {'line': b'-- Up-to-date: /home/rschnurr/SkyClaw-Team1/ros2_ws/install/px4_msgs/share/px4_msgs/msg/GimbalControls.msg\n'}
[2.690944] (px4_msgs) StdoutLine: {'line': b'-- Up-to-date: /home/rschnurr/SkyClaw-Team1/ros2_ws/install/px4_msgs/share/px4_msgs/msg/GimbalDeviceAttitudeStatus.msg\n'}
[2.691409] (px4_msgs) StdoutLine: {'line': b'-- Up-to-date: /home/rschnurr/SkyClaw-Team1/ros2_ws/install/px4_msgs/share/px4_msgs/msg/GimbalDeviceInformation.msg\n'}
[2.691740] (px4_msgs) StdoutLine: {'line': b'-- Up-to-date: /home/rschnurr/SkyClaw-Team1/ros2_ws/install/px4_msgs/share/px4_msgs/msg/GimbalDeviceSetAttitude.msg\n'}
[2.692191] (px4_msgs) StdoutLine: {'line': b'-- Up-to-date: /home/rschnurr/SkyClaw-Team1/ros2_ws/install/px4_msgs/share/px4_msgs/msg/GimbalManagerInformation.msg\n'}
[2.692620] (px4_msgs) StdoutLine: {'line': b'-- Up-to-date: /home/rschnurr/SkyClaw-Team1/ros2_ws/install/px4_msgs/share/px4_msgs/msg/GimbalManagerSetAttitude.msg\n'}
[2.693119] (px4_msgs) StdoutLine: {'line': b'-- Up-to-date: /home/rschnurr/SkyClaw-Team1/ros2_ws/install/px4_msgs/share/px4_msgs/msg/GimbalManagerSetManualControl.msg\n'}
[2.693406] (px4_msgs) StdoutLine: {'line': b'-- Up-to-date: /home/rschnurr/SkyClaw-Team1/ros2_ws/install/px4_msgs/share/px4_msgs/msg/GimbalManagerStatus.msg\n'}
[2.693798] (px4_msgs) StdoutLine: {'line': b'-- Up-to-date: /home/rschnurr/SkyClaw-Team1/ros2_ws/install/px4_msgs/share/px4_msgs/msg/GotoSetpoint.msg\n'}
[2.694299] (px4_msgs) StdoutLine: {'line': b'-- Up-to-date: /home/rschnurr/SkyClaw-Team1/ros2_ws/install/px4_msgs/share/px4_msgs/msg/GpioConfig.msg\n'}
[2.694778] (px4_msgs) StdoutLine: {'line': b'-- Up-to-date: /home/rschnurr/SkyClaw-Team1/ros2_ws/install/px4_msgs/share/px4_msgs/msg/GpioIn.msg\n'}
[2.695188] (px4_msgs) StdoutLine: {'line': b'-- Up-to-date: /home/rschnurr/SkyClaw-Team1/ros2_ws/install/px4_msgs/share/px4_msgs/msg/GpioOut.msg\n'}
[2.695846] (px4_msgs) StdoutLine: {'line': b'-- Up-to-date: /home/rschnurr/SkyClaw-Team1/ros2_ws/install/px4_msgs/share/px4_msgs/msg/GpioRequest.msg\n'}
[2.696489] (px4_msgs) StdoutLine: {'line': b'-- Up-to-date: /home/rschnurr/SkyClaw-Team1/ros2_ws/install/px4_msgs/share/px4_msgs/msg/GpsDump.msg\n'}
[2.696846] (px4_msgs) StdoutLine: {'line': b'-- Up-to-date: /home/rschnurr/SkyClaw-Team1/ros2_ws/install/px4_msgs/share/px4_msgs/msg/GpsInjectData.msg\n'}
[2.697412] (px4_msgs) StdoutLine: {'line': b'-- Up-to-date: /home/rschnurr/SkyClaw-Team1/ros2_ws/install/px4_msgs/share/px4_msgs/msg/Gripper.msg\n'}
[2.698019] (px4_msgs) StdoutLine: {'line': b'-- Up-to-date: /home/rschnurr/SkyClaw-Team1/ros2_ws/install/px4_msgs/share/px4_msgs/msg/HealthReport.msg\n'}
[2.698633] (px4_msgs) StdoutLine: {'line': b'-- Up-to-date: /home/rschnurr/SkyClaw-Team1/ros2_ws/install/px4_msgs/share/px4_msgs/msg/HeaterStatus.msg\n'}
[2.699612] (px4_msgs) StdoutLine: {'line': b'-- Up-to-date: /home/rschnurr/SkyClaw-Team1/ros2_ws/install/px4_msgs/share/px4_msgs/msg/HomePosition.msg\n'}
[2.700011] (px4_msgs) StdoutLine: {'line': b'-- Up-to-date: /home/rschnurr/SkyClaw-Team1/ros2_ws/install/px4_msgs/share/px4_msgs/msg/HoverThrustEstimate.msg\n'}
[2.700663] (px4_msgs) StdoutLine: {'line': b'-- Up-to-date: /home/rschnurr/SkyClaw-Team1/ros2_ws/install/px4_msgs/share/px4_msgs/msg/InputRc.msg\n'}
[2.701172] (px4_msgs) StdoutLine: {'line': b'-- Up-to-date: /home/rschnurr/SkyClaw-Team1/ros2_ws/install/px4_msgs/share/px4_msgs/msg/InternalCombustionEngineControl.msg\n'}
[2.701625] (px4_msgs) StdoutLine: {'line': b'-- Up-to-date: /home/rschnurr/SkyClaw-Team1/ros2_ws/install/px4_msgs/share/px4_msgs/msg/InternalCombustionEngineStatus.msg\n'}
[2.702233] (px4_msgs) StdoutLine: {'line': b'-- Up-to-date: /home/rschnurr/SkyClaw-Team1/ros2_ws/install/px4_msgs/share/px4_msgs/msg/IridiumsbdStatus.msg\n'}
[2.702800] (px4_msgs) StdoutLine: {'line': b'-- Up-to-date: /home/rschnurr/SkyClaw-Team1/ros2_ws/install/px4_msgs/share/px4_msgs/msg/IrlockReport.msg\n'}
[2.703514] (px4_msgs) StdoutLine: {'line': b'-- Up-to-date: /home/rschnurr/SkyClaw-Team1/ros2_ws/install/px4_msgs/share/px4_msgs/msg/LandingGear.msg\n'}
[2.704042] (px4_msgs) StdoutLine: {'line': b'-- Up-to-date: /home/rschnurr/SkyClaw-Team1/ros2_ws/install/px4_msgs/share/px4_msgs/msg/LandingGearWheel.msg\n'}
[2.706014] (px4_msgs) StdoutLine: {'line': b'-- Up-to-date: /home/rschnurr/SkyClaw-Team1/ros2_ws/install/px4_msgs/share/px4_msgs/msg/LandingTargetInnovations.msg\n'}
[2.706297] (px4_msgs) StdoutLine: {'line': b'-- Up-to-date: /home/rschnurr/SkyClaw-Team1/ros2_ws/install/px4_msgs/share/px4_msgs/msg/LandingTargetPose.msg\n'}
[2.706430] (px4_msgs) StdoutLine: {'line': b'-- Up-to-date: /home/rschnurr/SkyClaw-Team1/ros2_ws/install/px4_msgs/share/px4_msgs/msg/LateralControlConfiguration.msg\n'}
[2.706509] (px4_msgs) StdoutLine: {'line': b'-- Up-to-date: /home/rschnurr/SkyClaw-Team1/ros2_ws/install/px4_msgs/share/px4_msgs/msg/LaunchDetectionStatus.msg\n'}
[2.706662] (px4_msgs) StdoutLine: {'line': b'-- Up-to-date: /home/rschnurr/SkyClaw-Team1/ros2_ws/install/px4_msgs/share/px4_msgs/msg/LedControl.msg\n'}
[2.707874] (px4_msgs) StdoutLine: {'line': b'-- Up-to-date: /home/rschnurr/SkyClaw-Team1/ros2_ws/install/px4_msgs/share/px4_msgs/msg/LogMessage.msg\n'}
[2.708336] (px4_msgs) StdoutLine: {'line': b'-- Up-to-date: /home/rschnurr/SkyClaw-Team1/ros2_ws/install/px4_msgs/share/px4_msgs/msg/LoggerStatus.msg\n'}
[2.708909] (px4_msgs) StdoutLine: {'line': b'-- Up-to-date: /home/rschnurr/SkyClaw-Team1/ros2_ws/install/px4_msgs/share/px4_msgs/msg/LongitudinalControlConfiguration.msg\n'}
[2.709361] (px4_msgs) StdoutLine: {'line': b'-- Up-to-date: /home/rschnurr/SkyClaw-Team1/ros2_ws/install/px4_msgs/share/px4_msgs/msg/MagWorkerData.msg\n'}
[2.709560] (-) TimerEvent: {}
[2.710321] (px4_msgs) StdoutLine: {'line': b'-- Up-to-date: /home/rschnurr/SkyClaw-Team1/ros2_ws/install/px4_msgs/share/px4_msgs/msg/MagnetometerBiasEstimate.msg\n'}
[2.711258] (px4_msgs) StdoutLine: {'line': b'-- Up-to-date: /home/rschnurr/SkyClaw-Team1/ros2_ws/install/px4_msgs/share/px4_msgs/msg/ManualControlSetpoint.msg\n'}
[2.712099] (px4_msgs) StdoutLine: {'line': b'-- Up-to-date: /home/rschnurr/SkyClaw-Team1/ros2_ws/install/px4_msgs/share/px4_msgs/msg/ManualControlSwitches.msg\n'}
[2.712368] (px4_msgs) StdoutLine: {'line': b'-- Up-to-date: /home/rschnurr/SkyClaw-Team1/ros2_ws/install/px4_msgs/share/px4_msgs/msg/MavlinkLog.msg\n'}
[2.713222] (px4_msgs) StdoutLine: {'line': b'-- Up-to-date: /home/rschnurr/SkyClaw-Team1/ros2_ws/install/px4_msgs/share/px4_msgs/msg/MavlinkTunnel.msg\n'}
[2.713806] (px4_msgs) StdoutLine: {'line': b'-- Up-to-date: /home/rschnurr/SkyClaw-Team1/ros2_ws/install/px4_msgs/share/px4_msgs/msg/MessageFormatRequest.msg\n'}
[2.714392] (px4_msgs) StdoutLine: {'line': b'-- Up-to-date: /home/rschnurr/SkyClaw-Team1/ros2_ws/install/px4_msgs/share/px4_msgs/msg/MessageFormatResponse.msg\n'}
[2.715051] (px4_msgs) StdoutLine: {'line': b'-- Up-to-date: /home/rschnurr/SkyClaw-Team1/ros2_ws/install/px4_msgs/share/px4_msgs/msg/Mission.msg\n'}
[2.715477] (px4_msgs) StdoutLine: {'line': b'-- Up-to-date: /home/rschnurr/SkyClaw-Team1/ros2_ws/install/px4_msgs/share/px4_msgs/msg/MissionResult.msg\n'}
[2.715993] (px4_msgs) StdoutLine: {'line': b'-- Up-to-date: /home/rschnurr/SkyClaw-Team1/ros2_ws/install/px4_msgs/share/px4_msgs/msg/ModeCompleted.msg\n'}
[2.716362] (px4_msgs) StdoutLine: {'line': b'-- Up-to-date: /home/rschnurr/SkyClaw-Team1/ros2_ws/install/px4_msgs/share/px4_msgs/msg/MountOrientation.msg\n'}
[2.716637] (px4_msgs) StdoutLine: {'line': b'-- Up-to-date: /home/rschnurr/SkyClaw-Team1/ros2_ws/install/px4_msgs/share/px4_msgs/msg/NavigatorMissionItem.msg\n'}
[2.716993] (px4_msgs) StdoutLine: {'line': b'-- Up-to-date: /home/rschnurr/SkyClaw-Team1/ros2_ws/install/px4_msgs/share/px4_msgs/msg/NavigatorStatus.msg\n'}
[2.717342] (px4_msgs) StdoutLine: {'line': b'-- Up-to-date: /home/rschnurr/SkyClaw-Team1/ros2_ws/install/px4_msgs/share/px4_msgs/msg/NeuralControl.msg\n'}
[2.717807] (px4_msgs) StdoutLine: {'line': b'-- Up-to-date: /home/rschnurr/SkyClaw-Team1/ros2_ws/install/px4_msgs/share/px4_msgs/msg/NormalizedUnsignedSetpoint.msg\n'}
[2.719226] (px4_msgs) StdoutLine: {'line': b'-- Up-to-date: /home/rschnurr/SkyClaw-Team1/ros2_ws/install/px4_msgs/share/px4_msgs/msg/ObstacleDistance.msg\n'}
[2.720106] (px4_msgs) StdoutLine: {'line': b'-- Up-to-date: /home/rschnurr/SkyClaw-Team1/ros2_ws/install/px4_msgs/share/px4_msgs/msg/OffboardControlMode.msg\n'}
[2.720749] (px4_msgs) StdoutLine: {'line': b'-- Up-to-date: /home/rschnurr/SkyClaw-Team1/ros2_ws/install/px4_msgs/share/px4_msgs/msg/OnboardComputerStatus.msg\n'}
[2.721048] (px4_msgs) StdoutLine: {'line': b'-- Up-to-date: /home/rschnurr/SkyClaw-Team1/ros2_ws/install/px4_msgs/share/px4_msgs/msg/OpenDroneIdArmStatus.msg\n'}
[2.721467] (px4_msgs) StdoutLine: {'line': b'-- Up-to-date: /home/rschnurr/SkyClaw-Team1/ros2_ws/install/px4_msgs/share/px4_msgs/msg/OpenDroneIdOperatorId.msg\n'}
[2.721835] (px4_msgs) StdoutLine: {'line': b'-- Up-to-date: /home/rschnurr/SkyClaw-Team1/ros2_ws/install/px4_msgs/share/px4_msgs/msg/OpenDroneIdSelfId.msg\n'}
[2.722269] (px4_msgs) StdoutLine: {'line': b'-- Up-to-date: /home/rschnurr/SkyClaw-Team1/ros2_ws/install/px4_msgs/share/px4_msgs/msg/OpenDroneIdSystem.msg\n'}
[2.722710] (px4_msgs) StdoutLine: {'line': b'-- Up-to-date: /home/rschnurr/SkyClaw-Team1/ros2_ws/install/px4_msgs/share/px4_msgs/msg/OrbTest.msg\n'}
[2.723085] (px4_msgs) StdoutLine: {'line': b'-- Up-to-date: /home/rschnurr/SkyClaw-Team1/ros2_ws/install/px4_msgs/share/px4_msgs/msg/OrbTestLarge.msg\n'}
[2.723500] (px4_msgs) StdoutLine: {'line': b'-- Up-to-date: /home/rschnurr/SkyClaw-Team1/ros2_ws/install/px4_msgs/share/px4_msgs/msg/OrbTestMedium.msg\n'}
[2.723951] (px4_msgs) StdoutLine: {'line': b'-- Up-to-date: /home/rschnurr/SkyClaw-Team1/ros2_ws/install/px4_msgs/share/px4_msgs/msg/OrbitStatus.msg\n'}
[2.724417] (px4_msgs) StdoutLine: {'line': b'-- Up-to-date: /home/rschnurr/SkyClaw-Team1/ros2_ws/install/px4_msgs/share/px4_msgs/msg/ParameterResetRequest.msg\n'}
[2.724584] (px4_msgs) StdoutLine: {'line': b'-- Up-to-date: /home/rschnurr/SkyClaw-Team1/ros2_ws/install/px4_msgs/share/px4_msgs/msg/ParameterSetUsedRequest.msg\n'}
[2.725003] (px4_msgs) StdoutLine: {'line': b'-- Up-to-date: /home/rschnurr/SkyClaw-Team1/ros2_ws/install/px4_msgs/share/px4_msgs/msg/ParameterSetValueRequest.msg\n'}
[2.725384] (px4_msgs) StdoutLine: {'line': b'-- Up-to-date: /home/rschnurr/SkyClaw-Team1/ros2_ws/install/px4_msgs/share/px4_msgs/msg/ParameterSetValueResponse.msg\n'}
[2.725620] (px4_msgs) StdoutLine: {'line': b'-- Up-to-date: /home/rschnurr/SkyClaw-Team1/ros2_ws/install/px4_msgs/share/px4_msgs/msg/ParameterUpdate.msg\n'}
[2.725978] (px4_msgs) StdoutLine: {'line': b'-- Up-to-date: /home/rschnurr/SkyClaw-Team1/ros2_ws/install/px4_msgs/share/px4_msgs/msg/Ping.msg\n'}
[2.726601] (px4_msgs) StdoutLine: {'line': b'-- Up-to-date: /home/rschnurr/SkyClaw-Team1/ros2_ws/install/px4_msgs/share/px4_msgs/msg/PositionControllerLandingStatus.msg\n'}
[2.726919] (px4_msgs) StdoutLine: {'line': b'-- Up-to-date: /home/rschnurr/SkyClaw-Team1/ros2_ws/install/px4_msgs/share/px4_msgs/msg/PositionControllerStatus.msg\n'}
[2.727172] (px4_msgs) StdoutLine: {'line': b'-- Up-to-date: /home/rschnurr/SkyClaw-Team1/ros2_ws/install/px4_msgs/share/px4_msgs/msg/PositionSetpoint.msg\n'}
[2.727647] (px4_msgs) StdoutLine: {'line': b'-- Up-to-date: /home/rschnurr/SkyClaw-Team1/ros2_ws/install/px4_msgs/share/px4_msgs/msg/PositionSetpointTriplet.msg\n'}
[2.728113] (px4_msgs) StdoutLine: {'line': b'-- Up-to-date: /home/rschnurr/SkyClaw-Team1/ros2_ws/install/px4_msgs/share/px4_msgs/msg/PowerButtonState.msg\n'}
[2.728552] (px4_msgs) StdoutLine: {'line': b'-- Up-to-date: /home/rschnurr/SkyClaw-Team1/ros2_ws/install/px4_msgs/share/px4_msgs/msg/PowerMonitor.msg\n'}
[2.728926] (px4_msgs) StdoutLine: {'line': b'-- Up-to-date: /home/rschnurr/SkyClaw-Team1/ros2_ws/install/px4_msgs/share/px4_msgs/msg/PpsCapture.msg\n'}
[2.729388] (px4_msgs) StdoutLine: {'line': b'-- Up-to-date: /home/rschnurr/SkyClaw-Team1/ros2_ws/install/px4_msgs/share/px4_msgs/msg/PurePursuitStatus.msg\n'}
[2.729775] (px4_msgs) StdoutLine: {'line': b'-- Up-to-date: /home/rschnurr/SkyClaw-Team1/ros2_ws/install/px4_msgs/share/px4_msgs/msg/PwmInput.msg\n'}
[2.729936] (px4_msgs) StdoutLine: {'line': b'-- Up-to-date: /home/rschnurr/SkyClaw-Team1/ros2_ws/install/px4_msgs/share/px4_msgs/msg/Px4ioStatus.msg\n'}
[2.730252] (px4_msgs) StdoutLine: {'line': b'-- Up-to-date: /home/rschnurr/SkyClaw-Team1/ros2_ws/install/px4_msgs/share/px4_msgs/msg/QshellReq.msg\n'}
[2.731357] (px4_msgs) StdoutLine: {'line': b'-- Up-to-date: /home/rschnurr/SkyClaw-Team1/ros2_ws/install/px4_msgs/share/px4_msgs/msg/QshellRetval.msg\n'}
[2.731428] (px4_msgs) StdoutLine: {'line': b'-- Up-to-date: /home/rschnurr/SkyClaw-Team1/ros2_ws/install/px4_msgs/share/px4_msgs/msg/RadioStatus.msg\n'}
[2.731565] (px4_msgs) StdoutLine: {'line': b'-- Up-to-date: /home/rschnurr/SkyClaw-Team1/ros2_ws/install/px4_msgs/share/px4_msgs/msg/RateCtrlStatus.msg\n'}
[2.731791] (px4_msgs) StdoutLine: {'line': b'-- Up-to-date: /home/rschnurr/SkyClaw-Team1/ros2_ws/install/px4_msgs/share/px4_msgs/msg/RcChannels.msg\n'}
[2.731855] (px4_msgs) StdoutLine: {'line': b'-- Up-to-date: /home/rschnurr/SkyClaw-Team1/ros2_ws/install/px4_msgs/share/px4_msgs/msg/RcParameterMap.msg\n'}
[2.732304] (px4_msgs) StdoutLine: {'line': b'-- Up-to-date: /home/rschnurr/SkyClaw-Team1/ros2_ws/install/px4_msgs/share/px4_msgs/msg/RegisterExtComponentReply.msg\n'}
[2.732559] (px4_msgs) StdoutLine: {'line': b'-- Up-to-date: /home/rschnurr/SkyClaw-Team1/ros2_ws/install/px4_msgs/share/px4_msgs/msg/RegisterExtComponentRequest.msg\n'}
[2.732859] (px4_msgs) StdoutLine: {'line': b'-- Up-to-date: /home/rschnurr/SkyClaw-Team1/ros2_ws/install/px4_msgs/share/px4_msgs/msg/RoverAttitudeSetpoint.msg\n'}
[2.733140] (px4_msgs) StdoutLine: {'line': b'-- Up-to-date: /home/rschnurr/SkyClaw-Team1/ros2_ws/install/px4_msgs/share/px4_msgs/msg/RoverAttitudeStatus.msg\n'}
[2.733416] (px4_msgs) StdoutLine: {'line': b'-- Up-to-date: /home/rschnurr/SkyClaw-Team1/ros2_ws/install/px4_msgs/share/px4_msgs/msg/RoverPositionSetpoint.msg\n'}
[2.733792] (px4_msgs) StdoutLine: {'line': b'-- Up-to-date: /home/rschnurr/SkyClaw-Team1/ros2_ws/install/px4_msgs/share/px4_msgs/msg/RoverRateSetpoint.msg\n'}
[2.734454] (px4_msgs) StdoutLine: {'line': b'-- Up-to-date: /home/rschnurr/SkyClaw-Team1/ros2_ws/install/px4_msgs/share/px4_msgs/msg/RoverRateStatus.msg\n'}
[2.734661] (px4_msgs) StdoutLine: {'line': b'-- Up-to-date: /home/rschnurr/SkyClaw-Team1/ros2_ws/install/px4_msgs/share/px4_msgs/msg/RoverSpeedSetpoint.msg\n'}
[2.735026] (px4_msgs) StdoutLine: {'line': b'-- Up-to-date: /home/rschnurr/SkyClaw-Team1/ros2_ws/install/px4_msgs/share/px4_msgs/msg/RoverSpeedStatus.msg\n'}
[2.735327] (px4_msgs) StdoutLine: {'line': b'-- Up-to-date: /home/rschnurr/SkyClaw-Team1/ros2_ws/install/px4_msgs/share/px4_msgs/msg/RoverSteeringSetpoint.msg\n'}
[2.735627] (px4_msgs) StdoutLine: {'line': b'-- Up-to-date: /home/rschnurr/SkyClaw-Team1/ros2_ws/install/px4_msgs/share/px4_msgs/msg/RoverThrottleSetpoint.msg\n'}
[2.735871] (px4_msgs) StdoutLine: {'line': b'-- Up-to-date: /home/rschnurr/SkyClaw-Team1/ros2_ws/install/px4_msgs/share/px4_msgs/msg/Rpm.msg\n'}
[2.736186] (px4_msgs) StdoutLine: {'line': b'-- Up-to-date: /home/rschnurr/SkyClaw-Team1/ros2_ws/install/px4_msgs/share/px4_msgs/msg/RtlStatus.msg\n'}
[2.736671] (px4_msgs) StdoutLine: {'line': b'-- Up-to-date: /home/rschnurr/SkyClaw-Team1/ros2_ws/install/px4_msgs/share/px4_msgs/msg/RtlTimeEstimate.msg\n'}
[2.736810] (px4_msgs) StdoutLine: {'line': b'-- Up-to-date: /home/rschnurr/SkyClaw-Team1/ros2_ws/install/px4_msgs/share/px4_msgs/msg/SatelliteInfo.msg\n'}
[2.737071] (px4_msgs) StdoutLine: {'line': b'-- Up-to-date: /home/rschnurr/SkyClaw-Team1/ros2_ws/install/px4_msgs/share/px4_msgs/msg/SensorAccel.msg\n'}
[2.737489] (px4_msgs) StdoutLine: {'line': b'-- Up-to-date: /home/rschnurr/SkyClaw-Team1/ros2_ws/install/px4_msgs/share/px4_msgs/msg/SensorAccelFifo.msg\n'}
[2.737818] (px4_msgs) StdoutLine: {'line': b'-- Up-to-date: /home/rschnurr/SkyClaw-Team1/ros2_ws/install/px4_msgs/share/px4_msgs/msg/SensorAirflow.msg\n'}
[2.738104] (px4_msgs) StdoutLine: {'line': b'-- Up-to-date: /home/rschnurr/SkyClaw-Team1/ros2_ws/install/px4_msgs/share/px4_msgs/msg/SensorBaro.msg\n'}
[2.739328] (px4_msgs) StdoutLine: {'line': b'-- Up-to-date: /home/rschnurr/SkyClaw-Team1/ros2_ws/install/px4_msgs/share/px4_msgs/msg/SensorCombined.msg\n'}
[2.739627] (px4_msgs) StdoutLine: {'line': b'-- Up-to-date: /home/rschnurr/SkyClaw-Team1/ros2_ws/install/px4_msgs/share/px4_msgs/msg/SensorCorrection.msg\n'}
[2.739745] (px4_msgs) StdoutLine: {'line': b'-- Up-to-date: /home/rschnurr/SkyClaw-Team1/ros2_ws/install/px4_msgs/share/px4_msgs/msg/SensorGnssRelative.msg\n'}
[2.740200] (px4_msgs) StdoutLine: {'line': b'-- Up-to-date: /home/rschnurr/SkyClaw-Team1/ros2_ws/install/px4_msgs/share/px4_msgs/msg/SensorGnssStatus.msg\n'}
[2.740529] (px4_msgs) StdoutLine: {'line': b'-- Up-to-date: /home/rschnurr/SkyClaw-Team1/ros2_ws/install/px4_msgs/share/px4_msgs/msg/SensorGps.msg\n'}
[2.741198] (px4_msgs) StdoutLine: {'line': b'-- Up-to-date: /home/rschnurr/SkyClaw-Team1/ros2_ws/install/px4_msgs/share/px4_msgs/msg/SensorGyro.msg\n'}
[2.741667] (px4_msgs) StdoutLine: {'line': b'-- Up-to-date: /home/rschnurr/SkyClaw-Team1/ros2_ws/install/px4_msgs/share/px4_msgs/msg/SensorGyroFft.msg\n'}
[2.742079] (px4_msgs) StdoutLine: {'line': b'-- Up-to-date: /home/rschnurr/SkyClaw-Team1/ros2_ws/install/px4_msgs/share/px4_msgs/msg/SensorGyroFifo.msg\n'}
[2.742395] (px4_msgs) StdoutLine: {'line': b'-- Up-to-date: /home/rschnurr/SkyClaw-Team1/ros2_ws/install/px4_msgs/share/px4_msgs/msg/SensorHygrometer.msg\n'}
[2.742930] (px4_msgs) StdoutLine: {'line': b'-- Up-to-date: /home/rschnurr/SkyClaw-Team1/ros2_ws/install/px4_msgs/share/px4_msgs/msg/SensorMag.msg\n'}
[2.743496] (px4_msgs) StdoutLine: {'line': b'-- Up-to-date: /home/rschnurr/SkyClaw-Team1/ros2_ws/install/px4_msgs/share/px4_msgs/msg/SensorOpticalFlow.msg\n'}
[2.743775] (px4_msgs) StdoutLine: {'line': b'-- Up-to-date: /home/rschnurr/SkyClaw-Team1/ros2_ws/install/px4_msgs/share/px4_msgs/msg/SensorPreflightMag.msg\n'}
[2.744009] (px4_msgs) StdoutLine: {'line': b'-- Up-to-date: /home/rschnurr/SkyClaw-Team1/ros2_ws/install/px4_msgs/share/px4_msgs/msg/SensorSelection.msg\n'}
[2.744306] (px4_msgs) StdoutLine: {'line': b'-- Up-to-date: /home/rschnurr/SkyClaw-Team1/ros2_ws/install/px4_msgs/share/px4_msgs/msg/SensorUwb.msg\n'}
[2.744567] (px4_msgs) StdoutLine: {'line': b'-- Up-to-date: /home/rschnurr/SkyClaw-Team1/ros2_ws/install/px4_msgs/share/px4_msgs/msg/SensorsStatus.msg\n'}
[2.744837] (px4_msgs) StdoutLine: {'line': b'-- Up-to-date: /home/rschnurr/SkyClaw-Team1/ros2_ws/install/px4_msgs/share/px4_msgs/msg/SensorsStatusImu.msg\n'}
[2.745113] (px4_msgs) StdoutLine: {'line': b'-- Up-to-date: /home/rschnurr/SkyClaw-Team1/ros2_ws/install/px4_msgs/share/px4_msgs/msg/SystemPower.msg\n'}
[2.745422] (px4_msgs) StdoutLine: {'line': b'-- Up-to-date: /home/rschnurr/SkyClaw-Team1/ros2_ws/install/px4_msgs/share/px4_msgs/msg/TakeoffStatus.msg\n'}
[2.746085] (px4_msgs) StdoutLine: {'line': b'-- Up-to-date: /home/rschnurr/SkyClaw-Team1/ros2_ws/install/px4_msgs/share/px4_msgs/msg/TaskStackInfo.msg\n'}
[2.746718] (px4_msgs) StdoutLine: {'line': b'-- Up-to-date: /home/rschnurr/SkyClaw-Team1/ros2_ws/install/px4_msgs/share/px4_msgs/msg/TecsStatus.msg\n'}
[2.747079] (px4_msgs) StdoutLine: {'line': b'-- Up-to-date: /home/rschnurr/SkyClaw-Team1/ros2_ws/install/px4_msgs/share/px4_msgs/msg/TelemetryStatus.msg\n'}
[2.747273] (px4_msgs) StdoutLine: {'line': b'-- Up-to-date: /home/rschnurr/SkyClaw-Team1/ros2_ws/install/px4_msgs/share/px4_msgs/msg/TiltrotorExtraControls.msg\n'}
[2.747536] (px4_msgs) StdoutLine: {'line': b'-- Up-to-date: /home/rschnurr/SkyClaw-Team1/ros2_ws/install/px4_msgs/share/px4_msgs/msg/TimesyncStatus.msg\n'}
[2.748085] (px4_msgs) StdoutLine: {'line': b'-- Up-to-date: /home/rschnurr/SkyClaw-Team1/ros2_ws/install/px4_msgs/share/px4_msgs/msg/TrajectorySetpoint.msg\n'}
[2.748456] (px4_msgs) StdoutLine: {'line': b'-- Up-to-date: /home/rschnurr/SkyClaw-Team1/ros2_ws/install/px4_msgs/share/px4_msgs/msg/TrajectorySetpoint6dof.msg\n'}
[2.748699] (px4_msgs) StdoutLine: {'line': b'-- Up-to-date: /home/rschnurr/SkyClaw-Team1/ros2_ws/install/px4_msgs/share/px4_msgs/msg/TransponderReport.msg\n'}
[2.749000] (px4_msgs) StdoutLine: {'line': b'-- Up-to-date: /home/rschnurr/SkyClaw-Team1/ros2_ws/install/px4_msgs/share/px4_msgs/msg/TuneControl.msg\n'}
[2.749269] (px4_msgs) StdoutLine: {'line': b'-- Up-to-date: /home/rschnurr/SkyClaw-Team1/ros2_ws/install/px4_msgs/share/px4_msgs/msg/UavcanParameterRequest.msg\n'}
[2.749494] (px4_msgs) StdoutLine: {'line': b'-- Up-to-date: /home/rschnurr/SkyClaw-Team1/ros2_ws/install/px4_msgs/share/px4_msgs/msg/UavcanParameterValue.msg\n'}
[2.749828] (px4_msgs) StdoutLine: {'line': b'-- Up-to-date: /home/rschnurr/SkyClaw-Team1/ros2_ws/install/px4_msgs/share/px4_msgs/msg/UlogStream.msg\n'}
[2.750170] (px4_msgs) StdoutLine: {'line': b'-- Up-to-date: /home/rschnurr/SkyClaw-Team1/ros2_ws/install/px4_msgs/share/px4_msgs/msg/UlogStreamAck.msg\n'}
[2.750555] (px4_msgs) StdoutLine: {'line': b'-- Up-to-date: /home/rschnurr/SkyClaw-Team1/ros2_ws/install/px4_msgs/share/px4_msgs/msg/UnregisterExtComponent.msg\n'}
[2.750855] (px4_msgs) StdoutLine: {'line': b'-- Up-to-date: /home/rschnurr/SkyClaw-Team1/ros2_ws/install/px4_msgs/share/px4_msgs/msg/VehicleAcceleration.msg\n'}
[2.751230] (px4_msgs) StdoutLine: {'line': b'-- Up-to-date: /home/rschnurr/SkyClaw-Team1/ros2_ws/install/px4_msgs/share/px4_msgs/msg/VehicleAirData.msg\n'}
[2.751565] (px4_msgs) StdoutLine: {'line': b'-- Up-to-date: /home/rschnurr/SkyClaw-Team1/ros2_ws/install/px4_msgs/share/px4_msgs/msg/VehicleAngularAccelerationSetpoint.msg\n'}
[2.751869] (px4_msgs) StdoutLine: {'line': b'-- Up-to-date: /home/rschnurr/SkyClaw-Team1/ros2_ws/install/px4_msgs/share/px4_msgs/msg/VehicleAngularVelocity.msg\n'}
[2.752158] (px4_msgs) StdoutLine: {'line': b'-- Up-to-date: /home/rschnurr/SkyClaw-Team1/ros2_ws/install/px4_msgs/share/px4_msgs/msg/VehicleAttitude.msg\n'}
[2.752372] (px4_msgs) StdoutLine: {'line': b'-- Up-to-date: /home/rschnurr/SkyClaw-Team1/ros2_ws/install/px4_msgs/share/px4_msgs/msg/VehicleAttitudeSetpoint.msg\n'}
[2.752658] (px4_msgs) StdoutLine: {'line': b'-- Up-to-date: /home/rschnurr/SkyClaw-Team1/ros2_ws/install/px4_msgs/share/px4_msgs/msg/VehicleCommand.msg\n'}
[2.752891] (px4_msgs) StdoutLine: {'line': b'-- Up-to-date: /home/rschnurr/SkyClaw-Team1/ros2_ws/install/px4_msgs/share/px4_msgs/msg/VehicleCommandAck.msg\n'}
[2.753099] (px4_msgs) StdoutLine: {'line': b'-- Up-to-date: /home/rschnurr/SkyClaw-Team1/ros2_ws/install/px4_msgs/share/px4_msgs/msg/VehicleConstraints.msg\n'}
[2.753409] (px4_msgs) StdoutLine: {'line': b'-- Up-to-date: /home/rschnurr/SkyClaw-Team1/ros2_ws/install/px4_msgs/share/px4_msgs/msg/VehicleControlMode.msg\n'}
[2.753837] (px4_msgs) StdoutLine: {'line': b'-- Up-to-date: /home/rschnurr/SkyClaw-Team1/ros2_ws/install/px4_msgs/share/px4_msgs/msg/VehicleGlobalPosition.msg\n'}
[2.754162] (px4_msgs) StdoutLine: {'line': b'-- Up-to-date: /home/rschnurr/SkyClaw-Team1/ros2_ws/install/px4_msgs/share/px4_msgs/msg/VehicleImu.msg\n'}
[2.754421] (px4_msgs) StdoutLine: {'line': b'-- Up-to-date: /home/rschnurr/SkyClaw-Team1/ros2_ws/install/px4_msgs/share/px4_msgs/msg/VehicleImuStatus.msg\n'}
[2.754919] (px4_msgs) StdoutLine: {'line': b'-- Up-to-date: /home/rschnurr/SkyClaw-Team1/ros2_ws/install/px4_msgs/share/px4_msgs/msg/VehicleLandDetected.msg\n'}
[2.755506] (px4_msgs) StdoutLine: {'line': b'-- Up-to-date: /home/rschnurr/SkyClaw-Team1/ros2_ws/install/px4_msgs/share/px4_msgs/msg/VehicleLocalPosition.msg\n'}
[2.756028] (px4_msgs) StdoutLine: {'line': b'-- Up-to-date: /home/rschnurr/SkyClaw-Team1/ros2_ws/install/px4_msgs/share/px4_msgs/msg/VehicleLocalPositionSetpoint.msg\n'}
[2.756319] (px4_msgs) StdoutLine: {'line': b'-- Up-to-date: /home/rschnurr/SkyClaw-Team1/ros2_ws/install/px4_msgs/share/px4_msgs/msg/VehicleMagnetometer.msg\n'}
[2.757205] (px4_msgs) StdoutLine: {'line': b'-- Up-to-date: /home/rschnurr/SkyClaw-Team1/ros2_ws/install/px4_msgs/share/px4_msgs/msg/VehicleOdometry.msg\n'}
[2.757921] (px4_msgs) StdoutLine: {'line': b'-- Up-to-date: /home/rschnurr/SkyClaw-Team1/ros2_ws/install/px4_msgs/share/px4_msgs/msg/VehicleOpticalFlow.msg\n'}
[2.759022] (px4_msgs) StdoutLine: {'line': b'-- Up-to-date: /home/rschnurr/SkyClaw-Team1/ros2_ws/install/px4_msgs/share/px4_msgs/msg/VehicleOpticalFlowVel.msg\n'}
[2.759755] (px4_msgs) StdoutLine: {'line': b'-- Up-to-date: /home/rschnurr/SkyClaw-Team1/ros2_ws/install/px4_msgs/share/px4_msgs/msg/VehicleRatesSetpoint.msg\n'}
[2.760447] (px4_msgs) StdoutLine: {'line': b'-- Up-to-date: /home/rschnurr/SkyClaw-Team1/ros2_ws/install/px4_msgs/share/px4_msgs/msg/VehicleRoi.msg\n'}
[2.760844] (px4_msgs) StdoutLine: {'line': b'-- Up-to-date: /home/rschnurr/SkyClaw-Team1/ros2_ws/install/px4_msgs/share/px4_msgs/msg/VehicleStatus.msg\n'}
[2.761144] (px4_msgs) StdoutLine: {'line': b'-- Up-to-date: /home/rschnurr/SkyClaw-Team1/ros2_ws/install/px4_msgs/share/px4_msgs/msg/VehicleThrustSetpoint.msg\n'}
[2.761488] (px4_msgs) StdoutLine: {'line': b'-- Up-to-date: /home/rschnurr/SkyClaw-Team1/ros2_ws/install/px4_msgs/share/px4_msgs/msg/VehicleTorqueSetpoint.msg\n'}
[2.761869] (px4_msgs) StdoutLine: {'line': b'-- Up-to-date: /home/rschnurr/SkyClaw-Team1/ros2_ws/install/px4_msgs/share/px4_msgs/msg/VelocityLimits.msg\n'}
[2.762415] (px4_msgs) StdoutLine: {'line': b'-- Up-to-date: /home/rschnurr/SkyClaw-Team1/ros2_ws/install/px4_msgs/share/px4_msgs/msg/VtolVehicleStatus.msg\n'}
[2.762866] (px4_msgs) StdoutLine: {'line': b'-- Up-to-date: /home/rschnurr/SkyClaw-Team1/ros2_ws/install/px4_msgs/share/px4_msgs/msg/WheelEncoders.msg\n'}
[2.763297] (px4_msgs) StdoutLine: {'line': b'-- Up-to-date: /home/rschnurr/SkyClaw-Team1/ros2_ws/install/px4_msgs/share/px4_msgs/msg/Wind.msg\n'}
[2.764260] (px4_msgs) StdoutLine: {'line': b'-- Up-to-date: /home/rschnurr/SkyClaw-Team1/ros2_ws/install/px4_msgs/share/px4_msgs/msg/YawEstimatorStatus.msg\n'}
[2.764488] (px4_msgs) StdoutLine: {'line': b'-- Up-to-date: /home/rschnurr/SkyClaw-Team1/ros2_ws/install/px4_msgs/share/px4_msgs/srv/VehicleCommand.srv\n'}
[2.764691] (px4_msgs) StdoutLine: {'line': b'-- Up-to-date: /home/rschnurr/SkyClaw-Team1/ros2_ws/install/px4_msgs/share/px4_msgs/srv/VehicleCommand_Request.msg\n'}
[2.764953] (px4_msgs) StdoutLine: {'line': b'-- Up-to-date: /home/rschnurr/SkyClaw-Team1/ros2_ws/install/px4_msgs/share/px4_msgs/srv/VehicleCommand_Response.msg\n'}
[2.765342] (px4_msgs) StdoutLine: {'line': b'-- Up-to-date: /home/rschnurr/SkyClaw-Team1/ros2_ws/install/px4_msgs/share/ament_index/resource_index/package_run_dependencies/px4_msgs\n'}
[2.765806] (px4_msgs) StdoutLine: {'line': b'-- Up-to-date: /home/rschnurr/SkyClaw-Team1/ros2_ws/install/px4_msgs/share/ament_index/resource_index/parent_prefix_path/px4_msgs\n'}
[2.766251] (px4_msgs) StdoutLine: {'line': b'-- Up-to-date: /home/rschnurr/SkyClaw-Team1/ros2_ws/install/px4_msgs/share/px4_msgs/environment/ament_prefix_path.sh\n'}
[2.766647] (px4_msgs) StdoutLine: {'line': b'-- Up-to-date: /home/rschnurr/SkyClaw-Team1/ros2_ws/install/px4_msgs/share/px4_msgs/environment/ament_prefix_path.dsv\n'}
[2.766949] (px4_msgs) StdoutLine: {'line': b'-- Up-to-date: /home/rschnurr/SkyClaw-Team1/ros2_ws/install/px4_msgs/share/px4_msgs/environment/path.sh\n'}
[2.767470] (px4_msgs) StdoutLine: {'line': b'-- Up-to-date: /home/rschnurr/SkyClaw-Team1/ros2_ws/install/px4_msgs/share/px4_msgs/environment/path.dsv\n'}
[2.767652] (px4_msgs) StdoutLine: {'line': b'-- Up-to-date: /home/rschnurr/SkyClaw-Team1/ros2_ws/install/px4_msgs/share/px4_msgs/local_setup.bash\n'}
[2.767885] (px4_msgs) StdoutLine: {'line': b'-- Up-to-date: /home/rschnurr/SkyClaw-Team1/ros2_ws/install/px4_msgs/share/px4_msgs/local_setup.sh\n'}
[2.768211] (px4_msgs) StdoutLine: {'line': b'-- Up-to-date: /home/rschnurr/SkyClaw-Team1/ros2_ws/install/px4_msgs/share/px4_msgs/local_setup.zsh\n'}
[2.768554] (px4_msgs) StdoutLine: {'line': b'-- Up-to-date: /home/rschnurr/SkyClaw-Team1/ros2_ws/install/px4_msgs/share/px4_msgs/local_setup.dsv\n'}
[2.768887] (px4_msgs) StdoutLine: {'line': b'-- Installing: /home/rschnurr/SkyClaw-Team1/ros2_ws/install/px4_msgs/share/px4_msgs/package.dsv\n'}
[2.771966] (px4_msgs) StdoutLine: {'line': b'-- Up-to-date: /home/rschnurr/SkyClaw-Team1/ros2_ws/install/px4_msgs/share/ament_index/resource_index/packages/px4_msgs\n'}
[2.773896] (px4_msgs) StdoutLine: {'line': b'-- Up-to-date: /home/rschnurr/SkyClaw-Team1/ros2_ws/install/px4_msgs/share/px4_msgs/cmake/export_px4_msgs__rosidl_generator_cExport.cmake\n'}
[2.775553] (px4_msgs) StdoutLine: {'line': b'-- Up-to-date: /home/rschnurr/SkyClaw-Team1/ros2_ws/install/px4_msgs/share/px4_msgs/cmake/export_px4_msgs__rosidl_generator_cExport-noconfig.cmake\n'}
[2.778243] (px4_msgs) StdoutLine: {'line': b'-- Up-to-date: /home/rschnurr/SkyClaw-Team1/ros2_ws/install/px4_msgs/share/px4_msgs/cmake/export_px4_msgs__rosidl_typesupport_fastrtps_cExport.cmake\n'}
[2.779096] (px4_msgs) StdoutLine: {'line': b'-- Up-to-date: /home/rschnurr/SkyClaw-Team1/ros2_ws/install/px4_msgs/share/px4_msgs/cmake/export_px4_msgs__rosidl_typesupport_fastrtps_cExport-noconfig.cmake\n'}
[2.781023] (px4_msgs) StdoutLine: {'line': b'-- Up-to-date: /home/rschnurr/SkyClaw-Team1/ros2_ws/install/px4_msgs/share/px4_msgs/cmake/export_px4_msgs__rosidl_generator_cppExport.cmake\n'}
[2.782799] (px4_msgs) StdoutLine: {'line': b'-- Up-to-date: /home/rschnurr/SkyClaw-Team1/ros2_ws/install/px4_msgs/share/px4_msgs/cmake/export_px4_msgs__rosidl_typesupport_fastrtps_cppExport.cmake\n'}
[2.783212] (px4_msgs) StdoutLine: {'line': b'-- Up-to-date: /home/rschnurr/SkyClaw-Team1/ros2_ws/install/px4_msgs/share/px4_msgs/cmake/export_px4_msgs__rosidl_typesupport_fastrtps_cppExport-noconfig.cmake\n'}
[2.784645] (px4_msgs) StdoutLine: {'line': b'-- Up-to-date: /home/rschnurr/SkyClaw-Team1/ros2_ws/install/px4_msgs/share/px4_msgs/cmake/px4_msgs__rosidl_typesupport_introspection_cExport.cmake\n'}
[2.785124] (px4_msgs) StdoutLine: {'line': b'-- Up-to-date: /home/rschnurr/SkyClaw-Team1/ros2_ws/install/px4_msgs/share/px4_msgs/cmake/px4_msgs__rosidl_typesupport_introspection_cExport-noconfig.cmake\n'}
[2.786776] (px4_msgs) StdoutLine: {'line': b'-- Up-to-date: /home/rschnurr/SkyClaw-Team1/ros2_ws/install/px4_msgs/share/px4_msgs/cmake/px4_msgs__rosidl_typesupport_cExport.cmake\n'}
[2.787356] (px4_msgs) StdoutLine: {'line': b'-- Up-to-date: /home/rschnurr/SkyClaw-Team1/ros2_ws/install/px4_msgs/share/px4_msgs/cmake/px4_msgs__rosidl_typesupport_cExport-noconfig.cmake\n'}
[2.788166] (px4_msgs) StdoutLine: {'line': b'-- Up-to-date: /home/rschnurr/SkyClaw-Team1/ros2_ws/install/px4_msgs/share/px4_msgs/cmake/px4_msgs__rosidl_typesupport_introspection_cppExport.cmake\n'}
[2.788666] (px4_msgs) StdoutLine: {'line': b'-- Up-to-date: /home/rschnurr/SkyClaw-Team1/ros2_ws/install/px4_msgs/share/px4_msgs/cmake/px4_msgs__rosidl_typesupport_introspection_cppExport-noconfig.cmake\n'}
[2.789620] (px4_msgs) StdoutLine: {'line': b'-- Up-to-date: /home/rschnurr/SkyClaw-Team1/ros2_ws/install/px4_msgs/share/px4_msgs/cmake/px4_msgs__rosidl_typesupport_cppExport.cmake\n'}
[2.790096] (px4_msgs) StdoutLine: {'line': b'-- Up-to-date: /home/rschnurr/SkyClaw-Team1/ros2_ws/install/px4_msgs/share/px4_msgs/cmake/px4_msgs__rosidl_typesupport_cppExport-noconfig.cmake\n'}
[2.791324] (px4_msgs) StdoutLine: {'line': b'-- Up-to-date: /home/rschnurr/SkyClaw-Team1/ros2_ws/install/px4_msgs/share/px4_msgs/cmake/export_px4_msgs__rosidl_generator_pyExport.cmake\n'}
[2.791968] (px4_msgs) StdoutLine: {'line': b'-- Up-to-date: /home/rschnurr/SkyClaw-Team1/ros2_ws/install/px4_msgs/share/px4_msgs/cmake/export_px4_msgs__rosidl_generator_pyExport-noconfig.cmake\n'}
[2.793008] (px4_msgs) StdoutLine: {'line': b'-- Up-to-date: /home/rschnurr/SkyClaw-Team1/ros2_ws/install/px4_msgs/share/px4_msgs/cmake/rosidl_cmake-extras.cmake\n'}
[2.794035] (px4_msgs) StdoutLine: {'line': b'-- Up-to-date: /home/rschnurr/SkyClaw-Team1/ros2_ws/install/px4_msgs/share/px4_msgs/cmake/ament_cmake_export_dependencies-extras.cmake\n'}
[2.795452] (px4_msgs) StdoutLine: {'line': b'-- Up-to-date: /home/rschnurr/SkyClaw-Team1/ros2_ws/install/px4_msgs/share/px4_msgs/cmake/ament_cmake_export_include_directories-extras.cmake\n'}
[2.797046] (px4_msgs) StdoutLine: {'line': b'-- Up-to-date: /home/rschnurr/SkyClaw-Team1/ros2_ws/install/px4_msgs/share/px4_msgs/cmake/ament_cmake_export_libraries-extras.cmake\n'}
[2.797237] (px4_msgs) StdoutLine: {'line': b'-- Up-to-date: /home/rschnurr/SkyClaw-Team1/ros2_ws/install/px4_msgs/share/px4_msgs/cmake/ament_cmake_export_targets-extras.cmake\n'}
[2.798174] (px4_msgs) StdoutLine: {'line': b'-- Up-to-date: /home/rschnurr/SkyClaw-Team1/ros2_ws/install/px4_msgs/share/px4_msgs/cmake/rosidl_cmake_export_typesupport_targets-extras.cmake\n'}
[2.799075] (px4_msgs) StdoutLine: {'line': b'-- Up-to-date: /home/rschnurr/SkyClaw-Team1/ros2_ws/install/px4_msgs/share/px4_msgs/cmake/rosidl_cmake_export_typesupport_libraries-extras.cmake\n'}
[2.800026] (px4_msgs) StdoutLine: {'line': b'-- Up-to-date: /home/rschnurr/SkyClaw-Team1/ros2_ws/install/px4_msgs/share/px4_msgs/cmake/px4_msgsConfig.cmake\n'}
[2.800996] (px4_msgs) StdoutLine: {'line': b'-- Up-to-date: /home/rschnurr/SkyClaw-Team1/ros2_ws/install/px4_msgs/share/px4_msgs/cmake/px4_msgsConfig-version.cmake\n'}
[2.801104] (px4_msgs) StdoutLine: {'line': b'-- Up-to-date: /home/rschnurr/SkyClaw-Team1/ros2_ws/install/px4_msgs/share/px4_msgs/package.xml\n'}
[2.808130] (px4_msgs) CommandEnded: {'returncode': 0}
[2.809740] (-) TimerEvent: {}
[2.846013] (px4_msgs) JobEnded: {'identifier': 'px4_msgs', 'rc': 0}
[2.848068] (go_green) JobStarted: {'identifier': 'go_green'}
[2.857028] (px4_ros_com) JobStarted: {'identifier': 'px4_ros_com'}
[2.910867] (-) TimerEvent: {}
[3.011553] (-) TimerEvent: {}
[3.112396] (-) TimerEvent: {}
[3.196018] (px4_ros_com) JobProgress: {'identifier': 'px4_ros_com', 'progress': 'cmake'}
[3.197993] (px4_ros_com) JobProgress: {'identifier': 'px4_ros_com', 'progress': 'build'}
[3.200198] (px4_ros_com) Command: {'cmd': ['/usr/bin/cmake', '--build', '/home/rschnurr/SkyClaw-Team1/ros2_ws/build/px4_ros_com', '--', '-j16', '-l16'], 'cwd': '/home/rschnurr/SkyClaw-Team1/ros2_ws/build/px4_ros_com', 'env': OrderedDict([('LESSOPEN', '| /usr/bin/lesspipe %s'), ('USER', 'rschnurr'), ('SHLVL', '1'), ('LD_LIBRARY_PATH', '/home/rschnurr/SkyClaw-Team1/ros2_ws/install/px4_msgs/lib:/home/rschnurr/workspace_real/install/px4_ros_com/lib:/home/rschnurr/workspace_real/install/px4_msgs/lib:/usr/lib/x86_64-linux-gnu/gazebo-11/plugins:/opt/ros/humble/opt/rviz_ogre_vendor/lib:/opt/ros/humble/lib/x86_64-linux-gnu:/opt/ros/humble/lib'), ('MOTD_SHOWN', 'update-motd'), ('HOME', '/home/rschnurr'), ('OLDPWD', '/home/rschnurr'), ('ROS_PYTHON_VERSION', '3'), ('DBUS_SESSION_BUS_ADDRESS', 'unix:path=/run/user/1000/bus'), ('WSL_DISTRO_NAME', 'Ubuntu-22.04'), ('WAYLAND_DISPLAY', 'wayland-0'), ('COLCON_PREFIX_PATH', '/home/rschnurr/workspace_real/install'), ('ROS_DISTRO', 'humble'), ('LOGNAME', 'rschnurr'), ('NAME', 'Roberts-Laptop'), ('WSL_INTEROP', '/run/WSL/315_interop'), ('PULSE_SERVER', 'unix:/mnt/wslg/PulseServer'), ('_', '/usr/bin/colcon'), ('ROS_VERSION', '2'), ('TERM', 'xterm-256color'), ('PX4_SITL_WORLD', 'aruco_with_green'), ('ROS_LOCALHOST_ONLY', '0'), ('PATH', '/home/rschnurr/.local/bin:/opt/ros/humble/bin:/usr/local/sbin:/usr/local/bin:/usr/sbin:/usr/bin:/sbin:/bin:/usr/games:/usr/local/games:/usr/lib/wsl/lib:/mnt/c/Program Files/WindowsApps/MicrosoftCorporationII.WindowsSubsystemForLinux_2.6.1.0_x64__8wekyb3d8bbwe:/mnt/c/Program Files (x86)/Common Files/Oracle/Java/javapath:/mnt/c/Windows/system32:/mnt/c/Windows:/mnt/c/Windows/System32/Wbem:/mnt/c/Windows/System32/WindowsPowerShell/v1.0/:/mnt/c/Windows/System32/OpenSSH/:/mnt/c/Program Files/PuTTY/:/mnt/c/Users/rschn/AppData/Local/Microsoft/WindowsApps:/mnt/c/Users/rschn/AppData/Local/Programs/Microsoft VS Code/bin:/snap/bin:/opt/xtensa-esp-elf/bin/'), ('XDG_RUNTIME_DIR', '/run/user/1000/'), ('DISPLAY', ':0'), ('LANG', 'en_US.UTF-8'), ('LS_COLORS', 'rs=0:di=01;34:ln=01;36:mh=00:pi=40;33:so=01;35:do=01;35:bd=40;33;01:cd=40;33;01:or=40;31;01:mi=00:su=37;41:sg=30;43:ca=30;41:tw=30;42:ow=34;42:st=37;44:ex=01;32:*.tar=01;31:*.tgz=01;31:*.arc=01;31:*.arj=01;31:*.taz=01;31:*.lha=01;31:*.lz4=01;31:*.lzh=01;31:*.lzma=01;31:*.tlz=01;31:*.txz=01;31:*.tzo=01;31:*.t7z=01;31:*.zip=01;31:*.z=01;31:*.dz=01;31:*.gz=01;31:*.lrz=01;31:*.lz=01;31:*.lzo=01;31:*.xz=01;31:*.zst=01;31:*.tzst=01;31:*.bz2=01;31:*.bz=01;31:*.tbz=01;31:*.tbz2=01;31:*.tz=01;31:*.deb=01;31:*.rpm=01;31:*.jar=01;31:*.war=01;31:*.ear=01;31:*.sar=01;31:*.rar=01;31:*.alz=01;31:*.ace=01;31:*.zoo=01;31:*.cpio=01;31:*.7z=01;31:*.rz=01;31:*.cab=01;31:*.wim=01;31:*.swm=01;31:*.dwm=01;31:*.esd=01;31:*.jpg=01;35:*.jpeg=01;35:*.mjpg=01;35:*.mjpeg=01;35:*.gif=01;35:*.bmp=01;35:*.pbm=01;35:*.pgm=01;35:*.ppm=01;35:*.tga=01;35:*.xbm=01;35:*.xpm=01;35:*.tif=01;35:*.tiff=01;35:*.png=01;35:*.svg=01;35:*.svgz=01;35:*.mng=01;35:*.pcx=01;35:*.mov=01;35:*.mpg=01;35:*.mpeg=01;35:*.m2v=01;35:*.mkv=01;35:*.webm=01;35:*.webp=01;35:*.ogm=01;35:*.mp4=01;35:*.m4v=01;35:*.mp4v=01;35:*.vob=01;35:*.qt=01;35:*.nuv=01;35:*.wmv=01;35:*.asf=01;35:*.rm=01;35:*.rmvb=01;35:*.flc=01;35:*.avi=01;35:*.fli=01;35:*.flv=01;35:*.gl=01;35:*.dl=01;35:*.xcf=01;35:*.xwd=01;35:*.yuv=01;35:*.cgm=01;35:*.emf=01;35:*.ogv=01;35:*.ogx=01;35:*.aac=00;36:*.au=00;36:*.flac=00;36:*.m4a=00;36:*.mid=00;36:*.midi=00;36:*.mka=00;36:*.mp3=00;36:*.mpc=00;36:*.ogg=00;36:*.ra=00;36:*.wav=00;36:*.oga=00;36:*.opus=00;36:*.spx=00;36:*.xspf=00;36:'), ('AMENT_PREFIX_PATH', '/home/rschnurr/SkyClaw-Team1/ros2_ws/install/px4_msgs:/home/rschnurr/workspace_real/install/px4_ros_com:/home/rschnurr/workspace_real/install/go_green:/home/rschnurr/workspace_real/install/px4_msgs:/opt/ros/humble'), ('SHELL', '/bin/bash'), ('LESSCLOSE', '/usr/bin/lesspipe %s %s'), ('PWD', '/home/rschnurr/SkyClaw-Team1/ros2_ws/build/px4_ros_com'), ('GAZEBO_PLUGIN_PATH', ':/opt/ros/humble/lib'), ('XDG_DATA_DIRS', '/usr/local/share:/usr/share:/var/lib/snapd/desktop'), ('PYTHONPATH', '/home/rschnurr/SkyClaw-Team1/ros2_ws/install/px4_msgs/local/lib/python3.10/dist-packages:/home/rschnurr/workspace_real/install/px4_ros_com/local/lib/python3.10/dist-packages:/home/rschnurr/workspace_real/install/go_green/lib/python3.10/site-packages:/home/rschnurr/workspace_real/install/px4_msgs/local/lib/python3.10/dist-packages:/opt/ros/humble/lib/python3.10/site-packages:/opt/ros/humble/local/lib/python3.10/dist-packages'), ('COLCON', '1'), ('WSL2_GUI_APPS_ENABLED', '1'), ('HOSTTYPE', 'x86_64'), ('CMAKE_PREFIX_PATH', '/home/rschnurr/SkyClaw-Team1/ros2_ws/install/px4_msgs:/home/rschnurr/workspace_real/install/px4_ros_com:/home/rschnurr/workspace_real/install/px4_msgs:/home/rschnurr/workspace_real/install/go_green:/opt/ros/humble'), ('WSLENV', '')]), 'shell': False}
[3.213252] (-) TimerEvent: {}
[3.301749] (px4_ros_com) StdoutLine: {'line': b'\x1b[35m\x1b[1mConsolidate compiler generated dependencies of target frame_transforms\x1b[0m\n'}
[3.302512] (px4_ros_com) StdoutLine: {'line': b'\x1b[35m\x1b[1mConsolidate compiler generated dependencies of target sensor_combined_listener\x1b[0m\n'}
[3.304650] (px4_ros_com) StdoutLine: {'line': b'\x1b[35m\x1b[1mConsolidate compiler generated dependencies of target offboard_control\x1b[0m\n'}
[3.306132] (px4_ros_com) StdoutLine: {'line': b'\x1b[35m\x1b[1mConsolidate compiler generated dependencies of target debug_vect_advertiser\x1b[0m\n'}
[3.306871] (px4_ros_com) StdoutLine: {'line': b'\x1b[35m\x1b[1mConsolidate compiler generated dependencies of target offboard_control_srv\x1b[0m\n'}
[3.310304] (px4_ros_com) StdoutLine: {'line': b'\x1b[35m\x1b[1mConsolidate compiler generated dependencies of target vehicle_gps_position_listener\x1b[0m\n'}
[3.315206] (-) TimerEvent: {}
[3.344674] (px4_ros_com) StdoutLine: {'line': b'[ 16%] Built target frame_transforms\n'}
[3.347205] (px4_ros_com) StdoutLine: {'line': b'[ 16%] Built target ament_cmake_python_copy_px4_ros_com\n'}
[3.350240] (px4_ros_com) StdoutLine: {'line': b'[ 50%] Built target debug_vect_advertiser\n'}
[3.350630] (px4_ros_com) StdoutLine: {'line': b'[ 50%] Built target sensor_combined_listener\n'}
[3.352268] (px4_ros_com) StdoutLine: {'line': b'[ 66%] Built target offboard_control\n'}
[3.353619] (px4_ros_com) StdoutLine: {'line': b'[ 83%] Built target vehicle_gps_position_listener\n'}
[3.354505] (px4_ros_com) StdoutLine: {'line': b'[100%] Built target offboard_control_srv\n'}
[3.415367] (-) TimerEvent: {}
[3.516117] (-) TimerEvent: {}
[3.617249] (-) TimerEvent: {}
[3.644963] (px4_ros_com) StdoutLine: {'line': b'running egg_info\n'}
[3.659283] (px4_ros_com) StdoutLine: {'line': b'writing px4_ros_com.egg-info/PKG-INFO\n'}
[3.662176] (px4_ros_com) StdoutLine: {'line': b'writing dependency_links to px4_ros_com.egg-info/dependency_links.txt\n'}
[3.662798] (px4_ros_com) StdoutLine: {'line': b'writing top-level names to px4_ros_com.egg-info/top_level.txt\n'}
[3.699360] (px4_ros_com) StdoutLine: {'line': b"reading manifest file 'px4_ros_com.egg-info/SOURCES.txt'\n"}
[3.700836] (px4_ros_com) StdoutLine: {'line': b"writing manifest file 'px4_ros_com.egg-info/SOURCES.txt'\n"}
[3.717732] (-) TimerEvent: {}
[3.762953] (px4_ros_com) StdoutLine: {'line': b'[100%] Built target ament_cmake_python_build_px4_ros_com_egg\n'}
[3.783114] (px4_ros_com) CommandEnded: {'returncode': 0}
[3.785583] (px4_ros_com) JobProgress: {'identifier': 'px4_ros_com', 'progress': 'install'}
[3.786137] (px4_ros_com) Command: {'cmd': ['/usr/bin/cmake', '--install', '/home/rschnurr/SkyClaw-Team1/ros2_ws/build/px4_ros_com'], 'cwd': '/home/rschnurr/SkyClaw-Team1/ros2_ws/build/px4_ros_com', 'env': OrderedDict([('LESSOPEN', '| /usr/bin/lesspipe %s'), ('USER', 'rschnurr'), ('SHLVL', '1'), ('LD_LIBRARY_PATH', '/home/rschnurr/SkyClaw-Team1/ros2_ws/install/px4_msgs/lib:/home/rschnurr/workspace_real/install/px4_ros_com/lib:/home/rschnurr/workspace_real/install/px4_msgs/lib:/usr/lib/x86_64-linux-gnu/gazebo-11/plugins:/opt/ros/humble/opt/rviz_ogre_vendor/lib:/opt/ros/humble/lib/x86_64-linux-gnu:/opt/ros/humble/lib'), ('MOTD_SHOWN', 'update-motd'), ('HOME', '/home/rschnurr'), ('OLDPWD', '/home/rschnurr'), ('ROS_PYTHON_VERSION', '3'), ('DBUS_SESSION_BUS_ADDRESS', 'unix:path=/run/user/1000/bus'), ('WSL_DISTRO_NAME', 'Ubuntu-22.04'), ('WAYLAND_DISPLAY', 'wayland-0'), ('COLCON_PREFIX_PATH', '/home/rschnurr/workspace_real/install'), ('ROS_DISTRO', 'humble'), ('LOGNAME', 'rschnurr'), ('NAME', 'Roberts-Laptop'), ('WSL_INTEROP', '/run/WSL/315_interop'), ('PULSE_SERVER', 'unix:/mnt/wslg/PulseServer'), ('_', '/usr/bin/colcon'), ('ROS_VERSION', '2'), ('TERM', 'xterm-256color'), ('PX4_SITL_WORLD', 'aruco_with_green'), ('ROS_LOCALHOST_ONLY', '0'), ('PATH', '/home/rschnurr/.local/bin:/opt/ros/humble/bin:/usr/local/sbin:/usr/local/bin:/usr/sbin:/usr/bin:/sbin:/bin:/usr/games:/usr/local/games:/usr/lib/wsl/lib:/mnt/c/Program Files/WindowsApps/MicrosoftCorporationII.WindowsSubsystemForLinux_2.6.1.0_x64__8wekyb3d8bbwe:/mnt/c/Program Files (x86)/Common Files/Oracle/Java/javapath:/mnt/c/Windows/system32:/mnt/c/Windows:/mnt/c/Windows/System32/Wbem:/mnt/c/Windows/System32/WindowsPowerShell/v1.0/:/mnt/c/Windows/System32/OpenSSH/:/mnt/c/Program Files/PuTTY/:/mnt/c/Users/rschn/AppData/Local/Microsoft/WindowsApps:/mnt/c/Users/rschn/AppData/Local/Programs/Microsoft VS Code/bin:/snap/bin:/opt/xtensa-esp-elf/bin/'), ('XDG_RUNTIME_DIR', '/run/user/1000/'), ('DISPLAY', ':0'), ('LANG', 'en_US.UTF-8'), ('LS_COLORS', 'rs=0:di=01;34:ln=01;36:mh=00:pi=40;33:so=01;35:do=01;35:bd=40;33;01:cd=40;33;01:or=40;31;01:mi=00:su=37;41:sg=30;43:ca=30;41:tw=30;42:ow=34;42:st=37;44:ex=01;32:*.tar=01;31:*.tgz=01;31:*.arc=01;31:*.arj=01;31:*.taz=01;31:*.lha=01;31:*.lz4=01;31:*.lzh=01;31:*.lzma=01;31:*.tlz=01;31:*.txz=01;31:*.tzo=01;31:*.t7z=01;31:*.zip=01;31:*.z=01;31:*.dz=01;31:*.gz=01;31:*.lrz=01;31:*.lz=01;31:*.lzo=01;31:*.xz=01;31:*.zst=01;31:*.tzst=01;31:*.bz2=01;31:*.bz=01;31:*.tbz=01;31:*.tbz2=01;31:*.tz=01;31:*.deb=01;31:*.rpm=01;31:*.jar=01;31:*.war=01;31:*.ear=01;31:*.sar=01;31:*.rar=01;31:*.alz=01;31:*.ace=01;31:*.zoo=01;31:*.cpio=01;31:*.7z=01;31:*.rz=01;31:*.cab=01;31:*.wim=01;31:*.swm=01;31:*.dwm=01;31:*.esd=01;31:*.jpg=01;35:*.jpeg=01;35:*.mjpg=01;35:*.mjpeg=01;35:*.gif=01;35:*.bmp=01;35:*.pbm=01;35:*.pgm=01;35:*.ppm=01;35:*.tga=01;35:*.xbm=01;35:*.xpm=01;35:*.tif=01;35:*.tiff=01;35:*.png=01;35:*.svg=01;35:*.svgz=01;35:*.mng=01;35:*.pcx=01;35:*.mov=01;35:*.mpg=01;35:*.mpeg=01;35:*.m2v=01;35:*.mkv=01;35:*.webm=01;35:*.webp=01;35:*.ogm=01;35:*.mp4=01;35:*.m4v=01;35:*.mp4v=01;35:*.vob=01;35:*.qt=01;35:*.nuv=01;35:*.wmv=01;35:*.asf=01;35:*.rm=01;35:*.rmvb=01;35:*.flc=01;35:*.avi=01;35:*.fli=01;35:*.flv=01;35:*.gl=01;35:*.dl=01;35:*.xcf=01;35:*.xwd=01;35:*.yuv=01;35:*.cgm=01;35:*.emf=01;35:*.ogv=01;35:*.ogx=01;35:*.aac=00;36:*.au=00;36:*.flac=00;36:*.m4a=00;36:*.mid=00;36:*.midi=00;36:*.mka=00;36:*.mp3=00;36:*.mpc=00;36:*.ogg=00;36:*.ra=00;36:*.wav=00;36:*.oga=00;36:*.opus=00;36:*.spx=00;36:*.xspf=00;36:'), ('AMENT_PREFIX_PATH', '/home/rschnurr/SkyClaw-Team1/ros2_ws/install/px4_msgs:/home/rschnurr/workspace_real/install/px4_ros_com:/home/rschnurr/workspace_real/install/go_green:/home/rschnurr/workspace_real/install/px4_msgs:/opt/ros/humble'), ('SHELL', '/bin/bash'), ('LESSCLOSE', '/usr/bin/lesspipe %s %s'), ('PWD', '/home/rschnurr/SkyClaw-Team1/ros2_ws/build/px4_ros_com'), ('GAZEBO_PLUGIN_PATH', ':/opt/ros/humble/lib'), ('XDG_DATA_DIRS', '/usr/local/share:/usr/share:/var/lib/snapd/desktop'), ('PYTHONPATH', '/home/rschnurr/SkyClaw-Team1/ros2_ws/install/px4_msgs/local/lib/python3.10/dist-packages:/home/rschnurr/workspace_real/install/px4_ros_com/local/lib/python3.10/dist-packages:/home/rschnurr/workspace_real/install/go_green/lib/python3.10/site-packages:/home/rschnurr/workspace_real/install/px4_msgs/local/lib/python3.10/dist-packages:/opt/ros/humble/lib/python3.10/site-packages:/opt/ros/humble/local/lib/python3.10/dist-packages'), ('COLCON', '1'), ('WSL2_GUI_APPS_ENABLED', '1'), ('HOSTTYPE', 'x86_64'), ('CMAKE_PREFIX_PATH', '/home/rschnurr/SkyClaw-Team1/ros2_ws/install/px4_msgs:/home/rschnurr/workspace_real/install/px4_ros_com:/home/rschnurr/workspace_real/install/px4_msgs:/home/rschnurr/workspace_real/install/go_green:/opt/ros/humble'), ('WSLENV', '')]), 'shell': False}
[3.799337] (px4_ros_com) StdoutLine: {'line': b'-- Install configuration: ""\n'}
[3.800944] (px4_ros_com) StdoutLine: {'line': b'-- Up-to-date: /home/rschnurr/SkyClaw-Team1/ros2_ws/install/px4_ros_com/lib/px4_ros_com/sensor_combined_listener\n'}
[3.802499] (px4_ros_com) StdoutLine: {'line': b'-- Up-to-date: /home/rschnurr/SkyClaw-Team1/ros2_ws/install/px4_ros_com/lib/px4_ros_com/vehicle_gps_position_listener\n'}
[3.803888] (px4_ros_com) StdoutLine: {'line': b'-- Up-to-date: /home/rschnurr/SkyClaw-Team1/ros2_ws/install/px4_ros_com/lib/px4_ros_com/debug_vect_advertiser\n'}
[3.805646] (px4_ros_com) StdoutLine: {'line': b'-- Up-to-date: /home/rschnurr/SkyClaw-Team1/ros2_ws/install/px4_ros_com/lib/px4_ros_com/offboard_control\n'}
[3.807202] (px4_ros_com) StdoutLine: {'line': b'-- Up-to-date: /home/rschnurr/SkyClaw-Team1/ros2_ws/install/px4_ros_com/lib/px4_ros_com/offboard_control_srv\n'}
[3.807580] (px4_ros_com) StdoutLine: {'line': b'-- Up-to-date: /home/rschnurr/SkyClaw-Team1/ros2_ws/install/px4_ros_com/share/px4_ros_com/environment/library_path.sh\n'}
[3.807678] (px4_ros_com) StdoutLine: {'line': b'-- Up-to-date: /home/rschnurr/SkyClaw-Team1/ros2_ws/install/px4_ros_com/share/px4_ros_com/environment/library_path.dsv\n'}
[3.807860] (px4_ros_com) StdoutLine: {'line': b'-- Up-to-date: /home/rschnurr/SkyClaw-Team1/ros2_ws/install/px4_ros_com/include/px4_ros_com\n'}
[3.808284] (px4_ros_com) StdoutLine: {'line': b'-- Up-to-date: /home/rschnurr/SkyClaw-Team1/ros2_ws/install/px4_ros_com/include/px4_ros_com/frame_transforms.h:Zone.Identifier\n'}
[3.808431] (px4_ros_com) StdoutLine: {'line': b'-- Up-to-date: /home/rschnurr/SkyClaw-Team1/ros2_ws/install/px4_ros_com/include/px4_ros_com/frame_transforms.h\n'}
[3.809685] (px4_ros_com) StdoutLine: {'line': b'-- Up-to-date: /home/rschnurr/SkyClaw-Team1/ros2_ws/install/px4_ros_com/lib/libframe_transforms.so\n'}
[3.809905] (px4_ros_com) StdoutLine: {'line': b'-- Up-to-date: /home/rschnurr/SkyClaw-Team1/ros2_ws/install/px4_ros_com/share/px4_ros_com//launch\n'}
[3.810097] (px4_ros_com) StdoutLine: {'line': b'-- Up-to-date: /home/rschnurr/SkyClaw-Team1/ros2_ws/install/px4_ros_com/share/px4_ros_com//launch/offboard_control_launch.yaml\n'}
[3.810502] (px4_ros_com) StdoutLine: {'line': b'-- Up-to-date: /home/rschnurr/SkyClaw-Team1/ros2_ws/install/px4_ros_com/share/px4_ros_com//launch/sensor_combined_listener.launch.py:Zone.Identifier\n'}
[3.810587] (px4_ros_com) StdoutLine: {'line': b'-- Up-to-date: /home/rschnurr/SkyClaw-Team1/ros2_ws/install/px4_ros_com/share/px4_ros_com//launch/sensor_combined_listener.launch.py\n'}
[3.810630] (px4_ros_com) StdoutLine: {'line': b'-- Up-to-date: /home/rschnurr/SkyClaw-Team1/ros2_ws/install/px4_ros_com/share/px4_ros_com//launch/offboard_control_launch.yaml:Zone.Identifier\n'}
[3.810746] (px4_ros_com) StdoutLine: {'line': b'-- Up-to-date: /home/rschnurr/SkyClaw-Team1/ros2_ws/install/px4_ros_com/share/px4_ros_com//test\n'}
[3.811408] (px4_ros_com) StdoutLine: {'line': b'-- Up-to-date: /home/rschnurr/SkyClaw-Team1/ros2_ws/install/px4_ros_com/share/px4_ros_com//test/__init__.py:Zone.Identifier\n'}
[3.811591] (px4_ros_com) StdoutLine: {'line': b'-- Up-to-date: /home/rschnurr/SkyClaw-Team1/ros2_ws/install/px4_ros_com/share/px4_ros_com//test/test_input.py:Zone.Identifier\n'}
[3.811917] (px4_ros_com) StdoutLine: {'line': b'-- Up-to-date: /home/rschnurr/SkyClaw-Team1/ros2_ws/install/px4_ros_com/share/px4_ros_com//test/test_output.py\n'}
[3.812019] (px4_ros_com) StdoutLine: {'line': b'-- Up-to-date: /home/rschnurr/SkyClaw-Team1/ros2_ws/install/px4_ros_com/share/px4_ros_com//test/pipeline_io_test.py:Zone.Identifier\n'}
[3.812066] (px4_ros_com) StdoutLine: {'line': b'-- Up-to-date: /home/rschnurr/SkyClaw-Team1/ros2_ws/install/px4_ros_com/share/px4_ros_com//test/pipeline_io_test.py\n'}
[3.812104] (px4_ros_com) StdoutLine: {'line': b'-- Up-to-date: /home/rschnurr/SkyClaw-Team1/ros2_ws/install/px4_ros_com/share/px4_ros_com//test/__init__.py\n'}
[3.812346] (px4_ros_com) StdoutLine: {'line': b'-- Up-to-date: /home/rschnurr/SkyClaw-Team1/ros2_ws/install/px4_ros_com/share/px4_ros_com//test/test_output.py:Zone.Identifier\n'}
[3.812417] (px4_ros_com) StdoutLine: {'line': b'-- Up-to-date: /home/rschnurr/SkyClaw-Team1/ros2_ws/install/px4_ros_com/share/px4_ros_com//test/test_input.py\n'}
[3.812477] (px4_ros_com) StdoutLine: {'line': b'-- Up-to-date: /home/rschnurr/SkyClaw-Team1/ros2_ws/install/px4_ros_com/share/px4_ros_com/environment/pythonpath.sh\n'}
[3.812513] (px4_ros_com) StdoutLine: {'line': b'-- Up-to-date: /home/rschnurr/SkyClaw-Team1/ros2_ws/install/px4_ros_com/share/px4_ros_com/environment/pythonpath.dsv\n'}
[3.812545] (px4_ros_com) StdoutLine: {'line': b'-- Up-to-date: /home/rschnurr/SkyClaw-Team1/ros2_ws/install/px4_ros_com/local/lib/python3.10/dist-packages/px4_ros_com-0.1.0-py3.10.egg-info\n'}
[3.812577] (px4_ros_com) StdoutLine: {'line': b'-- Installing: /home/rschnurr/SkyClaw-Team1/ros2_ws/install/px4_ros_com/local/lib/python3.10/dist-packages/px4_ros_com-0.1.0-py3.10.egg-info/SOURCES.txt\n'}
[3.814464] (px4_ros_com) StdoutLine: {'line': b'-- Installing: /home/rschnurr/SkyClaw-Team1/ros2_ws/install/px4_ros_com/local/lib/python3.10/dist-packages/px4_ros_com-0.1.0-py3.10.egg-info/dependency_links.txt\n'}
[3.814768] (px4_ros_com) StdoutLine: {'line': b'-- Installing: /home/rschnurr/SkyClaw-Team1/ros2_ws/install/px4_ros_com/local/lib/python3.10/dist-packages/px4_ros_com-0.1.0-py3.10.egg-info/PKG-INFO\n'}
[3.814899] (px4_ros_com) StdoutLine: {'line': b'-- Installing: /home/rschnurr/SkyClaw-Team1/ros2_ws/install/px4_ros_com/local/lib/python3.10/dist-packages/px4_ros_com-0.1.0-py3.10.egg-info/top_level.txt\n'}
[3.815803] (px4_ros_com) StdoutLine: {'line': b'-- Up-to-date: /home/rschnurr/SkyClaw-Team1/ros2_ws/install/px4_ros_com/local/lib/python3.10/dist-packages/px4_ros_com\n'}
[3.816067] (px4_ros_com) StdoutLine: {'line': b'-- Up-to-date: /home/rschnurr/SkyClaw-Team1/ros2_ws/install/px4_ros_com/local/lib/python3.10/dist-packages/px4_ros_com/module_to_import.py\n'}
[3.816228] (px4_ros_com) StdoutLine: {'line': b'-- Up-to-date: /home/rschnurr/SkyClaw-Team1/ros2_ws/install/px4_ros_com/local/lib/python3.10/dist-packages/px4_ros_com/__init__.py:Zone.Identifier\n'}
[3.816291] (px4_ros_com) StdoutLine: {'line': b'-- Up-to-date: /home/rschnurr/SkyClaw-Team1/ros2_ws/install/px4_ros_com/local/lib/python3.10/dist-packages/px4_ros_com/__init__.py\n'}
[3.816331] (px4_ros_com) StdoutLine: {'line': b'-- Up-to-date: /home/rschnurr/SkyClaw-Team1/ros2_ws/install/px4_ros_com/local/lib/python3.10/dist-packages/px4_ros_com/module_to_import.py:Zone.Identifier\n'}
[3.817904] (-) TimerEvent: {}
[3.851111] (px4_ros_com) StdoutLine: {'line': b"Listing '/home/rschnurr/SkyClaw-Team1/ros2_ws/install/px4_ros_com/local/lib/python3.10/dist-packages/px4_ros_com'...\n"}
[3.863773] (px4_ros_com) StdoutLine: {'line': b'-- Up-to-date: /home/rschnurr/SkyClaw-Team1/ros2_ws/install/px4_ros_com/lib/px4_ros_com/offboard_control.py\n'}
[3.864469] (px4_ros_com) StdoutLine: {'line': b'-- Up-to-date: /home/rschnurr/SkyClaw-Team1/ros2_ws/install/px4_ros_com/share/ament_index/resource_index/package_run_dependencies/px4_ros_com\n'}
[3.864755] (px4_ros_com) StdoutLine: {'line': b'-- Up-to-date: /home/rschnurr/SkyClaw-Team1/ros2_ws/install/px4_ros_com/share/ament_index/resource_index/parent_prefix_path/px4_ros_com\n'}
[3.864976] (px4_ros_com) StdoutLine: {'line': b'-- Up-to-date: /home/rschnurr/SkyClaw-Team1/ros2_ws/install/px4_ros_com/share/px4_ros_com/environment/ament_prefix_path.sh\n'}
[3.865063] (px4_ros_com) StdoutLine: {'line': b'-- Up-to-date: /home/rschnurr/SkyClaw-Team1/ros2_ws/install/px4_ros_com/share/px4_ros_com/environment/ament_prefix_path.dsv\n'}
[3.865203] (px4_ros_com) StdoutLine: {'line': b'-- Up-to-date: /home/rschnurr/SkyClaw-Team1/ros2_ws/install/px4_ros_com/share/px4_ros_com/environment/path.sh\n'}
[3.865308] (px4_ros_com) StdoutLine: {'line': b'-- Up-to-date: /home/rschnurr/SkyClaw-Team1/ros2_ws/install/px4_ros_com/share/px4_ros_com/environment/path.dsv\n'}
[3.865346] (px4_ros_com) StdoutLine: {'line': b'-- Up-to-date: /home/rschnurr/SkyClaw-Team1/ros2_ws/install/px4_ros_com/share/px4_ros_com/local_setup.bash\n'}
[3.865374] (px4_ros_com) StdoutLine: {'line': b'-- Up-to-date: /home/rschnurr/SkyClaw-Team1/ros2_ws/install/px4_ros_com/share/px4_ros_com/local_setup.sh\n'}
[3.865398] (px4_ros_com) StdoutLine: {'line': b'-- Up-to-date: /home/rschnurr/SkyClaw-Team1/ros2_ws/install/px4_ros_com/share/px4_ros_com/local_setup.zsh\n'}
[3.865428] (px4_ros_com) StdoutLine: {'line': b'-- Up-to-date: /home/rschnurr/SkyClaw-Team1/ros2_ws/install/px4_ros_com/share/px4_ros_com/local_setup.dsv\n'}
[3.865453] (px4_ros_com) StdoutLine: {'line': b'-- Installing: /home/rschnurr/SkyClaw-Team1/ros2_ws/install/px4_ros_com/share/px4_ros_com/package.dsv\n'}
[3.865786] (px4_ros_com) StdoutLine: {'line': b'-- Up-to-date: /home/rschnurr/SkyClaw-Team1/ros2_ws/install/px4_ros_com/share/ament_index/resource_index/packages/px4_ros_com\n'}
[3.866476] (px4_ros_com) StdoutLine: {'line': b'-- Up-to-date: /home/rschnurr/SkyClaw-Team1/ros2_ws/install/px4_ros_com/share/px4_ros_com/cmake/export_frame_transformsExport.cmake\n'}
[3.866806] (px4_ros_com) StdoutLine: {'line': b'-- Up-to-date: /home/rschnurr/SkyClaw-Team1/ros2_ws/install/px4_ros_com/share/px4_ros_com/cmake/export_frame_transformsExport-noconfig.cmake\n'}
[3.867168] (px4_ros_com) StdoutLine: {'line': b'-- Up-to-date: /home/rschnurr/SkyClaw-Team1/ros2_ws/install/px4_ros_com/share/px4_ros_com/cmake/ament_cmake_export_dependencies-extras.cmake\n'}
[3.867213] (px4_ros_com) StdoutLine: {'line': b'-- Up-to-date: /home/rschnurr/SkyClaw-Team1/ros2_ws/install/px4_ros_com/share/px4_ros_com/cmake/ament_cmake_export_targets-extras.cmake\n'}
[3.867243] (px4_ros_com) StdoutLine: {'line': b'-- Up-to-date: /home/rschnurr/SkyClaw-Team1/ros2_ws/install/px4_ros_com/share/px4_ros_com/cmake/ament_cmake_export_include_directories-extras.cmake\n'}
[3.867268] (px4_ros_com) StdoutLine: {'line': b'-- Up-to-date: /home/rschnurr/SkyClaw-Team1/ros2_ws/install/px4_ros_com/share/px4_ros_com/cmake/ament_cmake_export_libraries-extras.cmake\n'}
[3.867304] (px4_ros_com) StdoutLine: {'line': b'-- Up-to-date: /home/rschnurr/SkyClaw-Team1/ros2_ws/install/px4_ros_com/share/px4_ros_com/cmake/px4_ros_comConfig.cmake\n'}
[3.867330] (px4_ros_com) StdoutLine: {'line': b'-- Up-to-date: /home/rschnurr/SkyClaw-Team1/ros2_ws/install/px4_ros_com/share/px4_ros_com/cmake/px4_ros_comConfig-version.cmake\n'}
[3.867353] (px4_ros_com) StdoutLine: {'line': b'-- Up-to-date: /home/rschnurr/SkyClaw-Team1/ros2_ws/install/px4_ros_com/share/px4_ros_com/package.xml\n'}
[3.871989] (px4_ros_com) CommandEnded: {'returncode': 0}
[3.887953] (px4_ros_com) JobEnded: {'identifier': 'px4_ros_com', 'rc': 0}
[3.919078] (-) TimerEvent: {}
[4.006641] (go_green) Command: {'cmd': ['/usr/bin/python3', '-W', 'ignore:setup.py install is deprecated', '-W', 'ignore:easy_install command is deprecated', 'setup.py', 'egg_info', '--egg-base', '../../build/go_green', 'build', '--build-base', '/home/rschnurr/SkyClaw-Team1/ros2_ws/build/go_green/build', 'install', '--record', '/home/rschnurr/SkyClaw-Team1/ros2_ws/build/go_green/install.log', '--single-version-externally-managed', 'install_data'], 'cwd': '/home/rschnurr/SkyClaw-Team1/ros2_ws/src/go_green', 'env': {'LESSOPEN': '| /usr/bin/lesspipe %s', 'USER': 'rschnurr', 'SHLVL': '1', 'LD_LIBRARY_PATH': '/home/rschnurr/SkyClaw-Team1/ros2_ws/install/px4_msgs/lib:/home/rschnurr/workspace_real/install/px4_ros_com/lib:/home/rschnurr/workspace_real/install/px4_msgs/lib:/usr/lib/x86_64-linux-gnu/gazebo-11/plugins:/opt/ros/humble/opt/rviz_ogre_vendor/lib:/opt/ros/humble/lib/x86_64-linux-gnu:/opt/ros/humble/lib', 'MOTD_SHOWN': 'update-motd', 'HOME': '/home/rschnurr', 'OLDPWD': '/home/rschnurr', 'ROS_PYTHON_VERSION': '3', 'DBUS_SESSION_BUS_ADDRESS': 'unix:path=/run/user/1000/bus', 'WSL_DISTRO_NAME': 'Ubuntu-22.04', 'WAYLAND_DISPLAY': 'wayland-0', 'COLCON_PREFIX_PATH': '/home/rschnurr/workspace_real/install', 'ROS_DISTRO': 'humble', 'LOGNAME': 'rschnurr', 'NAME': 'Roberts-Laptop', 'WSL_INTEROP': '/run/WSL/315_interop', 'PULSE_SERVER': 'unix:/mnt/wslg/PulseServer', '_': '/usr/bin/colcon', 'ROS_VERSION': '2', 'TERM': 'xterm-256color', 'PX4_SITL_WORLD': 'aruco_with_green', 'ROS_LOCALHOST_ONLY': '0', 'PATH': '/home/rschnurr/.local/bin:/opt/ros/humble/bin:/usr/local/sbin:/usr/local/bin:/usr/sbin:/usr/bin:/sbin:/bin:/usr/games:/usr/local/games:/usr/lib/wsl/lib:/mnt/c/Program Files/WindowsApps/MicrosoftCorporationII.WindowsSubsystemForLinux_2.6.1.0_x64__8wekyb3d8bbwe:/mnt/c/Program Files (x86)/Common Files/Oracle/Java/javapath:/mnt/c/Windows/system32:/mnt/c/Windows:/mnt/c/Windows/System32/Wbem:/mnt/c/Windows/System32/WindowsPowerShell/v1.0/:/mnt/c/Windows/System32/OpenSSH/:/mnt/c/Program Files/PuTTY/:/mnt/c/Users/rschn/AppData/Local/Microsoft/WindowsApps:/mnt/c/Users/rschn/AppData/Local/Programs/Microsoft VS Code/bin:/snap/bin:/opt/xtensa-esp-elf/bin/', 'XDG_RUNTIME_DIR': '/run/user/1000/', 'DISPLAY': ':0', 'LANG': 'en_US.UTF-8', 'LS_COLORS': 'rs=0:di=01;34:ln=01;36:mh=00:pi=40;33:so=01;35:do=01;35:bd=40;33;01:cd=40;33;01:or=40;31;01:mi=00:su=37;41:sg=30;43:ca=30;41:tw=30;42:ow=34;42:st=37;44:ex=01;32:*.tar=01;31:*.tgz=01;31:*.arc=01;31:*.arj=01;31:*.taz=01;31:*.lha=01;31:*.lz4=01;31:*.lzh=01;31:*.lzma=01;31:*.tlz=01;31:*.txz=01;31:*.tzo=01;31:*.t7z=01;31:*.zip=01;31:*.z=01;31:*.dz=01;31:*.gz=01;31:*.lrz=01;31:*.lz=01;31:*.lzo=01;31:*.xz=01;31:*.zst=01;31:*.tzst=01;31:*.bz2=01;31:*.bz=01;31:*.tbz=01;31:*.tbz2=01;31:*.tz=01;31:*.deb=01;31:*.rpm=01;31:*.jar=01;31:*.war=01;31:*.ear=01;31:*.sar=01;31:*.rar=01;31:*.alz=01;31:*.ace=01;31:*.zoo=01;31:*.cpio=01;31:*.7z=01;31:*.rz=01;31:*.cab=01;31:*.wim=01;31:*.swm=01;31:*.dwm=01;31:*.esd=01;31:*.jpg=01;35:*.jpeg=01;35:*.mjpg=01;35:*.mjpeg=01;35:*.gif=01;35:*.bmp=01;35:*.pbm=01;35:*.pgm=01;35:*.ppm=01;35:*.tga=01;35:*.xbm=01;35:*.xpm=01;35:*.tif=01;35:*.tiff=01;35:*.png=01;35:*.svg=01;35:*.svgz=01;35:*.mng=01;35:*.pcx=01;35:*.mov=01;35:*.mpg=01;35:*.mpeg=01;35:*.m2v=01;35:*.mkv=01;35:*.webm=01;35:*.webp=01;35:*.ogm=01;35:*.mp4=01;35:*.m4v=01;35:*.mp4v=01;35:*.vob=01;35:*.qt=01;35:*.nuv=01;35:*.wmv=01;35:*.asf=01;35:*.rm=01;35:*.rmvb=01;35:*.flc=01;35:*.avi=01;35:*.fli=01;35:*.flv=01;35:*.gl=01;35:*.dl=01;35:*.xcf=01;35:*.xwd=01;35:*.yuv=01;35:*.cgm=01;35:*.emf=01;35:*.ogv=01;35:*.ogx=01;35:*.aac=00;36:*.au=00;36:*.flac=00;36:*.m4a=00;36:*.mid=00;36:*.midi=00;36:*.mka=00;36:*.mp3=00;36:*.mpc=00;36:*.ogg=00;36:*.ra=00;36:*.wav=00;36:*.oga=00;36:*.opus=00;36:*.spx=00;36:*.xspf=00;36:', 'AMENT_PREFIX_PATH': '/home/rschnurr/SkyClaw-Team1/ros2_ws/install/px4_msgs:/home/rschnurr/workspace_real/install/px4_ros_com:/home/rschnurr/workspace_real/install/go_green:/home/rschnurr/workspace_real/install/px4_msgs:/opt/ros/humble', 'SHELL': '/bin/bash', 'LESSCLOSE': '/usr/bin/lesspipe %s %s', 'PWD': '/home/rschnurr/SkyClaw-Team1/ros2_ws/build/go_green', 'GAZEBO_PLUGIN_PATH': ':/opt/ros/humble/lib', 'XDG_DATA_DIRS': '/usr/local/share:/usr/share:/var/lib/snapd/desktop', 'PYTHONPATH': '/home/rschnurr/SkyClaw-Team1/ros2_ws/build/go_green/prefix_override:/usr/lib/python3/dist-packages/colcon_core/task/python/colcon_distutils_commands:/home/rschnurr/SkyClaw-Team1/ros2_ws/install/go_green/lib/python3.10/site-packages:/home/rschnurr/SkyClaw-Team1/ros2_ws/install/px4_msgs/local/lib/python3.10/dist-packages:/home/rschnurr/workspace_real/install/px4_ros_com/local/lib/python3.10/dist-packages:/home/rschnurr/workspace_real/install/go_green/lib/python3.10/site-packages:/home/rschnurr/workspace_real/install/px4_msgs/local/lib/python3.10/dist-packages:/opt/ros/humble/lib/python3.10/site-packages:/opt/ros/humble/local/lib/python3.10/dist-packages', 'COLCON': '1', 'WSL2_GUI_APPS_ENABLED': '1', 'HOSTTYPE': 'x86_64', 'CMAKE_PREFIX_PATH': '/home/rschnurr/SkyClaw-Team1/ros2_ws/install/px4_msgs:/home/rschnurr/workspace_real/install/px4_ros_com:/home/rschnurr/workspace_real/install/px4_msgs', 'WSLENV': ''}, 'shell': False}
[4.020016] (-) TimerEvent: {}
[4.121553] (-) TimerEvent: {}
[4.224594] (-) TimerEvent: {}
[4.235389] (go_green) StdoutLine: {'line': b'running egg_info\n'}
[4.249549] (go_green) StdoutLine: {'line': b'writing ../../build/go_green/go_green.egg-info/PKG-INFO\n'}
[4.252148] (go_green) StdoutLine: {'line': b'writing dependency_links to ../../build/go_green/go_green.egg-info/dependency_links.txt\n'}
[4.252586] (go_green) StdoutLine: {'line': b'writing entry points to ../../build/go_green/go_green.egg-info/entry_points.txt\n'}
[4.253102] (go_green) StdoutLine: {'line': b'writing requirements to ../../build/go_green/go_green.egg-info/requires.txt\n'}
[4.253251] (go_green) StdoutLine: {'line': b'writing top-level names to ../../build/go_green/go_green.egg-info/top_level.txt\n'}
[4.281240] (go_green) StdoutLine: {'line': b"reading manifest file '../../build/go_green/go_green.egg-info/SOURCES.txt'\n"}
[4.285662] (go_green) StdoutLine: {'line': b"writing manifest file '../../build/go_green/go_green.egg-info/SOURCES.txt'\n"}
[4.286603] (go_green) StdoutLine: {'line': b'running build\n'}
[4.287049] (go_green) StdoutLine: {'line': b'running build_py\n'}
[4.287809] (go_green) StdoutLine: {'line': b'copying go_green/camera_info_reader.py -> /home/rschnurr/SkyClaw-Team1/ros2_ws/build/go_green/build/lib/go_green\n'}
[4.288480] (go_green) StdoutLine: {'line': b'copying go_green/stream_video.py -> /home/rschnurr/SkyClaw-Team1/ros2_ws/build/go_green/build/lib/go_green\n'}
[4.288720] (go_green) StdoutLine: {'line': b'copying go_green/offboard_control.py -> /home/rschnurr/SkyClaw-Team1/ros2_ws/build/go_green/build/lib/go_green\n'}
[4.291509] (go_green) StdoutLine: {'line': b'copying go_green/__init__.py -> /home/rschnurr/SkyClaw-Team1/ros2_ws/build/go_green/build/lib/go_green\n'}
[4.292144] (go_green) StdoutLine: {'line': b'copying go_green/green_tracker.py -> /home/rschnurr/SkyClaw-Team1/ros2_ws/build/go_green/build/lib/go_green\n'}
[4.292903] (go_green) StdoutLine: {'line': b'copying go_green/go_green_autoland.py -> /home/rschnurr/SkyClaw-Team1/ros2_ws/build/go_green/build/lib/go_green\n'}
[4.293760] (go_green) StdoutLine: {'line': b'copying go_green/go_green.py -> /home/rschnurr/SkyClaw-Team1/ros2_ws/build/go_green/build/lib/go_green\n'}
[4.294759] (go_green) StdoutLine: {'line': b'copying go_green/go_green_simple.py -> /home/rschnurr/SkyClaw-Team1/ros2_ws/build/go_green/build/lib/go_green\n'}
[4.295384] (go_green) StdoutLine: {'line': b'running install\n'}
[4.298143] (go_green) StdoutLine: {'line': b'running install_lib\n'}
[4.309249] (go_green) StdoutLine: {'line': b'copying /home/rschnurr/SkyClaw-Team1/ros2_ws/build/go_green/build/lib/go_green/camera_info_reader.py -> /home/rschnurr/SkyClaw-Team1/ros2_ws/install/go_green/lib/python3.10/site-packages/go_green\n'}
[4.309978] (go_green) StdoutLine: {'line': b'copying /home/rschnurr/SkyClaw-Team1/ros2_ws/build/go_green/build/lib/go_green/stream_video.py -> /home/rschnurr/SkyClaw-Team1/ros2_ws/install/go_green/lib/python3.10/site-packages/go_green\n'}
[4.310170] (go_green) StdoutLine: {'line': b'copying /home/rschnurr/SkyClaw-Team1/ros2_ws/build/go_green/build/lib/go_green/offboard_control.py -> /home/rschnurr/SkyClaw-Team1/ros2_ws/install/go_green/lib/python3.10/site-packages/go_green\n'}
[4.311535] (go_green) StdoutLine: {'line': b'copying /home/rschnurr/SkyClaw-Team1/ros2_ws/build/go_green/build/lib/go_green/green_tracker.py -> /home/rschnurr/SkyClaw-Team1/ros2_ws/install/go_green/lib/python3.10/site-packages/go_green\n'}
[4.312314] (go_green) StdoutLine: {'line': b'copying /home/rschnurr/SkyClaw-Team1/ros2_ws/build/go_green/build/lib/go_green/go_green_autoland.py -> /home/rschnurr/SkyClaw-Team1/ros2_ws/install/go_green/lib/python3.10/site-packages/go_green\n'}
[4.312647] (go_green) StdoutLine: {'line': b'copying /home/rschnurr/SkyClaw-Team1/ros2_ws/build/go_green/build/lib/go_green/go_green.py -> /home/rschnurr/SkyClaw-Team1/ros2_ws/install/go_green/lib/python3.10/site-packages/go_green\n'}
[4.312890] (go_green) StdoutLine: {'line': b'copying /home/rschnurr/SkyClaw-Team1/ros2_ws/build/go_green/build/lib/go_green/go_green_simple.py -> /home/rschnurr/SkyClaw-Team1/ros2_ws/install/go_green/lib/python3.10/site-packages/go_green\n'}
[4.313718] (go_green) StdoutLine: {'line': b'byte-compiling /home/rschnurr/SkyClaw-Team1/ros2_ws/install/go_green/lib/python3.10/site-packages/go_green/camera_info_reader.py to camera_info_reader.cpython-310.pyc\n'}
[4.314306] (go_green) StdoutLine: {'line': b'byte-compiling /home/rschnurr/SkyClaw-Team1/ros2_ws/install/go_green/lib/python3.10/site-packages/go_green/stream_video.py to stream_video.cpython-310.pyc\n'}
[4.314752] (go_green) StdoutLine: {'line': b'byte-compiling /home/rschnurr/SkyClaw-Team1/ros2_ws/install/go_green/lib/python3.10/site-packages/go_green/offboard_control.py to offboard_control.cpython-310.pyc\n'}
[4.316784] (go_green) StdoutLine: {'line': b'byte-compiling /home/rschnurr/SkyClaw-Team1/ros2_ws/install/go_green/lib/python3.10/site-packages/go_green/green_tracker.py to green_tracker.cpython-310.pyc\n'}
[4.317844] (go_green) StdoutLine: {'line': b'byte-compiling /home/rschnurr/SkyClaw-Team1/ros2_ws/install/go_green/lib/python3.10/site-packages/go_green/go_green_autoland.py to go_green_autoland.cpython-310.pyc\n'}
[4.319101] (go_green) StdoutLine: {'line': b'byte-compiling /home/rschnurr/SkyClaw-Team1/ros2_ws/install/go_green/lib/python3.10/site-packages/go_green/go_green.py to go_green.cpython-310.pyc\n'}
[4.321584] (go_green) StdoutLine: {'line': b'byte-compiling /home/rschnurr/SkyClaw-Team1/ros2_ws/install/go_green/lib/python3.10/site-packages/go_green/go_green_simple.py to go_green_simple.cpython-310.pyc\n'}
[4.322966] (go_green) StdoutLine: {'line': b'running install_data\n'}
[4.323402] (go_green) StdoutLine: {'line': b'copying resource/go_green -> /home/rschnurr/SkyClaw-Team1/ros2_ws/install/go_green/share/ament_index/resource_index/packages\n'}
[4.324302] (go_green) StdoutLine: {'line': b'copying package.xml -> /home/rschnurr/SkyClaw-Team1/ros2_ws/install/go_green/share/go_green\n'}
[4.324679] (-) TimerEvent: {}
[4.325229] (go_green) StdoutLine: {'line': b'running install_egg_info\n'}
[4.337388] (go_green) StdoutLine: {'line': b"removing '/home/rschnurr/SkyClaw-Team1/ros2_ws/install/go_green/lib/python3.10/site-packages/go_green-0.0.0-py3.10.egg-info' (and everything under it)\n"}
[4.342951] (go_green) StdoutLine: {'line': b'Copying ../../build/go_green/go_green.egg-info to /home/rschnurr/SkyClaw-Team1/ros2_ws/install/go_green/lib/python3.10/site-packages/go_green-0.0.0-py3.10.egg-info\n'}
[4.346618] (go_green) StdoutLine: {'line': b'running install_scripts\n'}
[4.372095] (go_green) StdoutLine: {'line': b'Installing go_green script to /home/rschnurr/SkyClaw-Team1/ros2_ws/install/go_green/lib/go_green\n'}
[4.372573] (go_green) StdoutLine: {'line': b'Installing go_green_autoland script to /home/rschnurr/SkyClaw-Team1/ros2_ws/install/go_green/lib/go_green\n'}
[4.372882] (go_green) StdoutLine: {'line': b'Installing go_green_simple script to /home/rschnurr/SkyClaw-Team1/ros2_ws/install/go_green/lib/go_green\n'}
[4.373266] (go_green) StdoutLine: {'line': b'Installing green_tracker script to /home/rschnurr/SkyClaw-Team1/ros2_ws/install/go_green/lib/go_green\n'}
[4.373616] (go_green) StdoutLine: {'line': b'Installing offboard_control script to /home/rschnurr/SkyClaw-Team1/ros2_ws/install/go_green/lib/go_green\n'}
[4.373962] (go_green) StdoutLine: {'line': b"writing list of installed files to '/home/rschnurr/SkyClaw-Team1/ros2_ws/build/go_green/install.log'\n"}
[4.427106] (-) TimerEvent: {}
[4.434292] (go_green) CommandEnded: {'returncode': 0}
[4.445293] (go_green) JobEnded: {'identifier': 'go_green', 'rc': 0}
[4.447148] (-) EventReactorShutdown: {}
