[0.000000] (-) TimerEvent: {}
[0.001788] (px4_msgs) JobQueued: {'identifier': 'px4_msgs', 'dependencies': OrderedDict()}
[0.002025] (go_green) JobQueued: {'identifier': 'go_green', 'dependencies': OrderedDict([('px4_msgs', '/home/rschnurr/SkyClaw-Team1/ros2_ws/install/px4_msgs')])}
[0.002111] (px4_ros_com) JobQueued: {'identifier': 'px4_ros_com', 'dependencies': OrderedDict([('px4_msgs', '/home/rschnurr/SkyClaw-Team1/ros2_ws/install/px4_msgs')])}
[0.002255] (px4_msgs) JobStarted: {'identifier': 'px4_msgs'}
[0.022375] (px4_msgs) JobProgress: {'identifier': 'px4_msgs', 'progress': 'cmake'}
[0.025590] (px4_msgs) JobProgress: {'identifier': 'px4_msgs', 'progress': 'build'}
[0.029875] (px4_msgs) Command: {'cmd': ['/usr/bin/cmake', '--build', '/home/rschnurr/SkyClaw-Team1/ros2_ws/build/px4_msgs', '--', '-j16', '-l16'], 'cwd': '/home/rschnurr/SkyClaw-Team1/ros2_ws/build/px4_msgs', 'env': OrderedDict([('LESSOPEN', '| /usr/bin/lesspipe %s'), ('USER', 'rschnurr'), ('SHLVL', '1'), ('LD_LIBRARY_PATH', '/home/rschnurr/SkyClaw-Team1/ros2_ws/install/px4_ros_com/lib:/home/rschnurr/SkyClaw-Team1/ros2_ws/install/px4_msgs/lib:/usr/lib/x86_64-linux-gnu/gazebo-11/plugins:/opt/ros/humble/opt/rviz_ogre_vendor/lib:/opt/ros/humble/lib/x86_64-linux-gnu:/opt/ros/humble/lib'), ('WT_PROFILE_ID', '{61c54bbd-c2c6-5271-96e7-009a87ff44bf}'), ('HOME', '/home/rschnurr'), ('OLDPWD', '/home/rschnurr/SkyClaw-Team1/ros2_ws/src/go_green'), ('ROS_PYTHON_VERSION', '3'), ('DBUS_SESSION_BUS_ADDRESS', 'unix:path=/run/user/1000/bus'), ('WSL_DISTRO_NAME', 'Ubuntu-22.04'), ('WAYLAND_DISPLAY', 'wayland-0'), ('COLCON_PREFIX_PATH', '/home/rschnurr/SkyClaw-Team1/ros2_ws/install'), ('ROS_DISTRO', 'humble'), ('LOGNAME', 'rschnurr'), ('NAME', 'Roberts-Laptop'), ('WSL_INTEROP', '/run/WSL/488_interop'), ('PULSE_SERVER', 'unix:/mnt/wslg/PulseServer'), ('_', '/usr/bin/colcon'), ('ROS_VERSION', '2'), ('TERM', 'xterm-256color'), ('PX4_SITL_WORLD', 'aruco_with_green'), ('ROS_LOCALHOST_ONLY', '0'), ('PATH', '/home/rschnurr/.local/bin:/opt/ros/humble/bin:/usr/local/sbin:/usr/local/bin:/usr/sbin:/usr/bin:/sbin:/bin:/usr/games:/usr/local/games:/usr/lib/wsl/lib:/mnt/c/gstreamer/1.0/msvc_x86_64/bin:/mnt/c/Program Files (x86)/Common Files/Oracle/Java/javapath:/mnt/c/Windows/system32:/mnt/c/Windows:/mnt/c/Windows/System32/Wbem:/mnt/c/Windows/System32/WindowsPowerShell/v1.0/:/mnt/c/Windows/System32/OpenSSH/:/mnt/c/Program Files/PuTTY/:/mnt/c/Program Files/Git/cmd:/mnt/c/Program Files/WireGuard/:/mnt/c/Users/rschn/AppData/Local/Microsoft/WindowsApps:/mnt/c/Users/rschn/AppData/Local/Programs/Microsoft VS Code/bin:/mnt/c/Users/rschn/AppData/Local/Google/Cloud SDK/google-cloud-sdk/bin:/snap/bin:/opt/xtensa-esp-elf/bin/'), ('WT_SESSION', 'e2abcb17-de82-49e3-8f26-20b56fb37b11'), ('XDG_RUNTIME_DIR', '/run/user/1000/'), ('DISPLAY', ':0'), ('LANG', 'en_US.UTF-8'), ('LS_COLORS', 'rs=0:di=01;34:ln=01;36:mh=00:pi=40;33:so=01;35:do=01;35:bd=40;33;01:cd=40;33;01:or=40;31;01:mi=00:su=37;41:sg=30;43:ca=30;41:tw=30;42:ow=34;42:st=37;44:ex=01;32:*.tar=01;31:*.tgz=01;31:*.arc=01;31:*.arj=01;31:*.taz=01;31:*.lha=01;31:*.lz4=01;31:*.lzh=01;31:*.lzma=01;31:*.tlz=01;31:*.txz=01;31:*.tzo=01;31:*.t7z=01;31:*.zip=01;31:*.z=01;31:*.dz=01;31:*.gz=01;31:*.lrz=01;31:*.lz=01;31:*.lzo=01;31:*.xz=01;31:*.zst=01;31:*.tzst=01;31:*.bz2=01;31:*.bz=01;31:*.tbz=01;31:*.tbz2=01;31:*.tz=01;31:*.deb=01;31:*.rpm=01;31:*.jar=01;31:*.war=01;31:*.ear=01;31:*.sar=01;31:*.rar=01;31:*.alz=01;31:*.ace=01;31:*.zoo=01;31:*.cpio=01;31:*.7z=01;31:*.rz=01;31:*.cab=01;31:*.wim=01;31:*.swm=01;31:*.dwm=01;31:*.esd=01;31:*.jpg=01;35:*.jpeg=01;35:*.mjpg=01;35:*.mjpeg=01;35:*.gif=01;35:*.bmp=01;35:*.pbm=01;35:*.pgm=01;35:*.ppm=01;35:*.tga=01;35:*.xbm=01;35:*.xpm=01;35:*.tif=01;35:*.tiff=01;35:*.png=01;35:*.svg=01;35:*.svgz=01;35:*.mng=01;35:*.pcx=01;35:*.mov=01;35:*.mpg=01;35:*.mpeg=01;35:*.m2v=01;35:*.mkv=01;35:*.webm=01;35:*.webp=01;35:*.ogm=01;35:*.mp4=01;35:*.m4v=01;35:*.mp4v=01;35:*.vob=01;35:*.qt=01;35:*.nuv=01;35:*.wmv=01;35:*.asf=01;35:*.rm=01;35:*.rmvb=01;35:*.flc=01;35:*.avi=01;35:*.fli=01;35:*.flv=01;35:*.gl=01;35:*.dl=01;35:*.xcf=01;35:*.xwd=01;35:*.yuv=01;35:*.cgm=01;35:*.emf=01;35:*.ogv=01;35:*.ogx=01;35:*.aac=00;36:*.au=00;36:*.flac=00;36:*.m4a=00;36:*.mid=00;36:*.midi=00;36:*.mka=00;36:*.mp3=00;36:*.mpc=00;36:*.ogg=00;36:*.ra=00;36:*.wav=00;36:*.oga=00;36:*.opus=00;36:*.spx=00;36:*.xspf=00;36:'), ('AMENT_PREFIX_PATH', '/home/rschnurr/SkyClaw-Team1/ros2_ws/install/px4_ros_com:/home/rschnurr/SkyClaw-Team1/ros2_ws/install/go_green:/home/rschnurr/SkyClaw-Team1/ros2_ws/install/px4_msgs:/opt/ros/humble'), ('SHELL', '/bin/bash'), ('LESSCLOSE', '/usr/bin/lesspipe %s %s'), ('PWD', '/home/rschnurr/SkyClaw-Team1/ros2_ws/build/px4_msgs'), ('GAZEBO_PLUGIN_PATH', ':/opt/ros/humble/lib'), ('XDG_DATA_DIRS', '/usr/local/share:/usr/share:/var/lib/snapd/desktop'), ('PYTHONPATH', '/home/rschnurr/SkyClaw-Team1/ros2_ws/install/px4_ros_com/local/lib/python3.10/dist-packages:/home/rschnurr/SkyClaw-Team1/ros2_ws/install/go_green/lib/python3.10/site-packages:/home/rschnurr/SkyClaw-Team1/ros2_ws/install/px4_msgs/local/lib/python3.10/dist-packages:/opt/ros/humble/lib/python3.10/site-packages:/opt/ros/humble/local/lib/python3.10/dist-packages'), ('COLCON', '1'), ('WSL2_GUI_APPS_ENABLED', '1'), ('HOSTTYPE', 'x86_64'), ('CMAKE_PREFIX_PATH', '/home/rschnurr/SkyClaw-Team1/ros2_ws/install/px4_ros_com:/home/rschnurr/SkyClaw-Team1/ros2_ws/install/px4_msgs:/home/rschnurr/SkyClaw-Team1/ros2_ws/install/go_green:/opt/ros/humble'), ('WSLENV', 'WT_SESSION:WT_PROFILE_ID:')]), 'shell': False}
[0.092016] (-) TimerEvent: {}
[0.193935] (-) TimerEvent: {}
[0.295760] (-) TimerEvent: {}
[0.397059] (-) TimerEvent: {}
[0.498377] (-) TimerEvent: {}
[0.599200] (-) TimerEvent: {}
[0.700199] (-) TimerEvent: {}
[0.802748] (-) TimerEvent: {}
[0.904502] (-) TimerEvent: {}
[1.005774] (-) TimerEvent: {}
[1.106985] (-) TimerEvent: {}
[1.208252] (-) TimerEvent: {}
[1.265156] (px4_msgs) StdoutLine: {'line': b'[  0%] Built target px4_msgs__cpp\n'}
[1.309074] (-) TimerEvent: {}
[1.381543] (px4_msgs) StdoutLine: {'line': b'[ 12%] Built target px4_msgs__rosidl_generator_c\n'}
[1.410028] (-) TimerEvent: {}
[1.471688] (px4_msgs) StdoutLine: {'line': b'[ 12%] Built target ament_cmake_python_copy_px4_msgs\n'}
[1.510492] (-) TimerEvent: {}
[1.561745] (px4_msgs) StdoutLine: {'line': b'[ 25%] Built target px4_msgs__rosidl_typesupport_c\n'}
[1.591065] (px4_msgs) StdoutLine: {'line': b'[ 37%] Built target px4_msgs__rosidl_typesupport_cpp\n'}
[1.610979] (-) TimerEvent: {}
[1.621570] (px4_msgs) StdoutLine: {'line': b'[ 50%] Built target px4_msgs__rosidl_typesupport_introspection_c\n'}
[1.630348] (px4_msgs) StdoutLine: {'line': b'[ 63%] Built target px4_msgs__rosidl_typesupport_introspection_cpp\n'}
[1.647376] (px4_msgs) StdoutLine: {'line': b'[ 75%] Built target px4_msgs__rosidl_typesupport_fastrtps_cpp\n'}
[1.711529] (-) TimerEvent: {}
[1.740180] (px4_msgs) StdoutLine: {'line': b'[ 88%] Built target px4_msgs__rosidl_typesupport_fastrtps_c\n'}
[1.792061] (px4_msgs) StdoutLine: {'line': b'[ 88%] Built target px4_msgs\n'}
[1.811779] (-) TimerEvent: {}
[1.888842] (px4_msgs) StdoutLine: {'line': b'[ 88%] Built target px4_msgs__py\n'}
[1.912187] (-) TimerEvent: {}
[2.013455] (-) TimerEvent: {}
[2.052181] (px4_msgs) StdoutLine: {'line': b'running egg_info\n'}
[2.095345] (px4_msgs) StdoutLine: {'line': b'writing px4_msgs.egg-info/PKG-INFO\n'}
[2.098103] (px4_msgs) StdoutLine: {'line': b'writing dependency_links to px4_msgs.egg-info/dependency_links.txt\n'}
[2.099223] (px4_msgs) StdoutLine: {'line': b'writing top-level names to px4_msgs.egg-info/top_level.txt\n'}
[2.114177] (-) TimerEvent: {}
[2.157551] (px4_msgs) StdoutLine: {'line': b'[100%] Built target px4_msgs__rosidl_generator_py\n'}
[2.214695] (-) TimerEvent: {}
[2.226551] (px4_msgs) StdoutLine: {'line': b'[100%] Built target px4_msgs__rosidl_typesupport_introspection_c__pyext\n'}
[2.227433] (px4_msgs) StdoutLine: {'line': b'[100%] Built target px4_msgs__rosidl_typesupport_fastrtps_c__pyext\n'}
[2.227804] (px4_msgs) StdoutLine: {'line': b'[100%] Built target px4_msgs__rosidl_typesupport_c__pyext\n'}
[2.231835] (px4_msgs) StdoutLine: {'line': b"reading manifest file 'px4_msgs.egg-info/SOURCES.txt'\n"}
[2.245359] (px4_msgs) StdoutLine: {'line': b"writing manifest file 'px4_msgs.egg-info/SOURCES.txt'\n"}
[2.315187] (-) TimerEvent: {}
[2.360425] (px4_msgs) StdoutLine: {'line': b'[100%] Built target ament_cmake_python_build_px4_msgs_egg\n'}
[2.398067] (px4_msgs) CommandEnded: {'returncode': 0}
[2.401282] (px4_msgs) JobProgress: {'identifier': 'px4_msgs', 'progress': 'install'}
[2.415702] (-) TimerEvent: {}
[2.427938] (px4_msgs) Command: {'cmd': ['/usr/bin/cmake', '--install', '/home/rschnurr/SkyClaw-Team1/ros2_ws/build/px4_msgs'], 'cwd': '/home/rschnurr/SkyClaw-Team1/ros2_ws/build/px4_msgs', 'env': OrderedDict([('LESSOPEN', '| /usr/bin/lesspipe %s'), ('USER', 'rschnurr'), ('SHLVL', '1'), ('LD_LIBRARY_PATH', '/home/rschnurr/SkyClaw-Team1/ros2_ws/install/px4_ros_com/lib:/home/rschnurr/SkyClaw-Team1/ros2_ws/install/px4_msgs/lib:/usr/lib/x86_64-linux-gnu/gazebo-11/plugins:/opt/ros/humble/opt/rviz_ogre_vendor/lib:/opt/ros/humble/lib/x86_64-linux-gnu:/opt/ros/humble/lib'), ('WT_PROFILE_ID', '{61c54bbd-c2c6-5271-96e7-009a87ff44bf}'), ('HOME', '/home/rschnurr'), ('OLDPWD', '/home/rschnurr/SkyClaw-Team1/ros2_ws/src/go_green'), ('ROS_PYTHON_VERSION', '3'), ('DBUS_SESSION_BUS_ADDRESS', 'unix:path=/run/user/1000/bus'), ('WSL_DISTRO_NAME', 'Ubuntu-22.04'), ('WAYLAND_DISPLAY', 'wayland-0'), ('COLCON_PREFIX_PATH', '/home/rschnurr/SkyClaw-Team1/ros2_ws/install'), ('ROS_DISTRO', 'humble'), ('LOGNAME', 'rschnurr'), ('NAME', 'Roberts-Laptop'), ('WSL_INTEROP', '/run/WSL/488_interop'), ('PULSE_SERVER', 'unix:/mnt/wslg/PulseServer'), ('_', '/usr/bin/colcon'), ('ROS_VERSION', '2'), ('TERM', 'xterm-256color'), ('PX4_SITL_WORLD', 'aruco_with_green'), ('ROS_LOCALHOST_ONLY', '0'), ('PATH', '/home/rschnurr/.local/bin:/opt/ros/humble/bin:/usr/local/sbin:/usr/local/bin:/usr/sbin:/usr/bin:/sbin:/bin:/usr/games:/usr/local/games:/usr/lib/wsl/lib:/mnt/c/gstreamer/1.0/msvc_x86_64/bin:/mnt/c/Program Files (x86)/Common Files/Oracle/Java/javapath:/mnt/c/Windows/system32:/mnt/c/Windows:/mnt/c/Windows/System32/Wbem:/mnt/c/Windows/System32/WindowsPowerShell/v1.0/:/mnt/c/Windows/System32/OpenSSH/:/mnt/c/Program Files/PuTTY/:/mnt/c/Program Files/Git/cmd:/mnt/c/Program Files/WireGuard/:/mnt/c/Users/rschn/AppData/Local/Microsoft/WindowsApps:/mnt/c/Users/rschn/AppData/Local/Programs/Microsoft VS Code/bin:/mnt/c/Users/rschn/AppData/Local/Google/Cloud SDK/google-cloud-sdk/bin:/snap/bin:/opt/xtensa-esp-elf/bin/'), ('WT_SESSION', 'e2abcb17-de82-49e3-8f26-20b56fb37b11'), ('XDG_RUNTIME_DIR', '/run/user/1000/'), ('DISPLAY', ':0'), ('LANG', 'en_US.UTF-8'), ('LS_COLORS', 'rs=0:di=01;34:ln=01;36:mh=00:pi=40;33:so=01;35:do=01;35:bd=40;33;01:cd=40;33;01:or=40;31;01:mi=00:su=37;41:sg=30;43:ca=30;41:tw=30;42:ow=34;42:st=37;44:ex=01;32:*.tar=01;31:*.tgz=01;31:*.arc=01;31:*.arj=01;31:*.taz=01;31:*.lha=01;31:*.lz4=01;31:*.lzh=01;31:*.lzma=01;31:*.tlz=01;31:*.txz=01;31:*.tzo=01;31:*.t7z=01;31:*.zip=01;31:*.z=01;31:*.dz=01;31:*.gz=01;31:*.lrz=01;31:*.lz=01;31:*.lzo=01;31:*.xz=01;31:*.zst=01;31:*.tzst=01;31:*.bz2=01;31:*.bz=01;31:*.tbz=01;31:*.tbz2=01;31:*.tz=01;31:*.deb=01;31:*.rpm=01;31:*.jar=01;31:*.war=01;31:*.ear=01;31:*.sar=01;31:*.rar=01;31:*.alz=01;31:*.ace=01;31:*.zoo=01;31:*.cpio=01;31:*.7z=01;31:*.rz=01;31:*.cab=01;31:*.wim=01;31:*.swm=01;31:*.dwm=01;31:*.esd=01;31:*.jpg=01;35:*.jpeg=01;35:*.mjpg=01;35:*.mjpeg=01;35:*.gif=01;35:*.bmp=01;35:*.pbm=01;35:*.pgm=01;35:*.ppm=01;35:*.tga=01;35:*.xbm=01;35:*.xpm=01;35:*.tif=01;35:*.tiff=01;35:*.png=01;35:*.svg=01;35:*.svgz=01;35:*.mng=01;35:*.pcx=01;35:*.mov=01;35:*.mpg=01;35:*.mpeg=01;35:*.m2v=01;35:*.mkv=01;35:*.webm=01;35:*.webp=01;35:*.ogm=01;35:*.mp4=01;35:*.m4v=01;35:*.mp4v=01;35:*.vob=01;35:*.qt=01;35:*.nuv=01;35:*.wmv=01;35:*.asf=01;35:*.rm=01;35:*.rmvb=01;35:*.flc=01;35:*.avi=01;35:*.fli=01;35:*.flv=01;35:*.gl=01;35:*.dl=01;35:*.xcf=01;35:*.xwd=01;35:*.yuv=01;35:*.cgm=01;35:*.emf=01;35:*.ogv=01;35:*.ogx=01;35:*.aac=00;36:*.au=00;36:*.flac=00;36:*.m4a=00;36:*.mid=00;36:*.midi=00;36:*.mka=00;36:*.mp3=00;36:*.mpc=00;36:*.ogg=00;36:*.ra=00;36:*.wav=00;36:*.oga=00;36:*.opus=00;36:*.spx=00;36:*.xspf=00;36:'), ('AMENT_PREFIX_PATH', '/home/rschnurr/SkyClaw-Team1/ros2_ws/install/px4_ros_com:/home/rschnurr/SkyClaw-Team1/ros2_ws/install/go_green:/home/rschnurr/SkyClaw-Team1/ros2_ws/install/px4_msgs:/opt/ros/humble'), ('SHELL', '/bin/bash'), ('LESSCLOSE', '/usr/bin/lesspipe %s %s'), ('PWD', '/home/rschnurr/SkyClaw-Team1/ros2_ws/build/px4_msgs'), ('GAZEBO_PLUGIN_PATH', ':/opt/ros/humble/lib'), ('XDG_DATA_DIRS', '/usr/local/share:/usr/share:/var/lib/snapd/desktop'), ('PYTHONPATH', '/home/rschnurr/SkyClaw-Team1/ros2_ws/install/px4_ros_com/local/lib/python3.10/dist-packages:/home/rschnurr/SkyClaw-Team1/ros2_ws/install/go_green/lib/python3.10/site-packages:/home/rschnurr/SkyClaw-Team1/ros2_ws/install/px4_msgs/local/lib/python3.10/dist-packages:/opt/ros/humble/lib/python3.10/site-packages:/opt/ros/humble/local/lib/python3.10/dist-packages'), ('COLCON', '1'), ('WSL2_GUI_APPS_ENABLED', '1'), ('HOSTTYPE', 'x86_64'), ('CMAKE_PREFIX_PATH', '/home/rschnurr/SkyClaw-Team1/ros2_ws/install/px4_ros_com:/home/rschnurr/SkyClaw-Team1/ros2_ws/install/px4_msgs:/home/rschnurr/SkyClaw-Team1/ros2_ws/install/go_green:/opt/ros/humble'), ('WSLENV', 'WT_SESSION:WT_PROFILE_ID:')]), 'shell': False}
[2.457783] (px4_msgs) StdoutLine: {'line': b'-- Install configuration: ""\n'}
[2.458686] (px4_msgs) StdoutLine: {'line': b'-- Up-to-date: /home/rschnurr/SkyClaw-Team1/ros2_ws/install/px4_msgs/share/ament_index/resource_index/rosidl_interfaces/px4_msgs\n'}
[2.459317] (px4_msgs) StdoutLine: {'line': b'-- Up-to-date: /home/rschnurr/SkyClaw-Team1/ros2_ws/install/px4_msgs/include/px4_msgs/px4_msgs\n'}
[2.460029] (px4_msgs) StdoutLine: {'line': b'-- Up-to-date: /home/rschnurr/SkyClaw-Team1/ros2_ws/install/px4_msgs/include/px4_msgs/px4_msgs/srv\n'}
[2.460214] (px4_msgs) StdoutLine: {'line': b'-- Up-to-date: /home/rschnurr/SkyClaw-Team1/ros2_ws/install/px4_msgs/include/px4_msgs/px4_msgs/srv/vehicle_command.h\n'}
[2.460699] (px4_msgs) StdoutLine: {'line': b'-- Up-to-date: /home/rschnurr/SkyClaw-Team1/ros2_ws/install/px4_msgs/include/px4_msgs/px4_msgs/srv/detail\n'}
[2.461403] (px4_msgs) StdoutLine: {'line': b'-- Up-to-date: /home/rschnurr/SkyClaw-Team1/ros2_ws/install/px4_msgs/include/px4_msgs/px4_msgs/srv/detail/vehicle_command__struct.h\n'}
[2.462195] (px4_msgs) StdoutLine: {'line': b'-- Up-to-date: /home/rschnurr/SkyClaw-Team1/ros2_ws/install/px4_msgs/include/px4_msgs/px4_msgs/srv/detail/vehicle_command__functions.c\n'}
[2.462723] (px4_msgs) StdoutLine: {'line': b'-- Up-to-date: /home/rschnurr/SkyClaw-Team1/ros2_ws/install/px4_msgs/include/px4_msgs/px4_msgs/srv/detail/vehicle_command__type_support.h\n'}
[2.463967] (px4_msgs) StdoutLine: {'line': b'-- Up-to-date: /home/rschnurr/SkyClaw-Team1/ros2_ws/install/px4_msgs/include/px4_msgs/px4_msgs/srv/detail/vehicle_command__functions.h\n'}
[2.464424] (px4_msgs) StdoutLine: {'line': b'-- Up-to-date: /home/rschnurr/SkyClaw-Team1/ros2_ws/install/px4_msgs/include/px4_msgs/px4_msgs/msg\n'}
[2.464997] (px4_msgs) StdoutLine: {'line': b'-- Up-to-date: /home/rschnurr/SkyClaw-Team1/ros2_ws/install/px4_msgs/include/px4_msgs/px4_msgs/msg/cellular_status.h\n'}
[2.465714] (px4_msgs) StdoutLine: {'line': b'-- Up-to-date: /home/rschnurr/SkyClaw-Team1/ros2_ws/install/px4_msgs/include/px4_msgs/px4_msgs/msg/vehicle_thrust_setpoint.h\n'}
[2.465872] (px4_msgs) StdoutLine: {'line': b'-- Up-to-date: /home/rschnurr/SkyClaw-Team1/ros2_ws/install/px4_msgs/include/px4_msgs/px4_msgs/msg/debug_array.h\n'}
[2.466568] (px4_msgs) StdoutLine: {'line': b'-- Up-to-date: /home/rschnurr/SkyClaw-Team1/ros2_ws/install/px4_msgs/include/px4_msgs/px4_msgs/msg/parameter_reset_request.h\n'}
[2.468185] (px4_msgs) StdoutLine: {'line': b'-- Up-to-date: /home/rschnurr/SkyClaw-Team1/ros2_ws/install/px4_msgs/include/px4_msgs/px4_msgs/msg/button_event.h\n'}
[2.468851] (px4_msgs) StdoutLine: {'line': b'-- Up-to-date: /home/rschnurr/SkyClaw-Team1/ros2_ws/install/px4_msgs/include/px4_msgs/px4_msgs/msg/ulog_stream.h\n'}
[2.469346] (px4_msgs) StdoutLine: {'line': b'-- Up-to-date: /home/rschnurr/SkyClaw-Team1/ros2_ws/install/px4_msgs/include/px4_msgs/px4_msgs/msg/vehicle_attitude_setpoint.h\n'}
[2.469907] (px4_msgs) StdoutLine: {'line': b'-- Up-to-date: /home/rschnurr/SkyClaw-Team1/ros2_ws/install/px4_msgs/include/px4_msgs/px4_msgs/msg/register_ext_component_request.h\n'}
[2.470359] (px4_msgs) StdoutLine: {'line': b'-- Up-to-date: /home/rschnurr/SkyClaw-Team1/ros2_ws/install/px4_msgs/include/px4_msgs/px4_msgs/msg/gimbal_device_information.h\n'}
[2.470824] (px4_msgs) StdoutLine: {'line': b'-- Up-to-date: /home/rschnurr/SkyClaw-Team1/ros2_ws/install/px4_msgs/include/px4_msgs/px4_msgs/msg/vehicle_acceleration.h\n'}
[2.471286] (px4_msgs) StdoutLine: {'line': b'-- Up-to-date: /home/rschnurr/SkyClaw-Team1/ros2_ws/install/px4_msgs/include/px4_msgs/px4_msgs/msg/estimator_event_flags.h\n'}
[2.471560] (px4_msgs) StdoutLine: {'line': b'-- Up-to-date: /home/rschnurr/SkyClaw-Team1/ros2_ws/install/px4_msgs/include/px4_msgs/px4_msgs/msg/rosidl_generator_c__visibility_control.h\n'}
[2.472008] (px4_msgs) StdoutLine: {'line': b'-- Up-to-date: /home/rschnurr/SkyClaw-Team1/ros2_ws/install/px4_msgs/include/px4_msgs/px4_msgs/msg/adc_report.h\n'}
[2.472381] (px4_msgs) StdoutLine: {'line': b'-- Up-to-date: /home/rschnurr/SkyClaw-Team1/ros2_ws/install/px4_msgs/include/px4_msgs/px4_msgs/msg/dataman_response.h\n'}
[2.472568] (px4_msgs) StdoutLine: {'line': b'-- Up-to-date: /home/rschnurr/SkyClaw-Team1/ros2_ws/install/px4_msgs/include/px4_msgs/px4_msgs/msg/radio_status.h\n'}
[2.473384] (px4_msgs) StdoutLine: {'line': b'-- Up-to-date: /home/rschnurr/SkyClaw-Team1/ros2_ws/install/px4_msgs/include/px4_msgs/px4_msgs/msg/sensor_hygrometer.h\n'}
[2.473714] (px4_msgs) StdoutLine: {'line': b'-- Up-to-date: /home/rschnurr/SkyClaw-Team1/ros2_ws/install/px4_msgs/include/px4_msgs/px4_msgs/msg/actuator_armed.h\n'}
[2.474054] (px4_msgs) StdoutLine: {'line': b'-- Up-to-date: /home/rschnurr/SkyClaw-Team1/ros2_ws/install/px4_msgs/include/px4_msgs/px4_msgs/msg/sensor_uwb.h\n'}
[2.474834] (px4_msgs) StdoutLine: {'line': b'-- Up-to-date: /home/rschnurr/SkyClaw-Team1/ros2_ws/install/px4_msgs/include/px4_msgs/px4_msgs/msg/manual_control_switches.h\n'}
[2.474963] (px4_msgs) StdoutLine: {'line': b'-- Up-to-date: /home/rschnurr/SkyClaw-Team1/ros2_ws/install/px4_msgs/include/px4_msgs/px4_msgs/msg/rtl_time_estimate.h\n'}
[2.475116] (px4_msgs) StdoutLine: {'line': b'-- Up-to-date: /home/rschnurr/SkyClaw-Team1/ros2_ws/install/px4_msgs/include/px4_msgs/px4_msgs/msg/vehicle_global_position.h\n'}
[2.475264] (px4_msgs) StdoutLine: {'line': b'-- Up-to-date: /home/rschnurr/SkyClaw-Team1/ros2_ws/install/px4_msgs/include/px4_msgs/px4_msgs/msg/timesync_status.h\n'}
[2.476007] (px4_msgs) StdoutLine: {'line': b'-- Up-to-date: /home/rschnurr/SkyClaw-Team1/ros2_ws/install/px4_msgs/include/px4_msgs/px4_msgs/msg/distance_sensor.h\n'}
[2.476322] (px4_msgs) StdoutLine: {'line': b'-- Up-to-date: /home/rschnurr/SkyClaw-Team1/ros2_ws/install/px4_msgs/include/px4_msgs/px4_msgs/msg/rate_ctrl_status.h\n'}
[2.476621] (px4_msgs) StdoutLine: {'line': b'-- Up-to-date: /home/rschnurr/SkyClaw-Team1/ros2_ws/install/px4_msgs/include/px4_msgs/px4_msgs/msg/home_position.h\n'}
[2.477168] (px4_msgs) StdoutLine: {'line': b'-- Up-to-date: /home/rschnurr/SkyClaw-Team1/ros2_ws/install/px4_msgs/include/px4_msgs/px4_msgs/msg/action_request.h\n'}
[2.477635] (px4_msgs) StdoutLine: {'line': b'-- Up-to-date: /home/rschnurr/SkyClaw-Team1/ros2_ws/install/px4_msgs/include/px4_msgs/px4_msgs/msg/arming_check_request.h\n'}
[2.478112] (px4_msgs) StdoutLine: {'line': b'-- Up-to-date: /home/rschnurr/SkyClaw-Team1/ros2_ws/install/px4_msgs/include/px4_msgs/px4_msgs/msg/sensor_gnss_relative.h\n'}
[2.478543] (px4_msgs) StdoutLine: {'line': b'-- Up-to-date: /home/rschnurr/SkyClaw-Team1/ros2_ws/install/px4_msgs/include/px4_msgs/px4_msgs/msg/transponder_report.h\n'}
[2.478869] (px4_msgs) StdoutLine: {'line': b'-- Up-to-date: /home/rschnurr/SkyClaw-Team1/ros2_ws/install/px4_msgs/include/px4_msgs/px4_msgs/msg/satellite_info.h\n'}
[2.479462] (px4_msgs) StdoutLine: {'line': b'-- Up-to-date: /home/rschnurr/SkyClaw-Team1/ros2_ws/install/px4_msgs/include/px4_msgs/px4_msgs/msg/gpio_request.h\n'}
[2.479996] (px4_msgs) StdoutLine: {'line': b'-- Up-to-date: /home/rschnurr/SkyClaw-Team1/ros2_ws/install/px4_msgs/include/px4_msgs/px4_msgs/msg/heater_status.h\n'}
[2.481730] (px4_msgs) StdoutLine: {'line': b'-- Up-to-date: /home/rschnurr/SkyClaw-Team1/ros2_ws/install/px4_msgs/include/px4_msgs/px4_msgs/msg/collision_constraints.h\n'}
[2.481989] (px4_msgs) StdoutLine: {'line': b'-- Up-to-date: /home/rschnurr/SkyClaw-Team1/ros2_ws/install/px4_msgs/include/px4_msgs/px4_msgs/msg/rover_attitude_setpoint.h\n'}
[2.482143] (px4_msgs) StdoutLine: {'line': b'-- Up-to-date: /home/rschnurr/SkyClaw-Team1/ros2_ws/install/px4_msgs/include/px4_msgs/px4_msgs/msg/parameter_update.h\n'}
[2.482258] (px4_msgs) StdoutLine: {'line': b'-- Up-to-date: /home/rschnurr/SkyClaw-Team1/ros2_ws/install/px4_msgs/include/px4_msgs/px4_msgs/msg/vehicle_angular_velocity.h\n'}
[2.482364] (px4_msgs) StdoutLine: {'line': b'-- Up-to-date: /home/rschnurr/SkyClaw-Team1/ros2_ws/install/px4_msgs/include/px4_msgs/px4_msgs/msg/estimator_status.h\n'}
[2.482496] (px4_msgs) StdoutLine: {'line': b'-- Up-to-date: /home/rschnurr/SkyClaw-Team1/ros2_ws/install/px4_msgs/include/px4_msgs/px4_msgs/msg/battery_status.h\n'}
[2.483308] (px4_msgs) StdoutLine: {'line': b'-- Up-to-date: /home/rschnurr/SkyClaw-Team1/ros2_ws/install/px4_msgs/include/px4_msgs/px4_msgs/msg/sensor_selection.h\n'}
[2.483871] (px4_msgs) StdoutLine: {'line': b'-- Up-to-date: /home/rschnurr/SkyClaw-Team1/ros2_ws/install/px4_msgs/include/px4_msgs/px4_msgs/msg/velocity_limits.h\n'}
[2.524119] (-) TimerEvent: {}
[2.525174] (px4_msgs) StdoutLine: {'line': b'-- Up-to-date: /home/rschnurr/SkyClaw-Team1/ros2_ws/install/px4_msgs/include/px4_msgs/px4_msgs/msg/actuator_test.h\n'}
[2.525447] (px4_msgs) StdoutLine: {'line': b'-- Up-to-date: /home/rschnurr/SkyClaw-Team1/ros2_ws/install/px4_msgs/include/px4_msgs/px4_msgs/msg/gpio_out.h\n'}
[2.526242] (px4_msgs) StdoutLine: {'line': b'-- Up-to-date: /home/rschnurr/SkyClaw-Team1/ros2_ws/install/px4_msgs/include/px4_msgs/px4_msgs/msg/estimator_bias.h\n'}
[2.526681] (px4_msgs) StdoutLine: {'line': b'-- Up-to-date: /home/rschnurr/SkyClaw-Team1/ros2_ws/install/px4_msgs/include/px4_msgs/px4_msgs/msg/sensor_preflight_mag.h\n'}
[2.527456] (px4_msgs) StdoutLine: {'line': b'-- Up-to-date: /home/rschnurr/SkyClaw-Team1/ros2_ws/install/px4_msgs/include/px4_msgs/px4_msgs/msg/gpio_config.h\n'}
[2.529489] (px4_msgs) StdoutLine: {'line': b'-- Up-to-date: /home/rschnurr/SkyClaw-Team1/ros2_ws/install/px4_msgs/include/px4_msgs/px4_msgs/msg/vehicle_angular_acceleration_setpoint.h\n'}
[2.530164] (px4_msgs) StdoutLine: {'line': b'-- Up-to-date: /home/rschnurr/SkyClaw-Team1/ros2_ws/install/px4_msgs/include/px4_msgs/px4_msgs/msg/message_format_response.h\n'}
[2.530445] (px4_msgs) StdoutLine: {'line': b'-- Up-to-date: /home/rschnurr/SkyClaw-Team1/ros2_ws/install/px4_msgs/include/px4_msgs/px4_msgs/msg/estimator_status_flags.h\n'}
[2.531511] (px4_msgs) StdoutLine: {'line': b'-- Up-to-date: /home/rschnurr/SkyClaw-Team1/ros2_ws/install/px4_msgs/include/px4_msgs/px4_msgs/msg/open_drone_id_system.h\n'}
[2.532653] (px4_msgs) StdoutLine: {'line': b'-- Up-to-date: /home/rschnurr/SkyClaw-Team1/ros2_ws/install/px4_msgs/include/px4_msgs/px4_msgs/msg/sensor_mag.h\n'}
[2.533045] (px4_msgs) StdoutLine: {'line': b'-- Up-to-date: /home/rschnurr/SkyClaw-Team1/ros2_ws/install/px4_msgs/include/px4_msgs/px4_msgs/msg/gimbal_device_attitude_status.h\n'}
[2.533476] (px4_msgs) StdoutLine: {'line': b'-- Up-to-date: /home/rschnurr/SkyClaw-Team1/ros2_ws/install/px4_msgs/include/px4_msgs/px4_msgs/msg/vehicle_local_position_setpoint.h\n'}
[2.533927] (px4_msgs) StdoutLine: {'line': b'-- Up-to-date: /home/rschnurr/SkyClaw-Team1/ros2_ws/install/px4_msgs/include/px4_msgs/px4_msgs/msg/position_controller_status.h\n'}
[2.534838] (px4_msgs) StdoutLine: {'line': b'-- Up-to-date: /home/rschnurr/SkyClaw-Team1/ros2_ws/install/px4_msgs/include/px4_msgs/px4_msgs/msg/estimator_aid_source1d.h\n'}
[2.535512] (px4_msgs) StdoutLine: {'line': b'-- Up-to-date: /home/rschnurr/SkyClaw-Team1/ros2_ws/install/px4_msgs/include/px4_msgs/px4_msgs/msg/vehicle_optical_flow.h\n'}
[2.536297] (px4_msgs) StdoutLine: {'line': b'-- Up-to-date: /home/rschnurr/SkyClaw-Team1/ros2_ws/install/px4_msgs/include/px4_msgs/px4_msgs/msg/vtol_vehicle_status.h\n'}
[2.537705] (px4_msgs) StdoutLine: {'line': b'-- Up-to-date: /home/rschnurr/SkyClaw-Team1/ros2_ws/install/px4_msgs/include/px4_msgs/px4_msgs/msg/parameter_set_value_response.h\n'}
[2.538458] (px4_msgs) StdoutLine: {'line': b'-- Up-to-date: /home/rschnurr/SkyClaw-Team1/ros2_ws/install/px4_msgs/include/px4_msgs/px4_msgs/msg/sensor_combined.h\n'}
[2.539138] (px4_msgs) StdoutLine: {'line': b'-- Up-to-date: /home/rschnurr/SkyClaw-Team1/ros2_ws/install/px4_msgs/include/px4_msgs/px4_msgs/msg/takeoff_status.h\n'}
[2.539780] (px4_msgs) StdoutLine: {'line': b'-- Up-to-date: /home/rschnurr/SkyClaw-Team1/ros2_ws/install/px4_msgs/include/px4_msgs/px4_msgs/msg/dataman_request.h\n'}
[2.540435] (px4_msgs) StdoutLine: {'line': b'-- Up-to-date: /home/rschnurr/SkyClaw-Team1/ros2_ws/install/px4_msgs/include/px4_msgs/px4_msgs/msg/onboard_computer_status.h\n'}
[2.541169] (px4_msgs) StdoutLine: {'line': b'-- Up-to-date: /home/rschnurr/SkyClaw-Team1/ros2_ws/install/px4_msgs/include/px4_msgs/px4_msgs/msg/open_drone_id_operator_id.h\n'}
[2.541952] (px4_msgs) StdoutLine: {'line': b'-- Up-to-date: /home/rschnurr/SkyClaw-Team1/ros2_ws/install/px4_msgs/include/px4_msgs/px4_msgs/msg/vehicle_command.h\n'}
[2.542587] (px4_msgs) StdoutLine: {'line': b'-- Up-to-date: /home/rschnurr/SkyClaw-Team1/ros2_ws/install/px4_msgs/include/px4_msgs/px4_msgs/msg/sensor_gps.h\n'}
[2.543260] (px4_msgs) StdoutLine: {'line': b'-- Up-to-date: /home/rschnurr/SkyClaw-Team1/ros2_ws/install/px4_msgs/include/px4_msgs/px4_msgs/msg/wind.h\n'}
[2.543916] (px4_msgs) StdoutLine: {'line': b'-- Up-to-date: /home/rschnurr/SkyClaw-Team1/ros2_ws/install/px4_msgs/include/px4_msgs/px4_msgs/msg/neural_control.h\n'}
[2.544352] (px4_msgs) StdoutLine: {'line': b'-- Up-to-date: /home/rschnurr/SkyClaw-Team1/ros2_ws/install/px4_msgs/include/px4_msgs/px4_msgs/msg/ulog_stream_ack.h\n'}
[2.545717] (px4_msgs) StdoutLine: {'line': b'-- Up-to-date: /home/rschnurr/SkyClaw-Team1/ros2_ws/install/px4_msgs/include/px4_msgs/px4_msgs/msg/estimator_bias3d.h\n'}
[2.546129] (px4_msgs) StdoutLine: {'line': b'-- Up-to-date: /home/rschnurr/SkyClaw-Team1/ros2_ws/install/px4_msgs/include/px4_msgs/px4_msgs/msg/actuator_outputs.h\n'}
[2.546938] (px4_msgs) StdoutLine: {'line': b'-- Up-to-date: /home/rschnurr/SkyClaw-Team1/ros2_ws/install/px4_msgs/include/px4_msgs/px4_msgs/msg/gpio_in.h\n'}
[2.547807] (px4_msgs) StdoutLine: {'line': b'-- Up-to-date: /home/rschnurr/SkyClaw-Team1/ros2_ws/install/px4_msgs/include/px4_msgs/px4_msgs/msg/normalized_unsigned_setpoint.h\n'}
[2.548599] (px4_msgs) StdoutLine: {'line': b'-- Up-to-date: /home/rschnurr/SkyClaw-Team1/ros2_ws/install/px4_msgs/include/px4_msgs/px4_msgs/msg/fixed_wing_lateral_status.h\n'}
[2.549254] (px4_msgs) StdoutLine: {'line': b'-- Up-to-date: /home/rschnurr/SkyClaw-Team1/ros2_ws/install/px4_msgs/include/px4_msgs/px4_msgs/msg/rover_steering_setpoint.h\n'}
[2.549937] (px4_msgs) StdoutLine: {'line': b'-- Up-to-date: /home/rschnurr/SkyClaw-Team1/ros2_ws/install/px4_msgs/include/px4_msgs/px4_msgs/msg/tune_control.h\n'}
[2.550465] (px4_msgs) StdoutLine: {'line': b'-- Up-to-date: /home/rschnurr/SkyClaw-Team1/ros2_ws/install/px4_msgs/include/px4_msgs/px4_msgs/msg/sensor_optical_flow.h\n'}
[2.550985] (px4_msgs) StdoutLine: {'line': b'-- Up-to-date: /home/rschnurr/SkyClaw-Team1/ros2_ws/install/px4_msgs/include/px4_msgs/px4_msgs/msg/estimator_aid_source3d.h\n'}
[2.552046] (px4_msgs) StdoutLine: {'line': b'-- Up-to-date: /home/rschnurr/SkyClaw-Team1/ros2_ws/install/px4_msgs/include/px4_msgs/px4_msgs/msg/lateral_control_configuration.h\n'}
[2.552790] (px4_msgs) StdoutLine: {'line': b'-- Up-to-date: /home/rschnurr/SkyClaw-Team1/ros2_ws/install/px4_msgs/include/px4_msgs/px4_msgs/msg/actuator_servos_trim.h\n'}
[2.554066] (px4_msgs) StdoutLine: {'line': b'-- Up-to-date: /home/rschnurr/SkyClaw-Team1/ros2_ws/install/px4_msgs/include/px4_msgs/px4_msgs/msg/vehicle_command_ack.h\n'}
[2.554781] (px4_msgs) StdoutLine: {'line': b'-- Up-to-date: /home/rschnurr/SkyClaw-Team1/ros2_ws/install/px4_msgs/include/px4_msgs/px4_msgs/msg/airspeed_validated.h\n'}
[2.556357] (px4_msgs) StdoutLine: {'line': b'-- Up-to-date: /home/rschnurr/SkyClaw-Team1/ros2_ws/install/px4_msgs/include/px4_msgs/px4_msgs/msg/geofence_status.h\n'}
[2.556547] (px4_msgs) StdoutLine: {'line': b'-- Up-to-date: /home/rschnurr/SkyClaw-Team1/ros2_ws/install/px4_msgs/include/px4_msgs/px4_msgs/msg/sensor_gnss_status.h\n'}
[2.556812] (px4_msgs) StdoutLine: {'line': b'-- Up-to-date: /home/rschnurr/SkyClaw-Team1/ros2_ws/install/px4_msgs/include/px4_msgs/px4_msgs/msg/fixed_wing_longitudinal_setpoint.h\n'}
[2.557426] (px4_msgs) StdoutLine: {'line': b'-- Up-to-date: /home/rschnurr/SkyClaw-Team1/ros2_ws/install/px4_msgs/include/px4_msgs/px4_msgs/msg/gimbal_device_set_attitude.h\n'}
[2.557609] (px4_msgs) StdoutLine: {'line': b'-- Up-to-date: /home/rschnurr/SkyClaw-Team1/ros2_ws/install/px4_msgs/include/px4_msgs/px4_msgs/msg/task_stack_info.h\n'}
[2.558294] (px4_msgs) StdoutLine: {'line': b'-- Up-to-date: /home/rschnurr/SkyClaw-Team1/ros2_ws/install/px4_msgs/include/px4_msgs/px4_msgs/msg/fixed_wing_runway_control.h\n'}
[2.558942] (px4_msgs) StdoutLine: {'line': b'-- Up-to-date: /home/rschnurr/SkyClaw-Team1/ros2_ws/install/px4_msgs/include/px4_msgs/px4_msgs/msg/fixed_wing_lateral_guidance_status.h\n'}
[2.559826] (px4_msgs) StdoutLine: {'line': b'-- Up-to-date: /home/rschnurr/SkyClaw-Team1/ros2_ws/install/px4_msgs/include/px4_msgs/px4_msgs/msg/health_report.h\n'}
[2.561187] (px4_msgs) StdoutLine: {'line': b'-- Up-to-date: /home/rschnurr/SkyClaw-Team1/ros2_ws/install/px4_msgs/include/px4_msgs/px4_msgs/msg/vehicle_local_position.h\n'}
[2.561857] (px4_msgs) StdoutLine: {'line': b'-- Up-to-date: /home/rschnurr/SkyClaw-Team1/ros2_ws/install/px4_msgs/include/px4_msgs/px4_msgs/msg/power_monitor.h\n'}
[2.562084] (px4_msgs) StdoutLine: {'line': b'-- Up-to-date: /home/rschnurr/SkyClaw-Team1/ros2_ws/install/px4_msgs/include/px4_msgs/px4_msgs/msg/estimator_states.h\n'}
[2.562481] (px4_msgs) StdoutLine: {'line': b'-- Up-to-date: /home/rschnurr/SkyClaw-Team1/ros2_ws/install/px4_msgs/include/px4_msgs/px4_msgs/msg/dronecan_node_status.h\n'}
[2.562598] (px4_msgs) StdoutLine: {'line': b'-- Up-to-date: /home/rschnurr/SkyClaw-Team1/ros2_ws/install/px4_msgs/include/px4_msgs/px4_msgs/msg/offboard_control_mode.h\n'}
[2.562683] (px4_msgs) StdoutLine: {'line': b'-- Up-to-date: /home/rschnurr/SkyClaw-Team1/ros2_ws/install/px4_msgs/include/px4_msgs/px4_msgs/msg/trajectory_setpoint.h\n'}
[2.563164] (px4_msgs) StdoutLine: {'line': b'-- Up-to-date: /home/rschnurr/SkyClaw-Team1/ros2_ws/install/px4_msgs/include/px4_msgs/px4_msgs/msg/wheel_encoders.h\n'}
[2.564255] (px4_msgs) StdoutLine: {'line': b'-- Up-to-date: /home/rschnurr/SkyClaw-Team1/ros2_ws/install/px4_msgs/include/px4_msgs/px4_msgs/msg/magnetometer_bias_estimate.h\n'}
[2.564628] (px4_msgs) StdoutLine: {'line': b'-- Up-to-date: /home/rschnurr/SkyClaw-Team1/ros2_ws/install/px4_msgs/include/px4_msgs/px4_msgs/msg/follow_target.h\n'}
[2.565620] (px4_msgs) StdoutLine: {'line': b'-- Up-to-date: /home/rschnurr/SkyClaw-Team1/ros2_ws/install/px4_msgs/include/px4_msgs/px4_msgs/msg/orb_test_medium.h\n'}
[2.566143] (px4_msgs) StdoutLine: {'line': b'-- Up-to-date: /home/rschnurr/SkyClaw-Team1/ros2_ws/install/px4_msgs/include/px4_msgs/px4_msgs/msg/event.h\n'}
[2.566958] (px4_msgs) StdoutLine: {'line': b'-- Up-to-date: /home/rschnurr/SkyClaw-Team1/ros2_ws/install/px4_msgs/include/px4_msgs/px4_msgs/msg/longitudinal_control_configuration.h\n'}
[2.568305] (px4_msgs) StdoutLine: {'line': b'-- Up-to-date: /home/rschnurr/SkyClaw-Team1/ros2_ws/install/px4_msgs/include/px4_msgs/px4_msgs/msg/flight_phase_estimation.h\n'}
[2.568692] (px4_msgs) StdoutLine: {'line': b'-- Up-to-date: /home/rschnurr/SkyClaw-Team1/ros2_ws/install/px4_msgs/include/px4_msgs/px4_msgs/msg/control_allocator_status.h\n'}
[2.571136] (px4_msgs) StdoutLine: {'line': b'-- Up-to-date: /home/rschnurr/SkyClaw-Team1/ros2_ws/install/px4_msgs/include/px4_msgs/px4_msgs/msg/tiltrotor_extra_controls.h\n'}
[2.572017] (px4_msgs) StdoutLine: {'line': b'-- Up-to-date: /home/rschnurr/SkyClaw-Team1/ros2_ws/install/px4_msgs/include/px4_msgs/px4_msgs/msg/vehicle_roi.h\n'}
[2.572594] (px4_msgs) StdoutLine: {'line': b'-- Up-to-date: /home/rschnurr/SkyClaw-Team1/ros2_ws/install/px4_msgs/include/px4_msgs/px4_msgs/msg/vehicle_rates_setpoint.h\n'}
[2.572942] (px4_msgs) StdoutLine: {'line': b'-- Up-to-date: /home/rschnurr/SkyClaw-Team1/ros2_ws/install/px4_msgs/include/px4_msgs/px4_msgs/msg/rover_rate_status.h\n'}
[2.573177] (px4_msgs) StdoutLine: {'line': b'-- Up-to-date: /home/rschnurr/SkyClaw-Team1/ros2_ws/install/px4_msgs/include/px4_msgs/px4_msgs/msg/vehicle_odometry.h\n'}
[2.573402] (px4_msgs) StdoutLine: {'line': b'-- Up-to-date: /home/rschnurr/SkyClaw-Team1/ros2_ws/install/px4_msgs/include/px4_msgs/px4_msgs/msg/message_format_request.h\n'}
[2.573573] (px4_msgs) StdoutLine: {'line': b'-- Up-to-date: /home/rschnurr/SkyClaw-Team1/ros2_ws/install/px4_msgs/include/px4_msgs/px4_msgs/msg/sensors_status_imu.h\n'}
[2.574166] (px4_msgs) StdoutLine: {'line': b'-- Up-to-date: /home/rschnurr/SkyClaw-Team1/ros2_ws/install/px4_msgs/include/px4_msgs/px4_msgs/msg/vehicle_optical_flow_vel.h\n'}
[2.575002] (px4_msgs) StdoutLine: {'line': b'-- Up-to-date: /home/rschnurr/SkyClaw-Team1/ros2_ws/install/px4_msgs/include/px4_msgs/px4_msgs/msg/vehicle_imu_status.h\n'}
[2.575657] (px4_msgs) StdoutLine: {'line': b'-- Up-to-date: /home/rschnurr/SkyClaw-Team1/ros2_ws/install/px4_msgs/include/px4_msgs/px4_msgs/msg/vehicle_land_detected.h\n'}
[2.576050] (px4_msgs) StdoutLine: {'line': b'-- Up-to-date: /home/rschnurr/SkyClaw-Team1/ros2_ws/install/px4_msgs/include/px4_msgs/px4_msgs/msg/follow_target_estimator.h\n'}
[2.576529] (px4_msgs) StdoutLine: {'line': b'-- Up-to-date: /home/rschnurr/SkyClaw-Team1/ros2_ws/install/px4_msgs/include/px4_msgs/px4_msgs/msg/system_power.h\n'}
[2.577065] (px4_msgs) StdoutLine: {'line': b'-- Up-to-date: /home/rschnurr/SkyClaw-Team1/ros2_ws/install/px4_msgs/include/px4_msgs/px4_msgs/msg/vehicle_status.h\n'}
[2.577827] (px4_msgs) StdoutLine: {'line': b'-- Up-to-date: /home/rschnurr/SkyClaw-Team1/ros2_ws/install/px4_msgs/include/px4_msgs/px4_msgs/msg/open_drone_id_arm_status.h\n'}
[2.578112] (px4_msgs) StdoutLine: {'line': b'-- Up-to-date: /home/rschnurr/SkyClaw-Team1/ros2_ws/install/px4_msgs/include/px4_msgs/px4_msgs/msg/rpm.h\n'}
[2.580464] (px4_msgs) StdoutLine: {'line': b'-- Up-to-date: /home/rschnurr/SkyClaw-Team1/ros2_ws/install/px4_msgs/include/px4_msgs/px4_msgs/msg/gps_dump.h\n'}
[2.581493] (px4_msgs) StdoutLine: {'line': b'-- Up-to-date: /home/rschnurr/SkyClaw-Team1/ros2_ws/install/px4_msgs/include/px4_msgs/px4_msgs/msg/airspeed_wind.h\n'}
[2.582297] (px4_msgs) StdoutLine: {'line': b'-- Up-to-date: /home/rschnurr/SkyClaw-Team1/ros2_ws/install/px4_msgs/include/px4_msgs/px4_msgs/msg/debug_value.h\n'}
[2.584759] (px4_msgs) StdoutLine: {'line': b'-- Up-to-date: /home/rschnurr/SkyClaw-Team1/ros2_ws/install/px4_msgs/include/px4_msgs/px4_msgs/msg/estimator_aid_source2d.h\n'}
[2.591841] (px4_msgs) StdoutLine: {'line': b'-- Up-to-date: /home/rschnurr/SkyClaw-Team1/ros2_ws/install/px4_msgs/include/px4_msgs/px4_msgs/msg/launch_detection_status.h\n'}
[2.592767] (px4_msgs) StdoutLine: {'line': b'-- Up-to-date: /home/rschnurr/SkyClaw-Team1/ros2_ws/install/px4_msgs/include/px4_msgs/px4_msgs/msg/rover_position_setpoint.h\n'}
[2.593730] (px4_msgs) StdoutLine: {'line': b'-- Up-to-date: /home/rschnurr/SkyClaw-Team1/ros2_ws/install/px4_msgs/include/px4_msgs/px4_msgs/msg/estimator_selector_status.h\n'}
[2.594414] (px4_msgs) StdoutLine: {'line': b'-- Up-to-date: /home/rschnurr/SkyClaw-Team1/ros2_ws/install/px4_msgs/include/px4_msgs/px4_msgs/msg/sensor_gyro_fft.h\n'}
[2.595059] (px4_msgs) StdoutLine: {'line': b'-- Up-to-date: /home/rschnurr/SkyClaw-Team1/ros2_ws/install/px4_msgs/include/px4_msgs/px4_msgs/msg/irlock_report.h\n'}
[2.595405] (px4_msgs) StdoutLine: {'line': b'-- Up-to-date: /home/rschnurr/SkyClaw-Team1/ros2_ws/install/px4_msgs/include/px4_msgs/px4_msgs/msg/navigator_mission_item.h\n'}
[2.595837] (px4_msgs) StdoutLine: {'line': b'-- Up-to-date: /home/rschnurr/SkyClaw-Team1/ros2_ws/install/px4_msgs/include/px4_msgs/px4_msgs/msg/sensor_accel_fifo.h\n'}
[2.596548] (px4_msgs) StdoutLine: {'line': b'-- Up-to-date: /home/rschnurr/SkyClaw-Team1/ros2_ws/install/px4_msgs/include/px4_msgs/px4_msgs/msg/vehicle_air_data.h\n'}
[2.597185] (px4_msgs) StdoutLine: {'line': b'-- Up-to-date: /home/rschnurr/SkyClaw-Team1/ros2_ws/install/px4_msgs/include/px4_msgs/px4_msgs/msg/gimbal_manager_information.h\n'}
[2.597488] (px4_msgs) StdoutLine: {'line': b'-- Up-to-date: /home/rschnurr/SkyClaw-Team1/ros2_ws/install/px4_msgs/include/px4_msgs/px4_msgs/msg/arming_check_reply.h\n'}
[2.597940] (px4_msgs) StdoutLine: {'line': b'-- Up-to-date: /home/rschnurr/SkyClaw-Team1/ros2_ws/install/px4_msgs/include/px4_msgs/px4_msgs/msg/rover_rate_setpoint.h\n'}
[2.598144] (px4_msgs) StdoutLine: {'line': b'-- Up-to-date: /home/rschnurr/SkyClaw-Team1/ros2_ws/install/px4_msgs/include/px4_msgs/px4_msgs/msg/rover_speed_status.h\n'}
[2.598753] (px4_msgs) StdoutLine: {'line': b'-- Up-to-date: /home/rschnurr/SkyClaw-Team1/ros2_ws/install/px4_msgs/include/px4_msgs/px4_msgs/msg/detail\n'}
[2.599852] (px4_msgs) StdoutLine: {'line': b'-- Up-to-date: /home/rschnurr/SkyClaw-Team1/ros2_ws/install/px4_msgs/include/px4_msgs/px4_msgs/msg/detail/onboard_computer_status__struct.h\n'}
[2.601199] (px4_msgs) StdoutLine: {'line': b'-- Up-to-date: /home/rschnurr/SkyClaw-Team1/ros2_ws/install/px4_msgs/include/px4_msgs/px4_msgs/msg/detail/iridiumsbd_status__type_support.h\n'}
[2.601596] (px4_msgs) StdoutLine: {'line': b'-- Up-to-date: /home/rschnurr/SkyClaw-Team1/ros2_ws/install/px4_msgs/include/px4_msgs/px4_msgs/msg/detail/arming_check_request__type_support.h\n'}
[2.602031] (px4_msgs) StdoutLine: {'line': b'-- Up-to-date: /home/rschnurr/SkyClaw-Team1/ros2_ws/install/px4_msgs/include/px4_msgs/px4_msgs/msg/detail/fixed_wing_longitudinal_setpoint__functions.h\n'}
[2.602906] (px4_msgs) StdoutLine: {'line': b'-- Up-to-date: /home/rschnurr/SkyClaw-Team1/ros2_ws/install/px4_msgs/include/px4_msgs/px4_msgs/msg/detail/ekf2_timestamps__type_support.h\n'}
[2.603493] (px4_msgs) StdoutLine: {'line': b'-- Up-to-date: /home/rschnurr/SkyClaw-Team1/ros2_ws/install/px4_msgs/include/px4_msgs/px4_msgs/msg/detail/fixed_wing_lateral_status__struct.h\n'}
[2.603794] (px4_msgs) StdoutLine: {'line': b'-- Up-to-date: /home/rschnurr/SkyClaw-Team1/ros2_ws/install/px4_msgs/include/px4_msgs/px4_msgs/msg/detail/rover_attitude_setpoint__struct.h\n'}
[2.603933] (px4_msgs) StdoutLine: {'line': b'-- Up-to-date: /home/rschnurr/SkyClaw-Team1/ros2_ws/install/px4_msgs/include/px4_msgs/px4_msgs/msg/detail/satellite_info__struct.h\n'}
[2.604534] (px4_msgs) StdoutLine: {'line': b'-- Up-to-date: /home/rschnurr/SkyClaw-Team1/ros2_ws/install/px4_msgs/include/px4_msgs/px4_msgs/msg/detail/pps_capture__functions.h\n'}
[2.604822] (px4_msgs) StdoutLine: {'line': b'-- Up-to-date: /home/rschnurr/SkyClaw-Team1/ros2_ws/install/px4_msgs/include/px4_msgs/px4_msgs/msg/detail/estimator_aid_source2d__functions.c\n'}
[2.604987] (px4_msgs) StdoutLine: {'line': b'-- Up-to-date: /home/rschnurr/SkyClaw-Team1/ros2_ws/install/px4_msgs/include/px4_msgs/px4_msgs/msg/detail/gimbal_manager_set_attitude__functions.h\n'}
[2.605513] (px4_msgs) StdoutLine: {'line': b'-- Up-to-date: /home/rschnurr/SkyClaw-Team1/ros2_ws/install/px4_msgs/include/px4_msgs/px4_msgs/msg/detail/uavcan_parameter_request__type_support.h\n'}
[2.605935] (px4_msgs) StdoutLine: {'line': b'-- Up-to-date: /home/rschnurr/SkyClaw-Team1/ros2_ws/install/px4_msgs/include/px4_msgs/px4_msgs/msg/detail/esc_status__functions.h\n'}
[2.606606] (px4_msgs) StdoutLine: {'line': b'-- Up-to-date: /home/rschnurr/SkyClaw-Team1/ros2_ws/install/px4_msgs/include/px4_msgs/px4_msgs/msg/detail/estimator_innovations__functions.c\n'}
[2.608285] (px4_msgs) StdoutLine: {'line': b'-- Up-to-date: /home/rschnurr/SkyClaw-Team1/ros2_ws/install/px4_msgs/include/px4_msgs/px4_msgs/msg/detail/message_format_response__struct.h\n'}
[2.609373] (px4_msgs) StdoutLine: {'line': b'-- Up-to-date: /home/rschnurr/SkyClaw-Team1/ros2_ws/install/px4_msgs/include/px4_msgs/px4_msgs/msg/detail/hover_thrust_estimate__type_support.h\n'}
[2.609837] (px4_msgs) StdoutLine: {'line': b'-- Up-to-date: /home/rschnurr/SkyClaw-Team1/ros2_ws/install/px4_msgs/include/px4_msgs/px4_msgs/msg/detail/rtl_status__functions.h\n'}
[2.610529] (px4_msgs) StdoutLine: {'line': b'-- Up-to-date: /home/rschnurr/SkyClaw-Team1/ros2_ws/install/px4_msgs/include/px4_msgs/px4_msgs/msg/detail/actuator_outputs__type_support.h\n'}
[2.611366] (px4_msgs) StdoutLine: {'line': b'-- Up-to-date: /home/rschnurr/SkyClaw-Team1/ros2_ws/install/px4_msgs/include/px4_msgs/px4_msgs/msg/detail/estimator_event_flags__functions.h\n'}
[2.612319] (px4_msgs) StdoutLine: {'line': b'-- Up-to-date: /home/rschnurr/SkyClaw-Team1/ros2_ws/install/px4_msgs/include/px4_msgs/px4_msgs/msg/detail/sensor_selection__functions.h\n'}
[2.612971] (px4_msgs) StdoutLine: {'line': b'-- Up-to-date: /home/rschnurr/SkyClaw-Team1/ros2_ws/install/px4_msgs/include/px4_msgs/px4_msgs/msg/detail/fixed_wing_lateral_setpoint__type_support.h\n'}
[2.613551] (px4_msgs) StdoutLine: {'line': b'-- Up-to-date: /home/rschnurr/SkyClaw-Team1/ros2_ws/install/px4_msgs/include/px4_msgs/px4_msgs/msg/detail/fuel_tank_status__functions.c\n'}
[2.614127] (px4_msgs) StdoutLine: {'line': b'-- Up-to-date: /home/rschnurr/SkyClaw-Team1/ros2_ws/install/px4_msgs/include/px4_msgs/px4_msgs/msg/detail/vehicle_angular_acceleration_setpoint__struct.h\n'}
[2.614782] (px4_msgs) StdoutLine: {'line': b'-- Up-to-date: /home/rschnurr/SkyClaw-Team1/ros2_ws/install/px4_msgs/include/px4_msgs/px4_msgs/msg/detail/yaw_estimator_status__struct.h\n'}
[2.615085] (px4_msgs) StdoutLine: {'line': b'-- Up-to-date: /home/rschnurr/SkyClaw-Team1/ros2_ws/install/px4_msgs/include/px4_msgs/px4_msgs/msg/detail/sensor_combined__type_support.h\n'}
[2.615799] (px4_msgs) StdoutLine: {'line': b'-- Up-to-date: /home/rschnurr/SkyClaw-Team1/ros2_ws/install/px4_msgs/include/px4_msgs/px4_msgs/msg/detail/orb_test_large__type_support.h\n'}
[2.616311] (px4_msgs) StdoutLine: {'line': b'-- Up-to-date: /home/rschnurr/SkyClaw-Team1/ros2_ws/install/px4_msgs/include/px4_msgs/px4_msgs/msg/detail/gpio_in__functions.h\n'}
[2.616826] (px4_msgs) StdoutLine: {'line': b'-- Up-to-date: /home/rschnurr/SkyClaw-Team1/ros2_ws/install/px4_msgs/include/px4_msgs/px4_msgs/msg/detail/rover_position_setpoint__struct.h\n'}
[2.617313] (px4_msgs) StdoutLine: {'line': b'-- Up-to-date: /home/rschnurr/SkyClaw-Team1/ros2_ws/install/px4_msgs/include/px4_msgs/px4_msgs/msg/detail/pwm_input__functions.h\n'}
[2.617958] (px4_msgs) StdoutLine: {'line': b'-- Up-to-date: /home/rschnurr/SkyClaw-Team1/ros2_ws/install/px4_msgs/include/px4_msgs/px4_msgs/msg/detail/vehicle_torque_setpoint__struct.h\n'}
[2.618311] (px4_msgs) StdoutLine: {'line': b'-- Up-to-date: /home/rschnurr/SkyClaw-Team1/ros2_ws/install/px4_msgs/include/px4_msgs/px4_msgs/msg/detail/power_monitor__functions.c\n'}
[2.619383] (px4_msgs) StdoutLine: {'line': b'-- Up-to-date: /home/rschnurr/SkyClaw-Team1/ros2_ws/install/px4_msgs/include/px4_msgs/px4_msgs/msg/detail/sensor_gyro_fft__type_support.h\n'}
[2.620792] (px4_msgs) StdoutLine: {'line': b'-- Up-to-date: /home/rschnurr/SkyClaw-Team1/ros2_ws/install/px4_msgs/include/px4_msgs/px4_msgs/msg/detail/longitudinal_control_configuration__type_support.h\n'}
[2.621390] (px4_msgs) StdoutLine: {'line': b'-- Up-to-date: /home/rschnurr/SkyClaw-Team1/ros2_ws/install/px4_msgs/include/px4_msgs/px4_msgs/msg/detail/gimbal_manager_information__type_support.h\n'}
[2.622035] (px4_msgs) StdoutLine: {'line': b'-- Up-to-date: /home/rschnurr/SkyClaw-Team1/ros2_ws/install/px4_msgs/include/px4_msgs/px4_msgs/msg/detail/ulog_stream_ack__type_support.h\n'}
[2.622774] (px4_msgs) StdoutLine: {'line': b'-- Up-to-date: /home/rschnurr/SkyClaw-Team1/ros2_ws/install/px4_msgs/include/px4_msgs/px4_msgs/msg/detail/debug_value__functions.h\n'}
[2.626250] (-) TimerEvent: {}
[2.627625] (px4_msgs) StdoutLine: {'line': b'-- Up-to-date: /home/rschnurr/SkyClaw-Team1/ros2_ws/install/px4_msgs/include/px4_msgs/px4_msgs/msg/detail/debug_array__type_support.h\n'}
[2.629442] (px4_msgs) StdoutLine: {'line': b'-- Up-to-date: /home/rschnurr/SkyClaw-Team1/ros2_ws/install/px4_msgs/include/px4_msgs/px4_msgs/msg/detail/autotune_attitude_control_status__struct.h\n'}
[2.630329] (px4_msgs) StdoutLine: {'line': b'-- Up-to-date: /home/rschnurr/SkyClaw-Team1/ros2_ws/install/px4_msgs/include/px4_msgs/px4_msgs/msg/detail/parameter_update__type_support.h\n'}
[2.630845] (px4_msgs) StdoutLine: {'line': b'-- Up-to-date: /home/rschnurr/SkyClaw-Team1/ros2_ws/install/px4_msgs/include/px4_msgs/px4_msgs/msg/detail/estimator_aid_source2d__type_support.h\n'}
[2.631051] (px4_msgs) StdoutLine: {'line': b'-- Up-to-date: /home/rschnurr/SkyClaw-Team1/ros2_ws/install/px4_msgs/include/px4_msgs/px4_msgs/msg/detail/ulog_stream_ack__functions.h\n'}
[2.635561] (px4_msgs) StdoutLine: {'line': b'-- Up-to-date: /home/rschnurr/SkyClaw-Team1/ros2_ws/install/px4_msgs/include/px4_msgs/px4_msgs/msg/detail/open_drone_id_self_id__functions.h\n'}
[2.635697] (px4_msgs) StdoutLine: {'line': b'-- Up-to-date: /home/rschnurr/SkyClaw-Team1/ros2_ws/install/px4_msgs/include/px4_msgs/px4_msgs/msg/detail/vehicle_air_data__struct.h\n'}
[2.635765] (px4_msgs) StdoutLine: {'line': b'-- Up-to-date: /home/rschnurr/SkyClaw-Team1/ros2_ws/install/px4_msgs/include/px4_msgs/px4_msgs/msg/detail/onboard_computer_status__functions.c\n'}
[2.636716] (px4_msgs) StdoutLine: {'line': b'-- Up-to-date: /home/rschnurr/SkyClaw-Team1/ros2_ws/install/px4_msgs/include/px4_msgs/px4_msgs/msg/detail/sensor_gnss_status__type_support.h\n'}
[2.637714] (px4_msgs) StdoutLine: {'line': b'-- Up-to-date: /home/rschnurr/SkyClaw-Team1/ros2_ws/install/px4_msgs/include/px4_msgs/px4_msgs/msg/detail/vehicle_attitude__functions.h\n'}
[2.638374] (px4_msgs) StdoutLine: {'line': b'-- Up-to-date: /home/rschnurr/SkyClaw-Team1/ros2_ws/install/px4_msgs/include/px4_msgs/px4_msgs/msg/detail/ulog_stream__functions.h\n'}
[2.639076] (px4_msgs) StdoutLine: {'line': b'-- Up-to-date: /home/rschnurr/SkyClaw-Team1/ros2_ws/install/px4_msgs/include/px4_msgs/px4_msgs/msg/detail/message_format_request__functions.c\n'}
[2.639417] (px4_msgs) StdoutLine: {'line': b'-- Up-to-date: /home/rschnurr/SkyClaw-Team1/ros2_ws/install/px4_msgs/include/px4_msgs/px4_msgs/msg/detail/sensor_accel__functions.h\n'}
[2.639692] (px4_msgs) StdoutLine: {'line': b'-- Up-to-date: /home/rschnurr/SkyClaw-Team1/ros2_ws/install/px4_msgs/include/px4_msgs/px4_msgs/msg/detail/manual_control_setpoint__type_support.h\n'}
[2.640213] (px4_msgs) StdoutLine: {'line': b'-- Up-to-date: /home/rschnurr/SkyClaw-Team1/ros2_ws/install/px4_msgs/include/px4_msgs/px4_msgs/msg/detail/config_overrides__functions.h\n'}
[2.640556] (px4_msgs) StdoutLine: {'line': b'-- Up-to-date: /home/rschnurr/SkyClaw-Team1/ros2_ws/install/px4_msgs/include/px4_msgs/px4_msgs/msg/detail/led_control__functions.c\n'}
[2.641138] (px4_msgs) StdoutLine: {'line': b'-- Up-to-date: /home/rschnurr/SkyClaw-Team1/ros2_ws/install/px4_msgs/include/px4_msgs/px4_msgs/msg/detail/wheel_encoders__type_support.h\n'}
[2.642042] (px4_msgs) StdoutLine: {'line': b'-- Up-to-date: /home/rschnurr/SkyClaw-Team1/ros2_ws/install/px4_msgs/include/px4_msgs/px4_msgs/msg/detail/vehicle_constraints__functions.c\n'}
[2.642770] (px4_msgs) StdoutLine: {'line': b'-- Up-to-date: /home/rschnurr/SkyClaw-Team1/ros2_ws/install/px4_msgs/include/px4_msgs/px4_msgs/msg/detail/actuator_controls_status__struct.h\n'}
[2.643098] (px4_msgs) StdoutLine: {'line': b'-- Up-to-date: /home/rschnurr/SkyClaw-Team1/ros2_ws/install/px4_msgs/include/px4_msgs/px4_msgs/msg/detail/distance_sensor__functions.c\n'}
[2.644275] (px4_msgs) StdoutLine: {'line': b'-- Up-to-date: /home/rschnurr/SkyClaw-Team1/ros2_ws/install/px4_msgs/include/px4_msgs/px4_msgs/msg/detail/debug_vect__type_support.h\n'}
[2.645130] (px4_msgs) StdoutLine: {'line': b'-- Up-to-date: /home/rschnurr/SkyClaw-Team1/ros2_ws/install/px4_msgs/include/px4_msgs/px4_msgs/msg/detail/magnetometer_bias_estimate__struct.h\n'}
[2.645633] (px4_msgs) StdoutLine: {'line': b'-- Up-to-date: /home/rschnurr/SkyClaw-Team1/ros2_ws/install/px4_msgs/include/px4_msgs/px4_msgs/msg/detail/sensor_preflight_mag__struct.h\n'}
[2.646768] (px4_msgs) StdoutLine: {'line': b'-- Up-to-date: /home/rschnurr/SkyClaw-Team1/ros2_ws/install/px4_msgs/include/px4_msgs/px4_msgs/msg/detail/vehicle_air_data__functions.c\n'}
[2.646953] (px4_msgs) StdoutLine: {'line': b'-- Up-to-date: /home/rschnurr/SkyClaw-Team1/ros2_ws/install/px4_msgs/include/px4_msgs/px4_msgs/msg/detail/wheel_encoders__functions.c\n'}
[2.647044] (px4_msgs) StdoutLine: {'line': b'-- Up-to-date: /home/rschnurr/SkyClaw-Team1/ros2_ws/install/px4_msgs/include/px4_msgs/px4_msgs/msg/detail/fixed_wing_runway_control__functions.h\n'}
[2.647850] (px4_msgs) StdoutLine: {'line': b'-- Up-to-date: /home/rschnurr/SkyClaw-Team1/ros2_ws/install/px4_msgs/include/px4_msgs/px4_msgs/msg/detail/orb_test_medium__functions.c\n'}
[2.648035] (px4_msgs) StdoutLine: {'line': b'-- Up-to-date: /home/rschnurr/SkyClaw-Team1/ros2_ws/install/px4_msgs/include/px4_msgs/px4_msgs/msg/detail/vehicle_rates_setpoint__struct.h\n'}
[2.648461] (px4_msgs) StdoutLine: {'line': b'-- Up-to-date: /home/rschnurr/SkyClaw-Team1/ros2_ws/install/px4_msgs/include/px4_msgs/px4_msgs/msg/detail/sensor_airflow__functions.c\n'}
[2.649088] (px4_msgs) StdoutLine: {'line': b'-- Up-to-date: /home/rschnurr/SkyClaw-Team1/ros2_ws/install/px4_msgs/include/px4_msgs/px4_msgs/msg/detail/control_allocator_status__functions.h\n'}
[2.649675] (px4_msgs) StdoutLine: {'line': b'-- Up-to-date: /home/rschnurr/SkyClaw-Team1/ros2_ws/install/px4_msgs/include/px4_msgs/px4_msgs/msg/detail/px4io_status__functions.c\n'}
[2.650157] (px4_msgs) StdoutLine: {'line': b'-- Up-to-date: /home/rschnurr/SkyClaw-Team1/ros2_ws/install/px4_msgs/include/px4_msgs/px4_msgs/msg/detail/sensors_status__functions.c\n'}
[2.651611] (px4_msgs) StdoutLine: {'line': b'-- Up-to-date: /home/rschnurr/SkyClaw-Team1/ros2_ws/install/px4_msgs/include/px4_msgs/px4_msgs/msg/detail/sensor_baro__struct.h\n'}
[2.652388] (px4_msgs) StdoutLine: {'line': b'-- Up-to-date: /home/rschnurr/SkyClaw-Team1/ros2_ws/install/px4_msgs/include/px4_msgs/px4_msgs/msg/detail/vehicle_optical_flow_vel__struct.h\n'}
[2.652875] (px4_msgs) StdoutLine: {'line': b'-- Up-to-date: /home/rschnurr/SkyClaw-Team1/ros2_ws/install/px4_msgs/include/px4_msgs/px4_msgs/msg/detail/fixed_wing_runway_control__struct.h\n'}
[2.653141] (px4_msgs) StdoutLine: {'line': b'-- Up-to-date: /home/rschnurr/SkyClaw-Team1/ros2_ws/install/px4_msgs/include/px4_msgs/px4_msgs/msg/detail/debug_array__functions.h\n'}
[2.653311] (px4_msgs) StdoutLine: {'line': b'-- Up-to-date: /home/rschnurr/SkyClaw-Team1/ros2_ws/install/px4_msgs/include/px4_msgs/px4_msgs/msg/detail/vehicle_command__struct.h\n'}
[2.653428] (px4_msgs) StdoutLine: {'line': b'-- Up-to-date: /home/rschnurr/SkyClaw-Team1/ros2_ws/install/px4_msgs/include/px4_msgs/px4_msgs/msg/detail/neural_control__functions.c\n'}
[2.653995] (px4_msgs) StdoutLine: {'line': b'-- Up-to-date: /home/rschnurr/SkyClaw-Team1/ros2_ws/install/px4_msgs/include/px4_msgs/px4_msgs/msg/detail/mag_worker_data__functions.h\n'}
[2.654164] (px4_msgs) StdoutLine: {'line': b'-- Up-to-date: /home/rschnurr/SkyClaw-Team1/ros2_ws/install/px4_msgs/include/px4_msgs/px4_msgs/msg/detail/position_controller_status__type_support.h\n'}
[2.654255] (px4_msgs) StdoutLine: {'line': b'-- Up-to-date: /home/rschnurr/SkyClaw-Team1/ros2_ws/install/px4_msgs/include/px4_msgs/px4_msgs/msg/detail/differential_pressure__struct.h\n'}
[2.654342] (px4_msgs) StdoutLine: {'line': b'-- Up-to-date: /home/rschnurr/SkyClaw-Team1/ros2_ws/install/px4_msgs/include/px4_msgs/px4_msgs/msg/detail/gps_inject_data__struct.h\n'}
[2.654965] (px4_msgs) StdoutLine: {'line': b'-- Up-to-date: /home/rschnurr/SkyClaw-Team1/ros2_ws/install/px4_msgs/include/px4_msgs/px4_msgs/msg/detail/velocity_limits__functions.c\n'}
[2.655529] (px4_msgs) StdoutLine: {'line': b'-- Up-to-date: /home/rschnurr/SkyClaw-Team1/ros2_ws/install/px4_msgs/include/px4_msgs/px4_msgs/msg/detail/vehicle_attitude_setpoint__struct.h\n'}
[2.656187] (px4_msgs) StdoutLine: {'line': b'-- Up-to-date: /home/rschnurr/SkyClaw-Team1/ros2_ws/install/px4_msgs/include/px4_msgs/px4_msgs/msg/detail/open_drone_id_operator_id__type_support.h\n'}
[2.656519] (px4_msgs) StdoutLine: {'line': b'-- Up-to-date: /home/rschnurr/SkyClaw-Team1/ros2_ws/install/px4_msgs/include/px4_msgs/px4_msgs/msg/detail/orbit_status__type_support.h\n'}
[2.657282] (px4_msgs) StdoutLine: {'line': b'-- Up-to-date: /home/rschnurr/SkyClaw-Team1/ros2_ws/install/px4_msgs/include/px4_msgs/px4_msgs/msg/detail/internal_combustion_engine_control__struct.h\n'}
[2.658004] (px4_msgs) StdoutLine: {'line': b'-- Up-to-date: /home/rschnurr/SkyClaw-Team1/ros2_ws/install/px4_msgs/include/px4_msgs/px4_msgs/msg/detail/sensor_hygrometer__struct.h\n'}
[2.658741] (px4_msgs) StdoutLine: {'line': b'-- Up-to-date: /home/rschnurr/SkyClaw-Team1/ros2_ws/install/px4_msgs/include/px4_msgs/px4_msgs/msg/detail/system_power__functions.c\n'}
[2.659534] (px4_msgs) StdoutLine: {'line': b'-- Up-to-date: /home/rschnurr/SkyClaw-Team1/ros2_ws/install/px4_msgs/include/px4_msgs/px4_msgs/msg/detail/gimbal_device_attitude_status__type_support.h\n'}
[2.659867] (px4_msgs) StdoutLine: {'line': b'-- Up-to-date: /home/rschnurr/SkyClaw-Team1/ros2_ws/install/px4_msgs/include/px4_msgs/px4_msgs/msg/detail/actuator_test__functions.h\n'}
[2.660025] (px4_msgs) StdoutLine: {'line': b'-- Up-to-date: /home/rschnurr/SkyClaw-Team1/ros2_ws/install/px4_msgs/include/px4_msgs/px4_msgs/msg/detail/rover_rate_setpoint__functions.c\n'}
[2.660221] (px4_msgs) StdoutLine: {'line': b'-- Up-to-date: /home/rschnurr/SkyClaw-Team1/ros2_ws/install/px4_msgs/include/px4_msgs/px4_msgs/msg/detail/vehicle_acceleration__struct.h\n'}
[2.660554] (px4_msgs) StdoutLine: {'line': b'-- Up-to-date: /home/rschnurr/SkyClaw-Team1/ros2_ws/install/px4_msgs/include/px4_msgs/px4_msgs/msg/detail/magnetometer_bias_estimate__functions.c\n'}
[2.661460] (px4_msgs) StdoutLine: {'line': b'-- Up-to-date: /home/rschnurr/SkyClaw-Team1/ros2_ws/install/px4_msgs/include/px4_msgs/px4_msgs/msg/detail/vehicle_imu_status__struct.h\n'}
[2.661641] (px4_msgs) StdoutLine: {'line': b'-- Up-to-date: /home/rschnurr/SkyClaw-Team1/ros2_ws/install/px4_msgs/include/px4_msgs/px4_msgs/msg/detail/trajectory_setpoint__type_support.h\n'}
[2.662160] (px4_msgs) StdoutLine: {'line': b'-- Up-to-date: /home/rschnurr/SkyClaw-Team1/ros2_ws/install/px4_msgs/include/px4_msgs/px4_msgs/msg/detail/vehicle_magnetometer__functions.c\n'}
[2.662322] (px4_msgs) StdoutLine: {'line': b'-- Up-to-date: /home/rschnurr/SkyClaw-Team1/ros2_ws/install/px4_msgs/include/px4_msgs/px4_msgs/msg/detail/parameter_set_used_request__functions.c\n'}
[2.662432] (px4_msgs) StdoutLine: {'line': b'-- Up-to-date: /home/rschnurr/SkyClaw-Team1/ros2_ws/install/px4_msgs/include/px4_msgs/px4_msgs/msg/detail/trajectory_setpoint6dof__struct.h\n'}
[2.662538] (px4_msgs) StdoutLine: {'line': b'-- Up-to-date: /home/rschnurr/SkyClaw-Team1/ros2_ws/install/px4_msgs/include/px4_msgs/px4_msgs/msg/detail/unregister_ext_component__struct.h\n'}
[2.662637] (px4_msgs) StdoutLine: {'line': b'-- Up-to-date: /home/rschnurr/SkyClaw-Team1/ros2_ws/install/px4_msgs/include/px4_msgs/px4_msgs/msg/detail/uavcan_parameter_value__type_support.h\n'}
[2.663532] (px4_msgs) StdoutLine: {'line': b'-- Up-to-date: /home/rschnurr/SkyClaw-Team1/ros2_ws/install/px4_msgs/include/px4_msgs/px4_msgs/msg/detail/vehicle_acceleration__type_support.h\n'}
[2.663746] (px4_msgs) StdoutLine: {'line': b'-- Up-to-date: /home/rschnurr/SkyClaw-Team1/ros2_ws/install/px4_msgs/include/px4_msgs/px4_msgs/msg/detail/sensor_correction__type_support.h\n'}
[2.664137] (px4_msgs) StdoutLine: {'line': b'-- Up-to-date: /home/rschnurr/SkyClaw-Team1/ros2_ws/install/px4_msgs/include/px4_msgs/px4_msgs/msg/detail/vehicle_angular_velocity__struct.h\n'}
[2.664306] (px4_msgs) StdoutLine: {'line': b'-- Up-to-date: /home/rschnurr/SkyClaw-Team1/ros2_ws/install/px4_msgs/include/px4_msgs/px4_msgs/msg/detail/sensors_status__struct.h\n'}
[2.664478] (px4_msgs) StdoutLine: {'line': b'-- Up-to-date: /home/rschnurr/SkyClaw-Team1/ros2_ws/install/px4_msgs/include/px4_msgs/px4_msgs/msg/detail/actuator_controls_status__functions.c\n'}
[2.664630] (px4_msgs) StdoutLine: {'line': b'-- Up-to-date: /home/rschnurr/SkyClaw-Team1/ros2_ws/install/px4_msgs/include/px4_msgs/px4_msgs/msg/detail/open_drone_id_system__functions.c\n'}
[2.664888] (px4_msgs) StdoutLine: {'line': b'-- Up-to-date: /home/rschnurr/SkyClaw-Team1/ros2_ws/install/px4_msgs/include/px4_msgs/px4_msgs/msg/detail/sensor_gyro_fft__struct.h\n'}
[2.665063] (px4_msgs) StdoutLine: {'line': b'-- Up-to-date: /home/rschnurr/SkyClaw-Team1/ros2_ws/install/px4_msgs/include/px4_msgs/px4_msgs/msg/detail/internal_combustion_engine_control__functions.h\n'}
[2.665416] (px4_msgs) StdoutLine: {'line': b'-- Up-to-date: /home/rschnurr/SkyClaw-Team1/ros2_ws/install/px4_msgs/include/px4_msgs/px4_msgs/msg/detail/logger_status__struct.h\n'}
[2.665907] (px4_msgs) StdoutLine: {'line': b'-- Up-to-date: /home/rschnurr/SkyClaw-Team1/ros2_ws/install/px4_msgs/include/px4_msgs/px4_msgs/msg/detail/parameter_update__functions.h\n'}
[2.666338] (px4_msgs) StdoutLine: {'line': b'-- Up-to-date: /home/rschnurr/SkyClaw-Team1/ros2_ws/install/px4_msgs/include/px4_msgs/px4_msgs/msg/detail/radio_status__struct.h\n'}
[2.666757] (px4_msgs) StdoutLine: {'line': b'-- Up-to-date: /home/rschnurr/SkyClaw-Team1/ros2_ws/install/px4_msgs/include/px4_msgs/px4_msgs/msg/detail/vehicle_local_position_setpoint__struct.h\n'}
[2.667338] (px4_msgs) StdoutLine: {'line': b'-- Up-to-date: /home/rschnurr/SkyClaw-Team1/ros2_ws/install/px4_msgs/include/px4_msgs/px4_msgs/msg/detail/sensor_accel_fifo__type_support.h\n'}
[2.667634] (px4_msgs) StdoutLine: {'line': b'-- Up-to-date: /home/rschnurr/SkyClaw-Team1/ros2_ws/install/px4_msgs/include/px4_msgs/px4_msgs/msg/detail/trajectory_setpoint6dof__functions.h\n'}
[2.668370] (px4_msgs) StdoutLine: {'line': b'-- Up-to-date: /home/rschnurr/SkyClaw-Team1/ros2_ws/install/px4_msgs/include/px4_msgs/px4_msgs/msg/detail/manual_control_switches__struct.h\n'}
[2.668506] (px4_msgs) StdoutLine: {'line': b'-- Up-to-date: /home/rschnurr/SkyClaw-Team1/ros2_ws/install/px4_msgs/include/px4_msgs/px4_msgs/msg/detail/follow_target_estimator__struct.h\n'}
[2.668608] (px4_msgs) StdoutLine: {'line': b'-- Up-to-date: /home/rschnurr/SkyClaw-Team1/ros2_ws/install/px4_msgs/include/px4_msgs/px4_msgs/msg/detail/power_button_state__type_support.h\n'}
[2.668755] (px4_msgs) StdoutLine: {'line': b'-- Up-to-date: /home/rschnurr/SkyClaw-Team1/ros2_ws/install/px4_msgs/include/px4_msgs/px4_msgs/msg/detail/esc_report__type_support.h\n'}
[2.668869] (px4_msgs) StdoutLine: {'line': b'-- Up-to-date: /home/rschnurr/SkyClaw-Team1/ros2_ws/install/px4_msgs/include/px4_msgs/px4_msgs/msg/detail/sensor_preflight_mag__type_support.h\n'}
[2.669293] (px4_msgs) StdoutLine: {'line': b'-- Up-to-date: /home/rschnurr/SkyClaw-Team1/ros2_ws/install/px4_msgs/include/px4_msgs/px4_msgs/msg/detail/register_ext_component_reply__type_support.h\n'}
[2.670040] (px4_msgs) StdoutLine: {'line': b'-- Up-to-date: /home/rschnurr/SkyClaw-Team1/ros2_ws/install/px4_msgs/include/px4_msgs/px4_msgs/msg/detail/landing_target_pose__struct.h\n'}
[2.670680] (px4_msgs) StdoutLine: {'line': b'-- Up-to-date: /home/rschnurr/SkyClaw-Team1/ros2_ws/install/px4_msgs/include/px4_msgs/px4_msgs/msg/detail/battery_status__functions.h\n'}
[2.671633] (px4_msgs) StdoutLine: {'line': b'-- Up-to-date: /home/rschnurr/SkyClaw-Team1/ros2_ws/install/px4_msgs/include/px4_msgs/px4_msgs/msg/detail/mag_worker_data__struct.h\n'}
[2.672303] (px4_msgs) StdoutLine: {'line': b'-- Up-to-date: /home/rschnurr/SkyClaw-Team1/ros2_ws/install/px4_msgs/include/px4_msgs/px4_msgs/msg/detail/orb_test__struct.h\n'}
[2.672947] (px4_msgs) StdoutLine: {'line': b'-- Up-to-date: /home/rschnurr/SkyClaw-Team1/ros2_ws/install/px4_msgs/include/px4_msgs/px4_msgs/msg/detail/estimator_event_flags__functions.c\n'}
[2.673632] (px4_msgs) StdoutLine: {'line': b'-- Up-to-date: /home/rschnurr/SkyClaw-Team1/ros2_ws/install/px4_msgs/include/px4_msgs/px4_msgs/msg/detail/estimator_status_flags__functions.c\n'}
[2.674571] (px4_msgs) StdoutLine: {'line': b'-- Up-to-date: /home/rschnurr/SkyClaw-Team1/ros2_ws/install/px4_msgs/include/px4_msgs/px4_msgs/msg/detail/actuator_servos__struct.h\n'}
[2.675744] (px4_msgs) StdoutLine: {'line': b'-- Up-to-date: /home/rschnurr/SkyClaw-Team1/ros2_ws/install/px4_msgs/include/px4_msgs/px4_msgs/msg/detail/dataman_request__type_support.h\n'}
[2.676308] (px4_msgs) StdoutLine: {'line': b'-- Up-to-date: /home/rschnurr/SkyClaw-Team1/ros2_ws/install/px4_msgs/include/px4_msgs/px4_msgs/msg/detail/sensor_gnss_status__struct.h\n'}
[2.677380] (px4_msgs) StdoutLine: {'line': b'-- Up-to-date: /home/rschnurr/SkyClaw-Team1/ros2_ws/install/px4_msgs/include/px4_msgs/px4_msgs/msg/detail/unregister_ext_component__functions.h\n'}
[2.678539] (px4_msgs) StdoutLine: {'line': b'-- Up-to-date: /home/rschnurr/SkyClaw-Team1/ros2_ws/install/px4_msgs/include/px4_msgs/px4_msgs/msg/detail/sensor_accel__functions.c\n'}
[2.679120] (px4_msgs) StdoutLine: {'line': b'-- Up-to-date: /home/rschnurr/SkyClaw-Team1/ros2_ws/install/px4_msgs/include/px4_msgs/px4_msgs/msg/detail/hover_thrust_estimate__functions.c\n'}
[2.680191] (px4_msgs) StdoutLine: {'line': b'-- Up-to-date: /home/rschnurr/SkyClaw-Team1/ros2_ws/install/px4_msgs/include/px4_msgs/px4_msgs/msg/detail/vehicle_magnetometer__type_support.h\n'}
[2.680872] (px4_msgs) StdoutLine: {'line': b'-- Up-to-date: /home/rschnurr/SkyClaw-Team1/ros2_ws/install/px4_msgs/include/px4_msgs/px4_msgs/msg/detail/message_format_response__functions.h\n'}
[2.681367] (px4_msgs) StdoutLine: {'line': b'-- Up-to-date: /home/rschnurr/SkyClaw-Team1/ros2_ws/install/px4_msgs/include/px4_msgs/px4_msgs/msg/detail/telemetry_status__struct.h\n'}
[2.682525] (px4_msgs) StdoutLine: {'line': b'-- Up-to-date: /home/rschnurr/SkyClaw-Team1/ros2_ws/install/px4_msgs/include/px4_msgs/px4_msgs/msg/detail/sensor_accel_fifo__functions.c\n'}
[2.683464] (px4_msgs) StdoutLine: {'line': b'-- Up-to-date: /home/rschnurr/SkyClaw-Team1/ros2_ws/install/px4_msgs/include/px4_msgs/px4_msgs/msg/detail/generator_status__functions.c\n'}
[2.684273] (px4_msgs) StdoutLine: {'line': b'-- Up-to-date: /home/rschnurr/SkyClaw-Team1/ros2_ws/install/px4_msgs/include/px4_msgs/px4_msgs/msg/detail/vehicle_attitude_setpoint__functions.h\n'}
[2.684875] (px4_msgs) StdoutLine: {'line': b'-- Up-to-date: /home/rschnurr/SkyClaw-Team1/ros2_ws/install/px4_msgs/include/px4_msgs/px4_msgs/msg/detail/vehicle_imu__functions.h\n'}
[2.685439] (px4_msgs) StdoutLine: {'line': b'-- Up-to-date: /home/rschnurr/SkyClaw-Team1/ros2_ws/install/px4_msgs/include/px4_msgs/px4_msgs/msg/detail/generator_status__functions.h\n'}
[2.686494] (px4_msgs) StdoutLine: {'line': b'-- Up-to-date: /home/rschnurr/SkyClaw-Team1/ros2_ws/install/px4_msgs/include/px4_msgs/px4_msgs/msg/detail/estimator_status__functions.h\n'}
[2.687368] (px4_msgs) StdoutLine: {'line': b'-- Up-to-date: /home/rschnurr/SkyClaw-Team1/ros2_ws/install/px4_msgs/include/px4_msgs/px4_msgs/msg/detail/obstacle_distance__struct.h\n'}
[2.688203] (px4_msgs) StdoutLine: {'line': b'-- Up-to-date: /home/rschnurr/SkyClaw-Team1/ros2_ws/install/px4_msgs/include/px4_msgs/px4_msgs/msg/detail/esc_status__functions.c\n'}
[2.688842] (px4_msgs) StdoutLine: {'line': b'-- Up-to-date: /home/rschnurr/SkyClaw-Team1/ros2_ws/install/px4_msgs/include/px4_msgs/px4_msgs/msg/detail/sensor_gnss_relative__functions.c\n'}
[2.689458] (px4_msgs) StdoutLine: {'line': b'-- Up-to-date: /home/rschnurr/SkyClaw-Team1/ros2_ws/install/px4_msgs/include/px4_msgs/px4_msgs/msg/detail/action_request__struct.h\n'}
[2.690674] (px4_msgs) StdoutLine: {'line': b'-- Up-to-date: /home/rschnurr/SkyClaw-Team1/ros2_ws/install/px4_msgs/include/px4_msgs/px4_msgs/msg/detail/follow_target_estimator__functions.h\n'}
[2.690981] (px4_msgs) StdoutLine: {'line': b'-- Up-to-date: /home/rschnurr/SkyClaw-Team1/ros2_ws/install/px4_msgs/include/px4_msgs/px4_msgs/msg/detail/pure_pursuit_status__functions.c\n'}
[2.691714] (px4_msgs) StdoutLine: {'line': b'-- Up-to-date: /home/rschnurr/SkyClaw-Team1/ros2_ws/install/px4_msgs/include/px4_msgs/px4_msgs/msg/detail/sensor_hygrometer__functions.h\n'}
[2.692040] (px4_msgs) StdoutLine: {'line': b'-- Up-to-date: /home/rschnurr/SkyClaw-Team1/ros2_ws/install/px4_msgs/include/px4_msgs/px4_msgs/msg/detail/gimbal_manager_status__struct.h\n'}
[2.692304] (px4_msgs) StdoutLine: {'line': b'-- Up-to-date: /home/rschnurr/SkyClaw-Team1/ros2_ws/install/px4_msgs/include/px4_msgs/px4_msgs/msg/detail/gimbal_device_attitude_status__functions.c\n'}
[2.692458] (px4_msgs) StdoutLine: {'line': b'-- Up-to-date: /home/rschnurr/SkyClaw-Team1/ros2_ws/install/px4_msgs/include/px4_msgs/px4_msgs/msg/detail/rover_position_setpoint__functions.c\n'}
[2.692548] (px4_msgs) StdoutLine: {'line': b'-- Up-to-date: /home/rschnurr/SkyClaw-Team1/ros2_ws/install/px4_msgs/include/px4_msgs/px4_msgs/msg/detail/neural_control__functions.h\n'}
[2.692628] (px4_msgs) StdoutLine: {'line': b'-- Up-to-date: /home/rschnurr/SkyClaw-Team1/ros2_ws/install/px4_msgs/include/px4_msgs/px4_msgs/msg/detail/vehicle_constraints__type_support.h\n'}
[2.692698] (px4_msgs) StdoutLine: {'line': b'-- Up-to-date: /home/rschnurr/SkyClaw-Team1/ros2_ws/install/px4_msgs/include/px4_msgs/px4_msgs/msg/detail/config_overrides__struct.h\n'}
[2.692950] (px4_msgs) StdoutLine: {'line': b'-- Up-to-date: /home/rschnurr/SkyClaw-Team1/ros2_ws/install/px4_msgs/include/px4_msgs/px4_msgs/msg/detail/vehicle_torque_setpoint__functions.c\n'}
[2.693544] (px4_msgs) StdoutLine: {'line': b'-- Up-to-date: /home/rschnurr/SkyClaw-Team1/ros2_ws/install/px4_msgs/include/px4_msgs/px4_msgs/msg/detail/home_position__functions.h\n'}
[2.694349] (px4_msgs) StdoutLine: {'line': b'-- Up-to-date: /home/rschnurr/SkyClaw-Team1/ros2_ws/install/px4_msgs/include/px4_msgs/px4_msgs/msg/detail/mission__type_support.h\n'}
[2.695013] (px4_msgs) StdoutLine: {'line': b'-- Up-to-date: /home/rschnurr/SkyClaw-Team1/ros2_ws/install/px4_msgs/include/px4_msgs/px4_msgs/msg/detail/velocity_limits__type_support.h\n'}
[2.695928] (px4_msgs) StdoutLine: {'line': b'-- Up-to-date: /home/rschnurr/SkyClaw-Team1/ros2_ws/install/px4_msgs/include/px4_msgs/px4_msgs/msg/detail/dronecan_node_status__functions.c\n'}
[2.696405] (px4_msgs) StdoutLine: {'line': b'-- Up-to-date: /home/rschnurr/SkyClaw-Team1/ros2_ws/install/px4_msgs/include/px4_msgs/px4_msgs/msg/detail/fixed_wing_lateral_guidance_status__functions.c\n'}
[2.696890] (px4_msgs) StdoutLine: {'line': b'-- Up-to-date: /home/rschnurr/SkyClaw-Team1/ros2_ws/install/px4_msgs/include/px4_msgs/px4_msgs/msg/detail/pps_capture__struct.h\n'}
[2.698235] (px4_msgs) StdoutLine: {'line': b'-- Up-to-date: /home/rschnurr/SkyClaw-Team1/ros2_ws/install/px4_msgs/include/px4_msgs/px4_msgs/msg/detail/gps_dump__functions.h\n'}
[2.699788] (px4_msgs) StdoutLine: {'line': b'-- Up-to-date: /home/rschnurr/SkyClaw-Team1/ros2_ws/install/px4_msgs/include/px4_msgs/px4_msgs/msg/detail/sensor_gyro_fifo__functions.c\n'}
[2.700387] (px4_msgs) StdoutLine: {'line': b'-- Up-to-date: /home/rschnurr/SkyClaw-Team1/ros2_ws/install/px4_msgs/include/px4_msgs/px4_msgs/msg/detail/vehicle_odometry__functions.c\n'}
[2.700920] (px4_msgs) StdoutLine: {'line': b'-- Up-to-date: /home/rschnurr/SkyClaw-Team1/ros2_ws/install/px4_msgs/include/px4_msgs/px4_msgs/msg/detail/ping__functions.c\n'}
[2.702266] (px4_msgs) StdoutLine: {'line': b'-- Up-to-date: /home/rschnurr/SkyClaw-Team1/ros2_ws/install/px4_msgs/include/px4_msgs/px4_msgs/msg/detail/rc_parameter_map__type_support.h\n'}
[2.703701] (px4_msgs) StdoutLine: {'line': b'-- Up-to-date: /home/rschnurr/SkyClaw-Team1/ros2_ws/install/px4_msgs/include/px4_msgs/px4_msgs/msg/detail/distance_sensor_mode_change_request__type_support.h\n'}
[2.704637] (px4_msgs) StdoutLine: {'line': b'-- Up-to-date: /home/rschnurr/SkyClaw-Team1/ros2_ws/install/px4_msgs/include/px4_msgs/px4_msgs/msg/detail/logger_status__type_support.h\n'}
[2.705423] (px4_msgs) StdoutLine: {'line': b'-- Up-to-date: /home/rschnurr/SkyClaw-Team1/ros2_ws/install/px4_msgs/include/px4_msgs/px4_msgs/msg/detail/actuator_test__functions.c\n'}
[2.705861] (px4_msgs) StdoutLine: {'line': b'-- Up-to-date: /home/rschnurr/SkyClaw-Team1/ros2_ws/install/px4_msgs/include/px4_msgs/px4_msgs/msg/detail/actuator_servos_trim__struct.h\n'}
[2.706741] (px4_msgs) StdoutLine: {'line': b'-- Up-to-date: /home/rschnurr/SkyClaw-Team1/ros2_ws/install/px4_msgs/include/px4_msgs/px4_msgs/msg/detail/gimbal_device_attitude_status__struct.h\n'}
[2.707036] (px4_msgs) StdoutLine: {'line': b'-- Up-to-date: /home/rschnurr/SkyClaw-Team1/ros2_ws/install/px4_msgs/include/px4_msgs/px4_msgs/msg/detail/actuator_servos__functions.h\n'}
[2.707743] (px4_msgs) StdoutLine: {'line': b'-- Up-to-date: /home/rschnurr/SkyClaw-Team1/ros2_ws/install/px4_msgs/include/px4_msgs/px4_msgs/msg/detail/vehicle_status__functions.c\n'}
[2.707877] (px4_msgs) StdoutLine: {'line': b'-- Up-to-date: /home/rschnurr/SkyClaw-Team1/ros2_ws/install/px4_msgs/include/px4_msgs/px4_msgs/msg/detail/obstacle_distance__functions.c\n'}
[2.707990] (px4_msgs) StdoutLine: {'line': b'-- Up-to-date: /home/rschnurr/SkyClaw-Team1/ros2_ws/install/px4_msgs/include/px4_msgs/px4_msgs/msg/detail/follow_target__functions.c\n'}
[2.708095] (px4_msgs) StdoutLine: {'line': b'-- Up-to-date: /home/rschnurr/SkyClaw-Team1/ros2_ws/install/px4_msgs/include/px4_msgs/px4_msgs/msg/detail/position_setpoint_triplet__functions.h\n'}
[2.708199] (px4_msgs) StdoutLine: {'line': b'-- Up-to-date: /home/rschnurr/SkyClaw-Team1/ros2_ws/install/px4_msgs/include/px4_msgs/px4_msgs/msg/detail/dronecan_node_status__struct.h\n'}
[2.708587] (px4_msgs) StdoutLine: {'line': b'-- Up-to-date: /home/rschnurr/SkyClaw-Team1/ros2_ws/install/px4_msgs/include/px4_msgs/px4_msgs/msg/detail/fixed_wing_runway_control__functions.c\n'}
[2.708777] (px4_msgs) StdoutLine: {'line': b'-- Up-to-date: /home/rschnurr/SkyClaw-Team1/ros2_ws/install/px4_msgs/include/px4_msgs/px4_msgs/msg/detail/obstacle_distance__type_support.h\n'}
[2.709429] (px4_msgs) StdoutLine: {'line': b'-- Up-to-date: /home/rschnurr/SkyClaw-Team1/ros2_ws/install/px4_msgs/include/px4_msgs/px4_msgs/msg/detail/parameter_reset_request__functions.c\n'}
[2.710521] (px4_msgs) StdoutLine: {'line': b'-- Up-to-date: /home/rschnurr/SkyClaw-Team1/ros2_ws/install/px4_msgs/include/px4_msgs/px4_msgs/msg/detail/gimbal_device_set_attitude__type_support.h\n'}
[2.711523] (px4_msgs) StdoutLine: {'line': b'-- Up-to-date: /home/rschnurr/SkyClaw-Team1/ros2_ws/install/px4_msgs/include/px4_msgs/px4_msgs/msg/detail/cellular_status__functions.c\n'}
[2.712071] (px4_msgs) StdoutLine: {'line': b'-- Up-to-date: /home/rschnurr/SkyClaw-Team1/ros2_ws/install/px4_msgs/include/px4_msgs/px4_msgs/msg/detail/rover_rate_status__type_support.h\n'}
[2.713083] (px4_msgs) StdoutLine: {'line': b'-- Up-to-date: /home/rschnurr/SkyClaw-Team1/ros2_ws/install/px4_msgs/include/px4_msgs/px4_msgs/msg/detail/failure_detector_status__struct.h\n'}
[2.713833] (px4_msgs) StdoutLine: {'line': b'-- Up-to-date: /home/rschnurr/SkyClaw-Team1/ros2_ws/install/px4_msgs/include/px4_msgs/px4_msgs/msg/detail/rover_steering_setpoint__functions.c\n'}
[2.714502] (px4_msgs) StdoutLine: {'line': b'-- Up-to-date: /home/rschnurr/SkyClaw-Team1/ros2_ws/install/px4_msgs/include/px4_msgs/px4_msgs/msg/detail/vehicle_command_ack__struct.h\n'}
[2.714743] (px4_msgs) StdoutLine: {'line': b'-- Up-to-date: /home/rschnurr/SkyClaw-Team1/ros2_ws/install/px4_msgs/include/px4_msgs/px4_msgs/msg/detail/actuator_servos_trim__functions.h\n'}
[2.715338] (px4_msgs) StdoutLine: {'line': b'-- Up-to-date: /home/rschnurr/SkyClaw-Team1/ros2_ws/install/px4_msgs/include/px4_msgs/px4_msgs/msg/detail/camera_status__type_support.h\n'}
[2.715832] (px4_msgs) StdoutLine: {'line': b'-- Up-to-date: /home/rschnurr/SkyClaw-Team1/ros2_ws/install/px4_msgs/include/px4_msgs/px4_msgs/msg/detail/rtl_status__type_support.h\n'}
[2.716404] (px4_msgs) StdoutLine: {'line': b'-- Up-to-date: /home/rschnurr/SkyClaw-Team1/ros2_ws/install/px4_msgs/include/px4_msgs/px4_msgs/msg/detail/dataman_response__struct.h\n'}
[2.717286] (px4_msgs) StdoutLine: {'line': b'-- Up-to-date: /home/rschnurr/SkyClaw-Team1/ros2_ws/install/px4_msgs/include/px4_msgs/px4_msgs/msg/detail/logger_status__functions.c\n'}
[2.717900] (px4_msgs) StdoutLine: {'line': b'-- Up-to-date: /home/rschnurr/SkyClaw-Team1/ros2_ws/install/px4_msgs/include/px4_msgs/px4_msgs/msg/detail/sensor_preflight_mag__functions.h\n'}
[2.718624] (px4_msgs) StdoutLine: {'line': b'-- Up-to-date: /home/rschnurr/SkyClaw-Team1/ros2_ws/install/px4_msgs/include/px4_msgs/px4_msgs/msg/detail/takeoff_status__functions.h\n'}
[2.719088] (px4_msgs) StdoutLine: {'line': b'-- Up-to-date: /home/rschnurr/SkyClaw-Team1/ros2_ws/install/px4_msgs/include/px4_msgs/px4_msgs/msg/detail/distance_sensor_mode_change_request__functions.c\n'}
[2.720320] (px4_msgs) StdoutLine: {'line': b'-- Up-to-date: /home/rschnurr/SkyClaw-Team1/ros2_ws/install/px4_msgs/include/px4_msgs/px4_msgs/msg/detail/radio_status__type_support.h\n'}
[2.721134] (px4_msgs) StdoutLine: {'line': b'-- Up-to-date: /home/rschnurr/SkyClaw-Team1/ros2_ws/install/px4_msgs/include/px4_msgs/px4_msgs/msg/detail/offboard_control_mode__type_support.h\n'}
[2.721901] (px4_msgs) StdoutLine: {'line': b'-- Up-to-date: /home/rschnurr/SkyClaw-Team1/ros2_ws/install/px4_msgs/include/px4_msgs/px4_msgs/msg/detail/estimator_status__functions.c\n'}
[2.722447] (px4_msgs) StdoutLine: {'line': b'-- Up-to-date: /home/rschnurr/SkyClaw-Team1/ros2_ws/install/px4_msgs/include/px4_msgs/px4_msgs/msg/detail/task_stack_info__struct.h\n'}
[2.723518] (px4_msgs) StdoutLine: {'line': b'-- Up-to-date: /home/rschnurr/SkyClaw-Team1/ros2_ws/install/px4_msgs/include/px4_msgs/px4_msgs/msg/detail/gps_dump__functions.c\n'}
[2.724165] (px4_msgs) StdoutLine: {'line': b'-- Up-to-date: /home/rschnurr/SkyClaw-Team1/ros2_ws/install/px4_msgs/include/px4_msgs/px4_msgs/msg/detail/vehicle_thrust_setpoint__functions.c\n'}
[2.724736] (px4_msgs) StdoutLine: {'line': b'-- Up-to-date: /home/rschnurr/SkyClaw-Team1/ros2_ws/install/px4_msgs/include/px4_msgs/px4_msgs/msg/detail/ekf2_timestamps__struct.h\n'}
[2.725605] (px4_msgs) StdoutLine: {'line': b'-- Up-to-date: /home/rschnurr/SkyClaw-Team1/ros2_ws/install/px4_msgs/include/px4_msgs/px4_msgs/msg/detail/estimator_selector_status__functions.h\n'}
[2.727010] (-) TimerEvent: {}
[2.727684] (px4_msgs) StdoutLine: {'line': b'-- Up-to-date: /home/rschnurr/SkyClaw-Team1/ros2_ws/install/px4_msgs/include/px4_msgs/px4_msgs/msg/detail/goto_setpoint__type_support.h\n'}
[2.728325] (px4_msgs) StdoutLine: {'line': b'-- Up-to-date: /home/rschnurr/SkyClaw-Team1/ros2_ws/install/px4_msgs/include/px4_msgs/px4_msgs/msg/detail/landing_target_innovations__functions.c\n'}
[2.729289] (px4_msgs) StdoutLine: {'line': b'-- Up-to-date: /home/rschnurr/SkyClaw-Team1/ros2_ws/install/px4_msgs/include/px4_msgs/px4_msgs/msg/detail/tune_control__struct.h\n'}
[2.729438] (px4_msgs) StdoutLine: {'line': b'-- Up-to-date: /home/rschnurr/SkyClaw-Team1/ros2_ws/install/px4_msgs/include/px4_msgs/px4_msgs/msg/detail/register_ext_component_request__functions.c\n'}
[2.730114] (px4_msgs) StdoutLine: {'line': b'-- Up-to-date: /home/rschnurr/SkyClaw-Team1/ros2_ws/install/px4_msgs/include/px4_msgs/px4_msgs/msg/detail/position_setpoint_triplet__type_support.h\n'}
[2.730330] (px4_msgs) StdoutLine: {'line': b'-- Up-to-date: /home/rschnurr/SkyClaw-Team1/ros2_ws/install/px4_msgs/include/px4_msgs/px4_msgs/msg/detail/sensor_hygrometer__type_support.h\n'}
[2.730605] (px4_msgs) StdoutLine: {'line': b'-- Up-to-date: /home/rschnurr/SkyClaw-Team1/ros2_ws/install/px4_msgs/include/px4_msgs/px4_msgs/msg/detail/esc_report__struct.h\n'}
[2.730778] (px4_msgs) StdoutLine: {'line': b'-- Up-to-date: /home/rschnurr/SkyClaw-Team1/ros2_ws/install/px4_msgs/include/px4_msgs/px4_msgs/msg/detail/event__functions.c\n'}
[2.730909] (px4_msgs) StdoutLine: {'line': b'-- Up-to-date: /home/rschnurr/SkyClaw-Team1/ros2_ws/install/px4_msgs/include/px4_msgs/px4_msgs/msg/detail/estimator_gps_status__functions.h\n'}
[2.731163] (px4_msgs) StdoutLine: {'line': b'-- Up-to-date: /home/rschnurr/SkyClaw-Team1/ros2_ws/install/px4_msgs/include/px4_msgs/px4_msgs/msg/detail/fixed_wing_lateral_guidance_status__type_support.h\n'}
[2.732268] (px4_msgs) StdoutLine: {'line': b'-- Up-to-date: /home/rschnurr/SkyClaw-Team1/ros2_ws/install/px4_msgs/include/px4_msgs/px4_msgs/msg/detail/tecs_status__functions.c\n'}
[2.732698] (px4_msgs) StdoutLine: {'line': b'-- Up-to-date: /home/rschnurr/SkyClaw-Team1/ros2_ws/install/px4_msgs/include/px4_msgs/px4_msgs/msg/detail/tiltrotor_extra_controls__struct.h\n'}
[2.733639] (px4_msgs) StdoutLine: {'line': b'-- Up-to-date: /home/rschnurr/SkyClaw-Team1/ros2_ws/install/px4_msgs/include/px4_msgs/px4_msgs/msg/detail/gimbal_controls__struct.h\n'}
[2.734177] (px4_msgs) StdoutLine: {'line': b'-- Up-to-date: /home/rschnurr/SkyClaw-Team1/ros2_ws/install/px4_msgs/include/px4_msgs/px4_msgs/msg/detail/rtl_time_estimate__type_support.h\n'}
[2.734939] (px4_msgs) StdoutLine: {'line': b'-- Up-to-date: /home/rschnurr/SkyClaw-Team1/ros2_ws/install/px4_msgs/include/px4_msgs/px4_msgs/msg/detail/rover_speed_setpoint__type_support.h\n'}
[2.736271] (px4_msgs) StdoutLine: {'line': b'-- Up-to-date: /home/rschnurr/SkyClaw-Team1/ros2_ws/install/px4_msgs/include/px4_msgs/px4_msgs/msg/detail/parameter_set_value_request__struct.h\n'}
[2.736708] (px4_msgs) StdoutLine: {'line': b'-- Up-to-date: /home/rschnurr/SkyClaw-Team1/ros2_ws/install/px4_msgs/include/px4_msgs/px4_msgs/msg/detail/rover_rate_setpoint__type_support.h\n'}
[2.737225] (px4_msgs) StdoutLine: {'line': b'-- Up-to-date: /home/rschnurr/SkyClaw-Team1/ros2_ws/install/px4_msgs/include/px4_msgs/px4_msgs/msg/detail/vtol_vehicle_status__functions.h\n'}
[2.737672] (px4_msgs) StdoutLine: {'line': b'-- Up-to-date: /home/rschnurr/SkyClaw-Team1/ros2_ws/install/px4_msgs/include/px4_msgs/px4_msgs/msg/detail/parameter_reset_request__type_support.h\n'}
[2.738508] (px4_msgs) StdoutLine: {'line': b'-- Up-to-date: /home/rschnurr/SkyClaw-Team1/ros2_ws/install/px4_msgs/include/px4_msgs/px4_msgs/msg/detail/power_monitor__struct.h\n'}
[2.739202] (px4_msgs) StdoutLine: {'line': b'-- Up-to-date: /home/rschnurr/SkyClaw-Team1/ros2_ws/install/px4_msgs/include/px4_msgs/px4_msgs/msg/detail/dataman_request__struct.h\n'}
[2.740524] (px4_msgs) StdoutLine: {'line': b'-- Up-to-date: /home/rschnurr/SkyClaw-Team1/ros2_ws/install/px4_msgs/include/px4_msgs/px4_msgs/msg/detail/register_ext_component_request__struct.h\n'}
[2.740832] (px4_msgs) StdoutLine: {'line': b'-- Up-to-date: /home/rschnurr/SkyClaw-Team1/ros2_ws/install/px4_msgs/include/px4_msgs/px4_msgs/msg/detail/mavlink_log__type_support.h\n'}
[2.741931] (px4_msgs) StdoutLine: {'line': b'-- Up-to-date: /home/rschnurr/SkyClaw-Team1/ros2_ws/install/px4_msgs/include/px4_msgs/px4_msgs/msg/detail/gripper__functions.c\n'}
[2.742519] (px4_msgs) StdoutLine: {'line': b'-- Up-to-date: /home/rschnurr/SkyClaw-Team1/ros2_ws/install/px4_msgs/include/px4_msgs/px4_msgs/msg/detail/internal_combustion_engine_status__type_support.h\n'}
[2.743962] (px4_msgs) StdoutLine: {'line': b'-- Up-to-date: /home/rschnurr/SkyClaw-Team1/ros2_ws/install/px4_msgs/include/px4_msgs/px4_msgs/msg/detail/tecs_status__struct.h\n'}
[2.744456] (px4_msgs) StdoutLine: {'line': b'-- Up-to-date: /home/rschnurr/SkyClaw-Team1/ros2_ws/install/px4_msgs/include/px4_msgs/px4_msgs/msg/detail/rate_ctrl_status__type_support.h\n'}
[2.744945] (px4_msgs) StdoutLine: {'line': b'-- Up-to-date: /home/rschnurr/SkyClaw-Team1/ros2_ws/install/px4_msgs/include/px4_msgs/px4_msgs/msg/detail/health_report__struct.h\n'}
[2.745348] (px4_msgs) StdoutLine: {'line': b'-- Up-to-date: /home/rschnurr/SkyClaw-Team1/ros2_ws/install/px4_msgs/include/px4_msgs/px4_msgs/msg/detail/rpm__struct.h\n'}
[2.745753] (px4_msgs) StdoutLine: {'line': b'-- Up-to-date: /home/rschnurr/SkyClaw-Team1/ros2_ws/install/px4_msgs/include/px4_msgs/px4_msgs/msg/detail/position_controller_status__functions.c\n'}
[2.746238] (px4_msgs) StdoutLine: {'line': b'-- Up-to-date: /home/rschnurr/SkyClaw-Team1/ros2_ws/install/px4_msgs/include/px4_msgs/px4_msgs/msg/detail/vehicle_local_position__functions.h\n'}
[2.747280] (px4_msgs) StdoutLine: {'line': b'-- Up-to-date: /home/rschnurr/SkyClaw-Team1/ros2_ws/install/px4_msgs/include/px4_msgs/px4_msgs/msg/detail/estimator_aid_source3d__struct.h\n'}
[2.747929] (px4_msgs) StdoutLine: {'line': b'-- Up-to-date: /home/rschnurr/SkyClaw-Team1/ros2_ws/install/px4_msgs/include/px4_msgs/px4_msgs/msg/detail/actuator_outputs__struct.h\n'}
[2.748599] (px4_msgs) StdoutLine: {'line': b'-- Up-to-date: /home/rschnurr/SkyClaw-Team1/ros2_ws/install/px4_msgs/include/px4_msgs/px4_msgs/msg/detail/action_request__type_support.h\n'}
[2.748934] (px4_msgs) StdoutLine: {'line': b'-- Up-to-date: /home/rschnurr/SkyClaw-Team1/ros2_ws/install/px4_msgs/include/px4_msgs/px4_msgs/msg/detail/heater_status__type_support.h\n'}
[2.749700] (px4_msgs) StdoutLine: {'line': b'-- Up-to-date: /home/rschnurr/SkyClaw-Team1/ros2_ws/install/px4_msgs/include/px4_msgs/px4_msgs/msg/detail/sensor_selection__type_support.h\n'}
[2.750324] (px4_msgs) StdoutLine: {'line': b'-- Up-to-date: /home/rschnurr/SkyClaw-Team1/ros2_ws/install/px4_msgs/include/px4_msgs/px4_msgs/msg/detail/vehicle_global_position__struct.h\n'}
[2.751278] (px4_msgs) StdoutLine: {'line': b'-- Up-to-date: /home/rschnurr/SkyClaw-Team1/ros2_ws/install/px4_msgs/include/px4_msgs/px4_msgs/msg/detail/ping__functions.h\n'}
[2.751971] (px4_msgs) StdoutLine: {'line': b'-- Up-to-date: /home/rschnurr/SkyClaw-Team1/ros2_ws/install/px4_msgs/include/px4_msgs/px4_msgs/msg/detail/input_rc__functions.c\n'}
[2.752709] (px4_msgs) StdoutLine: {'line': b'-- Up-to-date: /home/rschnurr/SkyClaw-Team1/ros2_ws/install/px4_msgs/include/px4_msgs/px4_msgs/msg/detail/vehicle_control_mode__type_support.h\n'}
[2.752817] (px4_msgs) StdoutLine: {'line': b'-- Up-to-date: /home/rschnurr/SkyClaw-Team1/ros2_ws/install/px4_msgs/include/px4_msgs/px4_msgs/msg/detail/airspeed__struct.h\n'}
[2.752892] (px4_msgs) StdoutLine: {'line': b'-- Up-to-date: /home/rschnurr/SkyClaw-Team1/ros2_ws/install/px4_msgs/include/px4_msgs/px4_msgs/msg/detail/home_position__functions.c\n'}
[2.752957] (px4_msgs) StdoutLine: {'line': b'-- Up-to-date: /home/rschnurr/SkyClaw-Team1/ros2_ws/install/px4_msgs/include/px4_msgs/px4_msgs/msg/detail/estimator_bias__functions.h\n'}
[2.753023] (px4_msgs) StdoutLine: {'line': b'-- Up-to-date: /home/rschnurr/SkyClaw-Team1/ros2_ws/install/px4_msgs/include/px4_msgs/px4_msgs/msg/detail/actuator_test__struct.h\n'}
[2.753086] (px4_msgs) StdoutLine: {'line': b'-- Up-to-date: /home/rschnurr/SkyClaw-Team1/ros2_ws/install/px4_msgs/include/px4_msgs/px4_msgs/msg/detail/internal_combustion_engine_control__type_support.h\n'}
[2.753156] (px4_msgs) StdoutLine: {'line': b'-- Up-to-date: /home/rschnurr/SkyClaw-Team1/ros2_ws/install/px4_msgs/include/px4_msgs/px4_msgs/msg/detail/follow_target__struct.h\n'}
[2.754806] (px4_msgs) StdoutLine: {'line': b'-- Up-to-date: /home/rschnurr/SkyClaw-Team1/ros2_ws/install/px4_msgs/include/px4_msgs/px4_msgs/msg/detail/offboard_control_mode__functions.c\n'}
[2.755700] (px4_msgs) StdoutLine: {'line': b'-- Up-to-date: /home/rschnurr/SkyClaw-Team1/ros2_ws/install/px4_msgs/include/px4_msgs/px4_msgs/msg/detail/yaw_estimator_status__functions.c\n'}
[2.755997] (px4_msgs) StdoutLine: {'line': b'-- Up-to-date: /home/rschnurr/SkyClaw-Team1/ros2_ws/install/px4_msgs/include/px4_msgs/px4_msgs/msg/detail/open_drone_id_arm_status__functions.h\n'}
[2.756359] (px4_msgs) StdoutLine: {'line': b'-- Up-to-date: /home/rschnurr/SkyClaw-Team1/ros2_ws/install/px4_msgs/include/px4_msgs/px4_msgs/msg/detail/gpio_request__type_support.h\n'}
[2.756753] (px4_msgs) StdoutLine: {'line': b'-- Up-to-date: /home/rschnurr/SkyClaw-Team1/ros2_ws/install/px4_msgs/include/px4_msgs/px4_msgs/msg/detail/gimbal_device_information__type_support.h\n'}
[2.756920] (px4_msgs) StdoutLine: {'line': b'-- Up-to-date: /home/rschnurr/SkyClaw-Team1/ros2_ws/install/px4_msgs/include/px4_msgs/px4_msgs/msg/detail/rtl_status__struct.h\n'}
[2.757516] (px4_msgs) StdoutLine: {'line': b'-- Up-to-date: /home/rschnurr/SkyClaw-Team1/ros2_ws/install/px4_msgs/include/px4_msgs/px4_msgs/msg/detail/wind__type_support.h\n'}
[2.758369] (px4_msgs) StdoutLine: {'line': b'-- Up-to-date: /home/rschnurr/SkyClaw-Team1/ros2_ws/install/px4_msgs/include/px4_msgs/px4_msgs/msg/detail/estimator_states__struct.h\n'}
[2.758968] (px4_msgs) StdoutLine: {'line': b'-- Up-to-date: /home/rschnurr/SkyClaw-Team1/ros2_ws/install/px4_msgs/include/px4_msgs/px4_msgs/msg/detail/yaw_estimator_status__type_support.h\n'}
[2.760065] (px4_msgs) StdoutLine: {'line': b'-- Up-to-date: /home/rschnurr/SkyClaw-Team1/ros2_ws/install/px4_msgs/include/px4_msgs/px4_msgs/msg/detail/magnetometer_bias_estimate__type_support.h\n'}
[2.760399] (px4_msgs) StdoutLine: {'line': b'-- Up-to-date: /home/rschnurr/SkyClaw-Team1/ros2_ws/install/px4_msgs/include/px4_msgs/px4_msgs/msg/detail/dataman_response__type_support.h\n'}
[2.760897] (px4_msgs) StdoutLine: {'line': b'-- Up-to-date: /home/rschnurr/SkyClaw-Team1/ros2_ws/install/px4_msgs/include/px4_msgs/px4_msgs/msg/detail/estimator_aid_source3d__type_support.h\n'}
[2.761405] (px4_msgs) StdoutLine: {'line': b'-- Up-to-date: /home/rschnurr/SkyClaw-Team1/ros2_ws/install/px4_msgs/include/px4_msgs/px4_msgs/msg/detail/takeoff_status__functions.c\n'}
[2.761796] (px4_msgs) StdoutLine: {'line': b'-- Up-to-date: /home/rschnurr/SkyClaw-Team1/ros2_ws/install/px4_msgs/include/px4_msgs/px4_msgs/msg/detail/landing_gear_wheel__functions.h\n'}
[2.762133] (px4_msgs) StdoutLine: {'line': b'-- Up-to-date: /home/rschnurr/SkyClaw-Team1/ros2_ws/install/px4_msgs/include/px4_msgs/px4_msgs/msg/detail/qshell_req__type_support.h\n'}
[2.762477] (px4_msgs) StdoutLine: {'line': b'-- Up-to-date: /home/rschnurr/SkyClaw-Team1/ros2_ws/install/px4_msgs/include/px4_msgs/px4_msgs/msg/detail/mission_result__struct.h\n'}
[2.763506] (px4_msgs) StdoutLine: {'line': b'-- Up-to-date: /home/rschnurr/SkyClaw-Team1/ros2_ws/install/px4_msgs/include/px4_msgs/px4_msgs/msg/detail/goto_setpoint__functions.h\n'}
[2.763892] (px4_msgs) StdoutLine: {'line': b'-- Up-to-date: /home/rschnurr/SkyClaw-Team1/ros2_ws/install/px4_msgs/include/px4_msgs/px4_msgs/msg/detail/manual_control_setpoint__functions.c\n'}
[2.766214] (px4_msgs) StdoutLine: {'line': b'-- Up-to-date: /home/rschnurr/SkyClaw-Team1/ros2_ws/install/px4_msgs/include/px4_msgs/px4_msgs/msg/detail/airspeed__functions.h\n'}
[2.767050] (px4_msgs) StdoutLine: {'line': b'-- Up-to-date: /home/rschnurr/SkyClaw-Team1/ros2_ws/install/px4_msgs/include/px4_msgs/px4_msgs/msg/detail/arming_check_request__functions.h\n'}
[2.768561] (px4_msgs) StdoutLine: {'line': b'-- Up-to-date: /home/rschnurr/SkyClaw-Team1/ros2_ws/install/px4_msgs/include/px4_msgs/px4_msgs/msg/detail/cellular_status__struct.h\n'}
[2.769830] (px4_msgs) StdoutLine: {'line': b'-- Up-to-date: /home/rschnurr/SkyClaw-Team1/ros2_ws/install/px4_msgs/include/px4_msgs/px4_msgs/msg/detail/battery_status__type_support.h\n'}
[2.770122] (px4_msgs) StdoutLine: {'line': b'-- Up-to-date: /home/rschnurr/SkyClaw-Team1/ros2_ws/install/px4_msgs/include/px4_msgs/px4_msgs/msg/detail/airspeed_validated__type_support.h\n'}
[2.771353] (px4_msgs) StdoutLine: {'line': b'-- Up-to-date: /home/rschnurr/SkyClaw-Team1/ros2_ws/install/px4_msgs/include/px4_msgs/px4_msgs/msg/detail/arming_check_reply__type_support.h\n'}
[2.772508] (px4_msgs) StdoutLine: {'line': b'-- Up-to-date: /home/rschnurr/SkyClaw-Team1/ros2_ws/install/px4_msgs/include/px4_msgs/px4_msgs/msg/detail/sensor_gyro__type_support.h\n'}
[2.772990] (px4_msgs) StdoutLine: {'line': b'-- Up-to-date: /home/rschnurr/SkyClaw-Team1/ros2_ws/install/px4_msgs/include/px4_msgs/px4_msgs/msg/detail/flight_phase_estimation__struct.h\n'}
[2.773329] (px4_msgs) StdoutLine: {'line': b'-- Up-to-date: /home/rschnurr/SkyClaw-Team1/ros2_ws/install/px4_msgs/include/px4_msgs/px4_msgs/msg/detail/estimator_states__type_support.h\n'}
[2.773773] (px4_msgs) StdoutLine: {'line': b'-- Up-to-date: /home/rschnurr/SkyClaw-Team1/ros2_ws/install/px4_msgs/include/px4_msgs/px4_msgs/msg/detail/sensor_correction__functions.c\n'}
[2.774532] (px4_msgs) StdoutLine: {'line': b'-- Up-to-date: /home/rschnurr/SkyClaw-Team1/ros2_ws/install/px4_msgs/include/px4_msgs/px4_msgs/msg/detail/dronecan_node_status__functions.h\n'}
[2.774835] (px4_msgs) StdoutLine: {'line': b'-- Up-to-date: /home/rschnurr/SkyClaw-Team1/ros2_ws/install/px4_msgs/include/px4_msgs/px4_msgs/msg/detail/ping__type_support.h\n'}
[2.775141] (px4_msgs) StdoutLine: {'line': b'-- Up-to-date: /home/rschnurr/SkyClaw-Team1/ros2_ws/install/px4_msgs/include/px4_msgs/px4_msgs/msg/detail/gimbal_manager_status__functions.h\n'}
[2.775925] (px4_msgs) StdoutLine: {'line': b'-- Up-to-date: /home/rschnurr/SkyClaw-Team1/ros2_ws/install/px4_msgs/include/px4_msgs/px4_msgs/msg/detail/vehicle_control_mode__functions.h\n'}
[2.776095] (px4_msgs) StdoutLine: {'line': b'-- Up-to-date: /home/rschnurr/SkyClaw-Team1/ros2_ws/install/px4_msgs/include/px4_msgs/px4_msgs/msg/detail/debug_key_value__type_support.h\n'}
[2.776484] (px4_msgs) StdoutLine: {'line': b'-- Up-to-date: /home/rschnurr/SkyClaw-Team1/ros2_ws/install/px4_msgs/include/px4_msgs/px4_msgs/msg/detail/transponder_report__type_support.h\n'}
[2.777555] (px4_msgs) StdoutLine: {'line': b'-- Up-to-date: /home/rschnurr/SkyClaw-Team1/ros2_ws/install/px4_msgs/include/px4_msgs/px4_msgs/msg/detail/rate_ctrl_status__struct.h\n'}
[2.778128] (px4_msgs) StdoutLine: {'line': b'-- Up-to-date: /home/rschnurr/SkyClaw-Team1/ros2_ws/install/px4_msgs/include/px4_msgs/px4_msgs/msg/detail/sensor_airflow__struct.h\n'}
[2.778672] (px4_msgs) StdoutLine: {'line': b'-- Up-to-date: /home/rschnurr/SkyClaw-Team1/ros2_ws/install/px4_msgs/include/px4_msgs/px4_msgs/msg/detail/camera_status__functions.h\n'}
[2.778969] (px4_msgs) StdoutLine: {'line': b'-- Up-to-date: /home/rschnurr/SkyClaw-Team1/ros2_ws/install/px4_msgs/include/px4_msgs/px4_msgs/msg/detail/ulog_stream__struct.h\n'}
[2.779691] (px4_msgs) StdoutLine: {'line': b'-- Up-to-date: /home/rschnurr/SkyClaw-Team1/ros2_ws/install/px4_msgs/include/px4_msgs/px4_msgs/msg/detail/landing_target_pose__type_support.h\n'}
[2.780242] (px4_msgs) StdoutLine: {'line': b'-- Up-to-date: /home/rschnurr/SkyClaw-Team1/ros2_ws/install/px4_msgs/include/px4_msgs/px4_msgs/msg/detail/vehicle_attitude__type_support.h\n'}
[2.780638] (px4_msgs) StdoutLine: {'line': b'-- Up-to-date: /home/rschnurr/SkyClaw-Team1/ros2_ws/install/px4_msgs/include/px4_msgs/px4_msgs/msg/detail/rate_ctrl_status__functions.h\n'}
[2.781435] (px4_msgs) StdoutLine: {'line': b'-- Up-to-date: /home/rschnurr/SkyClaw-Team1/ros2_ws/install/px4_msgs/include/px4_msgs/px4_msgs/msg/detail/vehicle_imu_status__functions.c\n'}
[2.782176] (px4_msgs) StdoutLine: {'line': b'-- Up-to-date: /home/rschnurr/SkyClaw-Team1/ros2_ws/install/px4_msgs/include/px4_msgs/px4_msgs/msg/detail/gimbal_controls__functions.c\n'}
[2.782432] (px4_msgs) StdoutLine: {'line': b'-- Up-to-date: /home/rschnurr/SkyClaw-Team1/ros2_ws/install/px4_msgs/include/px4_msgs/px4_msgs/msg/detail/collision_constraints__type_support.h\n'}
[2.782518] (px4_msgs) StdoutLine: {'line': b'-- Up-to-date: /home/rschnurr/SkyClaw-Team1/ros2_ws/install/px4_msgs/include/px4_msgs/px4_msgs/msg/detail/generator_status__struct.h\n'}
[2.782582] (px4_msgs) StdoutLine: {'line': b'-- Up-to-date: /home/rschnurr/SkyClaw-Team1/ros2_ws/install/px4_msgs/include/px4_msgs/px4_msgs/msg/detail/parameter_reset_request__functions.h\n'}
[2.782638] (px4_msgs) StdoutLine: {'line': b'-- Up-to-date: /home/rschnurr/SkyClaw-Team1/ros2_ws/install/px4_msgs/include/px4_msgs/px4_msgs/msg/detail/led_control__functions.h\n'}
[2.782690] (px4_msgs) StdoutLine: {'line': b'-- Up-to-date: /home/rschnurr/SkyClaw-Team1/ros2_ws/install/px4_msgs/include/px4_msgs/px4_msgs/msg/detail/landing_target_innovations__functions.h\n'}
[2.782749] (px4_msgs) StdoutLine: {'line': b'-- Up-to-date: /home/rschnurr/SkyClaw-Team1/ros2_ws/install/px4_msgs/include/px4_msgs/px4_msgs/msg/detail/open_drone_id_system__functions.h\n'}
[2.782808] (px4_msgs) StdoutLine: {'line': b'-- Up-to-date: /home/rschnurr/SkyClaw-Team1/ros2_ws/install/px4_msgs/include/px4_msgs/px4_msgs/msg/detail/landing_target_pose__functions.c\n'}
[2.782873] (px4_msgs) StdoutLine: {'line': b'-- Up-to-date: /home/rschnurr/SkyClaw-Team1/ros2_ws/install/px4_msgs/include/px4_msgs/px4_msgs/msg/detail/landing_gear_wheel__functions.c\n'}
[2.782944] (px4_msgs) StdoutLine: {'line': b'-- Up-to-date: /home/rschnurr/SkyClaw-Team1/ros2_ws/install/px4_msgs/include/px4_msgs/px4_msgs/msg/detail/satellite_info__functions.h\n'}
[2.783594] (px4_msgs) StdoutLine: {'line': b'-- Up-to-date: /home/rschnurr/SkyClaw-Team1/ros2_ws/install/px4_msgs/include/px4_msgs/px4_msgs/msg/detail/tecs_status__type_support.h\n'}
[2.784689] (px4_msgs) StdoutLine: {'line': b'-- Up-to-date: /home/rschnurr/SkyClaw-Team1/ros2_ws/install/px4_msgs/include/px4_msgs/px4_msgs/msg/detail/takeoff_status__struct.h\n'}
[2.785156] (px4_msgs) StdoutLine: {'line': b'-- Up-to-date: /home/rschnurr/SkyClaw-Team1/ros2_ws/install/px4_msgs/include/px4_msgs/px4_msgs/msg/detail/parameter_set_used_request__functions.h\n'}
[2.785826] (px4_msgs) StdoutLine: {'line': b'-- Up-to-date: /home/rschnurr/SkyClaw-Team1/ros2_ws/install/px4_msgs/include/px4_msgs/px4_msgs/msg/detail/rover_rate_setpoint__struct.h\n'}
[2.786452] (px4_msgs) StdoutLine: {'line': b'-- Up-to-date: /home/rschnurr/SkyClaw-Team1/ros2_ws/install/px4_msgs/include/px4_msgs/px4_msgs/msg/detail/input_rc__type_support.h\n'}
[2.787583] (px4_msgs) StdoutLine: {'line': b'-- Up-to-date: /home/rschnurr/SkyClaw-Team1/ros2_ws/install/px4_msgs/include/px4_msgs/px4_msgs/msg/detail/longitudinal_control_configuration__struct.h\n'}
[2.787739] (px4_msgs) StdoutLine: {'line': b'-- Up-to-date: /home/rschnurr/SkyClaw-Team1/ros2_ws/install/px4_msgs/include/px4_msgs/px4_msgs/msg/detail/dataman_response__functions.c\n'}
[2.788461] (px4_msgs) StdoutLine: {'line': b'-- Up-to-date: /home/rschnurr/SkyClaw-Team1/ros2_ws/install/px4_msgs/include/px4_msgs/px4_msgs/msg/detail/button_event__functions.c\n'}
[2.789310] (px4_msgs) StdoutLine: {'line': b'-- Up-to-date: /home/rschnurr/SkyClaw-Team1/ros2_ws/install/px4_msgs/include/px4_msgs/px4_msgs/msg/detail/cellular_status__type_support.h\n'}
[2.789643] (px4_msgs) StdoutLine: {'line': b'-- Up-to-date: /home/rschnurr/SkyClaw-Team1/ros2_ws/install/px4_msgs/include/px4_msgs/px4_msgs/msg/detail/gripper__type_support.h\n'}
[2.790085] (px4_msgs) StdoutLine: {'line': b'-- Up-to-date: /home/rschnurr/SkyClaw-Team1/ros2_ws/install/px4_msgs/include/px4_msgs/px4_msgs/msg/detail/vehicle_imu__functions.c\n'}
[2.790575] (px4_msgs) StdoutLine: {'line': b'-- Up-to-date: /home/rschnurr/SkyClaw-Team1/ros2_ws/install/px4_msgs/include/px4_msgs/px4_msgs/msg/detail/airspeed__type_support.h\n'}
[2.790835] (px4_msgs) StdoutLine: {'line': b'-- Up-to-date: /home/rschnurr/SkyClaw-Team1/ros2_ws/install/px4_msgs/include/px4_msgs/px4_msgs/msg/detail/timesync_status__struct.h\n'}
[2.791146] (px4_msgs) StdoutLine: {'line': b'-- Up-to-date: /home/rschnurr/SkyClaw-Team1/ros2_ws/install/px4_msgs/include/px4_msgs/px4_msgs/msg/detail/vehicle_command__functions.c\n'}
[2.791872] (px4_msgs) StdoutLine: {'line': b'-- Up-to-date: /home/rschnurr/SkyClaw-Team1/ros2_ws/install/px4_msgs/include/px4_msgs/px4_msgs/msg/detail/can_interface_status__struct.h\n'}
[2.792227] (px4_msgs) StdoutLine: {'line': b'-- Up-to-date: /home/rschnurr/SkyClaw-Team1/ros2_ws/install/px4_msgs/include/px4_msgs/px4_msgs/msg/detail/figure_eight_status__type_support.h\n'}
[2.792602] (px4_msgs) StdoutLine: {'line': b'-- Up-to-date: /home/rschnurr/SkyClaw-Team1/ros2_ws/install/px4_msgs/include/px4_msgs/px4_msgs/msg/detail/goto_setpoint__functions.c\n'}
[2.793018] (px4_msgs) StdoutLine: {'line': b'-- Up-to-date: /home/rschnurr/SkyClaw-Team1/ros2_ws/install/px4_msgs/include/px4_msgs/px4_msgs/msg/detail/vtol_vehicle_status__type_support.h\n'}
[2.793601] (px4_msgs) StdoutLine: {'line': b'-- Up-to-date: /home/rschnurr/SkyClaw-Team1/ros2_ws/install/px4_msgs/include/px4_msgs/px4_msgs/msg/detail/mount_orientation__type_support.h\n'}
[2.794107] (px4_msgs) StdoutLine: {'line': b'-- Up-to-date: /home/rschnurr/SkyClaw-Team1/ros2_ws/install/px4_msgs/include/px4_msgs/px4_msgs/msg/detail/velocity_limits__functions.h\n'}
[2.794534] (px4_msgs) StdoutLine: {'line': b'-- Up-to-date: /home/rschnurr/SkyClaw-Team1/ros2_ws/install/px4_msgs/include/px4_msgs/px4_msgs/msg/detail/distance_sensor__struct.h\n'}
[2.795766] (px4_msgs) StdoutLine: {'line': b'-- Up-to-date: /home/rschnurr/SkyClaw-Team1/ros2_ws/install/px4_msgs/include/px4_msgs/px4_msgs/msg/detail/vehicle_status__struct.h\n'}
[2.796029] (px4_msgs) StdoutLine: {'line': b'-- Up-to-date: /home/rschnurr/SkyClaw-Team1/ros2_ws/install/px4_msgs/include/px4_msgs/px4_msgs/msg/detail/uavcan_parameter_request__functions.h\n'}
[2.796484] (px4_msgs) StdoutLine: {'line': b'-- Up-to-date: /home/rschnurr/SkyClaw-Team1/ros2_ws/install/px4_msgs/include/px4_msgs/px4_msgs/msg/detail/actuator_controls_status__functions.h\n'}
[2.797154] (px4_msgs) StdoutLine: {'line': b'-- Up-to-date: /home/rschnurr/SkyClaw-Team1/ros2_ws/install/px4_msgs/include/px4_msgs/px4_msgs/msg/detail/velocity_limits__struct.h\n'}
[2.797838] (px4_msgs) StdoutLine: {'line': b'-- Up-to-date: /home/rschnurr/SkyClaw-Team1/ros2_ws/install/px4_msgs/include/px4_msgs/px4_msgs/msg/detail/gpio_out__functions.c\n'}
[2.798512] (px4_msgs) StdoutLine: {'line': b'-- Up-to-date: /home/rschnurr/SkyClaw-Team1/ros2_ws/install/px4_msgs/include/px4_msgs/px4_msgs/msg/detail/gps_dump__struct.h\n'}
[2.799021] (px4_msgs) StdoutLine: {'line': b'-- Up-to-date: /home/rschnurr/SkyClaw-Team1/ros2_ws/install/px4_msgs/include/px4_msgs/px4_msgs/msg/detail/register_ext_component_reply__functions.h\n'}
[2.800679] (px4_msgs) StdoutLine: {'line': b'-- Up-to-date: /home/rschnurr/SkyClaw-Team1/ros2_ws/install/px4_msgs/include/px4_msgs/px4_msgs/msg/detail/transponder_report__struct.h\n'}
[2.801353] (px4_msgs) StdoutLine: {'line': b'-- Up-to-date: /home/rschnurr/SkyClaw-Team1/ros2_ws/install/px4_msgs/include/px4_msgs/px4_msgs/msg/detail/vehicle_command_ack__functions.h\n'}
[2.802030] (px4_msgs) StdoutLine: {'line': b'-- Up-to-date: /home/rschnurr/SkyClaw-Team1/ros2_ws/install/px4_msgs/include/px4_msgs/px4_msgs/msg/detail/vehicle_rates_setpoint__functions.c\n'}
[2.802454] (px4_msgs) StdoutLine: {'line': b'-- Up-to-date: /home/rschnurr/SkyClaw-Team1/ros2_ws/install/px4_msgs/include/px4_msgs/px4_msgs/msg/detail/px4io_status__type_support.h\n'}
[2.802824] (px4_msgs) StdoutLine: {'line': b'-- Up-to-date: /home/rschnurr/SkyClaw-Team1/ros2_ws/install/px4_msgs/include/px4_msgs/px4_msgs/msg/detail/camera_capture__type_support.h\n'}
[2.803415] (px4_msgs) StdoutLine: {'line': b'-- Up-to-date: /home/rschnurr/SkyClaw-Team1/ros2_ws/install/px4_msgs/include/px4_msgs/px4_msgs/msg/detail/launch_detection_status__struct.h\n'}
[2.803870] (px4_msgs) StdoutLine: {'line': b'-- Up-to-date: /home/rschnurr/SkyClaw-Team1/ros2_ws/install/px4_msgs/include/px4_msgs/px4_msgs/msg/detail/ekf2_timestamps__functions.c\n'}
[2.804623] (px4_msgs) StdoutLine: {'line': b'-- Up-to-date: /home/rschnurr/SkyClaw-Team1/ros2_ws/install/px4_msgs/include/px4_msgs/px4_msgs/msg/detail/landing_gear__functions.h\n'}
[2.805240] (px4_msgs) StdoutLine: {'line': b'-- Up-to-date: /home/rschnurr/SkyClaw-Team1/ros2_ws/install/px4_msgs/include/px4_msgs/px4_msgs/msg/detail/actuator_motors__struct.h\n'}
[2.805638] (px4_msgs) StdoutLine: {'line': b'-- Up-to-date: /home/rschnurr/SkyClaw-Team1/ros2_ws/install/px4_msgs/include/px4_msgs/px4_msgs/msg/detail/event__struct.h\n'}
[2.806360] (px4_msgs) StdoutLine: {'line': b'-- Up-to-date: /home/rschnurr/SkyClaw-Team1/ros2_ws/install/px4_msgs/include/px4_msgs/px4_msgs/msg/detail/transponder_report__functions.c\n'}
[2.806670] (px4_msgs) StdoutLine: {'line': b'-- Up-to-date: /home/rschnurr/SkyClaw-Team1/ros2_ws/install/px4_msgs/include/px4_msgs/px4_msgs/msg/detail/cpuload__functions.c\n'}
[2.806976] (px4_msgs) StdoutLine: {'line': b'-- Up-to-date: /home/rschnurr/SkyClaw-Team1/ros2_ws/install/px4_msgs/include/px4_msgs/px4_msgs/msg/detail/vehicle_angular_velocity__functions.c\n'}
[2.808401] (px4_msgs) StdoutLine: {'line': b'-- Up-to-date: /home/rschnurr/SkyClaw-Team1/ros2_ws/install/px4_msgs/include/px4_msgs/px4_msgs/msg/detail/actuator_servos_trim__type_support.h\n'}
[2.809387] (px4_msgs) StdoutLine: {'line': b'-- Up-to-date: /home/rschnurr/SkyClaw-Team1/ros2_ws/install/px4_msgs/include/px4_msgs/px4_msgs/msg/detail/sensor_correction__functions.h\n'}
[2.810179] (px4_msgs) StdoutLine: {'line': b'-- Up-to-date: /home/rschnurr/SkyClaw-Team1/ros2_ws/install/px4_msgs/include/px4_msgs/px4_msgs/msg/detail/transponder_report__functions.h\n'}
[2.810970] (px4_msgs) StdoutLine: {'line': b'-- Up-to-date: /home/rschnurr/SkyClaw-Team1/ros2_ws/install/px4_msgs/include/px4_msgs/px4_msgs/msg/detail/pwm_input__type_support.h\n'}
[2.812037] (px4_msgs) StdoutLine: {'line': b'-- Up-to-date: /home/rschnurr/SkyClaw-Team1/ros2_ws/install/px4_msgs/include/px4_msgs/px4_msgs/msg/detail/register_ext_component_reply__struct.h\n'}
[2.812557] (px4_msgs) StdoutLine: {'line': b'-- Up-to-date: /home/rschnurr/SkyClaw-Team1/ros2_ws/install/px4_msgs/include/px4_msgs/px4_msgs/msg/detail/debug_vect__struct.h\n'}
[2.812743] (px4_msgs) StdoutLine: {'line': b'-- Up-to-date: /home/rschnurr/SkyClaw-Team1/ros2_ws/install/px4_msgs/include/px4_msgs/px4_msgs/msg/detail/vehicle_optical_flow__functions.c\n'}
[2.813954] (px4_msgs) StdoutLine: {'line': b'-- Up-to-date: /home/rschnurr/SkyClaw-Team1/ros2_ws/install/px4_msgs/include/px4_msgs/px4_msgs/msg/detail/battery_info__struct.h\n'}
[2.814184] (px4_msgs) StdoutLine: {'line': b'-- Up-to-date: /home/rschnurr/SkyClaw-Team1/ros2_ws/install/px4_msgs/include/px4_msgs/px4_msgs/msg/detail/actuator_armed__functions.c\n'}
[2.814292] (px4_msgs) StdoutLine: {'line': b'-- Up-to-date: /home/rschnurr/SkyClaw-Team1/ros2_ws/install/px4_msgs/include/px4_msgs/px4_msgs/msg/detail/actuator_test__type_support.h\n'}
[2.815112] (px4_msgs) StdoutLine: {'line': b'-- Up-to-date: /home/rschnurr/SkyClaw-Team1/ros2_ws/install/px4_msgs/include/px4_msgs/px4_msgs/msg/detail/gimbal_manager_status__type_support.h\n'}
[2.815466] (px4_msgs) StdoutLine: {'line': b'-- Up-to-date: /home/rschnurr/SkyClaw-Team1/ros2_ws/install/px4_msgs/include/px4_msgs/px4_msgs/msg/detail/fixed_wing_longitudinal_setpoint__functions.c\n'}
[2.816077] (px4_msgs) StdoutLine: {'line': b'-- Up-to-date: /home/rschnurr/SkyClaw-Team1/ros2_ws/install/px4_msgs/include/px4_msgs/px4_msgs/msg/detail/estimator_aid_source3d__functions.h\n'}
[2.817072] (px4_msgs) StdoutLine: {'line': b'-- Up-to-date: /home/rschnurr/SkyClaw-Team1/ros2_ws/install/px4_msgs/include/px4_msgs/px4_msgs/msg/detail/open_drone_id_operator_id__functions.c\n'}
[2.817557] (px4_msgs) StdoutLine: {'line': b'-- Up-to-date: /home/rschnurr/SkyClaw-Team1/ros2_ws/install/px4_msgs/include/px4_msgs/px4_msgs/msg/detail/sensor_optical_flow__type_support.h\n'}
[2.818171] (px4_msgs) StdoutLine: {'line': b'-- Up-to-date: /home/rschnurr/SkyClaw-Team1/ros2_ws/install/px4_msgs/include/px4_msgs/px4_msgs/msg/detail/actuator_outputs__functions.h\n'}
[2.818701] (px4_msgs) StdoutLine: {'line': b'-- Up-to-date: /home/rschnurr/SkyClaw-Team1/ros2_ws/install/px4_msgs/include/px4_msgs/px4_msgs/msg/detail/sensors_status_imu__type_support.h\n'}
[2.819609] (px4_msgs) StdoutLine: {'line': b'-- Up-to-date: /home/rschnurr/SkyClaw-Team1/ros2_ws/install/px4_msgs/include/px4_msgs/px4_msgs/msg/detail/follow_target__type_support.h\n'}
[2.820118] (px4_msgs) StdoutLine: {'line': b'-- Up-to-date: /home/rschnurr/SkyClaw-Team1/ros2_ws/install/px4_msgs/include/px4_msgs/px4_msgs/msg/detail/rtl_time_estimate__struct.h\n'}
[2.820872] (px4_msgs) StdoutLine: {'line': b'-- Up-to-date: /home/rschnurr/SkyClaw-Team1/ros2_ws/install/px4_msgs/include/px4_msgs/px4_msgs/msg/detail/rpm__functions.h\n'}
[2.821632] (px4_msgs) StdoutLine: {'line': b'-- Up-to-date: /home/rschnurr/SkyClaw-Team1/ros2_ws/install/px4_msgs/include/px4_msgs/px4_msgs/msg/detail/vehicle_constraints__functions.h\n'}
[2.822295] (px4_msgs) StdoutLine: {'line': b'-- Up-to-date: /home/rschnurr/SkyClaw-Team1/ros2_ws/install/px4_msgs/include/px4_msgs/px4_msgs/msg/detail/vehicle_local_position_setpoint__functions.c\n'}
[2.822640] (px4_msgs) StdoutLine: {'line': b'-- Up-to-date: /home/rschnurr/SkyClaw-Team1/ros2_ws/install/px4_msgs/include/px4_msgs/px4_msgs/msg/detail/sensor_airflow__type_support.h\n'}
[2.823522] (px4_msgs) StdoutLine: {'line': b'-- Up-to-date: /home/rschnurr/SkyClaw-Team1/ros2_ws/install/px4_msgs/include/px4_msgs/px4_msgs/msg/detail/gimbal_manager_information__struct.h\n'}
[2.824565] (px4_msgs) StdoutLine: {'line': b'-- Up-to-date: /home/rschnurr/SkyClaw-Team1/ros2_ws/install/px4_msgs/include/px4_msgs/px4_msgs/msg/detail/log_message__functions.h\n'}
[2.825285] (px4_msgs) StdoutLine: {'line': b'-- Up-to-date: /home/rschnurr/SkyClaw-Team1/ros2_ws/install/px4_msgs/include/px4_msgs/px4_msgs/msg/detail/sensor_uwb__type_support.h\n'}
[2.825887] (px4_msgs) StdoutLine: {'line': b'-- Up-to-date: /home/rschnurr/SkyClaw-Team1/ros2_ws/install/px4_msgs/include/px4_msgs/px4_msgs/msg/detail/logger_status__functions.h\n'}
[2.826499] (px4_msgs) StdoutLine: {'line': b'-- Up-to-date: /home/rschnurr/SkyClaw-Team1/ros2_ws/install/px4_msgs/include/px4_msgs/px4_msgs/msg/detail/actuator_servos_trim__functions.c\n'}
[2.826998] (px4_msgs) StdoutLine: {'line': b'-- Up-to-date: /home/rschnurr/SkyClaw-Team1/ros2_ws/install/px4_msgs/include/px4_msgs/px4_msgs/msg/detail/vehicle_acceleration__functions.c\n'}
[2.827766] (-) TimerEvent: {}
[2.829124] (px4_msgs) StdoutLine: {'line': b'-- Up-to-date: /home/rschnurr/SkyClaw-Team1/ros2_ws/install/px4_msgs/include/px4_msgs/px4_msgs/msg/detail/rtl_status__functions.c\n'}
[2.830804] (px4_msgs) StdoutLine: {'line': b'-- Up-to-date: /home/rschnurr/SkyClaw-Team1/ros2_ws/install/px4_msgs/include/px4_msgs/px4_msgs/msg/detail/uavcan_parameter_request__struct.h\n'}
[2.831856] (px4_msgs) StdoutLine: {'line': b'-- Up-to-date: /home/rschnurr/SkyClaw-Team1/ros2_ws/install/px4_msgs/include/px4_msgs/px4_msgs/msg/detail/camera_status__struct.h\n'}
[2.832645] (px4_msgs) StdoutLine: {'line': b'-- Up-to-date: /home/rschnurr/SkyClaw-Team1/ros2_ws/install/px4_msgs/include/px4_msgs/px4_msgs/msg/detail/fixed_wing_lateral_status__functions.c\n'}
[2.834456] (px4_msgs) StdoutLine: {'line': b'-- Up-to-date: /home/rschnurr/SkyClaw-Team1/ros2_ws/install/px4_msgs/include/px4_msgs/px4_msgs/msg/detail/adc_report__functions.c\n'}
[2.835739] (px4_msgs) StdoutLine: {'line': b'-- Up-to-date: /home/rschnurr/SkyClaw-Team1/ros2_ws/install/px4_msgs/include/px4_msgs/px4_msgs/msg/detail/orb_test__type_support.h\n'}
[2.836881] (px4_msgs) StdoutLine: {'line': b'-- Up-to-date: /home/rschnurr/SkyClaw-Team1/ros2_ws/install/px4_msgs/include/px4_msgs/px4_msgs/msg/detail/autotune_attitude_control_status__functions.c\n'}
[2.837060] (px4_msgs) StdoutLine: {'line': b'-- Up-to-date: /home/rschnurr/SkyClaw-Team1/ros2_ws/install/px4_msgs/include/px4_msgs/px4_msgs/msg/detail/gimbal_controls__type_support.h\n'}
[2.837404] (px4_msgs) StdoutLine: {'line': b'-- Up-to-date: /home/rschnurr/SkyClaw-Team1/ros2_ws/install/px4_msgs/include/px4_msgs/px4_msgs/msg/detail/cpuload__functions.h\n'}
[2.837684] (px4_msgs) StdoutLine: {'line': b'-- Up-to-date: /home/rschnurr/SkyClaw-Team1/ros2_ws/install/px4_msgs/include/px4_msgs/px4_msgs/msg/detail/sensor_mag__struct.h\n'}
[2.838083] (px4_msgs) StdoutLine: {'line': b'-- Up-to-date: /home/rschnurr/SkyClaw-Team1/ros2_ws/install/px4_msgs/include/px4_msgs/px4_msgs/msg/detail/mavlink_tunnel__type_support.h\n'}
[2.838415] (px4_msgs) StdoutLine: {'line': b'-- Up-to-date: /home/rschnurr/SkyClaw-Team1/ros2_ws/install/px4_msgs/include/px4_msgs/px4_msgs/msg/detail/estimator_aid_source1d__functions.h\n'}
[2.838741] (px4_msgs) StdoutLine: {'line': b'-- Up-to-date: /home/rschnurr/SkyClaw-Team1/ros2_ws/install/px4_msgs/include/px4_msgs/px4_msgs/msg/detail/open_drone_id_operator_id__struct.h\n'}
[2.839669] (px4_msgs) StdoutLine: {'line': b'-- Up-to-date: /home/rschnurr/SkyClaw-Team1/ros2_ws/install/px4_msgs/include/px4_msgs/px4_msgs/msg/detail/fixed_wing_longitudinal_setpoint__type_support.h\n'}
[2.840898] (px4_msgs) StdoutLine: {'line': b'-- Up-to-date: /home/rschnurr/SkyClaw-Team1/ros2_ws/install/px4_msgs/include/px4_msgs/px4_msgs/msg/detail/telemetry_status__type_support.h\n'}
[2.841793] (px4_msgs) StdoutLine: {'line': b'-- Up-to-date: /home/rschnurr/SkyClaw-Team1/ros2_ws/install/px4_msgs/include/px4_msgs/px4_msgs/msg/detail/parameter_set_value_request__type_support.h\n'}
[2.842164] (px4_msgs) StdoutLine: {'line': b'-- Up-to-date: /home/rschnurr/SkyClaw-Team1/ros2_ws/install/px4_msgs/include/px4_msgs/px4_msgs/msg/detail/offboard_control_mode__struct.h\n'}
[2.842682] (px4_msgs) StdoutLine: {'line': b'-- Up-to-date: /home/rschnurr/SkyClaw-Team1/ros2_ws/install/px4_msgs/include/px4_msgs/px4_msgs/msg/detail/vehicle_land_detected__struct.h\n'}
[2.843289] (px4_msgs) StdoutLine: {'line': b'-- Up-to-date: /home/rschnurr/SkyClaw-Team1/ros2_ws/install/px4_msgs/include/px4_msgs/px4_msgs/msg/detail/heater_status__struct.h\n'}
[2.844033] (px4_msgs) StdoutLine: {'line': b'-- Up-to-date: /home/rschnurr/SkyClaw-Team1/ros2_ws/install/px4_msgs/include/px4_msgs/px4_msgs/msg/detail/sensor_accel_fifo__struct.h\n'}
[2.844983] (px4_msgs) StdoutLine: {'line': b'-- Up-to-date: /home/rschnurr/SkyClaw-Team1/ros2_ws/install/px4_msgs/include/px4_msgs/px4_msgs/msg/detail/arming_check_reply__functions.c\n'}
[2.845501] (px4_msgs) StdoutLine: {'line': b'-- Up-to-date: /home/rschnurr/SkyClaw-Team1/ros2_ws/install/px4_msgs/include/px4_msgs/px4_msgs/msg/detail/mode_completed__functions.c\n'}
[2.846135] (px4_msgs) StdoutLine: {'line': b'-- Up-to-date: /home/rschnurr/SkyClaw-Team1/ros2_ws/install/px4_msgs/include/px4_msgs/px4_msgs/msg/detail/mission__struct.h\n'}
[2.846445] (px4_msgs) StdoutLine: {'line': b'-- Up-to-date: /home/rschnurr/SkyClaw-Team1/ros2_ws/install/px4_msgs/include/px4_msgs/px4_msgs/msg/detail/parameter_update__functions.c\n'}
[2.847230] (px4_msgs) StdoutLine: {'line': b'-- Up-to-date: /home/rschnurr/SkyClaw-Team1/ros2_ws/install/px4_msgs/include/px4_msgs/px4_msgs/msg/detail/differential_pressure__functions.h\n'}
[2.847698] (px4_msgs) StdoutLine: {'line': b'-- Up-to-date: /home/rschnurr/SkyClaw-Team1/ros2_ws/install/px4_msgs/include/px4_msgs/px4_msgs/msg/detail/position_setpoint__struct.h\n'}
[2.847985] (px4_msgs) StdoutLine: {'line': b'-- Up-to-date: /home/rschnurr/SkyClaw-Team1/ros2_ws/install/px4_msgs/include/px4_msgs/px4_msgs/msg/detail/manual_control_switches__functions.c\n'}
[2.848652] (px4_msgs) StdoutLine: {'line': b'-- Up-to-date: /home/rschnurr/SkyClaw-Team1/ros2_ws/install/px4_msgs/include/px4_msgs/px4_msgs/msg/detail/flight_phase_estimation__functions.c\n'}
[2.849659] (px4_msgs) StdoutLine: {'line': b'-- Up-to-date: /home/rschnurr/SkyClaw-Team1/ros2_ws/install/px4_msgs/include/px4_msgs/px4_msgs/msg/detail/estimator_selector_status__struct.h\n'}
[2.849830] (px4_msgs) StdoutLine: {'line': b'-- Up-to-date: /home/rschnurr/SkyClaw-Team1/ros2_ws/install/px4_msgs/include/px4_msgs/px4_msgs/msg/detail/input_rc__struct.h\n'}
[2.850172] (px4_msgs) StdoutLine: {'line': b'-- Up-to-date: /home/rschnurr/SkyClaw-Team1/ros2_ws/install/px4_msgs/include/px4_msgs/px4_msgs/msg/detail/rover_throttle_setpoint__struct.h\n'}
[2.850590] (px4_msgs) StdoutLine: {'line': b'-- Up-to-date: /home/rschnurr/SkyClaw-Team1/ros2_ws/install/px4_msgs/include/px4_msgs/px4_msgs/msg/detail/orbit_status__functions.h\n'}
[2.850805] (px4_msgs) StdoutLine: {'line': b'-- Up-to-date: /home/rschnurr/SkyClaw-Team1/ros2_ws/install/px4_msgs/include/px4_msgs/px4_msgs/msg/detail/rate_ctrl_status__functions.c\n'}
[2.851558] (px4_msgs) StdoutLine: {'line': b'-- Up-to-date: /home/rschnurr/SkyClaw-Team1/ros2_ws/install/px4_msgs/include/px4_msgs/px4_msgs/msg/detail/px4io_status__functions.h\n'}
[2.852369] (px4_msgs) StdoutLine: {'line': b'-- Up-to-date: /home/rschnurr/SkyClaw-Team1/ros2_ws/install/px4_msgs/include/px4_msgs/px4_msgs/msg/detail/vehicle_imu__struct.h\n'}
[2.852784] (px4_msgs) StdoutLine: {'line': b'-- Up-to-date: /home/rschnurr/SkyClaw-Team1/ros2_ws/install/px4_msgs/include/px4_msgs/px4_msgs/msg/detail/follow_target_status__type_support.h\n'}
[2.853617] (px4_msgs) StdoutLine: {'line': b'-- Up-to-date: /home/rschnurr/SkyClaw-Team1/ros2_ws/install/px4_msgs/include/px4_msgs/px4_msgs/msg/detail/gpio_in__functions.c\n'}
[2.854258] (px4_msgs) StdoutLine: {'line': b'-- Up-to-date: /home/rschnurr/SkyClaw-Team1/ros2_ws/install/px4_msgs/include/px4_msgs/px4_msgs/msg/detail/estimator_bias3d__functions.h\n'}
[2.855312] (px4_msgs) StdoutLine: {'line': b'-- Up-to-date: /home/rschnurr/SkyClaw-Team1/ros2_ws/install/px4_msgs/include/px4_msgs/px4_msgs/msg/detail/navigator_mission_item__functions.c\n'}
[2.856130] (px4_msgs) StdoutLine: {'line': b'-- Up-to-date: /home/rschnurr/SkyClaw-Team1/ros2_ws/install/px4_msgs/include/px4_msgs/px4_msgs/msg/detail/sensor_accel__type_support.h\n'}
[2.857677] (px4_msgs) StdoutLine: {'line': b'-- Up-to-date: /home/rschnurr/SkyClaw-Team1/ros2_ws/install/px4_msgs/include/px4_msgs/px4_msgs/msg/detail/wind__functions.c\n'}
[2.857886] (px4_msgs) StdoutLine: {'line': b'-- Up-to-date: /home/rschnurr/SkyClaw-Team1/ros2_ws/install/px4_msgs/include/px4_msgs/px4_msgs/msg/detail/rpm__type_support.h\n'}
[2.858471] (px4_msgs) StdoutLine: {'line': b'-- Up-to-date: /home/rschnurr/SkyClaw-Team1/ros2_ws/install/px4_msgs/include/px4_msgs/px4_msgs/msg/detail/px4io_status__struct.h\n'}
[2.858843] (px4_msgs) StdoutLine: {'line': b'-- Up-to-date: /home/rschnurr/SkyClaw-Team1/ros2_ws/install/px4_msgs/include/px4_msgs/px4_msgs/msg/detail/gimbal_manager_information__functions.h\n'}
[2.859112] (px4_msgs) StdoutLine: {'line': b'-- Up-to-date: /home/rschnurr/SkyClaw-Team1/ros2_ws/install/px4_msgs/include/px4_msgs/px4_msgs/msg/detail/internal_combustion_engine_status__functions.h\n'}
[2.860526] (px4_msgs) StdoutLine: {'line': b'-- Up-to-date: /home/rschnurr/SkyClaw-Team1/ros2_ws/install/px4_msgs/include/px4_msgs/px4_msgs/msg/detail/vehicle_torque_setpoint__type_support.h\n'}
[2.860916] (px4_msgs) StdoutLine: {'line': b'-- Up-to-date: /home/rschnurr/SkyClaw-Team1/ros2_ws/install/px4_msgs/include/px4_msgs/px4_msgs/msg/detail/gimbal_device_set_attitude__struct.h\n'}
[2.861416] (px4_msgs) StdoutLine: {'line': b'-- Up-to-date: /home/rschnurr/SkyClaw-Team1/ros2_ws/install/px4_msgs/include/px4_msgs/px4_msgs/msg/detail/airspeed__functions.c\n'}
[2.861846] (px4_msgs) StdoutLine: {'line': b'-- Up-to-date: /home/rschnurr/SkyClaw-Team1/ros2_ws/install/px4_msgs/include/px4_msgs/px4_msgs/msg/detail/airspeed_validated__struct.h\n'}
[2.862362] (px4_msgs) StdoutLine: {'line': b'-- Up-to-date: /home/rschnurr/SkyClaw-Team1/ros2_ws/install/px4_msgs/include/px4_msgs/px4_msgs/msg/detail/collision_constraints__functions.h\n'}
[2.863232] (px4_msgs) StdoutLine: {'line': b'-- Up-to-date: /home/rschnurr/SkyClaw-Team1/ros2_ws/install/px4_msgs/include/px4_msgs/px4_msgs/msg/detail/mavlink_log__functions.h\n'}
[2.863955] (px4_msgs) StdoutLine: {'line': b'-- Up-to-date: /home/rschnurr/SkyClaw-Team1/ros2_ws/install/px4_msgs/include/px4_msgs/px4_msgs/msg/detail/position_controller_landing_status__struct.h\n'}
[2.864593] (px4_msgs) StdoutLine: {'line': b'-- Up-to-date: /home/rschnurr/SkyClaw-Team1/ros2_ws/install/px4_msgs/include/px4_msgs/px4_msgs/msg/detail/vehicle_local_position__type_support.h\n'}
[2.864929] (px4_msgs) StdoutLine: {'line': b'-- Up-to-date: /home/rschnurr/SkyClaw-Team1/ros2_ws/install/px4_msgs/include/px4_msgs/px4_msgs/msg/detail/trajectory_setpoint__functions.c\n'}
[2.865425] (px4_msgs) StdoutLine: {'line': b'-- Up-to-date: /home/rschnurr/SkyClaw-Team1/ros2_ws/install/px4_msgs/include/px4_msgs/px4_msgs/msg/detail/estimator_status_flags__struct.h\n'}
[2.865765] (px4_msgs) StdoutLine: {'line': b'-- Up-to-date: /home/rschnurr/SkyClaw-Team1/ros2_ws/install/px4_msgs/include/px4_msgs/px4_msgs/msg/detail/vehicle_angular_acceleration_setpoint__functions.c\n'}
[2.866732] (px4_msgs) StdoutLine: {'line': b'-- Up-to-date: /home/rschnurr/SkyClaw-Team1/ros2_ws/install/px4_msgs/include/px4_msgs/px4_msgs/msg/detail/estimator_status__type_support.h\n'}
[2.867536] (px4_msgs) StdoutLine: {'line': b'-- Up-to-date: /home/rschnurr/SkyClaw-Team1/ros2_ws/install/px4_msgs/include/px4_msgs/px4_msgs/msg/detail/follow_target_status__functions.h\n'}
[2.868994] (px4_msgs) StdoutLine: {'line': b'-- Up-to-date: /home/rschnurr/SkyClaw-Team1/ros2_ws/install/px4_msgs/include/px4_msgs/px4_msgs/msg/detail/led_control__struct.h\n'}
[2.869675] (px4_msgs) StdoutLine: {'line': b'-- Up-to-date: /home/rschnurr/SkyClaw-Team1/ros2_ws/install/px4_msgs/include/px4_msgs/px4_msgs/msg/detail/geofence_result__functions.c\n'}
[2.869803] (px4_msgs) StdoutLine: {'line': b'-- Up-to-date: /home/rschnurr/SkyClaw-Team1/ros2_ws/install/px4_msgs/include/px4_msgs/px4_msgs/msg/detail/estimator_sensor_bias__functions.h\n'}
[2.870111] (px4_msgs) StdoutLine: {'line': b'-- Up-to-date: /home/rschnurr/SkyClaw-Team1/ros2_ws/install/px4_msgs/include/px4_msgs/px4_msgs/msg/detail/rtl_time_estimate__functions.h\n'}
[2.870456] (px4_msgs) StdoutLine: {'line': b'-- Up-to-date: /home/rschnurr/SkyClaw-Team1/ros2_ws/install/px4_msgs/include/px4_msgs/px4_msgs/msg/detail/battery_status__functions.c\n'}
[2.870576] (px4_msgs) StdoutLine: {'line': b'-- Up-to-date: /home/rschnurr/SkyClaw-Team1/ros2_ws/install/px4_msgs/include/px4_msgs/px4_msgs/msg/detail/vehicle_global_position__functions.h\n'}
[2.871824] (px4_msgs) StdoutLine: {'line': b'-- Up-to-date: /home/rschnurr/SkyClaw-Team1/ros2_ws/install/px4_msgs/include/px4_msgs/px4_msgs/msg/detail/open_drone_id_arm_status__struct.h\n'}
[2.872394] (px4_msgs) StdoutLine: {'line': b'-- Up-to-date: /home/rschnurr/SkyClaw-Team1/ros2_ws/install/px4_msgs/include/px4_msgs/px4_msgs/msg/detail/vehicle_thrust_setpoint__type_support.h\n'}
[2.873049] (px4_msgs) StdoutLine: {'line': b'-- Up-to-date: /home/rschnurr/SkyClaw-Team1/ros2_ws/install/px4_msgs/include/px4_msgs/px4_msgs/msg/detail/estimator_innovations__struct.h\n'}
[2.873660] (px4_msgs) StdoutLine: {'line': b'-- Up-to-date: /home/rschnurr/SkyClaw-Team1/ros2_ws/install/px4_msgs/include/px4_msgs/px4_msgs/msg/detail/estimator_status__struct.h\n'}
[2.874258] (px4_msgs) StdoutLine: {'line': b'-- Up-to-date: /home/rschnurr/SkyClaw-Team1/ros2_ws/install/px4_msgs/include/px4_msgs/px4_msgs/msg/detail/rover_position_setpoint__functions.h\n'}
[2.874381] (px4_msgs) StdoutLine: {'line': b'-- Up-to-date: /home/rschnurr/SkyClaw-Team1/ros2_ws/install/px4_msgs/include/px4_msgs/px4_msgs/msg/detail/fuel_tank_status__type_support.h\n'}
[2.874470] (px4_msgs) StdoutLine: {'line': b'-- Up-to-date: /home/rschnurr/SkyClaw-Team1/ros2_ws/install/px4_msgs/include/px4_msgs/px4_msgs/msg/detail/landing_gear__struct.h\n'}
[2.874545] (px4_msgs) StdoutLine: {'line': b'-- Up-to-date: /home/rschnurr/SkyClaw-Team1/ros2_ws/install/px4_msgs/include/px4_msgs/px4_msgs/msg/detail/sensor_gps__functions.c\n'}
[2.874619] (px4_msgs) StdoutLine: {'line': b'-- Up-to-date: /home/rschnurr/SkyClaw-Team1/ros2_ws/install/px4_msgs/include/px4_msgs/px4_msgs/msg/detail/vehicle_status__functions.h\n'}
[2.874689] (px4_msgs) StdoutLine: {'line': b'-- Up-to-date: /home/rschnurr/SkyClaw-Team1/ros2_ws/install/px4_msgs/include/px4_msgs/px4_msgs/msg/detail/normalized_unsigned_setpoint__struct.h\n'}
[2.875616] (px4_msgs) StdoutLine: {'line': b'-- Up-to-date: /home/rschnurr/SkyClaw-Team1/ros2_ws/install/px4_msgs/include/px4_msgs/px4_msgs/msg/detail/parameter_update__struct.h\n'}
[2.876247] (px4_msgs) StdoutLine: {'line': b'-- Up-to-date: /home/rschnurr/SkyClaw-Team1/ros2_ws/install/px4_msgs/include/px4_msgs/px4_msgs/msg/detail/rover_speed_setpoint__functions.c\n'}
[2.876820] (px4_msgs) StdoutLine: {'line': b'-- Up-to-date: /home/rschnurr/SkyClaw-Team1/ros2_ws/install/px4_msgs/include/px4_msgs/px4_msgs/msg/detail/debug_vect__functions.c\n'}
[2.877200] (px4_msgs) StdoutLine: {'line': b'-- Up-to-date: /home/rschnurr/SkyClaw-Team1/ros2_ws/install/px4_msgs/include/px4_msgs/px4_msgs/msg/detail/iridiumsbd_status__functions.h\n'}
[2.877675] (px4_msgs) StdoutLine: {'line': b'-- Up-to-date: /home/rschnurr/SkyClaw-Team1/ros2_ws/install/px4_msgs/include/px4_msgs/px4_msgs/msg/detail/sensor_preflight_mag__functions.c\n'}
[2.878162] (px4_msgs) StdoutLine: {'line': b'-- Up-to-date: /home/rschnurr/SkyClaw-Team1/ros2_ws/install/px4_msgs/include/px4_msgs/px4_msgs/msg/detail/position_controller_landing_status__functions.h\n'}
[2.879067] (px4_msgs) StdoutLine: {'line': b'-- Up-to-date: /home/rschnurr/SkyClaw-Team1/ros2_ws/install/px4_msgs/include/px4_msgs/px4_msgs/msg/detail/position_controller_landing_status__type_support.h\n'}
[2.879728] (px4_msgs) StdoutLine: {'line': b'-- Up-to-date: /home/rschnurr/SkyClaw-Team1/ros2_ws/install/px4_msgs/include/px4_msgs/px4_msgs/msg/detail/estimator_aid_source2d__struct.h\n'}
[2.880561] (px4_msgs) StdoutLine: {'line': b'-- Up-to-date: /home/rschnurr/SkyClaw-Team1/ros2_ws/install/px4_msgs/include/px4_msgs/px4_msgs/msg/detail/actuator_armed__type_support.h\n'}
[2.881270] (px4_msgs) StdoutLine: {'line': b'-- Up-to-date: /home/rschnurr/SkyClaw-Team1/ros2_ws/install/px4_msgs/include/px4_msgs/px4_msgs/msg/detail/fixed_wing_lateral_status__functions.h\n'}
[2.881671] (px4_msgs) StdoutLine: {'line': b'-- Up-to-date: /home/rschnurr/SkyClaw-Team1/ros2_ws/install/px4_msgs/include/px4_msgs/px4_msgs/msg/detail/orbit_status__struct.h\n'}
[2.882125] (px4_msgs) StdoutLine: {'line': b'-- Up-to-date: /home/rschnurr/SkyClaw-Team1/ros2_ws/install/px4_msgs/include/px4_msgs/px4_msgs/msg/detail/uavcan_parameter_value__struct.h\n'}
[2.882648] (px4_msgs) StdoutLine: {'line': b'-- Up-to-date: /home/rschnurr/SkyClaw-Team1/ros2_ws/install/px4_msgs/include/px4_msgs/px4_msgs/msg/detail/control_allocator_status__type_support.h\n'}
[2.883156] (px4_msgs) StdoutLine: {'line': b'-- Up-to-date: /home/rschnurr/SkyClaw-Team1/ros2_ws/install/px4_msgs/include/px4_msgs/px4_msgs/msg/detail/collision_constraints__functions.c\n'}
[2.884783] (px4_msgs) StdoutLine: {'line': b'-- Up-to-date: /home/rschnurr/SkyClaw-Team1/ros2_ws/install/px4_msgs/include/px4_msgs/px4_msgs/msg/detail/failure_detector_status__functions.c\n'}
[2.885579] (px4_msgs) StdoutLine: {'line': b'-- Up-to-date: /home/rschnurr/SkyClaw-Team1/ros2_ws/install/px4_msgs/include/px4_msgs/px4_msgs/msg/detail/mode_completed__struct.h\n'}
[2.886531] (px4_msgs) StdoutLine: {'line': b'-- Up-to-date: /home/rschnurr/SkyClaw-Team1/ros2_ws/install/px4_msgs/include/px4_msgs/px4_msgs/msg/detail/figure_eight_status__functions.c\n'}
[2.886991] (px4_msgs) StdoutLine: {'line': b'-- Up-to-date: /home/rschnurr/SkyClaw-Team1/ros2_ws/install/px4_msgs/include/px4_msgs/px4_msgs/msg/detail/landing_target_innovations__type_support.h\n'}
[2.887757] (px4_msgs) StdoutLine: {'line': b'-- Up-to-date: /home/rschnurr/SkyClaw-Team1/ros2_ws/install/px4_msgs/include/px4_msgs/px4_msgs/msg/detail/sensor_gyro__struct.h\n'}
[2.888214] (px4_msgs) StdoutLine: {'line': b'-- Up-to-date: /home/rschnurr/SkyClaw-Team1/ros2_ws/install/px4_msgs/include/px4_msgs/px4_msgs/msg/detail/timesync_status__functions.h\n'}
[2.888762] (px4_msgs) StdoutLine: {'line': b'-- Up-to-date: /home/rschnurr/SkyClaw-Team1/ros2_ws/install/px4_msgs/include/px4_msgs/px4_msgs/msg/detail/power_button_state__struct.h\n'}
[2.889187] (px4_msgs) StdoutLine: {'line': b'-- Up-to-date: /home/rschnurr/SkyClaw-Team1/ros2_ws/install/px4_msgs/include/px4_msgs/px4_msgs/msg/detail/pure_pursuit_status__functions.h\n'}
[2.889692] (px4_msgs) StdoutLine: {'line': b'-- Up-to-date: /home/rschnurr/SkyClaw-Team1/ros2_ws/install/px4_msgs/include/px4_msgs/px4_msgs/msg/detail/actuator_motors__functions.h\n'}
[2.890095] (px4_msgs) StdoutLine: {'line': b'-- Up-to-date: /home/rschnurr/SkyClaw-Team1/ros2_ws/install/px4_msgs/include/px4_msgs/px4_msgs/msg/detail/failsafe_flags__type_support.h\n'}
[2.890575] (px4_msgs) StdoutLine: {'line': b'-- Up-to-date: /home/rschnurr/SkyClaw-Team1/ros2_ws/install/px4_msgs/include/px4_msgs/px4_msgs/msg/detail/figure_eight_status__functions.h\n'}
[2.891002] (px4_msgs) StdoutLine: {'line': b'-- Up-to-date: /home/rschnurr/SkyClaw-Team1/ros2_ws/install/px4_msgs/include/px4_msgs/px4_msgs/msg/detail/navigator_mission_item__functions.h\n'}
[2.891728] (px4_msgs) StdoutLine: {'line': b'-- Up-to-date: /home/rschnurr/SkyClaw-Team1/ros2_ws/install/px4_msgs/include/px4_msgs/px4_msgs/msg/detail/geofence_result__type_support.h\n'}
[2.892822] (px4_msgs) StdoutLine: {'line': b'-- Up-to-date: /home/rschnurr/SkyClaw-Team1/ros2_ws/install/px4_msgs/include/px4_msgs/px4_msgs/msg/detail/open_drone_id_self_id__struct.h\n'}
[2.893637] (px4_msgs) StdoutLine: {'line': b'-- Up-to-date: /home/rschnurr/SkyClaw-Team1/ros2_ws/install/px4_msgs/include/px4_msgs/px4_msgs/msg/detail/vehicle_command_ack__functions.c\n'}
[2.894318] (px4_msgs) StdoutLine: {'line': b'-- Up-to-date: /home/rschnurr/SkyClaw-Team1/ros2_ws/install/px4_msgs/include/px4_msgs/px4_msgs/msg/detail/gpio_out__type_support.h\n'}
[2.895209] (px4_msgs) StdoutLine: {'line': b'-- Up-to-date: /home/rschnurr/SkyClaw-Team1/ros2_ws/install/px4_msgs/include/px4_msgs/px4_msgs/msg/detail/orb_test__functions.c\n'}
[2.895453] (px4_msgs) StdoutLine: {'line': b'-- Up-to-date: /home/rschnurr/SkyClaw-Team1/ros2_ws/install/px4_msgs/include/px4_msgs/px4_msgs/msg/detail/wind__struct.h\n'}
[2.895552] (px4_msgs) StdoutLine: {'line': b'-- Up-to-date: /home/rschnurr/SkyClaw-Team1/ros2_ws/install/px4_msgs/include/px4_msgs/px4_msgs/msg/detail/rover_rate_status__functions.c\n'}
[2.895631] (px4_msgs) StdoutLine: {'line': b'-- Up-to-date: /home/rschnurr/SkyClaw-Team1/ros2_ws/install/px4_msgs/include/px4_msgs/px4_msgs/msg/detail/open_drone_id_system__type_support.h\n'}
[2.895704] (px4_msgs) StdoutLine: {'line': b'-- Up-to-date: /home/rschnurr/SkyClaw-Team1/ros2_ws/install/px4_msgs/include/px4_msgs/px4_msgs/msg/detail/vehicle_imu__type_support.h\n'}
[2.895772] (px4_msgs) StdoutLine: {'line': b'-- Up-to-date: /home/rschnurr/SkyClaw-Team1/ros2_ws/install/px4_msgs/include/px4_msgs/px4_msgs/msg/detail/rover_steering_setpoint__type_support.h\n'}
[2.895849] (px4_msgs) StdoutLine: {'line': b'-- Up-to-date: /home/rschnurr/SkyClaw-Team1/ros2_ws/install/px4_msgs/include/px4_msgs/px4_msgs/msg/detail/button_event__struct.h\n'}
[2.895923] (px4_msgs) StdoutLine: {'line': b'-- Up-to-date: /home/rschnurr/SkyClaw-Team1/ros2_ws/install/px4_msgs/include/px4_msgs/px4_msgs/msg/detail/open_drone_id_arm_status__functions.c\n'}
[2.895990] (px4_msgs) StdoutLine: {'line': b'-- Up-to-date: /home/rschnurr/SkyClaw-Team1/ros2_ws/install/px4_msgs/include/px4_msgs/px4_msgs/msg/detail/battery_info__functions.h\n'}
[2.896059] (px4_msgs) StdoutLine: {'line': b'-- Up-to-date: /home/rschnurr/SkyClaw-Team1/ros2_ws/install/px4_msgs/include/px4_msgs/px4_msgs/msg/detail/lateral_control_configuration__functions.h\n'}
[2.896275] (px4_msgs) StdoutLine: {'line': b'-- Up-to-date: /home/rschnurr/SkyClaw-Team1/ros2_ws/install/px4_msgs/include/px4_msgs/px4_msgs/msg/detail/gpio_request__functions.c\n'}
[2.896783] (px4_msgs) StdoutLine: {'line': b'-- Up-to-date: /home/rschnurr/SkyClaw-Team1/ros2_ws/install/px4_msgs/include/px4_msgs/px4_msgs/msg/detail/vehicle_roi__struct.h\n'}
[2.897651] (px4_msgs) StdoutLine: {'line': b'-- Up-to-date: /home/rschnurr/SkyClaw-Team1/ros2_ws/install/px4_msgs/include/px4_msgs/px4_msgs/msg/detail/message_format_request__struct.h\n'}
[2.898037] (px4_msgs) StdoutLine: {'line': b'-- Up-to-date: /home/rschnurr/SkyClaw-Team1/ros2_ws/install/px4_msgs/include/px4_msgs/px4_msgs/msg/detail/follow_target__functions.h\n'}
[2.898673] (px4_msgs) StdoutLine: {'line': b'-- Up-to-date: /home/rschnurr/SkyClaw-Team1/ros2_ws/install/px4_msgs/include/px4_msgs/px4_msgs/msg/detail/hover_thrust_estimate__functions.h\n'}
[2.899400] (px4_msgs) StdoutLine: {'line': b'-- Up-to-date: /home/rschnurr/SkyClaw-Team1/ros2_ws/install/px4_msgs/include/px4_msgs/px4_msgs/msg/detail/gps_inject_data__functions.c\n'}
[2.899917] (px4_msgs) StdoutLine: {'line': b'-- Up-to-date: /home/rschnurr/SkyClaw-Team1/ros2_ws/install/px4_msgs/include/px4_msgs/px4_msgs/msg/detail/lateral_control_configuration__functions.c\n'}
[2.900621] (px4_msgs) StdoutLine: {'line': b'-- Up-to-date: /home/rschnurr/SkyClaw-Team1/ros2_ws/install/px4_msgs/include/px4_msgs/px4_msgs/msg/detail/can_interface_status__functions.h\n'}
[2.901268] (px4_msgs) StdoutLine: {'line': b'-- Up-to-date: /home/rschnurr/SkyClaw-Team1/ros2_ws/install/px4_msgs/include/px4_msgs/px4_msgs/msg/detail/control_allocator_status__functions.c\n'}
[2.902011] (px4_msgs) StdoutLine: {'line': b'-- Up-to-date: /home/rschnurr/SkyClaw-Team1/ros2_ws/install/px4_msgs/include/px4_msgs/px4_msgs/msg/detail/system_power__struct.h\n'}
[2.902512] (px4_msgs) StdoutLine: {'line': b'-- Up-to-date: /home/rschnurr/SkyClaw-Team1/ros2_ws/install/px4_msgs/include/px4_msgs/px4_msgs/msg/detail/log_message__functions.c\n'}
[2.903472] (px4_msgs) StdoutLine: {'line': b'-- Up-to-date: /home/rschnurr/SkyClaw-Team1/ros2_ws/install/px4_msgs/include/px4_msgs/px4_msgs/msg/detail/mode_completed__type_support.h\n'}
[2.904173] (px4_msgs) StdoutLine: {'line': b'-- Up-to-date: /home/rschnurr/SkyClaw-Team1/ros2_ws/install/px4_msgs/include/px4_msgs/px4_msgs/msg/detail/satellite_info__type_support.h\n'}
[2.904757] (px4_msgs) StdoutLine: {'line': b'-- Up-to-date: /home/rschnurr/SkyClaw-Team1/ros2_ws/install/px4_msgs/include/px4_msgs/px4_msgs/msg/detail/estimator_bias__functions.c\n'}
[2.905966] (px4_msgs) StdoutLine: {'line': b'-- Up-to-date: /home/rschnurr/SkyClaw-Team1/ros2_ws/install/px4_msgs/include/px4_msgs/px4_msgs/msg/detail/gpio_out__struct.h\n'}
[2.906579] (px4_msgs) StdoutLine: {'line': b'-- Up-to-date: /home/rschnurr/SkyClaw-Team1/ros2_ws/install/px4_msgs/include/px4_msgs/px4_msgs/msg/detail/actuator_servos__type_support.h\n'}
[2.907548] (px4_msgs) StdoutLine: {'line': b'-- Up-to-date: /home/rschnurr/SkyClaw-Team1/ros2_ws/install/px4_msgs/include/px4_msgs/px4_msgs/msg/detail/tiltrotor_extra_controls__functions.h\n'}
[2.908228] (px4_msgs) StdoutLine: {'line': b'-- Up-to-date: /home/rschnurr/SkyClaw-Team1/ros2_ws/install/px4_msgs/include/px4_msgs/px4_msgs/msg/detail/orb_test_medium__type_support.h\n'}
[2.908400] (px4_msgs) StdoutLine: {'line': b'-- Up-to-date: /home/rschnurr/SkyClaw-Team1/ros2_ws/install/px4_msgs/include/px4_msgs/px4_msgs/msg/detail/battery_info__functions.c\n'}
[2.908903] (px4_msgs) StdoutLine: {'line': b'-- Up-to-date: /home/rschnurr/SkyClaw-Team1/ros2_ws/install/px4_msgs/include/px4_msgs/px4_msgs/msg/detail/manual_control_setpoint__struct.h\n'}
[2.909463] (px4_msgs) StdoutLine: {'line': b'-- Up-to-date: /home/rschnurr/SkyClaw-Team1/ros2_ws/install/px4_msgs/include/px4_msgs/px4_msgs/msg/detail/mag_worker_data__type_support.h\n'}
[2.909606] (px4_msgs) StdoutLine: {'line': b'-- Up-to-date: /home/rschnurr/SkyClaw-Team1/ros2_ws/install/px4_msgs/include/px4_msgs/px4_msgs/msg/detail/distance_sensor_mode_change_request__functions.h\n'}
[2.910018] (px4_msgs) StdoutLine: {'line': b'-- Up-to-date: /home/rschnurr/SkyClaw-Team1/ros2_ws/install/px4_msgs/include/px4_msgs/px4_msgs/msg/detail/yaw_estimator_status__functions.h\n'}
[2.910440] (px4_msgs) StdoutLine: {'line': b'-- Up-to-date: /home/rschnurr/SkyClaw-Team1/ros2_ws/install/px4_msgs/include/px4_msgs/px4_msgs/msg/detail/debug_value__functions.c\n'}
[2.911244] (px4_msgs) StdoutLine: {'line': b'-- Up-to-date: /home/rschnurr/SkyClaw-Team1/ros2_ws/install/px4_msgs/include/px4_msgs/px4_msgs/msg/detail/actuator_outputs__functions.c\n'}
[2.911370] (px4_msgs) StdoutLine: {'line': b'-- Up-to-date: /home/rschnurr/SkyClaw-Team1/ros2_ws/install/px4_msgs/include/px4_msgs/px4_msgs/msg/detail/health_report__type_support.h\n'}
[2.911886] (px4_msgs) StdoutLine: {'line': b'-- Up-to-date: /home/rschnurr/SkyClaw-Team1/ros2_ws/install/px4_msgs/include/px4_msgs/px4_msgs/msg/detail/orb_test__functions.h\n'}
[2.912970] (px4_msgs) StdoutLine: {'line': b'-- Up-to-date: /home/rschnurr/SkyClaw-Team1/ros2_ws/install/px4_msgs/include/px4_msgs/px4_msgs/msg/detail/vtol_vehicle_status__functions.c\n'}
[2.913514] (px4_msgs) StdoutLine: {'line': b'-- Up-to-date: /home/rschnurr/SkyClaw-Team1/ros2_ws/install/px4_msgs/include/px4_msgs/px4_msgs/msg/detail/open_drone_id_self_id__functions.c\n'}
[2.913655] (px4_msgs) StdoutLine: {'line': b'-- Up-to-date: /home/rschnurr/SkyClaw-Team1/ros2_ws/install/px4_msgs/include/px4_msgs/px4_msgs/msg/detail/power_monitor__type_support.h\n'}
[2.914204] (px4_msgs) StdoutLine: {'line': b'-- Up-to-date: /home/rschnurr/SkyClaw-Team1/ros2_ws/install/px4_msgs/include/px4_msgs/px4_msgs/msg/detail/debug_value__type_support.h\n'}
[2.915466] (px4_msgs) StdoutLine: {'line': b'-- Up-to-date: /home/rschnurr/SkyClaw-Team1/ros2_ws/install/px4_msgs/include/px4_msgs/px4_msgs/msg/detail/rover_speed_setpoint__struct.h\n'}
[2.916276] (px4_msgs) StdoutLine: {'line': b'-- Up-to-date: /home/rschnurr/SkyClaw-Team1/ros2_ws/install/px4_msgs/include/px4_msgs/px4_msgs/msg/detail/estimator_status_flags__type_support.h\n'}
[2.916849] (px4_msgs) StdoutLine: {'line': b'-- Up-to-date: /home/rschnurr/SkyClaw-Team1/ros2_ws/install/px4_msgs/include/px4_msgs/px4_msgs/msg/detail/parameter_set_used_request__type_support.h\n'}
[2.917351] (px4_msgs) StdoutLine: {'line': b'-- Up-to-date: /home/rschnurr/SkyClaw-Team1/ros2_ws/install/px4_msgs/include/px4_msgs/px4_msgs/msg/detail/geofence_status__functions.c\n'}
[2.917830] (px4_msgs) StdoutLine: {'line': b'-- Up-to-date: /home/rschnurr/SkyClaw-Team1/ros2_ws/install/px4_msgs/include/px4_msgs/px4_msgs/msg/detail/rover_steering_setpoint__functions.h\n'}
[2.918410] (px4_msgs) StdoutLine: {'line': b'-- Up-to-date: /home/rschnurr/SkyClaw-Team1/ros2_ws/install/px4_msgs/include/px4_msgs/px4_msgs/msg/detail/irlock_report__struct.h\n'}
[2.918754] (px4_msgs) StdoutLine: {'line': b'-- Up-to-date: /home/rschnurr/SkyClaw-Team1/ros2_ws/install/px4_msgs/include/px4_msgs/px4_msgs/msg/detail/trajectory_setpoint__functions.h\n'}
[2.919083] (px4_msgs) StdoutLine: {'line': b'-- Up-to-date: /home/rschnurr/SkyClaw-Team1/ros2_ws/install/px4_msgs/include/px4_msgs/px4_msgs/msg/detail/failsafe_flags__struct.h\n'}
[2.920460] (px4_msgs) StdoutLine: {'line': b'-- Up-to-date: /home/rschnurr/SkyClaw-Team1/ros2_ws/install/px4_msgs/include/px4_msgs/px4_msgs/msg/detail/sensor_combined__struct.h\n'}
[2.920705] (px4_msgs) StdoutLine: {'line': b'-- Up-to-date: /home/rschnurr/SkyClaw-Team1/ros2_ws/install/px4_msgs/include/px4_msgs/px4_msgs/msg/detail/gimbal_controls__functions.h\n'}
[2.921123] (px4_msgs) StdoutLine: {'line': b'-- Up-to-date: /home/rschnurr/SkyClaw-Team1/ros2_ws/install/px4_msgs/include/px4_msgs/px4_msgs/msg/detail/mission_result__type_support.h\n'}
[2.921888] (px4_msgs) StdoutLine: {'line': b'-- Up-to-date: /home/rschnurr/SkyClaw-Team1/ros2_ws/install/px4_msgs/include/px4_msgs/px4_msgs/msg/detail/parameter_set_value_response__type_support.h\n'}
[2.922386] (px4_msgs) StdoutLine: {'line': b'-- Up-to-date: /home/rschnurr/SkyClaw-Team1/ros2_ws/install/px4_msgs/include/px4_msgs/px4_msgs/msg/detail/neural_control__struct.h\n'}
[2.922802] (px4_msgs) StdoutLine: {'line': b'-- Up-to-date: /home/rschnurr/SkyClaw-Team1/ros2_ws/install/px4_msgs/include/px4_msgs/px4_msgs/msg/detail/debug_key_value__struct.h\n'}
[2.924104] (px4_msgs) StdoutLine: {'line': b'-- Up-to-date: /home/rschnurr/SkyClaw-Team1/ros2_ws/install/px4_msgs/include/px4_msgs/px4_msgs/msg/detail/vehicle_command_ack__type_support.h\n'}
[2.924596] (px4_msgs) StdoutLine: {'line': b'-- Up-to-date: /home/rschnurr/SkyClaw-Team1/ros2_ws/install/px4_msgs/include/px4_msgs/px4_msgs/msg/detail/orb_test_medium__functions.h\n'}
[2.925156] (px4_msgs) StdoutLine: {'line': b'-- Up-to-date: /home/rschnurr/SkyClaw-Team1/ros2_ws/install/px4_msgs/include/px4_msgs/px4_msgs/msg/detail/arming_check_reply__functions.h\n'}
[2.925502] (px4_msgs) StdoutLine: {'line': b'-- Up-to-date: /home/rschnurr/SkyClaw-Team1/ros2_ws/install/px4_msgs/include/px4_msgs/px4_msgs/msg/detail/esc_status__struct.h\n'}
[2.926266] (px4_msgs) StdoutLine: {'line': b'-- Up-to-date: /home/rschnurr/SkyClaw-Team1/ros2_ws/install/px4_msgs/include/px4_msgs/px4_msgs/msg/detail/sensors_status_imu__functions.c\n'}
[2.926898] (px4_msgs) StdoutLine: {'line': b'-- Up-to-date: /home/rschnurr/SkyClaw-Team1/ros2_ws/install/px4_msgs/include/px4_msgs/px4_msgs/msg/detail/manual_control_switches__functions.h\n'}
[2.928346] (-) TimerEvent: {}
[2.929189] (px4_msgs) StdoutLine: {'line': b'-- Up-to-date: /home/rschnurr/SkyClaw-Team1/ros2_ws/install/px4_msgs/include/px4_msgs/px4_msgs/msg/detail/onboard_computer_status__functions.h\n'}
[2.930195] (px4_msgs) StdoutLine: {'line': b'-- Up-to-date: /home/rschnurr/SkyClaw-Team1/ros2_ws/install/px4_msgs/include/px4_msgs/px4_msgs/msg/detail/navigator_status__struct.h\n'}
[2.931357] (px4_msgs) StdoutLine: {'line': b'-- Up-to-date: /home/rschnurr/SkyClaw-Team1/ros2_ws/install/px4_msgs/include/px4_msgs/px4_msgs/msg/detail/estimator_bias3d__struct.h\n'}
[2.931880] (px4_msgs) StdoutLine: {'line': b'-- Up-to-date: /home/rschnurr/SkyClaw-Team1/ros2_ws/install/px4_msgs/include/px4_msgs/px4_msgs/msg/detail/orb_test_large__functions.h\n'}
[2.932327] (px4_msgs) StdoutLine: {'line': b'-- Up-to-date: /home/rschnurr/SkyClaw-Team1/ros2_ws/install/px4_msgs/include/px4_msgs/px4_msgs/msg/detail/sensor_baro__type_support.h\n'}
[2.933254] (px4_msgs) StdoutLine: {'line': b'-- Up-to-date: /home/rschnurr/SkyClaw-Team1/ros2_ws/install/px4_msgs/include/px4_msgs/px4_msgs/msg/detail/fuel_tank_status__functions.h\n'}
[2.933719] (px4_msgs) StdoutLine: {'line': b'-- Up-to-date: /home/rschnurr/SkyClaw-Team1/ros2_ws/install/px4_msgs/include/px4_msgs/px4_msgs/msg/detail/airspeed_wind__functions.c\n'}
[2.934006] (px4_msgs) StdoutLine: {'line': b'-- Up-to-date: /home/rschnurr/SkyClaw-Team1/ros2_ws/install/px4_msgs/include/px4_msgs/px4_msgs/msg/detail/pps_capture__functions.c\n'}
[2.934427] (px4_msgs) StdoutLine: {'line': b'-- Up-to-date: /home/rschnurr/SkyClaw-Team1/ros2_ws/install/px4_msgs/include/px4_msgs/px4_msgs/msg/detail/rc_parameter_map__functions.c\n'}
[2.935830] (px4_msgs) StdoutLine: {'line': b'-- Up-to-date: /home/rschnurr/SkyClaw-Team1/ros2_ws/install/px4_msgs/include/px4_msgs/px4_msgs/msg/detail/airspeed_wind__struct.h\n'}
[2.936671] (px4_msgs) StdoutLine: {'line': b'-- Up-to-date: /home/rschnurr/SkyClaw-Team1/ros2_ws/install/px4_msgs/include/px4_msgs/px4_msgs/msg/detail/sensors_status__type_support.h\n'}
[2.937526] (px4_msgs) StdoutLine: {'line': b'-- Up-to-date: /home/rschnurr/SkyClaw-Team1/ros2_ws/install/px4_msgs/include/px4_msgs/px4_msgs/msg/detail/vehicle_thrust_setpoint__struct.h\n'}
[2.937998] (px4_msgs) StdoutLine: {'line': b'-- Up-to-date: /home/rschnurr/SkyClaw-Team1/ros2_ws/install/px4_msgs/include/px4_msgs/px4_msgs/msg/detail/gps_dump__type_support.h\n'}
[2.938595] (px4_msgs) StdoutLine: {'line': b'-- Up-to-date: /home/rschnurr/SkyClaw-Team1/ros2_ws/install/px4_msgs/include/px4_msgs/px4_msgs/msg/detail/internal_combustion_engine_status__functions.c\n'}
[2.939769] (px4_msgs) StdoutLine: {'line': b'-- Up-to-date: /home/rschnurr/SkyClaw-Team1/ros2_ws/install/px4_msgs/include/px4_msgs/px4_msgs/msg/detail/wheel_encoders__functions.h\n'}
[2.940500] (px4_msgs) StdoutLine: {'line': b'-- Up-to-date: /home/rschnurr/SkyClaw-Team1/ros2_ws/install/px4_msgs/include/px4_msgs/px4_msgs/msg/detail/vehicle_magnetometer__struct.h\n'}
[2.941520] (px4_msgs) StdoutLine: {'line': b'-- Up-to-date: /home/rschnurr/SkyClaw-Team1/ros2_ws/install/px4_msgs/include/px4_msgs/px4_msgs/msg/detail/home_position__struct.h\n'}
[2.941702] (px4_msgs) StdoutLine: {'line': b'-- Up-to-date: /home/rschnurr/SkyClaw-Team1/ros2_ws/install/px4_msgs/include/px4_msgs/px4_msgs/msg/detail/dataman_response__functions.h\n'}
[2.942215] (px4_msgs) StdoutLine: {'line': b'-- Up-to-date: /home/rschnurr/SkyClaw-Team1/ros2_ws/install/px4_msgs/include/px4_msgs/px4_msgs/msg/detail/vtol_vehicle_status__struct.h\n'}
[2.942472] (px4_msgs) StdoutLine: {'line': b'-- Up-to-date: /home/rschnurr/SkyClaw-Team1/ros2_ws/install/px4_msgs/include/px4_msgs/px4_msgs/msg/detail/geofence_status__type_support.h\n'}
[2.942684] (px4_msgs) StdoutLine: {'line': b'-- Up-to-date: /home/rschnurr/SkyClaw-Team1/ros2_ws/install/px4_msgs/include/px4_msgs/px4_msgs/msg/detail/landing_gear__type_support.h\n'}
[2.942947] (px4_msgs) StdoutLine: {'line': b'-- Up-to-date: /home/rschnurr/SkyClaw-Team1/ros2_ws/install/px4_msgs/include/px4_msgs/px4_msgs/msg/detail/qshell_retval__struct.h\n'}
[2.944226] (px4_msgs) StdoutLine: {'line': b'-- Up-to-date: /home/rschnurr/SkyClaw-Team1/ros2_ws/install/px4_msgs/include/px4_msgs/px4_msgs/msg/detail/failsafe_flags__functions.h\n'}
[2.944986] (px4_msgs) StdoutLine: {'line': b'-- Up-to-date: /home/rschnurr/SkyClaw-Team1/ros2_ws/install/px4_msgs/include/px4_msgs/px4_msgs/msg/detail/hover_thrust_estimate__struct.h\n'}
[2.945282] (px4_msgs) StdoutLine: {'line': b'-- Up-to-date: /home/rschnurr/SkyClaw-Team1/ros2_ws/install/px4_msgs/include/px4_msgs/px4_msgs/msg/detail/actuator_armed__functions.h\n'}
[2.946156] (px4_msgs) StdoutLine: {'line': b'-- Up-to-date: /home/rschnurr/SkyClaw-Team1/ros2_ws/install/px4_msgs/include/px4_msgs/px4_msgs/msg/detail/rover_throttle_setpoint__functions.c\n'}
[2.946570] (px4_msgs) StdoutLine: {'line': b'-- Up-to-date: /home/rschnurr/SkyClaw-Team1/ros2_ws/install/px4_msgs/include/px4_msgs/px4_msgs/msg/detail/normalized_unsigned_setpoint__functions.c\n'}
[2.947121] (px4_msgs) StdoutLine: {'line': b'-- Up-to-date: /home/rschnurr/SkyClaw-Team1/ros2_ws/install/px4_msgs/include/px4_msgs/px4_msgs/msg/detail/distance_sensor__type_support.h\n'}
[2.948837] (px4_msgs) StdoutLine: {'line': b'-- Up-to-date: /home/rschnurr/SkyClaw-Team1/ros2_ws/install/px4_msgs/include/px4_msgs/px4_msgs/msg/detail/estimator_aid_source1d__struct.h\n'}
[2.949636] (px4_msgs) StdoutLine: {'line': b'-- Up-to-date: /home/rschnurr/SkyClaw-Team1/ros2_ws/install/px4_msgs/include/px4_msgs/px4_msgs/msg/detail/generator_status__type_support.h\n'}
[2.950674] (px4_msgs) StdoutLine: {'line': b'-- Up-to-date: /home/rschnurr/SkyClaw-Team1/ros2_ws/install/px4_msgs/include/px4_msgs/px4_msgs/msg/detail/led_control__type_support.h\n'}
[2.951486] (px4_msgs) StdoutLine: {'line': b'-- Up-to-date: /home/rschnurr/SkyClaw-Team1/ros2_ws/install/px4_msgs/include/px4_msgs/px4_msgs/msg/detail/actuator_controls_status__type_support.h\n'}
[2.952159] (px4_msgs) StdoutLine: {'line': b'-- Up-to-date: /home/rschnurr/SkyClaw-Team1/ros2_ws/install/px4_msgs/include/px4_msgs/px4_msgs/msg/detail/arming_check_reply__struct.h\n'}
[2.952778] (px4_msgs) StdoutLine: {'line': b'-- Up-to-date: /home/rschnurr/SkyClaw-Team1/ros2_ws/install/px4_msgs/include/px4_msgs/px4_msgs/msg/detail/button_event__functions.h\n'}
[2.953302] (px4_msgs) StdoutLine: {'line': b'-- Up-to-date: /home/rschnurr/SkyClaw-Team1/ros2_ws/install/px4_msgs/include/px4_msgs/px4_msgs/msg/detail/telemetry_status__functions.c\n'}
[2.954073] (px4_msgs) StdoutLine: {'line': b'-- Up-to-date: /home/rschnurr/SkyClaw-Team1/ros2_ws/install/px4_msgs/include/px4_msgs/px4_msgs/msg/detail/sensor_baro__functions.h\n'}
[2.954728] (px4_msgs) StdoutLine: {'line': b'-- Up-to-date: /home/rschnurr/SkyClaw-Team1/ros2_ws/install/px4_msgs/include/px4_msgs/px4_msgs/msg/detail/rover_attitude_setpoint__type_support.h\n'}
[2.955800] (px4_msgs) StdoutLine: {'line': b'-- Up-to-date: /home/rschnurr/SkyClaw-Team1/ros2_ws/install/px4_msgs/include/px4_msgs/px4_msgs/msg/detail/landing_target_pose__functions.h\n'}
[2.956859] (px4_msgs) StdoutLine: {'line': b'-- Up-to-date: /home/rschnurr/SkyClaw-Team1/ros2_ws/install/px4_msgs/include/px4_msgs/px4_msgs/msg/detail/config_overrides__type_support.h\n'}
[2.957853] (px4_msgs) StdoutLine: {'line': b'-- Up-to-date: /home/rschnurr/SkyClaw-Team1/ros2_ws/install/px4_msgs/include/px4_msgs/px4_msgs/msg/detail/sensor_mag__functions.c\n'}
[2.958179] (px4_msgs) StdoutLine: {'line': b'-- Up-to-date: /home/rschnurr/SkyClaw-Team1/ros2_ws/install/px4_msgs/include/px4_msgs/px4_msgs/msg/detail/uavcan_parameter_request__functions.c\n'}
[2.958681] (px4_msgs) StdoutLine: {'line': b'-- Up-to-date: /home/rschnurr/SkyClaw-Team1/ros2_ws/install/px4_msgs/include/px4_msgs/px4_msgs/msg/detail/landing_gear_wheel__type_support.h\n'}
[2.959123] (px4_msgs) StdoutLine: {'line': b'-- Up-to-date: /home/rschnurr/SkyClaw-Team1/ros2_ws/install/px4_msgs/include/px4_msgs/px4_msgs/msg/detail/action_request__functions.c\n'}
[2.959930] (px4_msgs) StdoutLine: {'line': b'-- Up-to-date: /home/rschnurr/SkyClaw-Team1/ros2_ws/install/px4_msgs/include/px4_msgs/px4_msgs/msg/detail/vehicle_optical_flow_vel__functions.h\n'}
[2.960497] (px4_msgs) StdoutLine: {'line': b'-- Up-to-date: /home/rschnurr/SkyClaw-Team1/ros2_ws/install/px4_msgs/include/px4_msgs/px4_msgs/msg/detail/mavlink_tunnel__functions.h\n'}
[2.961314] (px4_msgs) StdoutLine: {'line': b'-- Up-to-date: /home/rschnurr/SkyClaw-Team1/ros2_ws/install/px4_msgs/include/px4_msgs/px4_msgs/msg/detail/timesync_status__functions.c\n'}
[2.962013] (px4_msgs) StdoutLine: {'line': b'-- Up-to-date: /home/rschnurr/SkyClaw-Team1/ros2_ws/install/px4_msgs/include/px4_msgs/px4_msgs/msg/detail/qshell_req__struct.h\n'}
[2.962146] (px4_msgs) StdoutLine: {'line': b'-- Up-to-date: /home/rschnurr/SkyClaw-Team1/ros2_ws/install/px4_msgs/include/px4_msgs/px4_msgs/msg/detail/open_drone_id_self_id__type_support.h\n'}
[2.962259] (px4_msgs) StdoutLine: {'line': b'-- Up-to-date: /home/rschnurr/SkyClaw-Team1/ros2_ws/install/px4_msgs/include/px4_msgs/px4_msgs/msg/detail/vehicle_odometry__struct.h\n'}
[2.962320] (px4_msgs) StdoutLine: {'line': b'-- Up-to-date: /home/rschnurr/SkyClaw-Team1/ros2_ws/install/px4_msgs/include/px4_msgs/px4_msgs/msg/detail/estimator_aid_source1d__functions.c\n'}
[2.962373] (px4_msgs) StdoutLine: {'line': b'-- Up-to-date: /home/rschnurr/SkyClaw-Team1/ros2_ws/install/px4_msgs/include/px4_msgs/px4_msgs/msg/detail/uavcan_parameter_value__functions.h\n'}
[2.962421] (px4_msgs) StdoutLine: {'line': b'-- Up-to-date: /home/rschnurr/SkyClaw-Team1/ros2_ws/install/px4_msgs/include/px4_msgs/px4_msgs/msg/detail/gpio_request__struct.h\n'}
[2.962555] (px4_msgs) StdoutLine: {'line': b'-- Up-to-date: /home/rschnurr/SkyClaw-Team1/ros2_ws/install/px4_msgs/include/px4_msgs/px4_msgs/msg/detail/tune_control__functions.h\n'}
[2.962679] (px4_msgs) StdoutLine: {'line': b'-- Up-to-date: /home/rschnurr/SkyClaw-Team1/ros2_ws/install/px4_msgs/include/px4_msgs/px4_msgs/msg/detail/vehicle_angular_velocity__functions.h\n'}
[2.962982] (px4_msgs) StdoutLine: {'line': b'-- Up-to-date: /home/rschnurr/SkyClaw-Team1/ros2_ws/install/px4_msgs/include/px4_msgs/px4_msgs/msg/detail/open_drone_id_arm_status__type_support.h\n'}
[2.963099] (px4_msgs) StdoutLine: {'line': b'-- Up-to-date: /home/rschnurr/SkyClaw-Team1/ros2_ws/install/px4_msgs/include/px4_msgs/px4_msgs/msg/detail/gimbal_manager_set_attitude__struct.h\n'}
[2.963185] (px4_msgs) StdoutLine: {'line': b'-- Up-to-date: /home/rschnurr/SkyClaw-Team1/ros2_ws/install/px4_msgs/include/px4_msgs/px4_msgs/msg/detail/pure_pursuit_status__type_support.h\n'}
[2.963691] (px4_msgs) StdoutLine: {'line': b'-- Up-to-date: /home/rschnurr/SkyClaw-Team1/ros2_ws/install/px4_msgs/include/px4_msgs/px4_msgs/msg/detail/gimbal_device_information__functions.c\n'}
[2.963811] (px4_msgs) StdoutLine: {'line': b'-- Up-to-date: /home/rschnurr/SkyClaw-Team1/ros2_ws/install/px4_msgs/include/px4_msgs/px4_msgs/msg/detail/estimator_sensor_bias__functions.c\n'}
[2.963882] (px4_msgs) StdoutLine: {'line': b'-- Up-to-date: /home/rschnurr/SkyClaw-Team1/ros2_ws/install/px4_msgs/include/px4_msgs/px4_msgs/msg/detail/unregister_ext_component__type_support.h\n'}
[2.963943] (px4_msgs) StdoutLine: {'line': b'-- Up-to-date: /home/rschnurr/SkyClaw-Team1/ros2_ws/install/px4_msgs/include/px4_msgs/px4_msgs/msg/detail/vehicle_optical_flow_vel__type_support.h\n'}
[2.963997] (px4_msgs) StdoutLine: {'line': b'-- Up-to-date: /home/rschnurr/SkyClaw-Team1/ros2_ws/install/px4_msgs/include/px4_msgs/px4_msgs/msg/detail/vehicle_air_data__type_support.h\n'}
[2.964054] (px4_msgs) StdoutLine: {'line': b'-- Up-to-date: /home/rschnurr/SkyClaw-Team1/ros2_ws/install/px4_msgs/include/px4_msgs/px4_msgs/msg/detail/airspeed_wind__type_support.h\n'}
[2.964105] (px4_msgs) StdoutLine: {'line': b'-- Up-to-date: /home/rschnurr/SkyClaw-Team1/ros2_ws/install/px4_msgs/include/px4_msgs/px4_msgs/msg/detail/sensor_uwb__functions.c\n'}
[2.964282] (px4_msgs) StdoutLine: {'line': b'-- Up-to-date: /home/rschnurr/SkyClaw-Team1/ros2_ws/install/px4_msgs/include/px4_msgs/px4_msgs/msg/detail/gimbal_device_set_attitude__functions.c\n'}
[2.964493] (px4_msgs) StdoutLine: {'line': b'-- Up-to-date: /home/rschnurr/SkyClaw-Team1/ros2_ws/install/px4_msgs/include/px4_msgs/px4_msgs/msg/detail/can_interface_status__type_support.h\n'}
[2.964667] (px4_msgs) StdoutLine: {'line': b'-- Up-to-date: /home/rschnurr/SkyClaw-Team1/ros2_ws/install/px4_msgs/include/px4_msgs/px4_msgs/msg/detail/mission_result__functions.h\n'}
[2.965282] (px4_msgs) StdoutLine: {'line': b'-- Up-to-date: /home/rschnurr/SkyClaw-Team1/ros2_ws/install/px4_msgs/include/px4_msgs/px4_msgs/msg/detail/distance_sensor__functions.h\n'}
[2.965541] (px4_msgs) StdoutLine: {'line': b'-- Up-to-date: /home/rschnurr/SkyClaw-Team1/ros2_ws/install/px4_msgs/include/px4_msgs/px4_msgs/msg/detail/sensor_gyro_fft__functions.h\n'}
[2.965653] (px4_msgs) StdoutLine: {'line': b'-- Up-to-date: /home/rschnurr/SkyClaw-Team1/ros2_ws/install/px4_msgs/include/px4_msgs/px4_msgs/msg/detail/cpuload__type_support.h\n'}
[2.965739] (px4_msgs) StdoutLine: {'line': b'-- Up-to-date: /home/rschnurr/SkyClaw-Team1/ros2_ws/install/px4_msgs/include/px4_msgs/px4_msgs/msg/detail/irlock_report__functions.h\n'}
[2.965811] (px4_msgs) StdoutLine: {'line': b'-- Up-to-date: /home/rschnurr/SkyClaw-Team1/ros2_ws/install/px4_msgs/include/px4_msgs/px4_msgs/msg/detail/vehicle_angular_velocity__type_support.h\n'}
[2.965885] (px4_msgs) StdoutLine: {'line': b'-- Up-to-date: /home/rschnurr/SkyClaw-Team1/ros2_ws/install/px4_msgs/include/px4_msgs/px4_msgs/msg/detail/gimbal_device_attitude_status__functions.h\n'}
[2.965961] (px4_msgs) StdoutLine: {'line': b'-- Up-to-date: /home/rschnurr/SkyClaw-Team1/ros2_ws/install/px4_msgs/include/px4_msgs/px4_msgs/msg/detail/gimbal_manager_set_attitude__functions.c\n'}
[2.966052] (px4_msgs) StdoutLine: {'line': b'-- Up-to-date: /home/rschnurr/SkyClaw-Team1/ros2_ws/install/px4_msgs/include/px4_msgs/px4_msgs/msg/detail/sensor_combined__functions.h\n'}
[2.966199] (px4_msgs) StdoutLine: {'line': b'-- Up-to-date: /home/rschnurr/SkyClaw-Team1/ros2_ws/install/px4_msgs/include/px4_msgs/px4_msgs/msg/detail/estimator_states__functions.c\n'}
[2.966329] (px4_msgs) StdoutLine: {'line': b'-- Up-to-date: /home/rschnurr/SkyClaw-Team1/ros2_ws/install/px4_msgs/include/px4_msgs/px4_msgs/msg/detail/sensor_mag__type_support.h\n'}
[2.966412] (px4_msgs) StdoutLine: {'line': b'-- Up-to-date: /home/rschnurr/SkyClaw-Team1/ros2_ws/install/px4_msgs/include/px4_msgs/px4_msgs/msg/detail/register_ext_component_request__functions.h\n'}
[2.966526] (px4_msgs) StdoutLine: {'line': b'-- Up-to-date: /home/rschnurr/SkyClaw-Team1/ros2_ws/install/px4_msgs/include/px4_msgs/px4_msgs/msg/detail/failure_detector_status__functions.h\n'}
[2.966599] (px4_msgs) StdoutLine: {'line': b'-- Up-to-date: /home/rschnurr/SkyClaw-Team1/ros2_ws/install/px4_msgs/include/px4_msgs/px4_msgs/msg/detail/estimator_selector_status__functions.c\n'}
[2.966672] (px4_msgs) StdoutLine: {'line': b'-- Up-to-date: /home/rschnurr/SkyClaw-Team1/ros2_ws/install/px4_msgs/include/px4_msgs/px4_msgs/msg/detail/vehicle_local_position__struct.h\n'}
[2.966747] (px4_msgs) StdoutLine: {'line': b'-- Up-to-date: /home/rschnurr/SkyClaw-Team1/ros2_ws/install/px4_msgs/include/px4_msgs/px4_msgs/msg/detail/takeoff_status__type_support.h\n'}
[2.966818] (px4_msgs) StdoutLine: {'line': b'-- Up-to-date: /home/rschnurr/SkyClaw-Team1/ros2_ws/install/px4_msgs/include/px4_msgs/px4_msgs/msg/detail/heater_status__functions.h\n'}
[2.966888] (px4_msgs) StdoutLine: {'line': b'-- Up-to-date: /home/rschnurr/SkyClaw-Team1/ros2_ws/install/px4_msgs/include/px4_msgs/px4_msgs/msg/detail/tiltrotor_extra_controls__type_support.h\n'}
[2.966959] (px4_msgs) StdoutLine: {'line': b'-- Up-to-date: /home/rschnurr/SkyClaw-Team1/ros2_ws/install/px4_msgs/include/px4_msgs/px4_msgs/msg/detail/landing_gear__functions.c\n'}
[2.967026] (px4_msgs) StdoutLine: {'line': b'-- Up-to-date: /home/rschnurr/SkyClaw-Team1/ros2_ws/install/px4_msgs/include/px4_msgs/px4_msgs/msg/detail/heater_status__functions.c\n'}
[2.967512] (px4_msgs) StdoutLine: {'line': b'-- Up-to-date: /home/rschnurr/SkyClaw-Team1/ros2_ws/install/px4_msgs/include/px4_msgs/px4_msgs/msg/detail/follow_target_status__functions.c\n'}
[2.967864] (px4_msgs) StdoutLine: {'line': b'-- Up-to-date: /home/rschnurr/SkyClaw-Team1/ros2_ws/install/px4_msgs/include/px4_msgs/px4_msgs/msg/detail/tune_control__functions.c\n'}
[2.968224] (px4_msgs) StdoutLine: {'line': b'-- Up-to-date: /home/rschnurr/SkyClaw-Team1/ros2_ws/install/px4_msgs/include/px4_msgs/px4_msgs/msg/detail/vehicle_optical_flow_vel__functions.c\n'}
[2.968565] (px4_msgs) StdoutLine: {'line': b'-- Up-to-date: /home/rschnurr/SkyClaw-Team1/ros2_ws/install/px4_msgs/include/px4_msgs/px4_msgs/msg/detail/fixed_wing_lateral_guidance_status__functions.h\n'}
[2.969231] (px4_msgs) StdoutLine: {'line': b'-- Up-to-date: /home/rschnurr/SkyClaw-Team1/ros2_ws/install/px4_msgs/include/px4_msgs/px4_msgs/msg/detail/uavcan_parameter_value__functions.c\n'}
[2.969993] (px4_msgs) StdoutLine: {'line': b'-- Up-to-date: /home/rschnurr/SkyClaw-Team1/ros2_ws/install/px4_msgs/include/px4_msgs/px4_msgs/msg/detail/qshell_req__functions.h\n'}
[2.970693] (px4_msgs) StdoutLine: {'line': b'-- Up-to-date: /home/rschnurr/SkyClaw-Team1/ros2_ws/install/px4_msgs/include/px4_msgs/px4_msgs/msg/detail/onboard_computer_status__type_support.h\n'}
[2.971444] (px4_msgs) StdoutLine: {'line': b'-- Up-to-date: /home/rschnurr/SkyClaw-Team1/ros2_ws/install/px4_msgs/include/px4_msgs/px4_msgs/msg/detail/mavlink_log__struct.h\n'}
[2.972135] (px4_msgs) StdoutLine: {'line': b'-- Up-to-date: /home/rschnurr/SkyClaw-Team1/ros2_ws/install/px4_msgs/include/px4_msgs/px4_msgs/msg/detail/pwm_input__struct.h\n'}
[2.972433] (px4_msgs) StdoutLine: {'line': b'-- Up-to-date: /home/rschnurr/SkyClaw-Team1/ros2_ws/install/px4_msgs/include/px4_msgs/px4_msgs/msg/detail/longitudinal_control_configuration__functions.c\n'}
[2.973474] (px4_msgs) StdoutLine: {'line': b'-- Up-to-date: /home/rschnurr/SkyClaw-Team1/ros2_ws/install/px4_msgs/include/px4_msgs/px4_msgs/msg/detail/config_overrides__functions.c\n'}
[2.974627] (px4_msgs) StdoutLine: {'line': b'-- Up-to-date: /home/rschnurr/SkyClaw-Team1/ros2_ws/install/px4_msgs/include/px4_msgs/px4_msgs/msg/detail/sensor_optical_flow__struct.h\n'}
[2.975678] (px4_msgs) StdoutLine: {'line': b'-- Up-to-date: /home/rschnurr/SkyClaw-Team1/ros2_ws/install/px4_msgs/include/px4_msgs/px4_msgs/msg/detail/orb_test_large__struct.h\n'}
[2.976201] (px4_msgs) StdoutLine: {'line': b'-- Up-to-date: /home/rschnurr/SkyClaw-Team1/ros2_ws/install/px4_msgs/include/px4_msgs/px4_msgs/msg/detail/gimbal_manager_status__functions.c\n'}
[2.977009] (px4_msgs) StdoutLine: {'line': b'-- Up-to-date: /home/rschnurr/SkyClaw-Team1/ros2_ws/install/px4_msgs/include/px4_msgs/px4_msgs/msg/detail/ulog_stream_ack__struct.h\n'}
[2.977522] (px4_msgs) StdoutLine: {'line': b'-- Up-to-date: /home/rschnurr/SkyClaw-Team1/ros2_ws/install/px4_msgs/include/px4_msgs/px4_msgs/msg/detail/follow_target_estimator__functions.c\n'}
[2.978291] (px4_msgs) StdoutLine: {'line': b'-- Up-to-date: /home/rschnurr/SkyClaw-Team1/ros2_ws/install/px4_msgs/include/px4_msgs/px4_msgs/msg/detail/fixed_wing_longitudinal_setpoint__struct.h\n'}
[2.979139] (px4_msgs) StdoutLine: {'line': b'-- Up-to-date: /home/rschnurr/SkyClaw-Team1/ros2_ws/install/px4_msgs/include/px4_msgs/px4_msgs/msg/detail/mission__functions.c\n'}
[2.980196] (px4_msgs) StdoutLine: {'line': b'-- Up-to-date: /home/rschnurr/SkyClaw-Team1/ros2_ws/install/px4_msgs/include/px4_msgs/px4_msgs/msg/detail/mission__functions.h\n'}
[2.980645] (px4_msgs) StdoutLine: {'line': b'-- Up-to-date: /home/rschnurr/SkyClaw-Team1/ros2_ws/install/px4_msgs/include/px4_msgs/px4_msgs/msg/detail/offboard_control_mode__functions.h\n'}
[2.981074] (px4_msgs) StdoutLine: {'line': b'-- Up-to-date: /home/rschnurr/SkyClaw-Team1/ros2_ws/install/px4_msgs/include/px4_msgs/px4_msgs/msg/detail/sensor_gnss_relative__type_support.h\n'}
[2.982667] (px4_msgs) StdoutLine: {'line': b'-- Up-to-date: /home/rschnurr/SkyClaw-Team1/ros2_ws/install/px4_msgs/include/px4_msgs/px4_msgs/msg/detail/debug_key_value__functions.c\n'}
[2.983137] (px4_msgs) StdoutLine: {'line': b'-- Up-to-date: /home/rschnurr/SkyClaw-Team1/ros2_ws/install/px4_msgs/include/px4_msgs/px4_msgs/msg/detail/input_rc__functions.h\n'}
[2.983869] (px4_msgs) StdoutLine: {'line': b'-- Up-to-date: /home/rschnurr/SkyClaw-Team1/ros2_ws/install/px4_msgs/include/px4_msgs/px4_msgs/msg/detail/timesync_status__type_support.h\n'}
[2.984762] (px4_msgs) StdoutLine: {'line': b'-- Up-to-date: /home/rschnurr/SkyClaw-Team1/ros2_ws/install/px4_msgs/include/px4_msgs/px4_msgs/msg/detail/rc_channels__functions.h\n'}
[2.985070] (px4_msgs) StdoutLine: {'line': b'-- Up-to-date: /home/rschnurr/SkyClaw-Team1/ros2_ws/install/px4_msgs/include/px4_msgs/px4_msgs/msg/detail/figure_eight_status__struct.h\n'}
[2.985767] (px4_msgs) StdoutLine: {'line': b'-- Up-to-date: /home/rschnurr/SkyClaw-Team1/ros2_ws/install/px4_msgs/include/px4_msgs/px4_msgs/msg/detail/system_power__type_support.h\n'}
[2.986421] (px4_msgs) StdoutLine: {'line': b'-- Up-to-date: /home/rschnurr/SkyClaw-Team1/ros2_ws/install/px4_msgs/include/px4_msgs/px4_msgs/msg/detail/magnetometer_bias_estimate__functions.h\n'}
[2.986996] (px4_msgs) StdoutLine: {'line': b'-- Up-to-date: /home/rschnurr/SkyClaw-Team1/ros2_ws/install/px4_msgs/include/px4_msgs/px4_msgs/msg/detail/health_report__functions.h\n'}
[2.988536] (px4_msgs) StdoutLine: {'line': b'-- Up-to-date: /home/rschnurr/SkyClaw-Team1/ros2_ws/install/px4_msgs/include/px4_msgs/px4_msgs/msg/detail/message_format_request__functions.h\n'}
[2.989199] (px4_msgs) StdoutLine: {'line': b'-- Up-to-date: /home/rschnurr/SkyClaw-Team1/ros2_ws/install/px4_msgs/include/px4_msgs/px4_msgs/msg/detail/estimator_aid_source3d__functions.c\n'}
[2.990099] (px4_msgs) StdoutLine: {'line': b'-- Up-to-date: /home/rschnurr/SkyClaw-Team1/ros2_ws/install/px4_msgs/include/px4_msgs/px4_msgs/msg/detail/camera_status__functions.c\n'}
[2.990609] (px4_msgs) StdoutLine: {'line': b'-- Up-to-date: /home/rschnurr/SkyClaw-Team1/ros2_ws/install/px4_msgs/include/px4_msgs/px4_msgs/msg/detail/sensor_gps__struct.h\n'}
[2.991599] (px4_msgs) StdoutLine: {'line': b'-- Up-to-date: /home/rschnurr/SkyClaw-Team1/ros2_ws/install/px4_msgs/include/px4_msgs/px4_msgs/msg/detail/rpm__functions.c\n'}
[2.992348] (px4_msgs) StdoutLine: {'line': b'-- Up-to-date: /home/rschnurr/SkyClaw-Team1/ros2_ws/install/px4_msgs/include/px4_msgs/px4_msgs/msg/detail/gimbal_manager_information__functions.c\n'}
[2.992843] (px4_msgs) StdoutLine: {'line': b'-- Up-to-date: /home/rschnurr/SkyClaw-Team1/ros2_ws/install/px4_msgs/include/px4_msgs/px4_msgs/msg/detail/iridiumsbd_status__functions.c\n'}
[2.993730] (px4_msgs) StdoutLine: {'line': b'-- Up-to-date: /home/rschnurr/SkyClaw-Team1/ros2_ws/install/px4_msgs/include/px4_msgs/px4_msgs/msg/detail/gpio_config__functions.h\n'}
[2.994454] (px4_msgs) StdoutLine: {'line': b'-- Up-to-date: /home/rschnurr/SkyClaw-Team1/ros2_ws/install/px4_msgs/include/px4_msgs/px4_msgs/msg/detail/rover_speed_setpoint__functions.h\n'}
[2.994693] (px4_msgs) StdoutLine: {'line': b'-- Up-to-date: /home/rschnurr/SkyClaw-Team1/ros2_ws/install/px4_msgs/include/px4_msgs/px4_msgs/msg/detail/vehicle_local_position_setpoint__functions.h\n'}
[2.995729] (px4_msgs) StdoutLine: {'line': b'-- Up-to-date: /home/rschnurr/SkyClaw-Team1/ros2_ws/install/px4_msgs/include/px4_msgs/px4_msgs/msg/detail/fixed_wing_lateral_setpoint__functions.h\n'}
[2.996440] (px4_msgs) StdoutLine: {'line': b'-- Up-to-date: /home/rschnurr/SkyClaw-Team1/ros2_ws/install/px4_msgs/include/px4_msgs/px4_msgs/msg/detail/debug_key_value__functions.h\n'}
[2.996960] (px4_msgs) StdoutLine: {'line': b'-- Up-to-date: /home/rschnurr/SkyClaw-Team1/ros2_ws/install/px4_msgs/include/px4_msgs/px4_msgs/msg/detail/rover_attitude_status__type_support.h\n'}
[2.997402] (px4_msgs) StdoutLine: {'line': b'-- Up-to-date: /home/rschnurr/SkyClaw-Team1/ros2_ws/install/px4_msgs/include/px4_msgs/px4_msgs/msg/detail/esc_status__type_support.h\n'}
[2.997902] (px4_msgs) StdoutLine: {'line': b'-- Up-to-date: /home/rschnurr/SkyClaw-Team1/ros2_ws/install/px4_msgs/include/px4_msgs/px4_msgs/msg/detail/dataman_request__functions.h\n'}
[2.998370] (px4_msgs) StdoutLine: {'line': b'-- Up-to-date: /home/rschnurr/SkyClaw-Team1/ros2_ws/install/px4_msgs/include/px4_msgs/px4_msgs/msg/detail/vehicle_rates_setpoint__functions.h\n'}
[2.998721] (px4_msgs) StdoutLine: {'line': b'-- Up-to-date: /home/rschnurr/SkyClaw-Team1/ros2_ws/install/px4_msgs/include/px4_msgs/px4_msgs/msg/detail/rc_parameter_map__struct.h\n'}
[2.999199] (px4_msgs) StdoutLine: {'line': b'-- Up-to-date: /home/rschnurr/SkyClaw-Team1/ros2_ws/install/px4_msgs/include/px4_msgs/px4_msgs/msg/detail/normalized_unsigned_setpoint__functions.h\n'}
[3.005349] (px4_msgs) StdoutLine: {'line': b'-- Up-to-date: /home/rschnurr/SkyClaw-Team1/ros2_ws/install/px4_msgs/include/px4_msgs/px4_msgs/msg/detail/sensor_gyro_fifo__type_support.h\n'}
[3.006020] (px4_msgs) StdoutLine: {'line': b'-- Up-to-date: /home/rschnurr/SkyClaw-Team1/ros2_ws/install/px4_msgs/include/px4_msgs/px4_msgs/msg/detail/sensor_gyro__functions.c\n'}
[3.006571] (px4_msgs) StdoutLine: {'line': b'-- Up-to-date: /home/rschnurr/SkyClaw-Team1/ros2_ws/install/px4_msgs/include/px4_msgs/px4_msgs/msg/detail/telemetry_status__functions.h\n'}
[3.007419] (px4_msgs) StdoutLine: {'line': b'-- Up-to-date: /home/rschnurr/SkyClaw-Team1/ros2_ws/install/px4_msgs/include/px4_msgs/px4_msgs/msg/detail/position_controller_landing_status__functions.c\n'}
[3.008283] (px4_msgs) StdoutLine: {'line': b'-- Up-to-date: /home/rschnurr/SkyClaw-Team1/ros2_ws/install/px4_msgs/include/px4_msgs/px4_msgs/msg/detail/vehicle_optical_flow__functions.h\n'}
[3.009022] (px4_msgs) StdoutLine: {'line': b'-- Up-to-date: /home/rschnurr/SkyClaw-Team1/ros2_ws/install/px4_msgs/include/px4_msgs/px4_msgs/msg/detail/parameter_set_used_request__struct.h\n'}
[3.009660] (px4_msgs) StdoutLine: {'line': b'-- Up-to-date: /home/rschnurr/SkyClaw-Team1/ros2_ws/install/px4_msgs/include/px4_msgs/px4_msgs/msg/detail/navigator_status__functions.h\n'}
[3.010076] (px4_msgs) StdoutLine: {'line': b'-- Up-to-date: /home/rschnurr/SkyClaw-Team1/ros2_ws/install/px4_msgs/include/px4_msgs/px4_msgs/msg/detail/actuator_motors__type_support.h\n'}
[3.011158] (px4_msgs) StdoutLine: {'line': b'-- Up-to-date: /home/rschnurr/SkyClaw-Team1/ros2_ws/install/px4_msgs/include/px4_msgs/px4_msgs/msg/detail/actuator_servos__functions.c\n'}
[3.011806] (px4_msgs) StdoutLine: {'line': b'-- Up-to-date: /home/rschnurr/SkyClaw-Team1/ros2_ws/install/px4_msgs/include/px4_msgs/px4_msgs/msg/detail/vehicle_odometry__type_support.h\n'}
[3.012656] (px4_msgs) StdoutLine: {'line': b'-- Up-to-date: /home/rschnurr/SkyClaw-Team1/ros2_ws/install/px4_msgs/include/px4_msgs/px4_msgs/msg/detail/estimator_aid_source1d__type_support.h\n'}
[3.012945] (px4_msgs) StdoutLine: {'line': b'-- Up-to-date: /home/rschnurr/SkyClaw-Team1/ros2_ws/install/px4_msgs/include/px4_msgs/px4_msgs/msg/detail/ekf2_timestamps__functions.h\n'}
[3.013108] (px4_msgs) StdoutLine: {'line': b'-- Up-to-date: /home/rschnurr/SkyClaw-Team1/ros2_ws/install/px4_msgs/include/px4_msgs/px4_msgs/msg/detail/vehicle_control_mode__struct.h\n'}
[3.013535] (px4_msgs) StdoutLine: {'line': b'-- Up-to-date: /home/rschnurr/SkyClaw-Team1/ros2_ws/install/px4_msgs/include/px4_msgs/px4_msgs/msg/detail/longitudinal_control_configuration__functions.h\n'}
[3.013718] (px4_msgs) StdoutLine: {'line': b'-- Up-to-date: /home/rschnurr/SkyClaw-Team1/ros2_ws/install/px4_msgs/include/px4_msgs/px4_msgs/msg/detail/gripper__struct.h\n'}
[3.014295] (px4_msgs) StdoutLine: {'line': b'-- Up-to-date: /home/rschnurr/SkyClaw-Team1/ros2_ws/install/px4_msgs/include/px4_msgs/px4_msgs/msg/detail/rover_rate_status__struct.h\n'}
[3.015634] (px4_msgs) StdoutLine: {'line': b'-- Up-to-date: /home/rschnurr/SkyClaw-Team1/ros2_ws/install/px4_msgs/include/px4_msgs/px4_msgs/msg/detail/mavlink_log__functions.c\n'}
[3.016838] (px4_msgs) StdoutLine: {'line': b'-- Up-to-date: /home/rschnurr/SkyClaw-Team1/ros2_ws/install/px4_msgs/include/px4_msgs/px4_msgs/msg/detail/gps_inject_data__functions.h\n'}
[3.017017] (px4_msgs) StdoutLine: {'line': b'-- Up-to-date: /home/rschnurr/SkyClaw-Team1/ros2_ws/install/px4_msgs/include/px4_msgs/px4_msgs/msg/detail/rc_parameter_map__functions.h\n'}
[3.017366] (px4_msgs) StdoutLine: {'line': b'-- Up-to-date: /home/rschnurr/SkyClaw-Team1/ros2_ws/install/px4_msgs/include/px4_msgs/px4_msgs/msg/detail/rover_speed_status__type_support.h\n'}
[3.017811] (px4_msgs) StdoutLine: {'line': b'-- Up-to-date: /home/rschnurr/SkyClaw-Team1/ros2_ws/install/px4_msgs/include/px4_msgs/px4_msgs/msg/detail/sensor_mag__functions.h\n'}
[3.018303] (px4_msgs) StdoutLine: {'line': b'-- Up-to-date: /home/rschnurr/SkyClaw-Team1/ros2_ws/install/px4_msgs/include/px4_msgs/px4_msgs/msg/detail/sensor_uwb__functions.h\n'}
[3.018659] (px4_msgs) StdoutLine: {'line': b'-- Up-to-date: /home/rschnurr/SkyClaw-Team1/ros2_ws/install/px4_msgs/include/px4_msgs/px4_msgs/msg/detail/sensor_gnss_status__functions.c\n'}
[3.019177] (px4_msgs) StdoutLine: {'line': b'-- Up-to-date: /home/rschnurr/SkyClaw-Team1/ros2_ws/install/px4_msgs/include/px4_msgs/px4_msgs/msg/detail/mag_worker_data__functions.c\n'}
[3.020729] (px4_msgs) StdoutLine: {'line': b'-- Up-to-date: /home/rschnurr/SkyClaw-Team1/ros2_ws/install/px4_msgs/include/px4_msgs/px4_msgs/msg/detail/adc_report__functions.h\n'}
[3.021606] (px4_msgs) StdoutLine: {'line': b'-- Up-to-date: /home/rschnurr/SkyClaw-Team1/ros2_ws/install/px4_msgs/include/px4_msgs/px4_msgs/msg/detail/sensor_selection__functions.c\n'}
[3.022843] (px4_msgs) StdoutLine: {'line': b'-- Up-to-date: /home/rschnurr/SkyClaw-Team1/ros2_ws/install/px4_msgs/include/px4_msgs/px4_msgs/msg/detail/rtl_time_estimate__functions.c\n'}
[3.023104] (px4_msgs) StdoutLine: {'line': b'-- Up-to-date: /home/rschnurr/SkyClaw-Team1/ros2_ws/install/px4_msgs/include/px4_msgs/px4_msgs/msg/detail/gimbal_manager_set_manual_control__struct.h\n'}
[3.025246] (px4_msgs) StdoutLine: {'line': b'-- Up-to-date: /home/rschnurr/SkyClaw-Team1/ros2_ws/install/px4_msgs/include/px4_msgs/px4_msgs/msg/detail/navigator_mission_item__type_support.h\n'}
[3.025689] (px4_msgs) StdoutLine: {'line': b'-- Up-to-date: /home/rschnurr/SkyClaw-Team1/ros2_ws/install/px4_msgs/include/px4_msgs/px4_msgs/msg/detail/rc_channels__struct.h\n'}
[3.026397] (px4_msgs) StdoutLine: {'line': b'-- Up-to-date: /home/rschnurr/SkyClaw-Team1/ros2_ws/install/px4_msgs/include/px4_msgs/px4_msgs/msg/detail/failsafe_flags__functions.c\n'}
[3.026920] (px4_msgs) StdoutLine: {'line': b'-- Up-to-date: /home/rschnurr/SkyClaw-Team1/ros2_ws/install/px4_msgs/include/px4_msgs/px4_msgs/msg/detail/qshell_req__functions.c\n'}
[3.027653] (px4_msgs) StdoutLine: {'line': b'-- Up-to-date: /home/rschnurr/SkyClaw-Team1/ros2_ws/install/px4_msgs/include/px4_msgs/px4_msgs/msg/detail/rover_position_setpoint__type_support.h\n'}
[3.028990] (-) TimerEvent: {}
[3.029922] (px4_msgs) StdoutLine: {'line': b'-- Up-to-date: /home/rschnurr/SkyClaw-Team1/ros2_ws/install/px4_msgs/include/px4_msgs/px4_msgs/msg/detail/cellular_status__functions.h\n'}
[3.031350] (px4_msgs) StdoutLine: {'line': b'-- Up-to-date: /home/rschnurr/SkyClaw-Team1/ros2_ws/install/px4_msgs/include/px4_msgs/px4_msgs/msg/detail/estimator_event_flags__type_support.h\n'}
[3.031657] (px4_msgs) StdoutLine: {'line': b'-- Up-to-date: /home/rschnurr/SkyClaw-Team1/ros2_ws/install/px4_msgs/include/px4_msgs/px4_msgs/msg/detail/position_setpoint__functions.c\n'}
[3.031987] (px4_msgs) StdoutLine: {'line': b'-- Up-to-date: /home/rschnurr/SkyClaw-Team1/ros2_ws/install/px4_msgs/include/px4_msgs/px4_msgs/msg/detail/pps_capture__type_support.h\n'}
[3.032110] (px4_msgs) StdoutLine: {'line': b'-- Up-to-date: /home/rschnurr/SkyClaw-Team1/ros2_ws/install/px4_msgs/include/px4_msgs/px4_msgs/msg/detail/register_ext_component_reply__functions.c\n'}
[3.032224] (px4_msgs) StdoutLine: {'line': b'-- Up-to-date: /home/rschnurr/SkyClaw-Team1/ros2_ws/install/px4_msgs/include/px4_msgs/px4_msgs/msg/detail/can_interface_status__functions.c\n'}
[3.032367] (px4_msgs) StdoutLine: {'line': b'-- Up-to-date: /home/rschnurr/SkyClaw-Team1/ros2_ws/install/px4_msgs/include/px4_msgs/px4_msgs/msg/detail/gpio_config__type_support.h\n'}
[3.032453] (px4_msgs) StdoutLine: {'line': b'-- Up-to-date: /home/rschnurr/SkyClaw-Team1/ros2_ws/install/px4_msgs/include/px4_msgs/px4_msgs/msg/detail/geofence_result__struct.h\n'}
[3.032529] (px4_msgs) StdoutLine: {'line': b'-- Up-to-date: /home/rschnurr/SkyClaw-Team1/ros2_ws/install/px4_msgs/include/px4_msgs/px4_msgs/msg/detail/battery_status__struct.h\n'}
[3.032604] (px4_msgs) StdoutLine: {'line': b'-- Up-to-date: /home/rschnurr/SkyClaw-Team1/ros2_ws/install/px4_msgs/include/px4_msgs/px4_msgs/msg/detail/rc_channels__type_support.h\n'}
[3.032676] (px4_msgs) StdoutLine: {'line': b'-- Up-to-date: /home/rschnurr/SkyClaw-Team1/ros2_ws/install/px4_msgs/include/px4_msgs/px4_msgs/msg/detail/irlock_report__functions.c\n'}
[3.032745] (px4_msgs) StdoutLine: {'line': b'-- Up-to-date: /home/rschnurr/SkyClaw-Team1/ros2_ws/install/px4_msgs/include/px4_msgs/px4_msgs/msg/detail/manual_control_switches__type_support.h\n'}
[3.032815] (px4_msgs) StdoutLine: {'line': b'-- Up-to-date: /home/rschnurr/SkyClaw-Team1/ros2_ws/install/px4_msgs/include/px4_msgs/px4_msgs/msg/detail/unregister_ext_component__functions.c\n'}
[3.032893] (px4_msgs) StdoutLine: {'line': b'-- Up-to-date: /home/rschnurr/SkyClaw-Team1/ros2_ws/install/px4_msgs/include/px4_msgs/px4_msgs/msg/detail/parameter_reset_request__struct.h\n'}
[3.033087] (px4_msgs) StdoutLine: {'line': b'-- Up-to-date: /home/rschnurr/SkyClaw-Team1/ros2_ws/install/px4_msgs/include/px4_msgs/px4_msgs/msg/detail/vehicle_optical_flow__struct.h\n'}
[3.033193] (px4_msgs) StdoutLine: {'line': b'-- Up-to-date: /home/rschnurr/SkyClaw-Team1/ros2_ws/install/px4_msgs/include/px4_msgs/px4_msgs/msg/detail/esc_report__functions.c\n'}
[3.033282] (px4_msgs) StdoutLine: {'line': b'-- Up-to-date: /home/rschnurr/SkyClaw-Team1/ros2_ws/install/px4_msgs/include/px4_msgs/px4_msgs/msg/detail/failure_detector_status__type_support.h\n'}
[3.033358] (px4_msgs) StdoutLine: {'line': b'-- Up-to-date: /home/rschnurr/SkyClaw-Team1/ros2_ws/install/px4_msgs/include/px4_msgs/px4_msgs/msg/detail/estimator_gps_status__functions.c\n'}
[3.033428] (px4_msgs) StdoutLine: {'line': b'-- Up-to-date: /home/rschnurr/SkyClaw-Team1/ros2_ws/install/px4_msgs/include/px4_msgs/px4_msgs/msg/detail/landing_gear_wheel__struct.h\n'}
[3.033498] (px4_msgs) StdoutLine: {'line': b'-- Up-to-date: /home/rschnurr/SkyClaw-Team1/ros2_ws/install/px4_msgs/include/px4_msgs/px4_msgs/msg/detail/task_stack_info__functions.c\n'}
[3.033589] (px4_msgs) StdoutLine: {'line': b'-- Up-to-date: /home/rschnurr/SkyClaw-Team1/ros2_ws/install/px4_msgs/include/px4_msgs/px4_msgs/msg/detail/gpio_config__struct.h\n'}
[3.033875] (px4_msgs) StdoutLine: {'line': b'-- Up-to-date: /home/rschnurr/SkyClaw-Team1/ros2_ws/install/px4_msgs/include/px4_msgs/px4_msgs/msg/detail/mission_result__functions.c\n'}
[3.034431] (px4_msgs) StdoutLine: {'line': b'-- Up-to-date: /home/rschnurr/SkyClaw-Team1/ros2_ws/install/px4_msgs/include/px4_msgs/px4_msgs/msg/detail/vehicle_angular_acceleration_setpoint__type_support.h\n'}
[3.034615] (px4_msgs) StdoutLine: {'line': b'-- Up-to-date: /home/rschnurr/SkyClaw-Team1/ros2_ws/install/px4_msgs/include/px4_msgs/px4_msgs/msg/detail/qshell_retval__type_support.h\n'}
[3.035266] (px4_msgs) StdoutLine: {'line': b'-- Up-to-date: /home/rschnurr/SkyClaw-Team1/ros2_ws/install/px4_msgs/include/px4_msgs/px4_msgs/msg/detail/estimator_sensor_bias__struct.h\n'}
[3.035566] (px4_msgs) StdoutLine: {'line': b'-- Up-to-date: /home/rschnurr/SkyClaw-Team1/ros2_ws/install/px4_msgs/include/px4_msgs/px4_msgs/msg/detail/vehicle_thrust_setpoint__functions.h\n'}
[3.035767] (px4_msgs) StdoutLine: {'line': b'-- Up-to-date: /home/rschnurr/SkyClaw-Team1/ros2_ws/install/px4_msgs/include/px4_msgs/px4_msgs/msg/detail/event__type_support.h\n'}
[3.035921] (px4_msgs) StdoutLine: {'line': b'-- Up-to-date: /home/rschnurr/SkyClaw-Team1/ros2_ws/install/px4_msgs/include/px4_msgs/px4_msgs/msg/detail/sensor_combined__functions.c\n'}
[3.036066] (px4_msgs) StdoutLine: {'line': b'-- Up-to-date: /home/rschnurr/SkyClaw-Team1/ros2_ws/install/px4_msgs/include/px4_msgs/px4_msgs/msg/detail/gimbal_manager_set_manual_control__functions.c\n'}
[3.036201] (px4_msgs) StdoutLine: {'line': b'-- Up-to-date: /home/rschnurr/SkyClaw-Team1/ros2_ws/install/px4_msgs/include/px4_msgs/px4_msgs/msg/detail/health_report__functions.c\n'}
[3.036352] (px4_msgs) StdoutLine: {'line': b'-- Up-to-date: /home/rschnurr/SkyClaw-Team1/ros2_ws/install/px4_msgs/include/px4_msgs/px4_msgs/msg/detail/vehicle_imu_status__type_support.h\n'}
[3.036884] (px4_msgs) StdoutLine: {'line': b'-- Up-to-date: /home/rschnurr/SkyClaw-Team1/ros2_ws/install/px4_msgs/include/px4_msgs/px4_msgs/msg/detail/gps_inject_data__type_support.h\n'}
[3.037033] (px4_msgs) StdoutLine: {'line': b'-- Up-to-date: /home/rschnurr/SkyClaw-Team1/ros2_ws/install/px4_msgs/include/px4_msgs/px4_msgs/msg/detail/neural_control__type_support.h\n'}
[3.037223] (px4_msgs) StdoutLine: {'line': b'-- Up-to-date: /home/rschnurr/SkyClaw-Team1/ros2_ws/install/px4_msgs/include/px4_msgs/px4_msgs/msg/detail/navigator_status__type_support.h\n'}
[3.037378] (px4_msgs) StdoutLine: {'line': b'-- Up-to-date: /home/rschnurr/SkyClaw-Team1/ros2_ws/install/px4_msgs/include/px4_msgs/px4_msgs/msg/detail/gimbal_device_information__functions.h\n'}
[3.037492] (px4_msgs) StdoutLine: {'line': b'-- Up-to-date: /home/rschnurr/SkyClaw-Team1/ros2_ws/install/px4_msgs/include/px4_msgs/px4_msgs/msg/detail/estimator_bias__struct.h\n'}
[3.037579] (px4_msgs) StdoutLine: {'line': b'-- Up-to-date: /home/rschnurr/SkyClaw-Team1/ros2_ws/install/px4_msgs/include/px4_msgs/px4_msgs/msg/detail/sensor_gnss_status__functions.h\n'}
[3.037740] (px4_msgs) StdoutLine: {'line': b'-- Up-to-date: /home/rschnurr/SkyClaw-Team1/ros2_ws/install/px4_msgs/include/px4_msgs/px4_msgs/msg/detail/vehicle_local_position__functions.c\n'}
[3.038023] (px4_msgs) StdoutLine: {'line': b'-- Up-to-date: /home/rschnurr/SkyClaw-Team1/ros2_ws/install/px4_msgs/include/px4_msgs/px4_msgs/msg/detail/estimator_bias3d__type_support.h\n'}
[3.038218] (px4_msgs) StdoutLine: {'line': b'-- Up-to-date: /home/rschnurr/SkyClaw-Team1/ros2_ws/install/px4_msgs/include/px4_msgs/px4_msgs/msg/detail/control_allocator_status__struct.h\n'}
[3.038599] (px4_msgs) StdoutLine: {'line': b'-- Up-to-date: /home/rschnurr/SkyClaw-Team1/ros2_ws/install/px4_msgs/include/px4_msgs/px4_msgs/msg/detail/message_format_response__type_support.h\n'}
[3.039093] (px4_msgs) StdoutLine: {'line': b'-- Up-to-date: /home/rschnurr/SkyClaw-Team1/ros2_ws/install/px4_msgs/include/px4_msgs/px4_msgs/msg/detail/vehicle_torque_setpoint__functions.h\n'}
[3.040338] (px4_msgs) StdoutLine: {'line': b'-- Up-to-date: /home/rschnurr/SkyClaw-Team1/ros2_ws/install/px4_msgs/include/px4_msgs/px4_msgs/msg/detail/estimator_selector_status__type_support.h\n'}
[3.040564] (px4_msgs) StdoutLine: {'line': b'-- Up-to-date: /home/rschnurr/SkyClaw-Team1/ros2_ws/install/px4_msgs/include/px4_msgs/px4_msgs/msg/detail/trajectory_setpoint6dof__functions.c\n'}
[3.040812] (px4_msgs) StdoutLine: {'line': b'-- Up-to-date: /home/rschnurr/SkyClaw-Team1/ros2_ws/install/px4_msgs/include/px4_msgs/px4_msgs/msg/detail/gpio_in__type_support.h\n'}
[3.041130] (px4_msgs) StdoutLine: {'line': b'-- Up-to-date: /home/rschnurr/SkyClaw-Team1/ros2_ws/install/px4_msgs/include/px4_msgs/px4_msgs/msg/detail/ulog_stream__type_support.h\n'}
[3.041622] (px4_msgs) StdoutLine: {'line': b'-- Up-to-date: /home/rschnurr/SkyClaw-Team1/ros2_ws/install/px4_msgs/include/px4_msgs/px4_msgs/msg/detail/follow_target_status__struct.h\n'}
[3.042017] (px4_msgs) StdoutLine: {'line': b'-- Up-to-date: /home/rschnurr/SkyClaw-Team1/ros2_ws/install/px4_msgs/include/px4_msgs/px4_msgs/msg/detail/flight_phase_estimation__type_support.h\n'}
[3.042529] (px4_msgs) StdoutLine: {'line': b'-- Up-to-date: /home/rschnurr/SkyClaw-Team1/ros2_ws/install/px4_msgs/include/px4_msgs/px4_msgs/msg/detail/vehicle_roi__type_support.h\n'}
[3.042695] (px4_msgs) StdoutLine: {'line': b'-- Up-to-date: /home/rschnurr/SkyClaw-Team1/ros2_ws/install/px4_msgs/include/px4_msgs/px4_msgs/msg/detail/mavlink_tunnel__functions.c\n'}
[3.042823] (px4_msgs) StdoutLine: {'line': b'-- Up-to-date: /home/rschnurr/SkyClaw-Team1/ros2_ws/install/px4_msgs/include/px4_msgs/px4_msgs/msg/detail/gpio_request__functions.h\n'}
[3.043066] (px4_msgs) StdoutLine: {'line': b'-- Up-to-date: /home/rschnurr/SkyClaw-Team1/ros2_ws/install/px4_msgs/include/px4_msgs/px4_msgs/msg/detail/vehicle_attitude_setpoint__functions.c\n'}
[3.043907] (px4_msgs) StdoutLine: {'line': b'-- Up-to-date: /home/rschnurr/SkyClaw-Team1/ros2_ws/install/px4_msgs/include/px4_msgs/px4_msgs/msg/detail/irlock_report__type_support.h\n'}
[3.044204] (px4_msgs) StdoutLine: {'line': b'-- Up-to-date: /home/rschnurr/SkyClaw-Team1/ros2_ws/install/px4_msgs/include/px4_msgs/px4_msgs/msg/detail/vehicle_acceleration__functions.h\n'}
[3.044378] (px4_msgs) StdoutLine: {'line': b'-- Up-to-date: /home/rschnurr/SkyClaw-Team1/ros2_ws/install/px4_msgs/include/px4_msgs/px4_msgs/msg/detail/collision_constraints__struct.h\n'}
[3.044651] (px4_msgs) StdoutLine: {'line': b'-- Up-to-date: /home/rschnurr/SkyClaw-Team1/ros2_ws/install/px4_msgs/include/px4_msgs/px4_msgs/msg/detail/estimator_innovations__functions.h\n'}
[3.045281] (px4_msgs) StdoutLine: {'line': b'-- Up-to-date: /home/rschnurr/SkyClaw-Team1/ros2_ws/install/px4_msgs/include/px4_msgs/px4_msgs/msg/detail/goto_setpoint__struct.h\n'}
[3.045640] (px4_msgs) StdoutLine: {'line': b'-- Up-to-date: /home/rschnurr/SkyClaw-Team1/ros2_ws/install/px4_msgs/include/px4_msgs/px4_msgs/msg/detail/parameter_set_value_request__functions.h\n'}
[3.046087] (px4_msgs) StdoutLine: {'line': b'-- Up-to-date: /home/rschnurr/SkyClaw-Team1/ros2_ws/install/px4_msgs/include/px4_msgs/px4_msgs/msg/detail/sensor_optical_flow__functions.h\n'}
[3.046823] (px4_msgs) StdoutLine: {'line': b'-- Up-to-date: /home/rschnurr/SkyClaw-Team1/ros2_ws/install/px4_msgs/include/px4_msgs/px4_msgs/msg/detail/vehicle_angular_acceleration_setpoint__functions.h\n'}
[3.047924] (px4_msgs) StdoutLine: {'line': b'-- Up-to-date: /home/rschnurr/SkyClaw-Team1/ros2_ws/install/px4_msgs/include/px4_msgs/px4_msgs/msg/detail/camera_capture__functions.c\n'}
[3.048825] (px4_msgs) StdoutLine: {'line': b'-- Up-to-date: /home/rschnurr/SkyClaw-Team1/ros2_ws/install/px4_msgs/include/px4_msgs/px4_msgs/msg/detail/iridiumsbd_status__struct.h\n'}
[3.049429] (px4_msgs) StdoutLine: {'line': b'-- Up-to-date: /home/rschnurr/SkyClaw-Team1/ros2_ws/install/px4_msgs/include/px4_msgs/px4_msgs/msg/detail/pwm_input__functions.c\n'}
[3.050298] (px4_msgs) StdoutLine: {'line': b'-- Up-to-date: /home/rschnurr/SkyClaw-Team1/ros2_ws/install/px4_msgs/include/px4_msgs/px4_msgs/msg/detail/estimator_status_flags__functions.h\n'}
[3.050930] (px4_msgs) StdoutLine: {'line': b'-- Up-to-date: /home/rschnurr/SkyClaw-Team1/ros2_ws/install/px4_msgs/include/px4_msgs/px4_msgs/msg/detail/flight_phase_estimation__functions.h\n'}
[3.052245] (px4_msgs) StdoutLine: {'line': b'-- Up-to-date: /home/rschnurr/SkyClaw-Team1/ros2_ws/install/px4_msgs/include/px4_msgs/px4_msgs/msg/detail/estimator_aid_source2d__functions.h\n'}
[3.052672] (px4_msgs) StdoutLine: {'line': b'-- Up-to-date: /home/rschnurr/SkyClaw-Team1/ros2_ws/install/px4_msgs/include/px4_msgs/px4_msgs/msg/detail/obstacle_distance__functions.h\n'}
[3.053688] (px4_msgs) StdoutLine: {'line': b'-- Up-to-date: /home/rschnurr/SkyClaw-Team1/ros2_ws/install/px4_msgs/include/px4_msgs/px4_msgs/msg/detail/rover_steering_setpoint__struct.h\n'}
[3.054170] (px4_msgs) StdoutLine: {'line': b'-- Up-to-date: /home/rschnurr/SkyClaw-Team1/ros2_ws/install/px4_msgs/include/px4_msgs/px4_msgs/msg/detail/rover_throttle_setpoint__type_support.h\n'}
[3.054779] (px4_msgs) StdoutLine: {'line': b'-- Up-to-date: /home/rschnurr/SkyClaw-Team1/ros2_ws/install/px4_msgs/include/px4_msgs/px4_msgs/msg/detail/vehicle_air_data__functions.h\n'}
[3.055339] (px4_msgs) StdoutLine: {'line': b'-- Up-to-date: /home/rschnurr/SkyClaw-Team1/ros2_ws/install/px4_msgs/include/px4_msgs/px4_msgs/msg/detail/wind__functions.h\n'}
[3.057247] (px4_msgs) StdoutLine: {'line': b'-- Up-to-date: /home/rschnurr/SkyClaw-Team1/ros2_ws/install/px4_msgs/include/px4_msgs/px4_msgs/msg/detail/power_button_state__functions.h\n'}
[3.057451] (px4_msgs) StdoutLine: {'line': b'-- Up-to-date: /home/rschnurr/SkyClaw-Team1/ros2_ws/install/px4_msgs/include/px4_msgs/px4_msgs/msg/detail/parameter_set_value_response__functions.h\n'}
[3.057774] (px4_msgs) StdoutLine: {'line': b'-- Up-to-date: /home/rschnurr/SkyClaw-Team1/ros2_ws/install/px4_msgs/include/px4_msgs/px4_msgs/msg/detail/rover_attitude_status__functions.c\n'}
[3.057923] (px4_msgs) StdoutLine: {'line': b'-- Up-to-date: /home/rschnurr/SkyClaw-Team1/ros2_ws/install/px4_msgs/include/px4_msgs/px4_msgs/msg/detail/home_position__type_support.h\n'}
[3.058039] (px4_msgs) StdoutLine: {'line': b'-- Up-to-date: /home/rschnurr/SkyClaw-Team1/ros2_ws/install/px4_msgs/include/px4_msgs/px4_msgs/msg/detail/vehicle_local_position_setpoint__type_support.h\n'}
[3.058142] (px4_msgs) StdoutLine: {'line': b'-- Up-to-date: /home/rschnurr/SkyClaw-Team1/ros2_ws/install/px4_msgs/include/px4_msgs/px4_msgs/msg/detail/launch_detection_status__functions.c\n'}
[3.059539] (px4_msgs) StdoutLine: {'line': b'-- Up-to-date: /home/rschnurr/SkyClaw-Team1/ros2_ws/install/px4_msgs/include/px4_msgs/px4_msgs/msg/detail/orb_test_medium__struct.h\n'}
[3.060770] (px4_msgs) StdoutLine: {'line': b'-- Up-to-date: /home/rschnurr/SkyClaw-Team1/ros2_ws/install/px4_msgs/include/px4_msgs/px4_msgs/msg/detail/rover_speed_status__struct.h\n'}
[3.061002] (px4_msgs) StdoutLine: {'line': b'-- Up-to-date: /home/rschnurr/SkyClaw-Team1/ros2_ws/install/px4_msgs/include/px4_msgs/px4_msgs/msg/detail/radio_status__functions.c\n'}
[3.061876] (px4_msgs) StdoutLine: {'line': b'-- Up-to-date: /home/rschnurr/SkyClaw-Team1/ros2_ws/install/px4_msgs/include/px4_msgs/px4_msgs/msg/detail/differential_pressure__type_support.h\n'}
[3.062670] (px4_msgs) StdoutLine: {'line': b'-- Up-to-date: /home/rschnurr/SkyClaw-Team1/ros2_ws/install/px4_msgs/include/px4_msgs/px4_msgs/msg/detail/camera_capture__struct.h\n'}
[3.063622] (px4_msgs) StdoutLine: {'line': b'-- Up-to-date: /home/rschnurr/SkyClaw-Team1/ros2_ws/install/px4_msgs/include/px4_msgs/px4_msgs/msg/detail/rover_rate_status__functions.h\n'}
[3.064642] (px4_msgs) StdoutLine: {'line': b'-- Up-to-date: /home/rschnurr/SkyClaw-Team1/ros2_ws/install/px4_msgs/include/px4_msgs/px4_msgs/msg/detail/parameter_set_value_response__struct.h\n'}
[3.065670] (px4_msgs) StdoutLine: {'line': b'-- Up-to-date: /home/rschnurr/SkyClaw-Team1/ros2_ws/install/px4_msgs/include/px4_msgs/px4_msgs/msg/detail/wheel_encoders__struct.h\n'}
[3.066128] (px4_msgs) StdoutLine: {'line': b'-- Up-to-date: /home/rschnurr/SkyClaw-Team1/ros2_ws/install/px4_msgs/include/px4_msgs/px4_msgs/msg/detail/fixed_wing_lateral_setpoint__struct.h\n'}
[3.066603] (px4_msgs) StdoutLine: {'line': b'-- Up-to-date: /home/rschnurr/SkyClaw-Team1/ros2_ws/install/px4_msgs/include/px4_msgs/px4_msgs/msg/detail/sensor_gyro_fft__functions.c\n'}
[3.067025] (px4_msgs) StdoutLine: {'line': b'-- Up-to-date: /home/rschnurr/SkyClaw-Team1/ros2_ws/install/px4_msgs/include/px4_msgs/px4_msgs/msg/detail/launch_detection_status__functions.h\n'}
[3.069761] (px4_msgs) StdoutLine: {'line': b'-- Up-to-date: /home/rschnurr/SkyClaw-Team1/ros2_ws/install/px4_msgs/include/px4_msgs/px4_msgs/msg/detail/launch_detection_status__type_support.h\n'}
[3.070680] (px4_msgs) StdoutLine: {'line': b'-- Up-to-date: /home/rschnurr/SkyClaw-Team1/ros2_ws/install/px4_msgs/include/px4_msgs/px4_msgs/msg/detail/differential_pressure__functions.c\n'}
[3.071015] (px4_msgs) StdoutLine: {'line': b'-- Up-to-date: /home/rschnurr/SkyClaw-Team1/ros2_ws/install/px4_msgs/include/px4_msgs/px4_msgs/msg/detail/estimator_gps_status__type_support.h\n'}
[3.071557] (px4_msgs) StdoutLine: {'line': b'-- Up-to-date: /home/rschnurr/SkyClaw-Team1/ros2_ws/install/px4_msgs/include/px4_msgs/px4_msgs/msg/detail/autotune_attitude_control_status__type_support.h\n'}
[3.072101] (px4_msgs) StdoutLine: {'line': b'-- Up-to-date: /home/rschnurr/SkyClaw-Team1/ros2_ws/install/px4_msgs/include/px4_msgs/px4_msgs/msg/detail/position_setpoint__type_support.h\n'}
[3.072734] (px4_msgs) StdoutLine: {'line': b'-- Up-to-date: /home/rschnurr/SkyClaw-Team1/ros2_ws/install/px4_msgs/include/px4_msgs/px4_msgs/msg/detail/satellite_info__functions.c\n'}
[3.073302] (px4_msgs) StdoutLine: {'line': b'-- Up-to-date: /home/rschnurr/SkyClaw-Team1/ros2_ws/install/px4_msgs/include/px4_msgs/px4_msgs/msg/detail/qshell_retval__functions.c\n'}
[3.073701] (px4_msgs) StdoutLine: {'line': b'-- Up-to-date: /home/rschnurr/SkyClaw-Team1/ros2_ws/install/px4_msgs/include/px4_msgs/px4_msgs/msg/detail/vehicle_global_position__type_support.h\n'}
[3.074192] (px4_msgs) StdoutLine: {'line': b'-- Up-to-date: /home/rschnurr/SkyClaw-Team1/ros2_ws/install/px4_msgs/include/px4_msgs/px4_msgs/msg/detail/actuator_motors__functions.c\n'}
[3.074594] (px4_msgs) StdoutLine: {'line': b'-- Up-to-date: /home/rschnurr/SkyClaw-Team1/ros2_ws/install/px4_msgs/include/px4_msgs/px4_msgs/msg/detail/orb_test_large__functions.c\n'}
[3.074992] (px4_msgs) StdoutLine: {'line': b'-- Up-to-date: /home/rschnurr/SkyClaw-Team1/ros2_ws/install/px4_msgs/include/px4_msgs/px4_msgs/msg/detail/sensors_status_imu__functions.h\n'}
[3.075575] (px4_msgs) StdoutLine: {'line': b'-- Up-to-date: /home/rschnurr/SkyClaw-Team1/ros2_ws/install/px4_msgs/include/px4_msgs/px4_msgs/msg/detail/gpio_config__functions.c\n'}
[3.076204] (px4_msgs) StdoutLine: {'line': b'-- Up-to-date: /home/rschnurr/SkyClaw-Team1/ros2_ws/install/px4_msgs/include/px4_msgs/px4_msgs/msg/detail/task_stack_info__functions.h\n'}
[3.076583] (px4_msgs) StdoutLine: {'line': b'-- Up-to-date: /home/rschnurr/SkyClaw-Team1/ros2_ws/install/px4_msgs/include/px4_msgs/px4_msgs/msg/detail/rc_channels__functions.c\n'}
[3.077067] (px4_msgs) StdoutLine: {'line': b'-- Up-to-date: /home/rschnurr/SkyClaw-Team1/ros2_ws/install/px4_msgs/include/px4_msgs/px4_msgs/msg/detail/fixed_wing_lateral_guidance_status__struct.h\n'}
[3.077485] (px4_msgs) StdoutLine: {'line': b'-- Up-to-date: /home/rschnurr/SkyClaw-Team1/ros2_ws/install/px4_msgs/include/px4_msgs/px4_msgs/msg/detail/sensor_gnss_relative__struct.h\n'}
[3.077608] (px4_msgs) StdoutLine: {'line': b'-- Up-to-date: /home/rschnurr/SkyClaw-Team1/ros2_ws/install/px4_msgs/include/px4_msgs/px4_msgs/msg/detail/camera_trigger__functions.h\n'}
[3.078423] (px4_msgs) StdoutLine: {'line': b'-- Up-to-date: /home/rschnurr/SkyClaw-Team1/ros2_ws/install/px4_msgs/include/px4_msgs/px4_msgs/msg/detail/battery_info__type_support.h\n'}
[3.078940] (px4_msgs) StdoutLine: {'line': b'-- Up-to-date: /home/rschnurr/SkyClaw-Team1/ros2_ws/install/px4_msgs/include/px4_msgs/px4_msgs/msg/detail/gimbal_manager_set_manual_control__type_support.h\n'}
[3.079899] (px4_msgs) StdoutLine: {'line': b'-- Up-to-date: /home/rschnurr/SkyClaw-Team1/ros2_ws/install/px4_msgs/include/px4_msgs/px4_msgs/msg/detail/vehicle_constraints__struct.h\n'}
[3.080516] (px4_msgs) StdoutLine: {'line': b'-- Up-to-date: /home/rschnurr/SkyClaw-Team1/ros2_ws/install/px4_msgs/include/px4_msgs/px4_msgs/msg/detail/estimator_states__functions.h\n'}
[3.081519] (px4_msgs) StdoutLine: {'line': b'-- Up-to-date: /home/rschnurr/SkyClaw-Team1/ros2_ws/install/px4_msgs/include/px4_msgs/px4_msgs/msg/detail/vehicle_imu_status__functions.h\n'}
[3.082038] (px4_msgs) StdoutLine: {'line': b'-- Up-to-date: /home/rschnurr/SkyClaw-Team1/ros2_ws/install/px4_msgs/include/px4_msgs/px4_msgs/msg/detail/estimator_gps_status__struct.h\n'}
[3.082739] (px4_msgs) StdoutLine: {'line': b'-- Up-to-date: /home/rschnurr/SkyClaw-Team1/ros2_ws/install/px4_msgs/include/px4_msgs/px4_msgs/msg/detail/orbit_status__functions.c\n'}
[3.083230] (px4_msgs) StdoutLine: {'line': b'-- Up-to-date: /home/rschnurr/SkyClaw-Team1/ros2_ws/install/px4_msgs/include/px4_msgs/px4_msgs/msg/detail/manual_control_setpoint__functions.h\n'}
[3.083798] (px4_msgs) StdoutLine: {'line': b'-- Up-to-date: /home/rschnurr/SkyClaw-Team1/ros2_ws/install/px4_msgs/include/px4_msgs/px4_msgs/msg/detail/autotune_attitude_control_status__functions.h\n'}
[3.084145] (px4_msgs) StdoutLine: {'line': b'-- Up-to-date: /home/rschnurr/SkyClaw-Team1/ros2_ws/install/px4_msgs/include/px4_msgs/px4_msgs/msg/detail/position_setpoint_triplet__struct.h\n'}
[3.084837] (px4_msgs) StdoutLine: {'line': b'-- Up-to-date: /home/rschnurr/SkyClaw-Team1/ros2_ws/install/px4_msgs/include/px4_msgs/px4_msgs/msg/detail/tune_control__type_support.h\n'}
[3.085464] (px4_msgs) StdoutLine: {'line': b'-- Up-to-date: /home/rschnurr/SkyClaw-Team1/ros2_ws/install/px4_msgs/include/px4_msgs/px4_msgs/msg/detail/sensors_status__functions.h\n'}
[3.086076] (px4_msgs) StdoutLine: {'line': b'-- Up-to-date: /home/rschnurr/SkyClaw-Team1/ros2_ws/install/px4_msgs/include/px4_msgs/px4_msgs/msg/detail/estimator_bias__type_support.h\n'}
[3.086801] (px4_msgs) StdoutLine: {'line': b'-- Up-to-date: /home/rschnurr/SkyClaw-Team1/ros2_ws/install/px4_msgs/include/px4_msgs/px4_msgs/msg/detail/gimbal_device_set_attitude__functions.h\n'}
[3.087811] (px4_msgs) StdoutLine: {'line': b'-- Up-to-date: /home/rschnurr/SkyClaw-Team1/ros2_ws/install/px4_msgs/include/px4_msgs/px4_msgs/msg/detail/trajectory_setpoint__struct.h\n'}
[3.088457] (px4_msgs) StdoutLine: {'line': b'-- Up-to-date: /home/rschnurr/SkyClaw-Team1/ros2_ws/install/px4_msgs/include/px4_msgs/px4_msgs/msg/detail/system_power__functions.h\n'}
[3.089138] (px4_msgs) StdoutLine: {'line': b'-- Up-to-date: /home/rschnurr/SkyClaw-Team1/ros2_ws/install/px4_msgs/include/px4_msgs/px4_msgs/msg/detail/normalized_unsigned_setpoint__type_support.h\n'}
[3.089555] (px4_msgs) StdoutLine: {'line': b'-- Up-to-date: /home/rschnurr/SkyClaw-Team1/ros2_ws/install/px4_msgs/include/px4_msgs/px4_msgs/msg/detail/camera_trigger__type_support.h\n'}
[3.089818] (px4_msgs) StdoutLine: {'line': b'-- Up-to-date: /home/rschnurr/SkyClaw-Team1/ros2_ws/install/px4_msgs/include/px4_msgs/px4_msgs/msg/detail/lateral_control_configuration__type_support.h\n'}
[3.090617] (px4_msgs) StdoutLine: {'line': b'-- Up-to-date: /home/rschnurr/SkyClaw-Team1/ros2_ws/install/px4_msgs/include/px4_msgs/px4_msgs/msg/detail/estimator_event_flags__struct.h\n'}
[3.090766] (px4_msgs) StdoutLine: {'line': b'-- Up-to-date: /home/rschnurr/SkyClaw-Team1/ros2_ws/install/px4_msgs/include/px4_msgs/px4_msgs/msg/detail/position_setpoint_triplet__functions.c\n'}
[3.090846] (px4_msgs) StdoutLine: {'line': b'-- Up-to-date: /home/rschnurr/SkyClaw-Team1/ros2_ws/install/px4_msgs/include/px4_msgs/px4_msgs/msg/detail/parameter_set_value_request__functions.c\n'}
[3.091178] (px4_msgs) StdoutLine: {'line': b'-- Up-to-date: /home/rschnurr/SkyClaw-Team1/ros2_ws/install/px4_msgs/include/px4_msgs/px4_msgs/msg/detail/vehicle_land_detected__functions.h\n'}
[3.091819] (px4_msgs) StdoutLine: {'line': b'-- Up-to-date: /home/rschnurr/SkyClaw-Team1/ros2_ws/install/px4_msgs/include/px4_msgs/px4_msgs/msg/detail/vehicle_optical_flow__type_support.h\n'}
[3.091981] (px4_msgs) StdoutLine: {'line': b'-- Up-to-date: /home/rschnurr/SkyClaw-Team1/ros2_ws/install/px4_msgs/include/px4_msgs/px4_msgs/msg/detail/airspeed_validated__functions.h\n'}
[3.092080] (px4_msgs) StdoutLine: {'line': b'-- Up-to-date: /home/rschnurr/SkyClaw-Team1/ros2_ws/install/px4_msgs/include/px4_msgs/px4_msgs/msg/detail/tiltrotor_extra_controls__functions.c\n'}
[3.092643] (px4_msgs) StdoutLine: {'line': b'-- Up-to-date: /home/rschnurr/SkyClaw-Team1/ros2_ws/install/px4_msgs/include/px4_msgs/px4_msgs/msg/detail/mavlink_tunnel__struct.h\n'}
[3.092984] (px4_msgs) StdoutLine: {'line': b'-- Up-to-date: /home/rschnurr/SkyClaw-Team1/ros2_ws/install/px4_msgs/include/px4_msgs/px4_msgs/msg/detail/button_event__type_support.h\n'}
[3.093171] (px4_msgs) StdoutLine: {'line': b'-- Up-to-date: /home/rschnurr/SkyClaw-Team1/ros2_ws/install/px4_msgs/include/px4_msgs/px4_msgs/msg/detail/sensor_gyro_fifo__struct.h\n'}
[3.093371] (px4_msgs) StdoutLine: {'line': b'-- Up-to-date: /home/rschnurr/SkyClaw-Team1/ros2_ws/install/px4_msgs/include/px4_msgs/px4_msgs/msg/detail/debug_array__functions.c\n'}
[3.093513] (px4_msgs) StdoutLine: {'line': b'-- Up-to-date: /home/rschnurr/SkyClaw-Team1/ros2_ws/install/px4_msgs/include/px4_msgs/px4_msgs/msg/detail/fixed_wing_runway_control__type_support.h\n'}
[3.093618] (px4_msgs) StdoutLine: {'line': b'-- Up-to-date: /home/rschnurr/SkyClaw-Team1/ros2_ws/install/px4_msgs/include/px4_msgs/px4_msgs/msg/detail/vehicle_command__type_support.h\n'}
[3.093806] (px4_msgs) StdoutLine: {'line': b'-- Up-to-date: /home/rschnurr/SkyClaw-Team1/ros2_ws/install/px4_msgs/include/px4_msgs/px4_msgs/msg/detail/actuator_armed__struct.h\n'}
[3.093913] (px4_msgs) StdoutLine: {'line': b'-- Up-to-date: /home/rschnurr/SkyClaw-Team1/ros2_ws/install/px4_msgs/include/px4_msgs/px4_msgs/msg/detail/sensor_accel_fifo__functions.h\n'}
[3.093987] (px4_msgs) StdoutLine: {'line': b'-- Up-to-date: /home/rschnurr/SkyClaw-Team1/ros2_ws/install/px4_msgs/include/px4_msgs/px4_msgs/msg/detail/rover_attitude_setpoint__functions.h\n'}
[3.094049] (px4_msgs) StdoutLine: {'line': b'-- Up-to-date: /home/rschnurr/SkyClaw-Team1/ros2_ws/install/px4_msgs/include/px4_msgs/px4_msgs/msg/detail/vehicle_control_mode__functions.c\n'}
[3.094107] (px4_msgs) StdoutLine: {'line': b'-- Up-to-date: /home/rschnurr/SkyClaw-Team1/ros2_ws/install/px4_msgs/include/px4_msgs/px4_msgs/msg/detail/qshell_retval__functions.h\n'}
[3.094163] (px4_msgs) StdoutLine: {'line': b'-- Up-to-date: /home/rschnurr/SkyClaw-Team1/ros2_ws/install/px4_msgs/include/px4_msgs/px4_msgs/msg/detail/mount_orientation__struct.h\n'}
[3.094464] (px4_msgs) StdoutLine: {'line': b'-- Up-to-date: /home/rschnurr/SkyClaw-Team1/ros2_ws/install/px4_msgs/include/px4_msgs/px4_msgs/msg/detail/gimbal_manager_set_attitude__type_support.h\n'}
[3.094571] (px4_msgs) StdoutLine: {'line': b'-- Up-to-date: /home/rschnurr/SkyClaw-Team1/ros2_ws/install/px4_msgs/include/px4_msgs/px4_msgs/msg/detail/message_format_request__type_support.h\n'}
[3.094641] (px4_msgs) StdoutLine: {'line': b'-- Up-to-date: /home/rschnurr/SkyClaw-Team1/ros2_ws/install/px4_msgs/include/px4_msgs/px4_msgs/msg/detail/esc_report__functions.h\n'}
[3.094701] (px4_msgs) StdoutLine: {'line': b'-- Up-to-date: /home/rschnurr/SkyClaw-Team1/ros2_ws/install/px4_msgs/include/px4_msgs/px4_msgs/msg/detail/sensor_correction__struct.h\n'}
[3.094758] (px4_msgs) StdoutLine: {'line': b'-- Up-to-date: /home/rschnurr/SkyClaw-Team1/ros2_ws/install/px4_msgs/include/px4_msgs/px4_msgs/msg/detail/vehicle_command__functions.h\n'}
[3.094838] (px4_msgs) StdoutLine: {'line': b'-- Up-to-date: /home/rschnurr/SkyClaw-Team1/ros2_ws/install/px4_msgs/include/px4_msgs/px4_msgs/msg/detail/geofence_result__functions.h\n'}
[3.094894] (px4_msgs) StdoutLine: {'line': b'-- Up-to-date: /home/rschnurr/SkyClaw-Team1/ros2_ws/install/px4_msgs/include/px4_msgs/px4_msgs/msg/detail/sensor_hygrometer__functions.c\n'}
[3.094953] (px4_msgs) StdoutLine: {'line': b'-- Up-to-date: /home/rschnurr/SkyClaw-Team1/ros2_ws/install/px4_msgs/include/px4_msgs/px4_msgs/msg/detail/sensor_uwb__struct.h\n'}
[3.095007] (px4_msgs) StdoutLine: {'line': b'-- Up-to-date: /home/rschnurr/SkyClaw-Team1/ros2_ws/install/px4_msgs/include/px4_msgs/px4_msgs/msg/detail/fixed_wing_lateral_status__type_support.h\n'}
[3.095108] (px4_msgs) StdoutLine: {'line': b'-- Up-to-date: /home/rschnurr/SkyClaw-Team1/ros2_ws/install/px4_msgs/include/px4_msgs/px4_msgs/msg/detail/debug_vect__functions.h\n'}
[3.095173] (px4_msgs) StdoutLine: {'line': b'-- Up-to-date: /home/rschnurr/SkyClaw-Team1/ros2_ws/install/px4_msgs/include/px4_msgs/px4_msgs/msg/detail/camera_capture__functions.h\n'}
[3.095236] (px4_msgs) StdoutLine: {'line': b'-- Up-to-date: /home/rschnurr/SkyClaw-Team1/ros2_ws/install/px4_msgs/include/px4_msgs/px4_msgs/msg/detail/vehicle_odometry__functions.h\n'}
[3.095309] (px4_msgs) StdoutLine: {'line': b'-- Up-to-date: /home/rschnurr/SkyClaw-Team1/ros2_ws/install/px4_msgs/include/px4_msgs/px4_msgs/msg/detail/radio_status__functions.h\n'}
[3.095389] (px4_msgs) StdoutLine: {'line': b'-- Up-to-date: /home/rschnurr/SkyClaw-Team1/ros2_ws/install/px4_msgs/include/px4_msgs/px4_msgs/msg/detail/vehicle_magnetometer__functions.h\n'}
[3.095446] (px4_msgs) StdoutLine: {'line': b'-- Up-to-date: /home/rschnurr/SkyClaw-Team1/ros2_ws/install/px4_msgs/include/px4_msgs/px4_msgs/msg/detail/rover_speed_status__functions.h\n'}
[3.095503] (px4_msgs) StdoutLine: {'line': b'-- Up-to-date: /home/rschnurr/SkyClaw-Team1/ros2_ws/install/px4_msgs/include/px4_msgs/px4_msgs/msg/detail/geofence_status__functions.h\n'}
[3.095561] (px4_msgs) StdoutLine: {'line': b'-- Up-to-date: /home/rschnurr/SkyClaw-Team1/ros2_ws/install/px4_msgs/include/px4_msgs/px4_msgs/msg/detail/gpio_out__functions.h\n'}
[3.095618] (px4_msgs) StdoutLine: {'line': b'-- Up-to-date: /home/rschnurr/SkyClaw-Team1/ros2_ws/install/px4_msgs/include/px4_msgs/px4_msgs/msg/detail/estimator_bias3d__functions.c\n'}
[3.095688] (px4_msgs) StdoutLine: {'line': b'-- Up-to-date: /home/rschnurr/SkyClaw-Team1/ros2_ws/install/px4_msgs/include/px4_msgs/px4_msgs/msg/detail/sensor_gyro_fifo__functions.h\n'}
[3.095744] (px4_msgs) StdoutLine: {'line': b'-- Up-to-date: /home/rschnurr/SkyClaw-Team1/ros2_ws/install/px4_msgs/include/px4_msgs/px4_msgs/msg/detail/follow_target_estimator__type_support.h\n'}
[3.095801] (px4_msgs) StdoutLine: {'line': b'-- Up-to-date: /home/rschnurr/SkyClaw-Team1/ros2_ws/install/px4_msgs/include/px4_msgs/px4_msgs/msg/detail/arming_check_request__struct.h\n'}
[3.095880] (px4_msgs) StdoutLine: {'line': b'-- Up-to-date: /home/rschnurr/SkyClaw-Team1/ros2_ws/install/px4_msgs/include/px4_msgs/px4_msgs/msg/detail/vehicle_status__type_support.h\n'}
[3.095934] (px4_msgs) StdoutLine: {'line': b'-- Up-to-date: /home/rschnurr/SkyClaw-Team1/ros2_ws/install/px4_msgs/include/px4_msgs/px4_msgs/msg/detail/vehicle_land_detected__functions.c\n'}
[3.095988] (px4_msgs) StdoutLine: {'line': b'-- Up-to-date: /home/rschnurr/SkyClaw-Team1/ros2_ws/install/px4_msgs/include/px4_msgs/px4_msgs/msg/detail/navigator_status__functions.c\n'}
[3.096044] (px4_msgs) StdoutLine: {'line': b'-- Up-to-date: /home/rschnurr/SkyClaw-Team1/ros2_ws/install/px4_msgs/include/px4_msgs/px4_msgs/msg/detail/pure_pursuit_status__struct.h\n'}
[3.096097] (px4_msgs) StdoutLine: {'line': b'-- Up-to-date: /home/rschnurr/SkyClaw-Team1/ros2_ws/install/px4_msgs/include/px4_msgs/px4_msgs/msg/detail/sensor_selection__struct.h\n'}
[3.096152] (px4_msgs) StdoutLine: {'line': b'-- Up-to-date: /home/rschnurr/SkyClaw-Team1/ros2_ws/install/px4_msgs/include/px4_msgs/px4_msgs/msg/detail/ping__struct.h\n'}
[3.096209] (px4_msgs) StdoutLine: {'line': b'-- Up-to-date: /home/rschnurr/SkyClaw-Team1/ros2_ws/install/px4_msgs/include/px4_msgs/px4_msgs/msg/detail/distance_sensor_mode_change_request__struct.h\n'}
[3.096264] (px4_msgs) StdoutLine: {'line': b'-- Up-to-date: /home/rschnurr/SkyClaw-Team1/ros2_ws/install/px4_msgs/include/px4_msgs/px4_msgs/msg/detail/open_drone_id_system__struct.h\n'}
[3.096325] (px4_msgs) StdoutLine: {'line': b'-- Up-to-date: /home/rschnurr/SkyClaw-Team1/ros2_ws/install/px4_msgs/include/px4_msgs/px4_msgs/msg/detail/trajectory_setpoint6dof__type_support.h\n'}
[3.096380] (px4_msgs) StdoutLine: {'line': b'-- Up-to-date: /home/rschnurr/SkyClaw-Team1/ros2_ws/install/px4_msgs/include/px4_msgs/px4_msgs/msg/detail/rover_attitude_status__struct.h\n'}
[3.096434] (px4_msgs) StdoutLine: {'line': b'-- Up-to-date: /home/rschnurr/SkyClaw-Team1/ros2_ws/install/px4_msgs/include/px4_msgs/px4_msgs/msg/detail/cpuload__struct.h\n'}
[3.096492] (px4_msgs) StdoutLine: {'line': b'-- Up-to-date: /home/rschnurr/SkyClaw-Team1/ros2_ws/install/px4_msgs/include/px4_msgs/px4_msgs/msg/detail/gimbal_device_information__struct.h\n'}
[3.096694] (px4_msgs) StdoutLine: {'line': b'-- Up-to-date: /home/rschnurr/SkyClaw-Team1/ros2_ws/install/px4_msgs/include/px4_msgs/px4_msgs/msg/detail/vehicle_attitude__struct.h\n'}
[3.096793] (px4_msgs) StdoutLine: {'line': b'-- Up-to-date: /home/rschnurr/SkyClaw-Team1/ros2_ws/install/px4_msgs/include/px4_msgs/px4_msgs/msg/detail/fuel_tank_status__struct.h\n'}
[3.096883] (px4_msgs) StdoutLine: {'line': b'-- Up-to-date: /home/rschnurr/SkyClaw-Team1/ros2_ws/install/px4_msgs/include/px4_msgs/px4_msgs/msg/detail/event__functions.h\n'}
[3.096943] (px4_msgs) StdoutLine: {'line': b'-- Up-to-date: /home/rschnurr/SkyClaw-Team1/ros2_ws/install/px4_msgs/include/px4_msgs/px4_msgs/msg/detail/gpio_in__struct.h\n'}
[3.097006] (px4_msgs) StdoutLine: {'line': b'-- Up-to-date: /home/rschnurr/SkyClaw-Team1/ros2_ws/install/px4_msgs/include/px4_msgs/px4_msgs/msg/detail/camera_trigger__struct.h\n'}
[3.097062] (px4_msgs) StdoutLine: {'line': b'-- Up-to-date: /home/rschnurr/SkyClaw-Team1/ros2_ws/install/px4_msgs/include/px4_msgs/px4_msgs/msg/detail/adc_report__struct.h\n'}
[3.097120] (px4_msgs) StdoutLine: {'line': b'-- Up-to-date: /home/rschnurr/SkyClaw-Team1/ros2_ws/install/px4_msgs/include/px4_msgs/px4_msgs/msg/detail/vehicle_land_detected__type_support.h\n'}
[3.097178] (px4_msgs) StdoutLine: {'line': b'-- Up-to-date: /home/rschnurr/SkyClaw-Team1/ros2_ws/install/px4_msgs/include/px4_msgs/px4_msgs/msg/detail/gripper__functions.h\n'}
[3.097339] (px4_msgs) StdoutLine: {'line': b'-- Up-to-date: /home/rschnurr/SkyClaw-Team1/ros2_ws/install/px4_msgs/include/px4_msgs/px4_msgs/msg/detail/sensor_baro__functions.c\n'}
[3.097439] (px4_msgs) StdoutLine: {'line': b'-- Up-to-date: /home/rschnurr/SkyClaw-Team1/ros2_ws/install/px4_msgs/include/px4_msgs/px4_msgs/msg/detail/sensors_status_imu__struct.h\n'}
[3.097507] (px4_msgs) StdoutLine: {'line': b'-- Up-to-date: /home/rschnurr/SkyClaw-Team1/ros2_ws/install/px4_msgs/include/px4_msgs/px4_msgs/msg/detail/camera_trigger__functions.c\n'}
[3.097566] (px4_msgs) StdoutLine: {'line': b'-- Up-to-date: /home/rschnurr/SkyClaw-Team1/ros2_ws/install/px4_msgs/include/px4_msgs/px4_msgs/msg/detail/sensor_optical_flow__functions.c\n'}
[3.097623] (px4_msgs) StdoutLine: {'line': b'-- Up-to-date: /home/rschnurr/SkyClaw-Team1/ros2_ws/install/px4_msgs/include/px4_msgs/px4_msgs/msg/detail/power_monitor__functions.h\n'}
[3.097678] (px4_msgs) StdoutLine: {'line': b'-- Up-to-date: /home/rschnurr/SkyClaw-Team1/ros2_ws/install/px4_msgs/include/px4_msgs/px4_msgs/msg/detail/debug_array__struct.h\n'}
[3.097735] (px4_msgs) StdoutLine: {'line': b'-- Up-to-date: /home/rschnurr/SkyClaw-Team1/ros2_ws/install/px4_msgs/include/px4_msgs/px4_msgs/msg/detail/log_message__struct.h\n'}
[3.097794] (px4_msgs) StdoutLine: {'line': b'-- Up-to-date: /home/rschnurr/SkyClaw-Team1/ros2_ws/install/px4_msgs/include/px4_msgs/px4_msgs/msg/detail/vehicle_rates_setpoint__type_support.h\n'}
[3.097849] (px4_msgs) StdoutLine: {'line': b'-- Up-to-date: /home/rschnurr/SkyClaw-Team1/ros2_ws/install/px4_msgs/include/px4_msgs/px4_msgs/msg/detail/navigator_mission_item__struct.h\n'}
[3.097925] (px4_msgs) StdoutLine: {'line': b'-- Up-to-date: /home/rschnurr/SkyClaw-Team1/ros2_ws/install/px4_msgs/include/px4_msgs/px4_msgs/msg/detail/log_message__type_support.h\n'}
[3.097995] (px4_msgs) StdoutLine: {'line': b'-- Up-to-date: /home/rschnurr/SkyClaw-Team1/ros2_ws/install/px4_msgs/include/px4_msgs/px4_msgs/msg/detail/ulog_stream_ack__functions.c\n'}
[3.098071] (px4_msgs) StdoutLine: {'line': b'-- Up-to-date: /home/rschnurr/SkyClaw-Team1/ros2_ws/install/px4_msgs/include/px4_msgs/px4_msgs/msg/detail/power_button_state__functions.c\n'}
[3.098139] (px4_msgs) StdoutLine: {'line': b'-- Up-to-date: /home/rschnurr/SkyClaw-Team1/ros2_ws/install/px4_msgs/include/px4_msgs/px4_msgs/msg/detail/dataman_request__functions.c\n'}
[3.098222] (px4_msgs) StdoutLine: {'line': b'-- Up-to-date: /home/rschnurr/SkyClaw-Team1/ros2_ws/install/px4_msgs/include/px4_msgs/px4_msgs/msg/detail/position_setpoint__functions.h\n'}
[3.098280] (px4_msgs) StdoutLine: {'line': b'-- Up-to-date: /home/rschnurr/SkyClaw-Team1/ros2_ws/install/px4_msgs/include/px4_msgs/px4_msgs/msg/detail/debug_value__struct.h\n'}
[3.098355] (px4_msgs) StdoutLine: {'line': b'-- Up-to-date: /home/rschnurr/SkyClaw-Team1/ros2_ws/install/px4_msgs/include/px4_msgs/px4_msgs/msg/detail/vehicle_roi__functions.h\n'}
[3.098411] (px4_msgs) StdoutLine: {'line': b'-- Up-to-date: /home/rschnurr/SkyClaw-Team1/ros2_ws/install/px4_msgs/include/px4_msgs/px4_msgs/msg/detail/arming_check_request__functions.c\n'}
[3.098465] (px4_msgs) StdoutLine: {'line': b'-- Up-to-date: /home/rschnurr/SkyClaw-Team1/ros2_ws/install/px4_msgs/include/px4_msgs/px4_msgs/msg/detail/task_stack_info__type_support.h\n'}
[3.098523] (px4_msgs) StdoutLine: {'line': b'-- Up-to-date: /home/rschnurr/SkyClaw-Team1/ros2_ws/install/px4_msgs/include/px4_msgs/px4_msgs/msg/detail/mount_orientation__functions.c\n'}
[3.098579] (px4_msgs) StdoutLine: {'line': b'-- Up-to-date: /home/rschnurr/SkyClaw-Team1/ros2_ws/install/px4_msgs/include/px4_msgs/px4_msgs/msg/detail/mode_completed__functions.h\n'}
[3.098635] (px4_msgs) StdoutLine: {'line': b'-- Up-to-date: /home/rschnurr/SkyClaw-Team1/ros2_ws/install/px4_msgs/include/px4_msgs/px4_msgs/msg/detail/internal_combustion_engine_control__functions.c\n'}
[3.098693] (px4_msgs) StdoutLine: {'line': b'-- Up-to-date: /home/rschnurr/SkyClaw-Team1/ros2_ws/install/px4_msgs/include/px4_msgs/px4_msgs/msg/detail/mount_orientation__functions.h\n'}
[3.098876] (px4_msgs) StdoutLine: {'line': b'-- Up-to-date: /home/rschnurr/SkyClaw-Team1/ros2_ws/install/px4_msgs/include/px4_msgs/px4_msgs/msg/detail/message_format_response__functions.c\n'}
[3.098971] (px4_msgs) StdoutLine: {'line': b'-- Up-to-date: /home/rschnurr/SkyClaw-Team1/ros2_ws/install/px4_msgs/include/px4_msgs/px4_msgs/msg/detail/lateral_control_configuration__struct.h\n'}
[3.099080] (px4_msgs) StdoutLine: {'line': b'-- Up-to-date: /home/rschnurr/SkyClaw-Team1/ros2_ws/install/px4_msgs/include/px4_msgs/px4_msgs/msg/detail/vehicle_attitude__functions.c\n'}
[3.099149] (px4_msgs) StdoutLine: {'line': b'-- Up-to-date: /home/rschnurr/SkyClaw-Team1/ros2_ws/install/px4_msgs/include/px4_msgs/px4_msgs/msg/detail/rover_attitude_status__functions.h\n'}
[3.099210] (px4_msgs) StdoutLine: {'line': b'-- Up-to-date: /home/rschnurr/SkyClaw-Team1/ros2_ws/install/px4_msgs/include/px4_msgs/px4_msgs/msg/detail/geofence_status__struct.h\n'}
[3.100496] (px4_msgs) StdoutLine: {'line': b'-- Up-to-date: /home/rschnurr/SkyClaw-Team1/ros2_ws/install/px4_msgs/include/px4_msgs/px4_msgs/msg/detail/parameter_set_value_response__functions.c\n'}
[3.101851] (px4_msgs) StdoutLine: {'line': b'-- Up-to-date: /home/rschnurr/SkyClaw-Team1/ros2_ws/install/px4_msgs/include/px4_msgs/px4_msgs/msg/detail/action_request__functions.h\n'}
[3.102109] (px4_msgs) StdoutLine: {'line': b'-- Up-to-date: /home/rschnurr/SkyClaw-Team1/ros2_ws/install/px4_msgs/include/px4_msgs/px4_msgs/msg/detail/estimator_innovations__type_support.h\n'}
[3.102552] (px4_msgs) StdoutLine: {'line': b'-- Up-to-date: /home/rschnurr/SkyClaw-Team1/ros2_ws/install/px4_msgs/include/px4_msgs/px4_msgs/msg/detail/open_drone_id_operator_id__functions.h\n'}
[3.102912] (px4_msgs) StdoutLine: {'line': b'-- Up-to-date: /home/rschnurr/SkyClaw-Team1/ros2_ws/install/px4_msgs/include/px4_msgs/px4_msgs/msg/detail/position_controller_status__struct.h\n'}
[3.103407] (px4_msgs) StdoutLine: {'line': b'-- Up-to-date: /home/rschnurr/SkyClaw-Team1/ros2_ws/install/px4_msgs/include/px4_msgs/px4_msgs/msg/detail/ulog_stream__functions.c\n'}
[3.104104] (px4_msgs) StdoutLine: {'line': b'-- Up-to-date: /home/rschnurr/SkyClaw-Team1/ros2_ws/install/px4_msgs/include/px4_msgs/px4_msgs/msg/detail/sensor_gnss_relative__functions.h\n'}
[3.104693] (px4_msgs) StdoutLine: {'line': b'-- Up-to-date: /home/rschnurr/SkyClaw-Team1/ros2_ws/install/px4_msgs/include/px4_msgs/px4_msgs/msg/detail/sensor_gyro__functions.h\n'}
[3.105086] (px4_msgs) StdoutLine: {'line': b'-- Up-to-date: /home/rschnurr/SkyClaw-Team1/ros2_ws/install/px4_msgs/include/px4_msgs/px4_msgs/msg/detail/tecs_status__functions.h\n'}
[3.106368] (px4_msgs) StdoutLine: {'line': b'-- Up-to-date: /home/rschnurr/SkyClaw-Team1/ros2_ws/install/px4_msgs/include/px4_msgs/px4_msgs/msg/detail/sensor_airflow__functions.h\n'}
[3.106837] (px4_msgs) StdoutLine: {'line': b'-- Up-to-date: /home/rschnurr/SkyClaw-Team1/ros2_ws/install/px4_msgs/include/px4_msgs/px4_msgs/msg/detail/sensor_gps__functions.h\n'}
[3.106950] (px4_msgs) StdoutLine: {'line': b'-- Up-to-date: /home/rschnurr/SkyClaw-Team1/ros2_ws/install/px4_msgs/include/px4_msgs/px4_msgs/msg/detail/vehicle_global_position__functions.c\n'}
[3.107026] (px4_msgs) StdoutLine: {'line': b'-- Up-to-date: /home/rschnurr/SkyClaw-Team1/ros2_ws/install/px4_msgs/include/px4_msgs/px4_msgs/msg/detail/rover_speed_status__functions.c\n'}
[3.108195] (px4_msgs) StdoutLine: {'line': b'-- Up-to-date: /home/rschnurr/SkyClaw-Team1/ros2_ws/install/px4_msgs/include/px4_msgs/px4_msgs/msg/detail/vehicle_attitude_setpoint__type_support.h\n'}
[3.108450] (px4_msgs) StdoutLine: {'line': b'-- Up-to-date: /home/rschnurr/SkyClaw-Team1/ros2_ws/install/px4_msgs/include/px4_msgs/px4_msgs/msg/detail/dronecan_node_status__type_support.h\n'}
[3.108788] (px4_msgs) StdoutLine: {'line': b'-- Up-to-date: /home/rschnurr/SkyClaw-Team1/ros2_ws/install/px4_msgs/include/px4_msgs/px4_msgs/msg/detail/adc_report__type_support.h\n'}
[3.109044] (px4_msgs) StdoutLine: {'line': b'-- Up-to-date: /home/rschnurr/SkyClaw-Team1/ros2_ws/install/px4_msgs/include/px4_msgs/px4_msgs/msg/detail/rover_rate_setpoint__functions.h\n'}
[3.109546] (px4_msgs) StdoutLine: {'line': b'-- Up-to-date: /home/rschnurr/SkyClaw-Team1/ros2_ws/install/px4_msgs/include/px4_msgs/px4_msgs/msg/detail/internal_combustion_engine_status__struct.h\n'}
[3.109665] (px4_msgs) StdoutLine: {'line': b'-- Up-to-date: /home/rschnurr/SkyClaw-Team1/ros2_ws/install/px4_msgs/include/px4_msgs/px4_msgs/msg/detail/vehicle_roi__functions.c\n'}
[3.109813] (px4_msgs) StdoutLine: {'line': b'-- Up-to-date: /home/rschnurr/SkyClaw-Team1/ros2_ws/install/px4_msgs/include/px4_msgs/px4_msgs/msg/detail/airspeed_validated__functions.c\n'}
[3.109945] (px4_msgs) StdoutLine: {'line': b'-- Up-to-date: /home/rschnurr/SkyClaw-Team1/ros2_ws/install/px4_msgs/include/px4_msgs/px4_msgs/msg/detail/airspeed_wind__functions.h\n'}
[3.110033] (px4_msgs) StdoutLine: {'line': b'-- Up-to-date: /home/rschnurr/SkyClaw-Team1/ros2_ws/install/px4_msgs/include/px4_msgs/px4_msgs/msg/detail/fixed_wing_lateral_setpoint__functions.c\n'}
[3.110108] (px4_msgs) StdoutLine: {'line': b'-- Up-to-date: /home/rschnurr/SkyClaw-Team1/ros2_ws/install/px4_msgs/include/px4_msgs/px4_msgs/msg/detail/landing_target_innovations__struct.h\n'}
[3.110252] (px4_msgs) StdoutLine: {'line': b'-- Up-to-date: /home/rschnurr/SkyClaw-Team1/ros2_ws/install/px4_msgs/include/px4_msgs/px4_msgs/msg/detail/estimator_sensor_bias__type_support.h\n'}
[3.110355] (px4_msgs) StdoutLine: {'line': b'-- Up-to-date: /home/rschnurr/SkyClaw-Team1/ros2_ws/install/px4_msgs/include/px4_msgs/px4_msgs/msg/detail/rover_attitude_setpoint__functions.c\n'}
[3.110443] (px4_msgs) StdoutLine: {'line': b'-- Up-to-date: /home/rschnurr/SkyClaw-Team1/ros2_ws/install/px4_msgs/include/px4_msgs/px4_msgs/msg/detail/sensor_accel__struct.h\n'}
[3.110520] (px4_msgs) StdoutLine: {'line': b'-- Up-to-date: /home/rschnurr/SkyClaw-Team1/ros2_ws/install/px4_msgs/include/px4_msgs/px4_msgs/msg/detail/position_controller_status__functions.h\n'}
[3.110631] (px4_msgs) StdoutLine: {'line': b'-- Up-to-date: /home/rschnurr/SkyClaw-Team1/ros2_ws/install/px4_msgs/include/px4_msgs/px4_msgs/msg/detail/rover_throttle_setpoint__functions.h\n'}
[3.110699] (px4_msgs) StdoutLine: {'line': b'-- Up-to-date: /home/rschnurr/SkyClaw-Team1/ros2_ws/install/px4_msgs/include/px4_msgs/px4_msgs/msg/detail/sensor_gps__type_support.h\n'}
[3.110769] (px4_msgs) StdoutLine: {'line': b'-- Up-to-date: /home/rschnurr/SkyClaw-Team1/ros2_ws/install/px4_msgs/include/px4_msgs/px4_msgs/msg/detail/register_ext_component_request__type_support.h\n'}
[3.110870] (px4_msgs) StdoutLine: {'line': b'-- Up-to-date: /home/rschnurr/SkyClaw-Team1/ros2_ws/install/px4_msgs/include/px4_msgs/px4_msgs/msg/detail/gimbal_manager_set_manual_control__functions.h\n'}
[3.110940] (px4_msgs) StdoutLine: {'line': b'-- Up-to-date: /home/rschnurr/SkyClaw-Team1/ros2_ws/install/px4_msgs/include/px4_msgs/px4_msgs/msg/landing_target_pose.h\n'}
[3.111009] (px4_msgs) StdoutLine: {'line': b'-- Up-to-date: /home/rschnurr/SkyClaw-Team1/ros2_ws/install/px4_msgs/include/px4_msgs/px4_msgs/msg/sensor_baro.h\n'}
[3.111075] (px4_msgs) StdoutLine: {'line': b'-- Up-to-date: /home/rschnurr/SkyClaw-Team1/ros2_ws/install/px4_msgs/include/px4_msgs/px4_msgs/msg/vehicle_magnetometer.h\n'}
[3.111141] (px4_msgs) StdoutLine: {'line': b'-- Up-to-date: /home/rschnurr/SkyClaw-Team1/ros2_ws/install/px4_msgs/include/px4_msgs/px4_msgs/msg/failure_detector_status.h\n'}
[3.111345] (px4_msgs) StdoutLine: {'line': b'-- Up-to-date: /home/rschnurr/SkyClaw-Team1/ros2_ws/install/px4_msgs/include/px4_msgs/px4_msgs/msg/gimbal_manager_status.h\n'}
[3.111590] (px4_msgs) StdoutLine: {'line': b'-- Up-to-date: /home/rschnurr/SkyClaw-Team1/ros2_ws/install/px4_msgs/include/px4_msgs/px4_msgs/msg/cpuload.h\n'}
[3.111769] (px4_msgs) StdoutLine: {'line': b'-- Up-to-date: /home/rschnurr/SkyClaw-Team1/ros2_ws/install/px4_msgs/include/px4_msgs/px4_msgs/msg/telemetry_status.h\n'}
[3.111940] (px4_msgs) StdoutLine: {'line': b'-- Up-to-date: /home/rschnurr/SkyClaw-Team1/ros2_ws/install/px4_msgs/include/px4_msgs/px4_msgs/msg/sensor_accel.h\n'}
[3.112094] (px4_msgs) StdoutLine: {'line': b'-- Up-to-date: /home/rschnurr/SkyClaw-Team1/ros2_ws/install/px4_msgs/include/px4_msgs/px4_msgs/msg/position_controller_landing_status.h\n'}
[3.112205] (px4_msgs) StdoutLine: {'line': b'-- Up-to-date: /home/rschnurr/SkyClaw-Team1/ros2_ws/install/px4_msgs/include/px4_msgs/px4_msgs/msg/vehicle_imu.h\n'}
[3.112282] (px4_msgs) StdoutLine: {'line': b'-- Up-to-date: /home/rschnurr/SkyClaw-Team1/ros2_ws/install/px4_msgs/include/px4_msgs/px4_msgs/msg/actuator_controls_status.h\n'}
[3.112351] (px4_msgs) StdoutLine: {'line': b'-- Up-to-date: /home/rschnurr/SkyClaw-Team1/ros2_ws/install/px4_msgs/include/px4_msgs/px4_msgs/msg/sensors_status.h\n'}
[3.112416] (px4_msgs) StdoutLine: {'line': b'-- Up-to-date: /home/rschnurr/SkyClaw-Team1/ros2_ws/install/px4_msgs/include/px4_msgs/px4_msgs/msg/fixed_wing_lateral_setpoint.h\n'}
[3.112549] (px4_msgs) StdoutLine: {'line': b'-- Up-to-date: /home/rschnurr/SkyClaw-Team1/ros2_ws/install/px4_msgs/include/px4_msgs/px4_msgs/msg/debug_vect.h\n'}
[3.112788] (px4_msgs) StdoutLine: {'line': b'-- Up-to-date: /home/rschnurr/SkyClaw-Team1/ros2_ws/install/px4_msgs/include/px4_msgs/px4_msgs/msg/rtl_status.h\n'}
[3.113339] (px4_msgs) StdoutLine: {'line': b'-- Up-to-date: /home/rschnurr/SkyClaw-Team1/ros2_ws/install/px4_msgs/include/px4_msgs/px4_msgs/msg/sensor_correction.h\n'}
[3.113472] (px4_msgs) StdoutLine: {'line': b'-- Up-to-date: /home/rschnurr/SkyClaw-Team1/ros2_ws/install/px4_msgs/include/px4_msgs/px4_msgs/msg/vehicle_torque_setpoint.h\n'}
[3.113565] (px4_msgs) StdoutLine: {'line': b'-- Up-to-date: /home/rschnurr/SkyClaw-Team1/ros2_ws/install/px4_msgs/include/px4_msgs/px4_msgs/msg/internal_combustion_engine_status.h\n'}
[3.113634] (px4_msgs) StdoutLine: {'line': b'-- Up-to-date: /home/rschnurr/SkyClaw-Team1/ros2_ws/install/px4_msgs/include/px4_msgs/px4_msgs/msg/iridiumsbd_status.h\n'}
[3.113694] (px4_msgs) StdoutLine: {'line': b'-- Up-to-date: /home/rschnurr/SkyClaw-Team1/ros2_ws/install/px4_msgs/include/px4_msgs/px4_msgs/msg/obstacle_distance.h\n'}
[3.113765] (px4_msgs) StdoutLine: {'line': b'-- Up-to-date: /home/rschnurr/SkyClaw-Team1/ros2_ws/install/px4_msgs/include/px4_msgs/px4_msgs/msg/gripper.h\n'}
[3.113821] (px4_msgs) StdoutLine: {'line': b'-- Up-to-date: /home/rschnurr/SkyClaw-Team1/ros2_ws/install/px4_msgs/include/px4_msgs/px4_msgs/msg/gimbal_manager_set_attitude.h\n'}
[3.113976] (px4_msgs) StdoutLine: {'line': b'-- Up-to-date: /home/rschnurr/SkyClaw-Team1/ros2_ws/install/px4_msgs/include/px4_msgs/px4_msgs/msg/camera_trigger.h\n'}
[3.114151] (px4_msgs) StdoutLine: {'line': b'-- Up-to-date: /home/rschnurr/SkyClaw-Team1/ros2_ws/install/px4_msgs/include/px4_msgs/px4_msgs/msg/estimator_innovations.h\n'}
[3.114285] (px4_msgs) StdoutLine: {'line': b'-- Up-to-date: /home/rschnurr/SkyClaw-Team1/ros2_ws/install/px4_msgs/include/px4_msgs/px4_msgs/msg/input_rc.h\n'}
[3.114359] (px4_msgs) StdoutLine: {'line': b'-- Up-to-date: /home/rschnurr/SkyClaw-Team1/ros2_ws/install/px4_msgs/include/px4_msgs/px4_msgs/msg/generator_status.h\n'}
[3.114423] (px4_msgs) StdoutLine: {'line': b'-- Up-to-date: /home/rschnurr/SkyClaw-Team1/ros2_ws/install/px4_msgs/include/px4_msgs/px4_msgs/msg/geofence_result.h\n'}
[3.114483] (px4_msgs) StdoutLine: {'line': b'-- Up-to-date: /home/rschnurr/SkyClaw-Team1/ros2_ws/install/px4_msgs/include/px4_msgs/px4_msgs/msg/qshell_retval.h\n'}
[3.114545] (px4_msgs) StdoutLine: {'line': b'-- Up-to-date: /home/rschnurr/SkyClaw-Team1/ros2_ws/install/px4_msgs/include/px4_msgs/px4_msgs/msg/follow_target_status.h\n'}
[3.114629] (px4_msgs) StdoutLine: {'line': b'-- Up-to-date: /home/rschnurr/SkyClaw-Team1/ros2_ws/install/px4_msgs/include/px4_msgs/px4_msgs/msg/uavcan_parameter_value.h\n'}
[3.114694] (px4_msgs) StdoutLine: {'line': b'-- Up-to-date: /home/rschnurr/SkyClaw-Team1/ros2_ws/install/px4_msgs/include/px4_msgs/px4_msgs/msg/config_overrides.h\n'}
[3.114751] (px4_msgs) StdoutLine: {'line': b'-- Up-to-date: /home/rschnurr/SkyClaw-Team1/ros2_ws/install/px4_msgs/include/px4_msgs/px4_msgs/msg/rover_attitude_status.h\n'}
[3.114807] (px4_msgs) StdoutLine: {'line': b'-- Up-to-date: /home/rschnurr/SkyClaw-Team1/ros2_ws/install/px4_msgs/include/px4_msgs/px4_msgs/msg/orb_test.h\n'}
[3.114864] (px4_msgs) StdoutLine: {'line': b'-- Up-to-date: /home/rschnurr/SkyClaw-Team1/ros2_ws/install/px4_msgs/include/px4_msgs/px4_msgs/msg/landing_gear.h\n'}
[3.114919] (px4_msgs) StdoutLine: {'line': b'-- Up-to-date: /home/rschnurr/SkyClaw-Team1/ros2_ws/install/px4_msgs/include/px4_msgs/px4_msgs/msg/tecs_status.h\n'}
[3.114975] (px4_msgs) StdoutLine: {'line': b'-- Up-to-date: /home/rschnurr/SkyClaw-Team1/ros2_ws/install/px4_msgs/include/px4_msgs/px4_msgs/msg/rc_parameter_map.h\n'}
[3.115029] (px4_msgs) StdoutLine: {'line': b'-- Up-to-date: /home/rschnurr/SkyClaw-Team1/ros2_ws/install/px4_msgs/include/px4_msgs/px4_msgs/msg/mission_result.h\n'}
[3.115083] (px4_msgs) StdoutLine: {'line': b'-- Up-to-date: /home/rschnurr/SkyClaw-Team1/ros2_ws/install/px4_msgs/include/px4_msgs/px4_msgs/msg/rover_throttle_setpoint.h\n'}
[3.115140] (px4_msgs) StdoutLine: {'line': b'-- Up-to-date: /home/rschnurr/SkyClaw-Team1/ros2_ws/install/px4_msgs/include/px4_msgs/px4_msgs/msg/position_setpoint_triplet.h\n'}
[3.115198] (px4_msgs) StdoutLine: {'line': b'-- Up-to-date: /home/rschnurr/SkyClaw-Team1/ros2_ws/install/px4_msgs/include/px4_msgs/px4_msgs/msg/mavlink_tunnel.h\n'}
[3.115616] (px4_msgs) StdoutLine: {'line': b'-- Up-to-date: /home/rschnurr/SkyClaw-Team1/ros2_ws/install/px4_msgs/include/px4_msgs/px4_msgs/msg/actuator_servos.h\n'}
[3.115708] (px4_msgs) StdoutLine: {'line': b'-- Up-to-date: /home/rschnurr/SkyClaw-Team1/ros2_ws/install/px4_msgs/include/px4_msgs/px4_msgs/msg/orb_test_large.h\n'}
[3.115774] (px4_msgs) StdoutLine: {'line': b'-- Up-to-date: /home/rschnurr/SkyClaw-Team1/ros2_ws/install/px4_msgs/include/px4_msgs/px4_msgs/msg/can_interface_status.h\n'}
[3.115833] (px4_msgs) StdoutLine: {'line': b'-- Up-to-date: /home/rschnurr/SkyClaw-Team1/ros2_ws/install/px4_msgs/include/px4_msgs/px4_msgs/msg/differential_pressure.h\n'}
[3.115904] (px4_msgs) StdoutLine: {'line': b'-- Up-to-date: /home/rschnurr/SkyClaw-Team1/ros2_ws/install/px4_msgs/include/px4_msgs/px4_msgs/msg/landing_gear_wheel.h\n'}
[3.115957] (px4_msgs) StdoutLine: {'line': b'-- Up-to-date: /home/rschnurr/SkyClaw-Team1/ros2_ws/install/px4_msgs/include/px4_msgs/px4_msgs/msg/unregister_ext_component.h\n'}
[3.116011] (px4_msgs) StdoutLine: {'line': b'-- Up-to-date: /home/rschnurr/SkyClaw-Team1/ros2_ws/install/px4_msgs/include/px4_msgs/px4_msgs/msg/pps_capture.h\n'}
[3.116064] (px4_msgs) StdoutLine: {'line': b'-- Up-to-date: /home/rschnurr/SkyClaw-Team1/ros2_ws/install/px4_msgs/include/px4_msgs/px4_msgs/msg/register_ext_component_reply.h\n'}
[3.116121] (px4_msgs) StdoutLine: {'line': b'-- Up-to-date: /home/rschnurr/SkyClaw-Team1/ros2_ws/install/px4_msgs/include/px4_msgs/px4_msgs/msg/mount_orientation.h\n'}
[3.116175] (px4_msgs) StdoutLine: {'line': b'-- Up-to-date: /home/rschnurr/SkyClaw-Team1/ros2_ws/install/px4_msgs/include/px4_msgs/px4_msgs/msg/landing_target_innovations.h\n'}
[3.116228] (px4_msgs) StdoutLine: {'line': b'-- Up-to-date: /home/rschnurr/SkyClaw-Team1/ros2_ws/install/px4_msgs/include/px4_msgs/px4_msgs/msg/orbit_status.h\n'}
[3.116294] (px4_msgs) StdoutLine: {'line': b'-- Up-to-date: /home/rschnurr/SkyClaw-Team1/ros2_ws/install/px4_msgs/include/px4_msgs/px4_msgs/msg/logger_status.h\n'}
[3.116347] (px4_msgs) StdoutLine: {'line': b'-- Up-to-date: /home/rschnurr/SkyClaw-Team1/ros2_ws/install/px4_msgs/include/px4_msgs/px4_msgs/msg/ekf2_timestamps.h\n'}
[3.116398] (px4_msgs) StdoutLine: {'line': b'-- Up-to-date: /home/rschnurr/SkyClaw-Team1/ros2_ws/install/px4_msgs/include/px4_msgs/px4_msgs/msg/camera_status.h\n'}
[3.116454] (px4_msgs) StdoutLine: {'line': b'-- Up-to-date: /home/rschnurr/SkyClaw-Team1/ros2_ws/install/px4_msgs/include/px4_msgs/px4_msgs/msg/vehicle_constraints.h\n'}
[3.116532] (px4_msgs) StdoutLine: {'line': b'-- Up-to-date: /home/rschnurr/SkyClaw-Team1/ros2_ws/install/px4_msgs/include/px4_msgs/px4_msgs/msg/ping.h\n'}
[3.116759] (px4_msgs) StdoutLine: {'line': b'-- Up-to-date: /home/rschnurr/SkyClaw-Team1/ros2_ws/install/px4_msgs/include/px4_msgs/px4_msgs/msg/trajectory_setpoint6dof.h\n'}
[3.116957] (px4_msgs) StdoutLine: {'line': b'-- Up-to-date: /home/rschnurr/SkyClaw-Team1/ros2_ws/install/px4_msgs/include/px4_msgs/px4_msgs/msg/position_setpoint.h\n'}
[3.117048] (px4_msgs) StdoutLine: {'line': b'-- Up-to-date: /home/rschnurr/SkyClaw-Team1/ros2_ws/install/px4_msgs/include/px4_msgs/px4_msgs/msg/camera_capture.h\n'}
[3.117115] (px4_msgs) StdoutLine: {'line': b'-- Up-to-date: /home/rschnurr/SkyClaw-Team1/ros2_ws/install/px4_msgs/include/px4_msgs/px4_msgs/msg/gimbal_manager_set_manual_control.h\n'}
[3.117175] (px4_msgs) StdoutLine: {'line': b'-- Up-to-date: /home/rschnurr/SkyClaw-Team1/ros2_ws/install/px4_msgs/include/px4_msgs/px4_msgs/msg/log_message.h\n'}
[3.117230] (px4_msgs) StdoutLine: {'line': b'-- Up-to-date: /home/rschnurr/SkyClaw-Team1/ros2_ws/install/px4_msgs/include/px4_msgs/px4_msgs/msg/vehicle_control_mode.h\n'}
[3.117284] (px4_msgs) StdoutLine: {'line': b'-- Up-to-date: /home/rschnurr/SkyClaw-Team1/ros2_ws/install/px4_msgs/include/px4_msgs/px4_msgs/msg/internal_combustion_engine_control.h\n'}
[3.117361] (px4_msgs) StdoutLine: {'line': b'-- Up-to-date: /home/rschnurr/SkyClaw-Team1/ros2_ws/install/px4_msgs/include/px4_msgs/px4_msgs/msg/px4io_status.h\n'}
[3.117413] (px4_msgs) StdoutLine: {'line': b'-- Up-to-date: /home/rschnurr/SkyClaw-Team1/ros2_ws/install/px4_msgs/include/px4_msgs/px4_msgs/msg/yaw_estimator_status.h\n'}
[3.117464] (px4_msgs) StdoutLine: {'line': b'-- Up-to-date: /home/rschnurr/SkyClaw-Team1/ros2_ws/install/px4_msgs/include/px4_msgs/px4_msgs/msg/parameter_set_used_request.h\n'}
[3.117587] (px4_msgs) StdoutLine: {'line': b'-- Up-to-date: /home/rschnurr/SkyClaw-Team1/ros2_ws/install/px4_msgs/include/px4_msgs/px4_msgs/msg/distance_sensor_mode_change_request.h\n'}
[3.117723] (px4_msgs) StdoutLine: {'line': b'-- Up-to-date: /home/rschnurr/SkyClaw-Team1/ros2_ws/install/px4_msgs/include/px4_msgs/px4_msgs/msg/mission.h\n'}
[3.117793] (px4_msgs) StdoutLine: {'line': b'-- Up-to-date: /home/rschnurr/SkyClaw-Team1/ros2_ws/install/px4_msgs/include/px4_msgs/px4_msgs/msg/mag_worker_data.h\n'}
[3.117867] (px4_msgs) StdoutLine: {'line': b'-- Up-to-date: /home/rschnurr/SkyClaw-Team1/ros2_ws/install/px4_msgs/include/px4_msgs/px4_msgs/msg/rc_channels.h\n'}
[3.117927] (px4_msgs) StdoutLine: {'line': b'-- Up-to-date: /home/rschnurr/SkyClaw-Team1/ros2_ws/install/px4_msgs/include/px4_msgs/px4_msgs/msg/gps_inject_data.h\n'}
[3.117985] (px4_msgs) StdoutLine: {'line': b'-- Up-to-date: /home/rschnurr/SkyClaw-Team1/ros2_ws/install/px4_msgs/include/px4_msgs/px4_msgs/msg/pwm_input.h\n'}
[3.118038] (px4_msgs) StdoutLine: {'line': b'-- Up-to-date: /home/rschnurr/SkyClaw-Team1/ros2_ws/install/px4_msgs/include/px4_msgs/px4_msgs/msg/sensor_airflow.h\n'}
[3.118091] (px4_msgs) StdoutLine: {'line': b'-- Up-to-date: /home/rschnurr/SkyClaw-Team1/ros2_ws/install/px4_msgs/include/px4_msgs/px4_msgs/msg/uavcan_parameter_request.h\n'}
[3.118142] (px4_msgs) StdoutLine: {'line': b'-- Up-to-date: /home/rschnurr/SkyClaw-Team1/ros2_ws/install/px4_msgs/include/px4_msgs/px4_msgs/msg/navigator_status.h\n'}
[3.118193] (px4_msgs) StdoutLine: {'line': b'-- Up-to-date: /home/rschnurr/SkyClaw-Team1/ros2_ws/install/px4_msgs/include/px4_msgs/px4_msgs/msg/autotune_attitude_control_status.h\n'}
[3.118247] (px4_msgs) StdoutLine: {'line': b'-- Up-to-date: /home/rschnurr/SkyClaw-Team1/ros2_ws/install/px4_msgs/include/px4_msgs/px4_msgs/msg/power_button_state.h\n'}
[3.118298] (px4_msgs) StdoutLine: {'line': b'-- Up-to-date: /home/rschnurr/SkyClaw-Team1/ros2_ws/install/px4_msgs/include/px4_msgs/px4_msgs/msg/estimator_sensor_bias.h\n'}
[3.118349] (px4_msgs) StdoutLine: {'line': b'-- Up-to-date: /home/rschnurr/SkyClaw-Team1/ros2_ws/install/px4_msgs/include/px4_msgs/px4_msgs/msg/esc_report.h\n'}
[3.118400] (px4_msgs) StdoutLine: {'line': b'-- Up-to-date: /home/rschnurr/SkyClaw-Team1/ros2_ws/install/px4_msgs/include/px4_msgs/px4_msgs/msg/goto_setpoint.h\n'}
[3.118451] (px4_msgs) StdoutLine: {'line': b'-- Up-to-date: /home/rschnurr/SkyClaw-Team1/ros2_ws/install/px4_msgs/include/px4_msgs/px4_msgs/msg/qshell_req.h\n'}
[3.118502] (px4_msgs) StdoutLine: {'line': b'-- Up-to-date: /home/rschnurr/SkyClaw-Team1/ros2_ws/install/px4_msgs/include/px4_msgs/px4_msgs/msg/airspeed.h\n'}
[3.118553] (px4_msgs) StdoutLine: {'line': b'-- Up-to-date: /home/rschnurr/SkyClaw-Team1/ros2_ws/install/px4_msgs/include/px4_msgs/px4_msgs/msg/figure_eight_status.h\n'}
[3.118603] (px4_msgs) StdoutLine: {'line': b'-- Up-to-date: /home/rschnurr/SkyClaw-Team1/ros2_ws/install/px4_msgs/include/px4_msgs/px4_msgs/msg/debug_key_value.h\n'}
[3.118653] (px4_msgs) StdoutLine: {'line': b'-- Up-to-date: /home/rschnurr/SkyClaw-Team1/ros2_ws/install/px4_msgs/include/px4_msgs/px4_msgs/msg/vehicle_attitude.h\n'}
[3.118704] (px4_msgs) StdoutLine: {'line': b'-- Up-to-date: /home/rschnurr/SkyClaw-Team1/ros2_ws/install/px4_msgs/include/px4_msgs/px4_msgs/msg/open_drone_id_self_id.h\n'}
[3.118756] (px4_msgs) StdoutLine: {'line': b'-- Up-to-date: /home/rschnurr/SkyClaw-Team1/ros2_ws/install/px4_msgs/include/px4_msgs/px4_msgs/msg/sensor_gyro.h\n'}
[3.118817] (px4_msgs) StdoutLine: {'line': b'-- Up-to-date: /home/rschnurr/SkyClaw-Team1/ros2_ws/install/px4_msgs/include/px4_msgs/px4_msgs/msg/mode_completed.h\n'}
[3.118875] (px4_msgs) StdoutLine: {'line': b'-- Up-to-date: /home/rschnurr/SkyClaw-Team1/ros2_ws/install/px4_msgs/include/px4_msgs/px4_msgs/msg/battery_info.h\n'}
[3.118930] (px4_msgs) StdoutLine: {'line': b'-- Up-to-date: /home/rschnurr/SkyClaw-Team1/ros2_ws/install/px4_msgs/include/px4_msgs/px4_msgs/msg/manual_control_setpoint.h\n'}
[3.118983] (px4_msgs) StdoutLine: {'line': b'-- Up-to-date: /home/rschnurr/SkyClaw-Team1/ros2_ws/install/px4_msgs/include/px4_msgs/px4_msgs/msg/actuator_motors.h\n'}
[3.119065] (px4_msgs) StdoutLine: {'line': b'-- Up-to-date: /home/rschnurr/SkyClaw-Team1/ros2_ws/install/px4_msgs/include/px4_msgs/px4_msgs/msg/mavlink_log.h\n'}
[3.119123] (px4_msgs) StdoutLine: {'line': b'-- Up-to-date: /home/rschnurr/SkyClaw-Team1/ros2_ws/install/px4_msgs/include/px4_msgs/px4_msgs/msg/failsafe_flags.h\n'}
[3.119178] (px4_msgs) StdoutLine: {'line': b'-- Up-to-date: /home/rschnurr/SkyClaw-Team1/ros2_ws/install/px4_msgs/include/px4_msgs/px4_msgs/msg/fuel_tank_status.h\n'}
[3.119229] (px4_msgs) StdoutLine: {'line': b'-- Up-to-date: /home/rschnurr/SkyClaw-Team1/ros2_ws/install/px4_msgs/include/px4_msgs/px4_msgs/msg/esc_status.h\n'}
[3.119280] (px4_msgs) StdoutLine: {'line': b'-- Up-to-date: /home/rschnurr/SkyClaw-Team1/ros2_ws/install/px4_msgs/include/px4_msgs/px4_msgs/msg/led_control.h\n'}
[3.119412] (px4_msgs) StdoutLine: {'line': b'-- Up-to-date: /home/rschnurr/SkyClaw-Team1/ros2_ws/install/px4_msgs/include/px4_msgs/px4_msgs/msg/pure_pursuit_status.h\n'}
[3.119594] (px4_msgs) StdoutLine: {'line': b'-- Up-to-date: /home/rschnurr/SkyClaw-Team1/ros2_ws/install/px4_msgs/include/px4_msgs/px4_msgs/msg/rover_speed_setpoint.h\n'}
[3.120057] (px4_msgs) StdoutLine: {'line': b'-- Up-to-date: /home/rschnurr/SkyClaw-Team1/ros2_ws/install/px4_msgs/include/px4_msgs/px4_msgs/msg/estimator_gps_status.h\n'}
[3.120290] (px4_msgs) StdoutLine: {'line': b'-- Up-to-date: /home/rschnurr/SkyClaw-Team1/ros2_ws/install/px4_msgs/include/px4_msgs/px4_msgs/msg/gimbal_controls.h\n'}
[3.120426] (px4_msgs) StdoutLine: {'line': b'-- Up-to-date: /home/rschnurr/SkyClaw-Team1/ros2_ws/install/px4_msgs/include/px4_msgs/px4_msgs/msg/parameter_set_value_request.h\n'}
[3.120526] (px4_msgs) StdoutLine: {'line': b'-- Up-to-date: /home/rschnurr/SkyClaw-Team1/ros2_ws/install/px4_msgs/include/px4_msgs/px4_msgs/msg/sensor_gyro_fifo.h\n'}
[3.120627] (px4_msgs) StdoutLine: {'line': b'-- Up-to-date: /home/rschnurr/SkyClaw-Team1/ros2_ws/install/px4_msgs/include/px4_msgs/px4_msgs/msg/hover_thrust_estimate.h\n'}
[3.120728] (px4_msgs) StdoutLine: {'line': b'-- Up-to-date: /home/rschnurr/SkyClaw-Team1/ros2_ws/install/px4_msgs/share/px4_msgs/environment/library_path.sh\n'}
[3.120803] (px4_msgs) StdoutLine: {'line': b'-- Up-to-date: /home/rschnurr/SkyClaw-Team1/ros2_ws/install/px4_msgs/share/px4_msgs/environment/library_path.dsv\n'}
[3.120877] (px4_msgs) StdoutLine: {'line': b'-- Up-to-date: /home/rschnurr/SkyClaw-Team1/ros2_ws/install/px4_msgs/lib/libpx4_msgs__rosidl_generator_c.so\n'}
[3.120955] (px4_msgs) StdoutLine: {'line': b'-- Up-to-date: /home/rschnurr/SkyClaw-Team1/ros2_ws/install/px4_msgs/include/px4_msgs/px4_msgs\n'}
[3.121034] (px4_msgs) StdoutLine: {'line': b'-- Up-to-date: /home/rschnurr/SkyClaw-Team1/ros2_ws/install/px4_msgs/include/px4_msgs/px4_msgs/srv\n'}
[3.121113] (px4_msgs) StdoutLine: {'line': b'-- Up-to-date: /home/rschnurr/SkyClaw-Team1/ros2_ws/install/px4_msgs/include/px4_msgs/px4_msgs/srv/detail\n'}
[3.121192] (px4_msgs) StdoutLine: {'line': b'-- Up-to-date: /home/rschnurr/SkyClaw-Team1/ros2_ws/install/px4_msgs/include/px4_msgs/px4_msgs/srv/detail/vehicle_command__rosidl_typesupport_fastrtps_c.h\n'}
[3.121270] (px4_msgs) StdoutLine: {'line': b'-- Up-to-date: /home/rschnurr/SkyClaw-Team1/ros2_ws/install/px4_msgs/include/px4_msgs/px4_msgs/msg\n'}
[3.121342] (px4_msgs) StdoutLine: {'line': b'-- Up-to-date: /home/rschnurr/SkyClaw-Team1/ros2_ws/install/px4_msgs/include/px4_msgs/px4_msgs/msg/rosidl_typesupport_fastrtps_c__visibility_control.h\n'}
[3.121417] (px4_msgs) StdoutLine: {'line': b'-- Up-to-date: /home/rschnurr/SkyClaw-Team1/ros2_ws/install/px4_msgs/include/px4_msgs/px4_msgs/msg/detail\n'}
[3.121492] (px4_msgs) StdoutLine: {'line': b'-- Up-to-date: /home/rschnurr/SkyClaw-Team1/ros2_ws/install/px4_msgs/include/px4_msgs/px4_msgs/msg/detail/orb_test__rosidl_typesupport_fastrtps_c.h\n'}
[3.121565] (px4_msgs) StdoutLine: {'line': b'-- Up-to-date: /home/rschnurr/SkyClaw-Team1/ros2_ws/install/px4_msgs/include/px4_msgs/px4_msgs/msg/detail/trajectory_setpoint__rosidl_typesupport_fastrtps_c.h\n'}
[3.121639] (px4_msgs) StdoutLine: {'line': b'-- Up-to-date: /home/rschnurr/SkyClaw-Team1/ros2_ws/install/px4_msgs/include/px4_msgs/px4_msgs/msg/detail/fixed_wing_lateral_status__rosidl_typesupport_fastrtps_c.h\n'}
[3.121875] (px4_msgs) StdoutLine: {'line': b'-- Up-to-date: /home/rschnurr/SkyClaw-Team1/ros2_ws/install/px4_msgs/include/px4_msgs/px4_msgs/msg/detail/iridiumsbd_status__rosidl_typesupport_fastrtps_c.h\n'}
[3.122017] (px4_msgs) StdoutLine: {'line': b'-- Up-to-date: /home/rschnurr/SkyClaw-Team1/ros2_ws/install/px4_msgs/include/px4_msgs/px4_msgs/msg/detail/cellular_status__rosidl_typesupport_fastrtps_c.h\n'}
[3.122181] (px4_msgs) StdoutLine: {'line': b'-- Up-to-date: /home/rschnurr/SkyClaw-Team1/ros2_ws/install/px4_msgs/include/px4_msgs/px4_msgs/msg/detail/gimbal_device_information__rosidl_typesupport_fastrtps_c.h\n'}
[3.122264] (px4_msgs) StdoutLine: {'line': b'-- Up-to-date: /home/rschnurr/SkyClaw-Team1/ros2_ws/install/px4_msgs/include/px4_msgs/px4_msgs/msg/detail/vehicle_attitude_setpoint__rosidl_typesupport_fastrtps_c.h\n'}
[3.122327] (px4_msgs) StdoutLine: {'line': b'-- Up-to-date: /home/rschnurr/SkyClaw-Team1/ros2_ws/install/px4_msgs/include/px4_msgs/px4_msgs/msg/detail/sensor_combined__rosidl_typesupport_fastrtps_c.h\n'}
[3.122383] (px4_msgs) StdoutLine: {'line': b'-- Up-to-date: /home/rschnurr/SkyClaw-Team1/ros2_ws/install/px4_msgs/include/px4_msgs/px4_msgs/msg/detail/rc_parameter_map__rosidl_typesupport_fastrtps_c.h\n'}
[3.122446] (px4_msgs) StdoutLine: {'line': b'-- Up-to-date: /home/rschnurr/SkyClaw-Team1/ros2_ws/install/px4_msgs/include/px4_msgs/px4_msgs/msg/detail/estimator_status__rosidl_typesupport_fastrtps_c.h\n'}
[3.122503] (px4_msgs) StdoutLine: {'line': b'-- Up-to-date: /home/rschnurr/SkyClaw-Team1/ros2_ws/install/px4_msgs/include/px4_msgs/px4_msgs/msg/detail/sensor_airflow__rosidl_typesupport_fastrtps_c.h\n'}
[3.122558] (px4_msgs) StdoutLine: {'line': b'-- Up-to-date: /home/rschnurr/SkyClaw-Team1/ros2_ws/install/px4_msgs/include/px4_msgs/px4_msgs/msg/detail/fuel_tank_status__rosidl_typesupport_fastrtps_c.h\n'}
[3.122610] (px4_msgs) StdoutLine: {'line': b'-- Up-to-date: /home/rschnurr/SkyClaw-Team1/ros2_ws/install/px4_msgs/include/px4_msgs/px4_msgs/msg/detail/yaw_estimator_status__rosidl_typesupport_fastrtps_c.h\n'}
[3.122663] (px4_msgs) StdoutLine: {'line': b'-- Up-to-date: /home/rschnurr/SkyClaw-Team1/ros2_ws/install/px4_msgs/include/px4_msgs/px4_msgs/msg/detail/fixed_wing_lateral_setpoint__rosidl_typesupport_fastrtps_c.h\n'}
[3.122714] (px4_msgs) StdoutLine: {'line': b'-- Up-to-date: /home/rschnurr/SkyClaw-Team1/ros2_ws/install/px4_msgs/include/px4_msgs/px4_msgs/msg/detail/control_allocator_status__rosidl_typesupport_fastrtps_c.h\n'}
[3.122783] (px4_msgs) StdoutLine: {'line': b'-- Up-to-date: /home/rschnurr/SkyClaw-Team1/ros2_ws/install/px4_msgs/include/px4_msgs/px4_msgs/msg/detail/wheel_encoders__rosidl_typesupport_fastrtps_c.h\n'}
[3.122833] (px4_msgs) StdoutLine: {'line': b'-- Up-to-date: /home/rschnurr/SkyClaw-Team1/ros2_ws/install/px4_msgs/include/px4_msgs/px4_msgs/msg/detail/vehicle_control_mode__rosidl_typesupport_fastrtps_c.h\n'}
[3.122886] (px4_msgs) StdoutLine: {'line': b'-- Up-to-date: /home/rschnurr/SkyClaw-Team1/ros2_ws/install/px4_msgs/include/px4_msgs/px4_msgs/msg/detail/actuator_outputs__rosidl_typesupport_fastrtps_c.h\n'}
[3.122942] (px4_msgs) StdoutLine: {'line': b'-- Up-to-date: /home/rschnurr/SkyClaw-Team1/ros2_ws/install/px4_msgs/include/px4_msgs/px4_msgs/msg/detail/velocity_limits__rosidl_typesupport_fastrtps_c.h\n'}
[3.122991] (px4_msgs) StdoutLine: {'line': b'-- Up-to-date: /home/rschnurr/SkyClaw-Team1/ros2_ws/install/px4_msgs/include/px4_msgs/px4_msgs/msg/detail/camera_status__rosidl_typesupport_fastrtps_c.h\n'}
[3.123041] (px4_msgs) StdoutLine: {'line': b'-- Up-to-date: /home/rschnurr/SkyClaw-Team1/ros2_ws/install/px4_msgs/include/px4_msgs/px4_msgs/msg/detail/parameter_set_value_response__rosidl_typesupport_fastrtps_c.h\n'}
[3.123094] (px4_msgs) StdoutLine: {'line': b'-- Up-to-date: /home/rschnurr/SkyClaw-Team1/ros2_ws/install/px4_msgs/include/px4_msgs/px4_msgs/msg/detail/position_setpoint__rosidl_typesupport_fastrtps_c.h\n'}
[3.123145] (px4_msgs) StdoutLine: {'line': b'-- Up-to-date: /home/rschnurr/SkyClaw-Team1/ros2_ws/install/px4_msgs/include/px4_msgs/px4_msgs/msg/detail/navigator_status__rosidl_typesupport_fastrtps_c.h\n'}
[3.123196] (px4_msgs) StdoutLine: {'line': b'-- Up-to-date: /home/rschnurr/SkyClaw-Team1/ros2_ws/install/px4_msgs/include/px4_msgs/px4_msgs/msg/detail/parameter_set_value_request__rosidl_typesupport_fastrtps_c.h\n'}
[3.123250] (px4_msgs) StdoutLine: {'line': b'-- Up-to-date: /home/rschnurr/SkyClaw-Team1/ros2_ws/install/px4_msgs/include/px4_msgs/px4_msgs/msg/detail/open_drone_id_system__rosidl_typesupport_fastrtps_c.h\n'}
[3.123301] (px4_msgs) StdoutLine: {'line': b'-- Up-to-date: /home/rschnurr/SkyClaw-Team1/ros2_ws/install/px4_msgs/include/px4_msgs/px4_msgs/msg/detail/rover_rate_status__rosidl_typesupport_fastrtps_c.h\n'}
[3.123562] (px4_msgs) StdoutLine: {'line': b'-- Up-to-date: /home/rschnurr/SkyClaw-Team1/ros2_ws/install/px4_msgs/include/px4_msgs/px4_msgs/msg/detail/failsafe_flags__rosidl_typesupport_fastrtps_c.h\n'}
[3.123665] (px4_msgs) StdoutLine: {'line': b'-- Up-to-date: /home/rschnurr/SkyClaw-Team1/ros2_ws/install/px4_msgs/include/px4_msgs/px4_msgs/msg/detail/mavlink_log__rosidl_typesupport_fastrtps_c.h\n'}
[3.123805] (px4_msgs) StdoutLine: {'line': b'-- Up-to-date: /home/rschnurr/SkyClaw-Team1/ros2_ws/install/px4_msgs/include/px4_msgs/px4_msgs/msg/detail/figure_eight_status__rosidl_typesupport_fastrtps_c.h\n'}
[3.124149] (px4_msgs) StdoutLine: {'line': b'-- Up-to-date: /home/rschnurr/SkyClaw-Team1/ros2_ws/install/px4_msgs/include/px4_msgs/px4_msgs/msg/detail/esc_status__rosidl_typesupport_fastrtps_c.h\n'}
[3.124374] (px4_msgs) StdoutLine: {'line': b'-- Up-to-date: /home/rschnurr/SkyClaw-Team1/ros2_ws/install/px4_msgs/include/px4_msgs/px4_msgs/msg/detail/vehicle_torque_setpoint__rosidl_typesupport_fastrtps_c.h\n'}
[3.124471] (px4_msgs) StdoutLine: {'line': b'-- Up-to-date: /home/rschnurr/SkyClaw-Team1/ros2_ws/install/px4_msgs/include/px4_msgs/px4_msgs/msg/detail/airspeed__rosidl_typesupport_fastrtps_c.h\n'}
[3.124635] (px4_msgs) StdoutLine: {'line': b'-- Up-to-date: /home/rschnurr/SkyClaw-Team1/ros2_ws/install/px4_msgs/include/px4_msgs/px4_msgs/msg/detail/manual_control_switches__rosidl_typesupport_fastrtps_c.h\n'}
[3.124777] (px4_msgs) StdoutLine: {'line': b'-- Up-to-date: /home/rschnurr/SkyClaw-Team1/ros2_ws/install/px4_msgs/include/px4_msgs/px4_msgs/msg/detail/sensor_gyro_fifo__rosidl_typesupport_fastrtps_c.h\n'}
[3.124848] (px4_msgs) StdoutLine: {'line': b'-- Up-to-date: /home/rschnurr/SkyClaw-Team1/ros2_ws/install/px4_msgs/include/px4_msgs/px4_msgs/msg/detail/sensor_gnss_status__rosidl_typesupport_fastrtps_c.h\n'}
[3.124977] (px4_msgs) StdoutLine: {'line': b'-- Up-to-date: /home/rschnurr/SkyClaw-Team1/ros2_ws/install/px4_msgs/include/px4_msgs/px4_msgs/msg/detail/event__rosidl_typesupport_fastrtps_c.h\n'}
[3.125234] (px4_msgs) StdoutLine: {'line': b'-- Up-to-date: /home/rschnurr/SkyClaw-Team1/ros2_ws/install/px4_msgs/include/px4_msgs/px4_msgs/msg/detail/debug_array__rosidl_typesupport_fastrtps_c.h\n'}
[3.125338] (px4_msgs) StdoutLine: {'line': b'-- Up-to-date: /home/rschnurr/SkyClaw-Team1/ros2_ws/install/px4_msgs/include/px4_msgs/px4_msgs/msg/detail/longitudinal_control_configuration__rosidl_typesupport_fastrtps_c.h\n'}
[3.125408] (px4_msgs) StdoutLine: {'line': b'-- Up-to-date: /home/rschnurr/SkyClaw-Team1/ros2_ws/install/px4_msgs/include/px4_msgs/px4_msgs/msg/detail/failure_detector_status__rosidl_typesupport_fastrtps_c.h\n'}
[3.125465] (px4_msgs) StdoutLine: {'line': b'-- Up-to-date: /home/rschnurr/SkyClaw-Team1/ros2_ws/install/px4_msgs/include/px4_msgs/px4_msgs/msg/detail/fixed_wing_lateral_guidance_status__rosidl_typesupport_fastrtps_c.h\n'}
[3.125518] (px4_msgs) StdoutLine: {'line': b'-- Up-to-date: /home/rschnurr/SkyClaw-Team1/ros2_ws/install/px4_msgs/include/px4_msgs/px4_msgs/msg/detail/transponder_report__rosidl_typesupport_fastrtps_c.h\n'}
[3.125595] (px4_msgs) StdoutLine: {'line': b'-- Up-to-date: /home/rschnurr/SkyClaw-Team1/ros2_ws/install/px4_msgs/include/px4_msgs/px4_msgs/msg/detail/sensor_gps__rosidl_typesupport_fastrtps_c.h\n'}
[3.125952] (px4_msgs) StdoutLine: {'line': b'-- Up-to-date: /home/rschnurr/SkyClaw-Team1/ros2_ws/install/px4_msgs/include/px4_msgs/px4_msgs/msg/detail/rover_speed_setpoint__rosidl_typesupport_fastrtps_c.h\n'}
[3.126103] (px4_msgs) StdoutLine: {'line': b'-- Up-to-date: /home/rschnurr/SkyClaw-Team1/ros2_ws/install/px4_msgs/include/px4_msgs/px4_msgs/msg/detail/rate_ctrl_status__rosidl_typesupport_fastrtps_c.h\n'}
[3.126254] (px4_msgs) StdoutLine: {'line': b'-- Up-to-date: /home/rschnurr/SkyClaw-Team1/ros2_ws/install/px4_msgs/include/px4_msgs/px4_msgs/msg/detail/battery_info__rosidl_typesupport_fastrtps_c.h\n'}
[3.126322] (px4_msgs) StdoutLine: {'line': b'-- Up-to-date: /home/rschnurr/SkyClaw-Team1/ros2_ws/install/px4_msgs/include/px4_msgs/px4_msgs/msg/detail/ulog_stream__rosidl_typesupport_fastrtps_c.h\n'}
[3.126380] (px4_msgs) StdoutLine: {'line': b'-- Up-to-date: /home/rschnurr/SkyClaw-Team1/ros2_ws/install/px4_msgs/include/px4_msgs/px4_msgs/msg/detail/rtl_time_estimate__rosidl_typesupport_fastrtps_c.h\n'}
[3.126504] (px4_msgs) StdoutLine: {'line': b'-- Up-to-date: /home/rschnurr/SkyClaw-Team1/ros2_ws/install/px4_msgs/include/px4_msgs/px4_msgs/msg/detail/register_ext_component_reply__rosidl_typesupport_fastrtps_c.h\n'}
[3.126634] (px4_msgs) StdoutLine: {'line': b'-- Up-to-date: /home/rschnurr/SkyClaw-Team1/ros2_ws/install/px4_msgs/include/px4_msgs/px4_msgs/msg/detail/gpio_in__rosidl_typesupport_fastrtps_c.h\n'}
[3.126702] (px4_msgs) StdoutLine: {'line': b'-- Up-to-date: /home/rschnurr/SkyClaw-Team1/ros2_ws/install/px4_msgs/include/px4_msgs/px4_msgs/msg/detail/estimator_aid_source3d__rosidl_typesupport_fastrtps_c.h\n'}
[3.126760] (px4_msgs) StdoutLine: {'line': b'-- Up-to-date: /home/rschnurr/SkyClaw-Team1/ros2_ws/install/px4_msgs/include/px4_msgs/px4_msgs/msg/detail/vtol_vehicle_status__rosidl_typesupport_fastrtps_c.h\n'}
[3.126812] (px4_msgs) StdoutLine: {'line': b'-- Up-to-date: /home/rschnurr/SkyClaw-Team1/ros2_ws/install/px4_msgs/include/px4_msgs/px4_msgs/msg/detail/internal_combustion_engine_status__rosidl_typesupport_fastrtps_c.h\n'}
[3.127247] (px4_msgs) StdoutLine: {'line': b'-- Up-to-date: /home/rschnurr/SkyClaw-Team1/ros2_ws/install/px4_msgs/include/px4_msgs/px4_msgs/msg/detail/fixed_wing_longitudinal_setpoint__rosidl_typesupport_fastrtps_c.h\n'}
[3.127471] (px4_msgs) StdoutLine: {'line': b'-- Up-to-date: /home/rschnurr/SkyClaw-Team1/ros2_ws/install/px4_msgs/include/px4_msgs/px4_msgs/msg/detail/orbit_status__rosidl_typesupport_fastrtps_c.h\n'}
[3.127592] (px4_msgs) StdoutLine: {'line': b'-- Up-to-date: /home/rschnurr/SkyClaw-Team1/ros2_ws/install/px4_msgs/include/px4_msgs/px4_msgs/msg/detail/sensor_selection__rosidl_typesupport_fastrtps_c.h\n'}
[3.127680] (px4_msgs) StdoutLine: {'line': b'-- Up-to-date: /home/rschnurr/SkyClaw-Team1/ros2_ws/install/px4_msgs/include/px4_msgs/px4_msgs/msg/detail/gimbal_device_set_attitude__rosidl_typesupport_fastrtps_c.h\n'}
[3.127758] (px4_msgs) StdoutLine: {'line': b'-- Up-to-date: /home/rschnurr/SkyClaw-Team1/ros2_ws/install/px4_msgs/include/px4_msgs/px4_msgs/msg/detail/power_button_state__rosidl_typesupport_fastrtps_c.h\n'}
[3.127832] (px4_msgs) StdoutLine: {'line': b'-- Up-to-date: /home/rschnurr/SkyClaw-Team1/ros2_ws/install/px4_msgs/include/px4_msgs/px4_msgs/msg/detail/task_stack_info__rosidl_typesupport_fastrtps_c.h\n'}
[3.127907] (px4_msgs) StdoutLine: {'line': b'-- Up-to-date: /home/rschnurr/SkyClaw-Team1/ros2_ws/install/px4_msgs/include/px4_msgs/px4_msgs/msg/detail/rover_attitude_setpoint__rosidl_typesupport_fastrtps_c.h\n'}
[3.128022] (px4_msgs) StdoutLine: {'line': b'-- Up-to-date: /home/rschnurr/SkyClaw-Team1/ros2_ws/install/px4_msgs/include/px4_msgs/px4_msgs/msg/detail/power_monitor__rosidl_typesupport_fastrtps_c.h\n'}
[3.128156] (px4_msgs) StdoutLine: {'line': b'-- Up-to-date: /home/rschnurr/SkyClaw-Team1/ros2_ws/install/px4_msgs/include/px4_msgs/px4_msgs/msg/detail/navigator_mission_item__rosidl_typesupport_fastrtps_c.h\n'}
[3.128247] (px4_msgs) StdoutLine: {'line': b'-- Up-to-date: /home/rschnurr/SkyClaw-Team1/ros2_ws/install/px4_msgs/include/px4_msgs/px4_msgs/msg/detail/estimator_selector_status__rosidl_typesupport_fastrtps_c.h\n'}
[3.128323] (px4_msgs) StdoutLine: {'line': b'-- Up-to-date: /home/rschnurr/SkyClaw-Team1/ros2_ws/install/px4_msgs/include/px4_msgs/px4_msgs/msg/detail/airspeed_validated__rosidl_typesupport_fastrtps_c.h\n'}
[3.128412] (px4_msgs) StdoutLine: {'line': b'-- Up-to-date: /home/rschnurr/SkyClaw-Team1/ros2_ws/install/px4_msgs/include/px4_msgs/px4_msgs/msg/detail/hover_thrust_estimate__rosidl_typesupport_fastrtps_c.h\n'}
[3.128484] (px4_msgs) StdoutLine: {'line': b'-- Up-to-date: /home/rschnurr/SkyClaw-Team1/ros2_ws/install/px4_msgs/include/px4_msgs/px4_msgs/msg/detail/goto_setpoint__rosidl_typesupport_fastrtps_c.h\n'}
[3.128556] (px4_msgs) StdoutLine: {'line': b'-- Up-to-date: /home/rschnurr/SkyClaw-Team1/ros2_ws/install/px4_msgs/include/px4_msgs/px4_msgs/msg/detail/position_controller_status__rosidl_typesupport_fastrtps_c.h\n'}
[3.128633] (px4_msgs) StdoutLine: {'line': b'-- Up-to-date: /home/rschnurr/SkyClaw-Team1/ros2_ws/install/px4_msgs/include/px4_msgs/px4_msgs/msg/detail/follow_target__rosidl_typesupport_fastrtps_c.h\n'}
[3.128711] (px4_msgs) StdoutLine: {'line': b'-- Up-to-date: /home/rschnurr/SkyClaw-Team1/ros2_ws/install/px4_msgs/include/px4_msgs/px4_msgs/msg/detail/manual_control_setpoint__rosidl_typesupport_fastrtps_c.h\n'}
[3.128849] (px4_msgs) StdoutLine: {'line': b'-- Up-to-date: /home/rschnurr/SkyClaw-Team1/ros2_ws/install/px4_msgs/include/px4_msgs/px4_msgs/msg/detail/distance_sensor_mode_change_request__rosidl_typesupport_fastrtps_c.h\n'}
[3.129067] (-) TimerEvent: {}
[3.129369] (px4_msgs) StdoutLine: {'line': b'-- Up-to-date: /home/rschnurr/SkyClaw-Team1/ros2_ws/install/px4_msgs/include/px4_msgs/px4_msgs/msg/detail/vehicle_imu_status__rosidl_typesupport_fastrtps_c.h\n'}
[3.129532] (px4_msgs) StdoutLine: {'line': b'-- Up-to-date: /home/rschnurr/SkyClaw-Team1/ros2_ws/install/px4_msgs/include/px4_msgs/px4_msgs/msg/detail/landing_target_pose__rosidl_typesupport_fastrtps_c.h\n'}
[3.129625] (px4_msgs) StdoutLine: {'line': b'-- Up-to-date: /home/rschnurr/SkyClaw-Team1/ros2_ws/install/px4_msgs/include/px4_msgs/px4_msgs/msg/detail/uavcan_parameter_request__rosidl_typesupport_fastrtps_c.h\n'}
[3.129704] (px4_msgs) StdoutLine: {'line': b'-- Up-to-date: /home/rschnurr/SkyClaw-Team1/ros2_ws/install/px4_msgs/include/px4_msgs/px4_msgs/msg/detail/dronecan_node_status__rosidl_typesupport_fastrtps_c.h\n'}
[3.129778] (px4_msgs) StdoutLine: {'line': b'-- Up-to-date: /home/rschnurr/SkyClaw-Team1/ros2_ws/install/px4_msgs/include/px4_msgs/px4_msgs/msg/detail/rover_rate_setpoint__rosidl_typesupport_fastrtps_c.h\n'}
[3.129852] (px4_msgs) StdoutLine: {'line': b'-- Up-to-date: /home/rschnurr/SkyClaw-Team1/ros2_ws/install/px4_msgs/include/px4_msgs/px4_msgs/msg/detail/vehicle_roi__rosidl_typesupport_fastrtps_c.h\n'}
[3.129923] (px4_msgs) StdoutLine: {'line': b'-- Up-to-date: /home/rschnurr/SkyClaw-Team1/ros2_ws/install/px4_msgs/include/px4_msgs/px4_msgs/msg/detail/vehicle_status__rosidl_typesupport_fastrtps_c.h\n'}
[3.129993] (px4_msgs) StdoutLine: {'line': b'-- Up-to-date: /home/rschnurr/SkyClaw-Team1/ros2_ws/install/px4_msgs/include/px4_msgs/px4_msgs/msg/detail/vehicle_local_position_setpoint__rosidl_typesupport_fastrtps_c.h\n'}
[3.130064] (px4_msgs) StdoutLine: {'line': b'-- Up-to-date: /home/rschnurr/SkyClaw-Team1/ros2_ws/install/px4_msgs/include/px4_msgs/px4_msgs/msg/detail/landing_gear__rosidl_typesupport_fastrtps_c.h\n'}
[3.130135] (px4_msgs) StdoutLine: {'line': b'-- Up-to-date: /home/rschnurr/SkyClaw-Team1/ros2_ws/install/px4_msgs/include/px4_msgs/px4_msgs/msg/detail/collision_constraints__rosidl_typesupport_fastrtps_c.h\n'}
[3.130213] (px4_msgs) StdoutLine: {'line': b'-- Up-to-date: /home/rschnurr/SkyClaw-Team1/ros2_ws/install/px4_msgs/include/px4_msgs/px4_msgs/msg/detail/uavcan_parameter_value__rosidl_typesupport_fastrtps_c.h\n'}
[3.130384] (px4_msgs) StdoutLine: {'line': b'-- Up-to-date: /home/rschnurr/SkyClaw-Team1/ros2_ws/install/px4_msgs/include/px4_msgs/px4_msgs/msg/detail/camera_trigger__rosidl_typesupport_fastrtps_c.h\n'}
[3.130462] (px4_msgs) StdoutLine: {'line': b'-- Up-to-date: /home/rschnurr/SkyClaw-Team1/ros2_ws/install/px4_msgs/include/px4_msgs/px4_msgs/msg/detail/system_power__rosidl_typesupport_fastrtps_c.h\n'}
[3.130535] (px4_msgs) StdoutLine: {'line': b'-- Up-to-date: /home/rschnurr/SkyClaw-Team1/ros2_ws/install/px4_msgs/include/px4_msgs/px4_msgs/msg/detail/gimbal_manager_set_manual_control__rosidl_typesupport_fastrtps_c.h\n'}
[3.130623] (px4_msgs) StdoutLine: {'line': b'-- Up-to-date: /home/rschnurr/SkyClaw-Team1/ros2_ws/install/px4_msgs/include/px4_msgs/px4_msgs/msg/detail/action_request__rosidl_typesupport_fastrtps_c.h\n'}
[3.130694] (px4_msgs) StdoutLine: {'line': b'-- Up-to-date: /home/rschnurr/SkyClaw-Team1/ros2_ws/install/px4_msgs/include/px4_msgs/px4_msgs/msg/detail/gps_inject_data__rosidl_typesupport_fastrtps_c.h\n'}
[3.130764] (px4_msgs) StdoutLine: {'line': b'-- Up-to-date: /home/rschnurr/SkyClaw-Team1/ros2_ws/install/px4_msgs/include/px4_msgs/px4_msgs/msg/detail/rover_speed_status__rosidl_typesupport_fastrtps_c.h\n'}
[3.130836] (px4_msgs) StdoutLine: {'line': b'-- Up-to-date: /home/rschnurr/SkyClaw-Team1/ros2_ws/install/px4_msgs/include/px4_msgs/px4_msgs/msg/detail/log_message__rosidl_typesupport_fastrtps_c.h\n'}
[3.130908] (px4_msgs) StdoutLine: {'line': b'-- Up-to-date: /home/rschnurr/SkyClaw-Team1/ros2_ws/install/px4_msgs/include/px4_msgs/px4_msgs/msg/detail/ekf2_timestamps__rosidl_typesupport_fastrtps_c.h\n'}
[3.131051] (px4_msgs) StdoutLine: {'line': b'-- Up-to-date: /home/rschnurr/SkyClaw-Team1/ros2_ws/install/px4_msgs/include/px4_msgs/px4_msgs/msg/detail/estimator_bias3d__rosidl_typesupport_fastrtps_c.h\n'}
[3.131443] (px4_msgs) StdoutLine: {'line': b'-- Up-to-date: /home/rschnurr/SkyClaw-Team1/ros2_ws/install/px4_msgs/include/px4_msgs/px4_msgs/msg/detail/estimator_event_flags__rosidl_typesupport_fastrtps_c.h\n'}
[3.131595] (px4_msgs) StdoutLine: {'line': b'-- Up-to-date: /home/rschnurr/SkyClaw-Team1/ros2_ws/install/px4_msgs/include/px4_msgs/px4_msgs/msg/detail/neural_control__rosidl_typesupport_fastrtps_c.h\n'}
[3.131687] (px4_msgs) StdoutLine: {'line': b'-- Up-to-date: /home/rschnurr/SkyClaw-Team1/ros2_ws/install/px4_msgs/include/px4_msgs/px4_msgs/msg/detail/parameter_set_used_request__rosidl_typesupport_fastrtps_c.h\n'}
[3.131776] (px4_msgs) StdoutLine: {'line': b'-- Up-to-date: /home/rschnurr/SkyClaw-Team1/ros2_ws/install/px4_msgs/include/px4_msgs/px4_msgs/msg/detail/parameter_update__rosidl_typesupport_fastrtps_c.h\n'}
[3.131857] (px4_msgs) StdoutLine: {'line': b'-- Up-to-date: /home/rschnurr/SkyClaw-Team1/ros2_ws/install/px4_msgs/include/px4_msgs/px4_msgs/msg/detail/normalized_unsigned_setpoint__rosidl_typesupport_fastrtps_c.h\n'}
[3.131932] (px4_msgs) StdoutLine: {'line': b'-- Up-to-date: /home/rschnurr/SkyClaw-Team1/ros2_ws/install/px4_msgs/include/px4_msgs/px4_msgs/msg/detail/wind__rosidl_typesupport_fastrtps_c.h\n'}
[3.132043] (px4_msgs) StdoutLine: {'line': b'-- Up-to-date: /home/rschnurr/SkyClaw-Team1/ros2_ws/install/px4_msgs/include/px4_msgs/px4_msgs/msg/detail/vehicle_air_data__rosidl_typesupport_fastrtps_c.h\n'}
[3.132203] (px4_msgs) StdoutLine: {'line': b'-- Up-to-date: /home/rschnurr/SkyClaw-Team1/ros2_ws/install/px4_msgs/include/px4_msgs/px4_msgs/msg/detail/sensor_accel__rosidl_typesupport_fastrtps_c.h\n'}
[3.132297] (px4_msgs) StdoutLine: {'line': b'-- Up-to-date: /home/rschnurr/SkyClaw-Team1/ros2_ws/install/px4_msgs/include/px4_msgs/px4_msgs/msg/detail/sensor_mag__rosidl_typesupport_fastrtps_c.h\n'}
[3.132385] (px4_msgs) StdoutLine: {'line': b'-- Up-to-date: /home/rschnurr/SkyClaw-Team1/ros2_ws/install/px4_msgs/include/px4_msgs/px4_msgs/msg/detail/estimator_sensor_bias__rosidl_typesupport_fastrtps_c.h\n'}
[3.132459] (px4_msgs) StdoutLine: {'line': b'-- Up-to-date: /home/rschnurr/SkyClaw-Team1/ros2_ws/install/px4_msgs/include/px4_msgs/px4_msgs/msg/detail/actuator_armed__rosidl_typesupport_fastrtps_c.h\n'}
[3.132531] (px4_msgs) StdoutLine: {'line': b'-- Up-to-date: /home/rschnurr/SkyClaw-Team1/ros2_ws/install/px4_msgs/include/px4_msgs/px4_msgs/msg/detail/radio_status__rosidl_typesupport_fastrtps_c.h\n'}
[3.132610] (px4_msgs) StdoutLine: {'line': b'-- Up-to-date: /home/rschnurr/SkyClaw-Team1/ros2_ws/install/px4_msgs/include/px4_msgs/px4_msgs/msg/detail/open_drone_id_arm_status__rosidl_typesupport_fastrtps_c.h\n'}
[3.132687] (px4_msgs) StdoutLine: {'line': b'-- Up-to-date: /home/rschnurr/SkyClaw-Team1/ros2_ws/install/px4_msgs/include/px4_msgs/px4_msgs/msg/detail/sensor_accel_fifo__rosidl_typesupport_fastrtps_c.h\n'}
[3.132777] (px4_msgs) StdoutLine: {'line': b'-- Up-to-date: /home/rschnurr/SkyClaw-Team1/ros2_ws/install/px4_msgs/include/px4_msgs/px4_msgs/msg/detail/landing_gear_wheel__rosidl_typesupport_fastrtps_c.h\n'}
[3.133316] (px4_msgs) StdoutLine: {'line': b'-- Up-to-date: /home/rschnurr/SkyClaw-Team1/ros2_ws/install/px4_msgs/include/px4_msgs/px4_msgs/msg/detail/button_event__rosidl_typesupport_fastrtps_c.h\n'}
[3.133435] (px4_msgs) StdoutLine: {'line': b'-- Up-to-date: /home/rschnurr/SkyClaw-Team1/ros2_ws/install/px4_msgs/include/px4_msgs/px4_msgs/msg/detail/estimator_innovations__rosidl_typesupport_fastrtps_c.h\n'}
[3.133510] (px4_msgs) StdoutLine: {'line': b'-- Up-to-date: /home/rschnurr/SkyClaw-Team1/ros2_ws/install/px4_msgs/include/px4_msgs/px4_msgs/msg/detail/debug_vect__rosidl_typesupport_fastrtps_c.h\n'}
[3.133583] (px4_msgs) StdoutLine: {'line': b'-- Up-to-date: /home/rschnurr/SkyClaw-Team1/ros2_ws/install/px4_msgs/include/px4_msgs/px4_msgs/msg/detail/gimbal_manager_set_attitude__rosidl_typesupport_fastrtps_c.h\n'}
[3.133651] (px4_msgs) StdoutLine: {'line': b'-- Up-to-date: /home/rschnurr/SkyClaw-Team1/ros2_ws/install/px4_msgs/include/px4_msgs/px4_msgs/msg/detail/sensor_preflight_mag__rosidl_typesupport_fastrtps_c.h\n'}
[3.133717] (px4_msgs) StdoutLine: {'line': b'-- Up-to-date: /home/rschnurr/SkyClaw-Team1/ros2_ws/install/px4_msgs/include/px4_msgs/px4_msgs/msg/detail/sensors_status__rosidl_typesupport_fastrtps_c.h\n'}
[3.133774] (px4_msgs) StdoutLine: {'line': b'-- Up-to-date: /home/rschnurr/SkyClaw-Team1/ros2_ws/install/px4_msgs/include/px4_msgs/px4_msgs/msg/detail/gimbal_manager_information__rosidl_typesupport_fastrtps_c.h\n'}
[3.133823] (px4_msgs) StdoutLine: {'line': b'-- Up-to-date: /home/rschnurr/SkyClaw-Team1/ros2_ws/install/px4_msgs/include/px4_msgs/px4_msgs/msg/detail/sensor_gyro_fft__rosidl_typesupport_fastrtps_c.h\n'}
[3.133870] (px4_msgs) StdoutLine: {'line': b'-- Up-to-date: /home/rschnurr/SkyClaw-Team1/ros2_ws/install/px4_msgs/include/px4_msgs/px4_msgs/msg/detail/vehicle_thrust_setpoint__rosidl_typesupport_fastrtps_c.h\n'}
[3.133921] (px4_msgs) StdoutLine: {'line': b'-- Up-to-date: /home/rschnurr/SkyClaw-Team1/ros2_ws/install/px4_msgs/include/px4_msgs/px4_msgs/msg/detail/rtl_status__rosidl_typesupport_fastrtps_c.h\n'}
[3.133989] (px4_msgs) StdoutLine: {'line': b'-- Up-to-date: /home/rschnurr/SkyClaw-Team1/ros2_ws/install/px4_msgs/include/px4_msgs/px4_msgs/msg/detail/follow_target_estimator__rosidl_typesupport_fastrtps_c.h\n'}
[3.134053] (px4_msgs) StdoutLine: {'line': b'-- Up-to-date: /home/rschnurr/SkyClaw-Team1/ros2_ws/install/px4_msgs/include/px4_msgs/px4_msgs/msg/detail/mavlink_tunnel__rosidl_typesupport_fastrtps_c.h\n'}
[3.134100] (px4_msgs) StdoutLine: {'line': b'-- Up-to-date: /home/rschnurr/SkyClaw-Team1/ros2_ws/install/px4_msgs/include/px4_msgs/px4_msgs/msg/detail/follow_target_status__rosidl_typesupport_fastrtps_c.h\n'}
[3.134147] (px4_msgs) StdoutLine: {'line': b'-- Up-to-date: /home/rschnurr/SkyClaw-Team1/ros2_ws/install/px4_msgs/include/px4_msgs/px4_msgs/msg/detail/config_overrides__rosidl_typesupport_fastrtps_c.h\n'}
[3.134192] (px4_msgs) StdoutLine: {'line': b'-- Up-to-date: /home/rschnurr/SkyClaw-Team1/ros2_ws/install/px4_msgs/include/px4_msgs/px4_msgs/msg/detail/message_format_response__rosidl_typesupport_fastrtps_c.h\n'}
[3.134247] (px4_msgs) StdoutLine: {'line': b'-- Up-to-date: /home/rschnurr/SkyClaw-Team1/ros2_ws/install/px4_msgs/include/px4_msgs/px4_msgs/msg/detail/camera_capture__rosidl_typesupport_fastrtps_c.h\n'}
[3.134292] (px4_msgs) StdoutLine: {'line': b'-- Up-to-date: /home/rschnurr/SkyClaw-Team1/ros2_ws/install/px4_msgs/include/px4_msgs/px4_msgs/msg/detail/vehicle_imu__rosidl_typesupport_fastrtps_c.h\n'}
[3.134335] (px4_msgs) StdoutLine: {'line': b'-- Up-to-date: /home/rschnurr/SkyClaw-Team1/ros2_ws/install/px4_msgs/include/px4_msgs/px4_msgs/msg/detail/led_control__rosidl_typesupport_fastrtps_c.h\n'}
[3.134403] (px4_msgs) StdoutLine: {'line': b'-- Up-to-date: /home/rschnurr/SkyClaw-Team1/ros2_ws/install/px4_msgs/include/px4_msgs/px4_msgs/msg/detail/sensor_optical_flow__rosidl_typesupport_fastrtps_c.h\n'}
[3.134447] (px4_msgs) StdoutLine: {'line': b'-- Up-to-date: /home/rschnurr/SkyClaw-Team1/ros2_ws/install/px4_msgs/include/px4_msgs/px4_msgs/msg/detail/estimator_gps_status__rosidl_typesupport_fastrtps_c.h\n'}
[3.134490] (px4_msgs) StdoutLine: {'line': b'-- Up-to-date: /home/rschnurr/SkyClaw-Team1/ros2_ws/install/px4_msgs/include/px4_msgs/px4_msgs/msg/detail/esc_report__rosidl_typesupport_fastrtps_c.h\n'}
[3.134534] (px4_msgs) StdoutLine: {'line': b'-- Up-to-date: /home/rschnurr/SkyClaw-Team1/ros2_ws/install/px4_msgs/include/px4_msgs/px4_msgs/msg/detail/estimator_states__rosidl_typesupport_fastrtps_c.h\n'}
[3.134581] (px4_msgs) StdoutLine: {'line': b'-- Up-to-date: /home/rschnurr/SkyClaw-Team1/ros2_ws/install/px4_msgs/include/px4_msgs/px4_msgs/msg/detail/qshell_req__rosidl_typesupport_fastrtps_c.h\n'}
[3.134627] (px4_msgs) StdoutLine: {'line': b'-- Up-to-date: /home/rschnurr/SkyClaw-Team1/ros2_ws/install/px4_msgs/include/px4_msgs/px4_msgs/msg/detail/differential_pressure__rosidl_typesupport_fastrtps_c.h\n'}
[3.134671] (px4_msgs) StdoutLine: {'line': b'-- Up-to-date: /home/rschnurr/SkyClaw-Team1/ros2_ws/install/px4_msgs/include/px4_msgs/px4_msgs/msg/detail/autotune_attitude_control_status__rosidl_typesupport_fastrtps_c.h\n'}
[3.134716] (px4_msgs) StdoutLine: {'line': b'-- Up-to-date: /home/rschnurr/SkyClaw-Team1/ros2_ws/install/px4_msgs/include/px4_msgs/px4_msgs/msg/detail/message_format_request__rosidl_typesupport_fastrtps_c.h\n'}
[3.134763] (px4_msgs) StdoutLine: {'line': b'-- Up-to-date: /home/rschnurr/SkyClaw-Team1/ros2_ws/install/px4_msgs/include/px4_msgs/px4_msgs/msg/detail/home_position__rosidl_typesupport_fastrtps_c.h\n'}
[3.134807] (px4_msgs) StdoutLine: {'line': b'-- Up-to-date: /home/rschnurr/SkyClaw-Team1/ros2_ws/install/px4_msgs/include/px4_msgs/px4_msgs/msg/detail/gimbal_controls__rosidl_typesupport_fastrtps_c.h\n'}
[3.134851] (px4_msgs) StdoutLine: {'line': b'-- Up-to-date: /home/rschnurr/SkyClaw-Team1/ros2_ws/install/px4_msgs/include/px4_msgs/px4_msgs/msg/detail/gpio_out__rosidl_typesupport_fastrtps_c.h\n'}
[3.134896] (px4_msgs) StdoutLine: {'line': b'-- Up-to-date: /home/rschnurr/SkyClaw-Team1/ros2_ws/install/px4_msgs/include/px4_msgs/px4_msgs/msg/detail/cpuload__rosidl_typesupport_fastrtps_c.h\n'}
[3.134941] (px4_msgs) StdoutLine: {'line': b'-- Up-to-date: /home/rschnurr/SkyClaw-Team1/ros2_ws/install/px4_msgs/include/px4_msgs/px4_msgs/msg/detail/gps_dump__rosidl_typesupport_fastrtps_c.h\n'}
[3.134985] (px4_msgs) StdoutLine: {'line': b'-- Up-to-date: /home/rschnurr/SkyClaw-Team1/ros2_ws/install/px4_msgs/include/px4_msgs/px4_msgs/msg/detail/mode_completed__rosidl_typesupport_fastrtps_c.h\n'}
[3.135051] (px4_msgs) StdoutLine: {'line': b'-- Up-to-date: /home/rschnurr/SkyClaw-Team1/ros2_ws/install/px4_msgs/include/px4_msgs/px4_msgs/msg/detail/rover_steering_setpoint__rosidl_typesupport_fastrtps_c.h\n'}
[3.135100] (px4_msgs) StdoutLine: {'line': b'-- Up-to-date: /home/rschnurr/SkyClaw-Team1/ros2_ws/install/px4_msgs/include/px4_msgs/px4_msgs/msg/detail/health_report__rosidl_typesupport_fastrtps_c.h\n'}
[3.135144] (px4_msgs) StdoutLine: {'line': b'-- Up-to-date: /home/rschnurr/SkyClaw-Team1/ros2_ws/install/px4_msgs/include/px4_msgs/px4_msgs/msg/detail/vehicle_land_detected__rosidl_typesupport_fastrtps_c.h\n'}
[3.135188] (px4_msgs) StdoutLine: {'line': b'-- Up-to-date: /home/rschnurr/SkyClaw-Team1/ros2_ws/install/px4_msgs/include/px4_msgs/px4_msgs/msg/detail/open_drone_id_self_id__rosidl_typesupport_fastrtps_c.h\n'}
[3.135235] (px4_msgs) StdoutLine: {'line': b'-- Up-to-date: /home/rschnurr/SkyClaw-Team1/ros2_ws/install/px4_msgs/include/px4_msgs/px4_msgs/msg/detail/battery_status__rosidl_typesupport_fastrtps_c.h\n'}
[3.135281] (px4_msgs) StdoutLine: {'line': b'-- Up-to-date: /home/rschnurr/SkyClaw-Team1/ros2_ws/install/px4_msgs/include/px4_msgs/px4_msgs/msg/detail/debug_value__rosidl_typesupport_fastrtps_c.h\n'}
[3.135520] (px4_msgs) StdoutLine: {'line': b'-- Up-to-date: /home/rschnurr/SkyClaw-Team1/ros2_ws/install/px4_msgs/include/px4_msgs/px4_msgs/msg/detail/trajectory_setpoint6dof__rosidl_typesupport_fastrtps_c.h\n'}
[3.135606] (px4_msgs) StdoutLine: {'line': b'-- Up-to-date: /home/rschnurr/SkyClaw-Team1/ros2_ws/install/px4_msgs/include/px4_msgs/px4_msgs/msg/detail/gpio_config__rosidl_typesupport_fastrtps_c.h\n'}
[3.135664] (px4_msgs) StdoutLine: {'line': b'-- Up-to-date: /home/rschnurr/SkyClaw-Team1/ros2_ws/install/px4_msgs/include/px4_msgs/px4_msgs/msg/detail/landing_target_innovations__rosidl_typesupport_fastrtps_c.h\n'}
[3.135731] (px4_msgs) StdoutLine: {'line': b'-- Up-to-date: /home/rschnurr/SkyClaw-Team1/ros2_ws/install/px4_msgs/include/px4_msgs/px4_msgs/msg/detail/vehicle_magnetometer__rosidl_typesupport_fastrtps_c.h\n'}
[3.135783] (px4_msgs) StdoutLine: {'line': b'-- Up-to-date: /home/rschnurr/SkyClaw-Team1/ros2_ws/install/px4_msgs/include/px4_msgs/px4_msgs/msg/detail/tune_control__rosidl_typesupport_fastrtps_c.h\n'}
[3.135893] (px4_msgs) StdoutLine: {'line': b'-- Up-to-date: /home/rschnurr/SkyClaw-Team1/ros2_ws/install/px4_msgs/include/px4_msgs/px4_msgs/msg/detail/px4io_status__rosidl_typesupport_fastrtps_c.h\n'}
[3.135998] (px4_msgs) StdoutLine: {'line': b'-- Up-to-date: /home/rschnurr/SkyClaw-Team1/ros2_ws/install/px4_msgs/include/px4_msgs/px4_msgs/msg/detail/pps_capture__rosidl_typesupport_fastrtps_c.h\n'}
[3.136073] (px4_msgs) StdoutLine: {'line': b'-- Up-to-date: /home/rschnurr/SkyClaw-Team1/ros2_ws/install/px4_msgs/include/px4_msgs/px4_msgs/msg/detail/rover_attitude_status__rosidl_typesupport_fastrtps_c.h\n'}
[3.136142] (px4_msgs) StdoutLine: {'line': b'-- Up-to-date: /home/rschnurr/SkyClaw-Team1/ros2_ws/install/px4_msgs/include/px4_msgs/px4_msgs/msg/detail/unregister_ext_component__rosidl_typesupport_fastrtps_c.h\n'}
[3.136207] (px4_msgs) StdoutLine: {'line': b'-- Up-to-date: /home/rschnurr/SkyClaw-Team1/ros2_ws/install/px4_msgs/include/px4_msgs/px4_msgs/msg/detail/vehicle_acceleration__rosidl_typesupport_fastrtps_c.h\n'}
[3.136271] (px4_msgs) StdoutLine: {'line': b'-- Up-to-date: /home/rschnurr/SkyClaw-Team1/ros2_ws/install/px4_msgs/include/px4_msgs/px4_msgs/msg/detail/irlock_report__rosidl_typesupport_fastrtps_c.h\n'}
[3.136631] (px4_msgs) StdoutLine: {'line': b'-- Up-to-date: /home/rschnurr/SkyClaw-Team1/ros2_ws/install/px4_msgs/include/px4_msgs/px4_msgs/msg/detail/pure_pursuit_status__rosidl_typesupport_fastrtps_c.h\n'}
[3.136805] (px4_msgs) StdoutLine: {'line': b'-- Up-to-date: /home/rschnurr/SkyClaw-Team1/ros2_ws/install/px4_msgs/include/px4_msgs/px4_msgs/msg/detail/tiltrotor_extra_controls__rosidl_typesupport_fastrtps_c.h\n'}
[3.136951] (px4_msgs) StdoutLine: {'line': b'-- Up-to-date: /home/rschnurr/SkyClaw-Team1/ros2_ws/install/px4_msgs/include/px4_msgs/px4_msgs/msg/detail/obstacle_distance__rosidl_typesupport_fastrtps_c.h\n'}
[3.137039] (px4_msgs) StdoutLine: {'line': b'-- Up-to-date: /home/rschnurr/SkyClaw-Team1/ros2_ws/install/px4_msgs/include/px4_msgs/px4_msgs/msg/detail/actuator_servos_trim__rosidl_typesupport_fastrtps_c.h\n'}
[3.137095] (px4_msgs) StdoutLine: {'line': b'-- Up-to-date: /home/rschnurr/SkyClaw-Team1/ros2_ws/install/px4_msgs/include/px4_msgs/px4_msgs/msg/detail/mount_orientation__rosidl_typesupport_fastrtps_c.h\n'}
[3.137238] (px4_msgs) StdoutLine: {'line': b'-- Up-to-date: /home/rschnurr/SkyClaw-Team1/ros2_ws/install/px4_msgs/include/px4_msgs/px4_msgs/msg/detail/launch_detection_status__rosidl_typesupport_fastrtps_c.h\n'}
[3.137317] (px4_msgs) StdoutLine: {'line': b'-- Up-to-date: /home/rschnurr/SkyClaw-Team1/ros2_ws/install/px4_msgs/include/px4_msgs/px4_msgs/msg/detail/arming_check_request__rosidl_typesupport_fastrtps_c.h\n'}
[3.137373] (px4_msgs) StdoutLine: {'line': b'-- Up-to-date: /home/rschnurr/SkyClaw-Team1/ros2_ws/install/px4_msgs/include/px4_msgs/px4_msgs/msg/detail/mission__rosidl_typesupport_fastrtps_c.h\n'}
[3.137421] (px4_msgs) StdoutLine: {'line': b'-- Up-to-date: /home/rschnurr/SkyClaw-Team1/ros2_ws/install/px4_msgs/include/px4_msgs/px4_msgs/msg/detail/register_ext_component_request__rosidl_typesupport_fastrtps_c.h\n'}
[3.137490] (px4_msgs) StdoutLine: {'line': b'-- Up-to-date: /home/rschnurr/SkyClaw-Team1/ros2_ws/install/px4_msgs/include/px4_msgs/px4_msgs/msg/detail/vehicle_angular_acceleration_setpoint__rosidl_typesupport_fastrtps_c.h\n'}
[3.137544] (px4_msgs) StdoutLine: {'line': b'-- Up-to-date: /home/rschnurr/SkyClaw-Team1/ros2_ws/install/px4_msgs/include/px4_msgs/px4_msgs/msg/detail/estimator_bias__rosidl_typesupport_fastrtps_c.h\n'}
[3.137607] (px4_msgs) StdoutLine: {'line': b'-- Up-to-date: /home/rschnurr/SkyClaw-Team1/ros2_ws/install/px4_msgs/include/px4_msgs/px4_msgs/msg/detail/sensor_gyro__rosidl_typesupport_fastrtps_c.h\n'}
[3.137672] (px4_msgs) StdoutLine: {'line': b'-- Up-to-date: /home/rschnurr/SkyClaw-Team1/ros2_ws/install/px4_msgs/include/px4_msgs/px4_msgs/msg/detail/pwm_input__rosidl_typesupport_fastrtps_c.h\n'}
[3.137725] (px4_msgs) StdoutLine: {'line': b'-- Up-to-date: /home/rschnurr/SkyClaw-Team1/ros2_ws/install/px4_msgs/include/px4_msgs/px4_msgs/msg/detail/gimbal_manager_status__rosidl_typesupport_fastrtps_c.h\n'}
[3.137774] (px4_msgs) StdoutLine: {'line': b'-- Up-to-date: /home/rschnurr/SkyClaw-Team1/ros2_ws/install/px4_msgs/include/px4_msgs/px4_msgs/msg/detail/ping__rosidl_typesupport_fastrtps_c.h\n'}
[3.137825] (px4_msgs) StdoutLine: {'line': b'-- Up-to-date: /home/rschnurr/SkyClaw-Team1/ros2_ws/install/px4_msgs/include/px4_msgs/px4_msgs/msg/detail/actuator_controls_status__rosidl_typesupport_fastrtps_c.h\n'}
[3.137875] (px4_msgs) StdoutLine: {'line': b'-- Up-to-date: /home/rschnurr/SkyClaw-Team1/ros2_ws/install/px4_msgs/include/px4_msgs/px4_msgs/msg/detail/geofence_status__rosidl_typesupport_fastrtps_c.h\n'}
[3.137925] (px4_msgs) StdoutLine: {'line': b'-- Up-to-date: /home/rschnurr/SkyClaw-Team1/ros2_ws/install/px4_msgs/include/px4_msgs/px4_msgs/msg/detail/sensor_baro__rosidl_typesupport_fastrtps_c.h\n'}
[3.137983] (px4_msgs) StdoutLine: {'line': b'-- Up-to-date: /home/rschnurr/SkyClaw-Team1/ros2_ws/install/px4_msgs/include/px4_msgs/px4_msgs/msg/detail/gripper__rosidl_typesupport_fastrtps_c.h\n'}
[3.138031] (px4_msgs) StdoutLine: {'line': b'-- Up-to-date: /home/rschnurr/SkyClaw-Team1/ros2_ws/install/px4_msgs/include/px4_msgs/px4_msgs/msg/detail/sensors_status_imu__rosidl_typesupport_fastrtps_c.h\n'}
[3.138080] (px4_msgs) StdoutLine: {'line': b'-- Up-to-date: /home/rschnurr/SkyClaw-Team1/ros2_ws/install/px4_msgs/include/px4_msgs/px4_msgs/msg/detail/magnetometer_bias_estimate__rosidl_typesupport_fastrtps_c.h\n'}
[3.138135] (px4_msgs) StdoutLine: {'line': b'-- Up-to-date: /home/rschnurr/SkyClaw-Team1/ros2_ws/install/px4_msgs/include/px4_msgs/px4_msgs/msg/detail/takeoff_status__rosidl_typesupport_fastrtps_c.h\n'}
[3.138181] (px4_msgs) StdoutLine: {'line': b'-- Up-to-date: /home/rschnurr/SkyClaw-Team1/ros2_ws/install/px4_msgs/include/px4_msgs/px4_msgs/msg/detail/open_drone_id_operator_id__rosidl_typesupport_fastrtps_c.h\n'}
[3.138226] (px4_msgs) StdoutLine: {'line': b'-- Up-to-date: /home/rschnurr/SkyClaw-Team1/ros2_ws/install/px4_msgs/include/px4_msgs/px4_msgs/msg/detail/position_setpoint_triplet__rosidl_typesupport_fastrtps_c.h\n'}
[3.138272] (px4_msgs) StdoutLine: {'line': b'-- Up-to-date: /home/rschnurr/SkyClaw-Team1/ros2_ws/install/px4_msgs/include/px4_msgs/px4_msgs/msg/detail/airspeed_wind__rosidl_typesupport_fastrtps_c.h\n'}
[3.138561] (px4_msgs) StdoutLine: {'line': b'-- Up-to-date: /home/rschnurr/SkyClaw-Team1/ros2_ws/install/px4_msgs/include/px4_msgs/px4_msgs/msg/detail/onboard_computer_status__rosidl_typesupport_fastrtps_c.h\n'}
[3.138681] (px4_msgs) StdoutLine: {'line': b'-- Up-to-date: /home/rschnurr/SkyClaw-Team1/ros2_ws/install/px4_msgs/include/px4_msgs/px4_msgs/msg/detail/arming_check_reply__rosidl_typesupport_fastrtps_c.h\n'}
[3.138836] (px4_msgs) StdoutLine: {'line': b'-- Up-to-date: /home/rschnurr/SkyClaw-Team1/ros2_ws/install/px4_msgs/include/px4_msgs/px4_msgs/msg/detail/internal_combustion_engine_control__rosidl_typesupport_fastrtps_c.h\n'}
[3.138919] (px4_msgs) StdoutLine: {'line': b'-- Up-to-date: /home/rschnurr/SkyClaw-Team1/ros2_ws/install/px4_msgs/include/px4_msgs/px4_msgs/msg/detail/vehicle_rates_setpoint__rosidl_typesupport_fastrtps_c.h\n'}
[3.138989] (px4_msgs) StdoutLine: {'line': b'-- Up-to-date: /home/rschnurr/SkyClaw-Team1/ros2_ws/install/px4_msgs/include/px4_msgs/px4_msgs/msg/detail/input_rc__rosidl_typesupport_fastrtps_c.h\n'}
[3.139040] (px4_msgs) StdoutLine: {'line': b'-- Up-to-date: /home/rschnurr/SkyClaw-Team1/ros2_ws/install/px4_msgs/include/px4_msgs/px4_msgs/msg/detail/logger_status__rosidl_typesupport_fastrtps_c.h\n'}
[3.139088] (px4_msgs) StdoutLine: {'line': b'-- Up-to-date: /home/rschnurr/SkyClaw-Team1/ros2_ws/install/px4_msgs/include/px4_msgs/px4_msgs/msg/detail/telemetry_status__rosidl_typesupport_fastrtps_c.h\n'}
[3.139139] (px4_msgs) StdoutLine: {'line': b'-- Up-to-date: /home/rschnurr/SkyClaw-Team1/ros2_ws/install/px4_msgs/include/px4_msgs/px4_msgs/msg/detail/qshell_retval__rosidl_typesupport_fastrtps_c.h\n'}
[3.139202] (px4_msgs) StdoutLine: {'line': b'-- Up-to-date: /home/rschnurr/SkyClaw-Team1/ros2_ws/install/px4_msgs/include/px4_msgs/px4_msgs/msg/detail/vehicle_command_ack__rosidl_typesupport_fastrtps_c.h\n'}
[3.139260] (px4_msgs) StdoutLine: {'line': b'-- Up-to-date: /home/rschnurr/SkyClaw-Team1/ros2_ws/install/px4_msgs/include/px4_msgs/px4_msgs/msg/detail/estimator_aid_source2d__rosidl_typesupport_fastrtps_c.h\n'}
[3.139498] (px4_msgs) StdoutLine: {'line': b'-- Up-to-date: /home/rschnurr/SkyClaw-Team1/ros2_ws/install/px4_msgs/include/px4_msgs/px4_msgs/msg/detail/sensor_correction__rosidl_typesupport_fastrtps_c.h\n'}
[3.139710] (px4_msgs) StdoutLine: {'line': b'-- Up-to-date: /home/rschnurr/SkyClaw-Team1/ros2_ws/install/px4_msgs/include/px4_msgs/px4_msgs/msg/detail/geofence_result__rosidl_typesupport_fastrtps_c.h\n'}
[3.139852] (px4_msgs) StdoutLine: {'line': b'-- Up-to-date: /home/rschnurr/SkyClaw-Team1/ros2_ws/install/px4_msgs/include/px4_msgs/px4_msgs/msg/detail/mission_result__rosidl_typesupport_fastrtps_c.h\n'}
[3.139971] (px4_msgs) StdoutLine: {'line': b'-- Up-to-date: /home/rschnurr/SkyClaw-Team1/ros2_ws/install/px4_msgs/include/px4_msgs/px4_msgs/msg/detail/vehicle_optical_flow_vel__rosidl_typesupport_fastrtps_c.h\n'}
[3.140078] (px4_msgs) StdoutLine: {'line': b'-- Up-to-date: /home/rschnurr/SkyClaw-Team1/ros2_ws/install/px4_msgs/include/px4_msgs/px4_msgs/msg/detail/parameter_reset_request__rosidl_typesupport_fastrtps_c.h\n'}
[3.140172] (px4_msgs) StdoutLine: {'line': b'-- Up-to-date: /home/rschnurr/SkyClaw-Team1/ros2_ws/install/px4_msgs/include/px4_msgs/px4_msgs/msg/detail/rover_throttle_setpoint__rosidl_typesupport_fastrtps_c.h\n'}
[3.140274] (px4_msgs) StdoutLine: {'line': b'-- Up-to-date: /home/rschnurr/SkyClaw-Team1/ros2_ws/install/px4_msgs/include/px4_msgs/px4_msgs/msg/detail/vehicle_command__rosidl_typesupport_fastrtps_c.h\n'}
[3.140464] (px4_msgs) StdoutLine: {'line': b'-- Up-to-date: /home/rschnurr/SkyClaw-Team1/ros2_ws/install/px4_msgs/include/px4_msgs/px4_msgs/msg/detail/actuator_servos__rosidl_typesupport_fastrtps_c.h\n'}
[3.140654] (px4_msgs) StdoutLine: {'line': b'-- Up-to-date: /home/rschnurr/SkyClaw-Team1/ros2_ws/install/px4_msgs/include/px4_msgs/px4_msgs/msg/detail/generator_status__rosidl_typesupport_fastrtps_c.h\n'}
[3.140840] (px4_msgs) StdoutLine: {'line': b'-- Up-to-date: /home/rschnurr/SkyClaw-Team1/ros2_ws/install/px4_msgs/include/px4_msgs/px4_msgs/msg/detail/heater_status__rosidl_typesupport_fastrtps_c.h\n'}
[3.141071] (px4_msgs) StdoutLine: {'line': b'-- Up-to-date: /home/rschnurr/SkyClaw-Team1/ros2_ws/install/px4_msgs/include/px4_msgs/px4_msgs/msg/detail/actuator_test__rosidl_typesupport_fastrtps_c.h\n'}
[3.141205] (px4_msgs) StdoutLine: {'line': b'-- Up-to-date: /home/rschnurr/SkyClaw-Team1/ros2_ws/install/px4_msgs/include/px4_msgs/px4_msgs/msg/detail/gimbal_device_attitude_status__rosidl_typesupport_fastrtps_c.h\n'}
[3.141301] (px4_msgs) StdoutLine: {'line': b'-- Up-to-date: /home/rschnurr/SkyClaw-Team1/ros2_ws/install/px4_msgs/include/px4_msgs/px4_msgs/msg/detail/adc_report__rosidl_typesupport_fastrtps_c.h\n'}
[3.141395] (px4_msgs) StdoutLine: {'line': b'-- Up-to-date: /home/rschnurr/SkyClaw-Team1/ros2_ws/install/px4_msgs/include/px4_msgs/px4_msgs/msg/detail/vehicle_constraints__rosidl_typesupport_fastrtps_c.h\n'}
[3.141504] (px4_msgs) StdoutLine: {'line': b'-- Up-to-date: /home/rschnurr/SkyClaw-Team1/ros2_ws/install/px4_msgs/include/px4_msgs/px4_msgs/msg/detail/vehicle_odometry__rosidl_typesupport_fastrtps_c.h\n'}
[3.141593] (px4_msgs) StdoutLine: {'line': b'-- Up-to-date: /home/rschnurr/SkyClaw-Team1/ros2_ws/install/px4_msgs/include/px4_msgs/px4_msgs/msg/detail/estimator_aid_source1d__rosidl_typesupport_fastrtps_c.h\n'}
[3.141682] (px4_msgs) StdoutLine: {'line': b'-- Up-to-date: /home/rschnurr/SkyClaw-Team1/ros2_ws/install/px4_msgs/include/px4_msgs/px4_msgs/msg/detail/gpio_request__rosidl_typesupport_fastrtps_c.h\n'}
[3.141772] (px4_msgs) StdoutLine: {'line': b'-- Up-to-date: /home/rschnurr/SkyClaw-Team1/ros2_ws/install/px4_msgs/include/px4_msgs/px4_msgs/msg/detail/actuator_motors__rosidl_typesupport_fastrtps_c.h\n'}
[3.141863] (px4_msgs) StdoutLine: {'line': b'-- Up-to-date: /home/rschnurr/SkyClaw-Team1/ros2_ws/install/px4_msgs/include/px4_msgs/px4_msgs/msg/detail/sensor_gnss_relative__rosidl_typesupport_fastrtps_c.h\n'}
[3.141954] (px4_msgs) StdoutLine: {'line': b'-- Up-to-date: /home/rschnurr/SkyClaw-Team1/ros2_ws/install/px4_msgs/include/px4_msgs/px4_msgs/msg/detail/vehicle_optical_flow__rosidl_typesupport_fastrtps_c.h\n'}
[3.142043] (px4_msgs) StdoutLine: {'line': b'-- Up-to-date: /home/rschnurr/SkyClaw-Team1/ros2_ws/install/px4_msgs/include/px4_msgs/px4_msgs/msg/detail/rc_channels__rosidl_typesupport_fastrtps_c.h\n'}
[3.142164] (px4_msgs) StdoutLine: {'line': b'-- Up-to-date: /home/rschnurr/SkyClaw-Team1/ros2_ws/install/px4_msgs/include/px4_msgs/px4_msgs/msg/detail/mag_worker_data__rosidl_typesupport_fastrtps_c.h\n'}
[3.142316] (px4_msgs) StdoutLine: {'line': b'-- Up-to-date: /home/rschnurr/SkyClaw-Team1/ros2_ws/install/px4_msgs/include/px4_msgs/px4_msgs/msg/detail/estimator_status_flags__rosidl_typesupport_fastrtps_c.h\n'}
[3.142384] (px4_msgs) StdoutLine: {'line': b'-- Up-to-date: /home/rschnurr/SkyClaw-Team1/ros2_ws/install/px4_msgs/include/px4_msgs/px4_msgs/msg/detail/orb_test_medium__rosidl_typesupport_fastrtps_c.h\n'}
[3.142438] (px4_msgs) StdoutLine: {'line': b'-- Up-to-date: /home/rschnurr/SkyClaw-Team1/ros2_ws/install/px4_msgs/include/px4_msgs/px4_msgs/msg/detail/satellite_info__rosidl_typesupport_fastrtps_c.h\n'}
[3.142502] (px4_msgs) StdoutLine: {'line': b'-- Up-to-date: /home/rschnurr/SkyClaw-Team1/ros2_ws/install/px4_msgs/include/px4_msgs/px4_msgs/msg/detail/ulog_stream_ack__rosidl_typesupport_fastrtps_c.h\n'}
[3.142548] (px4_msgs) StdoutLine: {'line': b'-- Up-to-date: /home/rschnurr/SkyClaw-Team1/ros2_ws/install/px4_msgs/include/px4_msgs/px4_msgs/msg/detail/vehicle_local_position__rosidl_typesupport_fastrtps_c.h\n'}
[3.142595] (px4_msgs) StdoutLine: {'line': b'-- Up-to-date: /home/rschnurr/SkyClaw-Team1/ros2_ws/install/px4_msgs/include/px4_msgs/px4_msgs/msg/detail/fixed_wing_runway_control__rosidl_typesupport_fastrtps_c.h\n'}
[3.142803] (px4_msgs) StdoutLine: {'line': b'-- Up-to-date: /home/rschnurr/SkyClaw-Team1/ros2_ws/install/px4_msgs/include/px4_msgs/px4_msgs/msg/detail/lateral_control_configuration__rosidl_typesupport_fastrtps_c.h\n'}
[3.142907] (px4_msgs) StdoutLine: {'line': b'-- Up-to-date: /home/rschnurr/SkyClaw-Team1/ros2_ws/install/px4_msgs/include/px4_msgs/px4_msgs/msg/detail/rpm__rosidl_typesupport_fastrtps_c.h\n'}
[3.142978] (px4_msgs) StdoutLine: {'line': b'-- Up-to-date: /home/rschnurr/SkyClaw-Team1/ros2_ws/install/px4_msgs/include/px4_msgs/px4_msgs/msg/detail/offboard_control_mode__rosidl_typesupport_fastrtps_c.h\n'}
[3.143061] (px4_msgs) StdoutLine: {'line': b'-- Up-to-date: /home/rschnurr/SkyClaw-Team1/ros2_ws/install/px4_msgs/include/px4_msgs/px4_msgs/msg/detail/can_interface_status__rosidl_typesupport_fastrtps_c.h\n'}
[3.143286] (px4_msgs) StdoutLine: {'line': b'-- Up-to-date: /home/rschnurr/SkyClaw-Team1/ros2_ws/install/px4_msgs/include/px4_msgs/px4_msgs/msg/detail/flight_phase_estimation__rosidl_typesupport_fastrtps_c.h\n'}
[3.143461] (px4_msgs) StdoutLine: {'line': b'-- Up-to-date: /home/rschnurr/SkyClaw-Team1/ros2_ws/install/px4_msgs/include/px4_msgs/px4_msgs/msg/detail/sensor_hygrometer__rosidl_typesupport_fastrtps_c.h\n'}
[3.143593] (px4_msgs) StdoutLine: {'line': b'-- Up-to-date: /home/rschnurr/SkyClaw-Team1/ros2_ws/install/px4_msgs/include/px4_msgs/px4_msgs/msg/detail/distance_sensor__rosidl_typesupport_fastrtps_c.h\n'}
[3.143702] (px4_msgs) StdoutLine: {'line': b'-- Up-to-date: /home/rschnurr/SkyClaw-Team1/ros2_ws/install/px4_msgs/include/px4_msgs/px4_msgs/msg/detail/dataman_request__rosidl_typesupport_fastrtps_c.h\n'}
[3.143768] (px4_msgs) StdoutLine: {'line': b'-- Up-to-date: /home/rschnurr/SkyClaw-Team1/ros2_ws/install/px4_msgs/include/px4_msgs/px4_msgs/msg/detail/dataman_response__rosidl_typesupport_fastrtps_c.h\n'}
[3.143829] (px4_msgs) StdoutLine: {'line': b'-- Up-to-date: /home/rschnurr/SkyClaw-Team1/ros2_ws/install/px4_msgs/include/px4_msgs/px4_msgs/msg/detail/sensor_uwb__rosidl_typesupport_fastrtps_c.h\n'}
[3.144662] (px4_msgs) StdoutLine: {'line': b'-- Up-to-date: /home/rschnurr/SkyClaw-Team1/ros2_ws/install/px4_msgs/include/px4_msgs/px4_msgs/msg/detail/rover_position_setpoint__rosidl_typesupport_fastrtps_c.h\n'}
[3.144839] (px4_msgs) StdoutLine: {'line': b'-- Up-to-date: /home/rschnurr/SkyClaw-Team1/ros2_ws/install/px4_msgs/include/px4_msgs/px4_msgs/msg/detail/debug_key_value__rosidl_typesupport_fastrtps_c.h\n'}
[3.144916] (px4_msgs) StdoutLine: {'line': b'-- Up-to-date: /home/rschnurr/SkyClaw-Team1/ros2_ws/install/px4_msgs/include/px4_msgs/px4_msgs/msg/detail/timesync_status__rosidl_typesupport_fastrtps_c.h\n'}
[3.144985] (px4_msgs) StdoutLine: {'line': b'-- Up-to-date: /home/rschnurr/SkyClaw-Team1/ros2_ws/install/px4_msgs/include/px4_msgs/px4_msgs/msg/detail/position_controller_landing_status__rosidl_typesupport_fastrtps_c.h\n'}
[3.145052] (px4_msgs) StdoutLine: {'line': b'-- Up-to-date: /home/rschnurr/SkyClaw-Team1/ros2_ws/install/px4_msgs/include/px4_msgs/px4_msgs/msg/detail/tecs_status__rosidl_typesupport_fastrtps_c.h\n'}
[3.145117] (px4_msgs) StdoutLine: {'line': b'-- Up-to-date: /home/rschnurr/SkyClaw-Team1/ros2_ws/install/px4_msgs/include/px4_msgs/px4_msgs/msg/detail/vehicle_angular_velocity__rosidl_typesupport_fastrtps_c.h\n'}
[3.145179] (px4_msgs) StdoutLine: {'line': b'-- Up-to-date: /home/rschnurr/SkyClaw-Team1/ros2_ws/install/px4_msgs/include/px4_msgs/px4_msgs/msg/detail/orb_test_large__rosidl_typesupport_fastrtps_c.h\n'}
[3.145241] (px4_msgs) StdoutLine: {'line': b'-- Up-to-date: /home/rschnurr/SkyClaw-Team1/ros2_ws/install/px4_msgs/include/px4_msgs/px4_msgs/msg/detail/vehicle_global_position__rosidl_typesupport_fastrtps_c.h\n'}
[3.145414] (px4_msgs) StdoutLine: {'line': b'-- Up-to-date: /home/rschnurr/SkyClaw-Team1/ros2_ws/install/px4_msgs/include/px4_msgs/px4_msgs/msg/detail/vehicle_attitude__rosidl_typesupport_fastrtps_c.h\n'}
[3.145509] (px4_msgs) StdoutLine: {'line': b'-- Up-to-date: /home/rschnurr/SkyClaw-Team1/ros2_ws/install/px4_msgs/lib/libpx4_msgs__rosidl_typesupport_fastrtps_c.so\n'}
[3.145585] (px4_msgs) StdoutLine: {'line': b'-- Up-to-date: /home/rschnurr/SkyClaw-Team1/ros2_ws/install/px4_msgs/include/px4_msgs/px4_msgs\n'}
[3.145654] (px4_msgs) StdoutLine: {'line': b'-- Up-to-date: /home/rschnurr/SkyClaw-Team1/ros2_ws/install/px4_msgs/include/px4_msgs/px4_msgs/srv\n'}
[3.145719] (px4_msgs) StdoutLine: {'line': b'-- Up-to-date: /home/rschnurr/SkyClaw-Team1/ros2_ws/install/px4_msgs/include/px4_msgs/px4_msgs/srv/detail\n'}
[3.145803] (px4_msgs) StdoutLine: {'line': b'-- Up-to-date: /home/rschnurr/SkyClaw-Team1/ros2_ws/install/px4_msgs/include/px4_msgs/px4_msgs/srv/detail/vehicle_command__struct.hpp\n'}
[3.145871] (px4_msgs) StdoutLine: {'line': b'-- Up-to-date: /home/rschnurr/SkyClaw-Team1/ros2_ws/install/px4_msgs/include/px4_msgs/px4_msgs/srv/detail/vehicle_command__builder.hpp\n'}
[3.145943] (px4_msgs) StdoutLine: {'line': b'-- Up-to-date: /home/rschnurr/SkyClaw-Team1/ros2_ws/install/px4_msgs/include/px4_msgs/px4_msgs/srv/detail/vehicle_command__traits.hpp\n'}
[3.146015] (px4_msgs) StdoutLine: {'line': b'-- Up-to-date: /home/rschnurr/SkyClaw-Team1/ros2_ws/install/px4_msgs/include/px4_msgs/px4_msgs/srv/detail/vehicle_command__type_support.hpp\n'}
[3.146088] (px4_msgs) StdoutLine: {'line': b'-- Up-to-date: /home/rschnurr/SkyClaw-Team1/ros2_ws/install/px4_msgs/include/px4_msgs/px4_msgs/srv/vehicle_command.hpp\n'}
[3.146154] (px4_msgs) StdoutLine: {'line': b'-- Up-to-date: /home/rschnurr/SkyClaw-Team1/ros2_ws/install/px4_msgs/include/px4_msgs/px4_msgs/msg\n'}
[3.146219] (px4_msgs) StdoutLine: {'line': b'-- Up-to-date: /home/rschnurr/SkyClaw-Team1/ros2_ws/install/px4_msgs/include/px4_msgs/px4_msgs/msg/sensor_correction.hpp\n'}
[3.146282] (px4_msgs) StdoutLine: {'line': b'-- Up-to-date: /home/rschnurr/SkyClaw-Team1/ros2_ws/install/px4_msgs/include/px4_msgs/px4_msgs/msg/pwm_input.hpp\n'}
[3.146346] (px4_msgs) StdoutLine: {'line': b'-- Up-to-date: /home/rschnurr/SkyClaw-Team1/ros2_ws/install/px4_msgs/include/px4_msgs/px4_msgs/msg/gimbal_manager_set_manual_control.hpp\n'}
[3.146412] (px4_msgs) StdoutLine: {'line': b'-- Up-to-date: /home/rschnurr/SkyClaw-Team1/ros2_ws/install/px4_msgs/include/px4_msgs/px4_msgs/msg/manual_control_setpoint.hpp\n'}
[3.146476] (px4_msgs) StdoutLine: {'line': b'-- Up-to-date: /home/rschnurr/SkyClaw-Team1/ros2_ws/install/px4_msgs/include/px4_msgs/px4_msgs/msg/arming_check_reply.hpp\n'}
[3.146540] (px4_msgs) StdoutLine: {'line': b'-- Up-to-date: /home/rschnurr/SkyClaw-Team1/ros2_ws/install/px4_msgs/include/px4_msgs/px4_msgs/msg/dronecan_node_status.hpp\n'}
[3.146605] (px4_msgs) StdoutLine: {'line': b'-- Up-to-date: /home/rschnurr/SkyClaw-Team1/ros2_ws/install/px4_msgs/include/px4_msgs/px4_msgs/msg/takeoff_status.hpp\n'}
[3.146692] (px4_msgs) StdoutLine: {'line': b'-- Up-to-date: /home/rschnurr/SkyClaw-Team1/ros2_ws/install/px4_msgs/include/px4_msgs/px4_msgs/msg/sensor_gnss_relative.hpp\n'}
[3.146767] (px4_msgs) StdoutLine: {'line': b'-- Up-to-date: /home/rschnurr/SkyClaw-Team1/ros2_ws/install/px4_msgs/include/px4_msgs/px4_msgs/msg/ping.hpp\n'}
[3.146832] (px4_msgs) StdoutLine: {'line': b'-- Up-to-date: /home/rschnurr/SkyClaw-Team1/ros2_ws/install/px4_msgs/include/px4_msgs/px4_msgs/msg/sensor_mag.hpp\n'}
[3.146895] (px4_msgs) StdoutLine: {'line': b'-- Up-to-date: /home/rschnurr/SkyClaw-Team1/ros2_ws/install/px4_msgs/include/px4_msgs/px4_msgs/msg/vehicle_acceleration.hpp\n'}
[3.146957] (px4_msgs) StdoutLine: {'line': b'-- Up-to-date: /home/rschnurr/SkyClaw-Team1/ros2_ws/install/px4_msgs/include/px4_msgs/px4_msgs/msg/ulog_stream.hpp\n'}
[3.147020] (px4_msgs) StdoutLine: {'line': b'-- Up-to-date: /home/rschnurr/SkyClaw-Team1/ros2_ws/install/px4_msgs/include/px4_msgs/px4_msgs/msg/wheel_encoders.hpp\n'}
[3.147085] (px4_msgs) StdoutLine: {'line': b'-- Up-to-date: /home/rschnurr/SkyClaw-Team1/ros2_ws/install/px4_msgs/include/px4_msgs/px4_msgs/msg/trajectory_setpoint.hpp\n'}
[3.147178] (px4_msgs) StdoutLine: {'line': b'-- Up-to-date: /home/rschnurr/SkyClaw-Team1/ros2_ws/install/px4_msgs/include/px4_msgs/px4_msgs/msg/goto_setpoint.hpp\n'}
[3.147250] (px4_msgs) StdoutLine: {'line': b'-- Up-to-date: /home/rschnurr/SkyClaw-Team1/ros2_ws/install/px4_msgs/include/px4_msgs/px4_msgs/msg/sensor_airflow.hpp\n'}
[3.147312] (px4_msgs) StdoutLine: {'line': b'-- Up-to-date: /home/rschnurr/SkyClaw-Team1/ros2_ws/install/px4_msgs/include/px4_msgs/px4_msgs/msg/velocity_limits.hpp\n'}
[3.147519] (px4_msgs) StdoutLine: {'line': b'-- Up-to-date: /home/rschnurr/SkyClaw-Team1/ros2_ws/install/px4_msgs/include/px4_msgs/px4_msgs/msg/gps_dump.hpp\n'}
[3.147676] (px4_msgs) StdoutLine: {'line': b'-- Up-to-date: /home/rschnurr/SkyClaw-Team1/ros2_ws/install/px4_msgs/include/px4_msgs/px4_msgs/msg/rpm.hpp\n'}
[3.147759] (px4_msgs) StdoutLine: {'line': b'-- Up-to-date: /home/rschnurr/SkyClaw-Team1/ros2_ws/install/px4_msgs/include/px4_msgs/px4_msgs/msg/gpio_config.hpp\n'}
[3.147830] (px4_msgs) StdoutLine: {'line': b'-- Up-to-date: /home/rschnurr/SkyClaw-Team1/ros2_ws/install/px4_msgs/include/px4_msgs/px4_msgs/msg/mission.hpp\n'}
[3.147886] (px4_msgs) StdoutLine: {'line': b'-- Up-to-date: /home/rschnurr/SkyClaw-Team1/ros2_ws/install/px4_msgs/include/px4_msgs/px4_msgs/msg/estimator_innovations.hpp\n'}
[3.148056] (px4_msgs) StdoutLine: {'line': b'-- Up-to-date: /home/rschnurr/SkyClaw-Team1/ros2_ws/install/px4_msgs/include/px4_msgs/px4_msgs/msg/button_event.hpp\n'}
[3.148228] (px4_msgs) StdoutLine: {'line': b'-- Up-to-date: /home/rschnurr/SkyClaw-Team1/ros2_ws/install/px4_msgs/include/px4_msgs/px4_msgs/msg/offboard_control_mode.hpp\n'}
[3.148367] (px4_msgs) StdoutLine: {'line': b'-- Up-to-date: /home/rschnurr/SkyClaw-Team1/ros2_ws/install/px4_msgs/include/px4_msgs/px4_msgs/msg/message_format_request.hpp\n'}
[3.148453] (px4_msgs) StdoutLine: {'line': b'-- Up-to-date: /home/rschnurr/SkyClaw-Team1/ros2_ws/install/px4_msgs/include/px4_msgs/px4_msgs/msg/gripper.hpp\n'}
[3.148613] (px4_msgs) StdoutLine: {'line': b'-- Up-to-date: /home/rschnurr/SkyClaw-Team1/ros2_ws/install/px4_msgs/include/px4_msgs/px4_msgs/msg/sensor_gyro_fft.hpp\n'}
[3.148786] (px4_msgs) StdoutLine: {'line': b'-- Up-to-date: /home/rschnurr/SkyClaw-Team1/ros2_ws/install/px4_msgs/include/px4_msgs/px4_msgs/msg/geofence_status.hpp\n'}
[3.148980] (px4_msgs) StdoutLine: {'line': b'-- Up-to-date: /home/rschnurr/SkyClaw-Team1/ros2_ws/install/px4_msgs/include/px4_msgs/px4_msgs/msg/vehicle_torque_setpoint.hpp\n'}
[3.149065] (px4_msgs) StdoutLine: {'line': b'-- Up-to-date: /home/rschnurr/SkyClaw-Team1/ros2_ws/install/px4_msgs/include/px4_msgs/px4_msgs/msg/gimbal_device_set_attitude.hpp\n'}
[3.149123] (px4_msgs) StdoutLine: {'line': b'-- Up-to-date: /home/rschnurr/SkyClaw-Team1/ros2_ws/install/px4_msgs/include/px4_msgs/px4_msgs/msg/estimator_gps_status.hpp\n'}
[3.149172] (px4_msgs) StdoutLine: {'line': b'-- Up-to-date: /home/rschnurr/SkyClaw-Team1/ros2_ws/install/px4_msgs/include/px4_msgs/px4_msgs/msg/orb_test_medium.hpp\n'}
[3.149312] (px4_msgs) StdoutLine: {'line': b'-- Up-to-date: /home/rschnurr/SkyClaw-Team1/ros2_ws/install/px4_msgs/include/px4_msgs/px4_msgs/msg/sensor_gnss_status.hpp\n'}
[3.149503] (px4_msgs) StdoutLine: {'line': b'-- Up-to-date: /home/rschnurr/SkyClaw-Team1/ros2_ws/install/px4_msgs/include/px4_msgs/px4_msgs/msg/vehicle_air_data.hpp\n'}
[3.149710] (px4_msgs) StdoutLine: {'line': b'-- Up-to-date: /home/rschnurr/SkyClaw-Team1/ros2_ws/install/px4_msgs/include/px4_msgs/px4_msgs/msg/follow_target_estimator.hpp\n'}
[3.149831] (px4_msgs) StdoutLine: {'line': b'-- Up-to-date: /home/rschnurr/SkyClaw-Team1/ros2_ws/install/px4_msgs/include/px4_msgs/px4_msgs/msg/debug_value.hpp\n'}
[3.149892] (px4_msgs) StdoutLine: {'line': b'-- Up-to-date: /home/rschnurr/SkyClaw-Team1/ros2_ws/install/px4_msgs/include/px4_msgs/px4_msgs/msg/vehicle_rates_setpoint.hpp\n'}
[3.149944] (px4_msgs) StdoutLine: {'line': b'-- Up-to-date: /home/rschnurr/SkyClaw-Team1/ros2_ws/install/px4_msgs/include/px4_msgs/px4_msgs/msg/log_message.hpp\n'}
[3.149996] (px4_msgs) StdoutLine: {'line': b'-- Up-to-date: /home/rschnurr/SkyClaw-Team1/ros2_ws/install/px4_msgs/include/px4_msgs/px4_msgs/msg/uavcan_parameter_value.hpp\n'}
[3.150045] (px4_msgs) StdoutLine: {'line': b'-- Up-to-date: /home/rschnurr/SkyClaw-Team1/ros2_ws/install/px4_msgs/include/px4_msgs/px4_msgs/msg/collision_constraints.hpp\n'}
[3.150094] (px4_msgs) StdoutLine: {'line': b'-- Up-to-date: /home/rschnurr/SkyClaw-Team1/ros2_ws/install/px4_msgs/include/px4_msgs/px4_msgs/msg/rover_position_setpoint.hpp\n'}
[3.150141] (px4_msgs) StdoutLine: {'line': b'-- Up-to-date: /home/rschnurr/SkyClaw-Team1/ros2_ws/install/px4_msgs/include/px4_msgs/px4_msgs/msg/tune_control.hpp\n'}
[3.150212] (px4_msgs) StdoutLine: {'line': b'-- Up-to-date: /home/rschnurr/SkyClaw-Team1/ros2_ws/install/px4_msgs/include/px4_msgs/px4_msgs/msg/open_drone_id_arm_status.hpp\n'}
[3.150279] (px4_msgs) StdoutLine: {'line': b'-- Up-to-date: /home/rschnurr/SkyClaw-Team1/ros2_ws/install/px4_msgs/include/px4_msgs/px4_msgs/msg/tecs_status.hpp\n'}
[3.150332] (px4_msgs) StdoutLine: {'line': b'-- Up-to-date: /home/rschnurr/SkyClaw-Team1/ros2_ws/install/px4_msgs/include/px4_msgs/px4_msgs/msg/vehicle_attitude_setpoint.hpp\n'}
[3.150480] (px4_msgs) StdoutLine: {'line': b'-- Up-to-date: /home/rschnurr/SkyClaw-Team1/ros2_ws/install/px4_msgs/include/px4_msgs/px4_msgs/msg/rate_ctrl_status.hpp\n'}
[3.150588] (px4_msgs) StdoutLine: {'line': b'-- Up-to-date: /home/rschnurr/SkyClaw-Team1/ros2_ws/install/px4_msgs/include/px4_msgs/px4_msgs/msg/navigator_mission_item.hpp\n'}
[3.150662] (px4_msgs) StdoutLine: {'line': b'-- Up-to-date: /home/rschnurr/SkyClaw-Team1/ros2_ws/install/px4_msgs/include/px4_msgs/px4_msgs/msg/rc_parameter_map.hpp\n'}
[3.150813] (px4_msgs) StdoutLine: {'line': b'-- Up-to-date: /home/rschnurr/SkyClaw-Team1/ros2_ws/install/px4_msgs/include/px4_msgs/px4_msgs/msg/parameter_set_value_request.hpp\n'}
[3.150903] (px4_msgs) StdoutLine: {'line': b'-- Up-to-date: /home/rschnurr/SkyClaw-Team1/ros2_ws/install/px4_msgs/include/px4_msgs/px4_msgs/msg/sensor_accel_fifo.hpp\n'}
[3.150977] (px4_msgs) StdoutLine: {'line': b'-- Up-to-date: /home/rschnurr/SkyClaw-Team1/ros2_ws/install/px4_msgs/include/px4_msgs/px4_msgs/msg/iridiumsbd_status.hpp\n'}
[3.151070] (px4_msgs) StdoutLine: {'line': b'-- Up-to-date: /home/rschnurr/SkyClaw-Team1/ros2_ws/install/px4_msgs/include/px4_msgs/px4_msgs/msg/rtl_time_estimate.hpp\n'}
[3.151141] (px4_msgs) StdoutLine: {'line': b'-- Up-to-date: /home/rschnurr/SkyClaw-Team1/ros2_ws/install/px4_msgs/include/px4_msgs/px4_msgs/msg/open_drone_id_system.hpp\n'}
[3.151207] (px4_msgs) StdoutLine: {'line': b'-- Up-to-date: /home/rschnurr/SkyClaw-Team1/ros2_ws/install/px4_msgs/include/px4_msgs/px4_msgs/msg/rover_rate_status.hpp\n'}
[3.151281] (px4_msgs) StdoutLine: {'line': b'-- Up-to-date: /home/rschnurr/SkyClaw-Team1/ros2_ws/install/px4_msgs/include/px4_msgs/px4_msgs/msg/mavlink_log.hpp\n'}
[3.151447] (px4_msgs) StdoutLine: {'line': b'-- Up-to-date: /home/rschnurr/SkyClaw-Team1/ros2_ws/install/px4_msgs/include/px4_msgs/px4_msgs/msg/radio_status.hpp\n'}
[3.151551] (px4_msgs) StdoutLine: {'line': b'-- Up-to-date: /home/rschnurr/SkyClaw-Team1/ros2_ws/install/px4_msgs/include/px4_msgs/px4_msgs/msg/parameter_reset_request.hpp\n'}
[3.151643] (px4_msgs) StdoutLine: {'line': b'-- Up-to-date: /home/rschnurr/SkyClaw-Team1/ros2_ws/install/px4_msgs/include/px4_msgs/px4_msgs/msg/follow_target_status.hpp\n'}
[3.151714] (px4_msgs) StdoutLine: {'line': b'-- Up-to-date: /home/rschnurr/SkyClaw-Team1/ros2_ws/install/px4_msgs/include/px4_msgs/px4_msgs/msg/distance_sensor.hpp\n'}
[3.151782] (px4_msgs) StdoutLine: {'line': b'-- Up-to-date: /home/rschnurr/SkyClaw-Team1/ros2_ws/install/px4_msgs/include/px4_msgs/px4_msgs/msg/telemetry_status.hpp\n'}
[3.152003] (px4_msgs) StdoutLine: {'line': b'-- Up-to-date: /home/rschnurr/SkyClaw-Team1/ros2_ws/install/px4_msgs/include/px4_msgs/px4_msgs/msg/vehicle_angular_acceleration_setpoint.hpp\n'}
[3.152103] (px4_msgs) StdoutLine: {'line': b'-- Up-to-date: /home/rschnurr/SkyClaw-Team1/ros2_ws/install/px4_msgs/include/px4_msgs/px4_msgs/msg/generator_status.hpp\n'}
[3.152178] (px4_msgs) StdoutLine: {'line': b'-- Up-to-date: /home/rschnurr/SkyClaw-Team1/ros2_ws/install/px4_msgs/include/px4_msgs/px4_msgs/msg/timesync_status.hpp\n'}
[3.152597] (px4_msgs) StdoutLine: {'line': b'-- Up-to-date: /home/rschnurr/SkyClaw-Team1/ros2_ws/install/px4_msgs/include/px4_msgs/px4_msgs/msg/failsafe_flags.hpp\n'}
[3.152920] (px4_msgs) StdoutLine: {'line': b'-- Up-to-date: /home/rschnurr/SkyClaw-Team1/ros2_ws/install/px4_msgs/include/px4_msgs/px4_msgs/msg/gps_inject_data.hpp\n'}
[3.153110] (px4_msgs) StdoutLine: {'line': b'-- Up-to-date: /home/rschnurr/SkyClaw-Team1/ros2_ws/install/px4_msgs/include/px4_msgs/px4_msgs/msg/gimbal_manager_information.hpp\n'}
[3.153232] (px4_msgs) StdoutLine: {'line': b'-- Up-to-date: /home/rschnurr/SkyClaw-Team1/ros2_ws/install/px4_msgs/include/px4_msgs/px4_msgs/msg/vehicle_thrust_setpoint.hpp\n'}
[3.153332] (px4_msgs) StdoutLine: {'line': b'-- Up-to-date: /home/rschnurr/SkyClaw-Team1/ros2_ws/install/px4_msgs/include/px4_msgs/px4_msgs/msg/vehicle_constraints.hpp\n'}
[3.153421] (px4_msgs) StdoutLine: {'line': b'-- Up-to-date: /home/rschnurr/SkyClaw-Team1/ros2_ws/install/px4_msgs/include/px4_msgs/px4_msgs/msg/lateral_control_configuration.hpp\n'}
[3.153510] (px4_msgs) StdoutLine: {'line': b'-- Up-to-date: /home/rschnurr/SkyClaw-Team1/ros2_ws/install/px4_msgs/include/px4_msgs/px4_msgs/msg/gimbal_device_information.hpp\n'}
[3.153628] (px4_msgs) StdoutLine: {'line': b'-- Up-to-date: /home/rschnurr/SkyClaw-Team1/ros2_ws/install/px4_msgs/include/px4_msgs/px4_msgs/msg/home_position.hpp\n'}
[3.153842] (px4_msgs) StdoutLine: {'line': b'-- Up-to-date: /home/rschnurr/SkyClaw-Team1/ros2_ws/install/px4_msgs/include/px4_msgs/px4_msgs/msg/trajectory_setpoint6dof.hpp\n'}
[3.154094] (px4_msgs) StdoutLine: {'line': b'-- Up-to-date: /home/rschnurr/SkyClaw-Team1/ros2_ws/install/px4_msgs/include/px4_msgs/px4_msgs/msg/orbit_status.hpp\n'}
[3.154303] (px4_msgs) StdoutLine: {'line': b'-- Up-to-date: /home/rschnurr/SkyClaw-Team1/ros2_ws/install/px4_msgs/include/px4_msgs/px4_msgs/msg/actuator_motors.hpp\n'}
[3.154507] (px4_msgs) StdoutLine: {'line': b'-- Up-to-date: /home/rschnurr/SkyClaw-Team1/ros2_ws/install/px4_msgs/include/px4_msgs/px4_msgs/msg/vehicle_angular_velocity.hpp\n'}
[3.154686] (px4_msgs) StdoutLine: {'line': b'-- Up-to-date: /home/rschnurr/SkyClaw-Team1/ros2_ws/install/px4_msgs/include/px4_msgs/px4_msgs/msg/geofence_result.hpp\n'}
[3.154780] (px4_msgs) StdoutLine: {'line': b'-- Up-to-date: /home/rschnurr/SkyClaw-Team1/ros2_ws/install/px4_msgs/include/px4_msgs/px4_msgs/msg/open_drone_id_operator_id.hpp\n'}
[3.154862] (px4_msgs) StdoutLine: {'line': b'-- Up-to-date: /home/rschnurr/SkyClaw-Team1/ros2_ws/install/px4_msgs/include/px4_msgs/px4_msgs/msg/register_ext_component_request.hpp\n'}
[3.154942] (px4_msgs) StdoutLine: {'line': b'-- Up-to-date: /home/rschnurr/SkyClaw-Team1/ros2_ws/install/px4_msgs/include/px4_msgs/px4_msgs/msg/uavcan_parameter_request.hpp\n'}
[3.155016] (px4_msgs) StdoutLine: {'line': b'-- Up-to-date: /home/rschnurr/SkyClaw-Team1/ros2_ws/install/px4_msgs/include/px4_msgs/px4_msgs/msg/rover_steering_setpoint.hpp\n'}
[3.155092] (px4_msgs) StdoutLine: {'line': b'-- Up-to-date: /home/rschnurr/SkyClaw-Team1/ros2_ws/install/px4_msgs/include/px4_msgs/px4_msgs/msg/actuator_test.hpp\n'}
[3.155165] (px4_msgs) StdoutLine: {'line': b'-- Up-to-date: /home/rschnurr/SkyClaw-Team1/ros2_ws/install/px4_msgs/include/px4_msgs/px4_msgs/msg/power_monitor.hpp\n'}
[3.155265] (px4_msgs) StdoutLine: {'line': b'-- Up-to-date: /home/rschnurr/SkyClaw-Team1/ros2_ws/install/px4_msgs/include/px4_msgs/px4_msgs/msg/rover_speed_setpoint.hpp\n'}
[3.155613] (px4_msgs) StdoutLine: {'line': b'-- Up-to-date: /home/rschnurr/SkyClaw-Team1/ros2_ws/install/px4_msgs/include/px4_msgs/px4_msgs/msg/fixed_wing_runway_control.hpp\n'}
[3.155799] (px4_msgs) StdoutLine: {'line': b'-- Up-to-date: /home/rschnurr/SkyClaw-Team1/ros2_ws/install/px4_msgs/include/px4_msgs/px4_msgs/msg/landing_gear.hpp\n'}
[3.155898] (px4_msgs) StdoutLine: {'line': b'-- Up-to-date: /home/rschnurr/SkyClaw-Team1/ros2_ws/install/px4_msgs/include/px4_msgs/px4_msgs/msg/yaw_estimator_status.hpp\n'}
[3.155985] (px4_msgs) StdoutLine: {'line': b'-- Up-to-date: /home/rschnurr/SkyClaw-Team1/ros2_ws/install/px4_msgs/include/px4_msgs/px4_msgs/msg/mission_result.hpp\n'}
[3.156059] (px4_msgs) StdoutLine: {'line': b'-- Up-to-date: /home/rschnurr/SkyClaw-Team1/ros2_ws/install/px4_msgs/include/px4_msgs/px4_msgs/msg/airspeed_validated.hpp\n'}
[3.156146] (px4_msgs) StdoutLine: {'line': b'-- Up-to-date: /home/rschnurr/SkyClaw-Team1/ros2_ws/install/px4_msgs/include/px4_msgs/px4_msgs/msg/onboard_computer_status.hpp\n'}
[3.156302] (px4_msgs) StdoutLine: {'line': b'-- Up-to-date: /home/rschnurr/SkyClaw-Team1/ros2_ws/install/px4_msgs/include/px4_msgs/px4_msgs/msg/camera_trigger.hpp\n'}
[3.156515] (px4_msgs) StdoutLine: {'line': b'-- Up-to-date: /home/rschnurr/SkyClaw-Team1/ros2_ws/install/px4_msgs/include/px4_msgs/px4_msgs/msg/vtol_vehicle_status.hpp\n'}
[3.156781] (px4_msgs) StdoutLine: {'line': b'-- Up-to-date: /home/rschnurr/SkyClaw-Team1/ros2_ws/install/px4_msgs/include/px4_msgs/px4_msgs/msg/estimator_selector_status.hpp\n'}
[3.156898] (px4_msgs) StdoutLine: {'line': b'-- Up-to-date: /home/rschnurr/SkyClaw-Team1/ros2_ws/install/px4_msgs/include/px4_msgs/px4_msgs/msg/arming_check_request.hpp\n'}
[3.156982] (px4_msgs) StdoutLine: {'line': b'-- Up-to-date: /home/rschnurr/SkyClaw-Team1/ros2_ws/install/px4_msgs/include/px4_msgs/px4_msgs/msg/autotune_attitude_control_status.hpp\n'}
[3.157091] (px4_msgs) StdoutLine: {'line': b'-- Up-to-date: /home/rschnurr/SkyClaw-Team1/ros2_ws/install/px4_msgs/include/px4_msgs/px4_msgs/msg/sensor_optical_flow.hpp\n'}
[3.157166] (px4_msgs) StdoutLine: {'line': b'-- Up-to-date: /home/rschnurr/SkyClaw-Team1/ros2_ws/install/px4_msgs/include/px4_msgs/px4_msgs/msg/vehicle_status.hpp\n'}
[3.157238] (px4_msgs) StdoutLine: {'line': b'-- Up-to-date: /home/rschnurr/SkyClaw-Team1/ros2_ws/install/px4_msgs/include/px4_msgs/px4_msgs/msg/open_drone_id_self_id.hpp\n'}
[3.157392] (px4_msgs) StdoutLine: {'line': b'-- Up-to-date: /home/rschnurr/SkyClaw-Team1/ros2_ws/install/px4_msgs/include/px4_msgs/px4_msgs/msg/landing_gear_wheel.hpp\n'}
[3.157467] (px4_msgs) StdoutLine: {'line': b'-- Up-to-date: /home/rschnurr/SkyClaw-Team1/ros2_ws/install/px4_msgs/include/px4_msgs/px4_msgs/msg/task_stack_info.hpp\n'}
[3.157527] (px4_msgs) StdoutLine: {'line': b'-- Up-to-date: /home/rschnurr/SkyClaw-Team1/ros2_ws/install/px4_msgs/include/px4_msgs/px4_msgs/msg/sensor_gyro_fifo.hpp\n'}
[3.157582] (px4_msgs) StdoutLine: {'line': b'-- Up-to-date: /home/rschnurr/SkyClaw-Team1/ros2_ws/install/px4_msgs/include/px4_msgs/px4_msgs/msg/internal_combustion_engine_status.hpp\n'}
[3.157637] (px4_msgs) StdoutLine: {'line': b'-- Up-to-date: /home/rschnurr/SkyClaw-Team1/ros2_ws/install/px4_msgs/include/px4_msgs/px4_msgs/msg/unregister_ext_component.hpp\n'}
[3.157696] (px4_msgs) StdoutLine: {'line': b'-- Up-to-date: /home/rschnurr/SkyClaw-Team1/ros2_ws/install/px4_msgs/include/px4_msgs/px4_msgs/msg/actuator_servos_trim.hpp\n'}
[3.157749] (px4_msgs) StdoutLine: {'line': b'-- Up-to-date: /home/rschnurr/SkyClaw-Team1/ros2_ws/install/px4_msgs/include/px4_msgs/px4_msgs/msg/parameter_set_used_request.hpp\n'}
[3.157801] (px4_msgs) StdoutLine: {'line': b'-- Up-to-date: /home/rschnurr/SkyClaw-Team1/ros2_ws/install/px4_msgs/include/px4_msgs/px4_msgs/msg/landing_target_pose.hpp\n'}
[3.157956] (px4_msgs) StdoutLine: {'line': b'-- Up-to-date: /home/rschnurr/SkyClaw-Team1/ros2_ws/install/px4_msgs/include/px4_msgs/px4_msgs/msg/led_control.hpp\n'}
[3.158045] (px4_msgs) StdoutLine: {'line': b'-- Up-to-date: /home/rschnurr/SkyClaw-Team1/ros2_ws/install/px4_msgs/include/px4_msgs/px4_msgs/msg/fixed_wing_lateral_status.hpp\n'}
[3.158106] (px4_msgs) StdoutLine: {'line': b'-- Up-to-date: /home/rschnurr/SkyClaw-Team1/ros2_ws/install/px4_msgs/include/px4_msgs/px4_msgs/msg/gpio_request.hpp\n'}
[3.158183] (px4_msgs) StdoutLine: {'line': b'-- Up-to-date: /home/rschnurr/SkyClaw-Team1/ros2_ws/install/px4_msgs/include/px4_msgs/px4_msgs/msg/rtl_status.hpp\n'}
[3.158247] (px4_msgs) StdoutLine: {'line': b'-- Up-to-date: /home/rschnurr/SkyClaw-Team1/ros2_ws/install/px4_msgs/include/px4_msgs/px4_msgs/msg/flight_phase_estimation.hpp\n'}
[3.158300] (px4_msgs) StdoutLine: {'line': b'-- Up-to-date: /home/rschnurr/SkyClaw-Team1/ros2_ws/install/px4_msgs/include/px4_msgs/px4_msgs/msg/mount_orientation.hpp\n'}
[3.158351] (px4_msgs) StdoutLine: {'line': b'-- Up-to-date: /home/rschnurr/SkyClaw-Team1/ros2_ws/install/px4_msgs/include/px4_msgs/px4_msgs/msg/gimbal_device_attitude_status.hpp\n'}
[3.158404] (px4_msgs) StdoutLine: {'line': b'-- Up-to-date: /home/rschnurr/SkyClaw-Team1/ros2_ws/install/px4_msgs/include/px4_msgs/px4_msgs/msg/estimator_aid_source3d.hpp\n'}
[3.158457] (px4_msgs) StdoutLine: {'line': b'-- Up-to-date: /home/rschnurr/SkyClaw-Team1/ros2_ws/install/px4_msgs/include/px4_msgs/px4_msgs/msg/sensors_status_imu.hpp\n'}
[3.158509] (px4_msgs) StdoutLine: {'line': b'-- Up-to-date: /home/rschnurr/SkyClaw-Team1/ros2_ws/install/px4_msgs/include/px4_msgs/px4_msgs/msg/vehicle_command_ack.hpp\n'}
[3.158559] (px4_msgs) StdoutLine: {'line': b'-- Up-to-date: /home/rschnurr/SkyClaw-Team1/ros2_ws/install/px4_msgs/include/px4_msgs/px4_msgs/msg/rover_throttle_setpoint.hpp\n'}
[3.158609] (px4_msgs) StdoutLine: {'line': b'-- Up-to-date: /home/rschnurr/SkyClaw-Team1/ros2_ws/install/px4_msgs/include/px4_msgs/px4_msgs/msg/debug_array.hpp\n'}
[3.158658] (px4_msgs) StdoutLine: {'line': b'-- Up-to-date: /home/rschnurr/SkyClaw-Team1/ros2_ws/install/px4_msgs/include/px4_msgs/px4_msgs/msg/control_allocator_status.hpp\n'}
[3.158715] (px4_msgs) StdoutLine: {'line': b'-- Up-to-date: /home/rschnurr/SkyClaw-Team1/ros2_ws/install/px4_msgs/include/px4_msgs/px4_msgs/msg/position_controller_landing_status.hpp\n'}
[3.158767] (px4_msgs) StdoutLine: {'line': b'-- Up-to-date: /home/rschnurr/SkyClaw-Team1/ros2_ws/install/px4_msgs/include/px4_msgs/px4_msgs/msg/heater_status.hpp\n'}
[3.158971] (px4_msgs) StdoutLine: {'line': b'-- Up-to-date: /home/rschnurr/SkyClaw-Team1/ros2_ws/install/px4_msgs/include/px4_msgs/px4_msgs/msg/gpio_in.hpp\n'}
[3.159099] (px4_msgs) StdoutLine: {'line': b'-- Up-to-date: /home/rschnurr/SkyClaw-Team1/ros2_ws/install/px4_msgs/include/px4_msgs/px4_msgs/msg/neural_control.hpp\n'}
[3.159167] (px4_msgs) StdoutLine: {'line': b'-- Up-to-date: /home/rschnurr/SkyClaw-Team1/ros2_ws/install/px4_msgs/include/px4_msgs/px4_msgs/msg/landing_target_innovations.hpp\n'}
[3.159222] (px4_msgs) StdoutLine: {'line': b'-- Up-to-date: /home/rschnurr/SkyClaw-Team1/ros2_ws/install/px4_msgs/include/px4_msgs/px4_msgs/msg/sensor_accel.hpp\n'}
[3.159276] (px4_msgs) StdoutLine: {'line': b'-- Up-to-date: /home/rschnurr/SkyClaw-Team1/ros2_ws/install/px4_msgs/include/px4_msgs/px4_msgs/msg/gpio_out.hpp\n'}
[3.159487] (px4_msgs) StdoutLine: {'line': b'-- Up-to-date: /home/rschnurr/SkyClaw-Team1/ros2_ws/install/px4_msgs/include/px4_msgs/px4_msgs/msg/vehicle_local_position_setpoint.hpp\n'}
[3.159628] (px4_msgs) StdoutLine: {'line': b'-- Up-to-date: /home/rschnurr/SkyClaw-Team1/ros2_ws/install/px4_msgs/include/px4_msgs/px4_msgs/msg/vehicle_control_mode.hpp\n'}
[3.159695] (px4_msgs) StdoutLine: {'line': b'-- Up-to-date: /home/rschnurr/SkyClaw-Team1/ros2_ws/install/px4_msgs/include/px4_msgs/px4_msgs/msg/sensor_hygrometer.hpp\n'}
[3.159752] (px4_msgs) StdoutLine: {'line': b'-- Up-to-date: /home/rschnurr/SkyClaw-Team1/ros2_ws/install/px4_msgs/include/px4_msgs/px4_msgs/msg/detail\n'}
[3.159806] (px4_msgs) StdoutLine: {'line': b'-- Up-to-date: /home/rschnurr/SkyClaw-Team1/ros2_ws/install/px4_msgs/include/px4_msgs/px4_msgs/msg/detail/vehicle_optical_flow_vel__builder.hpp\n'}
[3.159860] (px4_msgs) StdoutLine: {'line': b'-- Up-to-date: /home/rschnurr/SkyClaw-Team1/ros2_ws/install/px4_msgs/include/px4_msgs/px4_msgs/msg/detail/sensor_hygrometer__type_support.hpp\n'}
[3.159913] (px4_msgs) StdoutLine: {'line': b'-- Up-to-date: /home/rschnurr/SkyClaw-Team1/ros2_ws/install/px4_msgs/include/px4_msgs/px4_msgs/msg/detail/internal_combustion_engine_status__struct.hpp\n'}
[3.159969] (px4_msgs) StdoutLine: {'line': b'-- Up-to-date: /home/rschnurr/SkyClaw-Team1/ros2_ws/install/px4_msgs/include/px4_msgs/px4_msgs/msg/detail/camera_trigger__struct.hpp\n'}
[3.160022] (px4_msgs) StdoutLine: {'line': b'-- Up-to-date: /home/rschnurr/SkyClaw-Team1/ros2_ws/install/px4_msgs/include/px4_msgs/px4_msgs/msg/detail/yaw_estimator_status__builder.hpp\n'}
[3.160082] (px4_msgs) StdoutLine: {'line': b'-- Up-to-date: /home/rschnurr/SkyClaw-Team1/ros2_ws/install/px4_msgs/include/px4_msgs/px4_msgs/msg/detail/manual_control_setpoint__struct.hpp\n'}
[3.160133] (px4_msgs) StdoutLine: {'line': b'-- Up-to-date: /home/rschnurr/SkyClaw-Team1/ros2_ws/install/px4_msgs/include/px4_msgs/px4_msgs/msg/detail/longitudinal_control_configuration__type_support.hpp\n'}
[3.160183] (px4_msgs) StdoutLine: {'line': b'-- Up-to-date: /home/rschnurr/SkyClaw-Team1/ros2_ws/install/px4_msgs/include/px4_msgs/px4_msgs/msg/detail/radio_status__traits.hpp\n'}
[3.160232] (px4_msgs) StdoutLine: {'line': b'-- Up-to-date: /home/rschnurr/SkyClaw-Team1/ros2_ws/install/px4_msgs/include/px4_msgs/px4_msgs/msg/detail/lateral_control_configuration__builder.hpp\n'}
[3.160280] (px4_msgs) StdoutLine: {'line': b'-- Up-to-date: /home/rschnurr/SkyClaw-Team1/ros2_ws/install/px4_msgs/include/px4_msgs/px4_msgs/msg/detail/magnetometer_bias_estimate__traits.hpp\n'}
[3.160329] (px4_msgs) StdoutLine: {'line': b'-- Up-to-date: /home/rschnurr/SkyClaw-Team1/ros2_ws/install/px4_msgs/include/px4_msgs/px4_msgs/msg/detail/sensor_mag__traits.hpp\n'}
[3.160401] (px4_msgs) StdoutLine: {'line': b'-- Up-to-date: /home/rschnurr/SkyClaw-Team1/ros2_ws/install/px4_msgs/include/px4_msgs/px4_msgs/msg/detail/gimbal_device_information__type_support.hpp\n'}
[3.160448] (px4_msgs) StdoutLine: {'line': b'-- Up-to-date: /home/rschnurr/SkyClaw-Team1/ros2_ws/install/px4_msgs/include/px4_msgs/px4_msgs/msg/detail/input_rc__struct.hpp\n'}
[3.160496] (px4_msgs) StdoutLine: {'line': b'-- Up-to-date: /home/rschnurr/SkyClaw-Team1/ros2_ws/install/px4_msgs/include/px4_msgs/px4_msgs/msg/detail/longitudinal_control_configuration__builder.hpp\n'}
[3.160544] (px4_msgs) StdoutLine: {'line': b'-- Up-to-date: /home/rschnurr/SkyClaw-Team1/ros2_ws/install/px4_msgs/include/px4_msgs/px4_msgs/msg/detail/orb_test_large__builder.hpp\n'}
[3.160590] (px4_msgs) StdoutLine: {'line': b'-- Up-to-date: /home/rschnurr/SkyClaw-Team1/ros2_ws/install/px4_msgs/include/px4_msgs/px4_msgs/msg/detail/sensor_correction__builder.hpp\n'}
[3.160859] (px4_msgs) StdoutLine: {'line': b'-- Up-to-date: /home/rschnurr/SkyClaw-Team1/ros2_ws/install/px4_msgs/include/px4_msgs/px4_msgs/msg/detail/dronecan_node_status__traits.hpp\n'}
[3.161103] (px4_msgs) StdoutLine: {'line': b'-- Up-to-date: /home/rschnurr/SkyClaw-Team1/ros2_ws/install/px4_msgs/include/px4_msgs/px4_msgs/msg/detail/landing_gear_wheel__struct.hpp\n'}
[3.161302] (px4_msgs) StdoutLine: {'line': b'-- Up-to-date: /home/rschnurr/SkyClaw-Team1/ros2_ws/install/px4_msgs/include/px4_msgs/px4_msgs/msg/detail/actuator_servos_trim__traits.hpp\n'}
[3.161598] (px4_msgs) StdoutLine: {'line': b'-- Up-to-date: /home/rschnurr/SkyClaw-Team1/ros2_ws/install/px4_msgs/include/px4_msgs/px4_msgs/msg/detail/orb_test_medium__builder.hpp\n'}
[3.161754] (px4_msgs) StdoutLine: {'line': b'-- Up-to-date: /home/rschnurr/SkyClaw-Team1/ros2_ws/install/px4_msgs/include/px4_msgs/px4_msgs/msg/detail/sensor_accel__builder.hpp\n'}
[3.161911] (px4_msgs) StdoutLine: {'line': b'-- Up-to-date: /home/rschnurr/SkyClaw-Team1/ros2_ws/install/px4_msgs/include/px4_msgs/px4_msgs/msg/detail/goto_setpoint__type_support.hpp\n'}
[3.162071] (px4_msgs) StdoutLine: {'line': b'-- Up-to-date: /home/rschnurr/SkyClaw-Team1/ros2_ws/install/px4_msgs/include/px4_msgs/px4_msgs/msg/detail/hover_thrust_estimate__struct.hpp\n'}
[3.162154] (px4_msgs) StdoutLine: {'line': b'-- Up-to-date: /home/rschnurr/SkyClaw-Team1/ros2_ws/install/px4_msgs/include/px4_msgs/px4_msgs/msg/detail/estimator_bias__struct.hpp\n'}
[3.162214] (px4_msgs) StdoutLine: {'line': b'-- Up-to-date: /home/rschnurr/SkyClaw-Team1/ros2_ws/install/px4_msgs/include/px4_msgs/px4_msgs/msg/detail/failsafe_flags__struct.hpp\n'}
[3.162268] (px4_msgs) StdoutLine: {'line': b'-- Up-to-date: /home/rschnurr/SkyClaw-Team1/ros2_ws/install/px4_msgs/include/px4_msgs/px4_msgs/msg/detail/mavlink_tunnel__type_support.hpp\n'}
[3.162320] (px4_msgs) StdoutLine: {'line': b'-- Up-to-date: /home/rschnurr/SkyClaw-Team1/ros2_ws/install/px4_msgs/include/px4_msgs/px4_msgs/msg/detail/sensor_baro__traits.hpp\n'}
[3.162369] (px4_msgs) StdoutLine: {'line': b'-- Up-to-date: /home/rschnurr/SkyClaw-Team1/ros2_ws/install/px4_msgs/include/px4_msgs/px4_msgs/msg/detail/geofence_status__builder.hpp\n'}
[3.162417] (px4_msgs) StdoutLine: {'line': b'-- Up-to-date: /home/rschnurr/SkyClaw-Team1/ros2_ws/install/px4_msgs/include/px4_msgs/px4_msgs/msg/detail/message_format_response__builder.hpp\n'}
[3.162465] (px4_msgs) StdoutLine: {'line': b'-- Up-to-date: /home/rschnurr/SkyClaw-Team1/ros2_ws/install/px4_msgs/include/px4_msgs/px4_msgs/msg/detail/mission__builder.hpp\n'}
[3.162513] (px4_msgs) StdoutLine: {'line': b'-- Up-to-date: /home/rschnurr/SkyClaw-Team1/ros2_ws/install/px4_msgs/include/px4_msgs/px4_msgs/msg/detail/estimator_sensor_bias__builder.hpp\n'}
[3.162561] (px4_msgs) StdoutLine: {'line': b'-- Up-to-date: /home/rschnurr/SkyClaw-Team1/ros2_ws/install/px4_msgs/include/px4_msgs/px4_msgs/msg/detail/power_monitor__type_support.hpp\n'}
[3.162610] (px4_msgs) StdoutLine: {'line': b'-- Up-to-date: /home/rschnurr/SkyClaw-Team1/ros2_ws/install/px4_msgs/include/px4_msgs/px4_msgs/msg/detail/vehicle_command_ack__builder.hpp\n'}
[3.162691] (px4_msgs) StdoutLine: {'line': b'-- Up-to-date: /home/rschnurr/SkyClaw-Team1/ros2_ws/install/px4_msgs/include/px4_msgs/px4_msgs/msg/detail/estimator_innovations__traits.hpp\n'}
[3.162741] (px4_msgs) StdoutLine: {'line': b'-- Up-to-date: /home/rschnurr/SkyClaw-Team1/ros2_ws/install/px4_msgs/include/px4_msgs/px4_msgs/msg/detail/estimator_aid_source3d__struct.hpp\n'}
[3.162789] (px4_msgs) StdoutLine: {'line': b'-- Up-to-date: /home/rschnurr/SkyClaw-Team1/ros2_ws/install/px4_msgs/include/px4_msgs/px4_msgs/msg/detail/sensor_gyro_fifo__struct.hpp\n'}
[3.162836] (px4_msgs) StdoutLine: {'line': b'-- Up-to-date: /home/rschnurr/SkyClaw-Team1/ros2_ws/install/px4_msgs/include/px4_msgs/px4_msgs/msg/detail/ekf2_timestamps__type_support.hpp\n'}
[3.162890] (px4_msgs) StdoutLine: {'line': b'-- Up-to-date: /home/rschnurr/SkyClaw-Team1/ros2_ws/install/px4_msgs/include/px4_msgs/px4_msgs/msg/detail/control_allocator_status__builder.hpp\n'}
[3.162940] (px4_msgs) StdoutLine: {'line': b'-- Up-to-date: /home/rschnurr/SkyClaw-Team1/ros2_ws/install/px4_msgs/include/px4_msgs/px4_msgs/msg/detail/gimbal_controls__type_support.hpp\n'}
[3.162989] (px4_msgs) StdoutLine: {'line': b'-- Up-to-date: /home/rschnurr/SkyClaw-Team1/ros2_ws/install/px4_msgs/include/px4_msgs/px4_msgs/msg/detail/arming_check_request__builder.hpp\n'}
[3.163046] (px4_msgs) StdoutLine: {'line': b'-- Up-to-date: /home/rschnurr/SkyClaw-Team1/ros2_ws/install/px4_msgs/include/px4_msgs/px4_msgs/msg/detail/vehicle_local_position__builder.hpp\n'}
[3.163102] (px4_msgs) StdoutLine: {'line': b'-- Up-to-date: /home/rschnurr/SkyClaw-Team1/ros2_ws/install/px4_msgs/include/px4_msgs/px4_msgs/msg/detail/gpio_config__builder.hpp\n'}
[3.163282] (px4_msgs) StdoutLine: {'line': b'-- Up-to-date: /home/rschnurr/SkyClaw-Team1/ros2_ws/install/px4_msgs/include/px4_msgs/px4_msgs/msg/detail/rover_steering_setpoint__struct.hpp\n'}
[3.163434] (px4_msgs) StdoutLine: {'line': b'-- Up-to-date: /home/rschnurr/SkyClaw-Team1/ros2_ws/install/px4_msgs/include/px4_msgs/px4_msgs/msg/detail/log_message__builder.hpp\n'}
[3.163502] (px4_msgs) StdoutLine: {'line': b'-- Up-to-date: /home/rschnurr/SkyClaw-Team1/ros2_ws/install/px4_msgs/include/px4_msgs/px4_msgs/msg/detail/health_report__struct.hpp\n'}
[3.163561] (px4_msgs) StdoutLine: {'line': b'-- Up-to-date: /home/rschnurr/SkyClaw-Team1/ros2_ws/install/px4_msgs/include/px4_msgs/px4_msgs/msg/detail/actuator_armed__builder.hpp\n'}
[3.163631] (px4_msgs) StdoutLine: {'line': b'-- Up-to-date: /home/rschnurr/SkyClaw-Team1/ros2_ws/install/px4_msgs/include/px4_msgs/px4_msgs/msg/detail/orb_test_large__struct.hpp\n'}
[3.163682] (px4_msgs) StdoutLine: {'line': b'-- Up-to-date: /home/rschnurr/SkyClaw-Team1/ros2_ws/install/px4_msgs/include/px4_msgs/px4_msgs/msg/detail/goto_setpoint__traits.hpp\n'}
[3.163852] (px4_msgs) StdoutLine: {'line': b'-- Up-to-date: /home/rschnurr/SkyClaw-Team1/ros2_ws/install/px4_msgs/include/px4_msgs/px4_msgs/msg/detail/actuator_servos_trim__type_support.hpp\n'}
[3.163939] (px4_msgs) StdoutLine: {'line': b'-- Up-to-date: /home/rschnurr/SkyClaw-Team1/ros2_ws/install/px4_msgs/include/px4_msgs/px4_msgs/msg/detail/vehicle_imu_status__type_support.hpp\n'}
[3.164088] (px4_msgs) StdoutLine: {'line': b'-- Up-to-date: /home/rschnurr/SkyClaw-Team1/ros2_ws/install/px4_msgs/include/px4_msgs/px4_msgs/msg/detail/sensor_preflight_mag__traits.hpp\n'}
[3.164203] (px4_msgs) StdoutLine: {'line': b'-- Up-to-date: /home/rschnurr/SkyClaw-Team1/ros2_ws/install/px4_msgs/include/px4_msgs/px4_msgs/msg/detail/sensor_gps__builder.hpp\n'}
[3.164412] (px4_msgs) StdoutLine: {'line': b'-- Up-to-date: /home/rschnurr/SkyClaw-Team1/ros2_ws/install/px4_msgs/include/px4_msgs/px4_msgs/msg/detail/vehicle_magnetometer__builder.hpp\n'}
[3.164617] (px4_msgs) StdoutLine: {'line': b'-- Up-to-date: /home/rschnurr/SkyClaw-Team1/ros2_ws/install/px4_msgs/include/px4_msgs/px4_msgs/msg/detail/vehicle_acceleration__struct.hpp\n'}
[3.165882] (px4_msgs) StdoutLine: {'line': b'-- Up-to-date: /home/rschnurr/SkyClaw-Team1/ros2_ws/install/px4_msgs/include/px4_msgs/px4_msgs/msg/detail/wind__struct.hpp\n'}
[3.166030] (px4_msgs) StdoutLine: {'line': b'-- Up-to-date: /home/rschnurr/SkyClaw-Team1/ros2_ws/install/px4_msgs/include/px4_msgs/px4_msgs/msg/detail/rover_attitude_setpoint__struct.hpp\n'}
[3.166114] (px4_msgs) StdoutLine: {'line': b'-- Up-to-date: /home/rschnurr/SkyClaw-Team1/ros2_ws/install/px4_msgs/include/px4_msgs/px4_msgs/msg/detail/rover_rate_status__struct.hpp\n'}
[3.166188] (px4_msgs) StdoutLine: {'line': b'-- Up-to-date: /home/rschnurr/SkyClaw-Team1/ros2_ws/install/px4_msgs/include/px4_msgs/px4_msgs/msg/detail/sensor_gnss_relative__builder.hpp\n'}
[3.166256] (px4_msgs) StdoutLine: {'line': b'-- Up-to-date: /home/rschnurr/SkyClaw-Team1/ros2_ws/install/px4_msgs/include/px4_msgs/px4_msgs/msg/detail/sensor_preflight_mag__struct.hpp\n'}
[3.166414] (px4_msgs) StdoutLine: {'line': b'-- Up-to-date: /home/rschnurr/SkyClaw-Team1/ros2_ws/install/px4_msgs/include/px4_msgs/px4_msgs/msg/detail/esc_status__struct.hpp\n'}
[3.166523] (px4_msgs) StdoutLine: {'line': b'-- Up-to-date: /home/rschnurr/SkyClaw-Team1/ros2_ws/install/px4_msgs/include/px4_msgs/px4_msgs/msg/detail/gimbal_manager_information__builder.hpp\n'}
[3.166788] (px4_msgs) StdoutLine: {'line': b'-- Up-to-date: /home/rschnurr/SkyClaw-Team1/ros2_ws/install/px4_msgs/include/px4_msgs/px4_msgs/msg/detail/camera_capture__builder.hpp\n'}
[3.166872] (px4_msgs) StdoutLine: {'line': b'-- Up-to-date: /home/rschnurr/SkyClaw-Team1/ros2_ws/install/px4_msgs/include/px4_msgs/px4_msgs/msg/detail/uavcan_parameter_value__traits.hpp\n'}
[3.166929] (px4_msgs) StdoutLine: {'line': b'-- Up-to-date: /home/rschnurr/SkyClaw-Team1/ros2_ws/install/px4_msgs/include/px4_msgs/px4_msgs/msg/detail/trajectory_setpoint6dof__type_support.hpp\n'}
[3.166980] (px4_msgs) StdoutLine: {'line': b'-- Up-to-date: /home/rschnurr/SkyClaw-Team1/ros2_ws/install/px4_msgs/include/px4_msgs/px4_msgs/msg/detail/battery_info__builder.hpp\n'}
[3.167082] (px4_msgs) StdoutLine: {'line': b'-- Up-to-date: /home/rschnurr/SkyClaw-Team1/ros2_ws/install/px4_msgs/include/px4_msgs/px4_msgs/msg/detail/rpm__traits.hpp\n'}
[3.167206] (px4_msgs) StdoutLine: {'line': b'-- Up-to-date: /home/rschnurr/SkyClaw-Team1/ros2_ws/install/px4_msgs/include/px4_msgs/px4_msgs/msg/detail/gripper__builder.hpp\n'}
[3.167491] (px4_msgs) StdoutLine: {'line': b'-- Up-to-date: /home/rschnurr/SkyClaw-Team1/ros2_ws/install/px4_msgs/include/px4_msgs/px4_msgs/msg/detail/sensors_status__traits.hpp\n'}
[3.167582] (px4_msgs) StdoutLine: {'line': b'-- Up-to-date: /home/rschnurr/SkyClaw-Team1/ros2_ws/install/px4_msgs/include/px4_msgs/px4_msgs/msg/detail/sensor_selection__traits.hpp\n'}
[3.167658] (px4_msgs) StdoutLine: {'line': b'-- Up-to-date: /home/rschnurr/SkyClaw-Team1/ros2_ws/install/px4_msgs/include/px4_msgs/px4_msgs/msg/detail/vehicle_angular_velocity__builder.hpp\n'}
[3.167807] (px4_msgs) StdoutLine: {'line': b'-- Up-to-date: /home/rschnurr/SkyClaw-Team1/ros2_ws/install/px4_msgs/include/px4_msgs/px4_msgs/msg/detail/config_overrides__type_support.hpp\n'}
[3.167999] (px4_msgs) StdoutLine: {'line': b'-- Up-to-date: /home/rschnurr/SkyClaw-Team1/ros2_ws/install/px4_msgs/include/px4_msgs/px4_msgs/msg/detail/parameter_set_used_request__type_support.hpp\n'}
[3.168497] (px4_msgs) StdoutLine: {'line': b'-- Up-to-date: /home/rschnurr/SkyClaw-Team1/ros2_ws/install/px4_msgs/include/px4_msgs/px4_msgs/msg/detail/orbit_status__type_support.hpp\n'}
[3.168619] (px4_msgs) StdoutLine: {'line': b'-- Up-to-date: /home/rschnurr/SkyClaw-Team1/ros2_ws/install/px4_msgs/include/px4_msgs/px4_msgs/msg/detail/sensor_uwb__builder.hpp\n'}
[3.168699] (px4_msgs) StdoutLine: {'line': b'-- Up-to-date: /home/rschnurr/SkyClaw-Team1/ros2_ws/install/px4_msgs/include/px4_msgs/px4_msgs/msg/detail/sensor_hygrometer__struct.hpp\n'}
[3.168901] (px4_msgs) StdoutLine: {'line': b'-- Up-to-date: /home/rschnurr/SkyClaw-Team1/ros2_ws/install/px4_msgs/include/px4_msgs/px4_msgs/msg/detail/iridiumsbd_status__type_support.hpp\n'}
[3.169051] (px4_msgs) StdoutLine: {'line': b'-- Up-to-date: /home/rschnurr/SkyClaw-Team1/ros2_ws/install/px4_msgs/include/px4_msgs/px4_msgs/msg/detail/vehicle_control_mode__type_support.hpp\n'}
[3.169326] (px4_msgs) StdoutLine: {'line': b'-- Up-to-date: /home/rschnurr/SkyClaw-Team1/ros2_ws/install/px4_msgs/include/px4_msgs/px4_msgs/msg/detail/action_request__builder.hpp\n'}
[3.169403] (px4_msgs) StdoutLine: {'line': b'-- Up-to-date: /home/rschnurr/SkyClaw-Team1/ros2_ws/install/px4_msgs/include/px4_msgs/px4_msgs/msg/detail/satellite_info__traits.hpp\n'}
[3.169461] (px4_msgs) StdoutLine: {'line': b'-- Up-to-date: /home/rschnurr/SkyClaw-Team1/ros2_ws/install/px4_msgs/include/px4_msgs/px4_msgs/msg/detail/vehicle_constraints__builder.hpp\n'}
[3.169515] (px4_msgs) StdoutLine: {'line': b'-- Up-to-date: /home/rschnurr/SkyClaw-Team1/ros2_ws/install/px4_msgs/include/px4_msgs/px4_msgs/msg/detail/estimator_bias__traits.hpp\n'}
[3.169567] (px4_msgs) StdoutLine: {'line': b'-- Up-to-date: /home/rschnurr/SkyClaw-Team1/ros2_ws/install/px4_msgs/include/px4_msgs/px4_msgs/msg/detail/vehicle_optical_flow__struct.hpp\n'}
[3.169617] (px4_msgs) StdoutLine: {'line': b'-- Up-to-date: /home/rschnurr/SkyClaw-Team1/ros2_ws/install/px4_msgs/include/px4_msgs/px4_msgs/msg/detail/gpio_config__type_support.hpp\n'}
[3.169665] (px4_msgs) StdoutLine: {'line': b'-- Up-to-date: /home/rschnurr/SkyClaw-Team1/ros2_ws/install/px4_msgs/include/px4_msgs/px4_msgs/msg/detail/vehicle_land_detected__struct.hpp\n'}
[3.169714] (px4_msgs) StdoutLine: {'line': b'-- Up-to-date: /home/rschnurr/SkyClaw-Team1/ros2_ws/install/px4_msgs/include/px4_msgs/px4_msgs/msg/detail/actuator_controls_status__builder.hpp\n'}
[3.169769] (px4_msgs) StdoutLine: {'line': b'-- Up-to-date: /home/rschnurr/SkyClaw-Team1/ros2_ws/install/px4_msgs/include/px4_msgs/px4_msgs/msg/detail/rtl_status__type_support.hpp\n'}
[3.169818] (px4_msgs) StdoutLine: {'line': b'-- Up-to-date: /home/rschnurr/SkyClaw-Team1/ros2_ws/install/px4_msgs/include/px4_msgs/px4_msgs/msg/detail/mount_orientation__type_support.hpp\n'}
[3.169865] (px4_msgs) StdoutLine: {'line': b'-- Up-to-date: /home/rschnurr/SkyClaw-Team1/ros2_ws/install/px4_msgs/include/px4_msgs/px4_msgs/msg/detail/follow_target_estimator__type_support.hpp\n'}
[3.169912] (px4_msgs) StdoutLine: {'line': b'-- Up-to-date: /home/rschnurr/SkyClaw-Team1/ros2_ws/install/px4_msgs/include/px4_msgs/px4_msgs/msg/detail/vehicle_torque_setpoint__struct.hpp\n'}
[3.169960] (px4_msgs) StdoutLine: {'line': b'-- Up-to-date: /home/rschnurr/SkyClaw-Team1/ros2_ws/install/px4_msgs/include/px4_msgs/px4_msgs/msg/detail/rover_throttle_setpoint__type_support.hpp\n'}
[3.170007] (px4_msgs) StdoutLine: {'line': b'-- Up-to-date: /home/rschnurr/SkyClaw-Team1/ros2_ws/install/px4_msgs/include/px4_msgs/px4_msgs/msg/detail/distance_sensor__traits.hpp\n'}
[3.170055] (px4_msgs) StdoutLine: {'line': b'-- Up-to-date: /home/rschnurr/SkyClaw-Team1/ros2_ws/install/px4_msgs/include/px4_msgs/px4_msgs/msg/detail/wind__builder.hpp\n'}
[3.170104] (px4_msgs) StdoutLine: {'line': b'-- Up-to-date: /home/rschnurr/SkyClaw-Team1/ros2_ws/install/px4_msgs/include/px4_msgs/px4_msgs/msg/detail/camera_status__traits.hpp\n'}
[3.170151] (px4_msgs) StdoutLine: {'line': b'-- Up-to-date: /home/rschnurr/SkyClaw-Team1/ros2_ws/install/px4_msgs/include/px4_msgs/px4_msgs/msg/detail/unregister_ext_component__struct.hpp\n'}
[3.170199] (px4_msgs) StdoutLine: {'line': b'-- Up-to-date: /home/rschnurr/SkyClaw-Team1/ros2_ws/install/px4_msgs/include/px4_msgs/px4_msgs/msg/detail/position_setpoint__type_support.hpp\n'}
[3.170245] (px4_msgs) StdoutLine: {'line': b'-- Up-to-date: /home/rschnurr/SkyClaw-Team1/ros2_ws/install/px4_msgs/include/px4_msgs/px4_msgs/msg/detail/parameter_update__struct.hpp\n'}
[3.170294] (px4_msgs) StdoutLine: {'line': b'-- Up-to-date: /home/rschnurr/SkyClaw-Team1/ros2_ws/install/px4_msgs/include/px4_msgs/px4_msgs/msg/detail/position_setpoint_triplet__traits.hpp\n'}
[3.170344] (px4_msgs) StdoutLine: {'line': b'-- Up-to-date: /home/rschnurr/SkyClaw-Team1/ros2_ws/install/px4_msgs/include/px4_msgs/px4_msgs/msg/detail/actuator_armed__struct.hpp\n'}
[3.170401] (px4_msgs) StdoutLine: {'line': b'-- Up-to-date: /home/rschnurr/SkyClaw-Team1/ros2_ws/install/px4_msgs/include/px4_msgs/px4_msgs/msg/detail/rover_position_setpoint__type_support.hpp\n'}
[3.170465] (px4_msgs) StdoutLine: {'line': b'-- Up-to-date: /home/rschnurr/SkyClaw-Team1/ros2_ws/install/px4_msgs/include/px4_msgs/px4_msgs/msg/detail/pwm_input__type_support.hpp\n'}
[3.170533] (px4_msgs) StdoutLine: {'line': b'-- Up-to-date: /home/rschnurr/SkyClaw-Team1/ros2_ws/install/px4_msgs/include/px4_msgs/px4_msgs/msg/detail/power_monitor__traits.hpp\n'}
[3.170591] (px4_msgs) StdoutLine: {'line': b'-- Up-to-date: /home/rschnurr/SkyClaw-Team1/ros2_ws/install/px4_msgs/include/px4_msgs/px4_msgs/msg/detail/log_message__traits.hpp\n'}
[3.170802] (px4_msgs) StdoutLine: {'line': b'-- Up-to-date: /home/rschnurr/SkyClaw-Team1/ros2_ws/install/px4_msgs/include/px4_msgs/px4_msgs/msg/detail/fixed_wing_runway_control__struct.hpp\n'}
[3.170916] (px4_msgs) StdoutLine: {'line': b'-- Up-to-date: /home/rschnurr/SkyClaw-Team1/ros2_ws/install/px4_msgs/include/px4_msgs/px4_msgs/msg/detail/input_rc__type_support.hpp\n'}
[3.170981] (px4_msgs) StdoutLine: {'line': b'-- Up-to-date: /home/rschnurr/SkyClaw-Team1/ros2_ws/install/px4_msgs/include/px4_msgs/px4_msgs/msg/detail/landing_gear__type_support.hpp\n'}
[3.171036] (px4_msgs) StdoutLine: {'line': b'-- Up-to-date: /home/rschnurr/SkyClaw-Team1/ros2_ws/install/px4_msgs/include/px4_msgs/px4_msgs/msg/detail/pps_capture__builder.hpp\n'}
[3.171086] (px4_msgs) StdoutLine: {'line': b'-- Up-to-date: /home/rschnurr/SkyClaw-Team1/ros2_ws/install/px4_msgs/include/px4_msgs/px4_msgs/msg/detail/ulog_stream_ack__struct.hpp\n'}
[3.171134] (px4_msgs) StdoutLine: {'line': b'-- Up-to-date: /home/rschnurr/SkyClaw-Team1/ros2_ws/install/px4_msgs/include/px4_msgs/px4_msgs/msg/detail/gpio_request__traits.hpp\n'}
[3.171184] (px4_msgs) StdoutLine: {'line': b'-- Up-to-date: /home/rschnurr/SkyClaw-Team1/ros2_ws/install/px4_msgs/include/px4_msgs/px4_msgs/msg/detail/health_report__builder.hpp\n'}
[3.171234] (px4_msgs) StdoutLine: {'line': b'-- Up-to-date: /home/rschnurr/SkyClaw-Team1/ros2_ws/install/px4_msgs/include/px4_msgs/px4_msgs/msg/detail/sensor_mag__builder.hpp\n'}
[3.171478] (px4_msgs) StdoutLine: {'line': b'-- Up-to-date: /home/rschnurr/SkyClaw-Team1/ros2_ws/install/px4_msgs/include/px4_msgs/px4_msgs/msg/detail/trajectory_setpoint6dof__builder.hpp\n'}
[3.171555] (px4_msgs) StdoutLine: {'line': b'-- Up-to-date: /home/rschnurr/SkyClaw-Team1/ros2_ws/install/px4_msgs/include/px4_msgs/px4_msgs/msg/detail/timesync_status__traits.hpp\n'}
[3.171613] (px4_msgs) StdoutLine: {'line': b'-- Up-to-date: /home/rschnurr/SkyClaw-Team1/ros2_ws/install/px4_msgs/include/px4_msgs/px4_msgs/msg/detail/cellular_status__struct.hpp\n'}
[3.171665] (px4_msgs) StdoutLine: {'line': b'-- Up-to-date: /home/rschnurr/SkyClaw-Team1/ros2_ws/install/px4_msgs/include/px4_msgs/px4_msgs/msg/detail/cpuload__traits.hpp\n'}
[3.171714] (px4_msgs) StdoutLine: {'line': b'-- Up-to-date: /home/rschnurr/SkyClaw-Team1/ros2_ws/install/px4_msgs/include/px4_msgs/px4_msgs/msg/detail/takeoff_status__traits.hpp\n'}
[3.171764] (px4_msgs) StdoutLine: {'line': b'-- Up-to-date: /home/rschnurr/SkyClaw-Team1/ros2_ws/install/px4_msgs/include/px4_msgs/px4_msgs/msg/detail/magnetometer_bias_estimate__builder.hpp\n'}
[3.171814] (px4_msgs) StdoutLine: {'line': b'-- Up-to-date: /home/rschnurr/SkyClaw-Team1/ros2_ws/install/px4_msgs/include/px4_msgs/px4_msgs/msg/detail/gimbal_device_set_attitude__builder.hpp\n'}
[3.171868] (px4_msgs) StdoutLine: {'line': b'-- Up-to-date: /home/rschnurr/SkyClaw-Team1/ros2_ws/install/px4_msgs/include/px4_msgs/px4_msgs/msg/detail/vehicle_roi__builder.hpp\n'}
[3.171914] (px4_msgs) StdoutLine: {'line': b'-- Up-to-date: /home/rschnurr/SkyClaw-Team1/ros2_ws/install/px4_msgs/include/px4_msgs/px4_msgs/msg/detail/parameter_reset_request__struct.hpp\n'}
[3.171961] (px4_msgs) StdoutLine: {'line': b'-- Up-to-date: /home/rschnurr/SkyClaw-Team1/ros2_ws/install/px4_msgs/include/px4_msgs/px4_msgs/msg/detail/rover_position_setpoint__traits.hpp\n'}
[3.172015] (px4_msgs) StdoutLine: {'line': b'-- Up-to-date: /home/rschnurr/SkyClaw-Team1/ros2_ws/install/px4_msgs/include/px4_msgs/px4_msgs/msg/detail/airspeed_wind__type_support.hpp\n'}
[3.172206] (px4_msgs) StdoutLine: {'line': b'-- Up-to-date: /home/rschnurr/SkyClaw-Team1/ros2_ws/install/px4_msgs/include/px4_msgs/px4_msgs/msg/detail/dataman_response__type_support.hpp\n'}
[3.172368] (px4_msgs) StdoutLine: {'line': b'-- Up-to-date: /home/rschnurr/SkyClaw-Team1/ros2_ws/install/px4_msgs/include/px4_msgs/px4_msgs/msg/detail/event__builder.hpp\n'}
[3.172549] (px4_msgs) StdoutLine: {'line': b'-- Up-to-date: /home/rschnurr/SkyClaw-Team1/ros2_ws/install/px4_msgs/include/px4_msgs/px4_msgs/msg/detail/logger_status__struct.hpp\n'}
[3.172655] (px4_msgs) StdoutLine: {'line': b'-- Up-to-date: /home/rschnurr/SkyClaw-Team1/ros2_ws/install/px4_msgs/include/px4_msgs/px4_msgs/msg/detail/camera_trigger__type_support.hpp\n'}
[3.172738] (px4_msgs) StdoutLine: {'line': b'-- Up-to-date: /home/rschnurr/SkyClaw-Team1/ros2_ws/install/px4_msgs/include/px4_msgs/px4_msgs/msg/detail/mission_result__builder.hpp\n'}
[3.172816] (px4_msgs) StdoutLine: {'line': b'-- Up-to-date: /home/rschnurr/SkyClaw-Team1/ros2_ws/install/px4_msgs/include/px4_msgs/px4_msgs/msg/detail/differential_pressure__traits.hpp\n'}
[3.173014] (px4_msgs) StdoutLine: {'line': b'-- Up-to-date: /home/rschnurr/SkyClaw-Team1/ros2_ws/install/px4_msgs/include/px4_msgs/px4_msgs/msg/detail/dronecan_node_status__struct.hpp\n'}
[3.173189] (px4_msgs) StdoutLine: {'line': b'-- Up-to-date: /home/rschnurr/SkyClaw-Team1/ros2_ws/install/px4_msgs/include/px4_msgs/px4_msgs/msg/detail/gimbal_manager_set_manual_control__type_support.hpp\n'}
[3.173274] (px4_msgs) StdoutLine: {'line': b'-- Up-to-date: /home/rschnurr/SkyClaw-Team1/ros2_ws/install/px4_msgs/include/px4_msgs/px4_msgs/msg/detail/esc_status__type_support.hpp\n'}
[3.173481] (px4_msgs) StdoutLine: {'line': b'-- Up-to-date: /home/rschnurr/SkyClaw-Team1/ros2_ws/install/px4_msgs/include/px4_msgs/px4_msgs/msg/detail/navigator_mission_item__traits.hpp\n'}
[3.173565] (px4_msgs) StdoutLine: {'line': b'-- Up-to-date: /home/rschnurr/SkyClaw-Team1/ros2_ws/install/px4_msgs/include/px4_msgs/px4_msgs/msg/detail/navigator_mission_item__struct.hpp\n'}
[3.173635] (px4_msgs) StdoutLine: {'line': b'-- Up-to-date: /home/rschnurr/SkyClaw-Team1/ros2_ws/install/px4_msgs/include/px4_msgs/px4_msgs/msg/detail/arming_check_reply__struct.hpp\n'}
[3.173699] (px4_msgs) StdoutLine: {'line': b'-- Up-to-date: /home/rschnurr/SkyClaw-Team1/ros2_ws/install/px4_msgs/include/px4_msgs/px4_msgs/msg/detail/yaw_estimator_status__traits.hpp\n'}
[3.173752] (px4_msgs) StdoutLine: {'line': b'-- Up-to-date: /home/rschnurr/SkyClaw-Team1/ros2_ws/install/px4_msgs/include/px4_msgs/px4_msgs/msg/detail/gps_dump__traits.hpp\n'}
[3.173804] (px4_msgs) StdoutLine: {'line': b'-- Up-to-date: /home/rschnurr/SkyClaw-Team1/ros2_ws/install/px4_msgs/include/px4_msgs/px4_msgs/msg/detail/register_ext_component_request__builder.hpp\n'}
[3.173856] (px4_msgs) StdoutLine: {'line': b'-- Up-to-date: /home/rschnurr/SkyClaw-Team1/ros2_ws/install/px4_msgs/include/px4_msgs/px4_msgs/msg/detail/lateral_control_configuration__struct.hpp\n'}
[3.173904] (px4_msgs) StdoutLine: {'line': b'-- Up-to-date: /home/rschnurr/SkyClaw-Team1/ros2_ws/install/px4_msgs/include/px4_msgs/px4_msgs/msg/detail/vehicle_imu_status__builder.hpp\n'}
[3.173954] (px4_msgs) StdoutLine: {'line': b'-- Up-to-date: /home/rschnurr/SkyClaw-Team1/ros2_ws/install/px4_msgs/include/px4_msgs/px4_msgs/msg/detail/satellite_info__type_support.hpp\n'}
[3.174125] (px4_msgs) StdoutLine: {'line': b'-- Up-to-date: /home/rschnurr/SkyClaw-Team1/ros2_ws/install/px4_msgs/include/px4_msgs/px4_msgs/msg/detail/gps_inject_data__struct.hpp\n'}
[3.174210] (px4_msgs) StdoutLine: {'line': b'-- Up-to-date: /home/rschnurr/SkyClaw-Team1/ros2_ws/install/px4_msgs/include/px4_msgs/px4_msgs/msg/detail/open_drone_id_operator_id__struct.hpp\n'}
[3.174271] (px4_msgs) StdoutLine: {'line': b'-- Up-to-date: /home/rschnurr/SkyClaw-Team1/ros2_ws/install/px4_msgs/include/px4_msgs/px4_msgs/msg/detail/follow_target__traits.hpp\n'}
[3.174323] (px4_msgs) StdoutLine: {'line': b'-- Up-to-date: /home/rschnurr/SkyClaw-Team1/ros2_ws/install/px4_msgs/include/px4_msgs/px4_msgs/msg/detail/battery_status__traits.hpp\n'}
[3.174385] (px4_msgs) StdoutLine: {'line': b'-- Up-to-date: /home/rschnurr/SkyClaw-Team1/ros2_ws/install/px4_msgs/include/px4_msgs/px4_msgs/msg/detail/figure_eight_status__struct.hpp\n'}
[3.174435] (px4_msgs) StdoutLine: {'line': b'-- Up-to-date: /home/rschnurr/SkyClaw-Team1/ros2_ws/install/px4_msgs/include/px4_msgs/px4_msgs/msg/detail/satellite_info__builder.hpp\n'}
[3.174489] (px4_msgs) StdoutLine: {'line': b'-- Up-to-date: /home/rschnurr/SkyClaw-Team1/ros2_ws/install/px4_msgs/include/px4_msgs/px4_msgs/msg/detail/qshell_retval__type_support.hpp\n'}
[3.174538] (px4_msgs) StdoutLine: {'line': b'-- Up-to-date: /home/rschnurr/SkyClaw-Team1/ros2_ws/install/px4_msgs/include/px4_msgs/px4_msgs/msg/detail/camera_capture__struct.hpp\n'}
[3.174587] (px4_msgs) StdoutLine: {'line': b'-- Up-to-date: /home/rschnurr/SkyClaw-Team1/ros2_ws/install/px4_msgs/include/px4_msgs/px4_msgs/msg/detail/estimator_event_flags__type_support.hpp\n'}
[3.174636] (px4_msgs) StdoutLine: {'line': b'-- Up-to-date: /home/rschnurr/SkyClaw-Team1/ros2_ws/install/px4_msgs/include/px4_msgs/px4_msgs/msg/detail/fixed_wing_longitudinal_setpoint__builder.hpp\n'}
[3.174688] (px4_msgs) StdoutLine: {'line': b'-- Up-to-date: /home/rschnurr/SkyClaw-Team1/ros2_ws/install/px4_msgs/include/px4_msgs/px4_msgs/msg/detail/register_ext_component_request__struct.hpp\n'}
[3.174734] (px4_msgs) StdoutLine: {'line': b'-- Up-to-date: /home/rschnurr/SkyClaw-Team1/ros2_ws/install/px4_msgs/include/px4_msgs/px4_msgs/msg/detail/debug_array__struct.hpp\n'}
[3.174779] (px4_msgs) StdoutLine: {'line': b'-- Up-to-date: /home/rschnurr/SkyClaw-Team1/ros2_ws/install/px4_msgs/include/px4_msgs/px4_msgs/msg/detail/landing_gear__builder.hpp\n'}
[3.174824] (px4_msgs) StdoutLine: {'line': b'-- Up-to-date: /home/rschnurr/SkyClaw-Team1/ros2_ws/install/px4_msgs/include/px4_msgs/px4_msgs/msg/detail/vehicle_attitude_setpoint__struct.hpp\n'}
[3.174870] (px4_msgs) StdoutLine: {'line': b'-- Up-to-date: /home/rschnurr/SkyClaw-Team1/ros2_ws/install/px4_msgs/include/px4_msgs/px4_msgs/msg/detail/gimbal_device_information__traits.hpp\n'}
[3.174915] (px4_msgs) StdoutLine: {'line': b'-- Up-to-date: /home/rschnurr/SkyClaw-Team1/ros2_ws/install/px4_msgs/include/px4_msgs/px4_msgs/msg/detail/open_drone_id_system__type_support.hpp\n'}
[3.174961] (px4_msgs) StdoutLine: {'line': b'-- Up-to-date: /home/rschnurr/SkyClaw-Team1/ros2_ws/install/px4_msgs/include/px4_msgs/px4_msgs/msg/detail/estimator_status__struct.hpp\n'}
[3.175006] (px4_msgs) StdoutLine: {'line': b'-- Up-to-date: /home/rschnurr/SkyClaw-Team1/ros2_ws/install/px4_msgs/include/px4_msgs/px4_msgs/msg/detail/estimator_sensor_bias__struct.hpp\n'}
[3.175051] (px4_msgs) StdoutLine: {'line': b'-- Up-to-date: /home/rschnurr/SkyClaw-Team1/ros2_ws/install/px4_msgs/include/px4_msgs/px4_msgs/msg/detail/airspeed_validated__traits.hpp\n'}
[3.175292] (px4_msgs) StdoutLine: {'line': b'-- Up-to-date: /home/rschnurr/SkyClaw-Team1/ros2_ws/install/px4_msgs/include/px4_msgs/px4_msgs/msg/detail/velocity_limits__builder.hpp\n'}
[3.175546] (px4_msgs) StdoutLine: {'line': b'-- Up-to-date: /home/rschnurr/SkyClaw-Team1/ros2_ws/install/px4_msgs/include/px4_msgs/px4_msgs/msg/detail/debug_array__type_support.hpp\n'}
[3.175661] (px4_msgs) StdoutLine: {'line': b'-- Up-to-date: /home/rschnurr/SkyClaw-Team1/ros2_ws/install/px4_msgs/include/px4_msgs/px4_msgs/msg/detail/trajectory_setpoint6dof__struct.hpp\n'}
[3.175728] (px4_msgs) StdoutLine: {'line': b'-- Up-to-date: /home/rschnurr/SkyClaw-Team1/ros2_ws/install/px4_msgs/include/px4_msgs/px4_msgs/msg/detail/heater_status__traits.hpp\n'}
[3.175786] (px4_msgs) StdoutLine: {'line': b'-- Up-to-date: /home/rschnurr/SkyClaw-Team1/ros2_ws/install/px4_msgs/include/px4_msgs/px4_msgs/msg/detail/vehicle_local_position_setpoint__type_support.hpp\n'}
[3.175836] (px4_msgs) StdoutLine: {'line': b'-- Up-to-date: /home/rschnurr/SkyClaw-Team1/ros2_ws/install/px4_msgs/include/px4_msgs/px4_msgs/msg/detail/open_drone_id_self_id__type_support.hpp\n'}
[3.175889] (px4_msgs) StdoutLine: {'line': b'-- Up-to-date: /home/rschnurr/SkyClaw-Team1/ros2_ws/install/px4_msgs/include/px4_msgs/px4_msgs/msg/detail/rtl_time_estimate__traits.hpp\n'}
[3.175954] (px4_msgs) StdoutLine: {'line': b'-- Up-to-date: /home/rschnurr/SkyClaw-Team1/ros2_ws/install/px4_msgs/include/px4_msgs/px4_msgs/msg/detail/actuator_servos__builder.hpp\n'}
[3.176037] (px4_msgs) StdoutLine: {'line': b'-- Up-to-date: /home/rschnurr/SkyClaw-Team1/ros2_ws/install/px4_msgs/include/px4_msgs/px4_msgs/msg/detail/estimator_selector_status__traits.hpp\n'}
[3.176274] (px4_msgs) StdoutLine: {'line': b'-- Up-to-date: /home/rschnurr/SkyClaw-Team1/ros2_ws/install/px4_msgs/include/px4_msgs/px4_msgs/msg/detail/transponder_report__type_support.hpp\n'}
[3.176522] (px4_msgs) StdoutLine: {'line': b'-- Up-to-date: /home/rschnurr/SkyClaw-Team1/ros2_ws/install/px4_msgs/include/px4_msgs/px4_msgs/msg/detail/vehicle_local_position__traits.hpp\n'}
[3.176728] (px4_msgs) StdoutLine: {'line': b'-- Up-to-date: /home/rschnurr/SkyClaw-Team1/ros2_ws/install/px4_msgs/include/px4_msgs/px4_msgs/msg/detail/manual_control_setpoint__builder.hpp\n'}
[3.176972] (px4_msgs) StdoutLine: {'line': b'-- Up-to-date: /home/rschnurr/SkyClaw-Team1/ros2_ws/install/px4_msgs/include/px4_msgs/px4_msgs/msg/detail/estimator_aid_source1d__traits.hpp\n'}
[3.177113] (px4_msgs) StdoutLine: {'line': b'-- Up-to-date: /home/rschnurr/SkyClaw-Team1/ros2_ws/install/px4_msgs/include/px4_msgs/px4_msgs/msg/detail/parameter_reset_request__builder.hpp\n'}
[3.177330] (px4_msgs) StdoutLine: {'line': b'-- Up-to-date: /home/rschnurr/SkyClaw-Team1/ros2_ws/install/px4_msgs/include/px4_msgs/px4_msgs/msg/detail/cellular_status__traits.hpp\n'}
[3.177547] (px4_msgs) StdoutLine: {'line': b'-- Up-to-date: /home/rschnurr/SkyClaw-Team1/ros2_ws/install/px4_msgs/include/px4_msgs/px4_msgs/msg/detail/open_drone_id_system__struct.hpp\n'}
[3.177649] (px4_msgs) StdoutLine: {'line': b'-- Up-to-date: /home/rschnurr/SkyClaw-Team1/ros2_ws/install/px4_msgs/include/px4_msgs/px4_msgs/msg/detail/vehicle_magnetometer__traits.hpp\n'}
[3.177730] (px4_msgs) StdoutLine: {'line': b'-- Up-to-date: /home/rschnurr/SkyClaw-Team1/ros2_ws/install/px4_msgs/include/px4_msgs/px4_msgs/msg/detail/vehicle_acceleration__traits.hpp\n'}
[3.177806] (px4_msgs) StdoutLine: {'line': b'-- Up-to-date: /home/rschnurr/SkyClaw-Team1/ros2_ws/install/px4_msgs/include/px4_msgs/px4_msgs/msg/detail/sensor_airflow__struct.hpp\n'}
[3.177879] (px4_msgs) StdoutLine: {'line': b'-- Up-to-date: /home/rschnurr/SkyClaw-Team1/ros2_ws/install/px4_msgs/include/px4_msgs/px4_msgs/msg/detail/tiltrotor_extra_controls__type_support.hpp\n'}
[3.177954] (px4_msgs) StdoutLine: {'line': b'-- Up-to-date: /home/rschnurr/SkyClaw-Team1/ros2_ws/install/px4_msgs/include/px4_msgs/px4_msgs/msg/detail/fixed_wing_longitudinal_setpoint__struct.hpp\n'}
[3.178028] (px4_msgs) StdoutLine: {'line': b'-- Up-to-date: /home/rschnurr/SkyClaw-Team1/ros2_ws/install/px4_msgs/include/px4_msgs/px4_msgs/msg/detail/tecs_status__struct.hpp\n'}
[3.178099] (px4_msgs) StdoutLine: {'line': b'-- Up-to-date: /home/rschnurr/SkyClaw-Team1/ros2_ws/install/px4_msgs/include/px4_msgs/px4_msgs/msg/detail/sensor_preflight_mag__builder.hpp\n'}
[3.178179] (px4_msgs) StdoutLine: {'line': b'-- Up-to-date: /home/rschnurr/SkyClaw-Team1/ros2_ws/install/px4_msgs/include/px4_msgs/px4_msgs/msg/detail/position_setpoint__struct.hpp\n'}
[3.178252] (px4_msgs) StdoutLine: {'line': b'-- Up-to-date: /home/rschnurr/SkyClaw-Team1/ros2_ws/install/px4_msgs/include/px4_msgs/px4_msgs/msg/detail/failsafe_flags__type_support.hpp\n'}
[3.178324] (px4_msgs) StdoutLine: {'line': b'-- Up-to-date: /home/rschnurr/SkyClaw-Team1/ros2_ws/install/px4_msgs/include/px4_msgs/px4_msgs/msg/detail/home_position__builder.hpp\n'}
[3.178394] (px4_msgs) StdoutLine: {'line': b'-- Up-to-date: /home/rschnurr/SkyClaw-Team1/ros2_ws/install/px4_msgs/include/px4_msgs/px4_msgs/msg/detail/fixed_wing_lateral_setpoint__traits.hpp\n'}
[3.178463] (px4_msgs) StdoutLine: {'line': b'-- Up-to-date: /home/rschnurr/SkyClaw-Team1/ros2_ws/install/px4_msgs/include/px4_msgs/px4_msgs/msg/detail/open_drone_id_self_id__builder.hpp\n'}
[3.178829] (px4_msgs) StdoutLine: {'line': b'-- Up-to-date: /home/rschnurr/SkyClaw-Team1/ros2_ws/install/px4_msgs/include/px4_msgs/px4_msgs/msg/detail/navigator_status__type_support.hpp\n'}
[3.178972] (px4_msgs) StdoutLine: {'line': b'-- Up-to-date: /home/rschnurr/SkyClaw-Team1/ros2_ws/install/px4_msgs/include/px4_msgs/px4_msgs/msg/detail/transponder_report__struct.hpp\n'}
[3.179056] (px4_msgs) StdoutLine: {'line': b'-- Up-to-date: /home/rschnurr/SkyClaw-Team1/ros2_ws/install/px4_msgs/include/px4_msgs/px4_msgs/msg/detail/parameter_set_value_request__traits.hpp\n'}
[3.179195] (px4_msgs) StdoutLine: {'line': b'-- Up-to-date: /home/rschnurr/SkyClaw-Team1/ros2_ws/install/px4_msgs/include/px4_msgs/px4_msgs/msg/detail/estimator_aid_source3d__builder.hpp\n'}
[3.179291] (px4_msgs) StdoutLine: {'line': b'-- Up-to-date: /home/rschnurr/SkyClaw-Team1/ros2_ws/install/px4_msgs/include/px4_msgs/px4_msgs/msg/detail/flight_phase_estimation__type_support.hpp\n'}
[3.179428] (px4_msgs) StdoutLine: {'line': b'-- Up-to-date: /home/rschnurr/SkyClaw-Team1/ros2_ws/install/px4_msgs/include/px4_msgs/px4_msgs/msg/detail/hover_thrust_estimate__traits.hpp\n'}
[3.179517] (px4_msgs) StdoutLine: {'line': b'-- Up-to-date: /home/rschnurr/SkyClaw-Team1/ros2_ws/install/px4_msgs/include/px4_msgs/px4_msgs/msg/detail/vehicle_roi__type_support.hpp\n'}
[3.179766] (px4_msgs) StdoutLine: {'line': b'-- Up-to-date: /home/rschnurr/SkyClaw-Team1/ros2_ws/install/px4_msgs/include/px4_msgs/px4_msgs/msg/detail/gpio_in__struct.hpp\n'}
[3.179883] (px4_msgs) StdoutLine: {'line': b'-- Up-to-date: /home/rschnurr/SkyClaw-Team1/ros2_ws/install/px4_msgs/include/px4_msgs/px4_msgs/msg/detail/trajectory_setpoint6dof__traits.hpp\n'}
[3.179970] (px4_msgs) StdoutLine: {'line': b'-- Up-to-date: /home/rschnurr/SkyClaw-Team1/ros2_ws/install/px4_msgs/include/px4_msgs/px4_msgs/msg/detail/fixed_wing_runway_control__traits.hpp\n'}
[3.180115] (px4_msgs) StdoutLine: {'line': b'-- Up-to-date: /home/rschnurr/SkyClaw-Team1/ros2_ws/install/px4_msgs/include/px4_msgs/px4_msgs/msg/detail/transponder_report__builder.hpp\n'}
[3.180231] (px4_msgs) StdoutLine: {'line': b'-- Up-to-date: /home/rschnurr/SkyClaw-Team1/ros2_ws/install/px4_msgs/include/px4_msgs/px4_msgs/msg/detail/vehicle_attitude__struct.hpp\n'}
[3.180309] (px4_msgs) StdoutLine: {'line': b'-- Up-to-date: /home/rschnurr/SkyClaw-Team1/ros2_ws/install/px4_msgs/include/px4_msgs/px4_msgs/msg/detail/sensor_gps__type_support.hpp\n'}
[3.180458] (px4_msgs) StdoutLine: {'line': b'-- Up-to-date: /home/rschnurr/SkyClaw-Team1/ros2_ws/install/px4_msgs/include/px4_msgs/px4_msgs/msg/detail/landing_target_innovations__struct.hpp\n'}
[3.180563] (px4_msgs) StdoutLine: {'line': b'-- Up-to-date: /home/rschnurr/SkyClaw-Team1/ros2_ws/install/px4_msgs/include/px4_msgs/px4_msgs/msg/detail/airspeed_validated__type_support.hpp\n'}
[3.181017] (px4_msgs) StdoutLine: {'line': b'-- Up-to-date: /home/rschnurr/SkyClaw-Team1/ros2_ws/install/px4_msgs/include/px4_msgs/px4_msgs/msg/detail/manual_control_switches__builder.hpp\n'}
[3.181162] (px4_msgs) StdoutLine: {'line': b'-- Up-to-date: /home/rschnurr/SkyClaw-Team1/ros2_ws/install/px4_msgs/include/px4_msgs/px4_msgs/msg/detail/sensors_status__builder.hpp\n'}
[3.181246] (px4_msgs) StdoutLine: {'line': b'-- Up-to-date: /home/rschnurr/SkyClaw-Team1/ros2_ws/install/px4_msgs/include/px4_msgs/px4_msgs/msg/detail/actuator_armed__traits.hpp\n'}
[3.181316] (px4_msgs) StdoutLine: {'line': b'-- Up-to-date: /home/rschnurr/SkyClaw-Team1/ros2_ws/install/px4_msgs/include/px4_msgs/px4_msgs/msg/detail/debug_value__struct.hpp\n'}
[3.181386] (px4_msgs) StdoutLine: {'line': b'-- Up-to-date: /home/rschnurr/SkyClaw-Team1/ros2_ws/install/px4_msgs/include/px4_msgs/px4_msgs/msg/detail/vehicle_odometry__builder.hpp\n'}
[3.181457] (px4_msgs) StdoutLine: {'line': b'-- Up-to-date: /home/rschnurr/SkyClaw-Team1/ros2_ws/install/px4_msgs/include/px4_msgs/px4_msgs/msg/detail/rover_rate_setpoint__struct.hpp\n'}
[3.181523] (px4_msgs) StdoutLine: {'line': b'-- Up-to-date: /home/rschnurr/SkyClaw-Team1/ros2_ws/install/px4_msgs/include/px4_msgs/px4_msgs/msg/detail/gps_dump__struct.hpp\n'}
[3.181603] (px4_msgs) StdoutLine: {'line': b'-- Up-to-date: /home/rschnurr/SkyClaw-Team1/ros2_ws/install/px4_msgs/include/px4_msgs/px4_msgs/msg/detail/health_report__traits.hpp\n'}
[3.181670] (px4_msgs) StdoutLine: {'line': b'-- Up-to-date: /home/rschnurr/SkyClaw-Team1/ros2_ws/install/px4_msgs/include/px4_msgs/px4_msgs/msg/detail/vehicle_imu__type_support.hpp\n'}
[3.181736] (px4_msgs) StdoutLine: {'line': b'-- Up-to-date: /home/rschnurr/SkyClaw-Team1/ros2_ws/install/px4_msgs/include/px4_msgs/px4_msgs/msg/detail/gimbal_device_attitude_status__struct.hpp\n'}
[3.181804] (px4_msgs) StdoutLine: {'line': b'-- Up-to-date: /home/rschnurr/SkyClaw-Team1/ros2_ws/install/px4_msgs/include/px4_msgs/px4_msgs/msg/detail/heater_status__struct.hpp\n'}
[3.181875] (px4_msgs) StdoutLine: {'line': b'-- Up-to-date: /home/rschnurr/SkyClaw-Team1/ros2_ws/install/px4_msgs/include/px4_msgs/px4_msgs/msg/detail/estimator_aid_source3d__traits.hpp\n'}
[3.181972] (px4_msgs) StdoutLine: {'line': b'-- Up-to-date: /home/rschnurr/SkyClaw-Team1/ros2_ws/install/px4_msgs/include/px4_msgs/px4_msgs/msg/detail/rate_ctrl_status__builder.hpp\n'}
[3.182044] (px4_msgs) StdoutLine: {'line': b'-- Up-to-date: /home/rschnurr/SkyClaw-Team1/ros2_ws/install/px4_msgs/include/px4_msgs/px4_msgs/msg/detail/actuator_servos__traits.hpp\n'}
[3.182114] (px4_msgs) StdoutLine: {'line': b'-- Up-to-date: /home/rschnurr/SkyClaw-Team1/ros2_ws/install/px4_msgs/include/px4_msgs/px4_msgs/msg/detail/px4io_status__builder.hpp\n'}
[3.182209] (px4_msgs) StdoutLine: {'line': b'-- Up-to-date: /home/rschnurr/SkyClaw-Team1/ros2_ws/install/px4_msgs/include/px4_msgs/px4_msgs/msg/detail/actuator_servos_trim__builder.hpp\n'}
[3.182345] (px4_msgs) StdoutLine: {'line': b'-- Up-to-date: /home/rschnurr/SkyClaw-Team1/ros2_ws/install/px4_msgs/include/px4_msgs/px4_msgs/msg/detail/tune_control__struct.hpp\n'}
[3.182476] (px4_msgs) StdoutLine: {'line': b'-- Up-to-date: /home/rschnurr/SkyClaw-Team1/ros2_ws/install/px4_msgs/include/px4_msgs/px4_msgs/msg/detail/sensor_gyro__struct.hpp\n'}
[3.182614] (px4_msgs) StdoutLine: {'line': b'-- Up-to-date: /home/rschnurr/SkyClaw-Team1/ros2_ws/install/px4_msgs/include/px4_msgs/px4_msgs/msg/detail/rtl_status__builder.hpp\n'}
[3.182696] (px4_msgs) StdoutLine: {'line': b'-- Up-to-date: /home/rschnurr/SkyClaw-Team1/ros2_ws/install/px4_msgs/include/px4_msgs/px4_msgs/msg/detail/sensors_status_imu__traits.hpp\n'}
[3.182906] (px4_msgs) StdoutLine: {'line': b'-- Up-to-date: /home/rschnurr/SkyClaw-Team1/ros2_ws/install/px4_msgs/include/px4_msgs/px4_msgs/msg/detail/sensor_gyro_fft__builder.hpp\n'}
[3.183089] (px4_msgs) StdoutLine: {'line': b'-- Up-to-date: /home/rschnurr/SkyClaw-Team1/ros2_ws/install/px4_msgs/include/px4_msgs/px4_msgs/msg/detail/sensor_gyro__type_support.hpp\n'}
[3.183274] (px4_msgs) StdoutLine: {'line': b'-- Up-to-date: /home/rschnurr/SkyClaw-Team1/ros2_ws/install/px4_msgs/include/px4_msgs/px4_msgs/msg/detail/follow_target_status__builder.hpp\n'}
[3.183514] (px4_msgs) StdoutLine: {'line': b'-- Up-to-date: /home/rschnurr/SkyClaw-Team1/ros2_ws/install/px4_msgs/include/px4_msgs/px4_msgs/msg/detail/actuator_motors__builder.hpp\n'}
[3.183766] (px4_msgs) StdoutLine: {'line': b'-- Up-to-date: /home/rschnurr/SkyClaw-Team1/ros2_ws/install/px4_msgs/include/px4_msgs/px4_msgs/msg/detail/unregister_ext_component__type_support.hpp\n'}
[3.183876] (px4_msgs) StdoutLine: {'line': b'-- Up-to-date: /home/rschnurr/SkyClaw-Team1/ros2_ws/install/px4_msgs/include/px4_msgs/px4_msgs/msg/detail/estimator_selector_status__type_support.hpp\n'}
[3.184192] (px4_msgs) StdoutLine: {'line': b'-- Up-to-date: /home/rschnurr/SkyClaw-Team1/ros2_ws/install/px4_msgs/include/px4_msgs/px4_msgs/msg/detail/can_interface_status__builder.hpp\n'}
[3.184508] (px4_msgs) StdoutLine: {'line': b'-- Up-to-date: /home/rschnurr/SkyClaw-Team1/ros2_ws/install/px4_msgs/include/px4_msgs/px4_msgs/msg/detail/ping__type_support.hpp\n'}
[3.184962] (px4_msgs) StdoutLine: {'line': b'-- Up-to-date: /home/rschnurr/SkyClaw-Team1/ros2_ws/install/px4_msgs/include/px4_msgs/px4_msgs/msg/detail/power_monitor__builder.hpp\n'}
[3.185216] (px4_msgs) StdoutLine: {'line': b'-- Up-to-date: /home/rschnurr/SkyClaw-Team1/ros2_ws/install/px4_msgs/include/px4_msgs/px4_msgs/msg/detail/pure_pursuit_status__type_support.hpp\n'}
[3.185333] (px4_msgs) StdoutLine: {'line': b'-- Up-to-date: /home/rschnurr/SkyClaw-Team1/ros2_ws/install/px4_msgs/include/px4_msgs/px4_msgs/msg/detail/mavlink_log__struct.hpp\n'}
[3.185543] (px4_msgs) StdoutLine: {'line': b'-- Up-to-date: /home/rschnurr/SkyClaw-Team1/ros2_ws/install/px4_msgs/include/px4_msgs/px4_msgs/msg/detail/gps_inject_data__traits.hpp\n'}
[3.185777] (px4_msgs) StdoutLine: {'line': b'-- Up-to-date: /home/rschnurr/SkyClaw-Team1/ros2_ws/install/px4_msgs/include/px4_msgs/px4_msgs/msg/detail/failure_detector_status__builder.hpp\n'}
[3.185909] (px4_msgs) StdoutLine: {'line': b'-- Up-to-date: /home/rschnurr/SkyClaw-Team1/ros2_ws/install/px4_msgs/include/px4_msgs/px4_msgs/msg/detail/sensor_uwb__traits.hpp\n'}
[3.186421] (px4_msgs) StdoutLine: {'line': b'-- Up-to-date: /home/rschnurr/SkyClaw-Team1/ros2_ws/install/px4_msgs/include/px4_msgs/px4_msgs/msg/detail/vehicle_local_position__struct.hpp\n'}
[3.186641] (px4_msgs) StdoutLine: {'line': b'-- Up-to-date: /home/rschnurr/SkyClaw-Team1/ros2_ws/install/px4_msgs/include/px4_msgs/px4_msgs/msg/detail/ekf2_timestamps__builder.hpp\n'}
[3.186756] (px4_msgs) StdoutLine: {'line': b'-- Up-to-date: /home/rschnurr/SkyClaw-Team1/ros2_ws/install/px4_msgs/include/px4_msgs/px4_msgs/msg/detail/vehicle_roi__traits.hpp\n'}
[3.186838] (px4_msgs) StdoutLine: {'line': b'-- Up-to-date: /home/rschnurr/SkyClaw-Team1/ros2_ws/install/px4_msgs/include/px4_msgs/px4_msgs/msg/detail/sensor_selection__struct.hpp\n'}
[3.186909] (px4_msgs) StdoutLine: {'line': b'-- Up-to-date: /home/rschnurr/SkyClaw-Team1/ros2_ws/install/px4_msgs/include/px4_msgs/px4_msgs/msg/detail/can_interface_status__type_support.hpp\n'}
[3.187036] (px4_msgs) StdoutLine: {'line': b'-- Up-to-date: /home/rschnurr/SkyClaw-Team1/ros2_ws/install/px4_msgs/include/px4_msgs/px4_msgs/msg/detail/normalized_unsigned_setpoint__struct.hpp\n'}
[3.187502] (px4_msgs) StdoutLine: {'line': b'-- Up-to-date: /home/rschnurr/SkyClaw-Team1/ros2_ws/install/px4_msgs/include/px4_msgs/px4_msgs/msg/detail/parameter_set_value_response__builder.hpp\n'}
[3.188350] (px4_msgs) StdoutLine: {'line': b'-- Up-to-date: /home/rschnurr/SkyClaw-Team1/ros2_ws/install/px4_msgs/include/px4_msgs/px4_msgs/msg/detail/action_request__struct.hpp\n'}
[3.188836] (px4_msgs) StdoutLine: {'line': b'-- Up-to-date: /home/rschnurr/SkyClaw-Team1/ros2_ws/install/px4_msgs/include/px4_msgs/px4_msgs/msg/detail/iridiumsbd_status__traits.hpp\n'}
[3.190301] (px4_msgs) StdoutLine: {'line': b'-- Up-to-date: /home/rschnurr/SkyClaw-Team1/ros2_ws/install/px4_msgs/include/px4_msgs/px4_msgs/msg/detail/generator_status__traits.hpp\n'}
[3.190578] (px4_msgs) StdoutLine: {'line': b'-- Up-to-date: /home/rschnurr/SkyClaw-Team1/ros2_ws/install/px4_msgs/include/px4_msgs/px4_msgs/msg/detail/dataman_response__struct.hpp\n'}
[3.190680] (px4_msgs) StdoutLine: {'line': b'-- Up-to-date: /home/rschnurr/SkyClaw-Team1/ros2_ws/install/px4_msgs/include/px4_msgs/px4_msgs/msg/detail/px4io_status__traits.hpp\n'}
[3.190757] (px4_msgs) StdoutLine: {'line': b'-- Up-to-date: /home/rschnurr/SkyClaw-Team1/ros2_ws/install/px4_msgs/include/px4_msgs/px4_msgs/msg/detail/dataman_request__traits.hpp\n'}
[3.190828] (px4_msgs) StdoutLine: {'line': b'-- Up-to-date: /home/rschnurr/SkyClaw-Team1/ros2_ws/install/px4_msgs/include/px4_msgs/px4_msgs/msg/detail/follow_target_estimator__traits.hpp\n'}
[3.190916] (px4_msgs) StdoutLine: {'line': b'-- Up-to-date: /home/rschnurr/SkyClaw-Team1/ros2_ws/install/px4_msgs/include/px4_msgs/px4_msgs/msg/detail/vehicle_magnetometer__struct.hpp\n'}
[3.190982] (px4_msgs) StdoutLine: {'line': b'-- Up-to-date: /home/rschnurr/SkyClaw-Team1/ros2_ws/install/px4_msgs/include/px4_msgs/px4_msgs/msg/detail/rover_throttle_setpoint__struct.hpp\n'}
[3.191047] (px4_msgs) StdoutLine: {'line': b'-- Up-to-date: /home/rschnurr/SkyClaw-Team1/ros2_ws/install/px4_msgs/include/px4_msgs/px4_msgs/msg/detail/rc_parameter_map__traits.hpp\n'}
[3.191117] (px4_msgs) StdoutLine: {'line': b'-- Up-to-date: /home/rschnurr/SkyClaw-Team1/ros2_ws/install/px4_msgs/include/px4_msgs/px4_msgs/msg/detail/actuator_motors__type_support.hpp\n'}
[3.191175] (px4_msgs) StdoutLine: {'line': b'-- Up-to-date: /home/rschnurr/SkyClaw-Team1/ros2_ws/install/px4_msgs/include/px4_msgs/px4_msgs/msg/detail/velocity_limits__traits.hpp\n'}
[3.191222] (px4_msgs) StdoutLine: {'line': b'-- Up-to-date: /home/rschnurr/SkyClaw-Team1/ros2_ws/install/px4_msgs/include/px4_msgs/px4_msgs/msg/detail/fixed_wing_lateral_guidance_status__traits.hpp\n'}
[3.191268] (px4_msgs) StdoutLine: {'line': b'-- Up-to-date: /home/rschnurr/SkyClaw-Team1/ros2_ws/install/px4_msgs/include/px4_msgs/px4_msgs/msg/detail/sensor_accel__type_support.hpp\n'}
[3.191317] (px4_msgs) StdoutLine: {'line': b'-- Up-to-date: /home/rschnurr/SkyClaw-Team1/ros2_ws/install/px4_msgs/include/px4_msgs/px4_msgs/msg/detail/longitudinal_control_configuration__traits.hpp\n'}
[3.191424] (px4_msgs) StdoutLine: {'line': b'-- Up-to-date: /home/rschnurr/SkyClaw-Team1/ros2_ws/install/px4_msgs/include/px4_msgs/px4_msgs/msg/detail/vtol_vehicle_status__builder.hpp\n'}
[3.191482] (px4_msgs) StdoutLine: {'line': b'-- Up-to-date: /home/rschnurr/SkyClaw-Team1/ros2_ws/install/px4_msgs/include/px4_msgs/px4_msgs/msg/detail/rate_ctrl_status__traits.hpp\n'}
[3.191533] (px4_msgs) StdoutLine: {'line': b'-- Up-to-date: /home/rschnurr/SkyClaw-Team1/ros2_ws/install/px4_msgs/include/px4_msgs/px4_msgs/msg/detail/position_controller_status__struct.hpp\n'}
[3.191587] (px4_msgs) StdoutLine: {'line': b'-- Up-to-date: /home/rschnurr/SkyClaw-Team1/ros2_ws/install/px4_msgs/include/px4_msgs/px4_msgs/msg/detail/vehicle_angular_acceleration_setpoint__type_support.hpp\n'}
[3.191642] (px4_msgs) StdoutLine: {'line': b'-- Up-to-date: /home/rschnurr/SkyClaw-Team1/ros2_ws/install/px4_msgs/include/px4_msgs/px4_msgs/msg/detail/estimator_bias__type_support.hpp\n'}
[3.191695] (px4_msgs) StdoutLine: {'line': b'-- Up-to-date: /home/rschnurr/SkyClaw-Team1/ros2_ws/install/px4_msgs/include/px4_msgs/px4_msgs/msg/detail/sensor_hygrometer__traits.hpp\n'}
[3.191746] (px4_msgs) StdoutLine: {'line': b'-- Up-to-date: /home/rschnurr/SkyClaw-Team1/ros2_ws/install/px4_msgs/include/px4_msgs/px4_msgs/msg/detail/rover_speed_status__struct.hpp\n'}
[3.191795] (px4_msgs) StdoutLine: {'line': b'-- Up-to-date: /home/rschnurr/SkyClaw-Team1/ros2_ws/install/px4_msgs/include/px4_msgs/px4_msgs/msg/detail/vehicle_air_data__struct.hpp\n'}
[3.191959] (px4_msgs) StdoutLine: {'line': b'-- Up-to-date: /home/rschnurr/SkyClaw-Team1/ros2_ws/install/px4_msgs/include/px4_msgs/px4_msgs/msg/detail/debug_array__builder.hpp\n'}
[3.192133] (px4_msgs) StdoutLine: {'line': b'-- Up-to-date: /home/rschnurr/SkyClaw-Team1/ros2_ws/install/px4_msgs/include/px4_msgs/px4_msgs/msg/detail/vehicle_attitude_setpoint__builder.hpp\n'}
[3.192294] (px4_msgs) StdoutLine: {'line': b'-- Up-to-date: /home/rschnurr/SkyClaw-Team1/ros2_ws/install/px4_msgs/include/px4_msgs/px4_msgs/msg/detail/neural_control__traits.hpp\n'}
[3.192384] (px4_msgs) StdoutLine: {'line': b'-- Up-to-date: /home/rschnurr/SkyClaw-Team1/ros2_ws/install/px4_msgs/include/px4_msgs/px4_msgs/msg/detail/qshell_retval__traits.hpp\n'}
[3.192474] (px4_msgs) StdoutLine: {'line': b'-- Up-to-date: /home/rschnurr/SkyClaw-Team1/ros2_ws/install/px4_msgs/include/px4_msgs/px4_msgs/msg/detail/irlock_report__type_support.hpp\n'}
[3.192544] (px4_msgs) StdoutLine: {'line': b'-- Up-to-date: /home/rschnurr/SkyClaw-Team1/ros2_ws/install/px4_msgs/include/px4_msgs/px4_msgs/msg/detail/airspeed__type_support.hpp\n'}
[3.192612] (px4_msgs) StdoutLine: {'line': b'-- Up-to-date: /home/rschnurr/SkyClaw-Team1/ros2_ws/install/px4_msgs/include/px4_msgs/px4_msgs/msg/detail/vehicle_roi__struct.hpp\n'}
[3.192680] (px4_msgs) StdoutLine: {'line': b'-- Up-to-date: /home/rschnurr/SkyClaw-Team1/ros2_ws/install/px4_msgs/include/px4_msgs/px4_msgs/msg/detail/sensor_gnss_status__struct.hpp\n'}
[3.192748] (px4_msgs) StdoutLine: {'line': b'-- Up-to-date: /home/rschnurr/SkyClaw-Team1/ros2_ws/install/px4_msgs/include/px4_msgs/px4_msgs/msg/detail/mavlink_tunnel__struct.hpp\n'}
[3.193002] (px4_msgs) StdoutLine: {'line': b'-- Up-to-date: /home/rschnurr/SkyClaw-Team1/ros2_ws/install/px4_msgs/include/px4_msgs/px4_msgs/msg/detail/figure_eight_status__type_support.hpp\n'}
[3.193091] (px4_msgs) StdoutLine: {'line': b'-- Up-to-date: /home/rschnurr/SkyClaw-Team1/ros2_ws/install/px4_msgs/include/px4_msgs/px4_msgs/msg/detail/event__struct.hpp\n'}
[3.193154] (px4_msgs) StdoutLine: {'line': b'-- Up-to-date: /home/rschnurr/SkyClaw-Team1/ros2_ws/install/px4_msgs/include/px4_msgs/px4_msgs/msg/detail/system_power__struct.hpp\n'}
[3.193253] (px4_msgs) StdoutLine: {'line': b'-- Up-to-date: /home/rschnurr/SkyClaw-Team1/ros2_ws/install/px4_msgs/include/px4_msgs/px4_msgs/msg/detail/open_drone_id_arm_status__traits.hpp\n'}
[3.193383] (px4_msgs) StdoutLine: {'line': b'-- Up-to-date: /home/rschnurr/SkyClaw-Team1/ros2_ws/install/px4_msgs/include/px4_msgs/px4_msgs/msg/detail/logger_status__type_support.hpp\n'}
[3.193446] (px4_msgs) StdoutLine: {'line': b'-- Up-to-date: /home/rschnurr/SkyClaw-Team1/ros2_ws/install/px4_msgs/include/px4_msgs/px4_msgs/msg/detail/vehicle_status__struct.hpp\n'}
[3.193500] (px4_msgs) StdoutLine: {'line': b'-- Up-to-date: /home/rschnurr/SkyClaw-Team1/ros2_ws/install/px4_msgs/include/px4_msgs/px4_msgs/msg/detail/orb_test__struct.hpp\n'}
[3.193550] (px4_msgs) StdoutLine: {'line': b'-- Up-to-date: /home/rschnurr/SkyClaw-Team1/ros2_ws/install/px4_msgs/include/px4_msgs/px4_msgs/msg/detail/distance_sensor_mode_change_request__traits.hpp\n'}
[3.193597] (px4_msgs) StdoutLine: {'line': b'-- Up-to-date: /home/rschnurr/SkyClaw-Team1/ros2_ws/install/px4_msgs/include/px4_msgs/px4_msgs/msg/detail/gpio_request__struct.hpp\n'}
[3.193646] (px4_msgs) StdoutLine: {'line': b'-- Up-to-date: /home/rschnurr/SkyClaw-Team1/ros2_ws/install/px4_msgs/include/px4_msgs/px4_msgs/msg/detail/actuator_outputs__struct.hpp\n'}
[3.193695] (px4_msgs) StdoutLine: {'line': b'-- Up-to-date: /home/rschnurr/SkyClaw-Team1/ros2_ws/install/px4_msgs/include/px4_msgs/px4_msgs/msg/detail/button_event__builder.hpp\n'}
[3.193745] (px4_msgs) StdoutLine: {'line': b'-- Up-to-date: /home/rschnurr/SkyClaw-Team1/ros2_ws/install/px4_msgs/include/px4_msgs/px4_msgs/msg/detail/ulog_stream__struct.hpp\n'}
[3.193791] (px4_msgs) StdoutLine: {'line': b'-- Up-to-date: /home/rschnurr/SkyClaw-Team1/ros2_ws/install/px4_msgs/include/px4_msgs/px4_msgs/msg/detail/mag_worker_data__type_support.hpp\n'}
[3.193854] (px4_msgs) StdoutLine: {'line': b'-- Up-to-date: /home/rschnurr/SkyClaw-Team1/ros2_ws/install/px4_msgs/include/px4_msgs/px4_msgs/msg/detail/gimbal_device_set_attitude__struct.hpp\n'}
[3.193911] (px4_msgs) StdoutLine: {'line': b'-- Up-to-date: /home/rschnurr/SkyClaw-Team1/ros2_ws/install/px4_msgs/include/px4_msgs/px4_msgs/msg/detail/orbit_status__struct.hpp\n'}
[3.193961] (px4_msgs) StdoutLine: {'line': b'-- Up-to-date: /home/rschnurr/SkyClaw-Team1/ros2_ws/install/px4_msgs/include/px4_msgs/px4_msgs/msg/detail/estimator_status_flags__traits.hpp\n'}
[3.194013] (px4_msgs) StdoutLine: {'line': b'-- Up-to-date: /home/rschnurr/SkyClaw-Team1/ros2_ws/install/px4_msgs/include/px4_msgs/px4_msgs/msg/detail/message_format_response__type_support.hpp\n'}
[3.194060] (px4_msgs) StdoutLine: {'line': b'-- Up-to-date: /home/rschnurr/SkyClaw-Team1/ros2_ws/install/px4_msgs/include/px4_msgs/px4_msgs/msg/detail/mode_completed__struct.hpp\n'}
[3.194106] (px4_msgs) StdoutLine: {'line': b'-- Up-to-date: /home/rschnurr/SkyClaw-Team1/ros2_ws/install/px4_msgs/include/px4_msgs/px4_msgs/msg/detail/vehicle_global_position__builder.hpp\n'}
[3.194152] (px4_msgs) StdoutLine: {'line': b'-- Up-to-date: /home/rschnurr/SkyClaw-Team1/ros2_ws/install/px4_msgs/include/px4_msgs/px4_msgs/msg/detail/control_allocator_status__traits.hpp\n'}
[3.194198] (px4_msgs) StdoutLine: {'line': b'-- Up-to-date: /home/rschnurr/SkyClaw-Team1/ros2_ws/install/px4_msgs/include/px4_msgs/px4_msgs/msg/detail/estimator_selector_status__struct.hpp\n'}
[3.194347] (px4_msgs) StdoutLine: {'line': b'-- Up-to-date: /home/rschnurr/SkyClaw-Team1/ros2_ws/install/px4_msgs/include/px4_msgs/px4_msgs/msg/detail/airspeed_wind__traits.hpp\n'}
[3.194642] (px4_msgs) StdoutLine: {'line': b'-- Up-to-date: /home/rschnurr/SkyClaw-Team1/ros2_ws/install/px4_msgs/include/px4_msgs/px4_msgs/msg/detail/task_stack_info__builder.hpp\n'}
[3.194790] (px4_msgs) StdoutLine: {'line': b'-- Up-to-date: /home/rschnurr/SkyClaw-Team1/ros2_ws/install/px4_msgs/include/px4_msgs/px4_msgs/msg/detail/actuator_motors__struct.hpp\n'}
[3.194899] (px4_msgs) StdoutLine: {'line': b'-- Up-to-date: /home/rschnurr/SkyClaw-Team1/ros2_ws/install/px4_msgs/include/px4_msgs/px4_msgs/msg/detail/tune_control__traits.hpp\n'}
[3.194960] (px4_msgs) StdoutLine: {'line': b'-- Up-to-date: /home/rschnurr/SkyClaw-Team1/ros2_ws/install/px4_msgs/include/px4_msgs/px4_msgs/msg/detail/message_format_response__struct.hpp\n'}
[3.195018] (px4_msgs) StdoutLine: {'line': b'-- Up-to-date: /home/rschnurr/SkyClaw-Team1/ros2_ws/install/px4_msgs/include/px4_msgs/px4_msgs/msg/detail/cpuload__struct.hpp\n'}
[3.195082] (px4_msgs) StdoutLine: {'line': b'-- Up-to-date: /home/rschnurr/SkyClaw-Team1/ros2_ws/install/px4_msgs/include/px4_msgs/px4_msgs/msg/detail/actuator_test__type_support.hpp\n'}
[3.195131] (px4_msgs) StdoutLine: {'line': b'-- Up-to-date: /home/rschnurr/SkyClaw-Team1/ros2_ws/install/px4_msgs/include/px4_msgs/px4_msgs/msg/detail/task_stack_info__struct.hpp\n'}
[3.195181] (px4_msgs) StdoutLine: {'line': b'-- Up-to-date: /home/rschnurr/SkyClaw-Team1/ros2_ws/install/px4_msgs/include/px4_msgs/px4_msgs/msg/detail/orb_test_large__traits.hpp\n'}
[3.195229] (px4_msgs) StdoutLine: {'line': b'-- Up-to-date: /home/rschnurr/SkyClaw-Team1/ros2_ws/install/px4_msgs/include/px4_msgs/px4_msgs/msg/detail/vehicle_global_position__traits.hpp\n'}
[3.195276] (px4_msgs) StdoutLine: {'line': b'-- Up-to-date: /home/rschnurr/SkyClaw-Team1/ros2_ws/install/px4_msgs/include/px4_msgs/px4_msgs/msg/detail/vehicle_thrust_setpoint__struct.hpp\n'}
[3.195350] (px4_msgs) StdoutLine: {'line': b'-- Up-to-date: /home/rschnurr/SkyClaw-Team1/ros2_ws/install/px4_msgs/include/px4_msgs/px4_msgs/msg/detail/parameter_reset_request__traits.hpp\n'}
[3.195416] (px4_msgs) StdoutLine: {'line': b'-- Up-to-date: /home/rschnurr/SkyClaw-Team1/ros2_ws/install/px4_msgs/include/px4_msgs/px4_msgs/msg/detail/can_interface_status__traits.hpp\n'}
[3.195470] (px4_msgs) StdoutLine: {'line': b'-- Up-to-date: /home/rschnurr/SkyClaw-Team1/ros2_ws/install/px4_msgs/include/px4_msgs/px4_msgs/msg/detail/actuator_servos_trim__struct.hpp\n'}
[3.195515] (px4_msgs) StdoutLine: {'line': b'-- Up-to-date: /home/rschnurr/SkyClaw-Team1/ros2_ws/install/px4_msgs/include/px4_msgs/px4_msgs/msg/detail/input_rc__builder.hpp\n'}
[3.195561] (px4_msgs) StdoutLine: {'line': b'-- Up-to-date: /home/rschnurr/SkyClaw-Team1/ros2_ws/install/px4_msgs/include/px4_msgs/px4_msgs/msg/detail/orb_test__traits.hpp\n'}
[3.195680] (px4_msgs) StdoutLine: {'line': b'-- Up-to-date: /home/rschnurr/SkyClaw-Team1/ros2_ws/install/px4_msgs/include/px4_msgs/px4_msgs/msg/detail/gripper__type_support.hpp\n'}
[3.195808] (px4_msgs) StdoutLine: {'line': b'-- Up-to-date: /home/rschnurr/SkyClaw-Team1/ros2_ws/install/px4_msgs/include/px4_msgs/px4_msgs/msg/detail/sensor_accel__traits.hpp\n'}
[3.195870] (px4_msgs) StdoutLine: {'line': b'-- Up-to-date: /home/rschnurr/SkyClaw-Team1/ros2_ws/install/px4_msgs/include/px4_msgs/px4_msgs/msg/detail/debug_array__traits.hpp\n'}
[3.195922] (px4_msgs) StdoutLine: {'line': b'-- Up-to-date: /home/rschnurr/SkyClaw-Team1/ros2_ws/install/px4_msgs/include/px4_msgs/px4_msgs/msg/detail/landing_gear__traits.hpp\n'}
[3.195990] (px4_msgs) StdoutLine: {'line': b'-- Up-to-date: /home/rschnurr/SkyClaw-Team1/ros2_ws/install/px4_msgs/include/px4_msgs/px4_msgs/msg/detail/vehicle_attitude_setpoint__type_support.hpp\n'}
[3.196058] (px4_msgs) StdoutLine: {'line': b'-- Up-to-date: /home/rschnurr/SkyClaw-Team1/ros2_ws/install/px4_msgs/include/px4_msgs/px4_msgs/msg/detail/follow_target_status__struct.hpp\n'}
[3.196205] (px4_msgs) StdoutLine: {'line': b'-- Up-to-date: /home/rschnurr/SkyClaw-Team1/ros2_ws/install/px4_msgs/include/px4_msgs/px4_msgs/msg/detail/rtl_status__struct.hpp\n'}
[3.196431] (px4_msgs) StdoutLine: {'line': b'-- Up-to-date: /home/rschnurr/SkyClaw-Team1/ros2_ws/install/px4_msgs/include/px4_msgs/px4_msgs/msg/detail/onboard_computer_status__traits.hpp\n'}
[3.196545] (px4_msgs) StdoutLine: {'line': b'-- Up-to-date: /home/rschnurr/SkyClaw-Team1/ros2_ws/install/px4_msgs/include/px4_msgs/px4_msgs/msg/detail/vehicle_global_position__type_support.hpp\n'}
[3.196627] (px4_msgs) StdoutLine: {'line': b'-- Up-to-date: /home/rschnurr/SkyClaw-Team1/ros2_ws/install/px4_msgs/include/px4_msgs/px4_msgs/msg/detail/differential_pressure__struct.hpp\n'}
[3.196702] (px4_msgs) StdoutLine: {'line': b'-- Up-to-date: /home/rschnurr/SkyClaw-Team1/ros2_ws/install/px4_msgs/include/px4_msgs/px4_msgs/msg/detail/home_position__traits.hpp\n'}
[3.196793] (px4_msgs) StdoutLine: {'line': b'-- Up-to-date: /home/rschnurr/SkyClaw-Team1/ros2_ws/install/px4_msgs/include/px4_msgs/px4_msgs/msg/detail/irlock_report__traits.hpp\n'}
[3.196869] (px4_msgs) StdoutLine: {'line': b'-- Up-to-date: /home/rschnurr/SkyClaw-Team1/ros2_ws/install/px4_msgs/include/px4_msgs/px4_msgs/msg/detail/system_power__type_support.hpp\n'}
[3.197092] (px4_msgs) StdoutLine: {'line': b'-- Up-to-date: /home/rschnurr/SkyClaw-Team1/ros2_ws/install/px4_msgs/include/px4_msgs/px4_msgs/msg/detail/register_ext_component_reply__type_support.hpp\n'}
[3.197202] (px4_msgs) StdoutLine: {'line': b'-- Up-to-date: /home/rschnurr/SkyClaw-Team1/ros2_ws/install/px4_msgs/include/px4_msgs/px4_msgs/msg/detail/vehicle_acceleration__type_support.hpp\n'}
[3.197260] (px4_msgs) StdoutLine: {'line': b'-- Up-to-date: /home/rschnurr/SkyClaw-Team1/ros2_ws/install/px4_msgs/include/px4_msgs/px4_msgs/msg/detail/gpio_in__type_support.hpp\n'}
[3.197661] (px4_msgs) StdoutLine: {'line': b'-- Up-to-date: /home/rschnurr/SkyClaw-Team1/ros2_ws/install/px4_msgs/include/px4_msgs/px4_msgs/msg/detail/sensor_accel_fifo__type_support.hpp\n'}
[3.197987] (px4_msgs) StdoutLine: {'line': b'-- Up-to-date: /home/rschnurr/SkyClaw-Team1/ros2_ws/install/px4_msgs/include/px4_msgs/px4_msgs/msg/detail/message_format_request__struct.hpp\n'}
[3.198196] (px4_msgs) StdoutLine: {'line': b'-- Up-to-date: /home/rschnurr/SkyClaw-Team1/ros2_ws/install/px4_msgs/include/px4_msgs/px4_msgs/msg/detail/open_drone_id_system__builder.hpp\n'}
[3.198434] (px4_msgs) StdoutLine: {'line': b'-- Up-to-date: /home/rschnurr/SkyClaw-Team1/ros2_ws/install/px4_msgs/include/px4_msgs/px4_msgs/msg/detail/open_drone_id_operator_id__builder.hpp\n'}
[3.198587] (px4_msgs) StdoutLine: {'line': b'-- Up-to-date: /home/rschnurr/SkyClaw-Team1/ros2_ws/install/px4_msgs/include/px4_msgs/px4_msgs/msg/detail/geofence_status__traits.hpp\n'}
[3.198664] (px4_msgs) StdoutLine: {'line': b'-- Up-to-date: /home/rschnurr/SkyClaw-Team1/ros2_ws/install/px4_msgs/include/px4_msgs/px4_msgs/msg/detail/follow_target__struct.hpp\n'}
[3.198724] (px4_msgs) StdoutLine: {'line': b'-- Up-to-date: /home/rschnurr/SkyClaw-Team1/ros2_ws/install/px4_msgs/include/px4_msgs/px4_msgs/msg/detail/mission_result__type_support.hpp\n'}
[3.198791] (px4_msgs) StdoutLine: {'line': b'-- Up-to-date: /home/rschnurr/SkyClaw-Team1/ros2_ws/install/px4_msgs/include/px4_msgs/px4_msgs/msg/detail/sensor_mag__struct.hpp\n'}
[3.198846] (px4_msgs) StdoutLine: {'line': b'-- Up-to-date: /home/rschnurr/SkyClaw-Team1/ros2_ws/install/px4_msgs/include/px4_msgs/px4_msgs/msg/detail/fixed_wing_runway_control__builder.hpp\n'}
[3.198894] (px4_msgs) StdoutLine: {'line': b'-- Up-to-date: /home/rschnurr/SkyClaw-Team1/ros2_ws/install/px4_msgs/include/px4_msgs/px4_msgs/msg/detail/takeoff_status__type_support.hpp\n'}
[3.199026] (px4_msgs) StdoutLine: {'line': b'-- Up-to-date: /home/rschnurr/SkyClaw-Team1/ros2_ws/install/px4_msgs/include/px4_msgs/px4_msgs/msg/detail/parameter_set_value_response__type_support.hpp\n'}
[3.199563] (px4_msgs) StdoutLine: {'line': b'-- Up-to-date: /home/rschnurr/SkyClaw-Team1/ros2_ws/install/px4_msgs/include/px4_msgs/px4_msgs/msg/detail/power_button_state__traits.hpp\n'}
[3.199731] (px4_msgs) StdoutLine: {'line': b'-- Up-to-date: /home/rschnurr/SkyClaw-Team1/ros2_ws/install/px4_msgs/include/px4_msgs/px4_msgs/msg/detail/orb_test__builder.hpp\n'}
[3.199833] (px4_msgs) StdoutLine: {'line': b'-- Up-to-date: /home/rschnurr/SkyClaw-Team1/ros2_ws/install/px4_msgs/include/px4_msgs/px4_msgs/msg/detail/pwm_input__builder.hpp\n'}
[3.199905] (px4_msgs) StdoutLine: {'line': b'-- Up-to-date: /home/rschnurr/SkyClaw-Team1/ros2_ws/install/px4_msgs/include/px4_msgs/px4_msgs/msg/detail/debug_key_value__traits.hpp\n'}
[3.199978] (px4_msgs) StdoutLine: {'line': b'-- Up-to-date: /home/rschnurr/SkyClaw-Team1/ros2_ws/install/px4_msgs/include/px4_msgs/px4_msgs/msg/detail/navigator_status__traits.hpp\n'}
[3.200051] (px4_msgs) StdoutLine: {'line': b'-- Up-to-date: /home/rschnurr/SkyClaw-Team1/ros2_ws/install/px4_msgs/include/px4_msgs/px4_msgs/msg/detail/open_drone_id_arm_status__builder.hpp\n'}
[3.200125] (px4_msgs) StdoutLine: {'line': b'-- Up-to-date: /home/rschnurr/SkyClaw-Team1/ros2_ws/install/px4_msgs/include/px4_msgs/px4_msgs/msg/detail/cellular_status__type_support.hpp\n'}
[3.200202] (px4_msgs) StdoutLine: {'line': b'-- Up-to-date: /home/rschnurr/SkyClaw-Team1/ros2_ws/install/px4_msgs/include/px4_msgs/px4_msgs/msg/detail/internal_combustion_engine_control__type_support.hpp\n'}
[3.200347] (px4_msgs) StdoutLine: {'line': b'-- Up-to-date: /home/rschnurr/SkyClaw-Team1/ros2_ws/install/px4_msgs/include/px4_msgs/px4_msgs/msg/detail/arming_check_reply__traits.hpp\n'}
[3.200459] (px4_msgs) StdoutLine: {'line': b'-- Up-to-date: /home/rschnurr/SkyClaw-Team1/ros2_ws/install/px4_msgs/include/px4_msgs/px4_msgs/msg/detail/vehicle_angular_velocity__traits.hpp\n'}
[3.200641] (px4_msgs) StdoutLine: {'line': b'-- Up-to-date: /home/rschnurr/SkyClaw-Team1/ros2_ws/install/px4_msgs/include/px4_msgs/px4_msgs/msg/detail/collision_constraints__traits.hpp\n'}
[3.200788] (px4_msgs) StdoutLine: {'line': b'-- Up-to-date: /home/rschnurr/SkyClaw-Team1/ros2_ws/install/px4_msgs/include/px4_msgs/px4_msgs/msg/detail/tiltrotor_extra_controls__traits.hpp\n'}
[3.200873] (px4_msgs) StdoutLine: {'line': b'-- Up-to-date: /home/rschnurr/SkyClaw-Team1/ros2_ws/install/px4_msgs/include/px4_msgs/px4_msgs/msg/detail/task_stack_info__type_support.hpp\n'}
[3.200948] (px4_msgs) StdoutLine: {'line': b'-- Up-to-date: /home/rschnurr/SkyClaw-Team1/ros2_ws/install/px4_msgs/include/px4_msgs/px4_msgs/msg/detail/vehicle_angular_acceleration_setpoint__struct.hpp\n'}
[3.201022] (px4_msgs) StdoutLine: {'line': b'-- Up-to-date: /home/rschnurr/SkyClaw-Team1/ros2_ws/install/px4_msgs/include/px4_msgs/px4_msgs/msg/detail/esc_report__type_support.hpp\n'}
[3.201108] (px4_msgs) StdoutLine: {'line': b'-- Up-to-date: /home/rschnurr/SkyClaw-Team1/ros2_ws/install/px4_msgs/include/px4_msgs/px4_msgs/msg/detail/landing_gear_wheel__builder.hpp\n'}
[3.201283] (px4_msgs) StdoutLine: {'line': b'-- Up-to-date: /home/rschnurr/SkyClaw-Team1/ros2_ws/install/px4_msgs/include/px4_msgs/px4_msgs/msg/detail/geofence_status__type_support.hpp\n'}
[3.201390] (px4_msgs) StdoutLine: {'line': b'-- Up-to-date: /home/rschnurr/SkyClaw-Team1/ros2_ws/install/px4_msgs/include/px4_msgs/px4_msgs/msg/detail/parameter_set_value_request__builder.hpp\n'}
[3.201476] (px4_msgs) StdoutLine: {'line': b'-- Up-to-date: /home/rschnurr/SkyClaw-Team1/ros2_ws/install/px4_msgs/include/px4_msgs/px4_msgs/msg/detail/geofence_result__builder.hpp\n'}
[3.201552] (px4_msgs) StdoutLine: {'line': b'-- Up-to-date: /home/rschnurr/SkyClaw-Team1/ros2_ws/install/px4_msgs/include/px4_msgs/px4_msgs/msg/detail/rover_rate_setpoint__type_support.hpp\n'}
[3.201625] (px4_msgs) StdoutLine: {'line': b'-- Up-to-date: /home/rschnurr/SkyClaw-Team1/ros2_ws/install/px4_msgs/include/px4_msgs/px4_msgs/msg/detail/rc_channels__builder.hpp\n'}
[3.201718] (px4_msgs) StdoutLine: {'line': b'-- Up-to-date: /home/rschnurr/SkyClaw-Team1/ros2_ws/install/px4_msgs/include/px4_msgs/px4_msgs/msg/detail/gimbal_manager_information__traits.hpp\n'}
[3.201860] (px4_msgs) StdoutLine: {'line': b'-- Up-to-date: /home/rschnurr/SkyClaw-Team1/ros2_ws/install/px4_msgs/include/px4_msgs/px4_msgs/msg/detail/rpm__struct.hpp\n'}
[3.201943] (px4_msgs) StdoutLine: {'line': b'-- Up-to-date: /home/rschnurr/SkyClaw-Team1/ros2_ws/install/px4_msgs/include/px4_msgs/px4_msgs/msg/detail/pure_pursuit_status__builder.hpp\n'}
[3.202032] (px4_msgs) StdoutLine: {'line': b'-- Up-to-date: /home/rschnurr/SkyClaw-Team1/ros2_ws/install/px4_msgs/include/px4_msgs/px4_msgs/msg/detail/longitudinal_control_configuration__struct.hpp\n'}
[3.202109] (px4_msgs) StdoutLine: {'line': b'-- Up-to-date: /home/rschnurr/SkyClaw-Team1/ros2_ws/install/px4_msgs/include/px4_msgs/px4_msgs/msg/detail/config_overrides__struct.hpp\n'}
[3.202180] (px4_msgs) StdoutLine: {'line': b'-- Up-to-date: /home/rschnurr/SkyClaw-Team1/ros2_ws/install/px4_msgs/include/px4_msgs/px4_msgs/msg/detail/sensor_gyro_fft__traits.hpp\n'}
[3.202248] (px4_msgs) StdoutLine: {'line': b'-- Up-to-date: /home/rschnurr/SkyClaw-Team1/ros2_ws/install/px4_msgs/include/px4_msgs/px4_msgs/msg/detail/gimbal_manager_set_manual_control__builder.hpp\n'}
[3.202315] (px4_msgs) StdoutLine: {'line': b'-- Up-to-date: /home/rschnurr/SkyClaw-Team1/ros2_ws/install/px4_msgs/include/px4_msgs/px4_msgs/msg/detail/vehicle_torque_setpoint__builder.hpp\n'}
[3.202394] (px4_msgs) StdoutLine: {'line': b'-- Up-to-date: /home/rschnurr/SkyClaw-Team1/ros2_ws/install/px4_msgs/include/px4_msgs/px4_msgs/msg/detail/rover_steering_setpoint__traits.hpp\n'}
[3.202470] (px4_msgs) StdoutLine: {'line': b'-- Up-to-date: /home/rschnurr/SkyClaw-Team1/ros2_ws/install/px4_msgs/include/px4_msgs/px4_msgs/msg/detail/fixed_wing_lateral_status__traits.hpp\n'}
[3.202540] (px4_msgs) StdoutLine: {'line': b'-- Up-to-date: /home/rschnurr/SkyClaw-Team1/ros2_ws/install/px4_msgs/include/px4_msgs/px4_msgs/msg/detail/config_overrides__builder.hpp\n'}
[3.202611] (px4_msgs) StdoutLine: {'line': b'-- Up-to-date: /home/rschnurr/SkyClaw-Team1/ros2_ws/install/px4_msgs/include/px4_msgs/px4_msgs/msg/detail/rover_position_setpoint__struct.hpp\n'}
[3.202677] (px4_msgs) StdoutLine: {'line': b'-- Up-to-date: /home/rschnurr/SkyClaw-Team1/ros2_ws/install/px4_msgs/include/px4_msgs/px4_msgs/msg/detail/yaw_estimator_status__struct.hpp\n'}
[3.202876] (px4_msgs) StdoutLine: {'line': b'-- Up-to-date: /home/rschnurr/SkyClaw-Team1/ros2_ws/install/px4_msgs/include/px4_msgs/px4_msgs/msg/detail/ulog_stream__type_support.hpp\n'}
[3.202989] (px4_msgs) StdoutLine: {'line': b'-- Up-to-date: /home/rschnurr/SkyClaw-Team1/ros2_ws/install/px4_msgs/include/px4_msgs/px4_msgs/msg/detail/sensor_gnss_status__traits.hpp\n'}
[3.203075] (px4_msgs) StdoutLine: {'line': b'-- Up-to-date: /home/rschnurr/SkyClaw-Team1/ros2_ws/install/px4_msgs/include/px4_msgs/px4_msgs/msg/detail/estimator_selector_status__builder.hpp\n'}
[3.203152] (px4_msgs) StdoutLine: {'line': b'-- Up-to-date: /home/rschnurr/SkyClaw-Team1/ros2_ws/install/px4_msgs/include/px4_msgs/px4_msgs/msg/detail/sensor_optical_flow__struct.hpp\n'}
[3.203225] (px4_msgs) StdoutLine: {'line': b'-- Up-to-date: /home/rschnurr/SkyClaw-Team1/ros2_ws/install/px4_msgs/include/px4_msgs/px4_msgs/msg/detail/actuator_outputs__builder.hpp\n'}
[3.203297] (px4_msgs) StdoutLine: {'line': b'-- Up-to-date: /home/rschnurr/SkyClaw-Team1/ros2_ws/install/px4_msgs/include/px4_msgs/px4_msgs/msg/detail/gpio_request__type_support.hpp\n'}
[3.203418] (px4_msgs) StdoutLine: {'line': b'-- Up-to-date: /home/rschnurr/SkyClaw-Team1/ros2_ws/install/px4_msgs/include/px4_msgs/px4_msgs/msg/detail/position_controller_status__type_support.hpp\n'}
[3.203494] (px4_msgs) StdoutLine: {'line': b'-- Up-to-date: /home/rschnurr/SkyClaw-Team1/ros2_ws/install/px4_msgs/include/px4_msgs/px4_msgs/msg/detail/arming_check_request__struct.hpp\n'}
[3.203580] (px4_msgs) StdoutLine: {'line': b'-- Up-to-date: /home/rschnurr/SkyClaw-Team1/ros2_ws/install/px4_msgs/include/px4_msgs/px4_msgs/msg/detail/ping__traits.hpp\n'}
[3.203650] (px4_msgs) StdoutLine: {'line': b'-- Up-to-date: /home/rschnurr/SkyClaw-Team1/ros2_ws/install/px4_msgs/include/px4_msgs/px4_msgs/msg/detail/generator_status__builder.hpp\n'}
[3.203720] (px4_msgs) StdoutLine: {'line': b'-- Up-to-date: /home/rschnurr/SkyClaw-Team1/ros2_ws/install/px4_msgs/include/px4_msgs/px4_msgs/msg/detail/internal_combustion_engine_control__builder.hpp\n'}
[3.203792] (px4_msgs) StdoutLine: {'line': b'-- Up-to-date: /home/rschnurr/SkyClaw-Team1/ros2_ws/install/px4_msgs/include/px4_msgs/px4_msgs/msg/detail/orb_test_medium__type_support.hpp\n'}
[3.203902] (px4_msgs) StdoutLine: {'line': b'-- Up-to-date: /home/rschnurr/SkyClaw-Team1/ros2_ws/install/px4_msgs/include/px4_msgs/px4_msgs/msg/detail/sensors_status__struct.hpp\n'}
[3.204030] (px4_msgs) StdoutLine: {'line': b'-- Up-to-date: /home/rschnurr/SkyClaw-Team1/ros2_ws/install/px4_msgs/include/px4_msgs/px4_msgs/msg/detail/sensor_gyro_fifo__traits.hpp\n'}
[3.204374] (px4_msgs) StdoutLine: {'line': b'-- Up-to-date: /home/rschnurr/SkyClaw-Team1/ros2_ws/install/px4_msgs/include/px4_msgs/px4_msgs/msg/detail/esc_status__traits.hpp\n'}
[3.204515] (px4_msgs) StdoutLine: {'line': b'-- Up-to-date: /home/rschnurr/SkyClaw-Team1/ros2_ws/install/px4_msgs/include/px4_msgs/px4_msgs/msg/detail/dataman_response__builder.hpp\n'}
[3.204596] (px4_msgs) StdoutLine: {'line': b'-- Up-to-date: /home/rschnurr/SkyClaw-Team1/ros2_ws/install/px4_msgs/include/px4_msgs/px4_msgs/msg/detail/lateral_control_configuration__type_support.hpp\n'}
[3.204668] (px4_msgs) StdoutLine: {'line': b'-- Up-to-date: /home/rschnurr/SkyClaw-Team1/ros2_ws/install/px4_msgs/include/px4_msgs/px4_msgs/msg/detail/gpio_out__traits.hpp\n'}
[3.204739] (px4_msgs) StdoutLine: {'line': b'-- Up-to-date: /home/rschnurr/SkyClaw-Team1/ros2_ws/install/px4_msgs/include/px4_msgs/px4_msgs/msg/detail/estimator_aid_source2d__builder.hpp\n'}
[3.204807] (px4_msgs) StdoutLine: {'line': b'-- Up-to-date: /home/rschnurr/SkyClaw-Team1/ros2_ws/install/px4_msgs/include/px4_msgs/px4_msgs/msg/detail/vehicle_imu_status__struct.hpp\n'}
[3.204932] (px4_msgs) StdoutLine: {'line': b'-- Up-to-date: /home/rschnurr/SkyClaw-Team1/ros2_ws/install/px4_msgs/include/px4_msgs/px4_msgs/msg/detail/vehicle_acceleration__builder.hpp\n'}
[3.205135] (px4_msgs) StdoutLine: {'line': b'-- Up-to-date: /home/rschnurr/SkyClaw-Team1/ros2_ws/install/px4_msgs/include/px4_msgs/px4_msgs/msg/detail/sensor_baro__type_support.hpp\n'}
[3.205222] (px4_msgs) StdoutLine: {'line': b'-- Up-to-date: /home/rschnurr/SkyClaw-Team1/ros2_ws/install/px4_msgs/include/px4_msgs/px4_msgs/msg/detail/launch_detection_status__struct.hpp\n'}
[3.205298] (px4_msgs) StdoutLine: {'line': b'-- Up-to-date: /home/rschnurr/SkyClaw-Team1/ros2_ws/install/px4_msgs/include/px4_msgs/px4_msgs/msg/detail/rover_speed_setpoint__type_support.hpp\n'}
[3.205439] (px4_msgs) StdoutLine: {'line': b'-- Up-to-date: /home/rschnurr/SkyClaw-Team1/ros2_ws/install/px4_msgs/include/px4_msgs/px4_msgs/msg/detail/vehicle_thrust_setpoint__traits.hpp\n'}
[3.205769] (px4_msgs) StdoutLine: {'line': b'-- Up-to-date: /home/rschnurr/SkyClaw-Team1/ros2_ws/install/px4_msgs/include/px4_msgs/px4_msgs/msg/detail/rtl_time_estimate__type_support.hpp\n'}
[3.205901] (px4_msgs) StdoutLine: {'line': b'-- Up-to-date: /home/rschnurr/SkyClaw-Team1/ros2_ws/install/px4_msgs/include/px4_msgs/px4_msgs/msg/detail/estimator_gps_status__type_support.hpp\n'}
[3.206044] (px4_msgs) StdoutLine: {'line': b'-- Up-to-date: /home/rschnurr/SkyClaw-Team1/ros2_ws/install/px4_msgs/include/px4_msgs/px4_msgs/msg/detail/neural_control__struct.hpp\n'}
[3.206130] (px4_msgs) StdoutLine: {'line': b'-- Up-to-date: /home/rschnurr/SkyClaw-Team1/ros2_ws/install/px4_msgs/include/px4_msgs/px4_msgs/msg/detail/gps_inject_data__builder.hpp\n'}
[3.206212] (px4_msgs) StdoutLine: {'line': b'-- Up-to-date: /home/rschnurr/SkyClaw-Team1/ros2_ws/install/px4_msgs/include/px4_msgs/px4_msgs/msg/detail/power_button_state__struct.hpp\n'}
[3.206366] (px4_msgs) StdoutLine: {'line': b'-- Up-to-date: /home/rschnurr/SkyClaw-Team1/ros2_ws/install/px4_msgs/include/px4_msgs/px4_msgs/msg/detail/ulog_stream__traits.hpp\n'}
[3.206508] (px4_msgs) StdoutLine: {'line': b'-- Up-to-date: /home/rschnurr/SkyClaw-Team1/ros2_ws/install/px4_msgs/include/px4_msgs/px4_msgs/msg/detail/gimbal_manager_set_attitude__traits.hpp\n'}
[3.206594] (px4_msgs) StdoutLine: {'line': b'-- Up-to-date: /home/rschnurr/SkyClaw-Team1/ros2_ws/install/px4_msgs/include/px4_msgs/px4_msgs/msg/detail/telemetry_status__builder.hpp\n'}
[3.206694] (px4_msgs) StdoutLine: {'line': b'-- Up-to-date: /home/rschnurr/SkyClaw-Team1/ros2_ws/install/px4_msgs/include/px4_msgs/px4_msgs/msg/detail/failure_detector_status__traits.hpp\n'}
[3.206771] (px4_msgs) StdoutLine: {'line': b'-- Up-to-date: /home/rschnurr/SkyClaw-Team1/ros2_ws/install/px4_msgs/include/px4_msgs/px4_msgs/msg/detail/follow_target_estimator__struct.hpp\n'}
[3.206845] (px4_msgs) StdoutLine: {'line': b'-- Up-to-date: /home/rschnurr/SkyClaw-Team1/ros2_ws/install/px4_msgs/include/px4_msgs/px4_msgs/msg/detail/message_format_request__traits.hpp\n'}
[3.206926] (px4_msgs) StdoutLine: {'line': b'-- Up-to-date: /home/rschnurr/SkyClaw-Team1/ros2_ws/install/px4_msgs/include/px4_msgs/px4_msgs/msg/detail/esc_report__struct.hpp\n'}
[3.207072] (px4_msgs) StdoutLine: {'line': b'-- Up-to-date: /home/rschnurr/SkyClaw-Team1/ros2_ws/install/px4_msgs/include/px4_msgs/px4_msgs/msg/detail/vehicle_control_mode__builder.hpp\n'}
[3.207287] (px4_msgs) StdoutLine: {'line': b'-- Up-to-date: /home/rschnurr/SkyClaw-Team1/ros2_ws/install/px4_msgs/include/px4_msgs/px4_msgs/msg/detail/open_drone_id_arm_status__struct.hpp\n'}
[3.207438] (px4_msgs) StdoutLine: {'line': b'-- Up-to-date: /home/rschnurr/SkyClaw-Team1/ros2_ws/install/px4_msgs/include/px4_msgs/px4_msgs/msg/detail/takeoff_status__builder.hpp\n'}
[3.207524] (px4_msgs) StdoutLine: {'line': b'-- Up-to-date: /home/rschnurr/SkyClaw-Team1/ros2_ws/install/px4_msgs/include/px4_msgs/px4_msgs/msg/detail/airspeed__traits.hpp\n'}
[3.207599] (px4_msgs) StdoutLine: {'line': b'-- Up-to-date: /home/rschnurr/SkyClaw-Team1/ros2_ws/install/px4_msgs/include/px4_msgs/px4_msgs/msg/detail/offboard_control_mode__builder.hpp\n'}
[3.207672] (px4_msgs) StdoutLine: {'line': b'-- Up-to-date: /home/rschnurr/SkyClaw-Team1/ros2_ws/install/px4_msgs/include/px4_msgs/px4_msgs/msg/detail/sensor_gyro_fifo__builder.hpp\n'}
[3.207739] (px4_msgs) StdoutLine: {'line': b'-- Up-to-date: /home/rschnurr/SkyClaw-Team1/ros2_ws/install/px4_msgs/include/px4_msgs/px4_msgs/msg/detail/rover_rate_status__type_support.hpp\n'}
[3.207805] (px4_msgs) StdoutLine: {'line': b'-- Up-to-date: /home/rschnurr/SkyClaw-Team1/ros2_ws/install/px4_msgs/include/px4_msgs/px4_msgs/msg/detail/battery_info__type_support.hpp\n'}
[3.207947] (px4_msgs) StdoutLine: {'line': b'-- Up-to-date: /home/rschnurr/SkyClaw-Team1/ros2_ws/install/px4_msgs/include/px4_msgs/px4_msgs/msg/detail/internal_combustion_engine_control__traits.hpp\n'}
[3.208389] (px4_msgs) StdoutLine: {'line': b'-- Up-to-date: /home/rschnurr/SkyClaw-Team1/ros2_ws/install/px4_msgs/include/px4_msgs/px4_msgs/msg/detail/qshell_req__traits.hpp\n'}
[3.208888] (px4_msgs) StdoutLine: {'line': b'-- Up-to-date: /home/rschnurr/SkyClaw-Team1/ros2_ws/install/px4_msgs/include/px4_msgs/px4_msgs/msg/detail/battery_info__struct.hpp\n'}
[3.209035] (px4_msgs) StdoutLine: {'line': b'-- Up-to-date: /home/rschnurr/SkyClaw-Team1/ros2_ws/install/px4_msgs/include/px4_msgs/px4_msgs/msg/detail/orb_test__type_support.hpp\n'}
[3.209214] (px4_msgs) StdoutLine: {'line': b'-- Up-to-date: /home/rschnurr/SkyClaw-Team1/ros2_ws/install/px4_msgs/include/px4_msgs/px4_msgs/msg/detail/battery_status__struct.hpp\n'}
[3.209424] (px4_msgs) StdoutLine: {'line': b'-- Up-to-date: /home/rschnurr/SkyClaw-Team1/ros2_ws/install/px4_msgs/include/px4_msgs/px4_msgs/msg/detail/fixed_wing_lateral_guidance_status__builder.hpp\n'}
[3.209516] (px4_msgs) StdoutLine: {'line': b'-- Up-to-date: /home/rschnurr/SkyClaw-Team1/ros2_ws/install/px4_msgs/include/px4_msgs/px4_msgs/msg/detail/obstacle_distance__type_support.hpp\n'}
[3.209579] (px4_msgs) StdoutLine: {'line': b'-- Up-to-date: /home/rschnurr/SkyClaw-Team1/ros2_ws/install/px4_msgs/include/px4_msgs/px4_msgs/msg/detail/vehicle_global_position__struct.hpp\n'}
[3.209631] (px4_msgs) StdoutLine: {'line': b'-- Up-to-date: /home/rschnurr/SkyClaw-Team1/ros2_ws/install/px4_msgs/include/px4_msgs/px4_msgs/msg/detail/iridiumsbd_status__builder.hpp\n'}
[3.209704] (px4_msgs) StdoutLine: {'line': b'-- Up-to-date: /home/rschnurr/SkyClaw-Team1/ros2_ws/install/px4_msgs/include/px4_msgs/px4_msgs/msg/detail/vehicle_command__struct.hpp\n'}
[3.209755] (px4_msgs) StdoutLine: {'line': b'-- Up-to-date: /home/rschnurr/SkyClaw-Team1/ros2_ws/install/px4_msgs/include/px4_msgs/px4_msgs/msg/detail/follow_target__type_support.hpp\n'}
[3.209803] (px4_msgs) StdoutLine: {'line': b'-- Up-to-date: /home/rschnurr/SkyClaw-Team1/ros2_ws/install/px4_msgs/include/px4_msgs/px4_msgs/msg/detail/satellite_info__struct.hpp\n'}
[3.209850] (px4_msgs) StdoutLine: {'line': b'-- Up-to-date: /home/rschnurr/SkyClaw-Team1/ros2_ws/install/px4_msgs/include/px4_msgs/px4_msgs/msg/detail/vehicle_land_detected__traits.hpp\n'}
[3.209899] (px4_msgs) StdoutLine: {'line': b'-- Up-to-date: /home/rschnurr/SkyClaw-Team1/ros2_ws/install/px4_msgs/include/px4_msgs/px4_msgs/msg/detail/mode_completed__builder.hpp\n'}
[3.209947] (px4_msgs) StdoutLine: {'line': b'-- Up-to-date: /home/rschnurr/SkyClaw-Team1/ros2_ws/install/px4_msgs/include/px4_msgs/px4_msgs/msg/detail/mission_result__struct.hpp\n'}
[3.209994] (px4_msgs) StdoutLine: {'line': b'-- Up-to-date: /home/rschnurr/SkyClaw-Team1/ros2_ws/install/px4_msgs/include/px4_msgs/px4_msgs/msg/detail/camera_trigger__traits.hpp\n'}
[3.210040] (px4_msgs) StdoutLine: {'line': b'-- Up-to-date: /home/rschnurr/SkyClaw-Team1/ros2_ws/install/px4_msgs/include/px4_msgs/px4_msgs/msg/detail/landing_target_pose__type_support.hpp\n'}
[3.210092] (px4_msgs) StdoutLine: {'line': b'-- Up-to-date: /home/rschnurr/SkyClaw-Team1/ros2_ws/install/px4_msgs/include/px4_msgs/px4_msgs/msg/detail/fixed_wing_longitudinal_setpoint__traits.hpp\n'}
[3.210139] (px4_msgs) StdoutLine: {'line': b'-- Up-to-date: /home/rschnurr/SkyClaw-Team1/ros2_ws/install/px4_msgs/include/px4_msgs/px4_msgs/msg/detail/parameter_set_value_response__struct.hpp\n'}
[3.210188] (px4_msgs) StdoutLine: {'line': b'-- Up-to-date: /home/rschnurr/SkyClaw-Team1/ros2_ws/install/px4_msgs/include/px4_msgs/px4_msgs/msg/detail/telemetry_status__type_support.hpp\n'}
[3.210235] (px4_msgs) StdoutLine: {'line': b'-- Up-to-date: /home/rschnurr/SkyClaw-Team1/ros2_ws/install/px4_msgs/include/px4_msgs/px4_msgs/msg/detail/gimbal_manager_set_attitude__builder.hpp\n'}
[3.210281] (px4_msgs) StdoutLine: {'line': b'-- Up-to-date: /home/rschnurr/SkyClaw-Team1/ros2_ws/install/px4_msgs/include/px4_msgs/px4_msgs/msg/detail/sensor_gnss_relative__type_support.hpp\n'}
[3.210530] (px4_msgs) StdoutLine: {'line': b'-- Up-to-date: /home/rschnurr/SkyClaw-Team1/ros2_ws/install/px4_msgs/include/px4_msgs/px4_msgs/msg/detail/vehicle_rates_setpoint__type_support.hpp\n'}
[3.210611] (px4_msgs) StdoutLine: {'line': b'-- Up-to-date: /home/rschnurr/SkyClaw-Team1/ros2_ws/install/px4_msgs/include/px4_msgs/px4_msgs/msg/detail/gimbal_controls__struct.hpp\n'}
[3.210672] (px4_msgs) StdoutLine: {'line': b'-- Up-to-date: /home/rschnurr/SkyClaw-Team1/ros2_ws/install/px4_msgs/include/px4_msgs/px4_msgs/msg/detail/obstacle_distance__builder.hpp\n'}
[3.210738] (px4_msgs) StdoutLine: {'line': b'-- Up-to-date: /home/rschnurr/SkyClaw-Team1/ros2_ws/install/px4_msgs/include/px4_msgs/px4_msgs/msg/detail/actuator_controls_status__type_support.hpp\n'}
[3.210804] (px4_msgs) StdoutLine: {'line': b'-- Up-to-date: /home/rschnurr/SkyClaw-Team1/ros2_ws/install/px4_msgs/include/px4_msgs/px4_msgs/msg/detail/rc_channels__traits.hpp\n'}
[3.210855] (px4_msgs) StdoutLine: {'line': b'-- Up-to-date: /home/rschnurr/SkyClaw-Team1/ros2_ws/install/px4_msgs/include/px4_msgs/px4_msgs/msg/detail/dataman_request__type_support.hpp\n'}
[3.210904] (px4_msgs) StdoutLine: {'line': b'-- Up-to-date: /home/rschnurr/SkyClaw-Team1/ros2_ws/install/px4_msgs/include/px4_msgs/px4_msgs/msg/detail/vehicle_odometry__struct.hpp\n'}
[3.210952] (px4_msgs) StdoutLine: {'line': b'-- Up-to-date: /home/rschnurr/SkyClaw-Team1/ros2_ws/install/px4_msgs/include/px4_msgs/px4_msgs/msg/detail/vehicle_command_ack__struct.hpp\n'}
[3.210997] (px4_msgs) StdoutLine: {'line': b'-- Up-to-date: /home/rschnurr/SkyClaw-Team1/ros2_ws/install/px4_msgs/include/px4_msgs/px4_msgs/msg/detail/actuator_outputs__traits.hpp\n'}
[3.211042] (px4_msgs) StdoutLine: {'line': b'-- Up-to-date: /home/rschnurr/SkyClaw-Team1/ros2_ws/install/px4_msgs/include/px4_msgs/px4_msgs/msg/detail/px4io_status__type_support.hpp\n'}
[3.211116] (px4_msgs) StdoutLine: {'line': b'-- Up-to-date: /home/rschnurr/SkyClaw-Team1/ros2_ws/install/px4_msgs/include/px4_msgs/px4_msgs/msg/detail/gpio_request__builder.hpp\n'}
[3.211168] (px4_msgs) StdoutLine: {'line': b'-- Up-to-date: /home/rschnurr/SkyClaw-Team1/ros2_ws/install/px4_msgs/include/px4_msgs/px4_msgs/msg/detail/timesync_status__struct.hpp\n'}
[3.211213] (px4_msgs) StdoutLine: {'line': b'-- Up-to-date: /home/rschnurr/SkyClaw-Team1/ros2_ws/install/px4_msgs/include/px4_msgs/px4_msgs/msg/detail/gimbal_manager_set_manual_control__struct.hpp\n'}
[3.211388] (px4_msgs) StdoutLine: {'line': b'-- Up-to-date: /home/rschnurr/SkyClaw-Team1/ros2_ws/install/px4_msgs/include/px4_msgs/px4_msgs/msg/detail/manual_control_switches__struct.hpp\n'}
[3.211708] (px4_msgs) StdoutLine: {'line': b'-- Up-to-date: /home/rschnurr/SkyClaw-Team1/ros2_ws/install/px4_msgs/include/px4_msgs/px4_msgs/msg/detail/gpio_out__builder.hpp\n'}
[3.211789] (px4_msgs) StdoutLine: {'line': b'-- Up-to-date: /home/rschnurr/SkyClaw-Team1/ros2_ws/install/px4_msgs/include/px4_msgs/px4_msgs/msg/detail/gimbal_device_set_attitude__type_support.hpp\n'}
[3.211850] (px4_msgs) StdoutLine: {'line': b'-- Up-to-date: /home/rschnurr/SkyClaw-Team1/ros2_ws/install/px4_msgs/include/px4_msgs/px4_msgs/msg/detail/rover_attitude_setpoint__builder.hpp\n'}
[3.211924] (px4_msgs) StdoutLine: {'line': b'-- Up-to-date: /home/rschnurr/SkyClaw-Team1/ros2_ws/install/px4_msgs/include/px4_msgs/px4_msgs/msg/detail/parameter_set_used_request__traits.hpp\n'}
[3.211976] (px4_msgs) StdoutLine: {'line': b'-- Up-to-date: /home/rschnurr/SkyClaw-Team1/ros2_ws/install/px4_msgs/include/px4_msgs/px4_msgs/msg/detail/vehicle_status__builder.hpp\n'}
[3.212431] (px4_msgs) StdoutLine: {'line': b'-- Up-to-date: /home/rschnurr/SkyClaw-Team1/ros2_ws/install/px4_msgs/include/px4_msgs/px4_msgs/msg/detail/wheel_encoders__traits.hpp\n'}
[3.212613] (px4_msgs) StdoutLine: {'line': b'-- Up-to-date: /home/rschnurr/SkyClaw-Team1/ros2_ws/install/px4_msgs/include/px4_msgs/px4_msgs/msg/detail/fixed_wing_lateral_guidance_status__type_support.hpp\n'}
[3.212773] (px4_msgs) StdoutLine: {'line': b'-- Up-to-date: /home/rschnurr/SkyClaw-Team1/ros2_ws/install/px4_msgs/include/px4_msgs/px4_msgs/msg/detail/actuator_test__builder.hpp\n'}
[3.213073] (px4_msgs) StdoutLine: {'line': b'-- Up-to-date: /home/rschnurr/SkyClaw-Team1/ros2_ws/install/px4_msgs/include/px4_msgs/px4_msgs/msg/detail/manual_control_setpoint__type_support.hpp\n'}
[3.213153] (px4_msgs) StdoutLine: {'line': b'-- Up-to-date: /home/rschnurr/SkyClaw-Team1/ros2_ws/install/px4_msgs/include/px4_msgs/px4_msgs/msg/detail/sensor_hygrometer__builder.hpp\n'}
[3.213228] (px4_msgs) StdoutLine: {'line': b'-- Up-to-date: /home/rschnurr/SkyClaw-Team1/ros2_ws/install/px4_msgs/include/px4_msgs/px4_msgs/msg/detail/vehicle_optical_flow__traits.hpp\n'}
[3.213281] (px4_msgs) StdoutLine: {'line': b'-- Up-to-date: /home/rschnurr/SkyClaw-Team1/ros2_ws/install/px4_msgs/include/px4_msgs/px4_msgs/msg/detail/gimbal_manager_status__traits.hpp\n'}
[3.213334] (px4_msgs) StdoutLine: {'line': b'-- Up-to-date: /home/rschnurr/SkyClaw-Team1/ros2_ws/install/px4_msgs/include/px4_msgs/px4_msgs/msg/detail/distance_sensor__builder.hpp\n'}
[3.213387] (px4_msgs) StdoutLine: {'line': b'-- Up-to-date: /home/rschnurr/SkyClaw-Team1/ros2_ws/install/px4_msgs/include/px4_msgs/px4_msgs/msg/detail/mavlink_tunnel__builder.hpp\n'}
[3.213437] (px4_msgs) StdoutLine: {'line': b'-- Up-to-date: /home/rschnurr/SkyClaw-Team1/ros2_ws/install/px4_msgs/include/px4_msgs/px4_msgs/msg/detail/dataman_response__traits.hpp\n'}
[3.213484] (px4_msgs) StdoutLine: {'line': b'-- Up-to-date: /home/rschnurr/SkyClaw-Team1/ros2_ws/install/px4_msgs/include/px4_msgs/px4_msgs/msg/detail/uavcan_parameter_request__type_support.hpp\n'}
[3.213533] (px4_msgs) StdoutLine: {'line': b'-- Up-to-date: /home/rschnurr/SkyClaw-Team1/ros2_ws/install/px4_msgs/include/px4_msgs/px4_msgs/msg/detail/sensor_accel_fifo__struct.hpp\n'}
[3.213582] (px4_msgs) StdoutLine: {'line': b'-- Up-to-date: /home/rschnurr/SkyClaw-Team1/ros2_ws/install/px4_msgs/include/px4_msgs/px4_msgs/msg/detail/adc_report__struct.hpp\n'}
[3.213637] (px4_msgs) StdoutLine: {'line': b'-- Up-to-date: /home/rschnurr/SkyClaw-Team1/ros2_ws/install/px4_msgs/include/px4_msgs/px4_msgs/msg/detail/open_drone_id_operator_id__traits.hpp\n'}
[3.213685] (px4_msgs) StdoutLine: {'line': b'-- Up-to-date: /home/rschnurr/SkyClaw-Team1/ros2_ws/install/px4_msgs/include/px4_msgs/px4_msgs/msg/detail/parameter_update__type_support.hpp\n'}
[3.213735] (px4_msgs) StdoutLine: {'line': b'-- Up-to-date: /home/rschnurr/SkyClaw-Team1/ros2_ws/install/px4_msgs/include/px4_msgs/px4_msgs/msg/detail/task_stack_info__traits.hpp\n'}
[3.213782] (px4_msgs) StdoutLine: {'line': b'-- Up-to-date: /home/rschnurr/SkyClaw-Team1/ros2_ws/install/px4_msgs/include/px4_msgs/px4_msgs/msg/detail/geofence_status__struct.hpp\n'}
[3.213829] (px4_msgs) StdoutLine: {'line': b'-- Up-to-date: /home/rschnurr/SkyClaw-Team1/ros2_ws/install/px4_msgs/include/px4_msgs/px4_msgs/msg/detail/vehicle_air_data__builder.hpp\n'}
[3.213876] (px4_msgs) StdoutLine: {'line': b'-- Up-to-date: /home/rschnurr/SkyClaw-Team1/ros2_ws/install/px4_msgs/include/px4_msgs/px4_msgs/msg/detail/landing_gear_wheel__type_support.hpp\n'}
[3.214040] (px4_msgs) StdoutLine: {'line': b'-- Up-to-date: /home/rschnurr/SkyClaw-Team1/ros2_ws/install/px4_msgs/include/px4_msgs/px4_msgs/msg/detail/sensor_selection__type_support.hpp\n'}
[3.214121] (px4_msgs) StdoutLine: {'line': b'-- Up-to-date: /home/rschnurr/SkyClaw-Team1/ros2_ws/install/px4_msgs/include/px4_msgs/px4_msgs/msg/detail/vehicle_optical_flow_vel__type_support.hpp\n'}
[3.214181] (px4_msgs) StdoutLine: {'line': b'-- Up-to-date: /home/rschnurr/SkyClaw-Team1/ros2_ws/install/px4_msgs/include/px4_msgs/px4_msgs/msg/detail/mount_orientation__struct.hpp\n'}
[3.214233] (px4_msgs) StdoutLine: {'line': b'-- Up-to-date: /home/rschnurr/SkyClaw-Team1/ros2_ws/install/px4_msgs/include/px4_msgs/px4_msgs/msg/detail/rover_speed_status__builder.hpp\n'}
[3.214282] (px4_msgs) StdoutLine: {'line': b'-- Up-to-date: /home/rschnurr/SkyClaw-Team1/ros2_ws/install/px4_msgs/include/px4_msgs/px4_msgs/msg/detail/vehicle_imu__traits.hpp\n'}
[3.214336] (px4_msgs) StdoutLine: {'line': b'-- Up-to-date: /home/rschnurr/SkyClaw-Team1/ros2_ws/install/px4_msgs/include/px4_msgs/px4_msgs/msg/detail/vehicle_air_data__traits.hpp\n'}
[3.214387] (px4_msgs) StdoutLine: {'line': b'-- Up-to-date: /home/rschnurr/SkyClaw-Team1/ros2_ws/install/px4_msgs/include/px4_msgs/px4_msgs/msg/detail/failure_detector_status__type_support.hpp\n'}
[3.214445] (px4_msgs) StdoutLine: {'line': b'-- Up-to-date: /home/rschnurr/SkyClaw-Team1/ros2_ws/install/px4_msgs/include/px4_msgs/px4_msgs/msg/detail/tune_control__type_support.hpp\n'}
[3.214515] (px4_msgs) StdoutLine: {'line': b'-- Up-to-date: /home/rschnurr/SkyClaw-Team1/ros2_ws/install/px4_msgs/include/px4_msgs/px4_msgs/msg/detail/sensors_status_imu__builder.hpp\n'}
[3.214567] (px4_msgs) StdoutLine: {'line': b'-- Up-to-date: /home/rschnurr/SkyClaw-Team1/ros2_ws/install/px4_msgs/include/px4_msgs/px4_msgs/msg/detail/rover_speed_setpoint__struct.hpp\n'}
[3.214616] (px4_msgs) StdoutLine: {'line': b'-- Up-to-date: /home/rschnurr/SkyClaw-Team1/ros2_ws/install/px4_msgs/include/px4_msgs/px4_msgs/msg/detail/battery_status__builder.hpp\n'}
[3.214665] (px4_msgs) StdoutLine: {'line': b'-- Up-to-date: /home/rschnurr/SkyClaw-Team1/ros2_ws/install/px4_msgs/include/px4_msgs/px4_msgs/msg/detail/position_setpoint__builder.hpp\n'}
[3.214712] (px4_msgs) StdoutLine: {'line': b'-- Up-to-date: /home/rschnurr/SkyClaw-Team1/ros2_ws/install/px4_msgs/include/px4_msgs/px4_msgs/msg/detail/fixed_wing_lateral_setpoint__struct.hpp\n'}
[3.214760] (px4_msgs) StdoutLine: {'line': b'-- Up-to-date: /home/rschnurr/SkyClaw-Team1/ros2_ws/install/px4_msgs/include/px4_msgs/px4_msgs/msg/detail/parameter_set_value_request__struct.hpp\n'}
[3.214810] (px4_msgs) StdoutLine: {'line': b'-- Up-to-date: /home/rschnurr/SkyClaw-Team1/ros2_ws/install/px4_msgs/include/px4_msgs/px4_msgs/msg/detail/vehicle_local_position__type_support.hpp\n'}
[3.214860] (px4_msgs) StdoutLine: {'line': b'-- Up-to-date: /home/rschnurr/SkyClaw-Team1/ros2_ws/install/px4_msgs/include/px4_msgs/px4_msgs/msg/detail/esc_report__builder.hpp\n'}
[3.214906] (px4_msgs) StdoutLine: {'line': b'-- Up-to-date: /home/rschnurr/SkyClaw-Team1/ros2_ws/install/px4_msgs/include/px4_msgs/px4_msgs/msg/detail/collision_constraints__struct.hpp\n'}
[3.214952] (px4_msgs) StdoutLine: {'line': b'-- Up-to-date: /home/rschnurr/SkyClaw-Team1/ros2_ws/install/px4_msgs/include/px4_msgs/px4_msgs/msg/detail/estimator_innovations__builder.hpp\n'}
[3.214998] (px4_msgs) StdoutLine: {'line': b'-- Up-to-date: /home/rschnurr/SkyClaw-Team1/ros2_ws/install/px4_msgs/include/px4_msgs/px4_msgs/msg/detail/estimator_gps_status__struct.hpp\n'}
[3.215044] (px4_msgs) StdoutLine: {'line': b'-- Up-to-date: /home/rschnurr/SkyClaw-Team1/ros2_ws/install/px4_msgs/include/px4_msgs/px4_msgs/msg/detail/sensor_gyro_fft__type_support.hpp\n'}
[3.215090] (px4_msgs) StdoutLine: {'line': b'-- Up-to-date: /home/rschnurr/SkyClaw-Team1/ros2_ws/install/px4_msgs/include/px4_msgs/px4_msgs/msg/detail/wheel_encoders__builder.hpp\n'}
[3.215138] (px4_msgs) StdoutLine: {'line': b'-- Up-to-date: /home/rschnurr/SkyClaw-Team1/ros2_ws/install/px4_msgs/include/px4_msgs/px4_msgs/msg/detail/follow_target_status__type_support.hpp\n'}
[3.215187] (px4_msgs) StdoutLine: {'line': b'-- Up-to-date: /home/rschnurr/SkyClaw-Team1/ros2_ws/install/px4_msgs/include/px4_msgs/px4_msgs/msg/detail/estimator_bias3d__traits.hpp\n'}
[3.215249] (px4_msgs) StdoutLine: {'line': b'-- Up-to-date: /home/rschnurr/SkyClaw-Team1/ros2_ws/install/px4_msgs/include/px4_msgs/px4_msgs/msg/detail/rover_rate_setpoint__traits.hpp\n'}
[3.215339] (px4_msgs) StdoutLine: {'line': b'-- Up-to-date: /home/rschnurr/SkyClaw-Team1/ros2_ws/install/px4_msgs/include/px4_msgs/px4_msgs/msg/detail/sensor_airflow__builder.hpp\n'}
[3.215393] (px4_msgs) StdoutLine: {'line': b'-- Up-to-date: /home/rschnurr/SkyClaw-Team1/ros2_ws/install/px4_msgs/include/px4_msgs/px4_msgs/msg/detail/tecs_status__type_support.hpp\n'}
[3.215730] (px4_msgs) StdoutLine: {'line': b'-- Up-to-date: /home/rschnurr/SkyClaw-Team1/ros2_ws/install/px4_msgs/include/px4_msgs/px4_msgs/msg/detail/arming_check_reply__builder.hpp\n'}
[3.215818] (px4_msgs) StdoutLine: {'line': b'-- Up-to-date: /home/rschnurr/SkyClaw-Team1/ros2_ws/install/px4_msgs/include/px4_msgs/px4_msgs/msg/detail/mag_worker_data__struct.hpp\n'}
[3.215878] (px4_msgs) StdoutLine: {'line': b'-- Up-to-date: /home/rschnurr/SkyClaw-Team1/ros2_ws/install/px4_msgs/include/px4_msgs/px4_msgs/msg/detail/gimbal_device_attitude_status__type_support.hpp\n'}
[3.215932] (px4_msgs) StdoutLine: {'line': b'-- Up-to-date: /home/rschnurr/SkyClaw-Team1/ros2_ws/install/px4_msgs/include/px4_msgs/px4_msgs/msg/detail/vehicle_imu_status__traits.hpp\n'}
[3.215981] (px4_msgs) StdoutLine: {'line': b'-- Up-to-date: /home/rschnurr/SkyClaw-Team1/ros2_ws/install/px4_msgs/include/px4_msgs/px4_msgs/msg/detail/gimbal_manager_status__struct.hpp\n'}
[3.216031] (px4_msgs) StdoutLine: {'line': b'-- Up-to-date: /home/rschnurr/SkyClaw-Team1/ros2_ws/install/px4_msgs/include/px4_msgs/px4_msgs/msg/detail/cpuload__builder.hpp\n'}
[3.216203] (px4_msgs) StdoutLine: {'line': b'-- Up-to-date: /home/rschnurr/SkyClaw-Team1/ros2_ws/install/px4_msgs/include/px4_msgs/px4_msgs/msg/detail/vehicle_control_mode__struct.hpp\n'}
[3.216375] (px4_msgs) StdoutLine: {'line': b'-- Up-to-date: /home/rschnurr/SkyClaw-Team1/ros2_ws/install/px4_msgs/include/px4_msgs/px4_msgs/msg/detail/mission__type_support.hpp\n'}
[3.216469] (px4_msgs) StdoutLine: {'line': b'-- Up-to-date: /home/rschnurr/SkyClaw-Team1/ros2_ws/install/px4_msgs/include/px4_msgs/px4_msgs/msg/detail/autotune_attitude_control_status__struct.hpp\n'}
[3.216552] (px4_msgs) StdoutLine: {'line': b'-- Up-to-date: /home/rschnurr/SkyClaw-Team1/ros2_ws/install/px4_msgs/include/px4_msgs/px4_msgs/msg/detail/vehicle_air_data__type_support.hpp\n'}
[3.216708] (px4_msgs) StdoutLine: {'line': b'-- Up-to-date: /home/rschnurr/SkyClaw-Team1/ros2_ws/install/px4_msgs/include/px4_msgs/px4_msgs/msg/detail/internal_combustion_engine_control__struct.hpp\n'}
[3.217420] (px4_msgs) StdoutLine: {'line': b'-- Up-to-date: /home/rschnurr/SkyClaw-Team1/ros2_ws/install/px4_msgs/include/px4_msgs/px4_msgs/msg/detail/open_drone_id_self_id__traits.hpp\n'}
[3.217571] (px4_msgs) StdoutLine: {'line': b'-- Up-to-date: /home/rschnurr/SkyClaw-Team1/ros2_ws/install/px4_msgs/include/px4_msgs/px4_msgs/msg/detail/normalized_unsigned_setpoint__traits.hpp\n'}
[3.217761] (px4_msgs) StdoutLine: {'line': b'-- Up-to-date: /home/rschnurr/SkyClaw-Team1/ros2_ws/install/px4_msgs/include/px4_msgs/px4_msgs/msg/detail/radio_status__builder.hpp\n'}
[3.217864] (px4_msgs) StdoutLine: {'line': b'-- Up-to-date: /home/rschnurr/SkyClaw-Team1/ros2_ws/install/px4_msgs/include/px4_msgs/px4_msgs/msg/detail/airspeed_validated__builder.hpp\n'}
[3.217947] (px4_msgs) StdoutLine: {'line': b'-- Up-to-date: /home/rschnurr/SkyClaw-Team1/ros2_ws/install/px4_msgs/include/px4_msgs/px4_msgs/msg/detail/ulog_stream_ack__builder.hpp\n'}
[3.218139] (px4_msgs) StdoutLine: {'line': b'-- Up-to-date: /home/rschnurr/SkyClaw-Team1/ros2_ws/install/px4_msgs/include/px4_msgs/px4_msgs/msg/detail/lateral_control_configuration__traits.hpp\n'}
[3.218258] (px4_msgs) StdoutLine: {'line': b'-- Up-to-date: /home/rschnurr/SkyClaw-Team1/ros2_ws/install/px4_msgs/include/px4_msgs/px4_msgs/msg/detail/vehicle_land_detected__type_support.hpp\n'}
[3.218349] (px4_msgs) StdoutLine: {'line': b'-- Up-to-date: /home/rschnurr/SkyClaw-Team1/ros2_ws/install/px4_msgs/include/px4_msgs/px4_msgs/msg/detail/open_drone_id_self_id__struct.hpp\n'}
[3.218429] (px4_msgs) StdoutLine: {'line': b'-- Up-to-date: /home/rschnurr/SkyClaw-Team1/ros2_ws/install/px4_msgs/include/px4_msgs/px4_msgs/msg/detail/health_report__type_support.hpp\n'}
[3.218505] (px4_msgs) StdoutLine: {'line': b'-- Up-to-date: /home/rschnurr/SkyClaw-Team1/ros2_ws/install/px4_msgs/include/px4_msgs/px4_msgs/msg/detail/home_position__struct.hpp\n'}
[3.218585] (px4_msgs) StdoutLine: {'line': b'-- Up-to-date: /home/rschnurr/SkyClaw-Team1/ros2_ws/install/px4_msgs/include/px4_msgs/px4_msgs/msg/detail/gimbal_manager_set_manual_control__traits.hpp\n'}
[3.218663] (px4_msgs) StdoutLine: {'line': b'-- Up-to-date: /home/rschnurr/SkyClaw-Team1/ros2_ws/install/px4_msgs/include/px4_msgs/px4_msgs/msg/detail/sensor_airflow__traits.hpp\n'}
[3.218740] (px4_msgs) StdoutLine: {'line': b'-- Up-to-date: /home/rschnurr/SkyClaw-Team1/ros2_ws/install/px4_msgs/include/px4_msgs/px4_msgs/msg/detail/rover_rate_status__traits.hpp\n'}
[3.218815] (px4_msgs) StdoutLine: {'line': b'-- Up-to-date: /home/rschnurr/SkyClaw-Team1/ros2_ws/install/px4_msgs/include/px4_msgs/px4_msgs/msg/detail/register_ext_component_reply__builder.hpp\n'}
[3.218891] (px4_msgs) StdoutLine: {'line': b'-- Up-to-date: /home/rschnurr/SkyClaw-Team1/ros2_ws/install/px4_msgs/include/px4_msgs/px4_msgs/msg/detail/sensor_combined__type_support.hpp\n'}
[3.218965] (px4_msgs) StdoutLine: {'line': b'-- Up-to-date: /home/rschnurr/SkyClaw-Team1/ros2_ws/install/px4_msgs/include/px4_msgs/px4_msgs/msg/detail/estimator_status_flags__struct.hpp\n'}
[3.219243] (px4_msgs) StdoutLine: {'line': b'-- Up-to-date: /home/rschnurr/SkyClaw-Team1/ros2_ws/install/px4_msgs/include/px4_msgs/px4_msgs/msg/detail/vehicle_optical_flow_vel__traits.hpp\n'}
[3.219518] (px4_msgs) StdoutLine: {'line': b'-- Up-to-date: /home/rschnurr/SkyClaw-Team1/ros2_ws/install/px4_msgs/include/px4_msgs/px4_msgs/msg/detail/button_event__type_support.hpp\n'}
[3.219630] (px4_msgs) StdoutLine: {'line': b'-- Up-to-date: /home/rschnurr/SkyClaw-Team1/ros2_ws/install/px4_msgs/include/px4_msgs/px4_msgs/msg/detail/control_allocator_status__type_support.hpp\n'}
[3.219718] (px4_msgs) StdoutLine: {'line': b'-- Up-to-date: /home/rschnurr/SkyClaw-Team1/ros2_ws/install/px4_msgs/include/px4_msgs/px4_msgs/msg/detail/parameter_set_value_response__traits.hpp\n'}
[3.219801] (px4_msgs) StdoutLine: {'line': b'-- Up-to-date: /home/rschnurr/SkyClaw-Team1/ros2_ws/install/px4_msgs/include/px4_msgs/px4_msgs/msg/detail/normalized_unsigned_setpoint__builder.hpp\n'}
[3.219883] (px4_msgs) StdoutLine: {'line': b'-- Up-to-date: /home/rschnurr/SkyClaw-Team1/ros2_ws/install/px4_msgs/include/px4_msgs/px4_msgs/msg/detail/sensor_optical_flow__type_support.hpp\n'}
[3.219983] (px4_msgs) StdoutLine: {'line': b'-- Up-to-date: /home/rschnurr/SkyClaw-Team1/ros2_ws/install/px4_msgs/include/px4_msgs/px4_msgs/msg/detail/takeoff_status__struct.hpp\n'}
[3.220063] (px4_msgs) StdoutLine: {'line': b'-- Up-to-date: /home/rschnurr/SkyClaw-Team1/ros2_ws/install/px4_msgs/include/px4_msgs/px4_msgs/msg/detail/estimator_states__traits.hpp\n'}
[3.220143] (px4_msgs) StdoutLine: {'line': b'-- Up-to-date: /home/rschnurr/SkyClaw-Team1/ros2_ws/install/px4_msgs/include/px4_msgs/px4_msgs/msg/detail/uavcan_parameter_request__struct.hpp\n'}
[3.220256] (px4_msgs) StdoutLine: {'line': b'-- Up-to-date: /home/rschnurr/SkyClaw-Team1/ros2_ws/install/px4_msgs/include/px4_msgs/px4_msgs/msg/detail/estimator_gps_status__traits.hpp\n'}
[3.220408] (px4_msgs) StdoutLine: {'line': b'-- Up-to-date: /home/rschnurr/SkyClaw-Team1/ros2_ws/install/px4_msgs/include/px4_msgs/px4_msgs/msg/detail/vehicle_local_position_setpoint__struct.hpp\n'}
[3.220495] (px4_msgs) StdoutLine: {'line': b'-- Up-to-date: /home/rschnurr/SkyClaw-Team1/ros2_ws/install/px4_msgs/include/px4_msgs/px4_msgs/msg/detail/velocity_limits__struct.hpp\n'}
[3.220576] (px4_msgs) StdoutLine: {'line': b'-- Up-to-date: /home/rschnurr/SkyClaw-Team1/ros2_ws/install/px4_msgs/include/px4_msgs/px4_msgs/msg/detail/heater_status__type_support.hpp\n'}
[3.220686] (px4_msgs) StdoutLine: {'line': b'-- Up-to-date: /home/rschnurr/SkyClaw-Team1/ros2_ws/install/px4_msgs/include/px4_msgs/px4_msgs/msg/detail/debug_value__traits.hpp\n'}
[3.220769] (px4_msgs) StdoutLine: {'line': b'-- Up-to-date: /home/rschnurr/SkyClaw-Team1/ros2_ws/install/px4_msgs/include/px4_msgs/px4_msgs/msg/detail/fixed_wing_lateral_status__type_support.hpp\n'}
[3.220923] (px4_msgs) StdoutLine: {'line': b'-- Up-to-date: /home/rschnurr/SkyClaw-Team1/ros2_ws/install/px4_msgs/include/px4_msgs/px4_msgs/msg/detail/airspeed_wind__builder.hpp\n'}
[3.221203] (px4_msgs) StdoutLine: {'line': b'-- Up-to-date: /home/rschnurr/SkyClaw-Team1/ros2_ws/install/px4_msgs/include/px4_msgs/px4_msgs/msg/detail/onboard_computer_status__struct.hpp\n'}
[3.221349] (px4_msgs) StdoutLine: {'line': b'-- Up-to-date: /home/rschnurr/SkyClaw-Team1/ros2_ws/install/px4_msgs/include/px4_msgs/px4_msgs/msg/detail/camera_capture__traits.hpp\n'}
[3.221552] (px4_msgs) StdoutLine: {'line': b'-- Up-to-date: /home/rschnurr/SkyClaw-Team1/ros2_ws/install/px4_msgs/include/px4_msgs/px4_msgs/msg/detail/orb_test_medium__struct.hpp\n'}
[3.221653] (px4_msgs) StdoutLine: {'line': b'-- Up-to-date: /home/rschnurr/SkyClaw-Team1/ros2_ws/install/px4_msgs/include/px4_msgs/px4_msgs/msg/detail/power_monitor__struct.hpp\n'}
[3.221733] (px4_msgs) StdoutLine: {'line': b'-- Up-to-date: /home/rschnurr/SkyClaw-Team1/ros2_ws/install/px4_msgs/include/px4_msgs/px4_msgs/msg/detail/rover_speed_setpoint__traits.hpp\n'}
[3.221812] (px4_msgs) StdoutLine: {'line': b'-- Up-to-date: /home/rschnurr/SkyClaw-Team1/ros2_ws/install/px4_msgs/include/px4_msgs/px4_msgs/msg/detail/rate_ctrl_status__struct.hpp\n'}
[3.221889] (px4_msgs) StdoutLine: {'line': b'-- Up-to-date: /home/rschnurr/SkyClaw-Team1/ros2_ws/install/px4_msgs/include/px4_msgs/px4_msgs/msg/detail/geofence_result__struct.hpp\n'}
[3.222025] (px4_msgs) StdoutLine: {'line': b'-- Up-to-date: /home/rschnurr/SkyClaw-Team1/ros2_ws/install/px4_msgs/include/px4_msgs/px4_msgs/msg/detail/sensors_status_imu__type_support.hpp\n'}
[3.222137] (px4_msgs) StdoutLine: {'line': b'-- Up-to-date: /home/rschnurr/SkyClaw-Team1/ros2_ws/install/px4_msgs/include/px4_msgs/px4_msgs/msg/detail/rover_position_setpoint__builder.hpp\n'}
[3.222222] (px4_msgs) StdoutLine: {'line': b'-- Up-to-date: /home/rschnurr/SkyClaw-Team1/ros2_ws/install/px4_msgs/include/px4_msgs/px4_msgs/msg/detail/gps_dump__type_support.hpp\n'}
[3.222301] (px4_msgs) StdoutLine: {'line': b'-- Up-to-date: /home/rschnurr/SkyClaw-Team1/ros2_ws/install/px4_msgs/include/px4_msgs/px4_msgs/msg/detail/rover_attitude_status__builder.hpp\n'}
[3.222526] (px4_msgs) StdoutLine: {'line': b'-- Up-to-date: /home/rschnurr/SkyClaw-Team1/ros2_ws/install/px4_msgs/include/px4_msgs/px4_msgs/msg/detail/unregister_ext_component__traits.hpp\n'}
[3.222642] (px4_msgs) StdoutLine: {'line': b'-- Up-to-date: /home/rschnurr/SkyClaw-Team1/ros2_ws/install/px4_msgs/include/px4_msgs/px4_msgs/msg/detail/cellular_status__builder.hpp\n'}
[3.222730] (px4_msgs) StdoutLine: {'line': b'-- Up-to-date: /home/rschnurr/SkyClaw-Team1/ros2_ws/install/px4_msgs/include/px4_msgs/px4_msgs/msg/detail/vehicle_status__traits.hpp\n'}
[3.222848] (px4_msgs) StdoutLine: {'line': b'-- Up-to-date: /home/rschnurr/SkyClaw-Team1/ros2_ws/install/px4_msgs/include/px4_msgs/px4_msgs/msg/detail/airspeed__builder.hpp\n'}
[3.222976] (px4_msgs) StdoutLine: {'line': b'-- Up-to-date: /home/rschnurr/SkyClaw-Team1/ros2_ws/install/px4_msgs/include/px4_msgs/px4_msgs/msg/detail/gimbal_manager_status__type_support.hpp\n'}
[3.223070] (px4_msgs) StdoutLine: {'line': b'-- Up-to-date: /home/rschnurr/SkyClaw-Team1/ros2_ws/install/px4_msgs/include/px4_msgs/px4_msgs/msg/detail/open_drone_id_operator_id__type_support.hpp\n'}
[3.223149] (px4_msgs) StdoutLine: {'line': b'-- Up-to-date: /home/rschnurr/SkyClaw-Team1/ros2_ws/install/px4_msgs/include/px4_msgs/px4_msgs/msg/detail/gimbal_manager_status__builder.hpp\n'}
[3.223225] (px4_msgs) StdoutLine: {'line': b'-- Up-to-date: /home/rschnurr/SkyClaw-Team1/ros2_ws/install/px4_msgs/include/px4_msgs/px4_msgs/msg/detail/position_setpoint_triplet__builder.hpp\n'}
[3.223406] (px4_msgs) StdoutLine: {'line': b'-- Up-to-date: /home/rschnurr/SkyClaw-Team1/ros2_ws/install/px4_msgs/include/px4_msgs/px4_msgs/msg/detail/rate_ctrl_status__type_support.hpp\n'}
[3.223540] (px4_msgs) StdoutLine: {'line': b'-- Up-to-date: /home/rschnurr/SkyClaw-Team1/ros2_ws/install/px4_msgs/include/px4_msgs/px4_msgs/msg/detail/estimator_bias__builder.hpp\n'}
[3.223744] (px4_msgs) StdoutLine: {'line': b'-- Up-to-date: /home/rschnurr/SkyClaw-Team1/ros2_ws/install/px4_msgs/include/px4_msgs/px4_msgs/msg/detail/generator_status__struct.hpp\n'}
[3.223843] (px4_msgs) StdoutLine: {'line': b'-- Up-to-date: /home/rschnurr/SkyClaw-Team1/ros2_ws/install/px4_msgs/include/px4_msgs/px4_msgs/msg/detail/obstacle_distance__traits.hpp\n'}
[3.223925] (px4_msgs) StdoutLine: {'line': b'-- Up-to-date: /home/rschnurr/SkyClaw-Team1/ros2_ws/install/px4_msgs/include/px4_msgs/px4_msgs/msg/detail/sensor_gnss_relative__traits.hpp\n'}
[3.224003] (px4_msgs) StdoutLine: {'line': b'-- Up-to-date: /home/rschnurr/SkyClaw-Team1/ros2_ws/install/px4_msgs/include/px4_msgs/px4_msgs/msg/detail/vehicle_torque_setpoint__traits.hpp\n'}
[3.224081] (px4_msgs) StdoutLine: {'line': b'-- Up-to-date: /home/rschnurr/SkyClaw-Team1/ros2_ws/install/px4_msgs/include/px4_msgs/px4_msgs/msg/detail/rover_attitude_status__traits.hpp\n'}
[3.224165] (px4_msgs) StdoutLine: {'line': b'-- Up-to-date: /home/rschnurr/SkyClaw-Team1/ros2_ws/install/px4_msgs/include/px4_msgs/px4_msgs/msg/detail/failure_detector_status__struct.hpp\n'}
[3.224271] (px4_msgs) StdoutLine: {'line': b'-- Up-to-date: /home/rschnurr/SkyClaw-Team1/ros2_ws/install/px4_msgs/include/px4_msgs/px4_msgs/msg/detail/sensor_correction__type_support.hpp\n'}
[3.224354] (px4_msgs) StdoutLine: {'line': b'-- Up-to-date: /home/rschnurr/SkyClaw-Team1/ros2_ws/install/px4_msgs/include/px4_msgs/px4_msgs/msg/detail/landing_target_innovations__traits.hpp\n'}
[3.224497] (px4_msgs) StdoutLine: {'line': b'-- Up-to-date: /home/rschnurr/SkyClaw-Team1/ros2_ws/install/px4_msgs/include/px4_msgs/px4_msgs/msg/detail/rover_steering_setpoint__builder.hpp\n'}
[3.224648] (px4_msgs) StdoutLine: {'line': b'-- Up-to-date: /home/rschnurr/SkyClaw-Team1/ros2_ws/install/px4_msgs/include/px4_msgs/px4_msgs/msg/detail/gpio_config__traits.hpp\n'}
[3.224770] (px4_msgs) StdoutLine: {'line': b'-- Up-to-date: /home/rschnurr/SkyClaw-Team1/ros2_ws/install/px4_msgs/include/px4_msgs/px4_msgs/msg/detail/pps_capture__traits.hpp\n'}
[3.224893] (px4_msgs) StdoutLine: {'line': b'-- Up-to-date: /home/rschnurr/SkyClaw-Team1/ros2_ws/install/px4_msgs/include/px4_msgs/px4_msgs/msg/detail/mag_worker_data__builder.hpp\n'}
[3.225139] (px4_msgs) StdoutLine: {'line': b'-- Up-to-date: /home/rschnurr/SkyClaw-Team1/ros2_ws/install/px4_msgs/include/px4_msgs/px4_msgs/msg/detail/logger_status__traits.hpp\n'}
[3.225292] (px4_msgs) StdoutLine: {'line': b'-- Up-to-date: /home/rschnurr/SkyClaw-Team1/ros2_ws/install/px4_msgs/include/px4_msgs/px4_msgs/msg/detail/wheel_encoders__struct.hpp\n'}
[3.225385] (px4_msgs) StdoutLine: {'line': b'-- Up-to-date: /home/rschnurr/SkyClaw-Team1/ros2_ws/install/px4_msgs/include/px4_msgs/px4_msgs/msg/detail/actuator_servos__struct.hpp\n'}
[3.225542] (px4_msgs) StdoutLine: {'line': b'-- Up-to-date: /home/rschnurr/SkyClaw-Team1/ros2_ws/install/px4_msgs/include/px4_msgs/px4_msgs/msg/detail/manual_control_switches__type_support.hpp\n'}
[3.225638] (px4_msgs) StdoutLine: {'line': b'-- Up-to-date: /home/rschnurr/SkyClaw-Team1/ros2_ws/install/px4_msgs/include/px4_msgs/px4_msgs/msg/detail/fuel_tank_status__type_support.hpp\n'}
[3.225719] (px4_msgs) StdoutLine: {'line': b'-- Up-to-date: /home/rschnurr/SkyClaw-Team1/ros2_ws/install/px4_msgs/include/px4_msgs/px4_msgs/msg/detail/pwm_input__traits.hpp\n'}
[3.225912] (px4_msgs) StdoutLine: {'line': b'-- Up-to-date: /home/rschnurr/SkyClaw-Team1/ros2_ws/install/px4_msgs/include/px4_msgs/px4_msgs/msg/detail/gimbal_manager_information__struct.hpp\n'}
[3.226019] (px4_msgs) StdoutLine: {'line': b'-- Up-to-date: /home/rschnurr/SkyClaw-Team1/ros2_ws/install/px4_msgs/include/px4_msgs/px4_msgs/msg/detail/vehicle_optical_flow__builder.hpp\n'}
[3.226102] (px4_msgs) StdoutLine: {'line': b'-- Up-to-date: /home/rschnurr/SkyClaw-Team1/ros2_ws/install/px4_msgs/include/px4_msgs/px4_msgs/msg/detail/mag_worker_data__traits.hpp\n'}
[3.226178] (px4_msgs) StdoutLine: {'line': b'-- Up-to-date: /home/rschnurr/SkyClaw-Team1/ros2_ws/install/px4_msgs/include/px4_msgs/px4_msgs/msg/detail/gpio_in__builder.hpp\n'}
[3.226255] (px4_msgs) StdoutLine: {'line': b'-- Up-to-date: /home/rschnurr/SkyClaw-Team1/ros2_ws/install/px4_msgs/include/px4_msgs/px4_msgs/msg/detail/hover_thrust_estimate__type_support.hpp\n'}
[3.226328] (px4_msgs) StdoutLine: {'line': b'-- Up-to-date: /home/rschnurr/SkyClaw-Team1/ros2_ws/install/px4_msgs/include/px4_msgs/px4_msgs/msg/detail/sensor_combined__traits.hpp\n'}
[3.226401] (px4_msgs) StdoutLine: {'line': b'-- Up-to-date: /home/rschnurr/SkyClaw-Team1/ros2_ws/install/px4_msgs/include/px4_msgs/px4_msgs/msg/detail/vehicle_angular_velocity__struct.hpp\n'}
[3.226478] (px4_msgs) StdoutLine: {'line': b'-- Up-to-date: /home/rschnurr/SkyClaw-Team1/ros2_ws/install/px4_msgs/include/px4_msgs/px4_msgs/msg/detail/gimbal_device_attitude_status__traits.hpp\n'}
[3.226629] (px4_msgs) StdoutLine: {'line': b'-- Up-to-date: /home/rschnurr/SkyClaw-Team1/ros2_ws/install/px4_msgs/include/px4_msgs/px4_msgs/msg/detail/sensors_status__type_support.hpp\n'}
[3.226970] (px4_msgs) StdoutLine: {'line': b'-- Up-to-date: /home/rschnurr/SkyClaw-Team1/ros2_ws/install/px4_msgs/include/px4_msgs/px4_msgs/msg/detail/yaw_estimator_status__type_support.hpp\n'}
[3.227218] (px4_msgs) StdoutLine: {'line': b'-- Up-to-date: /home/rschnurr/SkyClaw-Team1/ros2_ws/install/px4_msgs/include/px4_msgs/px4_msgs/msg/detail/logger_status__builder.hpp\n'}
[3.227363] (px4_msgs) StdoutLine: {'line': b'-- Up-to-date: /home/rschnurr/SkyClaw-Team1/ros2_ws/install/px4_msgs/include/px4_msgs/px4_msgs/msg/detail/gripper__struct.hpp\n'}
[3.227540] (px4_msgs) StdoutLine: {'line': b'-- Up-to-date: /home/rschnurr/SkyClaw-Team1/ros2_ws/install/px4_msgs/include/px4_msgs/px4_msgs/msg/detail/trajectory_setpoint__type_support.hpp\n'}
[3.227632] (px4_msgs) StdoutLine: {'line': b'-- Up-to-date: /home/rschnurr/SkyClaw-Team1/ros2_ws/install/px4_msgs/include/px4_msgs/px4_msgs/msg/detail/uavcan_parameter_request__traits.hpp\n'}
[3.227776] (px4_msgs) StdoutLine: {'line': b'-- Up-to-date: /home/rschnurr/SkyClaw-Team1/ros2_ws/install/px4_msgs/include/px4_msgs/px4_msgs/msg/detail/position_setpoint__traits.hpp\n'}
[3.227885] (px4_msgs) StdoutLine: {'line': b'-- Up-to-date: /home/rschnurr/SkyClaw-Team1/ros2_ws/install/px4_msgs/include/px4_msgs/px4_msgs/msg/detail/radio_status__type_support.hpp\n'}
[3.228204] (px4_msgs) StdoutLine: {'line': b'-- Up-to-date: /home/rschnurr/SkyClaw-Team1/ros2_ws/install/px4_msgs/include/px4_msgs/px4_msgs/msg/detail/estimator_event_flags__builder.hpp\n'}
[3.228313] (px4_msgs) StdoutLine: {'line': b'-- Up-to-date: /home/rschnurr/SkyClaw-Team1/ros2_ws/install/px4_msgs/include/px4_msgs/px4_msgs/msg/detail/sensor_correction__struct.hpp\n'}
[3.228402] (px4_msgs) StdoutLine: {'line': b'-- Up-to-date: /home/rschnurr/SkyClaw-Team1/ros2_ws/install/px4_msgs/include/px4_msgs/px4_msgs/msg/detail/autotune_attitude_control_status__builder.hpp\n'}
[3.229320] (-) TimerEvent: {}
[3.229627] (px4_msgs) StdoutLine: {'line': b'-- Up-to-date: /home/rschnurr/SkyClaw-Team1/ros2_ws/install/px4_msgs/include/px4_msgs/px4_msgs/msg/detail/estimator_bias3d__struct.hpp\n'}
[3.229777] (px4_msgs) StdoutLine: {'line': b'-- Up-to-date: /home/rschnurr/SkyClaw-Team1/ros2_ws/install/px4_msgs/include/px4_msgs/px4_msgs/msg/detail/dronecan_node_status__type_support.hpp\n'}
[3.229851] (px4_msgs) StdoutLine: {'line': b'-- Up-to-date: /home/rschnurr/SkyClaw-Team1/ros2_ws/install/px4_msgs/include/px4_msgs/px4_msgs/msg/detail/distance_sensor__struct.hpp\n'}
[3.229907] (px4_msgs) StdoutLine: {'line': b'-- Up-to-date: /home/rschnurr/SkyClaw-Team1/ros2_ws/install/px4_msgs/include/px4_msgs/px4_msgs/msg/detail/gimbal_manager_information__type_support.hpp\n'}
[3.229956] (px4_msgs) StdoutLine: {'line': b'-- Up-to-date: /home/rschnurr/SkyClaw-Team1/ros2_ws/install/px4_msgs/include/px4_msgs/px4_msgs/msg/detail/estimator_status__type_support.hpp\n'}
[3.230006] (px4_msgs) StdoutLine: {'line': b'-- Up-to-date: /home/rschnurr/SkyClaw-Team1/ros2_ws/install/px4_msgs/include/px4_msgs/px4_msgs/msg/detail/qshell_retval__builder.hpp\n'}
[3.230059] (px4_msgs) StdoutLine: {'line': b'-- Up-to-date: /home/rschnurr/SkyClaw-Team1/ros2_ws/install/px4_msgs/include/px4_msgs/px4_msgs/msg/detail/offboard_control_mode__struct.hpp\n'}
[3.230107] (px4_msgs) StdoutLine: {'line': b'-- Up-to-date: /home/rschnurr/SkyClaw-Team1/ros2_ws/install/px4_msgs/include/px4_msgs/px4_msgs/msg/detail/pwm_input__struct.hpp\n'}
[3.230172] (px4_msgs) StdoutLine: {'line': b'-- Up-to-date: /home/rschnurr/SkyClaw-Team1/ros2_ws/install/px4_msgs/include/px4_msgs/px4_msgs/msg/detail/vehicle_attitude__builder.hpp\n'}
[3.230223] (px4_msgs) StdoutLine: {'line': b'-- Up-to-date: /home/rschnurr/SkyClaw-Team1/ros2_ws/install/px4_msgs/include/px4_msgs/px4_msgs/msg/detail/ping__builder.hpp\n'}
[3.230272] (px4_msgs) StdoutLine: {'line': b'-- Up-to-date: /home/rschnurr/SkyClaw-Team1/ros2_ws/install/px4_msgs/include/px4_msgs/px4_msgs/msg/detail/home_position__type_support.hpp\n'}
[3.230319] (px4_msgs) StdoutLine: {'line': b'-- Up-to-date: /home/rschnurr/SkyClaw-Team1/ros2_ws/install/px4_msgs/include/px4_msgs/px4_msgs/msg/detail/gpio_out__struct.hpp\n'}
[3.230366] (px4_msgs) StdoutLine: {'line': b'-- Up-to-date: /home/rschnurr/SkyClaw-Team1/ros2_ws/install/px4_msgs/include/px4_msgs/px4_msgs/msg/detail/pure_pursuit_status__struct.hpp\n'}
[3.230413] (px4_msgs) StdoutLine: {'line': b'-- Up-to-date: /home/rschnurr/SkyClaw-Team1/ros2_ws/install/px4_msgs/include/px4_msgs/px4_msgs/msg/detail/magnetometer_bias_estimate__struct.hpp\n'}
[3.230459] (px4_msgs) StdoutLine: {'line': b'-- Up-to-date: /home/rschnurr/SkyClaw-Team1/ros2_ws/install/px4_msgs/include/px4_msgs/px4_msgs/msg/detail/rc_channels__type_support.hpp\n'}
[3.230505] (px4_msgs) StdoutLine: {'line': b'-- Up-to-date: /home/rschnurr/SkyClaw-Team1/ros2_ws/install/px4_msgs/include/px4_msgs/px4_msgs/msg/detail/qshell_retval__struct.hpp\n'}
[3.230686] (px4_msgs) StdoutLine: {'line': b'-- Up-to-date: /home/rschnurr/SkyClaw-Team1/ros2_ws/install/px4_msgs/include/px4_msgs/px4_msgs/msg/detail/ulog_stream_ack__type_support.hpp\n'}
[3.230758] (px4_msgs) StdoutLine: {'line': b'-- Up-to-date: /home/rschnurr/SkyClaw-Team1/ros2_ws/install/px4_msgs/include/px4_msgs/px4_msgs/msg/detail/camera_status__struct.hpp\n'}
[3.230805] (px4_msgs) StdoutLine: {'line': b'-- Up-to-date: /home/rschnurr/SkyClaw-Team1/ros2_ws/install/px4_msgs/include/px4_msgs/px4_msgs/msg/detail/ekf2_timestamps__struct.hpp\n'}
[3.230865] (px4_msgs) StdoutLine: {'line': b'-- Up-to-date: /home/rschnurr/SkyClaw-Team1/ros2_ws/install/px4_msgs/include/px4_msgs/px4_msgs/msg/detail/airspeed__struct.hpp\n'}
[3.230912] (px4_msgs) StdoutLine: {'line': b'-- Up-to-date: /home/rschnurr/SkyClaw-Team1/ros2_ws/install/px4_msgs/include/px4_msgs/px4_msgs/msg/detail/rover_attitude_status__type_support.hpp\n'}
[3.230959] (px4_msgs) StdoutLine: {'line': b'-- Up-to-date: /home/rschnurr/SkyClaw-Team1/ros2_ws/install/px4_msgs/include/px4_msgs/px4_msgs/msg/detail/debug_vect__type_support.hpp\n'}
[3.231148] (px4_msgs) StdoutLine: {'line': b'-- Up-to-date: /home/rschnurr/SkyClaw-Team1/ros2_ws/install/px4_msgs/include/px4_msgs/px4_msgs/msg/detail/parameter_update__traits.hpp\n'}
[3.231469] (px4_msgs) StdoutLine: {'line': b'-- Up-to-date: /home/rschnurr/SkyClaw-Team1/ros2_ws/install/px4_msgs/include/px4_msgs/px4_msgs/msg/detail/estimator_states__struct.hpp\n'}
[3.231652] (px4_msgs) StdoutLine: {'line': b'-- Up-to-date: /home/rschnurr/SkyClaw-Team1/ros2_ws/install/px4_msgs/include/px4_msgs/px4_msgs/msg/detail/figure_eight_status__builder.hpp\n'}
[3.231810] (px4_msgs) StdoutLine: {'line': b'-- Up-to-date: /home/rschnurr/SkyClaw-Team1/ros2_ws/install/px4_msgs/include/px4_msgs/px4_msgs/msg/detail/estimator_innovations__type_support.hpp\n'}
[3.231993] (px4_msgs) StdoutLine: {'line': b'-- Up-to-date: /home/rschnurr/SkyClaw-Team1/ros2_ws/install/px4_msgs/include/px4_msgs/px4_msgs/msg/detail/estimator_event_flags__struct.hpp\n'}
[3.232615] (px4_msgs) StdoutLine: {'line': b'-- Up-to-date: /home/rschnurr/SkyClaw-Team1/ros2_ws/install/px4_msgs/include/px4_msgs/px4_msgs/msg/detail/telemetry_status__struct.hpp\n'}
[3.232841] (px4_msgs) StdoutLine: {'line': b'-- Up-to-date: /home/rschnurr/SkyClaw-Team1/ros2_ws/install/px4_msgs/include/px4_msgs/px4_msgs/msg/detail/navigator_status__struct.hpp\n'}
[3.233021] (px4_msgs) StdoutLine: {'line': b'-- Up-to-date: /home/rschnurr/SkyClaw-Team1/ros2_ws/install/px4_msgs/include/px4_msgs/px4_msgs/msg/detail/position_setpoint_triplet__struct.hpp\n'}
[3.233100] (px4_msgs) StdoutLine: {'line': b'-- Up-to-date: /home/rschnurr/SkyClaw-Team1/ros2_ws/install/px4_msgs/include/px4_msgs/px4_msgs/msg/detail/vtol_vehicle_status__traits.hpp\n'}
[3.233160] (px4_msgs) StdoutLine: {'line': b'-- Up-to-date: /home/rschnurr/SkyClaw-Team1/ros2_ws/install/px4_msgs/include/px4_msgs/px4_msgs/msg/detail/gimbal_controls__builder.hpp\n'}
[3.233210] (px4_msgs) StdoutLine: {'line': b'-- Up-to-date: /home/rschnurr/SkyClaw-Team1/ros2_ws/install/px4_msgs/include/px4_msgs/px4_msgs/msg/detail/sensor_mag__type_support.hpp\n'}
[3.233258] (px4_msgs) StdoutLine: {'line': b'-- Up-to-date: /home/rschnurr/SkyClaw-Team1/ros2_ws/install/px4_msgs/include/px4_msgs/px4_msgs/msg/detail/estimator_status_flags__type_support.hpp\n'}
[3.233306] (px4_msgs) StdoutLine: {'line': b'-- Up-to-date: /home/rschnurr/SkyClaw-Team1/ros2_ws/install/px4_msgs/include/px4_msgs/px4_msgs/msg/detail/navigator_mission_item__type_support.hpp\n'}
[3.233353] (px4_msgs) StdoutLine: {'line': b'-- Up-to-date: /home/rschnurr/SkyClaw-Team1/ros2_ws/install/px4_msgs/include/px4_msgs/px4_msgs/msg/detail/adc_report__traits.hpp\n'}
[3.233401] (px4_msgs) StdoutLine: {'line': b'-- Up-to-date: /home/rschnurr/SkyClaw-Team1/ros2_ws/install/px4_msgs/include/px4_msgs/px4_msgs/msg/detail/actuator_test__struct.hpp\n'}
[3.233449] (px4_msgs) StdoutLine: {'line': b'-- Up-to-date: /home/rschnurr/SkyClaw-Team1/ros2_ws/install/px4_msgs/include/px4_msgs/px4_msgs/msg/detail/unregister_ext_component__builder.hpp\n'}
[3.233501] (px4_msgs) StdoutLine: {'line': b'-- Up-to-date: /home/rschnurr/SkyClaw-Team1/ros2_ws/install/px4_msgs/include/px4_msgs/px4_msgs/msg/detail/ulog_stream__builder.hpp\n'}
[3.233555] (px4_msgs) StdoutLine: {'line': b'-- Up-to-date: /home/rschnurr/SkyClaw-Team1/ros2_ws/install/px4_msgs/include/px4_msgs/px4_msgs/msg/detail/sensor_gyro_fft__struct.hpp\n'}
[3.233608] (px4_msgs) StdoutLine: {'line': b'-- Up-to-date: /home/rschnurr/SkyClaw-Team1/ros2_ws/install/px4_msgs/include/px4_msgs/px4_msgs/msg/detail/gimbal_manager_set_attitude__struct.hpp\n'}
[3.233661] (px4_msgs) StdoutLine: {'line': b'-- Up-to-date: /home/rschnurr/SkyClaw-Team1/ros2_ws/install/px4_msgs/include/px4_msgs/px4_msgs/msg/detail/mavlink_log__traits.hpp\n'}
[3.233713] (px4_msgs) StdoutLine: {'line': b'-- Up-to-date: /home/rschnurr/SkyClaw-Team1/ros2_ws/install/px4_msgs/include/px4_msgs/px4_msgs/msg/detail/distance_sensor__type_support.hpp\n'}
[3.233768] (px4_msgs) StdoutLine: {'line': b'-- Up-to-date: /home/rschnurr/SkyClaw-Team1/ros2_ws/install/px4_msgs/include/px4_msgs/px4_msgs/msg/detail/parameter_update__builder.hpp\n'}
[3.233817] (px4_msgs) StdoutLine: {'line': b'-- Up-to-date: /home/rschnurr/SkyClaw-Team1/ros2_ws/install/px4_msgs/include/px4_msgs/px4_msgs/msg/detail/manual_control_setpoint__traits.hpp\n'}
[3.233864] (px4_msgs) StdoutLine: {'line': b'-- Up-to-date: /home/rschnurr/SkyClaw-Team1/ros2_ws/install/px4_msgs/include/px4_msgs/px4_msgs/msg/detail/vehicle_local_position_setpoint__builder.hpp\n'}
[3.233914] (px4_msgs) StdoutLine: {'line': b'-- Up-to-date: /home/rschnurr/SkyClaw-Team1/ros2_ws/install/px4_msgs/include/px4_msgs/px4_msgs/msg/detail/gimbal_device_attitude_status__builder.hpp\n'}
[3.233963] (px4_msgs) StdoutLine: {'line': b'-- Up-to-date: /home/rschnurr/SkyClaw-Team1/ros2_ws/install/px4_msgs/include/px4_msgs/px4_msgs/msg/detail/ekf2_timestamps__traits.hpp\n'}
[3.234010] (px4_msgs) StdoutLine: {'line': b'-- Up-to-date: /home/rschnurr/SkyClaw-Team1/ros2_ws/install/px4_msgs/include/px4_msgs/px4_msgs/msg/detail/dataman_request__struct.hpp\n'}
[3.234059] (px4_msgs) StdoutLine: {'line': b'-- Up-to-date: /home/rschnurr/SkyClaw-Team1/ros2_ws/install/px4_msgs/include/px4_msgs/px4_msgs/msg/detail/irlock_report__struct.hpp\n'}
[3.234108] (px4_msgs) StdoutLine: {'line': b'-- Up-to-date: /home/rschnurr/SkyClaw-Team1/ros2_ws/install/px4_msgs/include/px4_msgs/px4_msgs/msg/detail/estimator_states__type_support.hpp\n'}
[3.234159] (px4_msgs) StdoutLine: {'line': b'-- Up-to-date: /home/rschnurr/SkyClaw-Team1/ros2_ws/install/px4_msgs/include/px4_msgs/px4_msgs/msg/detail/geofence_result__type_support.hpp\n'}
[3.234207] (px4_msgs) StdoutLine: {'line': b'-- Up-to-date: /home/rschnurr/SkyClaw-Team1/ros2_ws/install/px4_msgs/include/px4_msgs/px4_msgs/msg/detail/system_power__builder.hpp\n'}
[3.234256] (px4_msgs) StdoutLine: {'line': b'-- Up-to-date: /home/rschnurr/SkyClaw-Team1/ros2_ws/install/px4_msgs/include/px4_msgs/px4_msgs/msg/detail/sensor_accel_fifo__builder.hpp\n'}
[3.234307] (px4_msgs) StdoutLine: {'line': b'-- Up-to-date: /home/rschnurr/SkyClaw-Team1/ros2_ws/install/px4_msgs/include/px4_msgs/px4_msgs/msg/detail/debug_value__builder.hpp\n'}
[3.234539] (px4_msgs) StdoutLine: {'line': b'-- Up-to-date: /home/rschnurr/SkyClaw-Team1/ros2_ws/install/px4_msgs/include/px4_msgs/px4_msgs/msg/detail/fixed_wing_lateral_status__struct.hpp\n'}
[3.234640] (px4_msgs) StdoutLine: {'line': b'-- Up-to-date: /home/rschnurr/SkyClaw-Team1/ros2_ws/install/px4_msgs/include/px4_msgs/px4_msgs/msg/detail/rpm__type_support.hpp\n'}
[3.234702] (px4_msgs) StdoutLine: {'line': b'-- Up-to-date: /home/rschnurr/SkyClaw-Team1/ros2_ws/install/px4_msgs/include/px4_msgs/px4_msgs/msg/detail/vehicle_constraints__traits.hpp\n'}
[3.234771] (px4_msgs) StdoutLine: {'line': b'-- Up-to-date: /home/rschnurr/SkyClaw-Team1/ros2_ws/install/px4_msgs/include/px4_msgs/px4_msgs/msg/detail/open_drone_id_arm_status__type_support.hpp\n'}
[3.234820] (px4_msgs) StdoutLine: {'line': b'-- Up-to-date: /home/rschnurr/SkyClaw-Team1/ros2_ws/install/px4_msgs/include/px4_msgs/px4_msgs/msg/detail/offboard_control_mode__type_support.hpp\n'}
[3.234867] (px4_msgs) StdoutLine: {'line': b'-- Up-to-date: /home/rschnurr/SkyClaw-Team1/ros2_ws/install/px4_msgs/include/px4_msgs/px4_msgs/msg/detail/camera_trigger__builder.hpp\n'}
[3.234912] (px4_msgs) StdoutLine: {'line': b'-- Up-to-date: /home/rschnurr/SkyClaw-Team1/ros2_ws/install/px4_msgs/include/px4_msgs/px4_msgs/msg/detail/fixed_wing_longitudinal_setpoint__type_support.hpp\n'}
[3.234958] (px4_msgs) StdoutLine: {'line': b'-- Up-to-date: /home/rschnurr/SkyClaw-Team1/ros2_ws/install/px4_msgs/include/px4_msgs/px4_msgs/msg/detail/register_ext_component_reply__struct.hpp\n'}
[3.235011] (px4_msgs) StdoutLine: {'line': b'-- Up-to-date: /home/rschnurr/SkyClaw-Team1/ros2_ws/install/px4_msgs/include/px4_msgs/px4_msgs/msg/detail/vehicle_command__builder.hpp\n'}
[3.235057] (px4_msgs) StdoutLine: {'line': b'-- Up-to-date: /home/rschnurr/SkyClaw-Team1/ros2_ws/install/px4_msgs/include/px4_msgs/px4_msgs/msg/detail/mavlink_tunnel__traits.hpp\n'}
[3.235105] (px4_msgs) StdoutLine: {'line': b'-- Up-to-date: /home/rschnurr/SkyClaw-Team1/ros2_ws/install/px4_msgs/include/px4_msgs/px4_msgs/msg/detail/gripper__traits.hpp\n'}
[3.235305] (px4_msgs) StdoutLine: {'line': b'-- Up-to-date: /home/rschnurr/SkyClaw-Team1/ros2_ws/install/px4_msgs/include/px4_msgs/px4_msgs/msg/detail/estimator_sensor_bias__type_support.hpp\n'}
[3.235406] (px4_msgs) StdoutLine: {'line': b'-- Up-to-date: /home/rschnurr/SkyClaw-Team1/ros2_ws/install/px4_msgs/include/px4_msgs/px4_msgs/msg/detail/flight_phase_estimation__builder.hpp\n'}
[3.235465] (px4_msgs) StdoutLine: {'line': b'-- Up-to-date: /home/rschnurr/SkyClaw-Team1/ros2_ws/install/px4_msgs/include/px4_msgs/px4_msgs/msg/detail/action_request__traits.hpp\n'}
[3.235517] (px4_msgs) StdoutLine: {'line': b'-- Up-to-date: /home/rschnurr/SkyClaw-Team1/ros2_ws/install/px4_msgs/include/px4_msgs/px4_msgs/msg/detail/cpuload__type_support.hpp\n'}
[3.235570] (px4_msgs) StdoutLine: {'line': b'-- Up-to-date: /home/rschnurr/SkyClaw-Team1/ros2_ws/install/px4_msgs/include/px4_msgs/px4_msgs/msg/detail/rover_attitude_setpoint__type_support.hpp\n'}
[3.235619] (px4_msgs) StdoutLine: {'line': b'-- Up-to-date: /home/rschnurr/SkyClaw-Team1/ros2_ws/install/px4_msgs/include/px4_msgs/px4_msgs/msg/detail/normalized_unsigned_setpoint__type_support.hpp\n'}
[3.235668] (px4_msgs) StdoutLine: {'line': b'-- Up-to-date: /home/rschnurr/SkyClaw-Team1/ros2_ws/install/px4_msgs/include/px4_msgs/px4_msgs/msg/detail/onboard_computer_status__type_support.hpp\n'}
[3.235715] (px4_msgs) StdoutLine: {'line': b'-- Up-to-date: /home/rschnurr/SkyClaw-Team1/ros2_ws/install/px4_msgs/include/px4_msgs/px4_msgs/msg/detail/trajectory_setpoint__traits.hpp\n'}
[3.235762] (px4_msgs) StdoutLine: {'line': b'-- Up-to-date: /home/rschnurr/SkyClaw-Team1/ros2_ws/install/px4_msgs/include/px4_msgs/px4_msgs/msg/detail/rover_speed_setpoint__builder.hpp\n'}
[3.235807] (px4_msgs) StdoutLine: {'line': b'-- Up-to-date: /home/rschnurr/SkyClaw-Team1/ros2_ws/install/px4_msgs/include/px4_msgs/px4_msgs/msg/detail/sensor_gnss_status__type_support.hpp\n'}
[3.235852] (px4_msgs) StdoutLine: {'line': b'-- Up-to-date: /home/rschnurr/SkyClaw-Team1/ros2_ws/install/px4_msgs/include/px4_msgs/px4_msgs/msg/detail/pure_pursuit_status__traits.hpp\n'}
[3.235897] (px4_msgs) StdoutLine: {'line': b'-- Up-to-date: /home/rschnurr/SkyClaw-Team1/ros2_ws/install/px4_msgs/include/px4_msgs/px4_msgs/msg/detail/onboard_computer_status__builder.hpp\n'}
[3.235996] (px4_msgs) StdoutLine: {'line': b'-- Up-to-date: /home/rschnurr/SkyClaw-Team1/ros2_ws/install/px4_msgs/include/px4_msgs/px4_msgs/msg/detail/estimator_aid_source3d__type_support.hpp\n'}
[3.236231] (px4_msgs) StdoutLine: {'line': b'-- Up-to-date: /home/rschnurr/SkyClaw-Team1/ros2_ws/install/px4_msgs/include/px4_msgs/px4_msgs/msg/detail/autotune_attitude_control_status__type_support.hpp\n'}
[3.236535] (px4_msgs) StdoutLine: {'line': b'-- Up-to-date: /home/rschnurr/SkyClaw-Team1/ros2_ws/install/px4_msgs/include/px4_msgs/px4_msgs/msg/detail/rover_speed_status__traits.hpp\n'}
[3.236858] (px4_msgs) StdoutLine: {'line': b'-- Up-to-date: /home/rschnurr/SkyClaw-Team1/ros2_ws/install/px4_msgs/include/px4_msgs/px4_msgs/msg/detail/gpio_config__struct.hpp\n'}
[3.237080] (px4_msgs) StdoutLine: {'line': b'-- Up-to-date: /home/rschnurr/SkyClaw-Team1/ros2_ws/install/px4_msgs/include/px4_msgs/px4_msgs/msg/detail/generator_status__type_support.hpp\n'}
[3.237256] (px4_msgs) StdoutLine: {'line': b'-- Up-to-date: /home/rschnurr/SkyClaw-Team1/ros2_ws/install/px4_msgs/include/px4_msgs/px4_msgs/msg/detail/rc_parameter_map__type_support.hpp\n'}
[3.237359] (px4_msgs) StdoutLine: {'line': b'-- Up-to-date: /home/rschnurr/SkyClaw-Team1/ros2_ws/install/px4_msgs/include/px4_msgs/px4_msgs/msg/detail/qshell_req__struct.hpp\n'}
[3.237421] (px4_msgs) StdoutLine: {'line': b'-- Up-to-date: /home/rschnurr/SkyClaw-Team1/ros2_ws/install/px4_msgs/include/px4_msgs/px4_msgs/msg/detail/debug_vect__traits.hpp\n'}
[3.237479] (px4_msgs) StdoutLine: {'line': b'-- Up-to-date: /home/rschnurr/SkyClaw-Team1/ros2_ws/install/px4_msgs/include/px4_msgs/px4_msgs/msg/detail/message_format_request__builder.hpp\n'}
[3.237736] (px4_msgs) StdoutLine: {'line': b'-- Up-to-date: /home/rschnurr/SkyClaw-Team1/ros2_ws/install/px4_msgs/include/px4_msgs/px4_msgs/msg/detail/power_button_state__type_support.hpp\n'}
[3.237829] (px4_msgs) StdoutLine: {'line': b'-- Up-to-date: /home/rschnurr/SkyClaw-Team1/ros2_ws/install/px4_msgs/include/px4_msgs/px4_msgs/msg/detail/debug_value__type_support.hpp\n'}
[3.237892] (px4_msgs) StdoutLine: {'line': b'-- Up-to-date: /home/rschnurr/SkyClaw-Team1/ros2_ws/install/px4_msgs/include/px4_msgs/px4_msgs/msg/detail/vehicle_rates_setpoint__traits.hpp\n'}
[3.237945] (px4_msgs) StdoutLine: {'line': b'-- Up-to-date: /home/rschnurr/SkyClaw-Team1/ros2_ws/install/px4_msgs/include/px4_msgs/px4_msgs/msg/detail/launch_detection_status__type_support.hpp\n'}
[3.237996] (px4_msgs) StdoutLine: {'line': b'-- Up-to-date: /home/rschnurr/SkyClaw-Team1/ros2_ws/install/px4_msgs/include/px4_msgs/px4_msgs/msg/detail/tecs_status__traits.hpp\n'}
[3.238046] (px4_msgs) StdoutLine: {'line': b'-- Up-to-date: /home/rschnurr/SkyClaw-Team1/ros2_ws/install/px4_msgs/include/px4_msgs/px4_msgs/msg/detail/system_power__traits.hpp\n'}
[3.238093] (px4_msgs) StdoutLine: {'line': b'-- Up-to-date: /home/rschnurr/SkyClaw-Team1/ros2_ws/install/px4_msgs/include/px4_msgs/px4_msgs/msg/detail/estimator_states__builder.hpp\n'}
[3.238140] (px4_msgs) StdoutLine: {'line': b'-- Up-to-date: /home/rschnurr/SkyClaw-Team1/ros2_ws/install/px4_msgs/include/px4_msgs/px4_msgs/msg/detail/navigator_mission_item__builder.hpp\n'}
[3.238408] (px4_msgs) StdoutLine: {'line': b'-- Up-to-date: /home/rschnurr/SkyClaw-Team1/ros2_ws/install/px4_msgs/include/px4_msgs/px4_msgs/msg/detail/trajectory_setpoint__builder.hpp\n'}
[3.238495] (px4_msgs) StdoutLine: {'line': b'-- Up-to-date: /home/rschnurr/SkyClaw-Team1/ros2_ws/install/px4_msgs/include/px4_msgs/px4_msgs/msg/detail/landing_gear__struct.hpp\n'}
[3.238553] (px4_msgs) StdoutLine: {'line': b'-- Up-to-date: /home/rschnurr/SkyClaw-Team1/ros2_ws/install/px4_msgs/include/px4_msgs/px4_msgs/msg/detail/camera_status__builder.hpp\n'}
[3.238604] (px4_msgs) StdoutLine: {'line': b'-- Up-to-date: /home/rschnurr/SkyClaw-Team1/ros2_ws/install/px4_msgs/include/px4_msgs/px4_msgs/msg/detail/gpio_out__type_support.hpp\n'}
[3.238652] (px4_msgs) StdoutLine: {'line': b'-- Up-to-date: /home/rschnurr/SkyClaw-Team1/ros2_ws/install/px4_msgs/include/px4_msgs/px4_msgs/msg/detail/tiltrotor_extra_controls__struct.hpp\n'}
[3.238698] (px4_msgs) StdoutLine: {'line': b'-- Up-to-date: /home/rschnurr/SkyClaw-Team1/ros2_ws/install/px4_msgs/include/px4_msgs/px4_msgs/msg/detail/actuator_controls_status__struct.hpp\n'}
[3.238745] (px4_msgs) StdoutLine: {'line': b'-- Up-to-date: /home/rschnurr/SkyClaw-Team1/ros2_ws/install/px4_msgs/include/px4_msgs/px4_msgs/msg/detail/qshell_req__builder.hpp\n'}
[3.238803] (px4_msgs) StdoutLine: {'line': b'-- Up-to-date: /home/rschnurr/SkyClaw-Team1/ros2_ws/install/px4_msgs/include/px4_msgs/px4_msgs/msg/detail/airspeed_validated__struct.hpp\n'}
[3.238852] (px4_msgs) StdoutLine: {'line': b'-- Up-to-date: /home/rschnurr/SkyClaw-Team1/ros2_ws/install/px4_msgs/include/px4_msgs/px4_msgs/msg/detail/neural_control__type_support.hpp\n'}
[3.238900] (px4_msgs) StdoutLine: {'line': b'-- Up-to-date: /home/rschnurr/SkyClaw-Team1/ros2_ws/install/px4_msgs/include/px4_msgs/px4_msgs/msg/detail/sensor_combined__builder.hpp\n'}
[3.238949] (px4_msgs) StdoutLine: {'line': b'-- Up-to-date: /home/rschnurr/SkyClaw-Team1/ros2_ws/install/px4_msgs/include/px4_msgs/px4_msgs/msg/detail/gps_inject_data__type_support.hpp\n'}
[3.239010] (px4_msgs) StdoutLine: {'line': b'-- Up-to-date: /home/rschnurr/SkyClaw-Team1/ros2_ws/install/px4_msgs/include/px4_msgs/px4_msgs/msg/detail/debug_key_value__struct.hpp\n'}
[3.239058] (px4_msgs) StdoutLine: {'line': b'-- Up-to-date: /home/rschnurr/SkyClaw-Team1/ros2_ws/install/px4_msgs/include/px4_msgs/px4_msgs/msg/detail/mount_orientation__traits.hpp\n'}
[3.239125] (px4_msgs) StdoutLine: {'line': b'-- Up-to-date: /home/rschnurr/SkyClaw-Team1/ros2_ws/install/px4_msgs/include/px4_msgs/px4_msgs/msg/detail/rpm__builder.hpp\n'}
[3.239173] (px4_msgs) StdoutLine: {'line': b'-- Up-to-date: /home/rschnurr/SkyClaw-Team1/ros2_ws/install/px4_msgs/include/px4_msgs/px4_msgs/msg/detail/sensor_baro__struct.hpp\n'}
[3.239217] (px4_msgs) StdoutLine: {'line': b'-- Up-to-date: /home/rschnurr/SkyClaw-Team1/ros2_ws/install/px4_msgs/include/px4_msgs/px4_msgs/msg/detail/estimator_bias3d__type_support.hpp\n'}
[3.239262] (px4_msgs) StdoutLine: {'line': b'-- Up-to-date: /home/rschnurr/SkyClaw-Team1/ros2_ws/install/px4_msgs/include/px4_msgs/px4_msgs/msg/detail/vehicle_optical_flow_vel__struct.hpp\n'}
[3.239306] (px4_msgs) StdoutLine: {'line': b'-- Up-to-date: /home/rschnurr/SkyClaw-Team1/ros2_ws/install/px4_msgs/include/px4_msgs/px4_msgs/msg/detail/orb_test_medium__traits.hpp\n'}
[3.239376] (px4_msgs) StdoutLine: {'line': b'-- Up-to-date: /home/rschnurr/SkyClaw-Team1/ros2_ws/install/px4_msgs/include/px4_msgs/px4_msgs/msg/detail/rover_steering_setpoint__type_support.hpp\n'}
[3.239422] (px4_msgs) StdoutLine: {'line': b'-- Up-to-date: /home/rschnurr/SkyClaw-Team1/ros2_ws/install/px4_msgs/include/px4_msgs/px4_msgs/msg/detail/gpio_in__traits.hpp\n'}
[3.239467] (px4_msgs) StdoutLine: {'line': b'-- Up-to-date: /home/rschnurr/SkyClaw-Team1/ros2_ws/install/px4_msgs/include/px4_msgs/px4_msgs/msg/detail/rover_speed_status__type_support.hpp\n'}
[3.239512] (px4_msgs) StdoutLine: {'line': b'-- Up-to-date: /home/rschnurr/SkyClaw-Team1/ros2_ws/install/px4_msgs/include/px4_msgs/px4_msgs/msg/detail/estimator_aid_source1d__builder.hpp\n'}
[3.239563] (px4_msgs) StdoutLine: {'line': b'-- Up-to-date: /home/rschnurr/SkyClaw-Team1/ros2_ws/install/px4_msgs/include/px4_msgs/px4_msgs/msg/detail/camera_status__type_support.hpp\n'}
[3.239609] (px4_msgs) StdoutLine: {'line': b'-- Up-to-date: /home/rschnurr/SkyClaw-Team1/ros2_ws/install/px4_msgs/include/px4_msgs/px4_msgs/msg/detail/parameter_set_used_request__builder.hpp\n'}
[3.239654] (px4_msgs) StdoutLine: {'line': b'-- Up-to-date: /home/rschnurr/SkyClaw-Team1/ros2_ws/install/px4_msgs/include/px4_msgs/px4_msgs/msg/detail/estimator_aid_source1d__struct.hpp\n'}
[3.240006] (px4_msgs) StdoutLine: {'line': b'-- Up-to-date: /home/rschnurr/SkyClaw-Team1/ros2_ws/install/px4_msgs/include/px4_msgs/px4_msgs/msg/detail/timesync_status__type_support.hpp\n'}
[3.240258] (px4_msgs) StdoutLine: {'line': b'-- Up-to-date: /home/rschnurr/SkyClaw-Team1/ros2_ws/install/px4_msgs/include/px4_msgs/px4_msgs/msg/detail/rover_throttle_setpoint__builder.hpp\n'}
[3.240493] (px4_msgs) StdoutLine: {'line': b'-- Up-to-date: /home/rschnurr/SkyClaw-Team1/ros2_ws/install/px4_msgs/include/px4_msgs/px4_msgs/msg/detail/mavlink_log__type_support.hpp\n'}
[3.240678] (px4_msgs) StdoutLine: {'line': b'-- Up-to-date: /home/rschnurr/SkyClaw-Team1/ros2_ws/install/px4_msgs/include/px4_msgs/px4_msgs/msg/detail/actuator_controls_status__traits.hpp\n'}
[3.240773] (px4_msgs) StdoutLine: {'line': b'-- Up-to-date: /home/rschnurr/SkyClaw-Team1/ros2_ws/install/px4_msgs/include/px4_msgs/px4_msgs/msg/detail/power_button_state__builder.hpp\n'}
[3.240843] (px4_msgs) StdoutLine: {'line': b'-- Up-to-date: /home/rschnurr/SkyClaw-Team1/ros2_ws/install/px4_msgs/include/px4_msgs/px4_msgs/msg/detail/gimbal_device_information__struct.hpp\n'}
[3.240980] (px4_msgs) StdoutLine: {'line': b'-- Up-to-date: /home/rschnurr/SkyClaw-Team1/ros2_ws/install/px4_msgs/include/px4_msgs/px4_msgs/msg/detail/telemetry_status__traits.hpp\n'}
[3.241070] (px4_msgs) StdoutLine: {'line': b'-- Up-to-date: /home/rschnurr/SkyClaw-Team1/ros2_ws/install/px4_msgs/include/px4_msgs/px4_msgs/msg/detail/mode_completed__type_support.hpp\n'}
[3.241153] (px4_msgs) StdoutLine: {'line': b'-- Up-to-date: /home/rschnurr/SkyClaw-Team1/ros2_ws/install/px4_msgs/include/px4_msgs/px4_msgs/msg/detail/follow_target__builder.hpp\n'}
[3.241214] (px4_msgs) StdoutLine: {'line': b'-- Up-to-date: /home/rschnurr/SkyClaw-Team1/ros2_ws/install/px4_msgs/include/px4_msgs/px4_msgs/msg/detail/radio_status__struct.hpp\n'}
[3.241274] (px4_msgs) StdoutLine: {'line': b'-- Up-to-date: /home/rschnurr/SkyClaw-Team1/ros2_ws/install/px4_msgs/include/px4_msgs/px4_msgs/msg/detail/goto_setpoint__builder.hpp\n'}
[3.241334] (px4_msgs) StdoutLine: {'line': b'-- Up-to-date: /home/rschnurr/SkyClaw-Team1/ros2_ws/install/px4_msgs/include/px4_msgs/px4_msgs/msg/detail/failsafe_flags__builder.hpp\n'}
[3.241391] (px4_msgs) StdoutLine: {'line': b'-- Up-to-date: /home/rschnurr/SkyClaw-Team1/ros2_ws/install/px4_msgs/include/px4_msgs/px4_msgs/msg/detail/vehicle_optical_flow__type_support.hpp\n'}
[3.241449] (px4_msgs) StdoutLine: {'line': b'-- Up-to-date: /home/rschnurr/SkyClaw-Team1/ros2_ws/install/px4_msgs/include/px4_msgs/px4_msgs/msg/detail/autotune_attitude_control_status__traits.hpp\n'}
[3.241508] (px4_msgs) StdoutLine: {'line': b'-- Up-to-date: /home/rschnurr/SkyClaw-Team1/ros2_ws/install/px4_msgs/include/px4_msgs/px4_msgs/msg/detail/manual_control_switches__traits.hpp\n'}
[3.241566] (px4_msgs) StdoutLine: {'line': b'-- Up-to-date: /home/rschnurr/SkyClaw-Team1/ros2_ws/install/px4_msgs/include/px4_msgs/px4_msgs/msg/detail/fixed_wing_lateral_status__builder.hpp\n'}
[3.241623] (px4_msgs) StdoutLine: {'line': b'-- Up-to-date: /home/rschnurr/SkyClaw-Team1/ros2_ws/install/px4_msgs/include/px4_msgs/px4_msgs/msg/detail/led_control__type_support.hpp\n'}
[3.241686] (px4_msgs) StdoutLine: {'line': b'-- Up-to-date: /home/rschnurr/SkyClaw-Team1/ros2_ws/install/px4_msgs/include/px4_msgs/px4_msgs/msg/detail/velocity_limits__type_support.hpp\n'}
[3.241743] (px4_msgs) StdoutLine: {'line': b'-- Up-to-date: /home/rschnurr/SkyClaw-Team1/ros2_ws/install/px4_msgs/include/px4_msgs/px4_msgs/msg/detail/sensor_accel_fifo__traits.hpp\n'}
[3.241801] (px4_msgs) StdoutLine: {'line': b'-- Up-to-date: /home/rschnurr/SkyClaw-Team1/ros2_ws/install/px4_msgs/include/px4_msgs/px4_msgs/msg/detail/vehicle_angular_acceleration_setpoint__builder.hpp\n'}
[3.241859] (px4_msgs) StdoutLine: {'line': b'-- Up-to-date: /home/rschnurr/SkyClaw-Team1/ros2_ws/install/px4_msgs/include/px4_msgs/px4_msgs/msg/detail/airspeed_wind__struct.hpp\n'}
[3.241915] (px4_msgs) StdoutLine: {'line': b'-- Up-to-date: /home/rschnurr/SkyClaw-Team1/ros2_ws/install/px4_msgs/include/px4_msgs/px4_msgs/msg/detail/figure_eight_status__traits.hpp\n'}
[3.241973] (px4_msgs) StdoutLine: {'line': b'-- Up-to-date: /home/rschnurr/SkyClaw-Team1/ros2_ws/install/px4_msgs/include/px4_msgs/px4_msgs/msg/detail/mission__struct.hpp\n'}
[3.242149] (px4_msgs) StdoutLine: {'line': b'-- Up-to-date: /home/rschnurr/SkyClaw-Team1/ros2_ws/install/px4_msgs/include/px4_msgs/px4_msgs/msg/detail/sensor_accel__struct.hpp\n'}
[3.242243] (px4_msgs) StdoutLine: {'line': b'-- Up-to-date: /home/rschnurr/SkyClaw-Team1/ros2_ws/install/px4_msgs/include/px4_msgs/px4_msgs/msg/detail/position_setpoint_triplet__type_support.hpp\n'}
[3.242312] (px4_msgs) StdoutLine: {'line': b'-- Up-to-date: /home/rschnurr/SkyClaw-Team1/ros2_ws/install/px4_msgs/include/px4_msgs/px4_msgs/msg/detail/vehicle_land_detected__builder.hpp\n'}
[3.242376] (px4_msgs) StdoutLine: {'line': b'-- Up-to-date: /home/rschnurr/SkyClaw-Team1/ros2_ws/install/px4_msgs/include/px4_msgs/px4_msgs/msg/detail/led_control__struct.hpp\n'}
[3.242455] (px4_msgs) StdoutLine: {'line': b'-- Up-to-date: /home/rschnurr/SkyClaw-Team1/ros2_ws/install/px4_msgs/include/px4_msgs/px4_msgs/msg/detail/differential_pressure__type_support.hpp\n'}
[3.242515] (px4_msgs) StdoutLine: {'line': b'-- Up-to-date: /home/rschnurr/SkyClaw-Team1/ros2_ws/install/px4_msgs/include/px4_msgs/px4_msgs/msg/detail/button_event__traits.hpp\n'}
[3.242574] (px4_msgs) StdoutLine: {'line': b'-- Up-to-date: /home/rschnurr/SkyClaw-Team1/ros2_ws/install/px4_msgs/include/px4_msgs/px4_msgs/msg/detail/timesync_status__builder.hpp\n'}
[3.242636] (px4_msgs) StdoutLine: {'line': b'-- Up-to-date: /home/rschnurr/SkyClaw-Team1/ros2_ws/install/px4_msgs/include/px4_msgs/px4_msgs/msg/detail/internal_combustion_engine_status__traits.hpp\n'}
[3.242702] (px4_msgs) StdoutLine: {'line': b'-- Up-to-date: /home/rschnurr/SkyClaw-Team1/ros2_ws/install/px4_msgs/include/px4_msgs/px4_msgs/msg/detail/estimator_aid_source1d__type_support.hpp\n'}
[3.242763] (px4_msgs) StdoutLine: {'line': b'-- Up-to-date: /home/rschnurr/SkyClaw-Team1/ros2_ws/install/px4_msgs/include/px4_msgs/px4_msgs/msg/detail/distance_sensor_mode_change_request__type_support.hpp\n'}
[3.242825] (px4_msgs) StdoutLine: {'line': b'-- Up-to-date: /home/rschnurr/SkyClaw-Team1/ros2_ws/install/px4_msgs/include/px4_msgs/px4_msgs/msg/detail/irlock_report__builder.hpp\n'}
[3.242998] (px4_msgs) StdoutLine: {'line': b'-- Up-to-date: /home/rschnurr/SkyClaw-Team1/ros2_ws/install/px4_msgs/include/px4_msgs/px4_msgs/msg/detail/debug_key_value__type_support.hpp\n'}
[3.243180] (px4_msgs) StdoutLine: {'line': b'-- Up-to-date: /home/rschnurr/SkyClaw-Team1/ros2_ws/install/px4_msgs/include/px4_msgs/px4_msgs/msg/detail/sensor_gnss_status__builder.hpp\n'}
[3.243271] (px4_msgs) StdoutLine: {'line': b'-- Up-to-date: /home/rschnurr/SkyClaw-Team1/ros2_ws/install/px4_msgs/include/px4_msgs/px4_msgs/msg/detail/vehicle_rates_setpoint__builder.hpp\n'}
[3.243372] (px4_msgs) StdoutLine: {'line': b'-- Up-to-date: /home/rschnurr/SkyClaw-Team1/ros2_ws/install/px4_msgs/include/px4_msgs/px4_msgs/msg/detail/mission__traits.hpp\n'}
[3.243436] (px4_msgs) StdoutLine: {'line': b'-- Up-to-date: /home/rschnurr/SkyClaw-Team1/ros2_ws/install/px4_msgs/include/px4_msgs/px4_msgs/msg/detail/flight_phase_estimation__traits.hpp\n'}
[3.243498] (px4_msgs) StdoutLine: {'line': b'-- Up-to-date: /home/rschnurr/SkyClaw-Team1/ros2_ws/install/px4_msgs/include/px4_msgs/px4_msgs/msg/detail/gimbal_device_information__builder.hpp\n'}
[3.243558] (px4_msgs) StdoutLine: {'line': b'-- Up-to-date: /home/rschnurr/SkyClaw-Team1/ros2_ws/install/px4_msgs/include/px4_msgs/px4_msgs/msg/detail/follow_target_estimator__builder.hpp\n'}
[3.243618] (px4_msgs) StdoutLine: {'line': b'-- Up-to-date: /home/rschnurr/SkyClaw-Team1/ros2_ws/install/px4_msgs/include/px4_msgs/px4_msgs/msg/detail/wheel_encoders__type_support.hpp\n'}
[3.243677] (px4_msgs) StdoutLine: {'line': b'-- Up-to-date: /home/rschnurr/SkyClaw-Team1/ros2_ws/install/px4_msgs/include/px4_msgs/px4_msgs/msg/detail/input_rc__traits.hpp\n'}
[3.243743] (px4_msgs) StdoutLine: {'line': b'-- Up-to-date: /home/rschnurr/SkyClaw-Team1/ros2_ws/install/px4_msgs/include/px4_msgs/px4_msgs/msg/detail/parameter_set_used_request__struct.hpp\n'}
[3.243821] (px4_msgs) StdoutLine: {'line': b'-- Up-to-date: /home/rschnurr/SkyClaw-Team1/ros2_ws/install/px4_msgs/include/px4_msgs/px4_msgs/msg/detail/landing_gear_wheel__traits.hpp\n'}
[3.243887] (px4_msgs) StdoutLine: {'line': b'-- Up-to-date: /home/rschnurr/SkyClaw-Team1/ros2_ws/install/px4_msgs/include/px4_msgs/px4_msgs/msg/detail/qshell_req__type_support.hpp\n'}
[3.243948] (px4_msgs) StdoutLine: {'line': b'-- Up-to-date: /home/rschnurr/SkyClaw-Team1/ros2_ws/install/px4_msgs/include/px4_msgs/px4_msgs/msg/detail/vehicle_torque_setpoint__type_support.hpp\n'}
[3.244010] (px4_msgs) StdoutLine: {'line': b'-- Up-to-date: /home/rschnurr/SkyClaw-Team1/ros2_ws/install/px4_msgs/include/px4_msgs/px4_msgs/msg/detail/transponder_report__traits.hpp\n'}
[3.244070] (px4_msgs) StdoutLine: {'line': b'-- Up-to-date: /home/rschnurr/SkyClaw-Team1/ros2_ws/install/px4_msgs/include/px4_msgs/px4_msgs/msg/detail/heater_status__builder.hpp\n'}
[3.244140] (px4_msgs) StdoutLine: {'line': b'-- Up-to-date: /home/rschnurr/SkyClaw-Team1/ros2_ws/install/px4_msgs/include/px4_msgs/px4_msgs/msg/detail/collision_constraints__builder.hpp\n'}
[3.244202] (px4_msgs) StdoutLine: {'line': b'-- Up-to-date: /home/rschnurr/SkyClaw-Team1/ros2_ws/install/px4_msgs/include/px4_msgs/px4_msgs/msg/detail/sensor_correction__traits.hpp\n'}
[3.244772] (px4_msgs) StdoutLine: {'line': b'-- Up-to-date: /home/rschnurr/SkyClaw-Team1/ros2_ws/install/px4_msgs/include/px4_msgs/px4_msgs/msg/detail/landing_target_pose__struct.hpp\n'}
[3.245235] (px4_msgs) StdoutLine: {'line': b'-- Up-to-date: /home/rschnurr/SkyClaw-Team1/ros2_ws/install/px4_msgs/include/px4_msgs/px4_msgs/msg/detail/estimator_aid_source2d__type_support.hpp\n'}
[3.245389] (px4_msgs) StdoutLine: {'line': b'-- Up-to-date: /home/rschnurr/SkyClaw-Team1/ros2_ws/install/px4_msgs/include/px4_msgs/px4_msgs/msg/detail/config_overrides__traits.hpp\n'}
[3.245475] (px4_msgs) StdoutLine: {'line': b'-- Up-to-date: /home/rschnurr/SkyClaw-Team1/ros2_ws/install/px4_msgs/include/px4_msgs/px4_msgs/msg/detail/gimbal_controls__traits.hpp\n'}
[3.245546] (px4_msgs) StdoutLine: {'line': b'-- Up-to-date: /home/rschnurr/SkyClaw-Team1/ros2_ws/install/px4_msgs/include/px4_msgs/px4_msgs/msg/detail/vehicle_attitude_setpoint__traits.hpp\n'}
[3.245710] (px4_msgs) StdoutLine: {'line': b'-- Up-to-date: /home/rschnurr/SkyClaw-Team1/ros2_ws/install/px4_msgs/include/px4_msgs/px4_msgs/msg/detail/vehicle_thrust_setpoint__type_support.hpp\n'}
[3.245997] (px4_msgs) StdoutLine: {'line': b'-- Up-to-date: /home/rschnurr/SkyClaw-Team1/ros2_ws/install/px4_msgs/include/px4_msgs/px4_msgs/msg/detail/actuator_motors__traits.hpp\n'}
[3.246470] (px4_msgs) StdoutLine: {'line': b'-- Up-to-date: /home/rschnurr/SkyClaw-Team1/ros2_ws/install/px4_msgs/include/px4_msgs/px4_msgs/msg/detail/message_format_response__traits.hpp\n'}
[3.246870] (px4_msgs) StdoutLine: {'line': b'-- Up-to-date: /home/rschnurr/SkyClaw-Team1/ros2_ws/install/px4_msgs/include/px4_msgs/px4_msgs/msg/detail/register_ext_component_request__type_support.hpp\n'}
[3.247425] (px4_msgs) StdoutLine: {'line': b'-- Up-to-date: /home/rschnurr/SkyClaw-Team1/ros2_ws/install/px4_msgs/include/px4_msgs/px4_msgs/msg/detail/led_control__traits.hpp\n'}
[3.247547] (px4_msgs) StdoutLine: {'line': b'-- Up-to-date: /home/rschnurr/SkyClaw-Team1/ros2_ws/install/px4_msgs/include/px4_msgs/px4_msgs/msg/detail/distance_sensor_mode_change_request__builder.hpp\n'}
[3.247638] (px4_msgs) StdoutLine: {'line': b'-- Up-to-date: /home/rschnurr/SkyClaw-Team1/ros2_ws/install/px4_msgs/include/px4_msgs/px4_msgs/msg/detail/sensor_airflow__type_support.hpp\n'}
[3.247840] (px4_msgs) StdoutLine: {'line': b'-- Up-to-date: /home/rschnurr/SkyClaw-Team1/ros2_ws/install/px4_msgs/include/px4_msgs/px4_msgs/msg/detail/trajectory_setpoint__struct.hpp\n'}
[3.248164] (px4_msgs) StdoutLine: {'line': b'-- Up-to-date: /home/rschnurr/SkyClaw-Team1/ros2_ws/install/px4_msgs/include/px4_msgs/px4_msgs/msg/detail/estimator_gps_status__builder.hpp\n'}
[3.248275] (px4_msgs) StdoutLine: {'line': b'-- Up-to-date: /home/rschnurr/SkyClaw-Team1/ros2_ws/install/px4_msgs/include/px4_msgs/px4_msgs/msg/detail/uavcan_parameter_value__builder.hpp\n'}
[3.248352] (px4_msgs) StdoutLine: {'line': b'-- Up-to-date: /home/rschnurr/SkyClaw-Team1/ros2_ws/install/px4_msgs/include/px4_msgs/px4_msgs/msg/detail/vehicle_magnetometer__type_support.hpp\n'}
[3.248678] (px4_msgs) StdoutLine: {'line': b'-- Up-to-date: /home/rschnurr/SkyClaw-Team1/ros2_ws/install/px4_msgs/include/px4_msgs/px4_msgs/msg/detail/fixed_wing_runway_control__type_support.hpp\n'}
[3.248789] (px4_msgs) StdoutLine: {'line': b'-- Up-to-date: /home/rschnurr/SkyClaw-Team1/ros2_ws/install/px4_msgs/include/px4_msgs/px4_msgs/msg/detail/dronecan_node_status__builder.hpp\n'}
[3.248871] (px4_msgs) StdoutLine: {'line': b'-- Up-to-date: /home/rschnurr/SkyClaw-Team1/ros2_ws/install/px4_msgs/include/px4_msgs/px4_msgs/msg/detail/button_event__struct.hpp\n'}
[3.248948] (px4_msgs) StdoutLine: {'line': b'-- Up-to-date: /home/rschnurr/SkyClaw-Team1/ros2_ws/install/px4_msgs/include/px4_msgs/px4_msgs/msg/detail/sensor_optical_flow__traits.hpp\n'}
[3.249016] (px4_msgs) StdoutLine: {'line': b'-- Up-to-date: /home/rschnurr/SkyClaw-Team1/ros2_ws/install/px4_msgs/include/px4_msgs/px4_msgs/msg/detail/sensor_baro__builder.hpp\n'}
[3.249304] (px4_msgs) StdoutLine: {'line': b'-- Up-to-date: /home/rschnurr/SkyClaw-Team1/ros2_ws/install/px4_msgs/include/px4_msgs/px4_msgs/msg/detail/dataman_request__builder.hpp\n'}
[3.249777] (px4_msgs) StdoutLine: {'line': b'-- Up-to-date: /home/rschnurr/SkyClaw-Team1/ros2_ws/install/px4_msgs/include/px4_msgs/px4_msgs/msg/detail/estimator_event_flags__traits.hpp\n'}
[3.249858] (px4_msgs) StdoutLine: {'line': b'-- Up-to-date: /home/rschnurr/SkyClaw-Team1/ros2_ws/install/px4_msgs/include/px4_msgs/px4_msgs/msg/detail/pps_capture__type_support.hpp\n'}
[3.249923] (px4_msgs) StdoutLine: {'line': b'-- Up-to-date: /home/rschnurr/SkyClaw-Team1/ros2_ws/install/px4_msgs/include/px4_msgs/px4_msgs/msg/detail/adc_report__type_support.hpp\n'}
[3.249976] (px4_msgs) StdoutLine: {'line': b'-- Up-to-date: /home/rschnurr/SkyClaw-Team1/ros2_ws/install/px4_msgs/include/px4_msgs/px4_msgs/msg/detail/vehicle_angular_acceleration_setpoint__traits.hpp\n'}
[3.250032] (px4_msgs) StdoutLine: {'line': b'-- Up-to-date: /home/rschnurr/SkyClaw-Team1/ros2_ws/install/px4_msgs/include/px4_msgs/px4_msgs/msg/detail/estimator_innovations__struct.hpp\n'}
[3.250413] (px4_msgs) StdoutLine: {'line': b'-- Up-to-date: /home/rschnurr/SkyClaw-Team1/ros2_ws/install/px4_msgs/include/px4_msgs/px4_msgs/msg/detail/rtl_time_estimate__builder.hpp\n'}
[3.250535] (px4_msgs) StdoutLine: {'line': b'-- Up-to-date: /home/rschnurr/SkyClaw-Team1/ros2_ws/install/px4_msgs/include/px4_msgs/px4_msgs/msg/detail/sensor_combined__struct.hpp\n'}
[3.250603] (px4_msgs) StdoutLine: {'line': b'-- Up-to-date: /home/rschnurr/SkyClaw-Team1/ros2_ws/install/px4_msgs/include/px4_msgs/px4_msgs/msg/detail/camera_capture__type_support.hpp\n'}
[3.250662] (px4_msgs) StdoutLine: {'line': b'-- Up-to-date: /home/rschnurr/SkyClaw-Team1/ros2_ws/install/px4_msgs/include/px4_msgs/px4_msgs/msg/detail/neural_control__builder.hpp\n'}
[3.250715] (px4_msgs) StdoutLine: {'line': b'-- Up-to-date: /home/rschnurr/SkyClaw-Team1/ros2_ws/install/px4_msgs/include/px4_msgs/px4_msgs/msg/detail/pps_capture__struct.hpp\n'}
[3.250767] (px4_msgs) StdoutLine: {'line': b'-- Up-to-date: /home/rschnurr/SkyClaw-Team1/ros2_ws/install/px4_msgs/include/px4_msgs/px4_msgs/msg/detail/sensor_gyro__traits.hpp\n'}
[3.250818] (px4_msgs) StdoutLine: {'line': b'-- Up-to-date: /home/rschnurr/SkyClaw-Team1/ros2_ws/install/px4_msgs/include/px4_msgs/px4_msgs/msg/detail/estimator_aid_source2d__traits.hpp\n'}
[3.251291] (px4_msgs) StdoutLine: {'line': b'-- Up-to-date: /home/rschnurr/SkyClaw-Team1/ros2_ws/install/px4_msgs/include/px4_msgs/px4_msgs/msg/detail/estimator_status_flags__builder.hpp\n'}
[3.251426] (px4_msgs) StdoutLine: {'line': b'-- Up-to-date: /home/rschnurr/SkyClaw-Team1/ros2_ws/install/px4_msgs/include/px4_msgs/px4_msgs/msg/detail/uavcan_parameter_request__builder.hpp\n'}
[3.251982] (px4_msgs) StdoutLine: {'line': b'-- Up-to-date: /home/rschnurr/SkyClaw-Team1/ros2_ws/install/px4_msgs/include/px4_msgs/px4_msgs/msg/detail/rc_parameter_map__struct.hpp\n'}
[3.252084] (px4_msgs) StdoutLine: {'line': b'-- Up-to-date: /home/rschnurr/SkyClaw-Team1/ros2_ws/install/px4_msgs/include/px4_msgs/px4_msgs/msg/detail/geofence_result__traits.hpp\n'}
[3.252162] (px4_msgs) StdoutLine: {'line': b'-- Up-to-date: /home/rschnurr/SkyClaw-Team1/ros2_ws/install/px4_msgs/include/px4_msgs/px4_msgs/msg/detail/vehicle_angular_velocity__type_support.hpp\n'}
[3.252235] (px4_msgs) StdoutLine: {'line': b'-- Up-to-date: /home/rschnurr/SkyClaw-Team1/ros2_ws/install/px4_msgs/include/px4_msgs/px4_msgs/msg/detail/position_controller_status__builder.hpp\n'}
[3.252337] (px4_msgs) StdoutLine: {'line': b'-- Up-to-date: /home/rschnurr/SkyClaw-Team1/ros2_ws/install/px4_msgs/include/px4_msgs/px4_msgs/msg/detail/goto_setpoint__struct.hpp\n'}
[3.252487] (px4_msgs) StdoutLine: {'line': b'-- Up-to-date: /home/rschnurr/SkyClaw-Team1/ros2_ws/install/px4_msgs/include/px4_msgs/px4_msgs/msg/detail/obstacle_distance__struct.hpp\n'}
[3.252705] (px4_msgs) StdoutLine: {'line': b'-- Up-to-date: /home/rschnurr/SkyClaw-Team1/ros2_ws/install/px4_msgs/include/px4_msgs/px4_msgs/msg/detail/differential_pressure__builder.hpp\n'}
[3.252898] (px4_msgs) StdoutLine: {'line': b'-- Up-to-date: /home/rschnurr/SkyClaw-Team1/ros2_ws/install/px4_msgs/include/px4_msgs/px4_msgs/msg/detail/mode_completed__traits.hpp\n'}
[3.253110] (px4_msgs) StdoutLine: {'line': b'-- Up-to-date: /home/rschnurr/SkyClaw-Team1/ros2_ws/install/px4_msgs/include/px4_msgs/px4_msgs/msg/detail/follow_target_status__traits.hpp\n'}
[3.253320] (px4_msgs) StdoutLine: {'line': b'-- Up-to-date: /home/rschnurr/SkyClaw-Team1/ros2_ws/install/px4_msgs/include/px4_msgs/px4_msgs/msg/detail/wind__type_support.hpp\n'}
[3.254294] (px4_msgs) StdoutLine: {'line': b'-- Up-to-date: /home/rschnurr/SkyClaw-Team1/ros2_ws/install/px4_msgs/include/px4_msgs/px4_msgs/msg/detail/message_format_request__type_support.hpp\n'}
[3.255171] (px4_msgs) StdoutLine: {'line': b'-- Up-to-date: /home/rschnurr/SkyClaw-Team1/ros2_ws/install/px4_msgs/include/px4_msgs/px4_msgs/msg/detail/vehicle_odometry__traits.hpp\n'}
[3.255500] (px4_msgs) StdoutLine: {'line': b'-- Up-to-date: /home/rschnurr/SkyClaw-Team1/ros2_ws/install/px4_msgs/include/px4_msgs/px4_msgs/msg/detail/sensor_uwb__type_support.hpp\n'}
[3.255713] (px4_msgs) StdoutLine: {'line': b'-- Up-to-date: /home/rschnurr/SkyClaw-Team1/ros2_ws/install/px4_msgs/include/px4_msgs/px4_msgs/msg/detail/led_control__builder.hpp\n'}
[3.256319] (px4_msgs) StdoutLine: {'line': b'-- Up-to-date: /home/rschnurr/SkyClaw-Team1/ros2_ws/install/px4_msgs/include/px4_msgs/px4_msgs/msg/detail/launch_detection_status__builder.hpp\n'}
[3.256631] (px4_msgs) StdoutLine: {'line': b'-- Up-to-date: /home/rschnurr/SkyClaw-Team1/ros2_ws/install/px4_msgs/include/px4_msgs/px4_msgs/msg/detail/sensor_preflight_mag__type_support.hpp\n'}
[3.257104] (px4_msgs) StdoutLine: {'line': b'-- Up-to-date: /home/rschnurr/SkyClaw-Team1/ros2_ws/install/px4_msgs/include/px4_msgs/px4_msgs/msg/detail/orbit_status__traits.hpp\n'}
[3.257443] (px4_msgs) StdoutLine: {'line': b'-- Up-to-date: /home/rschnurr/SkyClaw-Team1/ros2_ws/install/px4_msgs/include/px4_msgs/px4_msgs/msg/detail/position_controller_landing_status__struct.hpp\n'}
[3.257875] (px4_msgs) StdoutLine: {'line': b'-- Up-to-date: /home/rschnurr/SkyClaw-Team1/ros2_ws/install/px4_msgs/include/px4_msgs/px4_msgs/msg/detail/mavlink_log__builder.hpp\n'}
[3.258507] (px4_msgs) StdoutLine: {'line': b'-- Up-to-date: /home/rschnurr/SkyClaw-Team1/ros2_ws/install/px4_msgs/include/px4_msgs/px4_msgs/msg/detail/debug_vect__struct.hpp\n'}
[3.259030] (px4_msgs) StdoutLine: {'line': b'-- Up-to-date: /home/rschnurr/SkyClaw-Team1/ros2_ws/install/px4_msgs/include/px4_msgs/px4_msgs/msg/detail/sensors_status_imu__struct.hpp\n'}
[3.259526] (px4_msgs) StdoutLine: {'line': b'-- Up-to-date: /home/rschnurr/SkyClaw-Team1/ros2_ws/install/px4_msgs/include/px4_msgs/px4_msgs/msg/detail/vtol_vehicle_status__type_support.hpp\n'}
[3.260010] (px4_msgs) StdoutLine: {'line': b'-- Up-to-date: /home/rschnurr/SkyClaw-Team1/ros2_ws/install/px4_msgs/include/px4_msgs/px4_msgs/msg/detail/arming_check_reply__type_support.hpp\n'}
[3.260459] (px4_msgs) StdoutLine: {'line': b'-- Up-to-date: /home/rschnurr/SkyClaw-Team1/ros2_ws/install/px4_msgs/include/px4_msgs/px4_msgs/msg/detail/position_controller_landing_status__builder.hpp\n'}
[3.260911] (px4_msgs) StdoutLine: {'line': b'-- Up-to-date: /home/rschnurr/SkyClaw-Team1/ros2_ws/install/px4_msgs/include/px4_msgs/px4_msgs/msg/detail/vehicle_imu__builder.hpp\n'}
[3.261282] (px4_msgs) StdoutLine: {'line': b'-- Up-to-date: /home/rschnurr/SkyClaw-Team1/ros2_ws/install/px4_msgs/include/px4_msgs/px4_msgs/msg/detail/tune_control__builder.hpp\n'}
[3.261667] (px4_msgs) StdoutLine: {'line': b'-- Up-to-date: /home/rschnurr/SkyClaw-Team1/ros2_ws/install/px4_msgs/include/px4_msgs/px4_msgs/msg/detail/vehicle_status__type_support.hpp\n'}
[3.262053] (px4_msgs) StdoutLine: {'line': b'-- Up-to-date: /home/rschnurr/SkyClaw-Team1/ros2_ws/install/px4_msgs/include/px4_msgs/px4_msgs/msg/detail/sensor_uwb__struct.hpp\n'}
[3.262553] (px4_msgs) StdoutLine: {'line': b'-- Up-to-date: /home/rschnurr/SkyClaw-Team1/ros2_ws/install/px4_msgs/include/px4_msgs/px4_msgs/msg/detail/fixed_wing_lateral_setpoint__builder.hpp\n'}
[3.263001] (px4_msgs) StdoutLine: {'line': b'-- Up-to-date: /home/rschnurr/SkyClaw-Team1/ros2_ws/install/px4_msgs/include/px4_msgs/px4_msgs/msg/detail/internal_combustion_engine_status__builder.hpp\n'}
[3.263666] (px4_msgs) StdoutLine: {'line': b'-- Up-to-date: /home/rschnurr/SkyClaw-Team1/ros2_ws/install/px4_msgs/include/px4_msgs/px4_msgs/msg/detail/estimator_status__traits.hpp\n'}
[3.263763] (px4_msgs) StdoutLine: {'line': b'-- Up-to-date: /home/rschnurr/SkyClaw-Team1/ros2_ws/install/px4_msgs/include/px4_msgs/px4_msgs/msg/detail/vehicle_constraints__type_support.hpp\n'}
[3.263923] (px4_msgs) StdoutLine: {'line': b'-- Up-to-date: /home/rschnurr/SkyClaw-Team1/ros2_ws/install/px4_msgs/include/px4_msgs/px4_msgs/msg/detail/hover_thrust_estimate__builder.hpp\n'}
[3.264164] (px4_msgs) StdoutLine: {'line': b'-- Up-to-date: /home/rschnurr/SkyClaw-Team1/ros2_ws/install/px4_msgs/include/px4_msgs/px4_msgs/msg/detail/ulog_stream_ack__traits.hpp\n'}
[3.264414] (px4_msgs) StdoutLine: {'line': b'-- Up-to-date: /home/rschnurr/SkyClaw-Team1/ros2_ws/install/px4_msgs/include/px4_msgs/px4_msgs/msg/detail/rtl_status__traits.hpp\n'}
[3.264909] (px4_msgs) StdoutLine: {'line': b'-- Up-to-date: /home/rschnurr/SkyClaw-Team1/ros2_ws/install/px4_msgs/include/px4_msgs/px4_msgs/msg/detail/distance_sensor_mode_change_request__struct.hpp\n'}
[3.265481] (px4_msgs) StdoutLine: {'line': b'-- Up-to-date: /home/rschnurr/SkyClaw-Team1/ros2_ws/install/px4_msgs/include/px4_msgs/px4_msgs/msg/detail/rover_attitude_setpoint__traits.hpp\n'}
[3.265702] (px4_msgs) StdoutLine: {'line': b'-- Up-to-date: /home/rschnurr/SkyClaw-Team1/ros2_ws/install/px4_msgs/include/px4_msgs/px4_msgs/msg/detail/landing_target_innovations__type_support.hpp\n'}
[3.266122] (px4_msgs) StdoutLine: {'line': b'-- Up-to-date: /home/rschnurr/SkyClaw-Team1/ros2_ws/install/px4_msgs/include/px4_msgs/px4_msgs/msg/detail/flight_phase_estimation__struct.hpp\n'}
[3.266447] (px4_msgs) StdoutLine: {'line': b'-- Up-to-date: /home/rschnurr/SkyClaw-Team1/ros2_ws/install/px4_msgs/include/px4_msgs/px4_msgs/msg/detail/debug_vect__builder.hpp\n'}
[3.266972] (px4_msgs) StdoutLine: {'line': b'-- Up-to-date: /home/rschnurr/SkyClaw-Team1/ros2_ws/install/px4_msgs/include/px4_msgs/px4_msgs/msg/detail/log_message__struct.hpp\n'}
[3.267142] (px4_msgs) StdoutLine: {'line': b'-- Up-to-date: /home/rschnurr/SkyClaw-Team1/ros2_ws/install/px4_msgs/include/px4_msgs/px4_msgs/msg/detail/register_ext_component_reply__traits.hpp\n'}
[3.267226] (px4_msgs) StdoutLine: {'line': b'-- Up-to-date: /home/rschnurr/SkyClaw-Team1/ros2_ws/install/px4_msgs/include/px4_msgs/px4_msgs/msg/detail/wind__traits.hpp\n'}
[3.267301] (px4_msgs) StdoutLine: {'line': b'-- Up-to-date: /home/rschnurr/SkyClaw-Team1/ros2_ws/install/px4_msgs/include/px4_msgs/px4_msgs/msg/detail/actuator_armed__type_support.hpp\n'}
[3.267356] (px4_msgs) StdoutLine: {'line': b'-- Up-to-date: /home/rschnurr/SkyClaw-Team1/ros2_ws/install/px4_msgs/include/px4_msgs/px4_msgs/msg/detail/fuel_tank_status__builder.hpp\n'}
[3.267406] (px4_msgs) StdoutLine: {'line': b'-- Up-to-date: /home/rschnurr/SkyClaw-Team1/ros2_ws/install/px4_msgs/include/px4_msgs/px4_msgs/msg/detail/vehicle_command_ack__traits.hpp\n'}
[3.267453] (px4_msgs) StdoutLine: {'line': b'-- Up-to-date: /home/rschnurr/SkyClaw-Team1/ros2_ws/install/px4_msgs/include/px4_msgs/px4_msgs/msg/detail/orbit_status__builder.hpp\n'}
[3.267501] (px4_msgs) StdoutLine: {'line': b'-- Up-to-date: /home/rschnurr/SkyClaw-Team1/ros2_ws/install/px4_msgs/include/px4_msgs/px4_msgs/msg/detail/iridiumsbd_status__struct.hpp\n'}
[3.267553] (px4_msgs) StdoutLine: {'line': b'-- Up-to-date: /home/rschnurr/SkyClaw-Team1/ros2_ws/install/px4_msgs/include/px4_msgs/px4_msgs/msg/detail/vehicle_command__traits.hpp\n'}
[3.267614] (px4_msgs) StdoutLine: {'line': b'-- Up-to-date: /home/rschnurr/SkyClaw-Team1/ros2_ws/install/px4_msgs/include/px4_msgs/px4_msgs/msg/detail/landing_target_pose__traits.hpp\n'}
[3.268364] (px4_msgs) StdoutLine: {'line': b'-- Up-to-date: /home/rschnurr/SkyClaw-Team1/ros2_ws/install/px4_msgs/include/px4_msgs/px4_msgs/msg/detail/failsafe_flags__traits.hpp\n'}
[3.268810] (px4_msgs) StdoutLine: {'line': b'-- Up-to-date: /home/rschnurr/SkyClaw-Team1/ros2_ws/install/px4_msgs/include/px4_msgs/px4_msgs/msg/detail/vehicle_rates_setpoint__struct.hpp\n'}
[3.269217] (px4_msgs) StdoutLine: {'line': b'-- Up-to-date: /home/rschnurr/SkyClaw-Team1/ros2_ws/install/px4_msgs/include/px4_msgs/px4_msgs/msg/detail/ping__struct.hpp\n'}
[3.269356] (px4_msgs) StdoutLine: {'line': b'-- Up-to-date: /home/rschnurr/SkyClaw-Team1/ros2_ws/install/px4_msgs/include/px4_msgs/px4_msgs/msg/detail/magnetometer_bias_estimate__type_support.hpp\n'}
[3.269420] (px4_msgs) StdoutLine: {'line': b'-- Up-to-date: /home/rschnurr/SkyClaw-Team1/ros2_ws/install/px4_msgs/include/px4_msgs/px4_msgs/msg/detail/vehicle_attitude__type_support.hpp\n'}
[3.269473] (px4_msgs) StdoutLine: {'line': b'-- Up-to-date: /home/rschnurr/SkyClaw-Team1/ros2_ws/install/px4_msgs/include/px4_msgs/px4_msgs/msg/detail/fuel_tank_status__traits.hpp\n'}
[3.269523] (px4_msgs) StdoutLine: {'line': b'-- Up-to-date: /home/rschnurr/SkyClaw-Team1/ros2_ws/install/px4_msgs/include/px4_msgs/px4_msgs/msg/detail/navigator_status__builder.hpp\n'}
[3.269572] (px4_msgs) StdoutLine: {'line': b'-- Up-to-date: /home/rschnurr/SkyClaw-Team1/ros2_ws/install/px4_msgs/include/px4_msgs/px4_msgs/msg/detail/control_allocator_status__struct.hpp\n'}
[3.269640] (px4_msgs) StdoutLine: {'line': b'-- Up-to-date: /home/rschnurr/SkyClaw-Team1/ros2_ws/install/px4_msgs/include/px4_msgs/px4_msgs/msg/detail/gimbal_manager_set_attitude__type_support.hpp\n'}
[3.269690] (px4_msgs) StdoutLine: {'line': b'-- Up-to-date: /home/rschnurr/SkyClaw-Team1/ros2_ws/install/px4_msgs/include/px4_msgs/px4_msgs/msg/detail/landing_target_pose__builder.hpp\n'}
[3.269738] (px4_msgs) StdoutLine: {'line': b'-- Up-to-date: /home/rschnurr/SkyClaw-Team1/ros2_ws/install/px4_msgs/include/px4_msgs/px4_msgs/msg/detail/event__traits.hpp\n'}
[3.269793] (px4_msgs) StdoutLine: {'line': b'-- Up-to-date: /home/rschnurr/SkyClaw-Team1/ros2_ws/install/px4_msgs/include/px4_msgs/px4_msgs/msg/detail/battery_status__type_support.hpp\n'}
[3.269847] (px4_msgs) StdoutLine: {'line': b'-- Up-to-date: /home/rschnurr/SkyClaw-Team1/ros2_ws/install/px4_msgs/include/px4_msgs/px4_msgs/msg/detail/launch_detection_status__traits.hpp\n'}
[3.269918] (px4_msgs) StdoutLine: {'line': b'-- Up-to-date: /home/rschnurr/SkyClaw-Team1/ros2_ws/install/px4_msgs/include/px4_msgs/px4_msgs/msg/detail/actuator_outputs__type_support.hpp\n'}
[3.269968] (px4_msgs) StdoutLine: {'line': b'-- Up-to-date: /home/rschnurr/SkyClaw-Team1/ros2_ws/install/px4_msgs/include/px4_msgs/px4_msgs/msg/detail/vehicle_command__type_support.hpp\n'}
[3.270016] (px4_msgs) StdoutLine: {'line': b'-- Up-to-date: /home/rschnurr/SkyClaw-Team1/ros2_ws/install/px4_msgs/include/px4_msgs/px4_msgs/msg/detail/esc_status__builder.hpp\n'}
[3.270064] (px4_msgs) StdoutLine: {'line': b'-- Up-to-date: /home/rschnurr/SkyClaw-Team1/ros2_ws/install/px4_msgs/include/px4_msgs/px4_msgs/msg/detail/uavcan_parameter_value__struct.hpp\n'}
[3.270114] (px4_msgs) StdoutLine: {'line': b'-- Up-to-date: /home/rschnurr/SkyClaw-Team1/ros2_ws/install/px4_msgs/include/px4_msgs/px4_msgs/msg/detail/sensor_gnss_relative__struct.hpp\n'}
[3.270345] (px4_msgs) StdoutLine: {'line': b'-- Up-to-date: /home/rschnurr/SkyClaw-Team1/ros2_ws/install/px4_msgs/include/px4_msgs/px4_msgs/msg/detail/action_request__type_support.hpp\n'}
[3.270482] (px4_msgs) StdoutLine: {'line': b'-- Up-to-date: /home/rschnurr/SkyClaw-Team1/ros2_ws/install/px4_msgs/include/px4_msgs/px4_msgs/msg/detail/sensor_gps__traits.hpp\n'}
[3.270545] (px4_msgs) StdoutLine: {'line': b'-- Up-to-date: /home/rschnurr/SkyClaw-Team1/ros2_ws/install/px4_msgs/include/px4_msgs/px4_msgs/msg/detail/rover_rate_setpoint__builder.hpp\n'}
[3.270598] (px4_msgs) StdoutLine: {'line': b'-- Up-to-date: /home/rschnurr/SkyClaw-Team1/ros2_ws/install/px4_msgs/include/px4_msgs/px4_msgs/msg/detail/mission_result__traits.hpp\n'}
[3.270647] (px4_msgs) StdoutLine: {'line': b'-- Up-to-date: /home/rschnurr/SkyClaw-Team1/ros2_ws/install/px4_msgs/include/px4_msgs/px4_msgs/msg/detail/log_message__type_support.hpp\n'}
[3.270696] (px4_msgs) StdoutLine: {'line': b'-- Up-to-date: /home/rschnurr/SkyClaw-Team1/ros2_ws/install/px4_msgs/include/px4_msgs/px4_msgs/msg/detail/vehicle_command_ack__type_support.hpp\n'}
[3.270761] (px4_msgs) StdoutLine: {'line': b'-- Up-to-date: /home/rschnurr/SkyClaw-Team1/ros2_ws/install/px4_msgs/include/px4_msgs/px4_msgs/msg/detail/vehicle_local_position_setpoint__traits.hpp\n'}
[3.270819] (px4_msgs) StdoutLine: {'line': b'-- Up-to-date: /home/rschnurr/SkyClaw-Team1/ros2_ws/install/px4_msgs/include/px4_msgs/px4_msgs/msg/detail/adc_report__builder.hpp\n'}
[3.270871] (px4_msgs) StdoutLine: {'line': b'-- Up-to-date: /home/rschnurr/SkyClaw-Team1/ros2_ws/install/px4_msgs/include/px4_msgs/px4_msgs/msg/detail/open_drone_id_system__traits.hpp\n'}
[3.270919] (px4_msgs) StdoutLine: {'line': b'-- Up-to-date: /home/rschnurr/SkyClaw-Team1/ros2_ws/install/px4_msgs/include/px4_msgs/px4_msgs/msg/detail/fixed_wing_lateral_setpoint__type_support.hpp\n'}
[3.270967] (px4_msgs) StdoutLine: {'line': b'-- Up-to-date: /home/rschnurr/SkyClaw-Team1/ros2_ws/install/px4_msgs/include/px4_msgs/px4_msgs/msg/detail/arming_check_request__traits.hpp\n'}
[3.271269] (px4_msgs) StdoutLine: {'line': b'-- Up-to-date: /home/rschnurr/SkyClaw-Team1/ros2_ws/install/px4_msgs/include/px4_msgs/px4_msgs/msg/detail/vehicle_imu__struct.hpp\n'}
[3.271468] (px4_msgs) StdoutLine: {'line': b'-- Up-to-date: /home/rschnurr/SkyClaw-Team1/ros2_ws/install/px4_msgs/include/px4_msgs/px4_msgs/msg/detail/rc_parameter_map__builder.hpp\n'}
[3.271556] (px4_msgs) StdoutLine: {'line': b'-- Up-to-date: /home/rschnurr/SkyClaw-Team1/ros2_ws/install/px4_msgs/include/px4_msgs/px4_msgs/msg/detail/register_ext_component_request__traits.hpp\n'}
[3.271827] (px4_msgs) StdoutLine: {'line': b'-- Up-to-date: /home/rschnurr/SkyClaw-Team1/ros2_ws/install/px4_msgs/include/px4_msgs/px4_msgs/msg/detail/sensor_gyro__builder.hpp\n'}
[3.272293] (px4_msgs) StdoutLine: {'line': b'-- Up-to-date: /home/rschnurr/SkyClaw-Team1/ros2_ws/install/px4_msgs/include/px4_msgs/px4_msgs/msg/detail/internal_combustion_engine_status__type_support.hpp\n'}
[3.272767] (px4_msgs) StdoutLine: {'line': b'-- Up-to-date: /home/rschnurr/SkyClaw-Team1/ros2_ws/install/px4_msgs/include/px4_msgs/px4_msgs/msg/detail/arming_check_request__type_support.hpp\n'}
[3.273515] (px4_msgs) StdoutLine: {'line': b'-- Up-to-date: /home/rschnurr/SkyClaw-Team1/ros2_ws/install/px4_msgs/include/px4_msgs/px4_msgs/msg/detail/orb_test_large__type_support.hpp\n'}
[3.273975] (px4_msgs) StdoutLine: {'line': b'-- Up-to-date: /home/rschnurr/SkyClaw-Team1/ros2_ws/install/px4_msgs/include/px4_msgs/px4_msgs/msg/detail/landing_target_innovations__builder.hpp\n'}
[3.274121] (px4_msgs) StdoutLine: {'line': b'-- Up-to-date: /home/rschnurr/SkyClaw-Team1/ros2_ws/install/px4_msgs/include/px4_msgs/px4_msgs/msg/detail/fuel_tank_status__struct.hpp\n'}
[3.274204] (px4_msgs) StdoutLine: {'line': b'-- Up-to-date: /home/rschnurr/SkyClaw-Team1/ros2_ws/install/px4_msgs/include/px4_msgs/px4_msgs/msg/detail/estimator_aid_source2d__struct.hpp\n'}
[3.274324] (px4_msgs) StdoutLine: {'line': b'-- Up-to-date: /home/rschnurr/SkyClaw-Team1/ros2_ws/install/px4_msgs/include/px4_msgs/px4_msgs/msg/detail/estimator_status__builder.hpp\n'}
[3.274535] (px4_msgs) StdoutLine: {'line': b'-- Up-to-date: /home/rschnurr/SkyClaw-Team1/ros2_ws/install/px4_msgs/include/px4_msgs/px4_msgs/msg/detail/sensor_optical_flow__builder.hpp\n'}
[3.274844] (px4_msgs) StdoutLine: {'line': b'-- Up-to-date: /home/rschnurr/SkyClaw-Team1/ros2_ws/install/px4_msgs/include/px4_msgs/px4_msgs/msg/detail/estimator_bias3d__builder.hpp\n'}
[3.275217] (px4_msgs) StdoutLine: {'line': b'-- Up-to-date: /home/rschnurr/SkyClaw-Team1/ros2_ws/install/px4_msgs/include/px4_msgs/px4_msgs/msg/detail/vehicle_odometry__type_support.hpp\n'}
[3.275712] (px4_msgs) StdoutLine: {'line': b'-- Up-to-date: /home/rschnurr/SkyClaw-Team1/ros2_ws/install/px4_msgs/include/px4_msgs/px4_msgs/msg/detail/esc_report__traits.hpp\n'}
[3.275815] (px4_msgs) StdoutLine: {'line': b'-- Up-to-date: /home/rschnurr/SkyClaw-Team1/ros2_ws/install/px4_msgs/include/px4_msgs/px4_msgs/msg/detail/rover_rate_status__builder.hpp\n'}
[3.276216] (px4_msgs) StdoutLine: {'line': b'-- Up-to-date: /home/rschnurr/SkyClaw-Team1/ros2_ws/install/px4_msgs/include/px4_msgs/px4_msgs/msg/detail/parameter_set_value_request__type_support.hpp\n'}
[3.276501] (px4_msgs) StdoutLine: {'line': b'-- Up-to-date: /home/rschnurr/SkyClaw-Team1/ros2_ws/install/px4_msgs/include/px4_msgs/px4_msgs/msg/detail/vehicle_constraints__struct.hpp\n'}
[3.276914] (px4_msgs) StdoutLine: {'line': b'-- Up-to-date: /home/rschnurr/SkyClaw-Team1/ros2_ws/install/px4_msgs/include/px4_msgs/px4_msgs/msg/detail/vehicle_thrust_setpoint__builder.hpp\n'}
[3.277042] (px4_msgs) StdoutLine: {'line': b'-- Up-to-date: /home/rschnurr/SkyClaw-Team1/ros2_ws/install/px4_msgs/include/px4_msgs/px4_msgs/msg/detail/rover_throttle_setpoint__traits.hpp\n'}
[3.277185] (px4_msgs) StdoutLine: {'line': b'-- Up-to-date: /home/rschnurr/SkyClaw-Team1/ros2_ws/install/px4_msgs/include/px4_msgs/px4_msgs/msg/detail/rtl_time_estimate__struct.hpp\n'}
[3.277590] (px4_msgs) StdoutLine: {'line': b'-- Up-to-date: /home/rschnurr/SkyClaw-Team1/ros2_ws/install/px4_msgs/include/px4_msgs/px4_msgs/msg/detail/offboard_control_mode__traits.hpp\n'}
[3.277681] (px4_msgs) StdoutLine: {'line': b'-- Up-to-date: /home/rschnurr/SkyClaw-Team1/ros2_ws/install/px4_msgs/include/px4_msgs/px4_msgs/msg/detail/collision_constraints__type_support.hpp\n'}
[3.277740] (px4_msgs) StdoutLine: {'line': b'-- Up-to-date: /home/rschnurr/SkyClaw-Team1/ros2_ws/install/px4_msgs/include/px4_msgs/px4_msgs/msg/detail/position_controller_landing_status__type_support.hpp\n'}
[3.277795] (px4_msgs) StdoutLine: {'line': b'-- Up-to-date: /home/rschnurr/SkyClaw-Team1/ros2_ws/install/px4_msgs/include/px4_msgs/px4_msgs/msg/detail/estimator_sensor_bias__traits.hpp\n'}
[3.277843] (px4_msgs) StdoutLine: {'line': b'-- Up-to-date: /home/rschnurr/SkyClaw-Team1/ros2_ws/install/px4_msgs/include/px4_msgs/px4_msgs/msg/detail/vtol_vehicle_status__struct.hpp\n'}
[3.277894] (px4_msgs) StdoutLine: {'line': b'-- Up-to-date: /home/rschnurr/SkyClaw-Team1/ros2_ws/install/px4_msgs/include/px4_msgs/px4_msgs/msg/detail/sensor_gps__struct.hpp\n'}
[3.278045] (px4_msgs) StdoutLine: {'line': b'-- Up-to-date: /home/rschnurr/SkyClaw-Team1/ros2_ws/install/px4_msgs/include/px4_msgs/px4_msgs/msg/detail/sensor_selection__builder.hpp\n'}
[3.278375] (px4_msgs) StdoutLine: {'line': b'-- Up-to-date: /home/rschnurr/SkyClaw-Team1/ros2_ws/install/px4_msgs/include/px4_msgs/px4_msgs/msg/detail/fixed_wing_lateral_guidance_status__struct.hpp\n'}
[3.278704] (px4_msgs) StdoutLine: {'line': b'-- Up-to-date: /home/rschnurr/SkyClaw-Team1/ros2_ws/install/px4_msgs/include/px4_msgs/px4_msgs/msg/detail/vehicle_control_mode__traits.hpp\n'}
[3.279055] (px4_msgs) StdoutLine: {'line': b'-- Up-to-date: /home/rschnurr/SkyClaw-Team1/ros2_ws/install/px4_msgs/include/px4_msgs/px4_msgs/msg/detail/battery_info__traits.hpp\n'}
[3.279495] (px4_msgs) StdoutLine: {'line': b'-- Up-to-date: /home/rschnurr/SkyClaw-Team1/ros2_ws/install/px4_msgs/include/px4_msgs/px4_msgs/msg/detail/actuator_test__traits.hpp\n'}
[3.279826] (px4_msgs) StdoutLine: {'line': b'-- Up-to-date: /home/rschnurr/SkyClaw-Team1/ros2_ws/install/px4_msgs/include/px4_msgs/px4_msgs/msg/detail/position_controller_landing_status__traits.hpp\n'}
[3.280095] (px4_msgs) StdoutLine: {'line': b'-- Up-to-date: /home/rschnurr/SkyClaw-Team1/ros2_ws/install/px4_msgs/include/px4_msgs/px4_msgs/msg/detail/vehicle_attitude__traits.hpp\n'}
[3.280524] (px4_msgs) StdoutLine: {'line': b'-- Up-to-date: /home/rschnurr/SkyClaw-Team1/ros2_ws/install/px4_msgs/include/px4_msgs/px4_msgs/msg/detail/sensor_gyro_fifo__type_support.hpp\n'}
[3.281012] (px4_msgs) StdoutLine: {'line': b'-- Up-to-date: /home/rschnurr/SkyClaw-Team1/ros2_ws/install/px4_msgs/include/px4_msgs/px4_msgs/msg/detail/rc_channels__struct.hpp\n'}
[3.281120] (px4_msgs) StdoutLine: {'line': b'-- Up-to-date: /home/rschnurr/SkyClaw-Team1/ros2_ws/install/px4_msgs/include/px4_msgs/px4_msgs/msg/detail/px4io_status__struct.hpp\n'}
[3.281204] (px4_msgs) StdoutLine: {'line': b'-- Up-to-date: /home/rschnurr/SkyClaw-Team1/ros2_ws/install/px4_msgs/include/px4_msgs/px4_msgs/msg/detail/rover_attitude_status__struct.hpp\n'}
[3.281265] (px4_msgs) StdoutLine: {'line': b'-- Up-to-date: /home/rschnurr/SkyClaw-Team1/ros2_ws/install/px4_msgs/include/px4_msgs/px4_msgs/msg/detail/tecs_status__builder.hpp\n'}
[3.281312] (px4_msgs) StdoutLine: {'line': b'-- Up-to-date: /home/rschnurr/SkyClaw-Team1/ros2_ws/install/px4_msgs/include/px4_msgs/px4_msgs/msg/detail/gimbal_device_set_attitude__traits.hpp\n'}
[3.281358] (px4_msgs) StdoutLine: {'line': b'-- Up-to-date: /home/rschnurr/SkyClaw-Team1/ros2_ws/install/px4_msgs/include/px4_msgs/px4_msgs/msg/detail/parameter_reset_request__type_support.hpp\n'}
[3.281662] (px4_msgs) StdoutLine: {'line': b'-- Up-to-date: /home/rschnurr/SkyClaw-Team1/ros2_ws/install/px4_msgs/include/px4_msgs/px4_msgs/msg/detail/tiltrotor_extra_controls__builder.hpp\n'}
[3.282124] (px4_msgs) StdoutLine: {'line': b'-- Up-to-date: /home/rschnurr/SkyClaw-Team1/ros2_ws/install/px4_msgs/include/px4_msgs/px4_msgs/msg/detail/actuator_servos__type_support.hpp\n'}
[3.282227] (px4_msgs) StdoutLine: {'line': b'-- Up-to-date: /home/rschnurr/SkyClaw-Team1/ros2_ws/install/px4_msgs/include/px4_msgs/px4_msgs/msg/detail/gps_dump__builder.hpp\n'}
[3.282303] (px4_msgs) StdoutLine: {'line': b'-- Up-to-date: /home/rschnurr/SkyClaw-Team1/ros2_ws/install/px4_msgs/include/px4_msgs/px4_msgs/msg/detail/uavcan_parameter_value__type_support.hpp\n'}
[3.282356] (px4_msgs) StdoutLine: {'line': b'-- Up-to-date: /home/rschnurr/SkyClaw-Team1/ros2_ws/install/px4_msgs/include/px4_msgs/px4_msgs/msg/detail/event__type_support.hpp\n'}
[3.282411] (px4_msgs) StdoutLine: {'line': b'-- Up-to-date: /home/rschnurr/SkyClaw-Team1/ros2_ws/install/px4_msgs/include/px4_msgs/px4_msgs/msg/detail/can_interface_status__struct.hpp\n'}
[3.282460] (px4_msgs) StdoutLine: {'line': b'-- Up-to-date: /home/rschnurr/SkyClaw-Team1/ros2_ws/install/px4_msgs/include/px4_msgs/px4_msgs/msg/detail/debug_key_value__builder.hpp\n'}
[3.282508] (px4_msgs) StdoutLine: {'line': b'-- Up-to-date: /home/rschnurr/SkyClaw-Team1/ros2_ws/install/px4_msgs/include/px4_msgs/px4_msgs/msg/detail/mount_orientation__builder.hpp\n'}
[3.282554] (px4_msgs) StdoutLine: {'line': b'-- Up-to-date: /home/rschnurr/SkyClaw-Team1/ros2_ws/install/px4_msgs/include/px4_msgs/px4_msgs/msg/detail/position_controller_status__traits.hpp\n'}
[3.282600] (px4_msgs) StdoutLine: {'line': b'-- Up-to-date: /home/rschnurr/SkyClaw-Team1/ros2_ws/install/px4_msgs/include/px4_msgs/px4_msgs/msg/manual_control_switches.hpp\n'}
[3.282648] (px4_msgs) StdoutLine: {'line': b'-- Up-to-date: /home/rschnurr/SkyClaw-Team1/ros2_ws/install/px4_msgs/include/px4_msgs/px4_msgs/msg/sensor_preflight_mag.hpp\n'}
[3.282692] (px4_msgs) StdoutLine: {'line': b'-- Up-to-date: /home/rschnurr/SkyClaw-Team1/ros2_ws/install/px4_msgs/include/px4_msgs/px4_msgs/msg/fuel_tank_status.hpp\n'}
[3.283040] (px4_msgs) StdoutLine: {'line': b'-- Up-to-date: /home/rschnurr/SkyClaw-Team1/ros2_ws/install/px4_msgs/include/px4_msgs/px4_msgs/msg/dataman_request.hpp\n'}
[3.283636] (px4_msgs) StdoutLine: {'line': b'-- Up-to-date: /home/rschnurr/SkyClaw-Team1/ros2_ws/install/px4_msgs/include/px4_msgs/px4_msgs/msg/vehicle_land_detected.hpp\n'}
[3.284190] (px4_msgs) StdoutLine: {'line': b'-- Up-to-date: /home/rschnurr/SkyClaw-Team1/ros2_ws/install/px4_msgs/include/px4_msgs/px4_msgs/msg/gimbal_manager_set_attitude.hpp\n'}
[3.284419] (px4_msgs) StdoutLine: {'line': b'-- Up-to-date: /home/rschnurr/SkyClaw-Team1/ros2_ws/install/px4_msgs/include/px4_msgs/px4_msgs/msg/pps_capture.hpp\n'}
[3.284955] (px4_msgs) StdoutLine: {'line': b'-- Up-to-date: /home/rschnurr/SkyClaw-Team1/ros2_ws/install/px4_msgs/include/px4_msgs/px4_msgs/msg/normalized_unsigned_setpoint.hpp\n'}
[3.285508] (px4_msgs) StdoutLine: {'line': b'-- Up-to-date: /home/rschnurr/SkyClaw-Team1/ros2_ws/install/px4_msgs/include/px4_msgs/px4_msgs/msg/rover_attitude_setpoint.hpp\n'}
[3.285751] (px4_msgs) StdoutLine: {'line': b'-- Up-to-date: /home/rschnurr/SkyClaw-Team1/ros2_ws/install/px4_msgs/include/px4_msgs/px4_msgs/msg/health_report.hpp\n'}
[3.285832] (px4_msgs) StdoutLine: {'line': b'-- Up-to-date: /home/rschnurr/SkyClaw-Team1/ros2_ws/install/px4_msgs/include/px4_msgs/px4_msgs/msg/adc_report.hpp\n'}
[3.286020] (px4_msgs) StdoutLine: {'line': b'-- Up-to-date: /home/rschnurr/SkyClaw-Team1/ros2_ws/install/px4_msgs/include/px4_msgs/px4_msgs/msg/rosidl_generator_cpp__visibility_control.hpp\n'}
[3.286304] (px4_msgs) StdoutLine: {'line': b'-- Up-to-date: /home/rschnurr/SkyClaw-Team1/ros2_ws/install/px4_msgs/include/px4_msgs/px4_msgs/msg/follow_target.hpp\n'}
[3.286400] (px4_msgs) StdoutLine: {'line': b'-- Up-to-date: /home/rschnurr/SkyClaw-Team1/ros2_ws/install/px4_msgs/include/px4_msgs/px4_msgs/msg/failure_detector_status.hpp\n'}
[3.286461] (px4_msgs) StdoutLine: {'line': b'-- Up-to-date: /home/rschnurr/SkyClaw-Team1/ros2_ws/install/px4_msgs/include/px4_msgs/px4_msgs/msg/irlock_report.hpp\n'}
[3.286514] (px4_msgs) StdoutLine: {'line': b'-- Up-to-date: /home/rschnurr/SkyClaw-Team1/ros2_ws/install/px4_msgs/include/px4_msgs/px4_msgs/msg/battery_status.hpp\n'}
[3.286574] (px4_msgs) StdoutLine: {'line': b'-- Up-to-date: /home/rschnurr/SkyClaw-Team1/ros2_ws/install/px4_msgs/include/px4_msgs/px4_msgs/msg/config_overrides.hpp\n'}
[3.286628] (px4_msgs) StdoutLine: {'line': b'-- Up-to-date: /home/rschnurr/SkyClaw-Team1/ros2_ws/install/px4_msgs/include/px4_msgs/px4_msgs/msg/airspeed.hpp\n'}
[3.286677] (px4_msgs) StdoutLine: {'line': b'-- Up-to-date: /home/rschnurr/SkyClaw-Team1/ros2_ws/install/px4_msgs/include/px4_msgs/px4_msgs/msg/satellite_info.hpp\n'}
[3.286756] (px4_msgs) StdoutLine: {'line': b'-- Up-to-date: /home/rschnurr/SkyClaw-Team1/ros2_ws/install/px4_msgs/include/px4_msgs/px4_msgs/msg/event.hpp\n'}
[3.286811] (px4_msgs) StdoutLine: {'line': b'-- Up-to-date: /home/rschnurr/SkyClaw-Team1/ros2_ws/install/px4_msgs/include/px4_msgs/px4_msgs/msg/estimator_sensor_bias.hpp\n'}
[3.286858] (px4_msgs) StdoutLine: {'line': b'-- Up-to-date: /home/rschnurr/SkyClaw-Team1/ros2_ws/install/px4_msgs/include/px4_msgs/px4_msgs/msg/estimator_bias3d.hpp\n'}
[3.286908] (px4_msgs) StdoutLine: {'line': b'-- Up-to-date: /home/rschnurr/SkyClaw-Team1/ros2_ws/install/px4_msgs/include/px4_msgs/px4_msgs/msg/fixed_wing_longitudinal_setpoint.hpp\n'}
[3.286958] (px4_msgs) StdoutLine: {'line': b'-- Up-to-date: /home/rschnurr/SkyClaw-Team1/ros2_ws/install/px4_msgs/include/px4_msgs/px4_msgs/msg/sensor_selection.hpp\n'}
[3.287004] (px4_msgs) StdoutLine: {'line': b'-- Up-to-date: /home/rschnurr/SkyClaw-Team1/ros2_ws/install/px4_msgs/include/px4_msgs/px4_msgs/msg/vehicle_imu.hpp\n'}
[3.287852] (px4_msgs) StdoutLine: {'line': b'-- Up-to-date: /home/rschnurr/SkyClaw-Team1/ros2_ws/install/px4_msgs/include/px4_msgs/px4_msgs/msg/vehicle_magnetometer.hpp\n'}
[3.288157] (px4_msgs) StdoutLine: {'line': b'-- Up-to-date: /home/rschnurr/SkyClaw-Team1/ros2_ws/install/px4_msgs/include/px4_msgs/px4_msgs/msg/sensor_gyro.hpp\n'}
[3.288429] (px4_msgs) StdoutLine: {'line': b'-- Up-to-date: /home/rschnurr/SkyClaw-Team1/ros2_ws/install/px4_msgs/include/px4_msgs/px4_msgs/msg/sensor_baro.hpp\n'}
[3.288646] (px4_msgs) StdoutLine: {'line': b'-- Up-to-date: /home/rschnurr/SkyClaw-Team1/ros2_ws/install/px4_msgs/include/px4_msgs/px4_msgs/msg/vehicle_odometry.hpp\n'}
[3.288777] (px4_msgs) StdoutLine: {'line': b'-- Up-to-date: /home/rschnurr/SkyClaw-Team1/ros2_ws/install/px4_msgs/include/px4_msgs/px4_msgs/msg/internal_combustion_engine_control.hpp\n'}
[3.288855] (px4_msgs) StdoutLine: {'line': b'-- Up-to-date: /home/rschnurr/SkyClaw-Team1/ros2_ws/install/px4_msgs/include/px4_msgs/px4_msgs/msg/estimator_aid_source2d.hpp\n'}
[3.288924] (px4_msgs) StdoutLine: {'line': b'-- Up-to-date: /home/rschnurr/SkyClaw-Team1/ros2_ws/install/px4_msgs/include/px4_msgs/px4_msgs/msg/debug_vect.hpp\n'}
[3.289215] (px4_msgs) StdoutLine: {'line': b'-- Up-to-date: /home/rschnurr/SkyClaw-Team1/ros2_ws/install/px4_msgs/include/px4_msgs/px4_msgs/msg/position_controller_status.hpp\n'}
[3.289629] (px4_msgs) StdoutLine: {'line': b'-- Up-to-date: /home/rschnurr/SkyClaw-Team1/ros2_ws/install/px4_msgs/include/px4_msgs/px4_msgs/msg/cpuload.hpp\n'}
[3.290026] (px4_msgs) StdoutLine: {'line': b'-- Up-to-date: /home/rschnurr/SkyClaw-Team1/ros2_ws/install/px4_msgs/include/px4_msgs/px4_msgs/msg/estimator_bias.hpp\n'}
[3.290444] (px4_msgs) StdoutLine: {'line': b'-- Up-to-date: /home/rschnurr/SkyClaw-Team1/ros2_ws/install/px4_msgs/include/px4_msgs/px4_msgs/msg/tiltrotor_extra_controls.hpp\n'}
[3.290532] (px4_msgs) StdoutLine: {'line': b'-- Up-to-date: /home/rschnurr/SkyClaw-Team1/ros2_ws/install/px4_msgs/include/px4_msgs/px4_msgs/msg/vehicle_roi.hpp\n'}
[3.290588] (px4_msgs) StdoutLine: {'line': b'-- Up-to-date: /home/rschnurr/SkyClaw-Team1/ros2_ws/install/px4_msgs/include/px4_msgs/px4_msgs/msg/ekf2_timestamps.hpp\n'}
[3.290995] (px4_msgs) StdoutLine: {'line': b'-- Up-to-date: /home/rschnurr/SkyClaw-Team1/ros2_ws/install/px4_msgs/include/px4_msgs/px4_msgs/msg/ulog_stream_ack.hpp\n'}
[3.291285] (px4_msgs) StdoutLine: {'line': b'-- Up-to-date: /home/rschnurr/SkyClaw-Team1/ros2_ws/install/px4_msgs/include/px4_msgs/px4_msgs/msg/input_rc.hpp\n'}
[3.291677] (px4_msgs) StdoutLine: {'line': b'-- Up-to-date: /home/rschnurr/SkyClaw-Team1/ros2_ws/install/px4_msgs/include/px4_msgs/px4_msgs/msg/transponder_report.hpp\n'}
[3.292221] (px4_msgs) StdoutLine: {'line': b'-- Up-to-date: /home/rschnurr/SkyClaw-Team1/ros2_ws/install/px4_msgs/include/px4_msgs/px4_msgs/msg/obstacle_distance.hpp\n'}
[3.292420] (px4_msgs) StdoutLine: {'line': b'-- Up-to-date: /home/rschnurr/SkyClaw-Team1/ros2_ws/install/px4_msgs/include/px4_msgs/px4_msgs/msg/cellular_status.hpp\n'}
[3.292843] (px4_msgs) StdoutLine: {'line': b'-- Up-to-date: /home/rschnurr/SkyClaw-Team1/ros2_ws/install/px4_msgs/include/px4_msgs/px4_msgs/msg/estimator_states.hpp\n'}
[3.293354] (px4_msgs) StdoutLine: {'line': b'-- Up-to-date: /home/rschnurr/SkyClaw-Team1/ros2_ws/install/px4_msgs/include/px4_msgs/px4_msgs/msg/dataman_response.hpp\n'}
[3.293651] (px4_msgs) StdoutLine: {'line': b'-- Up-to-date: /home/rschnurr/SkyClaw-Team1/ros2_ws/install/px4_msgs/include/px4_msgs/px4_msgs/msg/orb_test_large.hpp\n'}
[3.293912] (px4_msgs) StdoutLine: {'line': b'-- Up-to-date: /home/rschnurr/SkyClaw-Team1/ros2_ws/install/px4_msgs/include/px4_msgs/px4_msgs/msg/parameter_update.hpp\n'}
[3.294259] (px4_msgs) StdoutLine: {'line': b'-- Up-to-date: /home/rschnurr/SkyClaw-Team1/ros2_ws/install/px4_msgs/include/px4_msgs/px4_msgs/msg/actuator_armed.hpp\n'}
[3.294657] (px4_msgs) StdoutLine: {'line': b'-- Up-to-date: /home/rschnurr/SkyClaw-Team1/ros2_ws/install/px4_msgs/include/px4_msgs/px4_msgs/msg/vehicle_local_position.hpp\n'}
[3.294736] (px4_msgs) StdoutLine: {'line': b'-- Up-to-date: /home/rschnurr/SkyClaw-Team1/ros2_ws/install/px4_msgs/include/px4_msgs/px4_msgs/msg/estimator_event_flags.hpp\n'}
[3.294789] (px4_msgs) StdoutLine: {'line': b'-- Up-to-date: /home/rschnurr/SkyClaw-Team1/ros2_ws/install/px4_msgs/include/px4_msgs/px4_msgs/msg/distance_sensor_mode_change_request.hpp\n'}
[3.294845] (px4_msgs) StdoutLine: {'line': b'-- Up-to-date: /home/rschnurr/SkyClaw-Team1/ros2_ws/install/px4_msgs/include/px4_msgs/px4_msgs/msg/actuator_controls_status.hpp\n'}
[3.295357] (px4_msgs) StdoutLine: {'line': b'-- Up-to-date: /home/rschnurr/SkyClaw-Team1/ros2_ws/install/px4_msgs/include/px4_msgs/px4_msgs/msg/mag_worker_data.hpp\n'}
[3.295898] (px4_msgs) StdoutLine: {'line': b'-- Up-to-date: /home/rschnurr/SkyClaw-Team1/ros2_ws/install/px4_msgs/include/px4_msgs/px4_msgs/msg/estimator_status_flags.hpp\n'}
[3.296462] (px4_msgs) StdoutLine: {'line': b'-- Up-to-date: /home/rschnurr/SkyClaw-Team1/ros2_ws/install/px4_msgs/include/px4_msgs/px4_msgs/msg/mode_completed.hpp\n'}
[3.296571] (px4_msgs) StdoutLine: {'line': b'-- Up-to-date: /home/rschnurr/SkyClaw-Team1/ros2_ws/install/px4_msgs/include/px4_msgs/px4_msgs/msg/system_power.hpp\n'}
[3.296648] (px4_msgs) StdoutLine: {'line': b'-- Up-to-date: /home/rschnurr/SkyClaw-Team1/ros2_ws/install/px4_msgs/include/px4_msgs/px4_msgs/msg/figure_eight_status.hpp\n'}
[3.296701] (px4_msgs) StdoutLine: {'line': b'-- Up-to-date: /home/rschnurr/SkyClaw-Team1/ros2_ws/install/px4_msgs/include/px4_msgs/px4_msgs/msg/vehicle_global_position.hpp\n'}
[3.296749] (px4_msgs) StdoutLine: {'line': b'-- Up-to-date: /home/rschnurr/SkyClaw-Team1/ros2_ws/install/px4_msgs/include/px4_msgs/px4_msgs/msg/vehicle_command.hpp\n'}
[3.296798] (px4_msgs) StdoutLine: {'line': b'-- Up-to-date: /home/rschnurr/SkyClaw-Team1/ros2_ws/install/px4_msgs/include/px4_msgs/px4_msgs/msg/debug_key_value.hpp\n'}
[3.296845] (px4_msgs) StdoutLine: {'line': b'-- Up-to-date: /home/rschnurr/SkyClaw-Team1/ros2_ws/install/px4_msgs/include/px4_msgs/px4_msgs/msg/vehicle_optical_flow.hpp\n'}
[3.296890] (px4_msgs) StdoutLine: {'line': b'-- Up-to-date: /home/rschnurr/SkyClaw-Team1/ros2_ws/install/px4_msgs/include/px4_msgs/px4_msgs/msg/sensor_gps.hpp\n'}
[3.297121] (px4_msgs) StdoutLine: {'line': b'-- Up-to-date: /home/rschnurr/SkyClaw-Team1/ros2_ws/install/px4_msgs/include/px4_msgs/px4_msgs/msg/magnetometer_bias_estimate.hpp\n'}
[3.297252] (px4_msgs) StdoutLine: {'line': b'-- Up-to-date: /home/rschnurr/SkyClaw-Team1/ros2_ws/install/px4_msgs/include/px4_msgs/px4_msgs/msg/rover_attitude_status.hpp\n'}
[3.297316] (px4_msgs) StdoutLine: {'line': b'-- Up-to-date: /home/rschnurr/SkyClaw-Team1/ros2_ws/install/px4_msgs/include/px4_msgs/px4_msgs/msg/fixed_wing_lateral_setpoint.hpp\n'}
[3.297368] (px4_msgs) StdoutLine: {'line': b'-- Up-to-date: /home/rschnurr/SkyClaw-Team1/ros2_ws/install/px4_msgs/include/px4_msgs/px4_msgs/msg/esc_status.hpp\n'}
[3.297417] (px4_msgs) StdoutLine: {'line': b'-- Up-to-date: /home/rschnurr/SkyClaw-Team1/ros2_ws/install/px4_msgs/include/px4_msgs/px4_msgs/msg/vehicle_imu_status.hpp\n'}
[3.297471] (px4_msgs) StdoutLine: {'line': b'-- Up-to-date: /home/rschnurr/SkyClaw-Team1/ros2_ws/install/px4_msgs/include/px4_msgs/px4_msgs/msg/navigator_status.hpp\n'}
[3.297538] (px4_msgs) StdoutLine: {'line': b'-- Up-to-date: /home/rschnurr/SkyClaw-Team1/ros2_ws/install/px4_msgs/include/px4_msgs/px4_msgs/msg/estimator_status.hpp\n'}
[3.297585] (px4_msgs) StdoutLine: {'line': b'-- Up-to-date: /home/rschnurr/SkyClaw-Team1/ros2_ws/install/px4_msgs/include/px4_msgs/px4_msgs/msg/message_format_response.hpp\n'}
[3.297631] (px4_msgs) StdoutLine: {'line': b'-- Up-to-date: /home/rschnurr/SkyClaw-Team1/ros2_ws/install/px4_msgs/include/px4_msgs/px4_msgs/msg/can_interface_status.hpp\n'}
[3.297679] (px4_msgs) StdoutLine: {'line': b'-- Up-to-date: /home/rschnurr/SkyClaw-Team1/ros2_ws/install/px4_msgs/include/px4_msgs/px4_msgs/msg/sensor_combined.hpp\n'}
[3.297726] (px4_msgs) StdoutLine: {'line': b'-- Up-to-date: /home/rschnurr/SkyClaw-Team1/ros2_ws/install/px4_msgs/include/px4_msgs/px4_msgs/msg/wind.hpp\n'}
[3.298085] (px4_msgs) StdoutLine: {'line': b'-- Up-to-date: /home/rschnurr/SkyClaw-Team1/ros2_ws/install/px4_msgs/include/px4_msgs/px4_msgs/msg/battery_info.hpp\n'}
[3.298317] (px4_msgs) StdoutLine: {'line': b'-- Up-to-date: /home/rschnurr/SkyClaw-Team1/ros2_ws/install/px4_msgs/include/px4_msgs/px4_msgs/msg/differential_pressure.hpp\n'}
[3.298676] (px4_msgs) StdoutLine: {'line': b'-- Up-to-date: /home/rschnurr/SkyClaw-Team1/ros2_ws/install/px4_msgs/include/px4_msgs/px4_msgs/msg/rover_rate_setpoint.hpp\n'}
[3.298777] (px4_msgs) StdoutLine: {'line': b'-- Up-to-date: /home/rschnurr/SkyClaw-Team1/ros2_ws/install/px4_msgs/include/px4_msgs/px4_msgs/msg/vehicle_optical_flow_vel.hpp\n'}
[3.298838] (px4_msgs) StdoutLine: {'line': b'-- Up-to-date: /home/rschnurr/SkyClaw-Team1/ros2_ws/install/px4_msgs/include/px4_msgs/px4_msgs/msg/position_setpoint_triplet.hpp\n'}
[3.298889] (px4_msgs) StdoutLine: {'line': b'-- Up-to-date: /home/rschnurr/SkyClaw-Team1/ros2_ws/install/px4_msgs/include/px4_msgs/px4_msgs/msg/vehicle_attitude.hpp\n'}
[3.298939] (px4_msgs) StdoutLine: {'line': b'-- Up-to-date: /home/rschnurr/SkyClaw-Team1/ros2_ws/install/px4_msgs/include/px4_msgs/px4_msgs/msg/logger_status.hpp\n'}
[3.298986] (px4_msgs) StdoutLine: {'line': b'-- Up-to-date: /home/rschnurr/SkyClaw-Team1/ros2_ws/install/px4_msgs/include/px4_msgs/px4_msgs/msg/fixed_wing_lateral_guidance_status.hpp\n'}
[3.299037] (px4_msgs) StdoutLine: {'line': b'-- Up-to-date: /home/rschnurr/SkyClaw-Team1/ros2_ws/install/px4_msgs/include/px4_msgs/px4_msgs/msg/rc_channels.hpp\n'}
[3.299354] (px4_msgs) StdoutLine: {'line': b'-- Up-to-date: /home/rschnurr/SkyClaw-Team1/ros2_ws/install/px4_msgs/include/px4_msgs/px4_msgs/msg/mavlink_tunnel.hpp\n'}
[3.299474] (px4_msgs) StdoutLine: {'line': b'-- Up-to-date: /home/rschnurr/SkyClaw-Team1/ros2_ws/install/px4_msgs/include/px4_msgs/px4_msgs/msg/sensors_status.hpp\n'}
[3.299539] (px4_msgs) StdoutLine: {'line': b'-- Up-to-date: /home/rschnurr/SkyClaw-Team1/ros2_ws/install/px4_msgs/include/px4_msgs/px4_msgs/msg/gimbal_controls.hpp\n'}
[3.299589] (px4_msgs) StdoutLine: {'line': b'-- Up-to-date: /home/rschnurr/SkyClaw-Team1/ros2_ws/install/px4_msgs/include/px4_msgs/px4_msgs/msg/launch_detection_status.hpp\n'}
[3.299647] (px4_msgs) StdoutLine: {'line': b'-- Up-to-date: /home/rschnurr/SkyClaw-Team1/ros2_ws/install/px4_msgs/include/px4_msgs/px4_msgs/msg/action_request.hpp\n'}
[3.299697] (px4_msgs) StdoutLine: {'line': b'-- Up-to-date: /home/rschnurr/SkyClaw-Team1/ros2_ws/install/px4_msgs/include/px4_msgs/px4_msgs/msg/camera_capture.hpp\n'}
[3.299759] (px4_msgs) StdoutLine: {'line': b'-- Up-to-date: /home/rschnurr/SkyClaw-Team1/ros2_ws/install/px4_msgs/include/px4_msgs/px4_msgs/msg/sensor_uwb.hpp\n'}
[3.300073] (px4_msgs) StdoutLine: {'line': b'-- Up-to-date: /home/rschnurr/SkyClaw-Team1/ros2_ws/install/px4_msgs/include/px4_msgs/px4_msgs/msg/camera_status.hpp\n'}
[3.300636] (px4_msgs) StdoutLine: {'line': b'-- Up-to-date: /home/rschnurr/SkyClaw-Team1/ros2_ws/install/px4_msgs/include/px4_msgs/px4_msgs/msg/position_setpoint.hpp\n'}
[3.300740] (px4_msgs) StdoutLine: {'line': b'-- Up-to-date: /home/rschnurr/SkyClaw-Team1/ros2_ws/install/px4_msgs/include/px4_msgs/px4_msgs/msg/register_ext_component_reply.hpp\n'}
[3.300889] (px4_msgs) StdoutLine: {'line': b'-- Up-to-date: /home/rschnurr/SkyClaw-Team1/ros2_ws/install/px4_msgs/include/px4_msgs/px4_msgs/msg/longitudinal_control_configuration.hpp\n'}
[3.301551] (px4_msgs) StdoutLine: {'line': b'-- Up-to-date: /home/rschnurr/SkyClaw-Team1/ros2_ws/install/px4_msgs/include/px4_msgs/px4_msgs/msg/qshell_req.hpp\n'}
[3.301903] (px4_msgs) StdoutLine: {'line': b'-- Up-to-date: /home/rschnurr/SkyClaw-Team1/ros2_ws/install/px4_msgs/include/px4_msgs/px4_msgs/msg/estimator_aid_source1d.hpp\n'}
[3.302332] (px4_msgs) StdoutLine: {'line': b'-- Up-to-date: /home/rschnurr/SkyClaw-Team1/ros2_ws/install/px4_msgs/include/px4_msgs/px4_msgs/msg/rover_speed_status.hpp\n'}
[3.302947] (px4_msgs) StdoutLine: {'line': b'-- Up-to-date: /home/rschnurr/SkyClaw-Team1/ros2_ws/install/px4_msgs/include/px4_msgs/px4_msgs/msg/parameter_set_value_response.hpp\n'}
[3.303568] (px4_msgs) StdoutLine: {'line': b'-- Up-to-date: /home/rschnurr/SkyClaw-Team1/ros2_ws/install/px4_msgs/include/px4_msgs/px4_msgs/msg/actuator_outputs.hpp\n'}
[3.303952] (px4_msgs) StdoutLine: {'line': b'-- Up-to-date: /home/rschnurr/SkyClaw-Team1/ros2_ws/install/px4_msgs/include/px4_msgs/px4_msgs/msg/qshell_retval.hpp\n'}
[3.304370] (px4_msgs) StdoutLine: {'line': b'-- Up-to-date: /home/rschnurr/SkyClaw-Team1/ros2_ws/install/px4_msgs/include/px4_msgs/px4_msgs/msg/power_button_state.hpp\n'}
[3.304897] (px4_msgs) StdoutLine: {'line': b'-- Up-to-date: /home/rschnurr/SkyClaw-Team1/ros2_ws/install/px4_msgs/include/px4_msgs/px4_msgs/msg/px4io_status.hpp\n'}
[3.305353] (px4_msgs) StdoutLine: {'line': b'-- Up-to-date: /home/rschnurr/SkyClaw-Team1/ros2_ws/install/px4_msgs/include/px4_msgs/px4_msgs/msg/pure_pursuit_status.hpp\n'}
[3.306018] (px4_msgs) StdoutLine: {'line': b'-- Up-to-date: /home/rschnurr/SkyClaw-Team1/ros2_ws/install/px4_msgs/include/px4_msgs/px4_msgs/msg/gimbal_manager_status.hpp\n'}
[3.306185] (px4_msgs) StdoutLine: {'line': b'-- Up-to-date: /home/rschnurr/SkyClaw-Team1/ros2_ws/install/px4_msgs/include/px4_msgs/px4_msgs/msg/airspeed_wind.hpp\n'}
[3.306262] (px4_msgs) StdoutLine: {'line': b'-- Up-to-date: /home/rschnurr/SkyClaw-Team1/ros2_ws/install/px4_msgs/include/px4_msgs/px4_msgs/msg/esc_report.hpp\n'}
[3.306324] (px4_msgs) StdoutLine: {'line': b'-- Up-to-date: /home/rschnurr/SkyClaw-Team1/ros2_ws/install/px4_msgs/include/px4_msgs/px4_msgs/msg/orb_test.hpp\n'}
[3.306449] (px4_msgs) StdoutLine: {'line': b'-- Up-to-date: /home/rschnurr/SkyClaw-Team1/ros2_ws/install/px4_msgs/include/px4_msgs/px4_msgs/msg/actuator_servos.hpp\n'}
[3.306634] (px4_msgs) StdoutLine: {'line': b'-- Up-to-date: /home/rschnurr/SkyClaw-Team1/ros2_ws/install/px4_msgs/include/px4_msgs/px4_msgs/msg/hover_thrust_estimate.hpp\n'}
[3.306995] (px4_msgs) StdoutLine: {'line': b'-- Up-to-date: /home/rschnurr/SkyClaw-Team1/ros2_ws/install/px4_msgs/include/px4_msgs/px4_msgs\n'}
[3.307574] (px4_msgs) StdoutLine: {'line': b'-- Up-to-date: /home/rschnurr/SkyClaw-Team1/ros2_ws/install/px4_msgs/include/px4_msgs/px4_msgs/srv\n'}
[3.308020] (px4_msgs) StdoutLine: {'line': b'-- Up-to-date: /home/rschnurr/SkyClaw-Team1/ros2_ws/install/px4_msgs/include/px4_msgs/px4_msgs/srv/detail\n'}
[3.308486] (px4_msgs) StdoutLine: {'line': b'-- Up-to-date: /home/rschnurr/SkyClaw-Team1/ros2_ws/install/px4_msgs/include/px4_msgs/px4_msgs/srv/detail/dds_fastrtps\n'}
[3.308889] (px4_msgs) StdoutLine: {'line': b'-- Up-to-date: /home/rschnurr/SkyClaw-Team1/ros2_ws/install/px4_msgs/include/px4_msgs/px4_msgs/srv/detail/vehicle_command__rosidl_typesupport_fastrtps_cpp.hpp\n'}
[3.309380] (px4_msgs) StdoutLine: {'line': b'-- Up-to-date: /home/rschnurr/SkyClaw-Team1/ros2_ws/install/px4_msgs/include/px4_msgs/px4_msgs/msg\n'}
[3.309554] (px4_msgs) StdoutLine: {'line': b'-- Up-to-date: /home/rschnurr/SkyClaw-Team1/ros2_ws/install/px4_msgs/include/px4_msgs/px4_msgs/msg/rosidl_typesupport_fastrtps_cpp__visibility_control.h\n'}
[3.309639] (px4_msgs) StdoutLine: {'line': b'-- Up-to-date: /home/rschnurr/SkyClaw-Team1/ros2_ws/install/px4_msgs/include/px4_msgs/px4_msgs/msg/detail\n'}
[3.309856] (px4_msgs) StdoutLine: {'line': b'-- Up-to-date: /home/rschnurr/SkyClaw-Team1/ros2_ws/install/px4_msgs/include/px4_msgs/px4_msgs/msg/detail/vehicle_magnetometer__rosidl_typesupport_fastrtps_cpp.hpp\n'}
[3.310212] (px4_msgs) StdoutLine: {'line': b'-- Up-to-date: /home/rschnurr/SkyClaw-Team1/ros2_ws/install/px4_msgs/include/px4_msgs/px4_msgs/msg/detail/ulog_stream_ack__rosidl_typesupport_fastrtps_cpp.hpp\n'}
[3.310486] (px4_msgs) StdoutLine: {'line': b'-- Up-to-date: /home/rschnurr/SkyClaw-Team1/ros2_ws/install/px4_msgs/include/px4_msgs/px4_msgs/msg/detail/gimbal_manager_set_attitude__rosidl_typesupport_fastrtps_cpp.hpp\n'}
[3.311147] (px4_msgs) StdoutLine: {'line': b'-- Up-to-date: /home/rschnurr/SkyClaw-Team1/ros2_ws/install/px4_msgs/include/px4_msgs/px4_msgs/msg/detail/distance_sensor__rosidl_typesupport_fastrtps_cpp.hpp\n'}
[3.311564] (px4_msgs) StdoutLine: {'line': b'-- Up-to-date: /home/rschnurr/SkyClaw-Team1/ros2_ws/install/px4_msgs/include/px4_msgs/px4_msgs/msg/detail/vehicle_constraints__rosidl_typesupport_fastrtps_cpp.hpp\n'}
[3.311711] (px4_msgs) StdoutLine: {'line': b'-- Up-to-date: /home/rschnurr/SkyClaw-Team1/ros2_ws/install/px4_msgs/include/px4_msgs/px4_msgs/msg/detail/airspeed_wind__rosidl_typesupport_fastrtps_cpp.hpp\n'}
[3.311930] (px4_msgs) StdoutLine: {'line': b'-- Up-to-date: /home/rschnurr/SkyClaw-Team1/ros2_ws/install/px4_msgs/include/px4_msgs/px4_msgs/msg/detail/fixed_wing_lateral_status__rosidl_typesupport_fastrtps_cpp.hpp\n'}
[3.312266] (px4_msgs) StdoutLine: {'line': b'-- Up-to-date: /home/rschnurr/SkyClaw-Team1/ros2_ws/install/px4_msgs/include/px4_msgs/px4_msgs/msg/detail/rover_rate_status__rosidl_typesupport_fastrtps_cpp.hpp\n'}
[3.312539] (px4_msgs) StdoutLine: {'line': b'-- Up-to-date: /home/rschnurr/SkyClaw-Team1/ros2_ws/install/px4_msgs/include/px4_msgs/px4_msgs/msg/detail/ping__rosidl_typesupport_fastrtps_cpp.hpp\n'}
[3.313141] (px4_msgs) StdoutLine: {'line': b'-- Up-to-date: /home/rschnurr/SkyClaw-Team1/ros2_ws/install/px4_msgs/include/px4_msgs/px4_msgs/msg/detail/onboard_computer_status__rosidl_typesupport_fastrtps_cpp.hpp\n'}
[3.313494] (px4_msgs) StdoutLine: {'line': b'-- Up-to-date: /home/rschnurr/SkyClaw-Team1/ros2_ws/install/px4_msgs/include/px4_msgs/px4_msgs/msg/detail/parameter_reset_request__rosidl_typesupport_fastrtps_cpp.hpp\n'}
[3.313989] (px4_msgs) StdoutLine: {'line': b'-- Up-to-date: /home/rschnurr/SkyClaw-Team1/ros2_ws/install/px4_msgs/include/px4_msgs/px4_msgs/msg/detail/actuator_servos_trim__rosidl_typesupport_fastrtps_cpp.hpp\n'}
[3.314224] (px4_msgs) StdoutLine: {'line': b'-- Up-to-date: /home/rschnurr/SkyClaw-Team1/ros2_ws/install/px4_msgs/include/px4_msgs/px4_msgs/msg/detail/logger_status__rosidl_typesupport_fastrtps_cpp.hpp\n'}
[3.314314] (px4_msgs) StdoutLine: {'line': b'-- Up-to-date: /home/rschnurr/SkyClaw-Team1/ros2_ws/install/px4_msgs/include/px4_msgs/px4_msgs/msg/detail/tecs_status__rosidl_typesupport_fastrtps_cpp.hpp\n'}
[3.314376] (px4_msgs) StdoutLine: {'line': b'-- Up-to-date: /home/rschnurr/SkyClaw-Team1/ros2_ws/install/px4_msgs/include/px4_msgs/px4_msgs/msg/detail/estimator_states__rosidl_typesupport_fastrtps_cpp.hpp\n'}
[3.314434] (px4_msgs) StdoutLine: {'line': b'-- Up-to-date: /home/rschnurr/SkyClaw-Team1/ros2_ws/install/px4_msgs/include/px4_msgs/px4_msgs/msg/detail/button_event__rosidl_typesupport_fastrtps_cpp.hpp\n'}
[3.314753] (px4_msgs) StdoutLine: {'line': b'-- Up-to-date: /home/rschnurr/SkyClaw-Team1/ros2_ws/install/px4_msgs/include/px4_msgs/px4_msgs/msg/detail/satellite_info__rosidl_typesupport_fastrtps_cpp.hpp\n'}
[3.315086] (px4_msgs) StdoutLine: {'line': b'-- Up-to-date: /home/rschnurr/SkyClaw-Team1/ros2_ws/install/px4_msgs/include/px4_msgs/px4_msgs/msg/detail/vehicle_thrust_setpoint__rosidl_typesupport_fastrtps_cpp.hpp\n'}
[3.315660] (px4_msgs) StdoutLine: {'line': b'-- Up-to-date: /home/rschnurr/SkyClaw-Team1/ros2_ws/install/px4_msgs/include/px4_msgs/px4_msgs/msg/detail/qshell_retval__rosidl_typesupport_fastrtps_cpp.hpp\n'}
[3.315896] (px4_msgs) StdoutLine: {'line': b'-- Up-to-date: /home/rschnurr/SkyClaw-Team1/ros2_ws/install/px4_msgs/include/px4_msgs/px4_msgs/msg/detail/internal_combustion_engine_status__rosidl_typesupport_fastrtps_cpp.hpp\n'}
[3.316235] (px4_msgs) StdoutLine: {'line': b'-- Up-to-date: /home/rschnurr/SkyClaw-Team1/ros2_ws/install/px4_msgs/include/px4_msgs/px4_msgs/msg/detail/orb_test_large__rosidl_typesupport_fastrtps_cpp.hpp\n'}
[3.316428] (px4_msgs) StdoutLine: {'line': b'-- Up-to-date: /home/rschnurr/SkyClaw-Team1/ros2_ws/install/px4_msgs/include/px4_msgs/px4_msgs/msg/detail/can_interface_status__rosidl_typesupport_fastrtps_cpp.hpp\n'}
[3.316663] (px4_msgs) StdoutLine: {'line': b'-- Up-to-date: /home/rschnurr/SkyClaw-Team1/ros2_ws/install/px4_msgs/include/px4_msgs/px4_msgs/msg/detail/home_position__rosidl_typesupport_fastrtps_cpp.hpp\n'}
[3.316751] (px4_msgs) StdoutLine: {'line': b'-- Up-to-date: /home/rschnurr/SkyClaw-Team1/ros2_ws/install/px4_msgs/include/px4_msgs/px4_msgs/msg/detail/dataman_response__rosidl_typesupport_fastrtps_cpp.hpp\n'}
[3.316811] (px4_msgs) StdoutLine: {'line': b'-- Up-to-date: /home/rschnurr/SkyClaw-Team1/ros2_ws/install/px4_msgs/include/px4_msgs/px4_msgs/msg/detail/rtl_time_estimate__rosidl_typesupport_fastrtps_cpp.hpp\n'}
[3.316861] (px4_msgs) StdoutLine: {'line': b'-- Up-to-date: /home/rschnurr/SkyClaw-Team1/ros2_ws/install/px4_msgs/include/px4_msgs/px4_msgs/msg/detail/vehicle_imu_status__rosidl_typesupport_fastrtps_cpp.hpp\n'}
[3.317177] (px4_msgs) StdoutLine: {'line': b'-- Up-to-date: /home/rschnurr/SkyClaw-Team1/ros2_ws/install/px4_msgs/include/px4_msgs/px4_msgs/msg/detail/sensor_gnss_relative__rosidl_typesupport_fastrtps_cpp.hpp\n'}
[3.317285] (px4_msgs) StdoutLine: {'line': b'-- Up-to-date: /home/rschnurr/SkyClaw-Team1/ros2_ws/install/px4_msgs/include/px4_msgs/px4_msgs/msg/detail/vehicle_acceleration__rosidl_typesupport_fastrtps_cpp.hpp\n'}
[3.317343] (px4_msgs) StdoutLine: {'line': b'-- Up-to-date: /home/rschnurr/SkyClaw-Team1/ros2_ws/install/px4_msgs/include/px4_msgs/px4_msgs/msg/detail/vehicle_optical_flow__rosidl_typesupport_fastrtps_cpp.hpp\n'}
[3.317401] (px4_msgs) StdoutLine: {'line': b'-- Up-to-date: /home/rschnurr/SkyClaw-Team1/ros2_ws/install/px4_msgs/include/px4_msgs/px4_msgs/msg/detail/estimator_aid_source2d__rosidl_typesupport_fastrtps_cpp.hpp\n'}
[3.317771] (px4_msgs) StdoutLine: {'line': b'-- Up-to-date: /home/rschnurr/SkyClaw-Team1/ros2_ws/install/px4_msgs/include/px4_msgs/px4_msgs/msg/detail/open_drone_id_self_id__rosidl_typesupport_fastrtps_cpp.hpp\n'}
[3.318162] (px4_msgs) StdoutLine: {'line': b'-- Up-to-date: /home/rschnurr/SkyClaw-Team1/ros2_ws/install/px4_msgs/include/px4_msgs/px4_msgs/msg/detail/sensor_gps__rosidl_typesupport_fastrtps_cpp.hpp\n'}
[3.318590] (px4_msgs) StdoutLine: {'line': b'-- Up-to-date: /home/rschnurr/SkyClaw-Team1/ros2_ws/install/px4_msgs/include/px4_msgs/px4_msgs/msg/detail/gpio_in__rosidl_typesupport_fastrtps_cpp.hpp\n'}
[3.319039] (px4_msgs) StdoutLine: {'line': b'-- Up-to-date: /home/rschnurr/SkyClaw-Team1/ros2_ws/install/px4_msgs/include/px4_msgs/px4_msgs/msg/detail/rover_attitude_setpoint__rosidl_typesupport_fastrtps_cpp.hpp\n'}
[3.319533] (px4_msgs) StdoutLine: {'line': b'-- Up-to-date: /home/rschnurr/SkyClaw-Team1/ros2_ws/install/px4_msgs/include/px4_msgs/px4_msgs/msg/detail/estimator_status_flags__rosidl_typesupport_fastrtps_cpp.hpp\n'}
[3.320046] (px4_msgs) StdoutLine: {'line': b'-- Up-to-date: /home/rschnurr/SkyClaw-Team1/ros2_ws/install/px4_msgs/include/px4_msgs/px4_msgs/msg/detail/vehicle_local_position__rosidl_typesupport_fastrtps_cpp.hpp\n'}
[3.320513] (px4_msgs) StdoutLine: {'line': b'-- Up-to-date: /home/rschnurr/SkyClaw-Team1/ros2_ws/install/px4_msgs/include/px4_msgs/px4_msgs/msg/detail/vehicle_global_position__rosidl_typesupport_fastrtps_cpp.hpp\n'}
[3.321001] (px4_msgs) StdoutLine: {'line': b'-- Up-to-date: /home/rschnurr/SkyClaw-Team1/ros2_ws/install/px4_msgs/include/px4_msgs/px4_msgs/msg/detail/rover_rate_setpoint__rosidl_typesupport_fastrtps_cpp.hpp\n'}
[3.321568] (px4_msgs) StdoutLine: {'line': b'-- Up-to-date: /home/rschnurr/SkyClaw-Team1/ros2_ws/install/px4_msgs/include/px4_msgs/px4_msgs/msg/detail/open_drone_id_system__rosidl_typesupport_fastrtps_cpp.hpp\n'}
[3.321802] (px4_msgs) StdoutLine: {'line': b'-- Up-to-date: /home/rschnurr/SkyClaw-Team1/ros2_ws/install/px4_msgs/include/px4_msgs/px4_msgs/msg/detail/task_stack_info__rosidl_typesupport_fastrtps_cpp.hpp\n'}
[3.321891] (px4_msgs) StdoutLine: {'line': b'-- Up-to-date: /home/rschnurr/SkyClaw-Team1/ros2_ws/install/px4_msgs/include/px4_msgs/px4_msgs/msg/detail/input_rc__rosidl_typesupport_fastrtps_cpp.hpp\n'}
[3.321950] (px4_msgs) StdoutLine: {'line': b'-- Up-to-date: /home/rschnurr/SkyClaw-Team1/ros2_ws/install/px4_msgs/include/px4_msgs/px4_msgs/msg/detail/vehicle_status__rosidl_typesupport_fastrtps_cpp.hpp\n'}
[3.322132] (px4_msgs) StdoutLine: {'line': b'-- Up-to-date: /home/rschnurr/SkyClaw-Team1/ros2_ws/install/px4_msgs/include/px4_msgs/px4_msgs/msg/detail/px4io_status__rosidl_typesupport_fastrtps_cpp.hpp\n'}
[3.322200] (px4_msgs) StdoutLine: {'line': b'-- Up-to-date: /home/rschnurr/SkyClaw-Team1/ros2_ws/install/px4_msgs/include/px4_msgs/px4_msgs/msg/detail/uavcan_parameter_value__rosidl_typesupport_fastrtps_cpp.hpp\n'}
[3.322253] (px4_msgs) StdoutLine: {'line': b'-- Up-to-date: /home/rschnurr/SkyClaw-Team1/ros2_ws/install/px4_msgs/include/px4_msgs/px4_msgs/msg/detail/navigator_mission_item__rosidl_typesupport_fastrtps_cpp.hpp\n'}
[3.322303] (px4_msgs) StdoutLine: {'line': b'-- Up-to-date: /home/rschnurr/SkyClaw-Team1/ros2_ws/install/px4_msgs/include/px4_msgs/px4_msgs/msg/detail/log_message__rosidl_typesupport_fastrtps_cpp.hpp\n'}
[3.322351] (px4_msgs) StdoutLine: {'line': b'-- Up-to-date: /home/rschnurr/SkyClaw-Team1/ros2_ws/install/px4_msgs/include/px4_msgs/px4_msgs/msg/detail/gimbal_manager_information__rosidl_typesupport_fastrtps_cpp.hpp\n'}
[3.322397] (px4_msgs) StdoutLine: {'line': b'-- Up-to-date: /home/rschnurr/SkyClaw-Team1/ros2_ws/install/px4_msgs/include/px4_msgs/px4_msgs/msg/detail/neural_control__rosidl_typesupport_fastrtps_cpp.hpp\n'}
[3.322506] (px4_msgs) StdoutLine: {'line': b'-- Up-to-date: /home/rschnurr/SkyClaw-Team1/ros2_ws/install/px4_msgs/include/px4_msgs/px4_msgs/msg/detail/geofence_result__rosidl_typesupport_fastrtps_cpp.hpp\n'}
[3.322799] (px4_msgs) StdoutLine: {'line': b'-- Up-to-date: /home/rschnurr/SkyClaw-Team1/ros2_ws/install/px4_msgs/include/px4_msgs/px4_msgs/msg/detail/normalized_unsigned_setpoint__rosidl_typesupport_fastrtps_cpp.hpp\n'}
[3.323380] (px4_msgs) StdoutLine: {'line': b'-- Up-to-date: /home/rschnurr/SkyClaw-Team1/ros2_ws/install/px4_msgs/include/px4_msgs/px4_msgs/msg/detail/pps_capture__rosidl_typesupport_fastrtps_cpp.hpp\n'}
[3.323582] (px4_msgs) StdoutLine: {'line': b'-- Up-to-date: /home/rschnurr/SkyClaw-Team1/ros2_ws/install/px4_msgs/include/px4_msgs/px4_msgs/msg/detail/position_setpoint__rosidl_typesupport_fastrtps_cpp.hpp\n'}
[3.323673] (px4_msgs) StdoutLine: {'line': b'-- Up-to-date: /home/rschnurr/SkyClaw-Team1/ros2_ws/install/px4_msgs/include/px4_msgs/px4_msgs/msg/detail/sensor_baro__rosidl_typesupport_fastrtps_cpp.hpp\n'}
[3.323763] (px4_msgs) StdoutLine: {'line': b'-- Up-to-date: /home/rschnurr/SkyClaw-Team1/ros2_ws/install/px4_msgs/include/px4_msgs/px4_msgs/msg/detail/vehicle_local_position_setpoint__rosidl_typesupport_fastrtps_cpp.hpp\n'}
[3.324736] (px4_msgs) StdoutLine: {'line': b'-- Up-to-date: /home/rschnurr/SkyClaw-Team1/ros2_ws/install/px4_msgs/include/px4_msgs/px4_msgs/msg/detail/follow_target__rosidl_typesupport_fastrtps_cpp.hpp\n'}
[3.325036] (px4_msgs) StdoutLine: {'line': b'-- Up-to-date: /home/rschnurr/SkyClaw-Team1/ros2_ws/install/px4_msgs/include/px4_msgs/px4_msgs/msg/detail/vehicle_air_data__rosidl_typesupport_fastrtps_cpp.hpp\n'}
[3.325115] (px4_msgs) StdoutLine: {'line': b'-- Up-to-date: /home/rschnurr/SkyClaw-Team1/ros2_ws/install/px4_msgs/include/px4_msgs/px4_msgs/msg/detail/trajectory_setpoint__rosidl_typesupport_fastrtps_cpp.hpp\n'}
[3.325173] (px4_msgs) StdoutLine: {'line': b'-- Up-to-date: /home/rschnurr/SkyClaw-Team1/ros2_ws/install/px4_msgs/include/px4_msgs/px4_msgs/msg/detail/vehicle_roi__rosidl_typesupport_fastrtps_cpp.hpp\n'}
[3.325299] (px4_msgs) StdoutLine: {'line': b'-- Up-to-date: /home/rschnurr/SkyClaw-Team1/ros2_ws/install/px4_msgs/include/px4_msgs/px4_msgs/msg/detail/sensor_accel_fifo__rosidl_typesupport_fastrtps_cpp.hpp\n'}
[3.325632] (px4_msgs) StdoutLine: {'line': b'-- Up-to-date: /home/rschnurr/SkyClaw-Team1/ros2_ws/install/px4_msgs/include/px4_msgs/px4_msgs/msg/detail/power_monitor__rosidl_typesupport_fastrtps_cpp.hpp\n'}
[3.325957] (px4_msgs) StdoutLine: {'line': b'-- Up-to-date: /home/rschnurr/SkyClaw-Team1/ros2_ws/install/px4_msgs/include/px4_msgs/px4_msgs/msg/detail/internal_combustion_engine_control__rosidl_typesupport_fastrtps_cpp.hpp\n'}
[3.326279] (px4_msgs) StdoutLine: {'line': b'-- Up-to-date: /home/rschnurr/SkyClaw-Team1/ros2_ws/install/px4_msgs/include/px4_msgs/px4_msgs/msg/detail/fixed_wing_runway_control__rosidl_typesupport_fastrtps_cpp.hpp\n'}
[3.326864] (px4_msgs) StdoutLine: {'line': b'-- Up-to-date: /home/rschnurr/SkyClaw-Team1/ros2_ws/install/px4_msgs/include/px4_msgs/px4_msgs/msg/detail/dds_fastrtps\n'}
[3.328197] (px4_msgs) StdoutLine: {'line': b'-- Up-to-date: /home/rschnurr/SkyClaw-Team1/ros2_ws/install/px4_msgs/include/px4_msgs/px4_msgs/msg/detail/mode_completed__rosidl_typesupport_fastrtps_cpp.hpp\n'}
[3.329010] (px4_msgs) StdoutLine: {'line': b'-- Up-to-date: /home/rschnurr/SkyClaw-Team1/ros2_ws/install/px4_msgs/include/px4_msgs/px4_msgs/msg/detail/fuel_tank_status__rosidl_typesupport_fastrtps_cpp.hpp\n'}
[3.329103] (px4_msgs) StdoutLine: {'line': b'-- Up-to-date: /home/rschnurr/SkyClaw-Team1/ros2_ws/install/px4_msgs/include/px4_msgs/px4_msgs/msg/detail/position_controller_landing_status__rosidl_typesupport_fastrtps_cpp.hpp\n'}
[3.329254] (px4_msgs) StdoutLine: {'line': b'-- Up-to-date: /home/rschnurr/SkyClaw-Team1/ros2_ws/install/px4_msgs/include/px4_msgs/px4_msgs/msg/detail/vehicle_imu__rosidl_typesupport_fastrtps_cpp.hpp\n'}
[3.329735] (-) TimerEvent: {}
[3.329970] (px4_msgs) StdoutLine: {'line': b'-- Up-to-date: /home/rschnurr/SkyClaw-Team1/ros2_ws/install/px4_msgs/include/px4_msgs/px4_msgs/msg/detail/differential_pressure__rosidl_typesupport_fastrtps_cpp.hpp\n'}
[3.330458] (px4_msgs) StdoutLine: {'line': b'-- Up-to-date: /home/rschnurr/SkyClaw-Team1/ros2_ws/install/px4_msgs/include/px4_msgs/px4_msgs/msg/detail/hover_thrust_estimate__rosidl_typesupport_fastrtps_cpp.hpp\n'}
[3.330887] (px4_msgs) StdoutLine: {'line': b'-- Up-to-date: /home/rschnurr/SkyClaw-Team1/ros2_ws/install/px4_msgs/include/px4_msgs/px4_msgs/msg/detail/camera_trigger__rosidl_typesupport_fastrtps_cpp.hpp\n'}
[3.331782] (px4_msgs) StdoutLine: {'line': b'-- Up-to-date: /home/rschnurr/SkyClaw-Team1/ros2_ws/install/px4_msgs/include/px4_msgs/px4_msgs/msg/detail/uavcan_parameter_request__rosidl_typesupport_fastrtps_cpp.hpp\n'}
[3.332323] (px4_msgs) StdoutLine: {'line': b'-- Up-to-date: /home/rschnurr/SkyClaw-Team1/ros2_ws/install/px4_msgs/include/px4_msgs/px4_msgs/msg/detail/sensor_hygrometer__rosidl_typesupport_fastrtps_cpp.hpp\n'}
[3.332425] (px4_msgs) StdoutLine: {'line': b'-- Up-to-date: /home/rschnurr/SkyClaw-Team1/ros2_ws/install/px4_msgs/include/px4_msgs/px4_msgs/msg/detail/register_ext_component_reply__rosidl_typesupport_fastrtps_cpp.hpp\n'}
[3.332488] (px4_msgs) StdoutLine: {'line': b'-- Up-to-date: /home/rschnurr/SkyClaw-Team1/ros2_ws/install/px4_msgs/include/px4_msgs/px4_msgs/msg/detail/sensor_gnss_status__rosidl_typesupport_fastrtps_cpp.hpp\n'}
[3.332538] (px4_msgs) StdoutLine: {'line': b'-- Up-to-date: /home/rschnurr/SkyClaw-Team1/ros2_ws/install/px4_msgs/include/px4_msgs/px4_msgs/msg/detail/failsafe_flags__rosidl_typesupport_fastrtps_cpp.hpp\n'}
[3.332604] (px4_msgs) StdoutLine: {'line': b'-- Up-to-date: /home/rschnurr/SkyClaw-Team1/ros2_ws/install/px4_msgs/include/px4_msgs/px4_msgs/msg/detail/message_format_response__rosidl_typesupport_fastrtps_cpp.hpp\n'}
[3.332651] (px4_msgs) StdoutLine: {'line': b'-- Up-to-date: /home/rschnurr/SkyClaw-Team1/ros2_ws/install/px4_msgs/include/px4_msgs/px4_msgs/msg/detail/fixed_wing_longitudinal_setpoint__rosidl_typesupport_fastrtps_cpp.hpp\n'}
[3.332698] (px4_msgs) StdoutLine: {'line': b'-- Up-to-date: /home/rschnurr/SkyClaw-Team1/ros2_ws/install/px4_msgs/include/px4_msgs/px4_msgs/msg/detail/debug_key_value__rosidl_typesupport_fastrtps_cpp.hpp\n'}
[3.332745] (px4_msgs) StdoutLine: {'line': b'-- Up-to-date: /home/rschnurr/SkyClaw-Team1/ros2_ws/install/px4_msgs/include/px4_msgs/px4_msgs/msg/detail/adc_report__rosidl_typesupport_fastrtps_cpp.hpp\n'}
[3.332798] (px4_msgs) StdoutLine: {'line': b'-- Up-to-date: /home/rschnurr/SkyClaw-Team1/ros2_ws/install/px4_msgs/include/px4_msgs/px4_msgs/msg/detail/register_ext_component_request__rosidl_typesupport_fastrtps_cpp.hpp\n'}
[3.332843] (px4_msgs) StdoutLine: {'line': b'-- Up-to-date: /home/rschnurr/SkyClaw-Team1/ros2_ws/install/px4_msgs/include/px4_msgs/px4_msgs/msg/detail/gimbal_device_attitude_status__rosidl_typesupport_fastrtps_cpp.hpp\n'}
[3.332887] (px4_msgs) StdoutLine: {'line': b'-- Up-to-date: /home/rschnurr/SkyClaw-Team1/ros2_ws/install/px4_msgs/include/px4_msgs/px4_msgs/msg/detail/yaw_estimator_status__rosidl_typesupport_fastrtps_cpp.hpp\n'}
[3.332930] (px4_msgs) StdoutLine: {'line': b'-- Up-to-date: /home/rschnurr/SkyClaw-Team1/ros2_ws/install/px4_msgs/include/px4_msgs/px4_msgs/msg/detail/position_controller_status__rosidl_typesupport_fastrtps_cpp.hpp\n'}
[3.332979] (px4_msgs) StdoutLine: {'line': b'-- Up-to-date: /home/rschnurr/SkyClaw-Team1/ros2_ws/install/px4_msgs/include/px4_msgs/px4_msgs/msg/detail/orb_test_medium__rosidl_typesupport_fastrtps_cpp.hpp\n'}
[3.333312] (px4_msgs) StdoutLine: {'line': b'-- Up-to-date: /home/rschnurr/SkyClaw-Team1/ros2_ws/install/px4_msgs/include/px4_msgs/px4_msgs/msg/detail/rpm__rosidl_typesupport_fastrtps_cpp.hpp\n'}
[3.333646] (px4_msgs) StdoutLine: {'line': b'-- Up-to-date: /home/rschnurr/SkyClaw-Team1/ros2_ws/install/px4_msgs/include/px4_msgs/px4_msgs/msg/detail/event__rosidl_typesupport_fastrtps_cpp.hpp\n'}
[3.333752] (px4_msgs) StdoutLine: {'line': b'-- Up-to-date: /home/rschnurr/SkyClaw-Team1/ros2_ws/install/px4_msgs/include/px4_msgs/px4_msgs/msg/detail/actuator_servos__rosidl_typesupport_fastrtps_cpp.hpp\n'}
[3.333821] (px4_msgs) StdoutLine: {'line': b'-- Up-to-date: /home/rschnurr/SkyClaw-Team1/ros2_ws/install/px4_msgs/include/px4_msgs/px4_msgs/msg/detail/airspeed_validated__rosidl_typesupport_fastrtps_cpp.hpp\n'}
[3.333874] (px4_msgs) StdoutLine: {'line': b'-- Up-to-date: /home/rschnurr/SkyClaw-Team1/ros2_ws/install/px4_msgs/include/px4_msgs/px4_msgs/msg/detail/vehicle_angular_velocity__rosidl_typesupport_fastrtps_cpp.hpp\n'}
[3.334111] (px4_msgs) StdoutLine: {'line': b'-- Up-to-date: /home/rschnurr/SkyClaw-Team1/ros2_ws/install/px4_msgs/include/px4_msgs/px4_msgs/msg/detail/sensor_mag__rosidl_typesupport_fastrtps_cpp.hpp\n'}
[3.334216] (px4_msgs) StdoutLine: {'line': b'-- Up-to-date: /home/rschnurr/SkyClaw-Team1/ros2_ws/install/px4_msgs/include/px4_msgs/px4_msgs/msg/detail/estimator_innovations__rosidl_typesupport_fastrtps_cpp.hpp\n'}
[3.334274] (px4_msgs) StdoutLine: {'line': b'-- Up-to-date: /home/rschnurr/SkyClaw-Team1/ros2_ws/install/px4_msgs/include/px4_msgs/px4_msgs/msg/detail/wind__rosidl_typesupport_fastrtps_cpp.hpp\n'}
[3.334326] (px4_msgs) StdoutLine: {'line': b'-- Up-to-date: /home/rschnurr/SkyClaw-Team1/ros2_ws/install/px4_msgs/include/px4_msgs/px4_msgs/msg/detail/rate_ctrl_status__rosidl_typesupport_fastrtps_cpp.hpp\n'}
[3.334373] (px4_msgs) StdoutLine: {'line': b'-- Up-to-date: /home/rschnurr/SkyClaw-Team1/ros2_ws/install/px4_msgs/include/px4_msgs/px4_msgs/msg/detail/telemetry_status__rosidl_typesupport_fastrtps_cpp.hpp\n'}
[3.334419] (px4_msgs) StdoutLine: {'line': b'-- Up-to-date: /home/rschnurr/SkyClaw-Team1/ros2_ws/install/px4_msgs/include/px4_msgs/px4_msgs/msg/detail/orbit_status__rosidl_typesupport_fastrtps_cpp.hpp\n'}
[3.334729] (px4_msgs) StdoutLine: {'line': b'-- Up-to-date: /home/rschnurr/SkyClaw-Team1/ros2_ws/install/px4_msgs/include/px4_msgs/px4_msgs/msg/detail/launch_detection_status__rosidl_typesupport_fastrtps_cpp.hpp\n'}
[3.334836] (px4_msgs) StdoutLine: {'line': b'-- Up-to-date: /home/rschnurr/SkyClaw-Team1/ros2_ws/install/px4_msgs/include/px4_msgs/px4_msgs/msg/detail/timesync_status__rosidl_typesupport_fastrtps_cpp.hpp\n'}
[3.334898] (px4_msgs) StdoutLine: {'line': b'-- Up-to-date: /home/rschnurr/SkyClaw-Team1/ros2_ws/install/px4_msgs/include/px4_msgs/px4_msgs/msg/detail/estimator_bias3d__rosidl_typesupport_fastrtps_cpp.hpp\n'}
[3.334949] (px4_msgs) StdoutLine: {'line': b'-- Up-to-date: /home/rschnurr/SkyClaw-Team1/ros2_ws/install/px4_msgs/include/px4_msgs/px4_msgs/msg/detail/flight_phase_estimation__rosidl_typesupport_fastrtps_cpp.hpp\n'}
[3.335020] (px4_msgs) StdoutLine: {'line': b'-- Up-to-date: /home/rschnurr/SkyClaw-Team1/ros2_ws/install/px4_msgs/include/px4_msgs/px4_msgs/msg/detail/orb_test__rosidl_typesupport_fastrtps_cpp.hpp\n'}
[3.335090] (px4_msgs) StdoutLine: {'line': b'-- Up-to-date: /home/rschnurr/SkyClaw-Team1/ros2_ws/install/px4_msgs/include/px4_msgs/px4_msgs/msg/detail/rover_position_setpoint__rosidl_typesupport_fastrtps_cpp.hpp\n'}
[3.335151] (px4_msgs) StdoutLine: {'line': b'-- Up-to-date: /home/rschnurr/SkyClaw-Team1/ros2_ws/install/px4_msgs/include/px4_msgs/px4_msgs/msg/detail/camera_capture__rosidl_typesupport_fastrtps_cpp.hpp\n'}
[3.335197] (px4_msgs) StdoutLine: {'line': b'-- Up-to-date: /home/rschnurr/SkyClaw-Team1/ros2_ws/install/px4_msgs/include/px4_msgs/px4_msgs/msg/detail/navigator_status__rosidl_typesupport_fastrtps_cpp.hpp\n'}
[3.335245] (px4_msgs) StdoutLine: {'line': b'-- Up-to-date: /home/rschnurr/SkyClaw-Team1/ros2_ws/install/px4_msgs/include/px4_msgs/px4_msgs/msg/detail/config_overrides__rosidl_typesupport_fastrtps_cpp.hpp\n'}
[3.335292] (px4_msgs) StdoutLine: {'line': b'-- Up-to-date: /home/rschnurr/SkyClaw-Team1/ros2_ws/install/px4_msgs/include/px4_msgs/px4_msgs/msg/detail/follow_target_estimator__rosidl_typesupport_fastrtps_cpp.hpp\n'}
[3.335639] (px4_msgs) StdoutLine: {'line': b'-- Up-to-date: /home/rschnurr/SkyClaw-Team1/ros2_ws/install/px4_msgs/include/px4_msgs/px4_msgs/msg/detail/gpio_config__rosidl_typesupport_fastrtps_cpp.hpp\n'}
[3.335737] (px4_msgs) StdoutLine: {'line': b'-- Up-to-date: /home/rschnurr/SkyClaw-Team1/ros2_ws/install/px4_msgs/include/px4_msgs/px4_msgs/msg/detail/lateral_control_configuration__rosidl_typesupport_fastrtps_cpp.hpp\n'}
[3.335797] (px4_msgs) StdoutLine: {'line': b'-- Up-to-date: /home/rschnurr/SkyClaw-Team1/ros2_ws/install/px4_msgs/include/px4_msgs/px4_msgs/msg/detail/actuator_controls_status__rosidl_typesupport_fastrtps_cpp.hpp\n'}
[3.335860] (px4_msgs) StdoutLine: {'line': b'-- Up-to-date: /home/rschnurr/SkyClaw-Team1/ros2_ws/install/px4_msgs/include/px4_msgs/px4_msgs/msg/detail/estimator_bias__rosidl_typesupport_fastrtps_cpp.hpp\n'}
[3.335925] (px4_msgs) StdoutLine: {'line': b'-- Up-to-date: /home/rschnurr/SkyClaw-Team1/ros2_ws/install/px4_msgs/include/px4_msgs/px4_msgs/msg/detail/gimbal_device_set_attitude__rosidl_typesupport_fastrtps_cpp.hpp\n'}
[3.335984] (px4_msgs) StdoutLine: {'line': b'-- Up-to-date: /home/rschnurr/SkyClaw-Team1/ros2_ws/install/px4_msgs/include/px4_msgs/px4_msgs/msg/detail/sensor_correction__rosidl_typesupport_fastrtps_cpp.hpp\n'}
[3.336124] (px4_msgs) StdoutLine: {'line': b'-- Up-to-date: /home/rschnurr/SkyClaw-Team1/ros2_ws/install/px4_msgs/include/px4_msgs/px4_msgs/msg/detail/landing_gear__rosidl_typesupport_fastrtps_cpp.hpp\n'}
[3.336339] (px4_msgs) StdoutLine: {'line': b'-- Up-to-date: /home/rschnurr/SkyClaw-Team1/ros2_ws/install/px4_msgs/include/px4_msgs/px4_msgs/msg/detail/sensor_gyro_fifo__rosidl_typesupport_fastrtps_cpp.hpp\n'}
[3.336640] (px4_msgs) StdoutLine: {'line': b'-- Up-to-date: /home/rschnurr/SkyClaw-Team1/ros2_ws/install/px4_msgs/include/px4_msgs/px4_msgs/msg/detail/generator_status__rosidl_typesupport_fastrtps_cpp.hpp\n'}
[3.337174] (px4_msgs) StdoutLine: {'line': b'-- Up-to-date: /home/rschnurr/SkyClaw-Team1/ros2_ws/install/px4_msgs/include/px4_msgs/px4_msgs/msg/detail/vehicle_command_ack__rosidl_typesupport_fastrtps_cpp.hpp\n'}
[3.337273] (px4_msgs) StdoutLine: {'line': b'-- Up-to-date: /home/rschnurr/SkyClaw-Team1/ros2_ws/install/px4_msgs/include/px4_msgs/px4_msgs/msg/detail/actuator_outputs__rosidl_typesupport_fastrtps_cpp.hpp\n'}
[3.337345] (px4_msgs) StdoutLine: {'line': b'-- Up-to-date: /home/rschnurr/SkyClaw-Team1/ros2_ws/install/px4_msgs/include/px4_msgs/px4_msgs/msg/detail/tiltrotor_extra_controls__rosidl_typesupport_fastrtps_cpp.hpp\n'}
[3.337395] (px4_msgs) StdoutLine: {'line': b'-- Up-to-date: /home/rschnurr/SkyClaw-Team1/ros2_ws/install/px4_msgs/include/px4_msgs/px4_msgs/msg/detail/gimbal_manager_set_manual_control__rosidl_typesupport_fastrtps_cpp.hpp\n'}
[3.337443] (px4_msgs) StdoutLine: {'line': b'-- Up-to-date: /home/rschnurr/SkyClaw-Team1/ros2_ws/install/px4_msgs/include/px4_msgs/px4_msgs/msg/detail/wheel_encoders__rosidl_typesupport_fastrtps_cpp.hpp\n'}
[3.337498] (px4_msgs) StdoutLine: {'line': b'-- Up-to-date: /home/rschnurr/SkyClaw-Team1/ros2_ws/install/px4_msgs/include/px4_msgs/px4_msgs/msg/detail/vehicle_attitude__rosidl_typesupport_fastrtps_cpp.hpp\n'}
[3.337839] (px4_msgs) StdoutLine: {'line': b'-- Up-to-date: /home/rschnurr/SkyClaw-Team1/ros2_ws/install/px4_msgs/include/px4_msgs/px4_msgs/msg/detail/control_allocator_status__rosidl_typesupport_fastrtps_cpp.hpp\n'}
[3.337949] (px4_msgs) StdoutLine: {'line': b'-- Up-to-date: /home/rschnurr/SkyClaw-Team1/ros2_ws/install/px4_msgs/include/px4_msgs/px4_msgs/msg/detail/parameter_update__rosidl_typesupport_fastrtps_cpp.hpp\n'}
[3.338025] (px4_msgs) StdoutLine: {'line': b'-- Up-to-date: /home/rschnurr/SkyClaw-Team1/ros2_ws/install/px4_msgs/include/px4_msgs/px4_msgs/msg/detail/estimator_selector_status__rosidl_typesupport_fastrtps_cpp.hpp\n'}
[3.338124] (px4_msgs) StdoutLine: {'line': b'-- Up-to-date: /home/rschnurr/SkyClaw-Team1/ros2_ws/install/px4_msgs/include/px4_msgs/px4_msgs/msg/detail/estimator_status__rosidl_typesupport_fastrtps_cpp.hpp\n'}
[3.338527] (px4_msgs) StdoutLine: {'line': b'-- Up-to-date: /home/rschnurr/SkyClaw-Team1/ros2_ws/install/px4_msgs/include/px4_msgs/px4_msgs/msg/detail/actuator_test__rosidl_typesupport_fastrtps_cpp.hpp\n'}
[3.339872] (px4_msgs) StdoutLine: {'line': b'-- Up-to-date: /home/rschnurr/SkyClaw-Team1/ros2_ws/install/px4_msgs/include/px4_msgs/px4_msgs/msg/detail/arming_check_reply__rosidl_typesupport_fastrtps_cpp.hpp\n'}
[3.340689] (px4_msgs) StdoutLine: {'line': b'-- Up-to-date: /home/rschnurr/SkyClaw-Team1/ros2_ws/install/px4_msgs/include/px4_msgs/px4_msgs/msg/detail/mission__rosidl_typesupport_fastrtps_cpp.hpp\n'}
[3.340895] (px4_msgs) StdoutLine: {'line': b'-- Up-to-date: /home/rschnurr/SkyClaw-Team1/ros2_ws/install/px4_msgs/include/px4_msgs/px4_msgs/msg/detail/led_control__rosidl_typesupport_fastrtps_cpp.hpp\n'}
[3.341063] (px4_msgs) StdoutLine: {'line': b'-- Up-to-date: /home/rschnurr/SkyClaw-Team1/ros2_ws/install/px4_msgs/include/px4_msgs/px4_msgs/msg/detail/estimator_aid_source1d__rosidl_typesupport_fastrtps_cpp.hpp\n'}
[3.341346] (px4_msgs) StdoutLine: {'line': b'-- Up-to-date: /home/rschnurr/SkyClaw-Team1/ros2_ws/install/px4_msgs/include/px4_msgs/px4_msgs/msg/detail/sensor_combined__rosidl_typesupport_fastrtps_cpp.hpp\n'}
[3.341473] (px4_msgs) StdoutLine: {'line': b'-- Up-to-date: /home/rschnurr/SkyClaw-Team1/ros2_ws/install/px4_msgs/include/px4_msgs/px4_msgs/msg/detail/parameter_set_used_request__rosidl_typesupport_fastrtps_cpp.hpp\n'}
[3.341567] (px4_msgs) StdoutLine: {'line': b'-- Up-to-date: /home/rschnurr/SkyClaw-Team1/ros2_ws/install/px4_msgs/include/px4_msgs/px4_msgs/msg/detail/vehicle_command__rosidl_typesupport_fastrtps_cpp.hpp\n'}
[3.341641] (px4_msgs) StdoutLine: {'line': b'-- Up-to-date: /home/rschnurr/SkyClaw-Team1/ros2_ws/install/px4_msgs/include/px4_msgs/px4_msgs/msg/detail/sensor_uwb__rosidl_typesupport_fastrtps_cpp.hpp\n'}
[3.341720] (px4_msgs) StdoutLine: {'line': b'-- Up-to-date: /home/rschnurr/SkyClaw-Team1/ros2_ws/install/px4_msgs/include/px4_msgs/px4_msgs/msg/detail/cellular_status__rosidl_typesupport_fastrtps_cpp.hpp\n'}
[3.341796] (px4_msgs) StdoutLine: {'line': b'-- Up-to-date: /home/rschnurr/SkyClaw-Team1/ros2_ws/install/px4_msgs/include/px4_msgs/px4_msgs/msg/detail/sensor_selection__rosidl_typesupport_fastrtps_cpp.hpp\n'}
[3.341866] (px4_msgs) StdoutLine: {'line': b'-- Up-to-date: /home/rschnurr/SkyClaw-Team1/ros2_ws/install/px4_msgs/include/px4_msgs/px4_msgs/msg/detail/rover_throttle_setpoint__rosidl_typesupport_fastrtps_cpp.hpp\n'}
[3.341999] (px4_msgs) StdoutLine: {'line': b'-- Up-to-date: /home/rschnurr/SkyClaw-Team1/ros2_ws/install/px4_msgs/include/px4_msgs/px4_msgs/msg/detail/mag_worker_data__rosidl_typesupport_fastrtps_cpp.hpp\n'}
[3.342090] (px4_msgs) StdoutLine: {'line': b'-- Up-to-date: /home/rschnurr/SkyClaw-Team1/ros2_ws/install/px4_msgs/include/px4_msgs/px4_msgs/msg/detail/sensor_gyro__rosidl_typesupport_fastrtps_cpp.hpp\n'}
[3.342165] (px4_msgs) StdoutLine: {'line': b'-- Up-to-date: /home/rschnurr/SkyClaw-Team1/ros2_ws/install/px4_msgs/include/px4_msgs/px4_msgs/msg/detail/cpuload__rosidl_typesupport_fastrtps_cpp.hpp\n'}
[3.342231] (px4_msgs) StdoutLine: {'line': b'-- Up-to-date: /home/rschnurr/SkyClaw-Team1/ros2_ws/install/px4_msgs/include/px4_msgs/px4_msgs/msg/detail/gps_inject_data__rosidl_typesupport_fastrtps_cpp.hpp\n'}
[3.342307] (px4_msgs) StdoutLine: {'line': b'-- Up-to-date: /home/rschnurr/SkyClaw-Team1/ros2_ws/install/px4_msgs/include/px4_msgs/px4_msgs/msg/detail/iridiumsbd_status__rosidl_typesupport_fastrtps_cpp.hpp\n'}
[3.342376] (px4_msgs) StdoutLine: {'line': b'-- Up-to-date: /home/rschnurr/SkyClaw-Team1/ros2_ws/install/px4_msgs/include/px4_msgs/px4_msgs/msg/detail/gimbal_controls__rosidl_typesupport_fastrtps_cpp.hpp\n'}
[3.342442] (px4_msgs) StdoutLine: {'line': b'-- Up-to-date: /home/rschnurr/SkyClaw-Team1/ros2_ws/install/px4_msgs/include/px4_msgs/px4_msgs/msg/detail/health_report__rosidl_typesupport_fastrtps_cpp.hpp\n'}
[3.342510] (px4_msgs) StdoutLine: {'line': b'-- Up-to-date: /home/rschnurr/SkyClaw-Team1/ros2_ws/install/px4_msgs/include/px4_msgs/px4_msgs/msg/detail/vtol_vehicle_status__rosidl_typesupport_fastrtps_cpp.hpp\n'}
[3.342757] (px4_msgs) StdoutLine: {'line': b'-- Up-to-date: /home/rschnurr/SkyClaw-Team1/ros2_ws/install/px4_msgs/include/px4_msgs/px4_msgs/msg/detail/gripper__rosidl_typesupport_fastrtps_cpp.hpp\n'}
[3.343949] (px4_msgs) StdoutLine: {'line': b'-- Up-to-date: /home/rschnurr/SkyClaw-Team1/ros2_ws/install/px4_msgs/include/px4_msgs/px4_msgs/msg/detail/open_drone_id_operator_id__rosidl_typesupport_fastrtps_cpp.hpp\n'}
[3.346902] (px4_msgs) StdoutLine: {'line': b'-- Up-to-date: /home/rschnurr/SkyClaw-Team1/ros2_ws/install/px4_msgs/include/px4_msgs/px4_msgs/msg/detail/sensor_accel__rosidl_typesupport_fastrtps_cpp.hpp\n'}
[3.347624] (px4_msgs) StdoutLine: {'line': b'-- Up-to-date: /home/rschnurr/SkyClaw-Team1/ros2_ws/install/px4_msgs/include/px4_msgs/px4_msgs/msg/detail/vehicle_odometry__rosidl_typesupport_fastrtps_cpp.hpp\n'}
[3.347734] (px4_msgs) StdoutLine: {'line': b'-- Up-to-date: /home/rschnurr/SkyClaw-Team1/ros2_ws/install/px4_msgs/include/px4_msgs/px4_msgs/msg/detail/vehicle_control_mode__rosidl_typesupport_fastrtps_cpp.hpp\n'}
[3.347818] (px4_msgs) StdoutLine: {'line': b'-- Up-to-date: /home/rschnurr/SkyClaw-Team1/ros2_ws/install/px4_msgs/include/px4_msgs/px4_msgs/msg/detail/pwm_input__rosidl_typesupport_fastrtps_cpp.hpp\n'}
[3.347886] (px4_msgs) StdoutLine: {'line': b'-- Up-to-date: /home/rschnurr/SkyClaw-Team1/ros2_ws/install/px4_msgs/include/px4_msgs/px4_msgs/msg/detail/estimator_gps_status__rosidl_typesupport_fastrtps_cpp.hpp\n'}
[3.347952] (px4_msgs) StdoutLine: {'line': b'-- Up-to-date: /home/rschnurr/SkyClaw-Team1/ros2_ws/install/px4_msgs/include/px4_msgs/px4_msgs/msg/detail/open_drone_id_arm_status__rosidl_typesupport_fastrtps_cpp.hpp\n'}
[3.348720] (px4_msgs) StdoutLine: {'line': b'-- Up-to-date: /home/rschnurr/SkyClaw-Team1/ros2_ws/install/px4_msgs/include/px4_msgs/px4_msgs/msg/detail/message_format_request__rosidl_typesupport_fastrtps_cpp.hpp\n'}
[3.349214] (px4_msgs) StdoutLine: {'line': b'-- Up-to-date: /home/rschnurr/SkyClaw-Team1/ros2_ws/install/px4_msgs/include/px4_msgs/px4_msgs/msg/detail/vehicle_torque_setpoint__rosidl_typesupport_fastrtps_cpp.hpp\n'}
[3.349320] (px4_msgs) StdoutLine: {'line': b'-- Up-to-date: /home/rschnurr/SkyClaw-Team1/ros2_ws/install/px4_msgs/include/px4_msgs/px4_msgs/msg/detail/esc_report__rosidl_typesupport_fastrtps_cpp.hpp\n'}
[3.349388] (px4_msgs) StdoutLine: {'line': b'-- Up-to-date: /home/rschnurr/SkyClaw-Team1/ros2_ws/install/px4_msgs/include/px4_msgs/px4_msgs/msg/detail/collision_constraints__rosidl_typesupport_fastrtps_cpp.hpp\n'}
[3.350183] (px4_msgs) StdoutLine: {'line': b'-- Up-to-date: /home/rschnurr/SkyClaw-Team1/ros2_ws/install/px4_msgs/include/px4_msgs/px4_msgs/msg/detail/sensor_airflow__rosidl_typesupport_fastrtps_cpp.hpp\n'}
[3.350332] (px4_msgs) StdoutLine: {'line': b'-- Up-to-date: /home/rschnurr/SkyClaw-Team1/ros2_ws/install/px4_msgs/include/px4_msgs/px4_msgs/msg/detail/magnetometer_bias_estimate__rosidl_typesupport_fastrtps_cpp.hpp\n'}
[3.350422] (px4_msgs) StdoutLine: {'line': b'-- Up-to-date: /home/rschnurr/SkyClaw-Team1/ros2_ws/install/px4_msgs/include/px4_msgs/px4_msgs/msg/detail/dronecan_node_status__rosidl_typesupport_fastrtps_cpp.hpp\n'}
[3.350531] (px4_msgs) StdoutLine: {'line': b'-- Up-to-date: /home/rschnurr/SkyClaw-Team1/ros2_ws/install/px4_msgs/include/px4_msgs/px4_msgs/msg/detail/irlock_report__rosidl_typesupport_fastrtps_cpp.hpp\n'}
[3.350707] (px4_msgs) StdoutLine: {'line': b'-- Up-to-date: /home/rschnurr/SkyClaw-Team1/ros2_ws/install/px4_msgs/include/px4_msgs/px4_msgs/msg/detail/sensors_status__rosidl_typesupport_fastrtps_cpp.hpp\n'}
[3.350820] (px4_msgs) StdoutLine: {'line': b'-- Up-to-date: /home/rschnurr/SkyClaw-Team1/ros2_ws/install/px4_msgs/include/px4_msgs/px4_msgs/msg/detail/rover_speed_setpoint__rosidl_typesupport_fastrtps_cpp.hpp\n'}
[3.351714] (px4_msgs) StdoutLine: {'line': b'-- Up-to-date: /home/rschnurr/SkyClaw-Team1/ros2_ws/install/px4_msgs/include/px4_msgs/px4_msgs/msg/detail/parameter_set_value_response__rosidl_typesupport_fastrtps_cpp.hpp\n'}
[3.352362] (px4_msgs) StdoutLine: {'line': b'-- Up-to-date: /home/rschnurr/SkyClaw-Team1/ros2_ws/install/px4_msgs/include/px4_msgs/px4_msgs/msg/detail/gpio_out__rosidl_typesupport_fastrtps_cpp.hpp\n'}
[3.352585] (px4_msgs) StdoutLine: {'line': b'-- Up-to-date: /home/rschnurr/SkyClaw-Team1/ros2_ws/install/px4_msgs/include/px4_msgs/px4_msgs/msg/detail/vehicle_rates_setpoint__rosidl_typesupport_fastrtps_cpp.hpp\n'}
[3.352794] (px4_msgs) StdoutLine: {'line': b'-- Up-to-date: /home/rschnurr/SkyClaw-Team1/ros2_ws/install/px4_msgs/include/px4_msgs/px4_msgs/msg/detail/actuator_motors__rosidl_typesupport_fastrtps_cpp.hpp\n'}
[3.352975] (px4_msgs) StdoutLine: {'line': b'-- Up-to-date: /home/rschnurr/SkyClaw-Team1/ros2_ws/install/px4_msgs/include/px4_msgs/px4_msgs/msg/detail/fixed_wing_lateral_setpoint__rosidl_typesupport_fastrtps_cpp.hpp\n'}
[3.353148] (px4_msgs) StdoutLine: {'line': b'-- Up-to-date: /home/rschnurr/SkyClaw-Team1/ros2_ws/install/px4_msgs/include/px4_msgs/px4_msgs/msg/detail/power_button_state__rosidl_typesupport_fastrtps_cpp.hpp\n'}
[3.353336] (px4_msgs) StdoutLine: {'line': b'-- Up-to-date: /home/rschnurr/SkyClaw-Team1/ros2_ws/install/px4_msgs/include/px4_msgs/px4_msgs/msg/detail/offboard_control_mode__rosidl_typesupport_fastrtps_cpp.hpp\n'}
[3.353466] (px4_msgs) StdoutLine: {'line': b'-- Up-to-date: /home/rschnurr/SkyClaw-Team1/ros2_ws/install/px4_msgs/include/px4_msgs/px4_msgs/msg/detail/action_request__rosidl_typesupport_fastrtps_cpp.hpp\n'}
[3.353623] (px4_msgs) StdoutLine: {'line': b'-- Up-to-date: /home/rschnurr/SkyClaw-Team1/ros2_ws/install/px4_msgs/include/px4_msgs/px4_msgs/msg/detail/dataman_request__rosidl_typesupport_fastrtps_cpp.hpp\n'}
[3.354112] (px4_msgs) StdoutLine: {'line': b'-- Up-to-date: /home/rschnurr/SkyClaw-Team1/ros2_ws/install/px4_msgs/include/px4_msgs/px4_msgs/msg/detail/manual_control_switches__rosidl_typesupport_fastrtps_cpp.hpp\n'}
[3.354651] (px4_msgs) StdoutLine: {'line': b'-- Up-to-date: /home/rschnurr/SkyClaw-Team1/ros2_ws/install/px4_msgs/include/px4_msgs/px4_msgs/msg/detail/distance_sensor_mode_change_request__rosidl_typesupport_fastrtps_cpp.hpp\n'}
[3.355090] (px4_msgs) StdoutLine: {'line': b'-- Up-to-date: /home/rschnurr/SkyClaw-Team1/ros2_ws/install/px4_msgs/include/px4_msgs/px4_msgs/msg/detail/ulog_stream__rosidl_typesupport_fastrtps_cpp.hpp\n'}
[3.355919] (px4_msgs) StdoutLine: {'line': b'-- Up-to-date: /home/rschnurr/SkyClaw-Team1/ros2_ws/install/px4_msgs/include/px4_msgs/px4_msgs/msg/detail/sensor_gyro_fft__rosidl_typesupport_fastrtps_cpp.hpp\n'}
[3.356133] (px4_msgs) StdoutLine: {'line': b'-- Up-to-date: /home/rschnurr/SkyClaw-Team1/ros2_ws/install/px4_msgs/include/px4_msgs/px4_msgs/msg/detail/rc_parameter_map__rosidl_typesupport_fastrtps_cpp.hpp\n'}
[3.356360] (px4_msgs) StdoutLine: {'line': b'-- Up-to-date: /home/rschnurr/SkyClaw-Team1/ros2_ws/install/px4_msgs/include/px4_msgs/px4_msgs/msg/detail/vehicle_land_detected__rosidl_typesupport_fastrtps_cpp.hpp\n'}
[3.356889] (px4_msgs) StdoutLine: {'line': b'-- Up-to-date: /home/rschnurr/SkyClaw-Team1/ros2_ws/install/px4_msgs/include/px4_msgs/px4_msgs/msg/detail/goto_setpoint__rosidl_typesupport_fastrtps_cpp.hpp\n'}
[3.357448] (px4_msgs) StdoutLine: {'line': b'-- Up-to-date: /home/rschnurr/SkyClaw-Team1/ros2_ws/install/px4_msgs/include/px4_msgs/px4_msgs/msg/detail/pure_pursuit_status__rosidl_typesupport_fastrtps_cpp.hpp\n'}
[3.357562] (px4_msgs) StdoutLine: {'line': b'-- Up-to-date: /home/rschnurr/SkyClaw-Team1/ros2_ws/install/px4_msgs/include/px4_msgs/px4_msgs/msg/detail/landing_target_innovations__rosidl_typesupport_fastrtps_cpp.hpp\n'}
[3.357946] (px4_msgs) StdoutLine: {'line': b'-- Up-to-date: /home/rschnurr/SkyClaw-Team1/ros2_ws/install/px4_msgs/include/px4_msgs/px4_msgs/msg/detail/takeoff_status__rosidl_typesupport_fastrtps_cpp.hpp\n'}
[3.358083] (px4_msgs) StdoutLine: {'line': b'-- Up-to-date: /home/rschnurr/SkyClaw-Team1/ros2_ws/install/px4_msgs/include/px4_msgs/px4_msgs/msg/detail/ekf2_timestamps__rosidl_typesupport_fastrtps_cpp.hpp\n'}
[3.358167] (px4_msgs) StdoutLine: {'line': b'-- Up-to-date: /home/rschnurr/SkyClaw-Team1/ros2_ws/install/px4_msgs/include/px4_msgs/px4_msgs/msg/detail/rtl_status__rosidl_typesupport_fastrtps_cpp.hpp\n'}
[3.358238] (px4_msgs) StdoutLine: {'line': b'-- Up-to-date: /home/rschnurr/SkyClaw-Team1/ros2_ws/install/px4_msgs/include/px4_msgs/px4_msgs/msg/detail/landing_gear_wheel__rosidl_typesupport_fastrtps_cpp.hpp\n'}
[3.358306] (px4_msgs) StdoutLine: {'line': b'-- Up-to-date: /home/rschnurr/SkyClaw-Team1/ros2_ws/install/px4_msgs/include/px4_msgs/px4_msgs/msg/detail/debug_vect__rosidl_typesupport_fastrtps_cpp.hpp\n'}
[3.358377] (px4_msgs) StdoutLine: {'line': b'-- Up-to-date: /home/rschnurr/SkyClaw-Team1/ros2_ws/install/px4_msgs/include/px4_msgs/px4_msgs/msg/detail/unregister_ext_component__rosidl_typesupport_fastrtps_cpp.hpp\n'}
[3.358446] (px4_msgs) StdoutLine: {'line': b'-- Up-to-date: /home/rschnurr/SkyClaw-Team1/ros2_ws/install/px4_msgs/include/px4_msgs/px4_msgs/msg/detail/vehicle_angular_acceleration_setpoint__rosidl_typesupport_fastrtps_cpp.hpp\n'}
[3.358524] (px4_msgs) StdoutLine: {'line': b'-- Up-to-date: /home/rschnurr/SkyClaw-Team1/ros2_ws/install/px4_msgs/include/px4_msgs/px4_msgs/msg/detail/battery_status__rosidl_typesupport_fastrtps_cpp.hpp\n'}
[3.358588] (px4_msgs) StdoutLine: {'line': b'-- Up-to-date: /home/rschnurr/SkyClaw-Team1/ros2_ws/install/px4_msgs/include/px4_msgs/px4_msgs/msg/detail/autotune_attitude_control_status__rosidl_typesupport_fastrtps_cpp.hpp\n'}
[3.358824] (px4_msgs) StdoutLine: {'line': b'-- Up-to-date: /home/rschnurr/SkyClaw-Team1/ros2_ws/install/px4_msgs/include/px4_msgs/px4_msgs/msg/detail/sensors_status_imu__rosidl_typesupport_fastrtps_cpp.hpp\n'}
[3.358937] (px4_msgs) StdoutLine: {'line': b'-- Up-to-date: /home/rschnurr/SkyClaw-Team1/ros2_ws/install/px4_msgs/include/px4_msgs/px4_msgs/msg/detail/trajectory_setpoint6dof__rosidl_typesupport_fastrtps_cpp.hpp\n'}
[3.359015] (px4_msgs) StdoutLine: {'line': b'-- Up-to-date: /home/rschnurr/SkyClaw-Team1/ros2_ws/install/px4_msgs/include/px4_msgs/px4_msgs/msg/detail/rover_attitude_status__rosidl_typesupport_fastrtps_cpp.hpp\n'}
[3.359904] (px4_msgs) StdoutLine: {'line': b'-- Up-to-date: /home/rschnurr/SkyClaw-Team1/ros2_ws/install/px4_msgs/include/px4_msgs/px4_msgs/msg/detail/geofence_status__rosidl_typesupport_fastrtps_cpp.hpp\n'}
[3.361187] (px4_msgs) StdoutLine: {'line': b'-- Up-to-date: /home/rschnurr/SkyClaw-Team1/ros2_ws/install/px4_msgs/include/px4_msgs/px4_msgs/msg/detail/debug_array__rosidl_typesupport_fastrtps_cpp.hpp\n'}
[3.361726] (px4_msgs) StdoutLine: {'line': b'-- Up-to-date: /home/rschnurr/SkyClaw-Team1/ros2_ws/install/px4_msgs/include/px4_msgs/px4_msgs/msg/detail/landing_target_pose__rosidl_typesupport_fastrtps_cpp.hpp\n'}
[3.362531] (px4_msgs) StdoutLine: {'line': b'-- Up-to-date: /home/rschnurr/SkyClaw-Team1/ros2_ws/install/px4_msgs/include/px4_msgs/px4_msgs/msg/detail/manual_control_setpoint__rosidl_typesupport_fastrtps_cpp.hpp\n'}
[3.363478] (px4_msgs) StdoutLine: {'line': b'-- Up-to-date: /home/rschnurr/SkyClaw-Team1/ros2_ws/install/px4_msgs/include/px4_msgs/px4_msgs/msg/detail/actuator_armed__rosidl_typesupport_fastrtps_cpp.hpp\n'}
[3.363847] (px4_msgs) StdoutLine: {'line': b'-- Up-to-date: /home/rschnurr/SkyClaw-Team1/ros2_ws/install/px4_msgs/include/px4_msgs/px4_msgs/msg/detail/mission_result__rosidl_typesupport_fastrtps_cpp.hpp\n'}
[3.364909] (px4_msgs) StdoutLine: {'line': b'-- Up-to-date: /home/rschnurr/SkyClaw-Team1/ros2_ws/install/px4_msgs/include/px4_msgs/px4_msgs/msg/detail/position_setpoint_triplet__rosidl_typesupport_fastrtps_cpp.hpp\n'}
[3.365397] (px4_msgs) StdoutLine: {'line': b'-- Up-to-date: /home/rschnurr/SkyClaw-Team1/ros2_ws/install/px4_msgs/include/px4_msgs/px4_msgs/msg/detail/follow_target_status__rosidl_typesupport_fastrtps_cpp.hpp\n'}
[3.365860] (px4_msgs) StdoutLine: {'line': b'-- Up-to-date: /home/rschnurr/SkyClaw-Team1/ros2_ws/install/px4_msgs/include/px4_msgs/px4_msgs/msg/detail/vehicle_optical_flow_vel__rosidl_typesupport_fastrtps_cpp.hpp\n'}
[3.365964] (px4_msgs) StdoutLine: {'line': b'-- Up-to-date: /home/rschnurr/SkyClaw-Team1/ros2_ws/install/px4_msgs/include/px4_msgs/px4_msgs/msg/detail/gimbal_manager_status__rosidl_typesupport_fastrtps_cpp.hpp\n'}
[3.366026] (px4_msgs) StdoutLine: {'line': b'-- Up-to-date: /home/rschnurr/SkyClaw-Team1/ros2_ws/install/px4_msgs/include/px4_msgs/px4_msgs/msg/detail/airspeed__rosidl_typesupport_fastrtps_cpp.hpp\n'}
[3.366079] (px4_msgs) StdoutLine: {'line': b'-- Up-to-date: /home/rschnurr/SkyClaw-Team1/ros2_ws/install/px4_msgs/include/px4_msgs/px4_msgs/msg/detail/parameter_set_value_request__rosidl_typesupport_fastrtps_cpp.hpp\n'}
[3.366129] (px4_msgs) StdoutLine: {'line': b'-- Up-to-date: /home/rschnurr/SkyClaw-Team1/ros2_ws/install/px4_msgs/include/px4_msgs/px4_msgs/msg/detail/gpio_request__rosidl_typesupport_fastrtps_cpp.hpp\n'}
[3.366179] (px4_msgs) StdoutLine: {'line': b'-- Up-to-date: /home/rschnurr/SkyClaw-Team1/ros2_ws/install/px4_msgs/include/px4_msgs/px4_msgs/msg/detail/mount_orientation__rosidl_typesupport_fastrtps_cpp.hpp\n'}
[3.366248] (px4_msgs) StdoutLine: {'line': b'-- Up-to-date: /home/rschnurr/SkyClaw-Team1/ros2_ws/install/px4_msgs/include/px4_msgs/px4_msgs/msg/detail/obstacle_distance__rosidl_typesupport_fastrtps_cpp.hpp\n'}
[3.366300] (px4_msgs) StdoutLine: {'line': b'-- Up-to-date: /home/rschnurr/SkyClaw-Team1/ros2_ws/install/px4_msgs/include/px4_msgs/px4_msgs/msg/detail/failure_detector_status__rosidl_typesupport_fastrtps_cpp.hpp\n'}
[3.366346] (px4_msgs) StdoutLine: {'line': b'-- Up-to-date: /home/rschnurr/SkyClaw-Team1/ros2_ws/install/px4_msgs/include/px4_msgs/px4_msgs/msg/detail/fixed_wing_lateral_guidance_status__rosidl_typesupport_fastrtps_cpp.hpp\n'}
[3.366479] (px4_msgs) StdoutLine: {'line': b'-- Up-to-date: /home/rschnurr/SkyClaw-Team1/ros2_ws/install/px4_msgs/include/px4_msgs/px4_msgs/msg/detail/system_power__rosidl_typesupport_fastrtps_cpp.hpp\n'}
[3.366888] (px4_msgs) StdoutLine: {'line': b'-- Up-to-date: /home/rschnurr/SkyClaw-Team1/ros2_ws/install/px4_msgs/include/px4_msgs/px4_msgs/msg/detail/esc_status__rosidl_typesupport_fastrtps_cpp.hpp\n'}
[3.367437] (px4_msgs) StdoutLine: {'line': b'-- Up-to-date: /home/rschnurr/SkyClaw-Team1/ros2_ws/install/px4_msgs/include/px4_msgs/px4_msgs/msg/detail/estimator_event_flags__rosidl_typesupport_fastrtps_cpp.hpp\n'}
[3.368230] (px4_msgs) StdoutLine: {'line': b'-- Up-to-date: /home/rschnurr/SkyClaw-Team1/ros2_ws/install/px4_msgs/include/px4_msgs/px4_msgs/msg/detail/radio_status__rosidl_typesupport_fastrtps_cpp.hpp\n'}
[3.368946] (px4_msgs) StdoutLine: {'line': b'-- Up-to-date: /home/rschnurr/SkyClaw-Team1/ros2_ws/install/px4_msgs/include/px4_msgs/px4_msgs/msg/detail/arming_check_request__rosidl_typesupport_fastrtps_cpp.hpp\n'}
[3.369104] (px4_msgs) StdoutLine: {'line': b'-- Up-to-date: /home/rschnurr/SkyClaw-Team1/ros2_ws/install/px4_msgs/include/px4_msgs/px4_msgs/msg/detail/estimator_sensor_bias__rosidl_typesupport_fastrtps_cpp.hpp\n'}
[3.369550] (px4_msgs) StdoutLine: {'line': b'-- Up-to-date: /home/rschnurr/SkyClaw-Team1/ros2_ws/install/px4_msgs/include/px4_msgs/px4_msgs/msg/detail/longitudinal_control_configuration__rosidl_typesupport_fastrtps_cpp.hpp\n'}
[3.369685] (px4_msgs) StdoutLine: {'line': b'-- Up-to-date: /home/rschnurr/SkyClaw-Team1/ros2_ws/install/px4_msgs/include/px4_msgs/px4_msgs/msg/detail/heater_status__rosidl_typesupport_fastrtps_cpp.hpp\n'}
[3.369752] (px4_msgs) StdoutLine: {'line': b'-- Up-to-date: /home/rschnurr/SkyClaw-Team1/ros2_ws/install/px4_msgs/include/px4_msgs/px4_msgs/msg/detail/qshell_req__rosidl_typesupport_fastrtps_cpp.hpp\n'}
[3.370006] (px4_msgs) StdoutLine: {'line': b'-- Up-to-date: /home/rschnurr/SkyClaw-Team1/ros2_ws/install/px4_msgs/include/px4_msgs/px4_msgs/msg/detail/rover_speed_status__rosidl_typesupport_fastrtps_cpp.hpp\n'}
[3.370438] (px4_msgs) StdoutLine: {'line': b'-- Up-to-date: /home/rschnurr/SkyClaw-Team1/ros2_ws/install/px4_msgs/include/px4_msgs/px4_msgs/msg/detail/rover_steering_setpoint__rosidl_typesupport_fastrtps_cpp.hpp\n'}
[3.371147] (px4_msgs) StdoutLine: {'line': b'-- Up-to-date: /home/rschnurr/SkyClaw-Team1/ros2_ws/install/px4_msgs/include/px4_msgs/px4_msgs/msg/detail/sensor_preflight_mag__rosidl_typesupport_fastrtps_cpp.hpp\n'}
[3.371648] (px4_msgs) StdoutLine: {'line': b'-- Up-to-date: /home/rschnurr/SkyClaw-Team1/ros2_ws/install/px4_msgs/include/px4_msgs/px4_msgs/msg/detail/estimator_aid_source3d__rosidl_typesupport_fastrtps_cpp.hpp\n'}
[3.371947] (px4_msgs) StdoutLine: {'line': b'-- Up-to-date: /home/rschnurr/SkyClaw-Team1/ros2_ws/install/px4_msgs/include/px4_msgs/px4_msgs/msg/detail/camera_status__rosidl_typesupport_fastrtps_cpp.hpp\n'}
[3.372093] (px4_msgs) StdoutLine: {'line': b'-- Up-to-date: /home/rschnurr/SkyClaw-Team1/ros2_ws/install/px4_msgs/include/px4_msgs/px4_msgs/msg/detail/transponder_report__rosidl_typesupport_fastrtps_cpp.hpp\n'}
[3.372622] (px4_msgs) StdoutLine: {'line': b'-- Up-to-date: /home/rschnurr/SkyClaw-Team1/ros2_ws/install/px4_msgs/include/px4_msgs/px4_msgs/msg/detail/debug_value__rosidl_typesupport_fastrtps_cpp.hpp\n'}
[3.373083] (px4_msgs) StdoutLine: {'line': b'-- Up-to-date: /home/rschnurr/SkyClaw-Team1/ros2_ws/install/px4_msgs/include/px4_msgs/px4_msgs/msg/detail/tune_control__rosidl_typesupport_fastrtps_cpp.hpp\n'}
[3.373480] (px4_msgs) StdoutLine: {'line': b'-- Up-to-date: /home/rschnurr/SkyClaw-Team1/ros2_ws/install/px4_msgs/include/px4_msgs/px4_msgs/msg/detail/mavlink_tunnel__rosidl_typesupport_fastrtps_cpp.hpp\n'}
[3.373877] (px4_msgs) StdoutLine: {'line': b'-- Up-to-date: /home/rschnurr/SkyClaw-Team1/ros2_ws/install/px4_msgs/include/px4_msgs/px4_msgs/msg/detail/velocity_limits__rosidl_typesupport_fastrtps_cpp.hpp\n'}
[3.374598] (px4_msgs) StdoutLine: {'line': b'-- Up-to-date: /home/rschnurr/SkyClaw-Team1/ros2_ws/install/px4_msgs/include/px4_msgs/px4_msgs/msg/detail/gps_dump__rosidl_typesupport_fastrtps_cpp.hpp\n'}
[3.375227] (px4_msgs) StdoutLine: {'line': b'-- Up-to-date: /home/rschnurr/SkyClaw-Team1/ros2_ws/install/px4_msgs/include/px4_msgs/px4_msgs/msg/detail/vehicle_attitude_setpoint__rosidl_typesupport_fastrtps_cpp.hpp\n'}
[3.375745] (px4_msgs) StdoutLine: {'line': b'-- Up-to-date: /home/rschnurr/SkyClaw-Team1/ros2_ws/install/px4_msgs/include/px4_msgs/px4_msgs/msg/detail/figure_eight_status__rosidl_typesupport_fastrtps_cpp.hpp\n'}
[3.376221] (px4_msgs) StdoutLine: {'line': b'-- Up-to-date: /home/rschnurr/SkyClaw-Team1/ros2_ws/install/px4_msgs/include/px4_msgs/px4_msgs/msg/detail/mavlink_log__rosidl_typesupport_fastrtps_cpp.hpp\n'}
[3.376741] (px4_msgs) StdoutLine: {'line': b'-- Up-to-date: /home/rschnurr/SkyClaw-Team1/ros2_ws/install/px4_msgs/include/px4_msgs/px4_msgs/msg/detail/battery_info__rosidl_typesupport_fastrtps_cpp.hpp\n'}
[3.377164] (px4_msgs) StdoutLine: {'line': b'-- Up-to-date: /home/rschnurr/SkyClaw-Team1/ros2_ws/install/px4_msgs/include/px4_msgs/px4_msgs/msg/detail/rc_channels__rosidl_typesupport_fastrtps_cpp.hpp\n'}
[3.377662] (px4_msgs) StdoutLine: {'line': b'-- Up-to-date: /home/rschnurr/SkyClaw-Team1/ros2_ws/install/px4_msgs/include/px4_msgs/px4_msgs/msg/detail/gimbal_device_information__rosidl_typesupport_fastrtps_cpp.hpp\n'}
[3.378197] (px4_msgs) StdoutLine: {'line': b'-- Up-to-date: /home/rschnurr/SkyClaw-Team1/ros2_ws/install/px4_msgs/include/px4_msgs/px4_msgs/msg/detail/sensor_optical_flow__rosidl_typesupport_fastrtps_cpp.hpp\n'}
[3.378762] (px4_msgs) StdoutLine: {'line': b'-- Up-to-date: /home/rschnurr/SkyClaw-Team1/ros2_ws/install/px4_msgs/lib/libpx4_msgs__rosidl_typesupport_fastrtps_cpp.so\n'}
[3.378859] (px4_msgs) StdoutLine: {'line': b'-- Up-to-date: /home/rschnurr/SkyClaw-Team1/ros2_ws/install/px4_msgs/include/px4_msgs/px4_msgs\n'}
[3.378920] (px4_msgs) StdoutLine: {'line': b'-- Up-to-date: /home/rschnurr/SkyClaw-Team1/ros2_ws/install/px4_msgs/include/px4_msgs/px4_msgs/srv\n'}
[3.378973] (px4_msgs) StdoutLine: {'line': b'-- Up-to-date: /home/rschnurr/SkyClaw-Team1/ros2_ws/install/px4_msgs/include/px4_msgs/px4_msgs/srv/detail\n'}
[3.379310] (px4_msgs) StdoutLine: {'line': b'-- Up-to-date: /home/rschnurr/SkyClaw-Team1/ros2_ws/install/px4_msgs/include/px4_msgs/px4_msgs/srv/detail/vehicle_command__type_support.c\n'}
[3.380321] (px4_msgs) StdoutLine: {'line': b'-- Up-to-date: /home/rschnurr/SkyClaw-Team1/ros2_ws/install/px4_msgs/include/px4_msgs/px4_msgs/srv/detail/vehicle_command__rosidl_typesupport_introspection_c.h\n'}
[3.380529] (px4_msgs) StdoutLine: {'line': b'-- Up-to-date: /home/rschnurr/SkyClaw-Team1/ros2_ws/install/px4_msgs/include/px4_msgs/px4_msgs/msg\n'}
[3.381046] (px4_msgs) StdoutLine: {'line': b'-- Up-to-date: /home/rschnurr/SkyClaw-Team1/ros2_ws/install/px4_msgs/include/px4_msgs/px4_msgs/msg/rosidl_typesupport_introspection_c__visibility_control.h\n'}
[3.381853] (px4_msgs) StdoutLine: {'line': b'-- Up-to-date: /home/rschnurr/SkyClaw-Team1/ros2_ws/install/px4_msgs/include/px4_msgs/px4_msgs/msg/detail\n'}
[3.381984] (px4_msgs) StdoutLine: {'line': b'-- Up-to-date: /home/rschnurr/SkyClaw-Team1/ros2_ws/install/px4_msgs/include/px4_msgs/px4_msgs/msg/detail/hover_thrust_estimate__type_support.c\n'}
[3.382559] (px4_msgs) StdoutLine: {'line': b'-- Up-to-date: /home/rschnurr/SkyClaw-Team1/ros2_ws/install/px4_msgs/include/px4_msgs/px4_msgs/msg/detail/sensor_gnss_status__rosidl_typesupport_introspection_c.h\n'}
[3.382733] (px4_msgs) StdoutLine: {'line': b'-- Up-to-date: /home/rschnurr/SkyClaw-Team1/ros2_ws/install/px4_msgs/include/px4_msgs/px4_msgs/msg/detail/vehicle_land_detected__rosidl_typesupport_introspection_c.h\n'}
[3.383242] (px4_msgs) StdoutLine: {'line': b'-- Up-to-date: /home/rschnurr/SkyClaw-Team1/ros2_ws/install/px4_msgs/include/px4_msgs/px4_msgs/msg/detail/airspeed_wind__rosidl_typesupport_introspection_c.h\n'}
[3.384528] (px4_msgs) StdoutLine: {'line': b'-- Up-to-date: /home/rschnurr/SkyClaw-Team1/ros2_ws/install/px4_msgs/include/px4_msgs/px4_msgs/msg/detail/radio_status__type_support.c\n'}
[3.385016] (px4_msgs) StdoutLine: {'line': b'-- Up-to-date: /home/rschnurr/SkyClaw-Team1/ros2_ws/install/px4_msgs/include/px4_msgs/px4_msgs/msg/detail/fuel_tank_status__rosidl_typesupport_introspection_c.h\n'}
[3.385194] (px4_msgs) StdoutLine: {'line': b'-- Up-to-date: /home/rschnurr/SkyClaw-Team1/ros2_ws/install/px4_msgs/include/px4_msgs/px4_msgs/msg/detail/rover_rate_status__type_support.c\n'}
[3.385293] (px4_msgs) StdoutLine: {'line': b'-- Up-to-date: /home/rschnurr/SkyClaw-Team1/ros2_ws/install/px4_msgs/include/px4_msgs/px4_msgs/msg/detail/collision_constraints__type_support.c\n'}
[3.385378] (px4_msgs) StdoutLine: {'line': b'-- Up-to-date: /home/rschnurr/SkyClaw-Team1/ros2_ws/install/px4_msgs/include/px4_msgs/px4_msgs/msg/detail/vehicle_command_ack__rosidl_typesupport_introspection_c.h\n'}
[3.385456] (px4_msgs) StdoutLine: {'line': b'-- Up-to-date: /home/rschnurr/SkyClaw-Team1/ros2_ws/install/px4_msgs/include/px4_msgs/px4_msgs/msg/detail/sensor_accel_fifo__type_support.c\n'}
[3.385531] (px4_msgs) StdoutLine: {'line': b'-- Up-to-date: /home/rschnurr/SkyClaw-Team1/ros2_ws/install/px4_msgs/include/px4_msgs/px4_msgs/msg/detail/navigator_status__rosidl_typesupport_introspection_c.h\n'}
[3.385602] (px4_msgs) StdoutLine: {'line': b'-- Up-to-date: /home/rschnurr/SkyClaw-Team1/ros2_ws/install/px4_msgs/include/px4_msgs/px4_msgs/msg/detail/vehicle_imu_status__type_support.c\n'}
[3.385671] (px4_msgs) StdoutLine: {'line': b'-- Up-to-date: /home/rschnurr/SkyClaw-Team1/ros2_ws/install/px4_msgs/include/px4_msgs/px4_msgs/msg/detail/estimator_event_flags__type_support.c\n'}
[3.385742] (px4_msgs) StdoutLine: {'line': b'-- Up-to-date: /home/rschnurr/SkyClaw-Team1/ros2_ws/install/px4_msgs/include/px4_msgs/px4_msgs/msg/detail/geofence_result__type_support.c\n'}
[3.385815] (px4_msgs) StdoutLine: {'line': b'-- Up-to-date: /home/rschnurr/SkyClaw-Team1/ros2_ws/install/px4_msgs/include/px4_msgs/px4_msgs/msg/detail/mag_worker_data__type_support.c\n'}
[3.386003] (px4_msgs) StdoutLine: {'line': b'-- Up-to-date: /home/rschnurr/SkyClaw-Team1/ros2_ws/install/px4_msgs/include/px4_msgs/px4_msgs/msg/detail/rover_position_setpoint__type_support.c\n'}
[3.386258] (px4_msgs) StdoutLine: {'line': b'-- Up-to-date: /home/rschnurr/SkyClaw-Team1/ros2_ws/install/px4_msgs/include/px4_msgs/px4_msgs/msg/detail/vehicle_odometry__rosidl_typesupport_introspection_c.h\n'}
[3.386668] (px4_msgs) StdoutLine: {'line': b'-- Up-to-date: /home/rschnurr/SkyClaw-Team1/ros2_ws/install/px4_msgs/include/px4_msgs/px4_msgs/msg/detail/sensor_combined__type_support.c\n'}
[3.386983] (px4_msgs) StdoutLine: {'line': b'-- Up-to-date: /home/rschnurr/SkyClaw-Team1/ros2_ws/install/px4_msgs/include/px4_msgs/px4_msgs/msg/detail/vehicle_local_position__rosidl_typesupport_introspection_c.h\n'}
[3.387666] (px4_msgs) StdoutLine: {'line': b'-- Up-to-date: /home/rschnurr/SkyClaw-Team1/ros2_ws/install/px4_msgs/include/px4_msgs/px4_msgs/msg/detail/vehicle_magnetometer__type_support.c\n'}
[3.387803] (px4_msgs) StdoutLine: {'line': b'-- Up-to-date: /home/rschnurr/SkyClaw-Team1/ros2_ws/install/px4_msgs/include/px4_msgs/px4_msgs/msg/detail/sensor_preflight_mag__type_support.c\n'}
[3.387885] (px4_msgs) StdoutLine: {'line': b'-- Up-to-date: /home/rschnurr/SkyClaw-Team1/ros2_ws/install/px4_msgs/include/px4_msgs/px4_msgs/msg/detail/sensor_gyro_fifo__rosidl_typesupport_introspection_c.h\n'}
[3.388186] (px4_msgs) StdoutLine: {'line': b'-- Up-to-date: /home/rschnurr/SkyClaw-Team1/ros2_ws/install/px4_msgs/include/px4_msgs/px4_msgs/msg/detail/unregister_ext_component__type_support.c\n'}
[3.388426] (px4_msgs) StdoutLine: {'line': b'-- Up-to-date: /home/rschnurr/SkyClaw-Team1/ros2_ws/install/px4_msgs/include/px4_msgs/px4_msgs/msg/detail/rover_position_setpoint__rosidl_typesupport_introspection_c.h\n'}
[3.388714] (px4_msgs) StdoutLine: {'line': b'-- Up-to-date: /home/rschnurr/SkyClaw-Team1/ros2_ws/install/px4_msgs/include/px4_msgs/px4_msgs/msg/detail/sensor_accel_fifo__rosidl_typesupport_introspection_c.h\n'}
[3.388876] (px4_msgs) StdoutLine: {'line': b'-- Up-to-date: /home/rschnurr/SkyClaw-Team1/ros2_ws/install/px4_msgs/include/px4_msgs/px4_msgs/msg/detail/rover_attitude_status__rosidl_typesupport_introspection_c.h\n'}
[3.388984] (px4_msgs) StdoutLine: {'line': b'-- Up-to-date: /home/rschnurr/SkyClaw-Team1/ros2_ws/install/px4_msgs/include/px4_msgs/px4_msgs/msg/detail/gimbal_manager_set_attitude__rosidl_typesupport_introspection_c.h\n'}
[3.389318] (px4_msgs) StdoutLine: {'line': b'-- Up-to-date: /home/rschnurr/SkyClaw-Team1/ros2_ws/install/px4_msgs/include/px4_msgs/px4_msgs/msg/detail/sensor_gyro__rosidl_typesupport_introspection_c.h\n'}
[3.389867] (px4_msgs) StdoutLine: {'line': b'-- Up-to-date: /home/rschnurr/SkyClaw-Team1/ros2_ws/install/px4_msgs/include/px4_msgs/px4_msgs/msg/detail/failure_detector_status__type_support.c\n'}
[3.390332] (px4_msgs) StdoutLine: {'line': b'-- Up-to-date: /home/rschnurr/SkyClaw-Team1/ros2_ws/install/px4_msgs/include/px4_msgs/px4_msgs/msg/detail/arming_check_request__rosidl_typesupport_introspection_c.h\n'}
[3.390469] (px4_msgs) StdoutLine: {'line': b'-- Up-to-date: /home/rschnurr/SkyClaw-Team1/ros2_ws/install/px4_msgs/include/px4_msgs/px4_msgs/msg/detail/sensor_hygrometer__rosidl_typesupport_introspection_c.h\n'}
[3.390571] (px4_msgs) StdoutLine: {'line': b'-- Up-to-date: /home/rschnurr/SkyClaw-Team1/ros2_ws/install/px4_msgs/include/px4_msgs/px4_msgs/msg/detail/unregister_ext_component__rosidl_typesupport_introspection_c.h\n'}
[3.390900] (px4_msgs) StdoutLine: {'line': b'-- Up-to-date: /home/rschnurr/SkyClaw-Team1/ros2_ws/install/px4_msgs/include/px4_msgs/px4_msgs/msg/detail/estimator_aid_source3d__rosidl_typesupport_introspection_c.h\n'}
[3.391504] (px4_msgs) StdoutLine: {'line': b'-- Up-to-date: /home/rschnurr/SkyClaw-Team1/ros2_ws/install/px4_msgs/include/px4_msgs/px4_msgs/msg/detail/sensor_mag__type_support.c\n'}
[3.392070] (px4_msgs) StdoutLine: {'line': b'-- Up-to-date: /home/rschnurr/SkyClaw-Team1/ros2_ws/install/px4_msgs/include/px4_msgs/px4_msgs/msg/detail/power_monitor__type_support.c\n'}
[3.392436] (px4_msgs) StdoutLine: {'line': b'-- Up-to-date: /home/rschnurr/SkyClaw-Team1/ros2_ws/install/px4_msgs/include/px4_msgs/px4_msgs/msg/detail/heater_status__rosidl_typesupport_introspection_c.h\n'}
[3.392723] (px4_msgs) StdoutLine: {'line': b'-- Up-to-date: /home/rschnurr/SkyClaw-Team1/ros2_ws/install/px4_msgs/include/px4_msgs/px4_msgs/msg/detail/estimator_status__rosidl_typesupport_introspection_c.h\n'}
[3.393082] (px4_msgs) StdoutLine: {'line': b'-- Up-to-date: /home/rschnurr/SkyClaw-Team1/ros2_ws/install/px4_msgs/include/px4_msgs/px4_msgs/msg/detail/esc_status__rosidl_typesupport_introspection_c.h\n'}
[3.393468] (px4_msgs) StdoutLine: {'line': b'-- Up-to-date: /home/rschnurr/SkyClaw-Team1/ros2_ws/install/px4_msgs/include/px4_msgs/px4_msgs/msg/detail/event__type_support.c\n'}
[3.393555] (px4_msgs) StdoutLine: {'line': b'-- Up-to-date: /home/rschnurr/SkyClaw-Team1/ros2_ws/install/px4_msgs/include/px4_msgs/px4_msgs/msg/detail/system_power__rosidl_typesupport_introspection_c.h\n'}
[3.393615] (px4_msgs) StdoutLine: {'line': b'-- Up-to-date: /home/rschnurr/SkyClaw-Team1/ros2_ws/install/px4_msgs/include/px4_msgs/px4_msgs/msg/detail/sensors_status__type_support.c\n'}
[3.393666] (px4_msgs) StdoutLine: {'line': b'-- Up-to-date: /home/rschnurr/SkyClaw-Team1/ros2_ws/install/px4_msgs/include/px4_msgs/px4_msgs/msg/detail/vehicle_angular_velocity__type_support.c\n'}
[3.393766] (px4_msgs) StdoutLine: {'line': b'-- Up-to-date: /home/rschnurr/SkyClaw-Team1/ros2_ws/install/px4_msgs/include/px4_msgs/px4_msgs/msg/detail/qshell_retval__rosidl_typesupport_introspection_c.h\n'}
[3.394486] (px4_msgs) StdoutLine: {'line': b'-- Up-to-date: /home/rschnurr/SkyClaw-Team1/ros2_ws/install/px4_msgs/include/px4_msgs/px4_msgs/msg/detail/debug_key_value__rosidl_typesupport_introspection_c.h\n'}
[3.394720] (px4_msgs) StdoutLine: {'line': b'-- Up-to-date: /home/rschnurr/SkyClaw-Team1/ros2_ws/install/px4_msgs/include/px4_msgs/px4_msgs/msg/detail/logger_status__rosidl_typesupport_introspection_c.h\n'}
[3.395303] (px4_msgs) StdoutLine: {'line': b'-- Up-to-date: /home/rschnurr/SkyClaw-Team1/ros2_ws/install/px4_msgs/include/px4_msgs/px4_msgs/msg/detail/offboard_control_mode__type_support.c\n'}
[3.395666] (px4_msgs) StdoutLine: {'line': b'-- Up-to-date: /home/rschnurr/SkyClaw-Team1/ros2_ws/install/px4_msgs/include/px4_msgs/px4_msgs/msg/detail/vehicle_imu__type_support.c\n'}
[3.395826] (px4_msgs) StdoutLine: {'line': b'-- Up-to-date: /home/rschnurr/SkyClaw-Team1/ros2_ws/install/px4_msgs/include/px4_msgs/px4_msgs/msg/detail/rover_attitude_setpoint__rosidl_typesupport_introspection_c.h\n'}
[3.395898] (px4_msgs) StdoutLine: {'line': b'-- Up-to-date: /home/rschnurr/SkyClaw-Team1/ros2_ws/install/px4_msgs/include/px4_msgs/px4_msgs/msg/detail/landing_target_innovations__rosidl_typesupport_introspection_c.h\n'}
[3.396871] (px4_msgs) StdoutLine: {'line': b'-- Up-to-date: /home/rschnurr/SkyClaw-Team1/ros2_ws/install/px4_msgs/include/px4_msgs/px4_msgs/msg/detail/mission_result__type_support.c\n'}
[3.397307] (px4_msgs) StdoutLine: {'line': b'-- Up-to-date: /home/rschnurr/SkyClaw-Team1/ros2_ws/install/px4_msgs/include/px4_msgs/px4_msgs/msg/detail/vehicle_air_data__type_support.c\n'}
[3.397421] (px4_msgs) StdoutLine: {'line': b'-- Up-to-date: /home/rschnurr/SkyClaw-Team1/ros2_ws/install/px4_msgs/include/px4_msgs/px4_msgs/msg/detail/distance_sensor_mode_change_request__type_support.c\n'}
[3.397939] (px4_msgs) StdoutLine: {'line': b'-- Up-to-date: /home/rschnurr/SkyClaw-Team1/ros2_ws/install/px4_msgs/include/px4_msgs/px4_msgs/msg/detail/sensor_baro__type_support.c\n'}
[3.398060] (px4_msgs) StdoutLine: {'line': b'-- Up-to-date: /home/rschnurr/SkyClaw-Team1/ros2_ws/install/px4_msgs/include/px4_msgs/px4_msgs/msg/detail/velocity_limits__rosidl_typesupport_introspection_c.h\n'}
[3.398125] (px4_msgs) StdoutLine: {'line': b'-- Up-to-date: /home/rschnurr/SkyClaw-Team1/ros2_ws/install/px4_msgs/include/px4_msgs/px4_msgs/msg/detail/normalized_unsigned_setpoint__rosidl_typesupport_introspection_c.h\n'}
[3.398628] (px4_msgs) StdoutLine: {'line': b'-- Up-to-date: /home/rschnurr/SkyClaw-Team1/ros2_ws/install/px4_msgs/include/px4_msgs/px4_msgs/msg/detail/magnetometer_bias_estimate__rosidl_typesupport_introspection_c.h\n'}
[3.399027] (px4_msgs) StdoutLine: {'line': b'-- Up-to-date: /home/rschnurr/SkyClaw-Team1/ros2_ws/install/px4_msgs/include/px4_msgs/px4_msgs/msg/detail/cellular_status__rosidl_typesupport_introspection_c.h\n'}
[3.399803] (px4_msgs) StdoutLine: {'line': b'-- Up-to-date: /home/rschnurr/SkyClaw-Team1/ros2_ws/install/px4_msgs/include/px4_msgs/px4_msgs/msg/detail/sensor_accel__type_support.c\n'}
[3.400060] (px4_msgs) StdoutLine: {'line': b'-- Up-to-date: /home/rschnurr/SkyClaw-Team1/ros2_ws/install/px4_msgs/include/px4_msgs/px4_msgs/msg/detail/onboard_computer_status__rosidl_typesupport_introspection_c.h\n'}
[3.400176] (px4_msgs) StdoutLine: {'line': b'-- Up-to-date: /home/rschnurr/SkyClaw-Team1/ros2_ws/install/px4_msgs/include/px4_msgs/px4_msgs/msg/detail/vehicle_rates_setpoint__rosidl_typesupport_introspection_c.h\n'}
[3.400259] (px4_msgs) StdoutLine: {'line': b'-- Up-to-date: /home/rschnurr/SkyClaw-Team1/ros2_ws/install/px4_msgs/include/px4_msgs/px4_msgs/msg/detail/manual_control_switches__type_support.c\n'}
[3.400336] (px4_msgs) StdoutLine: {'line': b'-- Up-to-date: /home/rschnurr/SkyClaw-Team1/ros2_ws/install/px4_msgs/include/px4_msgs/px4_msgs/msg/detail/ping__rosidl_typesupport_introspection_c.h\n'}
[3.400406] (px4_msgs) StdoutLine: {'line': b'-- Up-to-date: /home/rschnurr/SkyClaw-Team1/ros2_ws/install/px4_msgs/include/px4_msgs/px4_msgs/msg/detail/message_format_response__rosidl_typesupport_introspection_c.h\n'}
[3.400495] (px4_msgs) StdoutLine: {'line': b'-- Up-to-date: /home/rschnurr/SkyClaw-Team1/ros2_ws/install/px4_msgs/include/px4_msgs/px4_msgs/msg/detail/gimbal_manager_information__rosidl_typesupport_introspection_c.h\n'}
[3.401043] (px4_msgs) StdoutLine: {'line': b'-- Up-to-date: /home/rschnurr/SkyClaw-Team1/ros2_ws/install/px4_msgs/include/px4_msgs/px4_msgs/msg/detail/transponder_report__rosidl_typesupport_introspection_c.h\n'}
[3.401220] (px4_msgs) StdoutLine: {'line': b'-- Up-to-date: /home/rschnurr/SkyClaw-Team1/ros2_ws/install/px4_msgs/include/px4_msgs/px4_msgs/msg/detail/vehicle_torque_setpoint__type_support.c\n'}
[3.401427] (px4_msgs) StdoutLine: {'line': b'-- Up-to-date: /home/rschnurr/SkyClaw-Team1/ros2_ws/install/px4_msgs/include/px4_msgs/px4_msgs/msg/detail/orb_test_large__rosidl_typesupport_introspection_c.h\n'}
[3.401954] (px4_msgs) StdoutLine: {'line': b'-- Up-to-date: /home/rschnurr/SkyClaw-Team1/ros2_ws/install/px4_msgs/include/px4_msgs/px4_msgs/msg/detail/tecs_status__type_support.c\n'}
[3.402444] (px4_msgs) StdoutLine: {'line': b'-- Up-to-date: /home/rschnurr/SkyClaw-Team1/ros2_ws/install/px4_msgs/include/px4_msgs/px4_msgs/msg/detail/vehicle_optical_flow__type_support.c\n'}
[3.402542] (px4_msgs) StdoutLine: {'line': b'-- Up-to-date: /home/rschnurr/SkyClaw-Team1/ros2_ws/install/px4_msgs/include/px4_msgs/px4_msgs/msg/detail/estimator_aid_source1d__rosidl_typesupport_introspection_c.h\n'}
[3.402602] (px4_msgs) StdoutLine: {'line': b'-- Up-to-date: /home/rschnurr/SkyClaw-Team1/ros2_ws/install/px4_msgs/include/px4_msgs/px4_msgs/msg/detail/follow_target_estimator__type_support.c\n'}
[3.402659] (px4_msgs) StdoutLine: {'line': b'-- Up-to-date: /home/rschnurr/SkyClaw-Team1/ros2_ws/install/px4_msgs/include/px4_msgs/px4_msgs/msg/detail/telemetry_status__type_support.c\n'}
[3.402711] (px4_msgs) StdoutLine: {'line': b'-- Up-to-date: /home/rschnurr/SkyClaw-Team1/ros2_ws/install/px4_msgs/include/px4_msgs/px4_msgs/msg/detail/airspeed_validated__rosidl_typesupport_introspection_c.h\n'}
[3.402759] (px4_msgs) StdoutLine: {'line': b'-- Up-to-date: /home/rschnurr/SkyClaw-Team1/ros2_ws/install/px4_msgs/include/px4_msgs/px4_msgs/msg/detail/gpio_out__type_support.c\n'}
[3.402805] (px4_msgs) StdoutLine: {'line': b'-- Up-to-date: /home/rschnurr/SkyClaw-Team1/ros2_ws/install/px4_msgs/include/px4_msgs/px4_msgs/msg/detail/goto_setpoint__type_support.c\n'}
[3.402852] (px4_msgs) StdoutLine: {'line': b'-- Up-to-date: /home/rschnurr/SkyClaw-Team1/ros2_ws/install/px4_msgs/include/px4_msgs/px4_msgs/msg/detail/led_control__rosidl_typesupport_introspection_c.h\n'}
[3.402907] (px4_msgs) StdoutLine: {'line': b'-- Up-to-date: /home/rschnurr/SkyClaw-Team1/ros2_ws/install/px4_msgs/include/px4_msgs/px4_msgs/msg/detail/fixed_wing_lateral_guidance_status__rosidl_typesupport_introspection_c.h\n'}
[3.402956] (px4_msgs) StdoutLine: {'line': b'-- Up-to-date: /home/rschnurr/SkyClaw-Team1/ros2_ws/install/px4_msgs/include/px4_msgs/px4_msgs/msg/detail/fixed_wing_lateral_guidance_status__type_support.c\n'}
[3.403003] (px4_msgs) StdoutLine: {'line': b'-- Up-to-date: /home/rschnurr/SkyClaw-Team1/ros2_ws/install/px4_msgs/include/px4_msgs/px4_msgs/msg/detail/message_format_request__type_support.c\n'}
[3.403356] (px4_msgs) StdoutLine: {'line': b'-- Up-to-date: /home/rschnurr/SkyClaw-Team1/ros2_ws/install/px4_msgs/include/px4_msgs/px4_msgs/msg/detail/register_ext_component_reply__rosidl_typesupport_introspection_c.h\n'}
[3.403745] (px4_msgs) StdoutLine: {'line': b'-- Up-to-date: /home/rschnurr/SkyClaw-Team1/ros2_ws/install/px4_msgs/include/px4_msgs/px4_msgs/msg/detail/gimbal_manager_set_manual_control__rosidl_typesupport_introspection_c.h\n'}
[3.404142] (px4_msgs) StdoutLine: {'line': b'-- Up-to-date: /home/rschnurr/SkyClaw-Team1/ros2_ws/install/px4_msgs/include/px4_msgs/px4_msgs/msg/detail/mode_completed__type_support.c\n'}
[3.404477] (px4_msgs) StdoutLine: {'line': b'-- Up-to-date: /home/rschnurr/SkyClaw-Team1/ros2_ws/install/px4_msgs/include/px4_msgs/px4_msgs/msg/detail/estimator_status__type_support.c\n'}
[3.404583] (px4_msgs) StdoutLine: {'line': b'-- Up-to-date: /home/rschnurr/SkyClaw-Team1/ros2_ws/install/px4_msgs/include/px4_msgs/px4_msgs/msg/detail/esc_report__rosidl_typesupport_introspection_c.h\n'}
[3.404643] (px4_msgs) StdoutLine: {'line': b'-- Up-to-date: /home/rschnurr/SkyClaw-Team1/ros2_ws/install/px4_msgs/include/px4_msgs/px4_msgs/msg/detail/rate_ctrl_status__type_support.c\n'}
[3.404695] (px4_msgs) StdoutLine: {'line': b'-- Up-to-date: /home/rschnurr/SkyClaw-Team1/ros2_ws/install/px4_msgs/include/px4_msgs/px4_msgs/msg/detail/debug_value__type_support.c\n'}
[3.404749] (px4_msgs) StdoutLine: {'line': b'-- Up-to-date: /home/rschnurr/SkyClaw-Team1/ros2_ws/install/px4_msgs/include/px4_msgs/px4_msgs/msg/detail/satellite_info__rosidl_typesupport_introspection_c.h\n'}
[3.404931] (px4_msgs) StdoutLine: {'line': b'-- Up-to-date: /home/rschnurr/SkyClaw-Team1/ros2_ws/install/px4_msgs/include/px4_msgs/px4_msgs/msg/detail/pwm_input__rosidl_typesupport_introspection_c.h\n'}
[3.405229] (px4_msgs) StdoutLine: {'line': b'-- Up-to-date: /home/rschnurr/SkyClaw-Team1/ros2_ws/install/px4_msgs/include/px4_msgs/px4_msgs/msg/detail/debug_vect__rosidl_typesupport_introspection_c.h\n'}
[3.405804] (px4_msgs) StdoutLine: {'line': b'-- Up-to-date: /home/rschnurr/SkyClaw-Team1/ros2_ws/install/px4_msgs/include/px4_msgs/px4_msgs/msg/detail/flight_phase_estimation__type_support.c\n'}
[3.406056] (px4_msgs) StdoutLine: {'line': b'-- Up-to-date: /home/rschnurr/SkyClaw-Team1/ros2_ws/install/px4_msgs/include/px4_msgs/px4_msgs/msg/detail/estimator_bias3d__rosidl_typesupport_introspection_c.h\n'}
[3.406250] (px4_msgs) StdoutLine: {'line': b'-- Up-to-date: /home/rschnurr/SkyClaw-Team1/ros2_ws/install/px4_msgs/include/px4_msgs/px4_msgs/msg/detail/takeoff_status__type_support.c\n'}
[3.406335] (px4_msgs) StdoutLine: {'line': b'-- Up-to-date: /home/rschnurr/SkyClaw-Team1/ros2_ws/install/px4_msgs/include/px4_msgs/px4_msgs/msg/detail/sensors_status_imu__type_support.c\n'}
[3.406391] (px4_msgs) StdoutLine: {'line': b'-- Up-to-date: /home/rschnurr/SkyClaw-Team1/ros2_ws/install/px4_msgs/include/px4_msgs/px4_msgs/msg/detail/irlock_report__rosidl_typesupport_introspection_c.h\n'}
[3.406444] (px4_msgs) StdoutLine: {'line': b'-- Up-to-date: /home/rschnurr/SkyClaw-Team1/ros2_ws/install/px4_msgs/include/px4_msgs/px4_msgs/msg/detail/position_setpoint__type_support.c\n'}
[3.406521] (px4_msgs) StdoutLine: {'line': b'-- Up-to-date: /home/rschnurr/SkyClaw-Team1/ros2_ws/install/px4_msgs/include/px4_msgs/px4_msgs/msg/detail/orbit_status__type_support.c\n'}
[3.406580] (px4_msgs) StdoutLine: {'line': b'-- Up-to-date: /home/rschnurr/SkyClaw-Team1/ros2_ws/install/px4_msgs/include/px4_msgs/px4_msgs/msg/detail/rpm__rosidl_typesupport_introspection_c.h\n'}
[3.407203] (px4_msgs) StdoutLine: {'line': b'-- Up-to-date: /home/rschnurr/SkyClaw-Team1/ros2_ws/install/px4_msgs/include/px4_msgs/px4_msgs/msg/detail/parameter_set_value_response__type_support.c\n'}
[3.407304] (px4_msgs) StdoutLine: {'line': b'-- Up-to-date: /home/rschnurr/SkyClaw-Team1/ros2_ws/install/px4_msgs/include/px4_msgs/px4_msgs/msg/detail/rate_ctrl_status__rosidl_typesupport_introspection_c.h\n'}
[3.407403] (px4_msgs) StdoutLine: {'line': b'-- Up-to-date: /home/rschnurr/SkyClaw-Team1/ros2_ws/install/px4_msgs/include/px4_msgs/px4_msgs/msg/detail/mission__rosidl_typesupport_introspection_c.h\n'}
[3.407550] (px4_msgs) StdoutLine: {'line': b'-- Up-to-date: /home/rschnurr/SkyClaw-Team1/ros2_ws/install/px4_msgs/include/px4_msgs/px4_msgs/msg/detail/sensor_optical_flow__rosidl_typesupport_introspection_c.h\n'}
[3.407721] (px4_msgs) StdoutLine: {'line': b'-- Up-to-date: /home/rschnurr/SkyClaw-Team1/ros2_ws/install/px4_msgs/include/px4_msgs/px4_msgs/msg/detail/sensor_airflow__rosidl_typesupport_introspection_c.h\n'}
[3.408177] (px4_msgs) StdoutLine: {'line': b'-- Up-to-date: /home/rschnurr/SkyClaw-Team1/ros2_ws/install/px4_msgs/include/px4_msgs/px4_msgs/msg/detail/event__rosidl_typesupport_introspection_c.h\n'}
[3.408609] (px4_msgs) StdoutLine: {'line': b'-- Up-to-date: /home/rschnurr/SkyClaw-Team1/ros2_ws/install/px4_msgs/include/px4_msgs/px4_msgs/msg/detail/actuator_controls_status__type_support.c\n'}
[3.409084] (px4_msgs) StdoutLine: {'line': b'-- Up-to-date: /home/rschnurr/SkyClaw-Team1/ros2_ws/install/px4_msgs/include/px4_msgs/px4_msgs/msg/detail/gpio_request__type_support.c\n'}
[3.409272] (px4_msgs) StdoutLine: {'line': b'-- Up-to-date: /home/rschnurr/SkyClaw-Team1/ros2_ws/install/px4_msgs/include/px4_msgs/px4_msgs/msg/detail/estimator_aid_source2d__rosidl_typesupport_introspection_c.h\n'}
[3.409404] (px4_msgs) StdoutLine: {'line': b'-- Up-to-date: /home/rschnurr/SkyClaw-Team1/ros2_ws/install/px4_msgs/include/px4_msgs/px4_msgs/msg/detail/autotune_attitude_control_status__type_support.c\n'}
[3.409760] (px4_msgs) StdoutLine: {'line': b'-- Up-to-date: /home/rschnurr/SkyClaw-Team1/ros2_ws/install/px4_msgs/include/px4_msgs/px4_msgs/msg/detail/home_position__type_support.c\n'}
[3.409876] (px4_msgs) StdoutLine: {'line': b'-- Up-to-date: /home/rschnurr/SkyClaw-Team1/ros2_ws/install/px4_msgs/include/px4_msgs/px4_msgs/msg/detail/mount_orientation__type_support.c\n'}
[3.409971] (px4_msgs) StdoutLine: {'line': b'-- Up-to-date: /home/rschnurr/SkyClaw-Team1/ros2_ws/install/px4_msgs/include/px4_msgs/px4_msgs/msg/detail/estimator_selector_status__rosidl_typesupport_introspection_c.h\n'}
[3.410071] (px4_msgs) StdoutLine: {'line': b'-- Up-to-date: /home/rschnurr/SkyClaw-Team1/ros2_ws/install/px4_msgs/include/px4_msgs/px4_msgs/msg/detail/position_controller_status__rosidl_typesupport_introspection_c.h\n'}
[3.410154] (px4_msgs) StdoutLine: {'line': b'-- Up-to-date: /home/rschnurr/SkyClaw-Team1/ros2_ws/install/px4_msgs/include/px4_msgs/px4_msgs/msg/detail/actuator_armed__type_support.c\n'}
[3.410362] (px4_msgs) StdoutLine: {'line': b'-- Up-to-date: /home/rschnurr/SkyClaw-Team1/ros2_ws/install/px4_msgs/include/px4_msgs/px4_msgs/msg/detail/vtol_vehicle_status__rosidl_typesupport_introspection_c.h\n'}
[3.410861] (px4_msgs) StdoutLine: {'line': b'-- Up-to-date: /home/rschnurr/SkyClaw-Team1/ros2_ws/install/px4_msgs/include/px4_msgs/px4_msgs/msg/detail/landing_gear_wheel__type_support.c\n'}
[3.411490] (px4_msgs) StdoutLine: {'line': b'-- Up-to-date: /home/rschnurr/SkyClaw-Team1/ros2_ws/install/px4_msgs/include/px4_msgs/px4_msgs/msg/detail/rover_rate_setpoint__type_support.c\n'}
[3.411984] (px4_msgs) StdoutLine: {'line': b'-- Up-to-date: /home/rschnurr/SkyClaw-Team1/ros2_ws/install/px4_msgs/include/px4_msgs/px4_msgs/msg/detail/power_button_state__rosidl_typesupport_introspection_c.h\n'}
[3.412533] (px4_msgs) StdoutLine: {'line': b'-- Up-to-date: /home/rschnurr/SkyClaw-Team1/ros2_ws/install/px4_msgs/include/px4_msgs/px4_msgs/msg/detail/gps_dump__type_support.c\n'}
[3.413060] (px4_msgs) StdoutLine: {'line': b'-- Up-to-date: /home/rschnurr/SkyClaw-Team1/ros2_ws/install/px4_msgs/include/px4_msgs/px4_msgs/msg/detail/gpio_config__type_support.c\n'}
[3.413414] (px4_msgs) StdoutLine: {'line': b'-- Up-to-date: /home/rschnurr/SkyClaw-Team1/ros2_ws/install/px4_msgs/include/px4_msgs/px4_msgs/msg/detail/manual_control_switches__rosidl_typesupport_introspection_c.h\n'}
[3.413608] (px4_msgs) StdoutLine: {'line': b'-- Up-to-date: /home/rschnurr/SkyClaw-Team1/ros2_ws/install/px4_msgs/include/px4_msgs/px4_msgs/msg/detail/actuator_servos__rosidl_typesupport_introspection_c.h\n'}
[3.413883] (px4_msgs) StdoutLine: {'line': b'-- Up-to-date: /home/rschnurr/SkyClaw-Team1/ros2_ws/install/px4_msgs/include/px4_msgs/px4_msgs/msg/detail/flight_phase_estimation__rosidl_typesupport_introspection_c.h\n'}
[3.414200] (px4_msgs) StdoutLine: {'line': b'-- Up-to-date: /home/rschnurr/SkyClaw-Team1/ros2_ws/install/px4_msgs/include/px4_msgs/px4_msgs/msg/detail/pwm_input__type_support.c\n'}
[3.414813] (px4_msgs) StdoutLine: {'line': b'-- Up-to-date: /home/rschnurr/SkyClaw-Team1/ros2_ws/install/px4_msgs/include/px4_msgs/px4_msgs/msg/detail/qshell_retval__type_support.c\n'}
[3.415272] (px4_msgs) StdoutLine: {'line': b'-- Up-to-date: /home/rschnurr/SkyClaw-Team1/ros2_ws/install/px4_msgs/include/px4_msgs/px4_msgs/msg/detail/obstacle_distance__rosidl_typesupport_introspection_c.h\n'}
[3.416143] (px4_msgs) StdoutLine: {'line': b'-- Up-to-date: /home/rschnurr/SkyClaw-Team1/ros2_ws/install/px4_msgs/include/px4_msgs/px4_msgs/msg/detail/rover_speed_status__type_support.c\n'}
[3.416660] (px4_msgs) StdoutLine: {'line': b'-- Up-to-date: /home/rschnurr/SkyClaw-Team1/ros2_ws/install/px4_msgs/include/px4_msgs/px4_msgs/msg/detail/mavlink_tunnel__rosidl_typesupport_introspection_c.h\n'}
[3.417124] (px4_msgs) StdoutLine: {'line': b'-- Up-to-date: /home/rschnurr/SkyClaw-Team1/ros2_ws/install/px4_msgs/include/px4_msgs/px4_msgs/msg/detail/actuator_test__rosidl_typesupport_introspection_c.h\n'}
[3.417548] (px4_msgs) StdoutLine: {'line': b'-- Up-to-date: /home/rschnurr/SkyClaw-Team1/ros2_ws/install/px4_msgs/include/px4_msgs/px4_msgs/msg/detail/ekf2_timestamps__rosidl_typesupport_introspection_c.h\n'}
[3.417977] (px4_msgs) StdoutLine: {'line': b'-- Up-to-date: /home/rschnurr/SkyClaw-Team1/ros2_ws/install/px4_msgs/include/px4_msgs/px4_msgs/msg/detail/parameter_set_used_request__rosidl_typesupport_introspection_c.h\n'}
[3.418567] (px4_msgs) StdoutLine: {'line': b'-- Up-to-date: /home/rschnurr/SkyClaw-Team1/ros2_ws/install/px4_msgs/include/px4_msgs/px4_msgs/msg/detail/estimator_innovations__type_support.c\n'}
[3.419266] (px4_msgs) StdoutLine: {'line': b'-- Up-to-date: /home/rschnurr/SkyClaw-Team1/ros2_ws/install/px4_msgs/include/px4_msgs/px4_msgs/msg/detail/geofence_status__type_support.c\n'}
[3.423657] (px4_msgs) StdoutLine: {'line': b'-- Up-to-date: /home/rschnurr/SkyClaw-Team1/ros2_ws/install/px4_msgs/include/px4_msgs/px4_msgs/msg/detail/parameter_update__type_support.c\n'}
[3.424472] (px4_msgs) StdoutLine: {'line': b'-- Up-to-date: /home/rschnurr/SkyClaw-Team1/ros2_ws/install/px4_msgs/include/px4_msgs/px4_msgs/msg/detail/vehicle_imu__rosidl_typesupport_introspection_c.h\n'}
[3.424604] (px4_msgs) StdoutLine: {'line': b'-- Up-to-date: /home/rschnurr/SkyClaw-Team1/ros2_ws/install/px4_msgs/include/px4_msgs/px4_msgs/msg/detail/wheel_encoders__rosidl_typesupport_introspection_c.h\n'}
[3.425029] (px4_msgs) StdoutLine: {'line': b'-- Up-to-date: /home/rschnurr/SkyClaw-Team1/ros2_ws/install/px4_msgs/include/px4_msgs/px4_msgs/msg/detail/open_drone_id_operator_id__rosidl_typesupport_introspection_c.h\n'}
[3.425152] (px4_msgs) StdoutLine: {'line': b'-- Up-to-date: /home/rschnurr/SkyClaw-Team1/ros2_ws/install/px4_msgs/include/px4_msgs/px4_msgs/msg/detail/fixed_wing_lateral_setpoint__type_support.c\n'}
[3.425650] (px4_msgs) StdoutLine: {'line': b'-- Up-to-date: /home/rschnurr/SkyClaw-Team1/ros2_ws/install/px4_msgs/include/px4_msgs/px4_msgs/msg/detail/battery_info__type_support.c\n'}
[3.425813] (px4_msgs) StdoutLine: {'line': b'-- Up-to-date: /home/rschnurr/SkyClaw-Team1/ros2_ws/install/px4_msgs/include/px4_msgs/px4_msgs/msg/detail/debug_vect__type_support.c\n'}
[3.425900] (px4_msgs) StdoutLine: {'line': b'-- Up-to-date: /home/rschnurr/SkyClaw-Team1/ros2_ws/install/px4_msgs/include/px4_msgs/px4_msgs/msg/detail/camera_trigger__type_support.c\n'}
[3.425973] (px4_msgs) StdoutLine: {'line': b'-- Up-to-date: /home/rschnurr/SkyClaw-Team1/ros2_ws/install/px4_msgs/include/px4_msgs/px4_msgs/msg/detail/control_allocator_status__rosidl_typesupport_introspection_c.h\n'}
[3.426043] (px4_msgs) StdoutLine: {'line': b'-- Up-to-date: /home/rschnurr/SkyClaw-Team1/ros2_ws/install/px4_msgs/include/px4_msgs/px4_msgs/msg/detail/fuel_tank_status__type_support.c\n'}
[3.426115] (px4_msgs) StdoutLine: {'line': b'-- Up-to-date: /home/rschnurr/SkyClaw-Team1/ros2_ws/install/px4_msgs/include/px4_msgs/px4_msgs/msg/detail/tune_control__type_support.c\n'}
[3.426371] (px4_msgs) StdoutLine: {'line': b'-- Up-to-date: /home/rschnurr/SkyClaw-Team1/ros2_ws/install/px4_msgs/include/px4_msgs/px4_msgs/msg/detail/position_controller_landing_status__type_support.c\n'}
[3.427140] (px4_msgs) StdoutLine: {'line': b'-- Up-to-date: /home/rschnurr/SkyClaw-Team1/ros2_ws/install/px4_msgs/include/px4_msgs/px4_msgs/msg/detail/adc_report__type_support.c\n'}
[3.427560] (px4_msgs) StdoutLine: {'line': b'-- Up-to-date: /home/rschnurr/SkyClaw-Team1/ros2_ws/install/px4_msgs/include/px4_msgs/px4_msgs/msg/detail/follow_target_status__type_support.c\n'}
[3.428064] (px4_msgs) StdoutLine: {'line': b'-- Up-to-date: /home/rschnurr/SkyClaw-Team1/ros2_ws/install/px4_msgs/include/px4_msgs/px4_msgs/msg/detail/vehicle_odometry__type_support.c\n'}
[3.428770] (px4_msgs) StdoutLine: {'line': b'-- Up-to-date: /home/rschnurr/SkyClaw-Team1/ros2_ws/install/px4_msgs/include/px4_msgs/px4_msgs/msg/detail/vehicle_constraints__type_support.c\n'}
[3.429705] (px4_msgs) StdoutLine: {'line': b'-- Up-to-date: /home/rschnurr/SkyClaw-Team1/ros2_ws/install/px4_msgs/include/px4_msgs/px4_msgs/msg/detail/mavlink_log__type_support.c\n'}
[3.430183] (-) TimerEvent: {}
[3.430838] (px4_msgs) StdoutLine: {'line': b'-- Up-to-date: /home/rschnurr/SkyClaw-Team1/ros2_ws/install/px4_msgs/include/px4_msgs/px4_msgs/msg/detail/vehicle_control_mode__type_support.c\n'}
[3.431358] (px4_msgs) StdoutLine: {'line': b'-- Up-to-date: /home/rschnurr/SkyClaw-Team1/ros2_ws/install/px4_msgs/include/px4_msgs/px4_msgs/msg/detail/pure_pursuit_status__rosidl_typesupport_introspection_c.h\n'}
[3.431913] (px4_msgs) StdoutLine: {'line': b'-- Up-to-date: /home/rschnurr/SkyClaw-Team1/ros2_ws/install/px4_msgs/include/px4_msgs/px4_msgs/msg/detail/action_request__rosidl_typesupport_introspection_c.h\n'}
[3.432030] (px4_msgs) StdoutLine: {'line': b'-- Up-to-date: /home/rschnurr/SkyClaw-Team1/ros2_ws/install/px4_msgs/include/px4_msgs/px4_msgs/msg/detail/dataman_response__rosidl_typesupport_introspection_c.h\n'}
[3.432213] (px4_msgs) StdoutLine: {'line': b'-- Up-to-date: /home/rschnurr/SkyClaw-Team1/ros2_ws/install/px4_msgs/include/px4_msgs/px4_msgs/msg/detail/position_setpoint_triplet__rosidl_typesupport_introspection_c.h\n'}
[3.432293] (px4_msgs) StdoutLine: {'line': b'-- Up-to-date: /home/rschnurr/SkyClaw-Team1/ros2_ws/install/px4_msgs/include/px4_msgs/px4_msgs/msg/detail/lateral_control_configuration__rosidl_typesupport_introspection_c.h\n'}
[3.432363] (px4_msgs) StdoutLine: {'line': b'-- Up-to-date: /home/rschnurr/SkyClaw-Team1/ros2_ws/install/px4_msgs/include/px4_msgs/px4_msgs/msg/detail/sensor_gps__type_support.c\n'}
[3.432436] (px4_msgs) StdoutLine: {'line': b'-- Up-to-date: /home/rschnurr/SkyClaw-Team1/ros2_ws/install/px4_msgs/include/px4_msgs/px4_msgs/msg/detail/internal_combustion_engine_control__type_support.c\n'}
[3.432711] (px4_msgs) StdoutLine: {'line': b'-- Up-to-date: /home/rschnurr/SkyClaw-Team1/ros2_ws/install/px4_msgs/include/px4_msgs/px4_msgs/msg/detail/normalized_unsigned_setpoint__type_support.c\n'}
[3.433120] (px4_msgs) StdoutLine: {'line': b'-- Up-to-date: /home/rschnurr/SkyClaw-Team1/ros2_ws/install/px4_msgs/include/px4_msgs/px4_msgs/msg/detail/sensor_selection__rosidl_typesupport_introspection_c.h\n'}
[3.433556] (px4_msgs) StdoutLine: {'line': b'-- Up-to-date: /home/rschnurr/SkyClaw-Team1/ros2_ws/install/px4_msgs/include/px4_msgs/px4_msgs/msg/detail/gimbal_device_set_attitude__type_support.c\n'}
[3.433669] (px4_msgs) StdoutLine: {'line': b'-- Up-to-date: /home/rschnurr/SkyClaw-Team1/ros2_ws/install/px4_msgs/include/px4_msgs/px4_msgs/msg/detail/wheel_encoders__type_support.c\n'}
[3.433922] (px4_msgs) StdoutLine: {'line': b'-- Up-to-date: /home/rschnurr/SkyClaw-Team1/ros2_ws/install/px4_msgs/include/px4_msgs/px4_msgs/msg/detail/vehicle_command__type_support.c\n'}
[3.434270] (px4_msgs) StdoutLine: {'line': b'-- Up-to-date: /home/rschnurr/SkyClaw-Team1/ros2_ws/install/px4_msgs/include/px4_msgs/px4_msgs/msg/detail/follow_target_estimator__rosidl_typesupport_introspection_c.h\n'}
[3.434610] (px4_msgs) StdoutLine: {'line': b'-- Up-to-date: /home/rschnurr/SkyClaw-Team1/ros2_ws/install/px4_msgs/include/px4_msgs/px4_msgs/msg/detail/register_ext_component_request__type_support.c\n'}
[3.434893] (px4_msgs) StdoutLine: {'line': b'-- Up-to-date: /home/rschnurr/SkyClaw-Team1/ros2_ws/install/px4_msgs/include/px4_msgs/px4_msgs/msg/detail/vehicle_attitude__rosidl_typesupport_introspection_c.h\n'}
[3.435342] (px4_msgs) StdoutLine: {'line': b'-- Up-to-date: /home/rschnurr/SkyClaw-Team1/ros2_ws/install/px4_msgs/include/px4_msgs/px4_msgs/msg/detail/onboard_computer_status__type_support.c\n'}
[3.435752] (px4_msgs) StdoutLine: {'line': b'-- Up-to-date: /home/rschnurr/SkyClaw-Team1/ros2_ws/install/px4_msgs/include/px4_msgs/px4_msgs/msg/detail/estimator_sensor_bias__type_support.c\n'}
[3.435914] (px4_msgs) StdoutLine: {'line': b'-- Up-to-date: /home/rschnurr/SkyClaw-Team1/ros2_ws/install/px4_msgs/include/px4_msgs/px4_msgs/msg/detail/vehicle_global_position__rosidl_typesupport_introspection_c.h\n'}
[3.436127] (px4_msgs) StdoutLine: {'line': b'-- Up-to-date: /home/rschnurr/SkyClaw-Team1/ros2_ws/install/px4_msgs/include/px4_msgs/px4_msgs/msg/detail/rover_speed_setpoint__rosidl_typesupport_introspection_c.h\n'}
[3.436488] (px4_msgs) StdoutLine: {'line': b'-- Up-to-date: /home/rschnurr/SkyClaw-Team1/ros2_ws/install/px4_msgs/include/px4_msgs/px4_msgs/msg/detail/rtl_time_estimate__rosidl_typesupport_introspection_c.h\n'}
[3.436977] (px4_msgs) StdoutLine: {'line': b'-- Up-to-date: /home/rschnurr/SkyClaw-Team1/ros2_ws/install/px4_msgs/include/px4_msgs/px4_msgs/msg/detail/vehicle_status__type_support.c\n'}
[3.437538] (px4_msgs) StdoutLine: {'line': b'-- Up-to-date: /home/rschnurr/SkyClaw-Team1/ros2_ws/install/px4_msgs/include/px4_msgs/px4_msgs/msg/detail/input_rc__rosidl_typesupport_introspection_c.h\n'}
[3.438027] (px4_msgs) StdoutLine: {'line': b'-- Up-to-date: /home/rschnurr/SkyClaw-Team1/ros2_ws/install/px4_msgs/include/px4_msgs/px4_msgs/msg/detail/estimator_status_flags__type_support.c\n'}
[3.439166] (px4_msgs) StdoutLine: {'line': b'-- Up-to-date: /home/rschnurr/SkyClaw-Team1/ros2_ws/install/px4_msgs/include/px4_msgs/px4_msgs/msg/detail/actuator_test__type_support.c\n'}
[3.440205] (px4_msgs) StdoutLine: {'line': b'-- Up-to-date: /home/rschnurr/SkyClaw-Team1/ros2_ws/install/px4_msgs/include/px4_msgs/px4_msgs/msg/detail/sensor_uwb__type_support.c\n'}
[3.440393] (px4_msgs) StdoutLine: {'line': b'-- Up-to-date: /home/rschnurr/SkyClaw-Team1/ros2_ws/install/px4_msgs/include/px4_msgs/px4_msgs/msg/detail/lateral_control_configuration__type_support.c\n'}
[3.440502] (px4_msgs) StdoutLine: {'line': b'-- Up-to-date: /home/rschnurr/SkyClaw-Team1/ros2_ws/install/px4_msgs/include/px4_msgs/px4_msgs/msg/detail/estimator_aid_source1d__type_support.c\n'}
[3.440699] (px4_msgs) StdoutLine: {'line': b'-- Up-to-date: /home/rschnurr/SkyClaw-Team1/ros2_ws/install/px4_msgs/include/px4_msgs/px4_msgs/msg/detail/iridiumsbd_status__rosidl_typesupport_introspection_c.h\n'}
[3.441381] (px4_msgs) StdoutLine: {'line': b'-- Up-to-date: /home/rschnurr/SkyClaw-Team1/ros2_ws/install/px4_msgs/include/px4_msgs/px4_msgs/msg/detail/vehicle_constraints__rosidl_typesupport_introspection_c.h\n'}
[3.441905] (px4_msgs) StdoutLine: {'line': b'-- Up-to-date: /home/rschnurr/SkyClaw-Team1/ros2_ws/install/px4_msgs/include/px4_msgs/px4_msgs/msg/detail/timesync_status__type_support.c\n'}
[3.442586] (px4_msgs) StdoutLine: {'line': b'-- Up-to-date: /home/rschnurr/SkyClaw-Team1/ros2_ws/install/px4_msgs/include/px4_msgs/px4_msgs/msg/detail/sensor_gyro__type_support.c\n'}
[3.442939] (px4_msgs) StdoutLine: {'line': b'-- Up-to-date: /home/rschnurr/SkyClaw-Team1/ros2_ws/install/px4_msgs/include/px4_msgs/px4_msgs/msg/detail/camera_capture__type_support.c\n'}
[3.443162] (px4_msgs) StdoutLine: {'line': b'-- Up-to-date: /home/rschnurr/SkyClaw-Team1/ros2_ws/install/px4_msgs/include/px4_msgs/px4_msgs/msg/detail/qshell_req__type_support.c\n'}
[3.443565] (px4_msgs) StdoutLine: {'line': b'-- Up-to-date: /home/rschnurr/SkyClaw-Team1/ros2_ws/install/px4_msgs/include/px4_msgs/px4_msgs/msg/detail/rc_parameter_map__type_support.c\n'}
[3.444003] (px4_msgs) StdoutLine: {'line': b'-- Up-to-date: /home/rschnurr/SkyClaw-Team1/ros2_ws/install/px4_msgs/include/px4_msgs/px4_msgs/msg/detail/distance_sensor__rosidl_typesupport_introspection_c.h\n'}
[3.444740] (px4_msgs) StdoutLine: {'line': b'-- Up-to-date: /home/rschnurr/SkyClaw-Team1/ros2_ws/install/px4_msgs/include/px4_msgs/px4_msgs/msg/detail/tiltrotor_extra_controls__rosidl_typesupport_introspection_c.h\n'}
[3.445733] (px4_msgs) StdoutLine: {'line': b'-- Up-to-date: /home/rschnurr/SkyClaw-Team1/ros2_ws/install/px4_msgs/include/px4_msgs/px4_msgs/msg/detail/rover_rate_status__rosidl_typesupport_introspection_c.h\n'}
[3.446175] (px4_msgs) StdoutLine: {'line': b'-- Up-to-date: /home/rschnurr/SkyClaw-Team1/ros2_ws/install/px4_msgs/include/px4_msgs/px4_msgs/msg/detail/gimbal_device_information__type_support.c\n'}
[3.446880] (px4_msgs) StdoutLine: {'line': b'-- Up-to-date: /home/rschnurr/SkyClaw-Team1/ros2_ws/install/px4_msgs/include/px4_msgs/px4_msgs/msg/detail/ulog_stream_ack__type_support.c\n'}
[3.447374] (px4_msgs) StdoutLine: {'line': b'-- Up-to-date: /home/rschnurr/SkyClaw-Team1/ros2_ws/install/px4_msgs/include/px4_msgs/px4_msgs/msg/detail/position_controller_landing_status__rosidl_typesupport_introspection_c.h\n'}
[3.447678] (px4_msgs) StdoutLine: {'line': b'-- Up-to-date: /home/rschnurr/SkyClaw-Team1/ros2_ws/install/px4_msgs/include/px4_msgs/px4_msgs/msg/detail/vehicle_attitude__type_support.c\n'}
[3.448220] (px4_msgs) StdoutLine: {'line': b'-- Up-to-date: /home/rschnurr/SkyClaw-Team1/ros2_ws/install/px4_msgs/include/px4_msgs/px4_msgs/msg/detail/gimbal_manager_set_attitude__type_support.c\n'}
[3.448377] (px4_msgs) StdoutLine: {'line': b'-- Up-to-date: /home/rschnurr/SkyClaw-Team1/ros2_ws/install/px4_msgs/include/px4_msgs/px4_msgs/msg/detail/sensor_correction__rosidl_typesupport_introspection_c.h\n'}
[3.448601] (px4_msgs) StdoutLine: {'line': b'-- Up-to-date: /home/rschnurr/SkyClaw-Team1/ros2_ws/install/px4_msgs/include/px4_msgs/px4_msgs/msg/detail/arming_check_reply__rosidl_typesupport_introspection_c.h\n'}
[3.448758] (px4_msgs) StdoutLine: {'line': b'-- Up-to-date: /home/rschnurr/SkyClaw-Team1/ros2_ws/install/px4_msgs/include/px4_msgs/px4_msgs/msg/detail/airspeed_wind__type_support.c\n'}
[3.448848] (px4_msgs) StdoutLine: {'line': b'-- Up-to-date: /home/rschnurr/SkyClaw-Team1/ros2_ws/install/px4_msgs/include/px4_msgs/px4_msgs/msg/detail/dataman_request__type_support.c\n'}
[3.448916] (px4_msgs) StdoutLine: {'line': b'-- Up-to-date: /home/rschnurr/SkyClaw-Team1/ros2_ws/install/px4_msgs/include/px4_msgs/px4_msgs/msg/detail/battery_status__rosidl_typesupport_introspection_c.h\n'}
[3.448984] (px4_msgs) StdoutLine: {'line': b'-- Up-to-date: /home/rschnurr/SkyClaw-Team1/ros2_ws/install/px4_msgs/include/px4_msgs/px4_msgs/msg/detail/fixed_wing_longitudinal_setpoint__rosidl_typesupport_introspection_c.h\n'}
[3.449049] (px4_msgs) StdoutLine: {'line': b'-- Up-to-date: /home/rschnurr/SkyClaw-Team1/ros2_ws/install/px4_msgs/include/px4_msgs/px4_msgs/msg/detail/trajectory_setpoint__rosidl_typesupport_introspection_c.h\n'}
[3.449127] (px4_msgs) StdoutLine: {'line': b'-- Up-to-date: /home/rschnurr/SkyClaw-Team1/ros2_ws/install/px4_msgs/include/px4_msgs/px4_msgs/msg/detail/sensor_gps__rosidl_typesupport_introspection_c.h\n'}
[3.449192] (px4_msgs) StdoutLine: {'line': b'-- Up-to-date: /home/rschnurr/SkyClaw-Team1/ros2_ws/install/px4_msgs/include/px4_msgs/px4_msgs/msg/detail/sensor_combined__rosidl_typesupport_introspection_c.h\n'}
[3.449530] (px4_msgs) StdoutLine: {'line': b'-- Up-to-date: /home/rschnurr/SkyClaw-Team1/ros2_ws/install/px4_msgs/include/px4_msgs/px4_msgs/msg/detail/yaw_estimator_status__type_support.c\n'}
[3.450021] (px4_msgs) StdoutLine: {'line': b'-- Up-to-date: /home/rschnurr/SkyClaw-Team1/ros2_ws/install/px4_msgs/include/px4_msgs/px4_msgs/msg/detail/ping__type_support.c\n'}
[3.450949] (px4_msgs) StdoutLine: {'line': b'-- Up-to-date: /home/rschnurr/SkyClaw-Team1/ros2_ws/install/px4_msgs/include/px4_msgs/px4_msgs/msg/detail/actuator_outputs__type_support.c\n'}
[3.451539] (px4_msgs) StdoutLine: {'line': b'-- Up-to-date: /home/rschnurr/SkyClaw-Team1/ros2_ws/install/px4_msgs/include/px4_msgs/px4_msgs/msg/detail/heater_status__type_support.c\n'}
[3.452212] (px4_msgs) StdoutLine: {'line': b'-- Up-to-date: /home/rschnurr/SkyClaw-Team1/ros2_ws/install/px4_msgs/include/px4_msgs/px4_msgs/msg/detail/system_power__type_support.c\n'}
[3.452418] (px4_msgs) StdoutLine: {'line': b'-- Up-to-date: /home/rschnurr/SkyClaw-Team1/ros2_ws/install/px4_msgs/include/px4_msgs/px4_msgs/msg/detail/follow_target_status__rosidl_typesupport_introspection_c.h\n'}
[3.452534] (px4_msgs) StdoutLine: {'line': b'-- Up-to-date: /home/rschnurr/SkyClaw-Team1/ros2_ws/install/px4_msgs/include/px4_msgs/px4_msgs/msg/detail/landing_gear_wheel__rosidl_typesupport_introspection_c.h\n'}
[3.452645] (px4_msgs) StdoutLine: {'line': b'-- Up-to-date: /home/rschnurr/SkyClaw-Team1/ros2_ws/install/px4_msgs/include/px4_msgs/px4_msgs/msg/detail/longitudinal_control_configuration__rosidl_typesupport_introspection_c.h\n'}
[3.452723] (px4_msgs) StdoutLine: {'line': b'-- Up-to-date: /home/rschnurr/SkyClaw-Team1/ros2_ws/install/px4_msgs/include/px4_msgs/px4_msgs/msg/detail/vehicle_command__rosidl_typesupport_introspection_c.h\n'}
[3.452795] (px4_msgs) StdoutLine: {'line': b'-- Up-to-date: /home/rschnurr/SkyClaw-Team1/ros2_ws/install/px4_msgs/include/px4_msgs/px4_msgs/msg/detail/estimator_bias3d__type_support.c\n'}
[3.452868] (px4_msgs) StdoutLine: {'line': b'-- Up-to-date: /home/rschnurr/SkyClaw-Team1/ros2_ws/install/px4_msgs/include/px4_msgs/px4_msgs/msg/detail/button_event__rosidl_typesupport_introspection_c.h\n'}
[3.452940] (px4_msgs) StdoutLine: {'line': b'-- Up-to-date: /home/rschnurr/SkyClaw-Team1/ros2_ws/install/px4_msgs/include/px4_msgs/px4_msgs/msg/detail/register_ext_component_request__rosidl_typesupport_introspection_c.h\n'}
[3.453077] (px4_msgs) StdoutLine: {'line': b'-- Up-to-date: /home/rschnurr/SkyClaw-Team1/ros2_ws/install/px4_msgs/include/px4_msgs/px4_msgs/msg/detail/vehicle_magnetometer__rosidl_typesupport_introspection_c.h\n'}
[3.453267] (px4_msgs) StdoutLine: {'line': b'-- Up-to-date: /home/rschnurr/SkyClaw-Team1/ros2_ws/install/px4_msgs/include/px4_msgs/px4_msgs/msg/detail/ulog_stream_ack__rosidl_typesupport_introspection_c.h\n'}
[3.453385] (px4_msgs) StdoutLine: {'line': b'-- Up-to-date: /home/rschnurr/SkyClaw-Team1/ros2_ws/install/px4_msgs/include/px4_msgs/px4_msgs/msg/detail/gps_inject_data__rosidl_typesupport_introspection_c.h\n'}
[3.453483] (px4_msgs) StdoutLine: {'line': b'-- Up-to-date: /home/rschnurr/SkyClaw-Team1/ros2_ws/install/px4_msgs/include/px4_msgs/px4_msgs/msg/detail/rc_channels__type_support.c\n'}
[3.453951] (px4_msgs) StdoutLine: {'line': b'-- Up-to-date: /home/rschnurr/SkyClaw-Team1/ros2_ws/install/px4_msgs/include/px4_msgs/px4_msgs/msg/detail/arming_check_reply__type_support.c\n'}
[3.454158] (px4_msgs) StdoutLine: {'line': b'-- Up-to-date: /home/rschnurr/SkyClaw-Team1/ros2_ws/install/px4_msgs/include/px4_msgs/px4_msgs/msg/detail/open_drone_id_arm_status__rosidl_typesupport_introspection_c.h\n'}
[3.454255] (px4_msgs) StdoutLine: {'line': b'-- Up-to-date: /home/rschnurr/SkyClaw-Team1/ros2_ws/install/px4_msgs/include/px4_msgs/px4_msgs/msg/detail/can_interface_status__type_support.c\n'}
[3.454338] (px4_msgs) StdoutLine: {'line': b'-- Up-to-date: /home/rschnurr/SkyClaw-Team1/ros2_ws/install/px4_msgs/include/px4_msgs/px4_msgs/msg/detail/dataman_response__type_support.c\n'}
[3.454637] (px4_msgs) StdoutLine: {'line': b'-- Up-to-date: /home/rschnurr/SkyClaw-Team1/ros2_ws/install/px4_msgs/include/px4_msgs/px4_msgs/msg/detail/open_drone_id_self_id__rosidl_typesupport_introspection_c.h\n'}
[3.455387] (px4_msgs) StdoutLine: {'line': b'-- Up-to-date: /home/rschnurr/SkyClaw-Team1/ros2_ws/install/px4_msgs/include/px4_msgs/px4_msgs/msg/detail/trajectory_setpoint__type_support.c\n'}
[3.455534] (px4_msgs) StdoutLine: {'line': b'-- Up-to-date: /home/rschnurr/SkyClaw-Team1/ros2_ws/install/px4_msgs/include/px4_msgs/px4_msgs/msg/detail/position_setpoint__rosidl_typesupport_introspection_c.h\n'}
[3.455624] (px4_msgs) StdoutLine: {'line': b'-- Up-to-date: /home/rschnurr/SkyClaw-Team1/ros2_ws/install/px4_msgs/include/px4_msgs/px4_msgs/msg/detail/actuator_outputs__rosidl_typesupport_introspection_c.h\n'}
[3.455850] (px4_msgs) StdoutLine: {'line': b'-- Up-to-date: /home/rschnurr/SkyClaw-Team1/ros2_ws/install/px4_msgs/include/px4_msgs/px4_msgs/msg/detail/vehicle_optical_flow_vel__rosidl_typesupport_introspection_c.h\n'}
[3.456536] (px4_msgs) StdoutLine: {'line': b'-- Up-to-date: /home/rschnurr/SkyClaw-Team1/ros2_ws/install/px4_msgs/include/px4_msgs/px4_msgs/msg/detail/orb_test__type_support.c\n'}
[3.456774] (px4_msgs) StdoutLine: {'line': b'-- Up-to-date: /home/rschnurr/SkyClaw-Team1/ros2_ws/install/px4_msgs/include/px4_msgs/px4_msgs/msg/detail/led_control__type_support.c\n'}
[3.457009] (px4_msgs) StdoutLine: {'line': b'-- Up-to-date: /home/rschnurr/SkyClaw-Team1/ros2_ws/install/px4_msgs/include/px4_msgs/px4_msgs/msg/detail/fixed_wing_lateral_status__rosidl_typesupport_introspection_c.h\n'}
[3.457143] (px4_msgs) StdoutLine: {'line': b'-- Up-to-date: /home/rschnurr/SkyClaw-Team1/ros2_ws/install/px4_msgs/include/px4_msgs/px4_msgs/msg/detail/mode_completed__rosidl_typesupport_introspection_c.h\n'}
[3.457388] (px4_msgs) StdoutLine: {'line': b'-- Up-to-date: /home/rschnurr/SkyClaw-Team1/ros2_ws/install/px4_msgs/include/px4_msgs/px4_msgs/msg/detail/parameter_reset_request__rosidl_typesupport_introspection_c.h\n'}
[3.457743] (px4_msgs) StdoutLine: {'line': b'-- Up-to-date: /home/rschnurr/SkyClaw-Team1/ros2_ws/install/px4_msgs/include/px4_msgs/px4_msgs/msg/detail/dataman_request__rosidl_typesupport_introspection_c.h\n'}
[3.458332] (px4_msgs) StdoutLine: {'line': b'-- Up-to-date: /home/rschnurr/SkyClaw-Team1/ros2_ws/install/px4_msgs/include/px4_msgs/px4_msgs/msg/detail/estimator_innovations__rosidl_typesupport_introspection_c.h\n'}
[3.458435] (px4_msgs) StdoutLine: {'line': b'-- Up-to-date: /home/rschnurr/SkyClaw-Team1/ros2_ws/install/px4_msgs/include/px4_msgs/px4_msgs/msg/detail/gimbal_manager_status__rosidl_typesupport_introspection_c.h\n'}
[3.458607] (px4_msgs) StdoutLine: {'line': b'-- Up-to-date: /home/rschnurr/SkyClaw-Team1/ros2_ws/install/px4_msgs/include/px4_msgs/px4_msgs/msg/detail/parameter_set_value_request__rosidl_typesupport_introspection_c.h\n'}
[3.458816] (px4_msgs) StdoutLine: {'line': b'-- Up-to-date: /home/rschnurr/SkyClaw-Team1/ros2_ws/install/px4_msgs/include/px4_msgs/px4_msgs/msg/detail/iridiumsbd_status__type_support.c\n'}
[3.459403] (px4_msgs) StdoutLine: {'line': b'-- Up-to-date: /home/rschnurr/SkyClaw-Team1/ros2_ws/install/px4_msgs/include/px4_msgs/px4_msgs/msg/detail/vehicle_roi__type_support.c\n'}
[3.459747] (px4_msgs) StdoutLine: {'line': b'-- Up-to-date: /home/rschnurr/SkyClaw-Team1/ros2_ws/install/px4_msgs/include/px4_msgs/px4_msgs/msg/detail/obstacle_distance__type_support.c\n'}
[3.460205] (px4_msgs) StdoutLine: {'line': b'-- Up-to-date: /home/rschnurr/SkyClaw-Team1/ros2_ws/install/px4_msgs/include/px4_msgs/px4_msgs/msg/detail/rc_parameter_map__rosidl_typesupport_introspection_c.h\n'}
[3.460422] (px4_msgs) StdoutLine: {'line': b'-- Up-to-date: /home/rschnurr/SkyClaw-Team1/ros2_ws/install/px4_msgs/include/px4_msgs/px4_msgs/msg/detail/gimbal_controls__rosidl_typesupport_introspection_c.h\n'}
[3.460623] (px4_msgs) StdoutLine: {'line': b'-- Up-to-date: /home/rschnurr/SkyClaw-Team1/ros2_ws/install/px4_msgs/include/px4_msgs/px4_msgs/msg/detail/fixed_wing_lateral_status__type_support.c\n'}
[3.460843] (px4_msgs) StdoutLine: {'line': b'-- Up-to-date: /home/rschnurr/SkyClaw-Team1/ros2_ws/install/px4_msgs/include/px4_msgs/px4_msgs/msg/detail/home_position__rosidl_typesupport_introspection_c.h\n'}
[3.460975] (px4_msgs) StdoutLine: {'line': b'-- Up-to-date: /home/rschnurr/SkyClaw-Team1/ros2_ws/install/px4_msgs/include/px4_msgs/px4_msgs/msg/detail/launch_detection_status__type_support.c\n'}
[3.461183] (px4_msgs) StdoutLine: {'line': b'-- Up-to-date: /home/rschnurr/SkyClaw-Team1/ros2_ws/install/px4_msgs/include/px4_msgs/px4_msgs/msg/detail/parameter_update__rosidl_typesupport_introspection_c.h\n'}
[3.461336] (px4_msgs) StdoutLine: {'line': b'-- Up-to-date: /home/rschnurr/SkyClaw-Team1/ros2_ws/install/px4_msgs/include/px4_msgs/px4_msgs/msg/detail/sensor_selection__type_support.c\n'}
[3.461425] (px4_msgs) StdoutLine: {'line': b'-- Up-to-date: /home/rschnurr/SkyClaw-Team1/ros2_ws/install/px4_msgs/include/px4_msgs/px4_msgs/msg/detail/ekf2_timestamps__type_support.c\n'}
[3.461506] (px4_msgs) StdoutLine: {'line': b'-- Up-to-date: /home/rschnurr/SkyClaw-Team1/ros2_ws/install/px4_msgs/include/px4_msgs/px4_msgs/msg/detail/gimbal_device_attitude_status__rosidl_typesupport_introspection_c.h\n'}
[3.461579] (px4_msgs) StdoutLine: {'line': b'-- Up-to-date: /home/rschnurr/SkyClaw-Team1/ros2_ws/install/px4_msgs/include/px4_msgs/px4_msgs/msg/detail/gripper__rosidl_typesupport_introspection_c.h\n'}
[3.461670] (px4_msgs) StdoutLine: {'line': b'-- Up-to-date: /home/rschnurr/SkyClaw-Team1/ros2_ws/install/px4_msgs/include/px4_msgs/px4_msgs/msg/detail/vehicle_optical_flow__rosidl_typesupport_introspection_c.h\n'}
[3.461748] (px4_msgs) StdoutLine: {'line': b'-- Up-to-date: /home/rschnurr/SkyClaw-Team1/ros2_ws/install/px4_msgs/include/px4_msgs/px4_msgs/msg/detail/gimbal_manager_information__type_support.c\n'}
[3.461911] (px4_msgs) StdoutLine: {'line': b'-- Up-to-date: /home/rschnurr/SkyClaw-Team1/ros2_ws/install/px4_msgs/include/px4_msgs/px4_msgs/msg/detail/cpuload__type_support.c\n'}
[3.462049] (px4_msgs) StdoutLine: {'line': b'-- Up-to-date: /home/rschnurr/SkyClaw-Team1/ros2_ws/install/px4_msgs/include/px4_msgs/px4_msgs/msg/detail/vehicle_thrust_setpoint__rosidl_typesupport_introspection_c.h\n'}
[3.462132] (px4_msgs) StdoutLine: {'line': b'-- Up-to-date: /home/rschnurr/SkyClaw-Team1/ros2_ws/install/px4_msgs/include/px4_msgs/px4_msgs/msg/detail/vehicle_acceleration__type_support.c\n'}
[3.462511] (px4_msgs) StdoutLine: {'line': b'-- Up-to-date: /home/rschnurr/SkyClaw-Team1/ros2_ws/install/px4_msgs/include/px4_msgs/px4_msgs/msg/detail/power_button_state__type_support.c\n'}
[3.463009] (px4_msgs) StdoutLine: {'line': b'-- Up-to-date: /home/rschnurr/SkyClaw-Team1/ros2_ws/install/px4_msgs/include/px4_msgs/px4_msgs/msg/detail/yaw_estimator_status__rosidl_typesupport_introspection_c.h\n'}
[3.463610] (px4_msgs) StdoutLine: {'line': b'-- Up-to-date: /home/rschnurr/SkyClaw-Team1/ros2_ws/install/px4_msgs/include/px4_msgs/px4_msgs/msg/detail/uavcan_parameter_value__rosidl_typesupport_introspection_c.h\n'}
[3.463855] (px4_msgs) StdoutLine: {'line': b'-- Up-to-date: /home/rschnurr/SkyClaw-Team1/ros2_ws/install/px4_msgs/include/px4_msgs/px4_msgs/msg/detail/gpio_in__rosidl_typesupport_introspection_c.h\n'}
[3.464130] (px4_msgs) StdoutLine: {'line': b'-- Up-to-date: /home/rschnurr/SkyClaw-Team1/ros2_ws/install/px4_msgs/include/px4_msgs/px4_msgs/msg/detail/task_stack_info__type_support.c\n'}
[3.464469] (px4_msgs) StdoutLine: {'line': b'-- Up-to-date: /home/rschnurr/SkyClaw-Team1/ros2_ws/install/px4_msgs/include/px4_msgs/px4_msgs/msg/detail/launch_detection_status__rosidl_typesupport_introspection_c.h\n'}
[3.464581] (px4_msgs) StdoutLine: {'line': b'-- Up-to-date: /home/rschnurr/SkyClaw-Team1/ros2_ws/install/px4_msgs/include/px4_msgs/px4_msgs/msg/detail/differential_pressure__rosidl_typesupport_introspection_c.h\n'}
[3.464679] (px4_msgs) StdoutLine: {'line': b'-- Up-to-date: /home/rschnurr/SkyClaw-Team1/ros2_ws/install/px4_msgs/include/px4_msgs/px4_msgs/msg/detail/sensor_gnss_relative__type_support.c\n'}
[3.464857] (px4_msgs) StdoutLine: {'line': b'-- Up-to-date: /home/rschnurr/SkyClaw-Team1/ros2_ws/install/px4_msgs/include/px4_msgs/px4_msgs/msg/detail/action_request__type_support.c\n'}
[3.464956] (px4_msgs) StdoutLine: {'line': b'-- Up-to-date: /home/rschnurr/SkyClaw-Team1/ros2_ws/install/px4_msgs/include/px4_msgs/px4_msgs/msg/detail/adc_report__rosidl_typesupport_introspection_c.h\n'}
[3.465248] (px4_msgs) StdoutLine: {'line': b'-- Up-to-date: /home/rschnurr/SkyClaw-Team1/ros2_ws/install/px4_msgs/include/px4_msgs/px4_msgs/msg/detail/control_allocator_status__type_support.c\n'}
[3.465356] (px4_msgs) StdoutLine: {'line': b'-- Up-to-date: /home/rschnurr/SkyClaw-Team1/ros2_ws/install/px4_msgs/include/px4_msgs/px4_msgs/msg/detail/sensor_gyro_fifo__type_support.c\n'}
[3.465429] (px4_msgs) StdoutLine: {'line': b'-- Up-to-date: /home/rschnurr/SkyClaw-Team1/ros2_ws/install/px4_msgs/include/px4_msgs/px4_msgs/msg/detail/sensor_gnss_status__type_support.c\n'}
[3.465493] (px4_msgs) StdoutLine: {'line': b'-- Up-to-date: /home/rschnurr/SkyClaw-Team1/ros2_ws/install/px4_msgs/include/px4_msgs/px4_msgs/msg/detail/tecs_status__rosidl_typesupport_introspection_c.h\n'}
[3.465548] (px4_msgs) StdoutLine: {'line': b'-- Up-to-date: /home/rschnurr/SkyClaw-Team1/ros2_ws/install/px4_msgs/include/px4_msgs/px4_msgs/msg/detail/manual_control_setpoint__type_support.c\n'}
[3.465619] (px4_msgs) StdoutLine: {'line': b'-- Up-to-date: /home/rschnurr/SkyClaw-Team1/ros2_ws/install/px4_msgs/include/px4_msgs/px4_msgs/msg/detail/goto_setpoint__rosidl_typesupport_introspection_c.h\n'}
[3.465671] (px4_msgs) StdoutLine: {'line': b'-- Up-to-date: /home/rschnurr/SkyClaw-Team1/ros2_ws/install/px4_msgs/include/px4_msgs/px4_msgs/msg/detail/mavlink_log__rosidl_typesupport_introspection_c.h\n'}
[3.465724] (px4_msgs) StdoutLine: {'line': b'-- Up-to-date: /home/rschnurr/SkyClaw-Team1/ros2_ws/install/px4_msgs/include/px4_msgs/px4_msgs/msg/detail/log_message__type_support.c\n'}
[3.465774] (px4_msgs) StdoutLine: {'line': b'-- Up-to-date: /home/rschnurr/SkyClaw-Team1/ros2_ws/install/px4_msgs/include/px4_msgs/px4_msgs/msg/detail/actuator_servos__type_support.c\n'}
[3.465823] (px4_msgs) StdoutLine: {'line': b'-- Up-to-date: /home/rschnurr/SkyClaw-Team1/ros2_ws/install/px4_msgs/include/px4_msgs/px4_msgs/msg/detail/vehicle_roi__rosidl_typesupport_introspection_c.h\n'}
[3.465870] (px4_msgs) StdoutLine: {'line': b'-- Up-to-date: /home/rschnurr/SkyClaw-Team1/ros2_ws/install/px4_msgs/include/px4_msgs/px4_msgs/msg/detail/gripper__type_support.c\n'}
[3.465916] (px4_msgs) StdoutLine: {'line': b'-- Up-to-date: /home/rschnurr/SkyClaw-Team1/ros2_ws/install/px4_msgs/include/px4_msgs/px4_msgs/msg/detail/sensor_mag__rosidl_typesupport_introspection_c.h\n'}
[3.465961] (px4_msgs) StdoutLine: {'line': b'-- Up-to-date: /home/rschnurr/SkyClaw-Team1/ros2_ws/install/px4_msgs/include/px4_msgs/px4_msgs/msg/detail/orb_test_medium__type_support.c\n'}
[3.466006] (px4_msgs) StdoutLine: {'line': b'-- Up-to-date: /home/rschnurr/SkyClaw-Team1/ros2_ws/install/px4_msgs/include/px4_msgs/px4_msgs/msg/detail/navigator_mission_item__type_support.c\n'}
[3.466051] (px4_msgs) StdoutLine: {'line': b'-- Up-to-date: /home/rschnurr/SkyClaw-Team1/ros2_ws/install/px4_msgs/include/px4_msgs/px4_msgs/msg/detail/generator_status__type_support.c\n'}
[3.466100] (px4_msgs) StdoutLine: {'line': b'-- Up-to-date: /home/rschnurr/SkyClaw-Team1/ros2_ws/install/px4_msgs/include/px4_msgs/px4_msgs/msg/detail/generator_status__rosidl_typesupport_introspection_c.h\n'}
[3.466411] (px4_msgs) StdoutLine: {'line': b'-- Up-to-date: /home/rschnurr/SkyClaw-Team1/ros2_ws/install/px4_msgs/include/px4_msgs/px4_msgs/msg/detail/gimbal_device_set_attitude__rosidl_typesupport_introspection_c.h\n'}
[3.466488] (px4_msgs) StdoutLine: {'line': b'-- Up-to-date: /home/rschnurr/SkyClaw-Team1/ros2_ws/install/px4_msgs/include/px4_msgs/px4_msgs/msg/detail/vehicle_air_data__rosidl_typesupport_introspection_c.h\n'}
[3.466560] (px4_msgs) StdoutLine: {'line': b'-- Up-to-date: /home/rschnurr/SkyClaw-Team1/ros2_ws/install/px4_msgs/include/px4_msgs/px4_msgs/msg/detail/estimator_states__rosidl_typesupport_introspection_c.h\n'}
[3.466610] (px4_msgs) StdoutLine: {'line': b'-- Up-to-date: /home/rschnurr/SkyClaw-Team1/ros2_ws/install/px4_msgs/include/px4_msgs/px4_msgs/msg/detail/internal_combustion_engine_status__rosidl_typesupport_introspection_c.h\n'}
[3.466659] (px4_msgs) StdoutLine: {'line': b'-- Up-to-date: /home/rschnurr/SkyClaw-Team1/ros2_ws/install/px4_msgs/include/px4_msgs/px4_msgs/msg/detail/takeoff_status__rosidl_typesupport_introspection_c.h\n'}
[3.466706] (px4_msgs) StdoutLine: {'line': b'-- Up-to-date: /home/rschnurr/SkyClaw-Team1/ros2_ws/install/px4_msgs/include/px4_msgs/px4_msgs/msg/detail/neural_control__type_support.c\n'}
[3.466751] (px4_msgs) StdoutLine: {'line': b'-- Up-to-date: /home/rschnurr/SkyClaw-Team1/ros2_ws/install/px4_msgs/include/px4_msgs/px4_msgs/msg/detail/vehicle_torque_setpoint__rosidl_typesupport_introspection_c.h\n'}
[3.467165] (px4_msgs) StdoutLine: {'line': b'-- Up-to-date: /home/rschnurr/SkyClaw-Team1/ros2_ws/install/px4_msgs/include/px4_msgs/px4_msgs/msg/detail/vehicle_rates_setpoint__type_support.c\n'}
[3.467487] (px4_msgs) StdoutLine: {'line': b'-- Up-to-date: /home/rschnurr/SkyClaw-Team1/ros2_ws/install/px4_msgs/include/px4_msgs/px4_msgs/msg/detail/telemetry_status__rosidl_typesupport_introspection_c.h\n'}
[3.467583] (px4_msgs) StdoutLine: {'line': b'-- Up-to-date: /home/rschnurr/SkyClaw-Team1/ros2_ws/install/px4_msgs/include/px4_msgs/px4_msgs/msg/detail/actuator_motors__type_support.c\n'}
[3.467896] (px4_msgs) StdoutLine: {'line': b'-- Up-to-date: /home/rschnurr/SkyClaw-Team1/ros2_ws/install/px4_msgs/include/px4_msgs/px4_msgs/msg/detail/debug_array__type_support.c\n'}
[3.467987] (px4_msgs) StdoutLine: {'line': b'-- Up-to-date: /home/rschnurr/SkyClaw-Team1/ros2_ws/install/px4_msgs/include/px4_msgs/px4_msgs/msg/detail/rover_speed_status__rosidl_typesupport_introspection_c.h\n'}
[3.468050] (px4_msgs) StdoutLine: {'line': b'-- Up-to-date: /home/rschnurr/SkyClaw-Team1/ros2_ws/install/px4_msgs/include/px4_msgs/px4_msgs/msg/detail/autotune_attitude_control_status__rosidl_typesupport_introspection_c.h\n'}
[3.468143] (px4_msgs) StdoutLine: {'line': b'-- Up-to-date: /home/rschnurr/SkyClaw-Team1/ros2_ws/install/px4_msgs/include/px4_msgs/px4_msgs/msg/detail/fixed_wing_runway_control__rosidl_typesupport_introspection_c.h\n'}
[3.468318] (px4_msgs) StdoutLine: {'line': b'-- Up-to-date: /home/rschnurr/SkyClaw-Team1/ros2_ws/install/px4_msgs/include/px4_msgs/px4_msgs/msg/detail/vehicle_acceleration__rosidl_typesupport_introspection_c.h\n'}
[3.468435] (px4_msgs) StdoutLine: {'line': b'-- Up-to-date: /home/rschnurr/SkyClaw-Team1/ros2_ws/install/px4_msgs/include/px4_msgs/px4_msgs/msg/detail/rtl_time_estimate__type_support.c\n'}
[3.468662] (px4_msgs) StdoutLine: {'line': b'-- Up-to-date: /home/rschnurr/SkyClaw-Team1/ros2_ws/install/px4_msgs/include/px4_msgs/px4_msgs/msg/detail/geofence_result__rosidl_typesupport_introspection_c.h\n'}
[3.469200] (px4_msgs) StdoutLine: {'line': b'-- Up-to-date: /home/rschnurr/SkyClaw-Team1/ros2_ws/install/px4_msgs/include/px4_msgs/px4_msgs/msg/detail/vehicle_thrust_setpoint__type_support.c\n'}
[3.469414] (px4_msgs) StdoutLine: {'line': b'-- Up-to-date: /home/rschnurr/SkyClaw-Team1/ros2_ws/install/px4_msgs/include/px4_msgs/px4_msgs/msg/detail/sensors_status_imu__rosidl_typesupport_introspection_c.h\n'}
[3.469580] (px4_msgs) StdoutLine: {'line': b'-- Up-to-date: /home/rschnurr/SkyClaw-Team1/ros2_ws/install/px4_msgs/include/px4_msgs/px4_msgs/msg/detail/sensor_accel__rosidl_typesupport_introspection_c.h\n'}
[3.469837] (px4_msgs) StdoutLine: {'line': b'-- Up-to-date: /home/rschnurr/SkyClaw-Team1/ros2_ws/install/px4_msgs/include/px4_msgs/px4_msgs/msg/detail/landing_gear__rosidl_typesupport_introspection_c.h\n'}
[3.470343] (px4_msgs) StdoutLine: {'line': b'-- Up-to-date: /home/rschnurr/SkyClaw-Team1/ros2_ws/install/px4_msgs/include/px4_msgs/px4_msgs/msg/detail/ulog_stream__rosidl_typesupport_introspection_c.h\n'}
[3.470845] (px4_msgs) StdoutLine: {'line': b'-- Up-to-date: /home/rschnurr/SkyClaw-Team1/ros2_ws/install/px4_msgs/include/px4_msgs/px4_msgs/msg/detail/actuator_servos_trim__rosidl_typesupport_introspection_c.h\n'}
[3.471707] (px4_msgs) StdoutLine: {'line': b'-- Up-to-date: /home/rschnurr/SkyClaw-Team1/ros2_ws/install/px4_msgs/include/px4_msgs/px4_msgs/msg/detail/sensor_gyro_fft__rosidl_typesupport_introspection_c.h\n'}
[3.472200] (px4_msgs) StdoutLine: {'line': b'-- Up-to-date: /home/rschnurr/SkyClaw-Team1/ros2_ws/install/px4_msgs/include/px4_msgs/px4_msgs/msg/detail/health_report__type_support.c\n'}
[3.472891] (px4_msgs) StdoutLine: {'line': b'-- Up-to-date: /home/rschnurr/SkyClaw-Team1/ros2_ws/install/px4_msgs/include/px4_msgs/px4_msgs/msg/detail/rpm__type_support.c\n'}
[3.473358] (px4_msgs) StdoutLine: {'line': b'-- Up-to-date: /home/rschnurr/SkyClaw-Team1/ros2_ws/install/px4_msgs/include/px4_msgs/px4_msgs/msg/detail/rover_attitude_setpoint__type_support.c\n'}
[3.473707] (px4_msgs) StdoutLine: {'line': b'-- Up-to-date: /home/rschnurr/SkyClaw-Team1/ros2_ws/install/px4_msgs/include/px4_msgs/px4_msgs/msg/detail/input_rc__type_support.c\n'}
[3.474116] (px4_msgs) StdoutLine: {'line': b'-- Up-to-date: /home/rschnurr/SkyClaw-Team1/ros2_ws/install/px4_msgs/include/px4_msgs/px4_msgs/msg/detail/manual_control_setpoint__rosidl_typesupport_introspection_c.h\n'}
[3.474478] (px4_msgs) StdoutLine: {'line': b'-- Up-to-date: /home/rschnurr/SkyClaw-Team1/ros2_ws/install/px4_msgs/include/px4_msgs/px4_msgs/msg/detail/estimator_gps_status__rosidl_typesupport_introspection_c.h\n'}
[3.474835] (px4_msgs) StdoutLine: {'line': b'-- Up-to-date: /home/rschnurr/SkyClaw-Team1/ros2_ws/install/px4_msgs/include/px4_msgs/px4_msgs/msg/detail/vehicle_angular_acceleration_setpoint__type_support.c\n'}
[3.475099] (px4_msgs) StdoutLine: {'line': b'-- Up-to-date: /home/rschnurr/SkyClaw-Team1/ros2_ws/install/px4_msgs/include/px4_msgs/px4_msgs/msg/detail/sensor_airflow__type_support.c\n'}
[3.475603] (px4_msgs) StdoutLine: {'line': b'-- Up-to-date: /home/rschnurr/SkyClaw-Team1/ros2_ws/install/px4_msgs/include/px4_msgs/px4_msgs/msg/detail/gpio_config__rosidl_typesupport_introspection_c.h\n'}
[3.475779] (px4_msgs) StdoutLine: {'line': b'-- Up-to-date: /home/rschnurr/SkyClaw-Team1/ros2_ws/install/px4_msgs/include/px4_msgs/px4_msgs/msg/detail/wind__rosidl_typesupport_introspection_c.h\n'}
[3.475876] (px4_msgs) StdoutLine: {'line': b'-- Up-to-date: /home/rschnurr/SkyClaw-Team1/ros2_ws/install/px4_msgs/include/px4_msgs/px4_msgs/msg/detail/vehicle_local_position__type_support.c\n'}
[3.475952] (px4_msgs) StdoutLine: {'line': b'-- Up-to-date: /home/rschnurr/SkyClaw-Team1/ros2_ws/install/px4_msgs/include/px4_msgs/px4_msgs/msg/detail/position_controller_status__type_support.c\n'}
[3.476025] (px4_msgs) StdoutLine: {'line': b'-- Up-to-date: /home/rschnurr/SkyClaw-Team1/ros2_ws/install/px4_msgs/include/px4_msgs/px4_msgs/msg/detail/message_format_request__rosidl_typesupport_introspection_c.h\n'}
[3.476097] (px4_msgs) StdoutLine: {'line': b'-- Up-to-date: /home/rschnurr/SkyClaw-Team1/ros2_ws/install/px4_msgs/include/px4_msgs/px4_msgs/msg/detail/open_drone_id_operator_id__type_support.c\n'}
[3.476166] (px4_msgs) StdoutLine: {'line': b'-- Up-to-date: /home/rschnurr/SkyClaw-Team1/ros2_ws/install/px4_msgs/include/px4_msgs/px4_msgs/msg/detail/vehicle_status__rosidl_typesupport_introspection_c.h\n'}
[3.476450] (px4_msgs) StdoutLine: {'line': b'-- Up-to-date: /home/rschnurr/SkyClaw-Team1/ros2_ws/install/px4_msgs/include/px4_msgs/px4_msgs/msg/detail/estimator_aid_source2d__type_support.c\n'}
[3.476572] (px4_msgs) StdoutLine: {'line': b'-- Up-to-date: /home/rschnurr/SkyClaw-Team1/ros2_ws/install/px4_msgs/include/px4_msgs/px4_msgs/msg/detail/rover_steering_setpoint__type_support.c\n'}
[3.476654] (px4_msgs) StdoutLine: {'line': b'-- Up-to-date: /home/rschnurr/SkyClaw-Team1/ros2_ws/install/px4_msgs/include/px4_msgs/px4_msgs/msg/detail/landing_target_innovations__type_support.c\n'}
[3.476762] (px4_msgs) StdoutLine: {'line': b'-- Up-to-date: /home/rschnurr/SkyClaw-Team1/ros2_ws/install/px4_msgs/include/px4_msgs/px4_msgs/msg/detail/vehicle_land_detected__type_support.c\n'}
[3.477172] (px4_msgs) StdoutLine: {'line': b'-- Up-to-date: /home/rschnurr/SkyClaw-Team1/ros2_ws/install/px4_msgs/include/px4_msgs/px4_msgs/msg/detail/distance_sensor__type_support.c\n'}
[3.477717] (px4_msgs) StdoutLine: {'line': b'-- Up-to-date: /home/rschnurr/SkyClaw-Team1/ros2_ws/install/px4_msgs/include/px4_msgs/px4_msgs/msg/detail/sensors_status__rosidl_typesupport_introspection_c.h\n'}
[3.477955] (px4_msgs) StdoutLine: {'line': b'-- Up-to-date: /home/rschnurr/SkyClaw-Team1/ros2_ws/install/px4_msgs/include/px4_msgs/px4_msgs/msg/detail/airspeed__rosidl_typesupport_introspection_c.h\n'}
[3.478057] (px4_msgs) StdoutLine: {'line': b'-- Up-to-date: /home/rschnurr/SkyClaw-Team1/ros2_ws/install/px4_msgs/include/px4_msgs/px4_msgs/msg/detail/logger_status__type_support.c\n'}
[3.478115] (px4_msgs) StdoutLine: {'line': b'-- Up-to-date: /home/rschnurr/SkyClaw-Team1/ros2_ws/install/px4_msgs/include/px4_msgs/px4_msgs/msg/detail/camera_trigger__rosidl_typesupport_introspection_c.h\n'}
[3.478173] (px4_msgs) StdoutLine: {'line': b'-- Up-to-date: /home/rschnurr/SkyClaw-Team1/ros2_ws/install/px4_msgs/include/px4_msgs/px4_msgs/msg/detail/estimator_gps_status__type_support.c\n'}
[3.478621] (px4_msgs) StdoutLine: {'line': b'-- Up-to-date: /home/rschnurr/SkyClaw-Team1/ros2_ws/install/px4_msgs/include/px4_msgs/px4_msgs/msg/detail/gpio_out__rosidl_typesupport_introspection_c.h\n'}
[3.478744] (px4_msgs) StdoutLine: {'line': b'-- Up-to-date: /home/rschnurr/SkyClaw-Team1/ros2_ws/install/px4_msgs/include/px4_msgs/px4_msgs/msg/detail/open_drone_id_system__rosidl_typesupport_introspection_c.h\n'}
[3.478806] (px4_msgs) StdoutLine: {'line': b'-- Up-to-date: /home/rschnurr/SkyClaw-Team1/ros2_ws/install/px4_msgs/include/px4_msgs/px4_msgs/msg/detail/estimator_bias__type_support.c\n'}
[3.478857] (px4_msgs) StdoutLine: {'line': b'-- Up-to-date: /home/rschnurr/SkyClaw-Team1/ros2_ws/install/px4_msgs/include/px4_msgs/px4_msgs/msg/detail/satellite_info__type_support.c\n'}
[3.479209] (px4_msgs) StdoutLine: {'line': b'-- Up-to-date: /home/rschnurr/SkyClaw-Team1/ros2_ws/install/px4_msgs/include/px4_msgs/px4_msgs/msg/detail/cpuload__rosidl_typesupport_introspection_c.h\n'}
[3.479605] (px4_msgs) StdoutLine: {'line': b'-- Up-to-date: /home/rschnurr/SkyClaw-Team1/ros2_ws/install/px4_msgs/include/px4_msgs/px4_msgs/msg/detail/parameter_reset_request__type_support.c\n'}
[3.479681] (px4_msgs) StdoutLine: {'line': b'-- Up-to-date: /home/rschnurr/SkyClaw-Team1/ros2_ws/install/px4_msgs/include/px4_msgs/px4_msgs/msg/detail/open_drone_id_self_id__type_support.c\n'}
[3.480032] (px4_msgs) StdoutLine: {'line': b'-- Up-to-date: /home/rschnurr/SkyClaw-Team1/ros2_ws/install/px4_msgs/include/px4_msgs/px4_msgs/msg/detail/gimbal_device_information__rosidl_typesupport_introspection_c.h\n'}
[3.480201] (px4_msgs) StdoutLine: {'line': b'-- Up-to-date: /home/rschnurr/SkyClaw-Team1/ros2_ws/install/px4_msgs/include/px4_msgs/px4_msgs/msg/detail/vehicle_imu_status__rosidl_typesupport_introspection_c.h\n'}
[3.480289] (px4_msgs) StdoutLine: {'line': b'-- Up-to-date: /home/rschnurr/SkyClaw-Team1/ros2_ws/install/px4_msgs/include/px4_msgs/px4_msgs/msg/detail/differential_pressure__type_support.c\n'}
[3.480365] (px4_msgs) StdoutLine: {'line': b'-- Up-to-date: /home/rschnurr/SkyClaw-Team1/ros2_ws/install/px4_msgs/include/px4_msgs/px4_msgs/msg/detail/timesync_status__rosidl_typesupport_introspection_c.h\n'}
[3.480457] (px4_msgs) StdoutLine: {'line': b'-- Up-to-date: /home/rschnurr/SkyClaw-Team1/ros2_ws/install/px4_msgs/include/px4_msgs/px4_msgs/msg/detail/fixed_wing_runway_control__type_support.c\n'}
[3.480528] (px4_msgs) StdoutLine: {'line': b'-- Up-to-date: /home/rschnurr/SkyClaw-Team1/ros2_ws/install/px4_msgs/include/px4_msgs/px4_msgs/msg/detail/parameter_set_used_request__type_support.c\n'}
[3.480971] (px4_msgs) StdoutLine: {'line': b'-- Up-to-date: /home/rschnurr/SkyClaw-Team1/ros2_ws/install/px4_msgs/include/px4_msgs/px4_msgs/msg/detail/figure_eight_status__rosidl_typesupport_introspection_c.h\n'}
[3.481203] (px4_msgs) StdoutLine: {'line': b'-- Up-to-date: /home/rschnurr/SkyClaw-Team1/ros2_ws/install/px4_msgs/include/px4_msgs/px4_msgs/msg/detail/qshell_req__rosidl_typesupport_introspection_c.h\n'}
[3.481311] (px4_msgs) StdoutLine: {'line': b'-- Up-to-date: /home/rschnurr/SkyClaw-Team1/ros2_ws/install/px4_msgs/include/px4_msgs/px4_msgs/msg/detail/gps_inject_data__type_support.c\n'}
[3.481391] (px4_msgs) StdoutLine: {'line': b'-- Up-to-date: /home/rschnurr/SkyClaw-Team1/ros2_ws/install/px4_msgs/include/px4_msgs/px4_msgs/msg/detail/navigator_status__type_support.c\n'}
[3.481855] (px4_msgs) StdoutLine: {'line': b'-- Up-to-date: /home/rschnurr/SkyClaw-Team1/ros2_ws/install/px4_msgs/include/px4_msgs/px4_msgs/msg/detail/sensor_preflight_mag__rosidl_typesupport_introspection_c.h\n'}
[3.482349] (px4_msgs) StdoutLine: {'line': b'-- Up-to-date: /home/rschnurr/SkyClaw-Team1/ros2_ws/install/px4_msgs/include/px4_msgs/px4_msgs/msg/detail/rover_attitude_status__type_support.c\n'}
[3.482474] (px4_msgs) StdoutLine: {'line': b'-- Up-to-date: /home/rschnurr/SkyClaw-Team1/ros2_ws/install/px4_msgs/include/px4_msgs/px4_msgs/msg/detail/vehicle_local_position_setpoint__type_support.c\n'}
[3.482866] (px4_msgs) StdoutLine: {'line': b'-- Up-to-date: /home/rschnurr/SkyClaw-Team1/ros2_ws/install/px4_msgs/include/px4_msgs/px4_msgs/msg/detail/vehicle_control_mode__rosidl_typesupport_introspection_c.h\n'}
[3.483003] (px4_msgs) StdoutLine: {'line': b'-- Up-to-date: /home/rschnurr/SkyClaw-Team1/ros2_ws/install/px4_msgs/include/px4_msgs/px4_msgs/msg/detail/power_monitor__rosidl_typesupport_introspection_c.h\n'}
[3.483173] (px4_msgs) StdoutLine: {'line': b'-- Up-to-date: /home/rschnurr/SkyClaw-Team1/ros2_ws/install/px4_msgs/include/px4_msgs/px4_msgs/msg/detail/gpio_request__rosidl_typesupport_introspection_c.h\n'}
[3.483238] (px4_msgs) StdoutLine: {'line': b'-- Up-to-date: /home/rschnurr/SkyClaw-Team1/ros2_ws/install/px4_msgs/include/px4_msgs/px4_msgs/msg/detail/gps_dump__rosidl_typesupport_introspection_c.h\n'}
[3.483298] (px4_msgs) StdoutLine: {'line': b'-- Up-to-date: /home/rschnurr/SkyClaw-Team1/ros2_ws/install/px4_msgs/include/px4_msgs/px4_msgs/msg/detail/estimator_aid_source3d__type_support.c\n'}
[3.483373] (px4_msgs) StdoutLine: {'line': b'-- Up-to-date: /home/rschnurr/SkyClaw-Team1/ros2_ws/install/px4_msgs/include/px4_msgs/px4_msgs/msg/detail/estimator_selector_status__type_support.c\n'}
[3.483678] (px4_msgs) StdoutLine: {'line': b'-- Up-to-date: /home/rschnurr/SkyClaw-Team1/ros2_ws/install/px4_msgs/include/px4_msgs/px4_msgs/msg/detail/gimbal_controls__type_support.c\n'}
[3.484168] (px4_msgs) StdoutLine: {'line': b'-- Up-to-date: /home/rschnurr/SkyClaw-Team1/ros2_ws/install/px4_msgs/include/px4_msgs/px4_msgs/msg/detail/health_report__rosidl_typesupport_introspection_c.h\n'}
[3.484519] (px4_msgs) StdoutLine: {'line': b'-- Up-to-date: /home/rschnurr/SkyClaw-Team1/ros2_ws/install/px4_msgs/include/px4_msgs/px4_msgs/msg/detail/uavcan_parameter_value__type_support.c\n'}
[3.485036] (px4_msgs) StdoutLine: {'line': b'-- Up-to-date: /home/rschnurr/SkyClaw-Team1/ros2_ws/install/px4_msgs/include/px4_msgs/px4_msgs/msg/detail/neural_control__rosidl_typesupport_introspection_c.h\n'}
[3.485242] (px4_msgs) StdoutLine: {'line': b'-- Up-to-date: /home/rschnurr/SkyClaw-Team1/ros2_ws/install/px4_msgs/include/px4_msgs/px4_msgs/msg/detail/mount_orientation__rosidl_typesupport_introspection_c.h\n'}
[3.485604] (px4_msgs) StdoutLine: {'line': b'-- Up-to-date: /home/rschnurr/SkyClaw-Team1/ros2_ws/install/px4_msgs/include/px4_msgs/px4_msgs/msg/detail/battery_status__type_support.c\n'}
[3.486084] (px4_msgs) StdoutLine: {'line': b'-- Up-to-date: /home/rschnurr/SkyClaw-Team1/ros2_ws/install/px4_msgs/include/px4_msgs/px4_msgs/msg/detail/actuator_servos_trim__type_support.c\n'}
[3.486407] (px4_msgs) StdoutLine: {'line': b'-- Up-to-date: /home/rschnurr/SkyClaw-Team1/ros2_ws/install/px4_msgs/include/px4_msgs/px4_msgs/msg/detail/button_event__type_support.c\n'}
[3.486806] (px4_msgs) StdoutLine: {'line': b'-- Up-to-date: /home/rschnurr/SkyClaw-Team1/ros2_ws/install/px4_msgs/include/px4_msgs/px4_msgs/msg/detail/camera_status__rosidl_typesupport_introspection_c.h\n'}
[3.487454] (px4_msgs) StdoutLine: {'line': b'-- Up-to-date: /home/rschnurr/SkyClaw-Team1/ros2_ws/install/px4_msgs/include/px4_msgs/px4_msgs/msg/detail/sensor_hygrometer__type_support.c\n'}
[3.487576] (px4_msgs) StdoutLine: {'line': b'-- Up-to-date: /home/rschnurr/SkyClaw-Team1/ros2_ws/install/px4_msgs/include/px4_msgs/px4_msgs/msg/detail/pure_pursuit_status__type_support.c\n'}
[3.487652] (px4_msgs) StdoutLine: {'line': b'-- Up-to-date: /home/rschnurr/SkyClaw-Team1/ros2_ws/install/px4_msgs/include/px4_msgs/px4_msgs/msg/detail/mag_worker_data__rosidl_typesupport_introspection_c.h\n'}
[3.487719] (px4_msgs) StdoutLine: {'line': b'-- Up-to-date: /home/rschnurr/SkyClaw-Team1/ros2_ws/install/px4_msgs/include/px4_msgs/px4_msgs/msg/detail/pps_capture__rosidl_typesupport_introspection_c.h\n'}
[3.487808] (px4_msgs) StdoutLine: {'line': b'-- Up-to-date: /home/rschnurr/SkyClaw-Team1/ros2_ws/install/px4_msgs/include/px4_msgs/px4_msgs/msg/detail/parameter_set_value_request__type_support.c\n'}
[3.488642] (px4_msgs) StdoutLine: {'line': b'-- Up-to-date: /home/rschnurr/SkyClaw-Team1/ros2_ws/install/px4_msgs/include/px4_msgs/px4_msgs/msg/detail/battery_info__rosidl_typesupport_introspection_c.h\n'}
[3.488822] (px4_msgs) StdoutLine: {'line': b'-- Up-to-date: /home/rschnurr/SkyClaw-Team1/ros2_ws/install/px4_msgs/include/px4_msgs/px4_msgs/msg/detail/sensor_optical_flow__type_support.c\n'}
[3.489048] (px4_msgs) StdoutLine: {'line': b'-- Up-to-date: /home/rschnurr/SkyClaw-Team1/ros2_ws/install/px4_msgs/include/px4_msgs/px4_msgs/msg/detail/estimator_bias__rosidl_typesupport_introspection_c.h\n'}
[3.489219] (px4_msgs) StdoutLine: {'line': b'-- Up-to-date: /home/rschnurr/SkyClaw-Team1/ros2_ws/install/px4_msgs/include/px4_msgs/px4_msgs/msg/detail/position_setpoint_triplet__type_support.c\n'}
[3.489534] (px4_msgs) StdoutLine: {'line': b'-- Up-to-date: /home/rschnurr/SkyClaw-Team1/ros2_ws/install/px4_msgs/include/px4_msgs/px4_msgs/msg/detail/rtl_status__type_support.c\n'}
[3.489925] (px4_msgs) StdoutLine: {'line': b'-- Up-to-date: /home/rschnurr/SkyClaw-Team1/ros2_ws/install/px4_msgs/include/px4_msgs/px4_msgs/msg/detail/task_stack_info__rosidl_typesupport_introspection_c.h\n'}
[3.490517] (px4_msgs) StdoutLine: {'line': b'-- Up-to-date: /home/rschnurr/SkyClaw-Team1/ros2_ws/install/px4_msgs/include/px4_msgs/px4_msgs/msg/detail/trajectory_setpoint6dof__type_support.c\n'}
[3.491031] (px4_msgs) StdoutLine: {'line': b'-- Up-to-date: /home/rschnurr/SkyClaw-Team1/ros2_ws/install/px4_msgs/include/px4_msgs/px4_msgs/msg/detail/distance_sensor_mode_change_request__rosidl_typesupport_introspection_c.h\n'}
[3.491651] (px4_msgs) StdoutLine: {'line': b'-- Up-to-date: /home/rschnurr/SkyClaw-Team1/ros2_ws/install/px4_msgs/include/px4_msgs/px4_msgs/msg/detail/orb_test__rosidl_typesupport_introspection_c.h\n'}
[3.491918] (px4_msgs) StdoutLine: {'line': b'-- Up-to-date: /home/rschnurr/SkyClaw-Team1/ros2_ws/install/px4_msgs/include/px4_msgs/px4_msgs/msg/detail/failure_detector_status__rosidl_typesupport_introspection_c.h\n'}
[3.492156] (px4_msgs) StdoutLine: {'line': b'-- Up-to-date: /home/rschnurr/SkyClaw-Team1/ros2_ws/install/px4_msgs/include/px4_msgs/px4_msgs/msg/detail/camera_capture__rosidl_typesupport_introspection_c.h\n'}
[3.492393] (px4_msgs) StdoutLine: {'line': b'-- Up-to-date: /home/rschnurr/SkyClaw-Team1/ros2_ws/install/px4_msgs/include/px4_msgs/px4_msgs/msg/detail/vehicle_local_position_setpoint__rosidl_typesupport_introspection_c.h\n'}
[3.492635] (px4_msgs) StdoutLine: {'line': b'-- Up-to-date: /home/rschnurr/SkyClaw-Team1/ros2_ws/install/px4_msgs/include/px4_msgs/px4_msgs/msg/detail/failsafe_flags__rosidl_typesupport_introspection_c.h\n'}
[3.492862] (px4_msgs) StdoutLine: {'line': b'-- Up-to-date: /home/rschnurr/SkyClaw-Team1/ros2_ws/install/px4_msgs/include/px4_msgs/px4_msgs/msg/detail/wind__type_support.c\n'}
[3.493064] (px4_msgs) StdoutLine: {'line': b'-- Up-to-date: /home/rschnurr/SkyClaw-Team1/ros2_ws/install/px4_msgs/include/px4_msgs/px4_msgs/msg/detail/mission_result__rosidl_typesupport_introspection_c.h\n'}
[3.493248] (px4_msgs) StdoutLine: {'line': b'-- Up-to-date: /home/rschnurr/SkyClaw-Team1/ros2_ws/install/px4_msgs/include/px4_msgs/px4_msgs/msg/detail/internal_combustion_engine_status__type_support.c\n'}
[3.493708] (px4_msgs) StdoutLine: {'line': b'-- Up-to-date: /home/rschnurr/SkyClaw-Team1/ros2_ws/install/px4_msgs/include/px4_msgs/px4_msgs/msg/detail/dronecan_node_status__type_support.c\n'}
[3.493931] (px4_msgs) StdoutLine: {'line': b'-- Up-to-date: /home/rschnurr/SkyClaw-Team1/ros2_ws/install/px4_msgs/include/px4_msgs/px4_msgs/msg/detail/estimator_states__type_support.c\n'}
[3.494304] (px4_msgs) StdoutLine: {'line': b'-- Up-to-date: /home/rschnurr/SkyClaw-Team1/ros2_ws/install/px4_msgs/include/px4_msgs/px4_msgs/msg/detail/tiltrotor_extra_controls__type_support.c\n'}
[3.494573] (px4_msgs) StdoutLine: {'line': b'-- Up-to-date: /home/rschnurr/SkyClaw-Team1/ros2_ws/install/px4_msgs/include/px4_msgs/px4_msgs/msg/detail/irlock_report__type_support.c\n'}
[3.494648] (px4_msgs) StdoutLine: {'line': b'-- Up-to-date: /home/rschnurr/SkyClaw-Team1/ros2_ws/install/px4_msgs/include/px4_msgs/px4_msgs/msg/detail/rover_speed_setpoint__type_support.c\n'}
[3.494797] (px4_msgs) StdoutLine: {'line': b'-- Up-to-date: /home/rschnurr/SkyClaw-Team1/ros2_ws/install/px4_msgs/include/px4_msgs/px4_msgs/msg/detail/debug_value__rosidl_typesupport_introspection_c.h\n'}
[3.494881] (px4_msgs) StdoutLine: {'line': b'-- Up-to-date: /home/rschnurr/SkyClaw-Team1/ros2_ws/install/px4_msgs/include/px4_msgs/px4_msgs/msg/detail/follow_target__type_support.c\n'}
[3.494956] (px4_msgs) StdoutLine: {'line': b'-- Up-to-date: /home/rschnurr/SkyClaw-Team1/ros2_ws/install/px4_msgs/include/px4_msgs/px4_msgs/msg/detail/debug_key_value__type_support.c\n'}
[3.495006] (px4_msgs) StdoutLine: {'line': b'-- Up-to-date: /home/rschnurr/SkyClaw-Team1/ros2_ws/install/px4_msgs/include/px4_msgs/px4_msgs/msg/detail/gimbal_device_attitude_status__type_support.c\n'}
[3.495080] (px4_msgs) StdoutLine: {'line': b'-- Up-to-date: /home/rschnurr/SkyClaw-Team1/ros2_ws/install/px4_msgs/include/px4_msgs/px4_msgs/msg/detail/sensor_baro__rosidl_typesupport_introspection_c.h\n'}
[3.495436] (px4_msgs) StdoutLine: {'line': b'-- Up-to-date: /home/rschnurr/SkyClaw-Team1/ros2_ws/install/px4_msgs/include/px4_msgs/px4_msgs/msg/detail/orb_test_medium__rosidl_typesupport_introspection_c.h\n'}
[3.495511] (px4_msgs) StdoutLine: {'line': b'-- Up-to-date: /home/rschnurr/SkyClaw-Team1/ros2_ws/install/px4_msgs/include/px4_msgs/px4_msgs/msg/detail/vtol_vehicle_status__type_support.c\n'}
[3.495566] (px4_msgs) StdoutLine: {'line': b'-- Up-to-date: /home/rschnurr/SkyClaw-Team1/ros2_ws/install/px4_msgs/include/px4_msgs/px4_msgs/msg/detail/arming_check_request__type_support.c\n'}
[3.495616] (px4_msgs) StdoutLine: {'line': b'-- Up-to-date: /home/rschnurr/SkyClaw-Team1/ros2_ws/install/px4_msgs/include/px4_msgs/px4_msgs/msg/detail/vehicle_attitude_setpoint__type_support.c\n'}
[3.495670] (px4_msgs) StdoutLine: {'line': b'-- Up-to-date: /home/rschnurr/SkyClaw-Team1/ros2_ws/install/px4_msgs/include/px4_msgs/px4_msgs/msg/detail/transponder_report__type_support.c\n'}
[3.495716] (px4_msgs) StdoutLine: {'line': b'-- Up-to-date: /home/rschnurr/SkyClaw-Team1/ros2_ws/install/px4_msgs/include/px4_msgs/px4_msgs/msg/detail/actuator_controls_status__rosidl_typesupport_introspection_c.h\n'}
[3.495943] (px4_msgs) StdoutLine: {'line': b'-- Up-to-date: /home/rschnurr/SkyClaw-Team1/ros2_ws/install/px4_msgs/include/px4_msgs/px4_msgs/msg/detail/landing_target_pose__type_support.c\n'}
[3.496499] (px4_msgs) StdoutLine: {'line': b'-- Up-to-date: /home/rschnurr/SkyClaw-Team1/ros2_ws/install/px4_msgs/include/px4_msgs/px4_msgs/msg/detail/follow_target__rosidl_typesupport_introspection_c.h\n'}
[3.496689] (px4_msgs) StdoutLine: {'line': b'-- Up-to-date: /home/rschnurr/SkyClaw-Team1/ros2_ws/install/px4_msgs/include/px4_msgs/px4_msgs/msg/detail/message_format_response__type_support.c\n'}
[3.496957] (px4_msgs) StdoutLine: {'line': b'-- Up-to-date: /home/rschnurr/SkyClaw-Team1/ros2_ws/install/px4_msgs/include/px4_msgs/px4_msgs/msg/detail/gpio_in__type_support.c\n'}
[3.497344] (px4_msgs) StdoutLine: {'line': b'-- Up-to-date: /home/rschnurr/SkyClaw-Team1/ros2_ws/install/px4_msgs/include/px4_msgs/px4_msgs/msg/detail/rover_throttle_setpoint__type_support.c\n'}
[3.497760] (px4_msgs) StdoutLine: {'line': b'-- Up-to-date: /home/rschnurr/SkyClaw-Team1/ros2_ws/install/px4_msgs/include/px4_msgs/px4_msgs/msg/detail/uavcan_parameter_request__type_support.c\n'}
[3.498101] (px4_msgs) StdoutLine: {'line': b'-- Up-to-date: /home/rschnurr/SkyClaw-Team1/ros2_ws/install/px4_msgs/include/px4_msgs/px4_msgs/msg/detail/collision_constraints__rosidl_typesupport_introspection_c.h\n'}
[3.498643] (px4_msgs) StdoutLine: {'line': b'-- Up-to-date: /home/rschnurr/SkyClaw-Team1/ros2_ws/install/px4_msgs/include/px4_msgs/px4_msgs/msg/detail/orb_test_large__type_support.c\n'}
[3.498917] (px4_msgs) StdoutLine: {'line': b'-- Up-to-date: /home/rschnurr/SkyClaw-Team1/ros2_ws/install/px4_msgs/include/px4_msgs/px4_msgs/msg/detail/parameter_set_value_response__rosidl_typesupport_introspection_c.h\n'}
[3.499584] (px4_msgs) StdoutLine: {'line': b'-- Up-to-date: /home/rschnurr/SkyClaw-Team1/ros2_ws/install/px4_msgs/include/px4_msgs/px4_msgs/msg/detail/estimator_sensor_bias__rosidl_typesupport_introspection_c.h\n'}
[3.499731] (px4_msgs) StdoutLine: {'line': b'-- Up-to-date: /home/rschnurr/SkyClaw-Team1/ros2_ws/install/px4_msgs/include/px4_msgs/px4_msgs/msg/detail/sensor_gyro_fft__type_support.c\n'}
[3.499812] (px4_msgs) StdoutLine: {'line': b'-- Up-to-date: /home/rschnurr/SkyClaw-Team1/ros2_ws/install/px4_msgs/include/px4_msgs/px4_msgs/msg/detail/rover_throttle_setpoint__rosidl_typesupport_introspection_c.h\n'}
[3.499885] (px4_msgs) StdoutLine: {'line': b'-- Up-to-date: /home/rschnurr/SkyClaw-Team1/ros2_ws/install/px4_msgs/include/px4_msgs/px4_msgs/msg/detail/vehicle_attitude_setpoint__rosidl_typesupport_introspection_c.h\n'}
[3.499936] (px4_msgs) StdoutLine: {'line': b'-- Up-to-date: /home/rschnurr/SkyClaw-Team1/ros2_ws/install/px4_msgs/include/px4_msgs/px4_msgs/msg/detail/gimbal_manager_set_manual_control__type_support.c\n'}
[3.500159] (px4_msgs) StdoutLine: {'line': b'-- Up-to-date: /home/rschnurr/SkyClaw-Team1/ros2_ws/install/px4_msgs/include/px4_msgs/px4_msgs/msg/detail/vehicle_angular_acceleration_setpoint__rosidl_typesupport_introspection_c.h\n'}
[3.501074] (px4_msgs) StdoutLine: {'line': b'-- Up-to-date: /home/rschnurr/SkyClaw-Team1/ros2_ws/install/px4_msgs/include/px4_msgs/px4_msgs/msg/detail/pps_capture__type_support.c\n'}
[3.501257] (px4_msgs) StdoutLine: {'line': b'-- Up-to-date: /home/rschnurr/SkyClaw-Team1/ros2_ws/install/px4_msgs/include/px4_msgs/px4_msgs/msg/detail/rover_steering_setpoint__rosidl_typesupport_introspection_c.h\n'}
[3.501433] (px4_msgs) StdoutLine: {'line': b'-- Up-to-date: /home/rschnurr/SkyClaw-Team1/ros2_ws/install/px4_msgs/include/px4_msgs/px4_msgs/msg/detail/can_interface_status__rosidl_typesupport_introspection_c.h\n'}
[3.501876] (px4_msgs) StdoutLine: {'line': b'-- Up-to-date: /home/rschnurr/SkyClaw-Team1/ros2_ws/install/px4_msgs/include/px4_msgs/px4_msgs/msg/detail/config_overrides__type_support.c\n'}
[3.502340] (px4_msgs) StdoutLine: {'line': b'-- Up-to-date: /home/rschnurr/SkyClaw-Team1/ros2_ws/install/px4_msgs/include/px4_msgs/px4_msgs/msg/detail/magnetometer_bias_estimate__type_support.c\n'}
[3.502468] (px4_msgs) StdoutLine: {'line': b'-- Up-to-date: /home/rschnurr/SkyClaw-Team1/ros2_ws/install/px4_msgs/include/px4_msgs/px4_msgs/msg/detail/gimbal_manager_status__type_support.c\n'}
[3.502782] (px4_msgs) StdoutLine: {'line': b'-- Up-to-date: /home/rschnurr/SkyClaw-Team1/ros2_ws/install/px4_msgs/include/px4_msgs/px4_msgs/msg/detail/trajectory_setpoint6dof__rosidl_typesupport_introspection_c.h\n'}
[3.502885] (px4_msgs) StdoutLine: {'line': b'-- Up-to-date: /home/rschnurr/SkyClaw-Team1/ros2_ws/install/px4_msgs/include/px4_msgs/px4_msgs/msg/detail/estimator_status_flags__rosidl_typesupport_introspection_c.h\n'}
[3.502948] (px4_msgs) StdoutLine: {'line': b'-- Up-to-date: /home/rschnurr/SkyClaw-Team1/ros2_ws/install/px4_msgs/include/px4_msgs/px4_msgs/msg/detail/vehicle_command_ack__type_support.c\n'}
[3.503001] (px4_msgs) StdoutLine: {'line': b'-- Up-to-date: /home/rschnurr/SkyClaw-Team1/ros2_ws/install/px4_msgs/include/px4_msgs/px4_msgs/msg/detail/camera_status__type_support.c\n'}
[3.503414] (px4_msgs) StdoutLine: {'line': b'-- Up-to-date: /home/rschnurr/SkyClaw-Team1/ros2_ws/install/px4_msgs/include/px4_msgs/px4_msgs/msg/detail/uavcan_parameter_request__rosidl_typesupport_introspection_c.h\n'}
[3.503575] (px4_msgs) StdoutLine: {'line': b'-- Up-to-date: /home/rschnurr/SkyClaw-Team1/ros2_ws/install/px4_msgs/include/px4_msgs/px4_msgs/msg/detail/open_drone_id_arm_status__type_support.c\n'}
[3.503751] (px4_msgs) StdoutLine: {'line': b'-- Up-to-date: /home/rschnurr/SkyClaw-Team1/ros2_ws/install/px4_msgs/include/px4_msgs/px4_msgs/msg/detail/sensor_gnss_relative__rosidl_typesupport_introspection_c.h\n'}
[3.503913] (px4_msgs) StdoutLine: {'line': b'-- Up-to-date: /home/rschnurr/SkyClaw-Team1/ros2_ws/install/px4_msgs/include/px4_msgs/px4_msgs/msg/detail/velocity_limits__type_support.c\n'}
[3.504199] (px4_msgs) StdoutLine: {'line': b'-- Up-to-date: /home/rschnurr/SkyClaw-Team1/ros2_ws/install/px4_msgs/include/px4_msgs/px4_msgs/msg/detail/geofence_status__rosidl_typesupport_introspection_c.h\n'}
[3.504901] (px4_msgs) StdoutLine: {'line': b'-- Up-to-date: /home/rschnurr/SkyClaw-Team1/ros2_ws/install/px4_msgs/include/px4_msgs/px4_msgs/msg/detail/register_ext_component_reply__type_support.c\n'}
[3.505696] (px4_msgs) StdoutLine: {'line': b'-- Up-to-date: /home/rschnurr/SkyClaw-Team1/ros2_ws/install/px4_msgs/include/px4_msgs/px4_msgs/msg/detail/mavlink_tunnel__type_support.c\n'}
[3.506045] (px4_msgs) StdoutLine: {'line': b'-- Up-to-date: /home/rschnurr/SkyClaw-Team1/ros2_ws/install/px4_msgs/include/px4_msgs/px4_msgs/msg/detail/rtl_status__rosidl_typesupport_introspection_c.h\n'}
[3.506369] (px4_msgs) StdoutLine: {'line': b'-- Up-to-date: /home/rschnurr/SkyClaw-Team1/ros2_ws/install/px4_msgs/include/px4_msgs/px4_msgs/msg/detail/rc_channels__rosidl_typesupport_introspection_c.h\n'}
[3.506793] (px4_msgs) StdoutLine: {'line': b'-- Up-to-date: /home/rschnurr/SkyClaw-Team1/ros2_ws/install/px4_msgs/include/px4_msgs/px4_msgs/msg/detail/offboard_control_mode__rosidl_typesupport_introspection_c.h\n'}
[3.507067] (px4_msgs) StdoutLine: {'line': b'-- Up-to-date: /home/rschnurr/SkyClaw-Team1/ros2_ws/install/px4_msgs/include/px4_msgs/px4_msgs/msg/detail/vehicle_angular_velocity__rosidl_typesupport_introspection_c.h\n'}
[3.507733] (px4_msgs) StdoutLine: {'line': b'-- Up-to-date: /home/rschnurr/SkyClaw-Team1/ros2_ws/install/px4_msgs/include/px4_msgs/px4_msgs/msg/detail/actuator_armed__rosidl_typesupport_introspection_c.h\n'}
[3.507828] (px4_msgs) StdoutLine: {'line': b'-- Up-to-date: /home/rschnurr/SkyClaw-Team1/ros2_ws/install/px4_msgs/include/px4_msgs/px4_msgs/msg/detail/orbit_status__rosidl_typesupport_introspection_c.h\n'}
[3.508146] (px4_msgs) StdoutLine: {'line': b'-- Up-to-date: /home/rschnurr/SkyClaw-Team1/ros2_ws/install/px4_msgs/include/px4_msgs/px4_msgs/msg/detail/sensor_correction__type_support.c\n'}
[3.508574] (px4_msgs) StdoutLine: {'line': b'-- Up-to-date: /home/rschnurr/SkyClaw-Team1/ros2_ws/install/px4_msgs/include/px4_msgs/px4_msgs/msg/detail/px4io_status__rosidl_typesupport_introspection_c.h\n'}
[3.509025] (px4_msgs) StdoutLine: {'line': b'-- Up-to-date: /home/rschnurr/SkyClaw-Team1/ros2_ws/install/px4_msgs/include/px4_msgs/px4_msgs/msg/detail/open_drone_id_system__type_support.c\n'}
[3.509528] (px4_msgs) StdoutLine: {'line': b'-- Up-to-date: /home/rschnurr/SkyClaw-Team1/ros2_ws/install/px4_msgs/include/px4_msgs/px4_msgs/msg/detail/radio_status__rosidl_typesupport_introspection_c.h\n'}
[3.509650] (px4_msgs) StdoutLine: {'line': b'-- Up-to-date: /home/rschnurr/SkyClaw-Team1/ros2_ws/install/px4_msgs/include/px4_msgs/px4_msgs/msg/detail/mission__type_support.c\n'}
[3.509713] (px4_msgs) StdoutLine: {'line': b'-- Up-to-date: /home/rschnurr/SkyClaw-Team1/ros2_ws/install/px4_msgs/include/px4_msgs/px4_msgs/msg/detail/cellular_status__type_support.c\n'}
[3.509766] (px4_msgs) StdoutLine: {'line': b'-- Up-to-date: /home/rschnurr/SkyClaw-Team1/ros2_ws/install/px4_msgs/include/px4_msgs/px4_msgs/msg/detail/navigator_mission_item__rosidl_typesupport_introspection_c.h\n'}
[3.509817] (px4_msgs) StdoutLine: {'line': b'-- Up-to-date: /home/rschnurr/SkyClaw-Team1/ros2_ws/install/px4_msgs/include/px4_msgs/px4_msgs/msg/detail/tune_control__rosidl_typesupport_introspection_c.h\n'}
[3.510352] (px4_msgs) StdoutLine: {'line': b'-- Up-to-date: /home/rschnurr/SkyClaw-Team1/ros2_ws/install/px4_msgs/include/px4_msgs/px4_msgs/msg/detail/landing_target_pose__rosidl_typesupport_introspection_c.h\n'}
[3.510486] (px4_msgs) StdoutLine: {'line': b'-- Up-to-date: /home/rschnurr/SkyClaw-Team1/ros2_ws/install/px4_msgs/include/px4_msgs/px4_msgs/msg/detail/dronecan_node_status__rosidl_typesupport_introspection_c.h\n'}
[3.510547] (px4_msgs) StdoutLine: {'line': b'-- Up-to-date: /home/rschnurr/SkyClaw-Team1/ros2_ws/install/px4_msgs/include/px4_msgs/px4_msgs/msg/detail/landing_gear__type_support.c\n'}
[3.510599] (px4_msgs) StdoutLine: {'line': b'-- Up-to-date: /home/rschnurr/SkyClaw-Team1/ros2_ws/install/px4_msgs/include/px4_msgs/px4_msgs/msg/detail/px4io_status__type_support.c\n'}
[3.510647] (px4_msgs) StdoutLine: {'line': b'-- Up-to-date: /home/rschnurr/SkyClaw-Team1/ros2_ws/install/px4_msgs/include/px4_msgs/px4_msgs/msg/detail/longitudinal_control_configuration__type_support.c\n'}
[3.510695] (px4_msgs) StdoutLine: {'line': b'-- Up-to-date: /home/rschnurr/SkyClaw-Team1/ros2_ws/install/px4_msgs/include/px4_msgs/px4_msgs/msg/detail/esc_report__type_support.c\n'}
[3.510746] (px4_msgs) StdoutLine: {'line': b'-- Up-to-date: /home/rschnurr/SkyClaw-Team1/ros2_ws/install/px4_msgs/include/px4_msgs/px4_msgs/msg/detail/fixed_wing_longitudinal_setpoint__type_support.c\n'}
[3.510793] (px4_msgs) StdoutLine: {'line': b'-- Up-to-date: /home/rschnurr/SkyClaw-Team1/ros2_ws/install/px4_msgs/include/px4_msgs/px4_msgs/msg/detail/airspeed_validated__type_support.c\n'}
[3.510839] (px4_msgs) StdoutLine: {'line': b'-- Up-to-date: /home/rschnurr/SkyClaw-Team1/ros2_ws/install/px4_msgs/include/px4_msgs/px4_msgs/msg/detail/failsafe_flags__type_support.c\n'}
[3.510886] (px4_msgs) StdoutLine: {'line': b'-- Up-to-date: /home/rschnurr/SkyClaw-Team1/ros2_ws/install/px4_msgs/include/px4_msgs/px4_msgs/msg/detail/actuator_motors__rosidl_typesupport_introspection_c.h\n'}
[3.510931] (px4_msgs) StdoutLine: {'line': b'-- Up-to-date: /home/rschnurr/SkyClaw-Team1/ros2_ws/install/px4_msgs/include/px4_msgs/px4_msgs/msg/detail/log_message__rosidl_typesupport_introspection_c.h\n'}
[3.510977] (px4_msgs) StdoutLine: {'line': b'-- Up-to-date: /home/rschnurr/SkyClaw-Team1/ros2_ws/install/px4_msgs/include/px4_msgs/px4_msgs/msg/detail/sensor_uwb__rosidl_typesupport_introspection_c.h\n'}
[3.511022] (px4_msgs) StdoutLine: {'line': b'-- Up-to-date: /home/rschnurr/SkyClaw-Team1/ros2_ws/install/px4_msgs/include/px4_msgs/px4_msgs/msg/detail/config_overrides__rosidl_typesupport_introspection_c.h\n'}
[3.511086] (px4_msgs) StdoutLine: {'line': b'-- Up-to-date: /home/rschnurr/SkyClaw-Team1/ros2_ws/install/px4_msgs/include/px4_msgs/px4_msgs/msg/detail/fixed_wing_lateral_setpoint__rosidl_typesupport_introspection_c.h\n'}
[3.511133] (px4_msgs) StdoutLine: {'line': b'-- Up-to-date: /home/rschnurr/SkyClaw-Team1/ros2_ws/install/px4_msgs/include/px4_msgs/px4_msgs/msg/detail/estimator_event_flags__rosidl_typesupport_introspection_c.h\n'}
[3.511485] (px4_msgs) StdoutLine: {'line': b'-- Up-to-date: /home/rschnurr/SkyClaw-Team1/ros2_ws/install/px4_msgs/include/px4_msgs/px4_msgs/msg/detail/ulog_stream__type_support.c\n'}
[3.511855] (px4_msgs) StdoutLine: {'line': b'-- Up-to-date: /home/rschnurr/SkyClaw-Team1/ros2_ws/install/px4_msgs/include/px4_msgs/px4_msgs/msg/detail/airspeed__type_support.c\n'}
[3.512366] (px4_msgs) StdoutLine: {'line': b'-- Up-to-date: /home/rschnurr/SkyClaw-Team1/ros2_ws/install/px4_msgs/include/px4_msgs/px4_msgs/msg/detail/vehicle_global_position__type_support.c\n'}
[3.512541] (px4_msgs) StdoutLine: {'line': b'-- Up-to-date: /home/rschnurr/SkyClaw-Team1/ros2_ws/install/px4_msgs/include/px4_msgs/px4_msgs/msg/detail/rover_rate_setpoint__rosidl_typesupport_introspection_c.h\n'}
[3.512639] (px4_msgs) StdoutLine: {'line': b'-- Up-to-date: /home/rschnurr/SkyClaw-Team1/ros2_ws/install/px4_msgs/include/px4_msgs/px4_msgs/msg/detail/vehicle_optical_flow_vel__type_support.c\n'}
[3.512714] (px4_msgs) StdoutLine: {'line': b'-- Up-to-date: /home/rschnurr/SkyClaw-Team1/ros2_ws/install/px4_msgs/include/px4_msgs/px4_msgs/msg/detail/hover_thrust_estimate__rosidl_typesupport_introspection_c.h\n'}
[3.512788] (px4_msgs) StdoutLine: {'line': b'-- Up-to-date: /home/rschnurr/SkyClaw-Team1/ros2_ws/install/px4_msgs/include/px4_msgs/px4_msgs/msg/detail/esc_status__type_support.c\n'}
[3.512874] (px4_msgs) StdoutLine: {'line': b'-- Up-to-date: /home/rschnurr/SkyClaw-Team1/ros2_ws/install/px4_msgs/include/px4_msgs/px4_msgs/msg/detail/figure_eight_status__type_support.c\n'}
[3.513361] (px4_msgs) StdoutLine: {'line': b'-- Up-to-date: /home/rschnurr/SkyClaw-Team1/ros2_ws/install/px4_msgs/include/px4_msgs/px4_msgs/msg/detail/internal_combustion_engine_control__rosidl_typesupport_introspection_c.h\n'}
[3.514030] (px4_msgs) StdoutLine: {'line': b'-- Up-to-date: /home/rschnurr/SkyClaw-Team1/ros2_ws/install/px4_msgs/include/px4_msgs/px4_msgs/msg/detail/debug_array__rosidl_typesupport_introspection_c.h\n'}
[3.514447] (px4_msgs) StdoutLine: {'line': b'-- Up-to-date: /home/rschnurr/SkyClaw-Team1/ros2_ws/install/px4_msgs/lib/libpx4_msgs__rosidl_typesupport_introspection_c.so\n'}
[3.514865] (px4_msgs) StdoutLine: {'line': b'-- Up-to-date: /home/rschnurr/SkyClaw-Team1/ros2_ws/install/px4_msgs/lib/libpx4_msgs__rosidl_typesupport_c.so\n'}
[3.515351] (px4_msgs) StdoutLine: {'line': b'-- Up-to-date: /home/rschnurr/SkyClaw-Team1/ros2_ws/install/px4_msgs/include/px4_msgs/px4_msgs\n'}
[3.515710] (px4_msgs) StdoutLine: {'line': b'-- Up-to-date: /home/rschnurr/SkyClaw-Team1/ros2_ws/install/px4_msgs/include/px4_msgs/px4_msgs/srv\n'}
[3.515830] (px4_msgs) StdoutLine: {'line': b'-- Up-to-date: /home/rschnurr/SkyClaw-Team1/ros2_ws/install/px4_msgs/include/px4_msgs/px4_msgs/srv/detail\n'}
[3.516157] (px4_msgs) StdoutLine: {'line': b'-- Up-to-date: /home/rschnurr/SkyClaw-Team1/ros2_ws/install/px4_msgs/include/px4_msgs/px4_msgs/srv/detail/vehicle_command__rosidl_typesupport_introspection_cpp.hpp\n'}
[3.516562] (px4_msgs) StdoutLine: {'line': b'-- Up-to-date: /home/rschnurr/SkyClaw-Team1/ros2_ws/install/px4_msgs/include/px4_msgs/px4_msgs/srv/detail/vehicle_command__type_support.cpp\n'}
[3.516974] (px4_msgs) StdoutLine: {'line': b'-- Up-to-date: /home/rschnurr/SkyClaw-Team1/ros2_ws/install/px4_msgs/include/px4_msgs/px4_msgs/msg\n'}
[3.517337] (px4_msgs) StdoutLine: {'line': b'-- Up-to-date: /home/rschnurr/SkyClaw-Team1/ros2_ws/install/px4_msgs/include/px4_msgs/px4_msgs/msg/detail\n'}
[3.517775] (px4_msgs) StdoutLine: {'line': b'-- Up-to-date: /home/rschnurr/SkyClaw-Team1/ros2_ws/install/px4_msgs/include/px4_msgs/px4_msgs/msg/detail/longitudinal_control_configuration__rosidl_typesupport_introspection_cpp.hpp\n'}
[3.518100] (px4_msgs) StdoutLine: {'line': b'-- Up-to-date: /home/rschnurr/SkyClaw-Team1/ros2_ws/install/px4_msgs/include/px4_msgs/px4_msgs/msg/detail/geofence_status__type_support.cpp\n'}
[3.518496] (px4_msgs) StdoutLine: {'line': b'-- Up-to-date: /home/rschnurr/SkyClaw-Team1/ros2_ws/install/px4_msgs/include/px4_msgs/px4_msgs/msg/detail/estimator_status_flags__rosidl_typesupport_introspection_cpp.hpp\n'}
[3.518840] (px4_msgs) StdoutLine: {'line': b'-- Up-to-date: /home/rschnurr/SkyClaw-Team1/ros2_ws/install/px4_msgs/include/px4_msgs/px4_msgs/msg/detail/magnetometer_bias_estimate__type_support.cpp\n'}
[3.519367] (px4_msgs) StdoutLine: {'line': b'-- Up-to-date: /home/rschnurr/SkyClaw-Team1/ros2_ws/install/px4_msgs/include/px4_msgs/px4_msgs/msg/detail/hover_thrust_estimate__rosidl_typesupport_introspection_cpp.hpp\n'}
[3.519776] (px4_msgs) StdoutLine: {'line': b'-- Up-to-date: /home/rschnurr/SkyClaw-Team1/ros2_ws/install/px4_msgs/include/px4_msgs/px4_msgs/msg/detail/rover_rate_status__type_support.cpp\n'}
[3.520301] (px4_msgs) StdoutLine: {'line': b'-- Up-to-date: /home/rschnurr/SkyClaw-Team1/ros2_ws/install/px4_msgs/include/px4_msgs/px4_msgs/msg/detail/esc_status__type_support.cpp\n'}
[3.520806] (px4_msgs) StdoutLine: {'line': b'-- Up-to-date: /home/rschnurr/SkyClaw-Team1/ros2_ws/install/px4_msgs/include/px4_msgs/px4_msgs/msg/detail/estimator_event_flags__type_support.cpp\n'}
[3.521178] (px4_msgs) StdoutLine: {'line': b'-- Up-to-date: /home/rschnurr/SkyClaw-Team1/ros2_ws/install/px4_msgs/include/px4_msgs/px4_msgs/msg/detail/vehicle_constraints__rosidl_typesupport_introspection_cpp.hpp\n'}
[3.521270] (px4_msgs) StdoutLine: {'line': b'-- Up-to-date: /home/rschnurr/SkyClaw-Team1/ros2_ws/install/px4_msgs/include/px4_msgs/px4_msgs/msg/detail/airspeed_validated__rosidl_typesupport_introspection_cpp.hpp\n'}
[3.521395] (px4_msgs) StdoutLine: {'line': b'-- Up-to-date: /home/rschnurr/SkyClaw-Team1/ros2_ws/install/px4_msgs/include/px4_msgs/px4_msgs/msg/detail/actuator_armed__rosidl_typesupport_introspection_cpp.hpp\n'}
[3.521581] (px4_msgs) StdoutLine: {'line': b'-- Up-to-date: /home/rschnurr/SkyClaw-Team1/ros2_ws/install/px4_msgs/include/px4_msgs/px4_msgs/msg/detail/dronecan_node_status__type_support.cpp\n'}
[3.521663] (px4_msgs) StdoutLine: {'line': b'-- Up-to-date: /home/rschnurr/SkyClaw-Team1/ros2_ws/install/px4_msgs/include/px4_msgs/px4_msgs/msg/detail/sensor_combined__type_support.cpp\n'}
[3.521735] (px4_msgs) StdoutLine: {'line': b'-- Up-to-date: /home/rschnurr/SkyClaw-Team1/ros2_ws/install/px4_msgs/include/px4_msgs/px4_msgs/msg/detail/sensor_accel__type_support.cpp\n'}
[3.521813] (px4_msgs) StdoutLine: {'line': b'-- Up-to-date: /home/rschnurr/SkyClaw-Team1/ros2_ws/install/px4_msgs/include/px4_msgs/px4_msgs/msg/detail/action_request__type_support.cpp\n'}
[3.521865] (px4_msgs) StdoutLine: {'line': b'-- Up-to-date: /home/rschnurr/SkyClaw-Team1/ros2_ws/install/px4_msgs/include/px4_msgs/px4_msgs/msg/detail/navigator_status__type_support.cpp\n'}
[3.522173] (px4_msgs) StdoutLine: {'line': b'-- Up-to-date: /home/rschnurr/SkyClaw-Team1/ros2_ws/install/px4_msgs/include/px4_msgs/px4_msgs/msg/detail/offboard_control_mode__rosidl_typesupport_introspection_cpp.hpp\n'}
[3.522655] (px4_msgs) StdoutLine: {'line': b'-- Up-to-date: /home/rschnurr/SkyClaw-Team1/ros2_ws/install/px4_msgs/include/px4_msgs/px4_msgs/msg/detail/estimator_aid_source3d__type_support.cpp\n'}
[3.522753] (px4_msgs) StdoutLine: {'line': b'-- Up-to-date: /home/rschnurr/SkyClaw-Team1/ros2_ws/install/px4_msgs/include/px4_msgs/px4_msgs/msg/detail/mavlink_tunnel__type_support.cpp\n'}
[3.522837] (px4_msgs) StdoutLine: {'line': b'-- Up-to-date: /home/rschnurr/SkyClaw-Team1/ros2_ws/install/px4_msgs/include/px4_msgs/px4_msgs/msg/detail/collision_constraints__type_support.cpp\n'}
[3.522888] (px4_msgs) StdoutLine: {'line': b'-- Up-to-date: /home/rschnurr/SkyClaw-Team1/ros2_ws/install/px4_msgs/include/px4_msgs/px4_msgs/msg/detail/gripper__rosidl_typesupport_introspection_cpp.hpp\n'}
[3.522936] (px4_msgs) StdoutLine: {'line': b'-- Up-to-date: /home/rschnurr/SkyClaw-Team1/ros2_ws/install/px4_msgs/include/px4_msgs/px4_msgs/msg/detail/internal_combustion_engine_status__rosidl_typesupport_introspection_cpp.hpp\n'}
[3.523001] (px4_msgs) StdoutLine: {'line': b'-- Up-to-date: /home/rschnurr/SkyClaw-Team1/ros2_ws/install/px4_msgs/include/px4_msgs/px4_msgs/msg/detail/actuator_servos__rosidl_typesupport_introspection_cpp.hpp\n'}
[3.523679] (px4_msgs) StdoutLine: {'line': b'-- Up-to-date: /home/rschnurr/SkyClaw-Team1/ros2_ws/install/px4_msgs/include/px4_msgs/px4_msgs/msg/detail/magnetometer_bias_estimate__rosidl_typesupport_introspection_cpp.hpp\n'}
[3.524877] (px4_msgs) StdoutLine: {'line': b'-- Up-to-date: /home/rschnurr/SkyClaw-Team1/ros2_ws/install/px4_msgs/include/px4_msgs/px4_msgs/msg/detail/sensor_gnss_status__rosidl_typesupport_introspection_cpp.hpp\n'}
[3.525444] (px4_msgs) StdoutLine: {'line': b'-- Up-to-date: /home/rschnurr/SkyClaw-Team1/ros2_ws/install/px4_msgs/include/px4_msgs/px4_msgs/msg/detail/tune_control__rosidl_typesupport_introspection_cpp.hpp\n'}
[3.525912] (px4_msgs) StdoutLine: {'line': b'-- Up-to-date: /home/rschnurr/SkyClaw-Team1/ros2_ws/install/px4_msgs/include/px4_msgs/px4_msgs/msg/detail/vehicle_magnetometer__rosidl_typesupport_introspection_cpp.hpp\n'}
[3.526317] (px4_msgs) StdoutLine: {'line': b'-- Up-to-date: /home/rschnurr/SkyClaw-Team1/ros2_ws/install/px4_msgs/include/px4_msgs/px4_msgs/msg/detail/gpio_request__rosidl_typesupport_introspection_cpp.hpp\n'}
[3.526734] (px4_msgs) StdoutLine: {'line': b'-- Up-to-date: /home/rschnurr/SkyClaw-Team1/ros2_ws/install/px4_msgs/include/px4_msgs/px4_msgs/msg/detail/parameter_set_used_request__rosidl_typesupport_introspection_cpp.hpp\n'}
[3.527185] (px4_msgs) StdoutLine: {'line': b'-- Up-to-date: /home/rschnurr/SkyClaw-Team1/ros2_ws/install/px4_msgs/include/px4_msgs/px4_msgs/msg/detail/px4io_status__rosidl_typesupport_introspection_cpp.hpp\n'}
[3.527459] (px4_msgs) StdoutLine: {'line': b'-- Up-to-date: /home/rschnurr/SkyClaw-Team1/ros2_ws/install/px4_msgs/include/px4_msgs/px4_msgs/msg/detail/vehicle_status__rosidl_typesupport_introspection_cpp.hpp\n'}
[3.527658] (px4_msgs) StdoutLine: {'line': b'-- Up-to-date: /home/rschnurr/SkyClaw-Team1/ros2_ws/install/px4_msgs/include/px4_msgs/px4_msgs/msg/detail/esc_status__rosidl_typesupport_introspection_cpp.hpp\n'}
[3.527796] (px4_msgs) StdoutLine: {'line': b'-- Up-to-date: /home/rschnurr/SkyClaw-Team1/ros2_ws/install/px4_msgs/include/px4_msgs/px4_msgs/msg/detail/satellite_info__type_support.cpp\n'}
[3.528098] (px4_msgs) StdoutLine: {'line': b'-- Up-to-date: /home/rschnurr/SkyClaw-Team1/ros2_ws/install/px4_msgs/include/px4_msgs/px4_msgs/msg/detail/parameter_update__type_support.cpp\n'}
[3.528900] (px4_msgs) StdoutLine: {'line': b'-- Up-to-date: /home/rschnurr/SkyClaw-Team1/ros2_ws/install/px4_msgs/include/px4_msgs/px4_msgs/msg/detail/system_power__type_support.cpp\n'}
[3.529389] (px4_msgs) StdoutLine: {'line': b'-- Up-to-date: /home/rschnurr/SkyClaw-Team1/ros2_ws/install/px4_msgs/include/px4_msgs/px4_msgs/msg/detail/vehicle_imu_status__type_support.cpp\n'}
[3.529487] (px4_msgs) StdoutLine: {'line': b'-- Up-to-date: /home/rschnurr/SkyClaw-Team1/ros2_ws/install/px4_msgs/include/px4_msgs/px4_msgs/msg/detail/open_drone_id_arm_status__type_support.cpp\n'}
[3.529548] (px4_msgs) StdoutLine: {'line': b'-- Up-to-date: /home/rschnurr/SkyClaw-Team1/ros2_ws/install/px4_msgs/include/px4_msgs/px4_msgs/msg/detail/mission_result__rosidl_typesupport_introspection_cpp.hpp\n'}
[3.529599] (px4_msgs) StdoutLine: {'line': b'-- Up-to-date: /home/rschnurr/SkyClaw-Team1/ros2_ws/install/px4_msgs/include/px4_msgs/px4_msgs/msg/detail/mag_worker_data__rosidl_typesupport_introspection_cpp.hpp\n'}
[3.529646] (px4_msgs) StdoutLine: {'line': b'-- Up-to-date: /home/rschnurr/SkyClaw-Team1/ros2_ws/install/px4_msgs/include/px4_msgs/px4_msgs/msg/detail/transponder_report__type_support.cpp\n'}
[3.529693] (px4_msgs) StdoutLine: {'line': b'-- Up-to-date: /home/rschnurr/SkyClaw-Team1/ros2_ws/install/px4_msgs/include/px4_msgs/px4_msgs/msg/detail/button_event__rosidl_typesupport_introspection_cpp.hpp\n'}
[3.529738] (px4_msgs) StdoutLine: {'line': b'-- Up-to-date: /home/rschnurr/SkyClaw-Team1/ros2_ws/install/px4_msgs/include/px4_msgs/px4_msgs/msg/detail/parameter_set_value_response__rosidl_typesupport_introspection_cpp.hpp\n'}
[3.529784] (px4_msgs) StdoutLine: {'line': b'-- Up-to-date: /home/rschnurr/SkyClaw-Team1/ros2_ws/install/px4_msgs/include/px4_msgs/px4_msgs/msg/detail/vehicle_air_data__type_support.cpp\n'}
[3.529828] (px4_msgs) StdoutLine: {'line': b'-- Up-to-date: /home/rschnurr/SkyClaw-Team1/ros2_ws/install/px4_msgs/include/px4_msgs/px4_msgs/msg/detail/action_request__rosidl_typesupport_introspection_cpp.hpp\n'}
[3.529872] (px4_msgs) StdoutLine: {'line': b'-- Up-to-date: /home/rschnurr/SkyClaw-Team1/ros2_ws/install/px4_msgs/include/px4_msgs/px4_msgs/msg/detail/sensors_status__type_support.cpp\n'}
[3.530204] (-) TimerEvent: {}
[3.530448] (px4_msgs) StdoutLine: {'line': b'-- Up-to-date: /home/rschnurr/SkyClaw-Team1/ros2_ws/install/px4_msgs/include/px4_msgs/px4_msgs/msg/detail/vehicle_angular_acceleration_setpoint__type_support.cpp\n'}
[3.530589] (px4_msgs) StdoutLine: {'line': b'-- Up-to-date: /home/rschnurr/SkyClaw-Team1/ros2_ws/install/px4_msgs/include/px4_msgs/px4_msgs/msg/detail/fixed_wing_lateral_guidance_status__rosidl_typesupport_introspection_cpp.hpp\n'}
[3.530668] (px4_msgs) StdoutLine: {'line': b'-- Up-to-date: /home/rschnurr/SkyClaw-Team1/ros2_ws/install/px4_msgs/include/px4_msgs/px4_msgs/msg/detail/estimator_states__rosidl_typesupport_introspection_cpp.hpp\n'}
[3.530985] (px4_msgs) StdoutLine: {'line': b'-- Up-to-date: /home/rschnurr/SkyClaw-Team1/ros2_ws/install/px4_msgs/include/px4_msgs/px4_msgs/msg/detail/gimbal_device_information__rosidl_typesupport_introspection_cpp.hpp\n'}
[3.531638] (px4_msgs) StdoutLine: {'line': b'-- Up-to-date: /home/rschnurr/SkyClaw-Team1/ros2_ws/install/px4_msgs/include/px4_msgs/px4_msgs/msg/detail/vehicle_optical_flow__type_support.cpp\n'}
[3.531874] (px4_msgs) StdoutLine: {'line': b'-- Up-to-date: /home/rschnurr/SkyClaw-Team1/ros2_ws/install/px4_msgs/include/px4_msgs/px4_msgs/msg/detail/estimator_aid_source3d__rosidl_typesupport_introspection_cpp.hpp\n'}
[3.532013] (px4_msgs) StdoutLine: {'line': b'-- Up-to-date: /home/rschnurr/SkyClaw-Team1/ros2_ws/install/px4_msgs/include/px4_msgs/px4_msgs/msg/detail/input_rc__rosidl_typesupport_introspection_cpp.hpp\n'}
[3.532175] (px4_msgs) StdoutLine: {'line': b'-- Up-to-date: /home/rschnurr/SkyClaw-Team1/ros2_ws/install/px4_msgs/include/px4_msgs/px4_msgs/msg/detail/message_format_response__type_support.cpp\n'}
[3.532288] (px4_msgs) StdoutLine: {'line': b'-- Up-to-date: /home/rschnurr/SkyClaw-Team1/ros2_ws/install/px4_msgs/include/px4_msgs/px4_msgs/msg/detail/estimator_bias__type_support.cpp\n'}
[3.532415] (px4_msgs) StdoutLine: {'line': b'-- Up-to-date: /home/rschnurr/SkyClaw-Team1/ros2_ws/install/px4_msgs/include/px4_msgs/px4_msgs/msg/detail/vehicle_optical_flow_vel__rosidl_typesupport_introspection_cpp.hpp\n'}
[3.532560] (px4_msgs) StdoutLine: {'line': b'-- Up-to-date: /home/rschnurr/SkyClaw-Team1/ros2_ws/install/px4_msgs/include/px4_msgs/px4_msgs/msg/detail/orbit_status__type_support.cpp\n'}
[3.532934] (px4_msgs) StdoutLine: {'line': b'-- Up-to-date: /home/rschnurr/SkyClaw-Team1/ros2_ws/install/px4_msgs/include/px4_msgs/px4_msgs/msg/detail/distance_sensor_mode_change_request__type_support.cpp\n'}
[3.533089] (px4_msgs) StdoutLine: {'line': b'-- Up-to-date: /home/rschnurr/SkyClaw-Team1/ros2_ws/install/px4_msgs/include/px4_msgs/px4_msgs/msg/detail/vehicle_control_mode__type_support.cpp\n'}
[3.533178] (px4_msgs) StdoutLine: {'line': b'-- Up-to-date: /home/rschnurr/SkyClaw-Team1/ros2_ws/install/px4_msgs/include/px4_msgs/px4_msgs/msg/detail/timesync_status__type_support.cpp\n'}
[3.533254] (px4_msgs) StdoutLine: {'line': b'-- Up-to-date: /home/rschnurr/SkyClaw-Team1/ros2_ws/install/px4_msgs/include/px4_msgs/px4_msgs/msg/detail/gpio_request__type_support.cpp\n'}
[3.533322] (px4_msgs) StdoutLine: {'line': b'-- Up-to-date: /home/rschnurr/SkyClaw-Team1/ros2_ws/install/px4_msgs/include/px4_msgs/px4_msgs/msg/detail/iridiumsbd_status__type_support.cpp\n'}
[3.533403] (px4_msgs) StdoutLine: {'line': b'-- Up-to-date: /home/rschnurr/SkyClaw-Team1/ros2_ws/install/px4_msgs/include/px4_msgs/px4_msgs/msg/detail/open_drone_id_self_id__rosidl_typesupport_introspection_cpp.hpp\n'}
[3.533525] (px4_msgs) StdoutLine: {'line': b'-- Up-to-date: /home/rschnurr/SkyClaw-Team1/ros2_ws/install/px4_msgs/include/px4_msgs/px4_msgs/msg/detail/vehicle_optical_flow_vel__type_support.cpp\n'}
[3.533690] (px4_msgs) StdoutLine: {'line': b'-- Up-to-date: /home/rschnurr/SkyClaw-Team1/ros2_ws/install/px4_msgs/include/px4_msgs/px4_msgs/msg/detail/vehicle_odometry__type_support.cpp\n'}
[3.534136] (px4_msgs) StdoutLine: {'line': b'-- Up-to-date: /home/rschnurr/SkyClaw-Team1/ros2_ws/install/px4_msgs/include/px4_msgs/px4_msgs/msg/detail/sensor_preflight_mag__rosidl_typesupport_introspection_cpp.hpp\n'}
[3.534530] (px4_msgs) StdoutLine: {'line': b'-- Up-to-date: /home/rschnurr/SkyClaw-Team1/ros2_ws/install/px4_msgs/include/px4_msgs/px4_msgs/msg/detail/rover_rate_setpoint__type_support.cpp\n'}
[3.534916] (px4_msgs) StdoutLine: {'line': b'-- Up-to-date: /home/rschnurr/SkyClaw-Team1/ros2_ws/install/px4_msgs/include/px4_msgs/px4_msgs/msg/detail/vehicle_attitude_setpoint__type_support.cpp\n'}
[3.535508] (px4_msgs) StdoutLine: {'line': b'-- Up-to-date: /home/rschnurr/SkyClaw-Team1/ros2_ws/install/px4_msgs/include/px4_msgs/px4_msgs/msg/detail/sensor_accel_fifo__rosidl_typesupport_introspection_cpp.hpp\n'}
[3.536045] (px4_msgs) StdoutLine: {'line': b'-- Up-to-date: /home/rschnurr/SkyClaw-Team1/ros2_ws/install/px4_msgs/include/px4_msgs/px4_msgs/msg/detail/vehicle_roi__rosidl_typesupport_introspection_cpp.hpp\n'}
[3.536688] (px4_msgs) StdoutLine: {'line': b'-- Up-to-date: /home/rschnurr/SkyClaw-Team1/ros2_ws/install/px4_msgs/include/px4_msgs/px4_msgs/msg/detail/vehicle_thrust_setpoint__type_support.cpp\n'}
[3.536897] (px4_msgs) StdoutLine: {'line': b'-- Up-to-date: /home/rschnurr/SkyClaw-Team1/ros2_ws/install/px4_msgs/include/px4_msgs/px4_msgs/msg/detail/position_setpoint__rosidl_typesupport_introspection_cpp.hpp\n'}
[3.536982] (px4_msgs) StdoutLine: {'line': b'-- Up-to-date: /home/rschnurr/SkyClaw-Team1/ros2_ws/install/px4_msgs/include/px4_msgs/px4_msgs/msg/detail/mode_completed__type_support.cpp\n'}
[3.537042] (px4_msgs) StdoutLine: {'line': b'-- Up-to-date: /home/rschnurr/SkyClaw-Team1/ros2_ws/install/px4_msgs/include/px4_msgs/px4_msgs/msg/detail/pwm_input__rosidl_typesupport_introspection_cpp.hpp\n'}
[3.537100] (px4_msgs) StdoutLine: {'line': b'-- Up-to-date: /home/rschnurr/SkyClaw-Team1/ros2_ws/install/px4_msgs/include/px4_msgs/px4_msgs/msg/detail/cellular_status__rosidl_typesupport_introspection_cpp.hpp\n'}
[3.537171] (px4_msgs) StdoutLine: {'line': b'-- Up-to-date: /home/rschnurr/SkyClaw-Team1/ros2_ws/install/px4_msgs/include/px4_msgs/px4_msgs/msg/detail/estimator_status__type_support.cpp\n'}
[3.537223] (px4_msgs) StdoutLine: {'line': b'-- Up-to-date: /home/rschnurr/SkyClaw-Team1/ros2_ws/install/px4_msgs/include/px4_msgs/px4_msgs/msg/detail/wheel_encoders__type_support.cpp\n'}
[3.537538] (px4_msgs) StdoutLine: {'line': b'-- Up-to-date: /home/rschnurr/SkyClaw-Team1/ros2_ws/install/px4_msgs/include/px4_msgs/px4_msgs/msg/detail/pure_pursuit_status__type_support.cpp\n'}
[3.537724] (px4_msgs) StdoutLine: {'line': b'-- Up-to-date: /home/rschnurr/SkyClaw-Team1/ros2_ws/install/px4_msgs/include/px4_msgs/px4_msgs/msg/detail/mavlink_tunnel__rosidl_typesupport_introspection_cpp.hpp\n'}
[3.537813] (px4_msgs) StdoutLine: {'line': b'-- Up-to-date: /home/rschnurr/SkyClaw-Team1/ros2_ws/install/px4_msgs/include/px4_msgs/px4_msgs/msg/detail/ekf2_timestamps__rosidl_typesupport_introspection_cpp.hpp\n'}
[3.538008] (px4_msgs) StdoutLine: {'line': b'-- Up-to-date: /home/rschnurr/SkyClaw-Team1/ros2_ws/install/px4_msgs/include/px4_msgs/px4_msgs/msg/detail/arming_check_request__type_support.cpp\n'}
[3.538354] (px4_msgs) StdoutLine: {'line': b'-- Up-to-date: /home/rschnurr/SkyClaw-Team1/ros2_ws/install/px4_msgs/include/px4_msgs/px4_msgs/msg/detail/airspeed_wind__rosidl_typesupport_introspection_cpp.hpp\n'}
[3.538917] (px4_msgs) StdoutLine: {'line': b'-- Up-to-date: /home/rschnurr/SkyClaw-Team1/ros2_ws/install/px4_msgs/include/px4_msgs/px4_msgs/msg/detail/estimator_bias3d__rosidl_typesupport_introspection_cpp.hpp\n'}
[3.539570] (px4_msgs) StdoutLine: {'line': b'-- Up-to-date: /home/rschnurr/SkyClaw-Team1/ros2_ws/install/px4_msgs/include/px4_msgs/px4_msgs/msg/detail/position_setpoint_triplet__rosidl_typesupport_introspection_cpp.hpp\n'}
[3.540065] (px4_msgs) StdoutLine: {'line': b'-- Up-to-date: /home/rschnurr/SkyClaw-Team1/ros2_ws/install/px4_msgs/include/px4_msgs/px4_msgs/msg/detail/uavcan_parameter_value__type_support.cpp\n'}
[3.540486] (px4_msgs) StdoutLine: {'line': b'-- Up-to-date: /home/rschnurr/SkyClaw-Team1/ros2_ws/install/px4_msgs/include/px4_msgs/px4_msgs/msg/detail/onboard_computer_status__type_support.cpp\n'}
[3.540835] (px4_msgs) StdoutLine: {'line': b'-- Up-to-date: /home/rschnurr/SkyClaw-Team1/ros2_ws/install/px4_msgs/include/px4_msgs/px4_msgs/msg/detail/gimbal_controls__rosidl_typesupport_introspection_cpp.hpp\n'}
[3.541450] (px4_msgs) StdoutLine: {'line': b'-- Up-to-date: /home/rschnurr/SkyClaw-Team1/ros2_ws/install/px4_msgs/include/px4_msgs/px4_msgs/msg/detail/rover_rate_status__rosidl_typesupport_introspection_cpp.hpp\n'}
[3.542218] (px4_msgs) StdoutLine: {'line': b'-- Up-to-date: /home/rschnurr/SkyClaw-Team1/ros2_ws/install/px4_msgs/include/px4_msgs/px4_msgs/msg/detail/sensor_preflight_mag__type_support.cpp\n'}
[3.542709] (px4_msgs) StdoutLine: {'line': b'-- Up-to-date: /home/rschnurr/SkyClaw-Team1/ros2_ws/install/px4_msgs/include/px4_msgs/px4_msgs/msg/detail/transponder_report__rosidl_typesupport_introspection_cpp.hpp\n'}
[3.543052] (px4_msgs) StdoutLine: {'line': b'-- Up-to-date: /home/rschnurr/SkyClaw-Team1/ros2_ws/install/px4_msgs/include/px4_msgs/px4_msgs/msg/detail/vehicle_rates_setpoint__rosidl_typesupport_introspection_cpp.hpp\n'}
[3.543771] (px4_msgs) StdoutLine: {'line': b'-- Up-to-date: /home/rschnurr/SkyClaw-Team1/ros2_ws/install/px4_msgs/include/px4_msgs/px4_msgs/msg/detail/mount_orientation__type_support.cpp\n'}
[3.543888] (px4_msgs) StdoutLine: {'line': b'-- Up-to-date: /home/rschnurr/SkyClaw-Team1/ros2_ws/install/px4_msgs/include/px4_msgs/px4_msgs/msg/detail/vehicle_global_position__type_support.cpp\n'}
[3.545657] (px4_msgs) StdoutLine: {'line': b'-- Up-to-date: /home/rschnurr/SkyClaw-Team1/ros2_ws/install/px4_msgs/include/px4_msgs/px4_msgs/msg/detail/rc_parameter_map__type_support.cpp\n'}
[3.546543] (px4_msgs) StdoutLine: {'line': b'-- Up-to-date: /home/rschnurr/SkyClaw-Team1/ros2_ws/install/px4_msgs/include/px4_msgs/px4_msgs/msg/detail/pps_capture__rosidl_typesupport_introspection_cpp.hpp\n'}
[3.546765] (px4_msgs) StdoutLine: {'line': b'-- Up-to-date: /home/rschnurr/SkyClaw-Team1/ros2_ws/install/px4_msgs/include/px4_msgs/px4_msgs/msg/detail/trajectory_setpoint6dof__type_support.cpp\n'}
[3.547040] (px4_msgs) StdoutLine: {'line': b'-- Up-to-date: /home/rschnurr/SkyClaw-Team1/ros2_ws/install/px4_msgs/include/px4_msgs/px4_msgs/msg/detail/airspeed_validated__type_support.cpp\n'}
[3.547210] (px4_msgs) StdoutLine: {'line': b'-- Up-to-date: /home/rschnurr/SkyClaw-Team1/ros2_ws/install/px4_msgs/include/px4_msgs/px4_msgs/msg/detail/rover_position_setpoint__rosidl_typesupport_introspection_cpp.hpp\n'}
[3.547619] (px4_msgs) StdoutLine: {'line': b'-- Up-to-date: /home/rschnurr/SkyClaw-Team1/ros2_ws/install/px4_msgs/include/px4_msgs/px4_msgs/msg/detail/uavcan_parameter_request__rosidl_typesupport_introspection_cpp.hpp\n'}
[3.547736] (px4_msgs) StdoutLine: {'line': b'-- Up-to-date: /home/rschnurr/SkyClaw-Team1/ros2_ws/install/px4_msgs/include/px4_msgs/px4_msgs/msg/detail/uavcan_parameter_request__type_support.cpp\n'}
[3.547822] (px4_msgs) StdoutLine: {'line': b'-- Up-to-date: /home/rschnurr/SkyClaw-Team1/ros2_ws/install/px4_msgs/include/px4_msgs/px4_msgs/msg/detail/estimator_states__type_support.cpp\n'}
[3.548037] (px4_msgs) StdoutLine: {'line': b'-- Up-to-date: /home/rschnurr/SkyClaw-Team1/ros2_ws/install/px4_msgs/include/px4_msgs/px4_msgs/msg/detail/actuator_outputs__type_support.cpp\n'}
[3.548858] (px4_msgs) StdoutLine: {'line': b'-- Up-to-date: /home/rschnurr/SkyClaw-Team1/ros2_ws/install/px4_msgs/include/px4_msgs/px4_msgs/msg/detail/collision_constraints__rosidl_typesupport_introspection_cpp.hpp\n'}
[3.549996] (px4_msgs) StdoutLine: {'line': b'-- Up-to-date: /home/rschnurr/SkyClaw-Team1/ros2_ws/install/px4_msgs/include/px4_msgs/px4_msgs/msg/detail/differential_pressure__rosidl_typesupport_introspection_cpp.hpp\n'}
[3.550273] (px4_msgs) StdoutLine: {'line': b'-- Up-to-date: /home/rschnurr/SkyClaw-Team1/ros2_ws/install/px4_msgs/include/px4_msgs/px4_msgs/msg/detail/register_ext_component_reply__rosidl_typesupport_introspection_cpp.hpp\n'}
[3.550766] (px4_msgs) StdoutLine: {'line': b'-- Up-to-date: /home/rschnurr/SkyClaw-Team1/ros2_ws/install/px4_msgs/include/px4_msgs/px4_msgs/msg/detail/onboard_computer_status__rosidl_typesupport_introspection_cpp.hpp\n'}
[3.550929] (px4_msgs) StdoutLine: {'line': b'-- Up-to-date: /home/rschnurr/SkyClaw-Team1/ros2_ws/install/px4_msgs/include/px4_msgs/px4_msgs/msg/detail/telemetry_status__type_support.cpp\n'}
[3.551556] (px4_msgs) StdoutLine: {'line': b'-- Up-to-date: /home/rschnurr/SkyClaw-Team1/ros2_ws/install/px4_msgs/include/px4_msgs/px4_msgs/msg/detail/dronecan_node_status__rosidl_typesupport_introspection_cpp.hpp\n'}
[3.552012] (px4_msgs) StdoutLine: {'line': b'-- Up-to-date: /home/rschnurr/SkyClaw-Team1/ros2_ws/install/px4_msgs/include/px4_msgs/px4_msgs/msg/detail/arming_check_request__rosidl_typesupport_introspection_cpp.hpp\n'}
[3.552487] (px4_msgs) StdoutLine: {'line': b'-- Up-to-date: /home/rschnurr/SkyClaw-Team1/ros2_ws/install/px4_msgs/include/px4_msgs/px4_msgs/msg/detail/tiltrotor_extra_controls__rosidl_typesupport_introspection_cpp.hpp\n'}
[3.552602] (px4_msgs) StdoutLine: {'line': b'-- Up-to-date: /home/rschnurr/SkyClaw-Team1/ros2_ws/install/px4_msgs/include/px4_msgs/px4_msgs/msg/detail/distance_sensor__type_support.cpp\n'}
[3.552669] (px4_msgs) StdoutLine: {'line': b'-- Up-to-date: /home/rschnurr/SkyClaw-Team1/ros2_ws/install/px4_msgs/include/px4_msgs/px4_msgs/msg/detail/unregister_ext_component__type_support.cpp\n'}
[3.552732] (px4_msgs) StdoutLine: {'line': b'-- Up-to-date: /home/rschnurr/SkyClaw-Team1/ros2_ws/install/px4_msgs/include/px4_msgs/px4_msgs/msg/detail/hover_thrust_estimate__type_support.cpp\n'}
[3.553057] (px4_msgs) StdoutLine: {'line': b'-- Up-to-date: /home/rschnurr/SkyClaw-Team1/ros2_ws/install/px4_msgs/include/px4_msgs/px4_msgs/msg/detail/follow_target_status__rosidl_typesupport_introspection_cpp.hpp\n'}
[3.553457] (px4_msgs) StdoutLine: {'line': b'-- Up-to-date: /home/rschnurr/SkyClaw-Team1/ros2_ws/install/px4_msgs/include/px4_msgs/px4_msgs/msg/detail/sensor_gyro_fft__rosidl_typesupport_introspection_cpp.hpp\n'}
[3.553759] (px4_msgs) StdoutLine: {'line': b'-- Up-to-date: /home/rschnurr/SkyClaw-Team1/ros2_ws/install/px4_msgs/include/px4_msgs/px4_msgs/msg/detail/sensor_gyro__type_support.cpp\n'}
[3.553839] (px4_msgs) StdoutLine: {'line': b'-- Up-to-date: /home/rschnurr/SkyClaw-Team1/ros2_ws/install/px4_msgs/include/px4_msgs/px4_msgs/msg/detail/power_monitor__type_support.cpp\n'}
[3.554146] (px4_msgs) StdoutLine: {'line': b'-- Up-to-date: /home/rschnurr/SkyClaw-Team1/ros2_ws/install/px4_msgs/include/px4_msgs/px4_msgs/msg/detail/sensor_mag__rosidl_typesupport_introspection_cpp.hpp\n'}
[3.554476] (px4_msgs) StdoutLine: {'line': b'-- Up-to-date: /home/rschnurr/SkyClaw-Team1/ros2_ws/install/px4_msgs/include/px4_msgs/px4_msgs/msg/detail/rpm__rosidl_typesupport_introspection_cpp.hpp\n'}
[3.554687] (px4_msgs) StdoutLine: {'line': b'-- Up-to-date: /home/rschnurr/SkyClaw-Team1/ros2_ws/install/px4_msgs/include/px4_msgs/px4_msgs/msg/detail/gpio_config__rosidl_typesupport_introspection_cpp.hpp\n'}
[3.554905] (px4_msgs) StdoutLine: {'line': b'-- Up-to-date: /home/rschnurr/SkyClaw-Team1/ros2_ws/install/px4_msgs/include/px4_msgs/px4_msgs/msg/detail/sensor_baro__rosidl_typesupport_introspection_cpp.hpp\n'}
[3.555588] (px4_msgs) StdoutLine: {'line': b'-- Up-to-date: /home/rschnurr/SkyClaw-Team1/ros2_ws/install/px4_msgs/include/px4_msgs/px4_msgs/msg/detail/register_ext_component_request__type_support.cpp\n'}
[3.555760] (px4_msgs) StdoutLine: {'line': b'-- Up-to-date: /home/rschnurr/SkyClaw-Team1/ros2_ws/install/px4_msgs/include/px4_msgs/px4_msgs/msg/detail/register_ext_component_reply__type_support.cpp\n'}
[3.555857] (px4_msgs) StdoutLine: {'line': b'-- Up-to-date: /home/rschnurr/SkyClaw-Team1/ros2_ws/install/px4_msgs/include/px4_msgs/px4_msgs/msg/detail/vehicle_optical_flow__rosidl_typesupport_introspection_cpp.hpp\n'}
[3.555938] (px4_msgs) StdoutLine: {'line': b'-- Up-to-date: /home/rschnurr/SkyClaw-Team1/ros2_ws/install/px4_msgs/include/px4_msgs/px4_msgs/msg/detail/landing_gear_wheel__type_support.cpp\n'}
[3.556323] (px4_msgs) StdoutLine: {'line': b'-- Up-to-date: /home/rschnurr/SkyClaw-Team1/ros2_ws/install/px4_msgs/include/px4_msgs/px4_msgs/msg/detail/iridiumsbd_status__rosidl_typesupport_introspection_cpp.hpp\n'}
[3.556537] (px4_msgs) StdoutLine: {'line': b'-- Up-to-date: /home/rschnurr/SkyClaw-Team1/ros2_ws/install/px4_msgs/include/px4_msgs/px4_msgs/msg/detail/yaw_estimator_status__type_support.cpp\n'}
[3.556948] (px4_msgs) StdoutLine: {'line': b'-- Up-to-date: /home/rschnurr/SkyClaw-Team1/ros2_ws/install/px4_msgs/include/px4_msgs/px4_msgs/msg/detail/vehicle_torque_setpoint__type_support.cpp\n'}
[3.557168] (px4_msgs) StdoutLine: {'line': b'-- Up-to-date: /home/rschnurr/SkyClaw-Team1/ros2_ws/install/px4_msgs/include/px4_msgs/px4_msgs/msg/detail/airspeed_wind__type_support.cpp\n'}
[3.557410] (px4_msgs) StdoutLine: {'line': b'-- Up-to-date: /home/rschnurr/SkyClaw-Team1/ros2_ws/install/px4_msgs/include/px4_msgs/px4_msgs/msg/detail/normalized_unsigned_setpoint__type_support.cpp\n'}
[3.557749] (px4_msgs) StdoutLine: {'line': b'-- Up-to-date: /home/rschnurr/SkyClaw-Team1/ros2_ws/install/px4_msgs/include/px4_msgs/px4_msgs/msg/detail/orb_test_large__rosidl_typesupport_introspection_cpp.hpp\n'}
[3.558073] (px4_msgs) StdoutLine: {'line': b'-- Up-to-date: /home/rschnurr/SkyClaw-Team1/ros2_ws/install/px4_msgs/include/px4_msgs/px4_msgs/msg/detail/rover_speed_setpoint__type_support.cpp\n'}
[3.558694] (px4_msgs) StdoutLine: {'line': b'-- Up-to-date: /home/rschnurr/SkyClaw-Team1/ros2_ws/install/px4_msgs/include/px4_msgs/px4_msgs/msg/detail/log_message__rosidl_typesupport_introspection_cpp.hpp\n'}
[3.559296] (px4_msgs) StdoutLine: {'line': b'-- Up-to-date: /home/rschnurr/SkyClaw-Team1/ros2_ws/install/px4_msgs/include/px4_msgs/px4_msgs/msg/detail/debug_key_value__type_support.cpp\n'}
[3.559464] (px4_msgs) StdoutLine: {'line': b'-- Up-to-date: /home/rschnurr/SkyClaw-Team1/ros2_ws/install/px4_msgs/include/px4_msgs/px4_msgs/msg/detail/vehicle_angular_velocity__type_support.cpp\n'}
[3.559547] (px4_msgs) StdoutLine: {'line': b'-- Up-to-date: /home/rschnurr/SkyClaw-Team1/ros2_ws/install/px4_msgs/include/px4_msgs/px4_msgs/msg/detail/debug_value__rosidl_typesupport_introspection_cpp.hpp\n'}
[3.559602] (px4_msgs) StdoutLine: {'line': b'-- Up-to-date: /home/rschnurr/SkyClaw-Team1/ros2_ws/install/px4_msgs/include/px4_msgs/px4_msgs/msg/detail/landing_target_innovations__rosidl_typesupport_introspection_cpp.hpp\n'}
[3.559652] (px4_msgs) StdoutLine: {'line': b'-- Up-to-date: /home/rschnurr/SkyClaw-Team1/ros2_ws/install/px4_msgs/include/px4_msgs/px4_msgs/msg/detail/mission__rosidl_typesupport_introspection_cpp.hpp\n'}
[3.559705] (px4_msgs) StdoutLine: {'line': b'-- Up-to-date: /home/rschnurr/SkyClaw-Team1/ros2_ws/install/px4_msgs/include/px4_msgs/px4_msgs/msg/detail/failure_detector_status__rosidl_typesupport_introspection_cpp.hpp\n'}
[3.559752] (px4_msgs) StdoutLine: {'line': b'-- Up-to-date: /home/rschnurr/SkyClaw-Team1/ros2_ws/install/px4_msgs/include/px4_msgs/px4_msgs/msg/detail/navigator_status__rosidl_typesupport_introspection_cpp.hpp\n'}
[3.559799] (px4_msgs) StdoutLine: {'line': b'-- Up-to-date: /home/rschnurr/SkyClaw-Team1/ros2_ws/install/px4_msgs/include/px4_msgs/px4_msgs/msg/detail/power_button_state__type_support.cpp\n'}
[3.559967] (px4_msgs) StdoutLine: {'line': b'-- Up-to-date: /home/rschnurr/SkyClaw-Team1/ros2_ws/install/px4_msgs/include/px4_msgs/px4_msgs/msg/detail/unregister_ext_component__rosidl_typesupport_introspection_cpp.hpp\n'}
[3.560923] (px4_msgs) StdoutLine: {'line': b'-- Up-to-date: /home/rschnurr/SkyClaw-Team1/ros2_ws/install/px4_msgs/include/px4_msgs/px4_msgs/msg/detail/pwm_input__type_support.cpp\n'}
[3.561174] (px4_msgs) StdoutLine: {'line': b'-- Up-to-date: /home/rschnurr/SkyClaw-Team1/ros2_ws/install/px4_msgs/include/px4_msgs/px4_msgs/msg/detail/control_allocator_status__rosidl_typesupport_introspection_cpp.hpp\n'}
[3.561384] (px4_msgs) StdoutLine: {'line': b'-- Up-to-date: /home/rschnurr/SkyClaw-Team1/ros2_ws/install/px4_msgs/include/px4_msgs/px4_msgs/msg/detail/sensor_gps__type_support.cpp\n'}
[3.561504] (px4_msgs) StdoutLine: {'line': b'-- Up-to-date: /home/rschnurr/SkyClaw-Team1/ros2_ws/install/px4_msgs/include/px4_msgs/px4_msgs/msg/detail/obstacle_distance__rosidl_typesupport_introspection_cpp.hpp\n'}
[3.561592] (px4_msgs) StdoutLine: {'line': b'-- Up-to-date: /home/rschnurr/SkyClaw-Team1/ros2_ws/install/px4_msgs/include/px4_msgs/px4_msgs/msg/detail/vtol_vehicle_status__rosidl_typesupport_introspection_cpp.hpp\n'}
[3.561669] (px4_msgs) StdoutLine: {'line': b'-- Up-to-date: /home/rschnurr/SkyClaw-Team1/ros2_ws/install/px4_msgs/include/px4_msgs/px4_msgs/msg/detail/register_ext_component_request__rosidl_typesupport_introspection_cpp.hpp\n'}
[3.561746] (px4_msgs) StdoutLine: {'line': b'-- Up-to-date: /home/rschnurr/SkyClaw-Team1/ros2_ws/install/px4_msgs/include/px4_msgs/px4_msgs/msg/detail/gimbal_manager_set_manual_control__rosidl_typesupport_introspection_cpp.hpp\n'}
[3.561819] (px4_msgs) StdoutLine: {'line': b'-- Up-to-date: /home/rschnurr/SkyClaw-Team1/ros2_ws/install/px4_msgs/include/px4_msgs/px4_msgs/msg/detail/sensor_combined__rosidl_typesupport_introspection_cpp.hpp\n'}
[3.562232] (px4_msgs) StdoutLine: {'line': b'-- Up-to-date: /home/rschnurr/SkyClaw-Team1/ros2_ws/install/px4_msgs/include/px4_msgs/px4_msgs/msg/detail/sensor_correction__rosidl_typesupport_introspection_cpp.hpp\n'}
[3.562484] (px4_msgs) StdoutLine: {'line': b'-- Up-to-date: /home/rschnurr/SkyClaw-Team1/ros2_ws/install/px4_msgs/include/px4_msgs/px4_msgs/msg/detail/actuator_test__type_support.cpp\n'}
[3.562960] (px4_msgs) StdoutLine: {'line': b'-- Up-to-date: /home/rschnurr/SkyClaw-Team1/ros2_ws/install/px4_msgs/include/px4_msgs/px4_msgs/msg/detail/lateral_control_configuration__type_support.cpp\n'}
[3.563690] (px4_msgs) StdoutLine: {'line': b'-- Up-to-date: /home/rschnurr/SkyClaw-Team1/ros2_ws/install/px4_msgs/include/px4_msgs/px4_msgs/msg/detail/vehicle_thrust_setpoint__rosidl_typesupport_introspection_cpp.hpp\n'}
[3.564145] (px4_msgs) StdoutLine: {'line': b'-- Up-to-date: /home/rschnurr/SkyClaw-Team1/ros2_ws/install/px4_msgs/include/px4_msgs/px4_msgs/msg/detail/vehicle_local_position__rosidl_typesupport_introspection_cpp.hpp\n'}
[3.564687] (px4_msgs) StdoutLine: {'line': b'-- Up-to-date: /home/rschnurr/SkyClaw-Team1/ros2_ws/install/px4_msgs/include/px4_msgs/px4_msgs/msg/detail/event__rosidl_typesupport_introspection_cpp.hpp\n'}
[3.564815] (px4_msgs) StdoutLine: {'line': b'-- Up-to-date: /home/rschnurr/SkyClaw-Team1/ros2_ws/install/px4_msgs/include/px4_msgs/px4_msgs/msg/detail/rover_attitude_status__rosidl_typesupport_introspection_cpp.hpp\n'}
[3.565045] (px4_msgs) StdoutLine: {'line': b'-- Up-to-date: /home/rschnurr/SkyClaw-Team1/ros2_ws/install/px4_msgs/include/px4_msgs/px4_msgs/msg/detail/ping__rosidl_typesupport_introspection_cpp.hpp\n'}
[3.565507] (px4_msgs) StdoutLine: {'line': b'-- Up-to-date: /home/rschnurr/SkyClaw-Team1/ros2_ws/install/px4_msgs/include/px4_msgs/px4_msgs/msg/detail/neural_control__type_support.cpp\n'}
[3.565690] (px4_msgs) StdoutLine: {'line': b'-- Up-to-date: /home/rschnurr/SkyClaw-Team1/ros2_ws/install/px4_msgs/include/px4_msgs/px4_msgs/msg/detail/trajectory_setpoint__type_support.cpp\n'}
[3.565820] (px4_msgs) StdoutLine: {'line': b'-- Up-to-date: /home/rschnurr/SkyClaw-Team1/ros2_ws/install/px4_msgs/include/px4_msgs/px4_msgs/msg/detail/rtl_time_estimate__type_support.cpp\n'}
[3.565885] (px4_msgs) StdoutLine: {'line': b'-- Up-to-date: /home/rschnurr/SkyClaw-Team1/ros2_ws/install/px4_msgs/include/px4_msgs/px4_msgs/msg/detail/rover_attitude_status__type_support.cpp\n'}
[3.565940] (px4_msgs) StdoutLine: {'line': b'-- Up-to-date: /home/rschnurr/SkyClaw-Team1/ros2_ws/install/px4_msgs/include/px4_msgs/px4_msgs/msg/detail/trajectory_setpoint__rosidl_typesupport_introspection_cpp.hpp\n'}
[3.565993] (px4_msgs) StdoutLine: {'line': b'-- Up-to-date: /home/rschnurr/SkyClaw-Team1/ros2_ws/install/px4_msgs/include/px4_msgs/px4_msgs/msg/detail/rover_steering_setpoint__rosidl_typesupport_introspection_cpp.hpp\n'}
[3.566041] (px4_msgs) StdoutLine: {'line': b'-- Up-to-date: /home/rschnurr/SkyClaw-Team1/ros2_ws/install/px4_msgs/include/px4_msgs/px4_msgs/msg/detail/arming_check_reply__type_support.cpp\n'}
[3.566092] (px4_msgs) StdoutLine: {'line': b'-- Up-to-date: /home/rschnurr/SkyClaw-Team1/ros2_ws/install/px4_msgs/include/px4_msgs/px4_msgs/msg/detail/estimator_selector_status__type_support.cpp\n'}
[3.566147] (px4_msgs) StdoutLine: {'line': b'-- Up-to-date: /home/rschnurr/SkyClaw-Team1/ros2_ws/install/px4_msgs/include/px4_msgs/px4_msgs/msg/detail/open_drone_id_operator_id__type_support.cpp\n'}
[3.566198] (px4_msgs) StdoutLine: {'line': b'-- Up-to-date: /home/rschnurr/SkyClaw-Team1/ros2_ws/install/px4_msgs/include/px4_msgs/px4_msgs/msg/detail/orb_test__rosidl_typesupport_introspection_cpp.hpp\n'}
[3.566252] (px4_msgs) StdoutLine: {'line': b'-- Up-to-date: /home/rschnurr/SkyClaw-Team1/ros2_ws/install/px4_msgs/include/px4_msgs/px4_msgs/msg/detail/rate_ctrl_status__rosidl_typesupport_introspection_cpp.hpp\n'}
[3.566303] (px4_msgs) StdoutLine: {'line': b'-- Up-to-date: /home/rschnurr/SkyClaw-Team1/ros2_ws/install/px4_msgs/include/px4_msgs/px4_msgs/msg/detail/sensors_status__rosidl_typesupport_introspection_cpp.hpp\n'}
[3.566381] (px4_msgs) StdoutLine: {'line': b'-- Up-to-date: /home/rschnurr/SkyClaw-Team1/ros2_ws/install/px4_msgs/include/px4_msgs/px4_msgs/msg/detail/normalized_unsigned_setpoint__rosidl_typesupport_introspection_cpp.hpp\n'}
[3.566786] (px4_msgs) StdoutLine: {'line': b'-- Up-to-date: /home/rschnurr/SkyClaw-Team1/ros2_ws/install/px4_msgs/include/px4_msgs/px4_msgs/msg/detail/fixed_wing_longitudinal_setpoint__type_support.cpp\n'}
[3.567204] (px4_msgs) StdoutLine: {'line': b'-- Up-to-date: /home/rschnurr/SkyClaw-Team1/ros2_ws/install/px4_msgs/include/px4_msgs/px4_msgs/msg/detail/gimbal_manager_status__type_support.cpp\n'}
[3.567422] (px4_msgs) StdoutLine: {'line': b'-- Up-to-date: /home/rschnurr/SkyClaw-Team1/ros2_ws/install/px4_msgs/include/px4_msgs/px4_msgs/msg/detail/parameter_set_value_request__type_support.cpp\n'}
[3.567980] (px4_msgs) StdoutLine: {'line': b'-- Up-to-date: /home/rschnurr/SkyClaw-Team1/ros2_ws/install/px4_msgs/include/px4_msgs/px4_msgs/msg/detail/position_setpoint__type_support.cpp\n'}
[3.569578] (px4_msgs) StdoutLine: {'line': b'-- Up-to-date: /home/rschnurr/SkyClaw-Team1/ros2_ws/install/px4_msgs/include/px4_msgs/px4_msgs/msg/detail/actuator_controls_status__type_support.cpp\n'}
[3.569991] (px4_msgs) StdoutLine: {'line': b'-- Up-to-date: /home/rschnurr/SkyClaw-Team1/ros2_ws/install/px4_msgs/include/px4_msgs/px4_msgs/msg/detail/position_setpoint_triplet__type_support.cpp\n'}
[3.570386] (px4_msgs) StdoutLine: {'line': b'-- Up-to-date: /home/rschnurr/SkyClaw-Team1/ros2_ws/install/px4_msgs/include/px4_msgs/px4_msgs/msg/detail/sensor_mag__type_support.cpp\n'}
[3.570781] (px4_msgs) StdoutLine: {'line': b'-- Up-to-date: /home/rschnurr/SkyClaw-Team1/ros2_ws/install/px4_msgs/include/px4_msgs/px4_msgs/msg/detail/wind__type_support.cpp\n'}
[3.571333] (px4_msgs) StdoutLine: {'line': b'-- Up-to-date: /home/rschnurr/SkyClaw-Team1/ros2_ws/install/px4_msgs/include/px4_msgs/px4_msgs/msg/detail/vehicle_torque_setpoint__rosidl_typesupport_introspection_cpp.hpp\n'}
[3.571962] (px4_msgs) StdoutLine: {'line': b'-- Up-to-date: /home/rschnurr/SkyClaw-Team1/ros2_ws/install/px4_msgs/include/px4_msgs/px4_msgs/msg/detail/can_interface_status__rosidl_typesupport_introspection_cpp.hpp\n'}
[3.572427] (px4_msgs) StdoutLine: {'line': b'-- Up-to-date: /home/rschnurr/SkyClaw-Team1/ros2_ws/install/px4_msgs/include/px4_msgs/px4_msgs/msg/detail/sensor_gyro_fifo__type_support.cpp\n'}
[3.572664] (px4_msgs) StdoutLine: {'line': b'-- Up-to-date: /home/rschnurr/SkyClaw-Team1/ros2_ws/install/px4_msgs/include/px4_msgs/px4_msgs/msg/detail/rover_position_setpoint__type_support.cpp\n'}
[3.572856] (px4_msgs) StdoutLine: {'line': b'-- Up-to-date: /home/rschnurr/SkyClaw-Team1/ros2_ws/install/px4_msgs/include/px4_msgs/px4_msgs/msg/detail/power_monitor__rosidl_typesupport_introspection_cpp.hpp\n'}
[3.572968] (px4_msgs) StdoutLine: {'line': b'-- Up-to-date: /home/rschnurr/SkyClaw-Team1/ros2_ws/install/px4_msgs/include/px4_msgs/px4_msgs/msg/detail/landing_gear__rosidl_typesupport_introspection_cpp.hpp\n'}
[3.573032] (px4_msgs) StdoutLine: {'line': b'-- Up-to-date: /home/rschnurr/SkyClaw-Team1/ros2_ws/install/px4_msgs/include/px4_msgs/px4_msgs/msg/detail/position_controller_status__rosidl_typesupport_introspection_cpp.hpp\n'}
[3.573085] (px4_msgs) StdoutLine: {'line': b'-- Up-to-date: /home/rschnurr/SkyClaw-Team1/ros2_ws/install/px4_msgs/include/px4_msgs/px4_msgs/msg/detail/rc_parameter_map__rosidl_typesupport_introspection_cpp.hpp\n'}
[3.573134] (px4_msgs) StdoutLine: {'line': b'-- Up-to-date: /home/rschnurr/SkyClaw-Team1/ros2_ws/install/px4_msgs/include/px4_msgs/px4_msgs/msg/detail/fuel_tank_status__type_support.cpp\n'}
[3.573186] (px4_msgs) StdoutLine: {'line': b'-- Up-to-date: /home/rschnurr/SkyClaw-Team1/ros2_ws/install/px4_msgs/include/px4_msgs/px4_msgs/msg/detail/orb_test__type_support.cpp\n'}
[3.573522] (px4_msgs) StdoutLine: {'line': b'-- Up-to-date: /home/rschnurr/SkyClaw-Team1/ros2_ws/install/px4_msgs/include/px4_msgs/px4_msgs/msg/detail/yaw_estimator_status__rosidl_typesupport_introspection_cpp.hpp\n'}
[3.573656] (px4_msgs) StdoutLine: {'line': b'-- Up-to-date: /home/rschnurr/SkyClaw-Team1/ros2_ws/install/px4_msgs/include/px4_msgs/px4_msgs/msg/detail/camera_status__rosidl_typesupport_introspection_cpp.hpp\n'}
[3.573724] (px4_msgs) StdoutLine: {'line': b'-- Up-to-date: /home/rschnurr/SkyClaw-Team1/ros2_ws/install/px4_msgs/include/px4_msgs/px4_msgs/msg/detail/dataman_response__type_support.cpp\n'}
[3.573778] (px4_msgs) StdoutLine: {'line': b'-- Up-to-date: /home/rschnurr/SkyClaw-Team1/ros2_ws/install/px4_msgs/include/px4_msgs/px4_msgs/msg/detail/health_report__type_support.cpp\n'}
[3.573829] (px4_msgs) StdoutLine: {'line': b'-- Up-to-date: /home/rschnurr/SkyClaw-Team1/ros2_ws/install/px4_msgs/include/px4_msgs/px4_msgs/msg/detail/camera_trigger__rosidl_typesupport_introspection_cpp.hpp\n'}
[3.573883] (px4_msgs) StdoutLine: {'line': b'-- Up-to-date: /home/rschnurr/SkyClaw-Team1/ros2_ws/install/px4_msgs/include/px4_msgs/px4_msgs/msg/detail/mag_worker_data__type_support.cpp\n'}
[3.574496] (px4_msgs) StdoutLine: {'line': b'-- Up-to-date: /home/rschnurr/SkyClaw-Team1/ros2_ws/install/px4_msgs/include/px4_msgs/px4_msgs/msg/detail/mavlink_log__rosidl_typesupport_introspection_cpp.hpp\n'}
[3.574571] (px4_msgs) StdoutLine: {'line': b'-- Up-to-date: /home/rschnurr/SkyClaw-Team1/ros2_ws/install/px4_msgs/include/px4_msgs/px4_msgs/msg/detail/fixed_wing_runway_control__type_support.cpp\n'}
[3.574629] (px4_msgs) StdoutLine: {'line': b'-- Up-to-date: /home/rschnurr/SkyClaw-Team1/ros2_ws/install/px4_msgs/include/px4_msgs/px4_msgs/msg/detail/debug_array__rosidl_typesupport_introspection_cpp.hpp\n'}
[3.574680] (px4_msgs) StdoutLine: {'line': b'-- Up-to-date: /home/rschnurr/SkyClaw-Team1/ros2_ws/install/px4_msgs/include/px4_msgs/px4_msgs/msg/detail/estimator_innovations__rosidl_typesupport_introspection_cpp.hpp\n'}
[3.574730] (px4_msgs) StdoutLine: {'line': b'-- Up-to-date: /home/rschnurr/SkyClaw-Team1/ros2_ws/install/px4_msgs/include/px4_msgs/px4_msgs/msg/detail/actuator_controls_status__rosidl_typesupport_introspection_cpp.hpp\n'}
[3.574789] (px4_msgs) StdoutLine: {'line': b'-- Up-to-date: /home/rschnurr/SkyClaw-Team1/ros2_ws/install/px4_msgs/include/px4_msgs/px4_msgs/msg/detail/autotune_attitude_control_status__rosidl_typesupport_introspection_cpp.hpp\n'}
[3.574839] (px4_msgs) StdoutLine: {'line': b'-- Up-to-date: /home/rschnurr/SkyClaw-Team1/ros2_ws/install/px4_msgs/include/px4_msgs/px4_msgs/msg/detail/rover_speed_status__rosidl_typesupport_introspection_cpp.hpp\n'}
[3.574889] (px4_msgs) StdoutLine: {'line': b'-- Up-to-date: /home/rschnurr/SkyClaw-Team1/ros2_ws/install/px4_msgs/include/px4_msgs/px4_msgs/msg/detail/estimator_bias3d__type_support.cpp\n'}
[3.574937] (px4_msgs) StdoutLine: {'line': b'-- Up-to-date: /home/rschnurr/SkyClaw-Team1/ros2_ws/install/px4_msgs/include/px4_msgs/px4_msgs/msg/detail/estimator_innovations__type_support.cpp\n'}
[3.574985] (px4_msgs) StdoutLine: {'line': b'-- Up-to-date: /home/rschnurr/SkyClaw-Team1/ros2_ws/install/px4_msgs/include/px4_msgs/px4_msgs/msg/detail/button_event__type_support.cpp\n'}
[3.575051] (px4_msgs) StdoutLine: {'line': b'-- Up-to-date: /home/rschnurr/SkyClaw-Team1/ros2_ws/install/px4_msgs/include/px4_msgs/px4_msgs/msg/detail/vehicle_global_position__rosidl_typesupport_introspection_cpp.hpp\n'}
[3.575438] (px4_msgs) StdoutLine: {'line': b'-- Up-to-date: /home/rschnurr/SkyClaw-Team1/ros2_ws/install/px4_msgs/include/px4_msgs/px4_msgs/msg/detail/trajectory_setpoint6dof__rosidl_typesupport_introspection_cpp.hpp\n'}
[3.575592] (px4_msgs) StdoutLine: {'line': b'-- Up-to-date: /home/rschnurr/SkyClaw-Team1/ros2_ws/install/px4_msgs/include/px4_msgs/px4_msgs/msg/detail/estimator_aid_source1d__type_support.cpp\n'}
[3.575772] (px4_msgs) StdoutLine: {'line': b'-- Up-to-date: /home/rschnurr/SkyClaw-Team1/ros2_ws/install/px4_msgs/include/px4_msgs/px4_msgs/msg/detail/sensors_status_imu__type_support.cpp\n'}
[3.575949] (px4_msgs) StdoutLine: {'line': b'-- Up-to-date: /home/rschnurr/SkyClaw-Team1/ros2_ws/install/px4_msgs/include/px4_msgs/px4_msgs/msg/detail/actuator_servos_trim__rosidl_typesupport_introspection_cpp.hpp\n'}
[3.576090] (px4_msgs) StdoutLine: {'line': b'-- Up-to-date: /home/rschnurr/SkyClaw-Team1/ros2_ws/install/px4_msgs/include/px4_msgs/px4_msgs/msg/detail/vehicle_rates_setpoint__type_support.cpp\n'}
[3.576181] (px4_msgs) StdoutLine: {'line': b'-- Up-to-date: /home/rschnurr/SkyClaw-Team1/ros2_ws/install/px4_msgs/include/px4_msgs/px4_msgs/msg/detail/debug_vect__type_support.cpp\n'}
[3.576338] (px4_msgs) StdoutLine: {'line': b'-- Up-to-date: /home/rschnurr/SkyClaw-Team1/ros2_ws/install/px4_msgs/include/px4_msgs/px4_msgs/msg/detail/offboard_control_mode__type_support.cpp\n'}
[3.576531] (px4_msgs) StdoutLine: {'line': b'-- Up-to-date: /home/rschnurr/SkyClaw-Team1/ros2_ws/install/px4_msgs/include/px4_msgs/px4_msgs/msg/detail/vehicle_local_position__type_support.cpp\n'}
[3.576736] (px4_msgs) StdoutLine: {'line': b'-- Up-to-date: /home/rschnurr/SkyClaw-Team1/ros2_ws/install/px4_msgs/include/px4_msgs/px4_msgs/msg/detail/radio_status__type_support.cpp\n'}
[3.576901] (px4_msgs) StdoutLine: {'line': b'-- Up-to-date: /home/rschnurr/SkyClaw-Team1/ros2_ws/install/px4_msgs/include/px4_msgs/px4_msgs/msg/detail/adc_report__type_support.cpp\n'}
[3.577004] (px4_msgs) StdoutLine: {'line': b'-- Up-to-date: /home/rschnurr/SkyClaw-Team1/ros2_ws/install/px4_msgs/include/px4_msgs/px4_msgs/msg/detail/gimbal_device_attitude_status__rosidl_typesupport_introspection_cpp.hpp\n'}
[3.577600] (px4_msgs) StdoutLine: {'line': b'-- Up-to-date: /home/rschnurr/SkyClaw-Team1/ros2_ws/install/px4_msgs/include/px4_msgs/px4_msgs/msg/detail/distance_sensor__rosidl_typesupport_introspection_cpp.hpp\n'}
[3.578126] (px4_msgs) StdoutLine: {'line': b'-- Up-to-date: /home/rschnurr/SkyClaw-Team1/ros2_ws/install/px4_msgs/include/px4_msgs/px4_msgs/msg/detail/generator_status__rosidl_typesupport_introspection_cpp.hpp\n'}
[3.578836] (px4_msgs) StdoutLine: {'line': b'-- Up-to-date: /home/rschnurr/SkyClaw-Team1/ros2_ws/install/px4_msgs/include/px4_msgs/px4_msgs/msg/detail/orb_test_large__type_support.cpp\n'}
[3.579007] (px4_msgs) StdoutLine: {'line': b'-- Up-to-date: /home/rschnurr/SkyClaw-Team1/ros2_ws/install/px4_msgs/include/px4_msgs/px4_msgs/msg/detail/manual_control_setpoint__type_support.cpp\n'}
[3.579350] (px4_msgs) StdoutLine: {'line': b'-- Up-to-date: /home/rschnurr/SkyClaw-Team1/ros2_ws/install/px4_msgs/include/px4_msgs/px4_msgs/msg/detail/parameter_reset_request__rosidl_typesupport_introspection_cpp.hpp\n'}
[3.579801] (px4_msgs) StdoutLine: {'line': b'-- Up-to-date: /home/rschnurr/SkyClaw-Team1/ros2_ws/install/px4_msgs/include/px4_msgs/px4_msgs/msg/detail/open_drone_id_operator_id__rosidl_typesupport_introspection_cpp.hpp\n'}
[3.579936] (px4_msgs) StdoutLine: {'line': b'-- Up-to-date: /home/rschnurr/SkyClaw-Team1/ros2_ws/install/px4_msgs/include/px4_msgs/px4_msgs/msg/detail/dataman_request__rosidl_typesupport_introspection_cpp.hpp\n'}
[3.580001] (px4_msgs) StdoutLine: {'line': b'-- Up-to-date: /home/rschnurr/SkyClaw-Team1/ros2_ws/install/px4_msgs/include/px4_msgs/px4_msgs/msg/detail/rover_throttle_setpoint__type_support.cpp\n'}
[3.580054] (px4_msgs) StdoutLine: {'line': b'-- Up-to-date: /home/rschnurr/SkyClaw-Team1/ros2_ws/install/px4_msgs/include/px4_msgs/px4_msgs/msg/detail/sensor_hygrometer__rosidl_typesupport_introspection_cpp.hpp\n'}
[3.580107] (px4_msgs) StdoutLine: {'line': b'-- Up-to-date: /home/rschnurr/SkyClaw-Team1/ros2_ws/install/px4_msgs/include/px4_msgs/px4_msgs/msg/detail/fixed_wing_longitudinal_setpoint__rosidl_typesupport_introspection_cpp.hpp\n'}
[3.580163] (px4_msgs) StdoutLine: {'line': b'-- Up-to-date: /home/rschnurr/SkyClaw-Team1/ros2_ws/install/px4_msgs/include/px4_msgs/px4_msgs/msg/detail/sensor_gnss_relative__rosidl_typesupport_introspection_cpp.hpp\n'}
[3.580480] (px4_msgs) StdoutLine: {'line': b'-- Up-to-date: /home/rschnurr/SkyClaw-Team1/ros2_ws/install/px4_msgs/include/px4_msgs/px4_msgs/msg/detail/estimator_sensor_bias__rosidl_typesupport_introspection_cpp.hpp\n'}
[3.580983] (px4_msgs) StdoutLine: {'line': b'-- Up-to-date: /home/rschnurr/SkyClaw-Team1/ros2_ws/install/px4_msgs/include/px4_msgs/px4_msgs/msg/detail/open_drone_id_self_id__type_support.cpp\n'}
[3.581497] (px4_msgs) StdoutLine: {'line': b'-- Up-to-date: /home/rschnurr/SkyClaw-Team1/ros2_ws/install/px4_msgs/include/px4_msgs/px4_msgs/msg/detail/fixed_wing_runway_control__rosidl_typesupport_introspection_cpp.hpp\n'}
[3.582017] (px4_msgs) StdoutLine: {'line': b'-- Up-to-date: /home/rschnurr/SkyClaw-Team1/ros2_ws/install/px4_msgs/include/px4_msgs/px4_msgs/msg/detail/rover_speed_status__type_support.cpp\n'}
[3.582551] (px4_msgs) StdoutLine: {'line': b'-- Up-to-date: /home/rschnurr/SkyClaw-Team1/ros2_ws/install/px4_msgs/include/px4_msgs/px4_msgs/msg/detail/sensor_baro__type_support.cpp\n'}
[3.583053] (px4_msgs) StdoutLine: {'line': b'-- Up-to-date: /home/rschnurr/SkyClaw-Team1/ros2_ws/install/px4_msgs/include/px4_msgs/px4_msgs/msg/detail/goto_setpoint__type_support.cpp\n'}
[3.583656] (px4_msgs) StdoutLine: {'line': b'-- Up-to-date: /home/rschnurr/SkyClaw-Team1/ros2_ws/install/px4_msgs/include/px4_msgs/px4_msgs/msg/detail/fixed_wing_lateral_status__type_support.cpp\n'}
[3.583765] (px4_msgs) StdoutLine: {'line': b'-- Up-to-date: /home/rschnurr/SkyClaw-Team1/ros2_ws/install/px4_msgs/include/px4_msgs/px4_msgs/msg/detail/mavlink_log__type_support.cpp\n'}
[3.583919] (px4_msgs) StdoutLine: {'line': b'-- Up-to-date: /home/rschnurr/SkyClaw-Team1/ros2_ws/install/px4_msgs/include/px4_msgs/px4_msgs/msg/detail/vehicle_roi__type_support.cpp\n'}
[3.584232] (px4_msgs) StdoutLine: {'line': b'-- Up-to-date: /home/rschnurr/SkyClaw-Team1/ros2_ws/install/px4_msgs/include/px4_msgs/px4_msgs/msg/detail/gimbal_device_set_attitude__rosidl_typesupport_introspection_cpp.hpp\n'}
[3.584313] (px4_msgs) StdoutLine: {'line': b'-- Up-to-date: /home/rschnurr/SkyClaw-Team1/ros2_ws/install/px4_msgs/include/px4_msgs/px4_msgs/msg/detail/estimator_selector_status__rosidl_typesupport_introspection_cpp.hpp\n'}
[3.584371] (px4_msgs) StdoutLine: {'line': b'-- Up-to-date: /home/rschnurr/SkyClaw-Team1/ros2_ws/install/px4_msgs/include/px4_msgs/px4_msgs/msg/detail/open_drone_id_system__rosidl_typesupport_introspection_cpp.hpp\n'}
[3.584425] (px4_msgs) StdoutLine: {'line': b'-- Up-to-date: /home/rschnurr/SkyClaw-Team1/ros2_ws/install/px4_msgs/include/px4_msgs/px4_msgs/msg/detail/internal_combustion_engine_control__rosidl_typesupport_introspection_cpp.hpp\n'}
[3.584511] (px4_msgs) StdoutLine: {'line': b'-- Up-to-date: /home/rschnurr/SkyClaw-Team1/ros2_ws/install/px4_msgs/include/px4_msgs/px4_msgs/msg/detail/actuator_outputs__rosidl_typesupport_introspection_cpp.hpp\n'}
[3.584716] (px4_msgs) StdoutLine: {'line': b'-- Up-to-date: /home/rschnurr/SkyClaw-Team1/ros2_ws/install/px4_msgs/include/px4_msgs/px4_msgs/msg/detail/home_position__rosidl_typesupport_introspection_cpp.hpp\n'}
[3.585126] (px4_msgs) StdoutLine: {'line': b'-- Up-to-date: /home/rschnurr/SkyClaw-Team1/ros2_ws/install/px4_msgs/include/px4_msgs/px4_msgs/msg/detail/battery_info__type_support.cpp\n'}
[3.585462] (px4_msgs) StdoutLine: {'line': b'-- Up-to-date: /home/rschnurr/SkyClaw-Team1/ros2_ws/install/px4_msgs/include/px4_msgs/px4_msgs/msg/detail/failsafe_flags__type_support.cpp\n'}
[3.585790] (px4_msgs) StdoutLine: {'line': b'-- Up-to-date: /home/rschnurr/SkyClaw-Team1/ros2_ws/install/px4_msgs/include/px4_msgs/px4_msgs/msg/detail/gpio_in__type_support.cpp\n'}
[3.586122] (px4_msgs) StdoutLine: {'line': b'-- Up-to-date: /home/rschnurr/SkyClaw-Team1/ros2_ws/install/px4_msgs/include/px4_msgs/px4_msgs/msg/detail/vehicle_control_mode__rosidl_typesupport_introspection_cpp.hpp\n'}
[3.586755] (px4_msgs) StdoutLine: {'line': b'-- Up-to-date: /home/rschnurr/SkyClaw-Team1/ros2_ws/install/px4_msgs/include/px4_msgs/px4_msgs/msg/detail/vehicle_imu__rosidl_typesupport_introspection_cpp.hpp\n'}
[3.586926] (px4_msgs) StdoutLine: {'line': b'-- Up-to-date: /home/rschnurr/SkyClaw-Team1/ros2_ws/install/px4_msgs/include/px4_msgs/px4_msgs/msg/detail/goto_setpoint__rosidl_typesupport_introspection_cpp.hpp\n'}
[3.587008] (px4_msgs) StdoutLine: {'line': b'-- Up-to-date: /home/rschnurr/SkyClaw-Team1/ros2_ws/install/px4_msgs/include/px4_msgs/px4_msgs/msg/detail/vehicle_command__rosidl_typesupport_introspection_cpp.hpp\n'}
[3.587107] (px4_msgs) StdoutLine: {'line': b'-- Up-to-date: /home/rschnurr/SkyClaw-Team1/ros2_ws/install/px4_msgs/include/px4_msgs/px4_msgs/msg/detail/arming_check_reply__rosidl_typesupport_introspection_cpp.hpp\n'}
[3.587171] (px4_msgs) StdoutLine: {'line': b'-- Up-to-date: /home/rschnurr/SkyClaw-Team1/ros2_ws/install/px4_msgs/include/px4_msgs/px4_msgs/msg/detail/actuator_servos__type_support.cpp\n'}
[3.587579] (px4_msgs) StdoutLine: {'line': b'-- Up-to-date: /home/rschnurr/SkyClaw-Team1/ros2_ws/install/px4_msgs/include/px4_msgs/px4_msgs/msg/detail/estimator_gps_status__rosidl_typesupport_introspection_cpp.hpp\n'}
[3.589295] (px4_msgs) StdoutLine: {'line': b'-- Up-to-date: /home/rschnurr/SkyClaw-Team1/ros2_ws/install/px4_msgs/include/px4_msgs/px4_msgs/msg/detail/vehicle_attitude_setpoint__rosidl_typesupport_introspection_cpp.hpp\n'}
[3.589708] (px4_msgs) StdoutLine: {'line': b'-- Up-to-date: /home/rschnurr/SkyClaw-Team1/ros2_ws/install/px4_msgs/include/px4_msgs/px4_msgs/msg/detail/velocity_limits__rosidl_typesupport_introspection_cpp.hpp\n'}
[3.590106] (px4_msgs) StdoutLine: {'line': b'-- Up-to-date: /home/rschnurr/SkyClaw-Team1/ros2_ws/install/px4_msgs/include/px4_msgs/px4_msgs/msg/detail/parameter_reset_request__type_support.cpp\n'}
[3.590669] (px4_msgs) StdoutLine: {'line': b'-- Up-to-date: /home/rschnurr/SkyClaw-Team1/ros2_ws/install/px4_msgs/include/px4_msgs/px4_msgs/msg/detail/gimbal_device_attitude_status__type_support.cpp\n'}
[3.591096] (px4_msgs) StdoutLine: {'line': b'-- Up-to-date: /home/rschnurr/SkyClaw-Team1/ros2_ws/install/px4_msgs/include/px4_msgs/px4_msgs/msg/detail/control_allocator_status__type_support.cpp\n'}
[3.591598] (px4_msgs) StdoutLine: {'line': b'-- Up-to-date: /home/rschnurr/SkyClaw-Team1/ros2_ws/install/px4_msgs/include/px4_msgs/px4_msgs/msg/detail/vehicle_air_data__rosidl_typesupport_introspection_cpp.hpp\n'}
[3.592058] (px4_msgs) StdoutLine: {'line': b'-- Up-to-date: /home/rschnurr/SkyClaw-Team1/ros2_ws/install/px4_msgs/include/px4_msgs/px4_msgs/msg/detail/launch_detection_status__rosidl_typesupport_introspection_cpp.hpp\n'}
[3.592791] (px4_msgs) StdoutLine: {'line': b'-- Up-to-date: /home/rschnurr/SkyClaw-Team1/ros2_ws/install/px4_msgs/include/px4_msgs/px4_msgs/msg/detail/mission_result__type_support.cpp\n'}
[3.592937] (px4_msgs) StdoutLine: {'line': b'-- Up-to-date: /home/rschnurr/SkyClaw-Team1/ros2_ws/install/px4_msgs/include/px4_msgs/px4_msgs/msg/detail/mode_completed__rosidl_typesupport_introspection_cpp.hpp\n'}
[3.593274] (px4_msgs) StdoutLine: {'line': b'-- Up-to-date: /home/rschnurr/SkyClaw-Team1/ros2_ws/install/px4_msgs/include/px4_msgs/px4_msgs/msg/detail/sensor_gyro__rosidl_typesupport_introspection_cpp.hpp\n'}
[3.593842] (px4_msgs) StdoutLine: {'line': b'-- Up-to-date: /home/rschnurr/SkyClaw-Team1/ros2_ws/install/px4_msgs/include/px4_msgs/px4_msgs/msg/detail/open_drone_id_system__type_support.cpp\n'}
[3.594186] (px4_msgs) StdoutLine: {'line': b'-- Up-to-date: /home/rschnurr/SkyClaw-Team1/ros2_ws/install/px4_msgs/include/px4_msgs/px4_msgs/msg/detail/can_interface_status__type_support.cpp\n'}
[3.594515] (px4_msgs) StdoutLine: {'line': b'-- Up-to-date: /home/rschnurr/SkyClaw-Team1/ros2_ws/install/px4_msgs/include/px4_msgs/px4_msgs/msg/detail/geofence_status__rosidl_typesupport_introspection_cpp.hpp\n'}
[3.594910] (px4_msgs) StdoutLine: {'line': b'-- Up-to-date: /home/rschnurr/SkyClaw-Team1/ros2_ws/install/px4_msgs/include/px4_msgs/px4_msgs/msg/detail/pure_pursuit_status__rosidl_typesupport_introspection_cpp.hpp\n'}
[3.595355] (px4_msgs) StdoutLine: {'line': b'-- Up-to-date: /home/rschnurr/SkyClaw-Team1/ros2_ws/install/px4_msgs/include/px4_msgs/px4_msgs/msg/detail/sensor_gyro_fifo__rosidl_typesupport_introspection_cpp.hpp\n'}
[3.596108] (px4_msgs) StdoutLine: {'line': b'-- Up-to-date: /home/rschnurr/SkyClaw-Team1/ros2_ws/install/px4_msgs/include/px4_msgs/px4_msgs/msg/detail/autotune_attitude_control_status__type_support.cpp\n'}
[3.596408] (px4_msgs) StdoutLine: {'line': b'-- Up-to-date: /home/rschnurr/SkyClaw-Team1/ros2_ws/install/px4_msgs/include/px4_msgs/px4_msgs/msg/detail/vehicle_constraints__type_support.cpp\n'}
[3.596644] (px4_msgs) StdoutLine: {'line': b'-- Up-to-date: /home/rschnurr/SkyClaw-Team1/ros2_ws/install/px4_msgs/include/px4_msgs/px4_msgs/msg/detail/launch_detection_status__type_support.cpp\n'}
[3.596774] (px4_msgs) StdoutLine: {'line': b'-- Up-to-date: /home/rschnurr/SkyClaw-Team1/ros2_ws/install/px4_msgs/include/px4_msgs/px4_msgs/msg/detail/actuator_motors__type_support.cpp\n'}
[3.597086] (px4_msgs) StdoutLine: {'line': b'-- Up-to-date: /home/rschnurr/SkyClaw-Team1/ros2_ws/install/px4_msgs/include/px4_msgs/px4_msgs/msg/detail/position_controller_status__type_support.cpp\n'}
[3.597279] (px4_msgs) StdoutLine: {'line': b'-- Up-to-date: /home/rschnurr/SkyClaw-Team1/ros2_ws/install/px4_msgs/include/px4_msgs/px4_msgs/msg/detail/debug_value__type_support.cpp\n'}
[3.597701] (px4_msgs) StdoutLine: {'line': b'-- Up-to-date: /home/rschnurr/SkyClaw-Team1/ros2_ws/install/px4_msgs/include/px4_msgs/px4_msgs/msg/detail/message_format_request__rosidl_typesupport_introspection_cpp.hpp\n'}
[3.598186] (px4_msgs) StdoutLine: {'line': b'-- Up-to-date: /home/rschnurr/SkyClaw-Team1/ros2_ws/install/px4_msgs/include/px4_msgs/px4_msgs/msg/detail/led_control__type_support.cpp\n'}
[3.598529] (px4_msgs) StdoutLine: {'line': b'-- Up-to-date: /home/rschnurr/SkyClaw-Team1/ros2_ws/install/px4_msgs/include/px4_msgs/px4_msgs/msg/detail/ekf2_timestamps__type_support.cpp\n'}
[3.598780] (px4_msgs) StdoutLine: {'line': b'-- Up-to-date: /home/rschnurr/SkyClaw-Team1/ros2_ws/install/px4_msgs/include/px4_msgs/px4_msgs/msg/detail/vehicle_command_ack__type_support.cpp\n'}
[3.598888] (px4_msgs) StdoutLine: {'line': b'-- Up-to-date: /home/rschnurr/SkyClaw-Team1/ros2_ws/install/px4_msgs/include/px4_msgs/px4_msgs/msg/detail/vehicle_command_ack__rosidl_typesupport_introspection_cpp.hpp\n'}
[3.599624] (px4_msgs) StdoutLine: {'line': b'-- Up-to-date: /home/rschnurr/SkyClaw-Team1/ros2_ws/install/px4_msgs/include/px4_msgs/px4_msgs/msg/detail/rover_attitude_setpoint__rosidl_typesupport_introspection_cpp.hpp\n'}
[3.599818] (px4_msgs) StdoutLine: {'line': b'-- Up-to-date: /home/rschnurr/SkyClaw-Team1/ros2_ws/install/px4_msgs/include/px4_msgs/px4_msgs/msg/detail/estimator_bias__rosidl_typesupport_introspection_cpp.hpp\n'}
[3.600016] (px4_msgs) StdoutLine: {'line': b'-- Up-to-date: /home/rschnurr/SkyClaw-Team1/ros2_ws/install/px4_msgs/include/px4_msgs/px4_msgs/msg/detail/camera_capture__type_support.cpp\n'}
[3.600111] (px4_msgs) StdoutLine: {'line': b'-- Up-to-date: /home/rschnurr/SkyClaw-Team1/ros2_ws/install/px4_msgs/include/px4_msgs/px4_msgs/msg/detail/vehicle_acceleration__rosidl_typesupport_introspection_cpp.hpp\n'}
[3.600354] (px4_msgs) StdoutLine: {'line': b'-- Up-to-date: /home/rschnurr/SkyClaw-Team1/ros2_ws/install/px4_msgs/include/px4_msgs/px4_msgs/msg/detail/longitudinal_control_configuration__type_support.cpp\n'}
[3.600949] (px4_msgs) StdoutLine: {'line': b'-- Up-to-date: /home/rschnurr/SkyClaw-Team1/ros2_ws/install/px4_msgs/include/px4_msgs/px4_msgs/msg/detail/debug_key_value__rosidl_typesupport_introspection_cpp.hpp\n'}
[3.601129] (px4_msgs) StdoutLine: {'line': b'-- Up-to-date: /home/rschnurr/SkyClaw-Team1/ros2_ws/install/px4_msgs/include/px4_msgs/px4_msgs/msg/detail/rtl_status__rosidl_typesupport_introspection_cpp.hpp\n'}
[3.601273] (px4_msgs) StdoutLine: {'line': b'-- Up-to-date: /home/rschnurr/SkyClaw-Team1/ros2_ws/install/px4_msgs/include/px4_msgs/px4_msgs/msg/detail/sensor_correction__type_support.cpp\n'}
[3.601426] (px4_msgs) StdoutLine: {'line': b'-- Up-to-date: /home/rschnurr/SkyClaw-Team1/ros2_ws/install/px4_msgs/include/px4_msgs/px4_msgs/msg/detail/led_control__rosidl_typesupport_introspection_cpp.hpp\n'}
[3.601489] (px4_msgs) StdoutLine: {'line': b'-- Up-to-date: /home/rschnurr/SkyClaw-Team1/ros2_ws/install/px4_msgs/include/px4_msgs/px4_msgs/msg/detail/fuel_tank_status__rosidl_typesupport_introspection_cpp.hpp\n'}
[3.601542] (px4_msgs) StdoutLine: {'line': b'-- Up-to-date: /home/rschnurr/SkyClaw-Team1/ros2_ws/install/px4_msgs/include/px4_msgs/px4_msgs/msg/detail/gpio_config__type_support.cpp\n'}
[3.601594] (px4_msgs) StdoutLine: {'line': b'-- Up-to-date: /home/rschnurr/SkyClaw-Team1/ros2_ws/install/px4_msgs/include/px4_msgs/px4_msgs/msg/detail/actuator_motors__rosidl_typesupport_introspection_cpp.hpp\n'}
[3.601642] (px4_msgs) StdoutLine: {'line': b'-- Up-to-date: /home/rschnurr/SkyClaw-Team1/ros2_ws/install/px4_msgs/include/px4_msgs/px4_msgs/msg/detail/actuator_test__rosidl_typesupport_introspection_cpp.hpp\n'}
[3.602015] (px4_msgs) StdoutLine: {'line': b'-- Up-to-date: /home/rschnurr/SkyClaw-Team1/ros2_ws/install/px4_msgs/include/px4_msgs/px4_msgs/msg/detail/cellular_status__type_support.cpp\n'}
[3.602500] (px4_msgs) StdoutLine: {'line': b'-- Up-to-date: /home/rschnurr/SkyClaw-Team1/ros2_ws/install/px4_msgs/include/px4_msgs/px4_msgs/msg/detail/flight_phase_estimation__rosidl_typesupport_introspection_cpp.hpp\n'}
[3.603080] (px4_msgs) StdoutLine: {'line': b'-- Up-to-date: /home/rschnurr/SkyClaw-Team1/ros2_ws/install/px4_msgs/include/px4_msgs/px4_msgs/msg/detail/orb_test_medium__rosidl_typesupport_introspection_cpp.hpp\n'}
[3.603585] (px4_msgs) StdoutLine: {'line': b'-- Up-to-date: /home/rschnurr/SkyClaw-Team1/ros2_ws/install/px4_msgs/include/px4_msgs/px4_msgs/msg/detail/vehicle_acceleration__type_support.cpp\n'}
[3.603725] (px4_msgs) StdoutLine: {'line': b'-- Up-to-date: /home/rschnurr/SkyClaw-Team1/ros2_ws/install/px4_msgs/include/px4_msgs/px4_msgs/msg/detail/sensor_accel_fifo__type_support.cpp\n'}
[3.603789] (px4_msgs) StdoutLine: {'line': b'-- Up-to-date: /home/rschnurr/SkyClaw-Team1/ros2_ws/install/px4_msgs/include/px4_msgs/px4_msgs/msg/detail/tecs_status__type_support.cpp\n'}
[3.603889] (px4_msgs) StdoutLine: {'line': b'-- Up-to-date: /home/rschnurr/SkyClaw-Team1/ros2_ws/install/px4_msgs/include/px4_msgs/px4_msgs/msg/detail/camera_capture__rosidl_typesupport_introspection_cpp.hpp\n'}
[3.604053] (px4_msgs) StdoutLine: {'line': b'-- Up-to-date: /home/rschnurr/SkyClaw-Team1/ros2_ws/install/px4_msgs/include/px4_msgs/px4_msgs/msg/detail/internal_combustion_engine_status__type_support.cpp\n'}
[3.604201] (px4_msgs) StdoutLine: {'line': b'-- Up-to-date: /home/rschnurr/SkyClaw-Team1/ros2_ws/install/px4_msgs/include/px4_msgs/px4_msgs/msg/detail/orb_test_medium__type_support.cpp\n'}
[3.604624] (px4_msgs) StdoutLine: {'line': b'-- Up-to-date: /home/rschnurr/SkyClaw-Team1/ros2_ws/install/px4_msgs/include/px4_msgs/px4_msgs/msg/detail/sensor_selection__type_support.cpp\n'}
[3.604720] (px4_msgs) StdoutLine: {'line': b'-- Up-to-date: /home/rschnurr/SkyClaw-Team1/ros2_ws/install/px4_msgs/include/px4_msgs/px4_msgs/msg/detail/tune_control__type_support.cpp\n'}
[3.604783] (px4_msgs) StdoutLine: {'line': b'-- Up-to-date: /home/rschnurr/SkyClaw-Team1/ros2_ws/install/px4_msgs/include/px4_msgs/px4_msgs/msg/detail/sensor_uwb__rosidl_typesupport_introspection_cpp.hpp\n'}
[3.604835] (px4_msgs) StdoutLine: {'line': b'-- Up-to-date: /home/rschnurr/SkyClaw-Team1/ros2_ws/install/px4_msgs/include/px4_msgs/px4_msgs/msg/detail/geofence_result__type_support.cpp\n'}
[3.604883] (px4_msgs) StdoutLine: {'line': b'-- Up-to-date: /home/rschnurr/SkyClaw-Team1/ros2_ws/install/px4_msgs/include/px4_msgs/px4_msgs/msg/detail/manual_control_switches__rosidl_typesupport_introspection_cpp.hpp\n'}
[3.604944] (px4_msgs) StdoutLine: {'line': b'-- Up-to-date: /home/rschnurr/SkyClaw-Team1/ros2_ws/install/px4_msgs/include/px4_msgs/px4_msgs/msg/detail/fixed_wing_lateral_status__rosidl_typesupport_introspection_cpp.hpp\n'}
[3.604990] (px4_msgs) StdoutLine: {'line': b'-- Up-to-date: /home/rschnurr/SkyClaw-Team1/ros2_ws/install/px4_msgs/include/px4_msgs/px4_msgs/msg/detail/estimator_gps_status__type_support.cpp\n'}
[3.605183] (px4_msgs) StdoutLine: {'line': b'-- Up-to-date: /home/rschnurr/SkyClaw-Team1/ros2_ws/install/px4_msgs/include/px4_msgs/px4_msgs/msg/detail/sensor_gnss_status__type_support.cpp\n'}
[3.605608] (px4_msgs) StdoutLine: {'line': b'-- Up-to-date: /home/rschnurr/SkyClaw-Team1/ros2_ws/install/px4_msgs/include/px4_msgs/px4_msgs/msg/detail/gpio_in__rosidl_typesupport_introspection_cpp.hpp\n'}
[3.605700] (px4_msgs) StdoutLine: {'line': b'-- Up-to-date: /home/rschnurr/SkyClaw-Team1/ros2_ws/install/px4_msgs/include/px4_msgs/px4_msgs/msg/detail/flight_phase_estimation__type_support.cpp\n'}
[3.605938] (px4_msgs) StdoutLine: {'line': b'-- Up-to-date: /home/rschnurr/SkyClaw-Team1/ros2_ws/install/px4_msgs/include/px4_msgs/px4_msgs/msg/detail/irlock_report__rosidl_typesupport_introspection_cpp.hpp\n'}
[3.606108] (px4_msgs) StdoutLine: {'line': b'-- Up-to-date: /home/rschnurr/SkyClaw-Team1/ros2_ws/install/px4_msgs/include/px4_msgs/px4_msgs/msg/detail/ping__type_support.cpp\n'}
[3.606389] (px4_msgs) StdoutLine: {'line': b'-- Up-to-date: /home/rschnurr/SkyClaw-Team1/ros2_ws/install/px4_msgs/include/px4_msgs/px4_msgs/msg/detail/distance_sensor_mode_change_request__rosidl_typesupport_introspection_cpp.hpp\n'}
[3.606951] (px4_msgs) StdoutLine: {'line': b'-- Up-to-date: /home/rschnurr/SkyClaw-Team1/ros2_ws/install/px4_msgs/include/px4_msgs/px4_msgs/msg/detail/camera_trigger__type_support.cpp\n'}
[3.607207] (px4_msgs) StdoutLine: {'line': b'-- Up-to-date: /home/rschnurr/SkyClaw-Team1/ros2_ws/install/px4_msgs/include/px4_msgs/px4_msgs/msg/detail/estimator_sensor_bias__type_support.cpp\n'}
[3.607304] (px4_msgs) StdoutLine: {'line': b'-- Up-to-date: /home/rschnurr/SkyClaw-Team1/ros2_ws/install/px4_msgs/include/px4_msgs/px4_msgs/msg/detail/dataman_response__rosidl_typesupport_introspection_cpp.hpp\n'}
[3.607364] (px4_msgs) StdoutLine: {'line': b'-- Up-to-date: /home/rschnurr/SkyClaw-Team1/ros2_ws/install/px4_msgs/include/px4_msgs/px4_msgs/msg/detail/vehicle_imu__type_support.cpp\n'}
[3.607535] (px4_msgs) StdoutLine: {'line': b'-- Up-to-date: /home/rschnurr/SkyClaw-Team1/ros2_ws/install/px4_msgs/include/px4_msgs/px4_msgs/msg/detail/ulog_stream_ack__type_support.cpp\n'}
[3.607915] (px4_msgs) StdoutLine: {'line': b'-- Up-to-date: /home/rschnurr/SkyClaw-Team1/ros2_ws/install/px4_msgs/include/px4_msgs/px4_msgs/msg/detail/parameter_update__rosidl_typesupport_introspection_cpp.hpp\n'}
[3.608062] (px4_msgs) StdoutLine: {'line': b'-- Up-to-date: /home/rschnurr/SkyClaw-Team1/ros2_ws/install/px4_msgs/include/px4_msgs/px4_msgs/msg/detail/rc_channels__type_support.cpp\n'}
[3.608129] (px4_msgs) StdoutLine: {'line': b'-- Up-to-date: /home/rschnurr/SkyClaw-Team1/ros2_ws/install/px4_msgs/include/px4_msgs/px4_msgs/msg/detail/radio_status__rosidl_typesupport_introspection_cpp.hpp\n'}
[3.608184] (px4_msgs) StdoutLine: {'line': b'-- Up-to-date: /home/rschnurr/SkyClaw-Team1/ros2_ws/install/px4_msgs/include/px4_msgs/px4_msgs/msg/detail/landing_gear__type_support.cpp\n'}
[3.608234] (px4_msgs) StdoutLine: {'line': b'-- Up-to-date: /home/rschnurr/SkyClaw-Team1/ros2_ws/install/px4_msgs/include/px4_msgs/px4_msgs/msg/detail/failure_detector_status__type_support.cpp\n'}
[3.608290] (px4_msgs) StdoutLine: {'line': b'-- Up-to-date: /home/rschnurr/SkyClaw-Team1/ros2_ws/install/px4_msgs/include/px4_msgs/px4_msgs/msg/detail/gimbal_manager_set_attitude__type_support.cpp\n'}
[3.608339] (px4_msgs) StdoutLine: {'line': b'-- Up-to-date: /home/rschnurr/SkyClaw-Team1/ros2_ws/install/px4_msgs/include/px4_msgs/px4_msgs/msg/detail/gps_inject_data__rosidl_typesupport_introspection_cpp.hpp\n'}
[3.608385] (px4_msgs) StdoutLine: {'line': b'-- Up-to-date: /home/rschnurr/SkyClaw-Team1/ros2_ws/install/px4_msgs/include/px4_msgs/px4_msgs/msg/detail/gimbal_controls__type_support.cpp\n'}
[3.608431] (px4_msgs) StdoutLine: {'line': b'-- Up-to-date: /home/rschnurr/SkyClaw-Team1/ros2_ws/install/px4_msgs/include/px4_msgs/px4_msgs/msg/detail/vehicle_angular_velocity__rosidl_typesupport_introspection_cpp.hpp\n'}
[3.608477] (px4_msgs) StdoutLine: {'line': b'-- Up-to-date: /home/rschnurr/SkyClaw-Team1/ros2_ws/install/px4_msgs/include/px4_msgs/px4_msgs/msg/detail/task_stack_info__rosidl_typesupport_introspection_cpp.hpp\n'}
[3.608523] (px4_msgs) StdoutLine: {'line': b'-- Up-to-date: /home/rschnurr/SkyClaw-Team1/ros2_ws/install/px4_msgs/include/px4_msgs/px4_msgs/msg/detail/follow_target_estimator__rosidl_typesupport_introspection_cpp.hpp\n'}
[3.608567] (px4_msgs) StdoutLine: {'line': b'-- Up-to-date: /home/rschnurr/SkyClaw-Team1/ros2_ws/install/px4_msgs/include/px4_msgs/px4_msgs/msg/detail/follow_target__rosidl_typesupport_introspection_cpp.hpp\n'}
[3.608627] (px4_msgs) StdoutLine: {'line': b'-- Up-to-date: /home/rschnurr/SkyClaw-Team1/ros2_ws/install/px4_msgs/include/px4_msgs/px4_msgs/msg/detail/sensor_gnss_relative__type_support.cpp\n'}
[3.609231] (px4_msgs) StdoutLine: {'line': b'-- Up-to-date: /home/rschnurr/SkyClaw-Team1/ros2_ws/install/px4_msgs/include/px4_msgs/px4_msgs/msg/detail/vehicle_angular_acceleration_setpoint__rosidl_typesupport_introspection_cpp.hpp\n'}
[3.609680] (px4_msgs) StdoutLine: {'line': b'-- Up-to-date: /home/rschnurr/SkyClaw-Team1/ros2_ws/install/px4_msgs/include/px4_msgs/px4_msgs/msg/detail/gps_dump__rosidl_typesupport_introspection_cpp.hpp\n'}
[3.610201] (px4_msgs) StdoutLine: {'line': b'-- Up-to-date: /home/rschnurr/SkyClaw-Team1/ros2_ws/install/px4_msgs/include/px4_msgs/px4_msgs/msg/detail/rtl_time_estimate__rosidl_typesupport_introspection_cpp.hpp\n'}
[3.610733] (px4_msgs) StdoutLine: {'line': b'-- Up-to-date: /home/rschnurr/SkyClaw-Team1/ros2_ws/install/px4_msgs/include/px4_msgs/px4_msgs/msg/detail/estimator_aid_source2d__rosidl_typesupport_introspection_cpp.hpp\n'}
[3.611356] (px4_msgs) StdoutLine: {'line': b'-- Up-to-date: /home/rschnurr/SkyClaw-Team1/ros2_ws/install/px4_msgs/include/px4_msgs/px4_msgs/msg/detail/qshell_retval__type_support.cpp\n'}
[3.611623] (px4_msgs) StdoutLine: {'line': b'-- Up-to-date: /home/rschnurr/SkyClaw-Team1/ros2_ws/install/px4_msgs/include/px4_msgs/px4_msgs/msg/detail/vtol_vehicle_status__type_support.cpp\n'}
[3.611741] (px4_msgs) StdoutLine: {'line': b'-- Up-to-date: /home/rschnurr/SkyClaw-Team1/ros2_ws/install/px4_msgs/include/px4_msgs/px4_msgs/msg/detail/event__type_support.cpp\n'}
[3.612140] (px4_msgs) StdoutLine: {'line': b'-- Up-to-date: /home/rschnurr/SkyClaw-Team1/ros2_ws/install/px4_msgs/include/px4_msgs/px4_msgs/msg/detail/takeoff_status__rosidl_typesupport_introspection_cpp.hpp\n'}
[3.612300] (px4_msgs) StdoutLine: {'line': b'-- Up-to-date: /home/rschnurr/SkyClaw-Team1/ros2_ws/install/px4_msgs/include/px4_msgs/px4_msgs/msg/detail/follow_target_status__type_support.cpp\n'}
[3.612544] (px4_msgs) StdoutLine: {'line': b'-- Up-to-date: /home/rschnurr/SkyClaw-Team1/ros2_ws/install/px4_msgs/include/px4_msgs/px4_msgs/msg/detail/gimbal_manager_information__type_support.cpp\n'}
[3.612647] (px4_msgs) StdoutLine: {'line': b'-- Up-to-date: /home/rschnurr/SkyClaw-Team1/ros2_ws/install/px4_msgs/include/px4_msgs/px4_msgs/msg/detail/tecs_status__rosidl_typesupport_introspection_cpp.hpp\n'}
[3.612822] (px4_msgs) StdoutLine: {'line': b'-- Up-to-date: /home/rschnurr/SkyClaw-Team1/ros2_ws/install/px4_msgs/include/px4_msgs/px4_msgs/msg/detail/landing_target_pose__rosidl_typesupport_introspection_cpp.hpp\n'}
[3.613172] (px4_msgs) StdoutLine: {'line': b'-- Up-to-date: /home/rschnurr/SkyClaw-Team1/ros2_ws/install/px4_msgs/include/px4_msgs/px4_msgs/msg/detail/rover_rate_setpoint__rosidl_typesupport_introspection_cpp.hpp\n'}
[3.613693] (px4_msgs) StdoutLine: {'line': b'-- Up-to-date: /home/rschnurr/SkyClaw-Team1/ros2_ws/install/px4_msgs/include/px4_msgs/px4_msgs/msg/detail/obstacle_distance__type_support.cpp\n'}
[3.614214] (px4_msgs) StdoutLine: {'line': b'-- Up-to-date: /home/rschnurr/SkyClaw-Team1/ros2_ws/install/px4_msgs/include/px4_msgs/px4_msgs/msg/detail/vehicle_odometry__rosidl_typesupport_introspection_cpp.hpp\n'}
[3.614311] (px4_msgs) StdoutLine: {'line': b'-- Up-to-date: /home/rschnurr/SkyClaw-Team1/ros2_ws/install/px4_msgs/include/px4_msgs/px4_msgs/msg/detail/actuator_armed__type_support.cpp\n'}
[3.614371] (px4_msgs) StdoutLine: {'line': b'-- Up-to-date: /home/rschnurr/SkyClaw-Team1/ros2_ws/install/px4_msgs/include/px4_msgs/px4_msgs/msg/detail/gimbal_manager_set_attitude__rosidl_typesupport_introspection_cpp.hpp\n'}
[3.614422] (px4_msgs) StdoutLine: {'line': b'-- Up-to-date: /home/rschnurr/SkyClaw-Team1/ros2_ws/install/px4_msgs/include/px4_msgs/px4_msgs/msg/detail/logger_status__type_support.cpp\n'}
[3.614472] (px4_msgs) StdoutLine: {'line': b'-- Up-to-date: /home/rschnurr/SkyClaw-Team1/ros2_ws/install/px4_msgs/include/px4_msgs/px4_msgs/msg/detail/px4io_status__type_support.cpp\n'}
[3.614520] (px4_msgs) StdoutLine: {'line': b'-- Up-to-date: /home/rschnurr/SkyClaw-Team1/ros2_ws/install/px4_msgs/include/px4_msgs/px4_msgs/msg/detail/vehicle_status__type_support.cpp\n'}
[3.614566] (px4_msgs) StdoutLine: {'line': b'-- Up-to-date: /home/rschnurr/SkyClaw-Team1/ros2_ws/install/px4_msgs/include/px4_msgs/px4_msgs/msg/detail/pps_capture__type_support.cpp\n'}
[3.614612] (px4_msgs) StdoutLine: {'line': b'-- Up-to-date: /home/rschnurr/SkyClaw-Team1/ros2_ws/install/px4_msgs/include/px4_msgs/px4_msgs/msg/detail/ulog_stream__rosidl_typesupport_introspection_cpp.hpp\n'}
[3.614658] (px4_msgs) StdoutLine: {'line': b'-- Up-to-date: /home/rschnurr/SkyClaw-Team1/ros2_ws/install/px4_msgs/include/px4_msgs/px4_msgs/msg/detail/follow_target_estimator__type_support.cpp\n'}
[3.614703] (px4_msgs) StdoutLine: {'line': b'-- Up-to-date: /home/rschnurr/SkyClaw-Team1/ros2_ws/install/px4_msgs/include/px4_msgs/px4_msgs/msg/detail/gripper__type_support.cpp\n'}
[3.615116] (px4_msgs) StdoutLine: {'line': b'-- Up-to-date: /home/rschnurr/SkyClaw-Team1/ros2_ws/install/px4_msgs/include/px4_msgs/px4_msgs/msg/detail/rover_attitude_setpoint__type_support.cpp\n'}
[3.615236] (px4_msgs) StdoutLine: {'line': b'-- Up-to-date: /home/rschnurr/SkyClaw-Team1/ros2_ws/install/px4_msgs/include/px4_msgs/px4_msgs/msg/detail/battery_status__rosidl_typesupport_introspection_cpp.hpp\n'}
[3.615675] (px4_msgs) StdoutLine: {'line': b'-- Up-to-date: /home/rschnurr/SkyClaw-Team1/ros2_ws/install/px4_msgs/include/px4_msgs/px4_msgs/msg/detail/battery_info__rosidl_typesupport_introspection_cpp.hpp\n'}
[3.616113] (px4_msgs) StdoutLine: {'line': b'-- Up-to-date: /home/rschnurr/SkyClaw-Team1/ros2_ws/install/px4_msgs/include/px4_msgs/px4_msgs/msg/detail/mount_orientation__rosidl_typesupport_introspection_cpp.hpp\n'}
[3.616609] (px4_msgs) StdoutLine: {'line': b'-- Up-to-date: /home/rschnurr/SkyClaw-Team1/ros2_ws/install/px4_msgs/include/px4_msgs/px4_msgs/msg/detail/gpio_out__rosidl_typesupport_introspection_cpp.hpp\n'}
[3.617020] (px4_msgs) StdoutLine: {'line': b'-- Up-to-date: /home/rschnurr/SkyClaw-Team1/ros2_ws/install/px4_msgs/include/px4_msgs/px4_msgs/msg/detail/sensor_uwb__type_support.cpp\n'}
[3.617147] (px4_msgs) StdoutLine: {'line': b'-- Up-to-date: /home/rschnurr/SkyClaw-Team1/ros2_ws/install/px4_msgs/include/px4_msgs/px4_msgs/msg/detail/landing_target_pose__type_support.cpp\n'}
[3.617232] (px4_msgs) StdoutLine: {'line': b'-- Up-to-date: /home/rschnurr/SkyClaw-Team1/ros2_ws/install/px4_msgs/include/px4_msgs/px4_msgs/msg/detail/task_stack_info__type_support.cpp\n'}
[3.617315] (px4_msgs) StdoutLine: {'line': b'-- Up-to-date: /home/rschnurr/SkyClaw-Team1/ros2_ws/install/px4_msgs/include/px4_msgs/px4_msgs/msg/detail/failsafe_flags__rosidl_typesupport_introspection_cpp.hpp\n'}
[3.617391] (px4_msgs) StdoutLine: {'line': b'-- Up-to-date: /home/rschnurr/SkyClaw-Team1/ros2_ws/install/px4_msgs/include/px4_msgs/px4_msgs/msg/detail/estimator_aid_source1d__rosidl_typesupport_introspection_cpp.hpp\n'}
[3.617461] (px4_msgs) StdoutLine: {'line': b'-- Up-to-date: /home/rschnurr/SkyClaw-Team1/ros2_ws/install/px4_msgs/include/px4_msgs/px4_msgs/msg/detail/adc_report__rosidl_typesupport_introspection_cpp.hpp\n'}
[3.617769] (px4_msgs) StdoutLine: {'line': b'-- Up-to-date: /home/rschnurr/SkyClaw-Team1/ros2_ws/install/px4_msgs/include/px4_msgs/px4_msgs/msg/detail/gimbal_device_information__type_support.cpp\n'}
[3.617860] (px4_msgs) StdoutLine: {'line': b'-- Up-to-date: /home/rschnurr/SkyClaw-Team1/ros2_ws/install/px4_msgs/include/px4_msgs/px4_msgs/msg/detail/orbit_status__rosidl_typesupport_introspection_cpp.hpp\n'}
[3.617923] (px4_msgs) StdoutLine: {'line': b'-- Up-to-date: /home/rschnurr/SkyClaw-Team1/ros2_ws/install/px4_msgs/include/px4_msgs/px4_msgs/msg/detail/geofence_result__rosidl_typesupport_introspection_cpp.hpp\n'}
[3.617976] (px4_msgs) StdoutLine: {'line': b'-- Up-to-date: /home/rschnurr/SkyClaw-Team1/ros2_ws/install/px4_msgs/include/px4_msgs/px4_msgs/msg/detail/sensor_selection__rosidl_typesupport_introspection_cpp.hpp\n'}
[3.618024] (px4_msgs) StdoutLine: {'line': b'-- Up-to-date: /home/rschnurr/SkyClaw-Team1/ros2_ws/install/px4_msgs/include/px4_msgs/px4_msgs/msg/detail/actuator_servos_trim__type_support.cpp\n'}
[3.618197] (px4_msgs) StdoutLine: {'line': b'-- Up-to-date: /home/rschnurr/SkyClaw-Team1/ros2_ws/install/px4_msgs/include/px4_msgs/px4_msgs/msg/detail/navigator_mission_item__rosidl_typesupport_introspection_cpp.hpp\n'}
[3.618275] (px4_msgs) StdoutLine: {'line': b'-- Up-to-date: /home/rschnurr/SkyClaw-Team1/ros2_ws/install/px4_msgs/include/px4_msgs/px4_msgs/msg/detail/vehicle_imu_status__rosidl_typesupport_introspection_cpp.hpp\n'}
[3.618330] (px4_msgs) StdoutLine: {'line': b'-- Up-to-date: /home/rschnurr/SkyClaw-Team1/ros2_ws/install/px4_msgs/include/px4_msgs/px4_msgs/msg/detail/timesync_status__rosidl_typesupport_introspection_cpp.hpp\n'}
[3.618388] (px4_msgs) StdoutLine: {'line': b'-- Up-to-date: /home/rschnurr/SkyClaw-Team1/ros2_ws/install/px4_msgs/include/px4_msgs/px4_msgs/msg/detail/fixed_wing_lateral_guidance_status__type_support.cpp\n'}
[3.618734] (px4_msgs) StdoutLine: {'line': b'-- Up-to-date: /home/rschnurr/SkyClaw-Team1/ros2_ws/install/px4_msgs/include/px4_msgs/px4_msgs/msg/detail/camera_status__type_support.cpp\n'}
[3.618852] (px4_msgs) StdoutLine: {'line': b'-- Up-to-date: /home/rschnurr/SkyClaw-Team1/ros2_ws/install/px4_msgs/include/px4_msgs/px4_msgs/msg/detail/power_button_state__rosidl_typesupport_introspection_cpp.hpp\n'}
[3.619552] (px4_msgs) StdoutLine: {'line': b'-- Up-to-date: /home/rschnurr/SkyClaw-Team1/ros2_ws/install/px4_msgs/include/px4_msgs/px4_msgs/msg/detail/lateral_control_configuration__rosidl_typesupport_introspection_cpp.hpp\n'}
[3.620204] (px4_msgs) StdoutLine: {'line': b'-- Up-to-date: /home/rschnurr/SkyClaw-Team1/ros2_ws/install/px4_msgs/include/px4_msgs/px4_msgs/msg/detail/message_format_request__type_support.cpp\n'}
[3.621154] (px4_msgs) StdoutLine: {'line': b'-- Up-to-date: /home/rschnurr/SkyClaw-Team1/ros2_ws/install/px4_msgs/include/px4_msgs/px4_msgs/msg/detail/open_drone_id_arm_status__rosidl_typesupport_introspection_cpp.hpp\n'}
[3.621695] (px4_msgs) StdoutLine: {'line': b'-- Up-to-date: /home/rschnurr/SkyClaw-Team1/ros2_ws/install/px4_msgs/include/px4_msgs/px4_msgs/msg/detail/parameter_set_used_request__type_support.cpp\n'}
[3.622086] (px4_msgs) StdoutLine: {'line': b'-- Up-to-date: /home/rschnurr/SkyClaw-Team1/ros2_ws/install/px4_msgs/include/px4_msgs/px4_msgs/msg/detail/neural_control__rosidl_typesupport_introspection_cpp.hpp\n'}
[3.622518] (px4_msgs) StdoutLine: {'line': b'-- Up-to-date: /home/rschnurr/SkyClaw-Team1/ros2_ws/install/px4_msgs/include/px4_msgs/px4_msgs/msg/detail/vehicle_local_position_setpoint__rosidl_typesupport_introspection_cpp.hpp\n'}
[3.622882] (px4_msgs) StdoutLine: {'line': b'-- Up-to-date: /home/rschnurr/SkyClaw-Team1/ros2_ws/install/px4_msgs/include/px4_msgs/px4_msgs/msg/detail/satellite_info__rosidl_typesupport_introspection_cpp.hpp\n'}
[3.622963] (px4_msgs) StdoutLine: {'line': b'-- Up-to-date: /home/rschnurr/SkyClaw-Team1/ros2_ws/install/px4_msgs/include/px4_msgs/px4_msgs/msg/detail/dataman_request__type_support.cpp\n'}
[3.623025] (px4_msgs) StdoutLine: {'line': b'-- Up-to-date: /home/rschnurr/SkyClaw-Team1/ros2_ws/install/px4_msgs/include/px4_msgs/px4_msgs/msg/detail/gimbal_manager_set_manual_control__type_support.cpp\n'}
[3.623131] (px4_msgs) StdoutLine: {'line': b'-- Up-to-date: /home/rschnurr/SkyClaw-Team1/ros2_ws/install/px4_msgs/include/px4_msgs/px4_msgs/msg/detail/sensor_gyro_fft__type_support.cpp\n'}
[3.623183] (px4_msgs) StdoutLine: {'line': b'-- Up-to-date: /home/rschnurr/SkyClaw-Team1/ros2_ws/install/px4_msgs/include/px4_msgs/px4_msgs/msg/detail/gimbal_device_set_attitude__type_support.cpp\n'}
[3.623361] (px4_msgs) StdoutLine: {'line': b'-- Up-to-date: /home/rschnurr/SkyClaw-Team1/ros2_ws/install/px4_msgs/include/px4_msgs/px4_msgs/msg/detail/parameter_set_value_request__rosidl_typesupport_introspection_cpp.hpp\n'}
[3.623762] (px4_msgs) StdoutLine: {'line': b'-- Up-to-date: /home/rschnurr/SkyClaw-Team1/ros2_ws/install/px4_msgs/include/px4_msgs/px4_msgs/msg/detail/figure_eight_status__type_support.cpp\n'}
[3.624620] (px4_msgs) StdoutLine: {'line': b'-- Up-to-date: /home/rschnurr/SkyClaw-Team1/ros2_ws/install/px4_msgs/include/px4_msgs/px4_msgs/msg/detail/estimator_aid_source2d__type_support.cpp\n'}
[3.624813] (px4_msgs) StdoutLine: {'line': b'-- Up-to-date: /home/rschnurr/SkyClaw-Team1/ros2_ws/install/px4_msgs/include/px4_msgs/px4_msgs/msg/detail/position_controller_landing_status__rosidl_typesupport_introspection_cpp.hpp\n'}
[3.624939] (px4_msgs) StdoutLine: {'line': b'-- Up-to-date: /home/rschnurr/SkyClaw-Team1/ros2_ws/install/px4_msgs/include/px4_msgs/px4_msgs/msg/detail/qshell_req__type_support.cpp\n'}
[3.625014] (px4_msgs) StdoutLine: {'line': b'-- Up-to-date: /home/rschnurr/SkyClaw-Team1/ros2_ws/install/px4_msgs/include/px4_msgs/px4_msgs/msg/detail/mission__type_support.cpp\n'}
[3.625089] (px4_msgs) StdoutLine: {'line': b'-- Up-to-date: /home/rschnurr/SkyClaw-Team1/ros2_ws/install/px4_msgs/include/px4_msgs/px4_msgs/msg/detail/estimator_status__rosidl_typesupport_introspection_cpp.hpp\n'}
[3.625489] (px4_msgs) StdoutLine: {'line': b'-- Up-to-date: /home/rschnurr/SkyClaw-Team1/ros2_ws/install/px4_msgs/include/px4_msgs/px4_msgs/msg/detail/log_message__type_support.cpp\n'}
[3.625683] (px4_msgs) StdoutLine: {'line': b'-- Up-to-date: /home/rschnurr/SkyClaw-Team1/ros2_ws/install/px4_msgs/include/px4_msgs/px4_msgs/msg/detail/sensors_status_imu__rosidl_typesupport_introspection_cpp.hpp\n'}
[3.625783] (px4_msgs) StdoutLine: {'line': b'-- Up-to-date: /home/rschnurr/SkyClaw-Team1/ros2_ws/install/px4_msgs/include/px4_msgs/px4_msgs/msg/detail/wheel_encoders__rosidl_typesupport_introspection_cpp.hpp\n'}
[3.626111] (px4_msgs) StdoutLine: {'line': b'-- Up-to-date: /home/rschnurr/SkyClaw-Team1/ros2_ws/install/px4_msgs/include/px4_msgs/px4_msgs/msg/detail/fixed_wing_lateral_setpoint__rosidl_typesupport_introspection_cpp.hpp\n'}
[3.626543] (px4_msgs) StdoutLine: {'line': b'-- Up-to-date: /home/rschnurr/SkyClaw-Team1/ros2_ws/install/px4_msgs/include/px4_msgs/px4_msgs/msg/detail/differential_pressure__type_support.cpp\n'}
[3.626843] (px4_msgs) StdoutLine: {'line': b'-- Up-to-date: /home/rschnurr/SkyClaw-Team1/ros2_ws/install/px4_msgs/include/px4_msgs/px4_msgs/msg/detail/figure_eight_status__rosidl_typesupport_introspection_cpp.hpp\n'}
[3.627341] (px4_msgs) StdoutLine: {'line': b'-- Up-to-date: /home/rschnurr/SkyClaw-Team1/ros2_ws/install/px4_msgs/include/px4_msgs/px4_msgs/msg/detail/vehicle_attitude__type_support.cpp\n'}
[3.627764] (px4_msgs) StdoutLine: {'line': b'-- Up-to-date: /home/rschnurr/SkyClaw-Team1/ros2_ws/install/px4_msgs/include/px4_msgs/px4_msgs/msg/detail/telemetry_status__rosidl_typesupport_introspection_cpp.hpp\n'}
[3.628184] (px4_msgs) StdoutLine: {'line': b'-- Up-to-date: /home/rschnurr/SkyClaw-Team1/ros2_ws/install/px4_msgs/include/px4_msgs/px4_msgs/msg/detail/message_format_response__rosidl_typesupport_introspection_cpp.hpp\n'}
[3.628508] (px4_msgs) StdoutLine: {'line': b'-- Up-to-date: /home/rschnurr/SkyClaw-Team1/ros2_ws/install/px4_msgs/include/px4_msgs/px4_msgs/msg/detail/cpuload__type_support.cpp\n'}
[3.629292] (px4_msgs) StdoutLine: {'line': b'-- Up-to-date: /home/rschnurr/SkyClaw-Team1/ros2_ws/install/px4_msgs/include/px4_msgs/px4_msgs/msg/detail/rover_speed_setpoint__rosidl_typesupport_introspection_cpp.hpp\n'}
[3.629430] (px4_msgs) StdoutLine: {'line': b'-- Up-to-date: /home/rschnurr/SkyClaw-Team1/ros2_ws/install/px4_msgs/include/px4_msgs/px4_msgs/msg/detail/manual_control_switches__type_support.cpp\n'}
[3.629497] (px4_msgs) StdoutLine: {'line': b'-- Up-to-date: /home/rschnurr/SkyClaw-Team1/ros2_ws/install/px4_msgs/include/px4_msgs/px4_msgs/msg/detail/rover_steering_setpoint__type_support.cpp\n'}
[3.629901] (px4_msgs) StdoutLine: {'line': b'-- Up-to-date: /home/rschnurr/SkyClaw-Team1/ros2_ws/install/px4_msgs/include/px4_msgs/px4_msgs/msg/detail/config_overrides__rosidl_typesupport_introspection_cpp.hpp\n'}
[3.630174] (px4_msgs) StdoutLine: {'line': b'-- Up-to-date: /home/rschnurr/SkyClaw-Team1/ros2_ws/install/px4_msgs/include/px4_msgs/px4_msgs/msg/detail/vehicle_land_detected__rosidl_typesupport_introspection_cpp.hpp\n'}
[3.630598] (-) TimerEvent: {}
[3.631779] (px4_msgs) StdoutLine: {'line': b'-- Up-to-date: /home/rschnurr/SkyClaw-Team1/ros2_ws/install/px4_msgs/include/px4_msgs/px4_msgs/msg/detail/airspeed__type_support.cpp\n'}
[3.632467] (px4_msgs) StdoutLine: {'line': b'-- Up-to-date: /home/rschnurr/SkyClaw-Team1/ros2_ws/install/px4_msgs/include/px4_msgs/px4_msgs/msg/detail/qshell_retval__rosidl_typesupport_introspection_cpp.hpp\n'}
[3.632795] (px4_msgs) StdoutLine: {'line': b'-- Up-to-date: /home/rschnurr/SkyClaw-Team1/ros2_ws/install/px4_msgs/include/px4_msgs/px4_msgs/msg/detail/vehicle_command__type_support.cpp\n'}
[3.632967] (px4_msgs) StdoutLine: {'line': b'-- Up-to-date: /home/rschnurr/SkyClaw-Team1/ros2_ws/install/px4_msgs/include/px4_msgs/px4_msgs/msg/detail/uavcan_parameter_value__rosidl_typesupport_introspection_cpp.hpp\n'}
[3.633073] (px4_msgs) StdoutLine: {'line': b'-- Up-to-date: /home/rschnurr/SkyClaw-Team1/ros2_ws/install/px4_msgs/include/px4_msgs/px4_msgs/msg/detail/sensor_airflow__rosidl_typesupport_introspection_cpp.hpp\n'}
[3.633144] (px4_msgs) StdoutLine: {'line': b'-- Up-to-date: /home/rschnurr/SkyClaw-Team1/ros2_ws/install/px4_msgs/include/px4_msgs/px4_msgs/msg/detail/follow_target__type_support.cpp\n'}
[3.633497] (px4_msgs) StdoutLine: {'line': b'-- Up-to-date: /home/rschnurr/SkyClaw-Team1/ros2_ws/install/px4_msgs/include/px4_msgs/px4_msgs/msg/detail/logger_status__rosidl_typesupport_introspection_cpp.hpp\n'}
[3.633900] (px4_msgs) StdoutLine: {'line': b'-- Up-to-date: /home/rschnurr/SkyClaw-Team1/ros2_ws/install/px4_msgs/include/px4_msgs/px4_msgs/msg/detail/gimbal_manager_status__rosidl_typesupport_introspection_cpp.hpp\n'}
[3.634642] (px4_msgs) StdoutLine: {'line': b'-- Up-to-date: /home/rschnurr/SkyClaw-Team1/ros2_ws/install/px4_msgs/include/px4_msgs/px4_msgs/msg/detail/sensor_airflow__type_support.cpp\n'}
[3.634805] (px4_msgs) StdoutLine: {'line': b'-- Up-to-date: /home/rschnurr/SkyClaw-Team1/ros2_ws/install/px4_msgs/include/px4_msgs/px4_msgs/msg/detail/rc_channels__rosidl_typesupport_introspection_cpp.hpp\n'}
[3.634943] (px4_msgs) StdoutLine: {'line': b'-- Up-to-date: /home/rschnurr/SkyClaw-Team1/ros2_ws/install/px4_msgs/include/px4_msgs/px4_msgs/msg/detail/sensor_hygrometer__type_support.cpp\n'}
[3.635024] (px4_msgs) StdoutLine: {'line': b'-- Up-to-date: /home/rschnurr/SkyClaw-Team1/ros2_ws/install/px4_msgs/include/px4_msgs/px4_msgs/msg/detail/landing_gear_wheel__rosidl_typesupport_introspection_cpp.hpp\n'}
[3.635317] (px4_msgs) StdoutLine: {'line': b'-- Up-to-date: /home/rschnurr/SkyClaw-Team1/ros2_ws/install/px4_msgs/include/px4_msgs/px4_msgs/msg/detail/internal_combustion_engine_control__type_support.cpp\n'}
[3.635544] (px4_msgs) StdoutLine: {'line': b'-- Up-to-date: /home/rschnurr/SkyClaw-Team1/ros2_ws/install/px4_msgs/include/px4_msgs/px4_msgs/msg/detail/generator_status__type_support.cpp\n'}
[3.635658] (px4_msgs) StdoutLine: {'line': b'-- Up-to-date: /home/rschnurr/SkyClaw-Team1/ros2_ws/install/px4_msgs/include/px4_msgs/px4_msgs/msg/detail/estimator_status_flags__type_support.cpp\n'}
[3.636020] (px4_msgs) StdoutLine: {'line': b'-- Up-to-date: /home/rschnurr/SkyClaw-Team1/ros2_ws/install/px4_msgs/include/px4_msgs/px4_msgs/msg/detail/rtl_status__type_support.cpp\n'}
[3.636559] (px4_msgs) StdoutLine: {'line': b'-- Up-to-date: /home/rschnurr/SkyClaw-Team1/ros2_ws/install/px4_msgs/include/px4_msgs/px4_msgs/msg/detail/rate_ctrl_status__type_support.cpp\n'}
[3.636934] (px4_msgs) StdoutLine: {'line': b'-- Up-to-date: /home/rschnurr/SkyClaw-Team1/ros2_ws/install/px4_msgs/include/px4_msgs/px4_msgs/msg/detail/manual_control_setpoint__rosidl_typesupport_introspection_cpp.hpp\n'}
[3.637344] (px4_msgs) StdoutLine: {'line': b'-- Up-to-date: /home/rschnurr/SkyClaw-Team1/ros2_ws/install/px4_msgs/include/px4_msgs/px4_msgs/msg/detail/debug_vect__rosidl_typesupport_introspection_cpp.hpp\n'}
[3.637676] (px4_msgs) StdoutLine: {'line': b'-- Up-to-date: /home/rschnurr/SkyClaw-Team1/ros2_ws/install/px4_msgs/include/px4_msgs/px4_msgs/msg/detail/estimator_event_flags__rosidl_typesupport_introspection_cpp.hpp\n'}
[3.638218] (px4_msgs) StdoutLine: {'line': b'-- Up-to-date: /home/rschnurr/SkyClaw-Team1/ros2_ws/install/px4_msgs/include/px4_msgs/px4_msgs/msg/detail/rpm__type_support.cpp\n'}
[3.638317] (px4_msgs) StdoutLine: {'line': b'-- Up-to-date: /home/rschnurr/SkyClaw-Team1/ros2_ws/install/px4_msgs/include/px4_msgs/px4_msgs/msg/detail/ulog_stream_ack__rosidl_typesupport_introspection_cpp.hpp\n'}
[3.638617] (px4_msgs) StdoutLine: {'line': b'-- Up-to-date: /home/rschnurr/SkyClaw-Team1/ros2_ws/install/px4_msgs/include/px4_msgs/px4_msgs/msg/detail/vehicle_magnetometer__type_support.cpp\n'}
[3.639345] (px4_msgs) StdoutLine: {'line': b'-- Up-to-date: /home/rschnurr/SkyClaw-Team1/ros2_ws/install/px4_msgs/include/px4_msgs/px4_msgs/msg/detail/irlock_report__type_support.cpp\n'}
[3.639497] (px4_msgs) StdoutLine: {'line': b'-- Up-to-date: /home/rschnurr/SkyClaw-Team1/ros2_ws/install/px4_msgs/include/px4_msgs/px4_msgs/msg/detail/input_rc__type_support.cpp\n'}
[3.639581] (px4_msgs) StdoutLine: {'line': b'-- Up-to-date: /home/rschnurr/SkyClaw-Team1/ros2_ws/install/px4_msgs/include/px4_msgs/px4_msgs/msg/detail/fixed_wing_lateral_setpoint__type_support.cpp\n'}
[3.639636] (px4_msgs) StdoutLine: {'line': b'-- Up-to-date: /home/rschnurr/SkyClaw-Team1/ros2_ws/install/px4_msgs/include/px4_msgs/px4_msgs/msg/detail/health_report__rosidl_typesupport_introspection_cpp.hpp\n'}
[3.639690] (px4_msgs) StdoutLine: {'line': b'-- Up-to-date: /home/rschnurr/SkyClaw-Team1/ros2_ws/install/px4_msgs/include/px4_msgs/px4_msgs/msg/detail/rover_throttle_setpoint__rosidl_typesupport_introspection_cpp.hpp\n'}
[3.639970] (px4_msgs) StdoutLine: {'line': b'-- Up-to-date: /home/rschnurr/SkyClaw-Team1/ros2_ws/install/px4_msgs/include/px4_msgs/px4_msgs/msg/detail/position_controller_landing_status__type_support.cpp\n'}
[3.640834] (px4_msgs) StdoutLine: {'line': b'-- Up-to-date: /home/rschnurr/SkyClaw-Team1/ros2_ws/install/px4_msgs/include/px4_msgs/px4_msgs/msg/detail/sensor_optical_flow__type_support.cpp\n'}
[3.641336] (px4_msgs) StdoutLine: {'line': b'-- Up-to-date: /home/rschnurr/SkyClaw-Team1/ros2_ws/install/px4_msgs/include/px4_msgs/px4_msgs/msg/detail/qshell_req__rosidl_typesupport_introspection_cpp.hpp\n'}
[3.642122] (px4_msgs) StdoutLine: {'line': b'-- Up-to-date: /home/rschnurr/SkyClaw-Team1/ros2_ws/install/px4_msgs/include/px4_msgs/px4_msgs/msg/detail/gps_inject_data__type_support.cpp\n'}
[3.642505] (px4_msgs) StdoutLine: {'line': b'-- Up-to-date: /home/rschnurr/SkyClaw-Team1/ros2_ws/install/px4_msgs/include/px4_msgs/px4_msgs/msg/detail/battery_status__type_support.cpp\n'}
[3.642994] (px4_msgs) StdoutLine: {'line': b'-- Up-to-date: /home/rschnurr/SkyClaw-Team1/ros2_ws/install/px4_msgs/include/px4_msgs/px4_msgs/msg/detail/cpuload__rosidl_typesupport_introspection_cpp.hpp\n'}
[3.643467] (px4_msgs) StdoutLine: {'line': b'-- Up-to-date: /home/rschnurr/SkyClaw-Team1/ros2_ws/install/px4_msgs/include/px4_msgs/px4_msgs/msg/detail/velocity_limits__type_support.cpp\n'}
[3.644966] (px4_msgs) StdoutLine: {'line': b'-- Up-to-date: /home/rschnurr/SkyClaw-Team1/ros2_ws/install/px4_msgs/include/px4_msgs/px4_msgs/msg/detail/sensor_accel__rosidl_typesupport_introspection_cpp.hpp\n'}
[3.645352] (px4_msgs) StdoutLine: {'line': b'-- Up-to-date: /home/rschnurr/SkyClaw-Team1/ros2_ws/install/px4_msgs/include/px4_msgs/px4_msgs/msg/detail/gps_dump__type_support.cpp\n'}
[3.645453] (px4_msgs) StdoutLine: {'line': b'-- Up-to-date: /home/rschnurr/SkyClaw-Team1/ros2_ws/install/px4_msgs/include/px4_msgs/px4_msgs/msg/detail/gpio_out__type_support.cpp\n'}
[3.645514] (px4_msgs) StdoutLine: {'line': b'-- Up-to-date: /home/rschnurr/SkyClaw-Team1/ros2_ws/install/px4_msgs/include/px4_msgs/px4_msgs/msg/detail/airspeed__rosidl_typesupport_introspection_cpp.hpp\n'}
[3.645567] (px4_msgs) StdoutLine: {'line': b'-- Up-to-date: /home/rschnurr/SkyClaw-Team1/ros2_ws/install/px4_msgs/include/px4_msgs/px4_msgs/msg/detail/esc_report__type_support.cpp\n'}
[3.645616] (px4_msgs) StdoutLine: {'line': b'-- Up-to-date: /home/rschnurr/SkyClaw-Team1/ros2_ws/install/px4_msgs/include/px4_msgs/px4_msgs/msg/detail/sensor_optical_flow__rosidl_typesupport_introspection_cpp.hpp\n'}
[3.646312] (px4_msgs) StdoutLine: {'line': b'-- Up-to-date: /home/rschnurr/SkyClaw-Team1/ros2_ws/install/px4_msgs/include/px4_msgs/px4_msgs/msg/detail/heater_status__type_support.cpp\n'}
[3.646897] (px4_msgs) StdoutLine: {'line': b'-- Up-to-date: /home/rschnurr/SkyClaw-Team1/ros2_ws/install/px4_msgs/include/px4_msgs/px4_msgs/msg/detail/ulog_stream__type_support.cpp\n'}
[3.647426] (px4_msgs) StdoutLine: {'line': b'-- Up-to-date: /home/rschnurr/SkyClaw-Team1/ros2_ws/install/px4_msgs/include/px4_msgs/px4_msgs/msg/detail/wind__rosidl_typesupport_introspection_cpp.hpp\n'}
[3.647868] (px4_msgs) StdoutLine: {'line': b'-- Up-to-date: /home/rschnurr/SkyClaw-Team1/ros2_ws/install/px4_msgs/include/px4_msgs/px4_msgs/msg/detail/landing_target_innovations__type_support.cpp\n'}
[3.648394] (px4_msgs) StdoutLine: {'line': b'-- Up-to-date: /home/rschnurr/SkyClaw-Team1/ros2_ws/install/px4_msgs/include/px4_msgs/px4_msgs/msg/detail/config_overrides__type_support.cpp\n'}
[3.648552] (px4_msgs) StdoutLine: {'line': b'-- Up-to-date: /home/rschnurr/SkyClaw-Team1/ros2_ws/install/px4_msgs/include/px4_msgs/px4_msgs/msg/detail/parameter_set_value_response__type_support.cpp\n'}
[3.648634] (px4_msgs) StdoutLine: {'line': b'-- Up-to-date: /home/rschnurr/SkyClaw-Team1/ros2_ws/install/px4_msgs/include/px4_msgs/px4_msgs/msg/detail/vehicle_attitude__rosidl_typesupport_introspection_cpp.hpp\n'}
[3.648707] (px4_msgs) StdoutLine: {'line': b'-- Up-to-date: /home/rschnurr/SkyClaw-Team1/ros2_ws/install/px4_msgs/include/px4_msgs/px4_msgs/msg/detail/debug_array__type_support.cpp\n'}
[3.648933] (px4_msgs) StdoutLine: {'line': b'-- Up-to-date: /home/rschnurr/SkyClaw-Team1/ros2_ws/install/px4_msgs/include/px4_msgs/px4_msgs/msg/detail/takeoff_status__type_support.cpp\n'}
[3.649284] (px4_msgs) StdoutLine: {'line': b'-- Up-to-date: /home/rschnurr/SkyClaw-Team1/ros2_ws/install/px4_msgs/include/px4_msgs/px4_msgs/msg/detail/sensor_gps__rosidl_typesupport_introspection_cpp.hpp\n'}
[3.649755] (px4_msgs) StdoutLine: {'line': b'-- Up-to-date: /home/rschnurr/SkyClaw-Team1/ros2_ws/install/px4_msgs/include/px4_msgs/px4_msgs/msg/detail/gimbal_manager_information__rosidl_typesupport_introspection_cpp.hpp\n'}
[3.649948] (px4_msgs) StdoutLine: {'line': b'-- Up-to-date: /home/rschnurr/SkyClaw-Team1/ros2_ws/install/px4_msgs/include/px4_msgs/px4_msgs/msg/detail/heater_status__rosidl_typesupport_introspection_cpp.hpp\n'}
[3.650051] (px4_msgs) StdoutLine: {'line': b'-- Up-to-date: /home/rschnurr/SkyClaw-Team1/ros2_ws/install/px4_msgs/include/px4_msgs/px4_msgs/msg/detail/system_power__rosidl_typesupport_introspection_cpp.hpp\n'}
[3.650130] (px4_msgs) StdoutLine: {'line': b'-- Up-to-date: /home/rschnurr/SkyClaw-Team1/ros2_ws/install/px4_msgs/include/px4_msgs/px4_msgs/msg/detail/navigator_mission_item__type_support.cpp\n'}
[3.650205] (px4_msgs) StdoutLine: {'line': b'-- Up-to-date: /home/rschnurr/SkyClaw-Team1/ros2_ws/install/px4_msgs/include/px4_msgs/px4_msgs/msg/detail/tiltrotor_extra_controls__type_support.cpp\n'}
[3.650275] (px4_msgs) StdoutLine: {'line': b'-- Up-to-date: /home/rschnurr/SkyClaw-Team1/ros2_ws/install/px4_msgs/include/px4_msgs/px4_msgs/msg/detail/vehicle_local_position_setpoint__type_support.cpp\n'}
[3.650342] (px4_msgs) StdoutLine: {'line': b'-- Up-to-date: /home/rschnurr/SkyClaw-Team1/ros2_ws/install/px4_msgs/include/px4_msgs/px4_msgs/msg/detail/vehicle_land_detected__type_support.cpp\n'}
[3.650408] (px4_msgs) StdoutLine: {'line': b'-- Up-to-date: /home/rschnurr/SkyClaw-Team1/ros2_ws/install/px4_msgs/include/px4_msgs/px4_msgs/msg/detail/esc_report__rosidl_typesupport_introspection_cpp.hpp\n'}
[3.650476] (px4_msgs) StdoutLine: {'line': b'-- Up-to-date: /home/rschnurr/SkyClaw-Team1/ros2_ws/install/px4_msgs/include/px4_msgs/px4_msgs/msg/detail/home_position__type_support.cpp\n'}
[3.650542] (px4_msgs) StdoutLine: {'line': b'-- Up-to-date: /home/rschnurr/SkyClaw-Team1/ros2_ws/install/px4_msgs/lib/libpx4_msgs__rosidl_typesupport_introspection_cpp.so\n'}
[3.650608] (px4_msgs) StdoutLine: {'line': b'-- Up-to-date: /home/rschnurr/SkyClaw-Team1/ros2_ws/install/px4_msgs/lib/libpx4_msgs__rosidl_typesupport_cpp.so\n'}
[3.650998] (px4_msgs) StdoutLine: {'line': b'-- Up-to-date: /home/rschnurr/SkyClaw-Team1/ros2_ws/install/px4_msgs/share/px4_msgs/environment/pythonpath.sh\n'}
[3.651620] (px4_msgs) StdoutLine: {'line': b'-- Up-to-date: /home/rschnurr/SkyClaw-Team1/ros2_ws/install/px4_msgs/share/px4_msgs/environment/pythonpath.dsv\n'}
[3.651779] (px4_msgs) StdoutLine: {'line': b'-- Up-to-date: /home/rschnurr/SkyClaw-Team1/ros2_ws/install/px4_msgs/local/lib/python3.10/dist-packages/px4_msgs-2.0.1-py3.10.egg-info\n'}
[3.651866] (px4_msgs) StdoutLine: {'line': b'-- Installing: /home/rschnurr/SkyClaw-Team1/ros2_ws/install/px4_msgs/local/lib/python3.10/dist-packages/px4_msgs-2.0.1-py3.10.egg-info/SOURCES.txt\n'}
[3.651939] (px4_msgs) StdoutLine: {'line': b'-- Installing: /home/rschnurr/SkyClaw-Team1/ros2_ws/install/px4_msgs/local/lib/python3.10/dist-packages/px4_msgs-2.0.1-py3.10.egg-info/dependency_links.txt\n'}
[3.652055] (px4_msgs) StdoutLine: {'line': b'-- Installing: /home/rschnurr/SkyClaw-Team1/ros2_ws/install/px4_msgs/local/lib/python3.10/dist-packages/px4_msgs-2.0.1-py3.10.egg-info/PKG-INFO\n'}
[3.652199] (px4_msgs) StdoutLine: {'line': b'-- Installing: /home/rschnurr/SkyClaw-Team1/ros2_ws/install/px4_msgs/local/lib/python3.10/dist-packages/px4_msgs-2.0.1-py3.10.egg-info/top_level.txt\n'}
[3.652523] (px4_msgs) StdoutLine: {'line': b'-- Up-to-date: /home/rschnurr/SkyClaw-Team1/ros2_ws/install/px4_msgs/local/lib/python3.10/dist-packages/px4_msgs\n'}
[3.652654] (px4_msgs) StdoutLine: {'line': b'-- Up-to-date: /home/rschnurr/SkyClaw-Team1/ros2_ws/install/px4_msgs/local/lib/python3.10/dist-packages/px4_msgs/_px4_msgs_s.ep.rosidl_typesupport_introspection_c.c\n'}
[3.652740] (px4_msgs) StdoutLine: {'line': b'-- Up-to-date: /home/rschnurr/SkyClaw-Team1/ros2_ws/install/px4_msgs/local/lib/python3.10/dist-packages/px4_msgs/_px4_msgs_s.ep.rosidl_typesupport_c.c\n'}
[3.652815] (px4_msgs) StdoutLine: {'line': b'-- Up-to-date: /home/rschnurr/SkyClaw-Team1/ros2_ws/install/px4_msgs/local/lib/python3.10/dist-packages/px4_msgs/srv\n'}
[3.652904] (px4_msgs) StdoutLine: {'line': b'-- Up-to-date: /home/rschnurr/SkyClaw-Team1/ros2_ws/install/px4_msgs/local/lib/python3.10/dist-packages/px4_msgs/srv/_vehicle_command_s.c\n'}
[3.652975] (px4_msgs) StdoutLine: {'line': b'-- Up-to-date: /home/rschnurr/SkyClaw-Team1/ros2_ws/install/px4_msgs/local/lib/python3.10/dist-packages/px4_msgs/srv/__init__.py\n'}
[3.653043] (px4_msgs) StdoutLine: {'line': b'-- Up-to-date: /home/rschnurr/SkyClaw-Team1/ros2_ws/install/px4_msgs/local/lib/python3.10/dist-packages/px4_msgs/srv/_vehicle_command.py\n'}
[3.653110] (px4_msgs) StdoutLine: {'line': b'-- Up-to-date: /home/rschnurr/SkyClaw-Team1/ros2_ws/install/px4_msgs/local/lib/python3.10/dist-packages/px4_msgs/msg\n'}
[3.653178] (px4_msgs) StdoutLine: {'line': b'-- Up-to-date: /home/rschnurr/SkyClaw-Team1/ros2_ws/install/px4_msgs/local/lib/python3.10/dist-packages/px4_msgs/msg/_vehicle_constraints.py\n'}
[3.653247] (px4_msgs) StdoutLine: {'line': b'-- Up-to-date: /home/rschnurr/SkyClaw-Team1/ros2_ws/install/px4_msgs/local/lib/python3.10/dist-packages/px4_msgs/msg/_ekf2_timestamps.py\n'}
[3.653314] (px4_msgs) StdoutLine: {'line': b'-- Up-to-date: /home/rschnurr/SkyClaw-Team1/ros2_ws/install/px4_msgs/local/lib/python3.10/dist-packages/px4_msgs/msg/_pure_pursuit_status.py\n'}
[3.653618] (px4_msgs) StdoutLine: {'line': b'-- Up-to-date: /home/rschnurr/SkyClaw-Team1/ros2_ws/install/px4_msgs/local/lib/python3.10/dist-packages/px4_msgs/msg/_rpm.py\n'}
[3.653735] (px4_msgs) StdoutLine: {'line': b'-- Up-to-date: /home/rschnurr/SkyClaw-Team1/ros2_ws/install/px4_msgs/local/lib/python3.10/dist-packages/px4_msgs/msg/_cellular_status.py\n'}
[3.654122] (px4_msgs) StdoutLine: {'line': b'-- Up-to-date: /home/rschnurr/SkyClaw-Team1/ros2_ws/install/px4_msgs/local/lib/python3.10/dist-packages/px4_msgs/msg/_fixed_wing_lateral_guidance_status.py\n'}
[3.654196] (px4_msgs) StdoutLine: {'line': b'-- Up-to-date: /home/rschnurr/SkyClaw-Team1/ros2_ws/install/px4_msgs/local/lib/python3.10/dist-packages/px4_msgs/msg/_internal_combustion_engine_status_s.c\n'}
[3.654253] (px4_msgs) StdoutLine: {'line': b'-- Up-to-date: /home/rschnurr/SkyClaw-Team1/ros2_ws/install/px4_msgs/local/lib/python3.10/dist-packages/px4_msgs/msg/_arming_check_request_s.c\n'}
[3.654307] (px4_msgs) StdoutLine: {'line': b'-- Up-to-date: /home/rschnurr/SkyClaw-Team1/ros2_ws/install/px4_msgs/local/lib/python3.10/dist-packages/px4_msgs/msg/_cpuload.py\n'}
[3.654359] (px4_msgs) StdoutLine: {'line': b'-- Up-to-date: /home/rschnurr/SkyClaw-Team1/ros2_ws/install/px4_msgs/local/lib/python3.10/dist-packages/px4_msgs/msg/_pps_capture.py\n'}
[3.654407] (px4_msgs) StdoutLine: {'line': b'-- Up-to-date: /home/rschnurr/SkyClaw-Team1/ros2_ws/install/px4_msgs/local/lib/python3.10/dist-packages/px4_msgs/msg/_gimbal_device_information.py\n'}
[3.654472] (px4_msgs) StdoutLine: {'line': b'-- Up-to-date: /home/rschnurr/SkyClaw-Team1/ros2_ws/install/px4_msgs/local/lib/python3.10/dist-packages/px4_msgs/msg/_rc_parameter_map_s.c\n'}
[3.654517] (px4_msgs) StdoutLine: {'line': b'-- Up-to-date: /home/rschnurr/SkyClaw-Team1/ros2_ws/install/px4_msgs/local/lib/python3.10/dist-packages/px4_msgs/msg/_sensor_correction_s.c\n'}
[3.654563] (px4_msgs) StdoutLine: {'line': b'-- Up-to-date: /home/rschnurr/SkyClaw-Team1/ros2_ws/install/px4_msgs/local/lib/python3.10/dist-packages/px4_msgs/msg/_normalized_unsigned_setpoint.py\n'}
[3.654608] (px4_msgs) StdoutLine: {'line': b'-- Up-to-date: /home/rschnurr/SkyClaw-Team1/ros2_ws/install/px4_msgs/local/lib/python3.10/dist-packages/px4_msgs/msg/_camera_status.py\n'}
[3.654653] (px4_msgs) StdoutLine: {'line': b'-- Up-to-date: /home/rschnurr/SkyClaw-Team1/ros2_ws/install/px4_msgs/local/lib/python3.10/dist-packages/px4_msgs/msg/_open_drone_id_operator_id.py\n'}
[3.654705] (px4_msgs) StdoutLine: {'line': b'-- Up-to-date: /home/rschnurr/SkyClaw-Team1/ros2_ws/install/px4_msgs/local/lib/python3.10/dist-packages/px4_msgs/msg/_parameter_set_value_response_s.c\n'}
[3.654748] (px4_msgs) StdoutLine: {'line': b'-- Up-to-date: /home/rschnurr/SkyClaw-Team1/ros2_ws/install/px4_msgs/local/lib/python3.10/dist-packages/px4_msgs/msg/_debug_key_value.py\n'}
[3.654791] (px4_msgs) StdoutLine: {'line': b'-- Up-to-date: /home/rschnurr/SkyClaw-Team1/ros2_ws/install/px4_msgs/local/lib/python3.10/dist-packages/px4_msgs/msg/_system_power.py\n'}
[3.654836] (px4_msgs) StdoutLine: {'line': b'-- Up-to-date: /home/rschnurr/SkyClaw-Team1/ros2_ws/install/px4_msgs/local/lib/python3.10/dist-packages/px4_msgs/msg/_can_interface_status_s.c\n'}
[3.654880] (px4_msgs) StdoutLine: {'line': b'-- Up-to-date: /home/rschnurr/SkyClaw-Team1/ros2_ws/install/px4_msgs/local/lib/python3.10/dist-packages/px4_msgs/msg/_landing_gear_s.c\n'}
[3.654928] (px4_msgs) StdoutLine: {'line': b'-- Up-to-date: /home/rschnurr/SkyClaw-Team1/ros2_ws/install/px4_msgs/local/lib/python3.10/dist-packages/px4_msgs/msg/_home_position.py\n'}
[3.654973] (px4_msgs) StdoutLine: {'line': b'-- Up-to-date: /home/rschnurr/SkyClaw-Team1/ros2_ws/install/px4_msgs/local/lib/python3.10/dist-packages/px4_msgs/msg/_vehicle_optical_flow_vel.py\n'}
[3.655022] (px4_msgs) StdoutLine: {'line': b'-- Up-to-date: /home/rschnurr/SkyClaw-Team1/ros2_ws/install/px4_msgs/local/lib/python3.10/dist-packages/px4_msgs/msg/_flight_phase_estimation_s.c\n'}
[3.655077] (px4_msgs) StdoutLine: {'line': b'-- Up-to-date: /home/rschnurr/SkyClaw-Team1/ros2_ws/install/px4_msgs/local/lib/python3.10/dist-packages/px4_msgs/msg/_input_rc_s.c\n'}
[3.655323] (px4_msgs) StdoutLine: {'line': b'-- Up-to-date: /home/rschnurr/SkyClaw-Team1/ros2_ws/install/px4_msgs/local/lib/python3.10/dist-packages/px4_msgs/msg/_vehicle_rates_setpoint.py\n'}
[3.655412] (px4_msgs) StdoutLine: {'line': b'-- Up-to-date: /home/rschnurr/SkyClaw-Team1/ros2_ws/install/px4_msgs/local/lib/python3.10/dist-packages/px4_msgs/msg/_vehicle_angular_velocity_s.c\n'}
[3.655471] (px4_msgs) StdoutLine: {'line': b'-- Up-to-date: /home/rschnurr/SkyClaw-Team1/ros2_ws/install/px4_msgs/local/lib/python3.10/dist-packages/px4_msgs/msg/_message_format_response_s.c\n'}
[3.655522] (px4_msgs) StdoutLine: {'line': b'-- Up-to-date: /home/rschnurr/SkyClaw-Team1/ros2_ws/install/px4_msgs/local/lib/python3.10/dist-packages/px4_msgs/msg/_mag_worker_data_s.c\n'}
[3.655575] (px4_msgs) StdoutLine: {'line': b'-- Up-to-date: /home/rschnurr/SkyClaw-Team1/ros2_ws/install/px4_msgs/local/lib/python3.10/dist-packages/px4_msgs/msg/_register_ext_component_reply_s.c\n'}
[3.655717] (px4_msgs) StdoutLine: {'line': b'-- Up-to-date: /home/rschnurr/SkyClaw-Team1/ros2_ws/install/px4_msgs/local/lib/python3.10/dist-packages/px4_msgs/msg/_gimbal_manager_set_attitude.py\n'}
[3.655993] (px4_msgs) StdoutLine: {'line': b'-- Up-to-date: /home/rschnurr/SkyClaw-Team1/ros2_ws/install/px4_msgs/local/lib/python3.10/dist-packages/px4_msgs/msg/_vehicle_land_detected_s.c\n'}
[3.656416] (px4_msgs) StdoutLine: {'line': b'-- Up-to-date: /home/rschnurr/SkyClaw-Team1/ros2_ws/install/px4_msgs/local/lib/python3.10/dist-packages/px4_msgs/msg/_estimator_aid_source1d.py\n'}
[3.656890] (px4_msgs) StdoutLine: {'line': b'-- Up-to-date: /home/rschnurr/SkyClaw-Team1/ros2_ws/install/px4_msgs/local/lib/python3.10/dist-packages/px4_msgs/msg/_flight_phase_estimation.py\n'}
[3.657012] (px4_msgs) StdoutLine: {'line': b'-- Up-to-date: /home/rschnurr/SkyClaw-Team1/ros2_ws/install/px4_msgs/local/lib/python3.10/dist-packages/px4_msgs/msg/_unregister_ext_component.py\n'}
[3.657127] (px4_msgs) StdoutLine: {'line': b'-- Up-to-date: /home/rschnurr/SkyClaw-Team1/ros2_ws/install/px4_msgs/local/lib/python3.10/dist-packages/px4_msgs/msg/_vehicle_angular_acceleration_setpoint_s.c\n'}
[3.657475] (px4_msgs) StdoutLine: {'line': b'-- Up-to-date: /home/rschnurr/SkyClaw-Team1/ros2_ws/install/px4_msgs/local/lib/python3.10/dist-packages/px4_msgs/msg/_vehicle_global_position_s.c\n'}
[3.657741] (px4_msgs) StdoutLine: {'line': b'-- Up-to-date: /home/rschnurr/SkyClaw-Team1/ros2_ws/install/px4_msgs/local/lib/python3.10/dist-packages/px4_msgs/msg/_mission.py\n'}
[3.657846] (px4_msgs) StdoutLine: {'line': b'-- Up-to-date: /home/rschnurr/SkyClaw-Team1/ros2_ws/install/px4_msgs/local/lib/python3.10/dist-packages/px4_msgs/msg/_power_monitor_s.c\n'}
[3.657924] (px4_msgs) StdoutLine: {'line': b'-- Up-to-date: /home/rschnurr/SkyClaw-Team1/ros2_ws/install/px4_msgs/local/lib/python3.10/dist-packages/px4_msgs/msg/_vehicle_rates_setpoint_s.c\n'}
[3.657997] (px4_msgs) StdoutLine: {'line': b'-- Up-to-date: /home/rschnurr/SkyClaw-Team1/ros2_ws/install/px4_msgs/local/lib/python3.10/dist-packages/px4_msgs/msg/_estimator_aid_source2d_s.c\n'}
[3.658067] (px4_msgs) StdoutLine: {'line': b'-- Up-to-date: /home/rschnurr/SkyClaw-Team1/ros2_ws/install/px4_msgs/local/lib/python3.10/dist-packages/px4_msgs/msg/_heater_status_s.c\n'}
[3.658134] (px4_msgs) StdoutLine: {'line': b'-- Up-to-date: /home/rschnurr/SkyClaw-Team1/ros2_ws/install/px4_msgs/local/lib/python3.10/dist-packages/px4_msgs/msg/_mission_s.c\n'}
[3.658213] (px4_msgs) StdoutLine: {'line': b'-- Up-to-date: /home/rschnurr/SkyClaw-Team1/ros2_ws/install/px4_msgs/local/lib/python3.10/dist-packages/px4_msgs/msg/_gps_inject_data.py\n'}
[3.658287] (px4_msgs) StdoutLine: {'line': b'-- Up-to-date: /home/rschnurr/SkyClaw-Team1/ros2_ws/install/px4_msgs/local/lib/python3.10/dist-packages/px4_msgs/msg/_gpio_config_s.c\n'}
[3.658377] (px4_msgs) StdoutLine: {'line': b'-- Up-to-date: /home/rschnurr/SkyClaw-Team1/ros2_ws/install/px4_msgs/local/lib/python3.10/dist-packages/px4_msgs/msg/_adc_report.py\n'}
[3.658444] (px4_msgs) StdoutLine: {'line': b'-- Up-to-date: /home/rschnurr/SkyClaw-Team1/ros2_ws/install/px4_msgs/local/lib/python3.10/dist-packages/px4_msgs/msg/_follow_target.py\n'}
[3.658509] (px4_msgs) StdoutLine: {'line': b'-- Up-to-date: /home/rschnurr/SkyClaw-Team1/ros2_ws/install/px4_msgs/local/lib/python3.10/dist-packages/px4_msgs/msg/_estimator_status_s.c\n'}
[3.658912] (px4_msgs) StdoutLine: {'line': b'-- Up-to-date: /home/rschnurr/SkyClaw-Team1/ros2_ws/install/px4_msgs/local/lib/python3.10/dist-packages/px4_msgs/msg/_sensor_optical_flow_s.c\n'}
[3.658988] (px4_msgs) StdoutLine: {'line': b'-- Up-to-date: /home/rschnurr/SkyClaw-Team1/ros2_ws/install/px4_msgs/local/lib/python3.10/dist-packages/px4_msgs/msg/_gpio_out.py\n'}
[3.659202] (px4_msgs) StdoutLine: {'line': b'-- Up-to-date: /home/rschnurr/SkyClaw-Team1/ros2_ws/install/px4_msgs/local/lib/python3.10/dist-packages/px4_msgs/msg/_input_rc.py\n'}
[3.659402] (px4_msgs) StdoutLine: {'line': b'-- Up-to-date: /home/rschnurr/SkyClaw-Team1/ros2_ws/install/px4_msgs/local/lib/python3.10/dist-packages/px4_msgs/msg/_autotune_attitude_control_status.py\n'}
[3.659809] (px4_msgs) StdoutLine: {'line': b'-- Up-to-date: /home/rschnurr/SkyClaw-Team1/ros2_ws/install/px4_msgs/local/lib/python3.10/dist-packages/px4_msgs/msg/_vehicle_optical_flow.py\n'}
[3.660218] (px4_msgs) StdoutLine: {'line': b'-- Up-to-date: /home/rschnurr/SkyClaw-Team1/ros2_ws/install/px4_msgs/local/lib/python3.10/dist-packages/px4_msgs/msg/_log_message.py\n'}
[3.660673] (px4_msgs) StdoutLine: {'line': b'-- Up-to-date: /home/rschnurr/SkyClaw-Team1/ros2_ws/install/px4_msgs/local/lib/python3.10/dist-packages/px4_msgs/msg/_vehicle_optical_flow_s.c\n'}
[3.661208] (px4_msgs) StdoutLine: {'line': b'-- Up-to-date: /home/rschnurr/SkyClaw-Team1/ros2_ws/install/px4_msgs/local/lib/python3.10/dist-packages/px4_msgs/msg/_navigator_status.py\n'}
[3.661645] (px4_msgs) StdoutLine: {'line': b'-- Up-to-date: /home/rschnurr/SkyClaw-Team1/ros2_ws/install/px4_msgs/local/lib/python3.10/dist-packages/px4_msgs/msg/_satellite_info_s.c\n'}
[3.662073] (px4_msgs) StdoutLine: {'line': b'-- Up-to-date: /home/rschnurr/SkyClaw-Team1/ros2_ws/install/px4_msgs/local/lib/python3.10/dist-packages/px4_msgs/msg/_gimbal_controls_s.c\n'}
[3.662552] (px4_msgs) StdoutLine: {'line': b'-- Up-to-date: /home/rschnurr/SkyClaw-Team1/ros2_ws/install/px4_msgs/local/lib/python3.10/dist-packages/px4_msgs/msg/_yaw_estimator_status_s.c\n'}
[3.662905] (px4_msgs) StdoutLine: {'line': b'-- Up-to-date: /home/rschnurr/SkyClaw-Team1/ros2_ws/install/px4_msgs/local/lib/python3.10/dist-packages/px4_msgs/msg/_rover_speed_setpoint_s.c\n'}
[3.663583] (px4_msgs) StdoutLine: {'line': b'-- Up-to-date: /home/rschnurr/SkyClaw-Team1/ros2_ws/install/px4_msgs/local/lib/python3.10/dist-packages/px4_msgs/msg/_mission_result.py\n'}
[3.664360] (px4_msgs) StdoutLine: {'line': b'-- Up-to-date: /home/rschnurr/SkyClaw-Team1/ros2_ws/install/px4_msgs/local/lib/python3.10/dist-packages/px4_msgs/msg/_gimbal_manager_set_manual_control.py\n'}
[3.665101] (px4_msgs) StdoutLine: {'line': b'-- Up-to-date: /home/rschnurr/SkyClaw-Team1/ros2_ws/install/px4_msgs/local/lib/python3.10/dist-packages/px4_msgs/msg/_parameter_reset_request_s.c\n'}
[3.665590] (px4_msgs) StdoutLine: {'line': b'-- Up-to-date: /home/rschnurr/SkyClaw-Team1/ros2_ws/install/px4_msgs/local/lib/python3.10/dist-packages/px4_msgs/msg/_cellular_status_s.c\n'}
[3.666240] (px4_msgs) StdoutLine: {'line': b'-- Up-to-date: /home/rschnurr/SkyClaw-Team1/ros2_ws/install/px4_msgs/local/lib/python3.10/dist-packages/px4_msgs/msg/_debug_array_s.c\n'}
[3.666653] (px4_msgs) StdoutLine: {'line': b'-- Up-to-date: /home/rschnurr/SkyClaw-Team1/ros2_ws/install/px4_msgs/local/lib/python3.10/dist-packages/px4_msgs/msg/_sensors_status_imu.py\n'}
[3.667222] (px4_msgs) StdoutLine: {'line': b'-- Up-to-date: /home/rschnurr/SkyClaw-Team1/ros2_ws/install/px4_msgs/local/lib/python3.10/dist-packages/px4_msgs/msg/_wind.py\n'}
[3.667741] (px4_msgs) StdoutLine: {'line': b'-- Up-to-date: /home/rschnurr/SkyClaw-Team1/ros2_ws/install/px4_msgs/local/lib/python3.10/dist-packages/px4_msgs/msg/_fixed_wing_lateral_status.py\n'}
[3.668172] (px4_msgs) StdoutLine: {'line': b'-- Up-to-date: /home/rschnurr/SkyClaw-Team1/ros2_ws/install/px4_msgs/local/lib/python3.10/dist-packages/px4_msgs/msg/_vehicle_air_data.py\n'}
[3.668554] (px4_msgs) StdoutLine: {'line': b'-- Up-to-date: /home/rschnurr/SkyClaw-Team1/ros2_ws/install/px4_msgs/local/lib/python3.10/dist-packages/px4_msgs/msg/_telemetry_status.py\n'}
[3.668715] (px4_msgs) StdoutLine: {'line': b'-- Up-to-date: /home/rschnurr/SkyClaw-Team1/ros2_ws/install/px4_msgs/local/lib/python3.10/dist-packages/px4_msgs/msg/_task_stack_info_s.c\n'}
[3.668795] (px4_msgs) StdoutLine: {'line': b'-- Up-to-date: /home/rschnurr/SkyClaw-Team1/ros2_ws/install/px4_msgs/local/lib/python3.10/dist-packages/px4_msgs/msg/_fuel_tank_status_s.c\n'}
[3.668853] (px4_msgs) StdoutLine: {'line': b'-- Up-to-date: /home/rschnurr/SkyClaw-Team1/ros2_ws/install/px4_msgs/local/lib/python3.10/dist-packages/px4_msgs/msg/_pps_capture_s.c\n'}
[3.668905] (px4_msgs) StdoutLine: {'line': b'-- Up-to-date: /home/rschnurr/SkyClaw-Team1/ros2_ws/install/px4_msgs/local/lib/python3.10/dist-packages/px4_msgs/msg/_battery_info_s.c\n'}
[3.668977] (px4_msgs) StdoutLine: {'line': b'-- Up-to-date: /home/rschnurr/SkyClaw-Team1/ros2_ws/install/px4_msgs/local/lib/python3.10/dist-packages/px4_msgs/msg/_follow_target_s.c\n'}
[3.669025] (px4_msgs) StdoutLine: {'line': b'-- Up-to-date: /home/rschnurr/SkyClaw-Team1/ros2_ws/install/px4_msgs/local/lib/python3.10/dist-packages/px4_msgs/msg/_power_monitor.py\n'}
[3.669336] (px4_msgs) StdoutLine: {'line': b'-- Up-to-date: /home/rschnurr/SkyClaw-Team1/ros2_ws/install/px4_msgs/local/lib/python3.10/dist-packages/px4_msgs/msg/_sensor_preflight_mag.py\n'}
[3.669464] (px4_msgs) StdoutLine: {'line': b'-- Up-to-date: /home/rschnurr/SkyClaw-Team1/ros2_ws/install/px4_msgs/local/lib/python3.10/dist-packages/px4_msgs/msg/_control_allocator_status.py\n'}
[3.669566] (px4_msgs) StdoutLine: {'line': b'-- Up-to-date: /home/rschnurr/SkyClaw-Team1/ros2_ws/install/px4_msgs/local/lib/python3.10/dist-packages/px4_msgs/msg/_rover_rate_status_s.c\n'}
[3.669639] (px4_msgs) StdoutLine: {'line': b'-- Up-to-date: /home/rschnurr/SkyClaw-Team1/ros2_ws/install/px4_msgs/local/lib/python3.10/dist-packages/px4_msgs/msg/_rover_throttle_setpoint_s.c\n'}
[3.669704] (px4_msgs) StdoutLine: {'line': b'-- Up-to-date: /home/rschnurr/SkyClaw-Team1/ros2_ws/install/px4_msgs/local/lib/python3.10/dist-packages/px4_msgs/msg/_estimator_aid_source3d_s.c\n'}
[3.669871] (px4_msgs) StdoutLine: {'line': b'-- Up-to-date: /home/rschnurr/SkyClaw-Team1/ros2_ws/install/px4_msgs/local/lib/python3.10/dist-packages/px4_msgs/msg/_telemetry_status_s.c\n'}
[3.669995] (px4_msgs) StdoutLine: {'line': b'-- Up-to-date: /home/rschnurr/SkyClaw-Team1/ros2_ws/install/px4_msgs/local/lib/python3.10/dist-packages/px4_msgs/msg/_follow_target_status.py\n'}
[3.670075] (px4_msgs) StdoutLine: {'line': b'-- Up-to-date: /home/rschnurr/SkyClaw-Team1/ros2_ws/install/px4_msgs/local/lib/python3.10/dist-packages/px4_msgs/msg/_airspeed_wind.py\n'}
[3.670157] (px4_msgs) StdoutLine: {'line': b'-- Up-to-date: /home/rschnurr/SkyClaw-Team1/ros2_ws/install/px4_msgs/local/lib/python3.10/dist-packages/px4_msgs/msg/_gimbal_device_set_attitude.py\n'}
[3.670693] (px4_msgs) StdoutLine: {'line': b'-- Up-to-date: /home/rschnurr/SkyClaw-Team1/ros2_ws/install/px4_msgs/local/lib/python3.10/dist-packages/px4_msgs/msg/_unregister_ext_component_s.c\n'}
[3.670787] (px4_msgs) StdoutLine: {'line': b'-- Up-to-date: /home/rschnurr/SkyClaw-Team1/ros2_ws/install/px4_msgs/local/lib/python3.10/dist-packages/px4_msgs/msg/_mavlink_log.py\n'}
[3.671308] (px4_msgs) StdoutLine: {'line': b'-- Up-to-date: /home/rschnurr/SkyClaw-Team1/ros2_ws/install/px4_msgs/local/lib/python3.10/dist-packages/px4_msgs/msg/_vehicle_thrust_setpoint.py\n'}
[3.671803] (px4_msgs) StdoutLine: {'line': b'-- Up-to-date: /home/rschnurr/SkyClaw-Team1/ros2_ws/install/px4_msgs/local/lib/python3.10/dist-packages/px4_msgs/msg/_vtol_vehicle_status.py\n'}
[3.672352] (px4_msgs) StdoutLine: {'line': b'-- Up-to-date: /home/rschnurr/SkyClaw-Team1/ros2_ws/install/px4_msgs/local/lib/python3.10/dist-packages/px4_msgs/msg/_failsafe_flags.py\n'}
[3.672833] (px4_msgs) StdoutLine: {'line': b'-- Up-to-date: /home/rschnurr/SkyClaw-Team1/ros2_ws/install/px4_msgs/local/lib/python3.10/dist-packages/px4_msgs/msg/_message_format_request.py\n'}
[3.673241] (px4_msgs) StdoutLine: {'line': b'-- Up-to-date: /home/rschnurr/SkyClaw-Team1/ros2_ws/install/px4_msgs/local/lib/python3.10/dist-packages/px4_msgs/msg/_uavcan_parameter_request_s.c\n'}
[3.673514] (px4_msgs) StdoutLine: {'line': b'-- Up-to-date: /home/rschnurr/SkyClaw-Team1/ros2_ws/install/px4_msgs/local/lib/python3.10/dist-packages/px4_msgs/msg/_launch_detection_status_s.c\n'}
[3.673826] (px4_msgs) StdoutLine: {'line': b'-- Up-to-date: /home/rschnurr/SkyClaw-Team1/ros2_ws/install/px4_msgs/local/lib/python3.10/dist-packages/px4_msgs/msg/_takeoff_status.py\n'}
[3.674254] (px4_msgs) StdoutLine: {'line': b'-- Up-to-date: /home/rschnurr/SkyClaw-Team1/ros2_ws/install/px4_msgs/local/lib/python3.10/dist-packages/px4_msgs/msg/_sensor_gnss_relative_s.c\n'}
[3.674689] (px4_msgs) StdoutLine: {'line': b'-- Up-to-date: /home/rschnurr/SkyClaw-Team1/ros2_ws/install/px4_msgs/local/lib/python3.10/dist-packages/px4_msgs/msg/_rover_position_setpoint_s.c\n'}
[3.675068] (px4_msgs) StdoutLine: {'line': b'-- Up-to-date: /home/rschnurr/SkyClaw-Team1/ros2_ws/install/px4_msgs/local/lib/python3.10/dist-packages/px4_msgs/msg/_transponder_report.py\n'}
[3.675843] (px4_msgs) StdoutLine: {'line': b'-- Up-to-date: /home/rschnurr/SkyClaw-Team1/ros2_ws/install/px4_msgs/local/lib/python3.10/dist-packages/px4_msgs/msg/_gimbal_manager_information.py\n'}
[3.676537] (px4_msgs) StdoutLine: {'line': b'-- Up-to-date: /home/rschnurr/SkyClaw-Team1/ros2_ws/install/px4_msgs/local/lib/python3.10/dist-packages/px4_msgs/msg/_offboard_control_mode.py\n'}
[3.676754] (px4_msgs) StdoutLine: {'line': b'-- Up-to-date: /home/rschnurr/SkyClaw-Team1/ros2_ws/install/px4_msgs/local/lib/python3.10/dist-packages/px4_msgs/msg/_sensor_mag_s.c\n'}
[3.676867] (px4_msgs) StdoutLine: {'line': b'-- Up-to-date: /home/rschnurr/SkyClaw-Team1/ros2_ws/install/px4_msgs/local/lib/python3.10/dist-packages/px4_msgs/msg/_camera_trigger.py\n'}
[3.676951] (px4_msgs) StdoutLine: {'line': b'-- Up-to-date: /home/rschnurr/SkyClaw-Team1/ros2_ws/install/px4_msgs/local/lib/python3.10/dist-packages/px4_msgs/msg/_power_button_state_s.c\n'}
[3.677094] (px4_msgs) StdoutLine: {'line': b'-- Up-to-date: /home/rschnurr/SkyClaw-Team1/ros2_ws/install/px4_msgs/local/lib/python3.10/dist-packages/px4_msgs/msg/_estimator_bias3d_s.c\n'}
[3.677325] (px4_msgs) StdoutLine: {'line': b'-- Up-to-date: /home/rschnurr/SkyClaw-Team1/ros2_ws/install/px4_msgs/local/lib/python3.10/dist-packages/px4_msgs/msg/_event_s.c\n'}
[3.677777] (px4_msgs) StdoutLine: {'line': b'-- Up-to-date: /home/rschnurr/SkyClaw-Team1/ros2_ws/install/px4_msgs/local/lib/python3.10/dist-packages/px4_msgs/msg/_task_stack_info.py\n'}
[3.678163] (px4_msgs) StdoutLine: {'line': b'-- Up-to-date: /home/rschnurr/SkyClaw-Team1/ros2_ws/install/px4_msgs/local/lib/python3.10/dist-packages/px4_msgs/msg/_qshell_retval_s.c\n'}
[3.678861] (px4_msgs) StdoutLine: {'line': b'-- Up-to-date: /home/rschnurr/SkyClaw-Team1/ros2_ws/install/px4_msgs/local/lib/python3.10/dist-packages/px4_msgs/msg/_vtol_vehicle_status_s.c\n'}
[3.678989] (px4_msgs) StdoutLine: {'line': b'-- Up-to-date: /home/rschnurr/SkyClaw-Team1/ros2_ws/install/px4_msgs/local/lib/python3.10/dist-packages/px4_msgs/msg/_actuator_motors_s.c\n'}
[3.679051] (px4_msgs) StdoutLine: {'line': b'-- Up-to-date: /home/rschnurr/SkyClaw-Team1/ros2_ws/install/px4_msgs/local/lib/python3.10/dist-packages/px4_msgs/msg/_estimator_innovations.py\n'}
[3.679110] (px4_msgs) StdoutLine: {'line': b'-- Up-to-date: /home/rschnurr/SkyClaw-Team1/ros2_ws/install/px4_msgs/local/lib/python3.10/dist-packages/px4_msgs/msg/_open_drone_id_system_s.c\n'}
[3.679403] (px4_msgs) StdoutLine: {'line': b'-- Up-to-date: /home/rschnurr/SkyClaw-Team1/ros2_ws/install/px4_msgs/local/lib/python3.10/dist-packages/px4_msgs/msg/_vehicle_roi_s.c\n'}
[3.679855] (px4_msgs) StdoutLine: {'line': b'-- Up-to-date: /home/rschnurr/SkyClaw-Team1/ros2_ws/install/px4_msgs/local/lib/python3.10/dist-packages/px4_msgs/msg/_estimator_event_flags_s.c\n'}
[3.680110] (px4_msgs) StdoutLine: {'line': b'-- Up-to-date: /home/rschnurr/SkyClaw-Team1/ros2_ws/install/px4_msgs/local/lib/python3.10/dist-packages/px4_msgs/msg/_parameter_set_used_request_s.c\n'}
[3.680854] (px4_msgs) StdoutLine: {'line': b'-- Up-to-date: /home/rschnurr/SkyClaw-Team1/ros2_ws/install/px4_msgs/local/lib/python3.10/dist-packages/px4_msgs/msg/_orb_test_s.c\n'}
[3.680983] (px4_msgs) StdoutLine: {'line': b'-- Up-to-date: /home/rschnurr/SkyClaw-Team1/ros2_ws/install/px4_msgs/local/lib/python3.10/dist-packages/px4_msgs/msg/_vehicle_imu_s.c\n'}
[3.681374] (px4_msgs) StdoutLine: {'line': b'-- Up-to-date: /home/rschnurr/SkyClaw-Team1/ros2_ws/install/px4_msgs/local/lib/python3.10/dist-packages/px4_msgs/msg/_vehicle_local_position_setpoint.py\n'}
[3.681922] (px4_msgs) StdoutLine: {'line': b'-- Up-to-date: /home/rschnurr/SkyClaw-Team1/ros2_ws/install/px4_msgs/local/lib/python3.10/dist-packages/px4_msgs/msg/_ulog_stream.py\n'}
[3.682427] (px4_msgs) StdoutLine: {'line': b'-- Up-to-date: /home/rschnurr/SkyClaw-Team1/ros2_ws/install/px4_msgs/local/lib/python3.10/dist-packages/px4_msgs/msg/_debug_value.py\n'}
[3.682929] (px4_msgs) StdoutLine: {'line': b'-- Up-to-date: /home/rschnurr/SkyClaw-Team1/ros2_ws/install/px4_msgs/local/lib/python3.10/dist-packages/px4_msgs/msg/_landing_gear_wheel.py\n'}
[3.683378] (px4_msgs) StdoutLine: {'line': b'-- Up-to-date: /home/rschnurr/SkyClaw-Team1/ros2_ws/install/px4_msgs/local/lib/python3.10/dist-packages/px4_msgs/msg/_parameter_set_value_response.py\n'}
[3.683901] (px4_msgs) StdoutLine: {'line': b'-- Up-to-date: /home/rschnurr/SkyClaw-Team1/ros2_ws/install/px4_msgs/local/lib/python3.10/dist-packages/px4_msgs/msg/_sensor_accel_fifo_s.c\n'}
[3.684757] (px4_msgs) StdoutLine: {'line': b'-- Up-to-date: /home/rschnurr/SkyClaw-Team1/ros2_ws/install/px4_msgs/local/lib/python3.10/dist-packages/px4_msgs/msg/_ulog_stream_s.c\n'}
[3.685115] (px4_msgs) StdoutLine: {'line': b'-- Up-to-date: /home/rschnurr/SkyClaw-Team1/ros2_ws/install/px4_msgs/local/lib/python3.10/dist-packages/px4_msgs/msg/_actuator_servos_trim.py\n'}
[3.685195] (px4_msgs) StdoutLine: {'line': b'-- Up-to-date: /home/rschnurr/SkyClaw-Team1/ros2_ws/install/px4_msgs/local/lib/python3.10/dist-packages/px4_msgs/msg/_position_controller_landing_status_s.c\n'}
[3.685253] (px4_msgs) StdoutLine: {'line': b'-- Up-to-date: /home/rschnurr/SkyClaw-Team1/ros2_ws/install/px4_msgs/local/lib/python3.10/dist-packages/px4_msgs/msg/_tiltrotor_extra_controls_s.c\n'}
[3.685303] (px4_msgs) StdoutLine: {'line': b'-- Up-to-date: /home/rschnurr/SkyClaw-Team1/ros2_ws/install/px4_msgs/local/lib/python3.10/dist-packages/px4_msgs/msg/_fixed_wing_longitudinal_setpoint_s.c\n'}
[3.685351] (px4_msgs) StdoutLine: {'line': b'-- Up-to-date: /home/rschnurr/SkyClaw-Team1/ros2_ws/install/px4_msgs/local/lib/python3.10/dist-packages/px4_msgs/msg/_velocity_limits_s.c\n'}
[3.685413] (px4_msgs) StdoutLine: {'line': b'-- Up-to-date: /home/rschnurr/SkyClaw-Team1/ros2_ws/install/px4_msgs/local/lib/python3.10/dist-packages/px4_msgs/msg/_failsafe_flags_s.c\n'}
[3.685459] (px4_msgs) StdoutLine: {'line': b'-- Up-to-date: /home/rschnurr/SkyClaw-Team1/ros2_ws/install/px4_msgs/local/lib/python3.10/dist-packages/px4_msgs/msg/_dronecan_node_status_s.c\n'}
[3.685504] (px4_msgs) StdoutLine: {'line': b'-- Up-to-date: /home/rschnurr/SkyClaw-Team1/ros2_ws/install/px4_msgs/local/lib/python3.10/dist-packages/px4_msgs/msg/_vehicle_acceleration_s.c\n'}
[3.685549] (px4_msgs) StdoutLine: {'line': b'-- Up-to-date: /home/rschnurr/SkyClaw-Team1/ros2_ws/install/px4_msgs/local/lib/python3.10/dist-packages/px4_msgs/msg/_satellite_info.py\n'}
[3.685662] (px4_msgs) StdoutLine: {'line': b'-- Up-to-date: /home/rschnurr/SkyClaw-Team1/ros2_ws/install/px4_msgs/local/lib/python3.10/dist-packages/px4_msgs/msg/_arming_check_reply.py\n'}
[3.686160] (px4_msgs) StdoutLine: {'line': b'-- Up-to-date: /home/rschnurr/SkyClaw-Team1/ros2_ws/install/px4_msgs/local/lib/python3.10/dist-packages/px4_msgs/msg/_rover_speed_status.py\n'}
[3.686258] (px4_msgs) StdoutLine: {'line': b'-- Up-to-date: /home/rschnurr/SkyClaw-Team1/ros2_ws/install/px4_msgs/local/lib/python3.10/dist-packages/px4_msgs/msg/_rover_speed_status_s.c\n'}
[3.686331] (px4_msgs) StdoutLine: {'line': b'-- Up-to-date: /home/rschnurr/SkyClaw-Team1/ros2_ws/install/px4_msgs/local/lib/python3.10/dist-packages/px4_msgs/msg/_sensor_gyro_fifo.py\n'}
[3.686385] (px4_msgs) StdoutLine: {'line': b'-- Up-to-date: /home/rschnurr/SkyClaw-Team1/ros2_ws/install/px4_msgs/local/lib/python3.10/dist-packages/px4_msgs/msg/_velocity_limits.py\n'}
[3.686433] (px4_msgs) StdoutLine: {'line': b'-- Up-to-date: /home/rschnurr/SkyClaw-Team1/ros2_ws/install/px4_msgs/local/lib/python3.10/dist-packages/px4_msgs/msg/_fuel_tank_status.py\n'}
[3.686484] (px4_msgs) StdoutLine: {'line': b'-- Up-to-date: /home/rschnurr/SkyClaw-Team1/ros2_ws/install/px4_msgs/local/lib/python3.10/dist-packages/px4_msgs/msg/_figure_eight_status_s.c\n'}
[3.686532] (px4_msgs) StdoutLine: {'line': b'-- Up-to-date: /home/rschnurr/SkyClaw-Team1/ros2_ws/install/px4_msgs/local/lib/python3.10/dist-packages/px4_msgs/msg/_vehicle_local_position_s.c\n'}
[3.686582] (px4_msgs) StdoutLine: {'line': b'-- Up-to-date: /home/rschnurr/SkyClaw-Team1/ros2_ws/install/px4_msgs/local/lib/python3.10/dist-packages/px4_msgs/msg/_distance_sensor_mode_change_request_s.c\n'}
[3.686737] (px4_msgs) StdoutLine: {'line': b'-- Up-to-date: /home/rschnurr/SkyClaw-Team1/ros2_ws/install/px4_msgs/local/lib/python3.10/dist-packages/px4_msgs/msg/_fixed_wing_longitudinal_setpoint.py\n'}
[3.686848] (px4_msgs) StdoutLine: {'line': b'-- Up-to-date: /home/rschnurr/SkyClaw-Team1/ros2_ws/install/px4_msgs/local/lib/python3.10/dist-packages/px4_msgs/msg/_camera_capture_s.c\n'}
[3.686928] (px4_msgs) StdoutLine: {'line': b'-- Up-to-date: /home/rschnurr/SkyClaw-Team1/ros2_ws/install/px4_msgs/local/lib/python3.10/dist-packages/px4_msgs/msg/_vehicle_attitude.py\n'}
[3.687000] (px4_msgs) StdoutLine: {'line': b'-- Up-to-date: /home/rschnurr/SkyClaw-Team1/ros2_ws/install/px4_msgs/local/lib/python3.10/dist-packages/px4_msgs/msg/_px4io_status_s.c\n'}
[3.687069] (px4_msgs) StdoutLine: {'line': b'-- Up-to-date: /home/rschnurr/SkyClaw-Team1/ros2_ws/install/px4_msgs/local/lib/python3.10/dist-packages/px4_msgs/msg/_position_controller_landing_status.py\n'}
[3.687226] (px4_msgs) StdoutLine: {'line': b'-- Up-to-date: /home/rschnurr/SkyClaw-Team1/ros2_ws/install/px4_msgs/local/lib/python3.10/dist-packages/px4_msgs/msg/_position_setpoint_triplet_s.c\n'}
[3.687711] (px4_msgs) StdoutLine: {'line': b'-- Up-to-date: /home/rschnurr/SkyClaw-Team1/ros2_ws/install/px4_msgs/local/lib/python3.10/dist-packages/px4_msgs/msg/_vehicle_odometry.py\n'}
[3.687883] (px4_msgs) StdoutLine: {'line': b'-- Up-to-date: /home/rschnurr/SkyClaw-Team1/ros2_ws/install/px4_msgs/local/lib/python3.10/dist-packages/px4_msgs/msg/_vehicle_local_position.py\n'}
[3.687982] (px4_msgs) StdoutLine: {'line': b'-- Up-to-date: /home/rschnurr/SkyClaw-Team1/ros2_ws/install/px4_msgs/local/lib/python3.10/dist-packages/px4_msgs/msg/_trajectory_setpoint_s.c\n'}
[3.688132] (px4_msgs) StdoutLine: {'line': b'-- Up-to-date: /home/rschnurr/SkyClaw-Team1/ros2_ws/install/px4_msgs/local/lib/python3.10/dist-packages/px4_msgs/msg/_failure_detector_status_s.c\n'}
[3.688229] (px4_msgs) StdoutLine: {'line': b'-- Up-to-date: /home/rschnurr/SkyClaw-Team1/ros2_ws/install/px4_msgs/local/lib/python3.10/dist-packages/px4_msgs/msg/_sensor_selection.py\n'}
[3.688308] (px4_msgs) StdoutLine: {'line': b'-- Up-to-date: /home/rschnurr/SkyClaw-Team1/ros2_ws/install/px4_msgs/local/lib/python3.10/dist-packages/px4_msgs/msg/_pure_pursuit_status_s.c\n'}
[3.688376] (px4_msgs) StdoutLine: {'line': b'-- Up-to-date: /home/rschnurr/SkyClaw-Team1/ros2_ws/install/px4_msgs/local/lib/python3.10/dist-packages/px4_msgs/msg/_estimator_bias_s.c\n'}
[3.688470] (px4_msgs) StdoutLine: {'line': b'-- Up-to-date: /home/rschnurr/SkyClaw-Team1/ros2_ws/install/px4_msgs/local/lib/python3.10/dist-packages/px4_msgs/msg/_vehicle_attitude_setpoint.py\n'}
[3.688999] (px4_msgs) StdoutLine: {'line': b'-- Up-to-date: /home/rschnurr/SkyClaw-Team1/ros2_ws/install/px4_msgs/local/lib/python3.10/dist-packages/px4_msgs/msg/_collision_constraints_s.c\n'}
[3.689105] (px4_msgs) StdoutLine: {'line': b'-- Up-to-date: /home/rschnurr/SkyClaw-Team1/ros2_ws/install/px4_msgs/local/lib/python3.10/dist-packages/px4_msgs/msg/_mission_result_s.c\n'}
[3.689172] (px4_msgs) StdoutLine: {'line': b'-- Up-to-date: /home/rschnurr/SkyClaw-Team1/ros2_ws/install/px4_msgs/local/lib/python3.10/dist-packages/px4_msgs/msg/_debug_vect.py\n'}
[3.689409] (px4_msgs) StdoutLine: {'line': b'-- Up-to-date: /home/rschnurr/SkyClaw-Team1/ros2_ws/install/px4_msgs/local/lib/python3.10/dist-packages/px4_msgs/msg/_rover_rate_setpoint_s.c\n'}
[3.689866] (px4_msgs) StdoutLine: {'line': b'-- Up-to-date: /home/rschnurr/SkyClaw-Team1/ros2_ws/install/px4_msgs/local/lib/python3.10/dist-packages/px4_msgs/msg/_hover_thrust_estimate.py\n'}
[3.690186] (px4_msgs) StdoutLine: {'line': b'-- Up-to-date: /home/rschnurr/SkyClaw-Team1/ros2_ws/install/px4_msgs/local/lib/python3.10/dist-packages/px4_msgs/msg/_qshell_retval.py\n'}
[3.690545] (px4_msgs) StdoutLine: {'line': b'-- Up-to-date: /home/rschnurr/SkyClaw-Team1/ros2_ws/install/px4_msgs/local/lib/python3.10/dist-packages/px4_msgs/msg/_estimator_bias3d.py\n'}
[3.691183] (px4_msgs) StdoutLine: {'line': b'-- Up-to-date: /home/rschnurr/SkyClaw-Team1/ros2_ws/install/px4_msgs/local/lib/python3.10/dist-packages/px4_msgs/msg/_gps_inject_data_s.c\n'}
[3.691301] (px4_msgs) StdoutLine: {'line': b'-- Up-to-date: /home/rschnurr/SkyClaw-Team1/ros2_ws/install/px4_msgs/local/lib/python3.10/dist-packages/px4_msgs/msg/_sensor_accel_s.c\n'}
[3.691364] (px4_msgs) StdoutLine: {'line': b'-- Up-to-date: /home/rschnurr/SkyClaw-Team1/ros2_ws/install/px4_msgs/local/lib/python3.10/dist-packages/px4_msgs/msg/_internal_combustion_engine_control_s.c\n'}
[3.691416] (px4_msgs) StdoutLine: {'line': b'-- Up-to-date: /home/rschnurr/SkyClaw-Team1/ros2_ws/install/px4_msgs/local/lib/python3.10/dist-packages/px4_msgs/msg/_vehicle_attitude_s.c\n'}
[3.691895] (px4_msgs) StdoutLine: {'line': b'-- Up-to-date: /home/rschnurr/SkyClaw-Team1/ros2_ws/install/px4_msgs/local/lib/python3.10/dist-packages/px4_msgs/msg/_estimator_aid_source2d.py\n'}
[3.692358] (px4_msgs) StdoutLine: {'line': b'-- Up-to-date: /home/rschnurr/SkyClaw-Team1/ros2_ws/install/px4_msgs/local/lib/python3.10/dist-packages/px4_msgs/msg/_logger_status_s.c\n'}
[3.692854] (px4_msgs) StdoutLine: {'line': b'-- Up-to-date: /home/rschnurr/SkyClaw-Team1/ros2_ws/install/px4_msgs/local/lib/python3.10/dist-packages/px4_msgs/msg/_hover_thrust_estimate_s.c\n'}
[3.693053] (px4_msgs) StdoutLine: {'line': b'-- Up-to-date: /home/rschnurr/SkyClaw-Team1/ros2_ws/install/px4_msgs/local/lib/python3.10/dist-packages/px4_msgs/msg/_gimbal_manager_status.py\n'}
[3.693231] (px4_msgs) StdoutLine: {'line': b'-- Up-to-date: /home/rschnurr/SkyClaw-Team1/ros2_ws/install/px4_msgs/local/lib/python3.10/dist-packages/px4_msgs/msg/_system_power_s.c\n'}
[3.693384] (px4_msgs) StdoutLine: {'line': b'-- Up-to-date: /home/rschnurr/SkyClaw-Team1/ros2_ws/install/px4_msgs/local/lib/python3.10/dist-packages/px4_msgs/msg/_event.py\n'}
[3.693692] (px4_msgs) StdoutLine: {'line': b'-- Up-to-date: /home/rschnurr/SkyClaw-Team1/ros2_ws/install/px4_msgs/local/lib/python3.10/dist-packages/px4_msgs/msg/_lateral_control_configuration_s.c\n'}
[3.693771] (px4_msgs) StdoutLine: {'line': b'-- Up-to-date: /home/rschnurr/SkyClaw-Team1/ros2_ws/install/px4_msgs/local/lib/python3.10/dist-packages/px4_msgs/msg/_generator_status.py\n'}
[3.693828] (px4_msgs) StdoutLine: {'line': b'-- Up-to-date: /home/rschnurr/SkyClaw-Team1/ros2_ws/install/px4_msgs/local/lib/python3.10/dist-packages/px4_msgs/msg/_takeoff_status_s.c\n'}
[3.693880] (px4_msgs) StdoutLine: {'line': b'-- Up-to-date: /home/rschnurr/SkyClaw-Team1/ros2_ws/install/px4_msgs/local/lib/python3.10/dist-packages/px4_msgs/msg/_rpm_s.c\n'}
[3.693934] (px4_msgs) StdoutLine: {'line': b'-- Up-to-date: /home/rschnurr/SkyClaw-Team1/ros2_ws/install/px4_msgs/local/lib/python3.10/dist-packages/px4_msgs/msg/_estimator_states_s.c\n'}
[3.693984] (px4_msgs) StdoutLine: {'line': b'-- Up-to-date: /home/rschnurr/SkyClaw-Team1/ros2_ws/install/px4_msgs/local/lib/python3.10/dist-packages/px4_msgs/msg/_landing_target_innovations_s.c\n'}
[3.694036] (px4_msgs) StdoutLine: {'line': b'-- Up-to-date: /home/rschnurr/SkyClaw-Team1/ros2_ws/install/px4_msgs/local/lib/python3.10/dist-packages/px4_msgs/msg/_esc_report_s.c\n'}
[3.694087] (px4_msgs) StdoutLine: {'line': b'-- Up-to-date: /home/rschnurr/SkyClaw-Team1/ros2_ws/install/px4_msgs/local/lib/python3.10/dist-packages/px4_msgs/msg/_rover_steering_setpoint_s.c\n'}
[3.694145] (px4_msgs) StdoutLine: {'line': b'-- Up-to-date: /home/rschnurr/SkyClaw-Team1/ros2_ws/install/px4_msgs/local/lib/python3.10/dist-packages/px4_msgs/msg/_mavlink_tunnel.py\n'}
[3.694199] (px4_msgs) StdoutLine: {'line': b'-- Up-to-date: /home/rschnurr/SkyClaw-Team1/ros2_ws/install/px4_msgs/local/lib/python3.10/dist-packages/px4_msgs/msg/_airspeed_validated.py\n'}
[3.694787] (px4_msgs) StdoutLine: {'line': b'-- Up-to-date: /home/rschnurr/SkyClaw-Team1/ros2_ws/install/px4_msgs/local/lib/python3.10/dist-packages/px4_msgs/msg/_led_control_s.c\n'}
[3.695383] (px4_msgs) StdoutLine: {'line': b'-- Up-to-date: /home/rschnurr/SkyClaw-Team1/ros2_ws/install/px4_msgs/local/lib/python3.10/dist-packages/px4_msgs/msg/_trajectory_setpoint6dof_s.c\n'}
[3.695513] (px4_msgs) StdoutLine: {'line': b'-- Up-to-date: /home/rschnurr/SkyClaw-Team1/ros2_ws/install/px4_msgs/local/lib/python3.10/dist-packages/px4_msgs/msg/_gimbal_device_set_attitude_s.c\n'}
[3.695610] (px4_msgs) StdoutLine: {'line': b'-- Up-to-date: /home/rschnurr/SkyClaw-Team1/ros2_ws/install/px4_msgs/local/lib/python3.10/dist-packages/px4_msgs/msg/_open_drone_id_arm_status_s.c\n'}
[3.695680] (px4_msgs) StdoutLine: {'line': b'-- Up-to-date: /home/rschnurr/SkyClaw-Team1/ros2_ws/install/px4_msgs/local/lib/python3.10/dist-packages/px4_msgs/msg/_mount_orientation.py\n'}
[3.695754] (px4_msgs) StdoutLine: {'line': b'-- Up-to-date: /home/rschnurr/SkyClaw-Team1/ros2_ws/install/px4_msgs/local/lib/python3.10/dist-packages/px4_msgs/msg/_generator_status_s.c\n'}
[3.695829] (px4_msgs) StdoutLine: {'line': b'-- Up-to-date: /home/rschnurr/SkyClaw-Team1/ros2_ws/install/px4_msgs/local/lib/python3.10/dist-packages/px4_msgs/msg/_sensor_uwb.py\n'}
[3.696035] (px4_msgs) StdoutLine: {'line': b'-- Up-to-date: /home/rschnurr/SkyClaw-Team1/ros2_ws/install/px4_msgs/local/lib/python3.10/dist-packages/px4_msgs/msg/_sensor_gnss_status_s.c\n'}
[3.696485] (px4_msgs) StdoutLine: {'line': b'-- Up-to-date: /home/rschnurr/SkyClaw-Team1/ros2_ws/install/px4_msgs/local/lib/python3.10/dist-packages/px4_msgs/msg/_power_button_state.py\n'}
[3.696622] (px4_msgs) StdoutLine: {'line': b'-- Up-to-date: /home/rschnurr/SkyClaw-Team1/ros2_ws/install/px4_msgs/local/lib/python3.10/dist-packages/px4_msgs/msg/_vehicle_optical_flow_vel_s.c\n'}
[3.696698] (px4_msgs) StdoutLine: {'line': b'-- Up-to-date: /home/rschnurr/SkyClaw-Team1/ros2_ws/install/px4_msgs/local/lib/python3.10/dist-packages/px4_msgs/msg/_gpio_in.py\n'}
[3.697574] (px4_msgs) StdoutLine: {'line': b'-- Up-to-date: /home/rschnurr/SkyClaw-Team1/ros2_ws/install/px4_msgs/local/lib/python3.10/dist-packages/px4_msgs/msg/_landing_gear.py\n'}
[3.698168] (px4_msgs) StdoutLine: {'line': b'-- Up-to-date: /home/rschnurr/SkyClaw-Team1/ros2_ws/install/px4_msgs/local/lib/python3.10/dist-packages/px4_msgs/msg/_gpio_in_s.c\n'}
[3.698573] (px4_msgs) StdoutLine: {'line': b'-- Up-to-date: /home/rschnurr/SkyClaw-Team1/ros2_ws/install/px4_msgs/local/lib/python3.10/dist-packages/px4_msgs/msg/_actuator_test_s.c\n'}
[3.699060] (px4_msgs) StdoutLine: {'line': b'-- Up-to-date: /home/rschnurr/SkyClaw-Team1/ros2_ws/install/px4_msgs/local/lib/python3.10/dist-packages/px4_msgs/msg/_failure_detector_status.py\n'}
[3.699549] (px4_msgs) StdoutLine: {'line': b'-- Up-to-date: /home/rschnurr/SkyClaw-Team1/ros2_ws/install/px4_msgs/local/lib/python3.10/dist-packages/px4_msgs/msg/_internal_combustion_engine_control.py\n'}
[3.700004] (px4_msgs) StdoutLine: {'line': b'-- Up-to-date: /home/rschnurr/SkyClaw-Team1/ros2_ws/install/px4_msgs/local/lib/python3.10/dist-packages/px4_msgs/msg/_gpio_out_s.c\n'}
[3.700193] (px4_msgs) StdoutLine: {'line': b'-- Up-to-date: /home/rschnurr/SkyClaw-Team1/ros2_ws/install/px4_msgs/local/lib/python3.10/dist-packages/px4_msgs/msg/_internal_combustion_engine_status.py\n'}
[3.700585] (px4_msgs) StdoutLine: {'line': b'-- Up-to-date: /home/rschnurr/SkyClaw-Team1/ros2_ws/install/px4_msgs/local/lib/python3.10/dist-packages/px4_msgs/msg/_follow_target_status_s.c\n'}
[3.700700] (px4_msgs) StdoutLine: {'line': b'-- Up-to-date: /home/rschnurr/SkyClaw-Team1/ros2_ws/install/px4_msgs/local/lib/python3.10/dist-packages/px4_msgs/msg/_control_allocator_status_s.c\n'}
[3.700787] (px4_msgs) StdoutLine: {'line': b'-- Up-to-date: /home/rschnurr/SkyClaw-Team1/ros2_ws/install/px4_msgs/local/lib/python3.10/dist-packages/px4_msgs/msg/_vehicle_status_s.c\n'}
[3.702225] (px4_msgs) StdoutLine: {'line': b'-- Up-to-date: /home/rschnurr/SkyClaw-Team1/ros2_ws/install/px4_msgs/local/lib/python3.10/dist-packages/px4_msgs/msg/_battery_status.py\n'}
[3.702421] (px4_msgs) StdoutLine: {'line': b'-- Up-to-date: /home/rschnurr/SkyClaw-Team1/ros2_ws/install/px4_msgs/local/lib/python3.10/dist-packages/px4_msgs/msg/_pwm_input.py\n'}
[3.702516] (px4_msgs) StdoutLine: {'line': b'-- Up-to-date: /home/rschnurr/SkyClaw-Team1/ros2_ws/install/px4_msgs/local/lib/python3.10/dist-packages/px4_msgs/msg/_rtl_time_estimate_s.c\n'}
[3.702616] (px4_msgs) StdoutLine: {'line': b'-- Up-to-date: /home/rschnurr/SkyClaw-Team1/ros2_ws/install/px4_msgs/local/lib/python3.10/dist-packages/px4_msgs/msg/_rtl_time_estimate.py\n'}
[3.702775] (px4_msgs) StdoutLine: {'line': b'-- Up-to-date: /home/rschnurr/SkyClaw-Team1/ros2_ws/install/px4_msgs/local/lib/python3.10/dist-packages/px4_msgs/msg/_sensor_uwb_s.c\n'}
[3.703550] (px4_msgs) StdoutLine: {'line': b'-- Up-to-date: /home/rschnurr/SkyClaw-Team1/ros2_ws/install/px4_msgs/local/lib/python3.10/dist-packages/px4_msgs/msg/_sensors_status_s.c\n'}
[3.703785] (px4_msgs) StdoutLine: {'line': b'-- Up-to-date: /home/rschnurr/SkyClaw-Team1/ros2_ws/install/px4_msgs/local/lib/python3.10/dist-packages/px4_msgs/msg/_estimator_gps_status_s.c\n'}
[3.704152] (px4_msgs) StdoutLine: {'line': b'-- Up-to-date: /home/rschnurr/SkyClaw-Team1/ros2_ws/install/px4_msgs/local/lib/python3.10/dist-packages/px4_msgs/msg/_fixed_wing_runway_control_s.c\n'}
[3.704536] (px4_msgs) StdoutLine: {'line': b'-- Up-to-date: /home/rschnurr/SkyClaw-Team1/ros2_ws/install/px4_msgs/local/lib/python3.10/dist-packages/px4_msgs/msg/_fixed_wing_lateral_status_s.c\n'}
[3.704789] (px4_msgs) StdoutLine: {'line': b'-- Up-to-date: /home/rschnurr/SkyClaw-Team1/ros2_ws/install/px4_msgs/local/lib/python3.10/dist-packages/px4_msgs/msg/_position_setpoint_s.c\n'}
[3.704918] (px4_msgs) StdoutLine: {'line': b'-- Up-to-date: /home/rschnurr/SkyClaw-Team1/ros2_ws/install/px4_msgs/local/lib/python3.10/dist-packages/px4_msgs/msg/_mode_completed.py\n'}
[3.705007] (px4_msgs) StdoutLine: {'line': b'-- Up-to-date: /home/rschnurr/SkyClaw-Team1/ros2_ws/install/px4_msgs/local/lib/python3.10/dist-packages/px4_msgs/msg/_estimator_selector_status_s.c\n'}
[3.705494] (px4_msgs) StdoutLine: {'line': b'-- Up-to-date: /home/rschnurr/SkyClaw-Team1/ros2_ws/install/px4_msgs/local/lib/python3.10/dist-packages/px4_msgs/msg/_airspeed.py\n'}
[3.706152] (px4_msgs) StdoutLine: {'line': b'-- Up-to-date: /home/rschnurr/SkyClaw-Team1/ros2_ws/install/px4_msgs/local/lib/python3.10/dist-packages/px4_msgs/msg/_dataman_request_s.c\n'}
[3.706495] (px4_msgs) StdoutLine: {'line': b'-- Up-to-date: /home/rschnurr/SkyClaw-Team1/ros2_ws/install/px4_msgs/local/lib/python3.10/dist-packages/px4_msgs/msg/_sensor_mag.py\n'}
[3.706808] (px4_msgs) StdoutLine: {'line': b'-- Up-to-date: /home/rschnurr/SkyClaw-Team1/ros2_ws/install/px4_msgs/local/lib/python3.10/dist-packages/px4_msgs/msg/_airspeed_wind_s.c\n'}
[3.707362] (px4_msgs) StdoutLine: {'line': b'-- Up-to-date: /home/rschnurr/SkyClaw-Team1/ros2_ws/install/px4_msgs/local/lib/python3.10/dist-packages/px4_msgs/msg/_navigator_mission_item_s.c\n'}
[3.707595] (px4_msgs) StdoutLine: {'line': b'-- Up-to-date: /home/rschnurr/SkyClaw-Team1/ros2_ws/install/px4_msgs/local/lib/python3.10/dist-packages/px4_msgs/msg/_irlock_report.py\n'}
[3.707806] (px4_msgs) StdoutLine: {'line': b'-- Up-to-date: /home/rschnurr/SkyClaw-Team1/ros2_ws/install/px4_msgs/local/lib/python3.10/dist-packages/px4_msgs/msg/_home_position_s.c\n'}
[3.708131] (px4_msgs) StdoutLine: {'line': b'-- Up-to-date: /home/rschnurr/SkyClaw-Team1/ros2_ws/install/px4_msgs/local/lib/python3.10/dist-packages/px4_msgs/msg/_vehicle_attitude_setpoint_s.c\n'}
[3.708544] (px4_msgs) StdoutLine: {'line': b'-- Up-to-date: /home/rschnurr/SkyClaw-Team1/ros2_ws/install/px4_msgs/local/lib/python3.10/dist-packages/px4_msgs/msg/_sensor_baro.py\n'}
[3.708736] (px4_msgs) StdoutLine: {'line': b'-- Up-to-date: /home/rschnurr/SkyClaw-Team1/ros2_ws/install/px4_msgs/local/lib/python3.10/dist-packages/px4_msgs/msg/_geofence_result.py\n'}
[3.709052] (px4_msgs) StdoutLine: {'line': b'-- Up-to-date: /home/rschnurr/SkyClaw-Team1/ros2_ws/install/px4_msgs/local/lib/python3.10/dist-packages/px4_msgs/msg/_sensor_gps.py\n'}
[3.709463] (px4_msgs) StdoutLine: {'line': b'-- Up-to-date: /home/rschnurr/SkyClaw-Team1/ros2_ws/install/px4_msgs/local/lib/python3.10/dist-packages/px4_msgs/msg/_mavlink_tunnel_s.c\n'}
[3.709855] (px4_msgs) StdoutLine: {'line': b'-- Up-to-date: /home/rschnurr/SkyClaw-Team1/ros2_ws/install/px4_msgs/local/lib/python3.10/dist-packages/px4_msgs/msg/_rover_attitude_setpoint.py\n'}
[3.710369] (px4_msgs) StdoutLine: {'line': b'-- Up-to-date: /home/rschnurr/SkyClaw-Team1/ros2_ws/install/px4_msgs/local/lib/python3.10/dist-packages/px4_msgs/msg/_onboard_computer_status_s.c\n'}
[3.711012] (px4_msgs) StdoutLine: {'line': b'-- Up-to-date: /home/rschnurr/SkyClaw-Team1/ros2_ws/install/px4_msgs/local/lib/python3.10/dist-packages/px4_msgs/msg/_rc_channels_s.c\n'}
[3.711231] (px4_msgs) StdoutLine: {'line': b'-- Up-to-date: /home/rschnurr/SkyClaw-Team1/ros2_ws/install/px4_msgs/local/lib/python3.10/dist-packages/px4_msgs/msg/_sensor_gyro_fft.py\n'}
[3.711365] (px4_msgs) StdoutLine: {'line': b'-- Up-to-date: /home/rschnurr/SkyClaw-Team1/ros2_ws/install/px4_msgs/local/lib/python3.10/dist-packages/px4_msgs/msg/_rate_ctrl_status.py\n'}
[3.711562] (px4_msgs) StdoutLine: {'line': b'-- Up-to-date: /home/rschnurr/SkyClaw-Team1/ros2_ws/install/px4_msgs/local/lib/python3.10/dist-packages/px4_msgs/msg/_actuator_armed_s.c\n'}
[3.711745] (px4_msgs) StdoutLine: {'line': b'-- Up-to-date: /home/rschnurr/SkyClaw-Team1/ros2_ws/install/px4_msgs/local/lib/python3.10/dist-packages/px4_msgs/msg/_radio_status.py\n'}
[3.711941] (px4_msgs) StdoutLine: {'line': b'-- Up-to-date: /home/rschnurr/SkyClaw-Team1/ros2_ws/install/px4_msgs/local/lib/python3.10/dist-packages/px4_msgs/msg/_manual_control_switches.py\n'}
[3.712282] (px4_msgs) StdoutLine: {'line': b'-- Up-to-date: /home/rschnurr/SkyClaw-Team1/ros2_ws/install/px4_msgs/local/lib/python3.10/dist-packages/px4_msgs/msg/_actuator_test.py\n'}
[3.712797] (px4_msgs) StdoutLine: {'line': b'-- Up-to-date: /home/rschnurr/SkyClaw-Team1/ros2_ws/install/px4_msgs/local/lib/python3.10/dist-packages/px4_msgs/msg/_normalized_unsigned_setpoint_s.c\n'}
[3.712990] (px4_msgs) StdoutLine: {'line': b'-- Up-to-date: /home/rschnurr/SkyClaw-Team1/ros2_ws/install/px4_msgs/local/lib/python3.10/dist-packages/px4_msgs/msg/_sensor_combined.py\n'}
[3.713356] (px4_msgs) StdoutLine: {'line': b'-- Up-to-date: /home/rschnurr/SkyClaw-Team1/ros2_ws/install/px4_msgs/local/lib/python3.10/dist-packages/px4_msgs/msg/_battery_status_s.c\n'}
[3.713765] (px4_msgs) StdoutLine: {'line': b'-- Up-to-date: /home/rschnurr/SkyClaw-Team1/ros2_ws/install/px4_msgs/local/lib/python3.10/dist-packages/px4_msgs/msg/_gripper_s.c\n'}
[3.714160] (px4_msgs) StdoutLine: {'line': b'-- Up-to-date: /home/rschnurr/SkyClaw-Team1/ros2_ws/install/px4_msgs/local/lib/python3.10/dist-packages/px4_msgs/msg/_open_drone_id_arm_status.py\n'}
[3.714521] (px4_msgs) StdoutLine: {'line': b'-- Up-to-date: /home/rschnurr/SkyClaw-Team1/ros2_ws/install/px4_msgs/local/lib/python3.10/dist-packages/px4_msgs/msg/_tecs_status_s.c\n'}
[3.715041] (px4_msgs) StdoutLine: {'line': b'-- Up-to-date: /home/rschnurr/SkyClaw-Team1/ros2_ws/install/px4_msgs/local/lib/python3.10/dist-packages/px4_msgs/msg/_vehicle_angular_acceleration_setpoint.py\n'}
[3.715513] (px4_msgs) StdoutLine: {'line': b'-- Up-to-date: /home/rschnurr/SkyClaw-Team1/ros2_ws/install/px4_msgs/local/lib/python3.10/dist-packages/px4_msgs/msg/_gimbal_manager_set_attitude_s.c\n'}
[3.716032] (px4_msgs) StdoutLine: {'line': b'-- Up-to-date: /home/rschnurr/SkyClaw-Team1/ros2_ws/install/px4_msgs/local/lib/python3.10/dist-packages/px4_msgs/msg/_wind_s.c\n'}
[3.716866] (px4_msgs) StdoutLine: {'line': b'-- Up-to-date: /home/rschnurr/SkyClaw-Team1/ros2_ws/install/px4_msgs/local/lib/python3.10/dist-packages/px4_msgs/msg/_rover_steering_setpoint.py\n'}
[3.717321] (px4_msgs) StdoutLine: {'line': b'-- Up-to-date: /home/rschnurr/SkyClaw-Team1/ros2_ws/install/px4_msgs/local/lib/python3.10/dist-packages/px4_msgs/msg/_debug_value_s.c\n'}
[3.717731] (px4_msgs) StdoutLine: {'line': b'-- Up-to-date: /home/rschnurr/SkyClaw-Team1/ros2_ws/install/px4_msgs/local/lib/python3.10/dist-packages/px4_msgs/msg/_follow_target_estimator.py\n'}
[3.718174] (px4_msgs) StdoutLine: {'line': b'-- Up-to-date: /home/rschnurr/SkyClaw-Team1/ros2_ws/install/px4_msgs/local/lib/python3.10/dist-packages/px4_msgs/msg/_irlock_report_s.c\n'}
[3.718732] (px4_msgs) StdoutLine: {'line': b'-- Up-to-date: /home/rschnurr/SkyClaw-Team1/ros2_ws/install/px4_msgs/local/lib/python3.10/dist-packages/px4_msgs/msg/_config_overrides.py\n'}
[3.719449] (px4_msgs) StdoutLine: {'line': b'-- Up-to-date: /home/rschnurr/SkyClaw-Team1/ros2_ws/install/px4_msgs/local/lib/python3.10/dist-packages/px4_msgs/msg/_trajectory_setpoint.py\n'}
[3.719709] (px4_msgs) StdoutLine: {'line': b'-- Up-to-date: /home/rschnurr/SkyClaw-Team1/ros2_ws/install/px4_msgs/local/lib/python3.10/dist-packages/px4_msgs/msg/_neural_control_s.c\n'}
[3.719818] (px4_msgs) StdoutLine: {'line': b'-- Up-to-date: /home/rschnurr/SkyClaw-Team1/ros2_ws/install/px4_msgs/local/lib/python3.10/dist-packages/px4_msgs/msg/_parameter_set_value_request.py\n'}
[3.720408] (px4_msgs) StdoutLine: {'line': b'-- Up-to-date: /home/rschnurr/SkyClaw-Team1/ros2_ws/install/px4_msgs/local/lib/python3.10/dist-packages/px4_msgs/msg/_esc_status.py\n'}
[3.720953] (px4_msgs) StdoutLine: {'line': b'-- Up-to-date: /home/rschnurr/SkyClaw-Team1/ros2_ws/install/px4_msgs/local/lib/python3.10/dist-packages/px4_msgs/msg/_pwm_input_s.c\n'}
[3.721465] (px4_msgs) StdoutLine: {'line': b'-- Up-to-date: /home/rschnurr/SkyClaw-Team1/ros2_ws/install/px4_msgs/local/lib/python3.10/dist-packages/px4_msgs/msg/_vehicle_command_s.c\n'}
[3.721673] (px4_msgs) StdoutLine: {'line': b'-- Up-to-date: /home/rschnurr/SkyClaw-Team1/ros2_ws/install/px4_msgs/local/lib/python3.10/dist-packages/px4_msgs/msg/_vehicle_global_position.py\n'}
[3.721827] (px4_msgs) StdoutLine: {'line': b'-- Up-to-date: /home/rschnurr/SkyClaw-Team1/ros2_ws/install/px4_msgs/local/lib/python3.10/dist-packages/px4_msgs/msg/_actuator_outputs.py\n'}
[3.722224] (px4_msgs) StdoutLine: {'line': b'-- Up-to-date: /home/rschnurr/SkyClaw-Team1/ros2_ws/install/px4_msgs/local/lib/python3.10/dist-packages/px4_msgs/msg/_health_report.py\n'}
[3.722755] (px4_msgs) StdoutLine: {'line': b'-- Up-to-date: /home/rschnurr/SkyClaw-Team1/ros2_ws/install/px4_msgs/local/lib/python3.10/dist-packages/px4_msgs/msg/_vehicle_angular_velocity.py\n'}
[3.722910] (px4_msgs) StdoutLine: {'line': b'-- Up-to-date: /home/rschnurr/SkyClaw-Team1/ros2_ws/install/px4_msgs/local/lib/python3.10/dist-packages/px4_msgs/msg/_gimbal_manager_status_s.c\n'}
[3.723001] (px4_msgs) StdoutLine: {'line': b'-- Up-to-date: /home/rschnurr/SkyClaw-Team1/ros2_ws/install/px4_msgs/local/lib/python3.10/dist-packages/px4_msgs/msg/_sensor_gyro_fft_s.c\n'}
[3.723138] (px4_msgs) StdoutLine: {'line': b'-- Up-to-date: /home/rschnurr/SkyClaw-Team1/ros2_ws/install/px4_msgs/local/lib/python3.10/dist-packages/px4_msgs/msg/_vehicle_roi.py\n'}
[3.723497] (px4_msgs) StdoutLine: {'line': b'-- Up-to-date: /home/rschnurr/SkyClaw-Team1/ros2_ws/install/px4_msgs/local/lib/python3.10/dist-packages/px4_msgs/msg/_manual_control_switches_s.c\n'}
[3.723690] (px4_msgs) StdoutLine: {'line': b'-- Up-to-date: /home/rschnurr/SkyClaw-Team1/ros2_ws/install/px4_msgs/local/lib/python3.10/dist-packages/px4_msgs/msg/_radio_status_s.c\n'}
[3.723781] (px4_msgs) StdoutLine: {'line': b'-- Up-to-date: /home/rschnurr/SkyClaw-Team1/ros2_ws/install/px4_msgs/local/lib/python3.10/dist-packages/px4_msgs/msg/_launch_detection_status.py\n'}
[3.723857] (px4_msgs) StdoutLine: {'line': b'-- Up-to-date: /home/rschnurr/SkyClaw-Team1/ros2_ws/install/px4_msgs/local/lib/python3.10/dist-packages/px4_msgs/msg/_vehicle_local_position_setpoint_s.c\n'}
[3.724243] (px4_msgs) StdoutLine: {'line': b'-- Up-to-date: /home/rschnurr/SkyClaw-Team1/ros2_ws/install/px4_msgs/local/lib/python3.10/dist-packages/px4_msgs/msg/_fixed_wing_lateral_setpoint_s.c\n'}
[3.724408] (px4_msgs) StdoutLine: {'line': b'-- Up-to-date: /home/rschnurr/SkyClaw-Team1/ros2_ws/install/px4_msgs/local/lib/python3.10/dist-packages/px4_msgs/msg/_differential_pressure.py\n'}
[3.724496] (px4_msgs) StdoutLine: {'line': b'-- Up-to-date: /home/rschnurr/SkyClaw-Team1/ros2_ws/install/px4_msgs/local/lib/python3.10/dist-packages/px4_msgs/msg/_parameter_reset_request.py\n'}
[3.724558] (px4_msgs) StdoutLine: {'line': b'-- Up-to-date: /home/rschnurr/SkyClaw-Team1/ros2_ws/install/px4_msgs/local/lib/python3.10/dist-packages/px4_msgs/msg/_fixed_wing_lateral_setpoint.py\n'}
[3.724629] (px4_msgs) StdoutLine: {'line': b'-- Up-to-date: /home/rschnurr/SkyClaw-Team1/ros2_ws/install/px4_msgs/local/lib/python3.10/dist-packages/px4_msgs/msg/_log_message_s.c\n'}
[3.724682] (px4_msgs) StdoutLine: {'line': b'-- Up-to-date: /home/rschnurr/SkyClaw-Team1/ros2_ws/install/px4_msgs/local/lib/python3.10/dist-packages/px4_msgs/msg/_vehicle_imu_status_s.c\n'}
[3.724727] (px4_msgs) StdoutLine: {'line': b'-- Up-to-date: /home/rschnurr/SkyClaw-Team1/ros2_ws/install/px4_msgs/local/lib/python3.10/dist-packages/px4_msgs/msg/_estimator_status.py\n'}
[3.724773] (px4_msgs) StdoutLine: {'line': b'-- Up-to-date: /home/rschnurr/SkyClaw-Team1/ros2_ws/install/px4_msgs/local/lib/python3.10/dist-packages/px4_msgs/msg/_config_overrides_s.c\n'}
[3.724829] (px4_msgs) StdoutLine: {'line': b'-- Up-to-date: /home/rschnurr/SkyClaw-Team1/ros2_ws/install/px4_msgs/local/lib/python3.10/dist-packages/px4_msgs/msg/_navigator_mission_item.py\n'}
[3.724918] (px4_msgs) StdoutLine: {'line': b'-- Up-to-date: /home/rschnurr/SkyClaw-Team1/ros2_ws/install/px4_msgs/local/lib/python3.10/dist-packages/px4_msgs/msg/_onboard_computer_status.py\n'}
[3.725133] (px4_msgs) StdoutLine: {'line': b'-- Up-to-date: /home/rschnurr/SkyClaw-Team1/ros2_ws/install/px4_msgs/local/lib/python3.10/dist-packages/px4_msgs/msg/_sensor_gyro_fifo_s.c\n'}
[3.725261] (px4_msgs) StdoutLine: {'line': b'-- Up-to-date: /home/rschnurr/SkyClaw-Team1/ros2_ws/install/px4_msgs/local/lib/python3.10/dist-packages/px4_msgs/msg/_uavcan_parameter_value.py\n'}
[3.725344] (px4_msgs) StdoutLine: {'line': b'-- Up-to-date: /home/rschnurr/SkyClaw-Team1/ros2_ws/install/px4_msgs/local/lib/python3.10/dist-packages/px4_msgs/msg/_can_interface_status.py\n'}
[3.725396] (px4_msgs) StdoutLine: {'line': b'-- Up-to-date: /home/rschnurr/SkyClaw-Team1/ros2_ws/install/px4_msgs/local/lib/python3.10/dist-packages/px4_msgs/msg/_sensor_gyro.py\n'}
[3.725446] (px4_msgs) StdoutLine: {'line': b'-- Up-to-date: /home/rschnurr/SkyClaw-Team1/ros2_ws/install/px4_msgs/local/lib/python3.10/dist-packages/px4_msgs/msg/_px4io_status.py\n'}
[3.725494] (px4_msgs) StdoutLine: {'line': b'-- Up-to-date: /home/rschnurr/SkyClaw-Team1/ros2_ws/install/px4_msgs/local/lib/python3.10/dist-packages/px4_msgs/msg/_gps_dump_s.c\n'}
[3.725541] (px4_msgs) StdoutLine: {'line': b'-- Up-to-date: /home/rschnurr/SkyClaw-Team1/ros2_ws/install/px4_msgs/local/lib/python3.10/dist-packages/px4_msgs/msg/_dataman_request.py\n'}
[3.725585] (px4_msgs) StdoutLine: {'line': b'-- Up-to-date: /home/rschnurr/SkyClaw-Team1/ros2_ws/install/px4_msgs/local/lib/python3.10/dist-packages/px4_msgs/msg/_landing_target_innovations.py\n'}
[3.725631] (px4_msgs) StdoutLine: {'line': b'-- Up-to-date: /home/rschnurr/SkyClaw-Team1/ros2_ws/install/px4_msgs/local/lib/python3.10/dist-packages/px4_msgs/msg/_message_format_response.py\n'}
[3.725676] (px4_msgs) StdoutLine: {'line': b'-- Up-to-date: /home/rschnurr/SkyClaw-Team1/ros2_ws/install/px4_msgs/local/lib/python3.10/dist-packages/px4_msgs/msg/_iridiumsbd_status.py\n'}
[3.725722] (px4_msgs) StdoutLine: {'line': b'-- Up-to-date: /home/rschnurr/SkyClaw-Team1/ros2_ws/install/px4_msgs/local/lib/python3.10/dist-packages/px4_msgs/msg/_gimbal_manager_set_manual_control_s.c\n'}
[3.725767] (px4_msgs) StdoutLine: {'line': b'-- Up-to-date: /home/rschnurr/SkyClaw-Team1/ros2_ws/install/px4_msgs/local/lib/python3.10/dist-packages/px4_msgs/msg/_orb_test_medium.py\n'}
[3.725811] (px4_msgs) StdoutLine: {'line': b'-- Up-to-date: /home/rschnurr/SkyClaw-Team1/ros2_ws/install/px4_msgs/local/lib/python3.10/dist-packages/px4_msgs/msg/_ulog_stream_ack_s.c\n'}
[3.725855] (px4_msgs) StdoutLine: {'line': b'-- Up-to-date: /home/rschnurr/SkyClaw-Team1/ros2_ws/install/px4_msgs/local/lib/python3.10/dist-packages/px4_msgs/msg/_estimator_bias.py\n'}
[3.725907] (px4_msgs) StdoutLine: {'line': b'-- Up-to-date: /home/rschnurr/SkyClaw-Team1/ros2_ws/install/px4_msgs/local/lib/python3.10/dist-packages/px4_msgs/msg/_debug_array.py\n'}
[3.725970] (px4_msgs) StdoutLine: {'line': b'-- Up-to-date: /home/rschnurr/SkyClaw-Team1/ros2_ws/install/px4_msgs/local/lib/python3.10/dist-packages/px4_msgs/msg/_vehicle_acceleration.py\n'}
[3.726019] (px4_msgs) StdoutLine: {'line': b'-- Up-to-date: /home/rschnurr/SkyClaw-Team1/ros2_ws/install/px4_msgs/local/lib/python3.10/dist-packages/px4_msgs/msg/_estimator_status_flags.py\n'}
[3.726064] (px4_msgs) StdoutLine: {'line': b'-- Up-to-date: /home/rschnurr/SkyClaw-Team1/ros2_ws/install/px4_msgs/local/lib/python3.10/dist-packages/px4_msgs/msg/_actuator_servos.py\n'}
[3.726108] (px4_msgs) StdoutLine: {'line': b'-- Up-to-date: /home/rschnurr/SkyClaw-Team1/ros2_ws/install/px4_msgs/local/lib/python3.10/dist-packages/px4_msgs/msg/_airspeed_validated_s.c\n'}
[3.726153] (px4_msgs) StdoutLine: {'line': b'-- Up-to-date: /home/rschnurr/SkyClaw-Team1/ros2_ws/install/px4_msgs/local/lib/python3.10/dist-packages/px4_msgs/msg/_health_report_s.c\n'}
[3.726197] (px4_msgs) StdoutLine: {'line': b'-- Up-to-date: /home/rschnurr/SkyClaw-Team1/ros2_ws/install/px4_msgs/local/lib/python3.10/dist-packages/px4_msgs/msg/_geofence_status_s.c\n'}
[3.726241] (px4_msgs) StdoutLine: {'line': b'-- Up-to-date: /home/rschnurr/SkyClaw-Team1/ros2_ws/install/px4_msgs/local/lib/python3.10/dist-packages/px4_msgs/msg/_vehicle_command_ack_s.c\n'}
[3.726293] (px4_msgs) StdoutLine: {'line': b'-- Up-to-date: /home/rschnurr/SkyClaw-Team1/ros2_ws/install/px4_msgs/local/lib/python3.10/dist-packages/px4_msgs/msg/_distance_sensor_s.c\n'}
[3.726339] (px4_msgs) StdoutLine: {'line': b'-- Up-to-date: /home/rschnurr/SkyClaw-Team1/ros2_ws/install/px4_msgs/local/lib/python3.10/dist-packages/px4_msgs/msg/_timesync_status_s.c\n'}
[3.726382] (px4_msgs) StdoutLine: {'line': b'-- Up-to-date: /home/rschnurr/SkyClaw-Team1/ros2_ws/install/px4_msgs/local/lib/python3.10/dist-packages/px4_msgs/msg/_follow_target_estimator_s.c\n'}
[3.726426] (px4_msgs) StdoutLine: {'line': b'-- Up-to-date: /home/rschnurr/SkyClaw-Team1/ros2_ws/install/px4_msgs/local/lib/python3.10/dist-packages/px4_msgs/msg/_estimator_event_flags.py\n'}
[3.726469] (px4_msgs) StdoutLine: {'line': b'-- Up-to-date: /home/rschnurr/SkyClaw-Team1/ros2_ws/install/px4_msgs/local/lib/python3.10/dist-packages/px4_msgs/msg/_rover_attitude_status_s.c\n'}
[3.726513] (px4_msgs) StdoutLine: {'line': b'-- Up-to-date: /home/rschnurr/SkyClaw-Team1/ros2_ws/install/px4_msgs/local/lib/python3.10/dist-packages/px4_msgs/msg/_sensor_airflow.py\n'}
[3.726557] (px4_msgs) StdoutLine: {'line': b'-- Up-to-date: /home/rschnurr/SkyClaw-Team1/ros2_ws/install/px4_msgs/local/lib/python3.10/dist-packages/px4_msgs/msg/_obstacle_distance_s.c\n'}
[3.726600] (px4_msgs) StdoutLine: {'line': b'-- Up-to-date: /home/rschnurr/SkyClaw-Team1/ros2_ws/install/px4_msgs/local/lib/python3.10/dist-packages/px4_msgs/msg/_heater_status.py\n'}
[3.726645] (px4_msgs) StdoutLine: {'line': b'-- Up-to-date: /home/rschnurr/SkyClaw-Team1/ros2_ws/install/px4_msgs/local/lib/python3.10/dist-packages/px4_msgs/msg/_mount_orientation_s.c\n'}
[3.726688] (px4_msgs) StdoutLine: {'line': b'-- Up-to-date: /home/rschnurr/SkyClaw-Team1/ros2_ws/install/px4_msgs/local/lib/python3.10/dist-packages/px4_msgs/msg/_vehicle_imu.py\n'}
[3.726744] (px4_msgs) StdoutLine: {'line': b'-- Up-to-date: /home/rschnurr/SkyClaw-Team1/ros2_ws/install/px4_msgs/local/lib/python3.10/dist-packages/px4_msgs/msg/_rc_parameter_map.py\n'}
[3.726788] (px4_msgs) StdoutLine: {'line': b'-- Up-to-date: /home/rschnurr/SkyClaw-Team1/ros2_ws/install/px4_msgs/local/lib/python3.10/dist-packages/px4_msgs/msg/_offboard_control_mode_s.c\n'}
[3.726832] (px4_msgs) StdoutLine: {'line': b'-- Up-to-date: /home/rschnurr/SkyClaw-Team1/ros2_ws/install/px4_msgs/local/lib/python3.10/dist-packages/px4_msgs/msg/_button_event_s.c\n'}
[3.726876] (px4_msgs) StdoutLine: {'line': b'-- Up-to-date: /home/rschnurr/SkyClaw-Team1/ros2_ws/install/px4_msgs/local/lib/python3.10/dist-packages/px4_msgs/msg/_estimator_aid_source1d_s.c\n'}
[3.727012] (px4_msgs) StdoutLine: {'line': b'-- Up-to-date: /home/rschnurr/SkyClaw-Team1/ros2_ws/install/px4_msgs/local/lib/python3.10/dist-packages/px4_msgs/msg/_vehicle_magnetometer_s.c\n'}
[3.727094] (px4_msgs) StdoutLine: {'line': b'-- Up-to-date: /home/rschnurr/SkyClaw-Team1/ros2_ws/install/px4_msgs/local/lib/python3.10/dist-packages/px4_msgs/msg/_gripper.py\n'}
[3.727170] (px4_msgs) StdoutLine: {'line': b'-- Up-to-date: /home/rschnurr/SkyClaw-Team1/ros2_ws/install/px4_msgs/local/lib/python3.10/dist-packages/px4_msgs/msg/_rtl_status_s.c\n'}
[3.727223] (px4_msgs) StdoutLine: {'line': b'-- Up-to-date: /home/rschnurr/SkyClaw-Team1/ros2_ws/install/px4_msgs/local/lib/python3.10/dist-packages/px4_msgs/msg/_actuator_armed.py\n'}
[3.727322] (px4_msgs) StdoutLine: {'line': b'-- Up-to-date: /home/rschnurr/SkyClaw-Team1/ros2_ws/install/px4_msgs/local/lib/python3.10/dist-packages/px4_msgs/msg/_timesync_status.py\n'}
[3.727557] (px4_msgs) StdoutLine: {'line': b'-- Up-to-date: /home/rschnurr/SkyClaw-Team1/ros2_ws/install/px4_msgs/local/lib/python3.10/dist-packages/px4_msgs/msg/_sensor_airflow_s.c\n'}
[3.727738] (px4_msgs) StdoutLine: {'line': b'-- Up-to-date: /home/rschnurr/SkyClaw-Team1/ros2_ws/install/px4_msgs/local/lib/python3.10/dist-packages/px4_msgs/msg/_vehicle_thrust_setpoint_s.c\n'}
[3.727915] (px4_msgs) StdoutLine: {'line': b'-- Up-to-date: /home/rschnurr/SkyClaw-Team1/ros2_ws/install/px4_msgs/local/lib/python3.10/dist-packages/px4_msgs/msg/_wheel_encoders_s.c\n'}
[3.728295] (px4_msgs) StdoutLine: {'line': b'-- Up-to-date: /home/rschnurr/SkyClaw-Team1/ros2_ws/install/px4_msgs/local/lib/python3.10/dist-packages/px4_msgs/msg/_parameter_update.py\n'}
[3.728771] (px4_msgs) StdoutLine: {'line': b'-- Up-to-date: /home/rschnurr/SkyClaw-Team1/ros2_ws/install/px4_msgs/local/lib/python3.10/dist-packages/px4_msgs/msg/_rover_throttle_setpoint.py\n'}
[3.729052] (px4_msgs) StdoutLine: {'line': b'-- Up-to-date: /home/rschnurr/SkyClaw-Team1/ros2_ws/install/px4_msgs/local/lib/python3.10/dist-packages/px4_msgs/msg/_rover_position_setpoint.py\n'}
[3.729335] (px4_msgs) StdoutLine: {'line': b'-- Up-to-date: /home/rschnurr/SkyClaw-Team1/ros2_ws/install/px4_msgs/local/lib/python3.10/dist-packages/px4_msgs/msg/_dataman_response.py\n'}
[3.729435] (px4_msgs) StdoutLine: {'line': b'-- Up-to-date: /home/rschnurr/SkyClaw-Team1/ros2_ws/install/px4_msgs/local/lib/python3.10/dist-packages/px4_msgs/msg/_qshell_req_s.c\n'}
[3.729523] (px4_msgs) StdoutLine: {'line': b'-- Up-to-date: /home/rschnurr/SkyClaw-Team1/ros2_ws/install/px4_msgs/local/lib/python3.10/dist-packages/px4_msgs/msg/_open_drone_id_operator_id_s.c\n'}
[3.729590] (px4_msgs) StdoutLine: {'line': b'-- Up-to-date: /home/rschnurr/SkyClaw-Team1/ros2_ws/install/px4_msgs/local/lib/python3.10/dist-packages/px4_msgs/msg/_action_request_s.c\n'}
[3.729640] (px4_msgs) StdoutLine: {'line': b'-- Up-to-date: /home/rschnurr/SkyClaw-Team1/ros2_ws/install/px4_msgs/local/lib/python3.10/dist-packages/px4_msgs/msg/_vehicle_odometry_s.c\n'}
[3.729702] (px4_msgs) StdoutLine: {'line': b'-- Up-to-date: /home/rschnurr/SkyClaw-Team1/ros2_ws/install/px4_msgs/local/lib/python3.10/dist-packages/px4_msgs/msg/_actuator_controls_status_s.c\n'}
[3.729772] (px4_msgs) StdoutLine: {'line': b'-- Up-to-date: /home/rschnurr/SkyClaw-Team1/ros2_ws/install/px4_msgs/local/lib/python3.10/dist-packages/px4_msgs/msg/_autotune_attitude_control_status_s.c\n'}
[3.729838] (px4_msgs) StdoutLine: {'line': b'-- Up-to-date: /home/rschnurr/SkyClaw-Team1/ros2_ws/install/px4_msgs/local/lib/python3.10/dist-packages/px4_msgs/msg/_longitudinal_control_configuration.py\n'}
[3.729886] (px4_msgs) StdoutLine: {'line': b'-- Up-to-date: /home/rschnurr/SkyClaw-Team1/ros2_ws/install/px4_msgs/local/lib/python3.10/dist-packages/px4_msgs/msg/_manual_control_setpoint_s.c\n'}
[3.729932] (px4_msgs) StdoutLine: {'line': b'-- Up-to-date: /home/rschnurr/SkyClaw-Team1/ros2_ws/install/px4_msgs/local/lib/python3.10/dist-packages/px4_msgs/msg/_debug_vect_s.c\n'}
[3.729977] (px4_msgs) StdoutLine: {'line': b'-- Up-to-date: /home/rschnurr/SkyClaw-Team1/ros2_ws/install/px4_msgs/local/lib/python3.10/dist-packages/px4_msgs/msg/_logger_status.py\n'}
[3.730024] (px4_msgs) StdoutLine: {'line': b'-- Up-to-date: /home/rschnurr/SkyClaw-Team1/ros2_ws/install/px4_msgs/local/lib/python3.10/dist-packages/px4_msgs/msg/_sensor_combined_s.c\n'}
[3.730080] (px4_msgs) StdoutLine: {'line': b'-- Up-to-date: /home/rschnurr/SkyClaw-Team1/ros2_ws/install/px4_msgs/local/lib/python3.10/dist-packages/px4_msgs/msg/_message_format_request_s.c\n'}
[3.730150] (px4_msgs) StdoutLine: {'line': b'-- Up-to-date: /home/rschnurr/SkyClaw-Team1/ros2_ws/install/px4_msgs/local/lib/python3.10/dist-packages/px4_msgs/msg/_position_controller_status.py\n'}
[3.730212] (px4_msgs) StdoutLine: {'line': b'-- Up-to-date: /home/rschnurr/SkyClaw-Team1/ros2_ws/install/px4_msgs/local/lib/python3.10/dist-packages/px4_msgs/msg/_neural_control.py\n'}
[3.730384] (px4_msgs) StdoutLine: {'line': b'-- Up-to-date: /home/rschnurr/SkyClaw-Team1/ros2_ws/install/px4_msgs/local/lib/python3.10/dist-packages/px4_msgs/msg/_sensor_hygrometer.py\n'}
[3.730488] (px4_msgs) StdoutLine: {'line': b'-- Up-to-date: /home/rschnurr/SkyClaw-Team1/ros2_ws/install/px4_msgs/local/lib/python3.10/dist-packages/px4_msgs/msg/_esc_report.py\n'}
[3.730646] (-) TimerEvent: {}
[3.730920] (px4_msgs) StdoutLine: {'line': b'-- Up-to-date: /home/rschnurr/SkyClaw-Team1/ros2_ws/install/px4_msgs/local/lib/python3.10/dist-packages/px4_msgs/msg/_landing_target_pose_s.c\n'}
[3.731126] (px4_msgs) StdoutLine: {'line': b'-- Up-to-date: /home/rschnurr/SkyClaw-Team1/ros2_ws/install/px4_msgs/local/lib/python3.10/dist-packages/px4_msgs/msg/_gpio_request_s.c\n'}
[3.731445] (px4_msgs) StdoutLine: {'line': b'-- Up-to-date: /home/rschnurr/SkyClaw-Team1/ros2_ws/install/px4_msgs/local/lib/python3.10/dist-packages/px4_msgs/msg/_parameter_set_used_request.py\n'}
[3.731681] (px4_msgs) StdoutLine: {'line': b'-- Up-to-date: /home/rschnurr/SkyClaw-Team1/ros2_ws/install/px4_msgs/local/lib/python3.10/dist-packages/px4_msgs/msg/_geofence_status.py\n'}
[3.732138] (px4_msgs) StdoutLine: {'line': b'-- Up-to-date: /home/rschnurr/SkyClaw-Team1/ros2_ws/install/px4_msgs/local/lib/python3.10/dist-packages/px4_msgs/msg/_gpio_config.py\n'}
[3.732274] (px4_msgs) StdoutLine: {'line': b'-- Up-to-date: /home/rschnurr/SkyClaw-Team1/ros2_ws/install/px4_msgs/local/lib/python3.10/dist-packages/px4_msgs/msg/_debug_key_value_s.c\n'}
[3.732957] (px4_msgs) StdoutLine: {'line': b'-- Up-to-date: /home/rschnurr/SkyClaw-Team1/ros2_ws/install/px4_msgs/local/lib/python3.10/dist-packages/px4_msgs/msg/_manual_control_setpoint.py\n'}
[3.733498] (px4_msgs) StdoutLine: {'line': b'-- Up-to-date: /home/rschnurr/SkyClaw-Team1/ros2_ws/install/px4_msgs/local/lib/python3.10/dist-packages/px4_msgs/msg/_battery_info.py\n'}
[3.733856] (px4_msgs) StdoutLine: {'line': b'-- Up-to-date: /home/rschnurr/SkyClaw-Team1/ros2_ws/install/px4_msgs/local/lib/python3.10/dist-packages/px4_msgs/msg/_vehicle_magnetometer.py\n'}
[3.734342] (px4_msgs) StdoutLine: {'line': b'-- Up-to-date: /home/rschnurr/SkyClaw-Team1/ros2_ws/install/px4_msgs/local/lib/python3.10/dist-packages/px4_msgs/msg/_open_drone_id_system.py\n'}
[3.734851] (px4_msgs) StdoutLine: {'line': b'-- Up-to-date: /home/rschnurr/SkyClaw-Team1/ros2_ws/install/px4_msgs/local/lib/python3.10/dist-packages/px4_msgs/msg/_register_ext_component_reply.py\n'}
[3.735528] (px4_msgs) StdoutLine: {'line': b'-- Up-to-date: /home/rschnurr/SkyClaw-Team1/ros2_ws/install/px4_msgs/local/lib/python3.10/dist-packages/px4_msgs/msg/_mag_worker_data.py\n'}
[3.737369] (px4_msgs) StdoutLine: {'line': b'-- Up-to-date: /home/rschnurr/SkyClaw-Team1/ros2_ws/install/px4_msgs/local/lib/python3.10/dist-packages/px4_msgs/msg/_sensors_status.py\n'}
[3.737800] (px4_msgs) StdoutLine: {'line': b'-- Up-to-date: /home/rschnurr/SkyClaw-Team1/ros2_ws/install/px4_msgs/local/lib/python3.10/dist-packages/px4_msgs/msg/_estimator_sensor_bias.py\n'}
[3.738216] (px4_msgs) StdoutLine: {'line': b'-- Up-to-date: /home/rschnurr/SkyClaw-Team1/ros2_ws/install/px4_msgs/local/lib/python3.10/dist-packages/px4_msgs/msg/_magnetometer_bias_estimate.py\n'}
[3.738624] (px4_msgs) StdoutLine: {'line': b'-- Up-to-date: /home/rschnurr/SkyClaw-Team1/ros2_ws/install/px4_msgs/local/lib/python3.10/dist-packages/px4_msgs/msg/_tune_control_s.c\n'}
[3.739079] (px4_msgs) StdoutLine: {'line': b'-- Up-to-date: /home/rschnurr/SkyClaw-Team1/ros2_ws/install/px4_msgs/local/lib/python3.10/dist-packages/px4_msgs/msg/_register_ext_component_request.py\n'}
[3.741412] (px4_msgs) StdoutLine: {'line': b'-- Up-to-date: /home/rschnurr/SkyClaw-Team1/ros2_ws/install/px4_msgs/local/lib/python3.10/dist-packages/px4_msgs/msg/_sensor_optical_flow.py\n'}
[3.744109] (px4_msgs) StdoutLine: {'line': b'-- Up-to-date: /home/rschnurr/SkyClaw-Team1/ros2_ws/install/px4_msgs/local/lib/python3.10/dist-packages/px4_msgs/msg/_camera_capture.py\n'}
[3.745122] (px4_msgs) StdoutLine: {'line': b'-- Up-to-date: /home/rschnurr/SkyClaw-Team1/ros2_ws/install/px4_msgs/local/lib/python3.10/dist-packages/px4_msgs/msg/_ping_s.c\n'}
[3.745549] (px4_msgs) StdoutLine: {'line': b'-- Up-to-date: /home/rschnurr/SkyClaw-Team1/ros2_ws/install/px4_msgs/local/lib/python3.10/dist-packages/px4_msgs/msg/_tune_control.py\n'}
[3.746046] (px4_msgs) StdoutLine: {'line': b'-- Up-to-date: /home/rschnurr/SkyClaw-Team1/ros2_ws/install/px4_msgs/local/lib/python3.10/dist-packages/px4_msgs/msg/_lateral_control_configuration.py\n'}
[3.746650] (px4_msgs) StdoutLine: {'line': b'-- Up-to-date: /home/rschnurr/SkyClaw-Team1/ros2_ws/install/px4_msgs/local/lib/python3.10/dist-packages/px4_msgs/msg/_sensor_gps_s.c\n'}
[3.747887] (px4_msgs) StdoutLine: {'line': b'-- Up-to-date: /home/rschnurr/SkyClaw-Team1/ros2_ws/install/px4_msgs/local/lib/python3.10/dist-packages/px4_msgs/msg/_estimator_states.py\n'}
[3.748433] (px4_msgs) StdoutLine: {'line': b'-- Up-to-date: /home/rschnurr/SkyClaw-Team1/ros2_ws/install/px4_msgs/local/lib/python3.10/dist-packages/px4_msgs/msg/_airspeed_s.c\n'}
[3.748960] (px4_msgs) StdoutLine: {'line': b'-- Up-to-date: /home/rschnurr/SkyClaw-Team1/ros2_ws/install/px4_msgs/local/lib/python3.10/dist-packages/px4_msgs/msg/_action_request.py\n'}
[3.749803] (px4_msgs) StdoutLine: {'line': b'-- Up-to-date: /home/rschnurr/SkyClaw-Team1/ros2_ws/install/px4_msgs/local/lib/python3.10/dist-packages/px4_msgs/msg/_rover_attitude_setpoint_s.c\n'}
[3.750368] (px4_msgs) StdoutLine: {'line': b'-- Up-to-date: /home/rschnurr/SkyClaw-Team1/ros2_ws/install/px4_msgs/local/lib/python3.10/dist-packages/px4_msgs/msg/_position_controller_status_s.c\n'}
[3.750869] (px4_msgs) StdoutLine: {'line': b'-- Up-to-date: /home/rschnurr/SkyClaw-Team1/ros2_ws/install/px4_msgs/local/lib/python3.10/dist-packages/px4_msgs/msg/_sensor_accel.py\n'}
[3.752469] (px4_msgs) StdoutLine: {'line': b'-- Up-to-date: /home/rschnurr/SkyClaw-Team1/ros2_ws/install/px4_msgs/local/lib/python3.10/dist-packages/px4_msgs/msg/_position_setpoint_triplet.py\n'}
[3.753414] (px4_msgs) StdoutLine: {'line': b'-- Up-to-date: /home/rschnurr/SkyClaw-Team1/ros2_ws/install/px4_msgs/local/lib/python3.10/dist-packages/px4_msgs/msg/__init__.py\n'}
[3.753673] (px4_msgs) StdoutLine: {'line': b'-- Up-to-date: /home/rschnurr/SkyClaw-Team1/ros2_ws/install/px4_msgs/local/lib/python3.10/dist-packages/px4_msgs/msg/_esc_status_s.c\n'}
[3.754141] (px4_msgs) StdoutLine: {'line': b'-- Up-to-date: /home/rschnurr/SkyClaw-Team1/ros2_ws/install/px4_msgs/local/lib/python3.10/dist-packages/px4_msgs/msg/_trajectory_setpoint6dof.py\n'}
[3.754817] (px4_msgs) StdoutLine: {'line': b'-- Up-to-date: /home/rschnurr/SkyClaw-Team1/ros2_ws/install/px4_msgs/local/lib/python3.10/dist-packages/px4_msgs/msg/_ulog_stream_ack.py\n'}
[3.756356] (px4_msgs) StdoutLine: {'line': b'-- Up-to-date: /home/rschnurr/SkyClaw-Team1/ros2_ws/install/px4_msgs/local/lib/python3.10/dist-packages/px4_msgs/msg/_differential_pressure_s.c\n'}
[3.757945] (px4_msgs) StdoutLine: {'line': b'-- Up-to-date: /home/rschnurr/SkyClaw-Team1/ros2_ws/install/px4_msgs/local/lib/python3.10/dist-packages/px4_msgs/msg/_arming_check_request.py\n'}
[3.758545] (px4_msgs) StdoutLine: {'line': b'-- Up-to-date: /home/rschnurr/SkyClaw-Team1/ros2_ws/install/px4_msgs/local/lib/python3.10/dist-packages/px4_msgs/msg/_magnetometer_bias_estimate_s.c\n'}
[3.758912] (px4_msgs) StdoutLine: {'line': b'-- Up-to-date: /home/rschnurr/SkyClaw-Team1/ros2_ws/install/px4_msgs/local/lib/python3.10/dist-packages/px4_msgs/msg/_parameter_set_value_request_s.c\n'}
[3.760225] (px4_msgs) StdoutLine: {'line': b'-- Up-to-date: /home/rschnurr/SkyClaw-Team1/ros2_ws/install/px4_msgs/local/lib/python3.10/dist-packages/px4_msgs/msg/_navigator_status_s.c\n'}
[3.761144] (px4_msgs) StdoutLine: {'line': b'-- Up-to-date: /home/rschnurr/SkyClaw-Team1/ros2_ws/install/px4_msgs/local/lib/python3.10/dist-packages/px4_msgs/msg/_orb_test_large.py\n'}
[3.761652] (px4_msgs) StdoutLine: {'line': b'-- Up-to-date: /home/rschnurr/SkyClaw-Team1/ros2_ws/install/px4_msgs/local/lib/python3.10/dist-packages/px4_msgs/msg/_rate_ctrl_status_s.c\n'}
[3.762215] (px4_msgs) StdoutLine: {'line': b'-- Up-to-date: /home/rschnurr/SkyClaw-Team1/ros2_ws/install/px4_msgs/local/lib/python3.10/dist-packages/px4_msgs/msg/_orbit_status_s.c\n'}
[3.762899] (px4_msgs) StdoutLine: {'line': b'-- Up-to-date: /home/rschnurr/SkyClaw-Team1/ros2_ws/install/px4_msgs/local/lib/python3.10/dist-packages/px4_msgs/msg/_tiltrotor_extra_controls.py\n'}
[3.763431] (px4_msgs) StdoutLine: {'line': b'-- Up-to-date: /home/rschnurr/SkyClaw-Team1/ros2_ws/install/px4_msgs/local/lib/python3.10/dist-packages/px4_msgs/msg/_camera_status_s.c\n'}
[3.764937] (px4_msgs) StdoutLine: {'line': b'-- Up-to-date: /home/rschnurr/SkyClaw-Team1/ros2_ws/install/px4_msgs/local/lib/python3.10/dist-packages/px4_msgs/msg/_estimator_aid_source3d.py\n'}
[3.765433] (px4_msgs) StdoutLine: {'line': b'-- Up-to-date: /home/rschnurr/SkyClaw-Team1/ros2_ws/install/px4_msgs/local/lib/python3.10/dist-packages/px4_msgs/msg/_sensor_hygrometer_s.c\n'}
[3.765871] (px4_msgs) StdoutLine: {'line': b'-- Up-to-date: /home/rschnurr/SkyClaw-Team1/ros2_ws/install/px4_msgs/local/lib/python3.10/dist-packages/px4_msgs/msg/_sensor_gnss_relative.py\n'}
[3.766256] (px4_msgs) StdoutLine: {'line': b'-- Up-to-date: /home/rschnurr/SkyClaw-Team1/ros2_ws/install/px4_msgs/local/lib/python3.10/dist-packages/px4_msgs/msg/_rover_attitude_status.py\n'}
[3.766576] (px4_msgs) StdoutLine: {'line': b'-- Up-to-date: /home/rschnurr/SkyClaw-Team1/ros2_ws/install/px4_msgs/local/lib/python3.10/dist-packages/px4_msgs/msg/_qshell_req.py\n'}
[3.766992] (px4_msgs) StdoutLine: {'line': b'-- Up-to-date: /home/rschnurr/SkyClaw-Team1/ros2_ws/install/px4_msgs/local/lib/python3.10/dist-packages/px4_msgs/msg/_ekf2_timestamps_s.c\n'}
[3.767466] (px4_msgs) StdoutLine: {'line': b'-- Up-to-date: /home/rschnurr/SkyClaw-Team1/ros2_ws/install/px4_msgs/local/lib/python3.10/dist-packages/px4_msgs/msg/_iridiumsbd_status_s.c\n'}
[3.767910] (px4_msgs) StdoutLine: {'line': b'-- Up-to-date: /home/rschnurr/SkyClaw-Team1/ros2_ws/install/px4_msgs/local/lib/python3.10/dist-packages/px4_msgs/msg/_vehicle_control_mode.py\n'}
[3.768523] (px4_msgs) StdoutLine: {'line': b'-- Up-to-date: /home/rschnurr/SkyClaw-Team1/ros2_ws/install/px4_msgs/local/lib/python3.10/dist-packages/px4_msgs/msg/_estimator_sensor_bias_s.c\n'}
[3.768909] (px4_msgs) StdoutLine: {'line': b'-- Up-to-date: /home/rschnurr/SkyClaw-Team1/ros2_ws/install/px4_msgs/local/lib/python3.10/dist-packages/px4_msgs/msg/_distance_sensor.py\n'}
[3.769326] (px4_msgs) StdoutLine: {'line': b'-- Up-to-date: /home/rschnurr/SkyClaw-Team1/ros2_ws/install/px4_msgs/local/lib/python3.10/dist-packages/px4_msgs/msg/_actuator_controls_status.py\n'}
[3.769799] (px4_msgs) StdoutLine: {'line': b'-- Up-to-date: /home/rschnurr/SkyClaw-Team1/ros2_ws/install/px4_msgs/local/lib/python3.10/dist-packages/px4_msgs/msg/_orb_test.py\n'}
[3.770225] (px4_msgs) StdoutLine: {'line': b'-- Up-to-date: /home/rschnurr/SkyClaw-Team1/ros2_ws/install/px4_msgs/local/lib/python3.10/dist-packages/px4_msgs/msg/_rtl_status.py\n'}
[3.770652] (px4_msgs) StdoutLine: {'line': b'-- Up-to-date: /home/rschnurr/SkyClaw-Team1/ros2_ws/install/px4_msgs/local/lib/python3.10/dist-packages/px4_msgs/msg/_gimbal_device_information_s.c\n'}
[3.770986] (px4_msgs) StdoutLine: {'line': b'-- Up-to-date: /home/rschnurr/SkyClaw-Team1/ros2_ws/install/px4_msgs/local/lib/python3.10/dist-packages/px4_msgs/msg/_vehicle_command.py\n'}
[3.771281] (px4_msgs) StdoutLine: {'line': b'-- Up-to-date: /home/rschnurr/SkyClaw-Team1/ros2_ws/install/px4_msgs/local/lib/python3.10/dist-packages/px4_msgs/msg/_sensor_baro_s.c\n'}
[3.771878] (px4_msgs) StdoutLine: {'line': b'-- Up-to-date: /home/rschnurr/SkyClaw-Team1/ros2_ws/install/px4_msgs/local/lib/python3.10/dist-packages/px4_msgs/msg/_goto_setpoint_s.c\n'}
[3.772560] (px4_msgs) StdoutLine: {'line': b'-- Up-to-date: /home/rschnurr/SkyClaw-Team1/ros2_ws/install/px4_msgs/local/lib/python3.10/dist-packages/px4_msgs/msg/_estimator_innovations_s.c\n'}
[3.773643] (px4_msgs) StdoutLine: {'line': b'-- Up-to-date: /home/rschnurr/SkyClaw-Team1/ros2_ws/install/px4_msgs/local/lib/python3.10/dist-packages/px4_msgs/msg/_vehicle_imu_status.py\n'}
[3.773779] (px4_msgs) StdoutLine: {'line': b'-- Up-to-date: /home/rschnurr/SkyClaw-Team1/ros2_ws/install/px4_msgs/local/lib/python3.10/dist-packages/px4_msgs/msg/_goto_setpoint.py\n'}
[3.774282] (px4_msgs) StdoutLine: {'line': b'-- Up-to-date: /home/rschnurr/SkyClaw-Team1/ros2_ws/install/px4_msgs/local/lib/python3.10/dist-packages/px4_msgs/msg/_orb_test_large_s.c\n'}
[3.774746] (px4_msgs) StdoutLine: {'line': b'-- Up-to-date: /home/rschnurr/SkyClaw-Team1/ros2_ws/install/px4_msgs/local/lib/python3.10/dist-packages/px4_msgs/msg/_tecs_status.py\n'}
[3.775205] (px4_msgs) StdoutLine: {'line': b'-- Up-to-date: /home/rschnurr/SkyClaw-Team1/ros2_ws/install/px4_msgs/local/lib/python3.10/dist-packages/px4_msgs/msg/_vehicle_torque_setpoint_s.c\n'}
[3.776167] (px4_msgs) StdoutLine: {'line': b'-- Up-to-date: /home/rschnurr/SkyClaw-Team1/ros2_ws/install/px4_msgs/local/lib/python3.10/dist-packages/px4_msgs/msg/_parameter_update_s.c\n'}
[3.777028] (px4_msgs) StdoutLine: {'line': b'-- Up-to-date: /home/rschnurr/SkyClaw-Team1/ros2_ws/install/px4_msgs/local/lib/python3.10/dist-packages/px4_msgs/msg/_open_drone_id_self_id_s.c\n'}
[3.777511] (px4_msgs) StdoutLine: {'line': b'-- Up-to-date: /home/rschnurr/SkyClaw-Team1/ros2_ws/install/px4_msgs/local/lib/python3.10/dist-packages/px4_msgs/msg/_rover_rate_setpoint.py\n'}
[3.777978] (px4_msgs) StdoutLine: {'line': b'-- Up-to-date: /home/rschnurr/SkyClaw-Team1/ros2_ws/install/px4_msgs/local/lib/python3.10/dist-packages/px4_msgs/msg/_landing_target_pose.py\n'}
[3.778491] (px4_msgs) StdoutLine: {'line': b'-- Up-to-date: /home/rschnurr/SkyClaw-Team1/ros2_ws/install/px4_msgs/local/lib/python3.10/dist-packages/px4_msgs/msg/_figure_eight_status.py\n'}
[3.779273] (px4_msgs) StdoutLine: {'line': b'-- Up-to-date: /home/rschnurr/SkyClaw-Team1/ros2_ws/install/px4_msgs/local/lib/python3.10/dist-packages/px4_msgs/msg/_led_control.py\n'}
[3.779893] (px4_msgs) StdoutLine: {'line': b'-- Up-to-date: /home/rschnurr/SkyClaw-Team1/ros2_ws/install/px4_msgs/local/lib/python3.10/dist-packages/px4_msgs/msg/_gimbal_device_attitude_status_s.c\n'}
[3.780419] (px4_msgs) StdoutLine: {'line': b'-- Up-to-date: /home/rschnurr/SkyClaw-Team1/ros2_ws/install/px4_msgs/local/lib/python3.10/dist-packages/px4_msgs/msg/_actuator_outputs_s.c\n'}
[3.781159] (px4_msgs) StdoutLine: {'line': b'-- Up-to-date: /home/rschnurr/SkyClaw-Team1/ros2_ws/install/px4_msgs/local/lib/python3.10/dist-packages/px4_msgs/msg/_gimbal_manager_information_s.c\n'}
[3.781652] (px4_msgs) StdoutLine: {'line': b'-- Up-to-date: /home/rschnurr/SkyClaw-Team1/ros2_ws/install/px4_msgs/local/lib/python3.10/dist-packages/px4_msgs/msg/_orbit_status.py\n'}
[3.782227] (px4_msgs) StdoutLine: {'line': b'-- Up-to-date: /home/rschnurr/SkyClaw-Team1/ros2_ws/install/px4_msgs/local/lib/python3.10/dist-packages/px4_msgs/msg/_longitudinal_control_configuration_s.c\n'}
[3.782689] (px4_msgs) StdoutLine: {'line': b'-- Up-to-date: /home/rschnurr/SkyClaw-Team1/ros2_ws/install/px4_msgs/local/lib/python3.10/dist-packages/px4_msgs/msg/_button_event.py\n'}
[3.783246] (px4_msgs) StdoutLine: {'line': b'-- Up-to-date: /home/rschnurr/SkyClaw-Team1/ros2_ws/install/px4_msgs/local/lib/python3.10/dist-packages/px4_msgs/msg/_gps_dump.py\n'}
[3.783902] (px4_msgs) StdoutLine: {'line': b'-- Up-to-date: /home/rschnurr/SkyClaw-Team1/ros2_ws/install/px4_msgs/local/lib/python3.10/dist-packages/px4_msgs/msg/_vehicle_command_ack.py\n'}
[3.784394] (px4_msgs) StdoutLine: {'line': b'-- Up-to-date: /home/rschnurr/SkyClaw-Team1/ros2_ws/install/px4_msgs/local/lib/python3.10/dist-packages/px4_msgs/msg/_rover_rate_status.py\n'}
[3.785775] (px4_msgs) StdoutLine: {'line': b'-- Up-to-date: /home/rschnurr/SkyClaw-Team1/ros2_ws/install/px4_msgs/local/lib/python3.10/dist-packages/px4_msgs/msg/_mavlink_log_s.c\n'}
[3.786180] (px4_msgs) StdoutLine: {'line': b'-- Up-to-date: /home/rschnurr/SkyClaw-Team1/ros2_ws/install/px4_msgs/local/lib/python3.10/dist-packages/px4_msgs/msg/_actuator_servos_trim_s.c\n'}
[3.786581] (px4_msgs) StdoutLine: {'line': b'-- Up-to-date: /home/rschnurr/SkyClaw-Team1/ros2_ws/install/px4_msgs/local/lib/python3.10/dist-packages/px4_msgs/msg/_dataman_response_s.c\n'}
[3.787066] (px4_msgs) StdoutLine: {'line': b'-- Up-to-date: /home/rschnurr/SkyClaw-Team1/ros2_ws/install/px4_msgs/local/lib/python3.10/dist-packages/px4_msgs/msg/_orb_test_medium_s.c\n'}
[3.787597] (px4_msgs) StdoutLine: {'line': b'-- Up-to-date: /home/rschnurr/SkyClaw-Team1/ros2_ws/install/px4_msgs/local/lib/python3.10/dist-packages/px4_msgs/msg/_sensor_correction.py\n'}
[3.787951] (px4_msgs) StdoutLine: {'line': b'-- Up-to-date: /home/rschnurr/SkyClaw-Team1/ros2_ws/install/px4_msgs/local/lib/python3.10/dist-packages/px4_msgs/msg/_actuator_servos_s.c\n'}
[3.790385] (px4_msgs) StdoutLine: {'line': b'-- Up-to-date: /home/rschnurr/SkyClaw-Team1/ros2_ws/install/px4_msgs/local/lib/python3.10/dist-packages/px4_msgs/msg/_gimbal_controls.py\n'}
[3.790600] (px4_msgs) StdoutLine: {'line': b'-- Up-to-date: /home/rschnurr/SkyClaw-Team1/ros2_ws/install/px4_msgs/local/lib/python3.10/dist-packages/px4_msgs/msg/_transponder_report_s.c\n'}
[3.791365] (px4_msgs) StdoutLine: {'line': b'-- Up-to-date: /home/rschnurr/SkyClaw-Team1/ros2_ws/install/px4_msgs/local/lib/python3.10/dist-packages/px4_msgs/msg/_fixed_wing_lateral_guidance_status_s.c\n'}
[3.791911] (px4_msgs) StdoutLine: {'line': b'-- Up-to-date: /home/rschnurr/SkyClaw-Team1/ros2_ws/install/px4_msgs/local/lib/python3.10/dist-packages/px4_msgs/msg/_vehicle_torque_setpoint.py\n'}
[3.792727] (px4_msgs) StdoutLine: {'line': b'-- Up-to-date: /home/rschnurr/SkyClaw-Team1/ros2_ws/install/px4_msgs/local/lib/python3.10/dist-packages/px4_msgs/msg/_obstacle_distance.py\n'}
[3.792871] (px4_msgs) StdoutLine: {'line': b'-- Up-to-date: /home/rschnurr/SkyClaw-Team1/ros2_ws/install/px4_msgs/local/lib/python3.10/dist-packages/px4_msgs/msg/_vehicle_air_data_s.c\n'}
[3.793460] (px4_msgs) StdoutLine: {'line': b'-- Up-to-date: /home/rschnurr/SkyClaw-Team1/ros2_ws/install/px4_msgs/local/lib/python3.10/dist-packages/px4_msgs/msg/_cpuload_s.c\n'}
[3.793827] (px4_msgs) StdoutLine: {'line': b'-- Up-to-date: /home/rschnurr/SkyClaw-Team1/ros2_ws/install/px4_msgs/local/lib/python3.10/dist-packages/px4_msgs/msg/_gimbal_device_attitude_status.py\n'}
[3.793996] (px4_msgs) StdoutLine: {'line': b'-- Up-to-date: /home/rschnurr/SkyClaw-Team1/ros2_ws/install/px4_msgs/local/lib/python3.10/dist-packages/px4_msgs/msg/_sensor_gnss_status.py\n'}
[3.794163] (px4_msgs) StdoutLine: {'line': b'-- Up-to-date: /home/rschnurr/SkyClaw-Team1/ros2_ws/install/px4_msgs/local/lib/python3.10/dist-packages/px4_msgs/msg/_vehicle_control_mode_s.c\n'}
[3.795074] (px4_msgs) StdoutLine: {'line': b'-- Up-to-date: /home/rschnurr/SkyClaw-Team1/ros2_ws/install/px4_msgs/local/lib/python3.10/dist-packages/px4_msgs/msg/_gpio_request.py\n'}
[3.797113] (px4_msgs) StdoutLine: {'line': b'-- Up-to-date: /home/rschnurr/SkyClaw-Team1/ros2_ws/install/px4_msgs/local/lib/python3.10/dist-packages/px4_msgs/msg/_wheel_encoders.py\n'}
[3.797827] (px4_msgs) StdoutLine: {'line': b'-- Up-to-date: /home/rschnurr/SkyClaw-Team1/ros2_ws/install/px4_msgs/local/lib/python3.10/dist-packages/px4_msgs/msg/_estimator_gps_status.py\n'}
[3.798319] (px4_msgs) StdoutLine: {'line': b'-- Up-to-date: /home/rschnurr/SkyClaw-Team1/ros2_ws/install/px4_msgs/local/lib/python3.10/dist-packages/px4_msgs/msg/_fixed_wing_runway_control.py\n'}
[3.798754] (px4_msgs) StdoutLine: {'line': b'-- Up-to-date: /home/rschnurr/SkyClaw-Team1/ros2_ws/install/px4_msgs/local/lib/python3.10/dist-packages/px4_msgs/msg/_sensor_accel_fifo.py\n'}
[3.799351] (px4_msgs) StdoutLine: {'line': b'-- Up-to-date: /home/rschnurr/SkyClaw-Team1/ros2_ws/install/px4_msgs/local/lib/python3.10/dist-packages/px4_msgs/msg/_estimator_selector_status.py\n'}
[3.800510] (px4_msgs) StdoutLine: {'line': b'-- Up-to-date: /home/rschnurr/SkyClaw-Team1/ros2_ws/install/px4_msgs/local/lib/python3.10/dist-packages/px4_msgs/msg/_sensor_gyro_s.c\n'}
[3.802593] (px4_msgs) StdoutLine: {'line': b'-- Up-to-date: /home/rschnurr/SkyClaw-Team1/ros2_ws/install/px4_msgs/local/lib/python3.10/dist-packages/px4_msgs/msg/_sensor_selection_s.c\n'}
[3.803676] (px4_msgs) StdoutLine: {'line': b'-- Up-to-date: /home/rschnurr/SkyClaw-Team1/ros2_ws/install/px4_msgs/local/lib/python3.10/dist-packages/px4_msgs/msg/_vehicle_constraints_s.c\n'}
[3.804120] (px4_msgs) StdoutLine: {'line': b'-- Up-to-date: /home/rschnurr/SkyClaw-Team1/ros2_ws/install/px4_msgs/local/lib/python3.10/dist-packages/px4_msgs/msg/_uavcan_parameter_request.py\n'}
[3.804608] (px4_msgs) StdoutLine: {'line': b'-- Up-to-date: /home/rschnurr/SkyClaw-Team1/ros2_ws/install/px4_msgs/local/lib/python3.10/dist-packages/px4_msgs/msg/_dronecan_node_status.py\n'}
[3.804988] (px4_msgs) StdoutLine: {'line': b'-- Up-to-date: /home/rschnurr/SkyClaw-Team1/ros2_ws/install/px4_msgs/local/lib/python3.10/dist-packages/px4_msgs/msg/_distance_sensor_mode_change_request.py\n'}
[3.805300] (px4_msgs) StdoutLine: {'line': b'-- Up-to-date: /home/rschnurr/SkyClaw-Team1/ros2_ws/install/px4_msgs/local/lib/python3.10/dist-packages/px4_msgs/msg/_sensors_status_imu_s.c\n'}
[3.805930] (px4_msgs) StdoutLine: {'line': b'-- Up-to-date: /home/rschnurr/SkyClaw-Team1/ros2_ws/install/px4_msgs/local/lib/python3.10/dist-packages/px4_msgs/msg/_ping.py\n'}
[3.806422] (px4_msgs) StdoutLine: {'line': b'-- Up-to-date: /home/rschnurr/SkyClaw-Team1/ros2_ws/install/px4_msgs/local/lib/python3.10/dist-packages/px4_msgs/msg/_geofence_result_s.c\n'}
[3.806870] (px4_msgs) StdoutLine: {'line': b'-- Up-to-date: /home/rschnurr/SkyClaw-Team1/ros2_ws/install/px4_msgs/local/lib/python3.10/dist-packages/px4_msgs/msg/_rover_speed_setpoint.py\n'}
[3.807512] (px4_msgs) StdoutLine: {'line': b'-- Up-to-date: /home/rschnurr/SkyClaw-Team1/ros2_ws/install/px4_msgs/local/lib/python3.10/dist-packages/px4_msgs/msg/_vehicle_status.py\n'}
[3.808049] (px4_msgs) StdoutLine: {'line': b'-- Up-to-date: /home/rschnurr/SkyClaw-Team1/ros2_ws/install/px4_msgs/local/lib/python3.10/dist-packages/px4_msgs/msg/_actuator_motors.py\n'}
[3.808396] (px4_msgs) StdoutLine: {'line': b'-- Up-to-date: /home/rschnurr/SkyClaw-Team1/ros2_ws/install/px4_msgs/local/lib/python3.10/dist-packages/px4_msgs/msg/_sensor_preflight_mag_s.c\n'}
[3.809041] (px4_msgs) StdoutLine: {'line': b'-- Up-to-date: /home/rschnurr/SkyClaw-Team1/ros2_ws/install/px4_msgs/local/lib/python3.10/dist-packages/px4_msgs/msg/_mode_completed_s.c\n'}
[3.809553] (px4_msgs) StdoutLine: {'line': b'-- Up-to-date: /home/rschnurr/SkyClaw-Team1/ros2_ws/install/px4_msgs/local/lib/python3.10/dist-packages/px4_msgs/msg/_arming_check_reply_s.c\n'}
[3.810015] (px4_msgs) StdoutLine: {'line': b'-- Up-to-date: /home/rschnurr/SkyClaw-Team1/ros2_ws/install/px4_msgs/local/lib/python3.10/dist-packages/px4_msgs/msg/_uavcan_parameter_value_s.c\n'}
[3.810441] (px4_msgs) StdoutLine: {'line': b'-- Up-to-date: /home/rschnurr/SkyClaw-Team1/ros2_ws/install/px4_msgs/local/lib/python3.10/dist-packages/px4_msgs/msg/_position_setpoint.py\n'}
[3.811014] (px4_msgs) StdoutLine: {'line': b'-- Up-to-date: /home/rschnurr/SkyClaw-Team1/ros2_ws/install/px4_msgs/local/lib/python3.10/dist-packages/px4_msgs/msg/_landing_gear_wheel_s.c\n'}
[3.811874] (px4_msgs) StdoutLine: {'line': b'-- Up-to-date: /home/rschnurr/SkyClaw-Team1/ros2_ws/install/px4_msgs/local/lib/python3.10/dist-packages/px4_msgs/msg/_vehicle_land_detected.py\n'}
[3.812834] (px4_msgs) StdoutLine: {'line': b'-- Up-to-date: /home/rschnurr/SkyClaw-Team1/ros2_ws/install/px4_msgs/local/lib/python3.10/dist-packages/px4_msgs/msg/_yaw_estimator_status.py\n'}
[3.815686] (px4_msgs) StdoutLine: {'line': b'-- Up-to-date: /home/rschnurr/SkyClaw-Team1/ros2_ws/install/px4_msgs/local/lib/python3.10/dist-packages/px4_msgs/msg/_camera_trigger_s.c\n'}
[3.817580] (px4_msgs) StdoutLine: {'line': b'-- Up-to-date: /home/rschnurr/SkyClaw-Team1/ros2_ws/install/px4_msgs/local/lib/python3.10/dist-packages/px4_msgs/msg/_open_drone_id_self_id.py\n'}
[3.818739] (px4_msgs) StdoutLine: {'line': b'-- Up-to-date: /home/rschnurr/SkyClaw-Team1/ros2_ws/install/px4_msgs/local/lib/python3.10/dist-packages/px4_msgs/msg/_register_ext_component_request_s.c\n'}
[3.819281] (px4_msgs) StdoutLine: {'line': b'-- Up-to-date: /home/rschnurr/SkyClaw-Team1/ros2_ws/install/px4_msgs/local/lib/python3.10/dist-packages/px4_msgs/msg/_estimator_status_flags_s.c\n'}
[3.819852] (px4_msgs) StdoutLine: {'line': b'-- Up-to-date: /home/rschnurr/SkyClaw-Team1/ros2_ws/install/px4_msgs/local/lib/python3.10/dist-packages/px4_msgs/msg/_rc_channels.py\n'}
[3.820964] (px4_msgs) StdoutLine: {'line': b'-- Up-to-date: /home/rschnurr/SkyClaw-Team1/ros2_ws/install/px4_msgs/local/lib/python3.10/dist-packages/px4_msgs/msg/_collision_constraints.py\n'}
[3.821394] (px4_msgs) StdoutLine: {'line': b'-- Up-to-date: /home/rschnurr/SkyClaw-Team1/ros2_ws/install/px4_msgs/local/lib/python3.10/dist-packages/px4_msgs/msg/_adc_report_s.c\n'}
[3.821806] (px4_msgs) StdoutLine: {'line': b'-- Up-to-date: /home/rschnurr/SkyClaw-Team1/ros2_ws/install/px4_msgs/local/lib/python3.10/dist-packages/px4_msgs/_px4_msgs_s.ep.rosidl_typesupport_fastrtps_c.c\n'}
[3.822212] (px4_msgs) StdoutLine: {'line': b'-- Up-to-date: /home/rschnurr/SkyClaw-Team1/ros2_ws/install/px4_msgs/local/lib/python3.10/dist-packages/px4_msgs/libpx4_msgs__rosidl_generator_py.so\n'}
[3.822615] (px4_msgs) StdoutLine: {'line': b'-- Up-to-date: /home/rschnurr/SkyClaw-Team1/ros2_ws/install/px4_msgs/local/lib/python3.10/dist-packages/px4_msgs/px4_msgs_s__rosidl_typesupport_c.cpython-310-x86_64-linux-gnu.so\n'}
[3.823083] (px4_msgs) StdoutLine: {'line': b'-- Up-to-date: /home/rschnurr/SkyClaw-Team1/ros2_ws/install/px4_msgs/local/lib/python3.10/dist-packages/px4_msgs/px4_msgs_s__rosidl_typesupport_introspection_c.cpython-310-x86_64-linux-gnu.so\n'}
[3.823953] (px4_msgs) StdoutLine: {'line': b'-- Up-to-date: /home/rschnurr/SkyClaw-Team1/ros2_ws/install/px4_msgs/local/lib/python3.10/dist-packages/px4_msgs/__init__.py\n'}
[3.824428] (px4_msgs) StdoutLine: {'line': b'-- Up-to-date: /home/rschnurr/SkyClaw-Team1/ros2_ws/install/px4_msgs/local/lib/python3.10/dist-packages/px4_msgs/px4_msgs_s__rosidl_typesupport_fastrtps_c.cpython-310-x86_64-linux-gnu.so\n'}
[3.824833] (px4_msgs) StdoutLine: {'line': b"Listing '/home/rschnurr/SkyClaw-Team1/ros2_ws/install/px4_msgs/local/lib/python3.10/dist-packages/px4_msgs'...\n"}
[3.825551] (px4_msgs) StdoutLine: {'line': b"Listing '/home/rschnurr/SkyClaw-Team1/ros2_ws/install/px4_msgs/local/lib/python3.10/dist-packages/px4_msgs/msg'...\n"}
[3.826070] (px4_msgs) StdoutLine: {'line': b"Listing '/home/rschnurr/SkyClaw-Team1/ros2_ws/install/px4_msgs/local/lib/python3.10/dist-packages/px4_msgs/srv'...\n"}
[3.826303] (px4_msgs) StdoutLine: {'line': b'-- Up-to-date: /home/rschnurr/SkyClaw-Team1/ros2_ws/install/px4_msgs/local/lib/python3.10/dist-packages/px4_msgs/px4_msgs_s__rosidl_typesupport_fastrtps_c.cpython-310-x86_64-linux-gnu.so\n'}
[3.826527] (px4_msgs) StdoutLine: {'line': b'-- Up-to-date: /home/rschnurr/SkyClaw-Team1/ros2_ws/install/px4_msgs/local/lib/python3.10/dist-packages/px4_msgs/px4_msgs_s__rosidl_typesupport_introspection_c.cpython-310-x86_64-linux-gnu.so\n'}
[3.827466] (px4_msgs) StdoutLine: {'line': b'-- Up-to-date: /home/rschnurr/SkyClaw-Team1/ros2_ws/install/px4_msgs/local/lib/python3.10/dist-packages/px4_msgs/px4_msgs_s__rosidl_typesupport_c.cpython-310-x86_64-linux-gnu.so\n'}
[3.828277] (px4_msgs) StdoutLine: {'line': b'-- Up-to-date: /home/rschnurr/SkyClaw-Team1/ros2_ws/install/px4_msgs/lib/libpx4_msgs__rosidl_generator_py.so\n'}
[3.828549] (px4_msgs) StdoutLine: {'line': b'-- Up-to-date: /home/rschnurr/SkyClaw-Team1/ros2_ws/install/px4_msgs/share/px4_msgs/msg/ActionRequest.idl\n'}
[3.828940] (px4_msgs) StdoutLine: {'line': b'-- Up-to-date: /home/rschnurr/SkyClaw-Team1/ros2_ws/install/px4_msgs/share/px4_msgs/msg/ActuatorArmed.idl\n'}
[3.829417] (px4_msgs) StdoutLine: {'line': b'-- Up-to-date: /home/rschnurr/SkyClaw-Team1/ros2_ws/install/px4_msgs/share/px4_msgs/msg/ActuatorControlsStatus.idl\n'}
[3.833435] (-) TimerEvent: {}
[3.834437] (px4_msgs) StdoutLine: {'line': b'-- Up-to-date: /home/rschnurr/SkyClaw-Team1/ros2_ws/install/px4_msgs/share/px4_msgs/msg/ActuatorMotors.idl\n'}
[3.835272] (px4_msgs) StdoutLine: {'line': b'-- Up-to-date: /home/rschnurr/SkyClaw-Team1/ros2_ws/install/px4_msgs/share/px4_msgs/msg/ActuatorOutputs.idl\n'}
[3.836334] (px4_msgs) StdoutLine: {'line': b'-- Up-to-date: /home/rschnurr/SkyClaw-Team1/ros2_ws/install/px4_msgs/share/px4_msgs/msg/ActuatorServos.idl\n'}
[3.838972] (px4_msgs) StdoutLine: {'line': b'-- Up-to-date: /home/rschnurr/SkyClaw-Team1/ros2_ws/install/px4_msgs/share/px4_msgs/msg/ActuatorServosTrim.idl\n'}
[3.842574] (px4_msgs) StdoutLine: {'line': b'-- Up-to-date: /home/rschnurr/SkyClaw-Team1/ros2_ws/install/px4_msgs/share/px4_msgs/msg/ActuatorTest.idl\n'}
[3.843147] (px4_msgs) StdoutLine: {'line': b'-- Up-to-date: /home/rschnurr/SkyClaw-Team1/ros2_ws/install/px4_msgs/share/px4_msgs/msg/AdcReport.idl\n'}
[3.843519] (px4_msgs) StdoutLine: {'line': b'-- Up-to-date: /home/rschnurr/SkyClaw-Team1/ros2_ws/install/px4_msgs/share/px4_msgs/msg/Airspeed.idl\n'}
[3.844007] (px4_msgs) StdoutLine: {'line': b'-- Up-to-date: /home/rschnurr/SkyClaw-Team1/ros2_ws/install/px4_msgs/share/px4_msgs/msg/AirspeedValidated.idl\n'}
[3.844486] (px4_msgs) StdoutLine: {'line': b'-- Up-to-date: /home/rschnurr/SkyClaw-Team1/ros2_ws/install/px4_msgs/share/px4_msgs/msg/AirspeedWind.idl\n'}
[3.844941] (px4_msgs) StdoutLine: {'line': b'-- Up-to-date: /home/rschnurr/SkyClaw-Team1/ros2_ws/install/px4_msgs/share/px4_msgs/msg/ArmingCheckReply.idl\n'}
[3.845435] (px4_msgs) StdoutLine: {'line': b'-- Up-to-date: /home/rschnurr/SkyClaw-Team1/ros2_ws/install/px4_msgs/share/px4_msgs/msg/ArmingCheckRequest.idl\n'}
[3.845771] (px4_msgs) StdoutLine: {'line': b'-- Up-to-date: /home/rschnurr/SkyClaw-Team1/ros2_ws/install/px4_msgs/share/px4_msgs/msg/AutotuneAttitudeControlStatus.idl\n'}
[3.846312] (px4_msgs) StdoutLine: {'line': b'-- Up-to-date: /home/rschnurr/SkyClaw-Team1/ros2_ws/install/px4_msgs/share/px4_msgs/msg/BatteryInfo.idl\n'}
[3.853811] (px4_msgs) StdoutLine: {'line': b'-- Up-to-date: /home/rschnurr/SkyClaw-Team1/ros2_ws/install/px4_msgs/share/px4_msgs/msg/BatteryStatus.idl\n'}
[3.854330] (px4_msgs) StdoutLine: {'line': b'-- Up-to-date: /home/rschnurr/SkyClaw-Team1/ros2_ws/install/px4_msgs/share/px4_msgs/msg/ButtonEvent.idl\n'}
[3.854729] (px4_msgs) StdoutLine: {'line': b'-- Up-to-date: /home/rschnurr/SkyClaw-Team1/ros2_ws/install/px4_msgs/share/px4_msgs/msg/CameraCapture.idl\n'}
[3.855595] (px4_msgs) StdoutLine: {'line': b'-- Up-to-date: /home/rschnurr/SkyClaw-Team1/ros2_ws/install/px4_msgs/share/px4_msgs/msg/CameraStatus.idl\n'}
[3.857585] (px4_msgs) StdoutLine: {'line': b'-- Up-to-date: /home/rschnurr/SkyClaw-Team1/ros2_ws/install/px4_msgs/share/px4_msgs/msg/CameraTrigger.idl\n'}
[3.858009] (px4_msgs) StdoutLine: {'line': b'-- Up-to-date: /home/rschnurr/SkyClaw-Team1/ros2_ws/install/px4_msgs/share/px4_msgs/msg/CanInterfaceStatus.idl\n'}
[3.858144] (px4_msgs) StdoutLine: {'line': b'-- Up-to-date: /home/rschnurr/SkyClaw-Team1/ros2_ws/install/px4_msgs/share/px4_msgs/msg/CellularStatus.idl\n'}
[3.858246] (px4_msgs) StdoutLine: {'line': b'-- Up-to-date: /home/rschnurr/SkyClaw-Team1/ros2_ws/install/px4_msgs/share/px4_msgs/msg/CollisionConstraints.idl\n'}
[3.858356] (px4_msgs) StdoutLine: {'line': b'-- Up-to-date: /home/rschnurr/SkyClaw-Team1/ros2_ws/install/px4_msgs/share/px4_msgs/msg/ConfigOverrides.idl\n'}
[3.859514] (px4_msgs) StdoutLine: {'line': b'-- Up-to-date: /home/rschnurr/SkyClaw-Team1/ros2_ws/install/px4_msgs/share/px4_msgs/msg/ControlAllocatorStatus.idl\n'}
[3.859734] (px4_msgs) StdoutLine: {'line': b'-- Up-to-date: /home/rschnurr/SkyClaw-Team1/ros2_ws/install/px4_msgs/share/px4_msgs/msg/Cpuload.idl\n'}
[3.859856] (px4_msgs) StdoutLine: {'line': b'-- Up-to-date: /home/rschnurr/SkyClaw-Team1/ros2_ws/install/px4_msgs/share/px4_msgs/msg/DatamanRequest.idl\n'}
[3.860290] (px4_msgs) StdoutLine: {'line': b'-- Up-to-date: /home/rschnurr/SkyClaw-Team1/ros2_ws/install/px4_msgs/share/px4_msgs/msg/DatamanResponse.idl\n'}
[3.860568] (px4_msgs) StdoutLine: {'line': b'-- Up-to-date: /home/rschnurr/SkyClaw-Team1/ros2_ws/install/px4_msgs/share/px4_msgs/msg/DebugArray.idl\n'}
[3.860771] (px4_msgs) StdoutLine: {'line': b'-- Up-to-date: /home/rschnurr/SkyClaw-Team1/ros2_ws/install/px4_msgs/share/px4_msgs/msg/DebugKeyValue.idl\n'}
[3.861066] (px4_msgs) StdoutLine: {'line': b'-- Up-to-date: /home/rschnurr/SkyClaw-Team1/ros2_ws/install/px4_msgs/share/px4_msgs/msg/DebugValue.idl\n'}
[3.861198] (px4_msgs) StdoutLine: {'line': b'-- Up-to-date: /home/rschnurr/SkyClaw-Team1/ros2_ws/install/px4_msgs/share/px4_msgs/msg/DebugVect.idl\n'}
[3.861290] (px4_msgs) StdoutLine: {'line': b'-- Up-to-date: /home/rschnurr/SkyClaw-Team1/ros2_ws/install/px4_msgs/share/px4_msgs/msg/DifferentialPressure.idl\n'}
[3.861860] (px4_msgs) StdoutLine: {'line': b'-- Up-to-date: /home/rschnurr/SkyClaw-Team1/ros2_ws/install/px4_msgs/share/px4_msgs/msg/DistanceSensor.idl\n'}
[3.862528] (px4_msgs) StdoutLine: {'line': b'-- Up-to-date: /home/rschnurr/SkyClaw-Team1/ros2_ws/install/px4_msgs/share/px4_msgs/msg/DistanceSensorModeChangeRequest.idl\n'}
[3.862881] (px4_msgs) StdoutLine: {'line': b'-- Up-to-date: /home/rschnurr/SkyClaw-Team1/ros2_ws/install/px4_msgs/share/px4_msgs/msg/DronecanNodeStatus.idl\n'}
[3.863839] (px4_msgs) StdoutLine: {'line': b'-- Up-to-date: /home/rschnurr/SkyClaw-Team1/ros2_ws/install/px4_msgs/share/px4_msgs/msg/Ekf2Timestamps.idl\n'}
[3.864089] (px4_msgs) StdoutLine: {'line': b'-- Up-to-date: /home/rschnurr/SkyClaw-Team1/ros2_ws/install/px4_msgs/share/px4_msgs/msg/EscReport.idl\n'}
[3.864202] (px4_msgs) StdoutLine: {'line': b'-- Up-to-date: /home/rschnurr/SkyClaw-Team1/ros2_ws/install/px4_msgs/share/px4_msgs/msg/EscStatus.idl\n'}
[3.864290] (px4_msgs) StdoutLine: {'line': b'-- Up-to-date: /home/rschnurr/SkyClaw-Team1/ros2_ws/install/px4_msgs/share/px4_msgs/msg/EstimatorAidSource1d.idl\n'}
[3.864389] (px4_msgs) StdoutLine: {'line': b'-- Up-to-date: /home/rschnurr/SkyClaw-Team1/ros2_ws/install/px4_msgs/share/px4_msgs/msg/EstimatorAidSource2d.idl\n'}
[3.864776] (px4_msgs) StdoutLine: {'line': b'-- Up-to-date: /home/rschnurr/SkyClaw-Team1/ros2_ws/install/px4_msgs/share/px4_msgs/msg/EstimatorAidSource3d.idl\n'}
[3.865307] (px4_msgs) StdoutLine: {'line': b'-- Up-to-date: /home/rschnurr/SkyClaw-Team1/ros2_ws/install/px4_msgs/share/px4_msgs/msg/EstimatorBias.idl\n'}
[3.865796] (px4_msgs) StdoutLine: {'line': b'-- Up-to-date: /home/rschnurr/SkyClaw-Team1/ros2_ws/install/px4_msgs/share/px4_msgs/msg/EstimatorBias3d.idl\n'}
[3.866418] (px4_msgs) StdoutLine: {'line': b'-- Up-to-date: /home/rschnurr/SkyClaw-Team1/ros2_ws/install/px4_msgs/share/px4_msgs/msg/EstimatorEventFlags.idl\n'}
[3.867285] (px4_msgs) StdoutLine: {'line': b'-- Up-to-date: /home/rschnurr/SkyClaw-Team1/ros2_ws/install/px4_msgs/share/px4_msgs/msg/EstimatorGpsStatus.idl\n'}
[3.867648] (px4_msgs) StdoutLine: {'line': b'-- Up-to-date: /home/rschnurr/SkyClaw-Team1/ros2_ws/install/px4_msgs/share/px4_msgs/msg/EstimatorInnovations.idl\n'}
[3.867760] (px4_msgs) StdoutLine: {'line': b'-- Up-to-date: /home/rschnurr/SkyClaw-Team1/ros2_ws/install/px4_msgs/share/px4_msgs/msg/EstimatorSelectorStatus.idl\n'}
[3.867905] (px4_msgs) StdoutLine: {'line': b'-- Up-to-date: /home/rschnurr/SkyClaw-Team1/ros2_ws/install/px4_msgs/share/px4_msgs/msg/EstimatorSensorBias.idl\n'}
[3.868629] (px4_msgs) StdoutLine: {'line': b'-- Up-to-date: /home/rschnurr/SkyClaw-Team1/ros2_ws/install/px4_msgs/share/px4_msgs/msg/EstimatorStates.idl\n'}
[3.869123] (px4_msgs) StdoutLine: {'line': b'-- Up-to-date: /home/rschnurr/SkyClaw-Team1/ros2_ws/install/px4_msgs/share/px4_msgs/msg/EstimatorStatus.idl\n'}
[3.869649] (px4_msgs) StdoutLine: {'line': b'-- Up-to-date: /home/rschnurr/SkyClaw-Team1/ros2_ws/install/px4_msgs/share/px4_msgs/msg/EstimatorStatusFlags.idl\n'}
[3.870158] (px4_msgs) StdoutLine: {'line': b'-- Up-to-date: /home/rschnurr/SkyClaw-Team1/ros2_ws/install/px4_msgs/share/px4_msgs/msg/Event.idl\n'}
[3.871283] (px4_msgs) StdoutLine: {'line': b'-- Up-to-date: /home/rschnurr/SkyClaw-Team1/ros2_ws/install/px4_msgs/share/px4_msgs/msg/FailsafeFlags.idl\n'}
[3.873948] (px4_msgs) StdoutLine: {'line': b'-- Up-to-date: /home/rschnurr/SkyClaw-Team1/ros2_ws/install/px4_msgs/share/px4_msgs/msg/FailureDetectorStatus.idl\n'}
[3.874478] (px4_msgs) StdoutLine: {'line': b'-- Up-to-date: /home/rschnurr/SkyClaw-Team1/ros2_ws/install/px4_msgs/share/px4_msgs/msg/FigureEightStatus.idl\n'}
[3.874986] (px4_msgs) StdoutLine: {'line': b'-- Up-to-date: /home/rschnurr/SkyClaw-Team1/ros2_ws/install/px4_msgs/share/px4_msgs/msg/FixedWingLateralGuidanceStatus.idl\n'}
[3.878121] (px4_msgs) StdoutLine: {'line': b'-- Up-to-date: /home/rschnurr/SkyClaw-Team1/ros2_ws/install/px4_msgs/share/px4_msgs/msg/FixedWingLateralSetpoint.idl\n'}
[3.878607] (px4_msgs) StdoutLine: {'line': b'-- Up-to-date: /home/rschnurr/SkyClaw-Team1/ros2_ws/install/px4_msgs/share/px4_msgs/msg/FixedWingLateralStatus.idl\n'}
[3.879363] (px4_msgs) StdoutLine: {'line': b'-- Up-to-date: /home/rschnurr/SkyClaw-Team1/ros2_ws/install/px4_msgs/share/px4_msgs/msg/FixedWingLongitudinalSetpoint.idl\n'}
[3.879721] (px4_msgs) StdoutLine: {'line': b'-- Up-to-date: /home/rschnurr/SkyClaw-Team1/ros2_ws/install/px4_msgs/share/px4_msgs/msg/FixedWingRunwayControl.idl\n'}
[3.881951] (px4_msgs) StdoutLine: {'line': b'-- Up-to-date: /home/rschnurr/SkyClaw-Team1/ros2_ws/install/px4_msgs/share/px4_msgs/msg/FlightPhaseEstimation.idl\n'}
[3.882450] (px4_msgs) StdoutLine: {'line': b'-- Up-to-date: /home/rschnurr/SkyClaw-Team1/ros2_ws/install/px4_msgs/share/px4_msgs/msg/FollowTarget.idl\n'}
[3.882784] (px4_msgs) StdoutLine: {'line': b'-- Up-to-date: /home/rschnurr/SkyClaw-Team1/ros2_ws/install/px4_msgs/share/px4_msgs/msg/FollowTargetEstimator.idl\n'}
[3.883301] (px4_msgs) StdoutLine: {'line': b'-- Up-to-date: /home/rschnurr/SkyClaw-Team1/ros2_ws/install/px4_msgs/share/px4_msgs/msg/FollowTargetStatus.idl\n'}
[3.884036] (px4_msgs) StdoutLine: {'line': b'-- Up-to-date: /home/rschnurr/SkyClaw-Team1/ros2_ws/install/px4_msgs/share/px4_msgs/msg/FuelTankStatus.idl\n'}
[3.884592] (px4_msgs) StdoutLine: {'line': b'-- Up-to-date: /home/rschnurr/SkyClaw-Team1/ros2_ws/install/px4_msgs/share/px4_msgs/msg/GeneratorStatus.idl\n'}
[3.885108] (px4_msgs) StdoutLine: {'line': b'-- Up-to-date: /home/rschnurr/SkyClaw-Team1/ros2_ws/install/px4_msgs/share/px4_msgs/msg/GeofenceResult.idl\n'}
[3.885519] (px4_msgs) StdoutLine: {'line': b'-- Up-to-date: /home/rschnurr/SkyClaw-Team1/ros2_ws/install/px4_msgs/share/px4_msgs/msg/GeofenceStatus.idl\n'}
[3.885981] (px4_msgs) StdoutLine: {'line': b'-- Up-to-date: /home/rschnurr/SkyClaw-Team1/ros2_ws/install/px4_msgs/share/px4_msgs/msg/GimbalControls.idl\n'}
[3.886574] (px4_msgs) StdoutLine: {'line': b'-- Up-to-date: /home/rschnurr/SkyClaw-Team1/ros2_ws/install/px4_msgs/share/px4_msgs/msg/GimbalDeviceAttitudeStatus.idl\n'}
[3.887094] (px4_msgs) StdoutLine: {'line': b'-- Up-to-date: /home/rschnurr/SkyClaw-Team1/ros2_ws/install/px4_msgs/share/px4_msgs/msg/GimbalDeviceInformation.idl\n'}
[3.887284] (px4_msgs) StdoutLine: {'line': b'-- Up-to-date: /home/rschnurr/SkyClaw-Team1/ros2_ws/install/px4_msgs/share/px4_msgs/msg/GimbalDeviceSetAttitude.idl\n'}
[3.887560] (px4_msgs) StdoutLine: {'line': b'-- Up-to-date: /home/rschnurr/SkyClaw-Team1/ros2_ws/install/px4_msgs/share/px4_msgs/msg/GimbalManagerInformation.idl\n'}
[3.887937] (px4_msgs) StdoutLine: {'line': b'-- Up-to-date: /home/rschnurr/SkyClaw-Team1/ros2_ws/install/px4_msgs/share/px4_msgs/msg/GimbalManagerSetAttitude.idl\n'}
[3.888379] (px4_msgs) StdoutLine: {'line': b'-- Up-to-date: /home/rschnurr/SkyClaw-Team1/ros2_ws/install/px4_msgs/share/px4_msgs/msg/GimbalManagerSetManualControl.idl\n'}
[3.888990] (px4_msgs) StdoutLine: {'line': b'-- Up-to-date: /home/rschnurr/SkyClaw-Team1/ros2_ws/install/px4_msgs/share/px4_msgs/msg/GimbalManagerStatus.idl\n'}
[3.889417] (px4_msgs) StdoutLine: {'line': b'-- Up-to-date: /home/rschnurr/SkyClaw-Team1/ros2_ws/install/px4_msgs/share/px4_msgs/msg/GotoSetpoint.idl\n'}
[3.889983] (px4_msgs) StdoutLine: {'line': b'-- Up-to-date: /home/rschnurr/SkyClaw-Team1/ros2_ws/install/px4_msgs/share/px4_msgs/msg/GpioConfig.idl\n'}
[3.890327] (px4_msgs) StdoutLine: {'line': b'-- Up-to-date: /home/rschnurr/SkyClaw-Team1/ros2_ws/install/px4_msgs/share/px4_msgs/msg/GpioIn.idl\n'}
[3.891420] (px4_msgs) StdoutLine: {'line': b'-- Up-to-date: /home/rschnurr/SkyClaw-Team1/ros2_ws/install/px4_msgs/share/px4_msgs/msg/GpioOut.idl\n'}
[3.893824] (px4_msgs) StdoutLine: {'line': b'-- Up-to-date: /home/rschnurr/SkyClaw-Team1/ros2_ws/install/px4_msgs/share/px4_msgs/msg/GpioRequest.idl\n'}
[3.894328] (px4_msgs) StdoutLine: {'line': b'-- Up-to-date: /home/rschnurr/SkyClaw-Team1/ros2_ws/install/px4_msgs/share/px4_msgs/msg/GpsDump.idl\n'}
[3.894883] (px4_msgs) StdoutLine: {'line': b'-- Up-to-date: /home/rschnurr/SkyClaw-Team1/ros2_ws/install/px4_msgs/share/px4_msgs/msg/GpsInjectData.idl\n'}
[3.895598] (px4_msgs) StdoutLine: {'line': b'-- Up-to-date: /home/rschnurr/SkyClaw-Team1/ros2_ws/install/px4_msgs/share/px4_msgs/msg/Gripper.idl\n'}
[3.896166] (px4_msgs) StdoutLine: {'line': b'-- Up-to-date: /home/rschnurr/SkyClaw-Team1/ros2_ws/install/px4_msgs/share/px4_msgs/msg/HealthReport.idl\n'}
[3.896695] (px4_msgs) StdoutLine: {'line': b'-- Up-to-date: /home/rschnurr/SkyClaw-Team1/ros2_ws/install/px4_msgs/share/px4_msgs/msg/HeaterStatus.idl\n'}
[3.896887] (px4_msgs) StdoutLine: {'line': b'-- Up-to-date: /home/rschnurr/SkyClaw-Team1/ros2_ws/install/px4_msgs/share/px4_msgs/msg/HomePosition.idl\n'}
[3.897094] (px4_msgs) StdoutLine: {'line': b'-- Up-to-date: /home/rschnurr/SkyClaw-Team1/ros2_ws/install/px4_msgs/share/px4_msgs/msg/HoverThrustEstimate.idl\n'}
[3.897276] (px4_msgs) StdoutLine: {'line': b'-- Up-to-date: /home/rschnurr/SkyClaw-Team1/ros2_ws/install/px4_msgs/share/px4_msgs/msg/InputRc.idl\n'}
[3.897598] (px4_msgs) StdoutLine: {'line': b'-- Up-to-date: /home/rschnurr/SkyClaw-Team1/ros2_ws/install/px4_msgs/share/px4_msgs/msg/InternalCombustionEngineControl.idl\n'}
[3.897780] (px4_msgs) StdoutLine: {'line': b'-- Up-to-date: /home/rschnurr/SkyClaw-Team1/ros2_ws/install/px4_msgs/share/px4_msgs/msg/InternalCombustionEngineStatus.idl\n'}
[3.898096] (px4_msgs) StdoutLine: {'line': b'-- Up-to-date: /home/rschnurr/SkyClaw-Team1/ros2_ws/install/px4_msgs/share/px4_msgs/msg/IridiumsbdStatus.idl\n'}
[3.898521] (px4_msgs) StdoutLine: {'line': b'-- Up-to-date: /home/rschnurr/SkyClaw-Team1/ros2_ws/install/px4_msgs/share/px4_msgs/msg/IrlockReport.idl\n'}
[3.898820] (px4_msgs) StdoutLine: {'line': b'-- Up-to-date: /home/rschnurr/SkyClaw-Team1/ros2_ws/install/px4_msgs/share/px4_msgs/msg/LandingGear.idl\n'}
[3.900716] (px4_msgs) StdoutLine: {'line': b'-- Up-to-date: /home/rschnurr/SkyClaw-Team1/ros2_ws/install/px4_msgs/share/px4_msgs/msg/LandingGearWheel.idl\n'}
[3.901526] (px4_msgs) StdoutLine: {'line': b'-- Up-to-date: /home/rschnurr/SkyClaw-Team1/ros2_ws/install/px4_msgs/share/px4_msgs/msg/LandingTargetInnovations.idl\n'}
[3.901950] (px4_msgs) StdoutLine: {'line': b'-- Up-to-date: /home/rschnurr/SkyClaw-Team1/ros2_ws/install/px4_msgs/share/px4_msgs/msg/LandingTargetPose.idl\n'}
[3.902665] (px4_msgs) StdoutLine: {'line': b'-- Up-to-date: /home/rschnurr/SkyClaw-Team1/ros2_ws/install/px4_msgs/share/px4_msgs/msg/LateralControlConfiguration.idl\n'}
[3.903297] (px4_msgs) StdoutLine: {'line': b'-- Up-to-date: /home/rschnurr/SkyClaw-Team1/ros2_ws/install/px4_msgs/share/px4_msgs/msg/LaunchDetectionStatus.idl\n'}
[3.904148] (px4_msgs) StdoutLine: {'line': b'-- Up-to-date: /home/rschnurr/SkyClaw-Team1/ros2_ws/install/px4_msgs/share/px4_msgs/msg/LedControl.idl\n'}
[3.904655] (px4_msgs) StdoutLine: {'line': b'-- Up-to-date: /home/rschnurr/SkyClaw-Team1/ros2_ws/install/px4_msgs/share/px4_msgs/msg/LogMessage.idl\n'}
[3.905142] (px4_msgs) StdoutLine: {'line': b'-- Up-to-date: /home/rschnurr/SkyClaw-Team1/ros2_ws/install/px4_msgs/share/px4_msgs/msg/LoggerStatus.idl\n'}
[3.905761] (px4_msgs) StdoutLine: {'line': b'-- Up-to-date: /home/rschnurr/SkyClaw-Team1/ros2_ws/install/px4_msgs/share/px4_msgs/msg/LongitudinalControlConfiguration.idl\n'}
[3.906172] (px4_msgs) StdoutLine: {'line': b'-- Up-to-date: /home/rschnurr/SkyClaw-Team1/ros2_ws/install/px4_msgs/share/px4_msgs/msg/MagWorkerData.idl\n'}
[3.906432] (px4_msgs) StdoutLine: {'line': b'-- Up-to-date: /home/rschnurr/SkyClaw-Team1/ros2_ws/install/px4_msgs/share/px4_msgs/msg/MagnetometerBiasEstimate.idl\n'}
[3.906764] (px4_msgs) StdoutLine: {'line': b'-- Up-to-date: /home/rschnurr/SkyClaw-Team1/ros2_ws/install/px4_msgs/share/px4_msgs/msg/ManualControlSetpoint.idl\n'}
[3.908078] (px4_msgs) StdoutLine: {'line': b'-- Up-to-date: /home/rschnurr/SkyClaw-Team1/ros2_ws/install/px4_msgs/share/px4_msgs/msg/ManualControlSwitches.idl\n'}
[3.910064] (px4_msgs) StdoutLine: {'line': b'-- Up-to-date: /home/rschnurr/SkyClaw-Team1/ros2_ws/install/px4_msgs/share/px4_msgs/msg/MavlinkLog.idl\n'}
[3.910491] (px4_msgs) StdoutLine: {'line': b'-- Up-to-date: /home/rschnurr/SkyClaw-Team1/ros2_ws/install/px4_msgs/share/px4_msgs/msg/MavlinkTunnel.idl\n'}
[3.910981] (px4_msgs) StdoutLine: {'line': b'-- Up-to-date: /home/rschnurr/SkyClaw-Team1/ros2_ws/install/px4_msgs/share/px4_msgs/msg/MessageFormatRequest.idl\n'}
[3.911505] (px4_msgs) StdoutLine: {'line': b'-- Up-to-date: /home/rschnurr/SkyClaw-Team1/ros2_ws/install/px4_msgs/share/px4_msgs/msg/MessageFormatResponse.idl\n'}
[3.912000] (px4_msgs) StdoutLine: {'line': b'-- Up-to-date: /home/rschnurr/SkyClaw-Team1/ros2_ws/install/px4_msgs/share/px4_msgs/msg/Mission.idl\n'}
[3.912513] (px4_msgs) StdoutLine: {'line': b'-- Up-to-date: /home/rschnurr/SkyClaw-Team1/ros2_ws/install/px4_msgs/share/px4_msgs/msg/MissionResult.idl\n'}
[3.913338] (px4_msgs) StdoutLine: {'line': b'-- Up-to-date: /home/rschnurr/SkyClaw-Team1/ros2_ws/install/px4_msgs/share/px4_msgs/msg/ModeCompleted.idl\n'}
[3.913750] (px4_msgs) StdoutLine: {'line': b'-- Up-to-date: /home/rschnurr/SkyClaw-Team1/ros2_ws/install/px4_msgs/share/px4_msgs/msg/MountOrientation.idl\n'}
[3.914156] (px4_msgs) StdoutLine: {'line': b'-- Up-to-date: /home/rschnurr/SkyClaw-Team1/ros2_ws/install/px4_msgs/share/px4_msgs/msg/NavigatorMissionItem.idl\n'}
[3.914558] (px4_msgs) StdoutLine: {'line': b'-- Up-to-date: /home/rschnurr/SkyClaw-Team1/ros2_ws/install/px4_msgs/share/px4_msgs/msg/NavigatorStatus.idl\n'}
[3.914972] (px4_msgs) StdoutLine: {'line': b'-- Up-to-date: /home/rschnurr/SkyClaw-Team1/ros2_ws/install/px4_msgs/share/px4_msgs/msg/NeuralControl.idl\n'}
[3.915358] (px4_msgs) StdoutLine: {'line': b'-- Up-to-date: /home/rschnurr/SkyClaw-Team1/ros2_ws/install/px4_msgs/share/px4_msgs/msg/NormalizedUnsignedSetpoint.idl\n'}
[3.916070] (px4_msgs) StdoutLine: {'line': b'-- Up-to-date: /home/rschnurr/SkyClaw-Team1/ros2_ws/install/px4_msgs/share/px4_msgs/msg/ObstacleDistance.idl\n'}
[3.916384] (px4_msgs) StdoutLine: {'line': b'-- Up-to-date: /home/rschnurr/SkyClaw-Team1/ros2_ws/install/px4_msgs/share/px4_msgs/msg/OffboardControlMode.idl\n'}
[3.916875] (px4_msgs) StdoutLine: {'line': b'-- Up-to-date: /home/rschnurr/SkyClaw-Team1/ros2_ws/install/px4_msgs/share/px4_msgs/msg/OnboardComputerStatus.idl\n'}
[3.917441] (px4_msgs) StdoutLine: {'line': b'-- Up-to-date: /home/rschnurr/SkyClaw-Team1/ros2_ws/install/px4_msgs/share/px4_msgs/msg/OpenDroneIdArmStatus.idl\n'}
[3.917894] (px4_msgs) StdoutLine: {'line': b'-- Up-to-date: /home/rschnurr/SkyClaw-Team1/ros2_ws/install/px4_msgs/share/px4_msgs/msg/OpenDroneIdOperatorId.idl\n'}
[3.918475] (px4_msgs) StdoutLine: {'line': b'-- Up-to-date: /home/rschnurr/SkyClaw-Team1/ros2_ws/install/px4_msgs/share/px4_msgs/msg/OpenDroneIdSelfId.idl\n'}
[3.918970] (px4_msgs) StdoutLine: {'line': b'-- Up-to-date: /home/rschnurr/SkyClaw-Team1/ros2_ws/install/px4_msgs/share/px4_msgs/msg/OpenDroneIdSystem.idl\n'}
[3.920015] (px4_msgs) StdoutLine: {'line': b'-- Up-to-date: /home/rschnurr/SkyClaw-Team1/ros2_ws/install/px4_msgs/share/px4_msgs/msg/OrbTest.idl\n'}
[3.920601] (px4_msgs) StdoutLine: {'line': b'-- Up-to-date: /home/rschnurr/SkyClaw-Team1/ros2_ws/install/px4_msgs/share/px4_msgs/msg/OrbTestLarge.idl\n'}
[3.921124] (px4_msgs) StdoutLine: {'line': b'-- Up-to-date: /home/rschnurr/SkyClaw-Team1/ros2_ws/install/px4_msgs/share/px4_msgs/msg/OrbTestMedium.idl\n'}
[3.921623] (px4_msgs) StdoutLine: {'line': b'-- Up-to-date: /home/rschnurr/SkyClaw-Team1/ros2_ws/install/px4_msgs/share/px4_msgs/msg/OrbitStatus.idl\n'}
[3.922161] (px4_msgs) StdoutLine: {'line': b'-- Up-to-date: /home/rschnurr/SkyClaw-Team1/ros2_ws/install/px4_msgs/share/px4_msgs/msg/ParameterResetRequest.idl\n'}
[3.922697] (px4_msgs) StdoutLine: {'line': b'-- Up-to-date: /home/rschnurr/SkyClaw-Team1/ros2_ws/install/px4_msgs/share/px4_msgs/msg/ParameterSetUsedRequest.idl\n'}
[3.923227] (px4_msgs) StdoutLine: {'line': b'-- Up-to-date: /home/rschnurr/SkyClaw-Team1/ros2_ws/install/px4_msgs/share/px4_msgs/msg/ParameterSetValueRequest.idl\n'}
[3.927276] (px4_msgs) StdoutLine: {'line': b'-- Up-to-date: /home/rschnurr/SkyClaw-Team1/ros2_ws/install/px4_msgs/share/px4_msgs/msg/ParameterSetValueResponse.idl\n'}
[3.928013] (px4_msgs) StdoutLine: {'line': b'-- Up-to-date: /home/rschnurr/SkyClaw-Team1/ros2_ws/install/px4_msgs/share/px4_msgs/msg/ParameterUpdate.idl\n'}
[3.928707] (px4_msgs) StdoutLine: {'line': b'-- Up-to-date: /home/rschnurr/SkyClaw-Team1/ros2_ws/install/px4_msgs/share/px4_msgs/msg/Ping.idl\n'}
[3.929214] (px4_msgs) StdoutLine: {'line': b'-- Up-to-date: /home/rschnurr/SkyClaw-Team1/ros2_ws/install/px4_msgs/share/px4_msgs/msg/PositionControllerLandingStatus.idl\n'}
[3.929656] (px4_msgs) StdoutLine: {'line': b'-- Up-to-date: /home/rschnurr/SkyClaw-Team1/ros2_ws/install/px4_msgs/share/px4_msgs/msg/PositionControllerStatus.idl\n'}
[3.930060] (px4_msgs) StdoutLine: {'line': b'-- Up-to-date: /home/rschnurr/SkyClaw-Team1/ros2_ws/install/px4_msgs/share/px4_msgs/msg/PositionSetpoint.idl\n'}
[3.930459] (px4_msgs) StdoutLine: {'line': b'-- Up-to-date: /home/rschnurr/SkyClaw-Team1/ros2_ws/install/px4_msgs/share/px4_msgs/msg/PositionSetpointTriplet.idl\n'}
[3.930894] (px4_msgs) StdoutLine: {'line': b'-- Up-to-date: /home/rschnurr/SkyClaw-Team1/ros2_ws/install/px4_msgs/share/px4_msgs/msg/PowerButtonState.idl\n'}
[3.931244] (px4_msgs) StdoutLine: {'line': b'-- Up-to-date: /home/rschnurr/SkyClaw-Team1/ros2_ws/install/px4_msgs/share/px4_msgs/msg/PowerMonitor.idl\n'}
[3.931619] (px4_msgs) StdoutLine: {'line': b'-- Up-to-date: /home/rschnurr/SkyClaw-Team1/ros2_ws/install/px4_msgs/share/px4_msgs/msg/PpsCapture.idl\n'}
[3.932001] (px4_msgs) StdoutLine: {'line': b'-- Up-to-date: /home/rschnurr/SkyClaw-Team1/ros2_ws/install/px4_msgs/share/px4_msgs/msg/PurePursuitStatus.idl\n'}
[3.933561] (-) TimerEvent: {}
[3.934306] (px4_msgs) StdoutLine: {'line': b'-- Up-to-date: /home/rschnurr/SkyClaw-Team1/ros2_ws/install/px4_msgs/share/px4_msgs/msg/PwmInput.idl\n'}
[3.935202] (px4_msgs) StdoutLine: {'line': b'-- Up-to-date: /home/rschnurr/SkyClaw-Team1/ros2_ws/install/px4_msgs/share/px4_msgs/msg/Px4ioStatus.idl\n'}
[3.935691] (px4_msgs) StdoutLine: {'line': b'-- Up-to-date: /home/rschnurr/SkyClaw-Team1/ros2_ws/install/px4_msgs/share/px4_msgs/msg/QshellReq.idl\n'}
[3.936062] (px4_msgs) StdoutLine: {'line': b'-- Up-to-date: /home/rschnurr/SkyClaw-Team1/ros2_ws/install/px4_msgs/share/px4_msgs/msg/QshellRetval.idl\n'}
[3.936704] (px4_msgs) StdoutLine: {'line': b'-- Up-to-date: /home/rschnurr/SkyClaw-Team1/ros2_ws/install/px4_msgs/share/px4_msgs/msg/RadioStatus.idl\n'}
[3.937168] (px4_msgs) StdoutLine: {'line': b'-- Up-to-date: /home/rschnurr/SkyClaw-Team1/ros2_ws/install/px4_msgs/share/px4_msgs/msg/RateCtrlStatus.idl\n'}
[3.937641] (px4_msgs) StdoutLine: {'line': b'-- Up-to-date: /home/rschnurr/SkyClaw-Team1/ros2_ws/install/px4_msgs/share/px4_msgs/msg/RcChannels.idl\n'}
[3.938174] (px4_msgs) StdoutLine: {'line': b'-- Up-to-date: /home/rschnurr/SkyClaw-Team1/ros2_ws/install/px4_msgs/share/px4_msgs/msg/RcParameterMap.idl\n'}
[3.938704] (px4_msgs) StdoutLine: {'line': b'-- Up-to-date: /home/rschnurr/SkyClaw-Team1/ros2_ws/install/px4_msgs/share/px4_msgs/msg/RegisterExtComponentReply.idl\n'}
[3.939166] (px4_msgs) StdoutLine: {'line': b'-- Up-to-date: /home/rschnurr/SkyClaw-Team1/ros2_ws/install/px4_msgs/share/px4_msgs/msg/RegisterExtComponentRequest.idl\n'}
[3.939573] (px4_msgs) StdoutLine: {'line': b'-- Up-to-date: /home/rschnurr/SkyClaw-Team1/ros2_ws/install/px4_msgs/share/px4_msgs/msg/RoverAttitudeSetpoint.idl\n'}
[3.940107] (px4_msgs) StdoutLine: {'line': b'-- Up-to-date: /home/rschnurr/SkyClaw-Team1/ros2_ws/install/px4_msgs/share/px4_msgs/msg/RoverAttitudeStatus.idl\n'}
[3.940629] (px4_msgs) StdoutLine: {'line': b'-- Up-to-date: /home/rschnurr/SkyClaw-Team1/ros2_ws/install/px4_msgs/share/px4_msgs/msg/RoverPositionSetpoint.idl\n'}
[3.941032] (px4_msgs) StdoutLine: {'line': b'-- Up-to-date: /home/rschnurr/SkyClaw-Team1/ros2_ws/install/px4_msgs/share/px4_msgs/msg/RoverRateSetpoint.idl\n'}
[3.941521] (px4_msgs) StdoutLine: {'line': b'-- Up-to-date: /home/rschnurr/SkyClaw-Team1/ros2_ws/install/px4_msgs/share/px4_msgs/msg/RoverRateStatus.idl\n'}
[3.941948] (px4_msgs) StdoutLine: {'line': b'-- Up-to-date: /home/rschnurr/SkyClaw-Team1/ros2_ws/install/px4_msgs/share/px4_msgs/msg/RoverSpeedSetpoint.idl\n'}
[3.942073] (px4_msgs) StdoutLine: {'line': b'-- Up-to-date: /home/rschnurr/SkyClaw-Team1/ros2_ws/install/px4_msgs/share/px4_msgs/msg/RoverSpeedStatus.idl\n'}
[3.942247] (px4_msgs) StdoutLine: {'line': b'-- Up-to-date: /home/rschnurr/SkyClaw-Team1/ros2_ws/install/px4_msgs/share/px4_msgs/msg/RoverSteeringSetpoint.idl\n'}
[3.942613] (px4_msgs) StdoutLine: {'line': b'-- Up-to-date: /home/rschnurr/SkyClaw-Team1/ros2_ws/install/px4_msgs/share/px4_msgs/msg/RoverThrottleSetpoint.idl\n'}
[3.942937] (px4_msgs) StdoutLine: {'line': b'-- Up-to-date: /home/rschnurr/SkyClaw-Team1/ros2_ws/install/px4_msgs/share/px4_msgs/msg/Rpm.idl\n'}
[3.943336] (px4_msgs) StdoutLine: {'line': b'-- Up-to-date: /home/rschnurr/SkyClaw-Team1/ros2_ws/install/px4_msgs/share/px4_msgs/msg/RtlStatus.idl\n'}
[3.943743] (px4_msgs) StdoutLine: {'line': b'-- Up-to-date: /home/rschnurr/SkyClaw-Team1/ros2_ws/install/px4_msgs/share/px4_msgs/msg/RtlTimeEstimate.idl\n'}
[3.944160] (px4_msgs) StdoutLine: {'line': b'-- Up-to-date: /home/rschnurr/SkyClaw-Team1/ros2_ws/install/px4_msgs/share/px4_msgs/msg/SatelliteInfo.idl\n'}
[3.944953] (px4_msgs) StdoutLine: {'line': b'-- Up-to-date: /home/rschnurr/SkyClaw-Team1/ros2_ws/install/px4_msgs/share/px4_msgs/msg/SensorAccel.idl\n'}
[3.945597] (px4_msgs) StdoutLine: {'line': b'-- Up-to-date: /home/rschnurr/SkyClaw-Team1/ros2_ws/install/px4_msgs/share/px4_msgs/msg/SensorAccelFifo.idl\n'}
[3.945977] (px4_msgs) StdoutLine: {'line': b'-- Up-to-date: /home/rschnurr/SkyClaw-Team1/ros2_ws/install/px4_msgs/share/px4_msgs/msg/SensorAirflow.idl\n'}
[3.946353] (px4_msgs) StdoutLine: {'line': b'-- Up-to-date: /home/rschnurr/SkyClaw-Team1/ros2_ws/install/px4_msgs/share/px4_msgs/msg/SensorBaro.idl\n'}
[3.946685] (px4_msgs) StdoutLine: {'line': b'-- Up-to-date: /home/rschnurr/SkyClaw-Team1/ros2_ws/install/px4_msgs/share/px4_msgs/msg/SensorCombined.idl\n'}
[3.947220] (px4_msgs) StdoutLine: {'line': b'-- Up-to-date: /home/rschnurr/SkyClaw-Team1/ros2_ws/install/px4_msgs/share/px4_msgs/msg/SensorCorrection.idl\n'}
[3.948328] (px4_msgs) StdoutLine: {'line': b'-- Up-to-date: /home/rschnurr/SkyClaw-Team1/ros2_ws/install/px4_msgs/share/px4_msgs/msg/SensorGnssRelative.idl\n'}
[3.949119] (px4_msgs) StdoutLine: {'line': b'-- Up-to-date: /home/rschnurr/SkyClaw-Team1/ros2_ws/install/px4_msgs/share/px4_msgs/msg/SensorGnssStatus.idl\n'}
[3.949514] (px4_msgs) StdoutLine: {'line': b'-- Up-to-date: /home/rschnurr/SkyClaw-Team1/ros2_ws/install/px4_msgs/share/px4_msgs/msg/SensorGps.idl\n'}
[3.949782] (px4_msgs) StdoutLine: {'line': b'-- Up-to-date: /home/rschnurr/SkyClaw-Team1/ros2_ws/install/px4_msgs/share/px4_msgs/msg/SensorGyro.idl\n'}
[3.950348] (px4_msgs) StdoutLine: {'line': b'-- Up-to-date: /home/rschnurr/SkyClaw-Team1/ros2_ws/install/px4_msgs/share/px4_msgs/msg/SensorGyroFft.idl\n'}
[3.950681] (px4_msgs) StdoutLine: {'line': b'-- Up-to-date: /home/rschnurr/SkyClaw-Team1/ros2_ws/install/px4_msgs/share/px4_msgs/msg/SensorGyroFifo.idl\n'}
[3.950967] (px4_msgs) StdoutLine: {'line': b'-- Up-to-date: /home/rschnurr/SkyClaw-Team1/ros2_ws/install/px4_msgs/share/px4_msgs/msg/SensorHygrometer.idl\n'}
[3.951935] (px4_msgs) StdoutLine: {'line': b'-- Up-to-date: /home/rschnurr/SkyClaw-Team1/ros2_ws/install/px4_msgs/share/px4_msgs/msg/SensorMag.idl\n'}
[3.952370] (px4_msgs) StdoutLine: {'line': b'-- Up-to-date: /home/rschnurr/SkyClaw-Team1/ros2_ws/install/px4_msgs/share/px4_msgs/msg/SensorOpticalFlow.idl\n'}
[3.953155] (px4_msgs) StdoutLine: {'line': b'-- Up-to-date: /home/rschnurr/SkyClaw-Team1/ros2_ws/install/px4_msgs/share/px4_msgs/msg/SensorPreflightMag.idl\n'}
[3.953493] (px4_msgs) StdoutLine: {'line': b'-- Up-to-date: /home/rschnurr/SkyClaw-Team1/ros2_ws/install/px4_msgs/share/px4_msgs/msg/SensorSelection.idl\n'}
[3.953823] (px4_msgs) StdoutLine: {'line': b'-- Up-to-date: /home/rschnurr/SkyClaw-Team1/ros2_ws/install/px4_msgs/share/px4_msgs/msg/SensorUwb.idl\n'}
[3.954338] (px4_msgs) StdoutLine: {'line': b'-- Up-to-date: /home/rschnurr/SkyClaw-Team1/ros2_ws/install/px4_msgs/share/px4_msgs/msg/SensorsStatus.idl\n'}
[3.954670] (px4_msgs) StdoutLine: {'line': b'-- Up-to-date: /home/rschnurr/SkyClaw-Team1/ros2_ws/install/px4_msgs/share/px4_msgs/msg/SensorsStatusImu.idl\n'}
[3.955014] (px4_msgs) StdoutLine: {'line': b'-- Up-to-date: /home/rschnurr/SkyClaw-Team1/ros2_ws/install/px4_msgs/share/px4_msgs/msg/SystemPower.idl\n'}
[3.957971] (px4_msgs) StdoutLine: {'line': b'-- Up-to-date: /home/rschnurr/SkyClaw-Team1/ros2_ws/install/px4_msgs/share/px4_msgs/msg/TakeoffStatus.idl\n'}
[3.959609] (px4_msgs) StdoutLine: {'line': b'-- Up-to-date: /home/rschnurr/SkyClaw-Team1/ros2_ws/install/px4_msgs/share/px4_msgs/msg/TaskStackInfo.idl\n'}
[3.960236] (px4_msgs) StdoutLine: {'line': b'-- Up-to-date: /home/rschnurr/SkyClaw-Team1/ros2_ws/install/px4_msgs/share/px4_msgs/msg/TecsStatus.idl\n'}
[3.960793] (px4_msgs) StdoutLine: {'line': b'-- Up-to-date: /home/rschnurr/SkyClaw-Team1/ros2_ws/install/px4_msgs/share/px4_msgs/msg/TelemetryStatus.idl\n'}
[3.961497] (px4_msgs) StdoutLine: {'line': b'-- Up-to-date: /home/rschnurr/SkyClaw-Team1/ros2_ws/install/px4_msgs/share/px4_msgs/msg/TiltrotorExtraControls.idl\n'}
[3.961886] (px4_msgs) StdoutLine: {'line': b'-- Up-to-date: /home/rschnurr/SkyClaw-Team1/ros2_ws/install/px4_msgs/share/px4_msgs/msg/TimesyncStatus.idl\n'}
[3.962579] (px4_msgs) StdoutLine: {'line': b'-- Up-to-date: /home/rschnurr/SkyClaw-Team1/ros2_ws/install/px4_msgs/share/px4_msgs/msg/TrajectorySetpoint.idl\n'}
[3.963208] (px4_msgs) StdoutLine: {'line': b'-- Up-to-date: /home/rschnurr/SkyClaw-Team1/ros2_ws/install/px4_msgs/share/px4_msgs/msg/TrajectorySetpoint6dof.idl\n'}
[3.963643] (px4_msgs) StdoutLine: {'line': b'-- Up-to-date: /home/rschnurr/SkyClaw-Team1/ros2_ws/install/px4_msgs/share/px4_msgs/msg/TransponderReport.idl\n'}
[3.964406] (px4_msgs) StdoutLine: {'line': b'-- Up-to-date: /home/rschnurr/SkyClaw-Team1/ros2_ws/install/px4_msgs/share/px4_msgs/msg/TuneControl.idl\n'}
[3.965380] (px4_msgs) StdoutLine: {'line': b'-- Up-to-date: /home/rschnurr/SkyClaw-Team1/ros2_ws/install/px4_msgs/share/px4_msgs/msg/UavcanParameterRequest.idl\n'}
[3.965713] (px4_msgs) StdoutLine: {'line': b'-- Up-to-date: /home/rschnurr/SkyClaw-Team1/ros2_ws/install/px4_msgs/share/px4_msgs/msg/UavcanParameterValue.idl\n'}
[3.966267] (px4_msgs) StdoutLine: {'line': b'-- Up-to-date: /home/rschnurr/SkyClaw-Team1/ros2_ws/install/px4_msgs/share/px4_msgs/msg/UlogStream.idl\n'}
[3.966810] (px4_msgs) StdoutLine: {'line': b'-- Up-to-date: /home/rschnurr/SkyClaw-Team1/ros2_ws/install/px4_msgs/share/px4_msgs/msg/UlogStreamAck.idl\n'}
[3.967306] (px4_msgs) StdoutLine: {'line': b'-- Up-to-date: /home/rschnurr/SkyClaw-Team1/ros2_ws/install/px4_msgs/share/px4_msgs/msg/UnregisterExtComponent.idl\n'}
[3.968389] (px4_msgs) StdoutLine: {'line': b'-- Up-to-date: /home/rschnurr/SkyClaw-Team1/ros2_ws/install/px4_msgs/share/px4_msgs/msg/VehicleAcceleration.idl\n'}
[3.969788] (px4_msgs) StdoutLine: {'line': b'-- Up-to-date: /home/rschnurr/SkyClaw-Team1/ros2_ws/install/px4_msgs/share/px4_msgs/msg/VehicleAirData.idl\n'}
[3.970406] (px4_msgs) StdoutLine: {'line': b'-- Up-to-date: /home/rschnurr/SkyClaw-Team1/ros2_ws/install/px4_msgs/share/px4_msgs/msg/VehicleAngularAccelerationSetpoint.idl\n'}
[3.970890] (px4_msgs) StdoutLine: {'line': b'-- Up-to-date: /home/rschnurr/SkyClaw-Team1/ros2_ws/install/px4_msgs/share/px4_msgs/msg/VehicleAngularVelocity.idl\n'}
[3.971467] (px4_msgs) StdoutLine: {'line': b'-- Up-to-date: /home/rschnurr/SkyClaw-Team1/ros2_ws/install/px4_msgs/share/px4_msgs/msg/VehicleAttitude.idl\n'}
[3.972146] (px4_msgs) StdoutLine: {'line': b'-- Up-to-date: /home/rschnurr/SkyClaw-Team1/ros2_ws/install/px4_msgs/share/px4_msgs/msg/VehicleAttitudeSetpoint.idl\n'}
[3.972774] (px4_msgs) StdoutLine: {'line': b'-- Up-to-date: /home/rschnurr/SkyClaw-Team1/ros2_ws/install/px4_msgs/share/px4_msgs/msg/VehicleCommand.idl\n'}
[3.973282] (px4_msgs) StdoutLine: {'line': b'-- Up-to-date: /home/rschnurr/SkyClaw-Team1/ros2_ws/install/px4_msgs/share/px4_msgs/msg/VehicleCommandAck.idl\n'}
[3.973774] (px4_msgs) StdoutLine: {'line': b'-- Up-to-date: /home/rschnurr/SkyClaw-Team1/ros2_ws/install/px4_msgs/share/px4_msgs/msg/VehicleConstraints.idl\n'}
[3.974305] (px4_msgs) StdoutLine: {'line': b'-- Up-to-date: /home/rschnurr/SkyClaw-Team1/ros2_ws/install/px4_msgs/share/px4_msgs/msg/VehicleControlMode.idl\n'}
[3.975167] (px4_msgs) StdoutLine: {'line': b'-- Up-to-date: /home/rschnurr/SkyClaw-Team1/ros2_ws/install/px4_msgs/share/px4_msgs/msg/VehicleGlobalPosition.idl\n'}
[3.976719] (px4_msgs) StdoutLine: {'line': b'-- Up-to-date: /home/rschnurr/SkyClaw-Team1/ros2_ws/install/px4_msgs/share/px4_msgs/msg/VehicleImu.idl\n'}
[3.977052] (px4_msgs) StdoutLine: {'line': b'-- Up-to-date: /home/rschnurr/SkyClaw-Team1/ros2_ws/install/px4_msgs/share/px4_msgs/msg/VehicleImuStatus.idl\n'}
[3.977562] (px4_msgs) StdoutLine: {'line': b'-- Up-to-date: /home/rschnurr/SkyClaw-Team1/ros2_ws/install/px4_msgs/share/px4_msgs/msg/VehicleLandDetected.idl\n'}
[3.978003] (px4_msgs) StdoutLine: {'line': b'-- Up-to-date: /home/rschnurr/SkyClaw-Team1/ros2_ws/install/px4_msgs/share/px4_msgs/msg/VehicleLocalPosition.idl\n'}
[3.978868] (px4_msgs) StdoutLine: {'line': b'-- Up-to-date: /home/rschnurr/SkyClaw-Team1/ros2_ws/install/px4_msgs/share/px4_msgs/msg/VehicleLocalPositionSetpoint.idl\n'}
[3.979440] (px4_msgs) StdoutLine: {'line': b'-- Up-to-date: /home/rschnurr/SkyClaw-Team1/ros2_ws/install/px4_msgs/share/px4_msgs/msg/VehicleMagnetometer.idl\n'}
[3.980183] (px4_msgs) StdoutLine: {'line': b'-- Up-to-date: /home/rschnurr/SkyClaw-Team1/ros2_ws/install/px4_msgs/share/px4_msgs/msg/VehicleOdometry.idl\n'}
[3.980683] (px4_msgs) StdoutLine: {'line': b'-- Up-to-date: /home/rschnurr/SkyClaw-Team1/ros2_ws/install/px4_msgs/share/px4_msgs/msg/VehicleOpticalFlow.idl\n'}
[3.981182] (px4_msgs) StdoutLine: {'line': b'-- Up-to-date: /home/rschnurr/SkyClaw-Team1/ros2_ws/install/px4_msgs/share/px4_msgs/msg/VehicleOpticalFlowVel.idl\n'}
[3.981608] (px4_msgs) StdoutLine: {'line': b'-- Up-to-date: /home/rschnurr/SkyClaw-Team1/ros2_ws/install/px4_msgs/share/px4_msgs/msg/VehicleRatesSetpoint.idl\n'}
[3.982114] (px4_msgs) StdoutLine: {'line': b'-- Up-to-date: /home/rschnurr/SkyClaw-Team1/ros2_ws/install/px4_msgs/share/px4_msgs/msg/VehicleRoi.idl\n'}
[3.982458] (px4_msgs) StdoutLine: {'line': b'-- Up-to-date: /home/rschnurr/SkyClaw-Team1/ros2_ws/install/px4_msgs/share/px4_msgs/msg/VehicleStatus.idl\n'}
[3.982894] (px4_msgs) StdoutLine: {'line': b'-- Up-to-date: /home/rschnurr/SkyClaw-Team1/ros2_ws/install/px4_msgs/share/px4_msgs/msg/VehicleThrustSetpoint.idl\n'}
[3.983245] (px4_msgs) StdoutLine: {'line': b'-- Up-to-date: /home/rschnurr/SkyClaw-Team1/ros2_ws/install/px4_msgs/share/px4_msgs/msg/VehicleTorqueSetpoint.idl\n'}
[3.983814] (px4_msgs) StdoutLine: {'line': b'-- Up-to-date: /home/rschnurr/SkyClaw-Team1/ros2_ws/install/px4_msgs/share/px4_msgs/msg/VelocityLimits.idl\n'}
[3.984292] (px4_msgs) StdoutLine: {'line': b'-- Up-to-date: /home/rschnurr/SkyClaw-Team1/ros2_ws/install/px4_msgs/share/px4_msgs/msg/VtolVehicleStatus.idl\n'}
[3.984732] (px4_msgs) StdoutLine: {'line': b'-- Up-to-date: /home/rschnurr/SkyClaw-Team1/ros2_ws/install/px4_msgs/share/px4_msgs/msg/WheelEncoders.idl\n'}
[3.985197] (px4_msgs) StdoutLine: {'line': b'-- Up-to-date: /home/rschnurr/SkyClaw-Team1/ros2_ws/install/px4_msgs/share/px4_msgs/msg/Wind.idl\n'}
[3.985532] (px4_msgs) StdoutLine: {'line': b'-- Up-to-date: /home/rschnurr/SkyClaw-Team1/ros2_ws/install/px4_msgs/share/px4_msgs/msg/YawEstimatorStatus.idl\n'}
[3.986366] (px4_msgs) StdoutLine: {'line': b'-- Up-to-date: /home/rschnurr/SkyClaw-Team1/ros2_ws/install/px4_msgs/share/px4_msgs/srv/VehicleCommand.idl\n'}
[3.986707] (px4_msgs) StdoutLine: {'line': b'-- Up-to-date: /home/rschnurr/SkyClaw-Team1/ros2_ws/install/px4_msgs/share/px4_msgs/msg/ActionRequest.msg\n'}
[3.987147] (px4_msgs) StdoutLine: {'line': b'-- Up-to-date: /home/rschnurr/SkyClaw-Team1/ros2_ws/install/px4_msgs/share/px4_msgs/msg/ActuatorArmed.msg\n'}
[3.987728] (px4_msgs) StdoutLine: {'line': b'-- Up-to-date: /home/rschnurr/SkyClaw-Team1/ros2_ws/install/px4_msgs/share/px4_msgs/msg/ActuatorControlsStatus.msg\n'}
[3.989046] (px4_msgs) StdoutLine: {'line': b'-- Up-to-date: /home/rschnurr/SkyClaw-Team1/ros2_ws/install/px4_msgs/share/px4_msgs/msg/ActuatorMotors.msg\n'}
[3.989774] (px4_msgs) StdoutLine: {'line': b'-- Up-to-date: /home/rschnurr/SkyClaw-Team1/ros2_ws/install/px4_msgs/share/px4_msgs/msg/ActuatorOutputs.msg\n'}
[3.990533] (px4_msgs) StdoutLine: {'line': b'-- Up-to-date: /home/rschnurr/SkyClaw-Team1/ros2_ws/install/px4_msgs/share/px4_msgs/msg/ActuatorServos.msg\n'}
[3.991072] (px4_msgs) StdoutLine: {'line': b'-- Up-to-date: /home/rschnurr/SkyClaw-Team1/ros2_ws/install/px4_msgs/share/px4_msgs/msg/ActuatorServosTrim.msg\n'}
[3.991355] (px4_msgs) StdoutLine: {'line': b'-- Up-to-date: /home/rschnurr/SkyClaw-Team1/ros2_ws/install/px4_msgs/share/px4_msgs/msg/ActuatorTest.msg\n'}
[3.991872] (px4_msgs) StdoutLine: {'line': b'-- Up-to-date: /home/rschnurr/SkyClaw-Team1/ros2_ws/install/px4_msgs/share/px4_msgs/msg/AdcReport.msg\n'}
[3.992425] (px4_msgs) StdoutLine: {'line': b'-- Up-to-date: /home/rschnurr/SkyClaw-Team1/ros2_ws/install/px4_msgs/share/px4_msgs/msg/Airspeed.msg\n'}
[3.993087] (px4_msgs) StdoutLine: {'line': b'-- Up-to-date: /home/rschnurr/SkyClaw-Team1/ros2_ws/install/px4_msgs/share/px4_msgs/msg/AirspeedValidated.msg\n'}
[3.993607] (px4_msgs) StdoutLine: {'line': b'-- Up-to-date: /home/rschnurr/SkyClaw-Team1/ros2_ws/install/px4_msgs/share/px4_msgs/msg/AirspeedWind.msg\n'}
[3.994139] (px4_msgs) StdoutLine: {'line': b'-- Up-to-date: /home/rschnurr/SkyClaw-Team1/ros2_ws/install/px4_msgs/share/px4_msgs/msg/ArmingCheckReply.msg\n'}
[3.994699] (px4_msgs) StdoutLine: {'line': b'-- Up-to-date: /home/rschnurr/SkyClaw-Team1/ros2_ws/install/px4_msgs/share/px4_msgs/msg/ArmingCheckRequest.msg\n'}
[3.995315] (px4_msgs) StdoutLine: {'line': b'-- Up-to-date: /home/rschnurr/SkyClaw-Team1/ros2_ws/install/px4_msgs/share/px4_msgs/msg/AutotuneAttitudeControlStatus.msg\n'}
[3.995883] (px4_msgs) StdoutLine: {'line': b'-- Up-to-date: /home/rschnurr/SkyClaw-Team1/ros2_ws/install/px4_msgs/share/px4_msgs/msg/BatteryInfo.msg\n'}
[3.996275] (px4_msgs) StdoutLine: {'line': b'-- Up-to-date: /home/rschnurr/SkyClaw-Team1/ros2_ws/install/px4_msgs/share/px4_msgs/msg/BatteryStatus.msg\n'}
[3.996727] (px4_msgs) StdoutLine: {'line': b'-- Up-to-date: /home/rschnurr/SkyClaw-Team1/ros2_ws/install/px4_msgs/share/px4_msgs/msg/ButtonEvent.msg\n'}
[3.997188] (px4_msgs) StdoutLine: {'line': b'-- Up-to-date: /home/rschnurr/SkyClaw-Team1/ros2_ws/install/px4_msgs/share/px4_msgs/msg/CameraCapture.msg\n'}
[3.997817] (px4_msgs) StdoutLine: {'line': b'-- Up-to-date: /home/rschnurr/SkyClaw-Team1/ros2_ws/install/px4_msgs/share/px4_msgs/msg/CameraStatus.msg\n'}
[3.998241] (px4_msgs) StdoutLine: {'line': b'-- Up-to-date: /home/rschnurr/SkyClaw-Team1/ros2_ws/install/px4_msgs/share/px4_msgs/msg/CameraTrigger.msg\n'}
[3.998745] (px4_msgs) StdoutLine: {'line': b'-- Up-to-date: /home/rschnurr/SkyClaw-Team1/ros2_ws/install/px4_msgs/share/px4_msgs/msg/CanInterfaceStatus.msg\n'}
[3.999179] (px4_msgs) StdoutLine: {'line': b'-- Up-to-date: /home/rschnurr/SkyClaw-Team1/ros2_ws/install/px4_msgs/share/px4_msgs/msg/CellularStatus.msg\n'}
[3.999546] (px4_msgs) StdoutLine: {'line': b'-- Up-to-date: /home/rschnurr/SkyClaw-Team1/ros2_ws/install/px4_msgs/share/px4_msgs/msg/CollisionConstraints.msg\n'}
[3.999865] (px4_msgs) StdoutLine: {'line': b'-- Up-to-date: /home/rschnurr/SkyClaw-Team1/ros2_ws/install/px4_msgs/share/px4_msgs/msg/ConfigOverrides.msg\n'}
[4.000446] (px4_msgs) StdoutLine: {'line': b'-- Up-to-date: /home/rschnurr/SkyClaw-Team1/ros2_ws/install/px4_msgs/share/px4_msgs/msg/ControlAllocatorStatus.msg\n'}
[4.000698] (px4_msgs) StdoutLine: {'line': b'-- Up-to-date: /home/rschnurr/SkyClaw-Team1/ros2_ws/install/px4_msgs/share/px4_msgs/msg/Cpuload.msg\n'}
[4.001028] (px4_msgs) StdoutLine: {'line': b'-- Up-to-date: /home/rschnurr/SkyClaw-Team1/ros2_ws/install/px4_msgs/share/px4_msgs/msg/DatamanRequest.msg\n'}
[4.001367] (px4_msgs) StdoutLine: {'line': b'-- Up-to-date: /home/rschnurr/SkyClaw-Team1/ros2_ws/install/px4_msgs/share/px4_msgs/msg/DatamanResponse.msg\n'}
[4.001632] (px4_msgs) StdoutLine: {'line': b'-- Up-to-date: /home/rschnurr/SkyClaw-Team1/ros2_ws/install/px4_msgs/share/px4_msgs/msg/DebugArray.msg\n'}
[4.001962] (px4_msgs) StdoutLine: {'line': b'-- Up-to-date: /home/rschnurr/SkyClaw-Team1/ros2_ws/install/px4_msgs/share/px4_msgs/msg/DebugKeyValue.msg\n'}
[4.002358] (px4_msgs) StdoutLine: {'line': b'-- Up-to-date: /home/rschnurr/SkyClaw-Team1/ros2_ws/install/px4_msgs/share/px4_msgs/msg/DebugValue.msg\n'}
[4.002679] (px4_msgs) StdoutLine: {'line': b'-- Up-to-date: /home/rschnurr/SkyClaw-Team1/ros2_ws/install/px4_msgs/share/px4_msgs/msg/DebugVect.msg\n'}
[4.003010] (px4_msgs) StdoutLine: {'line': b'-- Up-to-date: /home/rschnurr/SkyClaw-Team1/ros2_ws/install/px4_msgs/share/px4_msgs/msg/DifferentialPressure.msg\n'}
[4.003423] (px4_msgs) StdoutLine: {'line': b'-- Up-to-date: /home/rschnurr/SkyClaw-Team1/ros2_ws/install/px4_msgs/share/px4_msgs/msg/DistanceSensor.msg\n'}
[4.003779] (px4_msgs) StdoutLine: {'line': b'-- Up-to-date: /home/rschnurr/SkyClaw-Team1/ros2_ws/install/px4_msgs/share/px4_msgs/msg/DistanceSensorModeChangeRequest.msg\n'}
[4.004118] (px4_msgs) StdoutLine: {'line': b'-- Up-to-date: /home/rschnurr/SkyClaw-Team1/ros2_ws/install/px4_msgs/share/px4_msgs/msg/DronecanNodeStatus.msg\n'}
[4.004569] (px4_msgs) StdoutLine: {'line': b'-- Up-to-date: /home/rschnurr/SkyClaw-Team1/ros2_ws/install/px4_msgs/share/px4_msgs/msg/Ekf2Timestamps.msg\n'}
[4.005152] (px4_msgs) StdoutLine: {'line': b'-- Up-to-date: /home/rschnurr/SkyClaw-Team1/ros2_ws/install/px4_msgs/share/px4_msgs/msg/EscReport.msg\n'}
[4.005547] (px4_msgs) StdoutLine: {'line': b'-- Up-to-date: /home/rschnurr/SkyClaw-Team1/ros2_ws/install/px4_msgs/share/px4_msgs/msg/EscStatus.msg\n'}
[4.005839] (px4_msgs) StdoutLine: {'line': b'-- Up-to-date: /home/rschnurr/SkyClaw-Team1/ros2_ws/install/px4_msgs/share/px4_msgs/msg/EstimatorAidSource1d.msg\n'}
[4.006114] (px4_msgs) StdoutLine: {'line': b'-- Up-to-date: /home/rschnurr/SkyClaw-Team1/ros2_ws/install/px4_msgs/share/px4_msgs/msg/EstimatorAidSource2d.msg\n'}
[4.006513] (px4_msgs) StdoutLine: {'line': b'-- Up-to-date: /home/rschnurr/SkyClaw-Team1/ros2_ws/install/px4_msgs/share/px4_msgs/msg/EstimatorAidSource3d.msg\n'}
[4.006838] (px4_msgs) StdoutLine: {'line': b'-- Up-to-date: /home/rschnurr/SkyClaw-Team1/ros2_ws/install/px4_msgs/share/px4_msgs/msg/EstimatorBias.msg\n'}
[4.007648] (px4_msgs) StdoutLine: {'line': b'-- Up-to-date: /home/rschnurr/SkyClaw-Team1/ros2_ws/install/px4_msgs/share/px4_msgs/msg/EstimatorBias3d.msg\n'}
[4.008116] (px4_msgs) StdoutLine: {'line': b'-- Up-to-date: /home/rschnurr/SkyClaw-Team1/ros2_ws/install/px4_msgs/share/px4_msgs/msg/EstimatorEventFlags.msg\n'}
[4.008788] (px4_msgs) StdoutLine: {'line': b'-- Up-to-date: /home/rschnurr/SkyClaw-Team1/ros2_ws/install/px4_msgs/share/px4_msgs/msg/EstimatorGpsStatus.msg\n'}
[4.009624] (px4_msgs) StdoutLine: {'line': b'-- Up-to-date: /home/rschnurr/SkyClaw-Team1/ros2_ws/install/px4_msgs/share/px4_msgs/msg/EstimatorInnovations.msg\n'}
[4.010042] (px4_msgs) StdoutLine: {'line': b'-- Up-to-date: /home/rschnurr/SkyClaw-Team1/ros2_ws/install/px4_msgs/share/px4_msgs/msg/EstimatorSelectorStatus.msg\n'}
[4.010376] (px4_msgs) StdoutLine: {'line': b'-- Up-to-date: /home/rschnurr/SkyClaw-Team1/ros2_ws/install/px4_msgs/share/px4_msgs/msg/EstimatorSensorBias.msg\n'}
[4.010473] (px4_msgs) StdoutLine: {'line': b'-- Up-to-date: /home/rschnurr/SkyClaw-Team1/ros2_ws/install/px4_msgs/share/px4_msgs/msg/EstimatorStates.msg\n'}
[4.010903] (px4_msgs) StdoutLine: {'line': b'-- Up-to-date: /home/rschnurr/SkyClaw-Team1/ros2_ws/install/px4_msgs/share/px4_msgs/msg/EstimatorStatus.msg\n'}
[4.011613] (px4_msgs) StdoutLine: {'line': b'-- Up-to-date: /home/rschnurr/SkyClaw-Team1/ros2_ws/install/px4_msgs/share/px4_msgs/msg/EstimatorStatusFlags.msg\n'}
[4.013191] (px4_msgs) StdoutLine: {'line': b'-- Up-to-date: /home/rschnurr/SkyClaw-Team1/ros2_ws/install/px4_msgs/share/px4_msgs/msg/Event.msg\n'}
[4.014155] (px4_msgs) StdoutLine: {'line': b'-- Up-to-date: /home/rschnurr/SkyClaw-Team1/ros2_ws/install/px4_msgs/share/px4_msgs/msg/FailsafeFlags.msg\n'}
[4.014562] (px4_msgs) StdoutLine: {'line': b'-- Up-to-date: /home/rschnurr/SkyClaw-Team1/ros2_ws/install/px4_msgs/share/px4_msgs/msg/FailureDetectorStatus.msg\n'}
[4.017404] (px4_msgs) StdoutLine: {'line': b'-- Up-to-date: /home/rschnurr/SkyClaw-Team1/ros2_ws/install/px4_msgs/share/px4_msgs/msg/FigureEightStatus.msg\n'}
[4.017831] (px4_msgs) StdoutLine: {'line': b'-- Up-to-date: /home/rschnurr/SkyClaw-Team1/ros2_ws/install/px4_msgs/share/px4_msgs/msg/FixedWingLateralGuidanceStatus.msg\n'}
[4.018412] (px4_msgs) StdoutLine: {'line': b'-- Up-to-date: /home/rschnurr/SkyClaw-Team1/ros2_ws/install/px4_msgs/share/px4_msgs/msg/FixedWingLateralSetpoint.msg\n'}
[4.018926] (px4_msgs) StdoutLine: {'line': b'-- Up-to-date: /home/rschnurr/SkyClaw-Team1/ros2_ws/install/px4_msgs/share/px4_msgs/msg/FixedWingLateralStatus.msg\n'}
[4.019636] (px4_msgs) StdoutLine: {'line': b'-- Up-to-date: /home/rschnurr/SkyClaw-Team1/ros2_ws/install/px4_msgs/share/px4_msgs/msg/FixedWingLongitudinalSetpoint.msg\n'}
[4.020191] (px4_msgs) StdoutLine: {'line': b'-- Up-to-date: /home/rschnurr/SkyClaw-Team1/ros2_ws/install/px4_msgs/share/px4_msgs/msg/FixedWingRunwayControl.msg\n'}
[4.020671] (px4_msgs) StdoutLine: {'line': b'-- Up-to-date: /home/rschnurr/SkyClaw-Team1/ros2_ws/install/px4_msgs/share/px4_msgs/msg/FlightPhaseEstimation.msg\n'}
[4.020855] (px4_msgs) StdoutLine: {'line': b'-- Up-to-date: /home/rschnurr/SkyClaw-Team1/ros2_ws/install/px4_msgs/share/px4_msgs/msg/FollowTarget.msg\n'}
[4.021290] (px4_msgs) StdoutLine: {'line': b'-- Up-to-date: /home/rschnurr/SkyClaw-Team1/ros2_ws/install/px4_msgs/share/px4_msgs/msg/FollowTargetEstimator.msg\n'}
[4.021519] (px4_msgs) StdoutLine: {'line': b'-- Up-to-date: /home/rschnurr/SkyClaw-Team1/ros2_ws/install/px4_msgs/share/px4_msgs/msg/FollowTargetStatus.msg\n'}
[4.022084] (px4_msgs) StdoutLine: {'line': b'-- Up-to-date: /home/rschnurr/SkyClaw-Team1/ros2_ws/install/px4_msgs/share/px4_msgs/msg/FuelTankStatus.msg\n'}
[4.022401] (px4_msgs) StdoutLine: {'line': b'-- Up-to-date: /home/rschnurr/SkyClaw-Team1/ros2_ws/install/px4_msgs/share/px4_msgs/msg/GeneratorStatus.msg\n'}
[4.022758] (px4_msgs) StdoutLine: {'line': b'-- Up-to-date: /home/rschnurr/SkyClaw-Team1/ros2_ws/install/px4_msgs/share/px4_msgs/msg/GeofenceResult.msg\n'}
[4.023161] (px4_msgs) StdoutLine: {'line': b'-- Up-to-date: /home/rschnurr/SkyClaw-Team1/ros2_ws/install/px4_msgs/share/px4_msgs/msg/GeofenceStatus.msg\n'}
[4.023689] (px4_msgs) StdoutLine: {'line': b'-- Up-to-date: /home/rschnurr/SkyClaw-Team1/ros2_ws/install/px4_msgs/share/px4_msgs/msg/GimbalControls.msg\n'}
[4.024131] (px4_msgs) StdoutLine: {'line': b'-- Up-to-date: /home/rschnurr/SkyClaw-Team1/ros2_ws/install/px4_msgs/share/px4_msgs/msg/GimbalDeviceAttitudeStatus.msg\n'}
[4.024594] (px4_msgs) StdoutLine: {'line': b'-- Up-to-date: /home/rschnurr/SkyClaw-Team1/ros2_ws/install/px4_msgs/share/px4_msgs/msg/GimbalDeviceInformation.msg\n'}
[4.025045] (px4_msgs) StdoutLine: {'line': b'-- Up-to-date: /home/rschnurr/SkyClaw-Team1/ros2_ws/install/px4_msgs/share/px4_msgs/msg/GimbalDeviceSetAttitude.msg\n'}
[4.025336] (px4_msgs) StdoutLine: {'line': b'-- Up-to-date: /home/rschnurr/SkyClaw-Team1/ros2_ws/install/px4_msgs/share/px4_msgs/msg/GimbalManagerInformation.msg\n'}
[4.025832] (px4_msgs) StdoutLine: {'line': b'-- Up-to-date: /home/rschnurr/SkyClaw-Team1/ros2_ws/install/px4_msgs/share/px4_msgs/msg/GimbalManagerSetAttitude.msg\n'}
[4.026152] (px4_msgs) StdoutLine: {'line': b'-- Up-to-date: /home/rschnurr/SkyClaw-Team1/ros2_ws/install/px4_msgs/share/px4_msgs/msg/GimbalManagerSetManualControl.msg\n'}
[4.027179] (px4_msgs) StdoutLine: {'line': b'-- Up-to-date: /home/rschnurr/SkyClaw-Team1/ros2_ws/install/px4_msgs/share/px4_msgs/msg/GimbalManagerStatus.msg\n'}
[4.027289] (px4_msgs) StdoutLine: {'line': b'-- Up-to-date: /home/rschnurr/SkyClaw-Team1/ros2_ws/install/px4_msgs/share/px4_msgs/msg/GotoSetpoint.msg\n'}
[4.027662] (px4_msgs) StdoutLine: {'line': b'-- Up-to-date: /home/rschnurr/SkyClaw-Team1/ros2_ws/install/px4_msgs/share/px4_msgs/msg/GpioConfig.msg\n'}
[4.028508] (px4_msgs) StdoutLine: {'line': b'-- Up-to-date: /home/rschnurr/SkyClaw-Team1/ros2_ws/install/px4_msgs/share/px4_msgs/msg/GpioIn.msg\n'}
[4.029194] (px4_msgs) StdoutLine: {'line': b'-- Up-to-date: /home/rschnurr/SkyClaw-Team1/ros2_ws/install/px4_msgs/share/px4_msgs/msg/GpioOut.msg\n'}
[4.029614] (px4_msgs) StdoutLine: {'line': b'-- Up-to-date: /home/rschnurr/SkyClaw-Team1/ros2_ws/install/px4_msgs/share/px4_msgs/msg/GpioRequest.msg\n'}
[4.030022] (px4_msgs) StdoutLine: {'line': b'-- Up-to-date: /home/rschnurr/SkyClaw-Team1/ros2_ws/install/px4_msgs/share/px4_msgs/msg/GpsDump.msg\n'}
[4.030418] (px4_msgs) StdoutLine: {'line': b'-- Up-to-date: /home/rschnurr/SkyClaw-Team1/ros2_ws/install/px4_msgs/share/px4_msgs/msg/GpsInjectData.msg\n'}
[4.031421] (px4_msgs) StdoutLine: {'line': b'-- Up-to-date: /home/rschnurr/SkyClaw-Team1/ros2_ws/install/px4_msgs/share/px4_msgs/msg/Gripper.msg\n'}
[4.032036] (px4_msgs) StdoutLine: {'line': b'-- Up-to-date: /home/rschnurr/SkyClaw-Team1/ros2_ws/install/px4_msgs/share/px4_msgs/msg/HealthReport.msg\n'}
[4.032542] (px4_msgs) StdoutLine: {'line': b'-- Up-to-date: /home/rschnurr/SkyClaw-Team1/ros2_ws/install/px4_msgs/share/px4_msgs/msg/HeaterStatus.msg\n'}
[4.034297] (-) TimerEvent: {}
[4.034851] (px4_msgs) StdoutLine: {'line': b'-- Up-to-date: /home/rschnurr/SkyClaw-Team1/ros2_ws/install/px4_msgs/share/px4_msgs/msg/HomePosition.msg\n'}
[4.036010] (px4_msgs) StdoutLine: {'line': b'-- Up-to-date: /home/rschnurr/SkyClaw-Team1/ros2_ws/install/px4_msgs/share/px4_msgs/msg/HoverThrustEstimate.msg\n'}
[4.036562] (px4_msgs) StdoutLine: {'line': b'-- Up-to-date: /home/rschnurr/SkyClaw-Team1/ros2_ws/install/px4_msgs/share/px4_msgs/msg/InputRc.msg\n'}
[4.037014] (px4_msgs) StdoutLine: {'line': b'-- Up-to-date: /home/rschnurr/SkyClaw-Team1/ros2_ws/install/px4_msgs/share/px4_msgs/msg/InternalCombustionEngineControl.msg\n'}
[4.037377] (px4_msgs) StdoutLine: {'line': b'-- Up-to-date: /home/rschnurr/SkyClaw-Team1/ros2_ws/install/px4_msgs/share/px4_msgs/msg/InternalCombustionEngineStatus.msg\n'}
[4.037880] (px4_msgs) StdoutLine: {'line': b'-- Up-to-date: /home/rschnurr/SkyClaw-Team1/ros2_ws/install/px4_msgs/share/px4_msgs/msg/IridiumsbdStatus.msg\n'}
[4.038287] (px4_msgs) StdoutLine: {'line': b'-- Up-to-date: /home/rschnurr/SkyClaw-Team1/ros2_ws/install/px4_msgs/share/px4_msgs/msg/IrlockReport.msg\n'}
[4.039195] (px4_msgs) StdoutLine: {'line': b'-- Up-to-date: /home/rschnurr/SkyClaw-Team1/ros2_ws/install/px4_msgs/share/px4_msgs/msg/LandingGear.msg\n'}
[4.039841] (px4_msgs) StdoutLine: {'line': b'-- Up-to-date: /home/rschnurr/SkyClaw-Team1/ros2_ws/install/px4_msgs/share/px4_msgs/msg/LandingGearWheel.msg\n'}
[4.040349] (px4_msgs) StdoutLine: {'line': b'-- Up-to-date: /home/rschnurr/SkyClaw-Team1/ros2_ws/install/px4_msgs/share/px4_msgs/msg/LandingTargetInnovations.msg\n'}
[4.041963] (px4_msgs) StdoutLine: {'line': b'-- Up-to-date: /home/rschnurr/SkyClaw-Team1/ros2_ws/install/px4_msgs/share/px4_msgs/msg/LandingTargetPose.msg\n'}
[4.042680] (px4_msgs) StdoutLine: {'line': b'-- Up-to-date: /home/rschnurr/SkyClaw-Team1/ros2_ws/install/px4_msgs/share/px4_msgs/msg/LateralControlConfiguration.msg\n'}
[4.043019] (px4_msgs) StdoutLine: {'line': b'-- Up-to-date: /home/rschnurr/SkyClaw-Team1/ros2_ws/install/px4_msgs/share/px4_msgs/msg/LaunchDetectionStatus.msg\n'}
[4.043486] (px4_msgs) StdoutLine: {'line': b'-- Up-to-date: /home/rschnurr/SkyClaw-Team1/ros2_ws/install/px4_msgs/share/px4_msgs/msg/LedControl.msg\n'}
[4.044847] (px4_msgs) StdoutLine: {'line': b'-- Up-to-date: /home/rschnurr/SkyClaw-Team1/ros2_ws/install/px4_msgs/share/px4_msgs/msg/LogMessage.msg\n'}
[4.045205] (px4_msgs) StdoutLine: {'line': b'-- Up-to-date: /home/rschnurr/SkyClaw-Team1/ros2_ws/install/px4_msgs/share/px4_msgs/msg/LoggerStatus.msg\n'}
[4.045678] (px4_msgs) StdoutLine: {'line': b'-- Up-to-date: /home/rschnurr/SkyClaw-Team1/ros2_ws/install/px4_msgs/share/px4_msgs/msg/LongitudinalControlConfiguration.msg\n'}
[4.046806] (px4_msgs) StdoutLine: {'line': b'-- Up-to-date: /home/rschnurr/SkyClaw-Team1/ros2_ws/install/px4_msgs/share/px4_msgs/msg/MagWorkerData.msg\n'}
[4.047260] (px4_msgs) StdoutLine: {'line': b'-- Up-to-date: /home/rschnurr/SkyClaw-Team1/ros2_ws/install/px4_msgs/share/px4_msgs/msg/MagnetometerBiasEstimate.msg\n'}
[4.047826] (px4_msgs) StdoutLine: {'line': b'-- Up-to-date: /home/rschnurr/SkyClaw-Team1/ros2_ws/install/px4_msgs/share/px4_msgs/msg/ManualControlSetpoint.msg\n'}
[4.048327] (px4_msgs) StdoutLine: {'line': b'-- Up-to-date: /home/rschnurr/SkyClaw-Team1/ros2_ws/install/px4_msgs/share/px4_msgs/msg/ManualControlSwitches.msg\n'}
[4.048810] (px4_msgs) StdoutLine: {'line': b'-- Up-to-date: /home/rschnurr/SkyClaw-Team1/ros2_ws/install/px4_msgs/share/px4_msgs/msg/MavlinkLog.msg\n'}
[4.049439] (px4_msgs) StdoutLine: {'line': b'-- Up-to-date: /home/rschnurr/SkyClaw-Team1/ros2_ws/install/px4_msgs/share/px4_msgs/msg/MavlinkTunnel.msg\n'}
[4.049830] (px4_msgs) StdoutLine: {'line': b'-- Up-to-date: /home/rschnurr/SkyClaw-Team1/ros2_ws/install/px4_msgs/share/px4_msgs/msg/MessageFormatRequest.msg\n'}
[4.050228] (px4_msgs) StdoutLine: {'line': b'-- Up-to-date: /home/rschnurr/SkyClaw-Team1/ros2_ws/install/px4_msgs/share/px4_msgs/msg/MessageFormatResponse.msg\n'}
[4.050625] (px4_msgs) StdoutLine: {'line': b'-- Up-to-date: /home/rschnurr/SkyClaw-Team1/ros2_ws/install/px4_msgs/share/px4_msgs/msg/Mission.msg\n'}
[4.051023] (px4_msgs) StdoutLine: {'line': b'-- Up-to-date: /home/rschnurr/SkyClaw-Team1/ros2_ws/install/px4_msgs/share/px4_msgs/msg/MissionResult.msg\n'}
[4.052153] (px4_msgs) StdoutLine: {'line': b'-- Up-to-date: /home/rschnurr/SkyClaw-Team1/ros2_ws/install/px4_msgs/share/px4_msgs/msg/ModeCompleted.msg\n'}
[4.052964] (px4_msgs) StdoutLine: {'line': b'-- Up-to-date: /home/rschnurr/SkyClaw-Team1/ros2_ws/install/px4_msgs/share/px4_msgs/msg/MountOrientation.msg\n'}
[4.053407] (px4_msgs) StdoutLine: {'line': b'-- Up-to-date: /home/rschnurr/SkyClaw-Team1/ros2_ws/install/px4_msgs/share/px4_msgs/msg/NavigatorMissionItem.msg\n'}
[4.053820] (px4_msgs) StdoutLine: {'line': b'-- Up-to-date: /home/rschnurr/SkyClaw-Team1/ros2_ws/install/px4_msgs/share/px4_msgs/msg/NavigatorStatus.msg\n'}
[4.054458] (px4_msgs) StdoutLine: {'line': b'-- Up-to-date: /home/rschnurr/SkyClaw-Team1/ros2_ws/install/px4_msgs/share/px4_msgs/msg/NeuralControl.msg\n'}
[4.055516] (px4_msgs) StdoutLine: {'line': b'-- Up-to-date: /home/rschnurr/SkyClaw-Team1/ros2_ws/install/px4_msgs/share/px4_msgs/msg/NormalizedUnsignedSetpoint.msg\n'}
[4.061653] (px4_msgs) StdoutLine: {'line': b'-- Up-to-date: /home/rschnurr/SkyClaw-Team1/ros2_ws/install/px4_msgs/share/px4_msgs/msg/ObstacleDistance.msg\n'}
[4.062927] (px4_msgs) StdoutLine: {'line': b'-- Up-to-date: /home/rschnurr/SkyClaw-Team1/ros2_ws/install/px4_msgs/share/px4_msgs/msg/OffboardControlMode.msg\n'}
[4.063520] (px4_msgs) StdoutLine: {'line': b'-- Up-to-date: /home/rschnurr/SkyClaw-Team1/ros2_ws/install/px4_msgs/share/px4_msgs/msg/OnboardComputerStatus.msg\n'}
[4.064103] (px4_msgs) StdoutLine: {'line': b'-- Up-to-date: /home/rschnurr/SkyClaw-Team1/ros2_ws/install/px4_msgs/share/px4_msgs/msg/OpenDroneIdArmStatus.msg\n'}
[4.064581] (px4_msgs) StdoutLine: {'line': b'-- Up-to-date: /home/rschnurr/SkyClaw-Team1/ros2_ws/install/px4_msgs/share/px4_msgs/msg/OpenDroneIdOperatorId.msg\n'}
[4.065031] (px4_msgs) StdoutLine: {'line': b'-- Up-to-date: /home/rschnurr/SkyClaw-Team1/ros2_ws/install/px4_msgs/share/px4_msgs/msg/OpenDroneIdSelfId.msg\n'}
[4.065551] (px4_msgs) StdoutLine: {'line': b'-- Up-to-date: /home/rschnurr/SkyClaw-Team1/ros2_ws/install/px4_msgs/share/px4_msgs/msg/OpenDroneIdSystem.msg\n'}
[4.066201] (px4_msgs) StdoutLine: {'line': b'-- Up-to-date: /home/rschnurr/SkyClaw-Team1/ros2_ws/install/px4_msgs/share/px4_msgs/msg/OrbTest.msg\n'}
[4.066640] (px4_msgs) StdoutLine: {'line': b'-- Up-to-date: /home/rschnurr/SkyClaw-Team1/ros2_ws/install/px4_msgs/share/px4_msgs/msg/OrbTestLarge.msg\n'}
[4.067041] (px4_msgs) StdoutLine: {'line': b'-- Up-to-date: /home/rschnurr/SkyClaw-Team1/ros2_ws/install/px4_msgs/share/px4_msgs/msg/OrbTestMedium.msg\n'}
[4.067576] (px4_msgs) StdoutLine: {'line': b'-- Up-to-date: /home/rschnurr/SkyClaw-Team1/ros2_ws/install/px4_msgs/share/px4_msgs/msg/OrbitStatus.msg\n'}
[4.068123] (px4_msgs) StdoutLine: {'line': b'-- Up-to-date: /home/rschnurr/SkyClaw-Team1/ros2_ws/install/px4_msgs/share/px4_msgs/msg/ParameterResetRequest.msg\n'}
[4.068619] (px4_msgs) StdoutLine: {'line': b'-- Up-to-date: /home/rschnurr/SkyClaw-Team1/ros2_ws/install/px4_msgs/share/px4_msgs/msg/ParameterSetUsedRequest.msg\n'}
[4.068992] (px4_msgs) StdoutLine: {'line': b'-- Up-to-date: /home/rschnurr/SkyClaw-Team1/ros2_ws/install/px4_msgs/share/px4_msgs/msg/ParameterSetValueRequest.msg\n'}
[4.069886] (px4_msgs) StdoutLine: {'line': b'-- Up-to-date: /home/rschnurr/SkyClaw-Team1/ros2_ws/install/px4_msgs/share/px4_msgs/msg/ParameterSetValueResponse.msg\n'}
[4.070926] (px4_msgs) StdoutLine: {'line': b'-- Up-to-date: /home/rschnurr/SkyClaw-Team1/ros2_ws/install/px4_msgs/share/px4_msgs/msg/ParameterUpdate.msg\n'}
[4.071634] (px4_msgs) StdoutLine: {'line': b'-- Up-to-date: /home/rschnurr/SkyClaw-Team1/ros2_ws/install/px4_msgs/share/px4_msgs/msg/Ping.msg\n'}
[4.072141] (px4_msgs) StdoutLine: {'line': b'-- Up-to-date: /home/rschnurr/SkyClaw-Team1/ros2_ws/install/px4_msgs/share/px4_msgs/msg/PositionControllerLandingStatus.msg\n'}
[4.072467] (px4_msgs) StdoutLine: {'line': b'-- Up-to-date: /home/rschnurr/SkyClaw-Team1/ros2_ws/install/px4_msgs/share/px4_msgs/msg/PositionControllerStatus.msg\n'}
[4.073082] (px4_msgs) StdoutLine: {'line': b'-- Up-to-date: /home/rschnurr/SkyClaw-Team1/ros2_ws/install/px4_msgs/share/px4_msgs/msg/PositionSetpoint.msg\n'}
[4.073493] (px4_msgs) StdoutLine: {'line': b'-- Up-to-date: /home/rschnurr/SkyClaw-Team1/ros2_ws/install/px4_msgs/share/px4_msgs/msg/PositionSetpointTriplet.msg\n'}
[4.073953] (px4_msgs) StdoutLine: {'line': b'-- Up-to-date: /home/rschnurr/SkyClaw-Team1/ros2_ws/install/px4_msgs/share/px4_msgs/msg/PowerButtonState.msg\n'}
[4.074354] (px4_msgs) StdoutLine: {'line': b'-- Up-to-date: /home/rschnurr/SkyClaw-Team1/ros2_ws/install/px4_msgs/share/px4_msgs/msg/PowerMonitor.msg\n'}
[4.074751] (px4_msgs) StdoutLine: {'line': b'-- Up-to-date: /home/rschnurr/SkyClaw-Team1/ros2_ws/install/px4_msgs/share/px4_msgs/msg/PpsCapture.msg\n'}
[4.076419] (px4_msgs) StdoutLine: {'line': b'-- Up-to-date: /home/rschnurr/SkyClaw-Team1/ros2_ws/install/px4_msgs/share/px4_msgs/msg/PurePursuitStatus.msg\n'}
[4.076655] (px4_msgs) StdoutLine: {'line': b'-- Up-to-date: /home/rschnurr/SkyClaw-Team1/ros2_ws/install/px4_msgs/share/px4_msgs/msg/PwmInput.msg\n'}
[4.077198] (px4_msgs) StdoutLine: {'line': b'-- Up-to-date: /home/rschnurr/SkyClaw-Team1/ros2_ws/install/px4_msgs/share/px4_msgs/msg/Px4ioStatus.msg\n'}
[4.077310] (px4_msgs) StdoutLine: {'line': b'-- Up-to-date: /home/rschnurr/SkyClaw-Team1/ros2_ws/install/px4_msgs/share/px4_msgs/msg/QshellReq.msg\n'}
[4.077707] (px4_msgs) StdoutLine: {'line': b'-- Up-to-date: /home/rschnurr/SkyClaw-Team1/ros2_ws/install/px4_msgs/share/px4_msgs/msg/QshellRetval.msg\n'}
[4.078120] (px4_msgs) StdoutLine: {'line': b'-- Up-to-date: /home/rschnurr/SkyClaw-Team1/ros2_ws/install/px4_msgs/share/px4_msgs/msg/RadioStatus.msg\n'}
[4.078390] (px4_msgs) StdoutLine: {'line': b'-- Up-to-date: /home/rschnurr/SkyClaw-Team1/ros2_ws/install/px4_msgs/share/px4_msgs/msg/RateCtrlStatus.msg\n'}
[4.079070] (px4_msgs) StdoutLine: {'line': b'-- Up-to-date: /home/rschnurr/SkyClaw-Team1/ros2_ws/install/px4_msgs/share/px4_msgs/msg/RcChannels.msg\n'}
[4.079538] (px4_msgs) StdoutLine: {'line': b'-- Up-to-date: /home/rschnurr/SkyClaw-Team1/ros2_ws/install/px4_msgs/share/px4_msgs/msg/RcParameterMap.msg\n'}
[4.079771] (px4_msgs) StdoutLine: {'line': b'-- Up-to-date: /home/rschnurr/SkyClaw-Team1/ros2_ws/install/px4_msgs/share/px4_msgs/msg/RegisterExtComponentReply.msg\n'}
[4.081211] (px4_msgs) StdoutLine: {'line': b'-- Up-to-date: /home/rschnurr/SkyClaw-Team1/ros2_ws/install/px4_msgs/share/px4_msgs/msg/RegisterExtComponentRequest.msg\n'}
[4.081688] (px4_msgs) StdoutLine: {'line': b'-- Up-to-date: /home/rschnurr/SkyClaw-Team1/ros2_ws/install/px4_msgs/share/px4_msgs/msg/RoverAttitudeSetpoint.msg\n'}
[4.082091] (px4_msgs) StdoutLine: {'line': b'-- Up-to-date: /home/rschnurr/SkyClaw-Team1/ros2_ws/install/px4_msgs/share/px4_msgs/msg/RoverAttitudeStatus.msg\n'}
[4.082569] (px4_msgs) StdoutLine: {'line': b'-- Up-to-date: /home/rschnurr/SkyClaw-Team1/ros2_ws/install/px4_msgs/share/px4_msgs/msg/RoverPositionSetpoint.msg\n'}
[4.083229] (px4_msgs) StdoutLine: {'line': b'-- Up-to-date: /home/rschnurr/SkyClaw-Team1/ros2_ws/install/px4_msgs/share/px4_msgs/msg/RoverRateSetpoint.msg\n'}
[4.083778] (px4_msgs) StdoutLine: {'line': b'-- Up-to-date: /home/rschnurr/SkyClaw-Team1/ros2_ws/install/px4_msgs/share/px4_msgs/msg/RoverRateStatus.msg\n'}
[4.084253] (px4_msgs) StdoutLine: {'line': b'-- Up-to-date: /home/rschnurr/SkyClaw-Team1/ros2_ws/install/px4_msgs/share/px4_msgs/msg/RoverSpeedSetpoint.msg\n'}
[4.084737] (px4_msgs) StdoutLine: {'line': b'-- Up-to-date: /home/rschnurr/SkyClaw-Team1/ros2_ws/install/px4_msgs/share/px4_msgs/msg/RoverSpeedStatus.msg\n'}
[4.085278] (px4_msgs) StdoutLine: {'line': b'-- Up-to-date: /home/rschnurr/SkyClaw-Team1/ros2_ws/install/px4_msgs/share/px4_msgs/msg/RoverSteeringSetpoint.msg\n'}
[4.085780] (px4_msgs) StdoutLine: {'line': b'-- Up-to-date: /home/rschnurr/SkyClaw-Team1/ros2_ws/install/px4_msgs/share/px4_msgs/msg/RoverThrottleSetpoint.msg\n'}
[4.086112] (px4_msgs) StdoutLine: {'line': b'-- Up-to-date: /home/rschnurr/SkyClaw-Team1/ros2_ws/install/px4_msgs/share/px4_msgs/msg/Rpm.msg\n'}
[4.086584] (px4_msgs) StdoutLine: {'line': b'-- Up-to-date: /home/rschnurr/SkyClaw-Team1/ros2_ws/install/px4_msgs/share/px4_msgs/msg/RtlStatus.msg\n'}
[4.087118] (px4_msgs) StdoutLine: {'line': b'-- Up-to-date: /home/rschnurr/SkyClaw-Team1/ros2_ws/install/px4_msgs/share/px4_msgs/msg/RtlTimeEstimate.msg\n'}
[4.087672] (px4_msgs) StdoutLine: {'line': b'-- Up-to-date: /home/rschnurr/SkyClaw-Team1/ros2_ws/install/px4_msgs/share/px4_msgs/msg/SatelliteInfo.msg\n'}
[4.088497] (px4_msgs) StdoutLine: {'line': b'-- Up-to-date: /home/rschnurr/SkyClaw-Team1/ros2_ws/install/px4_msgs/share/px4_msgs/msg/SensorAccel.msg\n'}
[4.088977] (px4_msgs) StdoutLine: {'line': b'-- Up-to-date: /home/rschnurr/SkyClaw-Team1/ros2_ws/install/px4_msgs/share/px4_msgs/msg/SensorAccelFifo.msg\n'}
[4.089331] (px4_msgs) StdoutLine: {'line': b'-- Up-to-date: /home/rschnurr/SkyClaw-Team1/ros2_ws/install/px4_msgs/share/px4_msgs/msg/SensorAirflow.msg\n'}
[4.089773] (px4_msgs) StdoutLine: {'line': b'-- Up-to-date: /home/rschnurr/SkyClaw-Team1/ros2_ws/install/px4_msgs/share/px4_msgs/msg/SensorBaro.msg\n'}
[4.090229] (px4_msgs) StdoutLine: {'line': b'-- Up-to-date: /home/rschnurr/SkyClaw-Team1/ros2_ws/install/px4_msgs/share/px4_msgs/msg/SensorCombined.msg\n'}
[4.091828] (px4_msgs) StdoutLine: {'line': b'-- Up-to-date: /home/rschnurr/SkyClaw-Team1/ros2_ws/install/px4_msgs/share/px4_msgs/msg/SensorCorrection.msg\n'}
[4.093133] (px4_msgs) StdoutLine: {'line': b'-- Up-to-date: /home/rschnurr/SkyClaw-Team1/ros2_ws/install/px4_msgs/share/px4_msgs/msg/SensorGnssRelative.msg\n'}
[4.093552] (px4_msgs) StdoutLine: {'line': b'-- Up-to-date: /home/rschnurr/SkyClaw-Team1/ros2_ws/install/px4_msgs/share/px4_msgs/msg/SensorGnssStatus.msg\n'}
[4.093951] (px4_msgs) StdoutLine: {'line': b'-- Up-to-date: /home/rschnurr/SkyClaw-Team1/ros2_ws/install/px4_msgs/share/px4_msgs/msg/SensorGps.msg\n'}
[4.094353] (px4_msgs) StdoutLine: {'line': b'-- Up-to-date: /home/rschnurr/SkyClaw-Team1/ros2_ws/install/px4_msgs/share/px4_msgs/msg/SensorGyro.msg\n'}
[4.094615] (px4_msgs) StdoutLine: {'line': b'-- Up-to-date: /home/rschnurr/SkyClaw-Team1/ros2_ws/install/px4_msgs/share/px4_msgs/msg/SensorGyroFft.msg\n'}
[4.095037] (px4_msgs) StdoutLine: {'line': b'-- Up-to-date: /home/rschnurr/SkyClaw-Team1/ros2_ws/install/px4_msgs/share/px4_msgs/msg/SensorGyroFifo.msg\n'}
[4.095482] (px4_msgs) StdoutLine: {'line': b'-- Up-to-date: /home/rschnurr/SkyClaw-Team1/ros2_ws/install/px4_msgs/share/px4_msgs/msg/SensorHygrometer.msg\n'}
[4.096156] (px4_msgs) StdoutLine: {'line': b'-- Up-to-date: /home/rschnurr/SkyClaw-Team1/ros2_ws/install/px4_msgs/share/px4_msgs/msg/SensorMag.msg\n'}
[4.097000] (px4_msgs) StdoutLine: {'line': b'-- Up-to-date: /home/rschnurr/SkyClaw-Team1/ros2_ws/install/px4_msgs/share/px4_msgs/msg/SensorOpticalFlow.msg\n'}
[4.097578] (px4_msgs) StdoutLine: {'line': b'-- Up-to-date: /home/rschnurr/SkyClaw-Team1/ros2_ws/install/px4_msgs/share/px4_msgs/msg/SensorPreflightMag.msg\n'}
[4.098165] (px4_msgs) StdoutLine: {'line': b'-- Up-to-date: /home/rschnurr/SkyClaw-Team1/ros2_ws/install/px4_msgs/share/px4_msgs/msg/SensorSelection.msg\n'}
[4.098590] (px4_msgs) StdoutLine: {'line': b'-- Up-to-date: /home/rschnurr/SkyClaw-Team1/ros2_ws/install/px4_msgs/share/px4_msgs/msg/SensorUwb.msg\n'}
[4.100481] (px4_msgs) StdoutLine: {'line': b'-- Up-to-date: /home/rschnurr/SkyClaw-Team1/ros2_ws/install/px4_msgs/share/px4_msgs/msg/SensorsStatus.msg\n'}
[4.101164] (px4_msgs) StdoutLine: {'line': b'-- Up-to-date: /home/rschnurr/SkyClaw-Team1/ros2_ws/install/px4_msgs/share/px4_msgs/msg/SensorsStatusImu.msg\n'}
[4.101507] (px4_msgs) StdoutLine: {'line': b'-- Up-to-date: /home/rschnurr/SkyClaw-Team1/ros2_ws/install/px4_msgs/share/px4_msgs/msg/SystemPower.msg\n'}
[4.101903] (px4_msgs) StdoutLine: {'line': b'-- Up-to-date: /home/rschnurr/SkyClaw-Team1/ros2_ws/install/px4_msgs/share/px4_msgs/msg/TakeoffStatus.msg\n'}
[4.102638] (px4_msgs) StdoutLine: {'line': b'-- Up-to-date: /home/rschnurr/SkyClaw-Team1/ros2_ws/install/px4_msgs/share/px4_msgs/msg/TaskStackInfo.msg\n'}
[4.103157] (px4_msgs) StdoutLine: {'line': b'-- Up-to-date: /home/rschnurr/SkyClaw-Team1/ros2_ws/install/px4_msgs/share/px4_msgs/msg/TecsStatus.msg\n'}
[4.104012] (px4_msgs) StdoutLine: {'line': b'-- Up-to-date: /home/rschnurr/SkyClaw-Team1/ros2_ws/install/px4_msgs/share/px4_msgs/msg/TelemetryStatus.msg\n'}
[4.104720] (px4_msgs) StdoutLine: {'line': b'-- Up-to-date: /home/rschnurr/SkyClaw-Team1/ros2_ws/install/px4_msgs/share/px4_msgs/msg/TiltrotorExtraControls.msg\n'}
[4.105388] (px4_msgs) StdoutLine: {'line': b'-- Up-to-date: /home/rschnurr/SkyClaw-Team1/ros2_ws/install/px4_msgs/share/px4_msgs/msg/TimesyncStatus.msg\n'}
[4.105798] (px4_msgs) StdoutLine: {'line': b'-- Up-to-date: /home/rschnurr/SkyClaw-Team1/ros2_ws/install/px4_msgs/share/px4_msgs/msg/TrajectorySetpoint.msg\n'}
[4.106153] (px4_msgs) StdoutLine: {'line': b'-- Up-to-date: /home/rschnurr/SkyClaw-Team1/ros2_ws/install/px4_msgs/share/px4_msgs/msg/TrajectorySetpoint6dof.msg\n'}
[4.107605] (px4_msgs) StdoutLine: {'line': b'-- Up-to-date: /home/rschnurr/SkyClaw-Team1/ros2_ws/install/px4_msgs/share/px4_msgs/msg/TransponderReport.msg\n'}
[4.108560] (px4_msgs) StdoutLine: {'line': b'-- Up-to-date: /home/rschnurr/SkyClaw-Team1/ros2_ws/install/px4_msgs/share/px4_msgs/msg/TuneControl.msg\n'}
[4.109202] (px4_msgs) StdoutLine: {'line': b'-- Up-to-date: /home/rschnurr/SkyClaw-Team1/ros2_ws/install/px4_msgs/share/px4_msgs/msg/UavcanParameterRequest.msg\n'}
[4.109658] (px4_msgs) StdoutLine: {'line': b'-- Up-to-date: /home/rschnurr/SkyClaw-Team1/ros2_ws/install/px4_msgs/share/px4_msgs/msg/UavcanParameterValue.msg\n'}
[4.110072] (px4_msgs) StdoutLine: {'line': b'-- Up-to-date: /home/rschnurr/SkyClaw-Team1/ros2_ws/install/px4_msgs/share/px4_msgs/msg/UlogStream.msg\n'}
[4.110475] (px4_msgs) StdoutLine: {'line': b'-- Up-to-date: /home/rschnurr/SkyClaw-Team1/ros2_ws/install/px4_msgs/share/px4_msgs/msg/UlogStreamAck.msg\n'}
[4.110877] (px4_msgs) StdoutLine: {'line': b'-- Up-to-date: /home/rschnurr/SkyClaw-Team1/ros2_ws/install/px4_msgs/share/px4_msgs/msg/UnregisterExtComponent.msg\n'}
[4.111326] (px4_msgs) StdoutLine: {'line': b'-- Up-to-date: /home/rschnurr/SkyClaw-Team1/ros2_ws/install/px4_msgs/share/px4_msgs/msg/VehicleAcceleration.msg\n'}
[4.112272] (px4_msgs) StdoutLine: {'line': b'-- Up-to-date: /home/rschnurr/SkyClaw-Team1/ros2_ws/install/px4_msgs/share/px4_msgs/msg/VehicleAirData.msg\n'}
[4.112779] (px4_msgs) StdoutLine: {'line': b'-- Up-to-date: /home/rschnurr/SkyClaw-Team1/ros2_ws/install/px4_msgs/share/px4_msgs/msg/VehicleAngularAccelerationSetpoint.msg\n'}
[4.113477] (px4_msgs) StdoutLine: {'line': b'-- Up-to-date: /home/rschnurr/SkyClaw-Team1/ros2_ws/install/px4_msgs/share/px4_msgs/msg/VehicleAngularVelocity.msg\n'}
[4.115668] (px4_msgs) StdoutLine: {'line': b'-- Up-to-date: /home/rschnurr/SkyClaw-Team1/ros2_ws/install/px4_msgs/share/px4_msgs/msg/VehicleAttitude.msg\n'}
[4.116183] (px4_msgs) StdoutLine: {'line': b'-- Up-to-date: /home/rschnurr/SkyClaw-Team1/ros2_ws/install/px4_msgs/share/px4_msgs/msg/VehicleAttitudeSetpoint.msg\n'}
[4.116513] (px4_msgs) StdoutLine: {'line': b'-- Up-to-date: /home/rschnurr/SkyClaw-Team1/ros2_ws/install/px4_msgs/share/px4_msgs/msg/VehicleCommand.msg\n'}
[4.116901] (px4_msgs) StdoutLine: {'line': b'-- Up-to-date: /home/rschnurr/SkyClaw-Team1/ros2_ws/install/px4_msgs/share/px4_msgs/msg/VehicleCommandAck.msg\n'}
[4.117444] (px4_msgs) StdoutLine: {'line': b'-- Up-to-date: /home/rschnurr/SkyClaw-Team1/ros2_ws/install/px4_msgs/share/px4_msgs/msg/VehicleConstraints.msg\n'}
[4.117859] (px4_msgs) StdoutLine: {'line': b'-- Up-to-date: /home/rschnurr/SkyClaw-Team1/ros2_ws/install/px4_msgs/share/px4_msgs/msg/VehicleControlMode.msg\n'}
[4.118258] (px4_msgs) StdoutLine: {'line': b'-- Up-to-date: /home/rschnurr/SkyClaw-Team1/ros2_ws/install/px4_msgs/share/px4_msgs/msg/VehicleGlobalPosition.msg\n'}
[4.118746] (px4_msgs) StdoutLine: {'line': b'-- Up-to-date: /home/rschnurr/SkyClaw-Team1/ros2_ws/install/px4_msgs/share/px4_msgs/msg/VehicleImu.msg\n'}
[4.120681] (px4_msgs) StdoutLine: {'line': b'-- Up-to-date: /home/rschnurr/SkyClaw-Team1/ros2_ws/install/px4_msgs/share/px4_msgs/msg/VehicleImuStatus.msg\n'}
[4.121318] (px4_msgs) StdoutLine: {'line': b'-- Up-to-date: /home/rschnurr/SkyClaw-Team1/ros2_ws/install/px4_msgs/share/px4_msgs/msg/VehicleLandDetected.msg\n'}
[4.121863] (px4_msgs) StdoutLine: {'line': b'-- Up-to-date: /home/rschnurr/SkyClaw-Team1/ros2_ws/install/px4_msgs/share/px4_msgs/msg/VehicleLocalPosition.msg\n'}
[4.122569] (px4_msgs) StdoutLine: {'line': b'-- Up-to-date: /home/rschnurr/SkyClaw-Team1/ros2_ws/install/px4_msgs/share/px4_msgs/msg/VehicleLocalPositionSetpoint.msg\n'}
[4.122883] (px4_msgs) StdoutLine: {'line': b'-- Up-to-date: /home/rschnurr/SkyClaw-Team1/ros2_ws/install/px4_msgs/share/px4_msgs/msg/VehicleMagnetometer.msg\n'}
[4.123444] (px4_msgs) StdoutLine: {'line': b'-- Up-to-date: /home/rschnurr/SkyClaw-Team1/ros2_ws/install/px4_msgs/share/px4_msgs/msg/VehicleOdometry.msg\n'}
[4.124138] (px4_msgs) StdoutLine: {'line': b'-- Up-to-date: /home/rschnurr/SkyClaw-Team1/ros2_ws/install/px4_msgs/share/px4_msgs/msg/VehicleOpticalFlow.msg\n'}
[4.124627] (px4_msgs) StdoutLine: {'line': b'-- Up-to-date: /home/rschnurr/SkyClaw-Team1/ros2_ws/install/px4_msgs/share/px4_msgs/msg/VehicleOpticalFlowVel.msg\n'}
[4.125165] (px4_msgs) StdoutLine: {'line': b'-- Up-to-date: /home/rschnurr/SkyClaw-Team1/ros2_ws/install/px4_msgs/share/px4_msgs/msg/VehicleRatesSetpoint.msg\n'}
[4.125571] (px4_msgs) StdoutLine: {'line': b'-- Up-to-date: /home/rschnurr/SkyClaw-Team1/ros2_ws/install/px4_msgs/share/px4_msgs/msg/VehicleRoi.msg\n'}
[4.125977] (px4_msgs) StdoutLine: {'line': b'-- Up-to-date: /home/rschnurr/SkyClaw-Team1/ros2_ws/install/px4_msgs/share/px4_msgs/msg/VehicleStatus.msg\n'}
[4.126369] (px4_msgs) StdoutLine: {'line': b'-- Up-to-date: /home/rschnurr/SkyClaw-Team1/ros2_ws/install/px4_msgs/share/px4_msgs/msg/VehicleThrustSetpoint.msg\n'}
[4.126761] (px4_msgs) StdoutLine: {'line': b'-- Up-to-date: /home/rschnurr/SkyClaw-Team1/ros2_ws/install/px4_msgs/share/px4_msgs/msg/VehicleTorqueSetpoint.msg\n'}
[4.127162] (px4_msgs) StdoutLine: {'line': b'-- Up-to-date: /home/rschnurr/SkyClaw-Team1/ros2_ws/install/px4_msgs/share/px4_msgs/msg/VelocityLimits.msg\n'}
[4.127525] (px4_msgs) StdoutLine: {'line': b'-- Up-to-date: /home/rschnurr/SkyClaw-Team1/ros2_ws/install/px4_msgs/share/px4_msgs/msg/VtolVehicleStatus.msg\n'}
[4.128685] (px4_msgs) StdoutLine: {'line': b'-- Up-to-date: /home/rschnurr/SkyClaw-Team1/ros2_ws/install/px4_msgs/share/px4_msgs/msg/WheelEncoders.msg\n'}
[4.129369] (px4_msgs) StdoutLine: {'line': b'-- Up-to-date: /home/rschnurr/SkyClaw-Team1/ros2_ws/install/px4_msgs/share/px4_msgs/msg/Wind.msg\n'}
[4.129770] (px4_msgs) StdoutLine: {'line': b'-- Up-to-date: /home/rschnurr/SkyClaw-Team1/ros2_ws/install/px4_msgs/share/px4_msgs/msg/YawEstimatorStatus.msg\n'}
[4.130225] (px4_msgs) StdoutLine: {'line': b'-- Up-to-date: /home/rschnurr/SkyClaw-Team1/ros2_ws/install/px4_msgs/share/px4_msgs/srv/VehicleCommand.srv\n'}
[4.130899] (px4_msgs) StdoutLine: {'line': b'-- Up-to-date: /home/rschnurr/SkyClaw-Team1/ros2_ws/install/px4_msgs/share/px4_msgs/srv/VehicleCommand_Request.msg\n'}
[4.131446] (px4_msgs) StdoutLine: {'line': b'-- Up-to-date: /home/rschnurr/SkyClaw-Team1/ros2_ws/install/px4_msgs/share/px4_msgs/srv/VehicleCommand_Response.msg\n'}
[4.132122] (px4_msgs) StdoutLine: {'line': b'-- Up-to-date: /home/rschnurr/SkyClaw-Team1/ros2_ws/install/px4_msgs/share/ament_index/resource_index/package_run_dependencies/px4_msgs\n'}
[4.133413] (px4_msgs) StdoutLine: {'line': b'-- Up-to-date: /home/rschnurr/SkyClaw-Team1/ros2_ws/install/px4_msgs/share/ament_index/resource_index/parent_prefix_path/px4_msgs\n'}
[4.133890] (px4_msgs) StdoutLine: {'line': b'-- Up-to-date: /home/rschnurr/SkyClaw-Team1/ros2_ws/install/px4_msgs/share/px4_msgs/environment/ament_prefix_path.sh\n'}
[4.134307] (-) TimerEvent: {}
[4.135697] (px4_msgs) StdoutLine: {'line': b'-- Up-to-date: /home/rschnurr/SkyClaw-Team1/ros2_ws/install/px4_msgs/share/px4_msgs/environment/ament_prefix_path.dsv\n'}
[4.135931] (px4_msgs) StdoutLine: {'line': b'-- Up-to-date: /home/rschnurr/SkyClaw-Team1/ros2_ws/install/px4_msgs/share/px4_msgs/environment/path.sh\n'}
[4.136448] (px4_msgs) StdoutLine: {'line': b'-- Up-to-date: /home/rschnurr/SkyClaw-Team1/ros2_ws/install/px4_msgs/share/px4_msgs/environment/path.dsv\n'}
[4.136926] (px4_msgs) StdoutLine: {'line': b'-- Up-to-date: /home/rschnurr/SkyClaw-Team1/ros2_ws/install/px4_msgs/share/px4_msgs/local_setup.bash\n'}
[4.137335] (px4_msgs) StdoutLine: {'line': b'-- Up-to-date: /home/rschnurr/SkyClaw-Team1/ros2_ws/install/px4_msgs/share/px4_msgs/local_setup.sh\n'}
[4.140130] (px4_msgs) StdoutLine: {'line': b'-- Up-to-date: /home/rschnurr/SkyClaw-Team1/ros2_ws/install/px4_msgs/share/px4_msgs/local_setup.zsh\n'}
[4.140806] (px4_msgs) StdoutLine: {'line': b'-- Up-to-date: /home/rschnurr/SkyClaw-Team1/ros2_ws/install/px4_msgs/share/px4_msgs/local_setup.dsv\n'}
[4.141428] (px4_msgs) StdoutLine: {'line': b'-- Installing: /home/rschnurr/SkyClaw-Team1/ros2_ws/install/px4_msgs/share/px4_msgs/package.dsv\n'}
[4.142127] (px4_msgs) StdoutLine: {'line': b'-- Up-to-date: /home/rschnurr/SkyClaw-Team1/ros2_ws/install/px4_msgs/share/ament_index/resource_index/packages/px4_msgs\n'}
[4.142646] (px4_msgs) StdoutLine: {'line': b'-- Up-to-date: /home/rschnurr/SkyClaw-Team1/ros2_ws/install/px4_msgs/share/px4_msgs/cmake/export_px4_msgs__rosidl_generator_cExport.cmake\n'}
[4.143557] (px4_msgs) StdoutLine: {'line': b'-- Up-to-date: /home/rschnurr/SkyClaw-Team1/ros2_ws/install/px4_msgs/share/px4_msgs/cmake/export_px4_msgs__rosidl_generator_cExport-noconfig.cmake\n'}
[4.144213] (px4_msgs) StdoutLine: {'line': b'-- Up-to-date: /home/rschnurr/SkyClaw-Team1/ros2_ws/install/px4_msgs/share/px4_msgs/cmake/export_px4_msgs__rosidl_typesupport_fastrtps_cExport.cmake\n'}
[4.144765] (px4_msgs) StdoutLine: {'line': b'-- Up-to-date: /home/rschnurr/SkyClaw-Team1/ros2_ws/install/px4_msgs/share/px4_msgs/cmake/export_px4_msgs__rosidl_typesupport_fastrtps_cExport-noconfig.cmake\n'}
[4.145246] (px4_msgs) StdoutLine: {'line': b'-- Up-to-date: /home/rschnurr/SkyClaw-Team1/ros2_ws/install/px4_msgs/share/px4_msgs/cmake/export_px4_msgs__rosidl_generator_cppExport.cmake\n'}
[4.145952] (px4_msgs) StdoutLine: {'line': b'-- Up-to-date: /home/rschnurr/SkyClaw-Team1/ros2_ws/install/px4_msgs/share/px4_msgs/cmake/export_px4_msgs__rosidl_typesupport_fastrtps_cppExport.cmake\n'}
[4.146751] (px4_msgs) StdoutLine: {'line': b'-- Up-to-date: /home/rschnurr/SkyClaw-Team1/ros2_ws/install/px4_msgs/share/px4_msgs/cmake/export_px4_msgs__rosidl_typesupport_fastrtps_cppExport-noconfig.cmake\n'}
[4.147186] (px4_msgs) StdoutLine: {'line': b'-- Up-to-date: /home/rschnurr/SkyClaw-Team1/ros2_ws/install/px4_msgs/share/px4_msgs/cmake/px4_msgs__rosidl_typesupport_introspection_cExport.cmake\n'}
[4.148799] (px4_msgs) StdoutLine: {'line': b'-- Up-to-date: /home/rschnurr/SkyClaw-Team1/ros2_ws/install/px4_msgs/share/px4_msgs/cmake/px4_msgs__rosidl_typesupport_introspection_cExport-noconfig.cmake\n'}
[4.149215] (px4_msgs) StdoutLine: {'line': b'-- Up-to-date: /home/rschnurr/SkyClaw-Team1/ros2_ws/install/px4_msgs/share/px4_msgs/cmake/px4_msgs__rosidl_typesupport_cExport.cmake\n'}
[4.149545] (px4_msgs) StdoutLine: {'line': b'-- Up-to-date: /home/rschnurr/SkyClaw-Team1/ros2_ws/install/px4_msgs/share/px4_msgs/cmake/px4_msgs__rosidl_typesupport_cExport-noconfig.cmake\n'}
[4.149941] (px4_msgs) StdoutLine: {'line': b'-- Up-to-date: /home/rschnurr/SkyClaw-Team1/ros2_ws/install/px4_msgs/share/px4_msgs/cmake/px4_msgs__rosidl_typesupport_introspection_cppExport.cmake\n'}
[4.150338] (px4_msgs) StdoutLine: {'line': b'-- Up-to-date: /home/rschnurr/SkyClaw-Team1/ros2_ws/install/px4_msgs/share/px4_msgs/cmake/px4_msgs__rosidl_typesupport_introspection_cppExport-noconfig.cmake\n'}
[4.150734] (px4_msgs) StdoutLine: {'line': b'-- Up-to-date: /home/rschnurr/SkyClaw-Team1/ros2_ws/install/px4_msgs/share/px4_msgs/cmake/px4_msgs__rosidl_typesupport_cppExport.cmake\n'}
[4.153463] (px4_msgs) StdoutLine: {'line': b'-- Up-to-date: /home/rschnurr/SkyClaw-Team1/ros2_ws/install/px4_msgs/share/px4_msgs/cmake/px4_msgs__rosidl_typesupport_cppExport-noconfig.cmake\n'}
[4.154044] (px4_msgs) StdoutLine: {'line': b'-- Up-to-date: /home/rschnurr/SkyClaw-Team1/ros2_ws/install/px4_msgs/share/px4_msgs/cmake/export_px4_msgs__rosidl_generator_pyExport.cmake\n'}
[4.154613] (px4_msgs) StdoutLine: {'line': b'-- Up-to-date: /home/rschnurr/SkyClaw-Team1/ros2_ws/install/px4_msgs/share/px4_msgs/cmake/export_px4_msgs__rosidl_generator_pyExport-noconfig.cmake\n'}
[4.155120] (px4_msgs) StdoutLine: {'line': b'-- Up-to-date: /home/rschnurr/SkyClaw-Team1/ros2_ws/install/px4_msgs/share/px4_msgs/cmake/rosidl_cmake-extras.cmake\n'}
[4.155930] (px4_msgs) StdoutLine: {'line': b'-- Up-to-date: /home/rschnurr/SkyClaw-Team1/ros2_ws/install/px4_msgs/share/px4_msgs/cmake/ament_cmake_export_dependencies-extras.cmake\n'}
[4.156450] (px4_msgs) StdoutLine: {'line': b'-- Up-to-date: /home/rschnurr/SkyClaw-Team1/ros2_ws/install/px4_msgs/share/px4_msgs/cmake/ament_cmake_export_include_directories-extras.cmake\n'}
[4.156875] (px4_msgs) StdoutLine: {'line': b'-- Up-to-date: /home/rschnurr/SkyClaw-Team1/ros2_ws/install/px4_msgs/share/px4_msgs/cmake/ament_cmake_export_libraries-extras.cmake\n'}
[4.157354] (px4_msgs) StdoutLine: {'line': b'-- Up-to-date: /home/rschnurr/SkyClaw-Team1/ros2_ws/install/px4_msgs/share/px4_msgs/cmake/ament_cmake_export_targets-extras.cmake\n'}
[4.157760] (px4_msgs) StdoutLine: {'line': b'-- Up-to-date: /home/rschnurr/SkyClaw-Team1/ros2_ws/install/px4_msgs/share/px4_msgs/cmake/rosidl_cmake_export_typesupport_targets-extras.cmake\n'}
[4.158228] (px4_msgs) StdoutLine: {'line': b'-- Up-to-date: /home/rschnurr/SkyClaw-Team1/ros2_ws/install/px4_msgs/share/px4_msgs/cmake/rosidl_cmake_export_typesupport_libraries-extras.cmake\n'}
[4.158589] (px4_msgs) StdoutLine: {'line': b'-- Up-to-date: /home/rschnurr/SkyClaw-Team1/ros2_ws/install/px4_msgs/share/px4_msgs/cmake/px4_msgsConfig.cmake\n'}
[4.159572] (px4_msgs) StdoutLine: {'line': b'-- Up-to-date: /home/rschnurr/SkyClaw-Team1/ros2_ws/install/px4_msgs/share/px4_msgs/cmake/px4_msgsConfig-version.cmake\n'}
[4.160842] (px4_msgs) StdoutLine: {'line': b'-- Up-to-date: /home/rschnurr/SkyClaw-Team1/ros2_ws/install/px4_msgs/share/px4_msgs/package.xml\n'}
[4.161245] (px4_msgs) CommandEnded: {'returncode': 0}
[4.162065] (px4_msgs) JobEnded: {'identifier': 'px4_msgs', 'rc': 0}
[4.165158] (go_green) JobStarted: {'identifier': 'go_green'}
[4.173376] (px4_ros_com) JobStarted: {'identifier': 'px4_ros_com'}
[4.234780] (-) TimerEvent: {}
[4.335599] (-) TimerEvent: {}
[4.436458] (-) TimerEvent: {}
[4.537444] (-) TimerEvent: {}
[4.638514] (-) TimerEvent: {}
[4.739392] (-) TimerEvent: {}
[4.840424] (-) TimerEvent: {}
[4.895043] (px4_ros_com) JobProgress: {'identifier': 'px4_ros_com', 'progress': 'cmake'}
[4.896704] (px4_ros_com) JobProgress: {'identifier': 'px4_ros_com', 'progress': 'build'}
[4.897563] (px4_ros_com) Command: {'cmd': ['/usr/bin/cmake', '--build', '/home/rschnurr/SkyClaw-Team1/ros2_ws/build/px4_ros_com', '--', '-j16', '-l16'], 'cwd': '/home/rschnurr/SkyClaw-Team1/ros2_ws/build/px4_ros_com', 'env': OrderedDict([('LESSOPEN', '| /usr/bin/lesspipe %s'), ('USER', 'rschnurr'), ('SHLVL', '1'), ('LD_LIBRARY_PATH', '/home/rschnurr/SkyClaw-Team1/ros2_ws/install/px4_msgs/lib:/home/rschnurr/SkyClaw-Team1/ros2_ws/install/px4_ros_com/lib:/usr/lib/x86_64-linux-gnu/gazebo-11/plugins:/opt/ros/humble/opt/rviz_ogre_vendor/lib:/opt/ros/humble/lib/x86_64-linux-gnu:/opt/ros/humble/lib'), ('WT_PROFILE_ID', '{61c54bbd-c2c6-5271-96e7-009a87ff44bf}'), ('HOME', '/home/rschnurr'), ('OLDPWD', '/home/rschnurr/SkyClaw-Team1/ros2_ws/src/go_green'), ('ROS_PYTHON_VERSION', '3'), ('DBUS_SESSION_BUS_ADDRESS', 'unix:path=/run/user/1000/bus'), ('WSL_DISTRO_NAME', 'Ubuntu-22.04'), ('WAYLAND_DISPLAY', 'wayland-0'), ('COLCON_PREFIX_PATH', '/home/rschnurr/SkyClaw-Team1/ros2_ws/install'), ('ROS_DISTRO', 'humble'), ('LOGNAME', 'rschnurr'), ('NAME', 'Roberts-Laptop'), ('WSL_INTEROP', '/run/WSL/488_interop'), ('PULSE_SERVER', 'unix:/mnt/wslg/PulseServer'), ('_', '/usr/bin/colcon'), ('ROS_VERSION', '2'), ('TERM', 'xterm-256color'), ('PX4_SITL_WORLD', 'aruco_with_green'), ('ROS_LOCALHOST_ONLY', '0'), ('PATH', '/home/rschnurr/.local/bin:/opt/ros/humble/bin:/usr/local/sbin:/usr/local/bin:/usr/sbin:/usr/bin:/sbin:/bin:/usr/games:/usr/local/games:/usr/lib/wsl/lib:/mnt/c/gstreamer/1.0/msvc_x86_64/bin:/mnt/c/Program Files (x86)/Common Files/Oracle/Java/javapath:/mnt/c/Windows/system32:/mnt/c/Windows:/mnt/c/Windows/System32/Wbem:/mnt/c/Windows/System32/WindowsPowerShell/v1.0/:/mnt/c/Windows/System32/OpenSSH/:/mnt/c/Program Files/PuTTY/:/mnt/c/Program Files/Git/cmd:/mnt/c/Program Files/WireGuard/:/mnt/c/Users/rschn/AppData/Local/Microsoft/WindowsApps:/mnt/c/Users/rschn/AppData/Local/Programs/Microsoft VS Code/bin:/mnt/c/Users/rschn/AppData/Local/Google/Cloud SDK/google-cloud-sdk/bin:/snap/bin:/opt/xtensa-esp-elf/bin/'), ('WT_SESSION', 'e2abcb17-de82-49e3-8f26-20b56fb37b11'), ('XDG_RUNTIME_DIR', '/run/user/1000/'), ('DISPLAY', ':0'), ('LANG', 'en_US.UTF-8'), ('LS_COLORS', 'rs=0:di=01;34:ln=01;36:mh=00:pi=40;33:so=01;35:do=01;35:bd=40;33;01:cd=40;33;01:or=40;31;01:mi=00:su=37;41:sg=30;43:ca=30;41:tw=30;42:ow=34;42:st=37;44:ex=01;32:*.tar=01;31:*.tgz=01;31:*.arc=01;31:*.arj=01;31:*.taz=01;31:*.lha=01;31:*.lz4=01;31:*.lzh=01;31:*.lzma=01;31:*.tlz=01;31:*.txz=01;31:*.tzo=01;31:*.t7z=01;31:*.zip=01;31:*.z=01;31:*.dz=01;31:*.gz=01;31:*.lrz=01;31:*.lz=01;31:*.lzo=01;31:*.xz=01;31:*.zst=01;31:*.tzst=01;31:*.bz2=01;31:*.bz=01;31:*.tbz=01;31:*.tbz2=01;31:*.tz=01;31:*.deb=01;31:*.rpm=01;31:*.jar=01;31:*.war=01;31:*.ear=01;31:*.sar=01;31:*.rar=01;31:*.alz=01;31:*.ace=01;31:*.zoo=01;31:*.cpio=01;31:*.7z=01;31:*.rz=01;31:*.cab=01;31:*.wim=01;31:*.swm=01;31:*.dwm=01;31:*.esd=01;31:*.jpg=01;35:*.jpeg=01;35:*.mjpg=01;35:*.mjpeg=01;35:*.gif=01;35:*.bmp=01;35:*.pbm=01;35:*.pgm=01;35:*.ppm=01;35:*.tga=01;35:*.xbm=01;35:*.xpm=01;35:*.tif=01;35:*.tiff=01;35:*.png=01;35:*.svg=01;35:*.svgz=01;35:*.mng=01;35:*.pcx=01;35:*.mov=01;35:*.mpg=01;35:*.mpeg=01;35:*.m2v=01;35:*.mkv=01;35:*.webm=01;35:*.webp=01;35:*.ogm=01;35:*.mp4=01;35:*.m4v=01;35:*.mp4v=01;35:*.vob=01;35:*.qt=01;35:*.nuv=01;35:*.wmv=01;35:*.asf=01;35:*.rm=01;35:*.rmvb=01;35:*.flc=01;35:*.avi=01;35:*.fli=01;35:*.flv=01;35:*.gl=01;35:*.dl=01;35:*.xcf=01;35:*.xwd=01;35:*.yuv=01;35:*.cgm=01;35:*.emf=01;35:*.ogv=01;35:*.ogx=01;35:*.aac=00;36:*.au=00;36:*.flac=00;36:*.m4a=00;36:*.mid=00;36:*.midi=00;36:*.mka=00;36:*.mp3=00;36:*.mpc=00;36:*.ogg=00;36:*.ra=00;36:*.wav=00;36:*.oga=00;36:*.opus=00;36:*.spx=00;36:*.xspf=00;36:'), ('AMENT_PREFIX_PATH', '/home/rschnurr/SkyClaw-Team1/ros2_ws/install/px4_ros_com:/home/rschnurr/SkyClaw-Team1/ros2_ws/install/go_green:/home/rschnurr/SkyClaw-Team1/ros2_ws/install/px4_msgs:/opt/ros/humble'), ('SHELL', '/bin/bash'), ('LESSCLOSE', '/usr/bin/lesspipe %s %s'), ('PWD', '/home/rschnurr/SkyClaw-Team1/ros2_ws/build/px4_ros_com'), ('GAZEBO_PLUGIN_PATH', ':/opt/ros/humble/lib'), ('XDG_DATA_DIRS', '/usr/local/share:/usr/share:/var/lib/snapd/desktop'), ('PYTHONPATH', '/home/rschnurr/SkyClaw-Team1/ros2_ws/install/px4_ros_com/local/lib/python3.10/dist-packages:/home/rschnurr/SkyClaw-Team1/ros2_ws/install/go_green/lib/python3.10/site-packages:/home/rschnurr/SkyClaw-Team1/ros2_ws/install/px4_msgs/local/lib/python3.10/dist-packages:/opt/ros/humble/lib/python3.10/site-packages:/opt/ros/humble/local/lib/python3.10/dist-packages'), ('COLCON', '1'), ('WSL2_GUI_APPS_ENABLED', '1'), ('HOSTTYPE', 'x86_64'), ('CMAKE_PREFIX_PATH', '/home/rschnurr/SkyClaw-Team1/ros2_ws/install/px4_msgs:/home/rschnurr/SkyClaw-Team1/ros2_ws/install/px4_ros_com:/home/rschnurr/SkyClaw-Team1/ros2_ws/install/go_green:/opt/ros/humble'), ('WSLENV', 'WT_SESSION:WT_PROFILE_ID:')]), 'shell': False}
[4.941177] (-) TimerEvent: {}
[5.035599] (px4_ros_com) StdoutLine: {'line': b'[ 16%] Built target debug_vect_advertiser\n'}
[5.036383] (px4_ros_com) StdoutLine: {'line': b'[ 41%] Built target vehicle_gps_position_listener\n'}
[5.036684] (px4_ros_com) StdoutLine: {'line': b'[ 50%] Built target offboard_control_srv\n'}
[5.037110] (px4_ros_com) StdoutLine: {'line': b'[ 75%] Built target sensor_combined_listener\n'}
[5.037607] (px4_ros_com) StdoutLine: {'line': b'[ 83%] Built target frame_transforms\n'}
[5.041482] (-) TimerEvent: {}
[5.050263] (px4_ros_com) StdoutLine: {'line': b'[100%] Built target offboard_control\n'}
[5.052513] (px4_ros_com) StdoutLine: {'line': b'[100%] Built target ament_cmake_python_copy_px4_ros_com\n'}
[5.141877] (-) TimerEvent: {}
[5.242661] (-) TimerEvent: {}
[5.343502] (-) TimerEvent: {}
[5.444566] (-) TimerEvent: {}
[5.545644] (-) TimerEvent: {}
[5.592475] (px4_ros_com) StdoutLine: {'line': b'running egg_info\n'}
[5.625791] (px4_ros_com) StdoutLine: {'line': b'writing px4_ros_com.egg-info/PKG-INFO\n'}
[5.627566] (px4_ros_com) StdoutLine: {'line': b'writing dependency_links to px4_ros_com.egg-info/dependency_links.txt\n'}
[5.628156] (px4_ros_com) StdoutLine: {'line': b'writing top-level names to px4_ros_com.egg-info/top_level.txt\n'}
[5.646122] (-) TimerEvent: {}
[5.747333] (-) TimerEvent: {}
[5.750720] (px4_ros_com) StdoutLine: {'line': b"reading manifest file 'px4_ros_com.egg-info/SOURCES.txt'\n"}
[5.753333] (px4_ros_com) StdoutLine: {'line': b"writing manifest file 'px4_ros_com.egg-info/SOURCES.txt'\n"}
[5.847631] (-) TimerEvent: {}
[5.862862] (px4_ros_com) StdoutLine: {'line': b'[100%] Built target ament_cmake_python_build_px4_ros_com_egg\n'}
[5.895748] (px4_ros_com) CommandEnded: {'returncode': 0}
[5.897457] (px4_ros_com) JobProgress: {'identifier': 'px4_ros_com', 'progress': 'install'}
[5.899250] (px4_ros_com) Command: {'cmd': ['/usr/bin/cmake', '--install', '/home/rschnurr/SkyClaw-Team1/ros2_ws/build/px4_ros_com'], 'cwd': '/home/rschnurr/SkyClaw-Team1/ros2_ws/build/px4_ros_com', 'env': OrderedDict([('LESSOPEN', '| /usr/bin/lesspipe %s'), ('USER', 'rschnurr'), ('SHLVL', '1'), ('LD_LIBRARY_PATH', '/home/rschnurr/SkyClaw-Team1/ros2_ws/install/px4_msgs/lib:/home/rschnurr/SkyClaw-Team1/ros2_ws/install/px4_ros_com/lib:/usr/lib/x86_64-linux-gnu/gazebo-11/plugins:/opt/ros/humble/opt/rviz_ogre_vendor/lib:/opt/ros/humble/lib/x86_64-linux-gnu:/opt/ros/humble/lib'), ('WT_PROFILE_ID', '{61c54bbd-c2c6-5271-96e7-009a87ff44bf}'), ('HOME', '/home/rschnurr'), ('OLDPWD', '/home/rschnurr/SkyClaw-Team1/ros2_ws/src/go_green'), ('ROS_PYTHON_VERSION', '3'), ('DBUS_SESSION_BUS_ADDRESS', 'unix:path=/run/user/1000/bus'), ('WSL_DISTRO_NAME', 'Ubuntu-22.04'), ('WAYLAND_DISPLAY', 'wayland-0'), ('COLCON_PREFIX_PATH', '/home/rschnurr/SkyClaw-Team1/ros2_ws/install'), ('ROS_DISTRO', 'humble'), ('LOGNAME', 'rschnurr'), ('NAME', 'Roberts-Laptop'), ('WSL_INTEROP', '/run/WSL/488_interop'), ('PULSE_SERVER', 'unix:/mnt/wslg/PulseServer'), ('_', '/usr/bin/colcon'), ('ROS_VERSION', '2'), ('TERM', 'xterm-256color'), ('PX4_SITL_WORLD', 'aruco_with_green'), ('ROS_LOCALHOST_ONLY', '0'), ('PATH', '/home/rschnurr/.local/bin:/opt/ros/humble/bin:/usr/local/sbin:/usr/local/bin:/usr/sbin:/usr/bin:/sbin:/bin:/usr/games:/usr/local/games:/usr/lib/wsl/lib:/mnt/c/gstreamer/1.0/msvc_x86_64/bin:/mnt/c/Program Files (x86)/Common Files/Oracle/Java/javapath:/mnt/c/Windows/system32:/mnt/c/Windows:/mnt/c/Windows/System32/Wbem:/mnt/c/Windows/System32/WindowsPowerShell/v1.0/:/mnt/c/Windows/System32/OpenSSH/:/mnt/c/Program Files/PuTTY/:/mnt/c/Program Files/Git/cmd:/mnt/c/Program Files/WireGuard/:/mnt/c/Users/rschn/AppData/Local/Microsoft/WindowsApps:/mnt/c/Users/rschn/AppData/Local/Programs/Microsoft VS Code/bin:/mnt/c/Users/rschn/AppData/Local/Google/Cloud SDK/google-cloud-sdk/bin:/snap/bin:/opt/xtensa-esp-elf/bin/'), ('WT_SESSION', 'e2abcb17-de82-49e3-8f26-20b56fb37b11'), ('XDG_RUNTIME_DIR', '/run/user/1000/'), ('DISPLAY', ':0'), ('LANG', 'en_US.UTF-8'), ('LS_COLORS', 'rs=0:di=01;34:ln=01;36:mh=00:pi=40;33:so=01;35:do=01;35:bd=40;33;01:cd=40;33;01:or=40;31;01:mi=00:su=37;41:sg=30;43:ca=30;41:tw=30;42:ow=34;42:st=37;44:ex=01;32:*.tar=01;31:*.tgz=01;31:*.arc=01;31:*.arj=01;31:*.taz=01;31:*.lha=01;31:*.lz4=01;31:*.lzh=01;31:*.lzma=01;31:*.tlz=01;31:*.txz=01;31:*.tzo=01;31:*.t7z=01;31:*.zip=01;31:*.z=01;31:*.dz=01;31:*.gz=01;31:*.lrz=01;31:*.lz=01;31:*.lzo=01;31:*.xz=01;31:*.zst=01;31:*.tzst=01;31:*.bz2=01;31:*.bz=01;31:*.tbz=01;31:*.tbz2=01;31:*.tz=01;31:*.deb=01;31:*.rpm=01;31:*.jar=01;31:*.war=01;31:*.ear=01;31:*.sar=01;31:*.rar=01;31:*.alz=01;31:*.ace=01;31:*.zoo=01;31:*.cpio=01;31:*.7z=01;31:*.rz=01;31:*.cab=01;31:*.wim=01;31:*.swm=01;31:*.dwm=01;31:*.esd=01;31:*.jpg=01;35:*.jpeg=01;35:*.mjpg=01;35:*.mjpeg=01;35:*.gif=01;35:*.bmp=01;35:*.pbm=01;35:*.pgm=01;35:*.ppm=01;35:*.tga=01;35:*.xbm=01;35:*.xpm=01;35:*.tif=01;35:*.tiff=01;35:*.png=01;35:*.svg=01;35:*.svgz=01;35:*.mng=01;35:*.pcx=01;35:*.mov=01;35:*.mpg=01;35:*.mpeg=01;35:*.m2v=01;35:*.mkv=01;35:*.webm=01;35:*.webp=01;35:*.ogm=01;35:*.mp4=01;35:*.m4v=01;35:*.mp4v=01;35:*.vob=01;35:*.qt=01;35:*.nuv=01;35:*.wmv=01;35:*.asf=01;35:*.rm=01;35:*.rmvb=01;35:*.flc=01;35:*.avi=01;35:*.fli=01;35:*.flv=01;35:*.gl=01;35:*.dl=01;35:*.xcf=01;35:*.xwd=01;35:*.yuv=01;35:*.cgm=01;35:*.emf=01;35:*.ogv=01;35:*.ogx=01;35:*.aac=00;36:*.au=00;36:*.flac=00;36:*.m4a=00;36:*.mid=00;36:*.midi=00;36:*.mka=00;36:*.mp3=00;36:*.mpc=00;36:*.ogg=00;36:*.ra=00;36:*.wav=00;36:*.oga=00;36:*.opus=00;36:*.spx=00;36:*.xspf=00;36:'), ('AMENT_PREFIX_PATH', '/home/rschnurr/SkyClaw-Team1/ros2_ws/install/px4_ros_com:/home/rschnurr/SkyClaw-Team1/ros2_ws/install/go_green:/home/rschnurr/SkyClaw-Team1/ros2_ws/install/px4_msgs:/opt/ros/humble'), ('SHELL', '/bin/bash'), ('LESSCLOSE', '/usr/bin/lesspipe %s %s'), ('PWD', '/home/rschnurr/SkyClaw-Team1/ros2_ws/build/px4_ros_com'), ('GAZEBO_PLUGIN_PATH', ':/opt/ros/humble/lib'), ('XDG_DATA_DIRS', '/usr/local/share:/usr/share:/var/lib/snapd/desktop'), ('PYTHONPATH', '/home/rschnurr/SkyClaw-Team1/ros2_ws/install/px4_ros_com/local/lib/python3.10/dist-packages:/home/rschnurr/SkyClaw-Team1/ros2_ws/install/go_green/lib/python3.10/site-packages:/home/rschnurr/SkyClaw-Team1/ros2_ws/install/px4_msgs/local/lib/python3.10/dist-packages:/opt/ros/humble/lib/python3.10/site-packages:/opt/ros/humble/local/lib/python3.10/dist-packages'), ('COLCON', '1'), ('WSL2_GUI_APPS_ENABLED', '1'), ('HOSTTYPE', 'x86_64'), ('CMAKE_PREFIX_PATH', '/home/rschnurr/SkyClaw-Team1/ros2_ws/install/px4_msgs:/home/rschnurr/SkyClaw-Team1/ros2_ws/install/px4_ros_com:/home/rschnurr/SkyClaw-Team1/ros2_ws/install/go_green:/opt/ros/humble'), ('WSLENV', 'WT_SESSION:WT_PROFILE_ID:')]), 'shell': False}
[5.922957] (px4_ros_com) StdoutLine: {'line': b'-- Install configuration: ""\n'}
[5.923910] (px4_ros_com) StdoutLine: {'line': b'-- Up-to-date: /home/rschnurr/SkyClaw-Team1/ros2_ws/install/px4_ros_com/lib/px4_ros_com/sensor_combined_listener\n'}
[5.924774] (px4_ros_com) StdoutLine: {'line': b'-- Up-to-date: /home/rschnurr/SkyClaw-Team1/ros2_ws/install/px4_ros_com/lib/px4_ros_com/vehicle_gps_position_listener\n'}
[5.927144] (px4_ros_com) StdoutLine: {'line': b'-- Up-to-date: /home/rschnurr/SkyClaw-Team1/ros2_ws/install/px4_ros_com/lib/px4_ros_com/debug_vect_advertiser\n'}
[5.928011] (px4_ros_com) StdoutLine: {'line': b'-- Up-to-date: /home/rschnurr/SkyClaw-Team1/ros2_ws/install/px4_ros_com/lib/px4_ros_com/offboard_control\n'}
[5.928803] (px4_ros_com) StdoutLine: {'line': b'-- Up-to-date: /home/rschnurr/SkyClaw-Team1/ros2_ws/install/px4_ros_com/lib/px4_ros_com/offboard_control_srv\n'}
[5.929349] (px4_ros_com) StdoutLine: {'line': b'-- Up-to-date: /home/rschnurr/SkyClaw-Team1/ros2_ws/install/px4_ros_com/share/px4_ros_com/environment/library_path.sh\n'}
[5.929510] (px4_ros_com) StdoutLine: {'line': b'-- Up-to-date: /home/rschnurr/SkyClaw-Team1/ros2_ws/install/px4_ros_com/share/px4_ros_com/environment/library_path.dsv\n'}
[5.929961] (px4_ros_com) StdoutLine: {'line': b'-- Up-to-date: /home/rschnurr/SkyClaw-Team1/ros2_ws/install/px4_ros_com/include/px4_ros_com\n'}
[5.930639] (px4_ros_com) StdoutLine: {'line': b'-- Up-to-date: /home/rschnurr/SkyClaw-Team1/ros2_ws/install/px4_ros_com/include/px4_ros_com/frame_transforms.h:Zone.Identifier\n'}
[5.930919] (px4_ros_com) StdoutLine: {'line': b'-- Up-to-date: /home/rschnurr/SkyClaw-Team1/ros2_ws/install/px4_ros_com/include/px4_ros_com/frame_transforms.h\n'}
[5.931321] (px4_ros_com) StdoutLine: {'line': b'-- Up-to-date: /home/rschnurr/SkyClaw-Team1/ros2_ws/install/px4_ros_com/lib/libframe_transforms.so\n'}
[5.932972] (px4_ros_com) StdoutLine: {'line': b'-- Up-to-date: /home/rschnurr/SkyClaw-Team1/ros2_ws/install/px4_ros_com/share/px4_ros_com//launch\n'}
[5.933200] (px4_ros_com) StdoutLine: {'line': b'-- Up-to-date: /home/rschnurr/SkyClaw-Team1/ros2_ws/install/px4_ros_com/share/px4_ros_com//launch/offboard_control_launch.yaml\n'}
[5.933483] (px4_ros_com) StdoutLine: {'line': b'-- Up-to-date: /home/rschnurr/SkyClaw-Team1/ros2_ws/install/px4_ros_com/share/px4_ros_com//launch/sensor_combined_listener.launch.py:Zone.Identifier\n'}
[5.934247] (px4_ros_com) StdoutLine: {'line': b'-- Up-to-date: /home/rschnurr/SkyClaw-Team1/ros2_ws/install/px4_ros_com/share/px4_ros_com//launch/sensor_combined_listener.launch.py\n'}
[5.934456] (px4_ros_com) StdoutLine: {'line': b'-- Up-to-date: /home/rschnurr/SkyClaw-Team1/ros2_ws/install/px4_ros_com/share/px4_ros_com//launch/offboard_control_launch.yaml:Zone.Identifier\n'}
[5.934729] (px4_ros_com) StdoutLine: {'line': b'-- Up-to-date: /home/rschnurr/SkyClaw-Team1/ros2_ws/install/px4_ros_com/share/px4_ros_com//test\n'}
[5.935346] (px4_ros_com) StdoutLine: {'line': b'-- Up-to-date: /home/rschnurr/SkyClaw-Team1/ros2_ws/install/px4_ros_com/share/px4_ros_com//test/__init__.py:Zone.Identifier\n'}
[5.935574] (px4_ros_com) StdoutLine: {'line': b'-- Up-to-date: /home/rschnurr/SkyClaw-Team1/ros2_ws/install/px4_ros_com/share/px4_ros_com//test/test_input.py:Zone.Identifier\n'}
[5.935906] (px4_ros_com) StdoutLine: {'line': b'-- Up-to-date: /home/rschnurr/SkyClaw-Team1/ros2_ws/install/px4_ros_com/share/px4_ros_com//test/test_output.py\n'}
[5.936247] (px4_ros_com) StdoutLine: {'line': b'-- Up-to-date: /home/rschnurr/SkyClaw-Team1/ros2_ws/install/px4_ros_com/share/px4_ros_com//test/pipeline_io_test.py:Zone.Identifier\n'}
[5.936465] (px4_ros_com) StdoutLine: {'line': b'-- Up-to-date: /home/rschnurr/SkyClaw-Team1/ros2_ws/install/px4_ros_com/share/px4_ros_com//test/pipeline_io_test.py\n'}
[5.937230] (px4_ros_com) StdoutLine: {'line': b'-- Up-to-date: /home/rschnurr/SkyClaw-Team1/ros2_ws/install/px4_ros_com/share/px4_ros_com//test/__init__.py\n'}
[5.937355] (px4_ros_com) StdoutLine: {'line': b'-- Up-to-date: /home/rschnurr/SkyClaw-Team1/ros2_ws/install/px4_ros_com/share/px4_ros_com//test/test_output.py:Zone.Identifier\n'}
[5.937437] (px4_ros_com) StdoutLine: {'line': b'-- Up-to-date: /home/rschnurr/SkyClaw-Team1/ros2_ws/install/px4_ros_com/share/px4_ros_com//test/test_input.py\n'}
[5.937615] (px4_ros_com) StdoutLine: {'line': b'-- Up-to-date: /home/rschnurr/SkyClaw-Team1/ros2_ws/install/px4_ros_com/share/px4_ros_com/environment/pythonpath.sh\n'}
[5.937708] (px4_ros_com) StdoutLine: {'line': b'-- Up-to-date: /home/rschnurr/SkyClaw-Team1/ros2_ws/install/px4_ros_com/share/px4_ros_com/environment/pythonpath.dsv\n'}
[5.937847] (px4_ros_com) StdoutLine: {'line': b'-- Up-to-date: /home/rschnurr/SkyClaw-Team1/ros2_ws/install/px4_ros_com/local/lib/python3.10/dist-packages/px4_ros_com-0.1.0-py3.10.egg-info\n'}
[5.937925] (px4_ros_com) StdoutLine: {'line': b'-- Installing: /home/rschnurr/SkyClaw-Team1/ros2_ws/install/px4_ros_com/local/lib/python3.10/dist-packages/px4_ros_com-0.1.0-py3.10.egg-info/SOURCES.txt\n'}
[5.938003] (px4_ros_com) StdoutLine: {'line': b'-- Installing: /home/rschnurr/SkyClaw-Team1/ros2_ws/install/px4_ros_com/local/lib/python3.10/dist-packages/px4_ros_com-0.1.0-py3.10.egg-info/dependency_links.txt\n'}
[5.938055] (px4_ros_com) StdoutLine: {'line': b'-- Installing: /home/rschnurr/SkyClaw-Team1/ros2_ws/install/px4_ros_com/local/lib/python3.10/dist-packages/px4_ros_com-0.1.0-py3.10.egg-info/PKG-INFO\n'}
[5.938104] (px4_ros_com) StdoutLine: {'line': b'-- Installing: /home/rschnurr/SkyClaw-Team1/ros2_ws/install/px4_ros_com/local/lib/python3.10/dist-packages/px4_ros_com-0.1.0-py3.10.egg-info/top_level.txt\n'}
[5.938153] (px4_ros_com) StdoutLine: {'line': b'-- Up-to-date: /home/rschnurr/SkyClaw-Team1/ros2_ws/install/px4_ros_com/local/lib/python3.10/dist-packages/px4_ros_com\n'}
[5.938203] (px4_ros_com) StdoutLine: {'line': b'-- Up-to-date: /home/rschnurr/SkyClaw-Team1/ros2_ws/install/px4_ros_com/local/lib/python3.10/dist-packages/px4_ros_com/module_to_import.py\n'}
[5.938251] (px4_ros_com) StdoutLine: {'line': b'-- Up-to-date: /home/rschnurr/SkyClaw-Team1/ros2_ws/install/px4_ros_com/local/lib/python3.10/dist-packages/px4_ros_com/__init__.py:Zone.Identifier\n'}
[5.938298] (px4_ros_com) StdoutLine: {'line': b'-- Up-to-date: /home/rschnurr/SkyClaw-Team1/ros2_ws/install/px4_ros_com/local/lib/python3.10/dist-packages/px4_ros_com/__init__.py\n'}
[5.938345] (px4_ros_com) StdoutLine: {'line': b'-- Up-to-date: /home/rschnurr/SkyClaw-Team1/ros2_ws/install/px4_ros_com/local/lib/python3.10/dist-packages/px4_ros_com/module_to_import.py:Zone.Identifier\n'}
[5.947928] (-) TimerEvent: {}
[6.021124] (px4_ros_com) StdoutLine: {'line': b"Listing '/home/rschnurr/SkyClaw-Team1/ros2_ws/install/px4_ros_com/local/lib/python3.10/dist-packages/px4_ros_com'...\n"}
[6.034912] (px4_ros_com) StdoutLine: {'line': b'-- Up-to-date: /home/rschnurr/SkyClaw-Team1/ros2_ws/install/px4_ros_com/lib/px4_ros_com/offboard_control.py\n'}
[6.036027] (px4_ros_com) StdoutLine: {'line': b'-- Up-to-date: /home/rschnurr/SkyClaw-Team1/ros2_ws/install/px4_ros_com/share/ament_index/resource_index/package_run_dependencies/px4_ros_com\n'}
[6.036596] (px4_ros_com) StdoutLine: {'line': b'-- Up-to-date: /home/rschnurr/SkyClaw-Team1/ros2_ws/install/px4_ros_com/share/ament_index/resource_index/parent_prefix_path/px4_ros_com\n'}
[6.037076] (px4_ros_com) StdoutLine: {'line': b'-- Up-to-date: /home/rschnurr/SkyClaw-Team1/ros2_ws/install/px4_ros_com/share/px4_ros_com/environment/ament_prefix_path.sh\n'}
[6.037347] (px4_ros_com) StdoutLine: {'line': b'-- Up-to-date: /home/rschnurr/SkyClaw-Team1/ros2_ws/install/px4_ros_com/share/px4_ros_com/environment/ament_prefix_path.dsv\n'}
[6.038022] (px4_ros_com) StdoutLine: {'line': b'-- Up-to-date: /home/rschnurr/SkyClaw-Team1/ros2_ws/install/px4_ros_com/share/px4_ros_com/environment/path.sh\n'}
[6.038509] (px4_ros_com) StdoutLine: {'line': b'-- Up-to-date: /home/rschnurr/SkyClaw-Team1/ros2_ws/install/px4_ros_com/share/px4_ros_com/environment/path.dsv\n'}
[6.038971] (px4_ros_com) StdoutLine: {'line': b'-- Up-to-date: /home/rschnurr/SkyClaw-Team1/ros2_ws/install/px4_ros_com/share/px4_ros_com/local_setup.bash\n'}
[6.039729] (px4_ros_com) StdoutLine: {'line': b'-- Up-to-date: /home/rschnurr/SkyClaw-Team1/ros2_ws/install/px4_ros_com/share/px4_ros_com/local_setup.sh\n'}
[6.039834] (px4_ros_com) StdoutLine: {'line': b'-- Up-to-date: /home/rschnurr/SkyClaw-Team1/ros2_ws/install/px4_ros_com/share/px4_ros_com/local_setup.zsh\n'}
[6.039910] (px4_ros_com) StdoutLine: {'line': b'-- Up-to-date: /home/rschnurr/SkyClaw-Team1/ros2_ws/install/px4_ros_com/share/px4_ros_com/local_setup.dsv\n'}
[6.039964] (px4_ros_com) StdoutLine: {'line': b'-- Installing: /home/rschnurr/SkyClaw-Team1/ros2_ws/install/px4_ros_com/share/px4_ros_com/package.dsv\n'}
[6.040020] (px4_ros_com) StdoutLine: {'line': b'-- Up-to-date: /home/rschnurr/SkyClaw-Team1/ros2_ws/install/px4_ros_com/share/ament_index/resource_index/packages/px4_ros_com\n'}
[6.040074] (px4_ros_com) StdoutLine: {'line': b'-- Up-to-date: /home/rschnurr/SkyClaw-Team1/ros2_ws/install/px4_ros_com/share/px4_ros_com/cmake/export_frame_transformsExport.cmake\n'}
[6.040126] (px4_ros_com) StdoutLine: {'line': b'-- Up-to-date: /home/rschnurr/SkyClaw-Team1/ros2_ws/install/px4_ros_com/share/px4_ros_com/cmake/export_frame_transformsExport-noconfig.cmake\n'}
[6.040177] (px4_ros_com) StdoutLine: {'line': b'-- Up-to-date: /home/rschnurr/SkyClaw-Team1/ros2_ws/install/px4_ros_com/share/px4_ros_com/cmake/ament_cmake_export_dependencies-extras.cmake\n'}
[6.040224] (px4_ros_com) StdoutLine: {'line': b'-- Up-to-date: /home/rschnurr/SkyClaw-Team1/ros2_ws/install/px4_ros_com/share/px4_ros_com/cmake/ament_cmake_export_targets-extras.cmake\n'}
[6.040272] (px4_ros_com) StdoutLine: {'line': b'-- Up-to-date: /home/rschnurr/SkyClaw-Team1/ros2_ws/install/px4_ros_com/share/px4_ros_com/cmake/ament_cmake_export_include_directories-extras.cmake\n'}
[6.040319] (px4_ros_com) StdoutLine: {'line': b'-- Up-to-date: /home/rschnurr/SkyClaw-Team1/ros2_ws/install/px4_ros_com/share/px4_ros_com/cmake/ament_cmake_export_libraries-extras.cmake\n'}
[6.040368] (px4_ros_com) StdoutLine: {'line': b'-- Up-to-date: /home/rschnurr/SkyClaw-Team1/ros2_ws/install/px4_ros_com/share/px4_ros_com/cmake/px4_ros_comConfig.cmake\n'}
[6.040415] (px4_ros_com) StdoutLine: {'line': b'-- Up-to-date: /home/rschnurr/SkyClaw-Team1/ros2_ws/install/px4_ros_com/share/px4_ros_com/cmake/px4_ros_comConfig-version.cmake\n'}
[6.040461] (px4_ros_com) StdoutLine: {'line': b'-- Up-to-date: /home/rschnurr/SkyClaw-Team1/ros2_ws/install/px4_ros_com/share/px4_ros_com/package.xml\n'}
[6.044203] (px4_ros_com) CommandEnded: {'returncode': 0}
[6.048725] (-) TimerEvent: {}
[6.089865] (px4_ros_com) JobEnded: {'identifier': 'px4_ros_com', 'rc': 0}
[6.149379] (-) TimerEvent: {}
[6.173135] (go_green) Command: {'cmd': ['/usr/bin/python3', '-W', 'ignore:setup.py install is deprecated', '-W', 'ignore:easy_install command is deprecated', 'setup.py', 'egg_info', '--egg-base', '../../build/go_green', 'build', '--build-base', '/home/rschnurr/SkyClaw-Team1/ros2_ws/build/go_green/build', 'install', '--record', '/home/rschnurr/SkyClaw-Team1/ros2_ws/build/go_green/install.log', '--single-version-externally-managed', 'install_data'], 'cwd': '/home/rschnurr/SkyClaw-Team1/ros2_ws/src/go_green', 'env': {'LESSOPEN': '| /usr/bin/lesspipe %s', 'USER': 'rschnurr', 'SHLVL': '1', 'LD_LIBRARY_PATH': '/home/rschnurr/SkyClaw-Team1/ros2_ws/install/px4_msgs/lib:/home/rschnurr/SkyClaw-Team1/ros2_ws/install/px4_ros_com/lib:/usr/lib/x86_64-linux-gnu/gazebo-11/plugins:/opt/ros/humble/opt/rviz_ogre_vendor/lib:/opt/ros/humble/lib/x86_64-linux-gnu:/opt/ros/humble/lib', 'WT_PROFILE_ID': '{61c54bbd-c2c6-5271-96e7-009a87ff44bf}', 'HOME': '/home/rschnurr', 'OLDPWD': '/home/rschnurr/SkyClaw-Team1/ros2_ws/src/go_green', 'ROS_PYTHON_VERSION': '3', 'DBUS_SESSION_BUS_ADDRESS': 'unix:path=/run/user/1000/bus', 'WSL_DISTRO_NAME': 'Ubuntu-22.04', 'WAYLAND_DISPLAY': 'wayland-0', 'COLCON_PREFIX_PATH': '/home/rschnurr/SkyClaw-Team1/ros2_ws/install', 'ROS_DISTRO': 'humble', 'LOGNAME': 'rschnurr', 'NAME': 'Roberts-Laptop', 'WSL_INTEROP': '/run/WSL/488_interop', 'PULSE_SERVER': 'unix:/mnt/wslg/PulseServer', '_': '/usr/bin/colcon', 'ROS_VERSION': '2', 'TERM': 'xterm-256color', 'PX4_SITL_WORLD': 'aruco_with_green', 'ROS_LOCALHOST_ONLY': '0', 'PATH': '/home/rschnurr/.local/bin:/opt/ros/humble/bin:/usr/local/sbin:/usr/local/bin:/usr/sbin:/usr/bin:/sbin:/bin:/usr/games:/usr/local/games:/usr/lib/wsl/lib:/mnt/c/gstreamer/1.0/msvc_x86_64/bin:/mnt/c/Program Files (x86)/Common Files/Oracle/Java/javapath:/mnt/c/Windows/system32:/mnt/c/Windows:/mnt/c/Windows/System32/Wbem:/mnt/c/Windows/System32/WindowsPowerShell/v1.0/:/mnt/c/Windows/System32/OpenSSH/:/mnt/c/Program Files/PuTTY/:/mnt/c/Program Files/Git/cmd:/mnt/c/Program Files/WireGuard/:/mnt/c/Users/rschn/AppData/Local/Microsoft/WindowsApps:/mnt/c/Users/rschn/AppData/Local/Programs/Microsoft VS Code/bin:/mnt/c/Users/rschn/AppData/Local/Google/Cloud SDK/google-cloud-sdk/bin:/snap/bin:/opt/xtensa-esp-elf/bin/', 'WT_SESSION': 'e2abcb17-de82-49e3-8f26-20b56fb37b11', 'XDG_RUNTIME_DIR': '/run/user/1000/', 'DISPLAY': ':0', 'LANG': 'en_US.UTF-8', 'LS_COLORS': 'rs=0:di=01;34:ln=01;36:mh=00:pi=40;33:so=01;35:do=01;35:bd=40;33;01:cd=40;33;01:or=40;31;01:mi=00:su=37;41:sg=30;43:ca=30;41:tw=30;42:ow=34;42:st=37;44:ex=01;32:*.tar=01;31:*.tgz=01;31:*.arc=01;31:*.arj=01;31:*.taz=01;31:*.lha=01;31:*.lz4=01;31:*.lzh=01;31:*.lzma=01;31:*.tlz=01;31:*.txz=01;31:*.tzo=01;31:*.t7z=01;31:*.zip=01;31:*.z=01;31:*.dz=01;31:*.gz=01;31:*.lrz=01;31:*.lz=01;31:*.lzo=01;31:*.xz=01;31:*.zst=01;31:*.tzst=01;31:*.bz2=01;31:*.bz=01;31:*.tbz=01;31:*.tbz2=01;31:*.tz=01;31:*.deb=01;31:*.rpm=01;31:*.jar=01;31:*.war=01;31:*.ear=01;31:*.sar=01;31:*.rar=01;31:*.alz=01;31:*.ace=01;31:*.zoo=01;31:*.cpio=01;31:*.7z=01;31:*.rz=01;31:*.cab=01;31:*.wim=01;31:*.swm=01;31:*.dwm=01;31:*.esd=01;31:*.jpg=01;35:*.jpeg=01;35:*.mjpg=01;35:*.mjpeg=01;35:*.gif=01;35:*.bmp=01;35:*.pbm=01;35:*.pgm=01;35:*.ppm=01;35:*.tga=01;35:*.xbm=01;35:*.xpm=01;35:*.tif=01;35:*.tiff=01;35:*.png=01;35:*.svg=01;35:*.svgz=01;35:*.mng=01;35:*.pcx=01;35:*.mov=01;35:*.mpg=01;35:*.mpeg=01;35:*.m2v=01;35:*.mkv=01;35:*.webm=01;35:*.webp=01;35:*.ogm=01;35:*.mp4=01;35:*.m4v=01;35:*.mp4v=01;35:*.vob=01;35:*.qt=01;35:*.nuv=01;35:*.wmv=01;35:*.asf=01;35:*.rm=01;35:*.rmvb=01;35:*.flc=01;35:*.avi=01;35:*.fli=01;35:*.flv=01;35:*.gl=01;35:*.dl=01;35:*.xcf=01;35:*.xwd=01;35:*.yuv=01;35:*.cgm=01;35:*.emf=01;35:*.ogv=01;35:*.ogx=01;35:*.aac=00;36:*.au=00;36:*.flac=00;36:*.m4a=00;36:*.mid=00;36:*.midi=00;36:*.mka=00;36:*.mp3=00;36:*.mpc=00;36:*.ogg=00;36:*.ra=00;36:*.wav=00;36:*.oga=00;36:*.opus=00;36:*.spx=00;36:*.xspf=00;36:', 'AMENT_PREFIX_PATH': '/home/rschnurr/SkyClaw-Team1/ros2_ws/install/px4_ros_com:/home/rschnurr/SkyClaw-Team1/ros2_ws/install/go_green:/home/rschnurr/SkyClaw-Team1/ros2_ws/install/px4_msgs:/opt/ros/humble', 'SHELL': '/bin/bash', 'LESSCLOSE': '/usr/bin/lesspipe %s %s', 'PWD': '/home/rschnurr/SkyClaw-Team1/ros2_ws/build/go_green', 'GAZEBO_PLUGIN_PATH': ':/opt/ros/humble/lib', 'XDG_DATA_DIRS': '/usr/local/share:/usr/share:/var/lib/snapd/desktop', 'PYTHONPATH': '/home/rschnurr/SkyClaw-Team1/ros2_ws/build/go_green/prefix_override:/usr/lib/python3/dist-packages/colcon_core/task/python/colcon_distutils_commands:/home/rschnurr/SkyClaw-Team1/ros2_ws/install/go_green/lib/python3.10/site-packages:/home/rschnurr/SkyClaw-Team1/ros2_ws/install/px4_ros_com/local/lib/python3.10/dist-packages:/home/rschnurr/SkyClaw-Team1/ros2_ws/install/go_green/lib/python3.10/site-packages:/home/rschnurr/SkyClaw-Team1/ros2_ws/install/px4_msgs/local/lib/python3.10/dist-packages:/opt/ros/humble/lib/python3.10/site-packages:/opt/ros/humble/local/lib/python3.10/dist-packages', 'COLCON': '1', 'WSL2_GUI_APPS_ENABLED': '1', 'HOSTTYPE': 'x86_64', 'CMAKE_PREFIX_PATH': '/home/rschnurr/SkyClaw-Team1/ros2_ws/install/px4_msgs:/home/rschnurr/SkyClaw-Team1/ros2_ws/install/px4_ros_com', 'WSLENV': 'WT_SESSION:WT_PROFILE_ID:'}, 'shell': False}
[6.250136] (-) TimerEvent: {}
[6.352530] (-) TimerEvent: {}
[6.453472] (-) TimerEvent: {}
[6.554462] (-) TimerEvent: {}
[6.655563] (-) TimerEvent: {}
[6.756643] (-) TimerEvent: {}
[6.857743] (-) TimerEvent: {}
[6.897848] (go_green) StdoutLine: {'line': b'running egg_info\n'}
[6.926307] (go_green) StdoutLine: {'line': b'writing ../../build/go_green/go_green.egg-info/PKG-INFO\n'}
[6.930448] (go_green) StdoutLine: {'line': b'writing dependency_links to ../../build/go_green/go_green.egg-info/dependency_links.txt\n'}
[6.931863] (go_green) StdoutLine: {'line': b'writing entry points to ../../build/go_green/go_green.egg-info/entry_points.txt\n'}
[6.933049] (go_green) StdoutLine: {'line': b'writing requirements to ../../build/go_green/go_green.egg-info/requires.txt\n'}
[6.933894] (go_green) StdoutLine: {'line': b'writing top-level names to ../../build/go_green/go_green.egg-info/top_level.txt\n'}
[6.958079] (-) TimerEvent: {}
[7.018788] (go_green) StdoutLine: {'line': b"reading manifest file '../../build/go_green/go_green.egg-info/SOURCES.txt'\n"}
[7.022295] (go_green) StdoutLine: {'line': b"writing manifest file '../../build/go_green/go_green.egg-info/SOURCES.txt'\n"}
[7.022877] (go_green) StdoutLine: {'line': b'running build\n'}
[7.023202] (go_green) StdoutLine: {'line': b'running build_py\n'}
[7.025786] (go_green) StdoutLine: {'line': b'copying go_green/__init__.py -> /home/rschnurr/SkyClaw-Team1/ros2_ws/build/go_green/build/lib/go_green\n'}
[7.026912] (go_green) StdoutLine: {'line': b'copying go_green/green_tracker.py -> /home/rschnurr/SkyClaw-Team1/ros2_ws/build/go_green/build/lib/go_green\n'}
[7.027615] (go_green) StdoutLine: {'line': b'copying go_green/go_green.py -> /home/rschnurr/SkyClaw-Team1/ros2_ws/build/go_green/build/lib/go_green\n'}
[7.029514] (go_green) StdoutLine: {'line': b'copying go_green/go_green_simple.py -> /home/rschnurr/SkyClaw-Team1/ros2_ws/build/go_green/build/lib/go_green\n'}
[7.030764] (go_green) StdoutLine: {'line': b'running install\n'}
[7.041959] (go_green) StdoutLine: {'line': b'running install_lib\n'}
[7.058577] (-) TimerEvent: {}
[7.094847] (go_green) StdoutLine: {'line': b'copying /home/rschnurr/SkyClaw-Team1/ros2_ws/build/go_green/build/lib/go_green/go_green.py -> /home/rschnurr/SkyClaw-Team1/ros2_ws/install/go_green/lib/python3.10/site-packages/go_green\n'}
[7.098440] (go_green) StdoutLine: {'line': b'byte-compiling /home/rschnurr/SkyClaw-Team1/ros2_ws/install/go_green/lib/python3.10/site-packages/go_green/go_green.py to go_green.cpython-310.pyc\n'}
[7.103797] (go_green) StdoutLine: {'line': b'running install_data\n'}
[7.104785] (go_green) StdoutLine: {'line': b'copying resource/go_green -> /home/rschnurr/SkyClaw-Team1/ros2_ws/install/go_green/share/ament_index/resource_index/packages\n'}
[7.105750] (go_green) StdoutLine: {'line': b'copying package.xml -> /home/rschnurr/SkyClaw-Team1/ros2_ws/install/go_green/share/go_green\n'}
[7.106496] (go_green) StdoutLine: {'line': b'copying launch/green.launch.py -> /home/rschnurr/SkyClaw-Team1/ros2_ws/install/go_green/share/go_green/launch\n'}
[7.107808] (go_green) StdoutLine: {'line': b'running install_egg_info\n'}
[7.156983] (go_green) StdoutLine: {'line': b"removing '/home/rschnurr/SkyClaw-Team1/ros2_ws/install/go_green/lib/python3.10/site-packages/go_green-0.0.0-py3.10.egg-info' (and everything under it)\n"}
[7.158931] (-) TimerEvent: {}
[7.161301] (go_green) StdoutLine: {'line': b'Copying ../../build/go_green/go_green.egg-info to /home/rschnurr/SkyClaw-Team1/ros2_ws/install/go_green/lib/python3.10/site-packages/go_green-0.0.0-py3.10.egg-info\n'}
[7.167824] (go_green) StdoutLine: {'line': b'running install_scripts\n'}
[7.252158] (go_green) StdoutLine: {'line': b'Installing go_green script to /home/rschnurr/SkyClaw-Team1/ros2_ws/install/go_green/lib/go_green\n'}
[7.253254] (go_green) StdoutLine: {'line': b'Installing go_green_autoland script to /home/rschnurr/SkyClaw-Team1/ros2_ws/install/go_green/lib/go_green\n'}
[7.253960] (go_green) StdoutLine: {'line': b'Installing go_green_simple script to /home/rschnurr/SkyClaw-Team1/ros2_ws/install/go_green/lib/go_green\n'}
[7.254500] (go_green) StdoutLine: {'line': b'Installing green_tracker script to /home/rschnurr/SkyClaw-Team1/ros2_ws/install/go_green/lib/go_green\n'}
[7.254911] (go_green) StdoutLine: {'line': b'Installing offboard_control script to /home/rschnurr/SkyClaw-Team1/ros2_ws/install/go_green/lib/go_green\n'}
[7.256485] (go_green) StdoutLine: {'line': b"writing list of installed files to '/home/rschnurr/SkyClaw-Team1/ros2_ws/build/go_green/install.log'\n"}
[7.259297] (-) TimerEvent: {}
[7.325972] (go_green) CommandEnded: {'returncode': 0}
[7.345406] (go_green) JobEnded: {'identifier': 'go_green', 'rc': 0}
[7.349190] (-) EventReactorShutdown: {}
