[0.000000] (-) TimerEvent: {}
[0.001232] (px4_msgs) JobQueued: {'identifier': 'px4_msgs', 'dependencies': OrderedDict()}
[0.001389] (go_green) JobQueued: {'identifier': 'go_green', 'dependencies': OrderedDict([('px4_msgs', '/home/rschnurr/SkyClaw-Team1/ros2_ws/install/px4_msgs')])}
[0.001498] (px4_ros_com) JobQueued: {'identifier': 'px4_ros_com', 'dependencies': OrderedDict([('px4_msgs', '/home/rschnurr/SkyClaw-Team1/ros2_ws/install/px4_msgs')])}
[0.001616] (px4_msgs) JobStarted: {'identifier': 'px4_msgs'}
[0.032483] (px4_msgs) JobProgress: {'identifier': 'px4_msgs', 'progress': 'cmake'}
[0.032671] (px4_msgs) JobProgress: {'identifier': 'px4_msgs', 'progress': 'build'}
[0.032715] (px4_msgs) Command: {'cmd': ['/usr/bin/cmake', '--build', '/home/rschnurr/SkyClaw-Team1/ros2_ws/build/px4_msgs', '--', '-j16', '-l16'], 'cwd': '/home/rschnurr/SkyClaw-Team1/ros2_ws/build/px4_msgs', 'env': OrderedDict([('LESSOPEN', '| /usr/bin/lesspipe %s'), ('USER', 'rschnurr'), ('SHLVL', '1'), ('LD_LIBRARY_PATH', '/usr/lib/x86_64-linux-gnu/gazebo-11/plugins:/opt/ros/humble/opt/rviz_ogre_vendor/lib:/opt/ros/humble/lib/x86_64-linux-gnu:/opt/ros/humble/lib'), ('HOME', '/home/rschnurr'), ('OLDPWD', '/home/rschnurr'), ('ROS_PYTHON_VERSION', '3'), ('DBUS_SESSION_BUS_ADDRESS', 'unix:path=/run/user/1000/bus'), ('WSL_DISTRO_NAME', 'Ubuntu-22.04'), ('WAYLAND_DISPLAY', 'wayland-0'), ('ROS_DISTRO', 'humble'), ('LOGNAME', 'rschnurr'), ('NAME', 'Roberts-Laptop'), ('WSL_INTEROP', '/run/WSL/317_interop'), ('PULSE_SERVER', 'unix:/mnt/wslg/PulseServer'), ('_', '/usr/bin/colcon'), ('ROS_VERSION', '2'), ('TERM', 'xterm-256color'), ('PX4_SITL_WORLD', 'aruco_with_green'), ('ROS_LOCALHOST_ONLY', '0'), ('PATH', '/home/rschnurr/.local/bin:/opt/ros/humble/bin:/usr/local/sbin:/usr/local/bin:/usr/sbin:/usr/bin:/sbin:/bin:/usr/games:/usr/local/games:/usr/lib/wsl/lib:/mnt/c/Users/rschn/miniconda3:/mnt/c/Users/rschn/miniconda3/Library/mingw-w64/bin:/mnt/c/Users/rschn/miniconda3/Library/usr/bin:/mnt/c/Users/rschn/miniconda3/Library/bin:/mnt/c/Users/rschn/miniconda3/Scripts:/mnt/c/Users/rschn/miniconda3/bin:/mnt/c/Users/rschn/miniconda3/condabin:/mnt/c/gstreamer/1.0/msvc_x86_64/bin:/mnt/c/Program Files (x86)/Common Files/Oracle/Java/javapath:/mnt/c/Windows/system32:/mnt/c/Windows:/mnt/c/Windows/System32/Wbem:/mnt/c/Windows/System32/WindowsPowerShell/v1.0:/mnt/c/Windows/System32/OpenSSH:/mnt/c/Program Files/PuTTY:/mnt/c/Program Files/Git/cmd:/mnt/c/Users/rschn/AppData/Local/Microsoft/WindowsApps:/mnt/c/Users/rschn/AppData/Local/Programs/Microsoft VS Code/bin:/mnt/c/Users/rschn/AppData/Local/Google/Cloud SDK/google-cloud-sdk/bin:/snap/bin:/opt/xtensa-esp-elf/bin/'), ('XDG_RUNTIME_DIR', '/run/user/1000/'), ('DISPLAY', ':0'), ('LANG', 'en_US.UTF-8'), ('LS_COLORS', 'rs=0:di=01;34:ln=01;36:mh=00:pi=40;33:so=01;35:do=01;35:bd=40;33;01:cd=40;33;01:or=40;31;01:mi=00:su=37;41:sg=30;43:ca=30;41:tw=30;42:ow=34;42:st=37;44:ex=01;32:*.tar=01;31:*.tgz=01;31:*.arc=01;31:*.arj=01;31:*.taz=01;31:*.lha=01;31:*.lz4=01;31:*.lzh=01;31:*.lzma=01;31:*.tlz=01;31:*.txz=01;31:*.tzo=01;31:*.t7z=01;31:*.zip=01;31:*.z=01;31:*.dz=01;31:*.gz=01;31:*.lrz=01;31:*.lz=01;31:*.lzo=01;31:*.xz=01;31:*.zst=01;31:*.tzst=01;31:*.bz2=01;31:*.bz=01;31:*.tbz=01;31:*.tbz2=01;31:*.tz=01;31:*.deb=01;31:*.rpm=01;31:*.jar=01;31:*.war=01;31:*.ear=01;31:*.sar=01;31:*.rar=01;31:*.alz=01;31:*.ace=01;31:*.zoo=01;31:*.cpio=01;31:*.7z=01;31:*.rz=01;31:*.cab=01;31:*.wim=01;31:*.swm=01;31:*.dwm=01;31:*.esd=01;31:*.jpg=01;35:*.jpeg=01;35:*.mjpg=01;35:*.mjpeg=01;35:*.gif=01;35:*.bmp=01;35:*.pbm=01;35:*.pgm=01;35:*.ppm=01;35:*.tga=01;35:*.xbm=01;35:*.xpm=01;35:*.tif=01;35:*.tiff=01;35:*.png=01;35:*.svg=01;35:*.svgz=01;35:*.mng=01;35:*.pcx=01;35:*.mov=01;35:*.mpg=01;35:*.mpeg=01;35:*.m2v=01;35:*.mkv=01;35:*.webm=01;35:*.webp=01;35:*.ogm=01;35:*.mp4=01;35:*.m4v=01;35:*.mp4v=01;35:*.vob=01;35:*.qt=01;35:*.nuv=01;35:*.wmv=01;35:*.asf=01;35:*.rm=01;35:*.rmvb=01;35:*.flc=01;35:*.avi=01;35:*.fli=01;35:*.flv=01;35:*.gl=01;35:*.dl=01;35:*.xcf=01;35:*.xwd=01;35:*.yuv=01;35:*.cgm=01;35:*.emf=01;35:*.ogv=01;35:*.ogx=01;35:*.aac=00;36:*.au=00;36:*.flac=00;36:*.m4a=00;36:*.mid=00;36:*.midi=00;36:*.mka=00;36:*.mp3=00;36:*.mpc=00;36:*.ogg=00;36:*.ra=00;36:*.wav=00;36:*.oga=00;36:*.opus=00;36:*.spx=00;36:*.xspf=00;36:'), ('AMENT_PREFIX_PATH', '/opt/ros/humble'), ('SHELL', '/bin/bash'), ('LESSCLOSE', '/usr/bin/lesspipe %s %s'), ('PWD', '/home/rschnurr/SkyClaw-Team1/ros2_ws/build/px4_msgs'), ('GAZEBO_PLUGIN_PATH', ':/opt/ros/humble/lib'), ('XDG_DATA_DIRS', '/usr/local/share:/usr/share:/var/lib/snapd/desktop'), ('PYTHONPATH', '/opt/ros/humble/lib/python3.10/site-packages:/opt/ros/humble/local/lib/python3.10/dist-packages'), ('COLCON', '1'), ('WSL2_GUI_APPS_ENABLED', '1'), ('HOSTTYPE', 'x86_64'), ('WSLENV', ''), ('CMAKE_PREFIX_PATH', '/opt/ros/humble')]), 'shell': False}
[0.098896] (-) TimerEvent: {}
[0.199722] (-) TimerEvent: {}
[0.300640] (-) TimerEvent: {}
[0.401548] (-) TimerEvent: {}
[0.502620] (-) TimerEvent: {}
[0.603360] (-) TimerEvent: {}
[0.704429] (-) TimerEvent: {}
[0.805406] (-) TimerEvent: {}
[0.906502] (-) TimerEvent: {}
[1.007619] (-) TimerEvent: {}
[1.102373] (px4_msgs) StdoutLine: {'line': b'[  0%] Built target px4_msgs__cpp\n'}
[1.107853] (-) TimerEvent: {}
[1.206787] (px4_msgs) StdoutLine: {'line': b'[ 12%] Built target px4_msgs__rosidl_generator_c\n'}
[1.208146] (-) TimerEvent: {}
[1.308968] (-) TimerEvent: {}
[1.407267] (px4_msgs) StdoutLine: {'line': b'[ 25%] Built target px4_msgs__rosidl_typesupport_c\n'}
[1.409188] (-) TimerEvent: {}
[1.419536] (px4_msgs) StdoutLine: {'line': b'[ 37%] Built target px4_msgs__rosidl_typesupport_cpp\n'}
[1.440770] (px4_msgs) StdoutLine: {'line': b'[ 37%] Built target ament_cmake_python_copy_px4_msgs\n'}
[1.456762] (px4_msgs) StdoutLine: {'line': b'[ 61%] Built target px4_msgs__rosidl_typesupport_introspection_c\n'}
[1.457963] (px4_msgs) StdoutLine: {'line': b'[ 63%] Built target px4_msgs__rosidl_typesupport_introspection_cpp\n'}
[1.495636] (px4_msgs) StdoutLine: {'line': b'[ 75%] Built target px4_msgs__rosidl_typesupport_fastrtps_cpp\n'}
[1.509547] (-) TimerEvent: {}
[1.554002] (px4_msgs) StdoutLine: {'line': b'[ 88%] Built target px4_msgs__rosidl_typesupport_fastrtps_c\n'}
[1.609927] (-) TimerEvent: {}
[1.626690] (px4_msgs) StdoutLine: {'line': b'[ 88%] Built target px4_msgs\n'}
[1.710181] (-) TimerEvent: {}
[1.756457] (px4_msgs) StdoutLine: {'line': b'[ 88%] Built target px4_msgs__py\n'}
[1.812046] (-) TimerEvent: {}
[1.915435] (-) TimerEvent: {}
[2.016426] (-) TimerEvent: {}
[2.117208] (-) TimerEvent: {}
[2.121851] (px4_msgs) StdoutLine: {'line': b'running egg_info\n'}
[2.180773] (px4_msgs) StdoutLine: {'line': b'[100%] Built target px4_msgs__rosidl_generator_py\n'}
[2.198407] (px4_msgs) StdoutLine: {'line': b'writing px4_msgs.egg-info/PKG-INFO\n'}
[2.200633] (px4_msgs) StdoutLine: {'line': b'writing dependency_links to px4_msgs.egg-info/dependency_links.txt\n'}
[2.202251] (px4_msgs) StdoutLine: {'line': b'writing top-level names to px4_msgs.egg-info/top_level.txt\n'}
[2.217444] (-) TimerEvent: {}
[2.300734] (px4_msgs) StdoutLine: {'line': b'[100%] Built target px4_msgs__rosidl_typesupport_introspection_c__pyext\n'}
[2.309660] (px4_msgs) StdoutLine: {'line': b'[100%] Built target px4_msgs__rosidl_typesupport_fastrtps_c__pyext\n'}
[2.310552] (px4_msgs) StdoutLine: {'line': b'[100%] Built target px4_msgs__rosidl_typesupport_c__pyext\n'}
[2.317684] (-) TimerEvent: {}
[2.409175] (px4_msgs) StdoutLine: {'line': b"reading manifest file 'px4_msgs.egg-info/SOURCES.txt'\n"}
[2.417930] (-) TimerEvent: {}
[2.429162] (px4_msgs) StdoutLine: {'line': b"writing manifest file 'px4_msgs.egg-info/SOURCES.txt'\n"}
[2.518195] (-) TimerEvent: {}
[2.601791] (px4_msgs) StdoutLine: {'line': b'[100%] Built target ament_cmake_python_build_px4_msgs_egg\n'}
[2.618455] (-) TimerEvent: {}
[2.635838] (px4_msgs) CommandEnded: {'returncode': 0}
[2.639891] (px4_msgs) JobProgress: {'identifier': 'px4_msgs', 'progress': 'install'}
[2.662401] (px4_msgs) Command: {'cmd': ['/usr/bin/cmake', '--install', '/home/rschnurr/SkyClaw-Team1/ros2_ws/build/px4_msgs'], 'cwd': '/home/rschnurr/SkyClaw-Team1/ros2_ws/build/px4_msgs', 'env': OrderedDict([('LESSOPEN', '| /usr/bin/lesspipe %s'), ('USER', 'rschnurr'), ('SHLVL', '1'), ('LD_LIBRARY_PATH', '/usr/lib/x86_64-linux-gnu/gazebo-11/plugins:/opt/ros/humble/opt/rviz_ogre_vendor/lib:/opt/ros/humble/lib/x86_64-linux-gnu:/opt/ros/humble/lib'), ('HOME', '/home/rschnurr'), ('OLDPWD', '/home/rschnurr'), ('ROS_PYTHON_VERSION', '3'), ('DBUS_SESSION_BUS_ADDRESS', 'unix:path=/run/user/1000/bus'), ('WSL_DISTRO_NAME', 'Ubuntu-22.04'), ('WAYLAND_DISPLAY', 'wayland-0'), ('ROS_DISTRO', 'humble'), ('LOGNAME', 'rschnurr'), ('NAME', 'Roberts-Laptop'), ('WSL_INTEROP', '/run/WSL/317_interop'), ('PULSE_SERVER', 'unix:/mnt/wslg/PulseServer'), ('_', '/usr/bin/colcon'), ('ROS_VERSION', '2'), ('TERM', 'xterm-256color'), ('PX4_SITL_WORLD', 'aruco_with_green'), ('ROS_LOCALHOST_ONLY', '0'), ('PATH', '/home/rschnurr/.local/bin:/opt/ros/humble/bin:/usr/local/sbin:/usr/local/bin:/usr/sbin:/usr/bin:/sbin:/bin:/usr/games:/usr/local/games:/usr/lib/wsl/lib:/mnt/c/Users/rschn/miniconda3:/mnt/c/Users/rschn/miniconda3/Library/mingw-w64/bin:/mnt/c/Users/rschn/miniconda3/Library/usr/bin:/mnt/c/Users/rschn/miniconda3/Library/bin:/mnt/c/Users/rschn/miniconda3/Scripts:/mnt/c/Users/rschn/miniconda3/bin:/mnt/c/Users/rschn/miniconda3/condabin:/mnt/c/gstreamer/1.0/msvc_x86_64/bin:/mnt/c/Program Files (x86)/Common Files/Oracle/Java/javapath:/mnt/c/Windows/system32:/mnt/c/Windows:/mnt/c/Windows/System32/Wbem:/mnt/c/Windows/System32/WindowsPowerShell/v1.0:/mnt/c/Windows/System32/OpenSSH:/mnt/c/Program Files/PuTTY:/mnt/c/Program Files/Git/cmd:/mnt/c/Users/rschn/AppData/Local/Microsoft/WindowsApps:/mnt/c/Users/rschn/AppData/Local/Programs/Microsoft VS Code/bin:/mnt/c/Users/rschn/AppData/Local/Google/Cloud SDK/google-cloud-sdk/bin:/snap/bin:/opt/xtensa-esp-elf/bin/'), ('XDG_RUNTIME_DIR', '/run/user/1000/'), ('DISPLAY', ':0'), ('LANG', 'en_US.UTF-8'), ('LS_COLORS', 'rs=0:di=01;34:ln=01;36:mh=00:pi=40;33:so=01;35:do=01;35:bd=40;33;01:cd=40;33;01:or=40;31;01:mi=00:su=37;41:sg=30;43:ca=30;41:tw=30;42:ow=34;42:st=37;44:ex=01;32:*.tar=01;31:*.tgz=01;31:*.arc=01;31:*.arj=01;31:*.taz=01;31:*.lha=01;31:*.lz4=01;31:*.lzh=01;31:*.lzma=01;31:*.tlz=01;31:*.txz=01;31:*.tzo=01;31:*.t7z=01;31:*.zip=01;31:*.z=01;31:*.dz=01;31:*.gz=01;31:*.lrz=01;31:*.lz=01;31:*.lzo=01;31:*.xz=01;31:*.zst=01;31:*.tzst=01;31:*.bz2=01;31:*.bz=01;31:*.tbz=01;31:*.tbz2=01;31:*.tz=01;31:*.deb=01;31:*.rpm=01;31:*.jar=01;31:*.war=01;31:*.ear=01;31:*.sar=01;31:*.rar=01;31:*.alz=01;31:*.ace=01;31:*.zoo=01;31:*.cpio=01;31:*.7z=01;31:*.rz=01;31:*.cab=01;31:*.wim=01;31:*.swm=01;31:*.dwm=01;31:*.esd=01;31:*.jpg=01;35:*.jpeg=01;35:*.mjpg=01;35:*.mjpeg=01;35:*.gif=01;35:*.bmp=01;35:*.pbm=01;35:*.pgm=01;35:*.ppm=01;35:*.tga=01;35:*.xbm=01;35:*.xpm=01;35:*.tif=01;35:*.tiff=01;35:*.png=01;35:*.svg=01;35:*.svgz=01;35:*.mng=01;35:*.pcx=01;35:*.mov=01;35:*.mpg=01;35:*.mpeg=01;35:*.m2v=01;35:*.mkv=01;35:*.webm=01;35:*.webp=01;35:*.ogm=01;35:*.mp4=01;35:*.m4v=01;35:*.mp4v=01;35:*.vob=01;35:*.qt=01;35:*.nuv=01;35:*.wmv=01;35:*.asf=01;35:*.rm=01;35:*.rmvb=01;35:*.flc=01;35:*.avi=01;35:*.fli=01;35:*.flv=01;35:*.gl=01;35:*.dl=01;35:*.xcf=01;35:*.xwd=01;35:*.yuv=01;35:*.cgm=01;35:*.emf=01;35:*.ogv=01;35:*.ogx=01;35:*.aac=00;36:*.au=00;36:*.flac=00;36:*.m4a=00;36:*.mid=00;36:*.midi=00;36:*.mka=00;36:*.mp3=00;36:*.mpc=00;36:*.ogg=00;36:*.ra=00;36:*.wav=00;36:*.oga=00;36:*.opus=00;36:*.spx=00;36:*.xspf=00;36:'), ('AMENT_PREFIX_PATH', '/opt/ros/humble'), ('SHELL', '/bin/bash'), ('LESSCLOSE', '/usr/bin/lesspipe %s %s'), ('PWD', '/home/rschnurr/SkyClaw-Team1/ros2_ws/build/px4_msgs'), ('GAZEBO_PLUGIN_PATH', ':/opt/ros/humble/lib'), ('XDG_DATA_DIRS', '/usr/local/share:/usr/share:/var/lib/snapd/desktop'), ('PYTHONPATH', '/opt/ros/humble/lib/python3.10/site-packages:/opt/ros/humble/local/lib/python3.10/dist-packages'), ('COLCON', '1'), ('WSL2_GUI_APPS_ENABLED', '1'), ('HOSTTYPE', 'x86_64'), ('WSLENV', ''), ('CMAKE_PREFIX_PATH', '/opt/ros/humble')]), 'shell': False}
[2.689444] (px4_msgs) StdoutLine: {'line': b'-- Install configuration: ""\n'}
[2.690499] (px4_msgs) StdoutLine: {'line': b'-- Up-to-date: /home/rschnurr/SkyClaw-Team1/ros2_ws/install/px4_msgs/share/ament_index/resource_index/rosidl_interfaces/px4_msgs\n'}
[2.691398] (px4_msgs) StdoutLine: {'line': b'-- Up-to-date: /home/rschnurr/SkyClaw-Team1/ros2_ws/install/px4_msgs/include/px4_msgs/px4_msgs\n'}
[2.691845] (px4_msgs) StdoutLine: {'line': b'-- Up-to-date: /home/rschnurr/SkyClaw-Team1/ros2_ws/install/px4_msgs/include/px4_msgs/px4_msgs/srv\n'}
[2.692391] (px4_msgs) StdoutLine: {'line': b'-- Up-to-date: /home/rschnurr/SkyClaw-Team1/ros2_ws/install/px4_msgs/include/px4_msgs/px4_msgs/srv/vehicle_command.h\n'}
[2.693300] (px4_msgs) StdoutLine: {'line': b'-- Up-to-date: /home/rschnurr/SkyClaw-Team1/ros2_ws/install/px4_msgs/include/px4_msgs/px4_msgs/srv/detail\n'}
[2.693511] (px4_msgs) StdoutLine: {'line': b'-- Up-to-date: /home/rschnurr/SkyClaw-Team1/ros2_ws/install/px4_msgs/include/px4_msgs/px4_msgs/srv/detail/vehicle_command__struct.h\n'}
[2.693894] (px4_msgs) StdoutLine: {'line': b'-- Up-to-date: /home/rschnurr/SkyClaw-Team1/ros2_ws/install/px4_msgs/include/px4_msgs/px4_msgs/srv/detail/vehicle_command__functions.c\n'}
[2.694080] (px4_msgs) StdoutLine: {'line': b'-- Up-to-date: /home/rschnurr/SkyClaw-Team1/ros2_ws/install/px4_msgs/include/px4_msgs/px4_msgs/srv/detail/vehicle_command__type_support.h\n'}
[2.694729] (px4_msgs) StdoutLine: {'line': b'-- Up-to-date: /home/rschnurr/SkyClaw-Team1/ros2_ws/install/px4_msgs/include/px4_msgs/px4_msgs/srv/detail/vehicle_command__functions.h\n'}
[2.694957] (px4_msgs) StdoutLine: {'line': b'-- Up-to-date: /home/rschnurr/SkyClaw-Team1/ros2_ws/install/px4_msgs/include/px4_msgs/px4_msgs/msg\n'}
[2.695156] (px4_msgs) StdoutLine: {'line': b'-- Up-to-date: /home/rschnurr/SkyClaw-Team1/ros2_ws/install/px4_msgs/include/px4_msgs/px4_msgs/msg/cellular_status.h\n'}
[2.695427] (px4_msgs) StdoutLine: {'line': b'-- Up-to-date: /home/rschnurr/SkyClaw-Team1/ros2_ws/install/px4_msgs/include/px4_msgs/px4_msgs/msg/vehicle_thrust_setpoint.h\n'}
[2.695707] (px4_msgs) StdoutLine: {'line': b'-- Up-to-date: /home/rschnurr/SkyClaw-Team1/ros2_ws/install/px4_msgs/include/px4_msgs/px4_msgs/msg/debug_array.h\n'}
[2.696557] (px4_msgs) StdoutLine: {'line': b'-- Up-to-date: /home/rschnurr/SkyClaw-Team1/ros2_ws/install/px4_msgs/include/px4_msgs/px4_msgs/msg/parameter_reset_request.h\n'}
[2.697017] (px4_msgs) StdoutLine: {'line': b'-- Up-to-date: /home/rschnurr/SkyClaw-Team1/ros2_ws/install/px4_msgs/include/px4_msgs/px4_msgs/msg/button_event.h\n'}
[2.697359] (px4_msgs) StdoutLine: {'line': b'-- Up-to-date: /home/rschnurr/SkyClaw-Team1/ros2_ws/install/px4_msgs/include/px4_msgs/px4_msgs/msg/ulog_stream.h\n'}
[2.697745] (px4_msgs) StdoutLine: {'line': b'-- Up-to-date: /home/rschnurr/SkyClaw-Team1/ros2_ws/install/px4_msgs/include/px4_msgs/px4_msgs/msg/vehicle_attitude_setpoint.h\n'}
[2.698600] (px4_msgs) StdoutLine: {'line': b'-- Up-to-date: /home/rschnurr/SkyClaw-Team1/ros2_ws/install/px4_msgs/include/px4_msgs/px4_msgs/msg/register_ext_component_request.h\n'}
[2.698839] (px4_msgs) StdoutLine: {'line': b'-- Up-to-date: /home/rschnurr/SkyClaw-Team1/ros2_ws/install/px4_msgs/include/px4_msgs/px4_msgs/msg/gimbal_device_information.h\n'}
[2.699062] (px4_msgs) StdoutLine: {'line': b'-- Up-to-date: /home/rschnurr/SkyClaw-Team1/ros2_ws/install/px4_msgs/include/px4_msgs/px4_msgs/msg/vehicle_acceleration.h\n'}
[2.699548] (px4_msgs) StdoutLine: {'line': b'-- Up-to-date: /home/rschnurr/SkyClaw-Team1/ros2_ws/install/px4_msgs/include/px4_msgs/px4_msgs/msg/estimator_event_flags.h\n'}
[2.699955] (px4_msgs) StdoutLine: {'line': b'-- Up-to-date: /home/rschnurr/SkyClaw-Team1/ros2_ws/install/px4_msgs/include/px4_msgs/px4_msgs/msg/rosidl_generator_c__visibility_control.h\n'}
[2.700273] (px4_msgs) StdoutLine: {'line': b'-- Up-to-date: /home/rschnurr/SkyClaw-Team1/ros2_ws/install/px4_msgs/include/px4_msgs/px4_msgs/msg/adc_report.h\n'}
[2.701862] (px4_msgs) StdoutLine: {'line': b'-- Up-to-date: /home/rschnurr/SkyClaw-Team1/ros2_ws/install/px4_msgs/include/px4_msgs/px4_msgs/msg/dataman_response.h\n'}
[2.702233] (px4_msgs) StdoutLine: {'line': b'-- Up-to-date: /home/rschnurr/SkyClaw-Team1/ros2_ws/install/px4_msgs/include/px4_msgs/px4_msgs/msg/radio_status.h\n'}
[2.702561] (px4_msgs) StdoutLine: {'line': b'-- Up-to-date: /home/rschnurr/SkyClaw-Team1/ros2_ws/install/px4_msgs/include/px4_msgs/px4_msgs/msg/sensor_hygrometer.h\n'}
[2.703194] (px4_msgs) StdoutLine: {'line': b'-- Up-to-date: /home/rschnurr/SkyClaw-Team1/ros2_ws/install/px4_msgs/include/px4_msgs/px4_msgs/msg/actuator_armed.h\n'}
[2.703659] (px4_msgs) StdoutLine: {'line': b'-- Up-to-date: /home/rschnurr/SkyClaw-Team1/ros2_ws/install/px4_msgs/include/px4_msgs/px4_msgs/msg/sensor_uwb.h\n'}
[2.703901] (px4_msgs) StdoutLine: {'line': b'-- Up-to-date: /home/rschnurr/SkyClaw-Team1/ros2_ws/install/px4_msgs/include/px4_msgs/px4_msgs/msg/manual_control_switches.h\n'}
[2.704572] (px4_msgs) StdoutLine: {'line': b'-- Up-to-date: /home/rschnurr/SkyClaw-Team1/ros2_ws/install/px4_msgs/include/px4_msgs/px4_msgs/msg/rtl_time_estimate.h\n'}
[2.705405] (px4_msgs) StdoutLine: {'line': b'-- Up-to-date: /home/rschnurr/SkyClaw-Team1/ros2_ws/install/px4_msgs/include/px4_msgs/px4_msgs/msg/vehicle_global_position.h\n'}
[2.705943] (px4_msgs) StdoutLine: {'line': b'-- Up-to-date: /home/rschnurr/SkyClaw-Team1/ros2_ws/install/px4_msgs/include/px4_msgs/px4_msgs/msg/timesync_status.h\n'}
[2.706056] (px4_msgs) StdoutLine: {'line': b'-- Up-to-date: /home/rschnurr/SkyClaw-Team1/ros2_ws/install/px4_msgs/include/px4_msgs/px4_msgs/msg/distance_sensor.h\n'}
[2.706475] (px4_msgs) StdoutLine: {'line': b'-- Up-to-date: /home/rschnurr/SkyClaw-Team1/ros2_ws/install/px4_msgs/include/px4_msgs/px4_msgs/msg/rate_ctrl_status.h\n'}
[2.706971] (px4_msgs) StdoutLine: {'line': b'-- Up-to-date: /home/rschnurr/SkyClaw-Team1/ros2_ws/install/px4_msgs/include/px4_msgs/px4_msgs/msg/home_position.h\n'}
[2.707319] (px4_msgs) StdoutLine: {'line': b'-- Up-to-date: /home/rschnurr/SkyClaw-Team1/ros2_ws/install/px4_msgs/include/px4_msgs/px4_msgs/msg/action_request.h\n'}
[2.707660] (px4_msgs) StdoutLine: {'line': b'-- Up-to-date: /home/rschnurr/SkyClaw-Team1/ros2_ws/install/px4_msgs/include/px4_msgs/px4_msgs/msg/arming_check_request.h\n'}
[2.708037] (px4_msgs) StdoutLine: {'line': b'-- Up-to-date: /home/rschnurr/SkyClaw-Team1/ros2_ws/install/px4_msgs/include/px4_msgs/px4_msgs/msg/sensor_gnss_relative.h\n'}
[2.708620] (px4_msgs) StdoutLine: {'line': b'-- Up-to-date: /home/rschnurr/SkyClaw-Team1/ros2_ws/install/px4_msgs/include/px4_msgs/px4_msgs/msg/transponder_report.h\n'}
[2.708991] (px4_msgs) StdoutLine: {'line': b'-- Up-to-date: /home/rschnurr/SkyClaw-Team1/ros2_ws/install/px4_msgs/include/px4_msgs/px4_msgs/msg/satellite_info.h\n'}
[2.709288] (px4_msgs) StdoutLine: {'line': b'-- Up-to-date: /home/rschnurr/SkyClaw-Team1/ros2_ws/install/px4_msgs/include/px4_msgs/px4_msgs/msg/gpio_request.h\n'}
[2.709478] (px4_msgs) StdoutLine: {'line': b'-- Up-to-date: /home/rschnurr/SkyClaw-Team1/ros2_ws/install/px4_msgs/include/px4_msgs/px4_msgs/msg/heater_status.h\n'}
[2.709885] (px4_msgs) StdoutLine: {'line': b'-- Up-to-date: /home/rschnurr/SkyClaw-Team1/ros2_ws/install/px4_msgs/include/px4_msgs/px4_msgs/msg/collision_constraints.h\n'}
[2.710099] (px4_msgs) StdoutLine: {'line': b'-- Up-to-date: /home/rschnurr/SkyClaw-Team1/ros2_ws/install/px4_msgs/include/px4_msgs/px4_msgs/msg/rover_attitude_setpoint.h\n'}
[2.710418] (px4_msgs) StdoutLine: {'line': b'-- Up-to-date: /home/rschnurr/SkyClaw-Team1/ros2_ws/install/px4_msgs/include/px4_msgs/px4_msgs/msg/parameter_update.h\n'}
[2.710523] (px4_msgs) StdoutLine: {'line': b'-- Up-to-date: /home/rschnurr/SkyClaw-Team1/ros2_ws/install/px4_msgs/include/px4_msgs/px4_msgs/msg/vehicle_angular_velocity.h\n'}
[2.710868] (px4_msgs) StdoutLine: {'line': b'-- Up-to-date: /home/rschnurr/SkyClaw-Team1/ros2_ws/install/px4_msgs/include/px4_msgs/px4_msgs/msg/estimator_status.h\n'}
[2.711127] (px4_msgs) StdoutLine: {'line': b'-- Up-to-date: /home/rschnurr/SkyClaw-Team1/ros2_ws/install/px4_msgs/include/px4_msgs/px4_msgs/msg/battery_status.h\n'}
[2.711320] (px4_msgs) StdoutLine: {'line': b'-- Up-to-date: /home/rschnurr/SkyClaw-Team1/ros2_ws/install/px4_msgs/include/px4_msgs/px4_msgs/msg/sensor_selection.h\n'}
[2.711703] (px4_msgs) StdoutLine: {'line': b'-- Up-to-date: /home/rschnurr/SkyClaw-Team1/ros2_ws/install/px4_msgs/include/px4_msgs/px4_msgs/msg/velocity_limits.h\n'}
[2.762280] (-) TimerEvent: {}
[2.765161] (px4_msgs) StdoutLine: {'line': b'-- Up-to-date: /home/rschnurr/SkyClaw-Team1/ros2_ws/install/px4_msgs/include/px4_msgs/px4_msgs/msg/actuator_test.h\n'}
[2.766001] (px4_msgs) StdoutLine: {'line': b'-- Up-to-date: /home/rschnurr/SkyClaw-Team1/ros2_ws/install/px4_msgs/include/px4_msgs/px4_msgs/msg/gpio_out.h\n'}
[2.766344] (px4_msgs) StdoutLine: {'line': b'-- Up-to-date: /home/rschnurr/SkyClaw-Team1/ros2_ws/install/px4_msgs/include/px4_msgs/px4_msgs/msg/estimator_bias.h\n'}
[2.766542] (px4_msgs) StdoutLine: {'line': b'-- Up-to-date: /home/rschnurr/SkyClaw-Team1/ros2_ws/install/px4_msgs/include/px4_msgs/px4_msgs/msg/sensor_preflight_mag.h\n'}
[2.766624] (px4_msgs) StdoutLine: {'line': b'-- Up-to-date: /home/rschnurr/SkyClaw-Team1/ros2_ws/install/px4_msgs/include/px4_msgs/px4_msgs/msg/gpio_config.h\n'}
[2.766684] (px4_msgs) StdoutLine: {'line': b'-- Up-to-date: /home/rschnurr/SkyClaw-Team1/ros2_ws/install/px4_msgs/include/px4_msgs/px4_msgs/msg/vehicle_angular_acceleration_setpoint.h\n'}
[2.766766] (px4_msgs) StdoutLine: {'line': b'-- Up-to-date: /home/rschnurr/SkyClaw-Team1/ros2_ws/install/px4_msgs/include/px4_msgs/px4_msgs/msg/message_format_response.h\n'}
[2.767178] (px4_msgs) StdoutLine: {'line': b'-- Up-to-date: /home/rschnurr/SkyClaw-Team1/ros2_ws/install/px4_msgs/include/px4_msgs/px4_msgs/msg/estimator_status_flags.h\n'}
[2.767483] (px4_msgs) StdoutLine: {'line': b'-- Up-to-date: /home/rschnurr/SkyClaw-Team1/ros2_ws/install/px4_msgs/include/px4_msgs/px4_msgs/msg/open_drone_id_system.h\n'}
[2.768088] (px4_msgs) StdoutLine: {'line': b'-- Up-to-date: /home/rschnurr/SkyClaw-Team1/ros2_ws/install/px4_msgs/include/px4_msgs/px4_msgs/msg/sensor_mag.h\n'}
[2.768200] (px4_msgs) StdoutLine: {'line': b'-- Up-to-date: /home/rschnurr/SkyClaw-Team1/ros2_ws/install/px4_msgs/include/px4_msgs/px4_msgs/msg/gimbal_device_attitude_status.h\n'}
[2.768268] (px4_msgs) StdoutLine: {'line': b'-- Up-to-date: /home/rschnurr/SkyClaw-Team1/ros2_ws/install/px4_msgs/include/px4_msgs/px4_msgs/msg/vehicle_local_position_setpoint.h\n'}
[2.768325] (px4_msgs) StdoutLine: {'line': b'-- Up-to-date: /home/rschnurr/SkyClaw-Team1/ros2_ws/install/px4_msgs/include/px4_msgs/px4_msgs/msg/position_controller_status.h\n'}
[2.768791] (px4_msgs) StdoutLine: {'line': b'-- Up-to-date: /home/rschnurr/SkyClaw-Team1/ros2_ws/install/px4_msgs/include/px4_msgs/px4_msgs/msg/estimator_aid_source1d.h\n'}
[2.769005] (px4_msgs) StdoutLine: {'line': b'-- Up-to-date: /home/rschnurr/SkyClaw-Team1/ros2_ws/install/px4_msgs/include/px4_msgs/px4_msgs/msg/vehicle_optical_flow.h\n'}
[2.769257] (px4_msgs) StdoutLine: {'line': b'-- Up-to-date: /home/rschnurr/SkyClaw-Team1/ros2_ws/install/px4_msgs/include/px4_msgs/px4_msgs/msg/vtol_vehicle_status.h\n'}
[2.770017] (px4_msgs) StdoutLine: {'line': b'-- Up-to-date: /home/rschnurr/SkyClaw-Team1/ros2_ws/install/px4_msgs/include/px4_msgs/px4_msgs/msg/parameter_set_value_response.h\n'}
[2.770343] (px4_msgs) StdoutLine: {'line': b'-- Up-to-date: /home/rschnurr/SkyClaw-Team1/ros2_ws/install/px4_msgs/include/px4_msgs/px4_msgs/msg/sensor_combined.h\n'}
[2.770805] (px4_msgs) StdoutLine: {'line': b'-- Up-to-date: /home/rschnurr/SkyClaw-Team1/ros2_ws/install/px4_msgs/include/px4_msgs/px4_msgs/msg/takeoff_status.h\n'}
[2.771471] (px4_msgs) StdoutLine: {'line': b'-- Up-to-date: /home/rschnurr/SkyClaw-Team1/ros2_ws/install/px4_msgs/include/px4_msgs/px4_msgs/msg/dataman_request.h\n'}
[2.771778] (px4_msgs) StdoutLine: {'line': b'-- Up-to-date: /home/rschnurr/SkyClaw-Team1/ros2_ws/install/px4_msgs/include/px4_msgs/px4_msgs/msg/onboard_computer_status.h\n'}
[2.772026] (px4_msgs) StdoutLine: {'line': b'-- Up-to-date: /home/rschnurr/SkyClaw-Team1/ros2_ws/install/px4_msgs/include/px4_msgs/px4_msgs/msg/open_drone_id_operator_id.h\n'}
[2.772262] (px4_msgs) StdoutLine: {'line': b'-- Up-to-date: /home/rschnurr/SkyClaw-Team1/ros2_ws/install/px4_msgs/include/px4_msgs/px4_msgs/msg/vehicle_command.h\n'}
[2.772537] (px4_msgs) StdoutLine: {'line': b'-- Up-to-date: /home/rschnurr/SkyClaw-Team1/ros2_ws/install/px4_msgs/include/px4_msgs/px4_msgs/msg/sensor_gps.h\n'}
[2.772673] (px4_msgs) StdoutLine: {'line': b'-- Up-to-date: /home/rschnurr/SkyClaw-Team1/ros2_ws/install/px4_msgs/include/px4_msgs/px4_msgs/msg/wind.h\n'}
[2.773290] (px4_msgs) StdoutLine: {'line': b'-- Up-to-date: /home/rschnurr/SkyClaw-Team1/ros2_ws/install/px4_msgs/include/px4_msgs/px4_msgs/msg/neural_control.h\n'}
[2.773447] (px4_msgs) StdoutLine: {'line': b'-- Up-to-date: /home/rschnurr/SkyClaw-Team1/ros2_ws/install/px4_msgs/include/px4_msgs/px4_msgs/msg/ulog_stream_ack.h\n'}
[2.773625] (px4_msgs) StdoutLine: {'line': b'-- Up-to-date: /home/rschnurr/SkyClaw-Team1/ros2_ws/install/px4_msgs/include/px4_msgs/px4_msgs/msg/estimator_bias3d.h\n'}
[2.773961] (px4_msgs) StdoutLine: {'line': b'-- Up-to-date: /home/rschnurr/SkyClaw-Team1/ros2_ws/install/px4_msgs/include/px4_msgs/px4_msgs/msg/actuator_outputs.h\n'}
[2.774249] (px4_msgs) StdoutLine: {'line': b'-- Up-to-date: /home/rschnurr/SkyClaw-Team1/ros2_ws/install/px4_msgs/include/px4_msgs/px4_msgs/msg/gpio_in.h\n'}
[2.774796] (px4_msgs) StdoutLine: {'line': b'-- Up-to-date: /home/rschnurr/SkyClaw-Team1/ros2_ws/install/px4_msgs/include/px4_msgs/px4_msgs/msg/normalized_unsigned_setpoint.h\n'}
[2.775143] (px4_msgs) StdoutLine: {'line': b'-- Up-to-date: /home/rschnurr/SkyClaw-Team1/ros2_ws/install/px4_msgs/include/px4_msgs/px4_msgs/msg/fixed_wing_lateral_status.h\n'}
[2.775565] (px4_msgs) StdoutLine: {'line': b'-- Up-to-date: /home/rschnurr/SkyClaw-Team1/ros2_ws/install/px4_msgs/include/px4_msgs/px4_msgs/msg/rover_steering_setpoint.h\n'}
[2.775973] (px4_msgs) StdoutLine: {'line': b'-- Up-to-date: /home/rschnurr/SkyClaw-Team1/ros2_ws/install/px4_msgs/include/px4_msgs/px4_msgs/msg/tune_control.h\n'}
[2.776678] (px4_msgs) StdoutLine: {'line': b'-- Up-to-date: /home/rschnurr/SkyClaw-Team1/ros2_ws/install/px4_msgs/include/px4_msgs/px4_msgs/msg/sensor_optical_flow.h\n'}
[2.777100] (px4_msgs) StdoutLine: {'line': b'-- Up-to-date: /home/rschnurr/SkyClaw-Team1/ros2_ws/install/px4_msgs/include/px4_msgs/px4_msgs/msg/estimator_aid_source3d.h\n'}
[2.777420] (px4_msgs) StdoutLine: {'line': b'-- Up-to-date: /home/rschnurr/SkyClaw-Team1/ros2_ws/install/px4_msgs/include/px4_msgs/px4_msgs/msg/lateral_control_configuration.h\n'}
[2.777731] (px4_msgs) StdoutLine: {'line': b'-- Up-to-date: /home/rschnurr/SkyClaw-Team1/ros2_ws/install/px4_msgs/include/px4_msgs/px4_msgs/msg/actuator_servos_trim.h\n'}
[2.778286] (px4_msgs) StdoutLine: {'line': b'-- Up-to-date: /home/rschnurr/SkyClaw-Team1/ros2_ws/install/px4_msgs/include/px4_msgs/px4_msgs/msg/vehicle_command_ack.h\n'}
[2.778393] (px4_msgs) StdoutLine: {'line': b'-- Up-to-date: /home/rschnurr/SkyClaw-Team1/ros2_ws/install/px4_msgs/include/px4_msgs/px4_msgs/msg/airspeed_validated.h\n'}
[2.778540] (px4_msgs) StdoutLine: {'line': b'-- Up-to-date: /home/rschnurr/SkyClaw-Team1/ros2_ws/install/px4_msgs/include/px4_msgs/px4_msgs/msg/geofence_status.h\n'}
[2.778857] (px4_msgs) StdoutLine: {'line': b'-- Up-to-date: /home/rschnurr/SkyClaw-Team1/ros2_ws/install/px4_msgs/include/px4_msgs/px4_msgs/msg/sensor_gnss_status.h\n'}
[2.779228] (px4_msgs) StdoutLine: {'line': b'-- Up-to-date: /home/rschnurr/SkyClaw-Team1/ros2_ws/install/px4_msgs/include/px4_msgs/px4_msgs/msg/fixed_wing_longitudinal_setpoint.h\n'}
[2.779750] (px4_msgs) StdoutLine: {'line': b'-- Up-to-date: /home/rschnurr/SkyClaw-Team1/ros2_ws/install/px4_msgs/include/px4_msgs/px4_msgs/msg/gimbal_device_set_attitude.h\n'}
[2.779995] (px4_msgs) StdoutLine: {'line': b'-- Up-to-date: /home/rschnurr/SkyClaw-Team1/ros2_ws/install/px4_msgs/include/px4_msgs/px4_msgs/msg/task_stack_info.h\n'}
[2.780112] (px4_msgs) StdoutLine: {'line': b'-- Up-to-date: /home/rschnurr/SkyClaw-Team1/ros2_ws/install/px4_msgs/include/px4_msgs/px4_msgs/msg/fixed_wing_runway_control.h\n'}
[2.780585] (px4_msgs) StdoutLine: {'line': b'-- Up-to-date: /home/rschnurr/SkyClaw-Team1/ros2_ws/install/px4_msgs/include/px4_msgs/px4_msgs/msg/fixed_wing_lateral_guidance_status.h\n'}
[2.781020] (px4_msgs) StdoutLine: {'line': b'-- Up-to-date: /home/rschnurr/SkyClaw-Team1/ros2_ws/install/px4_msgs/include/px4_msgs/px4_msgs/msg/health_report.h\n'}
[2.781298] (px4_msgs) StdoutLine: {'line': b'-- Up-to-date: /home/rschnurr/SkyClaw-Team1/ros2_ws/install/px4_msgs/include/px4_msgs/px4_msgs/msg/vehicle_local_position.h\n'}
[2.781692] (px4_msgs) StdoutLine: {'line': b'-- Up-to-date: /home/rschnurr/SkyClaw-Team1/ros2_ws/install/px4_msgs/include/px4_msgs/px4_msgs/msg/power_monitor.h\n'}
[2.782154] (px4_msgs) StdoutLine: {'line': b'-- Up-to-date: /home/rschnurr/SkyClaw-Team1/ros2_ws/install/px4_msgs/include/px4_msgs/px4_msgs/msg/estimator_states.h\n'}
[2.782646] (px4_msgs) StdoutLine: {'line': b'-- Up-to-date: /home/rschnurr/SkyClaw-Team1/ros2_ws/install/px4_msgs/include/px4_msgs/px4_msgs/msg/dronecan_node_status.h\n'}
[2.783094] (px4_msgs) StdoutLine: {'line': b'-- Up-to-date: /home/rschnurr/SkyClaw-Team1/ros2_ws/install/px4_msgs/include/px4_msgs/px4_msgs/msg/offboard_control_mode.h\n'}
[2.783473] (px4_msgs) StdoutLine: {'line': b'-- Up-to-date: /home/rschnurr/SkyClaw-Team1/ros2_ws/install/px4_msgs/include/px4_msgs/px4_msgs/msg/trajectory_setpoint.h\n'}
[2.783917] (px4_msgs) StdoutLine: {'line': b'-- Up-to-date: /home/rschnurr/SkyClaw-Team1/ros2_ws/install/px4_msgs/include/px4_msgs/px4_msgs/msg/wheel_encoders.h\n'}
[2.784549] (px4_msgs) StdoutLine: {'line': b'-- Up-to-date: /home/rschnurr/SkyClaw-Team1/ros2_ws/install/px4_msgs/include/px4_msgs/px4_msgs/msg/magnetometer_bias_estimate.h\n'}
[2.785009] (px4_msgs) StdoutLine: {'line': b'-- Up-to-date: /home/rschnurr/SkyClaw-Team1/ros2_ws/install/px4_msgs/include/px4_msgs/px4_msgs/msg/follow_target.h\n'}
[2.785398] (px4_msgs) StdoutLine: {'line': b'-- Up-to-date: /home/rschnurr/SkyClaw-Team1/ros2_ws/install/px4_msgs/include/px4_msgs/px4_msgs/msg/orb_test_medium.h\n'}
[2.785842] (px4_msgs) StdoutLine: {'line': b'-- Up-to-date: /home/rschnurr/SkyClaw-Team1/ros2_ws/install/px4_msgs/include/px4_msgs/px4_msgs/msg/event.h\n'}
[2.786274] (px4_msgs) StdoutLine: {'line': b'-- Up-to-date: /home/rschnurr/SkyClaw-Team1/ros2_ws/install/px4_msgs/include/px4_msgs/px4_msgs/msg/longitudinal_control_configuration.h\n'}
[2.786607] (px4_msgs) StdoutLine: {'line': b'-- Up-to-date: /home/rschnurr/SkyClaw-Team1/ros2_ws/install/px4_msgs/include/px4_msgs/px4_msgs/msg/flight_phase_estimation.h\n'}
[2.786910] (px4_msgs) StdoutLine: {'line': b'-- Up-to-date: /home/rschnurr/SkyClaw-Team1/ros2_ws/install/px4_msgs/include/px4_msgs/px4_msgs/msg/control_allocator_status.h\n'}
[2.787782] (px4_msgs) StdoutLine: {'line': b'-- Up-to-date: /home/rschnurr/SkyClaw-Team1/ros2_ws/install/px4_msgs/include/px4_msgs/px4_msgs/msg/tiltrotor_extra_controls.h\n'}
[2.787914] (px4_msgs) StdoutLine: {'line': b'-- Up-to-date: /home/rschnurr/SkyClaw-Team1/ros2_ws/install/px4_msgs/include/px4_msgs/px4_msgs/msg/vehicle_roi.h\n'}
[2.788002] (px4_msgs) StdoutLine: {'line': b'-- Up-to-date: /home/rschnurr/SkyClaw-Team1/ros2_ws/install/px4_msgs/include/px4_msgs/px4_msgs/msg/vehicle_rates_setpoint.h\n'}
[2.788176] (px4_msgs) StdoutLine: {'line': b'-- Up-to-date: /home/rschnurr/SkyClaw-Team1/ros2_ws/install/px4_msgs/include/px4_msgs/px4_msgs/msg/rover_rate_status.h\n'}
[2.788469] (px4_msgs) StdoutLine: {'line': b'-- Up-to-date: /home/rschnurr/SkyClaw-Team1/ros2_ws/install/px4_msgs/include/px4_msgs/px4_msgs/msg/vehicle_odometry.h\n'}
[2.788599] (px4_msgs) StdoutLine: {'line': b'-- Up-to-date: /home/rschnurr/SkyClaw-Team1/ros2_ws/install/px4_msgs/include/px4_msgs/px4_msgs/msg/message_format_request.h\n'}
[2.788799] (px4_msgs) StdoutLine: {'line': b'-- Up-to-date: /home/rschnurr/SkyClaw-Team1/ros2_ws/install/px4_msgs/include/px4_msgs/px4_msgs/msg/sensors_status_imu.h\n'}
[2.789204] (px4_msgs) StdoutLine: {'line': b'-- Up-to-date: /home/rschnurr/SkyClaw-Team1/ros2_ws/install/px4_msgs/include/px4_msgs/px4_msgs/msg/vehicle_optical_flow_vel.h\n'}
[2.789367] (px4_msgs) StdoutLine: {'line': b'-- Up-to-date: /home/rschnurr/SkyClaw-Team1/ros2_ws/install/px4_msgs/include/px4_msgs/px4_msgs/msg/vehicle_imu_status.h\n'}
[2.789781] (px4_msgs) StdoutLine: {'line': b'-- Up-to-date: /home/rschnurr/SkyClaw-Team1/ros2_ws/install/px4_msgs/include/px4_msgs/px4_msgs/msg/vehicle_land_detected.h\n'}
[2.789918] (px4_msgs) StdoutLine: {'line': b'-- Up-to-date: /home/rschnurr/SkyClaw-Team1/ros2_ws/install/px4_msgs/include/px4_msgs/px4_msgs/msg/follow_target_estimator.h\n'}
[2.790214] (px4_msgs) StdoutLine: {'line': b'-- Up-to-date: /home/rschnurr/SkyClaw-Team1/ros2_ws/install/px4_msgs/include/px4_msgs/px4_msgs/msg/system_power.h\n'}
[2.790535] (px4_msgs) StdoutLine: {'line': b'-- Up-to-date: /home/rschnurr/SkyClaw-Team1/ros2_ws/install/px4_msgs/include/px4_msgs/px4_msgs/msg/vehicle_status.h\n'}
[2.790712] (px4_msgs) StdoutLine: {'line': b'-- Up-to-date: /home/rschnurr/SkyClaw-Team1/ros2_ws/install/px4_msgs/include/px4_msgs/px4_msgs/msg/open_drone_id_arm_status.h\n'}
[2.791016] (px4_msgs) StdoutLine: {'line': b'-- Up-to-date: /home/rschnurr/SkyClaw-Team1/ros2_ws/install/px4_msgs/include/px4_msgs/px4_msgs/msg/rpm.h\n'}
[2.791446] (px4_msgs) StdoutLine: {'line': b'-- Up-to-date: /home/rschnurr/SkyClaw-Team1/ros2_ws/install/px4_msgs/include/px4_msgs/px4_msgs/msg/gps_dump.h\n'}
[2.791896] (px4_msgs) StdoutLine: {'line': b'-- Up-to-date: /home/rschnurr/SkyClaw-Team1/ros2_ws/install/px4_msgs/include/px4_msgs/px4_msgs/msg/airspeed_wind.h\n'}
[2.792182] (px4_msgs) StdoutLine: {'line': b'-- Up-to-date: /home/rschnurr/SkyClaw-Team1/ros2_ws/install/px4_msgs/include/px4_msgs/px4_msgs/msg/debug_value.h\n'}
[2.792823] (px4_msgs) StdoutLine: {'line': b'-- Up-to-date: /home/rschnurr/SkyClaw-Team1/ros2_ws/install/px4_msgs/include/px4_msgs/px4_msgs/msg/estimator_aid_source2d.h\n'}
[2.793025] (px4_msgs) StdoutLine: {'line': b'-- Up-to-date: /home/rschnurr/SkyClaw-Team1/ros2_ws/install/px4_msgs/include/px4_msgs/px4_msgs/msg/launch_detection_status.h\n'}
[2.793135] (px4_msgs) StdoutLine: {'line': b'-- Up-to-date: /home/rschnurr/SkyClaw-Team1/ros2_ws/install/px4_msgs/include/px4_msgs/px4_msgs/msg/rover_position_setpoint.h\n'}
[2.793201] (px4_msgs) StdoutLine: {'line': b'-- Up-to-date: /home/rschnurr/SkyClaw-Team1/ros2_ws/install/px4_msgs/include/px4_msgs/px4_msgs/msg/estimator_selector_status.h\n'}
[2.793452] (px4_msgs) StdoutLine: {'line': b'-- Up-to-date: /home/rschnurr/SkyClaw-Team1/ros2_ws/install/px4_msgs/include/px4_msgs/px4_msgs/msg/sensor_gyro_fft.h\n'}
[2.793705] (px4_msgs) StdoutLine: {'line': b'-- Up-to-date: /home/rschnurr/SkyClaw-Team1/ros2_ws/install/px4_msgs/include/px4_msgs/px4_msgs/msg/irlock_report.h\n'}
[2.794190] (px4_msgs) StdoutLine: {'line': b'-- Up-to-date: /home/rschnurr/SkyClaw-Team1/ros2_ws/install/px4_msgs/include/px4_msgs/px4_msgs/msg/navigator_mission_item.h\n'}
[2.794419] (px4_msgs) StdoutLine: {'line': b'-- Up-to-date: /home/rschnurr/SkyClaw-Team1/ros2_ws/install/px4_msgs/include/px4_msgs/px4_msgs/msg/sensor_accel_fifo.h\n'}
[2.795043] (px4_msgs) StdoutLine: {'line': b'-- Up-to-date: /home/rschnurr/SkyClaw-Team1/ros2_ws/install/px4_msgs/include/px4_msgs/px4_msgs/msg/vehicle_air_data.h\n'}
[2.795277] (px4_msgs) StdoutLine: {'line': b'-- Up-to-date: /home/rschnurr/SkyClaw-Team1/ros2_ws/install/px4_msgs/include/px4_msgs/px4_msgs/msg/gimbal_manager_information.h\n'}
[2.795374] (px4_msgs) StdoutLine: {'line': b'-- Up-to-date: /home/rschnurr/SkyClaw-Team1/ros2_ws/install/px4_msgs/include/px4_msgs/px4_msgs/msg/arming_check_reply.h\n'}
[2.795731] (px4_msgs) StdoutLine: {'line': b'-- Up-to-date: /home/rschnurr/SkyClaw-Team1/ros2_ws/install/px4_msgs/include/px4_msgs/px4_msgs/msg/rover_rate_setpoint.h\n'}
[2.796538] (px4_msgs) StdoutLine: {'line': b'-- Up-to-date: /home/rschnurr/SkyClaw-Team1/ros2_ws/install/px4_msgs/include/px4_msgs/px4_msgs/msg/rover_speed_status.h\n'}
[2.796822] (px4_msgs) StdoutLine: {'line': b'-- Up-to-date: /home/rschnurr/SkyClaw-Team1/ros2_ws/install/px4_msgs/include/px4_msgs/px4_msgs/msg/detail\n'}
[2.796995] (px4_msgs) StdoutLine: {'line': b'-- Up-to-date: /home/rschnurr/SkyClaw-Team1/ros2_ws/install/px4_msgs/include/px4_msgs/px4_msgs/msg/detail/onboard_computer_status__struct.h\n'}
[2.797084] (px4_msgs) StdoutLine: {'line': b'-- Up-to-date: /home/rschnurr/SkyClaw-Team1/ros2_ws/install/px4_msgs/include/px4_msgs/px4_msgs/msg/detail/iridiumsbd_status__type_support.h\n'}
[2.797161] (px4_msgs) StdoutLine: {'line': b'-- Up-to-date: /home/rschnurr/SkyClaw-Team1/ros2_ws/install/px4_msgs/include/px4_msgs/px4_msgs/msg/detail/arming_check_request__type_support.h\n'}
[2.797845] (px4_msgs) StdoutLine: {'line': b'-- Up-to-date: /home/rschnurr/SkyClaw-Team1/ros2_ws/install/px4_msgs/include/px4_msgs/px4_msgs/msg/detail/fixed_wing_longitudinal_setpoint__functions.h\n'}
[2.798059] (px4_msgs) StdoutLine: {'line': b'-- Up-to-date: /home/rschnurr/SkyClaw-Team1/ros2_ws/install/px4_msgs/include/px4_msgs/px4_msgs/msg/detail/ekf2_timestamps__type_support.h\n'}
[2.798235] (px4_msgs) StdoutLine: {'line': b'-- Up-to-date: /home/rschnurr/SkyClaw-Team1/ros2_ws/install/px4_msgs/include/px4_msgs/px4_msgs/msg/detail/fixed_wing_lateral_status__struct.h\n'}
[2.798498] (px4_msgs) StdoutLine: {'line': b'-- Up-to-date: /home/rschnurr/SkyClaw-Team1/ros2_ws/install/px4_msgs/include/px4_msgs/px4_msgs/msg/detail/rover_attitude_setpoint__struct.h\n'}
[2.798755] (px4_msgs) StdoutLine: {'line': b'-- Up-to-date: /home/rschnurr/SkyClaw-Team1/ros2_ws/install/px4_msgs/include/px4_msgs/px4_msgs/msg/detail/satellite_info__struct.h\n'}
[2.798991] (px4_msgs) StdoutLine: {'line': b'-- Up-to-date: /home/rschnurr/SkyClaw-Team1/ros2_ws/install/px4_msgs/include/px4_msgs/px4_msgs/msg/detail/pps_capture__functions.h\n'}
[2.799248] (px4_msgs) StdoutLine: {'line': b'-- Up-to-date: /home/rschnurr/SkyClaw-Team1/ros2_ws/install/px4_msgs/include/px4_msgs/px4_msgs/msg/detail/estimator_aid_source2d__functions.c\n'}
[2.799519] (px4_msgs) StdoutLine: {'line': b'-- Up-to-date: /home/rschnurr/SkyClaw-Team1/ros2_ws/install/px4_msgs/include/px4_msgs/px4_msgs/msg/detail/gimbal_manager_set_attitude__functions.h\n'}
[2.799717] (px4_msgs) StdoutLine: {'line': b'-- Up-to-date: /home/rschnurr/SkyClaw-Team1/ros2_ws/install/px4_msgs/include/px4_msgs/px4_msgs/msg/detail/uavcan_parameter_request__type_support.h\n'}
[2.800093] (px4_msgs) StdoutLine: {'line': b'-- Up-to-date: /home/rschnurr/SkyClaw-Team1/ros2_ws/install/px4_msgs/include/px4_msgs/px4_msgs/msg/detail/esc_status__functions.h\n'}
[2.800820] (px4_msgs) StdoutLine: {'line': b'-- Up-to-date: /home/rschnurr/SkyClaw-Team1/ros2_ws/install/px4_msgs/include/px4_msgs/px4_msgs/msg/detail/estimator_innovations__functions.c\n'}
[2.801156] (px4_msgs) StdoutLine: {'line': b'-- Up-to-date: /home/rschnurr/SkyClaw-Team1/ros2_ws/install/px4_msgs/include/px4_msgs/px4_msgs/msg/detail/message_format_response__struct.h\n'}
[2.801582] (px4_msgs) StdoutLine: {'line': b'-- Up-to-date: /home/rschnurr/SkyClaw-Team1/ros2_ws/install/px4_msgs/include/px4_msgs/px4_msgs/msg/detail/hover_thrust_estimate__type_support.h\n'}
[2.801872] (px4_msgs) StdoutLine: {'line': b'-- Up-to-date: /home/rschnurr/SkyClaw-Team1/ros2_ws/install/px4_msgs/include/px4_msgs/px4_msgs/msg/detail/rtl_status__functions.h\n'}
[2.802152] (px4_msgs) StdoutLine: {'line': b'-- Up-to-date: /home/rschnurr/SkyClaw-Team1/ros2_ws/install/px4_msgs/include/px4_msgs/px4_msgs/msg/detail/actuator_outputs__type_support.h\n'}
[2.802370] (px4_msgs) StdoutLine: {'line': b'-- Up-to-date: /home/rschnurr/SkyClaw-Team1/ros2_ws/install/px4_msgs/include/px4_msgs/px4_msgs/msg/detail/estimator_event_flags__functions.h\n'}
[2.802611] (px4_msgs) StdoutLine: {'line': b'-- Up-to-date: /home/rschnurr/SkyClaw-Team1/ros2_ws/install/px4_msgs/include/px4_msgs/px4_msgs/msg/detail/sensor_selection__functions.h\n'}
[2.803282] (px4_msgs) StdoutLine: {'line': b'-- Up-to-date: /home/rschnurr/SkyClaw-Team1/ros2_ws/install/px4_msgs/include/px4_msgs/px4_msgs/msg/detail/fixed_wing_lateral_setpoint__type_support.h\n'}
[2.803637] (px4_msgs) StdoutLine: {'line': b'-- Up-to-date: /home/rschnurr/SkyClaw-Team1/ros2_ws/install/px4_msgs/include/px4_msgs/px4_msgs/msg/detail/fuel_tank_status__functions.c\n'}
[2.804025] (px4_msgs) StdoutLine: {'line': b'-- Up-to-date: /home/rschnurr/SkyClaw-Team1/ros2_ws/install/px4_msgs/include/px4_msgs/px4_msgs/msg/detail/vehicle_angular_acceleration_setpoint__struct.h\n'}
[2.804644] (px4_msgs) StdoutLine: {'line': b'-- Up-to-date: /home/rschnurr/SkyClaw-Team1/ros2_ws/install/px4_msgs/include/px4_msgs/px4_msgs/msg/detail/yaw_estimator_status__struct.h\n'}
[2.804934] (px4_msgs) StdoutLine: {'line': b'-- Up-to-date: /home/rschnurr/SkyClaw-Team1/ros2_ws/install/px4_msgs/include/px4_msgs/px4_msgs/msg/detail/sensor_combined__type_support.h\n'}
[2.805012] (px4_msgs) StdoutLine: {'line': b'-- Up-to-date: /home/rschnurr/SkyClaw-Team1/ros2_ws/install/px4_msgs/include/px4_msgs/px4_msgs/msg/detail/orb_test_large__type_support.h\n'}
[2.805236] (px4_msgs) StdoutLine: {'line': b'-- Up-to-date: /home/rschnurr/SkyClaw-Team1/ros2_ws/install/px4_msgs/include/px4_msgs/px4_msgs/msg/detail/gpio_in__functions.h\n'}
[2.805587] (px4_msgs) StdoutLine: {'line': b'-- Up-to-date: /home/rschnurr/SkyClaw-Team1/ros2_ws/install/px4_msgs/include/px4_msgs/px4_msgs/msg/detail/rover_position_setpoint__struct.h\n'}
[2.805921] (px4_msgs) StdoutLine: {'line': b'-- Up-to-date: /home/rschnurr/SkyClaw-Team1/ros2_ws/install/px4_msgs/include/px4_msgs/px4_msgs/msg/detail/pwm_input__functions.h\n'}
[2.806324] (px4_msgs) StdoutLine: {'line': b'-- Up-to-date: /home/rschnurr/SkyClaw-Team1/ros2_ws/install/px4_msgs/include/px4_msgs/px4_msgs/msg/detail/vehicle_torque_setpoint__struct.h\n'}
[2.806573] (px4_msgs) StdoutLine: {'line': b'-- Up-to-date: /home/rschnurr/SkyClaw-Team1/ros2_ws/install/px4_msgs/include/px4_msgs/px4_msgs/msg/detail/power_monitor__functions.c\n'}
[2.806882] (px4_msgs) StdoutLine: {'line': b'-- Up-to-date: /home/rschnurr/SkyClaw-Team1/ros2_ws/install/px4_msgs/include/px4_msgs/px4_msgs/msg/detail/sensor_gyro_fft__type_support.h\n'}
[2.807364] (px4_msgs) StdoutLine: {'line': b'-- Up-to-date: /home/rschnurr/SkyClaw-Team1/ros2_ws/install/px4_msgs/include/px4_msgs/px4_msgs/msg/detail/longitudinal_control_configuration__type_support.h\n'}
[2.807621] (px4_msgs) StdoutLine: {'line': b'-- Up-to-date: /home/rschnurr/SkyClaw-Team1/ros2_ws/install/px4_msgs/include/px4_msgs/px4_msgs/msg/detail/gimbal_manager_information__type_support.h\n'}
[2.807983] (px4_msgs) StdoutLine: {'line': b'-- Up-to-date: /home/rschnurr/SkyClaw-Team1/ros2_ws/install/px4_msgs/include/px4_msgs/px4_msgs/msg/detail/ulog_stream_ack__type_support.h\n'}
[2.808242] (px4_msgs) StdoutLine: {'line': b'-- Up-to-date: /home/rschnurr/SkyClaw-Team1/ros2_ws/install/px4_msgs/include/px4_msgs/px4_msgs/msg/detail/debug_value__functions.h\n'}
[2.808743] (px4_msgs) StdoutLine: {'line': b'-- Up-to-date: /home/rschnurr/SkyClaw-Team1/ros2_ws/install/px4_msgs/include/px4_msgs/px4_msgs/msg/detail/debug_array__type_support.h\n'}
[2.809007] (px4_msgs) StdoutLine: {'line': b'-- Up-to-date: /home/rschnurr/SkyClaw-Team1/ros2_ws/install/px4_msgs/include/px4_msgs/px4_msgs/msg/detail/autotune_attitude_control_status__struct.h\n'}
[2.809514] (px4_msgs) StdoutLine: {'line': b'-- Up-to-date: /home/rschnurr/SkyClaw-Team1/ros2_ws/install/px4_msgs/include/px4_msgs/px4_msgs/msg/detail/parameter_update__type_support.h\n'}
[2.810080] (px4_msgs) StdoutLine: {'line': b'-- Up-to-date: /home/rschnurr/SkyClaw-Team1/ros2_ws/install/px4_msgs/include/px4_msgs/px4_msgs/msg/detail/estimator_aid_source2d__type_support.h\n'}
[2.810476] (px4_msgs) StdoutLine: {'line': b'-- Up-to-date: /home/rschnurr/SkyClaw-Team1/ros2_ws/install/px4_msgs/include/px4_msgs/px4_msgs/msg/detail/ulog_stream_ack__functions.h\n'}
[2.811039] (px4_msgs) StdoutLine: {'line': b'-- Up-to-date: /home/rschnurr/SkyClaw-Team1/ros2_ws/install/px4_msgs/include/px4_msgs/px4_msgs/msg/detail/open_drone_id_self_id__functions.h\n'}
[2.811323] (px4_msgs) StdoutLine: {'line': b'-- Up-to-date: /home/rschnurr/SkyClaw-Team1/ros2_ws/install/px4_msgs/include/px4_msgs/px4_msgs/msg/detail/vehicle_air_data__struct.h\n'}
[2.811703] (px4_msgs) StdoutLine: {'line': b'-- Up-to-date: /home/rschnurr/SkyClaw-Team1/ros2_ws/install/px4_msgs/include/px4_msgs/px4_msgs/msg/detail/onboard_computer_status__functions.c\n'}
[2.812048] (px4_msgs) StdoutLine: {'line': b'-- Up-to-date: /home/rschnurr/SkyClaw-Team1/ros2_ws/install/px4_msgs/include/px4_msgs/px4_msgs/msg/detail/sensor_gnss_status__type_support.h\n'}
[2.812805] (px4_msgs) StdoutLine: {'line': b'-- Up-to-date: /home/rschnurr/SkyClaw-Team1/ros2_ws/install/px4_msgs/include/px4_msgs/px4_msgs/msg/detail/vehicle_attitude__functions.h\n'}
[2.813362] (px4_msgs) StdoutLine: {'line': b'-- Up-to-date: /home/rschnurr/SkyClaw-Team1/ros2_ws/install/px4_msgs/include/px4_msgs/px4_msgs/msg/detail/ulog_stream__functions.h\n'}
[2.813787] (px4_msgs) StdoutLine: {'line': b'-- Up-to-date: /home/rschnurr/SkyClaw-Team1/ros2_ws/install/px4_msgs/include/px4_msgs/px4_msgs/msg/detail/message_format_request__functions.c\n'}
[2.814022] (px4_msgs) StdoutLine: {'line': b'-- Up-to-date: /home/rschnurr/SkyClaw-Team1/ros2_ws/install/px4_msgs/include/px4_msgs/px4_msgs/msg/detail/sensor_accel__functions.h\n'}
[2.814315] (px4_msgs) StdoutLine: {'line': b'-- Up-to-date: /home/rschnurr/SkyClaw-Team1/ros2_ws/install/px4_msgs/include/px4_msgs/px4_msgs/msg/detail/manual_control_setpoint__type_support.h\n'}
[2.814407] (px4_msgs) StdoutLine: {'line': b'-- Up-to-date: /home/rschnurr/SkyClaw-Team1/ros2_ws/install/px4_msgs/include/px4_msgs/px4_msgs/msg/detail/config_overrides__functions.h\n'}
[2.814916] (px4_msgs) StdoutLine: {'line': b'-- Up-to-date: /home/rschnurr/SkyClaw-Team1/ros2_ws/install/px4_msgs/include/px4_msgs/px4_msgs/msg/detail/led_control__functions.c\n'}
[2.815059] (px4_msgs) StdoutLine: {'line': b'-- Up-to-date: /home/rschnurr/SkyClaw-Team1/ros2_ws/install/px4_msgs/include/px4_msgs/px4_msgs/msg/detail/wheel_encoders__type_support.h\n'}
[2.815639] (px4_msgs) StdoutLine: {'line': b'-- Up-to-date: /home/rschnurr/SkyClaw-Team1/ros2_ws/install/px4_msgs/include/px4_msgs/px4_msgs/msg/detail/vehicle_constraints__functions.c\n'}
[2.815923] (px4_msgs) StdoutLine: {'line': b'-- Up-to-date: /home/rschnurr/SkyClaw-Team1/ros2_ws/install/px4_msgs/include/px4_msgs/px4_msgs/msg/detail/actuator_controls_status__struct.h\n'}
[2.816252] (px4_msgs) StdoutLine: {'line': b'-- Up-to-date: /home/rschnurr/SkyClaw-Team1/ros2_ws/install/px4_msgs/include/px4_msgs/px4_msgs/msg/detail/distance_sensor__functions.c\n'}
[2.816421] (px4_msgs) StdoutLine: {'line': b'-- Up-to-date: /home/rschnurr/SkyClaw-Team1/ros2_ws/install/px4_msgs/include/px4_msgs/px4_msgs/msg/detail/debug_vect__type_support.h\n'}
[2.816706] (px4_msgs) StdoutLine: {'line': b'-- Up-to-date: /home/rschnurr/SkyClaw-Team1/ros2_ws/install/px4_msgs/include/px4_msgs/px4_msgs/msg/detail/magnetometer_bias_estimate__struct.h\n'}
[2.816807] (px4_msgs) StdoutLine: {'line': b'-- Up-to-date: /home/rschnurr/SkyClaw-Team1/ros2_ws/install/px4_msgs/include/px4_msgs/px4_msgs/msg/detail/sensor_preflight_mag__struct.h\n'}
[2.817181] (px4_msgs) StdoutLine: {'line': b'-- Up-to-date: /home/rschnurr/SkyClaw-Team1/ros2_ws/install/px4_msgs/include/px4_msgs/px4_msgs/msg/detail/vehicle_air_data__functions.c\n'}
[2.817585] (px4_msgs) StdoutLine: {'line': b'-- Up-to-date: /home/rschnurr/SkyClaw-Team1/ros2_ws/install/px4_msgs/include/px4_msgs/px4_msgs/msg/detail/wheel_encoders__functions.c\n'}
[2.817834] (px4_msgs) StdoutLine: {'line': b'-- Up-to-date: /home/rschnurr/SkyClaw-Team1/ros2_ws/install/px4_msgs/include/px4_msgs/px4_msgs/msg/detail/fixed_wing_runway_control__functions.h\n'}
[2.818130] (px4_msgs) StdoutLine: {'line': b'-- Up-to-date: /home/rschnurr/SkyClaw-Team1/ros2_ws/install/px4_msgs/include/px4_msgs/px4_msgs/msg/detail/orb_test_medium__functions.c\n'}
[2.818862] (px4_msgs) StdoutLine: {'line': b'-- Up-to-date: /home/rschnurr/SkyClaw-Team1/ros2_ws/install/px4_msgs/include/px4_msgs/px4_msgs/msg/detail/vehicle_rates_setpoint__struct.h\n'}
[2.819145] (px4_msgs) StdoutLine: {'line': b'-- Up-to-date: /home/rschnurr/SkyClaw-Team1/ros2_ws/install/px4_msgs/include/px4_msgs/px4_msgs/msg/detail/sensor_airflow__functions.c\n'}
[2.820310] (px4_msgs) StdoutLine: {'line': b'-- Up-to-date: /home/rschnurr/SkyClaw-Team1/ros2_ws/install/px4_msgs/include/px4_msgs/px4_msgs/msg/detail/control_allocator_status__functions.h\n'}
[2.820767] (px4_msgs) StdoutLine: {'line': b'-- Up-to-date: /home/rschnurr/SkyClaw-Team1/ros2_ws/install/px4_msgs/include/px4_msgs/px4_msgs/msg/detail/px4io_status__functions.c\n'}
[2.821264] (px4_msgs) StdoutLine: {'line': b'-- Up-to-date: /home/rschnurr/SkyClaw-Team1/ros2_ws/install/px4_msgs/include/px4_msgs/px4_msgs/msg/detail/sensors_status__functions.c\n'}
[2.821627] (px4_msgs) StdoutLine: {'line': b'-- Up-to-date: /home/rschnurr/SkyClaw-Team1/ros2_ws/install/px4_msgs/include/px4_msgs/px4_msgs/msg/detail/sensor_baro__struct.h\n'}
[2.822130] (px4_msgs) StdoutLine: {'line': b'-- Up-to-date: /home/rschnurr/SkyClaw-Team1/ros2_ws/install/px4_msgs/include/px4_msgs/px4_msgs/msg/detail/vehicle_optical_flow_vel__struct.h\n'}
[2.822369] (px4_msgs) StdoutLine: {'line': b'-- Up-to-date: /home/rschnurr/SkyClaw-Team1/ros2_ws/install/px4_msgs/include/px4_msgs/px4_msgs/msg/detail/fixed_wing_runway_control__struct.h\n'}
[2.822777] (px4_msgs) StdoutLine: {'line': b'-- Up-to-date: /home/rschnurr/SkyClaw-Team1/ros2_ws/install/px4_msgs/include/px4_msgs/px4_msgs/msg/detail/debug_array__functions.h\n'}
[2.823299] (px4_msgs) StdoutLine: {'line': b'-- Up-to-date: /home/rschnurr/SkyClaw-Team1/ros2_ws/install/px4_msgs/include/px4_msgs/px4_msgs/msg/detail/vehicle_command__struct.h\n'}
[2.823642] (px4_msgs) StdoutLine: {'line': b'-- Up-to-date: /home/rschnurr/SkyClaw-Team1/ros2_ws/install/px4_msgs/include/px4_msgs/px4_msgs/msg/detail/neural_control__functions.c\n'}
[2.824060] (px4_msgs) StdoutLine: {'line': b'-- Up-to-date: /home/rschnurr/SkyClaw-Team1/ros2_ws/install/px4_msgs/include/px4_msgs/px4_msgs/msg/detail/mag_worker_data__functions.h\n'}
[2.824649] (px4_msgs) StdoutLine: {'line': b'-- Up-to-date: /home/rschnurr/SkyClaw-Team1/ros2_ws/install/px4_msgs/include/px4_msgs/px4_msgs/msg/detail/position_controller_status__type_support.h\n'}
[2.825126] (px4_msgs) StdoutLine: {'line': b'-- Up-to-date: /home/rschnurr/SkyClaw-Team1/ros2_ws/install/px4_msgs/include/px4_msgs/px4_msgs/msg/detail/differential_pressure__struct.h\n'}
[2.825569] (px4_msgs) StdoutLine: {'line': b'-- Up-to-date: /home/rschnurr/SkyClaw-Team1/ros2_ws/install/px4_msgs/include/px4_msgs/px4_msgs/msg/detail/gps_inject_data__struct.h\n'}
[2.826008] (px4_msgs) StdoutLine: {'line': b'-- Up-to-date: /home/rschnurr/SkyClaw-Team1/ros2_ws/install/px4_msgs/include/px4_msgs/px4_msgs/msg/detail/velocity_limits__functions.c\n'}
[2.826630] (px4_msgs) StdoutLine: {'line': b'-- Up-to-date: /home/rschnurr/SkyClaw-Team1/ros2_ws/install/px4_msgs/include/px4_msgs/px4_msgs/msg/detail/vehicle_attitude_setpoint__struct.h\n'}
[2.827145] (px4_msgs) StdoutLine: {'line': b'-- Up-to-date: /home/rschnurr/SkyClaw-Team1/ros2_ws/install/px4_msgs/include/px4_msgs/px4_msgs/msg/detail/open_drone_id_operator_id__type_support.h\n'}
[2.827582] (px4_msgs) StdoutLine: {'line': b'-- Up-to-date: /home/rschnurr/SkyClaw-Team1/ros2_ws/install/px4_msgs/include/px4_msgs/px4_msgs/msg/detail/orbit_status__type_support.h\n'}
[2.828019] (px4_msgs) StdoutLine: {'line': b'-- Up-to-date: /home/rschnurr/SkyClaw-Team1/ros2_ws/install/px4_msgs/include/px4_msgs/px4_msgs/msg/detail/internal_combustion_engine_control__struct.h\n'}
[2.828440] (px4_msgs) StdoutLine: {'line': b'-- Up-to-date: /home/rschnurr/SkyClaw-Team1/ros2_ws/install/px4_msgs/include/px4_msgs/px4_msgs/msg/detail/sensor_hygrometer__struct.h\n'}
[2.828676] (px4_msgs) StdoutLine: {'line': b'-- Up-to-date: /home/rschnurr/SkyClaw-Team1/ros2_ws/install/px4_msgs/include/px4_msgs/px4_msgs/msg/detail/system_power__functions.c\n'}
[2.829351] (px4_msgs) StdoutLine: {'line': b'-- Up-to-date: /home/rschnurr/SkyClaw-Team1/ros2_ws/install/px4_msgs/include/px4_msgs/px4_msgs/msg/detail/gimbal_device_attitude_status__type_support.h\n'}
[2.829545] (px4_msgs) StdoutLine: {'line': b'-- Up-to-date: /home/rschnurr/SkyClaw-Team1/ros2_ws/install/px4_msgs/include/px4_msgs/px4_msgs/msg/detail/actuator_test__functions.h\n'}
[2.829882] (px4_msgs) StdoutLine: {'line': b'-- Up-to-date: /home/rschnurr/SkyClaw-Team1/ros2_ws/install/px4_msgs/include/px4_msgs/px4_msgs/msg/detail/rover_rate_setpoint__functions.c\n'}
[2.830225] (px4_msgs) StdoutLine: {'line': b'-- Up-to-date: /home/rschnurr/SkyClaw-Team1/ros2_ws/install/px4_msgs/include/px4_msgs/px4_msgs/msg/detail/vehicle_acceleration__struct.h\n'}
[2.830459] (px4_msgs) StdoutLine: {'line': b'-- Up-to-date: /home/rschnurr/SkyClaw-Team1/ros2_ws/install/px4_msgs/include/px4_msgs/px4_msgs/msg/detail/magnetometer_bias_estimate__functions.c\n'}
[2.830959] (px4_msgs) StdoutLine: {'line': b'-- Up-to-date: /home/rschnurr/SkyClaw-Team1/ros2_ws/install/px4_msgs/include/px4_msgs/px4_msgs/msg/detail/vehicle_imu_status__struct.h\n'}
[2.831400] (px4_msgs) StdoutLine: {'line': b'-- Up-to-date: /home/rschnurr/SkyClaw-Team1/ros2_ws/install/px4_msgs/include/px4_msgs/px4_msgs/msg/detail/trajectory_setpoint__type_support.h\n'}
[2.831920] (px4_msgs) StdoutLine: {'line': b'-- Up-to-date: /home/rschnurr/SkyClaw-Team1/ros2_ws/install/px4_msgs/include/px4_msgs/px4_msgs/msg/detail/vehicle_magnetometer__functions.c\n'}
[2.832290] (px4_msgs) StdoutLine: {'line': b'-- Up-to-date: /home/rschnurr/SkyClaw-Team1/ros2_ws/install/px4_msgs/include/px4_msgs/px4_msgs/msg/detail/parameter_set_used_request__functions.c\n'}
[2.832727] (px4_msgs) StdoutLine: {'line': b'-- Up-to-date: /home/rschnurr/SkyClaw-Team1/ros2_ws/install/px4_msgs/include/px4_msgs/px4_msgs/msg/detail/trajectory_setpoint6dof__struct.h\n'}
[2.832817] (px4_msgs) StdoutLine: {'line': b'-- Up-to-date: /home/rschnurr/SkyClaw-Team1/ros2_ws/install/px4_msgs/include/px4_msgs/px4_msgs/msg/detail/unregister_ext_component__struct.h\n'}
[2.833697] (px4_msgs) StdoutLine: {'line': b'-- Up-to-date: /home/rschnurr/SkyClaw-Team1/ros2_ws/install/px4_msgs/include/px4_msgs/px4_msgs/msg/detail/uavcan_parameter_value__type_support.h\n'}
[2.833821] (px4_msgs) StdoutLine: {'line': b'-- Up-to-date: /home/rschnurr/SkyClaw-Team1/ros2_ws/install/px4_msgs/include/px4_msgs/px4_msgs/msg/detail/vehicle_acceleration__type_support.h\n'}
[2.834170] (px4_msgs) StdoutLine: {'line': b'-- Up-to-date: /home/rschnurr/SkyClaw-Team1/ros2_ws/install/px4_msgs/include/px4_msgs/px4_msgs/msg/detail/sensor_correction__type_support.h\n'}
[2.834524] (px4_msgs) StdoutLine: {'line': b'-- Up-to-date: /home/rschnurr/SkyClaw-Team1/ros2_ws/install/px4_msgs/include/px4_msgs/px4_msgs/msg/detail/vehicle_angular_velocity__struct.h\n'}
[2.834741] (px4_msgs) StdoutLine: {'line': b'-- Up-to-date: /home/rschnurr/SkyClaw-Team1/ros2_ws/install/px4_msgs/include/px4_msgs/px4_msgs/msg/detail/sensors_status__struct.h\n'}
[2.834829] (px4_msgs) StdoutLine: {'line': b'-- Up-to-date: /home/rschnurr/SkyClaw-Team1/ros2_ws/install/px4_msgs/include/px4_msgs/px4_msgs/msg/detail/actuator_controls_status__functions.c\n'}
[2.835201] (px4_msgs) StdoutLine: {'line': b'-- Up-to-date: /home/rschnurr/SkyClaw-Team1/ros2_ws/install/px4_msgs/include/px4_msgs/px4_msgs/msg/detail/open_drone_id_system__functions.c\n'}
[2.835655] (px4_msgs) StdoutLine: {'line': b'-- Up-to-date: /home/rschnurr/SkyClaw-Team1/ros2_ws/install/px4_msgs/include/px4_msgs/px4_msgs/msg/detail/sensor_gyro_fft__struct.h\n'}
[2.836132] (px4_msgs) StdoutLine: {'line': b'-- Up-to-date: /home/rschnurr/SkyClaw-Team1/ros2_ws/install/px4_msgs/include/px4_msgs/px4_msgs/msg/detail/internal_combustion_engine_control__functions.h\n'}
[2.836992] (px4_msgs) StdoutLine: {'line': b'-- Up-to-date: /home/rschnurr/SkyClaw-Team1/ros2_ws/install/px4_msgs/include/px4_msgs/px4_msgs/msg/detail/logger_status__struct.h\n'}
[2.837708] (px4_msgs) StdoutLine: {'line': b'-- Up-to-date: /home/rschnurr/SkyClaw-Team1/ros2_ws/install/px4_msgs/include/px4_msgs/px4_msgs/msg/detail/parameter_update__functions.h\n'}
[2.838906] (px4_msgs) StdoutLine: {'line': b'-- Up-to-date: /home/rschnurr/SkyClaw-Team1/ros2_ws/install/px4_msgs/include/px4_msgs/px4_msgs/msg/detail/radio_status__struct.h\n'}
[2.839043] (px4_msgs) StdoutLine: {'line': b'-- Up-to-date: /home/rschnurr/SkyClaw-Team1/ros2_ws/install/px4_msgs/include/px4_msgs/px4_msgs/msg/detail/vehicle_local_position_setpoint__struct.h\n'}
[2.839279] (px4_msgs) StdoutLine: {'line': b'-- Up-to-date: /home/rschnurr/SkyClaw-Team1/ros2_ws/install/px4_msgs/include/px4_msgs/px4_msgs/msg/detail/sensor_accel_fifo__type_support.h\n'}
[2.839657] (px4_msgs) StdoutLine: {'line': b'-- Up-to-date: /home/rschnurr/SkyClaw-Team1/ros2_ws/install/px4_msgs/include/px4_msgs/px4_msgs/msg/detail/trajectory_setpoint6dof__functions.h\n'}
[2.839973] (px4_msgs) StdoutLine: {'line': b'-- Up-to-date: /home/rschnurr/SkyClaw-Team1/ros2_ws/install/px4_msgs/include/px4_msgs/px4_msgs/msg/detail/manual_control_switches__struct.h\n'}
[2.840596] (px4_msgs) StdoutLine: {'line': b'-- Up-to-date: /home/rschnurr/SkyClaw-Team1/ros2_ws/install/px4_msgs/include/px4_msgs/px4_msgs/msg/detail/follow_target_estimator__struct.h\n'}
[2.841119] (px4_msgs) StdoutLine: {'line': b'-- Up-to-date: /home/rschnurr/SkyClaw-Team1/ros2_ws/install/px4_msgs/include/px4_msgs/px4_msgs/msg/detail/power_button_state__type_support.h\n'}
[2.841608] (px4_msgs) StdoutLine: {'line': b'-- Up-to-date: /home/rschnurr/SkyClaw-Team1/ros2_ws/install/px4_msgs/include/px4_msgs/px4_msgs/msg/detail/esc_report__type_support.h\n'}
[2.842031] (px4_msgs) StdoutLine: {'line': b'-- Up-to-date: /home/rschnurr/SkyClaw-Team1/ros2_ws/install/px4_msgs/include/px4_msgs/px4_msgs/msg/detail/sensor_preflight_mag__type_support.h\n'}
[2.842369] (px4_msgs) StdoutLine: {'line': b'-- Up-to-date: /home/rschnurr/SkyClaw-Team1/ros2_ws/install/px4_msgs/include/px4_msgs/px4_msgs/msg/detail/register_ext_component_reply__type_support.h\n'}
[2.842693] (px4_msgs) StdoutLine: {'line': b'-- Up-to-date: /home/rschnurr/SkyClaw-Team1/ros2_ws/install/px4_msgs/include/px4_msgs/px4_msgs/msg/detail/landing_target_pose__struct.h\n'}
[2.843154] (px4_msgs) StdoutLine: {'line': b'-- Up-to-date: /home/rschnurr/SkyClaw-Team1/ros2_ws/install/px4_msgs/include/px4_msgs/px4_msgs/msg/detail/battery_status__functions.h\n'}
[2.843511] (px4_msgs) StdoutLine: {'line': b'-- Up-to-date: /home/rschnurr/SkyClaw-Team1/ros2_ws/install/px4_msgs/include/px4_msgs/px4_msgs/msg/detail/mag_worker_data__struct.h\n'}
[2.844258] (px4_msgs) StdoutLine: {'line': b'-- Up-to-date: /home/rschnurr/SkyClaw-Team1/ros2_ws/install/px4_msgs/include/px4_msgs/px4_msgs/msg/detail/orb_test__struct.h\n'}
[2.844902] (px4_msgs) StdoutLine: {'line': b'-- Up-to-date: /home/rschnurr/SkyClaw-Team1/ros2_ws/install/px4_msgs/include/px4_msgs/px4_msgs/msg/detail/estimator_event_flags__functions.c\n'}
[2.845026] (px4_msgs) StdoutLine: {'line': b'-- Up-to-date: /home/rschnurr/SkyClaw-Team1/ros2_ws/install/px4_msgs/include/px4_msgs/px4_msgs/msg/detail/estimator_status_flags__functions.c\n'}
[2.845107] (px4_msgs) StdoutLine: {'line': b'-- Up-to-date: /home/rschnurr/SkyClaw-Team1/ros2_ws/install/px4_msgs/include/px4_msgs/px4_msgs/msg/detail/actuator_servos__struct.h\n'}
[2.845510] (px4_msgs) StdoutLine: {'line': b'-- Up-to-date: /home/rschnurr/SkyClaw-Team1/ros2_ws/install/px4_msgs/include/px4_msgs/px4_msgs/msg/detail/dataman_request__type_support.h\n'}
[2.845908] (px4_msgs) StdoutLine: {'line': b'-- Up-to-date: /home/rschnurr/SkyClaw-Team1/ros2_ws/install/px4_msgs/include/px4_msgs/px4_msgs/msg/detail/sensor_gnss_status__struct.h\n'}
[2.846441] (px4_msgs) StdoutLine: {'line': b'-- Up-to-date: /home/rschnurr/SkyClaw-Team1/ros2_ws/install/px4_msgs/include/px4_msgs/px4_msgs/msg/detail/unregister_ext_component__functions.h\n'}
[2.846610] (px4_msgs) StdoutLine: {'line': b'-- Up-to-date: /home/rschnurr/SkyClaw-Team1/ros2_ws/install/px4_msgs/include/px4_msgs/px4_msgs/msg/detail/sensor_accel__functions.c\n'}
[2.846775] (px4_msgs) StdoutLine: {'line': b'-- Up-to-date: /home/rschnurr/SkyClaw-Team1/ros2_ws/install/px4_msgs/include/px4_msgs/px4_msgs/msg/detail/hover_thrust_estimate__functions.c\n'}
[2.846924] (px4_msgs) StdoutLine: {'line': b'-- Up-to-date: /home/rschnurr/SkyClaw-Team1/ros2_ws/install/px4_msgs/include/px4_msgs/px4_msgs/msg/detail/vehicle_magnetometer__type_support.h\n'}
[2.847016] (px4_msgs) StdoutLine: {'line': b'-- Up-to-date: /home/rschnurr/SkyClaw-Team1/ros2_ws/install/px4_msgs/include/px4_msgs/px4_msgs/msg/detail/message_format_response__functions.h\n'}
[2.847184] (px4_msgs) StdoutLine: {'line': b'-- Up-to-date: /home/rschnurr/SkyClaw-Team1/ros2_ws/install/px4_msgs/include/px4_msgs/px4_msgs/msg/detail/telemetry_status__struct.h\n'}
[2.847965] (px4_msgs) StdoutLine: {'line': b'-- Up-to-date: /home/rschnurr/SkyClaw-Team1/ros2_ws/install/px4_msgs/include/px4_msgs/px4_msgs/msg/detail/sensor_accel_fifo__functions.c\n'}
[2.848816] (px4_msgs) StdoutLine: {'line': b'-- Up-to-date: /home/rschnurr/SkyClaw-Team1/ros2_ws/install/px4_msgs/include/px4_msgs/px4_msgs/msg/detail/generator_status__functions.c\n'}
[2.849377] (px4_msgs) StdoutLine: {'line': b'-- Up-to-date: /home/rschnurr/SkyClaw-Team1/ros2_ws/install/px4_msgs/include/px4_msgs/px4_msgs/msg/detail/vehicle_attitude_setpoint__functions.h\n'}
[2.849929] (px4_msgs) StdoutLine: {'line': b'-- Up-to-date: /home/rschnurr/SkyClaw-Team1/ros2_ws/install/px4_msgs/include/px4_msgs/px4_msgs/msg/detail/vehicle_imu__functions.h\n'}
[2.851645] (px4_msgs) StdoutLine: {'line': b'-- Up-to-date: /home/rschnurr/SkyClaw-Team1/ros2_ws/install/px4_msgs/include/px4_msgs/px4_msgs/msg/detail/generator_status__functions.h\n'}
[2.852940] (px4_msgs) StdoutLine: {'line': b'-- Up-to-date: /home/rschnurr/SkyClaw-Team1/ros2_ws/install/px4_msgs/include/px4_msgs/px4_msgs/msg/detail/estimator_status__functions.h\n'}
[2.853783] (px4_msgs) StdoutLine: {'line': b'-- Up-to-date: /home/rschnurr/SkyClaw-Team1/ros2_ws/install/px4_msgs/include/px4_msgs/px4_msgs/msg/detail/obstacle_distance__struct.h\n'}
[2.853916] (px4_msgs) StdoutLine: {'line': b'-- Up-to-date: /home/rschnurr/SkyClaw-Team1/ros2_ws/install/px4_msgs/include/px4_msgs/px4_msgs/msg/detail/esc_status__functions.c\n'}
[2.854090] (px4_msgs) StdoutLine: {'line': b'-- Up-to-date: /home/rschnurr/SkyClaw-Team1/ros2_ws/install/px4_msgs/include/px4_msgs/px4_msgs/msg/detail/sensor_gnss_relative__functions.c\n'}
[2.854543] (px4_msgs) StdoutLine: {'line': b'-- Up-to-date: /home/rschnurr/SkyClaw-Team1/ros2_ws/install/px4_msgs/include/px4_msgs/px4_msgs/msg/detail/action_request__struct.h\n'}
[2.854974] (px4_msgs) StdoutLine: {'line': b'-- Up-to-date: /home/rschnurr/SkyClaw-Team1/ros2_ws/install/px4_msgs/include/px4_msgs/px4_msgs/msg/detail/follow_target_estimator__functions.h\n'}
[2.855234] (px4_msgs) StdoutLine: {'line': b'-- Up-to-date: /home/rschnurr/SkyClaw-Team1/ros2_ws/install/px4_msgs/include/px4_msgs/px4_msgs/msg/detail/pure_pursuit_status__functions.c\n'}
[2.855411] (px4_msgs) StdoutLine: {'line': b'-- Up-to-date: /home/rschnurr/SkyClaw-Team1/ros2_ws/install/px4_msgs/include/px4_msgs/px4_msgs/msg/detail/sensor_hygrometer__functions.h\n'}
[2.855831] (px4_msgs) StdoutLine: {'line': b'-- Up-to-date: /home/rschnurr/SkyClaw-Team1/ros2_ws/install/px4_msgs/include/px4_msgs/px4_msgs/msg/detail/gimbal_manager_status__struct.h\n'}
[2.856060] (px4_msgs) StdoutLine: {'line': b'-- Up-to-date: /home/rschnurr/SkyClaw-Team1/ros2_ws/install/px4_msgs/include/px4_msgs/px4_msgs/msg/detail/gimbal_device_attitude_status__functions.c\n'}
[2.856522] (px4_msgs) StdoutLine: {'line': b'-- Up-to-date: /home/rschnurr/SkyClaw-Team1/ros2_ws/install/px4_msgs/include/px4_msgs/px4_msgs/msg/detail/rover_position_setpoint__functions.c\n'}
[2.857150] (px4_msgs) StdoutLine: {'line': b'-- Up-to-date: /home/rschnurr/SkyClaw-Team1/ros2_ws/install/px4_msgs/include/px4_msgs/px4_msgs/msg/detail/neural_control__functions.h\n'}
[2.858282] (px4_msgs) StdoutLine: {'line': b'-- Up-to-date: /home/rschnurr/SkyClaw-Team1/ros2_ws/install/px4_msgs/include/px4_msgs/px4_msgs/msg/detail/vehicle_constraints__type_support.h\n'}
[2.859185] (px4_msgs) StdoutLine: {'line': b'-- Up-to-date: /home/rschnurr/SkyClaw-Team1/ros2_ws/install/px4_msgs/include/px4_msgs/px4_msgs/msg/detail/config_overrides__struct.h\n'}
[2.859286] (px4_msgs) StdoutLine: {'line': b'-- Up-to-date: /home/rschnurr/SkyClaw-Team1/ros2_ws/install/px4_msgs/include/px4_msgs/px4_msgs/msg/detail/vehicle_torque_setpoint__functions.c\n'}
[2.859351] (px4_msgs) StdoutLine: {'line': b'-- Up-to-date: /home/rschnurr/SkyClaw-Team1/ros2_ws/install/px4_msgs/include/px4_msgs/px4_msgs/msg/detail/home_position__functions.h\n'}
[2.859401] (px4_msgs) StdoutLine: {'line': b'-- Up-to-date: /home/rschnurr/SkyClaw-Team1/ros2_ws/install/px4_msgs/include/px4_msgs/px4_msgs/msg/detail/mission__type_support.h\n'}
[2.859455] (px4_msgs) StdoutLine: {'line': b'-- Up-to-date: /home/rschnurr/SkyClaw-Team1/ros2_ws/install/px4_msgs/include/px4_msgs/px4_msgs/msg/detail/velocity_limits__type_support.h\n'}
[2.859998] (px4_msgs) StdoutLine: {'line': b'-- Up-to-date: /home/rschnurr/SkyClaw-Team1/ros2_ws/install/px4_msgs/include/px4_msgs/px4_msgs/msg/detail/dronecan_node_status__functions.c\n'}
[2.860308] (px4_msgs) StdoutLine: {'line': b'-- Up-to-date: /home/rschnurr/SkyClaw-Team1/ros2_ws/install/px4_msgs/include/px4_msgs/px4_msgs/msg/detail/fixed_wing_lateral_guidance_status__functions.c\n'}
[2.860680] (px4_msgs) StdoutLine: {'line': b'-- Up-to-date: /home/rschnurr/SkyClaw-Team1/ros2_ws/install/px4_msgs/include/px4_msgs/px4_msgs/msg/detail/pps_capture__struct.h\n'}
[2.861036] (px4_msgs) StdoutLine: {'line': b'-- Up-to-date: /home/rschnurr/SkyClaw-Team1/ros2_ws/install/px4_msgs/include/px4_msgs/px4_msgs/msg/detail/gps_dump__functions.h\n'}
[2.861152] (px4_msgs) StdoutLine: {'line': b'-- Up-to-date: /home/rschnurr/SkyClaw-Team1/ros2_ws/install/px4_msgs/include/px4_msgs/px4_msgs/msg/detail/sensor_gyro_fifo__functions.c\n'}
[2.861437] (px4_msgs) StdoutLine: {'line': b'-- Up-to-date: /home/rschnurr/SkyClaw-Team1/ros2_ws/install/px4_msgs/include/px4_msgs/px4_msgs/msg/detail/vehicle_odometry__functions.c\n'}
[2.861688] (px4_msgs) StdoutLine: {'line': b'-- Up-to-date: /home/rschnurr/SkyClaw-Team1/ros2_ws/install/px4_msgs/include/px4_msgs/px4_msgs/msg/detail/ping__functions.c\n'}
[2.861853] (px4_msgs) StdoutLine: {'line': b'-- Up-to-date: /home/rschnurr/SkyClaw-Team1/ros2_ws/install/px4_msgs/include/px4_msgs/px4_msgs/msg/detail/rc_parameter_map__type_support.h\n'}
[2.862236] (px4_msgs) StdoutLine: {'line': b'-- Up-to-date: /home/rschnurr/SkyClaw-Team1/ros2_ws/install/px4_msgs/include/px4_msgs/px4_msgs/msg/detail/distance_sensor_mode_change_request__type_support.h\n'}
[2.862764] (-) TimerEvent: {}
[2.863128] (px4_msgs) StdoutLine: {'line': b'-- Up-to-date: /home/rschnurr/SkyClaw-Team1/ros2_ws/install/px4_msgs/include/px4_msgs/px4_msgs/msg/detail/logger_status__type_support.h\n'}
[2.863544] (px4_msgs) StdoutLine: {'line': b'-- Up-to-date: /home/rschnurr/SkyClaw-Team1/ros2_ws/install/px4_msgs/include/px4_msgs/px4_msgs/msg/detail/actuator_test__functions.c\n'}
[2.863889] (px4_msgs) StdoutLine: {'line': b'-- Up-to-date: /home/rschnurr/SkyClaw-Team1/ros2_ws/install/px4_msgs/include/px4_msgs/px4_msgs/msg/detail/actuator_servos_trim__struct.h\n'}
[2.865058] (px4_msgs) StdoutLine: {'line': b'-- Up-to-date: /home/rschnurr/SkyClaw-Team1/ros2_ws/install/px4_msgs/include/px4_msgs/px4_msgs/msg/detail/gimbal_device_attitude_status__struct.h\n'}
[2.865207] (px4_msgs) StdoutLine: {'line': b'-- Up-to-date: /home/rschnurr/SkyClaw-Team1/ros2_ws/install/px4_msgs/include/px4_msgs/px4_msgs/msg/detail/actuator_servos__functions.h\n'}
[2.865468] (px4_msgs) StdoutLine: {'line': b'-- Up-to-date: /home/rschnurr/SkyClaw-Team1/ros2_ws/install/px4_msgs/include/px4_msgs/px4_msgs/msg/detail/vehicle_status__functions.c\n'}
[2.865623] (px4_msgs) StdoutLine: {'line': b'-- Up-to-date: /home/rschnurr/SkyClaw-Team1/ros2_ws/install/px4_msgs/include/px4_msgs/px4_msgs/msg/detail/obstacle_distance__functions.c\n'}
[2.865713] (px4_msgs) StdoutLine: {'line': b'-- Up-to-date: /home/rschnurr/SkyClaw-Team1/ros2_ws/install/px4_msgs/include/px4_msgs/px4_msgs/msg/detail/follow_target__functions.c\n'}
[2.866414] (px4_msgs) StdoutLine: {'line': b'-- Up-to-date: /home/rschnurr/SkyClaw-Team1/ros2_ws/install/px4_msgs/include/px4_msgs/px4_msgs/msg/detail/position_setpoint_triplet__functions.h\n'}
[2.866596] (px4_msgs) StdoutLine: {'line': b'-- Up-to-date: /home/rschnurr/SkyClaw-Team1/ros2_ws/install/px4_msgs/include/px4_msgs/px4_msgs/msg/detail/dronecan_node_status__struct.h\n'}
[2.867245] (px4_msgs) StdoutLine: {'line': b'-- Up-to-date: /home/rschnurr/SkyClaw-Team1/ros2_ws/install/px4_msgs/include/px4_msgs/px4_msgs/msg/detail/fixed_wing_runway_control__functions.c\n'}
[2.867571] (px4_msgs) StdoutLine: {'line': b'-- Up-to-date: /home/rschnurr/SkyClaw-Team1/ros2_ws/install/px4_msgs/include/px4_msgs/px4_msgs/msg/detail/obstacle_distance__type_support.h\n'}
[2.867854] (px4_msgs) StdoutLine: {'line': b'-- Up-to-date: /home/rschnurr/SkyClaw-Team1/ros2_ws/install/px4_msgs/include/px4_msgs/px4_msgs/msg/detail/parameter_reset_request__functions.c\n'}
[2.868167] (px4_msgs) StdoutLine: {'line': b'-- Up-to-date: /home/rschnurr/SkyClaw-Team1/ros2_ws/install/px4_msgs/include/px4_msgs/px4_msgs/msg/detail/gimbal_device_set_attitude__type_support.h\n'}
[2.868692] (px4_msgs) StdoutLine: {'line': b'-- Up-to-date: /home/rschnurr/SkyClaw-Team1/ros2_ws/install/px4_msgs/include/px4_msgs/px4_msgs/msg/detail/cellular_status__functions.c\n'}
[2.868857] (px4_msgs) StdoutLine: {'line': b'-- Up-to-date: /home/rschnurr/SkyClaw-Team1/ros2_ws/install/px4_msgs/include/px4_msgs/px4_msgs/msg/detail/rover_rate_status__type_support.h\n'}
[2.868942] (px4_msgs) StdoutLine: {'line': b'-- Up-to-date: /home/rschnurr/SkyClaw-Team1/ros2_ws/install/px4_msgs/include/px4_msgs/px4_msgs/msg/detail/failure_detector_status__struct.h\n'}
[2.869011] (px4_msgs) StdoutLine: {'line': b'-- Up-to-date: /home/rschnurr/SkyClaw-Team1/ros2_ws/install/px4_msgs/include/px4_msgs/px4_msgs/msg/detail/rover_steering_setpoint__functions.c\n'}
[2.869080] (px4_msgs) StdoutLine: {'line': b'-- Up-to-date: /home/rschnurr/SkyClaw-Team1/ros2_ws/install/px4_msgs/include/px4_msgs/px4_msgs/msg/detail/vehicle_command_ack__struct.h\n'}
[2.869142] (px4_msgs) StdoutLine: {'line': b'-- Up-to-date: /home/rschnurr/SkyClaw-Team1/ros2_ws/install/px4_msgs/include/px4_msgs/px4_msgs/msg/detail/actuator_servos_trim__functions.h\n'}
[2.869248] (px4_msgs) StdoutLine: {'line': b'-- Up-to-date: /home/rschnurr/SkyClaw-Team1/ros2_ws/install/px4_msgs/include/px4_msgs/px4_msgs/msg/detail/camera_status__type_support.h\n'}
[2.869383] (px4_msgs) StdoutLine: {'line': b'-- Up-to-date: /home/rschnurr/SkyClaw-Team1/ros2_ws/install/px4_msgs/include/px4_msgs/px4_msgs/msg/detail/rtl_status__type_support.h\n'}
[2.869464] (px4_msgs) StdoutLine: {'line': b'-- Up-to-date: /home/rschnurr/SkyClaw-Team1/ros2_ws/install/px4_msgs/include/px4_msgs/px4_msgs/msg/detail/dataman_response__struct.h\n'}
[2.869532] (px4_msgs) StdoutLine: {'line': b'-- Up-to-date: /home/rschnurr/SkyClaw-Team1/ros2_ws/install/px4_msgs/include/px4_msgs/px4_msgs/msg/detail/logger_status__functions.c\n'}
[2.869596] (px4_msgs) StdoutLine: {'line': b'-- Up-to-date: /home/rschnurr/SkyClaw-Team1/ros2_ws/install/px4_msgs/include/px4_msgs/px4_msgs/msg/detail/sensor_preflight_mag__functions.h\n'}
[2.869659] (px4_msgs) StdoutLine: {'line': b'-- Up-to-date: /home/rschnurr/SkyClaw-Team1/ros2_ws/install/px4_msgs/include/px4_msgs/px4_msgs/msg/detail/takeoff_status__functions.h\n'}
[2.869846] (px4_msgs) StdoutLine: {'line': b'-- Up-to-date: /home/rschnurr/SkyClaw-Team1/ros2_ws/install/px4_msgs/include/px4_msgs/px4_msgs/msg/detail/distance_sensor_mode_change_request__functions.c\n'}
[2.869948] (px4_msgs) StdoutLine: {'line': b'-- Up-to-date: /home/rschnurr/SkyClaw-Team1/ros2_ws/install/px4_msgs/include/px4_msgs/px4_msgs/msg/detail/radio_status__type_support.h\n'}
[2.870050] (px4_msgs) StdoutLine: {'line': b'-- Up-to-date: /home/rschnurr/SkyClaw-Team1/ros2_ws/install/px4_msgs/include/px4_msgs/px4_msgs/msg/detail/offboard_control_mode__type_support.h\n'}
[2.870244] (px4_msgs) StdoutLine: {'line': b'-- Up-to-date: /home/rschnurr/SkyClaw-Team1/ros2_ws/install/px4_msgs/include/px4_msgs/px4_msgs/msg/detail/estimator_status__functions.c\n'}
[2.870361] (px4_msgs) StdoutLine: {'line': b'-- Up-to-date: /home/rschnurr/SkyClaw-Team1/ros2_ws/install/px4_msgs/include/px4_msgs/px4_msgs/msg/detail/task_stack_info__struct.h\n'}
[2.870438] (px4_msgs) StdoutLine: {'line': b'-- Up-to-date: /home/rschnurr/SkyClaw-Team1/ros2_ws/install/px4_msgs/include/px4_msgs/px4_msgs/msg/detail/gps_dump__functions.c\n'}
[2.870506] (px4_msgs) StdoutLine: {'line': b'-- Up-to-date: /home/rschnurr/SkyClaw-Team1/ros2_ws/install/px4_msgs/include/px4_msgs/px4_msgs/msg/detail/vehicle_thrust_setpoint__functions.c\n'}
[2.870572] (px4_msgs) StdoutLine: {'line': b'-- Up-to-date: /home/rschnurr/SkyClaw-Team1/ros2_ws/install/px4_msgs/include/px4_msgs/px4_msgs/msg/detail/ekf2_timestamps__struct.h\n'}
[2.870640] (px4_msgs) StdoutLine: {'line': b'-- Up-to-date: /home/rschnurr/SkyClaw-Team1/ros2_ws/install/px4_msgs/include/px4_msgs/px4_msgs/msg/detail/estimator_selector_status__functions.h\n'}
[2.870700] (px4_msgs) StdoutLine: {'line': b'-- Up-to-date: /home/rschnurr/SkyClaw-Team1/ros2_ws/install/px4_msgs/include/px4_msgs/px4_msgs/msg/detail/goto_setpoint__type_support.h\n'}
[2.870774] (px4_msgs) StdoutLine: {'line': b'-- Up-to-date: /home/rschnurr/SkyClaw-Team1/ros2_ws/install/px4_msgs/include/px4_msgs/px4_msgs/msg/detail/landing_target_innovations__functions.c\n'}
[2.870835] (px4_msgs) StdoutLine: {'line': b'-- Up-to-date: /home/rschnurr/SkyClaw-Team1/ros2_ws/install/px4_msgs/include/px4_msgs/px4_msgs/msg/detail/tune_control__struct.h\n'}
[2.870902] (px4_msgs) StdoutLine: {'line': b'-- Up-to-date: /home/rschnurr/SkyClaw-Team1/ros2_ws/install/px4_msgs/include/px4_msgs/px4_msgs/msg/detail/register_ext_component_request__functions.c\n'}
[2.871070] (px4_msgs) StdoutLine: {'line': b'-- Up-to-date: /home/rschnurr/SkyClaw-Team1/ros2_ws/install/px4_msgs/include/px4_msgs/px4_msgs/msg/detail/position_setpoint_triplet__type_support.h\n'}
[2.871166] (px4_msgs) StdoutLine: {'line': b'-- Up-to-date: /home/rschnurr/SkyClaw-Team1/ros2_ws/install/px4_msgs/include/px4_msgs/px4_msgs/msg/detail/sensor_hygrometer__type_support.h\n'}
[2.871418] (px4_msgs) StdoutLine: {'line': b'-- Up-to-date: /home/rschnurr/SkyClaw-Team1/ros2_ws/install/px4_msgs/include/px4_msgs/px4_msgs/msg/detail/esc_report__struct.h\n'}
[2.871515] (px4_msgs) StdoutLine: {'line': b'-- Up-to-date: /home/rschnurr/SkyClaw-Team1/ros2_ws/install/px4_msgs/include/px4_msgs/px4_msgs/msg/detail/event__functions.c\n'}
[2.872210] (px4_msgs) StdoutLine: {'line': b'-- Up-to-date: /home/rschnurr/SkyClaw-Team1/ros2_ws/install/px4_msgs/include/px4_msgs/px4_msgs/msg/detail/estimator_gps_status__functions.h\n'}
[2.872660] (px4_msgs) StdoutLine: {'line': b'-- Up-to-date: /home/rschnurr/SkyClaw-Team1/ros2_ws/install/px4_msgs/include/px4_msgs/px4_msgs/msg/detail/fixed_wing_lateral_guidance_status__type_support.h\n'}
[2.873269] (px4_msgs) StdoutLine: {'line': b'-- Up-to-date: /home/rschnurr/SkyClaw-Team1/ros2_ws/install/px4_msgs/include/px4_msgs/px4_msgs/msg/detail/tecs_status__functions.c\n'}
[2.873675] (px4_msgs) StdoutLine: {'line': b'-- Up-to-date: /home/rschnurr/SkyClaw-Team1/ros2_ws/install/px4_msgs/include/px4_msgs/px4_msgs/msg/detail/tiltrotor_extra_controls__struct.h\n'}
[2.873786] (px4_msgs) StdoutLine: {'line': b'-- Up-to-date: /home/rschnurr/SkyClaw-Team1/ros2_ws/install/px4_msgs/include/px4_msgs/px4_msgs/msg/detail/gimbal_controls__struct.h\n'}
[2.874169] (px4_msgs) StdoutLine: {'line': b'-- Up-to-date: /home/rschnurr/SkyClaw-Team1/ros2_ws/install/px4_msgs/include/px4_msgs/px4_msgs/msg/detail/rtl_time_estimate__type_support.h\n'}
[2.874598] (px4_msgs) StdoutLine: {'line': b'-- Up-to-date: /home/rschnurr/SkyClaw-Team1/ros2_ws/install/px4_msgs/include/px4_msgs/px4_msgs/msg/detail/rover_speed_setpoint__type_support.h\n'}
[2.875537] (px4_msgs) StdoutLine: {'line': b'-- Up-to-date: /home/rschnurr/SkyClaw-Team1/ros2_ws/install/px4_msgs/include/px4_msgs/px4_msgs/msg/detail/parameter_set_value_request__struct.h\n'}
[2.875922] (px4_msgs) StdoutLine: {'line': b'-- Up-to-date: /home/rschnurr/SkyClaw-Team1/ros2_ws/install/px4_msgs/include/px4_msgs/px4_msgs/msg/detail/rover_rate_setpoint__type_support.h\n'}
[2.876414] (px4_msgs) StdoutLine: {'line': b'-- Up-to-date: /home/rschnurr/SkyClaw-Team1/ros2_ws/install/px4_msgs/include/px4_msgs/px4_msgs/msg/detail/vtol_vehicle_status__functions.h\n'}
[2.876846] (px4_msgs) StdoutLine: {'line': b'-- Up-to-date: /home/rschnurr/SkyClaw-Team1/ros2_ws/install/px4_msgs/include/px4_msgs/px4_msgs/msg/detail/parameter_reset_request__type_support.h\n'}
[2.877383] (px4_msgs) StdoutLine: {'line': b'-- Up-to-date: /home/rschnurr/SkyClaw-Team1/ros2_ws/install/px4_msgs/include/px4_msgs/px4_msgs/msg/detail/power_monitor__struct.h\n'}
[2.877777] (px4_msgs) StdoutLine: {'line': b'-- Up-to-date: /home/rschnurr/SkyClaw-Team1/ros2_ws/install/px4_msgs/include/px4_msgs/px4_msgs/msg/detail/dataman_request__struct.h\n'}
[2.878448] (px4_msgs) StdoutLine: {'line': b'-- Up-to-date: /home/rschnurr/SkyClaw-Team1/ros2_ws/install/px4_msgs/include/px4_msgs/px4_msgs/msg/detail/register_ext_component_request__struct.h\n'}
[2.879005] (px4_msgs) StdoutLine: {'line': b'-- Up-to-date: /home/rschnurr/SkyClaw-Team1/ros2_ws/install/px4_msgs/include/px4_msgs/px4_msgs/msg/detail/mavlink_log__type_support.h\n'}
[2.879491] (px4_msgs) StdoutLine: {'line': b'-- Up-to-date: /home/rschnurr/SkyClaw-Team1/ros2_ws/install/px4_msgs/include/px4_msgs/px4_msgs/msg/detail/gripper__functions.c\n'}
[2.879968] (px4_msgs) StdoutLine: {'line': b'-- Up-to-date: /home/rschnurr/SkyClaw-Team1/ros2_ws/install/px4_msgs/include/px4_msgs/px4_msgs/msg/detail/internal_combustion_engine_status__type_support.h\n'}
[2.880592] (px4_msgs) StdoutLine: {'line': b'-- Up-to-date: /home/rschnurr/SkyClaw-Team1/ros2_ws/install/px4_msgs/include/px4_msgs/px4_msgs/msg/detail/tecs_status__struct.h\n'}
[2.881134] (px4_msgs) StdoutLine: {'line': b'-- Up-to-date: /home/rschnurr/SkyClaw-Team1/ros2_ws/install/px4_msgs/include/px4_msgs/px4_msgs/msg/detail/rate_ctrl_status__type_support.h\n'}
[2.881486] (px4_msgs) StdoutLine: {'line': b'-- Up-to-date: /home/rschnurr/SkyClaw-Team1/ros2_ws/install/px4_msgs/include/px4_msgs/px4_msgs/msg/detail/health_report__struct.h\n'}
[2.881872] (px4_msgs) StdoutLine: {'line': b'-- Up-to-date: /home/rschnurr/SkyClaw-Team1/ros2_ws/install/px4_msgs/include/px4_msgs/px4_msgs/msg/detail/rpm__struct.h\n'}
[2.882208] (px4_msgs) StdoutLine: {'line': b'-- Up-to-date: /home/rschnurr/SkyClaw-Team1/ros2_ws/install/px4_msgs/include/px4_msgs/px4_msgs/msg/detail/position_controller_status__functions.c\n'}
[2.882664] (px4_msgs) StdoutLine: {'line': b'-- Up-to-date: /home/rschnurr/SkyClaw-Team1/ros2_ws/install/px4_msgs/include/px4_msgs/px4_msgs/msg/detail/vehicle_local_position__functions.h\n'}
[2.883385] (px4_msgs) StdoutLine: {'line': b'-- Up-to-date: /home/rschnurr/SkyClaw-Team1/ros2_ws/install/px4_msgs/include/px4_msgs/px4_msgs/msg/detail/estimator_aid_source3d__struct.h\n'}
[2.883748] (px4_msgs) StdoutLine: {'line': b'-- Up-to-date: /home/rschnurr/SkyClaw-Team1/ros2_ws/install/px4_msgs/include/px4_msgs/px4_msgs/msg/detail/actuator_outputs__struct.h\n'}
[2.884317] (px4_msgs) StdoutLine: {'line': b'-- Up-to-date: /home/rschnurr/SkyClaw-Team1/ros2_ws/install/px4_msgs/include/px4_msgs/px4_msgs/msg/detail/action_request__type_support.h\n'}
[2.885102] (px4_msgs) StdoutLine: {'line': b'-- Up-to-date: /home/rschnurr/SkyClaw-Team1/ros2_ws/install/px4_msgs/include/px4_msgs/px4_msgs/msg/detail/heater_status__type_support.h\n'}
[2.885655] (px4_msgs) StdoutLine: {'line': b'-- Up-to-date: /home/rschnurr/SkyClaw-Team1/ros2_ws/install/px4_msgs/include/px4_msgs/px4_msgs/msg/detail/sensor_selection__type_support.h\n'}
[2.885974] (px4_msgs) StdoutLine: {'line': b'-- Up-to-date: /home/rschnurr/SkyClaw-Team1/ros2_ws/install/px4_msgs/include/px4_msgs/px4_msgs/msg/detail/vehicle_global_position__struct.h\n'}
[2.886247] (px4_msgs) StdoutLine: {'line': b'-- Up-to-date: /home/rschnurr/SkyClaw-Team1/ros2_ws/install/px4_msgs/include/px4_msgs/px4_msgs/msg/detail/ping__functions.h\n'}
[2.886622] (px4_msgs) StdoutLine: {'line': b'-- Up-to-date: /home/rschnurr/SkyClaw-Team1/ros2_ws/install/px4_msgs/include/px4_msgs/px4_msgs/msg/detail/input_rc__functions.c\n'}
[2.887016] (px4_msgs) StdoutLine: {'line': b'-- Up-to-date: /home/rschnurr/SkyClaw-Team1/ros2_ws/install/px4_msgs/include/px4_msgs/px4_msgs/msg/detail/vehicle_control_mode__type_support.h\n'}
[2.887474] (px4_msgs) StdoutLine: {'line': b'-- Up-to-date: /home/rschnurr/SkyClaw-Team1/ros2_ws/install/px4_msgs/include/px4_msgs/px4_msgs/msg/detail/airspeed__struct.h\n'}
[2.887965] (px4_msgs) StdoutLine: {'line': b'-- Up-to-date: /home/rschnurr/SkyClaw-Team1/ros2_ws/install/px4_msgs/include/px4_msgs/px4_msgs/msg/detail/home_position__functions.c\n'}
[2.888630] (px4_msgs) StdoutLine: {'line': b'-- Up-to-date: /home/rschnurr/SkyClaw-Team1/ros2_ws/install/px4_msgs/include/px4_msgs/px4_msgs/msg/detail/estimator_bias__functions.h\n'}
[2.889503] (px4_msgs) StdoutLine: {'line': b'-- Up-to-date: /home/rschnurr/SkyClaw-Team1/ros2_ws/install/px4_msgs/include/px4_msgs/px4_msgs/msg/detail/actuator_test__struct.h\n'}
[2.889853] (px4_msgs) StdoutLine: {'line': b'-- Up-to-date: /home/rschnurr/SkyClaw-Team1/ros2_ws/install/px4_msgs/include/px4_msgs/px4_msgs/msg/detail/internal_combustion_engine_control__type_support.h\n'}
[2.890027] (px4_msgs) StdoutLine: {'line': b'-- Up-to-date: /home/rschnurr/SkyClaw-Team1/ros2_ws/install/px4_msgs/include/px4_msgs/px4_msgs/msg/detail/follow_target__struct.h\n'}
[2.890435] (px4_msgs) StdoutLine: {'line': b'-- Up-to-date: /home/rschnurr/SkyClaw-Team1/ros2_ws/install/px4_msgs/include/px4_msgs/px4_msgs/msg/detail/offboard_control_mode__functions.c\n'}
[2.890599] (px4_msgs) StdoutLine: {'line': b'-- Up-to-date: /home/rschnurr/SkyClaw-Team1/ros2_ws/install/px4_msgs/include/px4_msgs/px4_msgs/msg/detail/yaw_estimator_status__functions.c\n'}
[2.890808] (px4_msgs) StdoutLine: {'line': b'-- Up-to-date: /home/rschnurr/SkyClaw-Team1/ros2_ws/install/px4_msgs/include/px4_msgs/px4_msgs/msg/detail/open_drone_id_arm_status__functions.h\n'}
[2.891012] (px4_msgs) StdoutLine: {'line': b'-- Up-to-date: /home/rschnurr/SkyClaw-Team1/ros2_ws/install/px4_msgs/include/px4_msgs/px4_msgs/msg/detail/gpio_request__type_support.h\n'}
[2.891102] (px4_msgs) StdoutLine: {'line': b'-- Up-to-date: /home/rschnurr/SkyClaw-Team1/ros2_ws/install/px4_msgs/include/px4_msgs/px4_msgs/msg/detail/gimbal_device_information__type_support.h\n'}
[2.891655] (px4_msgs) StdoutLine: {'line': b'-- Up-to-date: /home/rschnurr/SkyClaw-Team1/ros2_ws/install/px4_msgs/include/px4_msgs/px4_msgs/msg/detail/rtl_status__struct.h\n'}
[2.892044] (px4_msgs) StdoutLine: {'line': b'-- Up-to-date: /home/rschnurr/SkyClaw-Team1/ros2_ws/install/px4_msgs/include/px4_msgs/px4_msgs/msg/detail/wind__type_support.h\n'}
[2.892620] (px4_msgs) StdoutLine: {'line': b'-- Up-to-date: /home/rschnurr/SkyClaw-Team1/ros2_ws/install/px4_msgs/include/px4_msgs/px4_msgs/msg/detail/estimator_states__struct.h\n'}
[2.893002] (px4_msgs) StdoutLine: {'line': b'-- Up-to-date: /home/rschnurr/SkyClaw-Team1/ros2_ws/install/px4_msgs/include/px4_msgs/px4_msgs/msg/detail/yaw_estimator_status__type_support.h\n'}
[2.893214] (px4_msgs) StdoutLine: {'line': b'-- Up-to-date: /home/rschnurr/SkyClaw-Team1/ros2_ws/install/px4_msgs/include/px4_msgs/px4_msgs/msg/detail/magnetometer_bias_estimate__type_support.h\n'}
[2.893415] (px4_msgs) StdoutLine: {'line': b'-- Up-to-date: /home/rschnurr/SkyClaw-Team1/ros2_ws/install/px4_msgs/include/px4_msgs/px4_msgs/msg/detail/dataman_response__type_support.h\n'}
[2.893692] (px4_msgs) StdoutLine: {'line': b'-- Up-to-date: /home/rschnurr/SkyClaw-Team1/ros2_ws/install/px4_msgs/include/px4_msgs/px4_msgs/msg/detail/estimator_aid_source3d__type_support.h\n'}
[2.894042] (px4_msgs) StdoutLine: {'line': b'-- Up-to-date: /home/rschnurr/SkyClaw-Team1/ros2_ws/install/px4_msgs/include/px4_msgs/px4_msgs/msg/detail/takeoff_status__functions.c\n'}
[2.894719] (px4_msgs) StdoutLine: {'line': b'-- Up-to-date: /home/rschnurr/SkyClaw-Team1/ros2_ws/install/px4_msgs/include/px4_msgs/px4_msgs/msg/detail/landing_gear_wheel__functions.h\n'}
[2.895083] (px4_msgs) StdoutLine: {'line': b'-- Up-to-date: /home/rschnurr/SkyClaw-Team1/ros2_ws/install/px4_msgs/include/px4_msgs/px4_msgs/msg/detail/qshell_req__type_support.h\n'}
[2.895743] (px4_msgs) StdoutLine: {'line': b'-- Up-to-date: /home/rschnurr/SkyClaw-Team1/ros2_ws/install/px4_msgs/include/px4_msgs/px4_msgs/msg/detail/mission_result__struct.h\n'}
[2.896189] (px4_msgs) StdoutLine: {'line': b'-- Up-to-date: /home/rschnurr/SkyClaw-Team1/ros2_ws/install/px4_msgs/include/px4_msgs/px4_msgs/msg/detail/goto_setpoint__functions.h\n'}
[2.896583] (px4_msgs) StdoutLine: {'line': b'-- Up-to-date: /home/rschnurr/SkyClaw-Team1/ros2_ws/install/px4_msgs/include/px4_msgs/px4_msgs/msg/detail/manual_control_setpoint__functions.c\n'}
[2.897017] (px4_msgs) StdoutLine: {'line': b'-- Up-to-date: /home/rschnurr/SkyClaw-Team1/ros2_ws/install/px4_msgs/include/px4_msgs/px4_msgs/msg/detail/airspeed__functions.h\n'}
[2.897320] (px4_msgs) StdoutLine: {'line': b'-- Up-to-date: /home/rschnurr/SkyClaw-Team1/ros2_ws/install/px4_msgs/include/px4_msgs/px4_msgs/msg/detail/arming_check_request__functions.h\n'}
[2.897603] (px4_msgs) StdoutLine: {'line': b'-- Up-to-date: /home/rschnurr/SkyClaw-Team1/ros2_ws/install/px4_msgs/include/px4_msgs/px4_msgs/msg/detail/cellular_status__struct.h\n'}
[2.898088] (px4_msgs) StdoutLine: {'line': b'-- Up-to-date: /home/rschnurr/SkyClaw-Team1/ros2_ws/install/px4_msgs/include/px4_msgs/px4_msgs/msg/detail/battery_status__type_support.h\n'}
[2.898470] (px4_msgs) StdoutLine: {'line': b'-- Up-to-date: /home/rschnurr/SkyClaw-Team1/ros2_ws/install/px4_msgs/include/px4_msgs/px4_msgs/msg/detail/airspeed_validated__type_support.h\n'}
[2.898774] (px4_msgs) StdoutLine: {'line': b'-- Up-to-date: /home/rschnurr/SkyClaw-Team1/ros2_ws/install/px4_msgs/include/px4_msgs/px4_msgs/msg/detail/arming_check_reply__type_support.h\n'}
[2.899029] (px4_msgs) StdoutLine: {'line': b'-- Up-to-date: /home/rschnurr/SkyClaw-Team1/ros2_ws/install/px4_msgs/include/px4_msgs/px4_msgs/msg/detail/sensor_gyro__type_support.h\n'}
[2.899123] (px4_msgs) StdoutLine: {'line': b'-- Up-to-date: /home/rschnurr/SkyClaw-Team1/ros2_ws/install/px4_msgs/include/px4_msgs/px4_msgs/msg/detail/flight_phase_estimation__struct.h\n'}
[2.899208] (px4_msgs) StdoutLine: {'line': b'-- Up-to-date: /home/rschnurr/SkyClaw-Team1/ros2_ws/install/px4_msgs/include/px4_msgs/px4_msgs/msg/detail/estimator_states__type_support.h\n'}
[2.899277] (px4_msgs) StdoutLine: {'line': b'-- Up-to-date: /home/rschnurr/SkyClaw-Team1/ros2_ws/install/px4_msgs/include/px4_msgs/px4_msgs/msg/detail/sensor_correction__functions.c\n'}
[2.899761] (px4_msgs) StdoutLine: {'line': b'-- Up-to-date: /home/rschnurr/SkyClaw-Team1/ros2_ws/install/px4_msgs/include/px4_msgs/px4_msgs/msg/detail/dronecan_node_status__functions.h\n'}
[2.900106] (px4_msgs) StdoutLine: {'line': b'-- Up-to-date: /home/rschnurr/SkyClaw-Team1/ros2_ws/install/px4_msgs/include/px4_msgs/px4_msgs/msg/detail/ping__type_support.h\n'}
[2.901206] (px4_msgs) StdoutLine: {'line': b'-- Up-to-date: /home/rschnurr/SkyClaw-Team1/ros2_ws/install/px4_msgs/include/px4_msgs/px4_msgs/msg/detail/gimbal_manager_status__functions.h\n'}
[2.901401] (px4_msgs) StdoutLine: {'line': b'-- Up-to-date: /home/rschnurr/SkyClaw-Team1/ros2_ws/install/px4_msgs/include/px4_msgs/px4_msgs/msg/detail/vehicle_control_mode__functions.h\n'}
[2.901979] (px4_msgs) StdoutLine: {'line': b'-- Up-to-date: /home/rschnurr/SkyClaw-Team1/ros2_ws/install/px4_msgs/include/px4_msgs/px4_msgs/msg/detail/debug_key_value__type_support.h\n'}
[2.902529] (px4_msgs) StdoutLine: {'line': b'-- Up-to-date: /home/rschnurr/SkyClaw-Team1/ros2_ws/install/px4_msgs/include/px4_msgs/px4_msgs/msg/detail/transponder_report__type_support.h\n'}
[2.902797] (px4_msgs) StdoutLine: {'line': b'-- Up-to-date: /home/rschnurr/SkyClaw-Team1/ros2_ws/install/px4_msgs/include/px4_msgs/px4_msgs/msg/detail/rate_ctrl_status__struct.h\n'}
[2.903509] (px4_msgs) StdoutLine: {'line': b'-- Up-to-date: /home/rschnurr/SkyClaw-Team1/ros2_ws/install/px4_msgs/include/px4_msgs/px4_msgs/msg/detail/sensor_airflow__struct.h\n'}
[2.904174] (px4_msgs) StdoutLine: {'line': b'-- Up-to-date: /home/rschnurr/SkyClaw-Team1/ros2_ws/install/px4_msgs/include/px4_msgs/px4_msgs/msg/detail/camera_status__functions.h\n'}
[2.904523] (px4_msgs) StdoutLine: {'line': b'-- Up-to-date: /home/rschnurr/SkyClaw-Team1/ros2_ws/install/px4_msgs/include/px4_msgs/px4_msgs/msg/detail/ulog_stream__struct.h\n'}
[2.904653] (px4_msgs) StdoutLine: {'line': b'-- Up-to-date: /home/rschnurr/SkyClaw-Team1/ros2_ws/install/px4_msgs/include/px4_msgs/px4_msgs/msg/detail/landing_target_pose__type_support.h\n'}
[2.904737] (px4_msgs) StdoutLine: {'line': b'-- Up-to-date: /home/rschnurr/SkyClaw-Team1/ros2_ws/install/px4_msgs/include/px4_msgs/px4_msgs/msg/detail/vehicle_attitude__type_support.h\n'}
[2.904808] (px4_msgs) StdoutLine: {'line': b'-- Up-to-date: /home/rschnurr/SkyClaw-Team1/ros2_ws/install/px4_msgs/include/px4_msgs/px4_msgs/msg/detail/rate_ctrl_status__functions.h\n'}
[2.904980] (px4_msgs) StdoutLine: {'line': b'-- Up-to-date: /home/rschnurr/SkyClaw-Team1/ros2_ws/install/px4_msgs/include/px4_msgs/px4_msgs/msg/detail/vehicle_imu_status__functions.c\n'}
[2.905237] (px4_msgs) StdoutLine: {'line': b'-- Up-to-date: /home/rschnurr/SkyClaw-Team1/ros2_ws/install/px4_msgs/include/px4_msgs/px4_msgs/msg/detail/gimbal_controls__functions.c\n'}
[2.905754] (px4_msgs) StdoutLine: {'line': b'-- Up-to-date: /home/rschnurr/SkyClaw-Team1/ros2_ws/install/px4_msgs/include/px4_msgs/px4_msgs/msg/detail/collision_constraints__type_support.h\n'}
[2.905993] (px4_msgs) StdoutLine: {'line': b'-- Up-to-date: /home/rschnurr/SkyClaw-Team1/ros2_ws/install/px4_msgs/include/px4_msgs/px4_msgs/msg/detail/generator_status__struct.h\n'}
[2.906281] (px4_msgs) StdoutLine: {'line': b'-- Up-to-date: /home/rschnurr/SkyClaw-Team1/ros2_ws/install/px4_msgs/include/px4_msgs/px4_msgs/msg/detail/parameter_reset_request__functions.h\n'}
[2.906673] (px4_msgs) StdoutLine: {'line': b'-- Up-to-date: /home/rschnurr/SkyClaw-Team1/ros2_ws/install/px4_msgs/include/px4_msgs/px4_msgs/msg/detail/led_control__functions.h\n'}
[2.907785] (px4_msgs) StdoutLine: {'line': b'-- Up-to-date: /home/rschnurr/SkyClaw-Team1/ros2_ws/install/px4_msgs/include/px4_msgs/px4_msgs/msg/detail/landing_target_innovations__functions.h\n'}
[2.908225] (px4_msgs) StdoutLine: {'line': b'-- Up-to-date: /home/rschnurr/SkyClaw-Team1/ros2_ws/install/px4_msgs/include/px4_msgs/px4_msgs/msg/detail/open_drone_id_system__functions.h\n'}
[2.908837] (px4_msgs) StdoutLine: {'line': b'-- Up-to-date: /home/rschnurr/SkyClaw-Team1/ros2_ws/install/px4_msgs/include/px4_msgs/px4_msgs/msg/detail/landing_target_pose__functions.c\n'}
[2.909141] (px4_msgs) StdoutLine: {'line': b'-- Up-to-date: /home/rschnurr/SkyClaw-Team1/ros2_ws/install/px4_msgs/include/px4_msgs/px4_msgs/msg/detail/landing_gear_wheel__functions.c\n'}
[2.909938] (px4_msgs) StdoutLine: {'line': b'-- Up-to-date: /home/rschnurr/SkyClaw-Team1/ros2_ws/install/px4_msgs/include/px4_msgs/px4_msgs/msg/detail/satellite_info__functions.h\n'}
[2.910040] (px4_msgs) StdoutLine: {'line': b'-- Up-to-date: /home/rschnurr/SkyClaw-Team1/ros2_ws/install/px4_msgs/include/px4_msgs/px4_msgs/msg/detail/tecs_status__type_support.h\n'}
[2.910103] (px4_msgs) StdoutLine: {'line': b'-- Up-to-date: /home/rschnurr/SkyClaw-Team1/ros2_ws/install/px4_msgs/include/px4_msgs/px4_msgs/msg/detail/takeoff_status__struct.h\n'}
[2.910154] (px4_msgs) StdoutLine: {'line': b'-- Up-to-date: /home/rschnurr/SkyClaw-Team1/ros2_ws/install/px4_msgs/include/px4_msgs/px4_msgs/msg/detail/parameter_set_used_request__functions.h\n'}
[2.910213] (px4_msgs) StdoutLine: {'line': b'-- Up-to-date: /home/rschnurr/SkyClaw-Team1/ros2_ws/install/px4_msgs/include/px4_msgs/px4_msgs/msg/detail/rover_rate_setpoint__struct.h\n'}
[2.910484] (px4_msgs) StdoutLine: {'line': b'-- Up-to-date: /home/rschnurr/SkyClaw-Team1/ros2_ws/install/px4_msgs/include/px4_msgs/px4_msgs/msg/detail/input_rc__type_support.h\n'}
[2.911655] (px4_msgs) StdoutLine: {'line': b'-- Up-to-date: /home/rschnurr/SkyClaw-Team1/ros2_ws/install/px4_msgs/include/px4_msgs/px4_msgs/msg/detail/longitudinal_control_configuration__struct.h\n'}
[2.911909] (px4_msgs) StdoutLine: {'line': b'-- Up-to-date: /home/rschnurr/SkyClaw-Team1/ros2_ws/install/px4_msgs/include/px4_msgs/px4_msgs/msg/detail/dataman_response__functions.c\n'}
[2.912023] (px4_msgs) StdoutLine: {'line': b'-- Up-to-date: /home/rschnurr/SkyClaw-Team1/ros2_ws/install/px4_msgs/include/px4_msgs/px4_msgs/msg/detail/button_event__functions.c\n'}
[2.912104] (px4_msgs) StdoutLine: {'line': b'-- Up-to-date: /home/rschnurr/SkyClaw-Team1/ros2_ws/install/px4_msgs/include/px4_msgs/px4_msgs/msg/detail/cellular_status__type_support.h\n'}
[2.912196] (px4_msgs) StdoutLine: {'line': b'-- Up-to-date: /home/rschnurr/SkyClaw-Team1/ros2_ws/install/px4_msgs/include/px4_msgs/px4_msgs/msg/detail/gripper__type_support.h\n'}
[2.912267] (px4_msgs) StdoutLine: {'line': b'-- Up-to-date: /home/rschnurr/SkyClaw-Team1/ros2_ws/install/px4_msgs/include/px4_msgs/px4_msgs/msg/detail/vehicle_imu__functions.c\n'}
[2.912445] (px4_msgs) StdoutLine: {'line': b'-- Up-to-date: /home/rschnurr/SkyClaw-Team1/ros2_ws/install/px4_msgs/include/px4_msgs/px4_msgs/msg/detail/airspeed__type_support.h\n'}
[2.914004] (px4_msgs) StdoutLine: {'line': b'-- Up-to-date: /home/rschnurr/SkyClaw-Team1/ros2_ws/install/px4_msgs/include/px4_msgs/px4_msgs/msg/detail/timesync_status__struct.h\n'}
[2.914526] (px4_msgs) StdoutLine: {'line': b'-- Up-to-date: /home/rschnurr/SkyClaw-Team1/ros2_ws/install/px4_msgs/include/px4_msgs/px4_msgs/msg/detail/vehicle_command__functions.c\n'}
[2.915013] (px4_msgs) StdoutLine: {'line': b'-- Up-to-date: /home/rschnurr/SkyClaw-Team1/ros2_ws/install/px4_msgs/include/px4_msgs/px4_msgs/msg/detail/can_interface_status__struct.h\n'}
[2.915783] (px4_msgs) StdoutLine: {'line': b'-- Up-to-date: /home/rschnurr/SkyClaw-Team1/ros2_ws/install/px4_msgs/include/px4_msgs/px4_msgs/msg/detail/figure_eight_status__type_support.h\n'}
[2.916266] (px4_msgs) StdoutLine: {'line': b'-- Up-to-date: /home/rschnurr/SkyClaw-Team1/ros2_ws/install/px4_msgs/include/px4_msgs/px4_msgs/msg/detail/goto_setpoint__functions.c\n'}
[2.917067] (px4_msgs) StdoutLine: {'line': b'-- Up-to-date: /home/rschnurr/SkyClaw-Team1/ros2_ws/install/px4_msgs/include/px4_msgs/px4_msgs/msg/detail/vtol_vehicle_status__type_support.h\n'}
[2.917479] (px4_msgs) StdoutLine: {'line': b'-- Up-to-date: /home/rschnurr/SkyClaw-Team1/ros2_ws/install/px4_msgs/include/px4_msgs/px4_msgs/msg/detail/mount_orientation__type_support.h\n'}
[2.917863] (px4_msgs) StdoutLine: {'line': b'-- Up-to-date: /home/rschnurr/SkyClaw-Team1/ros2_ws/install/px4_msgs/include/px4_msgs/px4_msgs/msg/detail/velocity_limits__functions.h\n'}
[2.918307] (px4_msgs) StdoutLine: {'line': b'-- Up-to-date: /home/rschnurr/SkyClaw-Team1/ros2_ws/install/px4_msgs/include/px4_msgs/px4_msgs/msg/detail/distance_sensor__struct.h\n'}
[2.919603] (px4_msgs) StdoutLine: {'line': b'-- Up-to-date: /home/rschnurr/SkyClaw-Team1/ros2_ws/install/px4_msgs/include/px4_msgs/px4_msgs/msg/detail/vehicle_status__struct.h\n'}
[2.920391] (px4_msgs) StdoutLine: {'line': b'-- Up-to-date: /home/rschnurr/SkyClaw-Team1/ros2_ws/install/px4_msgs/include/px4_msgs/px4_msgs/msg/detail/uavcan_parameter_request__functions.h\n'}
[2.920749] (px4_msgs) StdoutLine: {'line': b'-- Up-to-date: /home/rschnurr/SkyClaw-Team1/ros2_ws/install/px4_msgs/include/px4_msgs/px4_msgs/msg/detail/actuator_controls_status__functions.h\n'}
[2.921190] (px4_msgs) StdoutLine: {'line': b'-- Up-to-date: /home/rschnurr/SkyClaw-Team1/ros2_ws/install/px4_msgs/include/px4_msgs/px4_msgs/msg/detail/velocity_limits__struct.h\n'}
[2.921839] (px4_msgs) StdoutLine: {'line': b'-- Up-to-date: /home/rschnurr/SkyClaw-Team1/ros2_ws/install/px4_msgs/include/px4_msgs/px4_msgs/msg/detail/gpio_out__functions.c\n'}
[2.921942] (px4_msgs) StdoutLine: {'line': b'-- Up-to-date: /home/rschnurr/SkyClaw-Team1/ros2_ws/install/px4_msgs/include/px4_msgs/px4_msgs/msg/detail/gps_dump__struct.h\n'}
[2.922245] (px4_msgs) StdoutLine: {'line': b'-- Up-to-date: /home/rschnurr/SkyClaw-Team1/ros2_ws/install/px4_msgs/include/px4_msgs/px4_msgs/msg/detail/register_ext_component_reply__functions.h\n'}
[2.922677] (px4_msgs) StdoutLine: {'line': b'-- Up-to-date: /home/rschnurr/SkyClaw-Team1/ros2_ws/install/px4_msgs/include/px4_msgs/px4_msgs/msg/detail/transponder_report__struct.h\n'}
[2.922803] (px4_msgs) StdoutLine: {'line': b'-- Up-to-date: /home/rschnurr/SkyClaw-Team1/ros2_ws/install/px4_msgs/include/px4_msgs/px4_msgs/msg/detail/vehicle_command_ack__functions.h\n'}
[2.923352] (px4_msgs) StdoutLine: {'line': b'-- Up-to-date: /home/rschnurr/SkyClaw-Team1/ros2_ws/install/px4_msgs/include/px4_msgs/px4_msgs/msg/detail/vehicle_rates_setpoint__functions.c\n'}
[2.923808] (px4_msgs) StdoutLine: {'line': b'-- Up-to-date: /home/rschnurr/SkyClaw-Team1/ros2_ws/install/px4_msgs/include/px4_msgs/px4_msgs/msg/detail/px4io_status__type_support.h\n'}
[2.924178] (px4_msgs) StdoutLine: {'line': b'-- Up-to-date: /home/rschnurr/SkyClaw-Team1/ros2_ws/install/px4_msgs/include/px4_msgs/px4_msgs/msg/detail/camera_capture__type_support.h\n'}
[2.925081] (px4_msgs) StdoutLine: {'line': b'-- Up-to-date: /home/rschnurr/SkyClaw-Team1/ros2_ws/install/px4_msgs/include/px4_msgs/px4_msgs/msg/detail/launch_detection_status__struct.h\n'}
[2.925582] (px4_msgs) StdoutLine: {'line': b'-- Up-to-date: /home/rschnurr/SkyClaw-Team1/ros2_ws/install/px4_msgs/include/px4_msgs/px4_msgs/msg/detail/ekf2_timestamps__functions.c\n'}
[2.926125] (px4_msgs) StdoutLine: {'line': b'-- Up-to-date: /home/rschnurr/SkyClaw-Team1/ros2_ws/install/px4_msgs/include/px4_msgs/px4_msgs/msg/detail/landing_gear__functions.h\n'}
[2.926686] (px4_msgs) StdoutLine: {'line': b'-- Up-to-date: /home/rschnurr/SkyClaw-Team1/ros2_ws/install/px4_msgs/include/px4_msgs/px4_msgs/msg/detail/actuator_motors__struct.h\n'}
[2.927311] (px4_msgs) StdoutLine: {'line': b'-- Up-to-date: /home/rschnurr/SkyClaw-Team1/ros2_ws/install/px4_msgs/include/px4_msgs/px4_msgs/msg/detail/event__struct.h\n'}
[2.927867] (px4_msgs) StdoutLine: {'line': b'-- Up-to-date: /home/rschnurr/SkyClaw-Team1/ros2_ws/install/px4_msgs/include/px4_msgs/px4_msgs/msg/detail/transponder_report__functions.c\n'}
[2.928718] (px4_msgs) StdoutLine: {'line': b'-- Up-to-date: /home/rschnurr/SkyClaw-Team1/ros2_ws/install/px4_msgs/include/px4_msgs/px4_msgs/msg/detail/cpuload__functions.c\n'}
[2.929559] (px4_msgs) StdoutLine: {'line': b'-- Up-to-date: /home/rschnurr/SkyClaw-Team1/ros2_ws/install/px4_msgs/include/px4_msgs/px4_msgs/msg/detail/vehicle_angular_velocity__functions.c\n'}
[2.930118] (px4_msgs) StdoutLine: {'line': b'-- Up-to-date: /home/rschnurr/SkyClaw-Team1/ros2_ws/install/px4_msgs/include/px4_msgs/px4_msgs/msg/detail/actuator_servos_trim__type_support.h\n'}
[2.930944] (px4_msgs) StdoutLine: {'line': b'-- Up-to-date: /home/rschnurr/SkyClaw-Team1/ros2_ws/install/px4_msgs/include/px4_msgs/px4_msgs/msg/detail/sensor_correction__functions.h\n'}
[2.932058] (px4_msgs) StdoutLine: {'line': b'-- Up-to-date: /home/rschnurr/SkyClaw-Team1/ros2_ws/install/px4_msgs/include/px4_msgs/px4_msgs/msg/detail/transponder_report__functions.h\n'}
[2.932210] (px4_msgs) StdoutLine: {'line': b'-- Up-to-date: /home/rschnurr/SkyClaw-Team1/ros2_ws/install/px4_msgs/include/px4_msgs/px4_msgs/msg/detail/pwm_input__type_support.h\n'}
[2.932564] (px4_msgs) StdoutLine: {'line': b'-- Up-to-date: /home/rschnurr/SkyClaw-Team1/ros2_ws/install/px4_msgs/include/px4_msgs/px4_msgs/msg/detail/register_ext_component_reply__struct.h\n'}
[2.932957] (px4_msgs) StdoutLine: {'line': b'-- Up-to-date: /home/rschnurr/SkyClaw-Team1/ros2_ws/install/px4_msgs/include/px4_msgs/px4_msgs/msg/detail/debug_vect__struct.h\n'}
[2.933437] (px4_msgs) StdoutLine: {'line': b'-- Up-to-date: /home/rschnurr/SkyClaw-Team1/ros2_ws/install/px4_msgs/include/px4_msgs/px4_msgs/msg/detail/vehicle_optical_flow__functions.c\n'}
[2.934434] (px4_msgs) StdoutLine: {'line': b'-- Up-to-date: /home/rschnurr/SkyClaw-Team1/ros2_ws/install/px4_msgs/include/px4_msgs/px4_msgs/msg/detail/battery_info__struct.h\n'}
[2.935443] (px4_msgs) StdoutLine: {'line': b'-- Up-to-date: /home/rschnurr/SkyClaw-Team1/ros2_ws/install/px4_msgs/include/px4_msgs/px4_msgs/msg/detail/actuator_armed__functions.c\n'}
[2.935933] (px4_msgs) StdoutLine: {'line': b'-- Up-to-date: /home/rschnurr/SkyClaw-Team1/ros2_ws/install/px4_msgs/include/px4_msgs/px4_msgs/msg/detail/actuator_test__type_support.h\n'}
[2.936300] (px4_msgs) StdoutLine: {'line': b'-- Up-to-date: /home/rschnurr/SkyClaw-Team1/ros2_ws/install/px4_msgs/include/px4_msgs/px4_msgs/msg/detail/gimbal_manager_status__type_support.h\n'}
[2.936849] (px4_msgs) StdoutLine: {'line': b'-- Up-to-date: /home/rschnurr/SkyClaw-Team1/ros2_ws/install/px4_msgs/include/px4_msgs/px4_msgs/msg/detail/fixed_wing_longitudinal_setpoint__functions.c\n'}
[2.937258] (px4_msgs) StdoutLine: {'line': b'-- Up-to-date: /home/rschnurr/SkyClaw-Team1/ros2_ws/install/px4_msgs/include/px4_msgs/px4_msgs/msg/detail/estimator_aid_source3d__functions.h\n'}
[2.937700] (px4_msgs) StdoutLine: {'line': b'-- Up-to-date: /home/rschnurr/SkyClaw-Team1/ros2_ws/install/px4_msgs/include/px4_msgs/px4_msgs/msg/detail/open_drone_id_operator_id__functions.c\n'}
[2.938138] (px4_msgs) StdoutLine: {'line': b'-- Up-to-date: /home/rschnurr/SkyClaw-Team1/ros2_ws/install/px4_msgs/include/px4_msgs/px4_msgs/msg/detail/sensor_optical_flow__type_support.h\n'}
[2.938672] (px4_msgs) StdoutLine: {'line': b'-- Up-to-date: /home/rschnurr/SkyClaw-Team1/ros2_ws/install/px4_msgs/include/px4_msgs/px4_msgs/msg/detail/actuator_outputs__functions.h\n'}
[2.938775] (px4_msgs) StdoutLine: {'line': b'-- Up-to-date: /home/rschnurr/SkyClaw-Team1/ros2_ws/install/px4_msgs/include/px4_msgs/px4_msgs/msg/detail/sensors_status_imu__type_support.h\n'}
[2.938853] (px4_msgs) StdoutLine: {'line': b'-- Up-to-date: /home/rschnurr/SkyClaw-Team1/ros2_ws/install/px4_msgs/include/px4_msgs/px4_msgs/msg/detail/follow_target__type_support.h\n'}
[2.938921] (px4_msgs) StdoutLine: {'line': b'-- Up-to-date: /home/rschnurr/SkyClaw-Team1/ros2_ws/install/px4_msgs/include/px4_msgs/px4_msgs/msg/detail/rtl_time_estimate__struct.h\n'}
[2.939356] (px4_msgs) StdoutLine: {'line': b'-- Up-to-date: /home/rschnurr/SkyClaw-Team1/ros2_ws/install/px4_msgs/include/px4_msgs/px4_msgs/msg/detail/rpm__functions.h\n'}
[2.939895] (px4_msgs) StdoutLine: {'line': b'-- Up-to-date: /home/rschnurr/SkyClaw-Team1/ros2_ws/install/px4_msgs/include/px4_msgs/px4_msgs/msg/detail/vehicle_constraints__functions.h\n'}
[2.940325] (px4_msgs) StdoutLine: {'line': b'-- Up-to-date: /home/rschnurr/SkyClaw-Team1/ros2_ws/install/px4_msgs/include/px4_msgs/px4_msgs/msg/detail/vehicle_local_position_setpoint__functions.c\n'}
[2.940632] (px4_msgs) StdoutLine: {'line': b'-- Up-to-date: /home/rschnurr/SkyClaw-Team1/ros2_ws/install/px4_msgs/include/px4_msgs/px4_msgs/msg/detail/sensor_airflow__type_support.h\n'}
[2.940875] (px4_msgs) StdoutLine: {'line': b'-- Up-to-date: /home/rschnurr/SkyClaw-Team1/ros2_ws/install/px4_msgs/include/px4_msgs/px4_msgs/msg/detail/gimbal_manager_information__struct.h\n'}
[2.941214] (px4_msgs) StdoutLine: {'line': b'-- Up-to-date: /home/rschnurr/SkyClaw-Team1/ros2_ws/install/px4_msgs/include/px4_msgs/px4_msgs/msg/detail/log_message__functions.h\n'}
[2.941494] (px4_msgs) StdoutLine: {'line': b'-- Up-to-date: /home/rschnurr/SkyClaw-Team1/ros2_ws/install/px4_msgs/include/px4_msgs/px4_msgs/msg/detail/sensor_uwb__type_support.h\n'}
[2.941649] (px4_msgs) StdoutLine: {'line': b'-- Up-to-date: /home/rschnurr/SkyClaw-Team1/ros2_ws/install/px4_msgs/include/px4_msgs/px4_msgs/msg/detail/logger_status__functions.h\n'}
[2.941739] (px4_msgs) StdoutLine: {'line': b'-- Up-to-date: /home/rschnurr/SkyClaw-Team1/ros2_ws/install/px4_msgs/include/px4_msgs/px4_msgs/msg/detail/actuator_servos_trim__functions.c\n'}
[2.941875] (px4_msgs) StdoutLine: {'line': b'-- Up-to-date: /home/rschnurr/SkyClaw-Team1/ros2_ws/install/px4_msgs/include/px4_msgs/px4_msgs/msg/detail/vehicle_acceleration__functions.c\n'}
[2.942029] (px4_msgs) StdoutLine: {'line': b'-- Up-to-date: /home/rschnurr/SkyClaw-Team1/ros2_ws/install/px4_msgs/include/px4_msgs/px4_msgs/msg/detail/rtl_status__functions.c\n'}
[2.942539] (px4_msgs) StdoutLine: {'line': b'-- Up-to-date: /home/rschnurr/SkyClaw-Team1/ros2_ws/install/px4_msgs/include/px4_msgs/px4_msgs/msg/detail/uavcan_parameter_request__struct.h\n'}
[2.942894] (px4_msgs) StdoutLine: {'line': b'-- Up-to-date: /home/rschnurr/SkyClaw-Team1/ros2_ws/install/px4_msgs/include/px4_msgs/px4_msgs/msg/detail/camera_status__struct.h\n'}
[2.943348] (px4_msgs) StdoutLine: {'line': b'-- Up-to-date: /home/rschnurr/SkyClaw-Team1/ros2_ws/install/px4_msgs/include/px4_msgs/px4_msgs/msg/detail/fixed_wing_lateral_status__functions.c\n'}
[2.944511] (px4_msgs) StdoutLine: {'line': b'-- Up-to-date: /home/rschnurr/SkyClaw-Team1/ros2_ws/install/px4_msgs/include/px4_msgs/px4_msgs/msg/detail/adc_report__functions.c\n'}
[2.944637] (px4_msgs) StdoutLine: {'line': b'-- Up-to-date: /home/rschnurr/SkyClaw-Team1/ros2_ws/install/px4_msgs/include/px4_msgs/px4_msgs/msg/detail/orb_test__type_support.h\n'}
[2.944749] (px4_msgs) StdoutLine: {'line': b'-- Up-to-date: /home/rschnurr/SkyClaw-Team1/ros2_ws/install/px4_msgs/include/px4_msgs/px4_msgs/msg/detail/autotune_attitude_control_status__functions.c\n'}
[2.944836] (px4_msgs) StdoutLine: {'line': b'-- Up-to-date: /home/rschnurr/SkyClaw-Team1/ros2_ws/install/px4_msgs/include/px4_msgs/px4_msgs/msg/detail/gimbal_controls__type_support.h\n'}
[2.944935] (px4_msgs) StdoutLine: {'line': b'-- Up-to-date: /home/rschnurr/SkyClaw-Team1/ros2_ws/install/px4_msgs/include/px4_msgs/px4_msgs/msg/detail/cpuload__functions.h\n'}
[2.945071] (px4_msgs) StdoutLine: {'line': b'-- Up-to-date: /home/rschnurr/SkyClaw-Team1/ros2_ws/install/px4_msgs/include/px4_msgs/px4_msgs/msg/detail/sensor_mag__struct.h\n'}
[2.945153] (px4_msgs) StdoutLine: {'line': b'-- Up-to-date: /home/rschnurr/SkyClaw-Team1/ros2_ws/install/px4_msgs/include/px4_msgs/px4_msgs/msg/detail/mavlink_tunnel__type_support.h\n'}
[2.945230] (px4_msgs) StdoutLine: {'line': b'-- Up-to-date: /home/rschnurr/SkyClaw-Team1/ros2_ws/install/px4_msgs/include/px4_msgs/px4_msgs/msg/detail/estimator_aid_source1d__functions.h\n'}
[2.945367] (px4_msgs) StdoutLine: {'line': b'-- Up-to-date: /home/rschnurr/SkyClaw-Team1/ros2_ws/install/px4_msgs/include/px4_msgs/px4_msgs/msg/detail/open_drone_id_operator_id__struct.h\n'}
[2.945577] (px4_msgs) StdoutLine: {'line': b'-- Up-to-date: /home/rschnurr/SkyClaw-Team1/ros2_ws/install/px4_msgs/include/px4_msgs/px4_msgs/msg/detail/fixed_wing_longitudinal_setpoint__type_support.h\n'}
[2.945697] (px4_msgs) StdoutLine: {'line': b'-- Up-to-date: /home/rschnurr/SkyClaw-Team1/ros2_ws/install/px4_msgs/include/px4_msgs/px4_msgs/msg/detail/telemetry_status__type_support.h\n'}
[2.945783] (px4_msgs) StdoutLine: {'line': b'-- Up-to-date: /home/rschnurr/SkyClaw-Team1/ros2_ws/install/px4_msgs/include/px4_msgs/px4_msgs/msg/detail/parameter_set_value_request__type_support.h\n'}
[2.945888] (px4_msgs) StdoutLine: {'line': b'-- Up-to-date: /home/rschnurr/SkyClaw-Team1/ros2_ws/install/px4_msgs/include/px4_msgs/px4_msgs/msg/detail/offboard_control_mode__struct.h\n'}
[2.945962] (px4_msgs) StdoutLine: {'line': b'-- Up-to-date: /home/rschnurr/SkyClaw-Team1/ros2_ws/install/px4_msgs/include/px4_msgs/px4_msgs/msg/detail/vehicle_land_detected__struct.h\n'}
[2.946037] (px4_msgs) StdoutLine: {'line': b'-- Up-to-date: /home/rschnurr/SkyClaw-Team1/ros2_ws/install/px4_msgs/include/px4_msgs/px4_msgs/msg/detail/heater_status__struct.h\n'}
[2.946114] (px4_msgs) StdoutLine: {'line': b'-- Up-to-date: /home/rschnurr/SkyClaw-Team1/ros2_ws/install/px4_msgs/include/px4_msgs/px4_msgs/msg/detail/sensor_accel_fifo__struct.h\n'}
[2.946271] (px4_msgs) StdoutLine: {'line': b'-- Up-to-date: /home/rschnurr/SkyClaw-Team1/ros2_ws/install/px4_msgs/include/px4_msgs/px4_msgs/msg/detail/arming_check_reply__functions.c\n'}
[2.946356] (px4_msgs) StdoutLine: {'line': b'-- Up-to-date: /home/rschnurr/SkyClaw-Team1/ros2_ws/install/px4_msgs/include/px4_msgs/px4_msgs/msg/detail/mode_completed__functions.c\n'}
[2.946426] (px4_msgs) StdoutLine: {'line': b'-- Up-to-date: /home/rschnurr/SkyClaw-Team1/ros2_ws/install/px4_msgs/include/px4_msgs/px4_msgs/msg/detail/mission__struct.h\n'}
[2.946517] (px4_msgs) StdoutLine: {'line': b'-- Up-to-date: /home/rschnurr/SkyClaw-Team1/ros2_ws/install/px4_msgs/include/px4_msgs/px4_msgs/msg/detail/parameter_update__functions.c\n'}
[2.946584] (px4_msgs) StdoutLine: {'line': b'-- Up-to-date: /home/rschnurr/SkyClaw-Team1/ros2_ws/install/px4_msgs/include/px4_msgs/px4_msgs/msg/detail/differential_pressure__functions.h\n'}
[2.946649] (px4_msgs) StdoutLine: {'line': b'-- Up-to-date: /home/rschnurr/SkyClaw-Team1/ros2_ws/install/px4_msgs/include/px4_msgs/px4_msgs/msg/detail/position_setpoint__struct.h\n'}
[2.947328] (px4_msgs) StdoutLine: {'line': b'-- Up-to-date: /home/rschnurr/SkyClaw-Team1/ros2_ws/install/px4_msgs/include/px4_msgs/px4_msgs/msg/detail/manual_control_switches__functions.c\n'}
[2.947762] (px4_msgs) StdoutLine: {'line': b'-- Up-to-date: /home/rschnurr/SkyClaw-Team1/ros2_ws/install/px4_msgs/include/px4_msgs/px4_msgs/msg/detail/flight_phase_estimation__functions.c\n'}
[2.948258] (px4_msgs) StdoutLine: {'line': b'-- Up-to-date: /home/rschnurr/SkyClaw-Team1/ros2_ws/install/px4_msgs/include/px4_msgs/px4_msgs/msg/detail/estimator_selector_status__struct.h\n'}
[2.948736] (px4_msgs) StdoutLine: {'line': b'-- Up-to-date: /home/rschnurr/SkyClaw-Team1/ros2_ws/install/px4_msgs/include/px4_msgs/px4_msgs/msg/detail/input_rc__struct.h\n'}
[2.949333] (px4_msgs) StdoutLine: {'line': b'-- Up-to-date: /home/rschnurr/SkyClaw-Team1/ros2_ws/install/px4_msgs/include/px4_msgs/px4_msgs/msg/detail/rover_throttle_setpoint__struct.h\n'}
[2.949848] (px4_msgs) StdoutLine: {'line': b'-- Up-to-date: /home/rschnurr/SkyClaw-Team1/ros2_ws/install/px4_msgs/include/px4_msgs/px4_msgs/msg/detail/orbit_status__functions.h\n'}
[2.950287] (px4_msgs) StdoutLine: {'line': b'-- Up-to-date: /home/rschnurr/SkyClaw-Team1/ros2_ws/install/px4_msgs/include/px4_msgs/px4_msgs/msg/detail/rate_ctrl_status__functions.c\n'}
[2.950678] (px4_msgs) StdoutLine: {'line': b'-- Up-to-date: /home/rschnurr/SkyClaw-Team1/ros2_ws/install/px4_msgs/include/px4_msgs/px4_msgs/msg/detail/px4io_status__functions.h\n'}
[2.951061] (px4_msgs) StdoutLine: {'line': b'-- Up-to-date: /home/rschnurr/SkyClaw-Team1/ros2_ws/install/px4_msgs/include/px4_msgs/px4_msgs/msg/detail/vehicle_imu__struct.h\n'}
[2.951562] (px4_msgs) StdoutLine: {'line': b'-- Up-to-date: /home/rschnurr/SkyClaw-Team1/ros2_ws/install/px4_msgs/include/px4_msgs/px4_msgs/msg/detail/follow_target_status__type_support.h\n'}
[2.951841] (px4_msgs) StdoutLine: {'line': b'-- Up-to-date: /home/rschnurr/SkyClaw-Team1/ros2_ws/install/px4_msgs/include/px4_msgs/px4_msgs/msg/detail/gpio_in__functions.c\n'}
[2.952183] (px4_msgs) StdoutLine: {'line': b'-- Up-to-date: /home/rschnurr/SkyClaw-Team1/ros2_ws/install/px4_msgs/include/px4_msgs/px4_msgs/msg/detail/estimator_bias3d__functions.h\n'}
[2.952573] (px4_msgs) StdoutLine: {'line': b'-- Up-to-date: /home/rschnurr/SkyClaw-Team1/ros2_ws/install/px4_msgs/include/px4_msgs/px4_msgs/msg/detail/navigator_mission_item__functions.c\n'}
[2.953272] (px4_msgs) StdoutLine: {'line': b'-- Up-to-date: /home/rschnurr/SkyClaw-Team1/ros2_ws/install/px4_msgs/include/px4_msgs/px4_msgs/msg/detail/sensor_accel__type_support.h\n'}
[2.953560] (px4_msgs) StdoutLine: {'line': b'-- Up-to-date: /home/rschnurr/SkyClaw-Team1/ros2_ws/install/px4_msgs/include/px4_msgs/px4_msgs/msg/detail/wind__functions.c\n'}
[2.953884] (px4_msgs) StdoutLine: {'line': b'-- Up-to-date: /home/rschnurr/SkyClaw-Team1/ros2_ws/install/px4_msgs/include/px4_msgs/px4_msgs/msg/detail/rpm__type_support.h\n'}
[2.954381] (px4_msgs) StdoutLine: {'line': b'-- Up-to-date: /home/rschnurr/SkyClaw-Team1/ros2_ws/install/px4_msgs/include/px4_msgs/px4_msgs/msg/detail/px4io_status__struct.h\n'}
[2.954740] (px4_msgs) StdoutLine: {'line': b'-- Up-to-date: /home/rschnurr/SkyClaw-Team1/ros2_ws/install/px4_msgs/include/px4_msgs/px4_msgs/msg/detail/gimbal_manager_information__functions.h\n'}
[2.954841] (px4_msgs) StdoutLine: {'line': b'-- Up-to-date: /home/rschnurr/SkyClaw-Team1/ros2_ws/install/px4_msgs/include/px4_msgs/px4_msgs/msg/detail/internal_combustion_engine_status__functions.h\n'}
[2.955205] (px4_msgs) StdoutLine: {'line': b'-- Up-to-date: /home/rschnurr/SkyClaw-Team1/ros2_ws/install/px4_msgs/include/px4_msgs/px4_msgs/msg/detail/vehicle_torque_setpoint__type_support.h\n'}
[2.955856] (px4_msgs) StdoutLine: {'line': b'-- Up-to-date: /home/rschnurr/SkyClaw-Team1/ros2_ws/install/px4_msgs/include/px4_msgs/px4_msgs/msg/detail/gimbal_device_set_attitude__struct.h\n'}
[2.956227] (px4_msgs) StdoutLine: {'line': b'-- Up-to-date: /home/rschnurr/SkyClaw-Team1/ros2_ws/install/px4_msgs/include/px4_msgs/px4_msgs/msg/detail/airspeed__functions.c\n'}
[2.956565] (px4_msgs) StdoutLine: {'line': b'-- Up-to-date: /home/rschnurr/SkyClaw-Team1/ros2_ws/install/px4_msgs/include/px4_msgs/px4_msgs/msg/detail/airspeed_validated__struct.h\n'}
[2.956973] (px4_msgs) StdoutLine: {'line': b'-- Up-to-date: /home/rschnurr/SkyClaw-Team1/ros2_ws/install/px4_msgs/include/px4_msgs/px4_msgs/msg/detail/collision_constraints__functions.h\n'}
[2.957544] (px4_msgs) StdoutLine: {'line': b'-- Up-to-date: /home/rschnurr/SkyClaw-Team1/ros2_ws/install/px4_msgs/include/px4_msgs/px4_msgs/msg/detail/mavlink_log__functions.h\n'}
[2.958382] (px4_msgs) StdoutLine: {'line': b'-- Up-to-date: /home/rschnurr/SkyClaw-Team1/ros2_ws/install/px4_msgs/include/px4_msgs/px4_msgs/msg/detail/position_controller_landing_status__struct.h\n'}
[2.958760] (px4_msgs) StdoutLine: {'line': b'-- Up-to-date: /home/rschnurr/SkyClaw-Team1/ros2_ws/install/px4_msgs/include/px4_msgs/px4_msgs/msg/detail/vehicle_local_position__type_support.h\n'}
[2.959240] (px4_msgs) StdoutLine: {'line': b'-- Up-to-date: /home/rschnurr/SkyClaw-Team1/ros2_ws/install/px4_msgs/include/px4_msgs/px4_msgs/msg/detail/trajectory_setpoint__functions.c\n'}
[2.959365] (px4_msgs) StdoutLine: {'line': b'-- Up-to-date: /home/rschnurr/SkyClaw-Team1/ros2_ws/install/px4_msgs/include/px4_msgs/px4_msgs/msg/detail/estimator_status_flags__struct.h\n'}
[2.959465] (px4_msgs) StdoutLine: {'line': b'-- Up-to-date: /home/rschnurr/SkyClaw-Team1/ros2_ws/install/px4_msgs/include/px4_msgs/px4_msgs/msg/detail/vehicle_angular_acceleration_setpoint__functions.c\n'}
[2.959542] (px4_msgs) StdoutLine: {'line': b'-- Up-to-date: /home/rschnurr/SkyClaw-Team1/ros2_ws/install/px4_msgs/include/px4_msgs/px4_msgs/msg/detail/estimator_status__type_support.h\n'}
[2.959612] (px4_msgs) StdoutLine: {'line': b'-- Up-to-date: /home/rschnurr/SkyClaw-Team1/ros2_ws/install/px4_msgs/include/px4_msgs/px4_msgs/msg/detail/follow_target_status__functions.h\n'}
[2.959680] (px4_msgs) StdoutLine: {'line': b'-- Up-to-date: /home/rschnurr/SkyClaw-Team1/ros2_ws/install/px4_msgs/include/px4_msgs/px4_msgs/msg/detail/led_control__struct.h\n'}
[2.959751] (px4_msgs) StdoutLine: {'line': b'-- Up-to-date: /home/rschnurr/SkyClaw-Team1/ros2_ws/install/px4_msgs/include/px4_msgs/px4_msgs/msg/detail/geofence_result__functions.c\n'}
[2.959847] (px4_msgs) StdoutLine: {'line': b'-- Up-to-date: /home/rschnurr/SkyClaw-Team1/ros2_ws/install/px4_msgs/include/px4_msgs/px4_msgs/msg/detail/estimator_sensor_bias__functions.h\n'}
[2.959913] (px4_msgs) StdoutLine: {'line': b'-- Up-to-date: /home/rschnurr/SkyClaw-Team1/ros2_ws/install/px4_msgs/include/px4_msgs/px4_msgs/msg/detail/rtl_time_estimate__functions.h\n'}
[2.960266] (px4_msgs) StdoutLine: {'line': b'-- Up-to-date: /home/rschnurr/SkyClaw-Team1/ros2_ws/install/px4_msgs/include/px4_msgs/px4_msgs/msg/detail/battery_status__functions.c\n'}
[2.960546] (px4_msgs) StdoutLine: {'line': b'-- Up-to-date: /home/rschnurr/SkyClaw-Team1/ros2_ws/install/px4_msgs/include/px4_msgs/px4_msgs/msg/detail/vehicle_global_position__functions.h\n'}
[2.960962] (px4_msgs) StdoutLine: {'line': b'-- Up-to-date: /home/rschnurr/SkyClaw-Team1/ros2_ws/install/px4_msgs/include/px4_msgs/px4_msgs/msg/detail/open_drone_id_arm_status__struct.h\n'}
[2.961391] (px4_msgs) StdoutLine: {'line': b'-- Up-to-date: /home/rschnurr/SkyClaw-Team1/ros2_ws/install/px4_msgs/include/px4_msgs/px4_msgs/msg/detail/vehicle_thrust_setpoint__type_support.h\n'}
[2.961851] (px4_msgs) StdoutLine: {'line': b'-- Up-to-date: /home/rschnurr/SkyClaw-Team1/ros2_ws/install/px4_msgs/include/px4_msgs/px4_msgs/msg/detail/estimator_innovations__struct.h\n'}
[2.962276] (px4_msgs) StdoutLine: {'line': b'-- Up-to-date: /home/rschnurr/SkyClaw-Team1/ros2_ws/install/px4_msgs/include/px4_msgs/px4_msgs/msg/detail/estimator_status__struct.h\n'}
[2.962728] (px4_msgs) StdoutLine: {'line': b'-- Up-to-date: /home/rschnurr/SkyClaw-Team1/ros2_ws/install/px4_msgs/include/px4_msgs/px4_msgs/msg/detail/rover_position_setpoint__functions.h\n'}
[2.963518] (-) TimerEvent: {}
[2.963852] (px4_msgs) StdoutLine: {'line': b'-- Up-to-date: /home/rschnurr/SkyClaw-Team1/ros2_ws/install/px4_msgs/include/px4_msgs/px4_msgs/msg/detail/fuel_tank_status__type_support.h\n'}
[2.964113] (px4_msgs) StdoutLine: {'line': b'-- Up-to-date: /home/rschnurr/SkyClaw-Team1/ros2_ws/install/px4_msgs/include/px4_msgs/px4_msgs/msg/detail/landing_gear__struct.h\n'}
[2.964816] (px4_msgs) StdoutLine: {'line': b'-- Up-to-date: /home/rschnurr/SkyClaw-Team1/ros2_ws/install/px4_msgs/include/px4_msgs/px4_msgs/msg/detail/sensor_gps__functions.c\n'}
[2.965253] (px4_msgs) StdoutLine: {'line': b'-- Up-to-date: /home/rschnurr/SkyClaw-Team1/ros2_ws/install/px4_msgs/include/px4_msgs/px4_msgs/msg/detail/vehicle_status__functions.h\n'}
[2.965939] (px4_msgs) StdoutLine: {'line': b'-- Up-to-date: /home/rschnurr/SkyClaw-Team1/ros2_ws/install/px4_msgs/include/px4_msgs/px4_msgs/msg/detail/normalized_unsigned_setpoint__struct.h\n'}
[2.966590] (px4_msgs) StdoutLine: {'line': b'-- Up-to-date: /home/rschnurr/SkyClaw-Team1/ros2_ws/install/px4_msgs/include/px4_msgs/px4_msgs/msg/detail/parameter_update__struct.h\n'}
[2.967050] (px4_msgs) StdoutLine: {'line': b'-- Up-to-date: /home/rschnurr/SkyClaw-Team1/ros2_ws/install/px4_msgs/include/px4_msgs/px4_msgs/msg/detail/rover_speed_setpoint__functions.c\n'}
[2.967601] (px4_msgs) StdoutLine: {'line': b'-- Up-to-date: /home/rschnurr/SkyClaw-Team1/ros2_ws/install/px4_msgs/include/px4_msgs/px4_msgs/msg/detail/debug_vect__functions.c\n'}
[2.968042] (px4_msgs) StdoutLine: {'line': b'-- Up-to-date: /home/rschnurr/SkyClaw-Team1/ros2_ws/install/px4_msgs/include/px4_msgs/px4_msgs/msg/detail/iridiumsbd_status__functions.h\n'}
[2.968593] (px4_msgs) StdoutLine: {'line': b'-- Up-to-date: /home/rschnurr/SkyClaw-Team1/ros2_ws/install/px4_msgs/include/px4_msgs/px4_msgs/msg/detail/sensor_preflight_mag__functions.c\n'}
[2.969320] (px4_msgs) StdoutLine: {'line': b'-- Up-to-date: /home/rschnurr/SkyClaw-Team1/ros2_ws/install/px4_msgs/include/px4_msgs/px4_msgs/msg/detail/position_controller_landing_status__functions.h\n'}
[2.969739] (px4_msgs) StdoutLine: {'line': b'-- Up-to-date: /home/rschnurr/SkyClaw-Team1/ros2_ws/install/px4_msgs/include/px4_msgs/px4_msgs/msg/detail/position_controller_landing_status__type_support.h\n'}
[2.970322] (px4_msgs) StdoutLine: {'line': b'-- Up-to-date: /home/rschnurr/SkyClaw-Team1/ros2_ws/install/px4_msgs/include/px4_msgs/px4_msgs/msg/detail/estimator_aid_source2d__struct.h\n'}
[2.970771] (px4_msgs) StdoutLine: {'line': b'-- Up-to-date: /home/rschnurr/SkyClaw-Team1/ros2_ws/install/px4_msgs/include/px4_msgs/px4_msgs/msg/detail/actuator_armed__type_support.h\n'}
[2.971223] (px4_msgs) StdoutLine: {'line': b'-- Up-to-date: /home/rschnurr/SkyClaw-Team1/ros2_ws/install/px4_msgs/include/px4_msgs/px4_msgs/msg/detail/fixed_wing_lateral_status__functions.h\n'}
[2.971467] (px4_msgs) StdoutLine: {'line': b'-- Up-to-date: /home/rschnurr/SkyClaw-Team1/ros2_ws/install/px4_msgs/include/px4_msgs/px4_msgs/msg/detail/orbit_status__struct.h\n'}
[2.971875] (px4_msgs) StdoutLine: {'line': b'-- Up-to-date: /home/rschnurr/SkyClaw-Team1/ros2_ws/install/px4_msgs/include/px4_msgs/px4_msgs/msg/detail/uavcan_parameter_value__struct.h\n'}
[2.972109] (px4_msgs) StdoutLine: {'line': b'-- Up-to-date: /home/rschnurr/SkyClaw-Team1/ros2_ws/install/px4_msgs/include/px4_msgs/px4_msgs/msg/detail/control_allocator_status__type_support.h\n'}
[2.972280] (px4_msgs) StdoutLine: {'line': b'-- Up-to-date: /home/rschnurr/SkyClaw-Team1/ros2_ws/install/px4_msgs/include/px4_msgs/px4_msgs/msg/detail/collision_constraints__functions.c\n'}
[2.972518] (px4_msgs) StdoutLine: {'line': b'-- Up-to-date: /home/rschnurr/SkyClaw-Team1/ros2_ws/install/px4_msgs/include/px4_msgs/px4_msgs/msg/detail/failure_detector_status__functions.c\n'}
[2.972918] (px4_msgs) StdoutLine: {'line': b'-- Up-to-date: /home/rschnurr/SkyClaw-Team1/ros2_ws/install/px4_msgs/include/px4_msgs/px4_msgs/msg/detail/mode_completed__struct.h\n'}
[2.973349] (px4_msgs) StdoutLine: {'line': b'-- Up-to-date: /home/rschnurr/SkyClaw-Team1/ros2_ws/install/px4_msgs/include/px4_msgs/px4_msgs/msg/detail/figure_eight_status__functions.c\n'}
[2.973864] (px4_msgs) StdoutLine: {'line': b'-- Up-to-date: /home/rschnurr/SkyClaw-Team1/ros2_ws/install/px4_msgs/include/px4_msgs/px4_msgs/msg/detail/landing_target_innovations__type_support.h\n'}
[2.974222] (px4_msgs) StdoutLine: {'line': b'-- Up-to-date: /home/rschnurr/SkyClaw-Team1/ros2_ws/install/px4_msgs/include/px4_msgs/px4_msgs/msg/detail/sensor_gyro__struct.h\n'}
[2.975118] (px4_msgs) StdoutLine: {'line': b'-- Up-to-date: /home/rschnurr/SkyClaw-Team1/ros2_ws/install/px4_msgs/include/px4_msgs/px4_msgs/msg/detail/timesync_status__functions.h\n'}
[2.975472] (px4_msgs) StdoutLine: {'line': b'-- Up-to-date: /home/rschnurr/SkyClaw-Team1/ros2_ws/install/px4_msgs/include/px4_msgs/px4_msgs/msg/detail/power_button_state__struct.h\n'}
[2.975947] (px4_msgs) StdoutLine: {'line': b'-- Up-to-date: /home/rschnurr/SkyClaw-Team1/ros2_ws/install/px4_msgs/include/px4_msgs/px4_msgs/msg/detail/pure_pursuit_status__functions.h\n'}
[2.976302] (px4_msgs) StdoutLine: {'line': b'-- Up-to-date: /home/rschnurr/SkyClaw-Team1/ros2_ws/install/px4_msgs/include/px4_msgs/px4_msgs/msg/detail/actuator_motors__functions.h\n'}
[2.977212] (px4_msgs) StdoutLine: {'line': b'-- Up-to-date: /home/rschnurr/SkyClaw-Team1/ros2_ws/install/px4_msgs/include/px4_msgs/px4_msgs/msg/detail/failsafe_flags__type_support.h\n'}
[2.977672] (px4_msgs) StdoutLine: {'line': b'-- Up-to-date: /home/rschnurr/SkyClaw-Team1/ros2_ws/install/px4_msgs/include/px4_msgs/px4_msgs/msg/detail/figure_eight_status__functions.h\n'}
[2.978110] (px4_msgs) StdoutLine: {'line': b'-- Up-to-date: /home/rschnurr/SkyClaw-Team1/ros2_ws/install/px4_msgs/include/px4_msgs/px4_msgs/msg/detail/navigator_mission_item__functions.h\n'}
[2.978471] (px4_msgs) StdoutLine: {'line': b'-- Up-to-date: /home/rschnurr/SkyClaw-Team1/ros2_ws/install/px4_msgs/include/px4_msgs/px4_msgs/msg/detail/geofence_result__type_support.h\n'}
[2.979096] (px4_msgs) StdoutLine: {'line': b'-- Up-to-date: /home/rschnurr/SkyClaw-Team1/ros2_ws/install/px4_msgs/include/px4_msgs/px4_msgs/msg/detail/open_drone_id_self_id__struct.h\n'}
[2.979657] (px4_msgs) StdoutLine: {'line': b'-- Up-to-date: /home/rschnurr/SkyClaw-Team1/ros2_ws/install/px4_msgs/include/px4_msgs/px4_msgs/msg/detail/vehicle_command_ack__functions.c\n'}
[2.980062] (px4_msgs) StdoutLine: {'line': b'-- Up-to-date: /home/rschnurr/SkyClaw-Team1/ros2_ws/install/px4_msgs/include/px4_msgs/px4_msgs/msg/detail/gpio_out__type_support.h\n'}
[2.980697] (px4_msgs) StdoutLine: {'line': b'-- Up-to-date: /home/rschnurr/SkyClaw-Team1/ros2_ws/install/px4_msgs/include/px4_msgs/px4_msgs/msg/detail/orb_test__functions.c\n'}
[2.981125] (px4_msgs) StdoutLine: {'line': b'-- Up-to-date: /home/rschnurr/SkyClaw-Team1/ros2_ws/install/px4_msgs/include/px4_msgs/px4_msgs/msg/detail/wind__struct.h\n'}
[2.981556] (px4_msgs) StdoutLine: {'line': b'-- Up-to-date: /home/rschnurr/SkyClaw-Team1/ros2_ws/install/px4_msgs/include/px4_msgs/px4_msgs/msg/detail/rover_rate_status__functions.c\n'}
[2.982491] (px4_msgs) StdoutLine: {'line': b'-- Up-to-date: /home/rschnurr/SkyClaw-Team1/ros2_ws/install/px4_msgs/include/px4_msgs/px4_msgs/msg/detail/open_drone_id_system__type_support.h\n'}
[2.982795] (px4_msgs) StdoutLine: {'line': b'-- Up-to-date: /home/rschnurr/SkyClaw-Team1/ros2_ws/install/px4_msgs/include/px4_msgs/px4_msgs/msg/detail/vehicle_imu__type_support.h\n'}
[2.983182] (px4_msgs) StdoutLine: {'line': b'-- Up-to-date: /home/rschnurr/SkyClaw-Team1/ros2_ws/install/px4_msgs/include/px4_msgs/px4_msgs/msg/detail/rover_steering_setpoint__type_support.h\n'}
[2.983556] (px4_msgs) StdoutLine: {'line': b'-- Up-to-date: /home/rschnurr/SkyClaw-Team1/ros2_ws/install/px4_msgs/include/px4_msgs/px4_msgs/msg/detail/button_event__struct.h\n'}
[2.983803] (px4_msgs) StdoutLine: {'line': b'-- Up-to-date: /home/rschnurr/SkyClaw-Team1/ros2_ws/install/px4_msgs/include/px4_msgs/px4_msgs/msg/detail/open_drone_id_arm_status__functions.c\n'}
[2.984165] (px4_msgs) StdoutLine: {'line': b'-- Up-to-date: /home/rschnurr/SkyClaw-Team1/ros2_ws/install/px4_msgs/include/px4_msgs/px4_msgs/msg/detail/battery_info__functions.h\n'}
[2.985243] (px4_msgs) StdoutLine: {'line': b'-- Up-to-date: /home/rschnurr/SkyClaw-Team1/ros2_ws/install/px4_msgs/include/px4_msgs/px4_msgs/msg/detail/lateral_control_configuration__functions.h\n'}
[2.985734] (px4_msgs) StdoutLine: {'line': b'-- Up-to-date: /home/rschnurr/SkyClaw-Team1/ros2_ws/install/px4_msgs/include/px4_msgs/px4_msgs/msg/detail/gpio_request__functions.c\n'}
[2.986199] (px4_msgs) StdoutLine: {'line': b'-- Up-to-date: /home/rschnurr/SkyClaw-Team1/ros2_ws/install/px4_msgs/include/px4_msgs/px4_msgs/msg/detail/vehicle_roi__struct.h\n'}
[2.986604] (px4_msgs) StdoutLine: {'line': b'-- Up-to-date: /home/rschnurr/SkyClaw-Team1/ros2_ws/install/px4_msgs/include/px4_msgs/px4_msgs/msg/detail/message_format_request__struct.h\n'}
[2.987086] (px4_msgs) StdoutLine: {'line': b'-- Up-to-date: /home/rschnurr/SkyClaw-Team1/ros2_ws/install/px4_msgs/include/px4_msgs/px4_msgs/msg/detail/follow_target__functions.h\n'}
[2.987525] (px4_msgs) StdoutLine: {'line': b'-- Up-to-date: /home/rschnurr/SkyClaw-Team1/ros2_ws/install/px4_msgs/include/px4_msgs/px4_msgs/msg/detail/hover_thrust_estimate__functions.h\n'}
[2.987957] (px4_msgs) StdoutLine: {'line': b'-- Up-to-date: /home/rschnurr/SkyClaw-Team1/ros2_ws/install/px4_msgs/include/px4_msgs/px4_msgs/msg/detail/gps_inject_data__functions.c\n'}
[2.988317] (px4_msgs) StdoutLine: {'line': b'-- Up-to-date: /home/rschnurr/SkyClaw-Team1/ros2_ws/install/px4_msgs/include/px4_msgs/px4_msgs/msg/detail/lateral_control_configuration__functions.c\n'}
[2.989530] (px4_msgs) StdoutLine: {'line': b'-- Up-to-date: /home/rschnurr/SkyClaw-Team1/ros2_ws/install/px4_msgs/include/px4_msgs/px4_msgs/msg/detail/can_interface_status__functions.h\n'}
[2.989914] (px4_msgs) StdoutLine: {'line': b'-- Up-to-date: /home/rschnurr/SkyClaw-Team1/ros2_ws/install/px4_msgs/include/px4_msgs/px4_msgs/msg/detail/control_allocator_status__functions.c\n'}
[2.990322] (px4_msgs) StdoutLine: {'line': b'-- Up-to-date: /home/rschnurr/SkyClaw-Team1/ros2_ws/install/px4_msgs/include/px4_msgs/px4_msgs/msg/detail/system_power__struct.h\n'}
[2.991014] (px4_msgs) StdoutLine: {'line': b'-- Up-to-date: /home/rschnurr/SkyClaw-Team1/ros2_ws/install/px4_msgs/include/px4_msgs/px4_msgs/msg/detail/log_message__functions.c\n'}
[2.991513] (px4_msgs) StdoutLine: {'line': b'-- Up-to-date: /home/rschnurr/SkyClaw-Team1/ros2_ws/install/px4_msgs/include/px4_msgs/px4_msgs/msg/detail/mode_completed__type_support.h\n'}
[2.991832] (px4_msgs) StdoutLine: {'line': b'-- Up-to-date: /home/rschnurr/SkyClaw-Team1/ros2_ws/install/px4_msgs/include/px4_msgs/px4_msgs/msg/detail/satellite_info__type_support.h\n'}
[2.992164] (px4_msgs) StdoutLine: {'line': b'-- Up-to-date: /home/rschnurr/SkyClaw-Team1/ros2_ws/install/px4_msgs/include/px4_msgs/px4_msgs/msg/detail/estimator_bias__functions.c\n'}
[2.992378] (px4_msgs) StdoutLine: {'line': b'-- Up-to-date: /home/rschnurr/SkyClaw-Team1/ros2_ws/install/px4_msgs/include/px4_msgs/px4_msgs/msg/detail/gpio_out__struct.h\n'}
[2.993120] (px4_msgs) StdoutLine: {'line': b'-- Up-to-date: /home/rschnurr/SkyClaw-Team1/ros2_ws/install/px4_msgs/include/px4_msgs/px4_msgs/msg/detail/actuator_servos__type_support.h\n'}
[2.993599] (px4_msgs) StdoutLine: {'line': b'-- Up-to-date: /home/rschnurr/SkyClaw-Team1/ros2_ws/install/px4_msgs/include/px4_msgs/px4_msgs/msg/detail/tiltrotor_extra_controls__functions.h\n'}
[2.994026] (px4_msgs) StdoutLine: {'line': b'-- Up-to-date: /home/rschnurr/SkyClaw-Team1/ros2_ws/install/px4_msgs/include/px4_msgs/px4_msgs/msg/detail/orb_test_medium__type_support.h\n'}
[2.994919] (px4_msgs) StdoutLine: {'line': b'-- Up-to-date: /home/rschnurr/SkyClaw-Team1/ros2_ws/install/px4_msgs/include/px4_msgs/px4_msgs/msg/detail/battery_info__functions.c\n'}
[2.995367] (px4_msgs) StdoutLine: {'line': b'-- Up-to-date: /home/rschnurr/SkyClaw-Team1/ros2_ws/install/px4_msgs/include/px4_msgs/px4_msgs/msg/detail/manual_control_setpoint__struct.h\n'}
[2.995955] (px4_msgs) StdoutLine: {'line': b'-- Up-to-date: /home/rschnurr/SkyClaw-Team1/ros2_ws/install/px4_msgs/include/px4_msgs/px4_msgs/msg/detail/mag_worker_data__type_support.h\n'}
[2.996564] (px4_msgs) StdoutLine: {'line': b'-- Up-to-date: /home/rschnurr/SkyClaw-Team1/ros2_ws/install/px4_msgs/include/px4_msgs/px4_msgs/msg/detail/distance_sensor_mode_change_request__functions.h\n'}
[2.996967] (px4_msgs) StdoutLine: {'line': b'-- Up-to-date: /home/rschnurr/SkyClaw-Team1/ros2_ws/install/px4_msgs/include/px4_msgs/px4_msgs/msg/detail/yaw_estimator_status__functions.h\n'}
[2.997070] (px4_msgs) StdoutLine: {'line': b'-- Up-to-date: /home/rschnurr/SkyClaw-Team1/ros2_ws/install/px4_msgs/include/px4_msgs/px4_msgs/msg/detail/debug_value__functions.c\n'}
[2.997132] (px4_msgs) StdoutLine: {'line': b'-- Up-to-date: /home/rschnurr/SkyClaw-Team1/ros2_ws/install/px4_msgs/include/px4_msgs/px4_msgs/msg/detail/actuator_outputs__functions.c\n'}
[2.997663] (px4_msgs) StdoutLine: {'line': b'-- Up-to-date: /home/rschnurr/SkyClaw-Team1/ros2_ws/install/px4_msgs/include/px4_msgs/px4_msgs/msg/detail/health_report__type_support.h\n'}
[2.998113] (px4_msgs) StdoutLine: {'line': b'-- Up-to-date: /home/rschnurr/SkyClaw-Team1/ros2_ws/install/px4_msgs/include/px4_msgs/px4_msgs/msg/detail/orb_test__functions.h\n'}
[2.998509] (px4_msgs) StdoutLine: {'line': b'-- Up-to-date: /home/rschnurr/SkyClaw-Team1/ros2_ws/install/px4_msgs/include/px4_msgs/px4_msgs/msg/detail/vtol_vehicle_status__functions.c\n'}
[2.999609] (px4_msgs) StdoutLine: {'line': b'-- Up-to-date: /home/rschnurr/SkyClaw-Team1/ros2_ws/install/px4_msgs/include/px4_msgs/px4_msgs/msg/detail/open_drone_id_self_id__functions.c\n'}
[2.999973] (px4_msgs) StdoutLine: {'line': b'-- Up-to-date: /home/rschnurr/SkyClaw-Team1/ros2_ws/install/px4_msgs/include/px4_msgs/px4_msgs/msg/detail/power_monitor__type_support.h\n'}
[3.000988] (px4_msgs) StdoutLine: {'line': b'-- Up-to-date: /home/rschnurr/SkyClaw-Team1/ros2_ws/install/px4_msgs/include/px4_msgs/px4_msgs/msg/detail/debug_value__type_support.h\n'}
[3.001569] (px4_msgs) StdoutLine: {'line': b'-- Up-to-date: /home/rschnurr/SkyClaw-Team1/ros2_ws/install/px4_msgs/include/px4_msgs/px4_msgs/msg/detail/rover_speed_setpoint__struct.h\n'}
[3.001900] (px4_msgs) StdoutLine: {'line': b'-- Up-to-date: /home/rschnurr/SkyClaw-Team1/ros2_ws/install/px4_msgs/include/px4_msgs/px4_msgs/msg/detail/estimator_status_flags__type_support.h\n'}
[3.002271] (px4_msgs) StdoutLine: {'line': b'-- Up-to-date: /home/rschnurr/SkyClaw-Team1/ros2_ws/install/px4_msgs/include/px4_msgs/px4_msgs/msg/detail/parameter_set_used_request__type_support.h\n'}
[3.002484] (px4_msgs) StdoutLine: {'line': b'-- Up-to-date: /home/rschnurr/SkyClaw-Team1/ros2_ws/install/px4_msgs/include/px4_msgs/px4_msgs/msg/detail/geofence_status__functions.c\n'}
[3.003350] (px4_msgs) StdoutLine: {'line': b'-- Up-to-date: /home/rschnurr/SkyClaw-Team1/ros2_ws/install/px4_msgs/include/px4_msgs/px4_msgs/msg/detail/rover_steering_setpoint__functions.h\n'}
[3.003752] (px4_msgs) StdoutLine: {'line': b'-- Up-to-date: /home/rschnurr/SkyClaw-Team1/ros2_ws/install/px4_msgs/include/px4_msgs/px4_msgs/msg/detail/irlock_report__struct.h\n'}
[3.004056] (px4_msgs) StdoutLine: {'line': b'-- Up-to-date: /home/rschnurr/SkyClaw-Team1/ros2_ws/install/px4_msgs/include/px4_msgs/px4_msgs/msg/detail/trajectory_setpoint__functions.h\n'}
[3.005258] (px4_msgs) StdoutLine: {'line': b'-- Up-to-date: /home/rschnurr/SkyClaw-Team1/ros2_ws/install/px4_msgs/include/px4_msgs/px4_msgs/msg/detail/failsafe_flags__struct.h\n'}
[3.006267] (px4_msgs) StdoutLine: {'line': b'-- Up-to-date: /home/rschnurr/SkyClaw-Team1/ros2_ws/install/px4_msgs/include/px4_msgs/px4_msgs/msg/detail/sensor_combined__struct.h\n'}
[3.006603] (px4_msgs) StdoutLine: {'line': b'-- Up-to-date: /home/rschnurr/SkyClaw-Team1/ros2_ws/install/px4_msgs/include/px4_msgs/px4_msgs/msg/detail/gimbal_controls__functions.h\n'}
[3.006968] (px4_msgs) StdoutLine: {'line': b'-- Up-to-date: /home/rschnurr/SkyClaw-Team1/ros2_ws/install/px4_msgs/include/px4_msgs/px4_msgs/msg/detail/mission_result__type_support.h\n'}
[3.007337] (px4_msgs) StdoutLine: {'line': b'-- Up-to-date: /home/rschnurr/SkyClaw-Team1/ros2_ws/install/px4_msgs/include/px4_msgs/px4_msgs/msg/detail/parameter_set_value_response__type_support.h\n'}
[3.007749] (px4_msgs) StdoutLine: {'line': b'-- Up-to-date: /home/rschnurr/SkyClaw-Team1/ros2_ws/install/px4_msgs/include/px4_msgs/px4_msgs/msg/detail/neural_control__struct.h\n'}
[3.008078] (px4_msgs) StdoutLine: {'line': b'-- Up-to-date: /home/rschnurr/SkyClaw-Team1/ros2_ws/install/px4_msgs/include/px4_msgs/px4_msgs/msg/detail/debug_key_value__struct.h\n'}
[3.009905] (px4_msgs) StdoutLine: {'line': b'-- Up-to-date: /home/rschnurr/SkyClaw-Team1/ros2_ws/install/px4_msgs/include/px4_msgs/px4_msgs/msg/detail/vehicle_command_ack__type_support.h\n'}
[3.010723] (px4_msgs) StdoutLine: {'line': b'-- Up-to-date: /home/rschnurr/SkyClaw-Team1/ros2_ws/install/px4_msgs/include/px4_msgs/px4_msgs/msg/detail/orb_test_medium__functions.h\n'}
[3.011204] (px4_msgs) StdoutLine: {'line': b'-- Up-to-date: /home/rschnurr/SkyClaw-Team1/ros2_ws/install/px4_msgs/include/px4_msgs/px4_msgs/msg/detail/arming_check_reply__functions.h\n'}
[3.011717] (px4_msgs) StdoutLine: {'line': b'-- Up-to-date: /home/rschnurr/SkyClaw-Team1/ros2_ws/install/px4_msgs/include/px4_msgs/px4_msgs/msg/detail/esc_status__struct.h\n'}
[3.012450] (px4_msgs) StdoutLine: {'line': b'-- Up-to-date: /home/rschnurr/SkyClaw-Team1/ros2_ws/install/px4_msgs/include/px4_msgs/px4_msgs/msg/detail/sensors_status_imu__functions.c\n'}
[3.013108] (px4_msgs) StdoutLine: {'line': b'-- Up-to-date: /home/rschnurr/SkyClaw-Team1/ros2_ws/install/px4_msgs/include/px4_msgs/px4_msgs/msg/detail/manual_control_switches__functions.h\n'}
[3.013463] (px4_msgs) StdoutLine: {'line': b'-- Up-to-date: /home/rschnurr/SkyClaw-Team1/ros2_ws/install/px4_msgs/include/px4_msgs/px4_msgs/msg/detail/onboard_computer_status__functions.h\n'}
[3.013875] (px4_msgs) StdoutLine: {'line': b'-- Up-to-date: /home/rschnurr/SkyClaw-Team1/ros2_ws/install/px4_msgs/include/px4_msgs/px4_msgs/msg/detail/navigator_status__struct.h\n'}
[3.014187] (px4_msgs) StdoutLine: {'line': b'-- Up-to-date: /home/rschnurr/SkyClaw-Team1/ros2_ws/install/px4_msgs/include/px4_msgs/px4_msgs/msg/detail/estimator_bias3d__struct.h\n'}
[3.014769] (px4_msgs) StdoutLine: {'line': b'-- Up-to-date: /home/rschnurr/SkyClaw-Team1/ros2_ws/install/px4_msgs/include/px4_msgs/px4_msgs/msg/detail/orb_test_large__functions.h\n'}
[3.015176] (px4_msgs) StdoutLine: {'line': b'-- Up-to-date: /home/rschnurr/SkyClaw-Team1/ros2_ws/install/px4_msgs/include/px4_msgs/px4_msgs/msg/detail/sensor_baro__type_support.h\n'}
[3.015684] (px4_msgs) StdoutLine: {'line': b'-- Up-to-date: /home/rschnurr/SkyClaw-Team1/ros2_ws/install/px4_msgs/include/px4_msgs/px4_msgs/msg/detail/fuel_tank_status__functions.h\n'}
[3.015961] (px4_msgs) StdoutLine: {'line': b'-- Up-to-date: /home/rschnurr/SkyClaw-Team1/ros2_ws/install/px4_msgs/include/px4_msgs/px4_msgs/msg/detail/airspeed_wind__functions.c\n'}
[3.016470] (px4_msgs) StdoutLine: {'line': b'-- Up-to-date: /home/rschnurr/SkyClaw-Team1/ros2_ws/install/px4_msgs/include/px4_msgs/px4_msgs/msg/detail/pps_capture__functions.c\n'}
[3.016806] (px4_msgs) StdoutLine: {'line': b'-- Up-to-date: /home/rschnurr/SkyClaw-Team1/ros2_ws/install/px4_msgs/include/px4_msgs/px4_msgs/msg/detail/rc_parameter_map__functions.c\n'}
[3.017388] (px4_msgs) StdoutLine: {'line': b'-- Up-to-date: /home/rschnurr/SkyClaw-Team1/ros2_ws/install/px4_msgs/include/px4_msgs/px4_msgs/msg/detail/airspeed_wind__struct.h\n'}
[3.017590] (px4_msgs) StdoutLine: {'line': b'-- Up-to-date: /home/rschnurr/SkyClaw-Team1/ros2_ws/install/px4_msgs/include/px4_msgs/px4_msgs/msg/detail/sensors_status__type_support.h\n'}
[3.017856] (px4_msgs) StdoutLine: {'line': b'-- Up-to-date: /home/rschnurr/SkyClaw-Team1/ros2_ws/install/px4_msgs/include/px4_msgs/px4_msgs/msg/detail/vehicle_thrust_setpoint__struct.h\n'}
[3.018425] (px4_msgs) StdoutLine: {'line': b'-- Up-to-date: /home/rschnurr/SkyClaw-Team1/ros2_ws/install/px4_msgs/include/px4_msgs/px4_msgs/msg/detail/gps_dump__type_support.h\n'}
[3.018863] (px4_msgs) StdoutLine: {'line': b'-- Up-to-date: /home/rschnurr/SkyClaw-Team1/ros2_ws/install/px4_msgs/include/px4_msgs/px4_msgs/msg/detail/internal_combustion_engine_status__functions.c\n'}
[3.019432] (px4_msgs) StdoutLine: {'line': b'-- Up-to-date: /home/rschnurr/SkyClaw-Team1/ros2_ws/install/px4_msgs/include/px4_msgs/px4_msgs/msg/detail/wheel_encoders__functions.h\n'}
[3.019803] (px4_msgs) StdoutLine: {'line': b'-- Up-to-date: /home/rschnurr/SkyClaw-Team1/ros2_ws/install/px4_msgs/include/px4_msgs/px4_msgs/msg/detail/vehicle_magnetometer__struct.h\n'}
[3.020101] (px4_msgs) StdoutLine: {'line': b'-- Up-to-date: /home/rschnurr/SkyClaw-Team1/ros2_ws/install/px4_msgs/include/px4_msgs/px4_msgs/msg/detail/home_position__struct.h\n'}
[3.020649] (px4_msgs) StdoutLine: {'line': b'-- Up-to-date: /home/rschnurr/SkyClaw-Team1/ros2_ws/install/px4_msgs/include/px4_msgs/px4_msgs/msg/detail/dataman_response__functions.h\n'}
[3.021638] (px4_msgs) StdoutLine: {'line': b'-- Up-to-date: /home/rschnurr/SkyClaw-Team1/ros2_ws/install/px4_msgs/include/px4_msgs/px4_msgs/msg/detail/vtol_vehicle_status__struct.h\n'}
[3.022039] (px4_msgs) StdoutLine: {'line': b'-- Up-to-date: /home/rschnurr/SkyClaw-Team1/ros2_ws/install/px4_msgs/include/px4_msgs/px4_msgs/msg/detail/geofence_status__type_support.h\n'}
[3.022349] (px4_msgs) StdoutLine: {'line': b'-- Up-to-date: /home/rschnurr/SkyClaw-Team1/ros2_ws/install/px4_msgs/include/px4_msgs/px4_msgs/msg/detail/landing_gear__type_support.h\n'}
[3.022733] (px4_msgs) StdoutLine: {'line': b'-- Up-to-date: /home/rschnurr/SkyClaw-Team1/ros2_ws/install/px4_msgs/include/px4_msgs/px4_msgs/msg/detail/qshell_retval__struct.h\n'}
[3.023170] (px4_msgs) StdoutLine: {'line': b'-- Up-to-date: /home/rschnurr/SkyClaw-Team1/ros2_ws/install/px4_msgs/include/px4_msgs/px4_msgs/msg/detail/failsafe_flags__functions.h\n'}
[3.023527] (px4_msgs) StdoutLine: {'line': b'-- Up-to-date: /home/rschnurr/SkyClaw-Team1/ros2_ws/install/px4_msgs/include/px4_msgs/px4_msgs/msg/detail/hover_thrust_estimate__struct.h\n'}
[3.023844] (px4_msgs) StdoutLine: {'line': b'-- Up-to-date: /home/rschnurr/SkyClaw-Team1/ros2_ws/install/px4_msgs/include/px4_msgs/px4_msgs/msg/detail/actuator_armed__functions.h\n'}
[3.024319] (px4_msgs) StdoutLine: {'line': b'-- Up-to-date: /home/rschnurr/SkyClaw-Team1/ros2_ws/install/px4_msgs/include/px4_msgs/px4_msgs/msg/detail/rover_throttle_setpoint__functions.c\n'}
[3.025107] (px4_msgs) StdoutLine: {'line': b'-- Up-to-date: /home/rschnurr/SkyClaw-Team1/ros2_ws/install/px4_msgs/include/px4_msgs/px4_msgs/msg/detail/normalized_unsigned_setpoint__functions.c\n'}
[3.025601] (px4_msgs) StdoutLine: {'line': b'-- Up-to-date: /home/rschnurr/SkyClaw-Team1/ros2_ws/install/px4_msgs/include/px4_msgs/px4_msgs/msg/detail/distance_sensor__type_support.h\n'}
[3.026051] (px4_msgs) StdoutLine: {'line': b'-- Up-to-date: /home/rschnurr/SkyClaw-Team1/ros2_ws/install/px4_msgs/include/px4_msgs/px4_msgs/msg/detail/estimator_aid_source1d__struct.h\n'}
[3.026417] (px4_msgs) StdoutLine: {'line': b'-- Up-to-date: /home/rschnurr/SkyClaw-Team1/ros2_ws/install/px4_msgs/include/px4_msgs/px4_msgs/msg/detail/generator_status__type_support.h\n'}
[3.026796] (px4_msgs) StdoutLine: {'line': b'-- Up-to-date: /home/rschnurr/SkyClaw-Team1/ros2_ws/install/px4_msgs/include/px4_msgs/px4_msgs/msg/detail/led_control__type_support.h\n'}
[3.027595] (px4_msgs) StdoutLine: {'line': b'-- Up-to-date: /home/rschnurr/SkyClaw-Team1/ros2_ws/install/px4_msgs/include/px4_msgs/px4_msgs/msg/detail/actuator_controls_status__type_support.h\n'}
[3.028215] (px4_msgs) StdoutLine: {'line': b'-- Up-to-date: /home/rschnurr/SkyClaw-Team1/ros2_ws/install/px4_msgs/include/px4_msgs/px4_msgs/msg/detail/arming_check_reply__struct.h\n'}
[3.028524] (px4_msgs) StdoutLine: {'line': b'-- Up-to-date: /home/rschnurr/SkyClaw-Team1/ros2_ws/install/px4_msgs/include/px4_msgs/px4_msgs/msg/detail/button_event__functions.h\n'}
[3.029002] (px4_msgs) StdoutLine: {'line': b'-- Up-to-date: /home/rschnurr/SkyClaw-Team1/ros2_ws/install/px4_msgs/include/px4_msgs/px4_msgs/msg/detail/telemetry_status__functions.c\n'}
[3.029140] (px4_msgs) StdoutLine: {'line': b'-- Up-to-date: /home/rschnurr/SkyClaw-Team1/ros2_ws/install/px4_msgs/include/px4_msgs/px4_msgs/msg/detail/sensor_baro__functions.h\n'}
[3.029236] (px4_msgs) StdoutLine: {'line': b'-- Up-to-date: /home/rschnurr/SkyClaw-Team1/ros2_ws/install/px4_msgs/include/px4_msgs/px4_msgs/msg/detail/rover_attitude_setpoint__type_support.h\n'}
[3.030635] (px4_msgs) StdoutLine: {'line': b'-- Up-to-date: /home/rschnurr/SkyClaw-Team1/ros2_ws/install/px4_msgs/include/px4_msgs/px4_msgs/msg/detail/landing_target_pose__functions.h\n'}
[3.031451] (px4_msgs) StdoutLine: {'line': b'-- Up-to-date: /home/rschnurr/SkyClaw-Team1/ros2_ws/install/px4_msgs/include/px4_msgs/px4_msgs/msg/detail/config_overrides__type_support.h\n'}
[3.032098] (px4_msgs) StdoutLine: {'line': b'-- Up-to-date: /home/rschnurr/SkyClaw-Team1/ros2_ws/install/px4_msgs/include/px4_msgs/px4_msgs/msg/detail/sensor_mag__functions.c\n'}
[3.032711] (px4_msgs) StdoutLine: {'line': b'-- Up-to-date: /home/rschnurr/SkyClaw-Team1/ros2_ws/install/px4_msgs/include/px4_msgs/px4_msgs/msg/detail/uavcan_parameter_request__functions.c\n'}
[3.033284] (px4_msgs) StdoutLine: {'line': b'-- Up-to-date: /home/rschnurr/SkyClaw-Team1/ros2_ws/install/px4_msgs/include/px4_msgs/px4_msgs/msg/detail/landing_gear_wheel__type_support.h\n'}
[3.033789] (px4_msgs) StdoutLine: {'line': b'-- Up-to-date: /home/rschnurr/SkyClaw-Team1/ros2_ws/install/px4_msgs/include/px4_msgs/px4_msgs/msg/detail/action_request__functions.c\n'}
[3.034624] (px4_msgs) StdoutLine: {'line': b'-- Up-to-date: /home/rschnurr/SkyClaw-Team1/ros2_ws/install/px4_msgs/include/px4_msgs/px4_msgs/msg/detail/vehicle_optical_flow_vel__functions.h\n'}
[3.035127] (px4_msgs) StdoutLine: {'line': b'-- Up-to-date: /home/rschnurr/SkyClaw-Team1/ros2_ws/install/px4_msgs/include/px4_msgs/px4_msgs/msg/detail/mavlink_tunnel__functions.h\n'}
[3.035609] (px4_msgs) StdoutLine: {'line': b'-- Up-to-date: /home/rschnurr/SkyClaw-Team1/ros2_ws/install/px4_msgs/include/px4_msgs/px4_msgs/msg/detail/timesync_status__functions.c\n'}
[3.036479] (px4_msgs) StdoutLine: {'line': b'-- Up-to-date: /home/rschnurr/SkyClaw-Team1/ros2_ws/install/px4_msgs/include/px4_msgs/px4_msgs/msg/detail/qshell_req__struct.h\n'}
[3.036922] (px4_msgs) StdoutLine: {'line': b'-- Up-to-date: /home/rschnurr/SkyClaw-Team1/ros2_ws/install/px4_msgs/include/px4_msgs/px4_msgs/msg/detail/open_drone_id_self_id__type_support.h\n'}
[3.037071] (px4_msgs) StdoutLine: {'line': b'-- Up-to-date: /home/rschnurr/SkyClaw-Team1/ros2_ws/install/px4_msgs/include/px4_msgs/px4_msgs/msg/detail/vehicle_odometry__struct.h\n'}
[3.037206] (px4_msgs) StdoutLine: {'line': b'-- Up-to-date: /home/rschnurr/SkyClaw-Team1/ros2_ws/install/px4_msgs/include/px4_msgs/px4_msgs/msg/detail/estimator_aid_source1d__functions.c\n'}
[3.037314] (px4_msgs) StdoutLine: {'line': b'-- Up-to-date: /home/rschnurr/SkyClaw-Team1/ros2_ws/install/px4_msgs/include/px4_msgs/px4_msgs/msg/detail/uavcan_parameter_value__functions.h\n'}
[3.037391] (px4_msgs) StdoutLine: {'line': b'-- Up-to-date: /home/rschnurr/SkyClaw-Team1/ros2_ws/install/px4_msgs/include/px4_msgs/px4_msgs/msg/detail/gpio_request__struct.h\n'}
[3.037461] (px4_msgs) StdoutLine: {'line': b'-- Up-to-date: /home/rschnurr/SkyClaw-Team1/ros2_ws/install/px4_msgs/include/px4_msgs/px4_msgs/msg/detail/tune_control__functions.h\n'}
[3.037526] (px4_msgs) StdoutLine: {'line': b'-- Up-to-date: /home/rschnurr/SkyClaw-Team1/ros2_ws/install/px4_msgs/include/px4_msgs/px4_msgs/msg/detail/vehicle_angular_velocity__functions.h\n'}
[3.037607] (px4_msgs) StdoutLine: {'line': b'-- Up-to-date: /home/rschnurr/SkyClaw-Team1/ros2_ws/install/px4_msgs/include/px4_msgs/px4_msgs/msg/detail/open_drone_id_arm_status__type_support.h\n'}
[3.037675] (px4_msgs) StdoutLine: {'line': b'-- Up-to-date: /home/rschnurr/SkyClaw-Team1/ros2_ws/install/px4_msgs/include/px4_msgs/px4_msgs/msg/detail/gimbal_manager_set_attitude__struct.h\n'}
[3.037737] (px4_msgs) StdoutLine: {'line': b'-- Up-to-date: /home/rschnurr/SkyClaw-Team1/ros2_ws/install/px4_msgs/include/px4_msgs/px4_msgs/msg/detail/pure_pursuit_status__type_support.h\n'}
[3.037798] (px4_msgs) StdoutLine: {'line': b'-- Up-to-date: /home/rschnurr/SkyClaw-Team1/ros2_ws/install/px4_msgs/include/px4_msgs/px4_msgs/msg/detail/gimbal_device_information__functions.c\n'}
[3.037882] (px4_msgs) StdoutLine: {'line': b'-- Up-to-date: /home/rschnurr/SkyClaw-Team1/ros2_ws/install/px4_msgs/include/px4_msgs/px4_msgs/msg/detail/estimator_sensor_bias__functions.c\n'}
[3.038081] (px4_msgs) StdoutLine: {'line': b'-- Up-to-date: /home/rschnurr/SkyClaw-Team1/ros2_ws/install/px4_msgs/include/px4_msgs/px4_msgs/msg/detail/unregister_ext_component__type_support.h\n'}
[3.038249] (px4_msgs) StdoutLine: {'line': b'-- Up-to-date: /home/rschnurr/SkyClaw-Team1/ros2_ws/install/px4_msgs/include/px4_msgs/px4_msgs/msg/detail/vehicle_optical_flow_vel__type_support.h\n'}
[3.038390] (px4_msgs) StdoutLine: {'line': b'-- Up-to-date: /home/rschnurr/SkyClaw-Team1/ros2_ws/install/px4_msgs/include/px4_msgs/px4_msgs/msg/detail/vehicle_air_data__type_support.h\n'}
[3.038624] (px4_msgs) StdoutLine: {'line': b'-- Up-to-date: /home/rschnurr/SkyClaw-Team1/ros2_ws/install/px4_msgs/include/px4_msgs/px4_msgs/msg/detail/airspeed_wind__type_support.h\n'}
[3.038841] (px4_msgs) StdoutLine: {'line': b'-- Up-to-date: /home/rschnurr/SkyClaw-Team1/ros2_ws/install/px4_msgs/include/px4_msgs/px4_msgs/msg/detail/sensor_uwb__functions.c\n'}
[3.039043] (px4_msgs) StdoutLine: {'line': b'-- Up-to-date: /home/rschnurr/SkyClaw-Team1/ros2_ws/install/px4_msgs/include/px4_msgs/px4_msgs/msg/detail/gimbal_device_set_attitude__functions.c\n'}
[3.039253] (px4_msgs) StdoutLine: {'line': b'-- Up-to-date: /home/rschnurr/SkyClaw-Team1/ros2_ws/install/px4_msgs/include/px4_msgs/px4_msgs/msg/detail/can_interface_status__type_support.h\n'}
[3.039480] (px4_msgs) StdoutLine: {'line': b'-- Up-to-date: /home/rschnurr/SkyClaw-Team1/ros2_ws/install/px4_msgs/include/px4_msgs/px4_msgs/msg/detail/mission_result__functions.h\n'}
[3.039698] (px4_msgs) StdoutLine: {'line': b'-- Up-to-date: /home/rschnurr/SkyClaw-Team1/ros2_ws/install/px4_msgs/include/px4_msgs/px4_msgs/msg/detail/distance_sensor__functions.h\n'}
[3.040084] (px4_msgs) StdoutLine: {'line': b'-- Up-to-date: /home/rschnurr/SkyClaw-Team1/ros2_ws/install/px4_msgs/include/px4_msgs/px4_msgs/msg/detail/sensor_gyro_fft__functions.h\n'}
[3.040182] (px4_msgs) StdoutLine: {'line': b'-- Up-to-date: /home/rschnurr/SkyClaw-Team1/ros2_ws/install/px4_msgs/include/px4_msgs/px4_msgs/msg/detail/cpuload__type_support.h\n'}
[3.040256] (px4_msgs) StdoutLine: {'line': b'-- Up-to-date: /home/rschnurr/SkyClaw-Team1/ros2_ws/install/px4_msgs/include/px4_msgs/px4_msgs/msg/detail/irlock_report__functions.h\n'}
[3.040497] (px4_msgs) StdoutLine: {'line': b'-- Up-to-date: /home/rschnurr/SkyClaw-Team1/ros2_ws/install/px4_msgs/include/px4_msgs/px4_msgs/msg/detail/vehicle_angular_velocity__type_support.h\n'}
[3.040607] (px4_msgs) StdoutLine: {'line': b'-- Up-to-date: /home/rschnurr/SkyClaw-Team1/ros2_ws/install/px4_msgs/include/px4_msgs/px4_msgs/msg/detail/gimbal_device_attitude_status__functions.h\n'}
[3.040682] (px4_msgs) StdoutLine: {'line': b'-- Up-to-date: /home/rschnurr/SkyClaw-Team1/ros2_ws/install/px4_msgs/include/px4_msgs/px4_msgs/msg/detail/gimbal_manager_set_attitude__functions.c\n'}
[3.042027] (px4_msgs) StdoutLine: {'line': b'-- Up-to-date: /home/rschnurr/SkyClaw-Team1/ros2_ws/install/px4_msgs/include/px4_msgs/px4_msgs/msg/detail/sensor_combined__functions.h\n'}
[3.042360] (px4_msgs) StdoutLine: {'line': b'-- Up-to-date: /home/rschnurr/SkyClaw-Team1/ros2_ws/install/px4_msgs/include/px4_msgs/px4_msgs/msg/detail/estimator_states__functions.c\n'}
[3.043179] (px4_msgs) StdoutLine: {'line': b'-- Up-to-date: /home/rschnurr/SkyClaw-Team1/ros2_ws/install/px4_msgs/include/px4_msgs/px4_msgs/msg/detail/sensor_mag__type_support.h\n'}
[3.043337] (px4_msgs) StdoutLine: {'line': b'-- Up-to-date: /home/rschnurr/SkyClaw-Team1/ros2_ws/install/px4_msgs/include/px4_msgs/px4_msgs/msg/detail/register_ext_component_request__functions.h\n'}
[3.043862] (px4_msgs) StdoutLine: {'line': b'-- Up-to-date: /home/rschnurr/SkyClaw-Team1/ros2_ws/install/px4_msgs/include/px4_msgs/px4_msgs/msg/detail/failure_detector_status__functions.h\n'}
[3.044280] (px4_msgs) StdoutLine: {'line': b'-- Up-to-date: /home/rschnurr/SkyClaw-Team1/ros2_ws/install/px4_msgs/include/px4_msgs/px4_msgs/msg/detail/estimator_selector_status__functions.c\n'}
[3.044815] (px4_msgs) StdoutLine: {'line': b'-- Up-to-date: /home/rschnurr/SkyClaw-Team1/ros2_ws/install/px4_msgs/include/px4_msgs/px4_msgs/msg/detail/vehicle_local_position__struct.h\n'}
[3.045166] (px4_msgs) StdoutLine: {'line': b'-- Up-to-date: /home/rschnurr/SkyClaw-Team1/ros2_ws/install/px4_msgs/include/px4_msgs/px4_msgs/msg/detail/takeoff_status__type_support.h\n'}
[3.045484] (px4_msgs) StdoutLine: {'line': b'-- Up-to-date: /home/rschnurr/SkyClaw-Team1/ros2_ws/install/px4_msgs/include/px4_msgs/px4_msgs/msg/detail/heater_status__functions.h\n'}
[3.045614] (px4_msgs) StdoutLine: {'line': b'-- Up-to-date: /home/rschnurr/SkyClaw-Team1/ros2_ws/install/px4_msgs/include/px4_msgs/px4_msgs/msg/detail/tiltrotor_extra_controls__type_support.h\n'}
[3.045732] (px4_msgs) StdoutLine: {'line': b'-- Up-to-date: /home/rschnurr/SkyClaw-Team1/ros2_ws/install/px4_msgs/include/px4_msgs/px4_msgs/msg/detail/landing_gear__functions.c\n'}
[3.045871] (px4_msgs) StdoutLine: {'line': b'-- Up-to-date: /home/rschnurr/SkyClaw-Team1/ros2_ws/install/px4_msgs/include/px4_msgs/px4_msgs/msg/detail/heater_status__functions.c\n'}
[3.045971] (px4_msgs) StdoutLine: {'line': b'-- Up-to-date: /home/rschnurr/SkyClaw-Team1/ros2_ws/install/px4_msgs/include/px4_msgs/px4_msgs/msg/detail/follow_target_status__functions.c\n'}
[3.046048] (px4_msgs) StdoutLine: {'line': b'-- Up-to-date: /home/rschnurr/SkyClaw-Team1/ros2_ws/install/px4_msgs/include/px4_msgs/px4_msgs/msg/detail/tune_control__functions.c\n'}
[3.046122] (px4_msgs) StdoutLine: {'line': b'-- Up-to-date: /home/rschnurr/SkyClaw-Team1/ros2_ws/install/px4_msgs/include/px4_msgs/px4_msgs/msg/detail/vehicle_optical_flow_vel__functions.c\n'}
[3.046192] (px4_msgs) StdoutLine: {'line': b'-- Up-to-date: /home/rschnurr/SkyClaw-Team1/ros2_ws/install/px4_msgs/include/px4_msgs/px4_msgs/msg/detail/fixed_wing_lateral_guidance_status__functions.h\n'}
[3.046265] (px4_msgs) StdoutLine: {'line': b'-- Up-to-date: /home/rschnurr/SkyClaw-Team1/ros2_ws/install/px4_msgs/include/px4_msgs/px4_msgs/msg/detail/uavcan_parameter_value__functions.c\n'}
[3.046336] (px4_msgs) StdoutLine: {'line': b'-- Up-to-date: /home/rschnurr/SkyClaw-Team1/ros2_ws/install/px4_msgs/include/px4_msgs/px4_msgs/msg/detail/qshell_req__functions.h\n'}
[3.046406] (px4_msgs) StdoutLine: {'line': b'-- Up-to-date: /home/rschnurr/SkyClaw-Team1/ros2_ws/install/px4_msgs/include/px4_msgs/px4_msgs/msg/detail/onboard_computer_status__type_support.h\n'}
[3.048473] (px4_msgs) StdoutLine: {'line': b'-- Up-to-date: /home/rschnurr/SkyClaw-Team1/ros2_ws/install/px4_msgs/include/px4_msgs/px4_msgs/msg/detail/mavlink_log__struct.h\n'}
[3.049504] (px4_msgs) StdoutLine: {'line': b'-- Up-to-date: /home/rschnurr/SkyClaw-Team1/ros2_ws/install/px4_msgs/include/px4_msgs/px4_msgs/msg/detail/pwm_input__struct.h\n'}
[3.050559] (px4_msgs) StdoutLine: {'line': b'-- Up-to-date: /home/rschnurr/SkyClaw-Team1/ros2_ws/install/px4_msgs/include/px4_msgs/px4_msgs/msg/detail/longitudinal_control_configuration__functions.c\n'}
[3.051559] (px4_msgs) StdoutLine: {'line': b'-- Up-to-date: /home/rschnurr/SkyClaw-Team1/ros2_ws/install/px4_msgs/include/px4_msgs/px4_msgs/msg/detail/config_overrides__functions.c\n'}
[3.052181] (px4_msgs) StdoutLine: {'line': b'-- Up-to-date: /home/rschnurr/SkyClaw-Team1/ros2_ws/install/px4_msgs/include/px4_msgs/px4_msgs/msg/detail/sensor_optical_flow__struct.h\n'}
[3.052466] (px4_msgs) StdoutLine: {'line': b'-- Up-to-date: /home/rschnurr/SkyClaw-Team1/ros2_ws/install/px4_msgs/include/px4_msgs/px4_msgs/msg/detail/orb_test_large__struct.h\n'}
[3.052808] (px4_msgs) StdoutLine: {'line': b'-- Up-to-date: /home/rschnurr/SkyClaw-Team1/ros2_ws/install/px4_msgs/include/px4_msgs/px4_msgs/msg/detail/gimbal_manager_status__functions.c\n'}
[3.053265] (px4_msgs) StdoutLine: {'line': b'-- Up-to-date: /home/rschnurr/SkyClaw-Team1/ros2_ws/install/px4_msgs/include/px4_msgs/px4_msgs/msg/detail/ulog_stream_ack__struct.h\n'}
[3.053748] (px4_msgs) StdoutLine: {'line': b'-- Up-to-date: /home/rschnurr/SkyClaw-Team1/ros2_ws/install/px4_msgs/include/px4_msgs/px4_msgs/msg/detail/follow_target_estimator__functions.c\n'}
[3.054138] (px4_msgs) StdoutLine: {'line': b'-- Up-to-date: /home/rschnurr/SkyClaw-Team1/ros2_ws/install/px4_msgs/include/px4_msgs/px4_msgs/msg/detail/fixed_wing_longitudinal_setpoint__struct.h\n'}
[3.054616] (px4_msgs) StdoutLine: {'line': b'-- Up-to-date: /home/rschnurr/SkyClaw-Team1/ros2_ws/install/px4_msgs/include/px4_msgs/px4_msgs/msg/detail/mission__functions.c\n'}
[3.055101] (px4_msgs) StdoutLine: {'line': b'-- Up-to-date: /home/rschnurr/SkyClaw-Team1/ros2_ws/install/px4_msgs/include/px4_msgs/px4_msgs/msg/detail/mission__functions.h\n'}
[3.056384] (px4_msgs) StdoutLine: {'line': b'-- Up-to-date: /home/rschnurr/SkyClaw-Team1/ros2_ws/install/px4_msgs/include/px4_msgs/px4_msgs/msg/detail/offboard_control_mode__functions.h\n'}
[3.056646] (px4_msgs) StdoutLine: {'line': b'-- Up-to-date: /home/rschnurr/SkyClaw-Team1/ros2_ws/install/px4_msgs/include/px4_msgs/px4_msgs/msg/detail/sensor_gnss_relative__type_support.h\n'}
[3.057037] (px4_msgs) StdoutLine: {'line': b'-- Up-to-date: /home/rschnurr/SkyClaw-Team1/ros2_ws/install/px4_msgs/include/px4_msgs/px4_msgs/msg/detail/debug_key_value__functions.c\n'}
[3.057164] (px4_msgs) StdoutLine: {'line': b'-- Up-to-date: /home/rschnurr/SkyClaw-Team1/ros2_ws/install/px4_msgs/include/px4_msgs/px4_msgs/msg/detail/input_rc__functions.h\n'}
[3.057318] (px4_msgs) StdoutLine: {'line': b'-- Up-to-date: /home/rschnurr/SkyClaw-Team1/ros2_ws/install/px4_msgs/include/px4_msgs/px4_msgs/msg/detail/timesync_status__type_support.h\n'}
[3.057649] (px4_msgs) StdoutLine: {'line': b'-- Up-to-date: /home/rschnurr/SkyClaw-Team1/ros2_ws/install/px4_msgs/include/px4_msgs/px4_msgs/msg/detail/rc_channels__functions.h\n'}
[3.057828] (px4_msgs) StdoutLine: {'line': b'-- Up-to-date: /home/rschnurr/SkyClaw-Team1/ros2_ws/install/px4_msgs/include/px4_msgs/px4_msgs/msg/detail/figure_eight_status__struct.h\n'}
[3.058168] (px4_msgs) StdoutLine: {'line': b'-- Up-to-date: /home/rschnurr/SkyClaw-Team1/ros2_ws/install/px4_msgs/include/px4_msgs/px4_msgs/msg/detail/system_power__type_support.h\n'}
[3.058517] (px4_msgs) StdoutLine: {'line': b'-- Up-to-date: /home/rschnurr/SkyClaw-Team1/ros2_ws/install/px4_msgs/include/px4_msgs/px4_msgs/msg/detail/magnetometer_bias_estimate__functions.h\n'}
[3.058748] (px4_msgs) StdoutLine: {'line': b'-- Up-to-date: /home/rschnurr/SkyClaw-Team1/ros2_ws/install/px4_msgs/include/px4_msgs/px4_msgs/msg/detail/health_report__functions.h\n'}
[3.059840] (px4_msgs) StdoutLine: {'line': b'-- Up-to-date: /home/rschnurr/SkyClaw-Team1/ros2_ws/install/px4_msgs/include/px4_msgs/px4_msgs/msg/detail/message_format_request__functions.h\n'}
[3.059998] (px4_msgs) StdoutLine: {'line': b'-- Up-to-date: /home/rschnurr/SkyClaw-Team1/ros2_ws/install/px4_msgs/include/px4_msgs/px4_msgs/msg/detail/estimator_aid_source3d__functions.c\n'}
[3.060087] (px4_msgs) StdoutLine: {'line': b'-- Up-to-date: /home/rschnurr/SkyClaw-Team1/ros2_ws/install/px4_msgs/include/px4_msgs/px4_msgs/msg/detail/camera_status__functions.c\n'}
[3.060158] (px4_msgs) StdoutLine: {'line': b'-- Up-to-date: /home/rschnurr/SkyClaw-Team1/ros2_ws/install/px4_msgs/include/px4_msgs/px4_msgs/msg/detail/sensor_gps__struct.h\n'}
[3.060225] (px4_msgs) StdoutLine: {'line': b'-- Up-to-date: /home/rschnurr/SkyClaw-Team1/ros2_ws/install/px4_msgs/include/px4_msgs/px4_msgs/msg/detail/rpm__functions.c\n'}
[3.060550] (px4_msgs) StdoutLine: {'line': b'-- Up-to-date: /home/rschnurr/SkyClaw-Team1/ros2_ws/install/px4_msgs/include/px4_msgs/px4_msgs/msg/detail/gimbal_manager_information__functions.c\n'}
[3.060680] (px4_msgs) StdoutLine: {'line': b'-- Up-to-date: /home/rschnurr/SkyClaw-Team1/ros2_ws/install/px4_msgs/include/px4_msgs/px4_msgs/msg/detail/iridiumsbd_status__functions.c\n'}
[3.060771] (px4_msgs) StdoutLine: {'line': b'-- Up-to-date: /home/rschnurr/SkyClaw-Team1/ros2_ws/install/px4_msgs/include/px4_msgs/px4_msgs/msg/detail/gpio_config__functions.h\n'}
[3.060854] (px4_msgs) StdoutLine: {'line': b'-- Up-to-date: /home/rschnurr/SkyClaw-Team1/ros2_ws/install/px4_msgs/include/px4_msgs/px4_msgs/msg/detail/rover_speed_setpoint__functions.h\n'}
[3.060929] (px4_msgs) StdoutLine: {'line': b'-- Up-to-date: /home/rschnurr/SkyClaw-Team1/ros2_ws/install/px4_msgs/include/px4_msgs/px4_msgs/msg/detail/vehicle_local_position_setpoint__functions.h\n'}
[3.061478] (px4_msgs) StdoutLine: {'line': b'-- Up-to-date: /home/rschnurr/SkyClaw-Team1/ros2_ws/install/px4_msgs/include/px4_msgs/px4_msgs/msg/detail/fixed_wing_lateral_setpoint__functions.h\n'}
[3.061811] (px4_msgs) StdoutLine: {'line': b'-- Up-to-date: /home/rschnurr/SkyClaw-Team1/ros2_ws/install/px4_msgs/include/px4_msgs/px4_msgs/msg/detail/debug_key_value__functions.h\n'}
[3.063108] (px4_msgs) StdoutLine: {'line': b'-- Up-to-date: /home/rschnurr/SkyClaw-Team1/ros2_ws/install/px4_msgs/include/px4_msgs/px4_msgs/msg/detail/rover_attitude_status__type_support.h\n'}
[3.063538] (-) TimerEvent: {}
[3.063901] (px4_msgs) StdoutLine: {'line': b'-- Up-to-date: /home/rschnurr/SkyClaw-Team1/ros2_ws/install/px4_msgs/include/px4_msgs/px4_msgs/msg/detail/esc_status__type_support.h\n'}
[3.064082] (px4_msgs) StdoutLine: {'line': b'-- Up-to-date: /home/rschnurr/SkyClaw-Team1/ros2_ws/install/px4_msgs/include/px4_msgs/px4_msgs/msg/detail/dataman_request__functions.h\n'}
[3.064776] (px4_msgs) StdoutLine: {'line': b'-- Up-to-date: /home/rschnurr/SkyClaw-Team1/ros2_ws/install/px4_msgs/include/px4_msgs/px4_msgs/msg/detail/vehicle_rates_setpoint__functions.h\n'}
[3.065250] (px4_msgs) StdoutLine: {'line': b'-- Up-to-date: /home/rschnurr/SkyClaw-Team1/ros2_ws/install/px4_msgs/include/px4_msgs/px4_msgs/msg/detail/rc_parameter_map__struct.h\n'}
[3.065699] (px4_msgs) StdoutLine: {'line': b'-- Up-to-date: /home/rschnurr/SkyClaw-Team1/ros2_ws/install/px4_msgs/include/px4_msgs/px4_msgs/msg/detail/normalized_unsigned_setpoint__functions.h\n'}
[3.066625] (px4_msgs) StdoutLine: {'line': b'-- Up-to-date: /home/rschnurr/SkyClaw-Team1/ros2_ws/install/px4_msgs/include/px4_msgs/px4_msgs/msg/detail/sensor_gyro_fifo__type_support.h\n'}
[3.069040] (px4_msgs) StdoutLine: {'line': b'-- Up-to-date: /home/rschnurr/SkyClaw-Team1/ros2_ws/install/px4_msgs/include/px4_msgs/px4_msgs/msg/detail/sensor_gyro__functions.c\n'}
[3.069516] (px4_msgs) StdoutLine: {'line': b'-- Up-to-date: /home/rschnurr/SkyClaw-Team1/ros2_ws/install/px4_msgs/include/px4_msgs/px4_msgs/msg/detail/telemetry_status__functions.h\n'}
[3.069816] (px4_msgs) StdoutLine: {'line': b'-- Up-to-date: /home/rschnurr/SkyClaw-Team1/ros2_ws/install/px4_msgs/include/px4_msgs/px4_msgs/msg/detail/position_controller_landing_status__functions.c\n'}
[3.069980] (px4_msgs) StdoutLine: {'line': b'-- Up-to-date: /home/rschnurr/SkyClaw-Team1/ros2_ws/install/px4_msgs/include/px4_msgs/px4_msgs/msg/detail/vehicle_optical_flow__functions.h\n'}
[3.070093] (px4_msgs) StdoutLine: {'line': b'-- Up-to-date: /home/rschnurr/SkyClaw-Team1/ros2_ws/install/px4_msgs/include/px4_msgs/px4_msgs/msg/detail/parameter_set_used_request__struct.h\n'}
[3.070332] (px4_msgs) StdoutLine: {'line': b'-- Up-to-date: /home/rschnurr/SkyClaw-Team1/ros2_ws/install/px4_msgs/include/px4_msgs/px4_msgs/msg/detail/navigator_status__functions.h\n'}
[3.070429] (px4_msgs) StdoutLine: {'line': b'-- Up-to-date: /home/rschnurr/SkyClaw-Team1/ros2_ws/install/px4_msgs/include/px4_msgs/px4_msgs/msg/detail/actuator_motors__type_support.h\n'}
[3.070561] (px4_msgs) StdoutLine: {'line': b'-- Up-to-date: /home/rschnurr/SkyClaw-Team1/ros2_ws/install/px4_msgs/include/px4_msgs/px4_msgs/msg/detail/actuator_servos__functions.c\n'}
[3.070661] (px4_msgs) StdoutLine: {'line': b'-- Up-to-date: /home/rschnurr/SkyClaw-Team1/ros2_ws/install/px4_msgs/include/px4_msgs/px4_msgs/msg/detail/vehicle_odometry__type_support.h\n'}
[3.070848] (px4_msgs) StdoutLine: {'line': b'-- Up-to-date: /home/rschnurr/SkyClaw-Team1/ros2_ws/install/px4_msgs/include/px4_msgs/px4_msgs/msg/detail/estimator_aid_source1d__type_support.h\n'}
[3.071024] (px4_msgs) StdoutLine: {'line': b'-- Up-to-date: /home/rschnurr/SkyClaw-Team1/ros2_ws/install/px4_msgs/include/px4_msgs/px4_msgs/msg/detail/ekf2_timestamps__functions.h\n'}
[3.071163] (px4_msgs) StdoutLine: {'line': b'-- Up-to-date: /home/rschnurr/SkyClaw-Team1/ros2_ws/install/px4_msgs/include/px4_msgs/px4_msgs/msg/detail/vehicle_control_mode__struct.h\n'}
[3.071361] (px4_msgs) StdoutLine: {'line': b'-- Up-to-date: /home/rschnurr/SkyClaw-Team1/ros2_ws/install/px4_msgs/include/px4_msgs/px4_msgs/msg/detail/longitudinal_control_configuration__functions.h\n'}
[3.072008] (px4_msgs) StdoutLine: {'line': b'-- Up-to-date: /home/rschnurr/SkyClaw-Team1/ros2_ws/install/px4_msgs/include/px4_msgs/px4_msgs/msg/detail/gripper__struct.h\n'}
[3.072335] (px4_msgs) StdoutLine: {'line': b'-- Up-to-date: /home/rschnurr/SkyClaw-Team1/ros2_ws/install/px4_msgs/include/px4_msgs/px4_msgs/msg/detail/rover_rate_status__struct.h\n'}
[3.072658] (px4_msgs) StdoutLine: {'line': b'-- Up-to-date: /home/rschnurr/SkyClaw-Team1/ros2_ws/install/px4_msgs/include/px4_msgs/px4_msgs/msg/detail/mavlink_log__functions.c\n'}
[3.073102] (px4_msgs) StdoutLine: {'line': b'-- Up-to-date: /home/rschnurr/SkyClaw-Team1/ros2_ws/install/px4_msgs/include/px4_msgs/px4_msgs/msg/detail/gps_inject_data__functions.h\n'}
[3.073264] (px4_msgs) StdoutLine: {'line': b'-- Up-to-date: /home/rschnurr/SkyClaw-Team1/ros2_ws/install/px4_msgs/include/px4_msgs/px4_msgs/msg/detail/rc_parameter_map__functions.h\n'}
[3.073356] (px4_msgs) StdoutLine: {'line': b'-- Up-to-date: /home/rschnurr/SkyClaw-Team1/ros2_ws/install/px4_msgs/include/px4_msgs/px4_msgs/msg/detail/rover_speed_status__type_support.h\n'}
[3.073437] (px4_msgs) StdoutLine: {'line': b'-- Up-to-date: /home/rschnurr/SkyClaw-Team1/ros2_ws/install/px4_msgs/include/px4_msgs/px4_msgs/msg/detail/sensor_mag__functions.h\n'}
[3.073515] (px4_msgs) StdoutLine: {'line': b'-- Up-to-date: /home/rschnurr/SkyClaw-Team1/ros2_ws/install/px4_msgs/include/px4_msgs/px4_msgs/msg/detail/sensor_uwb__functions.h\n'}
[3.073718] (px4_msgs) StdoutLine: {'line': b'-- Up-to-date: /home/rschnurr/SkyClaw-Team1/ros2_ws/install/px4_msgs/include/px4_msgs/px4_msgs/msg/detail/sensor_gnss_status__functions.c\n'}
[3.073915] (px4_msgs) StdoutLine: {'line': b'-- Up-to-date: /home/rschnurr/SkyClaw-Team1/ros2_ws/install/px4_msgs/include/px4_msgs/px4_msgs/msg/detail/mag_worker_data__functions.c\n'}
[3.074045] (px4_msgs) StdoutLine: {'line': b'-- Up-to-date: /home/rschnurr/SkyClaw-Team1/ros2_ws/install/px4_msgs/include/px4_msgs/px4_msgs/msg/detail/adc_report__functions.h\n'}
[3.074270] (px4_msgs) StdoutLine: {'line': b'-- Up-to-date: /home/rschnurr/SkyClaw-Team1/ros2_ws/install/px4_msgs/include/px4_msgs/px4_msgs/msg/detail/sensor_selection__functions.c\n'}
[3.074372] (px4_msgs) StdoutLine: {'line': b'-- Up-to-date: /home/rschnurr/SkyClaw-Team1/ros2_ws/install/px4_msgs/include/px4_msgs/px4_msgs/msg/detail/rtl_time_estimate__functions.c\n'}
[3.074453] (px4_msgs) StdoutLine: {'line': b'-- Up-to-date: /home/rschnurr/SkyClaw-Team1/ros2_ws/install/px4_msgs/include/px4_msgs/px4_msgs/msg/detail/gimbal_manager_set_manual_control__struct.h\n'}
[3.074528] (px4_msgs) StdoutLine: {'line': b'-- Up-to-date: /home/rschnurr/SkyClaw-Team1/ros2_ws/install/px4_msgs/include/px4_msgs/px4_msgs/msg/detail/navigator_mission_item__type_support.h\n'}
[3.074597] (px4_msgs) StdoutLine: {'line': b'-- Up-to-date: /home/rschnurr/SkyClaw-Team1/ros2_ws/install/px4_msgs/include/px4_msgs/px4_msgs/msg/detail/rc_channels__struct.h\n'}
[3.074664] (px4_msgs) StdoutLine: {'line': b'-- Up-to-date: /home/rschnurr/SkyClaw-Team1/ros2_ws/install/px4_msgs/include/px4_msgs/px4_msgs/msg/detail/failsafe_flags__functions.c\n'}
[3.074731] (px4_msgs) StdoutLine: {'line': b'-- Up-to-date: /home/rschnurr/SkyClaw-Team1/ros2_ws/install/px4_msgs/include/px4_msgs/px4_msgs/msg/detail/qshell_req__functions.c\n'}
[3.075326] (px4_msgs) StdoutLine: {'line': b'-- Up-to-date: /home/rschnurr/SkyClaw-Team1/ros2_ws/install/px4_msgs/include/px4_msgs/px4_msgs/msg/detail/rover_position_setpoint__type_support.h\n'}
[3.075498] (px4_msgs) StdoutLine: {'line': b'-- Up-to-date: /home/rschnurr/SkyClaw-Team1/ros2_ws/install/px4_msgs/include/px4_msgs/px4_msgs/msg/detail/cellular_status__functions.h\n'}
[3.075727] (px4_msgs) StdoutLine: {'line': b'-- Up-to-date: /home/rschnurr/SkyClaw-Team1/ros2_ws/install/px4_msgs/include/px4_msgs/px4_msgs/msg/detail/estimator_event_flags__type_support.h\n'}
[3.075973] (px4_msgs) StdoutLine: {'line': b'-- Up-to-date: /home/rschnurr/SkyClaw-Team1/ros2_ws/install/px4_msgs/include/px4_msgs/px4_msgs/msg/detail/position_setpoint__functions.c\n'}
[3.076196] (px4_msgs) StdoutLine: {'line': b'-- Up-to-date: /home/rschnurr/SkyClaw-Team1/ros2_ws/install/px4_msgs/include/px4_msgs/px4_msgs/msg/detail/pps_capture__type_support.h\n'}
[3.076577] (px4_msgs) StdoutLine: {'line': b'-- Up-to-date: /home/rschnurr/SkyClaw-Team1/ros2_ws/install/px4_msgs/include/px4_msgs/px4_msgs/msg/detail/register_ext_component_reply__functions.c\n'}
[3.076751] (px4_msgs) StdoutLine: {'line': b'-- Up-to-date: /home/rschnurr/SkyClaw-Team1/ros2_ws/install/px4_msgs/include/px4_msgs/px4_msgs/msg/detail/can_interface_status__functions.c\n'}
[3.076889] (px4_msgs) StdoutLine: {'line': b'-- Up-to-date: /home/rschnurr/SkyClaw-Team1/ros2_ws/install/px4_msgs/include/px4_msgs/px4_msgs/msg/detail/gpio_config__type_support.h\n'}
[3.077021] (px4_msgs) StdoutLine: {'line': b'-- Up-to-date: /home/rschnurr/SkyClaw-Team1/ros2_ws/install/px4_msgs/include/px4_msgs/px4_msgs/msg/detail/geofence_result__struct.h\n'}
[3.077114] (px4_msgs) StdoutLine: {'line': b'-- Up-to-date: /home/rschnurr/SkyClaw-Team1/ros2_ws/install/px4_msgs/include/px4_msgs/px4_msgs/msg/detail/battery_status__struct.h\n'}
[3.077179] (px4_msgs) StdoutLine: {'line': b'-- Up-to-date: /home/rschnurr/SkyClaw-Team1/ros2_ws/install/px4_msgs/include/px4_msgs/px4_msgs/msg/detail/rc_channels__type_support.h\n'}
[3.077239] (px4_msgs) StdoutLine: {'line': b'-- Up-to-date: /home/rschnurr/SkyClaw-Team1/ros2_ws/install/px4_msgs/include/px4_msgs/px4_msgs/msg/detail/irlock_report__functions.c\n'}
[3.077326] (px4_msgs) StdoutLine: {'line': b'-- Up-to-date: /home/rschnurr/SkyClaw-Team1/ros2_ws/install/px4_msgs/include/px4_msgs/px4_msgs/msg/detail/manual_control_switches__type_support.h\n'}
[3.077656] (px4_msgs) StdoutLine: {'line': b'-- Up-to-date: /home/rschnurr/SkyClaw-Team1/ros2_ws/install/px4_msgs/include/px4_msgs/px4_msgs/msg/detail/unregister_ext_component__functions.c\n'}
[3.077763] (px4_msgs) StdoutLine: {'line': b'-- Up-to-date: /home/rschnurr/SkyClaw-Team1/ros2_ws/install/px4_msgs/include/px4_msgs/px4_msgs/msg/detail/parameter_reset_request__struct.h\n'}
[3.077898] (px4_msgs) StdoutLine: {'line': b'-- Up-to-date: /home/rschnurr/SkyClaw-Team1/ros2_ws/install/px4_msgs/include/px4_msgs/px4_msgs/msg/detail/vehicle_optical_flow__struct.h\n'}
[3.078104] (px4_msgs) StdoutLine: {'line': b'-- Up-to-date: /home/rschnurr/SkyClaw-Team1/ros2_ws/install/px4_msgs/include/px4_msgs/px4_msgs/msg/detail/esc_report__functions.c\n'}
[3.078326] (px4_msgs) StdoutLine: {'line': b'-- Up-to-date: /home/rschnurr/SkyClaw-Team1/ros2_ws/install/px4_msgs/include/px4_msgs/px4_msgs/msg/detail/failure_detector_status__type_support.h\n'}
[3.078546] (px4_msgs) StdoutLine: {'line': b'-- Up-to-date: /home/rschnurr/SkyClaw-Team1/ros2_ws/install/px4_msgs/include/px4_msgs/px4_msgs/msg/detail/estimator_gps_status__functions.c\n'}
[3.079154] (px4_msgs) StdoutLine: {'line': b'-- Up-to-date: /home/rschnurr/SkyClaw-Team1/ros2_ws/install/px4_msgs/include/px4_msgs/px4_msgs/msg/detail/landing_gear_wheel__struct.h\n'}
[3.079285] (px4_msgs) StdoutLine: {'line': b'-- Up-to-date: /home/rschnurr/SkyClaw-Team1/ros2_ws/install/px4_msgs/include/px4_msgs/px4_msgs/msg/detail/task_stack_info__functions.c\n'}
[3.079366] (px4_msgs) StdoutLine: {'line': b'-- Up-to-date: /home/rschnurr/SkyClaw-Team1/ros2_ws/install/px4_msgs/include/px4_msgs/px4_msgs/msg/detail/gpio_config__struct.h\n'}
[3.079438] (px4_msgs) StdoutLine: {'line': b'-- Up-to-date: /home/rschnurr/SkyClaw-Team1/ros2_ws/install/px4_msgs/include/px4_msgs/px4_msgs/msg/detail/mission_result__functions.c\n'}
[3.079510] (px4_msgs) StdoutLine: {'line': b'-- Up-to-date: /home/rschnurr/SkyClaw-Team1/ros2_ws/install/px4_msgs/include/px4_msgs/px4_msgs/msg/detail/vehicle_angular_acceleration_setpoint__type_support.h\n'}
[3.079650] (px4_msgs) StdoutLine: {'line': b'-- Up-to-date: /home/rschnurr/SkyClaw-Team1/ros2_ws/install/px4_msgs/include/px4_msgs/px4_msgs/msg/detail/qshell_retval__type_support.h\n'}
[3.079735] (px4_msgs) StdoutLine: {'line': b'-- Up-to-date: /home/rschnurr/SkyClaw-Team1/ros2_ws/install/px4_msgs/include/px4_msgs/px4_msgs/msg/detail/estimator_sensor_bias__struct.h\n'}
[3.079801] (px4_msgs) StdoutLine: {'line': b'-- Up-to-date: /home/rschnurr/SkyClaw-Team1/ros2_ws/install/px4_msgs/include/px4_msgs/px4_msgs/msg/detail/vehicle_thrust_setpoint__functions.h\n'}
[3.079864] (px4_msgs) StdoutLine: {'line': b'-- Up-to-date: /home/rschnurr/SkyClaw-Team1/ros2_ws/install/px4_msgs/include/px4_msgs/px4_msgs/msg/detail/event__type_support.h\n'}
[3.079961] (px4_msgs) StdoutLine: {'line': b'-- Up-to-date: /home/rschnurr/SkyClaw-Team1/ros2_ws/install/px4_msgs/include/px4_msgs/px4_msgs/msg/detail/sensor_combined__functions.c\n'}
[3.080022] (px4_msgs) StdoutLine: {'line': b'-- Up-to-date: /home/rschnurr/SkyClaw-Team1/ros2_ws/install/px4_msgs/include/px4_msgs/px4_msgs/msg/detail/gimbal_manager_set_manual_control__functions.c\n'}
[3.080092] (px4_msgs) StdoutLine: {'line': b'-- Up-to-date: /home/rschnurr/SkyClaw-Team1/ros2_ws/install/px4_msgs/include/px4_msgs/px4_msgs/msg/detail/health_report__functions.c\n'}
[3.080169] (px4_msgs) StdoutLine: {'line': b'-- Up-to-date: /home/rschnurr/SkyClaw-Team1/ros2_ws/install/px4_msgs/include/px4_msgs/px4_msgs/msg/detail/vehicle_imu_status__type_support.h\n'}
[3.080231] (px4_msgs) StdoutLine: {'line': b'-- Up-to-date: /home/rschnurr/SkyClaw-Team1/ros2_ws/install/px4_msgs/include/px4_msgs/px4_msgs/msg/detail/gps_inject_data__type_support.h\n'}
[3.080443] (px4_msgs) StdoutLine: {'line': b'-- Up-to-date: /home/rschnurr/SkyClaw-Team1/ros2_ws/install/px4_msgs/include/px4_msgs/px4_msgs/msg/detail/neural_control__type_support.h\n'}
[3.083549] (px4_msgs) StdoutLine: {'line': b'-- Up-to-date: /home/rschnurr/SkyClaw-Team1/ros2_ws/install/px4_msgs/include/px4_msgs/px4_msgs/msg/detail/navigator_status__type_support.h\n'}
[3.083680] (px4_msgs) StdoutLine: {'line': b'-- Up-to-date: /home/rschnurr/SkyClaw-Team1/ros2_ws/install/px4_msgs/include/px4_msgs/px4_msgs/msg/detail/gimbal_device_information__functions.h\n'}
[3.083772] (px4_msgs) StdoutLine: {'line': b'-- Up-to-date: /home/rschnurr/SkyClaw-Team1/ros2_ws/install/px4_msgs/include/px4_msgs/px4_msgs/msg/detail/estimator_bias__struct.h\n'}
[3.083918] (px4_msgs) StdoutLine: {'line': b'-- Up-to-date: /home/rschnurr/SkyClaw-Team1/ros2_ws/install/px4_msgs/include/px4_msgs/px4_msgs/msg/detail/sensor_gnss_status__functions.h\n'}
[3.084017] (px4_msgs) StdoutLine: {'line': b'-- Up-to-date: /home/rschnurr/SkyClaw-Team1/ros2_ws/install/px4_msgs/include/px4_msgs/px4_msgs/msg/detail/vehicle_local_position__functions.c\n'}
[3.084243] (px4_msgs) StdoutLine: {'line': b'-- Up-to-date: /home/rschnurr/SkyClaw-Team1/ros2_ws/install/px4_msgs/include/px4_msgs/px4_msgs/msg/detail/estimator_bias3d__type_support.h\n'}
[3.084491] (px4_msgs) StdoutLine: {'line': b'-- Up-to-date: /home/rschnurr/SkyClaw-Team1/ros2_ws/install/px4_msgs/include/px4_msgs/px4_msgs/msg/detail/control_allocator_status__struct.h\n'}
[3.084616] (px4_msgs) StdoutLine: {'line': b'-- Up-to-date: /home/rschnurr/SkyClaw-Team1/ros2_ws/install/px4_msgs/include/px4_msgs/px4_msgs/msg/detail/message_format_response__type_support.h\n'}
[3.084698] (px4_msgs) StdoutLine: {'line': b'-- Up-to-date: /home/rschnurr/SkyClaw-Team1/ros2_ws/install/px4_msgs/include/px4_msgs/px4_msgs/msg/detail/vehicle_torque_setpoint__functions.h\n'}
[3.084768] (px4_msgs) StdoutLine: {'line': b'-- Up-to-date: /home/rschnurr/SkyClaw-Team1/ros2_ws/install/px4_msgs/include/px4_msgs/px4_msgs/msg/detail/estimator_selector_status__type_support.h\n'}
[3.084837] (px4_msgs) StdoutLine: {'line': b'-- Up-to-date: /home/rschnurr/SkyClaw-Team1/ros2_ws/install/px4_msgs/include/px4_msgs/px4_msgs/msg/detail/trajectory_setpoint6dof__functions.c\n'}
[3.084900] (px4_msgs) StdoutLine: {'line': b'-- Up-to-date: /home/rschnurr/SkyClaw-Team1/ros2_ws/install/px4_msgs/include/px4_msgs/px4_msgs/msg/detail/gpio_in__type_support.h\n'}
[3.084967] (px4_msgs) StdoutLine: {'line': b'-- Up-to-date: /home/rschnurr/SkyClaw-Team1/ros2_ws/install/px4_msgs/include/px4_msgs/px4_msgs/msg/detail/ulog_stream__type_support.h\n'}
[3.085036] (px4_msgs) StdoutLine: {'line': b'-- Up-to-date: /home/rschnurr/SkyClaw-Team1/ros2_ws/install/px4_msgs/include/px4_msgs/px4_msgs/msg/detail/follow_target_status__struct.h\n'}
[3.085099] (px4_msgs) StdoutLine: {'line': b'-- Up-to-date: /home/rschnurr/SkyClaw-Team1/ros2_ws/install/px4_msgs/include/px4_msgs/px4_msgs/msg/detail/flight_phase_estimation__type_support.h\n'}
[3.085163] (px4_msgs) StdoutLine: {'line': b'-- Up-to-date: /home/rschnurr/SkyClaw-Team1/ros2_ws/install/px4_msgs/include/px4_msgs/px4_msgs/msg/detail/vehicle_roi__type_support.h\n'}
[3.085246] (px4_msgs) StdoutLine: {'line': b'-- Up-to-date: /home/rschnurr/SkyClaw-Team1/ros2_ws/install/px4_msgs/include/px4_msgs/px4_msgs/msg/detail/mavlink_tunnel__functions.c\n'}
[3.085309] (px4_msgs) StdoutLine: {'line': b'-- Up-to-date: /home/rschnurr/SkyClaw-Team1/ros2_ws/install/px4_msgs/include/px4_msgs/px4_msgs/msg/detail/gpio_request__functions.h\n'}
[3.085371] (px4_msgs) StdoutLine: {'line': b'-- Up-to-date: /home/rschnurr/SkyClaw-Team1/ros2_ws/install/px4_msgs/include/px4_msgs/px4_msgs/msg/detail/vehicle_attitude_setpoint__functions.c\n'}
[3.085435] (px4_msgs) StdoutLine: {'line': b'-- Up-to-date: /home/rschnurr/SkyClaw-Team1/ros2_ws/install/px4_msgs/include/px4_msgs/px4_msgs/msg/detail/irlock_report__type_support.h\n'}
[3.085497] (px4_msgs) StdoutLine: {'line': b'-- Up-to-date: /home/rschnurr/SkyClaw-Team1/ros2_ws/install/px4_msgs/include/px4_msgs/px4_msgs/msg/detail/vehicle_acceleration__functions.h\n'}
[3.085559] (px4_msgs) StdoutLine: {'line': b'-- Up-to-date: /home/rschnurr/SkyClaw-Team1/ros2_ws/install/px4_msgs/include/px4_msgs/px4_msgs/msg/detail/collision_constraints__struct.h\n'}
[3.085626] (px4_msgs) StdoutLine: {'line': b'-- Up-to-date: /home/rschnurr/SkyClaw-Team1/ros2_ws/install/px4_msgs/include/px4_msgs/px4_msgs/msg/detail/estimator_innovations__functions.h\n'}
[3.087040] (px4_msgs) StdoutLine: {'line': b'-- Up-to-date: /home/rschnurr/SkyClaw-Team1/ros2_ws/install/px4_msgs/include/px4_msgs/px4_msgs/msg/detail/goto_setpoint__struct.h\n'}
[3.087456] (px4_msgs) StdoutLine: {'line': b'-- Up-to-date: /home/rschnurr/SkyClaw-Team1/ros2_ws/install/px4_msgs/include/px4_msgs/px4_msgs/msg/detail/parameter_set_value_request__functions.h\n'}
[3.089479] (px4_msgs) StdoutLine: {'line': b'-- Up-to-date: /home/rschnurr/SkyClaw-Team1/ros2_ws/install/px4_msgs/include/px4_msgs/px4_msgs/msg/detail/sensor_optical_flow__functions.h\n'}
[3.089671] (px4_msgs) StdoutLine: {'line': b'-- Up-to-date: /home/rschnurr/SkyClaw-Team1/ros2_ws/install/px4_msgs/include/px4_msgs/px4_msgs/msg/detail/vehicle_angular_acceleration_setpoint__functions.h\n'}
[3.090240] (px4_msgs) StdoutLine: {'line': b'-- Up-to-date: /home/rschnurr/SkyClaw-Team1/ros2_ws/install/px4_msgs/include/px4_msgs/px4_msgs/msg/detail/camera_capture__functions.c\n'}
[3.091121] (px4_msgs) StdoutLine: {'line': b'-- Up-to-date: /home/rschnurr/SkyClaw-Team1/ros2_ws/install/px4_msgs/include/px4_msgs/px4_msgs/msg/detail/iridiumsbd_status__struct.h\n'}
[3.091836] (px4_msgs) StdoutLine: {'line': b'-- Up-to-date: /home/rschnurr/SkyClaw-Team1/ros2_ws/install/px4_msgs/include/px4_msgs/px4_msgs/msg/detail/pwm_input__functions.c\n'}
[3.092616] (px4_msgs) StdoutLine: {'line': b'-- Up-to-date: /home/rschnurr/SkyClaw-Team1/ros2_ws/install/px4_msgs/include/px4_msgs/px4_msgs/msg/detail/estimator_status_flags__functions.h\n'}
[3.093439] (px4_msgs) StdoutLine: {'line': b'-- Up-to-date: /home/rschnurr/SkyClaw-Team1/ros2_ws/install/px4_msgs/include/px4_msgs/px4_msgs/msg/detail/flight_phase_estimation__functions.h\n'}
[3.094076] (px4_msgs) StdoutLine: {'line': b'-- Up-to-date: /home/rschnurr/SkyClaw-Team1/ros2_ws/install/px4_msgs/include/px4_msgs/px4_msgs/msg/detail/estimator_aid_source2d__functions.h\n'}
[3.094556] (px4_msgs) StdoutLine: {'line': b'-- Up-to-date: /home/rschnurr/SkyClaw-Team1/ros2_ws/install/px4_msgs/include/px4_msgs/px4_msgs/msg/detail/obstacle_distance__functions.h\n'}
[3.094949] (px4_msgs) StdoutLine: {'line': b'-- Up-to-date: /home/rschnurr/SkyClaw-Team1/ros2_ws/install/px4_msgs/include/px4_msgs/px4_msgs/msg/detail/rover_steering_setpoint__struct.h\n'}
[3.095280] (px4_msgs) StdoutLine: {'line': b'-- Up-to-date: /home/rschnurr/SkyClaw-Team1/ros2_ws/install/px4_msgs/include/px4_msgs/px4_msgs/msg/detail/rover_throttle_setpoint__type_support.h\n'}
[3.095802] (px4_msgs) StdoutLine: {'line': b'-- Up-to-date: /home/rschnurr/SkyClaw-Team1/ros2_ws/install/px4_msgs/include/px4_msgs/px4_msgs/msg/detail/vehicle_air_data__functions.h\n'}
[3.096596] (px4_msgs) StdoutLine: {'line': b'-- Up-to-date: /home/rschnurr/SkyClaw-Team1/ros2_ws/install/px4_msgs/include/px4_msgs/px4_msgs/msg/detail/wind__functions.h\n'}
[3.096900] (px4_msgs) StdoutLine: {'line': b'-- Up-to-date: /home/rschnurr/SkyClaw-Team1/ros2_ws/install/px4_msgs/include/px4_msgs/px4_msgs/msg/detail/power_button_state__functions.h\n'}
[3.097365] (px4_msgs) StdoutLine: {'line': b'-- Up-to-date: /home/rschnurr/SkyClaw-Team1/ros2_ws/install/px4_msgs/include/px4_msgs/px4_msgs/msg/detail/parameter_set_value_response__functions.h\n'}
[3.097585] (px4_msgs) StdoutLine: {'line': b'-- Up-to-date: /home/rschnurr/SkyClaw-Team1/ros2_ws/install/px4_msgs/include/px4_msgs/px4_msgs/msg/detail/rover_attitude_status__functions.c\n'}
[3.097689] (px4_msgs) StdoutLine: {'line': b'-- Up-to-date: /home/rschnurr/SkyClaw-Team1/ros2_ws/install/px4_msgs/include/px4_msgs/px4_msgs/msg/detail/home_position__type_support.h\n'}
[3.097771] (px4_msgs) StdoutLine: {'line': b'-- Up-to-date: /home/rschnurr/SkyClaw-Team1/ros2_ws/install/px4_msgs/include/px4_msgs/px4_msgs/msg/detail/vehicle_local_position_setpoint__type_support.h\n'}
[3.097878] (px4_msgs) StdoutLine: {'line': b'-- Up-to-date: /home/rschnurr/SkyClaw-Team1/ros2_ws/install/px4_msgs/include/px4_msgs/px4_msgs/msg/detail/launch_detection_status__functions.c\n'}
[3.098348] (px4_msgs) StdoutLine: {'line': b'-- Up-to-date: /home/rschnurr/SkyClaw-Team1/ros2_ws/install/px4_msgs/include/px4_msgs/px4_msgs/msg/detail/orb_test_medium__struct.h\n'}
[3.099447] (px4_msgs) StdoutLine: {'line': b'-- Up-to-date: /home/rschnurr/SkyClaw-Team1/ros2_ws/install/px4_msgs/include/px4_msgs/px4_msgs/msg/detail/rover_speed_status__struct.h\n'}
[3.099997] (px4_msgs) StdoutLine: {'line': b'-- Up-to-date: /home/rschnurr/SkyClaw-Team1/ros2_ws/install/px4_msgs/include/px4_msgs/px4_msgs/msg/detail/radio_status__functions.c\n'}
[3.100290] (px4_msgs) StdoutLine: {'line': b'-- Up-to-date: /home/rschnurr/SkyClaw-Team1/ros2_ws/install/px4_msgs/include/px4_msgs/px4_msgs/msg/detail/differential_pressure__type_support.h\n'}
[3.101323] (px4_msgs) StdoutLine: {'line': b'-- Up-to-date: /home/rschnurr/SkyClaw-Team1/ros2_ws/install/px4_msgs/include/px4_msgs/px4_msgs/msg/detail/camera_capture__struct.h\n'}
[3.101751] (px4_msgs) StdoutLine: {'line': b'-- Up-to-date: /home/rschnurr/SkyClaw-Team1/ros2_ws/install/px4_msgs/include/px4_msgs/px4_msgs/msg/detail/rover_rate_status__functions.h\n'}
[3.102811] (px4_msgs) StdoutLine: {'line': b'-- Up-to-date: /home/rschnurr/SkyClaw-Team1/ros2_ws/install/px4_msgs/include/px4_msgs/px4_msgs/msg/detail/parameter_set_value_response__struct.h\n'}
[3.103304] (px4_msgs) StdoutLine: {'line': b'-- Up-to-date: /home/rschnurr/SkyClaw-Team1/ros2_ws/install/px4_msgs/include/px4_msgs/px4_msgs/msg/detail/wheel_encoders__struct.h\n'}
[3.104520] (px4_msgs) StdoutLine: {'line': b'-- Up-to-date: /home/rschnurr/SkyClaw-Team1/ros2_ws/install/px4_msgs/include/px4_msgs/px4_msgs/msg/detail/fixed_wing_lateral_setpoint__struct.h\n'}
[3.104998] (px4_msgs) StdoutLine: {'line': b'-- Up-to-date: /home/rschnurr/SkyClaw-Team1/ros2_ws/install/px4_msgs/include/px4_msgs/px4_msgs/msg/detail/sensor_gyro_fft__functions.c\n'}
[3.105372] (px4_msgs) StdoutLine: {'line': b'-- Up-to-date: /home/rschnurr/SkyClaw-Team1/ros2_ws/install/px4_msgs/include/px4_msgs/px4_msgs/msg/detail/launch_detection_status__functions.h\n'}
[3.105727] (px4_msgs) StdoutLine: {'line': b'-- Up-to-date: /home/rschnurr/SkyClaw-Team1/ros2_ws/install/px4_msgs/include/px4_msgs/px4_msgs/msg/detail/launch_detection_status__type_support.h\n'}
[3.106309] (px4_msgs) StdoutLine: {'line': b'-- Up-to-date: /home/rschnurr/SkyClaw-Team1/ros2_ws/install/px4_msgs/include/px4_msgs/px4_msgs/msg/detail/differential_pressure__functions.c\n'}
[3.106564] (px4_msgs) StdoutLine: {'line': b'-- Up-to-date: /home/rschnurr/SkyClaw-Team1/ros2_ws/install/px4_msgs/include/px4_msgs/px4_msgs/msg/detail/estimator_gps_status__type_support.h\n'}
[3.107027] (px4_msgs) StdoutLine: {'line': b'-- Up-to-date: /home/rschnurr/SkyClaw-Team1/ros2_ws/install/px4_msgs/include/px4_msgs/px4_msgs/msg/detail/autotune_attitude_control_status__type_support.h\n'}
[3.107795] (px4_msgs) StdoutLine: {'line': b'-- Up-to-date: /home/rschnurr/SkyClaw-Team1/ros2_ws/install/px4_msgs/include/px4_msgs/px4_msgs/msg/detail/position_setpoint__type_support.h\n'}
[3.108065] (px4_msgs) StdoutLine: {'line': b'-- Up-to-date: /home/rschnurr/SkyClaw-Team1/ros2_ws/install/px4_msgs/include/px4_msgs/px4_msgs/msg/detail/satellite_info__functions.c\n'}
[3.108662] (px4_msgs) StdoutLine: {'line': b'-- Up-to-date: /home/rschnurr/SkyClaw-Team1/ros2_ws/install/px4_msgs/include/px4_msgs/px4_msgs/msg/detail/qshell_retval__functions.c\n'}
[3.109059] (px4_msgs) StdoutLine: {'line': b'-- Up-to-date: /home/rschnurr/SkyClaw-Team1/ros2_ws/install/px4_msgs/include/px4_msgs/px4_msgs/msg/detail/vehicle_global_position__type_support.h\n'}
[3.109528] (px4_msgs) StdoutLine: {'line': b'-- Up-to-date: /home/rschnurr/SkyClaw-Team1/ros2_ws/install/px4_msgs/include/px4_msgs/px4_msgs/msg/detail/actuator_motors__functions.c\n'}
[3.109920] (px4_msgs) StdoutLine: {'line': b'-- Up-to-date: /home/rschnurr/SkyClaw-Team1/ros2_ws/install/px4_msgs/include/px4_msgs/px4_msgs/msg/detail/orb_test_large__functions.c\n'}
[3.110228] (px4_msgs) StdoutLine: {'line': b'-- Up-to-date: /home/rschnurr/SkyClaw-Team1/ros2_ws/install/px4_msgs/include/px4_msgs/px4_msgs/msg/detail/sensors_status_imu__functions.h\n'}
[3.110686] (px4_msgs) StdoutLine: {'line': b'-- Up-to-date: /home/rschnurr/SkyClaw-Team1/ros2_ws/install/px4_msgs/include/px4_msgs/px4_msgs/msg/detail/gpio_config__functions.c\n'}
[3.111048] (px4_msgs) StdoutLine: {'line': b'-- Up-to-date: /home/rschnurr/SkyClaw-Team1/ros2_ws/install/px4_msgs/include/px4_msgs/px4_msgs/msg/detail/task_stack_info__functions.h\n'}
[3.111363] (px4_msgs) StdoutLine: {'line': b'-- Up-to-date: /home/rschnurr/SkyClaw-Team1/ros2_ws/install/px4_msgs/include/px4_msgs/px4_msgs/msg/detail/rc_channels__functions.c\n'}
[3.111959] (px4_msgs) StdoutLine: {'line': b'-- Up-to-date: /home/rschnurr/SkyClaw-Team1/ros2_ws/install/px4_msgs/include/px4_msgs/px4_msgs/msg/detail/fixed_wing_lateral_guidance_status__struct.h\n'}
[3.112595] (px4_msgs) StdoutLine: {'line': b'-- Up-to-date: /home/rschnurr/SkyClaw-Team1/ros2_ws/install/px4_msgs/include/px4_msgs/px4_msgs/msg/detail/sensor_gnss_relative__struct.h\n'}
[3.113103] (px4_msgs) StdoutLine: {'line': b'-- Up-to-date: /home/rschnurr/SkyClaw-Team1/ros2_ws/install/px4_msgs/include/px4_msgs/px4_msgs/msg/detail/camera_trigger__functions.h\n'}
[3.114141] (px4_msgs) StdoutLine: {'line': b'-- Up-to-date: /home/rschnurr/SkyClaw-Team1/ros2_ws/install/px4_msgs/include/px4_msgs/px4_msgs/msg/detail/battery_info__type_support.h\n'}
[3.114533] (px4_msgs) StdoutLine: {'line': b'-- Up-to-date: /home/rschnurr/SkyClaw-Team1/ros2_ws/install/px4_msgs/include/px4_msgs/px4_msgs/msg/detail/gimbal_manager_set_manual_control__type_support.h\n'}
[3.115159] (px4_msgs) StdoutLine: {'line': b'-- Up-to-date: /home/rschnurr/SkyClaw-Team1/ros2_ws/install/px4_msgs/include/px4_msgs/px4_msgs/msg/detail/vehicle_constraints__struct.h\n'}
[3.115544] (px4_msgs) StdoutLine: {'line': b'-- Up-to-date: /home/rschnurr/SkyClaw-Team1/ros2_ws/install/px4_msgs/include/px4_msgs/px4_msgs/msg/detail/estimator_states__functions.h\n'}
[3.116026] (px4_msgs) StdoutLine: {'line': b'-- Up-to-date: /home/rschnurr/SkyClaw-Team1/ros2_ws/install/px4_msgs/include/px4_msgs/px4_msgs/msg/detail/vehicle_imu_status__functions.h\n'}
[3.116666] (px4_msgs) StdoutLine: {'line': b'-- Up-to-date: /home/rschnurr/SkyClaw-Team1/ros2_ws/install/px4_msgs/include/px4_msgs/px4_msgs/msg/detail/estimator_gps_status__struct.h\n'}
[3.117277] (px4_msgs) StdoutLine: {'line': b'-- Up-to-date: /home/rschnurr/SkyClaw-Team1/ros2_ws/install/px4_msgs/include/px4_msgs/px4_msgs/msg/detail/orbit_status__functions.c\n'}
[3.117723] (px4_msgs) StdoutLine: {'line': b'-- Up-to-date: /home/rschnurr/SkyClaw-Team1/ros2_ws/install/px4_msgs/include/px4_msgs/px4_msgs/msg/detail/manual_control_setpoint__functions.h\n'}
[3.118208] (px4_msgs) StdoutLine: {'line': b'-- Up-to-date: /home/rschnurr/SkyClaw-Team1/ros2_ws/install/px4_msgs/include/px4_msgs/px4_msgs/msg/detail/autotune_attitude_control_status__functions.h\n'}
[3.120113] (px4_msgs) StdoutLine: {'line': b'-- Up-to-date: /home/rschnurr/SkyClaw-Team1/ros2_ws/install/px4_msgs/include/px4_msgs/px4_msgs/msg/detail/position_setpoint_triplet__struct.h\n'}
[3.121574] (px4_msgs) StdoutLine: {'line': b'-- Up-to-date: /home/rschnurr/SkyClaw-Team1/ros2_ws/install/px4_msgs/include/px4_msgs/px4_msgs/msg/detail/tune_control__type_support.h\n'}
[3.121717] (px4_msgs) StdoutLine: {'line': b'-- Up-to-date: /home/rschnurr/SkyClaw-Team1/ros2_ws/install/px4_msgs/include/px4_msgs/px4_msgs/msg/detail/sensors_status__functions.h\n'}
[3.121823] (px4_msgs) StdoutLine: {'line': b'-- Up-to-date: /home/rschnurr/SkyClaw-Team1/ros2_ws/install/px4_msgs/include/px4_msgs/px4_msgs/msg/detail/estimator_bias__type_support.h\n'}
[3.121938] (px4_msgs) StdoutLine: {'line': b'-- Up-to-date: /home/rschnurr/SkyClaw-Team1/ros2_ws/install/px4_msgs/include/px4_msgs/px4_msgs/msg/detail/gimbal_device_set_attitude__functions.h\n'}
[3.122438] (px4_msgs) StdoutLine: {'line': b'-- Up-to-date: /home/rschnurr/SkyClaw-Team1/ros2_ws/install/px4_msgs/include/px4_msgs/px4_msgs/msg/detail/trajectory_setpoint__struct.h\n'}
[3.122578] (px4_msgs) StdoutLine: {'line': b'-- Up-to-date: /home/rschnurr/SkyClaw-Team1/ros2_ws/install/px4_msgs/include/px4_msgs/px4_msgs/msg/detail/system_power__functions.h\n'}
[3.122759] (px4_msgs) StdoutLine: {'line': b'-- Up-to-date: /home/rschnurr/SkyClaw-Team1/ros2_ws/install/px4_msgs/include/px4_msgs/px4_msgs/msg/detail/normalized_unsigned_setpoint__type_support.h\n'}
[3.123154] (px4_msgs) StdoutLine: {'line': b'-- Up-to-date: /home/rschnurr/SkyClaw-Team1/ros2_ws/install/px4_msgs/include/px4_msgs/px4_msgs/msg/detail/camera_trigger__type_support.h\n'}
[3.123580] (px4_msgs) StdoutLine: {'line': b'-- Up-to-date: /home/rschnurr/SkyClaw-Team1/ros2_ws/install/px4_msgs/include/px4_msgs/px4_msgs/msg/detail/lateral_control_configuration__type_support.h\n'}
[3.123973] (px4_msgs) StdoutLine: {'line': b'-- Up-to-date: /home/rschnurr/SkyClaw-Team1/ros2_ws/install/px4_msgs/include/px4_msgs/px4_msgs/msg/detail/estimator_event_flags__struct.h\n'}
[3.124460] (px4_msgs) StdoutLine: {'line': b'-- Up-to-date: /home/rschnurr/SkyClaw-Team1/ros2_ws/install/px4_msgs/include/px4_msgs/px4_msgs/msg/detail/position_setpoint_triplet__functions.c\n'}
[3.125260] (px4_msgs) StdoutLine: {'line': b'-- Up-to-date: /home/rschnurr/SkyClaw-Team1/ros2_ws/install/px4_msgs/include/px4_msgs/px4_msgs/msg/detail/parameter_set_value_request__functions.c\n'}
[3.125379] (px4_msgs) StdoutLine: {'line': b'-- Up-to-date: /home/rschnurr/SkyClaw-Team1/ros2_ws/install/px4_msgs/include/px4_msgs/px4_msgs/msg/detail/vehicle_land_detected__functions.h\n'}
[3.125723] (px4_msgs) StdoutLine: {'line': b'-- Up-to-date: /home/rschnurr/SkyClaw-Team1/ros2_ws/install/px4_msgs/include/px4_msgs/px4_msgs/msg/detail/vehicle_optical_flow__type_support.h\n'}
[3.126086] (px4_msgs) StdoutLine: {'line': b'-- Up-to-date: /home/rschnurr/SkyClaw-Team1/ros2_ws/install/px4_msgs/include/px4_msgs/px4_msgs/msg/detail/airspeed_validated__functions.h\n'}
[3.126449] (px4_msgs) StdoutLine: {'line': b'-- Up-to-date: /home/rschnurr/SkyClaw-Team1/ros2_ws/install/px4_msgs/include/px4_msgs/px4_msgs/msg/detail/tiltrotor_extra_controls__functions.c\n'}
[3.126914] (px4_msgs) StdoutLine: {'line': b'-- Up-to-date: /home/rschnurr/SkyClaw-Team1/ros2_ws/install/px4_msgs/include/px4_msgs/px4_msgs/msg/detail/mavlink_tunnel__struct.h\n'}
[3.127854] (px4_msgs) StdoutLine: {'line': b'-- Up-to-date: /home/rschnurr/SkyClaw-Team1/ros2_ws/install/px4_msgs/include/px4_msgs/px4_msgs/msg/detail/button_event__type_support.h\n'}
[3.128303] (px4_msgs) StdoutLine: {'line': b'-- Up-to-date: /home/rschnurr/SkyClaw-Team1/ros2_ws/install/px4_msgs/include/px4_msgs/px4_msgs/msg/detail/sensor_gyro_fifo__struct.h\n'}
[3.128747] (px4_msgs) StdoutLine: {'line': b'-- Up-to-date: /home/rschnurr/SkyClaw-Team1/ros2_ws/install/px4_msgs/include/px4_msgs/px4_msgs/msg/detail/debug_array__functions.c\n'}
[3.129097] (px4_msgs) StdoutLine: {'line': b'-- Up-to-date: /home/rschnurr/SkyClaw-Team1/ros2_ws/install/px4_msgs/include/px4_msgs/px4_msgs/msg/detail/fixed_wing_runway_control__type_support.h\n'}
[3.129998] (px4_msgs) StdoutLine: {'line': b'-- Up-to-date: /home/rschnurr/SkyClaw-Team1/ros2_ws/install/px4_msgs/include/px4_msgs/px4_msgs/msg/detail/vehicle_command__type_support.h\n'}
[3.130419] (px4_msgs) StdoutLine: {'line': b'-- Up-to-date: /home/rschnurr/SkyClaw-Team1/ros2_ws/install/px4_msgs/include/px4_msgs/px4_msgs/msg/detail/actuator_armed__struct.h\n'}
[3.130772] (px4_msgs) StdoutLine: {'line': b'-- Up-to-date: /home/rschnurr/SkyClaw-Team1/ros2_ws/install/px4_msgs/include/px4_msgs/px4_msgs/msg/detail/sensor_accel_fifo__functions.h\n'}
[3.131100] (px4_msgs) StdoutLine: {'line': b'-- Up-to-date: /home/rschnurr/SkyClaw-Team1/ros2_ws/install/px4_msgs/include/px4_msgs/px4_msgs/msg/detail/rover_attitude_setpoint__functions.h\n'}
[3.132168] (px4_msgs) StdoutLine: {'line': b'-- Up-to-date: /home/rschnurr/SkyClaw-Team1/ros2_ws/install/px4_msgs/include/px4_msgs/px4_msgs/msg/detail/vehicle_control_mode__functions.c\n'}
[3.132420] (px4_msgs) StdoutLine: {'line': b'-- Up-to-date: /home/rschnurr/SkyClaw-Team1/ros2_ws/install/px4_msgs/include/px4_msgs/px4_msgs/msg/detail/qshell_retval__functions.h\n'}
[3.132560] (px4_msgs) StdoutLine: {'line': b'-- Up-to-date: /home/rschnurr/SkyClaw-Team1/ros2_ws/install/px4_msgs/include/px4_msgs/px4_msgs/msg/detail/mount_orientation__struct.h\n'}
[3.133446] (px4_msgs) StdoutLine: {'line': b'-- Up-to-date: /home/rschnurr/SkyClaw-Team1/ros2_ws/install/px4_msgs/include/px4_msgs/px4_msgs/msg/detail/gimbal_manager_set_attitude__type_support.h\n'}
[3.133743] (px4_msgs) StdoutLine: {'line': b'-- Up-to-date: /home/rschnurr/SkyClaw-Team1/ros2_ws/install/px4_msgs/include/px4_msgs/px4_msgs/msg/detail/message_format_request__type_support.h\n'}
[3.134038] (px4_msgs) StdoutLine: {'line': b'-- Up-to-date: /home/rschnurr/SkyClaw-Team1/ros2_ws/install/px4_msgs/include/px4_msgs/px4_msgs/msg/detail/esc_report__functions.h\n'}
[3.134638] (px4_msgs) StdoutLine: {'line': b'-- Up-to-date: /home/rschnurr/SkyClaw-Team1/ros2_ws/install/px4_msgs/include/px4_msgs/px4_msgs/msg/detail/sensor_correction__struct.h\n'}
[3.135621] (px4_msgs) StdoutLine: {'line': b'-- Up-to-date: /home/rschnurr/SkyClaw-Team1/ros2_ws/install/px4_msgs/include/px4_msgs/px4_msgs/msg/detail/vehicle_command__functions.h\n'}
[3.136431] (px4_msgs) StdoutLine: {'line': b'-- Up-to-date: /home/rschnurr/SkyClaw-Team1/ros2_ws/install/px4_msgs/include/px4_msgs/px4_msgs/msg/detail/geofence_result__functions.h\n'}
[3.136987] (px4_msgs) StdoutLine: {'line': b'-- Up-to-date: /home/rschnurr/SkyClaw-Team1/ros2_ws/install/px4_msgs/include/px4_msgs/px4_msgs/msg/detail/sensor_hygrometer__functions.c\n'}
[3.137420] (px4_msgs) StdoutLine: {'line': b'-- Up-to-date: /home/rschnurr/SkyClaw-Team1/ros2_ws/install/px4_msgs/include/px4_msgs/px4_msgs/msg/detail/sensor_uwb__struct.h\n'}
[3.137832] (px4_msgs) StdoutLine: {'line': b'-- Up-to-date: /home/rschnurr/SkyClaw-Team1/ros2_ws/install/px4_msgs/include/px4_msgs/px4_msgs/msg/detail/fixed_wing_lateral_status__type_support.h\n'}
[3.138284] (px4_msgs) StdoutLine: {'line': b'-- Up-to-date: /home/rschnurr/SkyClaw-Team1/ros2_ws/install/px4_msgs/include/px4_msgs/px4_msgs/msg/detail/debug_vect__functions.h\n'}
[3.138945] (px4_msgs) StdoutLine: {'line': b'-- Up-to-date: /home/rschnurr/SkyClaw-Team1/ros2_ws/install/px4_msgs/include/px4_msgs/px4_msgs/msg/detail/camera_capture__functions.h\n'}
[3.141047] (px4_msgs) StdoutLine: {'line': b'-- Up-to-date: /home/rschnurr/SkyClaw-Team1/ros2_ws/install/px4_msgs/include/px4_msgs/px4_msgs/msg/detail/vehicle_odometry__functions.h\n'}
[3.141326] (px4_msgs) StdoutLine: {'line': b'-- Up-to-date: /home/rschnurr/SkyClaw-Team1/ros2_ws/install/px4_msgs/include/px4_msgs/px4_msgs/msg/detail/radio_status__functions.h\n'}
[3.141682] (px4_msgs) StdoutLine: {'line': b'-- Up-to-date: /home/rschnurr/SkyClaw-Team1/ros2_ws/install/px4_msgs/include/px4_msgs/px4_msgs/msg/detail/vehicle_magnetometer__functions.h\n'}
[3.142155] (px4_msgs) StdoutLine: {'line': b'-- Up-to-date: /home/rschnurr/SkyClaw-Team1/ros2_ws/install/px4_msgs/include/px4_msgs/px4_msgs/msg/detail/rover_speed_status__functions.h\n'}
[3.142504] (px4_msgs) StdoutLine: {'line': b'-- Up-to-date: /home/rschnurr/SkyClaw-Team1/ros2_ws/install/px4_msgs/include/px4_msgs/px4_msgs/msg/detail/geofence_status__functions.h\n'}
[3.142656] (px4_msgs) StdoutLine: {'line': b'-- Up-to-date: /home/rschnurr/SkyClaw-Team1/ros2_ws/install/px4_msgs/include/px4_msgs/px4_msgs/msg/detail/gpio_out__functions.h\n'}
[3.143559] (px4_msgs) StdoutLine: {'line': b'-- Up-to-date: /home/rschnurr/SkyClaw-Team1/ros2_ws/install/px4_msgs/include/px4_msgs/px4_msgs/msg/detail/estimator_bias3d__functions.c\n'}
[3.144746] (px4_msgs) StdoutLine: {'line': b'-- Up-to-date: /home/rschnurr/SkyClaw-Team1/ros2_ws/install/px4_msgs/include/px4_msgs/px4_msgs/msg/detail/sensor_gyro_fifo__functions.h\n'}
[3.146276] (px4_msgs) StdoutLine: {'line': b'-- Up-to-date: /home/rschnurr/SkyClaw-Team1/ros2_ws/install/px4_msgs/include/px4_msgs/px4_msgs/msg/detail/follow_target_estimator__type_support.h\n'}
[3.146833] (px4_msgs) StdoutLine: {'line': b'-- Up-to-date: /home/rschnurr/SkyClaw-Team1/ros2_ws/install/px4_msgs/include/px4_msgs/px4_msgs/msg/detail/arming_check_request__struct.h\n'}
[3.147651] (px4_msgs) StdoutLine: {'line': b'-- Up-to-date: /home/rschnurr/SkyClaw-Team1/ros2_ws/install/px4_msgs/include/px4_msgs/px4_msgs/msg/detail/vehicle_status__type_support.h\n'}
[3.148076] (px4_msgs) StdoutLine: {'line': b'-- Up-to-date: /home/rschnurr/SkyClaw-Team1/ros2_ws/install/px4_msgs/include/px4_msgs/px4_msgs/msg/detail/vehicle_land_detected__functions.c\n'}
[3.149456] (px4_msgs) StdoutLine: {'line': b'-- Up-to-date: /home/rschnurr/SkyClaw-Team1/ros2_ws/install/px4_msgs/include/px4_msgs/px4_msgs/msg/detail/navigator_status__functions.c\n'}
[3.149642] (px4_msgs) StdoutLine: {'line': b'-- Up-to-date: /home/rschnurr/SkyClaw-Team1/ros2_ws/install/px4_msgs/include/px4_msgs/px4_msgs/msg/detail/pure_pursuit_status__struct.h\n'}
[3.149807] (px4_msgs) StdoutLine: {'line': b'-- Up-to-date: /home/rschnurr/SkyClaw-Team1/ros2_ws/install/px4_msgs/include/px4_msgs/px4_msgs/msg/detail/sensor_selection__struct.h\n'}
[3.150201] (px4_msgs) StdoutLine: {'line': b'-- Up-to-date: /home/rschnurr/SkyClaw-Team1/ros2_ws/install/px4_msgs/include/px4_msgs/px4_msgs/msg/detail/ping__struct.h\n'}
[3.150317] (px4_msgs) StdoutLine: {'line': b'-- Up-to-date: /home/rschnurr/SkyClaw-Team1/ros2_ws/install/px4_msgs/include/px4_msgs/px4_msgs/msg/detail/distance_sensor_mode_change_request__struct.h\n'}
[3.150466] (px4_msgs) StdoutLine: {'line': b'-- Up-to-date: /home/rschnurr/SkyClaw-Team1/ros2_ws/install/px4_msgs/include/px4_msgs/px4_msgs/msg/detail/open_drone_id_system__struct.h\n'}
[3.150551] (px4_msgs) StdoutLine: {'line': b'-- Up-to-date: /home/rschnurr/SkyClaw-Team1/ros2_ws/install/px4_msgs/include/px4_msgs/px4_msgs/msg/detail/trajectory_setpoint6dof__type_support.h\n'}
[3.150616] (px4_msgs) StdoutLine: {'line': b'-- Up-to-date: /home/rschnurr/SkyClaw-Team1/ros2_ws/install/px4_msgs/include/px4_msgs/px4_msgs/msg/detail/rover_attitude_status__struct.h\n'}
[3.150676] (px4_msgs) StdoutLine: {'line': b'-- Up-to-date: /home/rschnurr/SkyClaw-Team1/ros2_ws/install/px4_msgs/include/px4_msgs/px4_msgs/msg/detail/cpuload__struct.h\n'}
[3.151059] (px4_msgs) StdoutLine: {'line': b'-- Up-to-date: /home/rschnurr/SkyClaw-Team1/ros2_ws/install/px4_msgs/include/px4_msgs/px4_msgs/msg/detail/gimbal_device_information__struct.h\n'}
[3.151431] (px4_msgs) StdoutLine: {'line': b'-- Up-to-date: /home/rschnurr/SkyClaw-Team1/ros2_ws/install/px4_msgs/include/px4_msgs/px4_msgs/msg/detail/vehicle_attitude__struct.h\n'}
[3.151858] (px4_msgs) StdoutLine: {'line': b'-- Up-to-date: /home/rschnurr/SkyClaw-Team1/ros2_ws/install/px4_msgs/include/px4_msgs/px4_msgs/msg/detail/fuel_tank_status__struct.h\n'}
[3.152545] (px4_msgs) StdoutLine: {'line': b'-- Up-to-date: /home/rschnurr/SkyClaw-Team1/ros2_ws/install/px4_msgs/include/px4_msgs/px4_msgs/msg/detail/event__functions.h\n'}
[3.152951] (px4_msgs) StdoutLine: {'line': b'-- Up-to-date: /home/rschnurr/SkyClaw-Team1/ros2_ws/install/px4_msgs/include/px4_msgs/px4_msgs/msg/detail/gpio_in__struct.h\n'}
[3.153446] (px4_msgs) StdoutLine: {'line': b'-- Up-to-date: /home/rschnurr/SkyClaw-Team1/ros2_ws/install/px4_msgs/include/px4_msgs/px4_msgs/msg/detail/camera_trigger__struct.h\n'}
[3.153898] (px4_msgs) StdoutLine: {'line': b'-- Up-to-date: /home/rschnurr/SkyClaw-Team1/ros2_ws/install/px4_msgs/include/px4_msgs/px4_msgs/msg/detail/adc_report__struct.h\n'}
[3.154470] (px4_msgs) StdoutLine: {'line': b'-- Up-to-date: /home/rschnurr/SkyClaw-Team1/ros2_ws/install/px4_msgs/include/px4_msgs/px4_msgs/msg/detail/vehicle_land_detected__type_support.h\n'}
[3.154899] (px4_msgs) StdoutLine: {'line': b'-- Up-to-date: /home/rschnurr/SkyClaw-Team1/ros2_ws/install/px4_msgs/include/px4_msgs/px4_msgs/msg/detail/gripper__functions.h\n'}
[3.155517] (px4_msgs) StdoutLine: {'line': b'-- Up-to-date: /home/rschnurr/SkyClaw-Team1/ros2_ws/install/px4_msgs/include/px4_msgs/px4_msgs/msg/detail/sensor_baro__functions.c\n'}
[3.155896] (px4_msgs) StdoutLine: {'line': b'-- Up-to-date: /home/rschnurr/SkyClaw-Team1/ros2_ws/install/px4_msgs/include/px4_msgs/px4_msgs/msg/detail/sensors_status_imu__struct.h\n'}
[3.156300] (px4_msgs) StdoutLine: {'line': b'-- Up-to-date: /home/rschnurr/SkyClaw-Team1/ros2_ws/install/px4_msgs/include/px4_msgs/px4_msgs/msg/detail/camera_trigger__functions.c\n'}
[3.157378] (px4_msgs) StdoutLine: {'line': b'-- Up-to-date: /home/rschnurr/SkyClaw-Team1/ros2_ws/install/px4_msgs/include/px4_msgs/px4_msgs/msg/detail/sensor_optical_flow__functions.c\n'}
[3.158034] (px4_msgs) StdoutLine: {'line': b'-- Up-to-date: /home/rschnurr/SkyClaw-Team1/ros2_ws/install/px4_msgs/include/px4_msgs/px4_msgs/msg/detail/power_monitor__functions.h\n'}
[3.158494] (px4_msgs) StdoutLine: {'line': b'-- Up-to-date: /home/rschnurr/SkyClaw-Team1/ros2_ws/install/px4_msgs/include/px4_msgs/px4_msgs/msg/detail/debug_array__struct.h\n'}
[3.158984] (px4_msgs) StdoutLine: {'line': b'-- Up-to-date: /home/rschnurr/SkyClaw-Team1/ros2_ws/install/px4_msgs/include/px4_msgs/px4_msgs/msg/detail/log_message__struct.h\n'}
[3.159423] (px4_msgs) StdoutLine: {'line': b'-- Up-to-date: /home/rschnurr/SkyClaw-Team1/ros2_ws/install/px4_msgs/include/px4_msgs/px4_msgs/msg/detail/vehicle_rates_setpoint__type_support.h\n'}
[3.159932] (px4_msgs) StdoutLine: {'line': b'-- Up-to-date: /home/rschnurr/SkyClaw-Team1/ros2_ws/install/px4_msgs/include/px4_msgs/px4_msgs/msg/detail/navigator_mission_item__struct.h\n'}
[3.160600] (px4_msgs) StdoutLine: {'line': b'-- Up-to-date: /home/rschnurr/SkyClaw-Team1/ros2_ws/install/px4_msgs/include/px4_msgs/px4_msgs/msg/detail/log_message__type_support.h\n'}
[3.161336] (px4_msgs) StdoutLine: {'line': b'-- Up-to-date: /home/rschnurr/SkyClaw-Team1/ros2_ws/install/px4_msgs/include/px4_msgs/px4_msgs/msg/detail/ulog_stream_ack__functions.c\n'}
[3.161766] (px4_msgs) StdoutLine: {'line': b'-- Up-to-date: /home/rschnurr/SkyClaw-Team1/ros2_ws/install/px4_msgs/include/px4_msgs/px4_msgs/msg/detail/power_button_state__functions.c\n'}
[3.162249] (px4_msgs) StdoutLine: {'line': b'-- Up-to-date: /home/rschnurr/SkyClaw-Team1/ros2_ws/install/px4_msgs/include/px4_msgs/px4_msgs/msg/detail/dataman_request__functions.c\n'}
[3.162723] (px4_msgs) StdoutLine: {'line': b'-- Up-to-date: /home/rschnurr/SkyClaw-Team1/ros2_ws/install/px4_msgs/include/px4_msgs/px4_msgs/msg/detail/position_setpoint__functions.h\n'}
[3.163149] (px4_msgs) StdoutLine: {'line': b'-- Up-to-date: /home/rschnurr/SkyClaw-Team1/ros2_ws/install/px4_msgs/include/px4_msgs/px4_msgs/msg/detail/debug_value__struct.h\n'}
[3.163496] (px4_msgs) StdoutLine: {'line': b'-- Up-to-date: /home/rschnurr/SkyClaw-Team1/ros2_ws/install/px4_msgs/include/px4_msgs/px4_msgs/msg/detail/vehicle_roi__functions.h\n'}
[3.163951] (-) TimerEvent: {}
[3.164396] (px4_msgs) StdoutLine: {'line': b'-- Up-to-date: /home/rschnurr/SkyClaw-Team1/ros2_ws/install/px4_msgs/include/px4_msgs/px4_msgs/msg/detail/arming_check_request__functions.c\n'}
[3.164901] (px4_msgs) StdoutLine: {'line': b'-- Up-to-date: /home/rschnurr/SkyClaw-Team1/ros2_ws/install/px4_msgs/include/px4_msgs/px4_msgs/msg/detail/task_stack_info__type_support.h\n'}
[3.165202] (px4_msgs) StdoutLine: {'line': b'-- Up-to-date: /home/rschnurr/SkyClaw-Team1/ros2_ws/install/px4_msgs/include/px4_msgs/px4_msgs/msg/detail/mount_orientation__functions.c\n'}
[3.166172] (px4_msgs) StdoutLine: {'line': b'-- Up-to-date: /home/rschnurr/SkyClaw-Team1/ros2_ws/install/px4_msgs/include/px4_msgs/px4_msgs/msg/detail/mode_completed__functions.h\n'}
[3.166487] (px4_msgs) StdoutLine: {'line': b'-- Up-to-date: /home/rschnurr/SkyClaw-Team1/ros2_ws/install/px4_msgs/include/px4_msgs/px4_msgs/msg/detail/internal_combustion_engine_control__functions.c\n'}
[3.167149] (px4_msgs) StdoutLine: {'line': b'-- Up-to-date: /home/rschnurr/SkyClaw-Team1/ros2_ws/install/px4_msgs/include/px4_msgs/px4_msgs/msg/detail/mount_orientation__functions.h\n'}
[3.167493] (px4_msgs) StdoutLine: {'line': b'-- Up-to-date: /home/rschnurr/SkyClaw-Team1/ros2_ws/install/px4_msgs/include/px4_msgs/px4_msgs/msg/detail/message_format_response__functions.c\n'}
[3.167855] (px4_msgs) StdoutLine: {'line': b'-- Up-to-date: /home/rschnurr/SkyClaw-Team1/ros2_ws/install/px4_msgs/include/px4_msgs/px4_msgs/msg/detail/lateral_control_configuration__struct.h\n'}
[3.168791] (px4_msgs) StdoutLine: {'line': b'-- Up-to-date: /home/rschnurr/SkyClaw-Team1/ros2_ws/install/px4_msgs/include/px4_msgs/px4_msgs/msg/detail/vehicle_attitude__functions.c\n'}
[3.169667] (px4_msgs) StdoutLine: {'line': b'-- Up-to-date: /home/rschnurr/SkyClaw-Team1/ros2_ws/install/px4_msgs/include/px4_msgs/px4_msgs/msg/detail/rover_attitude_status__functions.h\n'}
[3.170012] (px4_msgs) StdoutLine: {'line': b'-- Up-to-date: /home/rschnurr/SkyClaw-Team1/ros2_ws/install/px4_msgs/include/px4_msgs/px4_msgs/msg/detail/geofence_status__struct.h\n'}
[3.170319] (px4_msgs) StdoutLine: {'line': b'-- Up-to-date: /home/rschnurr/SkyClaw-Team1/ros2_ws/install/px4_msgs/include/px4_msgs/px4_msgs/msg/detail/parameter_set_value_response__functions.c\n'}
[3.170723] (px4_msgs) StdoutLine: {'line': b'-- Up-to-date: /home/rschnurr/SkyClaw-Team1/ros2_ws/install/px4_msgs/include/px4_msgs/px4_msgs/msg/detail/action_request__functions.h\n'}
[3.171130] (px4_msgs) StdoutLine: {'line': b'-- Up-to-date: /home/rschnurr/SkyClaw-Team1/ros2_ws/install/px4_msgs/include/px4_msgs/px4_msgs/msg/detail/estimator_innovations__type_support.h\n'}
[3.171796] (px4_msgs) StdoutLine: {'line': b'-- Up-to-date: /home/rschnurr/SkyClaw-Team1/ros2_ws/install/px4_msgs/include/px4_msgs/px4_msgs/msg/detail/open_drone_id_operator_id__functions.h\n'}
[3.172060] (px4_msgs) StdoutLine: {'line': b'-- Up-to-date: /home/rschnurr/SkyClaw-Team1/ros2_ws/install/px4_msgs/include/px4_msgs/px4_msgs/msg/detail/position_controller_status__struct.h\n'}
[3.172747] (px4_msgs) StdoutLine: {'line': b'-- Up-to-date: /home/rschnurr/SkyClaw-Team1/ros2_ws/install/px4_msgs/include/px4_msgs/px4_msgs/msg/detail/ulog_stream__functions.c\n'}
[3.173080] (px4_msgs) StdoutLine: {'line': b'-- Up-to-date: /home/rschnurr/SkyClaw-Team1/ros2_ws/install/px4_msgs/include/px4_msgs/px4_msgs/msg/detail/sensor_gnss_relative__functions.h\n'}
[3.173428] (px4_msgs) StdoutLine: {'line': b'-- Up-to-date: /home/rschnurr/SkyClaw-Team1/ros2_ws/install/px4_msgs/include/px4_msgs/px4_msgs/msg/detail/sensor_gyro__functions.h\n'}
[3.173877] (px4_msgs) StdoutLine: {'line': b'-- Up-to-date: /home/rschnurr/SkyClaw-Team1/ros2_ws/install/px4_msgs/include/px4_msgs/px4_msgs/msg/detail/tecs_status__functions.h\n'}
[3.174491] (px4_msgs) StdoutLine: {'line': b'-- Up-to-date: /home/rschnurr/SkyClaw-Team1/ros2_ws/install/px4_msgs/include/px4_msgs/px4_msgs/msg/detail/sensor_airflow__functions.h\n'}
[3.174882] (px4_msgs) StdoutLine: {'line': b'-- Up-to-date: /home/rschnurr/SkyClaw-Team1/ros2_ws/install/px4_msgs/include/px4_msgs/px4_msgs/msg/detail/sensor_gps__functions.h\n'}
[3.175517] (px4_msgs) StdoutLine: {'line': b'-- Up-to-date: /home/rschnurr/SkyClaw-Team1/ros2_ws/install/px4_msgs/include/px4_msgs/px4_msgs/msg/detail/vehicle_global_position__functions.c\n'}
[3.175796] (px4_msgs) StdoutLine: {'line': b'-- Up-to-date: /home/rschnurr/SkyClaw-Team1/ros2_ws/install/px4_msgs/include/px4_msgs/px4_msgs/msg/detail/rover_speed_status__functions.c\n'}
[3.176238] (px4_msgs) StdoutLine: {'line': b'-- Up-to-date: /home/rschnurr/SkyClaw-Team1/ros2_ws/install/px4_msgs/include/px4_msgs/px4_msgs/msg/detail/vehicle_attitude_setpoint__type_support.h\n'}
[3.176699] (px4_msgs) StdoutLine: {'line': b'-- Up-to-date: /home/rschnurr/SkyClaw-Team1/ros2_ws/install/px4_msgs/include/px4_msgs/px4_msgs/msg/detail/dronecan_node_status__type_support.h\n'}
[3.177051] (px4_msgs) StdoutLine: {'line': b'-- Up-to-date: /home/rschnurr/SkyClaw-Team1/ros2_ws/install/px4_msgs/include/px4_msgs/px4_msgs/msg/detail/adc_report__type_support.h\n'}
[3.177812] (px4_msgs) StdoutLine: {'line': b'-- Up-to-date: /home/rschnurr/SkyClaw-Team1/ros2_ws/install/px4_msgs/include/px4_msgs/px4_msgs/msg/detail/rover_rate_setpoint__functions.h\n'}
[3.178684] (px4_msgs) StdoutLine: {'line': b'-- Up-to-date: /home/rschnurr/SkyClaw-Team1/ros2_ws/install/px4_msgs/include/px4_msgs/px4_msgs/msg/detail/internal_combustion_engine_status__struct.h\n'}
[3.179004] (px4_msgs) StdoutLine: {'line': b'-- Up-to-date: /home/rschnurr/SkyClaw-Team1/ros2_ws/install/px4_msgs/include/px4_msgs/px4_msgs/msg/detail/vehicle_roi__functions.c\n'}
[3.179444] (px4_msgs) StdoutLine: {'line': b'-- Up-to-date: /home/rschnurr/SkyClaw-Team1/ros2_ws/install/px4_msgs/include/px4_msgs/px4_msgs/msg/detail/airspeed_validated__functions.c\n'}
[3.179760] (px4_msgs) StdoutLine: {'line': b'-- Up-to-date: /home/rschnurr/SkyClaw-Team1/ros2_ws/install/px4_msgs/include/px4_msgs/px4_msgs/msg/detail/airspeed_wind__functions.h\n'}
[3.180189] (px4_msgs) StdoutLine: {'line': b'-- Up-to-date: /home/rschnurr/SkyClaw-Team1/ros2_ws/install/px4_msgs/include/px4_msgs/px4_msgs/msg/detail/fixed_wing_lateral_setpoint__functions.c\n'}
[3.180519] (px4_msgs) StdoutLine: {'line': b'-- Up-to-date: /home/rschnurr/SkyClaw-Team1/ros2_ws/install/px4_msgs/include/px4_msgs/px4_msgs/msg/detail/landing_target_innovations__struct.h\n'}
[3.180978] (px4_msgs) StdoutLine: {'line': b'-- Up-to-date: /home/rschnurr/SkyClaw-Team1/ros2_ws/install/px4_msgs/include/px4_msgs/px4_msgs/msg/detail/estimator_sensor_bias__type_support.h\n'}
[3.181362] (px4_msgs) StdoutLine: {'line': b'-- Up-to-date: /home/rschnurr/SkyClaw-Team1/ros2_ws/install/px4_msgs/include/px4_msgs/px4_msgs/msg/detail/rover_attitude_setpoint__functions.c\n'}
[3.181728] (px4_msgs) StdoutLine: {'line': b'-- Up-to-date: /home/rschnurr/SkyClaw-Team1/ros2_ws/install/px4_msgs/include/px4_msgs/px4_msgs/msg/detail/sensor_accel__struct.h\n'}
[3.182170] (px4_msgs) StdoutLine: {'line': b'-- Up-to-date: /home/rschnurr/SkyClaw-Team1/ros2_ws/install/px4_msgs/include/px4_msgs/px4_msgs/msg/detail/position_controller_status__functions.h\n'}
[3.183143] (px4_msgs) StdoutLine: {'line': b'-- Up-to-date: /home/rschnurr/SkyClaw-Team1/ros2_ws/install/px4_msgs/include/px4_msgs/px4_msgs/msg/detail/rover_throttle_setpoint__functions.h\n'}
[3.183739] (px4_msgs) StdoutLine: {'line': b'-- Up-to-date: /home/rschnurr/SkyClaw-Team1/ros2_ws/install/px4_msgs/include/px4_msgs/px4_msgs/msg/detail/sensor_gps__type_support.h\n'}
[3.184259] (px4_msgs) StdoutLine: {'line': b'-- Up-to-date: /home/rschnurr/SkyClaw-Team1/ros2_ws/install/px4_msgs/include/px4_msgs/px4_msgs/msg/detail/register_ext_component_request__type_support.h\n'}
[3.185093] (px4_msgs) StdoutLine: {'line': b'-- Up-to-date: /home/rschnurr/SkyClaw-Team1/ros2_ws/install/px4_msgs/include/px4_msgs/px4_msgs/msg/detail/gimbal_manager_set_manual_control__functions.h\n'}
[3.185590] (px4_msgs) StdoutLine: {'line': b'-- Up-to-date: /home/rschnurr/SkyClaw-Team1/ros2_ws/install/px4_msgs/include/px4_msgs/px4_msgs/msg/landing_target_pose.h\n'}
[3.185900] (px4_msgs) StdoutLine: {'line': b'-- Up-to-date: /home/rschnurr/SkyClaw-Team1/ros2_ws/install/px4_msgs/include/px4_msgs/px4_msgs/msg/sensor_baro.h\n'}
[3.186426] (px4_msgs) StdoutLine: {'line': b'-- Up-to-date: /home/rschnurr/SkyClaw-Team1/ros2_ws/install/px4_msgs/include/px4_msgs/px4_msgs/msg/vehicle_magnetometer.h\n'}
[3.186911] (px4_msgs) StdoutLine: {'line': b'-- Up-to-date: /home/rschnurr/SkyClaw-Team1/ros2_ws/install/px4_msgs/include/px4_msgs/px4_msgs/msg/failure_detector_status.h\n'}
[3.187064] (px4_msgs) StdoutLine: {'line': b'-- Up-to-date: /home/rschnurr/SkyClaw-Team1/ros2_ws/install/px4_msgs/include/px4_msgs/px4_msgs/msg/gimbal_manager_status.h\n'}
[3.187330] (px4_msgs) StdoutLine: {'line': b'-- Up-to-date: /home/rschnurr/SkyClaw-Team1/ros2_ws/install/px4_msgs/include/px4_msgs/px4_msgs/msg/cpuload.h\n'}
[3.187693] (px4_msgs) StdoutLine: {'line': b'-- Up-to-date: /home/rschnurr/SkyClaw-Team1/ros2_ws/install/px4_msgs/include/px4_msgs/px4_msgs/msg/telemetry_status.h\n'}
[3.188041] (px4_msgs) StdoutLine: {'line': b'-- Up-to-date: /home/rschnurr/SkyClaw-Team1/ros2_ws/install/px4_msgs/include/px4_msgs/px4_msgs/msg/sensor_accel.h\n'}
[3.188708] (px4_msgs) StdoutLine: {'line': b'-- Up-to-date: /home/rschnurr/SkyClaw-Team1/ros2_ws/install/px4_msgs/include/px4_msgs/px4_msgs/msg/position_controller_landing_status.h\n'}
[3.188977] (px4_msgs) StdoutLine: {'line': b'-- Up-to-date: /home/rschnurr/SkyClaw-Team1/ros2_ws/install/px4_msgs/include/px4_msgs/px4_msgs/msg/vehicle_imu.h\n'}
[3.189171] (px4_msgs) StdoutLine: {'line': b'-- Up-to-date: /home/rschnurr/SkyClaw-Team1/ros2_ws/install/px4_msgs/include/px4_msgs/px4_msgs/msg/actuator_controls_status.h\n'}
[3.189371] (px4_msgs) StdoutLine: {'line': b'-- Up-to-date: /home/rschnurr/SkyClaw-Team1/ros2_ws/install/px4_msgs/include/px4_msgs/px4_msgs/msg/sensors_status.h\n'}
[3.189655] (px4_msgs) StdoutLine: {'line': b'-- Up-to-date: /home/rschnurr/SkyClaw-Team1/ros2_ws/install/px4_msgs/include/px4_msgs/px4_msgs/msg/fixed_wing_lateral_setpoint.h\n'}
[3.189863] (px4_msgs) StdoutLine: {'line': b'-- Up-to-date: /home/rschnurr/SkyClaw-Team1/ros2_ws/install/px4_msgs/include/px4_msgs/px4_msgs/msg/debug_vect.h\n'}
[3.190411] (px4_msgs) StdoutLine: {'line': b'-- Up-to-date: /home/rschnurr/SkyClaw-Team1/ros2_ws/install/px4_msgs/include/px4_msgs/px4_msgs/msg/rtl_status.h\n'}
[3.190871] (px4_msgs) StdoutLine: {'line': b'-- Up-to-date: /home/rschnurr/SkyClaw-Team1/ros2_ws/install/px4_msgs/include/px4_msgs/px4_msgs/msg/sensor_correction.h\n'}
[3.191193] (px4_msgs) StdoutLine: {'line': b'-- Up-to-date: /home/rschnurr/SkyClaw-Team1/ros2_ws/install/px4_msgs/include/px4_msgs/px4_msgs/msg/vehicle_torque_setpoint.h\n'}
[3.191585] (px4_msgs) StdoutLine: {'line': b'-- Up-to-date: /home/rschnurr/SkyClaw-Team1/ros2_ws/install/px4_msgs/include/px4_msgs/px4_msgs/msg/internal_combustion_engine_status.h\n'}
[3.192174] (px4_msgs) StdoutLine: {'line': b'-- Up-to-date: /home/rschnurr/SkyClaw-Team1/ros2_ws/install/px4_msgs/include/px4_msgs/px4_msgs/msg/iridiumsbd_status.h\n'}
[3.192775] (px4_msgs) StdoutLine: {'line': b'-- Up-to-date: /home/rschnurr/SkyClaw-Team1/ros2_ws/install/px4_msgs/include/px4_msgs/px4_msgs/msg/obstacle_distance.h\n'}
[3.193302] (px4_msgs) StdoutLine: {'line': b'-- Up-to-date: /home/rschnurr/SkyClaw-Team1/ros2_ws/install/px4_msgs/include/px4_msgs/px4_msgs/msg/gripper.h\n'}
[3.193954] (px4_msgs) StdoutLine: {'line': b'-- Up-to-date: /home/rschnurr/SkyClaw-Team1/ros2_ws/install/px4_msgs/include/px4_msgs/px4_msgs/msg/gimbal_manager_set_attitude.h\n'}
[3.194651] (px4_msgs) StdoutLine: {'line': b'-- Up-to-date: /home/rschnurr/SkyClaw-Team1/ros2_ws/install/px4_msgs/include/px4_msgs/px4_msgs/msg/camera_trigger.h\n'}
[3.195031] (px4_msgs) StdoutLine: {'line': b'-- Up-to-date: /home/rschnurr/SkyClaw-Team1/ros2_ws/install/px4_msgs/include/px4_msgs/px4_msgs/msg/estimator_innovations.h\n'}
[3.195388] (px4_msgs) StdoutLine: {'line': b'-- Up-to-date: /home/rschnurr/SkyClaw-Team1/ros2_ws/install/px4_msgs/include/px4_msgs/px4_msgs/msg/input_rc.h\n'}
[3.195907] (px4_msgs) StdoutLine: {'line': b'-- Up-to-date: /home/rschnurr/SkyClaw-Team1/ros2_ws/install/px4_msgs/include/px4_msgs/px4_msgs/msg/generator_status.h\n'}
[3.196568] (px4_msgs) StdoutLine: {'line': b'-- Up-to-date: /home/rschnurr/SkyClaw-Team1/ros2_ws/install/px4_msgs/include/px4_msgs/px4_msgs/msg/geofence_result.h\n'}
[3.197593] (px4_msgs) StdoutLine: {'line': b'-- Up-to-date: /home/rschnurr/SkyClaw-Team1/ros2_ws/install/px4_msgs/include/px4_msgs/px4_msgs/msg/qshell_retval.h\n'}
[3.198213] (px4_msgs) StdoutLine: {'line': b'-- Up-to-date: /home/rschnurr/SkyClaw-Team1/ros2_ws/install/px4_msgs/include/px4_msgs/px4_msgs/msg/follow_target_status.h\n'}
[3.198604] (px4_msgs) StdoutLine: {'line': b'-- Up-to-date: /home/rschnurr/SkyClaw-Team1/ros2_ws/install/px4_msgs/include/px4_msgs/px4_msgs/msg/uavcan_parameter_value.h\n'}
[3.199088] (px4_msgs) StdoutLine: {'line': b'-- Up-to-date: /home/rschnurr/SkyClaw-Team1/ros2_ws/install/px4_msgs/include/px4_msgs/px4_msgs/msg/config_overrides.h\n'}
[3.199514] (px4_msgs) StdoutLine: {'line': b'-- Up-to-date: /home/rschnurr/SkyClaw-Team1/ros2_ws/install/px4_msgs/include/px4_msgs/px4_msgs/msg/rover_attitude_status.h\n'}
[3.200151] (px4_msgs) StdoutLine: {'line': b'-- Up-to-date: /home/rschnurr/SkyClaw-Team1/ros2_ws/install/px4_msgs/include/px4_msgs/px4_msgs/msg/orb_test.h\n'}
[3.200802] (px4_msgs) StdoutLine: {'line': b'-- Up-to-date: /home/rschnurr/SkyClaw-Team1/ros2_ws/install/px4_msgs/include/px4_msgs/px4_msgs/msg/landing_gear.h\n'}
[3.201454] (px4_msgs) StdoutLine: {'line': b'-- Up-to-date: /home/rschnurr/SkyClaw-Team1/ros2_ws/install/px4_msgs/include/px4_msgs/px4_msgs/msg/tecs_status.h\n'}
[3.201797] (px4_msgs) StdoutLine: {'line': b'-- Up-to-date: /home/rschnurr/SkyClaw-Team1/ros2_ws/install/px4_msgs/include/px4_msgs/px4_msgs/msg/rc_parameter_map.h\n'}
[3.202297] (px4_msgs) StdoutLine: {'line': b'-- Up-to-date: /home/rschnurr/SkyClaw-Team1/ros2_ws/install/px4_msgs/include/px4_msgs/px4_msgs/msg/mission_result.h\n'}
[3.202953] (px4_msgs) StdoutLine: {'line': b'-- Up-to-date: /home/rschnurr/SkyClaw-Team1/ros2_ws/install/px4_msgs/include/px4_msgs/px4_msgs/msg/rover_throttle_setpoint.h\n'}
[3.203340] (px4_msgs) StdoutLine: {'line': b'-- Up-to-date: /home/rschnurr/SkyClaw-Team1/ros2_ws/install/px4_msgs/include/px4_msgs/px4_msgs/msg/position_setpoint_triplet.h\n'}
[3.203907] (px4_msgs) StdoutLine: {'line': b'-- Up-to-date: /home/rschnurr/SkyClaw-Team1/ros2_ws/install/px4_msgs/include/px4_msgs/px4_msgs/msg/mavlink_tunnel.h\n'}
[3.204741] (px4_msgs) StdoutLine: {'line': b'-- Up-to-date: /home/rschnurr/SkyClaw-Team1/ros2_ws/install/px4_msgs/include/px4_msgs/px4_msgs/msg/actuator_servos.h\n'}
[3.205142] (px4_msgs) StdoutLine: {'line': b'-- Up-to-date: /home/rschnurr/SkyClaw-Team1/ros2_ws/install/px4_msgs/include/px4_msgs/px4_msgs/msg/orb_test_large.h\n'}
[3.205561] (px4_msgs) StdoutLine: {'line': b'-- Up-to-date: /home/rschnurr/SkyClaw-Team1/ros2_ws/install/px4_msgs/include/px4_msgs/px4_msgs/msg/can_interface_status.h\n'}
[3.206014] (px4_msgs) StdoutLine: {'line': b'-- Up-to-date: /home/rschnurr/SkyClaw-Team1/ros2_ws/install/px4_msgs/include/px4_msgs/px4_msgs/msg/differential_pressure.h\n'}
[3.206465] (px4_msgs) StdoutLine: {'line': b'-- Up-to-date: /home/rschnurr/SkyClaw-Team1/ros2_ws/install/px4_msgs/include/px4_msgs/px4_msgs/msg/landing_gear_wheel.h\n'}
[3.206856] (px4_msgs) StdoutLine: {'line': b'-- Up-to-date: /home/rschnurr/SkyClaw-Team1/ros2_ws/install/px4_msgs/include/px4_msgs/px4_msgs/msg/unregister_ext_component.h\n'}
[3.206976] (px4_msgs) StdoutLine: {'line': b'-- Up-to-date: /home/rschnurr/SkyClaw-Team1/ros2_ws/install/px4_msgs/include/px4_msgs/px4_msgs/msg/pps_capture.h\n'}
[3.207306] (px4_msgs) StdoutLine: {'line': b'-- Up-to-date: /home/rschnurr/SkyClaw-Team1/ros2_ws/install/px4_msgs/include/px4_msgs/px4_msgs/msg/register_ext_component_reply.h\n'}
[3.207424] (px4_msgs) StdoutLine: {'line': b'-- Up-to-date: /home/rschnurr/SkyClaw-Team1/ros2_ws/install/px4_msgs/include/px4_msgs/px4_msgs/msg/mount_orientation.h\n'}
[3.207789] (px4_msgs) StdoutLine: {'line': b'-- Up-to-date: /home/rschnurr/SkyClaw-Team1/ros2_ws/install/px4_msgs/include/px4_msgs/px4_msgs/msg/landing_target_innovations.h\n'}
[3.208154] (px4_msgs) StdoutLine: {'line': b'-- Up-to-date: /home/rschnurr/SkyClaw-Team1/ros2_ws/install/px4_msgs/include/px4_msgs/px4_msgs/msg/orbit_status.h\n'}
[3.208701] (px4_msgs) StdoutLine: {'line': b'-- Up-to-date: /home/rschnurr/SkyClaw-Team1/ros2_ws/install/px4_msgs/include/px4_msgs/px4_msgs/msg/logger_status.h\n'}
[3.209544] (px4_msgs) StdoutLine: {'line': b'-- Up-to-date: /home/rschnurr/SkyClaw-Team1/ros2_ws/install/px4_msgs/include/px4_msgs/px4_msgs/msg/ekf2_timestamps.h\n'}
[3.210114] (px4_msgs) StdoutLine: {'line': b'-- Up-to-date: /home/rschnurr/SkyClaw-Team1/ros2_ws/install/px4_msgs/include/px4_msgs/px4_msgs/msg/camera_status.h\n'}
[3.210424] (px4_msgs) StdoutLine: {'line': b'-- Up-to-date: /home/rschnurr/SkyClaw-Team1/ros2_ws/install/px4_msgs/include/px4_msgs/px4_msgs/msg/vehicle_constraints.h\n'}
[3.210804] (px4_msgs) StdoutLine: {'line': b'-- Up-to-date: /home/rschnurr/SkyClaw-Team1/ros2_ws/install/px4_msgs/include/px4_msgs/px4_msgs/msg/ping.h\n'}
[3.211173] (px4_msgs) StdoutLine: {'line': b'-- Up-to-date: /home/rschnurr/SkyClaw-Team1/ros2_ws/install/px4_msgs/include/px4_msgs/px4_msgs/msg/trajectory_setpoint6dof.h\n'}
[3.212155] (px4_msgs) StdoutLine: {'line': b'-- Up-to-date: /home/rschnurr/SkyClaw-Team1/ros2_ws/install/px4_msgs/include/px4_msgs/px4_msgs/msg/position_setpoint.h\n'}
[3.212294] (px4_msgs) StdoutLine: {'line': b'-- Up-to-date: /home/rschnurr/SkyClaw-Team1/ros2_ws/install/px4_msgs/include/px4_msgs/px4_msgs/msg/camera_capture.h\n'}
[3.212433] (px4_msgs) StdoutLine: {'line': b'-- Up-to-date: /home/rschnurr/SkyClaw-Team1/ros2_ws/install/px4_msgs/include/px4_msgs/px4_msgs/msg/gimbal_manager_set_manual_control.h\n'}
[3.212514] (px4_msgs) StdoutLine: {'line': b'-- Up-to-date: /home/rschnurr/SkyClaw-Team1/ros2_ws/install/px4_msgs/include/px4_msgs/px4_msgs/msg/log_message.h\n'}
[3.212582] (px4_msgs) StdoutLine: {'line': b'-- Up-to-date: /home/rschnurr/SkyClaw-Team1/ros2_ws/install/px4_msgs/include/px4_msgs/px4_msgs/msg/vehicle_control_mode.h\n'}
[3.212648] (px4_msgs) StdoutLine: {'line': b'-- Up-to-date: /home/rschnurr/SkyClaw-Team1/ros2_ws/install/px4_msgs/include/px4_msgs/px4_msgs/msg/internal_combustion_engine_control.h\n'}
[3.212740] (px4_msgs) StdoutLine: {'line': b'-- Up-to-date: /home/rschnurr/SkyClaw-Team1/ros2_ws/install/px4_msgs/include/px4_msgs/px4_msgs/msg/px4io_status.h\n'}
[3.212809] (px4_msgs) StdoutLine: {'line': b'-- Up-to-date: /home/rschnurr/SkyClaw-Team1/ros2_ws/install/px4_msgs/include/px4_msgs/px4_msgs/msg/yaw_estimator_status.h\n'}
[3.212874] (px4_msgs) StdoutLine: {'line': b'-- Up-to-date: /home/rschnurr/SkyClaw-Team1/ros2_ws/install/px4_msgs/include/px4_msgs/px4_msgs/msg/parameter_set_used_request.h\n'}
[3.212939] (px4_msgs) StdoutLine: {'line': b'-- Up-to-date: /home/rschnurr/SkyClaw-Team1/ros2_ws/install/px4_msgs/include/px4_msgs/px4_msgs/msg/distance_sensor_mode_change_request.h\n'}
[3.213275] (px4_msgs) StdoutLine: {'line': b'-- Up-to-date: /home/rschnurr/SkyClaw-Team1/ros2_ws/install/px4_msgs/include/px4_msgs/px4_msgs/msg/mission.h\n'}
[3.213842] (px4_msgs) StdoutLine: {'line': b'-- Up-to-date: /home/rschnurr/SkyClaw-Team1/ros2_ws/install/px4_msgs/include/px4_msgs/px4_msgs/msg/mag_worker_data.h\n'}
[3.214516] (px4_msgs) StdoutLine: {'line': b'-- Up-to-date: /home/rschnurr/SkyClaw-Team1/ros2_ws/install/px4_msgs/include/px4_msgs/px4_msgs/msg/rc_channels.h\n'}
[3.214934] (px4_msgs) StdoutLine: {'line': b'-- Up-to-date: /home/rschnurr/SkyClaw-Team1/ros2_ws/install/px4_msgs/include/px4_msgs/px4_msgs/msg/gps_inject_data.h\n'}
[3.215242] (px4_msgs) StdoutLine: {'line': b'-- Up-to-date: /home/rschnurr/SkyClaw-Team1/ros2_ws/install/px4_msgs/include/px4_msgs/px4_msgs/msg/pwm_input.h\n'}
[3.215694] (px4_msgs) StdoutLine: {'line': b'-- Up-to-date: /home/rschnurr/SkyClaw-Team1/ros2_ws/install/px4_msgs/include/px4_msgs/px4_msgs/msg/sensor_airflow.h\n'}
[3.215790] (px4_msgs) StdoutLine: {'line': b'-- Up-to-date: /home/rschnurr/SkyClaw-Team1/ros2_ws/install/px4_msgs/include/px4_msgs/px4_msgs/msg/uavcan_parameter_request.h\n'}
[3.215864] (px4_msgs) StdoutLine: {'line': b'-- Up-to-date: /home/rschnurr/SkyClaw-Team1/ros2_ws/install/px4_msgs/include/px4_msgs/px4_msgs/msg/navigator_status.h\n'}
[3.215914] (px4_msgs) StdoutLine: {'line': b'-- Up-to-date: /home/rschnurr/SkyClaw-Team1/ros2_ws/install/px4_msgs/include/px4_msgs/px4_msgs/msg/autotune_attitude_control_status.h\n'}
[3.215963] (px4_msgs) StdoutLine: {'line': b'-- Up-to-date: /home/rschnurr/SkyClaw-Team1/ros2_ws/install/px4_msgs/include/px4_msgs/px4_msgs/msg/power_button_state.h\n'}
[3.216013] (px4_msgs) StdoutLine: {'line': b'-- Up-to-date: /home/rschnurr/SkyClaw-Team1/ros2_ws/install/px4_msgs/include/px4_msgs/px4_msgs/msg/estimator_sensor_bias.h\n'}
[3.216062] (px4_msgs) StdoutLine: {'line': b'-- Up-to-date: /home/rschnurr/SkyClaw-Team1/ros2_ws/install/px4_msgs/include/px4_msgs/px4_msgs/msg/esc_report.h\n'}
[3.216108] (px4_msgs) StdoutLine: {'line': b'-- Up-to-date: /home/rschnurr/SkyClaw-Team1/ros2_ws/install/px4_msgs/include/px4_msgs/px4_msgs/msg/goto_setpoint.h\n'}
[3.216153] (px4_msgs) StdoutLine: {'line': b'-- Up-to-date: /home/rschnurr/SkyClaw-Team1/ros2_ws/install/px4_msgs/include/px4_msgs/px4_msgs/msg/qshell_req.h\n'}
[3.216196] (px4_msgs) StdoutLine: {'line': b'-- Up-to-date: /home/rschnurr/SkyClaw-Team1/ros2_ws/install/px4_msgs/include/px4_msgs/px4_msgs/msg/airspeed.h\n'}
[3.216239] (px4_msgs) StdoutLine: {'line': b'-- Up-to-date: /home/rschnurr/SkyClaw-Team1/ros2_ws/install/px4_msgs/include/px4_msgs/px4_msgs/msg/figure_eight_status.h\n'}
[3.216282] (px4_msgs) StdoutLine: {'line': b'-- Up-to-date: /home/rschnurr/SkyClaw-Team1/ros2_ws/install/px4_msgs/include/px4_msgs/px4_msgs/msg/debug_key_value.h\n'}
[3.216332] (px4_msgs) StdoutLine: {'line': b'-- Up-to-date: /home/rschnurr/SkyClaw-Team1/ros2_ws/install/px4_msgs/include/px4_msgs/px4_msgs/msg/vehicle_attitude.h\n'}
[3.216757] (px4_msgs) StdoutLine: {'line': b'-- Up-to-date: /home/rschnurr/SkyClaw-Team1/ros2_ws/install/px4_msgs/include/px4_msgs/px4_msgs/msg/open_drone_id_self_id.h\n'}
[3.217244] (px4_msgs) StdoutLine: {'line': b'-- Up-to-date: /home/rschnurr/SkyClaw-Team1/ros2_ws/install/px4_msgs/include/px4_msgs/px4_msgs/msg/sensor_gyro.h\n'}
[3.217436] (px4_msgs) StdoutLine: {'line': b'-- Up-to-date: /home/rschnurr/SkyClaw-Team1/ros2_ws/install/px4_msgs/include/px4_msgs/px4_msgs/msg/mode_completed.h\n'}
[3.217543] (px4_msgs) StdoutLine: {'line': b'-- Up-to-date: /home/rschnurr/SkyClaw-Team1/ros2_ws/install/px4_msgs/include/px4_msgs/px4_msgs/msg/battery_info.h\n'}
[3.217624] (px4_msgs) StdoutLine: {'line': b'-- Up-to-date: /home/rschnurr/SkyClaw-Team1/ros2_ws/install/px4_msgs/include/px4_msgs/px4_msgs/msg/manual_control_setpoint.h\n'}
[3.217800] (px4_msgs) StdoutLine: {'line': b'-- Up-to-date: /home/rschnurr/SkyClaw-Team1/ros2_ws/install/px4_msgs/include/px4_msgs/px4_msgs/msg/actuator_motors.h\n'}
[3.218440] (px4_msgs) StdoutLine: {'line': b'-- Up-to-date: /home/rschnurr/SkyClaw-Team1/ros2_ws/install/px4_msgs/include/px4_msgs/px4_msgs/msg/mavlink_log.h\n'}
[3.218584] (px4_msgs) StdoutLine: {'line': b'-- Up-to-date: /home/rschnurr/SkyClaw-Team1/ros2_ws/install/px4_msgs/include/px4_msgs/px4_msgs/msg/failsafe_flags.h\n'}
[3.218870] (px4_msgs) StdoutLine: {'line': b'-- Up-to-date: /home/rschnurr/SkyClaw-Team1/ros2_ws/install/px4_msgs/include/px4_msgs/px4_msgs/msg/fuel_tank_status.h\n'}
[3.219303] (px4_msgs) StdoutLine: {'line': b'-- Up-to-date: /home/rschnurr/SkyClaw-Team1/ros2_ws/install/px4_msgs/include/px4_msgs/px4_msgs/msg/esc_status.h\n'}
[3.219807] (px4_msgs) StdoutLine: {'line': b'-- Up-to-date: /home/rschnurr/SkyClaw-Team1/ros2_ws/install/px4_msgs/include/px4_msgs/px4_msgs/msg/led_control.h\n'}
[3.220209] (px4_msgs) StdoutLine: {'line': b'-- Up-to-date: /home/rschnurr/SkyClaw-Team1/ros2_ws/install/px4_msgs/include/px4_msgs/px4_msgs/msg/pure_pursuit_status.h\n'}
[3.220735] (px4_msgs) StdoutLine: {'line': b'-- Up-to-date: /home/rschnurr/SkyClaw-Team1/ros2_ws/install/px4_msgs/include/px4_msgs/px4_msgs/msg/rover_speed_setpoint.h\n'}
[3.221395] (px4_msgs) StdoutLine: {'line': b'-- Up-to-date: /home/rschnurr/SkyClaw-Team1/ros2_ws/install/px4_msgs/include/px4_msgs/px4_msgs/msg/estimator_gps_status.h\n'}
[3.221792] (px4_msgs) StdoutLine: {'line': b'-- Up-to-date: /home/rschnurr/SkyClaw-Team1/ros2_ws/install/px4_msgs/include/px4_msgs/px4_msgs/msg/gimbal_controls.h\n'}
[3.222349] (px4_msgs) StdoutLine: {'line': b'-- Up-to-date: /home/rschnurr/SkyClaw-Team1/ros2_ws/install/px4_msgs/include/px4_msgs/px4_msgs/msg/parameter_set_value_request.h\n'}
[3.222978] (px4_msgs) StdoutLine: {'line': b'-- Up-to-date: /home/rschnurr/SkyClaw-Team1/ros2_ws/install/px4_msgs/include/px4_msgs/px4_msgs/msg/sensor_gyro_fifo.h\n'}
[3.223617] (px4_msgs) StdoutLine: {'line': b'-- Up-to-date: /home/rschnurr/SkyClaw-Team1/ros2_ws/install/px4_msgs/include/px4_msgs/px4_msgs/msg/hover_thrust_estimate.h\n'}
[3.224008] (px4_msgs) StdoutLine: {'line': b'-- Up-to-date: /home/rschnurr/SkyClaw-Team1/ros2_ws/install/px4_msgs/share/px4_msgs/environment/library_path.sh\n'}
[3.224555] (px4_msgs) StdoutLine: {'line': b'-- Up-to-date: /home/rschnurr/SkyClaw-Team1/ros2_ws/install/px4_msgs/share/px4_msgs/environment/library_path.dsv\n'}
[3.224961] (px4_msgs) StdoutLine: {'line': b'-- Up-to-date: /home/rschnurr/SkyClaw-Team1/ros2_ws/install/px4_msgs/lib/libpx4_msgs__rosidl_generator_c.so\n'}
[3.225424] (px4_msgs) StdoutLine: {'line': b'-- Up-to-date: /home/rschnurr/SkyClaw-Team1/ros2_ws/install/px4_msgs/include/px4_msgs/px4_msgs\n'}
[3.226366] (px4_msgs) StdoutLine: {'line': b'-- Up-to-date: /home/rschnurr/SkyClaw-Team1/ros2_ws/install/px4_msgs/include/px4_msgs/px4_msgs/srv\n'}
[3.226746] (px4_msgs) StdoutLine: {'line': b'-- Up-to-date: /home/rschnurr/SkyClaw-Team1/ros2_ws/install/px4_msgs/include/px4_msgs/px4_msgs/srv/detail\n'}
[3.227119] (px4_msgs) StdoutLine: {'line': b'-- Up-to-date: /home/rschnurr/SkyClaw-Team1/ros2_ws/install/px4_msgs/include/px4_msgs/px4_msgs/srv/detail/vehicle_command__rosidl_typesupport_fastrtps_c.h\n'}
[3.227782] (px4_msgs) StdoutLine: {'line': b'-- Up-to-date: /home/rschnurr/SkyClaw-Team1/ros2_ws/install/px4_msgs/include/px4_msgs/px4_msgs/msg\n'}
[3.228573] (px4_msgs) StdoutLine: {'line': b'-- Up-to-date: /home/rschnurr/SkyClaw-Team1/ros2_ws/install/px4_msgs/include/px4_msgs/px4_msgs/msg/rosidl_typesupport_fastrtps_c__visibility_control.h\n'}
[3.229058] (px4_msgs) StdoutLine: {'line': b'-- Up-to-date: /home/rschnurr/SkyClaw-Team1/ros2_ws/install/px4_msgs/include/px4_msgs/px4_msgs/msg/detail\n'}
[3.229425] (px4_msgs) StdoutLine: {'line': b'-- Up-to-date: /home/rschnurr/SkyClaw-Team1/ros2_ws/install/px4_msgs/include/px4_msgs/px4_msgs/msg/detail/orb_test__rosidl_typesupport_fastrtps_c.h\n'}
[3.230028] (px4_msgs) StdoutLine: {'line': b'-- Up-to-date: /home/rschnurr/SkyClaw-Team1/ros2_ws/install/px4_msgs/include/px4_msgs/px4_msgs/msg/detail/trajectory_setpoint__rosidl_typesupport_fastrtps_c.h\n'}
[3.230526] (px4_msgs) StdoutLine: {'line': b'-- Up-to-date: /home/rschnurr/SkyClaw-Team1/ros2_ws/install/px4_msgs/include/px4_msgs/px4_msgs/msg/detail/fixed_wing_lateral_status__rosidl_typesupport_fastrtps_c.h\n'}
[3.230986] (px4_msgs) StdoutLine: {'line': b'-- Up-to-date: /home/rschnurr/SkyClaw-Team1/ros2_ws/install/px4_msgs/include/px4_msgs/px4_msgs/msg/detail/iridiumsbd_status__rosidl_typesupport_fastrtps_c.h\n'}
[3.231390] (px4_msgs) StdoutLine: {'line': b'-- Up-to-date: /home/rschnurr/SkyClaw-Team1/ros2_ws/install/px4_msgs/include/px4_msgs/px4_msgs/msg/detail/cellular_status__rosidl_typesupport_fastrtps_c.h\n'}
[3.231778] (px4_msgs) StdoutLine: {'line': b'-- Up-to-date: /home/rschnurr/SkyClaw-Team1/ros2_ws/install/px4_msgs/include/px4_msgs/px4_msgs/msg/detail/gimbal_device_information__rosidl_typesupport_fastrtps_c.h\n'}
[3.232208] (px4_msgs) StdoutLine: {'line': b'-- Up-to-date: /home/rschnurr/SkyClaw-Team1/ros2_ws/install/px4_msgs/include/px4_msgs/px4_msgs/msg/detail/vehicle_attitude_setpoint__rosidl_typesupport_fastrtps_c.h\n'}
[3.232779] (px4_msgs) StdoutLine: {'line': b'-- Up-to-date: /home/rschnurr/SkyClaw-Team1/ros2_ws/install/px4_msgs/include/px4_msgs/px4_msgs/msg/detail/sensor_combined__rosidl_typesupport_fastrtps_c.h\n'}
[3.233243] (px4_msgs) StdoutLine: {'line': b'-- Up-to-date: /home/rschnurr/SkyClaw-Team1/ros2_ws/install/px4_msgs/include/px4_msgs/px4_msgs/msg/detail/rc_parameter_map__rosidl_typesupport_fastrtps_c.h\n'}
[3.233703] (px4_msgs) StdoutLine: {'line': b'-- Up-to-date: /home/rschnurr/SkyClaw-Team1/ros2_ws/install/px4_msgs/include/px4_msgs/px4_msgs/msg/detail/estimator_status__rosidl_typesupport_fastrtps_c.h\n'}
[3.234106] (px4_msgs) StdoutLine: {'line': b'-- Up-to-date: /home/rschnurr/SkyClaw-Team1/ros2_ws/install/px4_msgs/include/px4_msgs/px4_msgs/msg/detail/sensor_airflow__rosidl_typesupport_fastrtps_c.h\n'}
[3.234746] (px4_msgs) StdoutLine: {'line': b'-- Up-to-date: /home/rschnurr/SkyClaw-Team1/ros2_ws/install/px4_msgs/include/px4_msgs/px4_msgs/msg/detail/fuel_tank_status__rosidl_typesupport_fastrtps_c.h\n'}
[3.236172] (px4_msgs) StdoutLine: {'line': b'-- Up-to-date: /home/rschnurr/SkyClaw-Team1/ros2_ws/install/px4_msgs/include/px4_msgs/px4_msgs/msg/detail/yaw_estimator_status__rosidl_typesupport_fastrtps_c.h\n'}
[3.236728] (px4_msgs) StdoutLine: {'line': b'-- Up-to-date: /home/rschnurr/SkyClaw-Team1/ros2_ws/install/px4_msgs/include/px4_msgs/px4_msgs/msg/detail/fixed_wing_lateral_setpoint__rosidl_typesupport_fastrtps_c.h\n'}
[3.237335] (px4_msgs) StdoutLine: {'line': b'-- Up-to-date: /home/rschnurr/SkyClaw-Team1/ros2_ws/install/px4_msgs/include/px4_msgs/px4_msgs/msg/detail/control_allocator_status__rosidl_typesupport_fastrtps_c.h\n'}
[3.238850] (px4_msgs) StdoutLine: {'line': b'-- Up-to-date: /home/rschnurr/SkyClaw-Team1/ros2_ws/install/px4_msgs/include/px4_msgs/px4_msgs/msg/detail/wheel_encoders__rosidl_typesupport_fastrtps_c.h\n'}
[3.239335] (px4_msgs) StdoutLine: {'line': b'-- Up-to-date: /home/rschnurr/SkyClaw-Team1/ros2_ws/install/px4_msgs/include/px4_msgs/px4_msgs/msg/detail/vehicle_control_mode__rosidl_typesupport_fastrtps_c.h\n'}
[3.239805] (px4_msgs) StdoutLine: {'line': b'-- Up-to-date: /home/rschnurr/SkyClaw-Team1/ros2_ws/install/px4_msgs/include/px4_msgs/px4_msgs/msg/detail/actuator_outputs__rosidl_typesupport_fastrtps_c.h\n'}
[3.240637] (px4_msgs) StdoutLine: {'line': b'-- Up-to-date: /home/rschnurr/SkyClaw-Team1/ros2_ws/install/px4_msgs/include/px4_msgs/px4_msgs/msg/detail/velocity_limits__rosidl_typesupport_fastrtps_c.h\n'}
[3.240814] (px4_msgs) StdoutLine: {'line': b'-- Up-to-date: /home/rschnurr/SkyClaw-Team1/ros2_ws/install/px4_msgs/include/px4_msgs/px4_msgs/msg/detail/camera_status__rosidl_typesupport_fastrtps_c.h\n'}
[3.241146] (px4_msgs) StdoutLine: {'line': b'-- Up-to-date: /home/rschnurr/SkyClaw-Team1/ros2_ws/install/px4_msgs/include/px4_msgs/px4_msgs/msg/detail/parameter_set_value_response__rosidl_typesupport_fastrtps_c.h\n'}
[3.241287] (px4_msgs) StdoutLine: {'line': b'-- Up-to-date: /home/rschnurr/SkyClaw-Team1/ros2_ws/install/px4_msgs/include/px4_msgs/px4_msgs/msg/detail/position_setpoint__rosidl_typesupport_fastrtps_c.h\n'}
[3.241445] (px4_msgs) StdoutLine: {'line': b'-- Up-to-date: /home/rschnurr/SkyClaw-Team1/ros2_ws/install/px4_msgs/include/px4_msgs/px4_msgs/msg/detail/navigator_status__rosidl_typesupport_fastrtps_c.h\n'}
[3.241882] (px4_msgs) StdoutLine: {'line': b'-- Up-to-date: /home/rschnurr/SkyClaw-Team1/ros2_ws/install/px4_msgs/include/px4_msgs/px4_msgs/msg/detail/parameter_set_value_request__rosidl_typesupport_fastrtps_c.h\n'}
[3.242328] (px4_msgs) StdoutLine: {'line': b'-- Up-to-date: /home/rschnurr/SkyClaw-Team1/ros2_ws/install/px4_msgs/include/px4_msgs/px4_msgs/msg/detail/open_drone_id_system__rosidl_typesupport_fastrtps_c.h\n'}
[3.242900] (px4_msgs) StdoutLine: {'line': b'-- Up-to-date: /home/rschnurr/SkyClaw-Team1/ros2_ws/install/px4_msgs/include/px4_msgs/px4_msgs/msg/detail/rover_rate_status__rosidl_typesupport_fastrtps_c.h\n'}
[3.243339] (px4_msgs) StdoutLine: {'line': b'-- Up-to-date: /home/rschnurr/SkyClaw-Team1/ros2_ws/install/px4_msgs/include/px4_msgs/px4_msgs/msg/detail/failsafe_flags__rosidl_typesupport_fastrtps_c.h\n'}
[3.243780] (px4_msgs) StdoutLine: {'line': b'-- Up-to-date: /home/rschnurr/SkyClaw-Team1/ros2_ws/install/px4_msgs/include/px4_msgs/px4_msgs/msg/detail/mavlink_log__rosidl_typesupport_fastrtps_c.h\n'}
[3.244529] (px4_msgs) StdoutLine: {'line': b'-- Up-to-date: /home/rschnurr/SkyClaw-Team1/ros2_ws/install/px4_msgs/include/px4_msgs/px4_msgs/msg/detail/figure_eight_status__rosidl_typesupport_fastrtps_c.h\n'}
[3.245053] (px4_msgs) StdoutLine: {'line': b'-- Up-to-date: /home/rschnurr/SkyClaw-Team1/ros2_ws/install/px4_msgs/include/px4_msgs/px4_msgs/msg/detail/esc_status__rosidl_typesupport_fastrtps_c.h\n'}
[3.245528] (px4_msgs) StdoutLine: {'line': b'-- Up-to-date: /home/rschnurr/SkyClaw-Team1/ros2_ws/install/px4_msgs/include/px4_msgs/px4_msgs/msg/detail/vehicle_torque_setpoint__rosidl_typesupport_fastrtps_c.h\n'}
[3.246196] (px4_msgs) StdoutLine: {'line': b'-- Up-to-date: /home/rschnurr/SkyClaw-Team1/ros2_ws/install/px4_msgs/include/px4_msgs/px4_msgs/msg/detail/airspeed__rosidl_typesupport_fastrtps_c.h\n'}
[3.246593] (px4_msgs) StdoutLine: {'line': b'-- Up-to-date: /home/rschnurr/SkyClaw-Team1/ros2_ws/install/px4_msgs/include/px4_msgs/px4_msgs/msg/detail/manual_control_switches__rosidl_typesupport_fastrtps_c.h\n'}
[3.246721] (px4_msgs) StdoutLine: {'line': b'-- Up-to-date: /home/rschnurr/SkyClaw-Team1/ros2_ws/install/px4_msgs/include/px4_msgs/px4_msgs/msg/detail/sensor_gyro_fifo__rosidl_typesupport_fastrtps_c.h\n'}
[3.246803] (px4_msgs) StdoutLine: {'line': b'-- Up-to-date: /home/rschnurr/SkyClaw-Team1/ros2_ws/install/px4_msgs/include/px4_msgs/px4_msgs/msg/detail/sensor_gnss_status__rosidl_typesupport_fastrtps_c.h\n'}
[3.246866] (px4_msgs) StdoutLine: {'line': b'-- Up-to-date: /home/rschnurr/SkyClaw-Team1/ros2_ws/install/px4_msgs/include/px4_msgs/px4_msgs/msg/detail/event__rosidl_typesupport_fastrtps_c.h\n'}
[3.246926] (px4_msgs) StdoutLine: {'line': b'-- Up-to-date: /home/rschnurr/SkyClaw-Team1/ros2_ws/install/px4_msgs/include/px4_msgs/px4_msgs/msg/detail/debug_array__rosidl_typesupport_fastrtps_c.h\n'}
[3.246995] (px4_msgs) StdoutLine: {'line': b'-- Up-to-date: /home/rschnurr/SkyClaw-Team1/ros2_ws/install/px4_msgs/include/px4_msgs/px4_msgs/msg/detail/longitudinal_control_configuration__rosidl_typesupport_fastrtps_c.h\n'}
[3.247061] (px4_msgs) StdoutLine: {'line': b'-- Up-to-date: /home/rschnurr/SkyClaw-Team1/ros2_ws/install/px4_msgs/include/px4_msgs/px4_msgs/msg/detail/failure_detector_status__rosidl_typesupport_fastrtps_c.h\n'}
[3.247256] (px4_msgs) StdoutLine: {'line': b'-- Up-to-date: /home/rschnurr/SkyClaw-Team1/ros2_ws/install/px4_msgs/include/px4_msgs/px4_msgs/msg/detail/fixed_wing_lateral_guidance_status__rosidl_typesupport_fastrtps_c.h\n'}
[3.247468] (px4_msgs) StdoutLine: {'line': b'-- Up-to-date: /home/rschnurr/SkyClaw-Team1/ros2_ws/install/px4_msgs/include/px4_msgs/px4_msgs/msg/detail/transponder_report__rosidl_typesupport_fastrtps_c.h\n'}
[3.247838] (px4_msgs) StdoutLine: {'line': b'-- Up-to-date: /home/rschnurr/SkyClaw-Team1/ros2_ws/install/px4_msgs/include/px4_msgs/px4_msgs/msg/detail/sensor_gps__rosidl_typesupport_fastrtps_c.h\n'}
[3.248032] (px4_msgs) StdoutLine: {'line': b'-- Up-to-date: /home/rschnurr/SkyClaw-Team1/ros2_ws/install/px4_msgs/include/px4_msgs/px4_msgs/msg/detail/rover_speed_setpoint__rosidl_typesupport_fastrtps_c.h\n'}
[3.248225] (px4_msgs) StdoutLine: {'line': b'-- Up-to-date: /home/rschnurr/SkyClaw-Team1/ros2_ws/install/px4_msgs/include/px4_msgs/px4_msgs/msg/detail/rate_ctrl_status__rosidl_typesupport_fastrtps_c.h\n'}
[3.248874] (px4_msgs) StdoutLine: {'line': b'-- Up-to-date: /home/rschnurr/SkyClaw-Team1/ros2_ws/install/px4_msgs/include/px4_msgs/px4_msgs/msg/detail/battery_info__rosidl_typesupport_fastrtps_c.h\n'}
[3.249263] (px4_msgs) StdoutLine: {'line': b'-- Up-to-date: /home/rschnurr/SkyClaw-Team1/ros2_ws/install/px4_msgs/include/px4_msgs/px4_msgs/msg/detail/ulog_stream__rosidl_typesupport_fastrtps_c.h\n'}
[3.249990] (px4_msgs) StdoutLine: {'line': b'-- Up-to-date: /home/rschnurr/SkyClaw-Team1/ros2_ws/install/px4_msgs/include/px4_msgs/px4_msgs/msg/detail/rtl_time_estimate__rosidl_typesupport_fastrtps_c.h\n'}
[3.250372] (px4_msgs) StdoutLine: {'line': b'-- Up-to-date: /home/rschnurr/SkyClaw-Team1/ros2_ws/install/px4_msgs/include/px4_msgs/px4_msgs/msg/detail/register_ext_component_reply__rosidl_typesupport_fastrtps_c.h\n'}
[3.250680] (px4_msgs) StdoutLine: {'line': b'-- Up-to-date: /home/rschnurr/SkyClaw-Team1/ros2_ws/install/px4_msgs/include/px4_msgs/px4_msgs/msg/detail/gpio_in__rosidl_typesupport_fastrtps_c.h\n'}
[3.251074] (px4_msgs) StdoutLine: {'line': b'-- Up-to-date: /home/rschnurr/SkyClaw-Team1/ros2_ws/install/px4_msgs/include/px4_msgs/px4_msgs/msg/detail/estimator_aid_source3d__rosidl_typesupport_fastrtps_c.h\n'}
[3.252071] (px4_msgs) StdoutLine: {'line': b'-- Up-to-date: /home/rschnurr/SkyClaw-Team1/ros2_ws/install/px4_msgs/include/px4_msgs/px4_msgs/msg/detail/vtol_vehicle_status__rosidl_typesupport_fastrtps_c.h\n'}
[3.252721] (px4_msgs) StdoutLine: {'line': b'-- Up-to-date: /home/rschnurr/SkyClaw-Team1/ros2_ws/install/px4_msgs/include/px4_msgs/px4_msgs/msg/detail/internal_combustion_engine_status__rosidl_typesupport_fastrtps_c.h\n'}
[3.253181] (px4_msgs) StdoutLine: {'line': b'-- Up-to-date: /home/rschnurr/SkyClaw-Team1/ros2_ws/install/px4_msgs/include/px4_msgs/px4_msgs/msg/detail/fixed_wing_longitudinal_setpoint__rosidl_typesupport_fastrtps_c.h\n'}
[3.253952] (px4_msgs) StdoutLine: {'line': b'-- Up-to-date: /home/rschnurr/SkyClaw-Team1/ros2_ws/install/px4_msgs/include/px4_msgs/px4_msgs/msg/detail/orbit_status__rosidl_typesupport_fastrtps_c.h\n'}
[3.254354] (px4_msgs) StdoutLine: {'line': b'-- Up-to-date: /home/rschnurr/SkyClaw-Team1/ros2_ws/install/px4_msgs/include/px4_msgs/px4_msgs/msg/detail/sensor_selection__rosidl_typesupport_fastrtps_c.h\n'}
[3.254774] (px4_msgs) StdoutLine: {'line': b'-- Up-to-date: /home/rschnurr/SkyClaw-Team1/ros2_ws/install/px4_msgs/include/px4_msgs/px4_msgs/msg/detail/gimbal_device_set_attitude__rosidl_typesupport_fastrtps_c.h\n'}
[3.255095] (px4_msgs) StdoutLine: {'line': b'-- Up-to-date: /home/rschnurr/SkyClaw-Team1/ros2_ws/install/px4_msgs/include/px4_msgs/px4_msgs/msg/detail/power_button_state__rosidl_typesupport_fastrtps_c.h\n'}
[3.255487] (px4_msgs) StdoutLine: {'line': b'-- Up-to-date: /home/rschnurr/SkyClaw-Team1/ros2_ws/install/px4_msgs/include/px4_msgs/px4_msgs/msg/detail/task_stack_info__rosidl_typesupport_fastrtps_c.h\n'}
[3.255831] (px4_msgs) StdoutLine: {'line': b'-- Up-to-date: /home/rschnurr/SkyClaw-Team1/ros2_ws/install/px4_msgs/include/px4_msgs/px4_msgs/msg/detail/rover_attitude_setpoint__rosidl_typesupport_fastrtps_c.h\n'}
[3.256141] (px4_msgs) StdoutLine: {'line': b'-- Up-to-date: /home/rschnurr/SkyClaw-Team1/ros2_ws/install/px4_msgs/include/px4_msgs/px4_msgs/msg/detail/power_monitor__rosidl_typesupport_fastrtps_c.h\n'}
[3.257230] (px4_msgs) StdoutLine: {'line': b'-- Up-to-date: /home/rschnurr/SkyClaw-Team1/ros2_ws/install/px4_msgs/include/px4_msgs/px4_msgs/msg/detail/navigator_mission_item__rosidl_typesupport_fastrtps_c.h\n'}
[3.257911] (px4_msgs) StdoutLine: {'line': b'-- Up-to-date: /home/rschnurr/SkyClaw-Team1/ros2_ws/install/px4_msgs/include/px4_msgs/px4_msgs/msg/detail/estimator_selector_status__rosidl_typesupport_fastrtps_c.h\n'}
[3.258388] (px4_msgs) StdoutLine: {'line': b'-- Up-to-date: /home/rschnurr/SkyClaw-Team1/ros2_ws/install/px4_msgs/include/px4_msgs/px4_msgs/msg/detail/airspeed_validated__rosidl_typesupport_fastrtps_c.h\n'}
[3.259328] (px4_msgs) StdoutLine: {'line': b'-- Up-to-date: /home/rschnurr/SkyClaw-Team1/ros2_ws/install/px4_msgs/include/px4_msgs/px4_msgs/msg/detail/hover_thrust_estimate__rosidl_typesupport_fastrtps_c.h\n'}
[3.259707] (px4_msgs) StdoutLine: {'line': b'-- Up-to-date: /home/rschnurr/SkyClaw-Team1/ros2_ws/install/px4_msgs/include/px4_msgs/px4_msgs/msg/detail/goto_setpoint__rosidl_typesupport_fastrtps_c.h\n'}
[3.260156] (px4_msgs) StdoutLine: {'line': b'-- Up-to-date: /home/rschnurr/SkyClaw-Team1/ros2_ws/install/px4_msgs/include/px4_msgs/px4_msgs/msg/detail/position_controller_status__rosidl_typesupport_fastrtps_c.h\n'}
[3.260589] (px4_msgs) StdoutLine: {'line': b'-- Up-to-date: /home/rschnurr/SkyClaw-Team1/ros2_ws/install/px4_msgs/include/px4_msgs/px4_msgs/msg/detail/follow_target__rosidl_typesupport_fastrtps_c.h\n'}
[3.261349] (px4_msgs) StdoutLine: {'line': b'-- Up-to-date: /home/rschnurr/SkyClaw-Team1/ros2_ws/install/px4_msgs/include/px4_msgs/px4_msgs/msg/detail/manual_control_setpoint__rosidl_typesupport_fastrtps_c.h\n'}
[3.261775] (px4_msgs) StdoutLine: {'line': b'-- Up-to-date: /home/rschnurr/SkyClaw-Team1/ros2_ws/install/px4_msgs/include/px4_msgs/px4_msgs/msg/detail/distance_sensor_mode_change_request__rosidl_typesupport_fastrtps_c.h\n'}
[3.262168] (px4_msgs) StdoutLine: {'line': b'-- Up-to-date: /home/rschnurr/SkyClaw-Team1/ros2_ws/install/px4_msgs/include/px4_msgs/px4_msgs/msg/detail/vehicle_imu_status__rosidl_typesupport_fastrtps_c.h\n'}
[3.262659] (px4_msgs) StdoutLine: {'line': b'-- Up-to-date: /home/rschnurr/SkyClaw-Team1/ros2_ws/install/px4_msgs/include/px4_msgs/px4_msgs/msg/detail/landing_target_pose__rosidl_typesupport_fastrtps_c.h\n'}
[3.263235] (px4_msgs) StdoutLine: {'line': b'-- Up-to-date: /home/rschnurr/SkyClaw-Team1/ros2_ws/install/px4_msgs/include/px4_msgs/px4_msgs/msg/detail/uavcan_parameter_request__rosidl_typesupport_fastrtps_c.h\n'}
[3.263354] (px4_msgs) StdoutLine: {'line': b'-- Up-to-date: /home/rschnurr/SkyClaw-Team1/ros2_ws/install/px4_msgs/include/px4_msgs/px4_msgs/msg/detail/dronecan_node_status__rosidl_typesupport_fastrtps_c.h\n'}
[3.263743] (px4_msgs) StdoutLine: {'line': b'-- Up-to-date: /home/rschnurr/SkyClaw-Team1/ros2_ws/install/px4_msgs/include/px4_msgs/px4_msgs/msg/detail/rover_rate_setpoint__rosidl_typesupport_fastrtps_c.h\n'}
[3.264102] (-) TimerEvent: {}
[3.264684] (px4_msgs) StdoutLine: {'line': b'-- Up-to-date: /home/rschnurr/SkyClaw-Team1/ros2_ws/install/px4_msgs/include/px4_msgs/px4_msgs/msg/detail/vehicle_roi__rosidl_typesupport_fastrtps_c.h\n'}
[3.265157] (px4_msgs) StdoutLine: {'line': b'-- Up-to-date: /home/rschnurr/SkyClaw-Team1/ros2_ws/install/px4_msgs/include/px4_msgs/px4_msgs/msg/detail/vehicle_status__rosidl_typesupport_fastrtps_c.h\n'}
[3.265270] (px4_msgs) StdoutLine: {'line': b'-- Up-to-date: /home/rschnurr/SkyClaw-Team1/ros2_ws/install/px4_msgs/include/px4_msgs/px4_msgs/msg/detail/vehicle_local_position_setpoint__rosidl_typesupport_fastrtps_c.h\n'}
[3.265352] (px4_msgs) StdoutLine: {'line': b'-- Up-to-date: /home/rschnurr/SkyClaw-Team1/ros2_ws/install/px4_msgs/include/px4_msgs/px4_msgs/msg/detail/landing_gear__rosidl_typesupport_fastrtps_c.h\n'}
[3.265625] (px4_msgs) StdoutLine: {'line': b'-- Up-to-date: /home/rschnurr/SkyClaw-Team1/ros2_ws/install/px4_msgs/include/px4_msgs/px4_msgs/msg/detail/collision_constraints__rosidl_typesupport_fastrtps_c.h\n'}
[3.265931] (px4_msgs) StdoutLine: {'line': b'-- Up-to-date: /home/rschnurr/SkyClaw-Team1/ros2_ws/install/px4_msgs/include/px4_msgs/px4_msgs/msg/detail/uavcan_parameter_value__rosidl_typesupport_fastrtps_c.h\n'}
[3.266294] (px4_msgs) StdoutLine: {'line': b'-- Up-to-date: /home/rschnurr/SkyClaw-Team1/ros2_ws/install/px4_msgs/include/px4_msgs/px4_msgs/msg/detail/camera_trigger__rosidl_typesupport_fastrtps_c.h\n'}
[3.267284] (px4_msgs) StdoutLine: {'line': b'-- Up-to-date: /home/rschnurr/SkyClaw-Team1/ros2_ws/install/px4_msgs/include/px4_msgs/px4_msgs/msg/detail/system_power__rosidl_typesupport_fastrtps_c.h\n'}
[3.268519] (px4_msgs) StdoutLine: {'line': b'-- Up-to-date: /home/rschnurr/SkyClaw-Team1/ros2_ws/install/px4_msgs/include/px4_msgs/px4_msgs/msg/detail/gimbal_manager_set_manual_control__rosidl_typesupport_fastrtps_c.h\n'}
[3.268924] (px4_msgs) StdoutLine: {'line': b'-- Up-to-date: /home/rschnurr/SkyClaw-Team1/ros2_ws/install/px4_msgs/include/px4_msgs/px4_msgs/msg/detail/action_request__rosidl_typesupport_fastrtps_c.h\n'}
[3.269407] (px4_msgs) StdoutLine: {'line': b'-- Up-to-date: /home/rschnurr/SkyClaw-Team1/ros2_ws/install/px4_msgs/include/px4_msgs/px4_msgs/msg/detail/gps_inject_data__rosidl_typesupport_fastrtps_c.h\n'}
[3.269855] (px4_msgs) StdoutLine: {'line': b'-- Up-to-date: /home/rschnurr/SkyClaw-Team1/ros2_ws/install/px4_msgs/include/px4_msgs/px4_msgs/msg/detail/rover_speed_status__rosidl_typesupport_fastrtps_c.h\n'}
[3.270306] (px4_msgs) StdoutLine: {'line': b'-- Up-to-date: /home/rschnurr/SkyClaw-Team1/ros2_ws/install/px4_msgs/include/px4_msgs/px4_msgs/msg/detail/log_message__rosidl_typesupport_fastrtps_c.h\n'}
[3.270622] (px4_msgs) StdoutLine: {'line': b'-- Up-to-date: /home/rschnurr/SkyClaw-Team1/ros2_ws/install/px4_msgs/include/px4_msgs/px4_msgs/msg/detail/ekf2_timestamps__rosidl_typesupport_fastrtps_c.h\n'}
[3.270921] (px4_msgs) StdoutLine: {'line': b'-- Up-to-date: /home/rschnurr/SkyClaw-Team1/ros2_ws/install/px4_msgs/include/px4_msgs/px4_msgs/msg/detail/estimator_bias3d__rosidl_typesupport_fastrtps_c.h\n'}
[3.271218] (px4_msgs) StdoutLine: {'line': b'-- Up-to-date: /home/rschnurr/SkyClaw-Team1/ros2_ws/install/px4_msgs/include/px4_msgs/px4_msgs/msg/detail/estimator_event_flags__rosidl_typesupport_fastrtps_c.h\n'}
[3.271748] (px4_msgs) StdoutLine: {'line': b'-- Up-to-date: /home/rschnurr/SkyClaw-Team1/ros2_ws/install/px4_msgs/include/px4_msgs/px4_msgs/msg/detail/neural_control__rosidl_typesupport_fastrtps_c.h\n'}
[3.271994] (px4_msgs) StdoutLine: {'line': b'-- Up-to-date: /home/rschnurr/SkyClaw-Team1/ros2_ws/install/px4_msgs/include/px4_msgs/px4_msgs/msg/detail/parameter_set_used_request__rosidl_typesupport_fastrtps_c.h\n'}
[3.272326] (px4_msgs) StdoutLine: {'line': b'-- Up-to-date: /home/rschnurr/SkyClaw-Team1/ros2_ws/install/px4_msgs/include/px4_msgs/px4_msgs/msg/detail/parameter_update__rosidl_typesupport_fastrtps_c.h\n'}
[3.272958] (px4_msgs) StdoutLine: {'line': b'-- Up-to-date: /home/rschnurr/SkyClaw-Team1/ros2_ws/install/px4_msgs/include/px4_msgs/px4_msgs/msg/detail/normalized_unsigned_setpoint__rosidl_typesupport_fastrtps_c.h\n'}
[3.273295] (px4_msgs) StdoutLine: {'line': b'-- Up-to-date: /home/rschnurr/SkyClaw-Team1/ros2_ws/install/px4_msgs/include/px4_msgs/px4_msgs/msg/detail/wind__rosidl_typesupport_fastrtps_c.h\n'}
[3.273615] (px4_msgs) StdoutLine: {'line': b'-- Up-to-date: /home/rschnurr/SkyClaw-Team1/ros2_ws/install/px4_msgs/include/px4_msgs/px4_msgs/msg/detail/vehicle_air_data__rosidl_typesupport_fastrtps_c.h\n'}
[3.273947] (px4_msgs) StdoutLine: {'line': b'-- Up-to-date: /home/rschnurr/SkyClaw-Team1/ros2_ws/install/px4_msgs/include/px4_msgs/px4_msgs/msg/detail/sensor_accel__rosidl_typesupport_fastrtps_c.h\n'}
[3.274308] (px4_msgs) StdoutLine: {'line': b'-- Up-to-date: /home/rschnurr/SkyClaw-Team1/ros2_ws/install/px4_msgs/include/px4_msgs/px4_msgs/msg/detail/sensor_mag__rosidl_typesupport_fastrtps_c.h\n'}
[3.274670] (px4_msgs) StdoutLine: {'line': b'-- Up-to-date: /home/rschnurr/SkyClaw-Team1/ros2_ws/install/px4_msgs/include/px4_msgs/px4_msgs/msg/detail/estimator_sensor_bias__rosidl_typesupport_fastrtps_c.h\n'}
[3.275238] (px4_msgs) StdoutLine: {'line': b'-- Up-to-date: /home/rschnurr/SkyClaw-Team1/ros2_ws/install/px4_msgs/include/px4_msgs/px4_msgs/msg/detail/actuator_armed__rosidl_typesupport_fastrtps_c.h\n'}
[3.275370] (px4_msgs) StdoutLine: {'line': b'-- Up-to-date: /home/rschnurr/SkyClaw-Team1/ros2_ws/install/px4_msgs/include/px4_msgs/px4_msgs/msg/detail/radio_status__rosidl_typesupport_fastrtps_c.h\n'}
[3.275915] (px4_msgs) StdoutLine: {'line': b'-- Up-to-date: /home/rschnurr/SkyClaw-Team1/ros2_ws/install/px4_msgs/include/px4_msgs/px4_msgs/msg/detail/open_drone_id_arm_status__rosidl_typesupport_fastrtps_c.h\n'}
[3.276023] (px4_msgs) StdoutLine: {'line': b'-- Up-to-date: /home/rschnurr/SkyClaw-Team1/ros2_ws/install/px4_msgs/include/px4_msgs/px4_msgs/msg/detail/sensor_accel_fifo__rosidl_typesupport_fastrtps_c.h\n'}
[3.276091] (px4_msgs) StdoutLine: {'line': b'-- Up-to-date: /home/rschnurr/SkyClaw-Team1/ros2_ws/install/px4_msgs/include/px4_msgs/px4_msgs/msg/detail/landing_gear_wheel__rosidl_typesupport_fastrtps_c.h\n'}
[3.276147] (px4_msgs) StdoutLine: {'line': b'-- Up-to-date: /home/rschnurr/SkyClaw-Team1/ros2_ws/install/px4_msgs/include/px4_msgs/px4_msgs/msg/detail/button_event__rosidl_typesupport_fastrtps_c.h\n'}
[3.276197] (px4_msgs) StdoutLine: {'line': b'-- Up-to-date: /home/rschnurr/SkyClaw-Team1/ros2_ws/install/px4_msgs/include/px4_msgs/px4_msgs/msg/detail/estimator_innovations__rosidl_typesupport_fastrtps_c.h\n'}
[3.276246] (px4_msgs) StdoutLine: {'line': b'-- Up-to-date: /home/rschnurr/SkyClaw-Team1/ros2_ws/install/px4_msgs/include/px4_msgs/px4_msgs/msg/detail/debug_vect__rosidl_typesupport_fastrtps_c.h\n'}
[3.276292] (px4_msgs) StdoutLine: {'line': b'-- Up-to-date: /home/rschnurr/SkyClaw-Team1/ros2_ws/install/px4_msgs/include/px4_msgs/px4_msgs/msg/detail/gimbal_manager_set_attitude__rosidl_typesupport_fastrtps_c.h\n'}
[3.276338] (px4_msgs) StdoutLine: {'line': b'-- Up-to-date: /home/rschnurr/SkyClaw-Team1/ros2_ws/install/px4_msgs/include/px4_msgs/px4_msgs/msg/detail/sensor_preflight_mag__rosidl_typesupport_fastrtps_c.h\n'}
[3.276565] (px4_msgs) StdoutLine: {'line': b'-- Up-to-date: /home/rschnurr/SkyClaw-Team1/ros2_ws/install/px4_msgs/include/px4_msgs/px4_msgs/msg/detail/sensors_status__rosidl_typesupport_fastrtps_c.h\n'}
[3.276639] (px4_msgs) StdoutLine: {'line': b'-- Up-to-date: /home/rschnurr/SkyClaw-Team1/ros2_ws/install/px4_msgs/include/px4_msgs/px4_msgs/msg/detail/gimbal_manager_information__rosidl_typesupport_fastrtps_c.h\n'}
[3.276700] (px4_msgs) StdoutLine: {'line': b'-- Up-to-date: /home/rschnurr/SkyClaw-Team1/ros2_ws/install/px4_msgs/include/px4_msgs/px4_msgs/msg/detail/sensor_gyro_fft__rosidl_typesupport_fastrtps_c.h\n'}
[3.276754] (px4_msgs) StdoutLine: {'line': b'-- Up-to-date: /home/rschnurr/SkyClaw-Team1/ros2_ws/install/px4_msgs/include/px4_msgs/px4_msgs/msg/detail/vehicle_thrust_setpoint__rosidl_typesupport_fastrtps_c.h\n'}
[3.276801] (px4_msgs) StdoutLine: {'line': b'-- Up-to-date: /home/rschnurr/SkyClaw-Team1/ros2_ws/install/px4_msgs/include/px4_msgs/px4_msgs/msg/detail/rtl_status__rosidl_typesupport_fastrtps_c.h\n'}
[3.276852] (px4_msgs) StdoutLine: {'line': b'-- Up-to-date: /home/rschnurr/SkyClaw-Team1/ros2_ws/install/px4_msgs/include/px4_msgs/px4_msgs/msg/detail/follow_target_estimator__rosidl_typesupport_fastrtps_c.h\n'}
[3.276901] (px4_msgs) StdoutLine: {'line': b'-- Up-to-date: /home/rschnurr/SkyClaw-Team1/ros2_ws/install/px4_msgs/include/px4_msgs/px4_msgs/msg/detail/mavlink_tunnel__rosidl_typesupport_fastrtps_c.h\n'}
[3.276954] (px4_msgs) StdoutLine: {'line': b'-- Up-to-date: /home/rschnurr/SkyClaw-Team1/ros2_ws/install/px4_msgs/include/px4_msgs/px4_msgs/msg/detail/follow_target_status__rosidl_typesupport_fastrtps_c.h\n'}
[3.277001] (px4_msgs) StdoutLine: {'line': b'-- Up-to-date: /home/rschnurr/SkyClaw-Team1/ros2_ws/install/px4_msgs/include/px4_msgs/px4_msgs/msg/detail/config_overrides__rosidl_typesupport_fastrtps_c.h\n'}
[3.277045] (px4_msgs) StdoutLine: {'line': b'-- Up-to-date: /home/rschnurr/SkyClaw-Team1/ros2_ws/install/px4_msgs/include/px4_msgs/px4_msgs/msg/detail/message_format_response__rosidl_typesupport_fastrtps_c.h\n'}
[3.277096] (px4_msgs) StdoutLine: {'line': b'-- Up-to-date: /home/rschnurr/SkyClaw-Team1/ros2_ws/install/px4_msgs/include/px4_msgs/px4_msgs/msg/detail/camera_capture__rosidl_typesupport_fastrtps_c.h\n'}
[3.277139] (px4_msgs) StdoutLine: {'line': b'-- Up-to-date: /home/rschnurr/SkyClaw-Team1/ros2_ws/install/px4_msgs/include/px4_msgs/px4_msgs/msg/detail/vehicle_imu__rosidl_typesupport_fastrtps_c.h\n'}
[3.277182] (px4_msgs) StdoutLine: {'line': b'-- Up-to-date: /home/rschnurr/SkyClaw-Team1/ros2_ws/install/px4_msgs/include/px4_msgs/px4_msgs/msg/detail/led_control__rosidl_typesupport_fastrtps_c.h\n'}
[3.277239] (px4_msgs) StdoutLine: {'line': b'-- Up-to-date: /home/rschnurr/SkyClaw-Team1/ros2_ws/install/px4_msgs/include/px4_msgs/px4_msgs/msg/detail/sensor_optical_flow__rosidl_typesupport_fastrtps_c.h\n'}
[3.277488] (px4_msgs) StdoutLine: {'line': b'-- Up-to-date: /home/rschnurr/SkyClaw-Team1/ros2_ws/install/px4_msgs/include/px4_msgs/px4_msgs/msg/detail/estimator_gps_status__rosidl_typesupport_fastrtps_c.h\n'}
[3.277679] (px4_msgs) StdoutLine: {'line': b'-- Up-to-date: /home/rschnurr/SkyClaw-Team1/ros2_ws/install/px4_msgs/include/px4_msgs/px4_msgs/msg/detail/esc_report__rosidl_typesupport_fastrtps_c.h\n'}
[3.277831] (px4_msgs) StdoutLine: {'line': b'-- Up-to-date: /home/rschnurr/SkyClaw-Team1/ros2_ws/install/px4_msgs/include/px4_msgs/px4_msgs/msg/detail/estimator_states__rosidl_typesupport_fastrtps_c.h\n'}
[3.277995] (px4_msgs) StdoutLine: {'line': b'-- Up-to-date: /home/rschnurr/SkyClaw-Team1/ros2_ws/install/px4_msgs/include/px4_msgs/px4_msgs/msg/detail/qshell_req__rosidl_typesupport_fastrtps_c.h\n'}
[3.278089] (px4_msgs) StdoutLine: {'line': b'-- Up-to-date: /home/rschnurr/SkyClaw-Team1/ros2_ws/install/px4_msgs/include/px4_msgs/px4_msgs/msg/detail/differential_pressure__rosidl_typesupport_fastrtps_c.h\n'}
[3.278149] (px4_msgs) StdoutLine: {'line': b'-- Up-to-date: /home/rschnurr/SkyClaw-Team1/ros2_ws/install/px4_msgs/include/px4_msgs/px4_msgs/msg/detail/autotune_attitude_control_status__rosidl_typesupport_fastrtps_c.h\n'}
[3.278219] (px4_msgs) StdoutLine: {'line': b'-- Up-to-date: /home/rschnurr/SkyClaw-Team1/ros2_ws/install/px4_msgs/include/px4_msgs/px4_msgs/msg/detail/message_format_request__rosidl_typesupport_fastrtps_c.h\n'}
[3.278279] (px4_msgs) StdoutLine: {'line': b'-- Up-to-date: /home/rschnurr/SkyClaw-Team1/ros2_ws/install/px4_msgs/include/px4_msgs/px4_msgs/msg/detail/home_position__rosidl_typesupport_fastrtps_c.h\n'}
[3.278337] (px4_msgs) StdoutLine: {'line': b'-- Up-to-date: /home/rschnurr/SkyClaw-Team1/ros2_ws/install/px4_msgs/include/px4_msgs/px4_msgs/msg/detail/gimbal_controls__rosidl_typesupport_fastrtps_c.h\n'}
[3.278406] (px4_msgs) StdoutLine: {'line': b'-- Up-to-date: /home/rschnurr/SkyClaw-Team1/ros2_ws/install/px4_msgs/include/px4_msgs/px4_msgs/msg/detail/gpio_out__rosidl_typesupport_fastrtps_c.h\n'}
[3.278574] (px4_msgs) StdoutLine: {'line': b'-- Up-to-date: /home/rschnurr/SkyClaw-Team1/ros2_ws/install/px4_msgs/include/px4_msgs/px4_msgs/msg/detail/cpuload__rosidl_typesupport_fastrtps_c.h\n'}
[3.278730] (px4_msgs) StdoutLine: {'line': b'-- Up-to-date: /home/rschnurr/SkyClaw-Team1/ros2_ws/install/px4_msgs/include/px4_msgs/px4_msgs/msg/detail/gps_dump__rosidl_typesupport_fastrtps_c.h\n'}
[3.278933] (px4_msgs) StdoutLine: {'line': b'-- Up-to-date: /home/rschnurr/SkyClaw-Team1/ros2_ws/install/px4_msgs/include/px4_msgs/px4_msgs/msg/detail/mode_completed__rosidl_typesupport_fastrtps_c.h\n'}
[3.279061] (px4_msgs) StdoutLine: {'line': b'-- Up-to-date: /home/rschnurr/SkyClaw-Team1/ros2_ws/install/px4_msgs/include/px4_msgs/px4_msgs/msg/detail/rover_steering_setpoint__rosidl_typesupport_fastrtps_c.h\n'}
[3.279133] (px4_msgs) StdoutLine: {'line': b'-- Up-to-date: /home/rschnurr/SkyClaw-Team1/ros2_ws/install/px4_msgs/include/px4_msgs/px4_msgs/msg/detail/health_report__rosidl_typesupport_fastrtps_c.h\n'}
[3.279227] (px4_msgs) StdoutLine: {'line': b'-- Up-to-date: /home/rschnurr/SkyClaw-Team1/ros2_ws/install/px4_msgs/include/px4_msgs/px4_msgs/msg/detail/vehicle_land_detected__rosidl_typesupport_fastrtps_c.h\n'}
[3.279370] (px4_msgs) StdoutLine: {'line': b'-- Up-to-date: /home/rschnurr/SkyClaw-Team1/ros2_ws/install/px4_msgs/include/px4_msgs/px4_msgs/msg/detail/open_drone_id_self_id__rosidl_typesupport_fastrtps_c.h\n'}
[3.279458] (px4_msgs) StdoutLine: {'line': b'-- Up-to-date: /home/rschnurr/SkyClaw-Team1/ros2_ws/install/px4_msgs/include/px4_msgs/px4_msgs/msg/detail/battery_status__rosidl_typesupport_fastrtps_c.h\n'}
[3.279743] (px4_msgs) StdoutLine: {'line': b'-- Up-to-date: /home/rschnurr/SkyClaw-Team1/ros2_ws/install/px4_msgs/include/px4_msgs/px4_msgs/msg/detail/debug_value__rosidl_typesupport_fastrtps_c.h\n'}
[3.279851] (px4_msgs) StdoutLine: {'line': b'-- Up-to-date: /home/rschnurr/SkyClaw-Team1/ros2_ws/install/px4_msgs/include/px4_msgs/px4_msgs/msg/detail/trajectory_setpoint6dof__rosidl_typesupport_fastrtps_c.h\n'}
[3.279929] (px4_msgs) StdoutLine: {'line': b'-- Up-to-date: /home/rschnurr/SkyClaw-Team1/ros2_ws/install/px4_msgs/include/px4_msgs/px4_msgs/msg/detail/gpio_config__rosidl_typesupport_fastrtps_c.h\n'}
[3.279997] (px4_msgs) StdoutLine: {'line': b'-- Up-to-date: /home/rschnurr/SkyClaw-Team1/ros2_ws/install/px4_msgs/include/px4_msgs/px4_msgs/msg/detail/landing_target_innovations__rosidl_typesupport_fastrtps_c.h\n'}
[3.280073] (px4_msgs) StdoutLine: {'line': b'-- Up-to-date: /home/rschnurr/SkyClaw-Team1/ros2_ws/install/px4_msgs/include/px4_msgs/px4_msgs/msg/detail/vehicle_magnetometer__rosidl_typesupport_fastrtps_c.h\n'}
[3.280137] (px4_msgs) StdoutLine: {'line': b'-- Up-to-date: /home/rschnurr/SkyClaw-Team1/ros2_ws/install/px4_msgs/include/px4_msgs/px4_msgs/msg/detail/tune_control__rosidl_typesupport_fastrtps_c.h\n'}
[3.280207] (px4_msgs) StdoutLine: {'line': b'-- Up-to-date: /home/rschnurr/SkyClaw-Team1/ros2_ws/install/px4_msgs/include/px4_msgs/px4_msgs/msg/detail/px4io_status__rosidl_typesupport_fastrtps_c.h\n'}
[3.280273] (px4_msgs) StdoutLine: {'line': b'-- Up-to-date: /home/rschnurr/SkyClaw-Team1/ros2_ws/install/px4_msgs/include/px4_msgs/px4_msgs/msg/detail/pps_capture__rosidl_typesupport_fastrtps_c.h\n'}
[3.280380] (px4_msgs) StdoutLine: {'line': b'-- Up-to-date: /home/rschnurr/SkyClaw-Team1/ros2_ws/install/px4_msgs/include/px4_msgs/px4_msgs/msg/detail/rover_attitude_status__rosidl_typesupport_fastrtps_c.h\n'}
[3.280500] (px4_msgs) StdoutLine: {'line': b'-- Up-to-date: /home/rschnurr/SkyClaw-Team1/ros2_ws/install/px4_msgs/include/px4_msgs/px4_msgs/msg/detail/unregister_ext_component__rosidl_typesupport_fastrtps_c.h\n'}
[3.280565] (px4_msgs) StdoutLine: {'line': b'-- Up-to-date: /home/rschnurr/SkyClaw-Team1/ros2_ws/install/px4_msgs/include/px4_msgs/px4_msgs/msg/detail/vehicle_acceleration__rosidl_typesupport_fastrtps_c.h\n'}
[3.280629] (px4_msgs) StdoutLine: {'line': b'-- Up-to-date: /home/rschnurr/SkyClaw-Team1/ros2_ws/install/px4_msgs/include/px4_msgs/px4_msgs/msg/detail/irlock_report__rosidl_typesupport_fastrtps_c.h\n'}
[3.280693] (px4_msgs) StdoutLine: {'line': b'-- Up-to-date: /home/rschnurr/SkyClaw-Team1/ros2_ws/install/px4_msgs/include/px4_msgs/px4_msgs/msg/detail/pure_pursuit_status__rosidl_typesupport_fastrtps_c.h\n'}
[3.280796] (px4_msgs) StdoutLine: {'line': b'-- Up-to-date: /home/rschnurr/SkyClaw-Team1/ros2_ws/install/px4_msgs/include/px4_msgs/px4_msgs/msg/detail/tiltrotor_extra_controls__rosidl_typesupport_fastrtps_c.h\n'}
[3.280955] (px4_msgs) StdoutLine: {'line': b'-- Up-to-date: /home/rschnurr/SkyClaw-Team1/ros2_ws/install/px4_msgs/include/px4_msgs/px4_msgs/msg/detail/obstacle_distance__rosidl_typesupport_fastrtps_c.h\n'}
[3.281152] (px4_msgs) StdoutLine: {'line': b'-- Up-to-date: /home/rschnurr/SkyClaw-Team1/ros2_ws/install/px4_msgs/include/px4_msgs/px4_msgs/msg/detail/actuator_servos_trim__rosidl_typesupport_fastrtps_c.h\n'}
[3.281318] (px4_msgs) StdoutLine: {'line': b'-- Up-to-date: /home/rschnurr/SkyClaw-Team1/ros2_ws/install/px4_msgs/include/px4_msgs/px4_msgs/msg/detail/mount_orientation__rosidl_typesupport_fastrtps_c.h\n'}
[3.281494] (px4_msgs) StdoutLine: {'line': b'-- Up-to-date: /home/rschnurr/SkyClaw-Team1/ros2_ws/install/px4_msgs/include/px4_msgs/px4_msgs/msg/detail/launch_detection_status__rosidl_typesupport_fastrtps_c.h\n'}
[3.281657] (px4_msgs) StdoutLine: {'line': b'-- Up-to-date: /home/rschnurr/SkyClaw-Team1/ros2_ws/install/px4_msgs/include/px4_msgs/px4_msgs/msg/detail/arming_check_request__rosidl_typesupport_fastrtps_c.h\n'}
[3.281828] (px4_msgs) StdoutLine: {'line': b'-- Up-to-date: /home/rschnurr/SkyClaw-Team1/ros2_ws/install/px4_msgs/include/px4_msgs/px4_msgs/msg/detail/mission__rosidl_typesupport_fastrtps_c.h\n'}
[3.281993] (px4_msgs) StdoutLine: {'line': b'-- Up-to-date: /home/rschnurr/SkyClaw-Team1/ros2_ws/install/px4_msgs/include/px4_msgs/px4_msgs/msg/detail/register_ext_component_request__rosidl_typesupport_fastrtps_c.h\n'}
[3.282087] (px4_msgs) StdoutLine: {'line': b'-- Up-to-date: /home/rschnurr/SkyClaw-Team1/ros2_ws/install/px4_msgs/include/px4_msgs/px4_msgs/msg/detail/vehicle_angular_acceleration_setpoint__rosidl_typesupport_fastrtps_c.h\n'}
[3.282161] (px4_msgs) StdoutLine: {'line': b'-- Up-to-date: /home/rschnurr/SkyClaw-Team1/ros2_ws/install/px4_msgs/include/px4_msgs/px4_msgs/msg/detail/estimator_bias__rosidl_typesupport_fastrtps_c.h\n'}
[3.282228] (px4_msgs) StdoutLine: {'line': b'-- Up-to-date: /home/rschnurr/SkyClaw-Team1/ros2_ws/install/px4_msgs/include/px4_msgs/px4_msgs/msg/detail/sensor_gyro__rosidl_typesupport_fastrtps_c.h\n'}
[3.282290] (px4_msgs) StdoutLine: {'line': b'-- Up-to-date: /home/rschnurr/SkyClaw-Team1/ros2_ws/install/px4_msgs/include/px4_msgs/px4_msgs/msg/detail/pwm_input__rosidl_typesupport_fastrtps_c.h\n'}
[3.282371] (px4_msgs) StdoutLine: {'line': b'-- Up-to-date: /home/rschnurr/SkyClaw-Team1/ros2_ws/install/px4_msgs/include/px4_msgs/px4_msgs/msg/detail/gimbal_manager_status__rosidl_typesupport_fastrtps_c.h\n'}
[3.282425] (px4_msgs) StdoutLine: {'line': b'-- Up-to-date: /home/rschnurr/SkyClaw-Team1/ros2_ws/install/px4_msgs/include/px4_msgs/px4_msgs/msg/detail/ping__rosidl_typesupport_fastrtps_c.h\n'}
[3.282484] (px4_msgs) StdoutLine: {'line': b'-- Up-to-date: /home/rschnurr/SkyClaw-Team1/ros2_ws/install/px4_msgs/include/px4_msgs/px4_msgs/msg/detail/actuator_controls_status__rosidl_typesupport_fastrtps_c.h\n'}
[3.282550] (px4_msgs) StdoutLine: {'line': b'-- Up-to-date: /home/rschnurr/SkyClaw-Team1/ros2_ws/install/px4_msgs/include/px4_msgs/px4_msgs/msg/detail/geofence_status__rosidl_typesupport_fastrtps_c.h\n'}
[3.282620] (px4_msgs) StdoutLine: {'line': b'-- Up-to-date: /home/rschnurr/SkyClaw-Team1/ros2_ws/install/px4_msgs/include/px4_msgs/px4_msgs/msg/detail/sensor_baro__rosidl_typesupport_fastrtps_c.h\n'}
[3.282696] (px4_msgs) StdoutLine: {'line': b'-- Up-to-date: /home/rschnurr/SkyClaw-Team1/ros2_ws/install/px4_msgs/include/px4_msgs/px4_msgs/msg/detail/gripper__rosidl_typesupport_fastrtps_c.h\n'}
[3.282768] (px4_msgs) StdoutLine: {'line': b'-- Up-to-date: /home/rschnurr/SkyClaw-Team1/ros2_ws/install/px4_msgs/include/px4_msgs/px4_msgs/msg/detail/sensors_status_imu__rosidl_typesupport_fastrtps_c.h\n'}
[3.282912] (px4_msgs) StdoutLine: {'line': b'-- Up-to-date: /home/rschnurr/SkyClaw-Team1/ros2_ws/install/px4_msgs/include/px4_msgs/px4_msgs/msg/detail/magnetometer_bias_estimate__rosidl_typesupport_fastrtps_c.h\n'}
[3.283029] (px4_msgs) StdoutLine: {'line': b'-- Up-to-date: /home/rschnurr/SkyClaw-Team1/ros2_ws/install/px4_msgs/include/px4_msgs/px4_msgs/msg/detail/takeoff_status__rosidl_typesupport_fastrtps_c.h\n'}
[3.283093] (px4_msgs) StdoutLine: {'line': b'-- Up-to-date: /home/rschnurr/SkyClaw-Team1/ros2_ws/install/px4_msgs/include/px4_msgs/px4_msgs/msg/detail/open_drone_id_operator_id__rosidl_typesupport_fastrtps_c.h\n'}
[3.283145] (px4_msgs) StdoutLine: {'line': b'-- Up-to-date: /home/rschnurr/SkyClaw-Team1/ros2_ws/install/px4_msgs/include/px4_msgs/px4_msgs/msg/detail/position_setpoint_triplet__rosidl_typesupport_fastrtps_c.h\n'}
[3.283196] (px4_msgs) StdoutLine: {'line': b'-- Up-to-date: /home/rschnurr/SkyClaw-Team1/ros2_ws/install/px4_msgs/include/px4_msgs/px4_msgs/msg/detail/airspeed_wind__rosidl_typesupport_fastrtps_c.h\n'}
[3.283244] (px4_msgs) StdoutLine: {'line': b'-- Up-to-date: /home/rschnurr/SkyClaw-Team1/ros2_ws/install/px4_msgs/include/px4_msgs/px4_msgs/msg/detail/onboard_computer_status__rosidl_typesupport_fastrtps_c.h\n'}
[3.283443] (px4_msgs) StdoutLine: {'line': b'-- Up-to-date: /home/rschnurr/SkyClaw-Team1/ros2_ws/install/px4_msgs/include/px4_msgs/px4_msgs/msg/detail/arming_check_reply__rosidl_typesupport_fastrtps_c.h\n'}
[3.283556] (px4_msgs) StdoutLine: {'line': b'-- Up-to-date: /home/rschnurr/SkyClaw-Team1/ros2_ws/install/px4_msgs/include/px4_msgs/px4_msgs/msg/detail/internal_combustion_engine_control__rosidl_typesupport_fastrtps_c.h\n'}
[3.283621] (px4_msgs) StdoutLine: {'line': b'-- Up-to-date: /home/rschnurr/SkyClaw-Team1/ros2_ws/install/px4_msgs/include/px4_msgs/px4_msgs/msg/detail/vehicle_rates_setpoint__rosidl_typesupport_fastrtps_c.h\n'}
[3.283681] (px4_msgs) StdoutLine: {'line': b'-- Up-to-date: /home/rschnurr/SkyClaw-Team1/ros2_ws/install/px4_msgs/include/px4_msgs/px4_msgs/msg/detail/input_rc__rosidl_typesupport_fastrtps_c.h\n'}
[3.283830] (px4_msgs) StdoutLine: {'line': b'-- Up-to-date: /home/rschnurr/SkyClaw-Team1/ros2_ws/install/px4_msgs/include/px4_msgs/px4_msgs/msg/detail/logger_status__rosidl_typesupport_fastrtps_c.h\n'}
[3.283947] (px4_msgs) StdoutLine: {'line': b'-- Up-to-date: /home/rschnurr/SkyClaw-Team1/ros2_ws/install/px4_msgs/include/px4_msgs/px4_msgs/msg/detail/telemetry_status__rosidl_typesupport_fastrtps_c.h\n'}
[3.284006] (px4_msgs) StdoutLine: {'line': b'-- Up-to-date: /home/rschnurr/SkyClaw-Team1/ros2_ws/install/px4_msgs/include/px4_msgs/px4_msgs/msg/detail/qshell_retval__rosidl_typesupport_fastrtps_c.h\n'}
[3.284066] (px4_msgs) StdoutLine: {'line': b'-- Up-to-date: /home/rschnurr/SkyClaw-Team1/ros2_ws/install/px4_msgs/include/px4_msgs/px4_msgs/msg/detail/vehicle_command_ack__rosidl_typesupport_fastrtps_c.h\n'}
[3.284116] (px4_msgs) StdoutLine: {'line': b'-- Up-to-date: /home/rschnurr/SkyClaw-Team1/ros2_ws/install/px4_msgs/include/px4_msgs/px4_msgs/msg/detail/estimator_aid_source2d__rosidl_typesupport_fastrtps_c.h\n'}
[3.284166] (px4_msgs) StdoutLine: {'line': b'-- Up-to-date: /home/rschnurr/SkyClaw-Team1/ros2_ws/install/px4_msgs/include/px4_msgs/px4_msgs/msg/detail/sensor_correction__rosidl_typesupport_fastrtps_c.h\n'}
[3.284252] (px4_msgs) StdoutLine: {'line': b'-- Up-to-date: /home/rschnurr/SkyClaw-Team1/ros2_ws/install/px4_msgs/include/px4_msgs/px4_msgs/msg/detail/geofence_result__rosidl_typesupport_fastrtps_c.h\n'}
[3.284337] (px4_msgs) StdoutLine: {'line': b'-- Up-to-date: /home/rschnurr/SkyClaw-Team1/ros2_ws/install/px4_msgs/include/px4_msgs/px4_msgs/msg/detail/mission_result__rosidl_typesupport_fastrtps_c.h\n'}
[3.284558] (px4_msgs) StdoutLine: {'line': b'-- Up-to-date: /home/rschnurr/SkyClaw-Team1/ros2_ws/install/px4_msgs/include/px4_msgs/px4_msgs/msg/detail/vehicle_optical_flow_vel__rosidl_typesupport_fastrtps_c.h\n'}
[3.284674] (px4_msgs) StdoutLine: {'line': b'-- Up-to-date: /home/rschnurr/SkyClaw-Team1/ros2_ws/install/px4_msgs/include/px4_msgs/px4_msgs/msg/detail/parameter_reset_request__rosidl_typesupport_fastrtps_c.h\n'}
[3.284735] (px4_msgs) StdoutLine: {'line': b'-- Up-to-date: /home/rschnurr/SkyClaw-Team1/ros2_ws/install/px4_msgs/include/px4_msgs/px4_msgs/msg/detail/rover_throttle_setpoint__rosidl_typesupport_fastrtps_c.h\n'}
[3.284860] (px4_msgs) StdoutLine: {'line': b'-- Up-to-date: /home/rschnurr/SkyClaw-Team1/ros2_ws/install/px4_msgs/include/px4_msgs/px4_msgs/msg/detail/vehicle_command__rosidl_typesupport_fastrtps_c.h\n'}
[3.284949] (px4_msgs) StdoutLine: {'line': b'-- Up-to-date: /home/rschnurr/SkyClaw-Team1/ros2_ws/install/px4_msgs/include/px4_msgs/px4_msgs/msg/detail/actuator_servos__rosidl_typesupport_fastrtps_c.h\n'}
[3.285018] (px4_msgs) StdoutLine: {'line': b'-- Up-to-date: /home/rschnurr/SkyClaw-Team1/ros2_ws/install/px4_msgs/include/px4_msgs/px4_msgs/msg/detail/generator_status__rosidl_typesupport_fastrtps_c.h\n'}
[3.285100] (px4_msgs) StdoutLine: {'line': b'-- Up-to-date: /home/rschnurr/SkyClaw-Team1/ros2_ws/install/px4_msgs/include/px4_msgs/px4_msgs/msg/detail/heater_status__rosidl_typesupport_fastrtps_c.h\n'}
[3.285221] (px4_msgs) StdoutLine: {'line': b'-- Up-to-date: /home/rschnurr/SkyClaw-Team1/ros2_ws/install/px4_msgs/include/px4_msgs/px4_msgs/msg/detail/actuator_test__rosidl_typesupport_fastrtps_c.h\n'}
[3.285385] (px4_msgs) StdoutLine: {'line': b'-- Up-to-date: /home/rschnurr/SkyClaw-Team1/ros2_ws/install/px4_msgs/include/px4_msgs/px4_msgs/msg/detail/gimbal_device_attitude_status__rosidl_typesupport_fastrtps_c.h\n'}
[3.286199] (px4_msgs) StdoutLine: {'line': b'-- Up-to-date: /home/rschnurr/SkyClaw-Team1/ros2_ws/install/px4_msgs/include/px4_msgs/px4_msgs/msg/detail/adc_report__rosidl_typesupport_fastrtps_c.h\n'}
[3.286629] (px4_msgs) StdoutLine: {'line': b'-- Up-to-date: /home/rschnurr/SkyClaw-Team1/ros2_ws/install/px4_msgs/include/px4_msgs/px4_msgs/msg/detail/vehicle_constraints__rosidl_typesupport_fastrtps_c.h\n'}
[3.286800] (px4_msgs) StdoutLine: {'line': b'-- Up-to-date: /home/rschnurr/SkyClaw-Team1/ros2_ws/install/px4_msgs/include/px4_msgs/px4_msgs/msg/detail/vehicle_odometry__rosidl_typesupport_fastrtps_c.h\n'}
[3.286885] (px4_msgs) StdoutLine: {'line': b'-- Up-to-date: /home/rschnurr/SkyClaw-Team1/ros2_ws/install/px4_msgs/include/px4_msgs/px4_msgs/msg/detail/estimator_aid_source1d__rosidl_typesupport_fastrtps_c.h\n'}
[3.286952] (px4_msgs) StdoutLine: {'line': b'-- Up-to-date: /home/rschnurr/SkyClaw-Team1/ros2_ws/install/px4_msgs/include/px4_msgs/px4_msgs/msg/detail/gpio_request__rosidl_typesupport_fastrtps_c.h\n'}
[3.287015] (px4_msgs) StdoutLine: {'line': b'-- Up-to-date: /home/rschnurr/SkyClaw-Team1/ros2_ws/install/px4_msgs/include/px4_msgs/px4_msgs/msg/detail/actuator_motors__rosidl_typesupport_fastrtps_c.h\n'}
[3.287078] (px4_msgs) StdoutLine: {'line': b'-- Up-to-date: /home/rschnurr/SkyClaw-Team1/ros2_ws/install/px4_msgs/include/px4_msgs/px4_msgs/msg/detail/sensor_gnss_relative__rosidl_typesupport_fastrtps_c.h\n'}
[3.287141] (px4_msgs) StdoutLine: {'line': b'-- Up-to-date: /home/rschnurr/SkyClaw-Team1/ros2_ws/install/px4_msgs/include/px4_msgs/px4_msgs/msg/detail/vehicle_optical_flow__rosidl_typesupport_fastrtps_c.h\n'}
[3.287202] (px4_msgs) StdoutLine: {'line': b'-- Up-to-date: /home/rschnurr/SkyClaw-Team1/ros2_ws/install/px4_msgs/include/px4_msgs/px4_msgs/msg/detail/rc_channels__rosidl_typesupport_fastrtps_c.h\n'}
[3.287431] (px4_msgs) StdoutLine: {'line': b'-- Up-to-date: /home/rschnurr/SkyClaw-Team1/ros2_ws/install/px4_msgs/include/px4_msgs/px4_msgs/msg/detail/mag_worker_data__rosidl_typesupport_fastrtps_c.h\n'}
[3.287531] (px4_msgs) StdoutLine: {'line': b'-- Up-to-date: /home/rschnurr/SkyClaw-Team1/ros2_ws/install/px4_msgs/include/px4_msgs/px4_msgs/msg/detail/estimator_status_flags__rosidl_typesupport_fastrtps_c.h\n'}
[3.287606] (px4_msgs) StdoutLine: {'line': b'-- Up-to-date: /home/rschnurr/SkyClaw-Team1/ros2_ws/install/px4_msgs/include/px4_msgs/px4_msgs/msg/detail/orb_test_medium__rosidl_typesupport_fastrtps_c.h\n'}
[3.287675] (px4_msgs) StdoutLine: {'line': b'-- Up-to-date: /home/rschnurr/SkyClaw-Team1/ros2_ws/install/px4_msgs/include/px4_msgs/px4_msgs/msg/detail/satellite_info__rosidl_typesupport_fastrtps_c.h\n'}
[3.287747] (px4_msgs) StdoutLine: {'line': b'-- Up-to-date: /home/rschnurr/SkyClaw-Team1/ros2_ws/install/px4_msgs/include/px4_msgs/px4_msgs/msg/detail/ulog_stream_ack__rosidl_typesupport_fastrtps_c.h\n'}
[3.287812] (px4_msgs) StdoutLine: {'line': b'-- Up-to-date: /home/rschnurr/SkyClaw-Team1/ros2_ws/install/px4_msgs/include/px4_msgs/px4_msgs/msg/detail/vehicle_local_position__rosidl_typesupport_fastrtps_c.h\n'}
[3.287894] (px4_msgs) StdoutLine: {'line': b'-- Up-to-date: /home/rschnurr/SkyClaw-Team1/ros2_ws/install/px4_msgs/include/px4_msgs/px4_msgs/msg/detail/fixed_wing_runway_control__rosidl_typesupport_fastrtps_c.h\n'}
[3.287964] (px4_msgs) StdoutLine: {'line': b'-- Up-to-date: /home/rschnurr/SkyClaw-Team1/ros2_ws/install/px4_msgs/include/px4_msgs/px4_msgs/msg/detail/lateral_control_configuration__rosidl_typesupport_fastrtps_c.h\n'}
[3.288032] (px4_msgs) StdoutLine: {'line': b'-- Up-to-date: /home/rschnurr/SkyClaw-Team1/ros2_ws/install/px4_msgs/include/px4_msgs/px4_msgs/msg/detail/rpm__rosidl_typesupport_fastrtps_c.h\n'}
[3.288597] (px4_msgs) StdoutLine: {'line': b'-- Up-to-date: /home/rschnurr/SkyClaw-Team1/ros2_ws/install/px4_msgs/include/px4_msgs/px4_msgs/msg/detail/offboard_control_mode__rosidl_typesupport_fastrtps_c.h\n'}
[3.288788] (px4_msgs) StdoutLine: {'line': b'-- Up-to-date: /home/rschnurr/SkyClaw-Team1/ros2_ws/install/px4_msgs/include/px4_msgs/px4_msgs/msg/detail/can_interface_status__rosidl_typesupport_fastrtps_c.h\n'}
[3.288879] (px4_msgs) StdoutLine: {'line': b'-- Up-to-date: /home/rschnurr/SkyClaw-Team1/ros2_ws/install/px4_msgs/include/px4_msgs/px4_msgs/msg/detail/flight_phase_estimation__rosidl_typesupport_fastrtps_c.h\n'}
[3.288953] (px4_msgs) StdoutLine: {'line': b'-- Up-to-date: /home/rschnurr/SkyClaw-Team1/ros2_ws/install/px4_msgs/include/px4_msgs/px4_msgs/msg/detail/sensor_hygrometer__rosidl_typesupport_fastrtps_c.h\n'}
[3.289021] (px4_msgs) StdoutLine: {'line': b'-- Up-to-date: /home/rschnurr/SkyClaw-Team1/ros2_ws/install/px4_msgs/include/px4_msgs/px4_msgs/msg/detail/distance_sensor__rosidl_typesupport_fastrtps_c.h\n'}
[3.289115] (px4_msgs) StdoutLine: {'line': b'-- Up-to-date: /home/rschnurr/SkyClaw-Team1/ros2_ws/install/px4_msgs/include/px4_msgs/px4_msgs/msg/detail/dataman_request__rosidl_typesupport_fastrtps_c.h\n'}
[3.289291] (px4_msgs) StdoutLine: {'line': b'-- Up-to-date: /home/rschnurr/SkyClaw-Team1/ros2_ws/install/px4_msgs/include/px4_msgs/px4_msgs/msg/detail/dataman_response__rosidl_typesupport_fastrtps_c.h\n'}
[3.289469] (px4_msgs) StdoutLine: {'line': b'-- Up-to-date: /home/rschnurr/SkyClaw-Team1/ros2_ws/install/px4_msgs/include/px4_msgs/px4_msgs/msg/detail/sensor_uwb__rosidl_typesupport_fastrtps_c.h\n'}
[3.289560] (px4_msgs) StdoutLine: {'line': b'-- Up-to-date: /home/rschnurr/SkyClaw-Team1/ros2_ws/install/px4_msgs/include/px4_msgs/px4_msgs/msg/detail/rover_position_setpoint__rosidl_typesupport_fastrtps_c.h\n'}
[3.289631] (px4_msgs) StdoutLine: {'line': b'-- Up-to-date: /home/rschnurr/SkyClaw-Team1/ros2_ws/install/px4_msgs/include/px4_msgs/px4_msgs/msg/detail/debug_key_value__rosidl_typesupport_fastrtps_c.h\n'}
[3.289778] (px4_msgs) StdoutLine: {'line': b'-- Up-to-date: /home/rschnurr/SkyClaw-Team1/ros2_ws/install/px4_msgs/include/px4_msgs/px4_msgs/msg/detail/timesync_status__rosidl_typesupport_fastrtps_c.h\n'}
[3.289924] (px4_msgs) StdoutLine: {'line': b'-- Up-to-date: /home/rschnurr/SkyClaw-Team1/ros2_ws/install/px4_msgs/include/px4_msgs/px4_msgs/msg/detail/position_controller_landing_status__rosidl_typesupport_fastrtps_c.h\n'}
[3.290024] (px4_msgs) StdoutLine: {'line': b'-- Up-to-date: /home/rschnurr/SkyClaw-Team1/ros2_ws/install/px4_msgs/include/px4_msgs/px4_msgs/msg/detail/tecs_status__rosidl_typesupport_fastrtps_c.h\n'}
[3.290100] (px4_msgs) StdoutLine: {'line': b'-- Up-to-date: /home/rschnurr/SkyClaw-Team1/ros2_ws/install/px4_msgs/include/px4_msgs/px4_msgs/msg/detail/vehicle_angular_velocity__rosidl_typesupport_fastrtps_c.h\n'}
[3.290180] (px4_msgs) StdoutLine: {'line': b'-- Up-to-date: /home/rschnurr/SkyClaw-Team1/ros2_ws/install/px4_msgs/include/px4_msgs/px4_msgs/msg/detail/orb_test_large__rosidl_typesupport_fastrtps_c.h\n'}
[3.290322] (px4_msgs) StdoutLine: {'line': b'-- Up-to-date: /home/rschnurr/SkyClaw-Team1/ros2_ws/install/px4_msgs/include/px4_msgs/px4_msgs/msg/detail/vehicle_global_position__rosidl_typesupport_fastrtps_c.h\n'}
[3.290475] (px4_msgs) StdoutLine: {'line': b'-- Up-to-date: /home/rschnurr/SkyClaw-Team1/ros2_ws/install/px4_msgs/include/px4_msgs/px4_msgs/msg/detail/vehicle_attitude__rosidl_typesupport_fastrtps_c.h\n'}
[3.290614] (px4_msgs) StdoutLine: {'line': b'-- Up-to-date: /home/rschnurr/SkyClaw-Team1/ros2_ws/install/px4_msgs/lib/libpx4_msgs__rosidl_typesupport_fastrtps_c.so\n'}
[3.290698] (px4_msgs) StdoutLine: {'line': b'-- Up-to-date: /home/rschnurr/SkyClaw-Team1/ros2_ws/install/px4_msgs/include/px4_msgs/px4_msgs\n'}
[3.290768] (px4_msgs) StdoutLine: {'line': b'-- Up-to-date: /home/rschnurr/SkyClaw-Team1/ros2_ws/install/px4_msgs/include/px4_msgs/px4_msgs/srv\n'}
[3.290834] (px4_msgs) StdoutLine: {'line': b'-- Up-to-date: /home/rschnurr/SkyClaw-Team1/ros2_ws/install/px4_msgs/include/px4_msgs/px4_msgs/srv/detail\n'}
[3.290963] (px4_msgs) StdoutLine: {'line': b'-- Up-to-date: /home/rschnurr/SkyClaw-Team1/ros2_ws/install/px4_msgs/include/px4_msgs/px4_msgs/srv/detail/vehicle_command__struct.hpp\n'}
[3.291063] (px4_msgs) StdoutLine: {'line': b'-- Up-to-date: /home/rschnurr/SkyClaw-Team1/ros2_ws/install/px4_msgs/include/px4_msgs/px4_msgs/srv/detail/vehicle_command__builder.hpp\n'}
[3.291210] (px4_msgs) StdoutLine: {'line': b'-- Up-to-date: /home/rschnurr/SkyClaw-Team1/ros2_ws/install/px4_msgs/include/px4_msgs/px4_msgs/srv/detail/vehicle_command__traits.hpp\n'}
[3.291349] (px4_msgs) StdoutLine: {'line': b'-- Up-to-date: /home/rschnurr/SkyClaw-Team1/ros2_ws/install/px4_msgs/include/px4_msgs/px4_msgs/srv/detail/vehicle_command__type_support.hpp\n'}
[3.291428] (px4_msgs) StdoutLine: {'line': b'-- Up-to-date: /home/rschnurr/SkyClaw-Team1/ros2_ws/install/px4_msgs/include/px4_msgs/px4_msgs/srv/vehicle_command.hpp\n'}
[3.291497] (px4_msgs) StdoutLine: {'line': b'-- Up-to-date: /home/rschnurr/SkyClaw-Team1/ros2_ws/install/px4_msgs/include/px4_msgs/px4_msgs/msg\n'}
[3.291562] (px4_msgs) StdoutLine: {'line': b'-- Up-to-date: /home/rschnurr/SkyClaw-Team1/ros2_ws/install/px4_msgs/include/px4_msgs/px4_msgs/msg/sensor_correction.hpp\n'}
[3.291625] (px4_msgs) StdoutLine: {'line': b'-- Up-to-date: /home/rschnurr/SkyClaw-Team1/ros2_ws/install/px4_msgs/include/px4_msgs/px4_msgs/msg/pwm_input.hpp\n'}
[3.291687] (px4_msgs) StdoutLine: {'line': b'-- Up-to-date: /home/rschnurr/SkyClaw-Team1/ros2_ws/install/px4_msgs/include/px4_msgs/px4_msgs/msg/gimbal_manager_set_manual_control.hpp\n'}
[3.291751] (px4_msgs) StdoutLine: {'line': b'-- Up-to-date: /home/rschnurr/SkyClaw-Team1/ros2_ws/install/px4_msgs/include/px4_msgs/px4_msgs/msg/manual_control_setpoint.hpp\n'}
[3.291813] (px4_msgs) StdoutLine: {'line': b'-- Up-to-date: /home/rschnurr/SkyClaw-Team1/ros2_ws/install/px4_msgs/include/px4_msgs/px4_msgs/msg/arming_check_reply.hpp\n'}
[3.291883] (px4_msgs) StdoutLine: {'line': b'-- Up-to-date: /home/rschnurr/SkyClaw-Team1/ros2_ws/install/px4_msgs/include/px4_msgs/px4_msgs/msg/dronecan_node_status.hpp\n'}
[3.291960] (px4_msgs) StdoutLine: {'line': b'-- Up-to-date: /home/rschnurr/SkyClaw-Team1/ros2_ws/install/px4_msgs/include/px4_msgs/px4_msgs/msg/takeoff_status.hpp\n'}
[3.292022] (px4_msgs) StdoutLine: {'line': b'-- Up-to-date: /home/rschnurr/SkyClaw-Team1/ros2_ws/install/px4_msgs/include/px4_msgs/px4_msgs/msg/sensor_gnss_relative.hpp\n'}
[3.292097] (px4_msgs) StdoutLine: {'line': b'-- Up-to-date: /home/rschnurr/SkyClaw-Team1/ros2_ws/install/px4_msgs/include/px4_msgs/px4_msgs/msg/ping.hpp\n'}
[3.292157] (px4_msgs) StdoutLine: {'line': b'-- Up-to-date: /home/rschnurr/SkyClaw-Team1/ros2_ws/install/px4_msgs/include/px4_msgs/px4_msgs/msg/sensor_mag.hpp\n'}
[3.292216] (px4_msgs) StdoutLine: {'line': b'-- Up-to-date: /home/rschnurr/SkyClaw-Team1/ros2_ws/install/px4_msgs/include/px4_msgs/px4_msgs/msg/vehicle_acceleration.hpp\n'}
[3.292277] (px4_msgs) StdoutLine: {'line': b'-- Up-to-date: /home/rschnurr/SkyClaw-Team1/ros2_ws/install/px4_msgs/include/px4_msgs/px4_msgs/msg/ulog_stream.hpp\n'}
[3.292450] (px4_msgs) StdoutLine: {'line': b'-- Up-to-date: /home/rschnurr/SkyClaw-Team1/ros2_ws/install/px4_msgs/include/px4_msgs/px4_msgs/msg/wheel_encoders.hpp\n'}
[3.292573] (px4_msgs) StdoutLine: {'line': b'-- Up-to-date: /home/rschnurr/SkyClaw-Team1/ros2_ws/install/px4_msgs/include/px4_msgs/px4_msgs/msg/trajectory_setpoint.hpp\n'}
[3.292638] (px4_msgs) StdoutLine: {'line': b'-- Up-to-date: /home/rschnurr/SkyClaw-Team1/ros2_ws/install/px4_msgs/include/px4_msgs/px4_msgs/msg/goto_setpoint.hpp\n'}
[3.292690] (px4_msgs) StdoutLine: {'line': b'-- Up-to-date: /home/rschnurr/SkyClaw-Team1/ros2_ws/install/px4_msgs/include/px4_msgs/px4_msgs/msg/sensor_airflow.hpp\n'}
[3.292738] (px4_msgs) StdoutLine: {'line': b'-- Up-to-date: /home/rschnurr/SkyClaw-Team1/ros2_ws/install/px4_msgs/include/px4_msgs/px4_msgs/msg/velocity_limits.hpp\n'}
[3.292783] (px4_msgs) StdoutLine: {'line': b'-- Up-to-date: /home/rschnurr/SkyClaw-Team1/ros2_ws/install/px4_msgs/include/px4_msgs/px4_msgs/msg/gps_dump.hpp\n'}
[3.292827] (px4_msgs) StdoutLine: {'line': b'-- Up-to-date: /home/rschnurr/SkyClaw-Team1/ros2_ws/install/px4_msgs/include/px4_msgs/px4_msgs/msg/rpm.hpp\n'}
[3.292965] (px4_msgs) StdoutLine: {'line': b'-- Up-to-date: /home/rschnurr/SkyClaw-Team1/ros2_ws/install/px4_msgs/include/px4_msgs/px4_msgs/msg/gpio_config.hpp\n'}
[3.293043] (px4_msgs) StdoutLine: {'line': b'-- Up-to-date: /home/rschnurr/SkyClaw-Team1/ros2_ws/install/px4_msgs/include/px4_msgs/px4_msgs/msg/mission.hpp\n'}
[3.293103] (px4_msgs) StdoutLine: {'line': b'-- Up-to-date: /home/rschnurr/SkyClaw-Team1/ros2_ws/install/px4_msgs/include/px4_msgs/px4_msgs/msg/estimator_innovations.hpp\n'}
[3.293194] (px4_msgs) StdoutLine: {'line': b'-- Up-to-date: /home/rschnurr/SkyClaw-Team1/ros2_ws/install/px4_msgs/include/px4_msgs/px4_msgs/msg/button_event.hpp\n'}
[3.293365] (px4_msgs) StdoutLine: {'line': b'-- Up-to-date: /home/rschnurr/SkyClaw-Team1/ros2_ws/install/px4_msgs/include/px4_msgs/px4_msgs/msg/offboard_control_mode.hpp\n'}
[3.293484] (px4_msgs) StdoutLine: {'line': b'-- Up-to-date: /home/rschnurr/SkyClaw-Team1/ros2_ws/install/px4_msgs/include/px4_msgs/px4_msgs/msg/message_format_request.hpp\n'}
[3.293607] (px4_msgs) StdoutLine: {'line': b'-- Up-to-date: /home/rschnurr/SkyClaw-Team1/ros2_ws/install/px4_msgs/include/px4_msgs/px4_msgs/msg/gripper.hpp\n'}
[3.293740] (px4_msgs) StdoutLine: {'line': b'-- Up-to-date: /home/rschnurr/SkyClaw-Team1/ros2_ws/install/px4_msgs/include/px4_msgs/px4_msgs/msg/sensor_gyro_fft.hpp\n'}
[3.293834] (px4_msgs) StdoutLine: {'line': b'-- Up-to-date: /home/rschnurr/SkyClaw-Team1/ros2_ws/install/px4_msgs/include/px4_msgs/px4_msgs/msg/geofence_status.hpp\n'}
[3.293924] (px4_msgs) StdoutLine: {'line': b'-- Up-to-date: /home/rschnurr/SkyClaw-Team1/ros2_ws/install/px4_msgs/include/px4_msgs/px4_msgs/msg/vehicle_torque_setpoint.hpp\n'}
[3.293988] (px4_msgs) StdoutLine: {'line': b'-- Up-to-date: /home/rschnurr/SkyClaw-Team1/ros2_ws/install/px4_msgs/include/px4_msgs/px4_msgs/msg/gimbal_device_set_attitude.hpp\n'}
[3.294117] (px4_msgs) StdoutLine: {'line': b'-- Up-to-date: /home/rschnurr/SkyClaw-Team1/ros2_ws/install/px4_msgs/include/px4_msgs/px4_msgs/msg/estimator_gps_status.hpp\n'}
[3.294274] (px4_msgs) StdoutLine: {'line': b'-- Up-to-date: /home/rschnurr/SkyClaw-Team1/ros2_ws/install/px4_msgs/include/px4_msgs/px4_msgs/msg/orb_test_medium.hpp\n'}
[3.294434] (px4_msgs) StdoutLine: {'line': b'-- Up-to-date: /home/rschnurr/SkyClaw-Team1/ros2_ws/install/px4_msgs/include/px4_msgs/px4_msgs/msg/sensor_gnss_status.hpp\n'}
[3.294530] (px4_msgs) StdoutLine: {'line': b'-- Up-to-date: /home/rschnurr/SkyClaw-Team1/ros2_ws/install/px4_msgs/include/px4_msgs/px4_msgs/msg/vehicle_air_data.hpp\n'}
[3.294606] (px4_msgs) StdoutLine: {'line': b'-- Up-to-date: /home/rschnurr/SkyClaw-Team1/ros2_ws/install/px4_msgs/include/px4_msgs/px4_msgs/msg/follow_target_estimator.hpp\n'}
[3.294673] (px4_msgs) StdoutLine: {'line': b'-- Up-to-date: /home/rschnurr/SkyClaw-Team1/ros2_ws/install/px4_msgs/include/px4_msgs/px4_msgs/msg/debug_value.hpp\n'}
[3.294735] (px4_msgs) StdoutLine: {'line': b'-- Up-to-date: /home/rschnurr/SkyClaw-Team1/ros2_ws/install/px4_msgs/include/px4_msgs/px4_msgs/msg/vehicle_rates_setpoint.hpp\n'}
[3.294804] (px4_msgs) StdoutLine: {'line': b'-- Up-to-date: /home/rschnurr/SkyClaw-Team1/ros2_ws/install/px4_msgs/include/px4_msgs/px4_msgs/msg/log_message.hpp\n'}
[3.294869] (px4_msgs) StdoutLine: {'line': b'-- Up-to-date: /home/rschnurr/SkyClaw-Team1/ros2_ws/install/px4_msgs/include/px4_msgs/px4_msgs/msg/uavcan_parameter_value.hpp\n'}
[3.294933] (px4_msgs) StdoutLine: {'line': b'-- Up-to-date: /home/rschnurr/SkyClaw-Team1/ros2_ws/install/px4_msgs/include/px4_msgs/px4_msgs/msg/collision_constraints.hpp\n'}
[3.294995] (px4_msgs) StdoutLine: {'line': b'-- Up-to-date: /home/rschnurr/SkyClaw-Team1/ros2_ws/install/px4_msgs/include/px4_msgs/px4_msgs/msg/rover_position_setpoint.hpp\n'}
[3.295058] (px4_msgs) StdoutLine: {'line': b'-- Up-to-date: /home/rschnurr/SkyClaw-Team1/ros2_ws/install/px4_msgs/include/px4_msgs/px4_msgs/msg/tune_control.hpp\n'}
[3.295138] (px4_msgs) StdoutLine: {'line': b'-- Up-to-date: /home/rschnurr/SkyClaw-Team1/ros2_ws/install/px4_msgs/include/px4_msgs/px4_msgs/msg/open_drone_id_arm_status.hpp\n'}
[3.295302] (px4_msgs) StdoutLine: {'line': b'-- Up-to-date: /home/rschnurr/SkyClaw-Team1/ros2_ws/install/px4_msgs/include/px4_msgs/px4_msgs/msg/tecs_status.hpp\n'}
[3.295374] (px4_msgs) StdoutLine: {'line': b'-- Up-to-date: /home/rschnurr/SkyClaw-Team1/ros2_ws/install/px4_msgs/include/px4_msgs/px4_msgs/msg/vehicle_attitude_setpoint.hpp\n'}
[3.295431] (px4_msgs) StdoutLine: {'line': b'-- Up-to-date: /home/rschnurr/SkyClaw-Team1/ros2_ws/install/px4_msgs/include/px4_msgs/px4_msgs/msg/rate_ctrl_status.hpp\n'}
[3.295485] (px4_msgs) StdoutLine: {'line': b'-- Up-to-date: /home/rschnurr/SkyClaw-Team1/ros2_ws/install/px4_msgs/include/px4_msgs/px4_msgs/msg/navigator_mission_item.hpp\n'}
[3.295533] (px4_msgs) StdoutLine: {'line': b'-- Up-to-date: /home/rschnurr/SkyClaw-Team1/ros2_ws/install/px4_msgs/include/px4_msgs/px4_msgs/msg/rc_parameter_map.hpp\n'}
[3.295578] (px4_msgs) StdoutLine: {'line': b'-- Up-to-date: /home/rschnurr/SkyClaw-Team1/ros2_ws/install/px4_msgs/include/px4_msgs/px4_msgs/msg/parameter_set_value_request.hpp\n'}
[3.295625] (px4_msgs) StdoutLine: {'line': b'-- Up-to-date: /home/rschnurr/SkyClaw-Team1/ros2_ws/install/px4_msgs/include/px4_msgs/px4_msgs/msg/sensor_accel_fifo.hpp\n'}
[3.295671] (px4_msgs) StdoutLine: {'line': b'-- Up-to-date: /home/rschnurr/SkyClaw-Team1/ros2_ws/install/px4_msgs/include/px4_msgs/px4_msgs/msg/iridiumsbd_status.hpp\n'}
[3.295717] (px4_msgs) StdoutLine: {'line': b'-- Up-to-date: /home/rschnurr/SkyClaw-Team1/ros2_ws/install/px4_msgs/include/px4_msgs/px4_msgs/msg/rtl_time_estimate.hpp\n'}
[3.295760] (px4_msgs) StdoutLine: {'line': b'-- Up-to-date: /home/rschnurr/SkyClaw-Team1/ros2_ws/install/px4_msgs/include/px4_msgs/px4_msgs/msg/open_drone_id_system.hpp\n'}
[3.295811] (px4_msgs) StdoutLine: {'line': b'-- Up-to-date: /home/rschnurr/SkyClaw-Team1/ros2_ws/install/px4_msgs/include/px4_msgs/px4_msgs/msg/rover_rate_status.hpp\n'}
[3.295869] (px4_msgs) StdoutLine: {'line': b'-- Up-to-date: /home/rschnurr/SkyClaw-Team1/ros2_ws/install/px4_msgs/include/px4_msgs/px4_msgs/msg/mavlink_log.hpp\n'}
[3.295912] (px4_msgs) StdoutLine: {'line': b'-- Up-to-date: /home/rschnurr/SkyClaw-Team1/ros2_ws/install/px4_msgs/include/px4_msgs/px4_msgs/msg/radio_status.hpp\n'}
[3.295953] (px4_msgs) StdoutLine: {'line': b'-- Up-to-date: /home/rschnurr/SkyClaw-Team1/ros2_ws/install/px4_msgs/include/px4_msgs/px4_msgs/msg/parameter_reset_request.hpp\n'}
[3.295996] (px4_msgs) StdoutLine: {'line': b'-- Up-to-date: /home/rschnurr/SkyClaw-Team1/ros2_ws/install/px4_msgs/include/px4_msgs/px4_msgs/msg/follow_target_status.hpp\n'}
[3.296037] (px4_msgs) StdoutLine: {'line': b'-- Up-to-date: /home/rschnurr/SkyClaw-Team1/ros2_ws/install/px4_msgs/include/px4_msgs/px4_msgs/msg/distance_sensor.hpp\n'}
[3.296082] (px4_msgs) StdoutLine: {'line': b'-- Up-to-date: /home/rschnurr/SkyClaw-Team1/ros2_ws/install/px4_msgs/include/px4_msgs/px4_msgs/msg/telemetry_status.hpp\n'}
[3.296126] (px4_msgs) StdoutLine: {'line': b'-- Up-to-date: /home/rschnurr/SkyClaw-Team1/ros2_ws/install/px4_msgs/include/px4_msgs/px4_msgs/msg/vehicle_angular_acceleration_setpoint.hpp\n'}
[3.296179] (px4_msgs) StdoutLine: {'line': b'-- Up-to-date: /home/rschnurr/SkyClaw-Team1/ros2_ws/install/px4_msgs/include/px4_msgs/px4_msgs/msg/generator_status.hpp\n'}
[3.296236] (px4_msgs) StdoutLine: {'line': b'-- Up-to-date: /home/rschnurr/SkyClaw-Team1/ros2_ws/install/px4_msgs/include/px4_msgs/px4_msgs/msg/timesync_status.hpp\n'}
[3.296483] (px4_msgs) StdoutLine: {'line': b'-- Up-to-date: /home/rschnurr/SkyClaw-Team1/ros2_ws/install/px4_msgs/include/px4_msgs/px4_msgs/msg/failsafe_flags.hpp\n'}
[3.296625] (px4_msgs) StdoutLine: {'line': b'-- Up-to-date: /home/rschnurr/SkyClaw-Team1/ros2_ws/install/px4_msgs/include/px4_msgs/px4_msgs/msg/gps_inject_data.hpp\n'}
[3.296763] (px4_msgs) StdoutLine: {'line': b'-- Up-to-date: /home/rschnurr/SkyClaw-Team1/ros2_ws/install/px4_msgs/include/px4_msgs/px4_msgs/msg/gimbal_manager_information.hpp\n'}
[3.296880] (px4_msgs) StdoutLine: {'line': b'-- Up-to-date: /home/rschnurr/SkyClaw-Team1/ros2_ws/install/px4_msgs/include/px4_msgs/px4_msgs/msg/vehicle_thrust_setpoint.hpp\n'}
[3.297010] (px4_msgs) StdoutLine: {'line': b'-- Up-to-date: /home/rschnurr/SkyClaw-Team1/ros2_ws/install/px4_msgs/include/px4_msgs/px4_msgs/msg/vehicle_constraints.hpp\n'}
[3.297148] (px4_msgs) StdoutLine: {'line': b'-- Up-to-date: /home/rschnurr/SkyClaw-Team1/ros2_ws/install/px4_msgs/include/px4_msgs/px4_msgs/msg/lateral_control_configuration.hpp\n'}
[3.297336] (px4_msgs) StdoutLine: {'line': b'-- Up-to-date: /home/rschnurr/SkyClaw-Team1/ros2_ws/install/px4_msgs/include/px4_msgs/px4_msgs/msg/gimbal_device_information.hpp\n'}
[3.297517] (px4_msgs) StdoutLine: {'line': b'-- Up-to-date: /home/rschnurr/SkyClaw-Team1/ros2_ws/install/px4_msgs/include/px4_msgs/px4_msgs/msg/home_position.hpp\n'}
[3.297617] (px4_msgs) StdoutLine: {'line': b'-- Up-to-date: /home/rschnurr/SkyClaw-Team1/ros2_ws/install/px4_msgs/include/px4_msgs/px4_msgs/msg/trajectory_setpoint6dof.hpp\n'}
[3.297696] (px4_msgs) StdoutLine: {'line': b'-- Up-to-date: /home/rschnurr/SkyClaw-Team1/ros2_ws/install/px4_msgs/include/px4_msgs/px4_msgs/msg/orbit_status.hpp\n'}
[3.297837] (px4_msgs) StdoutLine: {'line': b'-- Up-to-date: /home/rschnurr/SkyClaw-Team1/ros2_ws/install/px4_msgs/include/px4_msgs/px4_msgs/msg/actuator_motors.hpp\n'}
[3.297958] (px4_msgs) StdoutLine: {'line': b'-- Up-to-date: /home/rschnurr/SkyClaw-Team1/ros2_ws/install/px4_msgs/include/px4_msgs/px4_msgs/msg/vehicle_angular_velocity.hpp\n'}
[3.298112] (px4_msgs) StdoutLine: {'line': b'-- Up-to-date: /home/rschnurr/SkyClaw-Team1/ros2_ws/install/px4_msgs/include/px4_msgs/px4_msgs/msg/geofence_result.hpp\n'}
[3.298245] (px4_msgs) StdoutLine: {'line': b'-- Up-to-date: /home/rschnurr/SkyClaw-Team1/ros2_ws/install/px4_msgs/include/px4_msgs/px4_msgs/msg/open_drone_id_operator_id.hpp\n'}
[3.298324] (px4_msgs) StdoutLine: {'line': b'-- Up-to-date: /home/rschnurr/SkyClaw-Team1/ros2_ws/install/px4_msgs/include/px4_msgs/px4_msgs/msg/register_ext_component_request.hpp\n'}
[3.298399] (px4_msgs) StdoutLine: {'line': b'-- Up-to-date: /home/rschnurr/SkyClaw-Team1/ros2_ws/install/px4_msgs/include/px4_msgs/px4_msgs/msg/uavcan_parameter_request.hpp\n'}
[3.298449] (px4_msgs) StdoutLine: {'line': b'-- Up-to-date: /home/rschnurr/SkyClaw-Team1/ros2_ws/install/px4_msgs/include/px4_msgs/px4_msgs/msg/rover_steering_setpoint.hpp\n'}
[3.298501] (px4_msgs) StdoutLine: {'line': b'-- Up-to-date: /home/rschnurr/SkyClaw-Team1/ros2_ws/install/px4_msgs/include/px4_msgs/px4_msgs/msg/actuator_test.hpp\n'}
[3.298552] (px4_msgs) StdoutLine: {'line': b'-- Up-to-date: /home/rschnurr/SkyClaw-Team1/ros2_ws/install/px4_msgs/include/px4_msgs/px4_msgs/msg/power_monitor.hpp\n'}
[3.298677] (px4_msgs) StdoutLine: {'line': b'-- Up-to-date: /home/rschnurr/SkyClaw-Team1/ros2_ws/install/px4_msgs/include/px4_msgs/px4_msgs/msg/rover_speed_setpoint.hpp\n'}
[3.298777] (px4_msgs) StdoutLine: {'line': b'-- Up-to-date: /home/rschnurr/SkyClaw-Team1/ros2_ws/install/px4_msgs/include/px4_msgs/px4_msgs/msg/fixed_wing_runway_control.hpp\n'}
[3.298841] (px4_msgs) StdoutLine: {'line': b'-- Up-to-date: /home/rschnurr/SkyClaw-Team1/ros2_ws/install/px4_msgs/include/px4_msgs/px4_msgs/msg/landing_gear.hpp\n'}
[3.298900] (px4_msgs) StdoutLine: {'line': b'-- Up-to-date: /home/rschnurr/SkyClaw-Team1/ros2_ws/install/px4_msgs/include/px4_msgs/px4_msgs/msg/yaw_estimator_status.hpp\n'}
[3.298964] (px4_msgs) StdoutLine: {'line': b'-- Up-to-date: /home/rschnurr/SkyClaw-Team1/ros2_ws/install/px4_msgs/include/px4_msgs/px4_msgs/msg/mission_result.hpp\n'}
[3.299019] (px4_msgs) StdoutLine: {'line': b'-- Up-to-date: /home/rschnurr/SkyClaw-Team1/ros2_ws/install/px4_msgs/include/px4_msgs/px4_msgs/msg/airspeed_validated.hpp\n'}
[3.299064] (px4_msgs) StdoutLine: {'line': b'-- Up-to-date: /home/rschnurr/SkyClaw-Team1/ros2_ws/install/px4_msgs/include/px4_msgs/px4_msgs/msg/onboard_computer_status.hpp\n'}
[3.299112] (px4_msgs) StdoutLine: {'line': b'-- Up-to-date: /home/rschnurr/SkyClaw-Team1/ros2_ws/install/px4_msgs/include/px4_msgs/px4_msgs/msg/camera_trigger.hpp\n'}
[3.299238] (px4_msgs) StdoutLine: {'line': b'-- Up-to-date: /home/rschnurr/SkyClaw-Team1/ros2_ws/install/px4_msgs/include/px4_msgs/px4_msgs/msg/vtol_vehicle_status.hpp\n'}
[3.299339] (px4_msgs) StdoutLine: {'line': b'-- Up-to-date: /home/rschnurr/SkyClaw-Team1/ros2_ws/install/px4_msgs/include/px4_msgs/px4_msgs/msg/estimator_selector_status.hpp\n'}
[3.299400] (px4_msgs) StdoutLine: {'line': b'-- Up-to-date: /home/rschnurr/SkyClaw-Team1/ros2_ws/install/px4_msgs/include/px4_msgs/px4_msgs/msg/arming_check_request.hpp\n'}
[3.299449] (px4_msgs) StdoutLine: {'line': b'-- Up-to-date: /home/rschnurr/SkyClaw-Team1/ros2_ws/install/px4_msgs/include/px4_msgs/px4_msgs/msg/autotune_attitude_control_status.hpp\n'}
[3.299498] (px4_msgs) StdoutLine: {'line': b'-- Up-to-date: /home/rschnurr/SkyClaw-Team1/ros2_ws/install/px4_msgs/include/px4_msgs/px4_msgs/msg/sensor_optical_flow.hpp\n'}
[3.299545] (px4_msgs) StdoutLine: {'line': b'-- Up-to-date: /home/rschnurr/SkyClaw-Team1/ros2_ws/install/px4_msgs/include/px4_msgs/px4_msgs/msg/vehicle_status.hpp\n'}
[3.299592] (px4_msgs) StdoutLine: {'line': b'-- Up-to-date: /home/rschnurr/SkyClaw-Team1/ros2_ws/install/px4_msgs/include/px4_msgs/px4_msgs/msg/open_drone_id_self_id.hpp\n'}
[3.299638] (px4_msgs) StdoutLine: {'line': b'-- Up-to-date: /home/rschnurr/SkyClaw-Team1/ros2_ws/install/px4_msgs/include/px4_msgs/px4_msgs/msg/landing_gear_wheel.hpp\n'}
[3.299687] (px4_msgs) StdoutLine: {'line': b'-- Up-to-date: /home/rschnurr/SkyClaw-Team1/ros2_ws/install/px4_msgs/include/px4_msgs/px4_msgs/msg/task_stack_info.hpp\n'}
[3.299731] (px4_msgs) StdoutLine: {'line': b'-- Up-to-date: /home/rschnurr/SkyClaw-Team1/ros2_ws/install/px4_msgs/include/px4_msgs/px4_msgs/msg/sensor_gyro_fifo.hpp\n'}
[3.299775] (px4_msgs) StdoutLine: {'line': b'-- Up-to-date: /home/rschnurr/SkyClaw-Team1/ros2_ws/install/px4_msgs/include/px4_msgs/px4_msgs/msg/internal_combustion_engine_status.hpp\n'}
[3.299820] (px4_msgs) StdoutLine: {'line': b'-- Up-to-date: /home/rschnurr/SkyClaw-Team1/ros2_ws/install/px4_msgs/include/px4_msgs/px4_msgs/msg/unregister_ext_component.hpp\n'}
[3.299890] (px4_msgs) StdoutLine: {'line': b'-- Up-to-date: /home/rschnurr/SkyClaw-Team1/ros2_ws/install/px4_msgs/include/px4_msgs/px4_msgs/msg/actuator_servos_trim.hpp\n'}
[3.300080] (px4_msgs) StdoutLine: {'line': b'-- Up-to-date: /home/rschnurr/SkyClaw-Team1/ros2_ws/install/px4_msgs/include/px4_msgs/px4_msgs/msg/parameter_set_used_request.hpp\n'}
[3.300223] (px4_msgs) StdoutLine: {'line': b'-- Up-to-date: /home/rschnurr/SkyClaw-Team1/ros2_ws/install/px4_msgs/include/px4_msgs/px4_msgs/msg/landing_target_pose.hpp\n'}
[3.300423] (px4_msgs) StdoutLine: {'line': b'-- Up-to-date: /home/rschnurr/SkyClaw-Team1/ros2_ws/install/px4_msgs/include/px4_msgs/px4_msgs/msg/led_control.hpp\n'}
[3.300518] (px4_msgs) StdoutLine: {'line': b'-- Up-to-date: /home/rschnurr/SkyClaw-Team1/ros2_ws/install/px4_msgs/include/px4_msgs/px4_msgs/msg/fixed_wing_lateral_status.hpp\n'}
[3.300646] (px4_msgs) StdoutLine: {'line': b'-- Up-to-date: /home/rschnurr/SkyClaw-Team1/ros2_ws/install/px4_msgs/include/px4_msgs/px4_msgs/msg/gpio_request.hpp\n'}
[3.300739] (px4_msgs) StdoutLine: {'line': b'-- Up-to-date: /home/rschnurr/SkyClaw-Team1/ros2_ws/install/px4_msgs/include/px4_msgs/px4_msgs/msg/rtl_status.hpp\n'}
[3.300793] (px4_msgs) StdoutLine: {'line': b'-- Up-to-date: /home/rschnurr/SkyClaw-Team1/ros2_ws/install/px4_msgs/include/px4_msgs/px4_msgs/msg/flight_phase_estimation.hpp\n'}
[3.300839] (px4_msgs) StdoutLine: {'line': b'-- Up-to-date: /home/rschnurr/SkyClaw-Team1/ros2_ws/install/px4_msgs/include/px4_msgs/px4_msgs/msg/mount_orientation.hpp\n'}
[3.300888] (px4_msgs) StdoutLine: {'line': b'-- Up-to-date: /home/rschnurr/SkyClaw-Team1/ros2_ws/install/px4_msgs/include/px4_msgs/px4_msgs/msg/gimbal_device_attitude_status.hpp\n'}
[3.300936] (px4_msgs) StdoutLine: {'line': b'-- Up-to-date: /home/rschnurr/SkyClaw-Team1/ros2_ws/install/px4_msgs/include/px4_msgs/px4_msgs/msg/estimator_aid_source3d.hpp\n'}
[3.300980] (px4_msgs) StdoutLine: {'line': b'-- Up-to-date: /home/rschnurr/SkyClaw-Team1/ros2_ws/install/px4_msgs/include/px4_msgs/px4_msgs/msg/sensors_status_imu.hpp\n'}
[3.301032] (px4_msgs) StdoutLine: {'line': b'-- Up-to-date: /home/rschnurr/SkyClaw-Team1/ros2_ws/install/px4_msgs/include/px4_msgs/px4_msgs/msg/vehicle_command_ack.hpp\n'}
[3.301078] (px4_msgs) StdoutLine: {'line': b'-- Up-to-date: /home/rschnurr/SkyClaw-Team1/ros2_ws/install/px4_msgs/include/px4_msgs/px4_msgs/msg/rover_throttle_setpoint.hpp\n'}
[3.301132] (px4_msgs) StdoutLine: {'line': b'-- Up-to-date: /home/rschnurr/SkyClaw-Team1/ros2_ws/install/px4_msgs/include/px4_msgs/px4_msgs/msg/debug_array.hpp\n'}
[3.301268] (px4_msgs) StdoutLine: {'line': b'-- Up-to-date: /home/rschnurr/SkyClaw-Team1/ros2_ws/install/px4_msgs/include/px4_msgs/px4_msgs/msg/control_allocator_status.hpp\n'}
[3.301346] (px4_msgs) StdoutLine: {'line': b'-- Up-to-date: /home/rschnurr/SkyClaw-Team1/ros2_ws/install/px4_msgs/include/px4_msgs/px4_msgs/msg/position_controller_landing_status.hpp\n'}
[3.301402] (px4_msgs) StdoutLine: {'line': b'-- Up-to-date: /home/rschnurr/SkyClaw-Team1/ros2_ws/install/px4_msgs/include/px4_msgs/px4_msgs/msg/heater_status.hpp\n'}
[3.301466] (px4_msgs) StdoutLine: {'line': b'-- Up-to-date: /home/rschnurr/SkyClaw-Team1/ros2_ws/install/px4_msgs/include/px4_msgs/px4_msgs/msg/gpio_in.hpp\n'}
[3.301512] (px4_msgs) StdoutLine: {'line': b'-- Up-to-date: /home/rschnurr/SkyClaw-Team1/ros2_ws/install/px4_msgs/include/px4_msgs/px4_msgs/msg/neural_control.hpp\n'}
[3.301568] (px4_msgs) StdoutLine: {'line': b'-- Up-to-date: /home/rschnurr/SkyClaw-Team1/ros2_ws/install/px4_msgs/include/px4_msgs/px4_msgs/msg/landing_target_innovations.hpp\n'}
[3.301622] (px4_msgs) StdoutLine: {'line': b'-- Up-to-date: /home/rschnurr/SkyClaw-Team1/ros2_ws/install/px4_msgs/include/px4_msgs/px4_msgs/msg/sensor_accel.hpp\n'}
[3.301667] (px4_msgs) StdoutLine: {'line': b'-- Up-to-date: /home/rschnurr/SkyClaw-Team1/ros2_ws/install/px4_msgs/include/px4_msgs/px4_msgs/msg/gpio_out.hpp\n'}
[3.301793] (px4_msgs) StdoutLine: {'line': b'-- Up-to-date: /home/rschnurr/SkyClaw-Team1/ros2_ws/install/px4_msgs/include/px4_msgs/px4_msgs/msg/vehicle_local_position_setpoint.hpp\n'}
[3.301950] (px4_msgs) StdoutLine: {'line': b'-- Up-to-date: /home/rschnurr/SkyClaw-Team1/ros2_ws/install/px4_msgs/include/px4_msgs/px4_msgs/msg/vehicle_control_mode.hpp\n'}
[3.302032] (px4_msgs) StdoutLine: {'line': b'-- Up-to-date: /home/rschnurr/SkyClaw-Team1/ros2_ws/install/px4_msgs/include/px4_msgs/px4_msgs/msg/sensor_hygrometer.hpp\n'}
[3.302177] (px4_msgs) StdoutLine: {'line': b'-- Up-to-date: /home/rschnurr/SkyClaw-Team1/ros2_ws/install/px4_msgs/include/px4_msgs/px4_msgs/msg/detail\n'}
[3.302265] (px4_msgs) StdoutLine: {'line': b'-- Up-to-date: /home/rschnurr/SkyClaw-Team1/ros2_ws/install/px4_msgs/include/px4_msgs/px4_msgs/msg/detail/vehicle_optical_flow_vel__builder.hpp\n'}
[3.302345] (px4_msgs) StdoutLine: {'line': b'-- Up-to-date: /home/rschnurr/SkyClaw-Team1/ros2_ws/install/px4_msgs/include/px4_msgs/px4_msgs/msg/detail/sensor_hygrometer__type_support.hpp\n'}
[3.302416] (px4_msgs) StdoutLine: {'line': b'-- Up-to-date: /home/rschnurr/SkyClaw-Team1/ros2_ws/install/px4_msgs/include/px4_msgs/px4_msgs/msg/detail/internal_combustion_engine_status__struct.hpp\n'}
[3.302482] (px4_msgs) StdoutLine: {'line': b'-- Up-to-date: /home/rschnurr/SkyClaw-Team1/ros2_ws/install/px4_msgs/include/px4_msgs/px4_msgs/msg/detail/camera_trigger__struct.hpp\n'}
[3.302555] (px4_msgs) StdoutLine: {'line': b'-- Up-to-date: /home/rschnurr/SkyClaw-Team1/ros2_ws/install/px4_msgs/include/px4_msgs/px4_msgs/msg/detail/yaw_estimator_status__builder.hpp\n'}
[3.302677] (px4_msgs) StdoutLine: {'line': b'-- Up-to-date: /home/rschnurr/SkyClaw-Team1/ros2_ws/install/px4_msgs/include/px4_msgs/px4_msgs/msg/detail/manual_control_setpoint__struct.hpp\n'}
[3.302774] (px4_msgs) StdoutLine: {'line': b'-- Up-to-date: /home/rschnurr/SkyClaw-Team1/ros2_ws/install/px4_msgs/include/px4_msgs/px4_msgs/msg/detail/longitudinal_control_configuration__type_support.hpp\n'}
[3.302849] (px4_msgs) StdoutLine: {'line': b'-- Up-to-date: /home/rschnurr/SkyClaw-Team1/ros2_ws/install/px4_msgs/include/px4_msgs/px4_msgs/msg/detail/radio_status__traits.hpp\n'}
[3.302916] (px4_msgs) StdoutLine: {'line': b'-- Up-to-date: /home/rschnurr/SkyClaw-Team1/ros2_ws/install/px4_msgs/include/px4_msgs/px4_msgs/msg/detail/lateral_control_configuration__builder.hpp\n'}
[3.302983] (px4_msgs) StdoutLine: {'line': b'-- Up-to-date: /home/rschnurr/SkyClaw-Team1/ros2_ws/install/px4_msgs/include/px4_msgs/px4_msgs/msg/detail/magnetometer_bias_estimate__traits.hpp\n'}
[3.303053] (px4_msgs) StdoutLine: {'line': b'-- Up-to-date: /home/rschnurr/SkyClaw-Team1/ros2_ws/install/px4_msgs/include/px4_msgs/px4_msgs/msg/detail/sensor_mag__traits.hpp\n'}
[3.303138] (px4_msgs) StdoutLine: {'line': b'-- Up-to-date: /home/rschnurr/SkyClaw-Team1/ros2_ws/install/px4_msgs/include/px4_msgs/px4_msgs/msg/detail/gimbal_device_information__type_support.hpp\n'}
[3.303314] (px4_msgs) StdoutLine: {'line': b'-- Up-to-date: /home/rschnurr/SkyClaw-Team1/ros2_ws/install/px4_msgs/include/px4_msgs/px4_msgs/msg/detail/input_rc__struct.hpp\n'}
[3.303413] (px4_msgs) StdoutLine: {'line': b'-- Up-to-date: /home/rschnurr/SkyClaw-Team1/ros2_ws/install/px4_msgs/include/px4_msgs/px4_msgs/msg/detail/longitudinal_control_configuration__builder.hpp\n'}
[3.303574] (px4_msgs) StdoutLine: {'line': b'-- Up-to-date: /home/rschnurr/SkyClaw-Team1/ros2_ws/install/px4_msgs/include/px4_msgs/px4_msgs/msg/detail/orb_test_large__builder.hpp\n'}
[3.303675] (px4_msgs) StdoutLine: {'line': b'-- Up-to-date: /home/rschnurr/SkyClaw-Team1/ros2_ws/install/px4_msgs/include/px4_msgs/px4_msgs/msg/detail/sensor_correction__builder.hpp\n'}
[3.303748] (px4_msgs) StdoutLine: {'line': b'-- Up-to-date: /home/rschnurr/SkyClaw-Team1/ros2_ws/install/px4_msgs/include/px4_msgs/px4_msgs/msg/detail/dronecan_node_status__traits.hpp\n'}
[3.303815] (px4_msgs) StdoutLine: {'line': b'-- Up-to-date: /home/rschnurr/SkyClaw-Team1/ros2_ws/install/px4_msgs/include/px4_msgs/px4_msgs/msg/detail/landing_gear_wheel__struct.hpp\n'}
[3.303879] (px4_msgs) StdoutLine: {'line': b'-- Up-to-date: /home/rschnurr/SkyClaw-Team1/ros2_ws/install/px4_msgs/include/px4_msgs/px4_msgs/msg/detail/actuator_servos_trim__traits.hpp\n'}
[3.303958] (px4_msgs) StdoutLine: {'line': b'-- Up-to-date: /home/rschnurr/SkyClaw-Team1/ros2_ws/install/px4_msgs/include/px4_msgs/px4_msgs/msg/detail/orb_test_medium__builder.hpp\n'}
[3.304033] (px4_msgs) StdoutLine: {'line': b'-- Up-to-date: /home/rschnurr/SkyClaw-Team1/ros2_ws/install/px4_msgs/include/px4_msgs/px4_msgs/msg/detail/sensor_accel__builder.hpp\n'}
[3.304096] (px4_msgs) StdoutLine: {'line': b'-- Up-to-date: /home/rschnurr/SkyClaw-Team1/ros2_ws/install/px4_msgs/include/px4_msgs/px4_msgs/msg/detail/goto_setpoint__type_support.hpp\n'}
[3.304159] (px4_msgs) StdoutLine: {'line': b'-- Up-to-date: /home/rschnurr/SkyClaw-Team1/ros2_ws/install/px4_msgs/include/px4_msgs/px4_msgs/msg/detail/hover_thrust_estimate__struct.hpp\n'}
[3.304283] (px4_msgs) StdoutLine: {'line': b'-- Up-to-date: /home/rschnurr/SkyClaw-Team1/ros2_ws/install/px4_msgs/include/px4_msgs/px4_msgs/msg/detail/estimator_bias__struct.hpp\n'}
[3.304446] (px4_msgs) StdoutLine: {'line': b'-- Up-to-date: /home/rschnurr/SkyClaw-Team1/ros2_ws/install/px4_msgs/include/px4_msgs/px4_msgs/msg/detail/failsafe_flags__struct.hpp\n'}
[3.304517] (px4_msgs) StdoutLine: {'line': b'-- Up-to-date: /home/rschnurr/SkyClaw-Team1/ros2_ws/install/px4_msgs/include/px4_msgs/px4_msgs/msg/detail/mavlink_tunnel__type_support.hpp\n'}
[3.304636] (px4_msgs) StdoutLine: {'line': b'-- Up-to-date: /home/rschnurr/SkyClaw-Team1/ros2_ws/install/px4_msgs/include/px4_msgs/px4_msgs/msg/detail/sensor_baro__traits.hpp\n'}
[3.304797] (px4_msgs) StdoutLine: {'line': b'-- Up-to-date: /home/rschnurr/SkyClaw-Team1/ros2_ws/install/px4_msgs/include/px4_msgs/px4_msgs/msg/detail/geofence_status__builder.hpp\n'}
[3.304965] (px4_msgs) StdoutLine: {'line': b'-- Up-to-date: /home/rschnurr/SkyClaw-Team1/ros2_ws/install/px4_msgs/include/px4_msgs/px4_msgs/msg/detail/message_format_response__builder.hpp\n'}
[3.305103] (px4_msgs) StdoutLine: {'line': b'-- Up-to-date: /home/rschnurr/SkyClaw-Team1/ros2_ws/install/px4_msgs/include/px4_msgs/px4_msgs/msg/detail/mission__builder.hpp\n'}
[3.305357] (px4_msgs) StdoutLine: {'line': b'-- Up-to-date: /home/rschnurr/SkyClaw-Team1/ros2_ws/install/px4_msgs/include/px4_msgs/px4_msgs/msg/detail/estimator_sensor_bias__builder.hpp\n'}
[3.305496] (px4_msgs) StdoutLine: {'line': b'-- Up-to-date: /home/rschnurr/SkyClaw-Team1/ros2_ws/install/px4_msgs/include/px4_msgs/px4_msgs/msg/detail/power_monitor__type_support.hpp\n'}
[3.305624] (px4_msgs) StdoutLine: {'line': b'-- Up-to-date: /home/rschnurr/SkyClaw-Team1/ros2_ws/install/px4_msgs/include/px4_msgs/px4_msgs/msg/detail/vehicle_command_ack__builder.hpp\n'}
[3.305750] (px4_msgs) StdoutLine: {'line': b'-- Up-to-date: /home/rschnurr/SkyClaw-Team1/ros2_ws/install/px4_msgs/include/px4_msgs/px4_msgs/msg/detail/estimator_innovations__traits.hpp\n'}
[3.306060] (px4_msgs) StdoutLine: {'line': b'-- Up-to-date: /home/rschnurr/SkyClaw-Team1/ros2_ws/install/px4_msgs/include/px4_msgs/px4_msgs/msg/detail/estimator_aid_source3d__struct.hpp\n'}
[3.306440] (px4_msgs) StdoutLine: {'line': b'-- Up-to-date: /home/rschnurr/SkyClaw-Team1/ros2_ws/install/px4_msgs/include/px4_msgs/px4_msgs/msg/detail/sensor_gyro_fifo__struct.hpp\n'}
[3.306629] (px4_msgs) StdoutLine: {'line': b'-- Up-to-date: /home/rschnurr/SkyClaw-Team1/ros2_ws/install/px4_msgs/include/px4_msgs/px4_msgs/msg/detail/ekf2_timestamps__type_support.hpp\n'}
[3.306735] (px4_msgs) StdoutLine: {'line': b'-- Up-to-date: /home/rschnurr/SkyClaw-Team1/ros2_ws/install/px4_msgs/include/px4_msgs/px4_msgs/msg/detail/control_allocator_status__builder.hpp\n'}
[3.306900] (px4_msgs) StdoutLine: {'line': b'-- Up-to-date: /home/rschnurr/SkyClaw-Team1/ros2_ws/install/px4_msgs/include/px4_msgs/px4_msgs/msg/detail/gimbal_controls__type_support.hpp\n'}
[3.307113] (px4_msgs) StdoutLine: {'line': b'-- Up-to-date: /home/rschnurr/SkyClaw-Team1/ros2_ws/install/px4_msgs/include/px4_msgs/px4_msgs/msg/detail/arming_check_request__builder.hpp\n'}
[3.307320] (px4_msgs) StdoutLine: {'line': b'-- Up-to-date: /home/rschnurr/SkyClaw-Team1/ros2_ws/install/px4_msgs/include/px4_msgs/px4_msgs/msg/detail/vehicle_local_position__builder.hpp\n'}
[3.307448] (px4_msgs) StdoutLine: {'line': b'-- Up-to-date: /home/rschnurr/SkyClaw-Team1/ros2_ws/install/px4_msgs/include/px4_msgs/px4_msgs/msg/detail/gpio_config__builder.hpp\n'}
[3.307527] (px4_msgs) StdoutLine: {'line': b'-- Up-to-date: /home/rschnurr/SkyClaw-Team1/ros2_ws/install/px4_msgs/include/px4_msgs/px4_msgs/msg/detail/rover_steering_setpoint__struct.hpp\n'}
[3.307744] (px4_msgs) StdoutLine: {'line': b'-- Up-to-date: /home/rschnurr/SkyClaw-Team1/ros2_ws/install/px4_msgs/include/px4_msgs/px4_msgs/msg/detail/log_message__builder.hpp\n'}
[3.307948] (px4_msgs) StdoutLine: {'line': b'-- Up-to-date: /home/rschnurr/SkyClaw-Team1/ros2_ws/install/px4_msgs/include/px4_msgs/px4_msgs/msg/detail/health_report__struct.hpp\n'}
[3.308036] (px4_msgs) StdoutLine: {'line': b'-- Up-to-date: /home/rschnurr/SkyClaw-Team1/ros2_ws/install/px4_msgs/include/px4_msgs/px4_msgs/msg/detail/actuator_armed__builder.hpp\n'}
[3.308107] (px4_msgs) StdoutLine: {'line': b'-- Up-to-date: /home/rschnurr/SkyClaw-Team1/ros2_ws/install/px4_msgs/include/px4_msgs/px4_msgs/msg/detail/orb_test_large__struct.hpp\n'}
[3.308159] (px4_msgs) StdoutLine: {'line': b'-- Up-to-date: /home/rschnurr/SkyClaw-Team1/ros2_ws/install/px4_msgs/include/px4_msgs/px4_msgs/msg/detail/goto_setpoint__traits.hpp\n'}
[3.308218] (px4_msgs) StdoutLine: {'line': b'-- Up-to-date: /home/rschnurr/SkyClaw-Team1/ros2_ws/install/px4_msgs/include/px4_msgs/px4_msgs/msg/detail/actuator_servos_trim__type_support.hpp\n'}
[3.308263] (px4_msgs) StdoutLine: {'line': b'-- Up-to-date: /home/rschnurr/SkyClaw-Team1/ros2_ws/install/px4_msgs/include/px4_msgs/px4_msgs/msg/detail/vehicle_imu_status__type_support.hpp\n'}
[3.308307] (px4_msgs) StdoutLine: {'line': b'-- Up-to-date: /home/rschnurr/SkyClaw-Team1/ros2_ws/install/px4_msgs/include/px4_msgs/px4_msgs/msg/detail/sensor_preflight_mag__traits.hpp\n'}
[3.308592] (px4_msgs) StdoutLine: {'line': b'-- Up-to-date: /home/rschnurr/SkyClaw-Team1/ros2_ws/install/px4_msgs/include/px4_msgs/px4_msgs/msg/detail/sensor_gps__builder.hpp\n'}
[3.308768] (px4_msgs) StdoutLine: {'line': b'-- Up-to-date: /home/rschnurr/SkyClaw-Team1/ros2_ws/install/px4_msgs/include/px4_msgs/px4_msgs/msg/detail/vehicle_magnetometer__builder.hpp\n'}
[3.308859] (px4_msgs) StdoutLine: {'line': b'-- Up-to-date: /home/rschnurr/SkyClaw-Team1/ros2_ws/install/px4_msgs/include/px4_msgs/px4_msgs/msg/detail/vehicle_acceleration__struct.hpp\n'}
[3.308933] (px4_msgs) StdoutLine: {'line': b'-- Up-to-date: /home/rschnurr/SkyClaw-Team1/ros2_ws/install/px4_msgs/include/px4_msgs/px4_msgs/msg/detail/wind__struct.hpp\n'}
[3.309002] (px4_msgs) StdoutLine: {'line': b'-- Up-to-date: /home/rschnurr/SkyClaw-Team1/ros2_ws/install/px4_msgs/include/px4_msgs/px4_msgs/msg/detail/rover_attitude_setpoint__struct.hpp\n'}
[3.309131] (px4_msgs) StdoutLine: {'line': b'-- Up-to-date: /home/rschnurr/SkyClaw-Team1/ros2_ws/install/px4_msgs/include/px4_msgs/px4_msgs/msg/detail/rover_rate_status__struct.hpp\n'}
[3.309344] (px4_msgs) StdoutLine: {'line': b'-- Up-to-date: /home/rschnurr/SkyClaw-Team1/ros2_ws/install/px4_msgs/include/px4_msgs/px4_msgs/msg/detail/sensor_gnss_relative__builder.hpp\n'}
[3.309558] (px4_msgs) StdoutLine: {'line': b'-- Up-to-date: /home/rschnurr/SkyClaw-Team1/ros2_ws/install/px4_msgs/include/px4_msgs/px4_msgs/msg/detail/sensor_preflight_mag__struct.hpp\n'}
[3.309819] (px4_msgs) StdoutLine: {'line': b'-- Up-to-date: /home/rschnurr/SkyClaw-Team1/ros2_ws/install/px4_msgs/include/px4_msgs/px4_msgs/msg/detail/esc_status__struct.hpp\n'}
[3.310021] (px4_msgs) StdoutLine: {'line': b'-- Up-to-date: /home/rschnurr/SkyClaw-Team1/ros2_ws/install/px4_msgs/include/px4_msgs/px4_msgs/msg/detail/gimbal_manager_information__builder.hpp\n'}
[3.310194] (px4_msgs) StdoutLine: {'line': b'-- Up-to-date: /home/rschnurr/SkyClaw-Team1/ros2_ws/install/px4_msgs/include/px4_msgs/px4_msgs/msg/detail/camera_capture__builder.hpp\n'}
[3.310333] (px4_msgs) StdoutLine: {'line': b'-- Up-to-date: /home/rschnurr/SkyClaw-Team1/ros2_ws/install/px4_msgs/include/px4_msgs/px4_msgs/msg/detail/uavcan_parameter_value__traits.hpp\n'}
[3.310432] (px4_msgs) StdoutLine: {'line': b'-- Up-to-date: /home/rschnurr/SkyClaw-Team1/ros2_ws/install/px4_msgs/include/px4_msgs/px4_msgs/msg/detail/trajectory_setpoint6dof__type_support.hpp\n'}
[3.310511] (px4_msgs) StdoutLine: {'line': b'-- Up-to-date: /home/rschnurr/SkyClaw-Team1/ros2_ws/install/px4_msgs/include/px4_msgs/px4_msgs/msg/detail/battery_info__builder.hpp\n'}
[3.310581] (px4_msgs) StdoutLine: {'line': b'-- Up-to-date: /home/rschnurr/SkyClaw-Team1/ros2_ws/install/px4_msgs/include/px4_msgs/px4_msgs/msg/detail/rpm__traits.hpp\n'}
[3.310650] (px4_msgs) StdoutLine: {'line': b'-- Up-to-date: /home/rschnurr/SkyClaw-Team1/ros2_ws/install/px4_msgs/include/px4_msgs/px4_msgs/msg/detail/gripper__builder.hpp\n'}
[3.310722] (px4_msgs) StdoutLine: {'line': b'-- Up-to-date: /home/rschnurr/SkyClaw-Team1/ros2_ws/install/px4_msgs/include/px4_msgs/px4_msgs/msg/detail/sensors_status__traits.hpp\n'}
[3.310865] (px4_msgs) StdoutLine: {'line': b'-- Up-to-date: /home/rschnurr/SkyClaw-Team1/ros2_ws/install/px4_msgs/include/px4_msgs/px4_msgs/msg/detail/sensor_selection__traits.hpp\n'}
[3.310966] (px4_msgs) StdoutLine: {'line': b'-- Up-to-date: /home/rschnurr/SkyClaw-Team1/ros2_ws/install/px4_msgs/include/px4_msgs/px4_msgs/msg/detail/vehicle_angular_velocity__builder.hpp\n'}
[3.311041] (px4_msgs) StdoutLine: {'line': b'-- Up-to-date: /home/rschnurr/SkyClaw-Team1/ros2_ws/install/px4_msgs/include/px4_msgs/px4_msgs/msg/detail/config_overrides__type_support.hpp\n'}
[3.311128] (px4_msgs) StdoutLine: {'line': b'-- Up-to-date: /home/rschnurr/SkyClaw-Team1/ros2_ws/install/px4_msgs/include/px4_msgs/px4_msgs/msg/detail/parameter_set_used_request__type_support.hpp\n'}
[3.311195] (px4_msgs) StdoutLine: {'line': b'-- Up-to-date: /home/rschnurr/SkyClaw-Team1/ros2_ws/install/px4_msgs/include/px4_msgs/px4_msgs/msg/detail/orbit_status__type_support.hpp\n'}
[3.311259] (px4_msgs) StdoutLine: {'line': b'-- Up-to-date: /home/rschnurr/SkyClaw-Team1/ros2_ws/install/px4_msgs/include/px4_msgs/px4_msgs/msg/detail/sensor_uwb__builder.hpp\n'}
[3.311322] (px4_msgs) StdoutLine: {'line': b'-- Up-to-date: /home/rschnurr/SkyClaw-Team1/ros2_ws/install/px4_msgs/include/px4_msgs/px4_msgs/msg/detail/sensor_hygrometer__struct.hpp\n'}
[3.311452] (px4_msgs) StdoutLine: {'line': b'-- Up-to-date: /home/rschnurr/SkyClaw-Team1/ros2_ws/install/px4_msgs/include/px4_msgs/px4_msgs/msg/detail/iridiumsbd_status__type_support.hpp\n'}
[3.311641] (px4_msgs) StdoutLine: {'line': b'-- Up-to-date: /home/rschnurr/SkyClaw-Team1/ros2_ws/install/px4_msgs/include/px4_msgs/px4_msgs/msg/detail/vehicle_control_mode__type_support.hpp\n'}
[3.311827] (px4_msgs) StdoutLine: {'line': b'-- Up-to-date: /home/rschnurr/SkyClaw-Team1/ros2_ws/install/px4_msgs/include/px4_msgs/px4_msgs/msg/detail/action_request__builder.hpp\n'}
[3.312108] (px4_msgs) StdoutLine: {'line': b'-- Up-to-date: /home/rschnurr/SkyClaw-Team1/ros2_ws/install/px4_msgs/include/px4_msgs/px4_msgs/msg/detail/satellite_info__traits.hpp\n'}
[3.312407] (px4_msgs) StdoutLine: {'line': b'-- Up-to-date: /home/rschnurr/SkyClaw-Team1/ros2_ws/install/px4_msgs/include/px4_msgs/px4_msgs/msg/detail/vehicle_constraints__builder.hpp\n'}
[3.312613] (px4_msgs) StdoutLine: {'line': b'-- Up-to-date: /home/rschnurr/SkyClaw-Team1/ros2_ws/install/px4_msgs/include/px4_msgs/px4_msgs/msg/detail/estimator_bias__traits.hpp\n'}
[3.312712] (px4_msgs) StdoutLine: {'line': b'-- Up-to-date: /home/rschnurr/SkyClaw-Team1/ros2_ws/install/px4_msgs/include/px4_msgs/px4_msgs/msg/detail/vehicle_optical_flow__struct.hpp\n'}
[3.312793] (px4_msgs) StdoutLine: {'line': b'-- Up-to-date: /home/rschnurr/SkyClaw-Team1/ros2_ws/install/px4_msgs/include/px4_msgs/px4_msgs/msg/detail/gpio_config__type_support.hpp\n'}
[3.312862] (px4_msgs) StdoutLine: {'line': b'-- Up-to-date: /home/rschnurr/SkyClaw-Team1/ros2_ws/install/px4_msgs/include/px4_msgs/px4_msgs/msg/detail/vehicle_land_detected__struct.hpp\n'}
[3.312947] (px4_msgs) StdoutLine: {'line': b'-- Up-to-date: /home/rschnurr/SkyClaw-Team1/ros2_ws/install/px4_msgs/include/px4_msgs/px4_msgs/msg/detail/actuator_controls_status__builder.hpp\n'}
[3.313091] (px4_msgs) StdoutLine: {'line': b'-- Up-to-date: /home/rschnurr/SkyClaw-Team1/ros2_ws/install/px4_msgs/include/px4_msgs/px4_msgs/msg/detail/rtl_status__type_support.hpp\n'}
[3.313187] (px4_msgs) StdoutLine: {'line': b'-- Up-to-date: /home/rschnurr/SkyClaw-Team1/ros2_ws/install/px4_msgs/include/px4_msgs/px4_msgs/msg/detail/mount_orientation__type_support.hpp\n'}
[3.313376] (px4_msgs) StdoutLine: {'line': b'-- Up-to-date: /home/rschnurr/SkyClaw-Team1/ros2_ws/install/px4_msgs/include/px4_msgs/px4_msgs/msg/detail/follow_target_estimator__type_support.hpp\n'}
[3.313586] (px4_msgs) StdoutLine: {'line': b'-- Up-to-date: /home/rschnurr/SkyClaw-Team1/ros2_ws/install/px4_msgs/include/px4_msgs/px4_msgs/msg/detail/vehicle_torque_setpoint__struct.hpp\n'}
[3.313838] (px4_msgs) StdoutLine: {'line': b'-- Up-to-date: /home/rschnurr/SkyClaw-Team1/ros2_ws/install/px4_msgs/include/px4_msgs/px4_msgs/msg/detail/rover_throttle_setpoint__type_support.hpp\n'}
[3.313946] (px4_msgs) StdoutLine: {'line': b'-- Up-to-date: /home/rschnurr/SkyClaw-Team1/ros2_ws/install/px4_msgs/include/px4_msgs/px4_msgs/msg/detail/distance_sensor__traits.hpp\n'}
[3.314055] (px4_msgs) StdoutLine: {'line': b'-- Up-to-date: /home/rschnurr/SkyClaw-Team1/ros2_ws/install/px4_msgs/include/px4_msgs/px4_msgs/msg/detail/wind__builder.hpp\n'}
[3.314186] (px4_msgs) StdoutLine: {'line': b'-- Up-to-date: /home/rschnurr/SkyClaw-Team1/ros2_ws/install/px4_msgs/include/px4_msgs/px4_msgs/msg/detail/camera_status__traits.hpp\n'}
[3.314269] (px4_msgs) StdoutLine: {'line': b'-- Up-to-date: /home/rschnurr/SkyClaw-Team1/ros2_ws/install/px4_msgs/include/px4_msgs/px4_msgs/msg/detail/unregister_ext_component__struct.hpp\n'}
[3.314396] (px4_msgs) StdoutLine: {'line': b'-- Up-to-date: /home/rschnurr/SkyClaw-Team1/ros2_ws/install/px4_msgs/include/px4_msgs/px4_msgs/msg/detail/position_setpoint__type_support.hpp\n'}
[3.314504] (px4_msgs) StdoutLine: {'line': b'-- Up-to-date: /home/rschnurr/SkyClaw-Team1/ros2_ws/install/px4_msgs/include/px4_msgs/px4_msgs/msg/detail/parameter_update__struct.hpp\n'}
[3.314582] (px4_msgs) StdoutLine: {'line': b'-- Up-to-date: /home/rschnurr/SkyClaw-Team1/ros2_ws/install/px4_msgs/include/px4_msgs/px4_msgs/msg/detail/position_setpoint_triplet__traits.hpp\n'}
[3.314653] (px4_msgs) StdoutLine: {'line': b'-- Up-to-date: /home/rschnurr/SkyClaw-Team1/ros2_ws/install/px4_msgs/include/px4_msgs/px4_msgs/msg/detail/actuator_armed__struct.hpp\n'}
[3.314728] (px4_msgs) StdoutLine: {'line': b'-- Up-to-date: /home/rschnurr/SkyClaw-Team1/ros2_ws/install/px4_msgs/include/px4_msgs/px4_msgs/msg/detail/rover_position_setpoint__type_support.hpp\n'}
[3.314798] (px4_msgs) StdoutLine: {'line': b'-- Up-to-date: /home/rschnurr/SkyClaw-Team1/ros2_ws/install/px4_msgs/include/px4_msgs/px4_msgs/msg/detail/pwm_input__type_support.hpp\n'}
[3.314920] (px4_msgs) StdoutLine: {'line': b'-- Up-to-date: /home/rschnurr/SkyClaw-Team1/ros2_ws/install/px4_msgs/include/px4_msgs/px4_msgs/msg/detail/power_monitor__traits.hpp\n'}
[3.315107] (px4_msgs) StdoutLine: {'line': b'-- Up-to-date: /home/rschnurr/SkyClaw-Team1/ros2_ws/install/px4_msgs/include/px4_msgs/px4_msgs/msg/detail/log_message__traits.hpp\n'}
[3.315294] (px4_msgs) StdoutLine: {'line': b'-- Up-to-date: /home/rschnurr/SkyClaw-Team1/ros2_ws/install/px4_msgs/include/px4_msgs/px4_msgs/msg/detail/fixed_wing_runway_control__struct.hpp\n'}
[3.315497] (px4_msgs) StdoutLine: {'line': b'-- Up-to-date: /home/rschnurr/SkyClaw-Team1/ros2_ws/install/px4_msgs/include/px4_msgs/px4_msgs/msg/detail/input_rc__type_support.hpp\n'}
[3.315694] (px4_msgs) StdoutLine: {'line': b'-- Up-to-date: /home/rschnurr/SkyClaw-Team1/ros2_ws/install/px4_msgs/include/px4_msgs/px4_msgs/msg/detail/landing_gear__type_support.hpp\n'}
[3.315898] (px4_msgs) StdoutLine: {'line': b'-- Up-to-date: /home/rschnurr/SkyClaw-Team1/ros2_ws/install/px4_msgs/include/px4_msgs/px4_msgs/msg/detail/pps_capture__builder.hpp\n'}
[3.315994] (px4_msgs) StdoutLine: {'line': b'-- Up-to-date: /home/rschnurr/SkyClaw-Team1/ros2_ws/install/px4_msgs/include/px4_msgs/px4_msgs/msg/detail/ulog_stream_ack__struct.hpp\n'}
[3.316087] (px4_msgs) StdoutLine: {'line': b'-- Up-to-date: /home/rschnurr/SkyClaw-Team1/ros2_ws/install/px4_msgs/include/px4_msgs/px4_msgs/msg/detail/gpio_request__traits.hpp\n'}
[3.316156] (px4_msgs) StdoutLine: {'line': b'-- Up-to-date: /home/rschnurr/SkyClaw-Team1/ros2_ws/install/px4_msgs/include/px4_msgs/px4_msgs/msg/detail/health_report__builder.hpp\n'}
[3.316223] (px4_msgs) StdoutLine: {'line': b'-- Up-to-date: /home/rschnurr/SkyClaw-Team1/ros2_ws/install/px4_msgs/include/px4_msgs/px4_msgs/msg/detail/sensor_mag__builder.hpp\n'}
[3.316451] (px4_msgs) StdoutLine: {'line': b'-- Up-to-date: /home/rschnurr/SkyClaw-Team1/ros2_ws/install/px4_msgs/include/px4_msgs/px4_msgs/msg/detail/trajectory_setpoint6dof__builder.hpp\n'}
[3.316655] (px4_msgs) StdoutLine: {'line': b'-- Up-to-date: /home/rschnurr/SkyClaw-Team1/ros2_ws/install/px4_msgs/include/px4_msgs/px4_msgs/msg/detail/timesync_status__traits.hpp\n'}
[3.316828] (px4_msgs) StdoutLine: {'line': b'-- Up-to-date: /home/rschnurr/SkyClaw-Team1/ros2_ws/install/px4_msgs/include/px4_msgs/px4_msgs/msg/detail/cellular_status__struct.hpp\n'}
[3.316925] (px4_msgs) StdoutLine: {'line': b'-- Up-to-date: /home/rschnurr/SkyClaw-Team1/ros2_ws/install/px4_msgs/include/px4_msgs/px4_msgs/msg/detail/cpuload__traits.hpp\n'}
[3.317004] (px4_msgs) StdoutLine: {'line': b'-- Up-to-date: /home/rschnurr/SkyClaw-Team1/ros2_ws/install/px4_msgs/include/px4_msgs/px4_msgs/msg/detail/takeoff_status__traits.hpp\n'}
[3.317072] (px4_msgs) StdoutLine: {'line': b'-- Up-to-date: /home/rschnurr/SkyClaw-Team1/ros2_ws/install/px4_msgs/include/px4_msgs/px4_msgs/msg/detail/magnetometer_bias_estimate__builder.hpp\n'}
[3.317145] (px4_msgs) StdoutLine: {'line': b'-- Up-to-date: /home/rschnurr/SkyClaw-Team1/ros2_ws/install/px4_msgs/include/px4_msgs/px4_msgs/msg/detail/gimbal_device_set_attitude__builder.hpp\n'}
[3.317566] (px4_msgs) StdoutLine: {'line': b'-- Up-to-date: /home/rschnurr/SkyClaw-Team1/ros2_ws/install/px4_msgs/include/px4_msgs/px4_msgs/msg/detail/vehicle_roi__builder.hpp\n'}
[3.318212] (px4_msgs) StdoutLine: {'line': b'-- Up-to-date: /home/rschnurr/SkyClaw-Team1/ros2_ws/install/px4_msgs/include/px4_msgs/px4_msgs/msg/detail/parameter_reset_request__struct.hpp\n'}
[3.318393] (px4_msgs) StdoutLine: {'line': b'-- Up-to-date: /home/rschnurr/SkyClaw-Team1/ros2_ws/install/px4_msgs/include/px4_msgs/px4_msgs/msg/detail/rover_position_setpoint__traits.hpp\n'}
[3.318478] (px4_msgs) StdoutLine: {'line': b'-- Up-to-date: /home/rschnurr/SkyClaw-Team1/ros2_ws/install/px4_msgs/include/px4_msgs/px4_msgs/msg/detail/airspeed_wind__type_support.hpp\n'}
[3.318546] (px4_msgs) StdoutLine: {'line': b'-- Up-to-date: /home/rschnurr/SkyClaw-Team1/ros2_ws/install/px4_msgs/include/px4_msgs/px4_msgs/msg/detail/dataman_response__type_support.hpp\n'}
[3.318610] (px4_msgs) StdoutLine: {'line': b'-- Up-to-date: /home/rschnurr/SkyClaw-Team1/ros2_ws/install/px4_msgs/include/px4_msgs/px4_msgs/msg/detail/event__builder.hpp\n'}
[3.318675] (px4_msgs) StdoutLine: {'line': b'-- Up-to-date: /home/rschnurr/SkyClaw-Team1/ros2_ws/install/px4_msgs/include/px4_msgs/px4_msgs/msg/detail/logger_status__struct.hpp\n'}
[3.318739] (px4_msgs) StdoutLine: {'line': b'-- Up-to-date: /home/rschnurr/SkyClaw-Team1/ros2_ws/install/px4_msgs/include/px4_msgs/px4_msgs/msg/detail/camera_trigger__type_support.hpp\n'}
[3.318802] (px4_msgs) StdoutLine: {'line': b'-- Up-to-date: /home/rschnurr/SkyClaw-Team1/ros2_ws/install/px4_msgs/include/px4_msgs/px4_msgs/msg/detail/mission_result__builder.hpp\n'}
[3.318865] (px4_msgs) StdoutLine: {'line': b'-- Up-to-date: /home/rschnurr/SkyClaw-Team1/ros2_ws/install/px4_msgs/include/px4_msgs/px4_msgs/msg/detail/differential_pressure__traits.hpp\n'}
[3.318930] (px4_msgs) StdoutLine: {'line': b'-- Up-to-date: /home/rschnurr/SkyClaw-Team1/ros2_ws/install/px4_msgs/include/px4_msgs/px4_msgs/msg/detail/dronecan_node_status__struct.hpp\n'}
[3.319003] (px4_msgs) StdoutLine: {'line': b'-- Up-to-date: /home/rschnurr/SkyClaw-Team1/ros2_ws/install/px4_msgs/include/px4_msgs/px4_msgs/msg/detail/gimbal_manager_set_manual_control__type_support.hpp\n'}
[3.319089] (px4_msgs) StdoutLine: {'line': b'-- Up-to-date: /home/rschnurr/SkyClaw-Team1/ros2_ws/install/px4_msgs/include/px4_msgs/px4_msgs/msg/detail/esc_status__type_support.hpp\n'}
[3.319170] (px4_msgs) StdoutLine: {'line': b'-- Up-to-date: /home/rschnurr/SkyClaw-Team1/ros2_ws/install/px4_msgs/include/px4_msgs/px4_msgs/msg/detail/navigator_mission_item__traits.hpp\n'}
[3.319236] (px4_msgs) StdoutLine: {'line': b'-- Up-to-date: /home/rschnurr/SkyClaw-Team1/ros2_ws/install/px4_msgs/include/px4_msgs/px4_msgs/msg/detail/navigator_mission_item__struct.hpp\n'}
[3.319313] (px4_msgs) StdoutLine: {'line': b'-- Up-to-date: /home/rschnurr/SkyClaw-Team1/ros2_ws/install/px4_msgs/include/px4_msgs/px4_msgs/msg/detail/arming_check_reply__struct.hpp\n'}
[3.319377] (px4_msgs) StdoutLine: {'line': b'-- Up-to-date: /home/rschnurr/SkyClaw-Team1/ros2_ws/install/px4_msgs/include/px4_msgs/px4_msgs/msg/detail/yaw_estimator_status__traits.hpp\n'}
[3.319439] (px4_msgs) StdoutLine: {'line': b'-- Up-to-date: /home/rschnurr/SkyClaw-Team1/ros2_ws/install/px4_msgs/include/px4_msgs/px4_msgs/msg/detail/gps_dump__traits.hpp\n'}
[3.319503] (px4_msgs) StdoutLine: {'line': b'-- Up-to-date: /home/rschnurr/SkyClaw-Team1/ros2_ws/install/px4_msgs/include/px4_msgs/px4_msgs/msg/detail/register_ext_component_request__builder.hpp\n'}
[3.319567] (px4_msgs) StdoutLine: {'line': b'-- Up-to-date: /home/rschnurr/SkyClaw-Team1/ros2_ws/install/px4_msgs/include/px4_msgs/px4_msgs/msg/detail/lateral_control_configuration__struct.hpp\n'}
[3.319631] (px4_msgs) StdoutLine: {'line': b'-- Up-to-date: /home/rschnurr/SkyClaw-Team1/ros2_ws/install/px4_msgs/include/px4_msgs/px4_msgs/msg/detail/vehicle_imu_status__builder.hpp\n'}
[3.319788] (px4_msgs) StdoutLine: {'line': b'-- Up-to-date: /home/rschnurr/SkyClaw-Team1/ros2_ws/install/px4_msgs/include/px4_msgs/px4_msgs/msg/detail/satellite_info__type_support.hpp\n'}
[3.320085] (px4_msgs) StdoutLine: {'line': b'-- Up-to-date: /home/rschnurr/SkyClaw-Team1/ros2_ws/install/px4_msgs/include/px4_msgs/px4_msgs/msg/detail/gps_inject_data__struct.hpp\n'}
[3.320343] (px4_msgs) StdoutLine: {'line': b'-- Up-to-date: /home/rschnurr/SkyClaw-Team1/ros2_ws/install/px4_msgs/include/px4_msgs/px4_msgs/msg/detail/open_drone_id_operator_id__struct.hpp\n'}
[3.320800] (px4_msgs) StdoutLine: {'line': b'-- Up-to-date: /home/rschnurr/SkyClaw-Team1/ros2_ws/install/px4_msgs/include/px4_msgs/px4_msgs/msg/detail/follow_target__traits.hpp\n'}
[3.320891] (px4_msgs) StdoutLine: {'line': b'-- Up-to-date: /home/rschnurr/SkyClaw-Team1/ros2_ws/install/px4_msgs/include/px4_msgs/px4_msgs/msg/detail/battery_status__traits.hpp\n'}
[3.320963] (px4_msgs) StdoutLine: {'line': b'-- Up-to-date: /home/rschnurr/SkyClaw-Team1/ros2_ws/install/px4_msgs/include/px4_msgs/px4_msgs/msg/detail/figure_eight_status__struct.hpp\n'}
[3.321027] (px4_msgs) StdoutLine: {'line': b'-- Up-to-date: /home/rschnurr/SkyClaw-Team1/ros2_ws/install/px4_msgs/include/px4_msgs/px4_msgs/msg/detail/satellite_info__builder.hpp\n'}
[3.321088] (px4_msgs) StdoutLine: {'line': b'-- Up-to-date: /home/rschnurr/SkyClaw-Team1/ros2_ws/install/px4_msgs/include/px4_msgs/px4_msgs/msg/detail/qshell_retval__type_support.hpp\n'}
[3.321148] (px4_msgs) StdoutLine: {'line': b'-- Up-to-date: /home/rschnurr/SkyClaw-Team1/ros2_ws/install/px4_msgs/include/px4_msgs/px4_msgs/msg/detail/camera_capture__struct.hpp\n'}
[3.321210] (px4_msgs) StdoutLine: {'line': b'-- Up-to-date: /home/rschnurr/SkyClaw-Team1/ros2_ws/install/px4_msgs/include/px4_msgs/px4_msgs/msg/detail/estimator_event_flags__type_support.hpp\n'}
[3.321280] (px4_msgs) StdoutLine: {'line': b'-- Up-to-date: /home/rschnurr/SkyClaw-Team1/ros2_ws/install/px4_msgs/include/px4_msgs/px4_msgs/msg/detail/fixed_wing_longitudinal_setpoint__builder.hpp\n'}
[3.321341] (px4_msgs) StdoutLine: {'line': b'-- Up-to-date: /home/rschnurr/SkyClaw-Team1/ros2_ws/install/px4_msgs/include/px4_msgs/px4_msgs/msg/detail/register_ext_component_request__struct.hpp\n'}
[3.321417] (px4_msgs) StdoutLine: {'line': b'-- Up-to-date: /home/rschnurr/SkyClaw-Team1/ros2_ws/install/px4_msgs/include/px4_msgs/px4_msgs/msg/detail/debug_array__struct.hpp\n'}
[3.321478] (px4_msgs) StdoutLine: {'line': b'-- Up-to-date: /home/rschnurr/SkyClaw-Team1/ros2_ws/install/px4_msgs/include/px4_msgs/px4_msgs/msg/detail/landing_gear__builder.hpp\n'}
[3.321538] (px4_msgs) StdoutLine: {'line': b'-- Up-to-date: /home/rschnurr/SkyClaw-Team1/ros2_ws/install/px4_msgs/include/px4_msgs/px4_msgs/msg/detail/vehicle_attitude_setpoint__struct.hpp\n'}
[3.321599] (px4_msgs) StdoutLine: {'line': b'-- Up-to-date: /home/rschnurr/SkyClaw-Team1/ros2_ws/install/px4_msgs/include/px4_msgs/px4_msgs/msg/detail/gimbal_device_information__traits.hpp\n'}
[3.321661] (px4_msgs) StdoutLine: {'line': b'-- Up-to-date: /home/rschnurr/SkyClaw-Team1/ros2_ws/install/px4_msgs/include/px4_msgs/px4_msgs/msg/detail/open_drone_id_system__type_support.hpp\n'}
[3.321721] (px4_msgs) StdoutLine: {'line': b'-- Up-to-date: /home/rschnurr/SkyClaw-Team1/ros2_ws/install/px4_msgs/include/px4_msgs/px4_msgs/msg/detail/estimator_status__struct.hpp\n'}
[3.321781] (px4_msgs) StdoutLine: {'line': b'-- Up-to-date: /home/rschnurr/SkyClaw-Team1/ros2_ws/install/px4_msgs/include/px4_msgs/px4_msgs/msg/detail/estimator_sensor_bias__struct.hpp\n'}
[3.321838] (px4_msgs) StdoutLine: {'line': b'-- Up-to-date: /home/rschnurr/SkyClaw-Team1/ros2_ws/install/px4_msgs/include/px4_msgs/px4_msgs/msg/detail/airspeed_validated__traits.hpp\n'}
[3.321899] (px4_msgs) StdoutLine: {'line': b'-- Up-to-date: /home/rschnurr/SkyClaw-Team1/ros2_ws/install/px4_msgs/include/px4_msgs/px4_msgs/msg/detail/velocity_limits__builder.hpp\n'}
[3.321958] (px4_msgs) StdoutLine: {'line': b'-- Up-to-date: /home/rschnurr/SkyClaw-Team1/ros2_ws/install/px4_msgs/include/px4_msgs/px4_msgs/msg/detail/debug_array__type_support.hpp\n'}
[3.322093] (px4_msgs) StdoutLine: {'line': b'-- Up-to-date: /home/rschnurr/SkyClaw-Team1/ros2_ws/install/px4_msgs/include/px4_msgs/px4_msgs/msg/detail/trajectory_setpoint6dof__struct.hpp\n'}
[3.322219] (px4_msgs) StdoutLine: {'line': b'-- Up-to-date: /home/rschnurr/SkyClaw-Team1/ros2_ws/install/px4_msgs/include/px4_msgs/px4_msgs/msg/detail/heater_status__traits.hpp\n'}
[3.322351] (px4_msgs) StdoutLine: {'line': b'-- Up-to-date: /home/rschnurr/SkyClaw-Team1/ros2_ws/install/px4_msgs/include/px4_msgs/px4_msgs/msg/detail/vehicle_local_position_setpoint__type_support.hpp\n'}
[3.322484] (px4_msgs) StdoutLine: {'line': b'-- Up-to-date: /home/rschnurr/SkyClaw-Team1/ros2_ws/install/px4_msgs/include/px4_msgs/px4_msgs/msg/detail/open_drone_id_self_id__type_support.hpp\n'}
[3.322568] (px4_msgs) StdoutLine: {'line': b'-- Up-to-date: /home/rschnurr/SkyClaw-Team1/ros2_ws/install/px4_msgs/include/px4_msgs/px4_msgs/msg/detail/rtl_time_estimate__traits.hpp\n'}
[3.322634] (px4_msgs) StdoutLine: {'line': b'-- Up-to-date: /home/rschnurr/SkyClaw-Team1/ros2_ws/install/px4_msgs/include/px4_msgs/px4_msgs/msg/detail/actuator_servos__builder.hpp\n'}
[3.322697] (px4_msgs) StdoutLine: {'line': b'-- Up-to-date: /home/rschnurr/SkyClaw-Team1/ros2_ws/install/px4_msgs/include/px4_msgs/px4_msgs/msg/detail/estimator_selector_status__traits.hpp\n'}
[3.322759] (px4_msgs) StdoutLine: {'line': b'-- Up-to-date: /home/rschnurr/SkyClaw-Team1/ros2_ws/install/px4_msgs/include/px4_msgs/px4_msgs/msg/detail/transponder_report__type_support.hpp\n'}
[3.322820] (px4_msgs) StdoutLine: {'line': b'-- Up-to-date: /home/rschnurr/SkyClaw-Team1/ros2_ws/install/px4_msgs/include/px4_msgs/px4_msgs/msg/detail/vehicle_local_position__traits.hpp\n'}
[3.322879] (px4_msgs) StdoutLine: {'line': b'-- Up-to-date: /home/rschnurr/SkyClaw-Team1/ros2_ws/install/px4_msgs/include/px4_msgs/px4_msgs/msg/detail/manual_control_setpoint__builder.hpp\n'}
[3.322940] (px4_msgs) StdoutLine: {'line': b'-- Up-to-date: /home/rschnurr/SkyClaw-Team1/ros2_ws/install/px4_msgs/include/px4_msgs/px4_msgs/msg/detail/estimator_aid_source1d__traits.hpp\n'}
[3.323001] (px4_msgs) StdoutLine: {'line': b'-- Up-to-date: /home/rschnurr/SkyClaw-Team1/ros2_ws/install/px4_msgs/include/px4_msgs/px4_msgs/msg/detail/parameter_reset_request__builder.hpp\n'}
[3.323080] (px4_msgs) StdoutLine: {'line': b'-- Up-to-date: /home/rschnurr/SkyClaw-Team1/ros2_ws/install/px4_msgs/include/px4_msgs/px4_msgs/msg/detail/cellular_status__traits.hpp\n'}
[3.323142] (px4_msgs) StdoutLine: {'line': b'-- Up-to-date: /home/rschnurr/SkyClaw-Team1/ros2_ws/install/px4_msgs/include/px4_msgs/px4_msgs/msg/detail/open_drone_id_system__struct.hpp\n'}
[3.323204] (px4_msgs) StdoutLine: {'line': b'-- Up-to-date: /home/rschnurr/SkyClaw-Team1/ros2_ws/install/px4_msgs/include/px4_msgs/px4_msgs/msg/detail/vehicle_magnetometer__traits.hpp\n'}
[3.323265] (px4_msgs) StdoutLine: {'line': b'-- Up-to-date: /home/rschnurr/SkyClaw-Team1/ros2_ws/install/px4_msgs/include/px4_msgs/px4_msgs/msg/detail/vehicle_acceleration__traits.hpp\n'}
[3.323327] (px4_msgs) StdoutLine: {'line': b'-- Up-to-date: /home/rschnurr/SkyClaw-Team1/ros2_ws/install/px4_msgs/include/px4_msgs/px4_msgs/msg/detail/sensor_airflow__struct.hpp\n'}
[3.323386] (px4_msgs) StdoutLine: {'line': b'-- Up-to-date: /home/rschnurr/SkyClaw-Team1/ros2_ws/install/px4_msgs/include/px4_msgs/px4_msgs/msg/detail/tiltrotor_extra_controls__type_support.hpp\n'}
[3.323447] (px4_msgs) StdoutLine: {'line': b'-- Up-to-date: /home/rschnurr/SkyClaw-Team1/ros2_ws/install/px4_msgs/include/px4_msgs/px4_msgs/msg/detail/fixed_wing_longitudinal_setpoint__struct.hpp\n'}
[3.323507] (px4_msgs) StdoutLine: {'line': b'-- Up-to-date: /home/rschnurr/SkyClaw-Team1/ros2_ws/install/px4_msgs/include/px4_msgs/px4_msgs/msg/detail/tecs_status__struct.hpp\n'}
[3.323572] (px4_msgs) StdoutLine: {'line': b'-- Up-to-date: /home/rschnurr/SkyClaw-Team1/ros2_ws/install/px4_msgs/include/px4_msgs/px4_msgs/msg/detail/sensor_preflight_mag__builder.hpp\n'}
[3.323631] (px4_msgs) StdoutLine: {'line': b'-- Up-to-date: /home/rschnurr/SkyClaw-Team1/ros2_ws/install/px4_msgs/include/px4_msgs/px4_msgs/msg/detail/position_setpoint__struct.hpp\n'}
[3.323692] (px4_msgs) StdoutLine: {'line': b'-- Up-to-date: /home/rschnurr/SkyClaw-Team1/ros2_ws/install/px4_msgs/include/px4_msgs/px4_msgs/msg/detail/failsafe_flags__type_support.hpp\n'}
[3.323753] (px4_msgs) StdoutLine: {'line': b'-- Up-to-date: /home/rschnurr/SkyClaw-Team1/ros2_ws/install/px4_msgs/include/px4_msgs/px4_msgs/msg/detail/home_position__builder.hpp\n'}
[3.323813] (px4_msgs) StdoutLine: {'line': b'-- Up-to-date: /home/rschnurr/SkyClaw-Team1/ros2_ws/install/px4_msgs/include/px4_msgs/px4_msgs/msg/detail/fixed_wing_lateral_setpoint__traits.hpp\n'}
[3.323872] (px4_msgs) StdoutLine: {'line': b'-- Up-to-date: /home/rschnurr/SkyClaw-Team1/ros2_ws/install/px4_msgs/include/px4_msgs/px4_msgs/msg/detail/open_drone_id_self_id__builder.hpp\n'}
[3.323931] (px4_msgs) StdoutLine: {'line': b'-- Up-to-date: /home/rschnurr/SkyClaw-Team1/ros2_ws/install/px4_msgs/include/px4_msgs/px4_msgs/msg/detail/navigator_status__type_support.hpp\n'}
[3.323997] (px4_msgs) StdoutLine: {'line': b'-- Up-to-date: /home/rschnurr/SkyClaw-Team1/ros2_ws/install/px4_msgs/include/px4_msgs/px4_msgs/msg/detail/transponder_report__struct.hpp\n'}
[3.324056] (px4_msgs) StdoutLine: {'line': b'-- Up-to-date: /home/rschnurr/SkyClaw-Team1/ros2_ws/install/px4_msgs/include/px4_msgs/px4_msgs/msg/detail/parameter_set_value_request__traits.hpp\n'}
[3.324126] (px4_msgs) StdoutLine: {'line': b'-- Up-to-date: /home/rschnurr/SkyClaw-Team1/ros2_ws/install/px4_msgs/include/px4_msgs/px4_msgs/msg/detail/estimator_aid_source3d__builder.hpp\n'}
[3.324188] (px4_msgs) StdoutLine: {'line': b'-- Up-to-date: /home/rschnurr/SkyClaw-Team1/ros2_ws/install/px4_msgs/include/px4_msgs/px4_msgs/msg/detail/flight_phase_estimation__type_support.hpp\n'}
[3.324248] (px4_msgs) StdoutLine: {'line': b'-- Up-to-date: /home/rschnurr/SkyClaw-Team1/ros2_ws/install/px4_msgs/include/px4_msgs/px4_msgs/msg/detail/hover_thrust_estimate__traits.hpp\n'}
[3.324511] (px4_msgs) StdoutLine: {'line': b'-- Up-to-date: /home/rschnurr/SkyClaw-Team1/ros2_ws/install/px4_msgs/include/px4_msgs/px4_msgs/msg/detail/vehicle_roi__type_support.hpp\n'}
[3.324634] (px4_msgs) StdoutLine: {'line': b'-- Up-to-date: /home/rschnurr/SkyClaw-Team1/ros2_ws/install/px4_msgs/include/px4_msgs/px4_msgs/msg/detail/gpio_in__struct.hpp\n'}
[3.324726] (px4_msgs) StdoutLine: {'line': b'-- Up-to-date: /home/rschnurr/SkyClaw-Team1/ros2_ws/install/px4_msgs/include/px4_msgs/px4_msgs/msg/detail/trajectory_setpoint6dof__traits.hpp\n'}
[3.324799] (px4_msgs) StdoutLine: {'line': b'-- Up-to-date: /home/rschnurr/SkyClaw-Team1/ros2_ws/install/px4_msgs/include/px4_msgs/px4_msgs/msg/detail/fixed_wing_runway_control__traits.hpp\n'}
[3.324891] (px4_msgs) StdoutLine: {'line': b'-- Up-to-date: /home/rschnurr/SkyClaw-Team1/ros2_ws/install/px4_msgs/include/px4_msgs/px4_msgs/msg/detail/transponder_report__builder.hpp\n'}
[3.325009] (px4_msgs) StdoutLine: {'line': b'-- Up-to-date: /home/rschnurr/SkyClaw-Team1/ros2_ws/install/px4_msgs/include/px4_msgs/px4_msgs/msg/detail/vehicle_attitude__struct.hpp\n'}
[3.325073] (px4_msgs) StdoutLine: {'line': b'-- Up-to-date: /home/rschnurr/SkyClaw-Team1/ros2_ws/install/px4_msgs/include/px4_msgs/px4_msgs/msg/detail/sensor_gps__type_support.hpp\n'}
[3.325132] (px4_msgs) StdoutLine: {'line': b'-- Up-to-date: /home/rschnurr/SkyClaw-Team1/ros2_ws/install/px4_msgs/include/px4_msgs/px4_msgs/msg/detail/landing_target_innovations__struct.hpp\n'}
[3.325181] (px4_msgs) StdoutLine: {'line': b'-- Up-to-date: /home/rschnurr/SkyClaw-Team1/ros2_ws/install/px4_msgs/include/px4_msgs/px4_msgs/msg/detail/airspeed_validated__type_support.hpp\n'}
[3.325227] (px4_msgs) StdoutLine: {'line': b'-- Up-to-date: /home/rschnurr/SkyClaw-Team1/ros2_ws/install/px4_msgs/include/px4_msgs/px4_msgs/msg/detail/manual_control_switches__builder.hpp\n'}
[3.325273] (px4_msgs) StdoutLine: {'line': b'-- Up-to-date: /home/rschnurr/SkyClaw-Team1/ros2_ws/install/px4_msgs/include/px4_msgs/px4_msgs/msg/detail/sensors_status__builder.hpp\n'}
[3.325428] (px4_msgs) StdoutLine: {'line': b'-- Up-to-date: /home/rschnurr/SkyClaw-Team1/ros2_ws/install/px4_msgs/include/px4_msgs/px4_msgs/msg/detail/actuator_armed__traits.hpp\n'}
[3.325494] (px4_msgs) StdoutLine: {'line': b'-- Up-to-date: /home/rschnurr/SkyClaw-Team1/ros2_ws/install/px4_msgs/include/px4_msgs/px4_msgs/msg/detail/debug_value__struct.hpp\n'}
[3.325547] (px4_msgs) StdoutLine: {'line': b'-- Up-to-date: /home/rschnurr/SkyClaw-Team1/ros2_ws/install/px4_msgs/include/px4_msgs/px4_msgs/msg/detail/vehicle_odometry__builder.hpp\n'}
[3.325614] (px4_msgs) StdoutLine: {'line': b'-- Up-to-date: /home/rschnurr/SkyClaw-Team1/ros2_ws/install/px4_msgs/include/px4_msgs/px4_msgs/msg/detail/rover_rate_setpoint__struct.hpp\n'}
[3.325775] (px4_msgs) StdoutLine: {'line': b'-- Up-to-date: /home/rschnurr/SkyClaw-Team1/ros2_ws/install/px4_msgs/include/px4_msgs/px4_msgs/msg/detail/gps_dump__struct.hpp\n'}
[3.325862] (px4_msgs) StdoutLine: {'line': b'-- Up-to-date: /home/rschnurr/SkyClaw-Team1/ros2_ws/install/px4_msgs/include/px4_msgs/px4_msgs/msg/detail/health_report__traits.hpp\n'}
[3.325917] (px4_msgs) StdoutLine: {'line': b'-- Up-to-date: /home/rschnurr/SkyClaw-Team1/ros2_ws/install/px4_msgs/include/px4_msgs/px4_msgs/msg/detail/vehicle_imu__type_support.hpp\n'}
[3.325962] (px4_msgs) StdoutLine: {'line': b'-- Up-to-date: /home/rschnurr/SkyClaw-Team1/ros2_ws/install/px4_msgs/include/px4_msgs/px4_msgs/msg/detail/gimbal_device_attitude_status__struct.hpp\n'}
[3.326007] (px4_msgs) StdoutLine: {'line': b'-- Up-to-date: /home/rschnurr/SkyClaw-Team1/ros2_ws/install/px4_msgs/include/px4_msgs/px4_msgs/msg/detail/heater_status__struct.hpp\n'}
[3.326131] (px4_msgs) StdoutLine: {'line': b'-- Up-to-date: /home/rschnurr/SkyClaw-Team1/ros2_ws/install/px4_msgs/include/px4_msgs/px4_msgs/msg/detail/estimator_aid_source3d__traits.hpp\n'}
[3.326223] (px4_msgs) StdoutLine: {'line': b'-- Up-to-date: /home/rschnurr/SkyClaw-Team1/ros2_ws/install/px4_msgs/include/px4_msgs/px4_msgs/msg/detail/rate_ctrl_status__builder.hpp\n'}
[3.326291] (px4_msgs) StdoutLine: {'line': b'-- Up-to-date: /home/rschnurr/SkyClaw-Team1/ros2_ws/install/px4_msgs/include/px4_msgs/px4_msgs/msg/detail/actuator_servos__traits.hpp\n'}
[3.326367] (px4_msgs) StdoutLine: {'line': b'-- Up-to-date: /home/rschnurr/SkyClaw-Team1/ros2_ws/install/px4_msgs/include/px4_msgs/px4_msgs/msg/detail/px4io_status__builder.hpp\n'}
[3.326431] (px4_msgs) StdoutLine: {'line': b'-- Up-to-date: /home/rschnurr/SkyClaw-Team1/ros2_ws/install/px4_msgs/include/px4_msgs/px4_msgs/msg/detail/actuator_servos_trim__builder.hpp\n'}
[3.326488] (px4_msgs) StdoutLine: {'line': b'-- Up-to-date: /home/rschnurr/SkyClaw-Team1/ros2_ws/install/px4_msgs/include/px4_msgs/px4_msgs/msg/detail/tune_control__struct.hpp\n'}
[3.326603] (px4_msgs) StdoutLine: {'line': b'-- Up-to-date: /home/rschnurr/SkyClaw-Team1/ros2_ws/install/px4_msgs/include/px4_msgs/px4_msgs/msg/detail/sensor_gyro__struct.hpp\n'}
[3.326701] (px4_msgs) StdoutLine: {'line': b'-- Up-to-date: /home/rschnurr/SkyClaw-Team1/ros2_ws/install/px4_msgs/include/px4_msgs/px4_msgs/msg/detail/rtl_status__builder.hpp\n'}
[3.326766] (px4_msgs) StdoutLine: {'line': b'-- Up-to-date: /home/rschnurr/SkyClaw-Team1/ros2_ws/install/px4_msgs/include/px4_msgs/px4_msgs/msg/detail/sensors_status_imu__traits.hpp\n'}
[3.326824] (px4_msgs) StdoutLine: {'line': b'-- Up-to-date: /home/rschnurr/SkyClaw-Team1/ros2_ws/install/px4_msgs/include/px4_msgs/px4_msgs/msg/detail/sensor_gyro_fft__builder.hpp\n'}
[3.326875] (px4_msgs) StdoutLine: {'line': b'-- Up-to-date: /home/rschnurr/SkyClaw-Team1/ros2_ws/install/px4_msgs/include/px4_msgs/px4_msgs/msg/detail/sensor_gyro__type_support.hpp\n'}
[3.326931] (px4_msgs) StdoutLine: {'line': b'-- Up-to-date: /home/rschnurr/SkyClaw-Team1/ros2_ws/install/px4_msgs/include/px4_msgs/px4_msgs/msg/detail/follow_target_status__builder.hpp\n'}
[3.326978] (px4_msgs) StdoutLine: {'line': b'-- Up-to-date: /home/rschnurr/SkyClaw-Team1/ros2_ws/install/px4_msgs/include/px4_msgs/px4_msgs/msg/detail/actuator_motors__builder.hpp\n'}
[3.327021] (px4_msgs) StdoutLine: {'line': b'-- Up-to-date: /home/rschnurr/SkyClaw-Team1/ros2_ws/install/px4_msgs/include/px4_msgs/px4_msgs/msg/detail/unregister_ext_component__type_support.hpp\n'}
[3.327066] (px4_msgs) StdoutLine: {'line': b'-- Up-to-date: /home/rschnurr/SkyClaw-Team1/ros2_ws/install/px4_msgs/include/px4_msgs/px4_msgs/msg/detail/estimator_selector_status__type_support.hpp\n'}
[3.327110] (px4_msgs) StdoutLine: {'line': b'-- Up-to-date: /home/rschnurr/SkyClaw-Team1/ros2_ws/install/px4_msgs/include/px4_msgs/px4_msgs/msg/detail/can_interface_status__builder.hpp\n'}
[3.327155] (px4_msgs) StdoutLine: {'line': b'-- Up-to-date: /home/rschnurr/SkyClaw-Team1/ros2_ws/install/px4_msgs/include/px4_msgs/px4_msgs/msg/detail/ping__type_support.hpp\n'}
[3.327200] (px4_msgs) StdoutLine: {'line': b'-- Up-to-date: /home/rschnurr/SkyClaw-Team1/ros2_ws/install/px4_msgs/include/px4_msgs/px4_msgs/msg/detail/power_monitor__builder.hpp\n'}
[3.327247] (px4_msgs) StdoutLine: {'line': b'-- Up-to-date: /home/rschnurr/SkyClaw-Team1/ros2_ws/install/px4_msgs/include/px4_msgs/px4_msgs/msg/detail/pure_pursuit_status__type_support.hpp\n'}
[3.327380] (px4_msgs) StdoutLine: {'line': b'-- Up-to-date: /home/rschnurr/SkyClaw-Team1/ros2_ws/install/px4_msgs/include/px4_msgs/px4_msgs/msg/detail/mavlink_log__struct.hpp\n'}
[3.327462] (px4_msgs) StdoutLine: {'line': b'-- Up-to-date: /home/rschnurr/SkyClaw-Team1/ros2_ws/install/px4_msgs/include/px4_msgs/px4_msgs/msg/detail/gps_inject_data__traits.hpp\n'}
[3.327522] (px4_msgs) StdoutLine: {'line': b'-- Up-to-date: /home/rschnurr/SkyClaw-Team1/ros2_ws/install/px4_msgs/include/px4_msgs/px4_msgs/msg/detail/failure_detector_status__builder.hpp\n'}
[3.327591] (px4_msgs) StdoutLine: {'line': b'-- Up-to-date: /home/rschnurr/SkyClaw-Team1/ros2_ws/install/px4_msgs/include/px4_msgs/px4_msgs/msg/detail/sensor_uwb__traits.hpp\n'}
[3.327861] (px4_msgs) StdoutLine: {'line': b'-- Up-to-date: /home/rschnurr/SkyClaw-Team1/ros2_ws/install/px4_msgs/include/px4_msgs/px4_msgs/msg/detail/vehicle_local_position__struct.hpp\n'}
[3.328017] (px4_msgs) StdoutLine: {'line': b'-- Up-to-date: /home/rschnurr/SkyClaw-Team1/ros2_ws/install/px4_msgs/include/px4_msgs/px4_msgs/msg/detail/ekf2_timestamps__builder.hpp\n'}
[3.328172] (px4_msgs) StdoutLine: {'line': b'-- Up-to-date: /home/rschnurr/SkyClaw-Team1/ros2_ws/install/px4_msgs/include/px4_msgs/px4_msgs/msg/detail/vehicle_roi__traits.hpp\n'}
[3.328373] (px4_msgs) StdoutLine: {'line': b'-- Up-to-date: /home/rschnurr/SkyClaw-Team1/ros2_ws/install/px4_msgs/include/px4_msgs/px4_msgs/msg/detail/sensor_selection__struct.hpp\n'}
[3.328614] (px4_msgs) StdoutLine: {'line': b'-- Up-to-date: /home/rschnurr/SkyClaw-Team1/ros2_ws/install/px4_msgs/include/px4_msgs/px4_msgs/msg/detail/can_interface_status__type_support.hpp\n'}
[3.328790] (px4_msgs) StdoutLine: {'line': b'-- Up-to-date: /home/rschnurr/SkyClaw-Team1/ros2_ws/install/px4_msgs/include/px4_msgs/px4_msgs/msg/detail/normalized_unsigned_setpoint__struct.hpp\n'}
[3.328946] (px4_msgs) StdoutLine: {'line': b'-- Up-to-date: /home/rschnurr/SkyClaw-Team1/ros2_ws/install/px4_msgs/include/px4_msgs/px4_msgs/msg/detail/parameter_set_value_response__builder.hpp\n'}
[3.329043] (px4_msgs) StdoutLine: {'line': b'-- Up-to-date: /home/rschnurr/SkyClaw-Team1/ros2_ws/install/px4_msgs/include/px4_msgs/px4_msgs/msg/detail/action_request__struct.hpp\n'}
[3.329133] (px4_msgs) StdoutLine: {'line': b'-- Up-to-date: /home/rschnurr/SkyClaw-Team1/ros2_ws/install/px4_msgs/include/px4_msgs/px4_msgs/msg/detail/iridiumsbd_status__traits.hpp\n'}
[3.329234] (px4_msgs) StdoutLine: {'line': b'-- Up-to-date: /home/rschnurr/SkyClaw-Team1/ros2_ws/install/px4_msgs/include/px4_msgs/px4_msgs/msg/detail/generator_status__traits.hpp\n'}
[3.329440] (px4_msgs) StdoutLine: {'line': b'-- Up-to-date: /home/rschnurr/SkyClaw-Team1/ros2_ws/install/px4_msgs/include/px4_msgs/px4_msgs/msg/detail/dataman_response__struct.hpp\n'}
[3.329577] (px4_msgs) StdoutLine: {'line': b'-- Up-to-date: /home/rschnurr/SkyClaw-Team1/ros2_ws/install/px4_msgs/include/px4_msgs/px4_msgs/msg/detail/px4io_status__traits.hpp\n'}
[3.329656] (px4_msgs) StdoutLine: {'line': b'-- Up-to-date: /home/rschnurr/SkyClaw-Team1/ros2_ws/install/px4_msgs/include/px4_msgs/px4_msgs/msg/detail/dataman_request__traits.hpp\n'}
[3.329721] (px4_msgs) StdoutLine: {'line': b'-- Up-to-date: /home/rschnurr/SkyClaw-Team1/ros2_ws/install/px4_msgs/include/px4_msgs/px4_msgs/msg/detail/follow_target_estimator__traits.hpp\n'}
[3.329801] (px4_msgs) StdoutLine: {'line': b'-- Up-to-date: /home/rschnurr/SkyClaw-Team1/ros2_ws/install/px4_msgs/include/px4_msgs/px4_msgs/msg/detail/vehicle_magnetometer__struct.hpp\n'}
[3.329862] (px4_msgs) StdoutLine: {'line': b'-- Up-to-date: /home/rschnurr/SkyClaw-Team1/ros2_ws/install/px4_msgs/include/px4_msgs/px4_msgs/msg/detail/rover_throttle_setpoint__struct.hpp\n'}
[3.329923] (px4_msgs) StdoutLine: {'line': b'-- Up-to-date: /home/rschnurr/SkyClaw-Team1/ros2_ws/install/px4_msgs/include/px4_msgs/px4_msgs/msg/detail/rc_parameter_map__traits.hpp\n'}
[3.330097] (px4_msgs) StdoutLine: {'line': b'-- Up-to-date: /home/rschnurr/SkyClaw-Team1/ros2_ws/install/px4_msgs/include/px4_msgs/px4_msgs/msg/detail/actuator_motors__type_support.hpp\n'}
[3.330351] (px4_msgs) StdoutLine: {'line': b'-- Up-to-date: /home/rschnurr/SkyClaw-Team1/ros2_ws/install/px4_msgs/include/px4_msgs/px4_msgs/msg/detail/velocity_limits__traits.hpp\n'}
[3.330591] (px4_msgs) StdoutLine: {'line': b'-- Up-to-date: /home/rschnurr/SkyClaw-Team1/ros2_ws/install/px4_msgs/include/px4_msgs/px4_msgs/msg/detail/fixed_wing_lateral_guidance_status__traits.hpp\n'}
[3.330768] (px4_msgs) StdoutLine: {'line': b'-- Up-to-date: /home/rschnurr/SkyClaw-Team1/ros2_ws/install/px4_msgs/include/px4_msgs/px4_msgs/msg/detail/sensor_accel__type_support.hpp\n'}
[3.330940] (px4_msgs) StdoutLine: {'line': b'-- Up-to-date: /home/rschnurr/SkyClaw-Team1/ros2_ws/install/px4_msgs/include/px4_msgs/px4_msgs/msg/detail/longitudinal_control_configuration__traits.hpp\n'}
[3.331044] (px4_msgs) StdoutLine: {'line': b'-- Up-to-date: /home/rschnurr/SkyClaw-Team1/ros2_ws/install/px4_msgs/include/px4_msgs/px4_msgs/msg/detail/vtol_vehicle_status__builder.hpp\n'}
[3.331181] (px4_msgs) StdoutLine: {'line': b'-- Up-to-date: /home/rschnurr/SkyClaw-Team1/ros2_ws/install/px4_msgs/include/px4_msgs/px4_msgs/msg/detail/rate_ctrl_status__traits.hpp\n'}
[3.331282] (px4_msgs) StdoutLine: {'line': b'-- Up-to-date: /home/rschnurr/SkyClaw-Team1/ros2_ws/install/px4_msgs/include/px4_msgs/px4_msgs/msg/detail/position_controller_status__struct.hpp\n'}
[3.331379] (px4_msgs) StdoutLine: {'line': b'-- Up-to-date: /home/rschnurr/SkyClaw-Team1/ros2_ws/install/px4_msgs/include/px4_msgs/px4_msgs/msg/detail/vehicle_angular_acceleration_setpoint__type_support.hpp\n'}
[3.331459] (px4_msgs) StdoutLine: {'line': b'-- Up-to-date: /home/rschnurr/SkyClaw-Team1/ros2_ws/install/px4_msgs/include/px4_msgs/px4_msgs/msg/detail/estimator_bias__type_support.hpp\n'}
[3.331516] (px4_msgs) StdoutLine: {'line': b'-- Up-to-date: /home/rschnurr/SkyClaw-Team1/ros2_ws/install/px4_msgs/include/px4_msgs/px4_msgs/msg/detail/sensor_hygrometer__traits.hpp\n'}
[3.331572] (px4_msgs) StdoutLine: {'line': b'-- Up-to-date: /home/rschnurr/SkyClaw-Team1/ros2_ws/install/px4_msgs/include/px4_msgs/px4_msgs/msg/detail/rover_speed_status__struct.hpp\n'}
[3.331628] (px4_msgs) StdoutLine: {'line': b'-- Up-to-date: /home/rschnurr/SkyClaw-Team1/ros2_ws/install/px4_msgs/include/px4_msgs/px4_msgs/msg/detail/vehicle_air_data__struct.hpp\n'}
[3.331684] (px4_msgs) StdoutLine: {'line': b'-- Up-to-date: /home/rschnurr/SkyClaw-Team1/ros2_ws/install/px4_msgs/include/px4_msgs/px4_msgs/msg/detail/debug_array__builder.hpp\n'}
[3.331738] (px4_msgs) StdoutLine: {'line': b'-- Up-to-date: /home/rschnurr/SkyClaw-Team1/ros2_ws/install/px4_msgs/include/px4_msgs/px4_msgs/msg/detail/vehicle_attitude_setpoint__builder.hpp\n'}
[3.331792] (px4_msgs) StdoutLine: {'line': b'-- Up-to-date: /home/rschnurr/SkyClaw-Team1/ros2_ws/install/px4_msgs/include/px4_msgs/px4_msgs/msg/detail/neural_control__traits.hpp\n'}
[3.331845] (px4_msgs) StdoutLine: {'line': b'-- Up-to-date: /home/rschnurr/SkyClaw-Team1/ros2_ws/install/px4_msgs/include/px4_msgs/px4_msgs/msg/detail/qshell_retval__traits.hpp\n'}
[3.331952] (px4_msgs) StdoutLine: {'line': b'-- Up-to-date: /home/rschnurr/SkyClaw-Team1/ros2_ws/install/px4_msgs/include/px4_msgs/px4_msgs/msg/detail/irlock_report__type_support.hpp\n'}
[3.332120] (px4_msgs) StdoutLine: {'line': b'-- Up-to-date: /home/rschnurr/SkyClaw-Team1/ros2_ws/install/px4_msgs/include/px4_msgs/px4_msgs/msg/detail/airspeed__type_support.hpp\n'}
[3.332245] (px4_msgs) StdoutLine: {'line': b'-- Up-to-date: /home/rschnurr/SkyClaw-Team1/ros2_ws/install/px4_msgs/include/px4_msgs/px4_msgs/msg/detail/vehicle_roi__struct.hpp\n'}
[3.332307] (px4_msgs) StdoutLine: {'line': b'-- Up-to-date: /home/rschnurr/SkyClaw-Team1/ros2_ws/install/px4_msgs/include/px4_msgs/px4_msgs/msg/detail/sensor_gnss_status__struct.hpp\n'}
[3.332635] (px4_msgs) StdoutLine: {'line': b'-- Up-to-date: /home/rschnurr/SkyClaw-Team1/ros2_ws/install/px4_msgs/include/px4_msgs/px4_msgs/msg/detail/mavlink_tunnel__struct.hpp\n'}
[3.332715] (px4_msgs) StdoutLine: {'line': b'-- Up-to-date: /home/rschnurr/SkyClaw-Team1/ros2_ws/install/px4_msgs/include/px4_msgs/px4_msgs/msg/detail/figure_eight_status__type_support.hpp\n'}
[3.332774] (px4_msgs) StdoutLine: {'line': b'-- Up-to-date: /home/rschnurr/SkyClaw-Team1/ros2_ws/install/px4_msgs/include/px4_msgs/px4_msgs/msg/detail/event__struct.hpp\n'}
[3.332823] (px4_msgs) StdoutLine: {'line': b'-- Up-to-date: /home/rschnurr/SkyClaw-Team1/ros2_ws/install/px4_msgs/include/px4_msgs/px4_msgs/msg/detail/system_power__struct.hpp\n'}
[3.332876] (px4_msgs) StdoutLine: {'line': b'-- Up-to-date: /home/rschnurr/SkyClaw-Team1/ros2_ws/install/px4_msgs/include/px4_msgs/px4_msgs/msg/detail/open_drone_id_arm_status__traits.hpp\n'}
[3.332935] (px4_msgs) StdoutLine: {'line': b'-- Up-to-date: /home/rschnurr/SkyClaw-Team1/ros2_ws/install/px4_msgs/include/px4_msgs/px4_msgs/msg/detail/logger_status__type_support.hpp\n'}
[3.332978] (px4_msgs) StdoutLine: {'line': b'-- Up-to-date: /home/rschnurr/SkyClaw-Team1/ros2_ws/install/px4_msgs/include/px4_msgs/px4_msgs/msg/detail/vehicle_status__struct.hpp\n'}
[3.333020] (px4_msgs) StdoutLine: {'line': b'-- Up-to-date: /home/rschnurr/SkyClaw-Team1/ros2_ws/install/px4_msgs/include/px4_msgs/px4_msgs/msg/detail/orb_test__struct.hpp\n'}
[3.333064] (px4_msgs) StdoutLine: {'line': b'-- Up-to-date: /home/rschnurr/SkyClaw-Team1/ros2_ws/install/px4_msgs/include/px4_msgs/px4_msgs/msg/detail/distance_sensor_mode_change_request__traits.hpp\n'}
[3.333110] (px4_msgs) StdoutLine: {'line': b'-- Up-to-date: /home/rschnurr/SkyClaw-Team1/ros2_ws/install/px4_msgs/include/px4_msgs/px4_msgs/msg/detail/gpio_request__struct.hpp\n'}
[3.333154] (px4_msgs) StdoutLine: {'line': b'-- Up-to-date: /home/rschnurr/SkyClaw-Team1/ros2_ws/install/px4_msgs/include/px4_msgs/px4_msgs/msg/detail/actuator_outputs__struct.hpp\n'}
[3.333195] (px4_msgs) StdoutLine: {'line': b'-- Up-to-date: /home/rschnurr/SkyClaw-Team1/ros2_ws/install/px4_msgs/include/px4_msgs/px4_msgs/msg/detail/button_event__builder.hpp\n'}
[3.333276] (px4_msgs) StdoutLine: {'line': b'-- Up-to-date: /home/rschnurr/SkyClaw-Team1/ros2_ws/install/px4_msgs/include/px4_msgs/px4_msgs/msg/detail/ulog_stream__struct.hpp\n'}
[3.333400] (px4_msgs) StdoutLine: {'line': b'-- Up-to-date: /home/rschnurr/SkyClaw-Team1/ros2_ws/install/px4_msgs/include/px4_msgs/px4_msgs/msg/detail/mag_worker_data__type_support.hpp\n'}
[3.333514] (px4_msgs) StdoutLine: {'line': b'-- Up-to-date: /home/rschnurr/SkyClaw-Team1/ros2_ws/install/px4_msgs/include/px4_msgs/px4_msgs/msg/detail/gimbal_device_set_attitude__struct.hpp\n'}
[3.333625] (px4_msgs) StdoutLine: {'line': b'-- Up-to-date: /home/rschnurr/SkyClaw-Team1/ros2_ws/install/px4_msgs/include/px4_msgs/px4_msgs/msg/detail/orbit_status__struct.hpp\n'}
[3.333758] (px4_msgs) StdoutLine: {'line': b'-- Up-to-date: /home/rschnurr/SkyClaw-Team1/ros2_ws/install/px4_msgs/include/px4_msgs/px4_msgs/msg/detail/estimator_status_flags__traits.hpp\n'}
[3.333922] (px4_msgs) StdoutLine: {'line': b'-- Up-to-date: /home/rschnurr/SkyClaw-Team1/ros2_ws/install/px4_msgs/include/px4_msgs/px4_msgs/msg/detail/message_format_response__type_support.hpp\n'}
[3.334030] (px4_msgs) StdoutLine: {'line': b'-- Up-to-date: /home/rschnurr/SkyClaw-Team1/ros2_ws/install/px4_msgs/include/px4_msgs/px4_msgs/msg/detail/mode_completed__struct.hpp\n'}
[3.334164] (px4_msgs) StdoutLine: {'line': b'-- Up-to-date: /home/rschnurr/SkyClaw-Team1/ros2_ws/install/px4_msgs/include/px4_msgs/px4_msgs/msg/detail/vehicle_global_position__builder.hpp\n'}
[3.334313] (px4_msgs) StdoutLine: {'line': b'-- Up-to-date: /home/rschnurr/SkyClaw-Team1/ros2_ws/install/px4_msgs/include/px4_msgs/px4_msgs/msg/detail/control_allocator_status__traits.hpp\n'}
[3.334404] (px4_msgs) StdoutLine: {'line': b'-- Up-to-date: /home/rschnurr/SkyClaw-Team1/ros2_ws/install/px4_msgs/include/px4_msgs/px4_msgs/msg/detail/estimator_selector_status__struct.hpp\n'}
[3.334479] (px4_msgs) StdoutLine: {'line': b'-- Up-to-date: /home/rschnurr/SkyClaw-Team1/ros2_ws/install/px4_msgs/include/px4_msgs/px4_msgs/msg/detail/airspeed_wind__traits.hpp\n'}
[3.336253] (px4_msgs) StdoutLine: {'line': b'-- Up-to-date: /home/rschnurr/SkyClaw-Team1/ros2_ws/install/px4_msgs/include/px4_msgs/px4_msgs/msg/detail/task_stack_info__builder.hpp\n'}
[3.337395] (px4_msgs) StdoutLine: {'line': b'-- Up-to-date: /home/rschnurr/SkyClaw-Team1/ros2_ws/install/px4_msgs/include/px4_msgs/px4_msgs/msg/detail/actuator_motors__struct.hpp\n'}
[3.337658] (px4_msgs) StdoutLine: {'line': b'-- Up-to-date: /home/rschnurr/SkyClaw-Team1/ros2_ws/install/px4_msgs/include/px4_msgs/px4_msgs/msg/detail/tune_control__traits.hpp\n'}
[3.338154] (px4_msgs) StdoutLine: {'line': b'-- Up-to-date: /home/rschnurr/SkyClaw-Team1/ros2_ws/install/px4_msgs/include/px4_msgs/px4_msgs/msg/detail/message_format_response__struct.hpp\n'}
[3.338269] (px4_msgs) StdoutLine: {'line': b'-- Up-to-date: /home/rschnurr/SkyClaw-Team1/ros2_ws/install/px4_msgs/include/px4_msgs/px4_msgs/msg/detail/cpuload__struct.hpp\n'}
[3.338347] (px4_msgs) StdoutLine: {'line': b'-- Up-to-date: /home/rschnurr/SkyClaw-Team1/ros2_ws/install/px4_msgs/include/px4_msgs/px4_msgs/msg/detail/actuator_test__type_support.hpp\n'}
[3.338417] (px4_msgs) StdoutLine: {'line': b'-- Up-to-date: /home/rschnurr/SkyClaw-Team1/ros2_ws/install/px4_msgs/include/px4_msgs/px4_msgs/msg/detail/task_stack_info__struct.hpp\n'}
[3.338480] (px4_msgs) StdoutLine: {'line': b'-- Up-to-date: /home/rschnurr/SkyClaw-Team1/ros2_ws/install/px4_msgs/include/px4_msgs/px4_msgs/msg/detail/orb_test_large__traits.hpp\n'}
[3.338550] (px4_msgs) StdoutLine: {'line': b'-- Up-to-date: /home/rschnurr/SkyClaw-Team1/ros2_ws/install/px4_msgs/include/px4_msgs/px4_msgs/msg/detail/vehicle_global_position__traits.hpp\n'}
[3.338610] (px4_msgs) StdoutLine: {'line': b'-- Up-to-date: /home/rschnurr/SkyClaw-Team1/ros2_ws/install/px4_msgs/include/px4_msgs/px4_msgs/msg/detail/vehicle_thrust_setpoint__struct.hpp\n'}
[3.338671] (px4_msgs) StdoutLine: {'line': b'-- Up-to-date: /home/rschnurr/SkyClaw-Team1/ros2_ws/install/px4_msgs/include/px4_msgs/px4_msgs/msg/detail/parameter_reset_request__traits.hpp\n'}
[3.338730] (px4_msgs) StdoutLine: {'line': b'-- Up-to-date: /home/rschnurr/SkyClaw-Team1/ros2_ws/install/px4_msgs/include/px4_msgs/px4_msgs/msg/detail/can_interface_status__traits.hpp\n'}
[3.338802] (px4_msgs) StdoutLine: {'line': b'-- Up-to-date: /home/rschnurr/SkyClaw-Team1/ros2_ws/install/px4_msgs/include/px4_msgs/px4_msgs/msg/detail/actuator_servos_trim__struct.hpp\n'}
[3.338872] (px4_msgs) StdoutLine: {'line': b'-- Up-to-date: /home/rschnurr/SkyClaw-Team1/ros2_ws/install/px4_msgs/include/px4_msgs/px4_msgs/msg/detail/input_rc__builder.hpp\n'}
[3.338937] (px4_msgs) StdoutLine: {'line': b'-- Up-to-date: /home/rschnurr/SkyClaw-Team1/ros2_ws/install/px4_msgs/include/px4_msgs/px4_msgs/msg/detail/orb_test__traits.hpp\n'}
[3.339003] (px4_msgs) StdoutLine: {'line': b'-- Up-to-date: /home/rschnurr/SkyClaw-Team1/ros2_ws/install/px4_msgs/include/px4_msgs/px4_msgs/msg/detail/gripper__type_support.hpp\n'}
[3.339067] (px4_msgs) StdoutLine: {'line': b'-- Up-to-date: /home/rschnurr/SkyClaw-Team1/ros2_ws/install/px4_msgs/include/px4_msgs/px4_msgs/msg/detail/sensor_accel__traits.hpp\n'}
[3.339128] (px4_msgs) StdoutLine: {'line': b'-- Up-to-date: /home/rschnurr/SkyClaw-Team1/ros2_ws/install/px4_msgs/include/px4_msgs/px4_msgs/msg/detail/debug_array__traits.hpp\n'}
[3.339189] (px4_msgs) StdoutLine: {'line': b'-- Up-to-date: /home/rschnurr/SkyClaw-Team1/ros2_ws/install/px4_msgs/include/px4_msgs/px4_msgs/msg/detail/landing_gear__traits.hpp\n'}
[3.339251] (px4_msgs) StdoutLine: {'line': b'-- Up-to-date: /home/rschnurr/SkyClaw-Team1/ros2_ws/install/px4_msgs/include/px4_msgs/px4_msgs/msg/detail/vehicle_attitude_setpoint__type_support.hpp\n'}
[3.339314] (px4_msgs) StdoutLine: {'line': b'-- Up-to-date: /home/rschnurr/SkyClaw-Team1/ros2_ws/install/px4_msgs/include/px4_msgs/px4_msgs/msg/detail/follow_target_status__struct.hpp\n'}
[3.339375] (px4_msgs) StdoutLine: {'line': b'-- Up-to-date: /home/rschnurr/SkyClaw-Team1/ros2_ws/install/px4_msgs/include/px4_msgs/px4_msgs/msg/detail/rtl_status__struct.hpp\n'}
[3.339436] (px4_msgs) StdoutLine: {'line': b'-- Up-to-date: /home/rschnurr/SkyClaw-Team1/ros2_ws/install/px4_msgs/include/px4_msgs/px4_msgs/msg/detail/onboard_computer_status__traits.hpp\n'}
[3.339499] (px4_msgs) StdoutLine: {'line': b'-- Up-to-date: /home/rschnurr/SkyClaw-Team1/ros2_ws/install/px4_msgs/include/px4_msgs/px4_msgs/msg/detail/vehicle_global_position__type_support.hpp\n'}
[3.339561] (px4_msgs) StdoutLine: {'line': b'-- Up-to-date: /home/rschnurr/SkyClaw-Team1/ros2_ws/install/px4_msgs/include/px4_msgs/px4_msgs/msg/detail/differential_pressure__struct.hpp\n'}
[3.339606] (px4_msgs) StdoutLine: {'line': b'-- Up-to-date: /home/rschnurr/SkyClaw-Team1/ros2_ws/install/px4_msgs/include/px4_msgs/px4_msgs/msg/detail/home_position__traits.hpp\n'}
[3.339650] (px4_msgs) StdoutLine: {'line': b'-- Up-to-date: /home/rschnurr/SkyClaw-Team1/ros2_ws/install/px4_msgs/include/px4_msgs/px4_msgs/msg/detail/irlock_report__traits.hpp\n'}
[3.339694] (px4_msgs) StdoutLine: {'line': b'-- Up-to-date: /home/rschnurr/SkyClaw-Team1/ros2_ws/install/px4_msgs/include/px4_msgs/px4_msgs/msg/detail/system_power__type_support.hpp\n'}
[3.339834] (px4_msgs) StdoutLine: {'line': b'-- Up-to-date: /home/rschnurr/SkyClaw-Team1/ros2_ws/install/px4_msgs/include/px4_msgs/px4_msgs/msg/detail/register_ext_component_reply__type_support.hpp\n'}
[3.339917] (px4_msgs) StdoutLine: {'line': b'-- Up-to-date: /home/rschnurr/SkyClaw-Team1/ros2_ws/install/px4_msgs/include/px4_msgs/px4_msgs/msg/detail/vehicle_acceleration__type_support.hpp\n'}
[3.339982] (px4_msgs) StdoutLine: {'line': b'-- Up-to-date: /home/rschnurr/SkyClaw-Team1/ros2_ws/install/px4_msgs/include/px4_msgs/px4_msgs/msg/detail/gpio_in__type_support.hpp\n'}
[3.340031] (px4_msgs) StdoutLine: {'line': b'-- Up-to-date: /home/rschnurr/SkyClaw-Team1/ros2_ws/install/px4_msgs/include/px4_msgs/px4_msgs/msg/detail/sensor_accel_fifo__type_support.hpp\n'}
[3.340078] (px4_msgs) StdoutLine: {'line': b'-- Up-to-date: /home/rschnurr/SkyClaw-Team1/ros2_ws/install/px4_msgs/include/px4_msgs/px4_msgs/msg/detail/message_format_request__struct.hpp\n'}
[3.340128] (px4_msgs) StdoutLine: {'line': b'-- Up-to-date: /home/rschnurr/SkyClaw-Team1/ros2_ws/install/px4_msgs/include/px4_msgs/px4_msgs/msg/detail/open_drone_id_system__builder.hpp\n'}
[3.340175] (px4_msgs) StdoutLine: {'line': b'-- Up-to-date: /home/rschnurr/SkyClaw-Team1/ros2_ws/install/px4_msgs/include/px4_msgs/px4_msgs/msg/detail/open_drone_id_operator_id__builder.hpp\n'}
[3.340219] (px4_msgs) StdoutLine: {'line': b'-- Up-to-date: /home/rschnurr/SkyClaw-Team1/ros2_ws/install/px4_msgs/include/px4_msgs/px4_msgs/msg/detail/geofence_status__traits.hpp\n'}
[3.340263] (px4_msgs) StdoutLine: {'line': b'-- Up-to-date: /home/rschnurr/SkyClaw-Team1/ros2_ws/install/px4_msgs/include/px4_msgs/px4_msgs/msg/detail/follow_target__struct.hpp\n'}
[3.340307] (px4_msgs) StdoutLine: {'line': b'-- Up-to-date: /home/rschnurr/SkyClaw-Team1/ros2_ws/install/px4_msgs/include/px4_msgs/px4_msgs/msg/detail/mission_result__type_support.hpp\n'}
[3.340521] (px4_msgs) StdoutLine: {'line': b'-- Up-to-date: /home/rschnurr/SkyClaw-Team1/ros2_ws/install/px4_msgs/include/px4_msgs/px4_msgs/msg/detail/sensor_mag__struct.hpp\n'}
[3.340679] (px4_msgs) StdoutLine: {'line': b'-- Up-to-date: /home/rschnurr/SkyClaw-Team1/ros2_ws/install/px4_msgs/include/px4_msgs/px4_msgs/msg/detail/fixed_wing_runway_control__builder.hpp\n'}
[3.340758] (px4_msgs) StdoutLine: {'line': b'-- Up-to-date: /home/rschnurr/SkyClaw-Team1/ros2_ws/install/px4_msgs/include/px4_msgs/px4_msgs/msg/detail/takeoff_status__type_support.hpp\n'}
[3.340892] (px4_msgs) StdoutLine: {'line': b'-- Up-to-date: /home/rschnurr/SkyClaw-Team1/ros2_ws/install/px4_msgs/include/px4_msgs/px4_msgs/msg/detail/parameter_set_value_response__type_support.hpp\n'}
[3.341000] (px4_msgs) StdoutLine: {'line': b'-- Up-to-date: /home/rschnurr/SkyClaw-Team1/ros2_ws/install/px4_msgs/include/px4_msgs/px4_msgs/msg/detail/power_button_state__traits.hpp\n'}
[3.341054] (px4_msgs) StdoutLine: {'line': b'-- Up-to-date: /home/rschnurr/SkyClaw-Team1/ros2_ws/install/px4_msgs/include/px4_msgs/px4_msgs/msg/detail/orb_test__builder.hpp\n'}
[3.341112] (px4_msgs) StdoutLine: {'line': b'-- Up-to-date: /home/rschnurr/SkyClaw-Team1/ros2_ws/install/px4_msgs/include/px4_msgs/px4_msgs/msg/detail/pwm_input__builder.hpp\n'}
[3.341262] (px4_msgs) StdoutLine: {'line': b'-- Up-to-date: /home/rschnurr/SkyClaw-Team1/ros2_ws/install/px4_msgs/include/px4_msgs/px4_msgs/msg/detail/debug_key_value__traits.hpp\n'}
[3.341463] (px4_msgs) StdoutLine: {'line': b'-- Up-to-date: /home/rschnurr/SkyClaw-Team1/ros2_ws/install/px4_msgs/include/px4_msgs/px4_msgs/msg/detail/navigator_status__traits.hpp\n'}
[3.341696] (px4_msgs) StdoutLine: {'line': b'-- Up-to-date: /home/rschnurr/SkyClaw-Team1/ros2_ws/install/px4_msgs/include/px4_msgs/px4_msgs/msg/detail/open_drone_id_arm_status__builder.hpp\n'}
[3.341850] (px4_msgs) StdoutLine: {'line': b'-- Up-to-date: /home/rschnurr/SkyClaw-Team1/ros2_ws/install/px4_msgs/include/px4_msgs/px4_msgs/msg/detail/cellular_status__type_support.hpp\n'}
[3.341945] (px4_msgs) StdoutLine: {'line': b'-- Up-to-date: /home/rschnurr/SkyClaw-Team1/ros2_ws/install/px4_msgs/include/px4_msgs/px4_msgs/msg/detail/internal_combustion_engine_control__type_support.hpp\n'}
[3.342019] (px4_msgs) StdoutLine: {'line': b'-- Up-to-date: /home/rschnurr/SkyClaw-Team1/ros2_ws/install/px4_msgs/include/px4_msgs/px4_msgs/msg/detail/arming_check_reply__traits.hpp\n'}
[3.342111] (px4_msgs) StdoutLine: {'line': b'-- Up-to-date: /home/rschnurr/SkyClaw-Team1/ros2_ws/install/px4_msgs/include/px4_msgs/px4_msgs/msg/detail/vehicle_angular_velocity__traits.hpp\n'}
[3.342179] (px4_msgs) StdoutLine: {'line': b'-- Up-to-date: /home/rschnurr/SkyClaw-Team1/ros2_ws/install/px4_msgs/include/px4_msgs/px4_msgs/msg/detail/collision_constraints__traits.hpp\n'}
[3.342244] (px4_msgs) StdoutLine: {'line': b'-- Up-to-date: /home/rschnurr/SkyClaw-Team1/ros2_ws/install/px4_msgs/include/px4_msgs/px4_msgs/msg/detail/tiltrotor_extra_controls__traits.hpp\n'}
[3.342307] (px4_msgs) StdoutLine: {'line': b'-- Up-to-date: /home/rschnurr/SkyClaw-Team1/ros2_ws/install/px4_msgs/include/px4_msgs/px4_msgs/msg/detail/task_stack_info__type_support.hpp\n'}
[3.342372] (px4_msgs) StdoutLine: {'line': b'-- Up-to-date: /home/rschnurr/SkyClaw-Team1/ros2_ws/install/px4_msgs/include/px4_msgs/px4_msgs/msg/detail/vehicle_angular_acceleration_setpoint__struct.hpp\n'}
[3.342442] (px4_msgs) StdoutLine: {'line': b'-- Up-to-date: /home/rschnurr/SkyClaw-Team1/ros2_ws/install/px4_msgs/include/px4_msgs/px4_msgs/msg/detail/esc_report__type_support.hpp\n'}
[3.342554] (px4_msgs) StdoutLine: {'line': b'-- Up-to-date: /home/rschnurr/SkyClaw-Team1/ros2_ws/install/px4_msgs/include/px4_msgs/px4_msgs/msg/detail/landing_gear_wheel__builder.hpp\n'}
[3.342710] (px4_msgs) StdoutLine: {'line': b'-- Up-to-date: /home/rschnurr/SkyClaw-Team1/ros2_ws/install/px4_msgs/include/px4_msgs/px4_msgs/msg/detail/geofence_status__type_support.hpp\n'}
[3.342791] (px4_msgs) StdoutLine: {'line': b'-- Up-to-date: /home/rschnurr/SkyClaw-Team1/ros2_ws/install/px4_msgs/include/px4_msgs/px4_msgs/msg/detail/parameter_set_value_request__builder.hpp\n'}
[3.342858] (px4_msgs) StdoutLine: {'line': b'-- Up-to-date: /home/rschnurr/SkyClaw-Team1/ros2_ws/install/px4_msgs/include/px4_msgs/px4_msgs/msg/detail/geofence_result__builder.hpp\n'}
[3.342930] (px4_msgs) StdoutLine: {'line': b'-- Up-to-date: /home/rschnurr/SkyClaw-Team1/ros2_ws/install/px4_msgs/include/px4_msgs/px4_msgs/msg/detail/rover_rate_setpoint__type_support.hpp\n'}
[3.342997] (px4_msgs) StdoutLine: {'line': b'-- Up-to-date: /home/rschnurr/SkyClaw-Team1/ros2_ws/install/px4_msgs/include/px4_msgs/px4_msgs/msg/detail/rc_channels__builder.hpp\n'}
[3.343063] (px4_msgs) StdoutLine: {'line': b'-- Up-to-date: /home/rschnurr/SkyClaw-Team1/ros2_ws/install/px4_msgs/include/px4_msgs/px4_msgs/msg/detail/gimbal_manager_information__traits.hpp\n'}
[3.343125] (px4_msgs) StdoutLine: {'line': b'-- Up-to-date: /home/rschnurr/SkyClaw-Team1/ros2_ws/install/px4_msgs/include/px4_msgs/px4_msgs/msg/detail/rpm__struct.hpp\n'}
[3.343188] (px4_msgs) StdoutLine: {'line': b'-- Up-to-date: /home/rschnurr/SkyClaw-Team1/ros2_ws/install/px4_msgs/include/px4_msgs/px4_msgs/msg/detail/pure_pursuit_status__builder.hpp\n'}
[3.343355] (px4_msgs) StdoutLine: {'line': b'-- Up-to-date: /home/rschnurr/SkyClaw-Team1/ros2_ws/install/px4_msgs/include/px4_msgs/px4_msgs/msg/detail/longitudinal_control_configuration__struct.hpp\n'}
[3.343519] (px4_msgs) StdoutLine: {'line': b'-- Up-to-date: /home/rschnurr/SkyClaw-Team1/ros2_ws/install/px4_msgs/include/px4_msgs/px4_msgs/msg/detail/config_overrides__struct.hpp\n'}
[3.343601] (px4_msgs) StdoutLine: {'line': b'-- Up-to-date: /home/rschnurr/SkyClaw-Team1/ros2_ws/install/px4_msgs/include/px4_msgs/px4_msgs/msg/detail/sensor_gyro_fft__traits.hpp\n'}
[3.343666] (px4_msgs) StdoutLine: {'line': b'-- Up-to-date: /home/rschnurr/SkyClaw-Team1/ros2_ws/install/px4_msgs/include/px4_msgs/px4_msgs/msg/detail/gimbal_manager_set_manual_control__builder.hpp\n'}
[3.343728] (px4_msgs) StdoutLine: {'line': b'-- Up-to-date: /home/rschnurr/SkyClaw-Team1/ros2_ws/install/px4_msgs/include/px4_msgs/px4_msgs/msg/detail/vehicle_torque_setpoint__builder.hpp\n'}
[3.343810] (px4_msgs) StdoutLine: {'line': b'-- Up-to-date: /home/rschnurr/SkyClaw-Team1/ros2_ws/install/px4_msgs/include/px4_msgs/px4_msgs/msg/detail/rover_steering_setpoint__traits.hpp\n'}
[3.343870] (px4_msgs) StdoutLine: {'line': b'-- Up-to-date: /home/rschnurr/SkyClaw-Team1/ros2_ws/install/px4_msgs/include/px4_msgs/px4_msgs/msg/detail/fixed_wing_lateral_status__traits.hpp\n'}
[3.343933] (px4_msgs) StdoutLine: {'line': b'-- Up-to-date: /home/rschnurr/SkyClaw-Team1/ros2_ws/install/px4_msgs/include/px4_msgs/px4_msgs/msg/detail/config_overrides__builder.hpp\n'}
[3.343990] (px4_msgs) StdoutLine: {'line': b'-- Up-to-date: /home/rschnurr/SkyClaw-Team1/ros2_ws/install/px4_msgs/include/px4_msgs/px4_msgs/msg/detail/rover_position_setpoint__struct.hpp\n'}
[3.344049] (px4_msgs) StdoutLine: {'line': b'-- Up-to-date: /home/rschnurr/SkyClaw-Team1/ros2_ws/install/px4_msgs/include/px4_msgs/px4_msgs/msg/detail/yaw_estimator_status__struct.hpp\n'}
[3.344106] (px4_msgs) StdoutLine: {'line': b'-- Up-to-date: /home/rschnurr/SkyClaw-Team1/ros2_ws/install/px4_msgs/include/px4_msgs/px4_msgs/msg/detail/ulog_stream__type_support.hpp\n'}
[3.344171] (px4_msgs) StdoutLine: {'line': b'-- Up-to-date: /home/rschnurr/SkyClaw-Team1/ros2_ws/install/px4_msgs/include/px4_msgs/px4_msgs/msg/detail/sensor_gnss_status__traits.hpp\n'}
[3.344230] (px4_msgs) StdoutLine: {'line': b'-- Up-to-date: /home/rschnurr/SkyClaw-Team1/ros2_ws/install/px4_msgs/include/px4_msgs/px4_msgs/msg/detail/estimator_selector_status__builder.hpp\n'}
[3.344295] (px4_msgs) StdoutLine: {'line': b'-- Up-to-date: /home/rschnurr/SkyClaw-Team1/ros2_ws/install/px4_msgs/include/px4_msgs/px4_msgs/msg/detail/sensor_optical_flow__struct.hpp\n'}
[3.344414] (px4_msgs) StdoutLine: {'line': b'-- Up-to-date: /home/rschnurr/SkyClaw-Team1/ros2_ws/install/px4_msgs/include/px4_msgs/px4_msgs/msg/detail/actuator_outputs__builder.hpp\n'}
[3.344482] (px4_msgs) StdoutLine: {'line': b'-- Up-to-date: /home/rschnurr/SkyClaw-Team1/ros2_ws/install/px4_msgs/include/px4_msgs/px4_msgs/msg/detail/gpio_request__type_support.hpp\n'}
[3.344542] (px4_msgs) StdoutLine: {'line': b'-- Up-to-date: /home/rschnurr/SkyClaw-Team1/ros2_ws/install/px4_msgs/include/px4_msgs/px4_msgs/msg/detail/position_controller_status__type_support.hpp\n'}
[3.344602] (px4_msgs) StdoutLine: {'line': b'-- Up-to-date: /home/rschnurr/SkyClaw-Team1/ros2_ws/install/px4_msgs/include/px4_msgs/px4_msgs/msg/detail/arming_check_request__struct.hpp\n'}
[3.344663] (px4_msgs) StdoutLine: {'line': b'-- Up-to-date: /home/rschnurr/SkyClaw-Team1/ros2_ws/install/px4_msgs/include/px4_msgs/px4_msgs/msg/detail/ping__traits.hpp\n'}
[3.344724] (px4_msgs) StdoutLine: {'line': b'-- Up-to-date: /home/rschnurr/SkyClaw-Team1/ros2_ws/install/px4_msgs/include/px4_msgs/px4_msgs/msg/detail/generator_status__builder.hpp\n'}
[3.344789] (px4_msgs) StdoutLine: {'line': b'-- Up-to-date: /home/rschnurr/SkyClaw-Team1/ros2_ws/install/px4_msgs/include/px4_msgs/px4_msgs/msg/detail/internal_combustion_engine_control__builder.hpp\n'}
[3.344848] (px4_msgs) StdoutLine: {'line': b'-- Up-to-date: /home/rschnurr/SkyClaw-Team1/ros2_ws/install/px4_msgs/include/px4_msgs/px4_msgs/msg/detail/orb_test_medium__type_support.hpp\n'}
[3.344907] (px4_msgs) StdoutLine: {'line': b'-- Up-to-date: /home/rschnurr/SkyClaw-Team1/ros2_ws/install/px4_msgs/include/px4_msgs/px4_msgs/msg/detail/sensors_status__struct.hpp\n'}
[3.344966] (px4_msgs) StdoutLine: {'line': b'-- Up-to-date: /home/rschnurr/SkyClaw-Team1/ros2_ws/install/px4_msgs/include/px4_msgs/px4_msgs/msg/detail/sensor_gyro_fifo__traits.hpp\n'}
[3.345076] (px4_msgs) StdoutLine: {'line': b'-- Up-to-date: /home/rschnurr/SkyClaw-Team1/ros2_ws/install/px4_msgs/include/px4_msgs/px4_msgs/msg/detail/esc_status__traits.hpp\n'}
[3.345204] (px4_msgs) StdoutLine: {'line': b'-- Up-to-date: /home/rschnurr/SkyClaw-Team1/ros2_ws/install/px4_msgs/include/px4_msgs/px4_msgs/msg/detail/dataman_response__builder.hpp\n'}
[3.345277] (px4_msgs) StdoutLine: {'line': b'-- Up-to-date: /home/rschnurr/SkyClaw-Team1/ros2_ws/install/px4_msgs/include/px4_msgs/px4_msgs/msg/detail/lateral_control_configuration__type_support.hpp\n'}
[3.345351] (px4_msgs) StdoutLine: {'line': b'-- Up-to-date: /home/rschnurr/SkyClaw-Team1/ros2_ws/install/px4_msgs/include/px4_msgs/px4_msgs/msg/detail/gpio_out__traits.hpp\n'}
[3.345413] (px4_msgs) StdoutLine: {'line': b'-- Up-to-date: /home/rschnurr/SkyClaw-Team1/ros2_ws/install/px4_msgs/include/px4_msgs/px4_msgs/msg/detail/estimator_aid_source2d__builder.hpp\n'}
[3.345486] (px4_msgs) StdoutLine: {'line': b'-- Up-to-date: /home/rschnurr/SkyClaw-Team1/ros2_ws/install/px4_msgs/include/px4_msgs/px4_msgs/msg/detail/vehicle_imu_status__struct.hpp\n'}
[3.345547] (px4_msgs) StdoutLine: {'line': b'-- Up-to-date: /home/rschnurr/SkyClaw-Team1/ros2_ws/install/px4_msgs/include/px4_msgs/px4_msgs/msg/detail/vehicle_acceleration__builder.hpp\n'}
[3.345607] (px4_msgs) StdoutLine: {'line': b'-- Up-to-date: /home/rschnurr/SkyClaw-Team1/ros2_ws/install/px4_msgs/include/px4_msgs/px4_msgs/msg/detail/sensor_baro__type_support.hpp\n'}
[3.345667] (px4_msgs) StdoutLine: {'line': b'-- Up-to-date: /home/rschnurr/SkyClaw-Team1/ros2_ws/install/px4_msgs/include/px4_msgs/px4_msgs/msg/detail/launch_detection_status__struct.hpp\n'}
[3.345725] (px4_msgs) StdoutLine: {'line': b'-- Up-to-date: /home/rschnurr/SkyClaw-Team1/ros2_ws/install/px4_msgs/include/px4_msgs/px4_msgs/msg/detail/rover_speed_setpoint__type_support.hpp\n'}
[3.345784] (px4_msgs) StdoutLine: {'line': b'-- Up-to-date: /home/rschnurr/SkyClaw-Team1/ros2_ws/install/px4_msgs/include/px4_msgs/px4_msgs/msg/detail/vehicle_thrust_setpoint__traits.hpp\n'}
[3.345855] (px4_msgs) StdoutLine: {'line': b'-- Up-to-date: /home/rschnurr/SkyClaw-Team1/ros2_ws/install/px4_msgs/include/px4_msgs/px4_msgs/msg/detail/rtl_time_estimate__type_support.hpp\n'}
[3.345913] (px4_msgs) StdoutLine: {'line': b'-- Up-to-date: /home/rschnurr/SkyClaw-Team1/ros2_ws/install/px4_msgs/include/px4_msgs/px4_msgs/msg/detail/estimator_gps_status__type_support.hpp\n'}
[3.345970] (px4_msgs) StdoutLine: {'line': b'-- Up-to-date: /home/rschnurr/SkyClaw-Team1/ros2_ws/install/px4_msgs/include/px4_msgs/px4_msgs/msg/detail/neural_control__struct.hpp\n'}
[3.346030] (px4_msgs) StdoutLine: {'line': b'-- Up-to-date: /home/rschnurr/SkyClaw-Team1/ros2_ws/install/px4_msgs/include/px4_msgs/px4_msgs/msg/detail/gps_inject_data__builder.hpp\n'}
[3.346089] (px4_msgs) StdoutLine: {'line': b'-- Up-to-date: /home/rschnurr/SkyClaw-Team1/ros2_ws/install/px4_msgs/include/px4_msgs/px4_msgs/msg/detail/power_button_state__struct.hpp\n'}
[3.346146] (px4_msgs) StdoutLine: {'line': b'-- Up-to-date: /home/rschnurr/SkyClaw-Team1/ros2_ws/install/px4_msgs/include/px4_msgs/px4_msgs/msg/detail/ulog_stream__traits.hpp\n'}
[3.346203] (px4_msgs) StdoutLine: {'line': b'-- Up-to-date: /home/rschnurr/SkyClaw-Team1/ros2_ws/install/px4_msgs/include/px4_msgs/px4_msgs/msg/detail/gimbal_manager_set_attitude__traits.hpp\n'}
[3.346261] (px4_msgs) StdoutLine: {'line': b'-- Up-to-date: /home/rschnurr/SkyClaw-Team1/ros2_ws/install/px4_msgs/include/px4_msgs/px4_msgs/msg/detail/telemetry_status__builder.hpp\n'}
[3.346321] (px4_msgs) StdoutLine: {'line': b'-- Up-to-date: /home/rschnurr/SkyClaw-Team1/ros2_ws/install/px4_msgs/include/px4_msgs/px4_msgs/msg/detail/failure_detector_status__traits.hpp\n'}
[3.346377] (px4_msgs) StdoutLine: {'line': b'-- Up-to-date: /home/rschnurr/SkyClaw-Team1/ros2_ws/install/px4_msgs/include/px4_msgs/px4_msgs/msg/detail/follow_target_estimator__struct.hpp\n'}
[3.346435] (px4_msgs) StdoutLine: {'line': b'-- Up-to-date: /home/rschnurr/SkyClaw-Team1/ros2_ws/install/px4_msgs/include/px4_msgs/px4_msgs/msg/detail/message_format_request__traits.hpp\n'}
[3.346494] (px4_msgs) StdoutLine: {'line': b'-- Up-to-date: /home/rschnurr/SkyClaw-Team1/ros2_ws/install/px4_msgs/include/px4_msgs/px4_msgs/msg/detail/esc_report__struct.hpp\n'}
[3.346553] (px4_msgs) StdoutLine: {'line': b'-- Up-to-date: /home/rschnurr/SkyClaw-Team1/ros2_ws/install/px4_msgs/include/px4_msgs/px4_msgs/msg/detail/vehicle_control_mode__builder.hpp\n'}
[3.346616] (px4_msgs) StdoutLine: {'line': b'-- Up-to-date: /home/rschnurr/SkyClaw-Team1/ros2_ws/install/px4_msgs/include/px4_msgs/px4_msgs/msg/detail/open_drone_id_arm_status__struct.hpp\n'}
[3.346674] (px4_msgs) StdoutLine: {'line': b'-- Up-to-date: /home/rschnurr/SkyClaw-Team1/ros2_ws/install/px4_msgs/include/px4_msgs/px4_msgs/msg/detail/takeoff_status__builder.hpp\n'}
[3.346732] (px4_msgs) StdoutLine: {'line': b'-- Up-to-date: /home/rschnurr/SkyClaw-Team1/ros2_ws/install/px4_msgs/include/px4_msgs/px4_msgs/msg/detail/airspeed__traits.hpp\n'}
[3.346794] (px4_msgs) StdoutLine: {'line': b'-- Up-to-date: /home/rschnurr/SkyClaw-Team1/ros2_ws/install/px4_msgs/include/px4_msgs/px4_msgs/msg/detail/offboard_control_mode__builder.hpp\n'}
[3.346852] (px4_msgs) StdoutLine: {'line': b'-- Up-to-date: /home/rschnurr/SkyClaw-Team1/ros2_ws/install/px4_msgs/include/px4_msgs/px4_msgs/msg/detail/sensor_gyro_fifo__builder.hpp\n'}
[3.346910] (px4_msgs) StdoutLine: {'line': b'-- Up-to-date: /home/rschnurr/SkyClaw-Team1/ros2_ws/install/px4_msgs/include/px4_msgs/px4_msgs/msg/detail/rover_rate_status__type_support.hpp\n'}
[3.346967] (px4_msgs) StdoutLine: {'line': b'-- Up-to-date: /home/rschnurr/SkyClaw-Team1/ros2_ws/install/px4_msgs/include/px4_msgs/px4_msgs/msg/detail/battery_info__type_support.hpp\n'}
[3.347078] (px4_msgs) StdoutLine: {'line': b'-- Up-to-date: /home/rschnurr/SkyClaw-Team1/ros2_ws/install/px4_msgs/include/px4_msgs/px4_msgs/msg/detail/internal_combustion_engine_control__traits.hpp\n'}
[3.347201] (px4_msgs) StdoutLine: {'line': b'-- Up-to-date: /home/rschnurr/SkyClaw-Team1/ros2_ws/install/px4_msgs/include/px4_msgs/px4_msgs/msg/detail/qshell_req__traits.hpp\n'}
[3.347275] (px4_msgs) StdoutLine: {'line': b'-- Up-to-date: /home/rschnurr/SkyClaw-Team1/ros2_ws/install/px4_msgs/include/px4_msgs/px4_msgs/msg/detail/battery_info__struct.hpp\n'}
[3.347339] (px4_msgs) StdoutLine: {'line': b'-- Up-to-date: /home/rschnurr/SkyClaw-Team1/ros2_ws/install/px4_msgs/include/px4_msgs/px4_msgs/msg/detail/orb_test__type_support.hpp\n'}
[3.347406] (px4_msgs) StdoutLine: {'line': b'-- Up-to-date: /home/rschnurr/SkyClaw-Team1/ros2_ws/install/px4_msgs/include/px4_msgs/px4_msgs/msg/detail/battery_status__struct.hpp\n'}
[3.347466] (px4_msgs) StdoutLine: {'line': b'-- Up-to-date: /home/rschnurr/SkyClaw-Team1/ros2_ws/install/px4_msgs/include/px4_msgs/px4_msgs/msg/detail/fixed_wing_lateral_guidance_status__builder.hpp\n'}
[3.347528] (px4_msgs) StdoutLine: {'line': b'-- Up-to-date: /home/rschnurr/SkyClaw-Team1/ros2_ws/install/px4_msgs/include/px4_msgs/px4_msgs/msg/detail/obstacle_distance__type_support.hpp\n'}
[3.347588] (px4_msgs) StdoutLine: {'line': b'-- Up-to-date: /home/rschnurr/SkyClaw-Team1/ros2_ws/install/px4_msgs/include/px4_msgs/px4_msgs/msg/detail/vehicle_global_position__struct.hpp\n'}
[3.347731] (px4_msgs) StdoutLine: {'line': b'-- Up-to-date: /home/rschnurr/SkyClaw-Team1/ros2_ws/install/px4_msgs/include/px4_msgs/px4_msgs/msg/detail/iridiumsbd_status__builder.hpp\n'}
[3.347843] (px4_msgs) StdoutLine: {'line': b'-- Up-to-date: /home/rschnurr/SkyClaw-Team1/ros2_ws/install/px4_msgs/include/px4_msgs/px4_msgs/msg/detail/vehicle_command__struct.hpp\n'}
[3.347911] (px4_msgs) StdoutLine: {'line': b'-- Up-to-date: /home/rschnurr/SkyClaw-Team1/ros2_ws/install/px4_msgs/include/px4_msgs/px4_msgs/msg/detail/follow_target__type_support.hpp\n'}
[3.347972] (px4_msgs) StdoutLine: {'line': b'-- Up-to-date: /home/rschnurr/SkyClaw-Team1/ros2_ws/install/px4_msgs/include/px4_msgs/px4_msgs/msg/detail/satellite_info__struct.hpp\n'}
[3.348031] (px4_msgs) StdoutLine: {'line': b'-- Up-to-date: /home/rschnurr/SkyClaw-Team1/ros2_ws/install/px4_msgs/include/px4_msgs/px4_msgs/msg/detail/vehicle_land_detected__traits.hpp\n'}
[3.348092] (px4_msgs) StdoutLine: {'line': b'-- Up-to-date: /home/rschnurr/SkyClaw-Team1/ros2_ws/install/px4_msgs/include/px4_msgs/px4_msgs/msg/detail/mode_completed__builder.hpp\n'}
[3.348150] (px4_msgs) StdoutLine: {'line': b'-- Up-to-date: /home/rschnurr/SkyClaw-Team1/ros2_ws/install/px4_msgs/include/px4_msgs/px4_msgs/msg/detail/mission_result__struct.hpp\n'}
[3.348207] (px4_msgs) StdoutLine: {'line': b'-- Up-to-date: /home/rschnurr/SkyClaw-Team1/ros2_ws/install/px4_msgs/include/px4_msgs/px4_msgs/msg/detail/camera_trigger__traits.hpp\n'}
[3.348265] (px4_msgs) StdoutLine: {'line': b'-- Up-to-date: /home/rschnurr/SkyClaw-Team1/ros2_ws/install/px4_msgs/include/px4_msgs/px4_msgs/msg/detail/landing_target_pose__type_support.hpp\n'}
[3.348339] (px4_msgs) StdoutLine: {'line': b'-- Up-to-date: /home/rschnurr/SkyClaw-Team1/ros2_ws/install/px4_msgs/include/px4_msgs/px4_msgs/msg/detail/fixed_wing_longitudinal_setpoint__traits.hpp\n'}
[3.348442] (px4_msgs) StdoutLine: {'line': b'-- Up-to-date: /home/rschnurr/SkyClaw-Team1/ros2_ws/install/px4_msgs/include/px4_msgs/px4_msgs/msg/detail/parameter_set_value_response__struct.hpp\n'}
[3.348502] (px4_msgs) StdoutLine: {'line': b'-- Up-to-date: /home/rschnurr/SkyClaw-Team1/ros2_ws/install/px4_msgs/include/px4_msgs/px4_msgs/msg/detail/telemetry_status__type_support.hpp\n'}
[3.348565] (px4_msgs) StdoutLine: {'line': b'-- Up-to-date: /home/rschnurr/SkyClaw-Team1/ros2_ws/install/px4_msgs/include/px4_msgs/px4_msgs/msg/detail/gimbal_manager_set_attitude__builder.hpp\n'}
[3.348627] (px4_msgs) StdoutLine: {'line': b'-- Up-to-date: /home/rschnurr/SkyClaw-Team1/ros2_ws/install/px4_msgs/include/px4_msgs/px4_msgs/msg/detail/sensor_gnss_relative__type_support.hpp\n'}
[3.348685] (px4_msgs) StdoutLine: {'line': b'-- Up-to-date: /home/rschnurr/SkyClaw-Team1/ros2_ws/install/px4_msgs/include/px4_msgs/px4_msgs/msg/detail/vehicle_rates_setpoint__type_support.hpp\n'}
[3.348743] (px4_msgs) StdoutLine: {'line': b'-- Up-to-date: /home/rschnurr/SkyClaw-Team1/ros2_ws/install/px4_msgs/include/px4_msgs/px4_msgs/msg/detail/gimbal_controls__struct.hpp\n'}
[3.348801] (px4_msgs) StdoutLine: {'line': b'-- Up-to-date: /home/rschnurr/SkyClaw-Team1/ros2_ws/install/px4_msgs/include/px4_msgs/px4_msgs/msg/detail/obstacle_distance__builder.hpp\n'}
[3.348858] (px4_msgs) StdoutLine: {'line': b'-- Up-to-date: /home/rschnurr/SkyClaw-Team1/ros2_ws/install/px4_msgs/include/px4_msgs/px4_msgs/msg/detail/actuator_controls_status__type_support.hpp\n'}
[3.348916] (px4_msgs) StdoutLine: {'line': b'-- Up-to-date: /home/rschnurr/SkyClaw-Team1/ros2_ws/install/px4_msgs/include/px4_msgs/px4_msgs/msg/detail/rc_channels__traits.hpp\n'}
[3.348975] (px4_msgs) StdoutLine: {'line': b'-- Up-to-date: /home/rschnurr/SkyClaw-Team1/ros2_ws/install/px4_msgs/include/px4_msgs/px4_msgs/msg/detail/dataman_request__type_support.hpp\n'}
[3.349109] (px4_msgs) StdoutLine: {'line': b'-- Up-to-date: /home/rschnurr/SkyClaw-Team1/ros2_ws/install/px4_msgs/include/px4_msgs/px4_msgs/msg/detail/vehicle_odometry__struct.hpp\n'}
[3.349209] (px4_msgs) StdoutLine: {'line': b'-- Up-to-date: /home/rschnurr/SkyClaw-Team1/ros2_ws/install/px4_msgs/include/px4_msgs/px4_msgs/msg/detail/vehicle_command_ack__struct.hpp\n'}
[3.349278] (px4_msgs) StdoutLine: {'line': b'-- Up-to-date: /home/rschnurr/SkyClaw-Team1/ros2_ws/install/px4_msgs/include/px4_msgs/px4_msgs/msg/detail/actuator_outputs__traits.hpp\n'}
[3.349339] (px4_msgs) StdoutLine: {'line': b'-- Up-to-date: /home/rschnurr/SkyClaw-Team1/ros2_ws/install/px4_msgs/include/px4_msgs/px4_msgs/msg/detail/px4io_status__type_support.hpp\n'}
[3.349400] (px4_msgs) StdoutLine: {'line': b'-- Up-to-date: /home/rschnurr/SkyClaw-Team1/ros2_ws/install/px4_msgs/include/px4_msgs/px4_msgs/msg/detail/gpio_request__builder.hpp\n'}
[3.349459] (px4_msgs) StdoutLine: {'line': b'-- Up-to-date: /home/rschnurr/SkyClaw-Team1/ros2_ws/install/px4_msgs/include/px4_msgs/px4_msgs/msg/detail/timesync_status__struct.hpp\n'}
[3.349519] (px4_msgs) StdoutLine: {'line': b'-- Up-to-date: /home/rschnurr/SkyClaw-Team1/ros2_ws/install/px4_msgs/include/px4_msgs/px4_msgs/msg/detail/gimbal_manager_set_manual_control__struct.hpp\n'}
[3.349585] (px4_msgs) StdoutLine: {'line': b'-- Up-to-date: /home/rschnurr/SkyClaw-Team1/ros2_ws/install/px4_msgs/include/px4_msgs/px4_msgs/msg/detail/manual_control_switches__struct.hpp\n'}
[3.349655] (px4_msgs) StdoutLine: {'line': b'-- Up-to-date: /home/rschnurr/SkyClaw-Team1/ros2_ws/install/px4_msgs/include/px4_msgs/px4_msgs/msg/detail/gpio_out__builder.hpp\n'}
[3.349718] (px4_msgs) StdoutLine: {'line': b'-- Up-to-date: /home/rschnurr/SkyClaw-Team1/ros2_ws/install/px4_msgs/include/px4_msgs/px4_msgs/msg/detail/gimbal_device_set_attitude__type_support.hpp\n'}
[3.349781] (px4_msgs) StdoutLine: {'line': b'-- Up-to-date: /home/rschnurr/SkyClaw-Team1/ros2_ws/install/px4_msgs/include/px4_msgs/px4_msgs/msg/detail/rover_attitude_setpoint__builder.hpp\n'}
[3.349865] (px4_msgs) StdoutLine: {'line': b'-- Up-to-date: /home/rschnurr/SkyClaw-Team1/ros2_ws/install/px4_msgs/include/px4_msgs/px4_msgs/msg/detail/parameter_set_used_request__traits.hpp\n'}
[3.349924] (px4_msgs) StdoutLine: {'line': b'-- Up-to-date: /home/rschnurr/SkyClaw-Team1/ros2_ws/install/px4_msgs/include/px4_msgs/px4_msgs/msg/detail/vehicle_status__builder.hpp\n'}
[3.349982] (px4_msgs) StdoutLine: {'line': b'-- Up-to-date: /home/rschnurr/SkyClaw-Team1/ros2_ws/install/px4_msgs/include/px4_msgs/px4_msgs/msg/detail/wheel_encoders__traits.hpp\n'}
[3.350039] (px4_msgs) StdoutLine: {'line': b'-- Up-to-date: /home/rschnurr/SkyClaw-Team1/ros2_ws/install/px4_msgs/include/px4_msgs/px4_msgs/msg/detail/fixed_wing_lateral_guidance_status__type_support.hpp\n'}
[3.350098] (px4_msgs) StdoutLine: {'line': b'-- Up-to-date: /home/rschnurr/SkyClaw-Team1/ros2_ws/install/px4_msgs/include/px4_msgs/px4_msgs/msg/detail/actuator_test__builder.hpp\n'}
[3.350158] (px4_msgs) StdoutLine: {'line': b'-- Up-to-date: /home/rschnurr/SkyClaw-Team1/ros2_ws/install/px4_msgs/include/px4_msgs/px4_msgs/msg/detail/manual_control_setpoint__type_support.hpp\n'}
[3.350217] (px4_msgs) StdoutLine: {'line': b'-- Up-to-date: /home/rschnurr/SkyClaw-Team1/ros2_ws/install/px4_msgs/include/px4_msgs/px4_msgs/msg/detail/sensor_hygrometer__builder.hpp\n'}
[3.350276] (px4_msgs) StdoutLine: {'line': b'-- Up-to-date: /home/rschnurr/SkyClaw-Team1/ros2_ws/install/px4_msgs/include/px4_msgs/px4_msgs/msg/detail/vehicle_optical_flow__traits.hpp\n'}
[3.350336] (px4_msgs) StdoutLine: {'line': b'-- Up-to-date: /home/rschnurr/SkyClaw-Team1/ros2_ws/install/px4_msgs/include/px4_msgs/px4_msgs/msg/detail/gimbal_manager_status__traits.hpp\n'}
[3.350399] (px4_msgs) StdoutLine: {'line': b'-- Up-to-date: /home/rschnurr/SkyClaw-Team1/ros2_ws/install/px4_msgs/include/px4_msgs/px4_msgs/msg/detail/distance_sensor__builder.hpp\n'}
[3.350457] (px4_msgs) StdoutLine: {'line': b'-- Up-to-date: /home/rschnurr/SkyClaw-Team1/ros2_ws/install/px4_msgs/include/px4_msgs/px4_msgs/msg/detail/mavlink_tunnel__builder.hpp\n'}
[3.350515] (px4_msgs) StdoutLine: {'line': b'-- Up-to-date: /home/rschnurr/SkyClaw-Team1/ros2_ws/install/px4_msgs/include/px4_msgs/px4_msgs/msg/detail/dataman_response__traits.hpp\n'}
[3.350573] (px4_msgs) StdoutLine: {'line': b'-- Up-to-date: /home/rschnurr/SkyClaw-Team1/ros2_ws/install/px4_msgs/include/px4_msgs/px4_msgs/msg/detail/uavcan_parameter_request__type_support.hpp\n'}
[3.350636] (px4_msgs) StdoutLine: {'line': b'-- Up-to-date: /home/rschnurr/SkyClaw-Team1/ros2_ws/install/px4_msgs/include/px4_msgs/px4_msgs/msg/detail/sensor_accel_fifo__struct.hpp\n'}
[3.350696] (px4_msgs) StdoutLine: {'line': b'-- Up-to-date: /home/rschnurr/SkyClaw-Team1/ros2_ws/install/px4_msgs/include/px4_msgs/px4_msgs/msg/detail/adc_report__struct.hpp\n'}
[3.350756] (px4_msgs) StdoutLine: {'line': b'-- Up-to-date: /home/rschnurr/SkyClaw-Team1/ros2_ws/install/px4_msgs/include/px4_msgs/px4_msgs/msg/detail/open_drone_id_operator_id__traits.hpp\n'}
[3.350815] (px4_msgs) StdoutLine: {'line': b'-- Up-to-date: /home/rschnurr/SkyClaw-Team1/ros2_ws/install/px4_msgs/include/px4_msgs/px4_msgs/msg/detail/parameter_update__type_support.hpp\n'}
[3.350874] (px4_msgs) StdoutLine: {'line': b'-- Up-to-date: /home/rschnurr/SkyClaw-Team1/ros2_ws/install/px4_msgs/include/px4_msgs/px4_msgs/msg/detail/task_stack_info__traits.hpp\n'}
[3.350932] (px4_msgs) StdoutLine: {'line': b'-- Up-to-date: /home/rschnurr/SkyClaw-Team1/ros2_ws/install/px4_msgs/include/px4_msgs/px4_msgs/msg/detail/geofence_status__struct.hpp\n'}
[3.350990] (px4_msgs) StdoutLine: {'line': b'-- Up-to-date: /home/rschnurr/SkyClaw-Team1/ros2_ws/install/px4_msgs/include/px4_msgs/px4_msgs/msg/detail/vehicle_air_data__builder.hpp\n'}
[3.351143] (px4_msgs) StdoutLine: {'line': b'-- Up-to-date: /home/rschnurr/SkyClaw-Team1/ros2_ws/install/px4_msgs/include/px4_msgs/px4_msgs/msg/detail/landing_gear_wheel__type_support.hpp\n'}
[3.351233] (px4_msgs) StdoutLine: {'line': b'-- Up-to-date: /home/rschnurr/SkyClaw-Team1/ros2_ws/install/px4_msgs/include/px4_msgs/px4_msgs/msg/detail/sensor_selection__type_support.hpp\n'}
[3.351314] (px4_msgs) StdoutLine: {'line': b'-- Up-to-date: /home/rschnurr/SkyClaw-Team1/ros2_ws/install/px4_msgs/include/px4_msgs/px4_msgs/msg/detail/vehicle_optical_flow_vel__type_support.hpp\n'}
[3.351381] (px4_msgs) StdoutLine: {'line': b'-- Up-to-date: /home/rschnurr/SkyClaw-Team1/ros2_ws/install/px4_msgs/include/px4_msgs/px4_msgs/msg/detail/mount_orientation__struct.hpp\n'}
[3.351443] (px4_msgs) StdoutLine: {'line': b'-- Up-to-date: /home/rschnurr/SkyClaw-Team1/ros2_ws/install/px4_msgs/include/px4_msgs/px4_msgs/msg/detail/rover_speed_status__builder.hpp\n'}
[3.351505] (px4_msgs) StdoutLine: {'line': b'-- Up-to-date: /home/rschnurr/SkyClaw-Team1/ros2_ws/install/px4_msgs/include/px4_msgs/px4_msgs/msg/detail/vehicle_imu__traits.hpp\n'}
[3.351567] (px4_msgs) StdoutLine: {'line': b'-- Up-to-date: /home/rschnurr/SkyClaw-Team1/ros2_ws/install/px4_msgs/include/px4_msgs/px4_msgs/msg/detail/vehicle_air_data__traits.hpp\n'}
[3.351627] (px4_msgs) StdoutLine: {'line': b'-- Up-to-date: /home/rschnurr/SkyClaw-Team1/ros2_ws/install/px4_msgs/include/px4_msgs/px4_msgs/msg/detail/failure_detector_status__type_support.hpp\n'}
[3.351686] (px4_msgs) StdoutLine: {'line': b'-- Up-to-date: /home/rschnurr/SkyClaw-Team1/ros2_ws/install/px4_msgs/include/px4_msgs/px4_msgs/msg/detail/tune_control__type_support.hpp\n'}
[3.351757] (px4_msgs) StdoutLine: {'line': b'-- Up-to-date: /home/rschnurr/SkyClaw-Team1/ros2_ws/install/px4_msgs/include/px4_msgs/px4_msgs/msg/detail/sensors_status_imu__builder.hpp\n'}
[3.351814] (px4_msgs) StdoutLine: {'line': b'-- Up-to-date: /home/rschnurr/SkyClaw-Team1/ros2_ws/install/px4_msgs/include/px4_msgs/px4_msgs/msg/detail/rover_speed_setpoint__struct.hpp\n'}
[3.351872] (px4_msgs) StdoutLine: {'line': b'-- Up-to-date: /home/rschnurr/SkyClaw-Team1/ros2_ws/install/px4_msgs/include/px4_msgs/px4_msgs/msg/detail/battery_status__builder.hpp\n'}
[3.351929] (px4_msgs) StdoutLine: {'line': b'-- Up-to-date: /home/rschnurr/SkyClaw-Team1/ros2_ws/install/px4_msgs/include/px4_msgs/px4_msgs/msg/detail/position_setpoint__builder.hpp\n'}
[3.351987] (px4_msgs) StdoutLine: {'line': b'-- Up-to-date: /home/rschnurr/SkyClaw-Team1/ros2_ws/install/px4_msgs/include/px4_msgs/px4_msgs/msg/detail/fixed_wing_lateral_setpoint__struct.hpp\n'}
[3.352044] (px4_msgs) StdoutLine: {'line': b'-- Up-to-date: /home/rschnurr/SkyClaw-Team1/ros2_ws/install/px4_msgs/include/px4_msgs/px4_msgs/msg/detail/parameter_set_value_request__struct.hpp\n'}
[3.352102] (px4_msgs) StdoutLine: {'line': b'-- Up-to-date: /home/rschnurr/SkyClaw-Team1/ros2_ws/install/px4_msgs/include/px4_msgs/px4_msgs/msg/detail/vehicle_local_position__type_support.hpp\n'}
[3.352160] (px4_msgs) StdoutLine: {'line': b'-- Up-to-date: /home/rschnurr/SkyClaw-Team1/ros2_ws/install/px4_msgs/include/px4_msgs/px4_msgs/msg/detail/esc_report__builder.hpp\n'}
[3.352227] (px4_msgs) StdoutLine: {'line': b'-- Up-to-date: /home/rschnurr/SkyClaw-Team1/ros2_ws/install/px4_msgs/include/px4_msgs/px4_msgs/msg/detail/collision_constraints__struct.hpp\n'}
[3.352285] (px4_msgs) StdoutLine: {'line': b'-- Up-to-date: /home/rschnurr/SkyClaw-Team1/ros2_ws/install/px4_msgs/include/px4_msgs/px4_msgs/msg/detail/estimator_innovations__builder.hpp\n'}
[3.352514] (px4_msgs) StdoutLine: {'line': b'-- Up-to-date: /home/rschnurr/SkyClaw-Team1/ros2_ws/install/px4_msgs/include/px4_msgs/px4_msgs/msg/detail/estimator_gps_status__struct.hpp\n'}
[3.352598] (px4_msgs) StdoutLine: {'line': b'-- Up-to-date: /home/rschnurr/SkyClaw-Team1/ros2_ws/install/px4_msgs/include/px4_msgs/px4_msgs/msg/detail/sensor_gyro_fft__type_support.hpp\n'}
[3.352667] (px4_msgs) StdoutLine: {'line': b'-- Up-to-date: /home/rschnurr/SkyClaw-Team1/ros2_ws/install/px4_msgs/include/px4_msgs/px4_msgs/msg/detail/wheel_encoders__builder.hpp\n'}
[3.352732] (px4_msgs) StdoutLine: {'line': b'-- Up-to-date: /home/rschnurr/SkyClaw-Team1/ros2_ws/install/px4_msgs/include/px4_msgs/px4_msgs/msg/detail/follow_target_status__type_support.hpp\n'}
[3.352792] (px4_msgs) StdoutLine: {'line': b'-- Up-to-date: /home/rschnurr/SkyClaw-Team1/ros2_ws/install/px4_msgs/include/px4_msgs/px4_msgs/msg/detail/estimator_bias3d__traits.hpp\n'}
[3.352866] (px4_msgs) StdoutLine: {'line': b'-- Up-to-date: /home/rschnurr/SkyClaw-Team1/ros2_ws/install/px4_msgs/include/px4_msgs/px4_msgs/msg/detail/rover_rate_setpoint__traits.hpp\n'}
[3.352944] (px4_msgs) StdoutLine: {'line': b'-- Up-to-date: /home/rschnurr/SkyClaw-Team1/ros2_ws/install/px4_msgs/include/px4_msgs/px4_msgs/msg/detail/sensor_airflow__builder.hpp\n'}
[3.353003] (px4_msgs) StdoutLine: {'line': b'-- Up-to-date: /home/rschnurr/SkyClaw-Team1/ros2_ws/install/px4_msgs/include/px4_msgs/px4_msgs/msg/detail/tecs_status__type_support.hpp\n'}
[3.353169] (px4_msgs) StdoutLine: {'line': b'-- Up-to-date: /home/rschnurr/SkyClaw-Team1/ros2_ws/install/px4_msgs/include/px4_msgs/px4_msgs/msg/detail/arming_check_reply__builder.hpp\n'}
[3.353248] (px4_msgs) StdoutLine: {'line': b'-- Up-to-date: /home/rschnurr/SkyClaw-Team1/ros2_ws/install/px4_msgs/include/px4_msgs/px4_msgs/msg/detail/mag_worker_data__struct.hpp\n'}
[3.353313] (px4_msgs) StdoutLine: {'line': b'-- Up-to-date: /home/rschnurr/SkyClaw-Team1/ros2_ws/install/px4_msgs/include/px4_msgs/px4_msgs/msg/detail/gimbal_device_attitude_status__type_support.hpp\n'}
[3.353374] (px4_msgs) StdoutLine: {'line': b'-- Up-to-date: /home/rschnurr/SkyClaw-Team1/ros2_ws/install/px4_msgs/include/px4_msgs/px4_msgs/msg/detail/vehicle_imu_status__traits.hpp\n'}
[3.353436] (px4_msgs) StdoutLine: {'line': b'-- Up-to-date: /home/rschnurr/SkyClaw-Team1/ros2_ws/install/px4_msgs/include/px4_msgs/px4_msgs/msg/detail/gimbal_manager_status__struct.hpp\n'}
[3.353499] (px4_msgs) StdoutLine: {'line': b'-- Up-to-date: /home/rschnurr/SkyClaw-Team1/ros2_ws/install/px4_msgs/include/px4_msgs/px4_msgs/msg/detail/cpuload__builder.hpp\n'}
[3.353564] (px4_msgs) StdoutLine: {'line': b'-- Up-to-date: /home/rschnurr/SkyClaw-Team1/ros2_ws/install/px4_msgs/include/px4_msgs/px4_msgs/msg/detail/vehicle_control_mode__struct.hpp\n'}
[3.353626] (px4_msgs) StdoutLine: {'line': b'-- Up-to-date: /home/rschnurr/SkyClaw-Team1/ros2_ws/install/px4_msgs/include/px4_msgs/px4_msgs/msg/detail/mission__type_support.hpp\n'}
[3.353688] (px4_msgs) StdoutLine: {'line': b'-- Up-to-date: /home/rschnurr/SkyClaw-Team1/ros2_ws/install/px4_msgs/include/px4_msgs/px4_msgs/msg/detail/autotune_attitude_control_status__struct.hpp\n'}
[3.353748] (px4_msgs) StdoutLine: {'line': b'-- Up-to-date: /home/rschnurr/SkyClaw-Team1/ros2_ws/install/px4_msgs/include/px4_msgs/px4_msgs/msg/detail/vehicle_air_data__type_support.hpp\n'}
[3.353808] (px4_msgs) StdoutLine: {'line': b'-- Up-to-date: /home/rschnurr/SkyClaw-Team1/ros2_ws/install/px4_msgs/include/px4_msgs/px4_msgs/msg/detail/internal_combustion_engine_control__struct.hpp\n'}
[3.353886] (px4_msgs) StdoutLine: {'line': b'-- Up-to-date: /home/rschnurr/SkyClaw-Team1/ros2_ws/install/px4_msgs/include/px4_msgs/px4_msgs/msg/detail/open_drone_id_self_id__traits.hpp\n'}
[3.353943] (px4_msgs) StdoutLine: {'line': b'-- Up-to-date: /home/rschnurr/SkyClaw-Team1/ros2_ws/install/px4_msgs/include/px4_msgs/px4_msgs/msg/detail/normalized_unsigned_setpoint__traits.hpp\n'}
[3.354002] (px4_msgs) StdoutLine: {'line': b'-- Up-to-date: /home/rschnurr/SkyClaw-Team1/ros2_ws/install/px4_msgs/include/px4_msgs/px4_msgs/msg/detail/radio_status__builder.hpp\n'}
[3.354065] (px4_msgs) StdoutLine: {'line': b'-- Up-to-date: /home/rschnurr/SkyClaw-Team1/ros2_ws/install/px4_msgs/include/px4_msgs/px4_msgs/msg/detail/airspeed_validated__builder.hpp\n'}
[3.354123] (px4_msgs) StdoutLine: {'line': b'-- Up-to-date: /home/rschnurr/SkyClaw-Team1/ros2_ws/install/px4_msgs/include/px4_msgs/px4_msgs/msg/detail/ulog_stream_ack__builder.hpp\n'}
[3.354182] (px4_msgs) StdoutLine: {'line': b'-- Up-to-date: /home/rschnurr/SkyClaw-Team1/ros2_ws/install/px4_msgs/include/px4_msgs/px4_msgs/msg/detail/lateral_control_configuration__traits.hpp\n'}
[3.354245] (px4_msgs) StdoutLine: {'line': b'-- Up-to-date: /home/rschnurr/SkyClaw-Team1/ros2_ws/install/px4_msgs/include/px4_msgs/px4_msgs/msg/detail/vehicle_land_detected__type_support.hpp\n'}
[3.354307] (px4_msgs) StdoutLine: {'line': b'-- Up-to-date: /home/rschnurr/SkyClaw-Team1/ros2_ws/install/px4_msgs/include/px4_msgs/px4_msgs/msg/detail/open_drone_id_self_id__struct.hpp\n'}
[3.354365] (px4_msgs) StdoutLine: {'line': b'-- Up-to-date: /home/rschnurr/SkyClaw-Team1/ros2_ws/install/px4_msgs/include/px4_msgs/px4_msgs/msg/detail/health_report__type_support.hpp\n'}
[3.354423] (px4_msgs) StdoutLine: {'line': b'-- Up-to-date: /home/rschnurr/SkyClaw-Team1/ros2_ws/install/px4_msgs/include/px4_msgs/px4_msgs/msg/detail/home_position__struct.hpp\n'}
[3.354480] (px4_msgs) StdoutLine: {'line': b'-- Up-to-date: /home/rschnurr/SkyClaw-Team1/ros2_ws/install/px4_msgs/include/px4_msgs/px4_msgs/msg/detail/gimbal_manager_set_manual_control__traits.hpp\n'}
[3.354538] (px4_msgs) StdoutLine: {'line': b'-- Up-to-date: /home/rschnurr/SkyClaw-Team1/ros2_ws/install/px4_msgs/include/px4_msgs/px4_msgs/msg/detail/sensor_airflow__traits.hpp\n'}
[3.354597] (px4_msgs) StdoutLine: {'line': b'-- Up-to-date: /home/rschnurr/SkyClaw-Team1/ros2_ws/install/px4_msgs/include/px4_msgs/px4_msgs/msg/detail/rover_rate_status__traits.hpp\n'}
[3.354655] (px4_msgs) StdoutLine: {'line': b'-- Up-to-date: /home/rschnurr/SkyClaw-Team1/ros2_ws/install/px4_msgs/include/px4_msgs/px4_msgs/msg/detail/register_ext_component_reply__builder.hpp\n'}
[3.354714] (px4_msgs) StdoutLine: {'line': b'-- Up-to-date: /home/rschnurr/SkyClaw-Team1/ros2_ws/install/px4_msgs/include/px4_msgs/px4_msgs/msg/detail/sensor_combined__type_support.hpp\n'}
[3.354772] (px4_msgs) StdoutLine: {'line': b'-- Up-to-date: /home/rschnurr/SkyClaw-Team1/ros2_ws/install/px4_msgs/include/px4_msgs/px4_msgs/msg/detail/estimator_status_flags__struct.hpp\n'}
[3.354831] (px4_msgs) StdoutLine: {'line': b'-- Up-to-date: /home/rschnurr/SkyClaw-Team1/ros2_ws/install/px4_msgs/include/px4_msgs/px4_msgs/msg/detail/vehicle_optical_flow_vel__traits.hpp\n'}
[3.354890] (px4_msgs) StdoutLine: {'line': b'-- Up-to-date: /home/rschnurr/SkyClaw-Team1/ros2_ws/install/px4_msgs/include/px4_msgs/px4_msgs/msg/detail/button_event__type_support.hpp\n'}
[3.354948] (px4_msgs) StdoutLine: {'line': b'-- Up-to-date: /home/rschnurr/SkyClaw-Team1/ros2_ws/install/px4_msgs/include/px4_msgs/px4_msgs/msg/detail/control_allocator_status__type_support.hpp\n'}
[3.355053] (px4_msgs) StdoutLine: {'line': b'-- Up-to-date: /home/rschnurr/SkyClaw-Team1/ros2_ws/install/px4_msgs/include/px4_msgs/px4_msgs/msg/detail/parameter_set_value_response__traits.hpp\n'}
[3.355182] (px4_msgs) StdoutLine: {'line': b'-- Up-to-date: /home/rschnurr/SkyClaw-Team1/ros2_ws/install/px4_msgs/include/px4_msgs/px4_msgs/msg/detail/normalized_unsigned_setpoint__builder.hpp\n'}
[3.355610] (px4_msgs) StdoutLine: {'line': b'-- Up-to-date: /home/rschnurr/SkyClaw-Team1/ros2_ws/install/px4_msgs/include/px4_msgs/px4_msgs/msg/detail/sensor_optical_flow__type_support.hpp\n'}
[3.355737] (px4_msgs) StdoutLine: {'line': b'-- Up-to-date: /home/rschnurr/SkyClaw-Team1/ros2_ws/install/px4_msgs/include/px4_msgs/px4_msgs/msg/detail/takeoff_status__struct.hpp\n'}
[3.355883] (px4_msgs) StdoutLine: {'line': b'-- Up-to-date: /home/rschnurr/SkyClaw-Team1/ros2_ws/install/px4_msgs/include/px4_msgs/px4_msgs/msg/detail/estimator_states__traits.hpp\n'}
[3.356013] (px4_msgs) StdoutLine: {'line': b'-- Up-to-date: /home/rschnurr/SkyClaw-Team1/ros2_ws/install/px4_msgs/include/px4_msgs/px4_msgs/msg/detail/uavcan_parameter_request__struct.hpp\n'}
[3.356185] (px4_msgs) StdoutLine: {'line': b'-- Up-to-date: /home/rschnurr/SkyClaw-Team1/ros2_ws/install/px4_msgs/include/px4_msgs/px4_msgs/msg/detail/estimator_gps_status__traits.hpp\n'}
[3.356404] (px4_msgs) StdoutLine: {'line': b'-- Up-to-date: /home/rschnurr/SkyClaw-Team1/ros2_ws/install/px4_msgs/include/px4_msgs/px4_msgs/msg/detail/vehicle_local_position_setpoint__struct.hpp\n'}
[3.356687] (px4_msgs) StdoutLine: {'line': b'-- Up-to-date: /home/rschnurr/SkyClaw-Team1/ros2_ws/install/px4_msgs/include/px4_msgs/px4_msgs/msg/detail/velocity_limits__struct.hpp\n'}
[3.356771] (px4_msgs) StdoutLine: {'line': b'-- Up-to-date: /home/rschnurr/SkyClaw-Team1/ros2_ws/install/px4_msgs/include/px4_msgs/px4_msgs/msg/detail/heater_status__type_support.hpp\n'}
[3.357056] (px4_msgs) StdoutLine: {'line': b'-- Up-to-date: /home/rschnurr/SkyClaw-Team1/ros2_ws/install/px4_msgs/include/px4_msgs/px4_msgs/msg/detail/debug_value__traits.hpp\n'}
[3.357168] (px4_msgs) StdoutLine: {'line': b'-- Up-to-date: /home/rschnurr/SkyClaw-Team1/ros2_ws/install/px4_msgs/include/px4_msgs/px4_msgs/msg/detail/fixed_wing_lateral_status__type_support.hpp\n'}
[3.357341] (px4_msgs) StdoutLine: {'line': b'-- Up-to-date: /home/rschnurr/SkyClaw-Team1/ros2_ws/install/px4_msgs/include/px4_msgs/px4_msgs/msg/detail/airspeed_wind__builder.hpp\n'}
[3.357746] (px4_msgs) StdoutLine: {'line': b'-- Up-to-date: /home/rschnurr/SkyClaw-Team1/ros2_ws/install/px4_msgs/include/px4_msgs/px4_msgs/msg/detail/onboard_computer_status__struct.hpp\n'}
[3.357890] (px4_msgs) StdoutLine: {'line': b'-- Up-to-date: /home/rschnurr/SkyClaw-Team1/ros2_ws/install/px4_msgs/include/px4_msgs/px4_msgs/msg/detail/camera_capture__traits.hpp\n'}
[3.358020] (px4_msgs) StdoutLine: {'line': b'-- Up-to-date: /home/rschnurr/SkyClaw-Team1/ros2_ws/install/px4_msgs/include/px4_msgs/px4_msgs/msg/detail/orb_test_medium__struct.hpp\n'}
[3.358091] (px4_msgs) StdoutLine: {'line': b'-- Up-to-date: /home/rschnurr/SkyClaw-Team1/ros2_ws/install/px4_msgs/include/px4_msgs/px4_msgs/msg/detail/power_monitor__struct.hpp\n'}
[3.358146] (px4_msgs) StdoutLine: {'line': b'-- Up-to-date: /home/rschnurr/SkyClaw-Team1/ros2_ws/install/px4_msgs/include/px4_msgs/px4_msgs/msg/detail/rover_speed_setpoint__traits.hpp\n'}
[3.358197] (px4_msgs) StdoutLine: {'line': b'-- Up-to-date: /home/rschnurr/SkyClaw-Team1/ros2_ws/install/px4_msgs/include/px4_msgs/px4_msgs/msg/detail/rate_ctrl_status__struct.hpp\n'}
[3.358244] (px4_msgs) StdoutLine: {'line': b'-- Up-to-date: /home/rschnurr/SkyClaw-Team1/ros2_ws/install/px4_msgs/include/px4_msgs/px4_msgs/msg/detail/geofence_result__struct.hpp\n'}
[3.358290] (px4_msgs) StdoutLine: {'line': b'-- Up-to-date: /home/rschnurr/SkyClaw-Team1/ros2_ws/install/px4_msgs/include/px4_msgs/px4_msgs/msg/detail/sensors_status_imu__type_support.hpp\n'}
[3.358335] (px4_msgs) StdoutLine: {'line': b'-- Up-to-date: /home/rschnurr/SkyClaw-Team1/ros2_ws/install/px4_msgs/include/px4_msgs/px4_msgs/msg/detail/rover_position_setpoint__builder.hpp\n'}
[3.358380] (px4_msgs) StdoutLine: {'line': b'-- Up-to-date: /home/rschnurr/SkyClaw-Team1/ros2_ws/install/px4_msgs/include/px4_msgs/px4_msgs/msg/detail/gps_dump__type_support.hpp\n'}
[3.358425] (px4_msgs) StdoutLine: {'line': b'-- Up-to-date: /home/rschnurr/SkyClaw-Team1/ros2_ws/install/px4_msgs/include/px4_msgs/px4_msgs/msg/detail/rover_attitude_status__builder.hpp\n'}
[3.358468] (px4_msgs) StdoutLine: {'line': b'-- Up-to-date: /home/rschnurr/SkyClaw-Team1/ros2_ws/install/px4_msgs/include/px4_msgs/px4_msgs/msg/detail/unregister_ext_component__traits.hpp\n'}
[3.358513] (px4_msgs) StdoutLine: {'line': b'-- Up-to-date: /home/rschnurr/SkyClaw-Team1/ros2_ws/install/px4_msgs/include/px4_msgs/px4_msgs/msg/detail/cellular_status__builder.hpp\n'}
[3.358559] (px4_msgs) StdoutLine: {'line': b'-- Up-to-date: /home/rschnurr/SkyClaw-Team1/ros2_ws/install/px4_msgs/include/px4_msgs/px4_msgs/msg/detail/vehicle_status__traits.hpp\n'}
[3.358606] (px4_msgs) StdoutLine: {'line': b'-- Up-to-date: /home/rschnurr/SkyClaw-Team1/ros2_ws/install/px4_msgs/include/px4_msgs/px4_msgs/msg/detail/airspeed__builder.hpp\n'}
[3.358652] (px4_msgs) StdoutLine: {'line': b'-- Up-to-date: /home/rschnurr/SkyClaw-Team1/ros2_ws/install/px4_msgs/include/px4_msgs/px4_msgs/msg/detail/gimbal_manager_status__type_support.hpp\n'}
[3.358696] (px4_msgs) StdoutLine: {'line': b'-- Up-to-date: /home/rschnurr/SkyClaw-Team1/ros2_ws/install/px4_msgs/include/px4_msgs/px4_msgs/msg/detail/open_drone_id_operator_id__type_support.hpp\n'}
[3.358741] (px4_msgs) StdoutLine: {'line': b'-- Up-to-date: /home/rschnurr/SkyClaw-Team1/ros2_ws/install/px4_msgs/include/px4_msgs/px4_msgs/msg/detail/gimbal_manager_status__builder.hpp\n'}
[3.358786] (px4_msgs) StdoutLine: {'line': b'-- Up-to-date: /home/rschnurr/SkyClaw-Team1/ros2_ws/install/px4_msgs/include/px4_msgs/px4_msgs/msg/detail/position_setpoint_triplet__builder.hpp\n'}
[3.358834] (px4_msgs) StdoutLine: {'line': b'-- Up-to-date: /home/rschnurr/SkyClaw-Team1/ros2_ws/install/px4_msgs/include/px4_msgs/px4_msgs/msg/detail/rate_ctrl_status__type_support.hpp\n'}
[3.358877] (px4_msgs) StdoutLine: {'line': b'-- Up-to-date: /home/rschnurr/SkyClaw-Team1/ros2_ws/install/px4_msgs/include/px4_msgs/px4_msgs/msg/detail/estimator_bias__builder.hpp\n'}
[3.358921] (px4_msgs) StdoutLine: {'line': b'-- Up-to-date: /home/rschnurr/SkyClaw-Team1/ros2_ws/install/px4_msgs/include/px4_msgs/px4_msgs/msg/detail/generator_status__struct.hpp\n'}
[3.358964] (px4_msgs) StdoutLine: {'line': b'-- Up-to-date: /home/rschnurr/SkyClaw-Team1/ros2_ws/install/px4_msgs/include/px4_msgs/px4_msgs/msg/detail/obstacle_distance__traits.hpp\n'}
[3.359009] (px4_msgs) StdoutLine: {'line': b'-- Up-to-date: /home/rschnurr/SkyClaw-Team1/ros2_ws/install/px4_msgs/include/px4_msgs/px4_msgs/msg/detail/sensor_gnss_relative__traits.hpp\n'}
[3.359052] (px4_msgs) StdoutLine: {'line': b'-- Up-to-date: /home/rschnurr/SkyClaw-Team1/ros2_ws/install/px4_msgs/include/px4_msgs/px4_msgs/msg/detail/vehicle_torque_setpoint__traits.hpp\n'}
[3.359096] (px4_msgs) StdoutLine: {'line': b'-- Up-to-date: /home/rschnurr/SkyClaw-Team1/ros2_ws/install/px4_msgs/include/px4_msgs/px4_msgs/msg/detail/rover_attitude_status__traits.hpp\n'}
[3.359140] (px4_msgs) StdoutLine: {'line': b'-- Up-to-date: /home/rschnurr/SkyClaw-Team1/ros2_ws/install/px4_msgs/include/px4_msgs/px4_msgs/msg/detail/failure_detector_status__struct.hpp\n'}
[3.359191] (px4_msgs) StdoutLine: {'line': b'-- Up-to-date: /home/rschnurr/SkyClaw-Team1/ros2_ws/install/px4_msgs/include/px4_msgs/px4_msgs/msg/detail/sensor_correction__type_support.hpp\n'}
[3.359233] (px4_msgs) StdoutLine: {'line': b'-- Up-to-date: /home/rschnurr/SkyClaw-Team1/ros2_ws/install/px4_msgs/include/px4_msgs/px4_msgs/msg/detail/landing_target_innovations__traits.hpp\n'}
[3.359279] (px4_msgs) StdoutLine: {'line': b'-- Up-to-date: /home/rschnurr/SkyClaw-Team1/ros2_ws/install/px4_msgs/include/px4_msgs/px4_msgs/msg/detail/rover_steering_setpoint__builder.hpp\n'}
[3.359322] (px4_msgs) StdoutLine: {'line': b'-- Up-to-date: /home/rschnurr/SkyClaw-Team1/ros2_ws/install/px4_msgs/include/px4_msgs/px4_msgs/msg/detail/gpio_config__traits.hpp\n'}
[3.359364] (px4_msgs) StdoutLine: {'line': b'-- Up-to-date: /home/rschnurr/SkyClaw-Team1/ros2_ws/install/px4_msgs/include/px4_msgs/px4_msgs/msg/detail/pps_capture__traits.hpp\n'}
[3.359406] (px4_msgs) StdoutLine: {'line': b'-- Up-to-date: /home/rschnurr/SkyClaw-Team1/ros2_ws/install/px4_msgs/include/px4_msgs/px4_msgs/msg/detail/mag_worker_data__builder.hpp\n'}
[3.359448] (px4_msgs) StdoutLine: {'line': b'-- Up-to-date: /home/rschnurr/SkyClaw-Team1/ros2_ws/install/px4_msgs/include/px4_msgs/px4_msgs/msg/detail/logger_status__traits.hpp\n'}
[3.359489] (px4_msgs) StdoutLine: {'line': b'-- Up-to-date: /home/rschnurr/SkyClaw-Team1/ros2_ws/install/px4_msgs/include/px4_msgs/px4_msgs/msg/detail/wheel_encoders__struct.hpp\n'}
[3.359531] (px4_msgs) StdoutLine: {'line': b'-- Up-to-date: /home/rschnurr/SkyClaw-Team1/ros2_ws/install/px4_msgs/include/px4_msgs/px4_msgs/msg/detail/actuator_servos__struct.hpp\n'}
[3.359573] (px4_msgs) StdoutLine: {'line': b'-- Up-to-date: /home/rschnurr/SkyClaw-Team1/ros2_ws/install/px4_msgs/include/px4_msgs/px4_msgs/msg/detail/manual_control_switches__type_support.hpp\n'}
[3.359615] (px4_msgs) StdoutLine: {'line': b'-- Up-to-date: /home/rschnurr/SkyClaw-Team1/ros2_ws/install/px4_msgs/include/px4_msgs/px4_msgs/msg/detail/fuel_tank_status__type_support.hpp\n'}
[3.359761] (px4_msgs) StdoutLine: {'line': b'-- Up-to-date: /home/rschnurr/SkyClaw-Team1/ros2_ws/install/px4_msgs/include/px4_msgs/px4_msgs/msg/detail/pwm_input__traits.hpp\n'}
[3.359835] (px4_msgs) StdoutLine: {'line': b'-- Up-to-date: /home/rschnurr/SkyClaw-Team1/ros2_ws/install/px4_msgs/include/px4_msgs/px4_msgs/msg/detail/gimbal_manager_information__struct.hpp\n'}
[3.360150] (px4_msgs) StdoutLine: {'line': b'-- Up-to-date: /home/rschnurr/SkyClaw-Team1/ros2_ws/install/px4_msgs/include/px4_msgs/px4_msgs/msg/detail/vehicle_optical_flow__builder.hpp\n'}
[3.360268] (px4_msgs) StdoutLine: {'line': b'-- Up-to-date: /home/rschnurr/SkyClaw-Team1/ros2_ws/install/px4_msgs/include/px4_msgs/px4_msgs/msg/detail/mag_worker_data__traits.hpp\n'}
[3.360374] (px4_msgs) StdoutLine: {'line': b'-- Up-to-date: /home/rschnurr/SkyClaw-Team1/ros2_ws/install/px4_msgs/include/px4_msgs/px4_msgs/msg/detail/gpio_in__builder.hpp\n'}
[3.360455] (px4_msgs) StdoutLine: {'line': b'-- Up-to-date: /home/rschnurr/SkyClaw-Team1/ros2_ws/install/px4_msgs/include/px4_msgs/px4_msgs/msg/detail/hover_thrust_estimate__type_support.hpp\n'}
[3.360519] (px4_msgs) StdoutLine: {'line': b'-- Up-to-date: /home/rschnurr/SkyClaw-Team1/ros2_ws/install/px4_msgs/include/px4_msgs/px4_msgs/msg/detail/sensor_combined__traits.hpp\n'}
[3.360581] (px4_msgs) StdoutLine: {'line': b'-- Up-to-date: /home/rschnurr/SkyClaw-Team1/ros2_ws/install/px4_msgs/include/px4_msgs/px4_msgs/msg/detail/vehicle_angular_velocity__struct.hpp\n'}
[3.360643] (px4_msgs) StdoutLine: {'line': b'-- Up-to-date: /home/rschnurr/SkyClaw-Team1/ros2_ws/install/px4_msgs/include/px4_msgs/px4_msgs/msg/detail/gimbal_device_attitude_status__traits.hpp\n'}
[3.360705] (px4_msgs) StdoutLine: {'line': b'-- Up-to-date: /home/rschnurr/SkyClaw-Team1/ros2_ws/install/px4_msgs/include/px4_msgs/px4_msgs/msg/detail/sensors_status__type_support.hpp\n'}
[3.360765] (px4_msgs) StdoutLine: {'line': b'-- Up-to-date: /home/rschnurr/SkyClaw-Team1/ros2_ws/install/px4_msgs/include/px4_msgs/px4_msgs/msg/detail/yaw_estimator_status__type_support.hpp\n'}
[3.360827] (px4_msgs) StdoutLine: {'line': b'-- Up-to-date: /home/rschnurr/SkyClaw-Team1/ros2_ws/install/px4_msgs/include/px4_msgs/px4_msgs/msg/detail/logger_status__builder.hpp\n'}
[3.360889] (px4_msgs) StdoutLine: {'line': b'-- Up-to-date: /home/rschnurr/SkyClaw-Team1/ros2_ws/install/px4_msgs/include/px4_msgs/px4_msgs/msg/detail/gripper__struct.hpp\n'}
[3.361042] (px4_msgs) StdoutLine: {'line': b'-- Up-to-date: /home/rschnurr/SkyClaw-Team1/ros2_ws/install/px4_msgs/include/px4_msgs/px4_msgs/msg/detail/trajectory_setpoint__type_support.hpp\n'}
[3.361130] (px4_msgs) StdoutLine: {'line': b'-- Up-to-date: /home/rschnurr/SkyClaw-Team1/ros2_ws/install/px4_msgs/include/px4_msgs/px4_msgs/msg/detail/uavcan_parameter_request__traits.hpp\n'}
[3.361199] (px4_msgs) StdoutLine: {'line': b'-- Up-to-date: /home/rschnurr/SkyClaw-Team1/ros2_ws/install/px4_msgs/include/px4_msgs/px4_msgs/msg/detail/position_setpoint__traits.hpp\n'}
[3.361261] (px4_msgs) StdoutLine: {'line': b'-- Up-to-date: /home/rschnurr/SkyClaw-Team1/ros2_ws/install/px4_msgs/include/px4_msgs/px4_msgs/msg/detail/radio_status__type_support.hpp\n'}
[3.361323] (px4_msgs) StdoutLine: {'line': b'-- Up-to-date: /home/rschnurr/SkyClaw-Team1/ros2_ws/install/px4_msgs/include/px4_msgs/px4_msgs/msg/detail/estimator_event_flags__builder.hpp\n'}
[3.361384] (px4_msgs) StdoutLine: {'line': b'-- Up-to-date: /home/rschnurr/SkyClaw-Team1/ros2_ws/install/px4_msgs/include/px4_msgs/px4_msgs/msg/detail/sensor_correction__struct.hpp\n'}
[3.361476] (px4_msgs) StdoutLine: {'line': b'-- Up-to-date: /home/rschnurr/SkyClaw-Team1/ros2_ws/install/px4_msgs/include/px4_msgs/px4_msgs/msg/detail/autotune_attitude_control_status__builder.hpp\n'}
[3.361536] (px4_msgs) StdoutLine: {'line': b'-- Up-to-date: /home/rschnurr/SkyClaw-Team1/ros2_ws/install/px4_msgs/include/px4_msgs/px4_msgs/msg/detail/estimator_bias3d__struct.hpp\n'}
[3.361595] (px4_msgs) StdoutLine: {'line': b'-- Up-to-date: /home/rschnurr/SkyClaw-Team1/ros2_ws/install/px4_msgs/include/px4_msgs/px4_msgs/msg/detail/dronecan_node_status__type_support.hpp\n'}
[3.361654] (px4_msgs) StdoutLine: {'line': b'-- Up-to-date: /home/rschnurr/SkyClaw-Team1/ros2_ws/install/px4_msgs/include/px4_msgs/px4_msgs/msg/detail/distance_sensor__struct.hpp\n'}
[3.361845] (px4_msgs) StdoutLine: {'line': b'-- Up-to-date: /home/rschnurr/SkyClaw-Team1/ros2_ws/install/px4_msgs/include/px4_msgs/px4_msgs/msg/detail/gimbal_manager_information__type_support.hpp\n'}
[3.361935] (px4_msgs) StdoutLine: {'line': b'-- Up-to-date: /home/rschnurr/SkyClaw-Team1/ros2_ws/install/px4_msgs/include/px4_msgs/px4_msgs/msg/detail/estimator_status__type_support.hpp\n'}
[3.362005] (px4_msgs) StdoutLine: {'line': b'-- Up-to-date: /home/rschnurr/SkyClaw-Team1/ros2_ws/install/px4_msgs/include/px4_msgs/px4_msgs/msg/detail/qshell_retval__builder.hpp\n'}
[3.362072] (px4_msgs) StdoutLine: {'line': b'-- Up-to-date: /home/rschnurr/SkyClaw-Team1/ros2_ws/install/px4_msgs/include/px4_msgs/px4_msgs/msg/detail/offboard_control_mode__struct.hpp\n'}
[3.362142] (px4_msgs) StdoutLine: {'line': b'-- Up-to-date: /home/rschnurr/SkyClaw-Team1/ros2_ws/install/px4_msgs/include/px4_msgs/px4_msgs/msg/detail/pwm_input__struct.hpp\n'}
[3.362264] (px4_msgs) StdoutLine: {'line': b'-- Up-to-date: /home/rschnurr/SkyClaw-Team1/ros2_ws/install/px4_msgs/include/px4_msgs/px4_msgs/msg/detail/vehicle_attitude__builder.hpp\n'}
[3.362346] (px4_msgs) StdoutLine: {'line': b'-- Up-to-date: /home/rschnurr/SkyClaw-Team1/ros2_ws/install/px4_msgs/include/px4_msgs/px4_msgs/msg/detail/ping__builder.hpp\n'}
[3.362402] (px4_msgs) StdoutLine: {'line': b'-- Up-to-date: /home/rschnurr/SkyClaw-Team1/ros2_ws/install/px4_msgs/include/px4_msgs/px4_msgs/msg/detail/home_position__type_support.hpp\n'}
[3.362457] (px4_msgs) StdoutLine: {'line': b'-- Up-to-date: /home/rschnurr/SkyClaw-Team1/ros2_ws/install/px4_msgs/include/px4_msgs/px4_msgs/msg/detail/gpio_out__struct.hpp\n'}
[3.362504] (px4_msgs) StdoutLine: {'line': b'-- Up-to-date: /home/rschnurr/SkyClaw-Team1/ros2_ws/install/px4_msgs/include/px4_msgs/px4_msgs/msg/detail/pure_pursuit_status__struct.hpp\n'}
[3.362603] (px4_msgs) StdoutLine: {'line': b'-- Up-to-date: /home/rschnurr/SkyClaw-Team1/ros2_ws/install/px4_msgs/include/px4_msgs/px4_msgs/msg/detail/magnetometer_bias_estimate__struct.hpp\n'}
[3.362720] (px4_msgs) StdoutLine: {'line': b'-- Up-to-date: /home/rschnurr/SkyClaw-Team1/ros2_ws/install/px4_msgs/include/px4_msgs/px4_msgs/msg/detail/rc_channels__type_support.hpp\n'}
[3.362781] (px4_msgs) StdoutLine: {'line': b'-- Up-to-date: /home/rschnurr/SkyClaw-Team1/ros2_ws/install/px4_msgs/include/px4_msgs/px4_msgs/msg/detail/qshell_retval__struct.hpp\n'}
[3.362837] (px4_msgs) StdoutLine: {'line': b'-- Up-to-date: /home/rschnurr/SkyClaw-Team1/ros2_ws/install/px4_msgs/include/px4_msgs/px4_msgs/msg/detail/ulog_stream_ack__type_support.hpp\n'}
[3.362886] (px4_msgs) StdoutLine: {'line': b'-- Up-to-date: /home/rschnurr/SkyClaw-Team1/ros2_ws/install/px4_msgs/include/px4_msgs/px4_msgs/msg/detail/camera_status__struct.hpp\n'}
[3.362933] (px4_msgs) StdoutLine: {'line': b'-- Up-to-date: /home/rschnurr/SkyClaw-Team1/ros2_ws/install/px4_msgs/include/px4_msgs/px4_msgs/msg/detail/ekf2_timestamps__struct.hpp\n'}
[3.362978] (px4_msgs) StdoutLine: {'line': b'-- Up-to-date: /home/rschnurr/SkyClaw-Team1/ros2_ws/install/px4_msgs/include/px4_msgs/px4_msgs/msg/detail/airspeed__struct.hpp\n'}
[3.363022] (px4_msgs) StdoutLine: {'line': b'-- Up-to-date: /home/rschnurr/SkyClaw-Team1/ros2_ws/install/px4_msgs/include/px4_msgs/px4_msgs/msg/detail/rover_attitude_status__type_support.hpp\n'}
[3.363066] (px4_msgs) StdoutLine: {'line': b'-- Up-to-date: /home/rschnurr/SkyClaw-Team1/ros2_ws/install/px4_msgs/include/px4_msgs/px4_msgs/msg/detail/debug_vect__type_support.hpp\n'}
[3.363109] (px4_msgs) StdoutLine: {'line': b'-- Up-to-date: /home/rschnurr/SkyClaw-Team1/ros2_ws/install/px4_msgs/include/px4_msgs/px4_msgs/msg/detail/parameter_update__traits.hpp\n'}
[3.363152] (px4_msgs) StdoutLine: {'line': b'-- Up-to-date: /home/rschnurr/SkyClaw-Team1/ros2_ws/install/px4_msgs/include/px4_msgs/px4_msgs/msg/detail/estimator_states__struct.hpp\n'}
[3.363195] (px4_msgs) StdoutLine: {'line': b'-- Up-to-date: /home/rschnurr/SkyClaw-Team1/ros2_ws/install/px4_msgs/include/px4_msgs/px4_msgs/msg/detail/figure_eight_status__builder.hpp\n'}
[3.363237] (px4_msgs) StdoutLine: {'line': b'-- Up-to-date: /home/rschnurr/SkyClaw-Team1/ros2_ws/install/px4_msgs/include/px4_msgs/px4_msgs/msg/detail/estimator_innovations__type_support.hpp\n'}
[3.363280] (px4_msgs) StdoutLine: {'line': b'-- Up-to-date: /home/rschnurr/SkyClaw-Team1/ros2_ws/install/px4_msgs/include/px4_msgs/px4_msgs/msg/detail/estimator_event_flags__struct.hpp\n'}
[3.363345] (px4_msgs) StdoutLine: {'line': b'-- Up-to-date: /home/rschnurr/SkyClaw-Team1/ros2_ws/install/px4_msgs/include/px4_msgs/px4_msgs/msg/detail/telemetry_status__struct.hpp\n'}
[3.363389] (px4_msgs) StdoutLine: {'line': b'-- Up-to-date: /home/rschnurr/SkyClaw-Team1/ros2_ws/install/px4_msgs/include/px4_msgs/px4_msgs/msg/detail/navigator_status__struct.hpp\n'}
[3.363438] (px4_msgs) StdoutLine: {'line': b'-- Up-to-date: /home/rschnurr/SkyClaw-Team1/ros2_ws/install/px4_msgs/include/px4_msgs/px4_msgs/msg/detail/position_setpoint_triplet__struct.hpp\n'}
[3.363480] (px4_msgs) StdoutLine: {'line': b'-- Up-to-date: /home/rschnurr/SkyClaw-Team1/ros2_ws/install/px4_msgs/include/px4_msgs/px4_msgs/msg/detail/vtol_vehicle_status__traits.hpp\n'}
[3.363521] (px4_msgs) StdoutLine: {'line': b'-- Up-to-date: /home/rschnurr/SkyClaw-Team1/ros2_ws/install/px4_msgs/include/px4_msgs/px4_msgs/msg/detail/gimbal_controls__builder.hpp\n'}
[3.363564] (px4_msgs) StdoutLine: {'line': b'-- Up-to-date: /home/rschnurr/SkyClaw-Team1/ros2_ws/install/px4_msgs/include/px4_msgs/px4_msgs/msg/detail/sensor_mag__type_support.hpp\n'}
[3.363607] (px4_msgs) StdoutLine: {'line': b'-- Up-to-date: /home/rschnurr/SkyClaw-Team1/ros2_ws/install/px4_msgs/include/px4_msgs/px4_msgs/msg/detail/estimator_status_flags__type_support.hpp\n'}
[3.363649] (px4_msgs) StdoutLine: {'line': b'-- Up-to-date: /home/rschnurr/SkyClaw-Team1/ros2_ws/install/px4_msgs/include/px4_msgs/px4_msgs/msg/detail/navigator_mission_item__type_support.hpp\n'}
[3.363691] (px4_msgs) StdoutLine: {'line': b'-- Up-to-date: /home/rschnurr/SkyClaw-Team1/ros2_ws/install/px4_msgs/include/px4_msgs/px4_msgs/msg/detail/adc_report__traits.hpp\n'}
[3.363734] (px4_msgs) StdoutLine: {'line': b'-- Up-to-date: /home/rschnurr/SkyClaw-Team1/ros2_ws/install/px4_msgs/include/px4_msgs/px4_msgs/msg/detail/actuator_test__struct.hpp\n'}
[3.363776] (px4_msgs) StdoutLine: {'line': b'-- Up-to-date: /home/rschnurr/SkyClaw-Team1/ros2_ws/install/px4_msgs/include/px4_msgs/px4_msgs/msg/detail/unregister_ext_component__builder.hpp\n'}
[3.363820] (px4_msgs) StdoutLine: {'line': b'-- Up-to-date: /home/rschnurr/SkyClaw-Team1/ros2_ws/install/px4_msgs/include/px4_msgs/px4_msgs/msg/detail/ulog_stream__builder.hpp\n'}
[3.363863] (px4_msgs) StdoutLine: {'line': b'-- Up-to-date: /home/rschnurr/SkyClaw-Team1/ros2_ws/install/px4_msgs/include/px4_msgs/px4_msgs/msg/detail/sensor_gyro_fft__struct.hpp\n'}
[3.363905] (px4_msgs) StdoutLine: {'line': b'-- Up-to-date: /home/rschnurr/SkyClaw-Team1/ros2_ws/install/px4_msgs/include/px4_msgs/px4_msgs/msg/detail/gimbal_manager_set_attitude__struct.hpp\n'}
[3.363948] (px4_msgs) StdoutLine: {'line': b'-- Up-to-date: /home/rschnurr/SkyClaw-Team1/ros2_ws/install/px4_msgs/include/px4_msgs/px4_msgs/msg/detail/mavlink_log__traits.hpp\n'}
[3.363990] (px4_msgs) StdoutLine: {'line': b'-- Up-to-date: /home/rschnurr/SkyClaw-Team1/ros2_ws/install/px4_msgs/include/px4_msgs/px4_msgs/msg/detail/distance_sensor__type_support.hpp\n'}
[3.364036] (px4_msgs) StdoutLine: {'line': b'-- Up-to-date: /home/rschnurr/SkyClaw-Team1/ros2_ws/install/px4_msgs/include/px4_msgs/px4_msgs/msg/detail/parameter_update__builder.hpp\n'}
[3.364077] (px4_msgs) StdoutLine: {'line': b'-- Up-to-date: /home/rschnurr/SkyClaw-Team1/ros2_ws/install/px4_msgs/include/px4_msgs/px4_msgs/msg/detail/manual_control_setpoint__traits.hpp\n'}
[3.364121] (-) TimerEvent: {}
[3.364450] (px4_msgs) StdoutLine: {'line': b'-- Up-to-date: /home/rschnurr/SkyClaw-Team1/ros2_ws/install/px4_msgs/include/px4_msgs/px4_msgs/msg/detail/vehicle_local_position_setpoint__builder.hpp\n'}
[3.364675] (px4_msgs) StdoutLine: {'line': b'-- Up-to-date: /home/rschnurr/SkyClaw-Team1/ros2_ws/install/px4_msgs/include/px4_msgs/px4_msgs/msg/detail/gimbal_device_attitude_status__builder.hpp\n'}
[3.364756] (px4_msgs) StdoutLine: {'line': b'-- Up-to-date: /home/rschnurr/SkyClaw-Team1/ros2_ws/install/px4_msgs/include/px4_msgs/px4_msgs/msg/detail/ekf2_timestamps__traits.hpp\n'}
[3.364841] (px4_msgs) StdoutLine: {'line': b'-- Up-to-date: /home/rschnurr/SkyClaw-Team1/ros2_ws/install/px4_msgs/include/px4_msgs/px4_msgs/msg/detail/dataman_request__struct.hpp\n'}
[3.364896] (px4_msgs) StdoutLine: {'line': b'-- Up-to-date: /home/rschnurr/SkyClaw-Team1/ros2_ws/install/px4_msgs/include/px4_msgs/px4_msgs/msg/detail/irlock_report__struct.hpp\n'}
[3.364942] (px4_msgs) StdoutLine: {'line': b'-- Up-to-date: /home/rschnurr/SkyClaw-Team1/ros2_ws/install/px4_msgs/include/px4_msgs/px4_msgs/msg/detail/estimator_states__type_support.hpp\n'}
[3.364986] (px4_msgs) StdoutLine: {'line': b'-- Up-to-date: /home/rschnurr/SkyClaw-Team1/ros2_ws/install/px4_msgs/include/px4_msgs/px4_msgs/msg/detail/geofence_result__type_support.hpp\n'}
[3.365029] (px4_msgs) StdoutLine: {'line': b'-- Up-to-date: /home/rschnurr/SkyClaw-Team1/ros2_ws/install/px4_msgs/include/px4_msgs/px4_msgs/msg/detail/system_power__builder.hpp\n'}
[3.365073] (px4_msgs) StdoutLine: {'line': b'-- Up-to-date: /home/rschnurr/SkyClaw-Team1/ros2_ws/install/px4_msgs/include/px4_msgs/px4_msgs/msg/detail/sensor_accel_fifo__builder.hpp\n'}
[3.365117] (px4_msgs) StdoutLine: {'line': b'-- Up-to-date: /home/rschnurr/SkyClaw-Team1/ros2_ws/install/px4_msgs/include/px4_msgs/px4_msgs/msg/detail/debug_value__builder.hpp\n'}
[3.365186] (px4_msgs) StdoutLine: {'line': b'-- Up-to-date: /home/rschnurr/SkyClaw-Team1/ros2_ws/install/px4_msgs/include/px4_msgs/px4_msgs/msg/detail/fixed_wing_lateral_status__struct.hpp\n'}
[3.365308] (px4_msgs) StdoutLine: {'line': b'-- Up-to-date: /home/rschnurr/SkyClaw-Team1/ros2_ws/install/px4_msgs/include/px4_msgs/px4_msgs/msg/detail/rpm__type_support.hpp\n'}
[3.365477] (px4_msgs) StdoutLine: {'line': b'-- Up-to-date: /home/rschnurr/SkyClaw-Team1/ros2_ws/install/px4_msgs/include/px4_msgs/px4_msgs/msg/detail/vehicle_constraints__traits.hpp\n'}
[3.365637] (px4_msgs) StdoutLine: {'line': b'-- Up-to-date: /home/rschnurr/SkyClaw-Team1/ros2_ws/install/px4_msgs/include/px4_msgs/px4_msgs/msg/detail/open_drone_id_arm_status__type_support.hpp\n'}
[3.365763] (px4_msgs) StdoutLine: {'line': b'-- Up-to-date: /home/rschnurr/SkyClaw-Team1/ros2_ws/install/px4_msgs/include/px4_msgs/px4_msgs/msg/detail/offboard_control_mode__type_support.hpp\n'}
[3.365929] (px4_msgs) StdoutLine: {'line': b'-- Up-to-date: /home/rschnurr/SkyClaw-Team1/ros2_ws/install/px4_msgs/include/px4_msgs/px4_msgs/msg/detail/camera_trigger__builder.hpp\n'}
[3.366099] (px4_msgs) StdoutLine: {'line': b'-- Up-to-date: /home/rschnurr/SkyClaw-Team1/ros2_ws/install/px4_msgs/include/px4_msgs/px4_msgs/msg/detail/fixed_wing_longitudinal_setpoint__type_support.hpp\n'}
[3.366244] (px4_msgs) StdoutLine: {'line': b'-- Up-to-date: /home/rschnurr/SkyClaw-Team1/ros2_ws/install/px4_msgs/include/px4_msgs/px4_msgs/msg/detail/register_ext_component_reply__struct.hpp\n'}
[3.366323] (px4_msgs) StdoutLine: {'line': b'-- Up-to-date: /home/rschnurr/SkyClaw-Team1/ros2_ws/install/px4_msgs/include/px4_msgs/px4_msgs/msg/detail/vehicle_command__builder.hpp\n'}
[3.366381] (px4_msgs) StdoutLine: {'line': b'-- Up-to-date: /home/rschnurr/SkyClaw-Team1/ros2_ws/install/px4_msgs/include/px4_msgs/px4_msgs/msg/detail/mavlink_tunnel__traits.hpp\n'}
[3.366429] (px4_msgs) StdoutLine: {'line': b'-- Up-to-date: /home/rschnurr/SkyClaw-Team1/ros2_ws/install/px4_msgs/include/px4_msgs/px4_msgs/msg/detail/gripper__traits.hpp\n'}
[3.366477] (px4_msgs) StdoutLine: {'line': b'-- Up-to-date: /home/rschnurr/SkyClaw-Team1/ros2_ws/install/px4_msgs/include/px4_msgs/px4_msgs/msg/detail/estimator_sensor_bias__type_support.hpp\n'}
[3.366616] (px4_msgs) StdoutLine: {'line': b'-- Up-to-date: /home/rschnurr/SkyClaw-Team1/ros2_ws/install/px4_msgs/include/px4_msgs/px4_msgs/msg/detail/flight_phase_estimation__builder.hpp\n'}
[3.366773] (px4_msgs) StdoutLine: {'line': b'-- Up-to-date: /home/rschnurr/SkyClaw-Team1/ros2_ws/install/px4_msgs/include/px4_msgs/px4_msgs/msg/detail/action_request__traits.hpp\n'}
[3.366860] (px4_msgs) StdoutLine: {'line': b'-- Up-to-date: /home/rschnurr/SkyClaw-Team1/ros2_ws/install/px4_msgs/include/px4_msgs/px4_msgs/msg/detail/cpuload__type_support.hpp\n'}
[3.366951] (px4_msgs) StdoutLine: {'line': b'-- Up-to-date: /home/rschnurr/SkyClaw-Team1/ros2_ws/install/px4_msgs/include/px4_msgs/px4_msgs/msg/detail/rover_attitude_setpoint__type_support.hpp\n'}
[3.367014] (px4_msgs) StdoutLine: {'line': b'-- Up-to-date: /home/rschnurr/SkyClaw-Team1/ros2_ws/install/px4_msgs/include/px4_msgs/px4_msgs/msg/detail/normalized_unsigned_setpoint__type_support.hpp\n'}
[3.367077] (px4_msgs) StdoutLine: {'line': b'-- Up-to-date: /home/rschnurr/SkyClaw-Team1/ros2_ws/install/px4_msgs/include/px4_msgs/px4_msgs/msg/detail/onboard_computer_status__type_support.hpp\n'}
[3.367136] (px4_msgs) StdoutLine: {'line': b'-- Up-to-date: /home/rschnurr/SkyClaw-Team1/ros2_ws/install/px4_msgs/include/px4_msgs/px4_msgs/msg/detail/trajectory_setpoint__traits.hpp\n'}
[3.367195] (px4_msgs) StdoutLine: {'line': b'-- Up-to-date: /home/rschnurr/SkyClaw-Team1/ros2_ws/install/px4_msgs/include/px4_msgs/px4_msgs/msg/detail/rover_speed_setpoint__builder.hpp\n'}
[3.367261] (px4_msgs) StdoutLine: {'line': b'-- Up-to-date: /home/rschnurr/SkyClaw-Team1/ros2_ws/install/px4_msgs/include/px4_msgs/px4_msgs/msg/detail/sensor_gnss_status__type_support.hpp\n'}
[3.367318] (px4_msgs) StdoutLine: {'line': b'-- Up-to-date: /home/rschnurr/SkyClaw-Team1/ros2_ws/install/px4_msgs/include/px4_msgs/px4_msgs/msg/detail/pure_pursuit_status__traits.hpp\n'}
[3.367375] (px4_msgs) StdoutLine: {'line': b'-- Up-to-date: /home/rschnurr/SkyClaw-Team1/ros2_ws/install/px4_msgs/include/px4_msgs/px4_msgs/msg/detail/onboard_computer_status__builder.hpp\n'}
[3.367432] (px4_msgs) StdoutLine: {'line': b'-- Up-to-date: /home/rschnurr/SkyClaw-Team1/ros2_ws/install/px4_msgs/include/px4_msgs/px4_msgs/msg/detail/estimator_aid_source3d__type_support.hpp\n'}
[3.367490] (px4_msgs) StdoutLine: {'line': b'-- Up-to-date: /home/rschnurr/SkyClaw-Team1/ros2_ws/install/px4_msgs/include/px4_msgs/px4_msgs/msg/detail/autotune_attitude_control_status__type_support.hpp\n'}
[3.367550] (px4_msgs) StdoutLine: {'line': b'-- Up-to-date: /home/rschnurr/SkyClaw-Team1/ros2_ws/install/px4_msgs/include/px4_msgs/px4_msgs/msg/detail/rover_speed_status__traits.hpp\n'}
[3.367609] (px4_msgs) StdoutLine: {'line': b'-- Up-to-date: /home/rschnurr/SkyClaw-Team1/ros2_ws/install/px4_msgs/include/px4_msgs/px4_msgs/msg/detail/gpio_config__struct.hpp\n'}
[3.367674] (px4_msgs) StdoutLine: {'line': b'-- Up-to-date: /home/rschnurr/SkyClaw-Team1/ros2_ws/install/px4_msgs/include/px4_msgs/px4_msgs/msg/detail/generator_status__type_support.hpp\n'}
[3.367731] (px4_msgs) StdoutLine: {'line': b'-- Up-to-date: /home/rschnurr/SkyClaw-Team1/ros2_ws/install/px4_msgs/include/px4_msgs/px4_msgs/msg/detail/rc_parameter_map__type_support.hpp\n'}
[3.367788] (px4_msgs) StdoutLine: {'line': b'-- Up-to-date: /home/rschnurr/SkyClaw-Team1/ros2_ws/install/px4_msgs/include/px4_msgs/px4_msgs/msg/detail/qshell_req__struct.hpp\n'}
[3.367845] (px4_msgs) StdoutLine: {'line': b'-- Up-to-date: /home/rschnurr/SkyClaw-Team1/ros2_ws/install/px4_msgs/include/px4_msgs/px4_msgs/msg/detail/debug_vect__traits.hpp\n'}
[3.367904] (px4_msgs) StdoutLine: {'line': b'-- Up-to-date: /home/rschnurr/SkyClaw-Team1/ros2_ws/install/px4_msgs/include/px4_msgs/px4_msgs/msg/detail/message_format_request__builder.hpp\n'}
[3.368000] (px4_msgs) StdoutLine: {'line': b'-- Up-to-date: /home/rschnurr/SkyClaw-Team1/ros2_ws/install/px4_msgs/include/px4_msgs/px4_msgs/msg/detail/power_button_state__type_support.hpp\n'}
[3.368060] (px4_msgs) StdoutLine: {'line': b'-- Up-to-date: /home/rschnurr/SkyClaw-Team1/ros2_ws/install/px4_msgs/include/px4_msgs/px4_msgs/msg/detail/debug_value__type_support.hpp\n'}
[3.368120] (px4_msgs) StdoutLine: {'line': b'-- Up-to-date: /home/rschnurr/SkyClaw-Team1/ros2_ws/install/px4_msgs/include/px4_msgs/px4_msgs/msg/detail/vehicle_rates_setpoint__traits.hpp\n'}
[3.368242] (px4_msgs) StdoutLine: {'line': b'-- Up-to-date: /home/rschnurr/SkyClaw-Team1/ros2_ws/install/px4_msgs/include/px4_msgs/px4_msgs/msg/detail/launch_detection_status__type_support.hpp\n'}
[3.368494] (px4_msgs) StdoutLine: {'line': b'-- Up-to-date: /home/rschnurr/SkyClaw-Team1/ros2_ws/install/px4_msgs/include/px4_msgs/px4_msgs/msg/detail/tecs_status__traits.hpp\n'}
[3.368729] (px4_msgs) StdoutLine: {'line': b'-- Up-to-date: /home/rschnurr/SkyClaw-Team1/ros2_ws/install/px4_msgs/include/px4_msgs/px4_msgs/msg/detail/system_power__traits.hpp\n'}
[3.368890] (px4_msgs) StdoutLine: {'line': b'-- Up-to-date: /home/rschnurr/SkyClaw-Team1/ros2_ws/install/px4_msgs/include/px4_msgs/px4_msgs/msg/detail/estimator_states__builder.hpp\n'}
[3.369019] (px4_msgs) StdoutLine: {'line': b'-- Up-to-date: /home/rschnurr/SkyClaw-Team1/ros2_ws/install/px4_msgs/include/px4_msgs/px4_msgs/msg/detail/navigator_mission_item__builder.hpp\n'}
[3.369098] (px4_msgs) StdoutLine: {'line': b'-- Up-to-date: /home/rschnurr/SkyClaw-Team1/ros2_ws/install/px4_msgs/include/px4_msgs/px4_msgs/msg/detail/trajectory_setpoint__builder.hpp\n'}
[3.369165] (px4_msgs) StdoutLine: {'line': b'-- Up-to-date: /home/rschnurr/SkyClaw-Team1/ros2_ws/install/px4_msgs/include/px4_msgs/px4_msgs/msg/detail/landing_gear__struct.hpp\n'}
[3.369229] (px4_msgs) StdoutLine: {'line': b'-- Up-to-date: /home/rschnurr/SkyClaw-Team1/ros2_ws/install/px4_msgs/include/px4_msgs/px4_msgs/msg/detail/camera_status__builder.hpp\n'}
[3.369291] (px4_msgs) StdoutLine: {'line': b'-- Up-to-date: /home/rschnurr/SkyClaw-Team1/ros2_ws/install/px4_msgs/include/px4_msgs/px4_msgs/msg/detail/gpio_out__type_support.hpp\n'}
[3.369353] (px4_msgs) StdoutLine: {'line': b'-- Up-to-date: /home/rschnurr/SkyClaw-Team1/ros2_ws/install/px4_msgs/include/px4_msgs/px4_msgs/msg/detail/tiltrotor_extra_controls__struct.hpp\n'}
[3.369414] (px4_msgs) StdoutLine: {'line': b'-- Up-to-date: /home/rschnurr/SkyClaw-Team1/ros2_ws/install/px4_msgs/include/px4_msgs/px4_msgs/msg/detail/actuator_controls_status__struct.hpp\n'}
[3.369474] (px4_msgs) StdoutLine: {'line': b'-- Up-to-date: /home/rschnurr/SkyClaw-Team1/ros2_ws/install/px4_msgs/include/px4_msgs/px4_msgs/msg/detail/qshell_req__builder.hpp\n'}
[3.369535] (px4_msgs) StdoutLine: {'line': b'-- Up-to-date: /home/rschnurr/SkyClaw-Team1/ros2_ws/install/px4_msgs/include/px4_msgs/px4_msgs/msg/detail/airspeed_validated__struct.hpp\n'}
[3.369595] (px4_msgs) StdoutLine: {'line': b'-- Up-to-date: /home/rschnurr/SkyClaw-Team1/ros2_ws/install/px4_msgs/include/px4_msgs/px4_msgs/msg/detail/neural_control__type_support.hpp\n'}
[3.369715] (px4_msgs) StdoutLine: {'line': b'-- Up-to-date: /home/rschnurr/SkyClaw-Team1/ros2_ws/install/px4_msgs/include/px4_msgs/px4_msgs/msg/detail/sensor_combined__builder.hpp\n'}
[3.369815] (px4_msgs) StdoutLine: {'line': b'-- Up-to-date: /home/rschnurr/SkyClaw-Team1/ros2_ws/install/px4_msgs/include/px4_msgs/px4_msgs/msg/detail/gps_inject_data__type_support.hpp\n'}
[3.369976] (px4_msgs) StdoutLine: {'line': b'-- Up-to-date: /home/rschnurr/SkyClaw-Team1/ros2_ws/install/px4_msgs/include/px4_msgs/px4_msgs/msg/detail/debug_key_value__struct.hpp\n'}
[3.370110] (px4_msgs) StdoutLine: {'line': b'-- Up-to-date: /home/rschnurr/SkyClaw-Team1/ros2_ws/install/px4_msgs/include/px4_msgs/px4_msgs/msg/detail/mount_orientation__traits.hpp\n'}
[3.370305] (px4_msgs) StdoutLine: {'line': b'-- Up-to-date: /home/rschnurr/SkyClaw-Team1/ros2_ws/install/px4_msgs/include/px4_msgs/px4_msgs/msg/detail/rpm__builder.hpp\n'}
[3.370384] (px4_msgs) StdoutLine: {'line': b'-- Up-to-date: /home/rschnurr/SkyClaw-Team1/ros2_ws/install/px4_msgs/include/px4_msgs/px4_msgs/msg/detail/sensor_baro__struct.hpp\n'}
[3.370438] (px4_msgs) StdoutLine: {'line': b'-- Up-to-date: /home/rschnurr/SkyClaw-Team1/ros2_ws/install/px4_msgs/include/px4_msgs/px4_msgs/msg/detail/estimator_bias3d__type_support.hpp\n'}
[3.370521] (px4_msgs) StdoutLine: {'line': b'-- Up-to-date: /home/rschnurr/SkyClaw-Team1/ros2_ws/install/px4_msgs/include/px4_msgs/px4_msgs/msg/detail/vehicle_optical_flow_vel__struct.hpp\n'}
[3.370714] (px4_msgs) StdoutLine: {'line': b'-- Up-to-date: /home/rschnurr/SkyClaw-Team1/ros2_ws/install/px4_msgs/include/px4_msgs/px4_msgs/msg/detail/orb_test_medium__traits.hpp\n'}
[3.370787] (px4_msgs) StdoutLine: {'line': b'-- Up-to-date: /home/rschnurr/SkyClaw-Team1/ros2_ws/install/px4_msgs/include/px4_msgs/px4_msgs/msg/detail/rover_steering_setpoint__type_support.hpp\n'}
[3.370857] (px4_msgs) StdoutLine: {'line': b'-- Up-to-date: /home/rschnurr/SkyClaw-Team1/ros2_ws/install/px4_msgs/include/px4_msgs/px4_msgs/msg/detail/gpio_in__traits.hpp\n'}
[3.370913] (px4_msgs) StdoutLine: {'line': b'-- Up-to-date: /home/rschnurr/SkyClaw-Team1/ros2_ws/install/px4_msgs/include/px4_msgs/px4_msgs/msg/detail/rover_speed_status__type_support.hpp\n'}
[3.370976] (px4_msgs) StdoutLine: {'line': b'-- Up-to-date: /home/rschnurr/SkyClaw-Team1/ros2_ws/install/px4_msgs/include/px4_msgs/px4_msgs/msg/detail/estimator_aid_source1d__builder.hpp\n'}
[3.371160] (px4_msgs) StdoutLine: {'line': b'-- Up-to-date: /home/rschnurr/SkyClaw-Team1/ros2_ws/install/px4_msgs/include/px4_msgs/px4_msgs/msg/detail/camera_status__type_support.hpp\n'}
[3.371252] (px4_msgs) StdoutLine: {'line': b'-- Up-to-date: /home/rschnurr/SkyClaw-Team1/ros2_ws/install/px4_msgs/include/px4_msgs/px4_msgs/msg/detail/parameter_set_used_request__builder.hpp\n'}
[3.371313] (px4_msgs) StdoutLine: {'line': b'-- Up-to-date: /home/rschnurr/SkyClaw-Team1/ros2_ws/install/px4_msgs/include/px4_msgs/px4_msgs/msg/detail/estimator_aid_source1d__struct.hpp\n'}
[3.371374] (px4_msgs) StdoutLine: {'line': b'-- Up-to-date: /home/rschnurr/SkyClaw-Team1/ros2_ws/install/px4_msgs/include/px4_msgs/px4_msgs/msg/detail/timesync_status__type_support.hpp\n'}
[3.371421] (px4_msgs) StdoutLine: {'line': b'-- Up-to-date: /home/rschnurr/SkyClaw-Team1/ros2_ws/install/px4_msgs/include/px4_msgs/px4_msgs/msg/detail/rover_throttle_setpoint__builder.hpp\n'}
[3.371466] (px4_msgs) StdoutLine: {'line': b'-- Up-to-date: /home/rschnurr/SkyClaw-Team1/ros2_ws/install/px4_msgs/include/px4_msgs/px4_msgs/msg/detail/mavlink_log__type_support.hpp\n'}
[3.371516] (px4_msgs) StdoutLine: {'line': b'-- Up-to-date: /home/rschnurr/SkyClaw-Team1/ros2_ws/install/px4_msgs/include/px4_msgs/px4_msgs/msg/detail/actuator_controls_status__traits.hpp\n'}
[3.371560] (px4_msgs) StdoutLine: {'line': b'-- Up-to-date: /home/rschnurr/SkyClaw-Team1/ros2_ws/install/px4_msgs/include/px4_msgs/px4_msgs/msg/detail/power_button_state__builder.hpp\n'}
[3.371605] (px4_msgs) StdoutLine: {'line': b'-- Up-to-date: /home/rschnurr/SkyClaw-Team1/ros2_ws/install/px4_msgs/include/px4_msgs/px4_msgs/msg/detail/gimbal_device_information__struct.hpp\n'}
[3.371650] (px4_msgs) StdoutLine: {'line': b'-- Up-to-date: /home/rschnurr/SkyClaw-Team1/ros2_ws/install/px4_msgs/include/px4_msgs/px4_msgs/msg/detail/telemetry_status__traits.hpp\n'}
[3.371713] (px4_msgs) StdoutLine: {'line': b'-- Up-to-date: /home/rschnurr/SkyClaw-Team1/ros2_ws/install/px4_msgs/include/px4_msgs/px4_msgs/msg/detail/mode_completed__type_support.hpp\n'}
[3.371853] (px4_msgs) StdoutLine: {'line': b'-- Up-to-date: /home/rschnurr/SkyClaw-Team1/ros2_ws/install/px4_msgs/include/px4_msgs/px4_msgs/msg/detail/follow_target__builder.hpp\n'}
[3.371934] (px4_msgs) StdoutLine: {'line': b'-- Up-to-date: /home/rschnurr/SkyClaw-Team1/ros2_ws/install/px4_msgs/include/px4_msgs/px4_msgs/msg/detail/radio_status__struct.hpp\n'}
[3.372063] (px4_msgs) StdoutLine: {'line': b'-- Up-to-date: /home/rschnurr/SkyClaw-Team1/ros2_ws/install/px4_msgs/include/px4_msgs/px4_msgs/msg/detail/goto_setpoint__builder.hpp\n'}
[3.372160] (px4_msgs) StdoutLine: {'line': b'-- Up-to-date: /home/rschnurr/SkyClaw-Team1/ros2_ws/install/px4_msgs/include/px4_msgs/px4_msgs/msg/detail/failsafe_flags__builder.hpp\n'}
[3.372227] (px4_msgs) StdoutLine: {'line': b'-- Up-to-date: /home/rschnurr/SkyClaw-Team1/ros2_ws/install/px4_msgs/include/px4_msgs/px4_msgs/msg/detail/vehicle_optical_flow__type_support.hpp\n'}
[3.372293] (px4_msgs) StdoutLine: {'line': b'-- Up-to-date: /home/rschnurr/SkyClaw-Team1/ros2_ws/install/px4_msgs/include/px4_msgs/px4_msgs/msg/detail/autotune_attitude_control_status__traits.hpp\n'}
[3.372615] (px4_msgs) StdoutLine: {'line': b'-- Up-to-date: /home/rschnurr/SkyClaw-Team1/ros2_ws/install/px4_msgs/include/px4_msgs/px4_msgs/msg/detail/manual_control_switches__traits.hpp\n'}
[3.372900] (px4_msgs) StdoutLine: {'line': b'-- Up-to-date: /home/rschnurr/SkyClaw-Team1/ros2_ws/install/px4_msgs/include/px4_msgs/px4_msgs/msg/detail/fixed_wing_lateral_status__builder.hpp\n'}
[3.373129] (px4_msgs) StdoutLine: {'line': b'-- Up-to-date: /home/rschnurr/SkyClaw-Team1/ros2_ws/install/px4_msgs/include/px4_msgs/px4_msgs/msg/detail/led_control__type_support.hpp\n'}
[3.373269] (px4_msgs) StdoutLine: {'line': b'-- Up-to-date: /home/rschnurr/SkyClaw-Team1/ros2_ws/install/px4_msgs/include/px4_msgs/px4_msgs/msg/detail/velocity_limits__type_support.hpp\n'}
[3.373389] (px4_msgs) StdoutLine: {'line': b'-- Up-to-date: /home/rschnurr/SkyClaw-Team1/ros2_ws/install/px4_msgs/include/px4_msgs/px4_msgs/msg/detail/sensor_accel_fifo__traits.hpp\n'}
[3.373472] (px4_msgs) StdoutLine: {'line': b'-- Up-to-date: /home/rschnurr/SkyClaw-Team1/ros2_ws/install/px4_msgs/include/px4_msgs/px4_msgs/msg/detail/vehicle_angular_acceleration_setpoint__builder.hpp\n'}
[3.373540] (px4_msgs) StdoutLine: {'line': b'-- Up-to-date: /home/rschnurr/SkyClaw-Team1/ros2_ws/install/px4_msgs/include/px4_msgs/px4_msgs/msg/detail/airspeed_wind__struct.hpp\n'}
[3.373595] (px4_msgs) StdoutLine: {'line': b'-- Up-to-date: /home/rschnurr/SkyClaw-Team1/ros2_ws/install/px4_msgs/include/px4_msgs/px4_msgs/msg/detail/figure_eight_status__traits.hpp\n'}
[3.373999] (px4_msgs) StdoutLine: {'line': b'-- Up-to-date: /home/rschnurr/SkyClaw-Team1/ros2_ws/install/px4_msgs/include/px4_msgs/px4_msgs/msg/detail/mission__struct.hpp\n'}
[3.374571] (px4_msgs) StdoutLine: {'line': b'-- Up-to-date: /home/rschnurr/SkyClaw-Team1/ros2_ws/install/px4_msgs/include/px4_msgs/px4_msgs/msg/detail/sensor_accel__struct.hpp\n'}
[3.374668] (px4_msgs) StdoutLine: {'line': b'-- Up-to-date: /home/rschnurr/SkyClaw-Team1/ros2_ws/install/px4_msgs/include/px4_msgs/px4_msgs/msg/detail/position_setpoint_triplet__type_support.hpp\n'}
[3.374740] (px4_msgs) StdoutLine: {'line': b'-- Up-to-date: /home/rschnurr/SkyClaw-Team1/ros2_ws/install/px4_msgs/include/px4_msgs/px4_msgs/msg/detail/vehicle_land_detected__builder.hpp\n'}
[3.374806] (px4_msgs) StdoutLine: {'line': b'-- Up-to-date: /home/rschnurr/SkyClaw-Team1/ros2_ws/install/px4_msgs/include/px4_msgs/px4_msgs/msg/detail/led_control__struct.hpp\n'}
[3.375360] (px4_msgs) StdoutLine: {'line': b'-- Up-to-date: /home/rschnurr/SkyClaw-Team1/ros2_ws/install/px4_msgs/include/px4_msgs/px4_msgs/msg/detail/differential_pressure__type_support.hpp\n'}
[3.375530] (px4_msgs) StdoutLine: {'line': b'-- Up-to-date: /home/rschnurr/SkyClaw-Team1/ros2_ws/install/px4_msgs/include/px4_msgs/px4_msgs/msg/detail/button_event__traits.hpp\n'}
[3.375880] (px4_msgs) StdoutLine: {'line': b'-- Up-to-date: /home/rschnurr/SkyClaw-Team1/ros2_ws/install/px4_msgs/include/px4_msgs/px4_msgs/msg/detail/timesync_status__builder.hpp\n'}
[3.375972] (px4_msgs) StdoutLine: {'line': b'-- Up-to-date: /home/rschnurr/SkyClaw-Team1/ros2_ws/install/px4_msgs/include/px4_msgs/px4_msgs/msg/detail/internal_combustion_engine_status__traits.hpp\n'}
[3.376045] (px4_msgs) StdoutLine: {'line': b'-- Up-to-date: /home/rschnurr/SkyClaw-Team1/ros2_ws/install/px4_msgs/include/px4_msgs/px4_msgs/msg/detail/estimator_aid_source1d__type_support.hpp\n'}
[3.376107] (px4_msgs) StdoutLine: {'line': b'-- Up-to-date: /home/rschnurr/SkyClaw-Team1/ros2_ws/install/px4_msgs/include/px4_msgs/px4_msgs/msg/detail/distance_sensor_mode_change_request__type_support.hpp\n'}
[3.376171] (px4_msgs) StdoutLine: {'line': b'-- Up-to-date: /home/rschnurr/SkyClaw-Team1/ros2_ws/install/px4_msgs/include/px4_msgs/px4_msgs/msg/detail/irlock_report__builder.hpp\n'}
[3.376234] (px4_msgs) StdoutLine: {'line': b'-- Up-to-date: /home/rschnurr/SkyClaw-Team1/ros2_ws/install/px4_msgs/include/px4_msgs/px4_msgs/msg/detail/debug_key_value__type_support.hpp\n'}
[3.376342] (px4_msgs) StdoutLine: {'line': b'-- Up-to-date: /home/rschnurr/SkyClaw-Team1/ros2_ws/install/px4_msgs/include/px4_msgs/px4_msgs/msg/detail/sensor_gnss_status__builder.hpp\n'}
[3.377007] (px4_msgs) StdoutLine: {'line': b'-- Up-to-date: /home/rschnurr/SkyClaw-Team1/ros2_ws/install/px4_msgs/include/px4_msgs/px4_msgs/msg/detail/vehicle_rates_setpoint__builder.hpp\n'}
[3.377733] (px4_msgs) StdoutLine: {'line': b'-- Up-to-date: /home/rschnurr/SkyClaw-Team1/ros2_ws/install/px4_msgs/include/px4_msgs/px4_msgs/msg/detail/mission__traits.hpp\n'}
[3.378356] (px4_msgs) StdoutLine: {'line': b'-- Up-to-date: /home/rschnurr/SkyClaw-Team1/ros2_ws/install/px4_msgs/include/px4_msgs/px4_msgs/msg/detail/flight_phase_estimation__traits.hpp\n'}
[3.378483] (px4_msgs) StdoutLine: {'line': b'-- Up-to-date: /home/rschnurr/SkyClaw-Team1/ros2_ws/install/px4_msgs/include/px4_msgs/px4_msgs/msg/detail/gimbal_device_information__builder.hpp\n'}
[3.378911] (px4_msgs) StdoutLine: {'line': b'-- Up-to-date: /home/rschnurr/SkyClaw-Team1/ros2_ws/install/px4_msgs/include/px4_msgs/px4_msgs/msg/detail/follow_target_estimator__builder.hpp\n'}
[3.379406] (px4_msgs) StdoutLine: {'line': b'-- Up-to-date: /home/rschnurr/SkyClaw-Team1/ros2_ws/install/px4_msgs/include/px4_msgs/px4_msgs/msg/detail/wheel_encoders__type_support.hpp\n'}
[3.379514] (px4_msgs) StdoutLine: {'line': b'-- Up-to-date: /home/rschnurr/SkyClaw-Team1/ros2_ws/install/px4_msgs/include/px4_msgs/px4_msgs/msg/detail/input_rc__traits.hpp\n'}
[3.379593] (px4_msgs) StdoutLine: {'line': b'-- Up-to-date: /home/rschnurr/SkyClaw-Team1/ros2_ws/install/px4_msgs/include/px4_msgs/px4_msgs/msg/detail/parameter_set_used_request__struct.hpp\n'}
[3.379701] (px4_msgs) StdoutLine: {'line': b'-- Up-to-date: /home/rschnurr/SkyClaw-Team1/ros2_ws/install/px4_msgs/include/px4_msgs/px4_msgs/msg/detail/landing_gear_wheel__traits.hpp\n'}
[3.379764] (px4_msgs) StdoutLine: {'line': b'-- Up-to-date: /home/rschnurr/SkyClaw-Team1/ros2_ws/install/px4_msgs/include/px4_msgs/px4_msgs/msg/detail/qshell_req__type_support.hpp\n'}
[3.379842] (px4_msgs) StdoutLine: {'line': b'-- Up-to-date: /home/rschnurr/SkyClaw-Team1/ros2_ws/install/px4_msgs/include/px4_msgs/px4_msgs/msg/detail/vehicle_torque_setpoint__type_support.hpp\n'}
[3.379904] (px4_msgs) StdoutLine: {'line': b'-- Up-to-date: /home/rschnurr/SkyClaw-Team1/ros2_ws/install/px4_msgs/include/px4_msgs/px4_msgs/msg/detail/transponder_report__traits.hpp\n'}
[3.380327] (px4_msgs) StdoutLine: {'line': b'-- Up-to-date: /home/rschnurr/SkyClaw-Team1/ros2_ws/install/px4_msgs/include/px4_msgs/px4_msgs/msg/detail/heater_status__builder.hpp\n'}
[3.380554] (px4_msgs) StdoutLine: {'line': b'-- Up-to-date: /home/rschnurr/SkyClaw-Team1/ros2_ws/install/px4_msgs/include/px4_msgs/px4_msgs/msg/detail/collision_constraints__builder.hpp\n'}
[3.380648] (px4_msgs) StdoutLine: {'line': b'-- Up-to-date: /home/rschnurr/SkyClaw-Team1/ros2_ws/install/px4_msgs/include/px4_msgs/px4_msgs/msg/detail/sensor_correction__traits.hpp\n'}
[3.380732] (px4_msgs) StdoutLine: {'line': b'-- Up-to-date: /home/rschnurr/SkyClaw-Team1/ros2_ws/install/px4_msgs/include/px4_msgs/px4_msgs/msg/detail/landing_target_pose__struct.hpp\n'}
[3.380799] (px4_msgs) StdoutLine: {'line': b'-- Up-to-date: /home/rschnurr/SkyClaw-Team1/ros2_ws/install/px4_msgs/include/px4_msgs/px4_msgs/msg/detail/estimator_aid_source2d__type_support.hpp\n'}
[3.380864] (px4_msgs) StdoutLine: {'line': b'-- Up-to-date: /home/rschnurr/SkyClaw-Team1/ros2_ws/install/px4_msgs/include/px4_msgs/px4_msgs/msg/detail/config_overrides__traits.hpp\n'}
[3.380926] (px4_msgs) StdoutLine: {'line': b'-- Up-to-date: /home/rschnurr/SkyClaw-Team1/ros2_ws/install/px4_msgs/include/px4_msgs/px4_msgs/msg/detail/gimbal_controls__traits.hpp\n'}
[3.380991] (px4_msgs) StdoutLine: {'line': b'-- Up-to-date: /home/rschnurr/SkyClaw-Team1/ros2_ws/install/px4_msgs/include/px4_msgs/px4_msgs/msg/detail/vehicle_attitude_setpoint__traits.hpp\n'}
[3.381076] (px4_msgs) StdoutLine: {'line': b'-- Up-to-date: /home/rschnurr/SkyClaw-Team1/ros2_ws/install/px4_msgs/include/px4_msgs/px4_msgs/msg/detail/vehicle_thrust_setpoint__type_support.hpp\n'}
[3.381138] (px4_msgs) StdoutLine: {'line': b'-- Up-to-date: /home/rschnurr/SkyClaw-Team1/ros2_ws/install/px4_msgs/include/px4_msgs/px4_msgs/msg/detail/actuator_motors__traits.hpp\n'}
[3.381202] (px4_msgs) StdoutLine: {'line': b'-- Up-to-date: /home/rschnurr/SkyClaw-Team1/ros2_ws/install/px4_msgs/include/px4_msgs/px4_msgs/msg/detail/message_format_response__traits.hpp\n'}
[3.381267] (px4_msgs) StdoutLine: {'line': b'-- Up-to-date: /home/rschnurr/SkyClaw-Team1/ros2_ws/install/px4_msgs/include/px4_msgs/px4_msgs/msg/detail/register_ext_component_request__type_support.hpp\n'}
[3.381329] (px4_msgs) StdoutLine: {'line': b'-- Up-to-date: /home/rschnurr/SkyClaw-Team1/ros2_ws/install/px4_msgs/include/px4_msgs/px4_msgs/msg/detail/led_control__traits.hpp\n'}
[3.381389] (px4_msgs) StdoutLine: {'line': b'-- Up-to-date: /home/rschnurr/SkyClaw-Team1/ros2_ws/install/px4_msgs/include/px4_msgs/px4_msgs/msg/detail/distance_sensor_mode_change_request__builder.hpp\n'}
[3.381447] (px4_msgs) StdoutLine: {'line': b'-- Up-to-date: /home/rschnurr/SkyClaw-Team1/ros2_ws/install/px4_msgs/include/px4_msgs/px4_msgs/msg/detail/sensor_airflow__type_support.hpp\n'}
[3.381507] (px4_msgs) StdoutLine: {'line': b'-- Up-to-date: /home/rschnurr/SkyClaw-Team1/ros2_ws/install/px4_msgs/include/px4_msgs/px4_msgs/msg/detail/trajectory_setpoint__struct.hpp\n'}
[3.381567] (px4_msgs) StdoutLine: {'line': b'-- Up-to-date: /home/rschnurr/SkyClaw-Team1/ros2_ws/install/px4_msgs/include/px4_msgs/px4_msgs/msg/detail/estimator_gps_status__builder.hpp\n'}
[3.381626] (px4_msgs) StdoutLine: {'line': b'-- Up-to-date: /home/rschnurr/SkyClaw-Team1/ros2_ws/install/px4_msgs/include/px4_msgs/px4_msgs/msg/detail/uavcan_parameter_value__builder.hpp\n'}
[3.381686] (px4_msgs) StdoutLine: {'line': b'-- Up-to-date: /home/rschnurr/SkyClaw-Team1/ros2_ws/install/px4_msgs/include/px4_msgs/px4_msgs/msg/detail/vehicle_magnetometer__type_support.hpp\n'}
[3.381748] (px4_msgs) StdoutLine: {'line': b'-- Up-to-date: /home/rschnurr/SkyClaw-Team1/ros2_ws/install/px4_msgs/include/px4_msgs/px4_msgs/msg/detail/fixed_wing_runway_control__type_support.hpp\n'}
[3.381807] (px4_msgs) StdoutLine: {'line': b'-- Up-to-date: /home/rschnurr/SkyClaw-Team1/ros2_ws/install/px4_msgs/include/px4_msgs/px4_msgs/msg/detail/dronecan_node_status__builder.hpp\n'}
[3.381867] (px4_msgs) StdoutLine: {'line': b'-- Up-to-date: /home/rschnurr/SkyClaw-Team1/ros2_ws/install/px4_msgs/include/px4_msgs/px4_msgs/msg/detail/button_event__struct.hpp\n'}
[3.381928] (px4_msgs) StdoutLine: {'line': b'-- Up-to-date: /home/rschnurr/SkyClaw-Team1/ros2_ws/install/px4_msgs/include/px4_msgs/px4_msgs/msg/detail/sensor_optical_flow__traits.hpp\n'}
[3.381987] (px4_msgs) StdoutLine: {'line': b'-- Up-to-date: /home/rschnurr/SkyClaw-Team1/ros2_ws/install/px4_msgs/include/px4_msgs/px4_msgs/msg/detail/sensor_baro__builder.hpp\n'}
[3.382047] (px4_msgs) StdoutLine: {'line': b'-- Up-to-date: /home/rschnurr/SkyClaw-Team1/ros2_ws/install/px4_msgs/include/px4_msgs/px4_msgs/msg/detail/dataman_request__builder.hpp\n'}
[3.382118] (px4_msgs) StdoutLine: {'line': b'-- Up-to-date: /home/rschnurr/SkyClaw-Team1/ros2_ws/install/px4_msgs/include/px4_msgs/px4_msgs/msg/detail/estimator_event_flags__traits.hpp\n'}
[3.382178] (px4_msgs) StdoutLine: {'line': b'-- Up-to-date: /home/rschnurr/SkyClaw-Team1/ros2_ws/install/px4_msgs/include/px4_msgs/px4_msgs/msg/detail/pps_capture__type_support.hpp\n'}
[3.382329] (px4_msgs) StdoutLine: {'line': b'-- Up-to-date: /home/rschnurr/SkyClaw-Team1/ros2_ws/install/px4_msgs/include/px4_msgs/px4_msgs/msg/detail/adc_report__type_support.hpp\n'}
[3.382510] (px4_msgs) StdoutLine: {'line': b'-- Up-to-date: /home/rschnurr/SkyClaw-Team1/ros2_ws/install/px4_msgs/include/px4_msgs/px4_msgs/msg/detail/vehicle_angular_acceleration_setpoint__traits.hpp\n'}
[3.382602] (px4_msgs) StdoutLine: {'line': b'-- Up-to-date: /home/rschnurr/SkyClaw-Team1/ros2_ws/install/px4_msgs/include/px4_msgs/px4_msgs/msg/detail/estimator_innovations__struct.hpp\n'}
[3.382673] (px4_msgs) StdoutLine: {'line': b'-- Up-to-date: /home/rschnurr/SkyClaw-Team1/ros2_ws/install/px4_msgs/include/px4_msgs/px4_msgs/msg/detail/rtl_time_estimate__builder.hpp\n'}
[3.382738] (px4_msgs) StdoutLine: {'line': b'-- Up-to-date: /home/rschnurr/SkyClaw-Team1/ros2_ws/install/px4_msgs/include/px4_msgs/px4_msgs/msg/detail/sensor_combined__struct.hpp\n'}
[3.382800] (px4_msgs) StdoutLine: {'line': b'-- Up-to-date: /home/rschnurr/SkyClaw-Team1/ros2_ws/install/px4_msgs/include/px4_msgs/px4_msgs/msg/detail/camera_capture__type_support.hpp\n'}
[3.382876] (px4_msgs) StdoutLine: {'line': b'-- Up-to-date: /home/rschnurr/SkyClaw-Team1/ros2_ws/install/px4_msgs/include/px4_msgs/px4_msgs/msg/detail/neural_control__builder.hpp\n'}
[3.382936] (px4_msgs) StdoutLine: {'line': b'-- Up-to-date: /home/rschnurr/SkyClaw-Team1/ros2_ws/install/px4_msgs/include/px4_msgs/px4_msgs/msg/detail/pps_capture__struct.hpp\n'}
[3.383001] (px4_msgs) StdoutLine: {'line': b'-- Up-to-date: /home/rschnurr/SkyClaw-Team1/ros2_ws/install/px4_msgs/include/px4_msgs/px4_msgs/msg/detail/sensor_gyro__traits.hpp\n'}
[3.383061] (px4_msgs) StdoutLine: {'line': b'-- Up-to-date: /home/rschnurr/SkyClaw-Team1/ros2_ws/install/px4_msgs/include/px4_msgs/px4_msgs/msg/detail/estimator_aid_source2d__traits.hpp\n'}
[3.383130] (px4_msgs) StdoutLine: {'line': b'-- Up-to-date: /home/rschnurr/SkyClaw-Team1/ros2_ws/install/px4_msgs/include/px4_msgs/px4_msgs/msg/detail/estimator_status_flags__builder.hpp\n'}
[3.383189] (px4_msgs) StdoutLine: {'line': b'-- Up-to-date: /home/rschnurr/SkyClaw-Team1/ros2_ws/install/px4_msgs/include/px4_msgs/px4_msgs/msg/detail/uavcan_parameter_request__builder.hpp\n'}
[3.383250] (px4_msgs) StdoutLine: {'line': b'-- Up-to-date: /home/rschnurr/SkyClaw-Team1/ros2_ws/install/px4_msgs/include/px4_msgs/px4_msgs/msg/detail/rc_parameter_map__struct.hpp\n'}
[3.383311] (px4_msgs) StdoutLine: {'line': b'-- Up-to-date: /home/rschnurr/SkyClaw-Team1/ros2_ws/install/px4_msgs/include/px4_msgs/px4_msgs/msg/detail/geofence_result__traits.hpp\n'}
[3.383370] (px4_msgs) StdoutLine: {'line': b'-- Up-to-date: /home/rschnurr/SkyClaw-Team1/ros2_ws/install/px4_msgs/include/px4_msgs/px4_msgs/msg/detail/vehicle_angular_velocity__type_support.hpp\n'}
[3.383581] (px4_msgs) StdoutLine: {'line': b'-- Up-to-date: /home/rschnurr/SkyClaw-Team1/ros2_ws/install/px4_msgs/include/px4_msgs/px4_msgs/msg/detail/position_controller_status__builder.hpp\n'}
[3.383666] (px4_msgs) StdoutLine: {'line': b'-- Up-to-date: /home/rschnurr/SkyClaw-Team1/ros2_ws/install/px4_msgs/include/px4_msgs/px4_msgs/msg/detail/goto_setpoint__struct.hpp\n'}
[3.383737] (px4_msgs) StdoutLine: {'line': b'-- Up-to-date: /home/rschnurr/SkyClaw-Team1/ros2_ws/install/px4_msgs/include/px4_msgs/px4_msgs/msg/detail/obstacle_distance__struct.hpp\n'}
[3.383801] (px4_msgs) StdoutLine: {'line': b'-- Up-to-date: /home/rschnurr/SkyClaw-Team1/ros2_ws/install/px4_msgs/include/px4_msgs/px4_msgs/msg/detail/differential_pressure__builder.hpp\n'}
[3.383863] (px4_msgs) StdoutLine: {'line': b'-- Up-to-date: /home/rschnurr/SkyClaw-Team1/ros2_ws/install/px4_msgs/include/px4_msgs/px4_msgs/msg/detail/mode_completed__traits.hpp\n'}
[3.383923] (px4_msgs) StdoutLine: {'line': b'-- Up-to-date: /home/rschnurr/SkyClaw-Team1/ros2_ws/install/px4_msgs/include/px4_msgs/px4_msgs/msg/detail/follow_target_status__traits.hpp\n'}
[3.383984] (px4_msgs) StdoutLine: {'line': b'-- Up-to-date: /home/rschnurr/SkyClaw-Team1/ros2_ws/install/px4_msgs/include/px4_msgs/px4_msgs/msg/detail/wind__type_support.hpp\n'}
[3.384044] (px4_msgs) StdoutLine: {'line': b'-- Up-to-date: /home/rschnurr/SkyClaw-Team1/ros2_ws/install/px4_msgs/include/px4_msgs/px4_msgs/msg/detail/message_format_request__type_support.hpp\n'}
[3.384105] (px4_msgs) StdoutLine: {'line': b'-- Up-to-date: /home/rschnurr/SkyClaw-Team1/ros2_ws/install/px4_msgs/include/px4_msgs/px4_msgs/msg/detail/vehicle_odometry__traits.hpp\n'}
[3.384173] (px4_msgs) StdoutLine: {'line': b'-- Up-to-date: /home/rschnurr/SkyClaw-Team1/ros2_ws/install/px4_msgs/include/px4_msgs/px4_msgs/msg/detail/sensor_uwb__type_support.hpp\n'}
[3.384232] (px4_msgs) StdoutLine: {'line': b'-- Up-to-date: /home/rschnurr/SkyClaw-Team1/ros2_ws/install/px4_msgs/include/px4_msgs/px4_msgs/msg/detail/led_control__builder.hpp\n'}
[3.384306] (px4_msgs) StdoutLine: {'line': b'-- Up-to-date: /home/rschnurr/SkyClaw-Team1/ros2_ws/install/px4_msgs/include/px4_msgs/px4_msgs/msg/detail/launch_detection_status__builder.hpp\n'}
[3.384499] (px4_msgs) StdoutLine: {'line': b'-- Up-to-date: /home/rschnurr/SkyClaw-Team1/ros2_ws/install/px4_msgs/include/px4_msgs/px4_msgs/msg/detail/sensor_preflight_mag__type_support.hpp\n'}
[3.384615] (px4_msgs) StdoutLine: {'line': b'-- Up-to-date: /home/rschnurr/SkyClaw-Team1/ros2_ws/install/px4_msgs/include/px4_msgs/px4_msgs/msg/detail/orbit_status__traits.hpp\n'}
[3.384685] (px4_msgs) StdoutLine: {'line': b'-- Up-to-date: /home/rschnurr/SkyClaw-Team1/ros2_ws/install/px4_msgs/include/px4_msgs/px4_msgs/msg/detail/position_controller_landing_status__struct.hpp\n'}
[3.384748] (px4_msgs) StdoutLine: {'line': b'-- Up-to-date: /home/rschnurr/SkyClaw-Team1/ros2_ws/install/px4_msgs/include/px4_msgs/px4_msgs/msg/detail/mavlink_log__builder.hpp\n'}
[3.384808] (px4_msgs) StdoutLine: {'line': b'-- Up-to-date: /home/rschnurr/SkyClaw-Team1/ros2_ws/install/px4_msgs/include/px4_msgs/px4_msgs/msg/detail/debug_vect__struct.hpp\n'}
[3.384870] (px4_msgs) StdoutLine: {'line': b'-- Up-to-date: /home/rschnurr/SkyClaw-Team1/ros2_ws/install/px4_msgs/include/px4_msgs/px4_msgs/msg/detail/sensors_status_imu__struct.hpp\n'}
[3.384930] (px4_msgs) StdoutLine: {'line': b'-- Up-to-date: /home/rschnurr/SkyClaw-Team1/ros2_ws/install/px4_msgs/include/px4_msgs/px4_msgs/msg/detail/vtol_vehicle_status__type_support.hpp\n'}
[3.384989] (px4_msgs) StdoutLine: {'line': b'-- Up-to-date: /home/rschnurr/SkyClaw-Team1/ros2_ws/install/px4_msgs/include/px4_msgs/px4_msgs/msg/detail/arming_check_reply__type_support.hpp\n'}
[3.385049] (px4_msgs) StdoutLine: {'line': b'-- Up-to-date: /home/rschnurr/SkyClaw-Team1/ros2_ws/install/px4_msgs/include/px4_msgs/px4_msgs/msg/detail/position_controller_landing_status__builder.hpp\n'}
[3.385108] (px4_msgs) StdoutLine: {'line': b'-- Up-to-date: /home/rschnurr/SkyClaw-Team1/ros2_ws/install/px4_msgs/include/px4_msgs/px4_msgs/msg/detail/vehicle_imu__builder.hpp\n'}
[3.385166] (px4_msgs) StdoutLine: {'line': b'-- Up-to-date: /home/rschnurr/SkyClaw-Team1/ros2_ws/install/px4_msgs/include/px4_msgs/px4_msgs/msg/detail/tune_control__builder.hpp\n'}
[3.385225] (px4_msgs) StdoutLine: {'line': b'-- Up-to-date: /home/rschnurr/SkyClaw-Team1/ros2_ws/install/px4_msgs/include/px4_msgs/px4_msgs/msg/detail/vehicle_status__type_support.hpp\n'}
[3.385284] (px4_msgs) StdoutLine: {'line': b'-- Up-to-date: /home/rschnurr/SkyClaw-Team1/ros2_ws/install/px4_msgs/include/px4_msgs/px4_msgs/msg/detail/sensor_uwb__struct.hpp\n'}
[3.385357] (px4_msgs) StdoutLine: {'line': b'-- Up-to-date: /home/rschnurr/SkyClaw-Team1/ros2_ws/install/px4_msgs/include/px4_msgs/px4_msgs/msg/detail/fixed_wing_lateral_setpoint__builder.hpp\n'}
[3.385416] (px4_msgs) StdoutLine: {'line': b'-- Up-to-date: /home/rschnurr/SkyClaw-Team1/ros2_ws/install/px4_msgs/include/px4_msgs/px4_msgs/msg/detail/internal_combustion_engine_status__builder.hpp\n'}
[3.385475] (px4_msgs) StdoutLine: {'line': b'-- Up-to-date: /home/rschnurr/SkyClaw-Team1/ros2_ws/install/px4_msgs/include/px4_msgs/px4_msgs/msg/detail/estimator_status__traits.hpp\n'}
[3.385534] (px4_msgs) StdoutLine: {'line': b'-- Up-to-date: /home/rschnurr/SkyClaw-Team1/ros2_ws/install/px4_msgs/include/px4_msgs/px4_msgs/msg/detail/vehicle_constraints__type_support.hpp\n'}
[3.385593] (px4_msgs) StdoutLine: {'line': b'-- Up-to-date: /home/rschnurr/SkyClaw-Team1/ros2_ws/install/px4_msgs/include/px4_msgs/px4_msgs/msg/detail/hover_thrust_estimate__builder.hpp\n'}
[3.385653] (px4_msgs) StdoutLine: {'line': b'-- Up-to-date: /home/rschnurr/SkyClaw-Team1/ros2_ws/install/px4_msgs/include/px4_msgs/px4_msgs/msg/detail/ulog_stream_ack__traits.hpp\n'}
[3.385713] (px4_msgs) StdoutLine: {'line': b'-- Up-to-date: /home/rschnurr/SkyClaw-Team1/ros2_ws/install/px4_msgs/include/px4_msgs/px4_msgs/msg/detail/rtl_status__traits.hpp\n'}
[3.385771] (px4_msgs) StdoutLine: {'line': b'-- Up-to-date: /home/rschnurr/SkyClaw-Team1/ros2_ws/install/px4_msgs/include/px4_msgs/px4_msgs/msg/detail/distance_sensor_mode_change_request__struct.hpp\n'}
[3.385830] (px4_msgs) StdoutLine: {'line': b'-- Up-to-date: /home/rschnurr/SkyClaw-Team1/ros2_ws/install/px4_msgs/include/px4_msgs/px4_msgs/msg/detail/rover_attitude_setpoint__traits.hpp\n'}
[3.385893] (px4_msgs) StdoutLine: {'line': b'-- Up-to-date: /home/rschnurr/SkyClaw-Team1/ros2_ws/install/px4_msgs/include/px4_msgs/px4_msgs/msg/detail/landing_target_innovations__type_support.hpp\n'}
[3.385950] (px4_msgs) StdoutLine: {'line': b'-- Up-to-date: /home/rschnurr/SkyClaw-Team1/ros2_ws/install/px4_msgs/include/px4_msgs/px4_msgs/msg/detail/flight_phase_estimation__struct.hpp\n'}
[3.386009] (px4_msgs) StdoutLine: {'line': b'-- Up-to-date: /home/rschnurr/SkyClaw-Team1/ros2_ws/install/px4_msgs/include/px4_msgs/px4_msgs/msg/detail/debug_vect__builder.hpp\n'}
[3.386066] (px4_msgs) StdoutLine: {'line': b'-- Up-to-date: /home/rschnurr/SkyClaw-Team1/ros2_ws/install/px4_msgs/include/px4_msgs/px4_msgs/msg/detail/log_message__struct.hpp\n'}
[3.386124] (px4_msgs) StdoutLine: {'line': b'-- Up-to-date: /home/rschnurr/SkyClaw-Team1/ros2_ws/install/px4_msgs/include/px4_msgs/px4_msgs/msg/detail/register_ext_component_reply__traits.hpp\n'}
[3.386570] (px4_msgs) StdoutLine: {'line': b'-- Up-to-date: /home/rschnurr/SkyClaw-Team1/ros2_ws/install/px4_msgs/include/px4_msgs/px4_msgs/msg/detail/wind__traits.hpp\n'}
[3.386866] (px4_msgs) StdoutLine: {'line': b'-- Up-to-date: /home/rschnurr/SkyClaw-Team1/ros2_ws/install/px4_msgs/include/px4_msgs/px4_msgs/msg/detail/actuator_armed__type_support.hpp\n'}
[3.388590] (px4_msgs) StdoutLine: {'line': b'-- Up-to-date: /home/rschnurr/SkyClaw-Team1/ros2_ws/install/px4_msgs/include/px4_msgs/px4_msgs/msg/detail/fuel_tank_status__builder.hpp\n'}
[3.388807] (px4_msgs) StdoutLine: {'line': b'-- Up-to-date: /home/rschnurr/SkyClaw-Team1/ros2_ws/install/px4_msgs/include/px4_msgs/px4_msgs/msg/detail/vehicle_command_ack__traits.hpp\n'}
[3.388915] (px4_msgs) StdoutLine: {'line': b'-- Up-to-date: /home/rschnurr/SkyClaw-Team1/ros2_ws/install/px4_msgs/include/px4_msgs/px4_msgs/msg/detail/orbit_status__builder.hpp\n'}
[3.388979] (px4_msgs) StdoutLine: {'line': b'-- Up-to-date: /home/rschnurr/SkyClaw-Team1/ros2_ws/install/px4_msgs/include/px4_msgs/px4_msgs/msg/detail/iridiumsbd_status__struct.hpp\n'}
[3.389048] (px4_msgs) StdoutLine: {'line': b'-- Up-to-date: /home/rschnurr/SkyClaw-Team1/ros2_ws/install/px4_msgs/include/px4_msgs/px4_msgs/msg/detail/vehicle_command__traits.hpp\n'}
[3.389403] (px4_msgs) StdoutLine: {'line': b'-- Up-to-date: /home/rschnurr/SkyClaw-Team1/ros2_ws/install/px4_msgs/include/px4_msgs/px4_msgs/msg/detail/landing_target_pose__traits.hpp\n'}
[3.389867] (px4_msgs) StdoutLine: {'line': b'-- Up-to-date: /home/rschnurr/SkyClaw-Team1/ros2_ws/install/px4_msgs/include/px4_msgs/px4_msgs/msg/detail/failsafe_flags__traits.hpp\n'}
[3.389976] (px4_msgs) StdoutLine: {'line': b'-- Up-to-date: /home/rschnurr/SkyClaw-Team1/ros2_ws/install/px4_msgs/include/px4_msgs/px4_msgs/msg/detail/vehicle_rates_setpoint__struct.hpp\n'}
[3.390178] (px4_msgs) StdoutLine: {'line': b'-- Up-to-date: /home/rschnurr/SkyClaw-Team1/ros2_ws/install/px4_msgs/include/px4_msgs/px4_msgs/msg/detail/ping__struct.hpp\n'}
[3.390331] (px4_msgs) StdoutLine: {'line': b'-- Up-to-date: /home/rschnurr/SkyClaw-Team1/ros2_ws/install/px4_msgs/include/px4_msgs/px4_msgs/msg/detail/magnetometer_bias_estimate__type_support.hpp\n'}
[3.390412] (px4_msgs) StdoutLine: {'line': b'-- Up-to-date: /home/rschnurr/SkyClaw-Team1/ros2_ws/install/px4_msgs/include/px4_msgs/px4_msgs/msg/detail/vehicle_attitude__type_support.hpp\n'}
[3.390478] (px4_msgs) StdoutLine: {'line': b'-- Up-to-date: /home/rschnurr/SkyClaw-Team1/ros2_ws/install/px4_msgs/include/px4_msgs/px4_msgs/msg/detail/fuel_tank_status__traits.hpp\n'}
[3.390539] (px4_msgs) StdoutLine: {'line': b'-- Up-to-date: /home/rschnurr/SkyClaw-Team1/ros2_ws/install/px4_msgs/include/px4_msgs/px4_msgs/msg/detail/navigator_status__builder.hpp\n'}
[3.390598] (px4_msgs) StdoutLine: {'line': b'-- Up-to-date: /home/rschnurr/SkyClaw-Team1/ros2_ws/install/px4_msgs/include/px4_msgs/px4_msgs/msg/detail/control_allocator_status__struct.hpp\n'}
[3.390684] (px4_msgs) StdoutLine: {'line': b'-- Up-to-date: /home/rschnurr/SkyClaw-Team1/ros2_ws/install/px4_msgs/include/px4_msgs/px4_msgs/msg/detail/gimbal_manager_set_attitude__type_support.hpp\n'}
[3.390747] (px4_msgs) StdoutLine: {'line': b'-- Up-to-date: /home/rschnurr/SkyClaw-Team1/ros2_ws/install/px4_msgs/include/px4_msgs/px4_msgs/msg/detail/landing_target_pose__builder.hpp\n'}
[3.390810] (px4_msgs) StdoutLine: {'line': b'-- Up-to-date: /home/rschnurr/SkyClaw-Team1/ros2_ws/install/px4_msgs/include/px4_msgs/px4_msgs/msg/detail/event__traits.hpp\n'}
[3.390869] (px4_msgs) StdoutLine: {'line': b'-- Up-to-date: /home/rschnurr/SkyClaw-Team1/ros2_ws/install/px4_msgs/include/px4_msgs/px4_msgs/msg/detail/battery_status__type_support.hpp\n'}
[3.390926] (px4_msgs) StdoutLine: {'line': b'-- Up-to-date: /home/rschnurr/SkyClaw-Team1/ros2_ws/install/px4_msgs/include/px4_msgs/px4_msgs/msg/detail/launch_detection_status__traits.hpp\n'}
[3.391091] (px4_msgs) StdoutLine: {'line': b'-- Up-to-date: /home/rschnurr/SkyClaw-Team1/ros2_ws/install/px4_msgs/include/px4_msgs/px4_msgs/msg/detail/actuator_outputs__type_support.hpp\n'}
[3.391181] (px4_msgs) StdoutLine: {'line': b'-- Up-to-date: /home/rschnurr/SkyClaw-Team1/ros2_ws/install/px4_msgs/include/px4_msgs/px4_msgs/msg/detail/vehicle_command__type_support.hpp\n'}
[3.391250] (px4_msgs) StdoutLine: {'line': b'-- Up-to-date: /home/rschnurr/SkyClaw-Team1/ros2_ws/install/px4_msgs/include/px4_msgs/px4_msgs/msg/detail/esc_status__builder.hpp\n'}
[3.391311] (px4_msgs) StdoutLine: {'line': b'-- Up-to-date: /home/rschnurr/SkyClaw-Team1/ros2_ws/install/px4_msgs/include/px4_msgs/px4_msgs/msg/detail/uavcan_parameter_value__struct.hpp\n'}
[3.391370] (px4_msgs) StdoutLine: {'line': b'-- Up-to-date: /home/rschnurr/SkyClaw-Team1/ros2_ws/install/px4_msgs/include/px4_msgs/px4_msgs/msg/detail/sensor_gnss_relative__struct.hpp\n'}
[3.391670] (px4_msgs) StdoutLine: {'line': b'-- Up-to-date: /home/rschnurr/SkyClaw-Team1/ros2_ws/install/px4_msgs/include/px4_msgs/px4_msgs/msg/detail/action_request__type_support.hpp\n'}
[3.391808] (px4_msgs) StdoutLine: {'line': b'-- Up-to-date: /home/rschnurr/SkyClaw-Team1/ros2_ws/install/px4_msgs/include/px4_msgs/px4_msgs/msg/detail/sensor_gps__traits.hpp\n'}
[3.391898] (px4_msgs) StdoutLine: {'line': b'-- Up-to-date: /home/rschnurr/SkyClaw-Team1/ros2_ws/install/px4_msgs/include/px4_msgs/px4_msgs/msg/detail/rover_rate_setpoint__builder.hpp\n'}
[3.391961] (px4_msgs) StdoutLine: {'line': b'-- Up-to-date: /home/rschnurr/SkyClaw-Team1/ros2_ws/install/px4_msgs/include/px4_msgs/px4_msgs/msg/detail/mission_result__traits.hpp\n'}
[3.392021] (px4_msgs) StdoutLine: {'line': b'-- Up-to-date: /home/rschnurr/SkyClaw-Team1/ros2_ws/install/px4_msgs/include/px4_msgs/px4_msgs/msg/detail/log_message__type_support.hpp\n'}
[3.392080] (px4_msgs) StdoutLine: {'line': b'-- Up-to-date: /home/rschnurr/SkyClaw-Team1/ros2_ws/install/px4_msgs/include/px4_msgs/px4_msgs/msg/detail/vehicle_command_ack__type_support.hpp\n'}
[3.392139] (px4_msgs) StdoutLine: {'line': b'-- Up-to-date: /home/rschnurr/SkyClaw-Team1/ros2_ws/install/px4_msgs/include/px4_msgs/px4_msgs/msg/detail/vehicle_local_position_setpoint__traits.hpp\n'}
[3.392199] (px4_msgs) StdoutLine: {'line': b'-- Up-to-date: /home/rschnurr/SkyClaw-Team1/ros2_ws/install/px4_msgs/include/px4_msgs/px4_msgs/msg/detail/adc_report__builder.hpp\n'}
[3.392264] (px4_msgs) StdoutLine: {'line': b'-- Up-to-date: /home/rschnurr/SkyClaw-Team1/ros2_ws/install/px4_msgs/include/px4_msgs/px4_msgs/msg/detail/open_drone_id_system__traits.hpp\n'}
[3.392343] (px4_msgs) StdoutLine: {'line': b'-- Up-to-date: /home/rschnurr/SkyClaw-Team1/ros2_ws/install/px4_msgs/include/px4_msgs/px4_msgs/msg/detail/fixed_wing_lateral_setpoint__type_support.hpp\n'}
[3.392444] (px4_msgs) StdoutLine: {'line': b'-- Up-to-date: /home/rschnurr/SkyClaw-Team1/ros2_ws/install/px4_msgs/include/px4_msgs/px4_msgs/msg/detail/arming_check_request__traits.hpp\n'}
[3.392510] (px4_msgs) StdoutLine: {'line': b'-- Up-to-date: /home/rschnurr/SkyClaw-Team1/ros2_ws/install/px4_msgs/include/px4_msgs/px4_msgs/msg/detail/vehicle_imu__struct.hpp\n'}
[3.392572] (px4_msgs) StdoutLine: {'line': b'-- Up-to-date: /home/rschnurr/SkyClaw-Team1/ros2_ws/install/px4_msgs/include/px4_msgs/px4_msgs/msg/detail/rc_parameter_map__builder.hpp\n'}
[3.392745] (px4_msgs) StdoutLine: {'line': b'-- Up-to-date: /home/rschnurr/SkyClaw-Team1/ros2_ws/install/px4_msgs/include/px4_msgs/px4_msgs/msg/detail/register_ext_component_request__traits.hpp\n'}
[3.392833] (px4_msgs) StdoutLine: {'line': b'-- Up-to-date: /home/rschnurr/SkyClaw-Team1/ros2_ws/install/px4_msgs/include/px4_msgs/px4_msgs/msg/detail/sensor_gyro__builder.hpp\n'}
[3.392902] (px4_msgs) StdoutLine: {'line': b'-- Up-to-date: /home/rschnurr/SkyClaw-Team1/ros2_ws/install/px4_msgs/include/px4_msgs/px4_msgs/msg/detail/internal_combustion_engine_status__type_support.hpp\n'}
[3.393064] (px4_msgs) StdoutLine: {'line': b'-- Up-to-date: /home/rschnurr/SkyClaw-Team1/ros2_ws/install/px4_msgs/include/px4_msgs/px4_msgs/msg/detail/arming_check_request__type_support.hpp\n'}
[3.393159] (px4_msgs) StdoutLine: {'line': b'-- Up-to-date: /home/rschnurr/SkyClaw-Team1/ros2_ws/install/px4_msgs/include/px4_msgs/px4_msgs/msg/detail/orb_test_large__type_support.hpp\n'}
[3.393228] (px4_msgs) StdoutLine: {'line': b'-- Up-to-date: /home/rschnurr/SkyClaw-Team1/ros2_ws/install/px4_msgs/include/px4_msgs/px4_msgs/msg/detail/landing_target_innovations__builder.hpp\n'}
[3.393314] (px4_msgs) StdoutLine: {'line': b'-- Up-to-date: /home/rschnurr/SkyClaw-Team1/ros2_ws/install/px4_msgs/include/px4_msgs/px4_msgs/msg/detail/fuel_tank_status__struct.hpp\n'}
[3.393376] (px4_msgs) StdoutLine: {'line': b'-- Up-to-date: /home/rschnurr/SkyClaw-Team1/ros2_ws/install/px4_msgs/include/px4_msgs/px4_msgs/msg/detail/estimator_aid_source2d__struct.hpp\n'}
[3.393441] (px4_msgs) StdoutLine: {'line': b'-- Up-to-date: /home/rschnurr/SkyClaw-Team1/ros2_ws/install/px4_msgs/include/px4_msgs/px4_msgs/msg/detail/estimator_status__builder.hpp\n'}
[3.393502] (px4_msgs) StdoutLine: {'line': b'-- Up-to-date: /home/rschnurr/SkyClaw-Team1/ros2_ws/install/px4_msgs/include/px4_msgs/px4_msgs/msg/detail/sensor_optical_flow__builder.hpp\n'}
[3.393562] (px4_msgs) StdoutLine: {'line': b'-- Up-to-date: /home/rschnurr/SkyClaw-Team1/ros2_ws/install/px4_msgs/include/px4_msgs/px4_msgs/msg/detail/estimator_bias3d__builder.hpp\n'}
[3.393627] (px4_msgs) StdoutLine: {'line': b'-- Up-to-date: /home/rschnurr/SkyClaw-Team1/ros2_ws/install/px4_msgs/include/px4_msgs/px4_msgs/msg/detail/vehicle_odometry__type_support.hpp\n'}
[3.393686] (px4_msgs) StdoutLine: {'line': b'-- Up-to-date: /home/rschnurr/SkyClaw-Team1/ros2_ws/install/px4_msgs/include/px4_msgs/px4_msgs/msg/detail/esc_report__traits.hpp\n'}
[3.393745] (px4_msgs) StdoutLine: {'line': b'-- Up-to-date: /home/rschnurr/SkyClaw-Team1/ros2_ws/install/px4_msgs/include/px4_msgs/px4_msgs/msg/detail/rover_rate_status__builder.hpp\n'}
[3.393804] (px4_msgs) StdoutLine: {'line': b'-- Up-to-date: /home/rschnurr/SkyClaw-Team1/ros2_ws/install/px4_msgs/include/px4_msgs/px4_msgs/msg/detail/parameter_set_value_request__type_support.hpp\n'}
[3.393864] (px4_msgs) StdoutLine: {'line': b'-- Up-to-date: /home/rschnurr/SkyClaw-Team1/ros2_ws/install/px4_msgs/include/px4_msgs/px4_msgs/msg/detail/vehicle_constraints__struct.hpp\n'}
[3.393927] (px4_msgs) StdoutLine: {'line': b'-- Up-to-date: /home/rschnurr/SkyClaw-Team1/ros2_ws/install/px4_msgs/include/px4_msgs/px4_msgs/msg/detail/vehicle_thrust_setpoint__builder.hpp\n'}
[3.393985] (px4_msgs) StdoutLine: {'line': b'-- Up-to-date: /home/rschnurr/SkyClaw-Team1/ros2_ws/install/px4_msgs/include/px4_msgs/px4_msgs/msg/detail/rover_throttle_setpoint__traits.hpp\n'}
[3.394041] (px4_msgs) StdoutLine: {'line': b'-- Up-to-date: /home/rschnurr/SkyClaw-Team1/ros2_ws/install/px4_msgs/include/px4_msgs/px4_msgs/msg/detail/rtl_time_estimate__struct.hpp\n'}
[3.394097] (px4_msgs) StdoutLine: {'line': b'-- Up-to-date: /home/rschnurr/SkyClaw-Team1/ros2_ws/install/px4_msgs/include/px4_msgs/px4_msgs/msg/detail/offboard_control_mode__traits.hpp\n'}
[3.394153] (px4_msgs) StdoutLine: {'line': b'-- Up-to-date: /home/rschnurr/SkyClaw-Team1/ros2_ws/install/px4_msgs/include/px4_msgs/px4_msgs/msg/detail/collision_constraints__type_support.hpp\n'}
[3.394211] (px4_msgs) StdoutLine: {'line': b'-- Up-to-date: /home/rschnurr/SkyClaw-Team1/ros2_ws/install/px4_msgs/include/px4_msgs/px4_msgs/msg/detail/position_controller_landing_status__type_support.hpp\n'}
[3.394385] (px4_msgs) StdoutLine: {'line': b'-- Up-to-date: /home/rschnurr/SkyClaw-Team1/ros2_ws/install/px4_msgs/include/px4_msgs/px4_msgs/msg/detail/estimator_sensor_bias__traits.hpp\n'}
[3.394766] (px4_msgs) StdoutLine: {'line': b'-- Up-to-date: /home/rschnurr/SkyClaw-Team1/ros2_ws/install/px4_msgs/include/px4_msgs/px4_msgs/msg/detail/vtol_vehicle_status__struct.hpp\n'}
[3.394880] (px4_msgs) StdoutLine: {'line': b'-- Up-to-date: /home/rschnurr/SkyClaw-Team1/ros2_ws/install/px4_msgs/include/px4_msgs/px4_msgs/msg/detail/sensor_gps__struct.hpp\n'}
[3.394957] (px4_msgs) StdoutLine: {'line': b'-- Up-to-date: /home/rschnurr/SkyClaw-Team1/ros2_ws/install/px4_msgs/include/px4_msgs/px4_msgs/msg/detail/sensor_selection__builder.hpp\n'}
[3.395213] (px4_msgs) StdoutLine: {'line': b'-- Up-to-date: /home/rschnurr/SkyClaw-Team1/ros2_ws/install/px4_msgs/include/px4_msgs/px4_msgs/msg/detail/fixed_wing_lateral_guidance_status__struct.hpp\n'}
[3.395569] (px4_msgs) StdoutLine: {'line': b'-- Up-to-date: /home/rschnurr/SkyClaw-Team1/ros2_ws/install/px4_msgs/include/px4_msgs/px4_msgs/msg/detail/vehicle_control_mode__traits.hpp\n'}
[3.395690] (px4_msgs) StdoutLine: {'line': b'-- Up-to-date: /home/rschnurr/SkyClaw-Team1/ros2_ws/install/px4_msgs/include/px4_msgs/px4_msgs/msg/detail/battery_info__traits.hpp\n'}
[3.395863] (px4_msgs) StdoutLine: {'line': b'-- Up-to-date: /home/rschnurr/SkyClaw-Team1/ros2_ws/install/px4_msgs/include/px4_msgs/px4_msgs/msg/detail/actuator_test__traits.hpp\n'}
[3.396046] (px4_msgs) StdoutLine: {'line': b'-- Up-to-date: /home/rschnurr/SkyClaw-Team1/ros2_ws/install/px4_msgs/include/px4_msgs/px4_msgs/msg/detail/position_controller_landing_status__traits.hpp\n'}
[3.396242] (px4_msgs) StdoutLine: {'line': b'-- Up-to-date: /home/rschnurr/SkyClaw-Team1/ros2_ws/install/px4_msgs/include/px4_msgs/px4_msgs/msg/detail/vehicle_attitude__traits.hpp\n'}
[3.396643] (px4_msgs) StdoutLine: {'line': b'-- Up-to-date: /home/rschnurr/SkyClaw-Team1/ros2_ws/install/px4_msgs/include/px4_msgs/px4_msgs/msg/detail/sensor_gyro_fifo__type_support.hpp\n'}
[3.397139] (px4_msgs) StdoutLine: {'line': b'-- Up-to-date: /home/rschnurr/SkyClaw-Team1/ros2_ws/install/px4_msgs/include/px4_msgs/px4_msgs/msg/detail/rc_channels__struct.hpp\n'}
[3.397515] (px4_msgs) StdoutLine: {'line': b'-- Up-to-date: /home/rschnurr/SkyClaw-Team1/ros2_ws/install/px4_msgs/include/px4_msgs/px4_msgs/msg/detail/px4io_status__struct.hpp\n'}
[3.397614] (px4_msgs) StdoutLine: {'line': b'-- Up-to-date: /home/rschnurr/SkyClaw-Team1/ros2_ws/install/px4_msgs/include/px4_msgs/px4_msgs/msg/detail/rover_attitude_status__struct.hpp\n'}
[3.397963] (px4_msgs) StdoutLine: {'line': b'-- Up-to-date: /home/rschnurr/SkyClaw-Team1/ros2_ws/install/px4_msgs/include/px4_msgs/px4_msgs/msg/detail/tecs_status__builder.hpp\n'}
[3.398194] (px4_msgs) StdoutLine: {'line': b'-- Up-to-date: /home/rschnurr/SkyClaw-Team1/ros2_ws/install/px4_msgs/include/px4_msgs/px4_msgs/msg/detail/gimbal_device_set_attitude__traits.hpp\n'}
[3.398376] (px4_msgs) StdoutLine: {'line': b'-- Up-to-date: /home/rschnurr/SkyClaw-Team1/ros2_ws/install/px4_msgs/include/px4_msgs/px4_msgs/msg/detail/parameter_reset_request__type_support.hpp\n'}
[3.398569] (px4_msgs) StdoutLine: {'line': b'-- Up-to-date: /home/rschnurr/SkyClaw-Team1/ros2_ws/install/px4_msgs/include/px4_msgs/px4_msgs/msg/detail/tiltrotor_extra_controls__builder.hpp\n'}
[3.398734] (px4_msgs) StdoutLine: {'line': b'-- Up-to-date: /home/rschnurr/SkyClaw-Team1/ros2_ws/install/px4_msgs/include/px4_msgs/px4_msgs/msg/detail/actuator_servos__type_support.hpp\n'}
[3.398895] (px4_msgs) StdoutLine: {'line': b'-- Up-to-date: /home/rschnurr/SkyClaw-Team1/ros2_ws/install/px4_msgs/include/px4_msgs/px4_msgs/msg/detail/gps_dump__builder.hpp\n'}
[3.398981] (px4_msgs) StdoutLine: {'line': b'-- Up-to-date: /home/rschnurr/SkyClaw-Team1/ros2_ws/install/px4_msgs/include/px4_msgs/px4_msgs/msg/detail/uavcan_parameter_value__type_support.hpp\n'}
[3.399055] (px4_msgs) StdoutLine: {'line': b'-- Up-to-date: /home/rschnurr/SkyClaw-Team1/ros2_ws/install/px4_msgs/include/px4_msgs/px4_msgs/msg/detail/event__type_support.hpp\n'}
[3.399218] (px4_msgs) StdoutLine: {'line': b'-- Up-to-date: /home/rschnurr/SkyClaw-Team1/ros2_ws/install/px4_msgs/include/px4_msgs/px4_msgs/msg/detail/can_interface_status__struct.hpp\n'}
[3.399393] (px4_msgs) StdoutLine: {'line': b'-- Up-to-date: /home/rschnurr/SkyClaw-Team1/ros2_ws/install/px4_msgs/include/px4_msgs/px4_msgs/msg/detail/debug_key_value__builder.hpp\n'}
[3.399542] (px4_msgs) StdoutLine: {'line': b'-- Up-to-date: /home/rschnurr/SkyClaw-Team1/ros2_ws/install/px4_msgs/include/px4_msgs/px4_msgs/msg/detail/mount_orientation__builder.hpp\n'}
[3.399796] (px4_msgs) StdoutLine: {'line': b'-- Up-to-date: /home/rschnurr/SkyClaw-Team1/ros2_ws/install/px4_msgs/include/px4_msgs/px4_msgs/msg/detail/position_controller_status__traits.hpp\n'}
[3.400059] (px4_msgs) StdoutLine: {'line': b'-- Up-to-date: /home/rschnurr/SkyClaw-Team1/ros2_ws/install/px4_msgs/include/px4_msgs/px4_msgs/msg/manual_control_switches.hpp\n'}
[3.400172] (px4_msgs) StdoutLine: {'line': b'-- Up-to-date: /home/rschnurr/SkyClaw-Team1/ros2_ws/install/px4_msgs/include/px4_msgs/px4_msgs/msg/sensor_preflight_mag.hpp\n'}
[3.400247] (px4_msgs) StdoutLine: {'line': b'-- Up-to-date: /home/rschnurr/SkyClaw-Team1/ros2_ws/install/px4_msgs/include/px4_msgs/px4_msgs/msg/fuel_tank_status.hpp\n'}
[3.400386] (px4_msgs) StdoutLine: {'line': b'-- Up-to-date: /home/rschnurr/SkyClaw-Team1/ros2_ws/install/px4_msgs/include/px4_msgs/px4_msgs/msg/dataman_request.hpp\n'}
[3.400614] (px4_msgs) StdoutLine: {'line': b'-- Up-to-date: /home/rschnurr/SkyClaw-Team1/ros2_ws/install/px4_msgs/include/px4_msgs/px4_msgs/msg/vehicle_land_detected.hpp\n'}
[3.400712] (px4_msgs) StdoutLine: {'line': b'-- Up-to-date: /home/rschnurr/SkyClaw-Team1/ros2_ws/install/px4_msgs/include/px4_msgs/px4_msgs/msg/gimbal_manager_set_attitude.hpp\n'}
[3.400784] (px4_msgs) StdoutLine: {'line': b'-- Up-to-date: /home/rschnurr/SkyClaw-Team1/ros2_ws/install/px4_msgs/include/px4_msgs/px4_msgs/msg/pps_capture.hpp\n'}
[3.400849] (px4_msgs) StdoutLine: {'line': b'-- Up-to-date: /home/rschnurr/SkyClaw-Team1/ros2_ws/install/px4_msgs/include/px4_msgs/px4_msgs/msg/normalized_unsigned_setpoint.hpp\n'}
[3.400913] (px4_msgs) StdoutLine: {'line': b'-- Up-to-date: /home/rschnurr/SkyClaw-Team1/ros2_ws/install/px4_msgs/include/px4_msgs/px4_msgs/msg/rover_attitude_setpoint.hpp\n'}
[3.400982] (px4_msgs) StdoutLine: {'line': b'-- Up-to-date: /home/rschnurr/SkyClaw-Team1/ros2_ws/install/px4_msgs/include/px4_msgs/px4_msgs/msg/health_report.hpp\n'}
[3.401047] (px4_msgs) StdoutLine: {'line': b'-- Up-to-date: /home/rschnurr/SkyClaw-Team1/ros2_ws/install/px4_msgs/include/px4_msgs/px4_msgs/msg/adc_report.hpp\n'}
[3.401111] (px4_msgs) StdoutLine: {'line': b'-- Up-to-date: /home/rschnurr/SkyClaw-Team1/ros2_ws/install/px4_msgs/include/px4_msgs/px4_msgs/msg/rosidl_generator_cpp__visibility_control.hpp\n'}
[3.401184] (px4_msgs) StdoutLine: {'line': b'-- Up-to-date: /home/rschnurr/SkyClaw-Team1/ros2_ws/install/px4_msgs/include/px4_msgs/px4_msgs/msg/follow_target.hpp\n'}
[3.401246] (px4_msgs) StdoutLine: {'line': b'-- Up-to-date: /home/rschnurr/SkyClaw-Team1/ros2_ws/install/px4_msgs/include/px4_msgs/px4_msgs/msg/failure_detector_status.hpp\n'}
[3.401307] (px4_msgs) StdoutLine: {'line': b'-- Up-to-date: /home/rschnurr/SkyClaw-Team1/ros2_ws/install/px4_msgs/include/px4_msgs/px4_msgs/msg/irlock_report.hpp\n'}
[3.401369] (px4_msgs) StdoutLine: {'line': b'-- Up-to-date: /home/rschnurr/SkyClaw-Team1/ros2_ws/install/px4_msgs/include/px4_msgs/px4_msgs/msg/battery_status.hpp\n'}
[3.401430] (px4_msgs) StdoutLine: {'line': b'-- Up-to-date: /home/rschnurr/SkyClaw-Team1/ros2_ws/install/px4_msgs/include/px4_msgs/px4_msgs/msg/config_overrides.hpp\n'}
[3.401489] (px4_msgs) StdoutLine: {'line': b'-- Up-to-date: /home/rschnurr/SkyClaw-Team1/ros2_ws/install/px4_msgs/include/px4_msgs/px4_msgs/msg/airspeed.hpp\n'}
[3.401549] (px4_msgs) StdoutLine: {'line': b'-- Up-to-date: /home/rschnurr/SkyClaw-Team1/ros2_ws/install/px4_msgs/include/px4_msgs/px4_msgs/msg/satellite_info.hpp\n'}
[3.401631] (px4_msgs) StdoutLine: {'line': b'-- Up-to-date: /home/rschnurr/SkyClaw-Team1/ros2_ws/install/px4_msgs/include/px4_msgs/px4_msgs/msg/event.hpp\n'}
[3.401793] (px4_msgs) StdoutLine: {'line': b'-- Up-to-date: /home/rschnurr/SkyClaw-Team1/ros2_ws/install/px4_msgs/include/px4_msgs/px4_msgs/msg/estimator_sensor_bias.hpp\n'}
[3.401884] (px4_msgs) StdoutLine: {'line': b'-- Up-to-date: /home/rschnurr/SkyClaw-Team1/ros2_ws/install/px4_msgs/include/px4_msgs/px4_msgs/msg/estimator_bias3d.hpp\n'}
[3.401957] (px4_msgs) StdoutLine: {'line': b'-- Up-to-date: /home/rschnurr/SkyClaw-Team1/ros2_ws/install/px4_msgs/include/px4_msgs/px4_msgs/msg/fixed_wing_longitudinal_setpoint.hpp\n'}
[3.402022] (px4_msgs) StdoutLine: {'line': b'-- Up-to-date: /home/rschnurr/SkyClaw-Team1/ros2_ws/install/px4_msgs/include/px4_msgs/px4_msgs/msg/sensor_selection.hpp\n'}
[3.402083] (px4_msgs) StdoutLine: {'line': b'-- Up-to-date: /home/rschnurr/SkyClaw-Team1/ros2_ws/install/px4_msgs/include/px4_msgs/px4_msgs/msg/vehicle_imu.hpp\n'}
[3.402144] (px4_msgs) StdoutLine: {'line': b'-- Up-to-date: /home/rschnurr/SkyClaw-Team1/ros2_ws/install/px4_msgs/include/px4_msgs/px4_msgs/msg/vehicle_magnetometer.hpp\n'}
[3.402220] (px4_msgs) StdoutLine: {'line': b'-- Up-to-date: /home/rschnurr/SkyClaw-Team1/ros2_ws/install/px4_msgs/include/px4_msgs/px4_msgs/msg/sensor_gyro.hpp\n'}
[3.402280] (px4_msgs) StdoutLine: {'line': b'-- Up-to-date: /home/rschnurr/SkyClaw-Team1/ros2_ws/install/px4_msgs/include/px4_msgs/px4_msgs/msg/sensor_baro.hpp\n'}
[3.402348] (px4_msgs) StdoutLine: {'line': b'-- Up-to-date: /home/rschnurr/SkyClaw-Team1/ros2_ws/install/px4_msgs/include/px4_msgs/px4_msgs/msg/vehicle_odometry.hpp\n'}
[3.402408] (px4_msgs) StdoutLine: {'line': b'-- Up-to-date: /home/rschnurr/SkyClaw-Team1/ros2_ws/install/px4_msgs/include/px4_msgs/px4_msgs/msg/internal_combustion_engine_control.hpp\n'}
[3.402467] (px4_msgs) StdoutLine: {'line': b'-- Up-to-date: /home/rschnurr/SkyClaw-Team1/ros2_ws/install/px4_msgs/include/px4_msgs/px4_msgs/msg/estimator_aid_source2d.hpp\n'}
[3.402526] (px4_msgs) StdoutLine: {'line': b'-- Up-to-date: /home/rschnurr/SkyClaw-Team1/ros2_ws/install/px4_msgs/include/px4_msgs/px4_msgs/msg/debug_vect.hpp\n'}
[3.402586] (px4_msgs) StdoutLine: {'line': b'-- Up-to-date: /home/rschnurr/SkyClaw-Team1/ros2_ws/install/px4_msgs/include/px4_msgs/px4_msgs/msg/position_controller_status.hpp\n'}
[3.402647] (px4_msgs) StdoutLine: {'line': b'-- Up-to-date: /home/rschnurr/SkyClaw-Team1/ros2_ws/install/px4_msgs/include/px4_msgs/px4_msgs/msg/cpuload.hpp\n'}
[3.402705] (px4_msgs) StdoutLine: {'line': b'-- Up-to-date: /home/rschnurr/SkyClaw-Team1/ros2_ws/install/px4_msgs/include/px4_msgs/px4_msgs/msg/estimator_bias.hpp\n'}
[3.402762] (px4_msgs) StdoutLine: {'line': b'-- Up-to-date: /home/rschnurr/SkyClaw-Team1/ros2_ws/install/px4_msgs/include/px4_msgs/px4_msgs/msg/tiltrotor_extra_controls.hpp\n'}
[3.402821] (px4_msgs) StdoutLine: {'line': b'-- Up-to-date: /home/rschnurr/SkyClaw-Team1/ros2_ws/install/px4_msgs/include/px4_msgs/px4_msgs/msg/vehicle_roi.hpp\n'}
[3.402880] (px4_msgs) StdoutLine: {'line': b'-- Up-to-date: /home/rschnurr/SkyClaw-Team1/ros2_ws/install/px4_msgs/include/px4_msgs/px4_msgs/msg/ekf2_timestamps.hpp\n'}
[3.402938] (px4_msgs) StdoutLine: {'line': b'-- Up-to-date: /home/rschnurr/SkyClaw-Team1/ros2_ws/install/px4_msgs/include/px4_msgs/px4_msgs/msg/ulog_stream_ack.hpp\n'}
[3.402998] (px4_msgs) StdoutLine: {'line': b'-- Up-to-date: /home/rschnurr/SkyClaw-Team1/ros2_ws/install/px4_msgs/include/px4_msgs/px4_msgs/msg/input_rc.hpp\n'}
[3.403059] (px4_msgs) StdoutLine: {'line': b'-- Up-to-date: /home/rschnurr/SkyClaw-Team1/ros2_ws/install/px4_msgs/include/px4_msgs/px4_msgs/msg/transponder_report.hpp\n'}
[3.403118] (px4_msgs) StdoutLine: {'line': b'-- Up-to-date: /home/rschnurr/SkyClaw-Team1/ros2_ws/install/px4_msgs/include/px4_msgs/px4_msgs/msg/obstacle_distance.hpp\n'}
[3.403176] (px4_msgs) StdoutLine: {'line': b'-- Up-to-date: /home/rschnurr/SkyClaw-Team1/ros2_ws/install/px4_msgs/include/px4_msgs/px4_msgs/msg/cellular_status.hpp\n'}
[3.403241] (px4_msgs) StdoutLine: {'line': b'-- Up-to-date: /home/rschnurr/SkyClaw-Team1/ros2_ws/install/px4_msgs/include/px4_msgs/px4_msgs/msg/estimator_states.hpp\n'}
[3.403303] (px4_msgs) StdoutLine: {'line': b'-- Up-to-date: /home/rschnurr/SkyClaw-Team1/ros2_ws/install/px4_msgs/include/px4_msgs/px4_msgs/msg/dataman_response.hpp\n'}
[3.403364] (px4_msgs) StdoutLine: {'line': b'-- Up-to-date: /home/rschnurr/SkyClaw-Team1/ros2_ws/install/px4_msgs/include/px4_msgs/px4_msgs/msg/orb_test_large.hpp\n'}
[3.403423] (px4_msgs) StdoutLine: {'line': b'-- Up-to-date: /home/rschnurr/SkyClaw-Team1/ros2_ws/install/px4_msgs/include/px4_msgs/px4_msgs/msg/parameter_update.hpp\n'}
[3.403482] (px4_msgs) StdoutLine: {'line': b'-- Up-to-date: /home/rschnurr/SkyClaw-Team1/ros2_ws/install/px4_msgs/include/px4_msgs/px4_msgs/msg/actuator_armed.hpp\n'}
[3.403542] (px4_msgs) StdoutLine: {'line': b'-- Up-to-date: /home/rschnurr/SkyClaw-Team1/ros2_ws/install/px4_msgs/include/px4_msgs/px4_msgs/msg/vehicle_local_position.hpp\n'}
[3.403601] (px4_msgs) StdoutLine: {'line': b'-- Up-to-date: /home/rschnurr/SkyClaw-Team1/ros2_ws/install/px4_msgs/include/px4_msgs/px4_msgs/msg/estimator_event_flags.hpp\n'}
[3.403705] (px4_msgs) StdoutLine: {'line': b'-- Up-to-date: /home/rschnurr/SkyClaw-Team1/ros2_ws/install/px4_msgs/include/px4_msgs/px4_msgs/msg/distance_sensor_mode_change_request.hpp\n'}
[3.403838] (px4_msgs) StdoutLine: {'line': b'-- Up-to-date: /home/rschnurr/SkyClaw-Team1/ros2_ws/install/px4_msgs/include/px4_msgs/px4_msgs/msg/actuator_controls_status.hpp\n'}
[3.403915] (px4_msgs) StdoutLine: {'line': b'-- Up-to-date: /home/rschnurr/SkyClaw-Team1/ros2_ws/install/px4_msgs/include/px4_msgs/px4_msgs/msg/mag_worker_data.hpp\n'}
[3.404004] (px4_msgs) StdoutLine: {'line': b'-- Up-to-date: /home/rschnurr/SkyClaw-Team1/ros2_ws/install/px4_msgs/include/px4_msgs/px4_msgs/msg/estimator_status_flags.hpp\n'}
[3.404069] (px4_msgs) StdoutLine: {'line': b'-- Up-to-date: /home/rschnurr/SkyClaw-Team1/ros2_ws/install/px4_msgs/include/px4_msgs/px4_msgs/msg/mode_completed.hpp\n'}
[3.404130] (px4_msgs) StdoutLine: {'line': b'-- Up-to-date: /home/rschnurr/SkyClaw-Team1/ros2_ws/install/px4_msgs/include/px4_msgs/px4_msgs/msg/system_power.hpp\n'}
[3.404191] (px4_msgs) StdoutLine: {'line': b'-- Up-to-date: /home/rschnurr/SkyClaw-Team1/ros2_ws/install/px4_msgs/include/px4_msgs/px4_msgs/msg/figure_eight_status.hpp\n'}
[3.404251] (px4_msgs) StdoutLine: {'line': b'-- Up-to-date: /home/rschnurr/SkyClaw-Team1/ros2_ws/install/px4_msgs/include/px4_msgs/px4_msgs/msg/vehicle_global_position.hpp\n'}
[3.404333] (px4_msgs) StdoutLine: {'line': b'-- Up-to-date: /home/rschnurr/SkyClaw-Team1/ros2_ws/install/px4_msgs/include/px4_msgs/px4_msgs/msg/vehicle_command.hpp\n'}
[3.404413] (px4_msgs) StdoutLine: {'line': b'-- Up-to-date: /home/rschnurr/SkyClaw-Team1/ros2_ws/install/px4_msgs/include/px4_msgs/px4_msgs/msg/debug_key_value.hpp\n'}
[3.404502] (px4_msgs) StdoutLine: {'line': b'-- Up-to-date: /home/rschnurr/SkyClaw-Team1/ros2_ws/install/px4_msgs/include/px4_msgs/px4_msgs/msg/vehicle_optical_flow.hpp\n'}
[3.404564] (px4_msgs) StdoutLine: {'line': b'-- Up-to-date: /home/rschnurr/SkyClaw-Team1/ros2_ws/install/px4_msgs/include/px4_msgs/px4_msgs/msg/sensor_gps.hpp\n'}
[3.404624] (px4_msgs) StdoutLine: {'line': b'-- Up-to-date: /home/rschnurr/SkyClaw-Team1/ros2_ws/install/px4_msgs/include/px4_msgs/px4_msgs/msg/magnetometer_bias_estimate.hpp\n'}
[3.404684] (px4_msgs) StdoutLine: {'line': b'-- Up-to-date: /home/rschnurr/SkyClaw-Team1/ros2_ws/install/px4_msgs/include/px4_msgs/px4_msgs/msg/rover_attitude_status.hpp\n'}
[3.404744] (px4_msgs) StdoutLine: {'line': b'-- Up-to-date: /home/rschnurr/SkyClaw-Team1/ros2_ws/install/px4_msgs/include/px4_msgs/px4_msgs/msg/fixed_wing_lateral_setpoint.hpp\n'}
[3.404804] (px4_msgs) StdoutLine: {'line': b'-- Up-to-date: /home/rschnurr/SkyClaw-Team1/ros2_ws/install/px4_msgs/include/px4_msgs/px4_msgs/msg/esc_status.hpp\n'}
[3.404865] (px4_msgs) StdoutLine: {'line': b'-- Up-to-date: /home/rschnurr/SkyClaw-Team1/ros2_ws/install/px4_msgs/include/px4_msgs/px4_msgs/msg/vehicle_imu_status.hpp\n'}
[3.404930] (px4_msgs) StdoutLine: {'line': b'-- Up-to-date: /home/rschnurr/SkyClaw-Team1/ros2_ws/install/px4_msgs/include/px4_msgs/px4_msgs/msg/navigator_status.hpp\n'}
[3.404989] (px4_msgs) StdoutLine: {'line': b'-- Up-to-date: /home/rschnurr/SkyClaw-Team1/ros2_ws/install/px4_msgs/include/px4_msgs/px4_msgs/msg/estimator_status.hpp\n'}
[3.405047] (px4_msgs) StdoutLine: {'line': b'-- Up-to-date: /home/rschnurr/SkyClaw-Team1/ros2_ws/install/px4_msgs/include/px4_msgs/px4_msgs/msg/message_format_response.hpp\n'}
[3.405106] (px4_msgs) StdoutLine: {'line': b'-- Up-to-date: /home/rschnurr/SkyClaw-Team1/ros2_ws/install/px4_msgs/include/px4_msgs/px4_msgs/msg/can_interface_status.hpp\n'}
[3.405164] (px4_msgs) StdoutLine: {'line': b'-- Up-to-date: /home/rschnurr/SkyClaw-Team1/ros2_ws/install/px4_msgs/include/px4_msgs/px4_msgs/msg/sensor_combined.hpp\n'}
[3.405225] (px4_msgs) StdoutLine: {'line': b'-- Up-to-date: /home/rschnurr/SkyClaw-Team1/ros2_ws/install/px4_msgs/include/px4_msgs/px4_msgs/msg/wind.hpp\n'}
[3.405362] (px4_msgs) StdoutLine: {'line': b'-- Up-to-date: /home/rschnurr/SkyClaw-Team1/ros2_ws/install/px4_msgs/include/px4_msgs/px4_msgs/msg/battery_info.hpp\n'}
[3.405463] (px4_msgs) StdoutLine: {'line': b'-- Up-to-date: /home/rschnurr/SkyClaw-Team1/ros2_ws/install/px4_msgs/include/px4_msgs/px4_msgs/msg/differential_pressure.hpp\n'}
[3.405533] (px4_msgs) StdoutLine: {'line': b'-- Up-to-date: /home/rschnurr/SkyClaw-Team1/ros2_ws/install/px4_msgs/include/px4_msgs/px4_msgs/msg/rover_rate_setpoint.hpp\n'}
[3.405603] (px4_msgs) StdoutLine: {'line': b'-- Up-to-date: /home/rschnurr/SkyClaw-Team1/ros2_ws/install/px4_msgs/include/px4_msgs/px4_msgs/msg/vehicle_optical_flow_vel.hpp\n'}
[3.405722] (px4_msgs) StdoutLine: {'line': b'-- Up-to-date: /home/rschnurr/SkyClaw-Team1/ros2_ws/install/px4_msgs/include/px4_msgs/px4_msgs/msg/position_setpoint_triplet.hpp\n'}
[3.405848] (px4_msgs) StdoutLine: {'line': b'-- Up-to-date: /home/rschnurr/SkyClaw-Team1/ros2_ws/install/px4_msgs/include/px4_msgs/px4_msgs/msg/vehicle_attitude.hpp\n'}
[3.405922] (px4_msgs) StdoutLine: {'line': b'-- Up-to-date: /home/rschnurr/SkyClaw-Team1/ros2_ws/install/px4_msgs/include/px4_msgs/px4_msgs/msg/logger_status.hpp\n'}
[3.405985] (px4_msgs) StdoutLine: {'line': b'-- Up-to-date: /home/rschnurr/SkyClaw-Team1/ros2_ws/install/px4_msgs/include/px4_msgs/px4_msgs/msg/fixed_wing_lateral_guidance_status.hpp\n'}
[3.406047] (px4_msgs) StdoutLine: {'line': b'-- Up-to-date: /home/rschnurr/SkyClaw-Team1/ros2_ws/install/px4_msgs/include/px4_msgs/px4_msgs/msg/rc_channels.hpp\n'}
[3.406106] (px4_msgs) StdoutLine: {'line': b'-- Up-to-date: /home/rschnurr/SkyClaw-Team1/ros2_ws/install/px4_msgs/include/px4_msgs/px4_msgs/msg/mavlink_tunnel.hpp\n'}
[3.406166] (px4_msgs) StdoutLine: {'line': b'-- Up-to-date: /home/rschnurr/SkyClaw-Team1/ros2_ws/install/px4_msgs/include/px4_msgs/px4_msgs/msg/sensors_status.hpp\n'}
[3.406225] (px4_msgs) StdoutLine: {'line': b'-- Up-to-date: /home/rschnurr/SkyClaw-Team1/ros2_ws/install/px4_msgs/include/px4_msgs/px4_msgs/msg/gimbal_controls.hpp\n'}
[3.406284] (px4_msgs) StdoutLine: {'line': b'-- Up-to-date: /home/rschnurr/SkyClaw-Team1/ros2_ws/install/px4_msgs/include/px4_msgs/px4_msgs/msg/launch_detection_status.hpp\n'}
[3.406364] (px4_msgs) StdoutLine: {'line': b'-- Up-to-date: /home/rschnurr/SkyClaw-Team1/ros2_ws/install/px4_msgs/include/px4_msgs/px4_msgs/msg/action_request.hpp\n'}
[3.406422] (px4_msgs) StdoutLine: {'line': b'-- Up-to-date: /home/rschnurr/SkyClaw-Team1/ros2_ws/install/px4_msgs/include/px4_msgs/px4_msgs/msg/camera_capture.hpp\n'}
[3.406481] (px4_msgs) StdoutLine: {'line': b'-- Up-to-date: /home/rschnurr/SkyClaw-Team1/ros2_ws/install/px4_msgs/include/px4_msgs/px4_msgs/msg/sensor_uwb.hpp\n'}
[3.406544] (px4_msgs) StdoutLine: {'line': b'-- Up-to-date: /home/rschnurr/SkyClaw-Team1/ros2_ws/install/px4_msgs/include/px4_msgs/px4_msgs/msg/camera_status.hpp\n'}
[3.406602] (px4_msgs) StdoutLine: {'line': b'-- Up-to-date: /home/rschnurr/SkyClaw-Team1/ros2_ws/install/px4_msgs/include/px4_msgs/px4_msgs/msg/position_setpoint.hpp\n'}
[3.406664] (px4_msgs) StdoutLine: {'line': b'-- Up-to-date: /home/rschnurr/SkyClaw-Team1/ros2_ws/install/px4_msgs/include/px4_msgs/px4_msgs/msg/register_ext_component_reply.hpp\n'}
[3.406731] (px4_msgs) StdoutLine: {'line': b'-- Up-to-date: /home/rschnurr/SkyClaw-Team1/ros2_ws/install/px4_msgs/include/px4_msgs/px4_msgs/msg/longitudinal_control_configuration.hpp\n'}
[3.406790] (px4_msgs) StdoutLine: {'line': b'-- Up-to-date: /home/rschnurr/SkyClaw-Team1/ros2_ws/install/px4_msgs/include/px4_msgs/px4_msgs/msg/qshell_req.hpp\n'}
[3.406848] (px4_msgs) StdoutLine: {'line': b'-- Up-to-date: /home/rschnurr/SkyClaw-Team1/ros2_ws/install/px4_msgs/include/px4_msgs/px4_msgs/msg/estimator_aid_source1d.hpp\n'}
[3.406907] (px4_msgs) StdoutLine: {'line': b'-- Up-to-date: /home/rschnurr/SkyClaw-Team1/ros2_ws/install/px4_msgs/include/px4_msgs/px4_msgs/msg/rover_speed_status.hpp\n'}
[3.406965] (px4_msgs) StdoutLine: {'line': b'-- Up-to-date: /home/rschnurr/SkyClaw-Team1/ros2_ws/install/px4_msgs/include/px4_msgs/px4_msgs/msg/parameter_set_value_response.hpp\n'}
[3.407024] (px4_msgs) StdoutLine: {'line': b'-- Up-to-date: /home/rschnurr/SkyClaw-Team1/ros2_ws/install/px4_msgs/include/px4_msgs/px4_msgs/msg/actuator_outputs.hpp\n'}
[3.407082] (px4_msgs) StdoutLine: {'line': b'-- Up-to-date: /home/rschnurr/SkyClaw-Team1/ros2_ws/install/px4_msgs/include/px4_msgs/px4_msgs/msg/qshell_retval.hpp\n'}
[3.407140] (px4_msgs) StdoutLine: {'line': b'-- Up-to-date: /home/rschnurr/SkyClaw-Team1/ros2_ws/install/px4_msgs/include/px4_msgs/px4_msgs/msg/power_button_state.hpp\n'}
[3.407198] (px4_msgs) StdoutLine: {'line': b'-- Up-to-date: /home/rschnurr/SkyClaw-Team1/ros2_ws/install/px4_msgs/include/px4_msgs/px4_msgs/msg/px4io_status.hpp\n'}
[3.407256] (px4_msgs) StdoutLine: {'line': b'-- Up-to-date: /home/rschnurr/SkyClaw-Team1/ros2_ws/install/px4_msgs/include/px4_msgs/px4_msgs/msg/pure_pursuit_status.hpp\n'}
[3.407315] (px4_msgs) StdoutLine: {'line': b'-- Up-to-date: /home/rschnurr/SkyClaw-Team1/ros2_ws/install/px4_msgs/include/px4_msgs/px4_msgs/msg/gimbal_manager_status.hpp\n'}
[3.407373] (px4_msgs) StdoutLine: {'line': b'-- Up-to-date: /home/rschnurr/SkyClaw-Team1/ros2_ws/install/px4_msgs/include/px4_msgs/px4_msgs/msg/airspeed_wind.hpp\n'}
[3.407431] (px4_msgs) StdoutLine: {'line': b'-- Up-to-date: /home/rschnurr/SkyClaw-Team1/ros2_ws/install/px4_msgs/include/px4_msgs/px4_msgs/msg/esc_report.hpp\n'}
[3.407490] (px4_msgs) StdoutLine: {'line': b'-- Up-to-date: /home/rschnurr/SkyClaw-Team1/ros2_ws/install/px4_msgs/include/px4_msgs/px4_msgs/msg/orb_test.hpp\n'}
[3.407549] (px4_msgs) StdoutLine: {'line': b'-- Up-to-date: /home/rschnurr/SkyClaw-Team1/ros2_ws/install/px4_msgs/include/px4_msgs/px4_msgs/msg/actuator_servos.hpp\n'}
[3.407609] (px4_msgs) StdoutLine: {'line': b'-- Up-to-date: /home/rschnurr/SkyClaw-Team1/ros2_ws/install/px4_msgs/include/px4_msgs/px4_msgs/msg/hover_thrust_estimate.hpp\n'}
[3.407742] (px4_msgs) StdoutLine: {'line': b'-- Up-to-date: /home/rschnurr/SkyClaw-Team1/ros2_ws/install/px4_msgs/include/px4_msgs/px4_msgs\n'}
[3.407851] (px4_msgs) StdoutLine: {'line': b'-- Up-to-date: /home/rschnurr/SkyClaw-Team1/ros2_ws/install/px4_msgs/include/px4_msgs/px4_msgs/srv\n'}
[3.407925] (px4_msgs) StdoutLine: {'line': b'-- Up-to-date: /home/rschnurr/SkyClaw-Team1/ros2_ws/install/px4_msgs/include/px4_msgs/px4_msgs/srv/detail\n'}
[3.407991] (px4_msgs) StdoutLine: {'line': b'-- Up-to-date: /home/rschnurr/SkyClaw-Team1/ros2_ws/install/px4_msgs/include/px4_msgs/px4_msgs/srv/detail/dds_fastrtps\n'}
[3.408055] (px4_msgs) StdoutLine: {'line': b'-- Up-to-date: /home/rschnurr/SkyClaw-Team1/ros2_ws/install/px4_msgs/include/px4_msgs/px4_msgs/srv/detail/vehicle_command__rosidl_typesupport_fastrtps_cpp.hpp\n'}
[3.408120] (px4_msgs) StdoutLine: {'line': b'-- Up-to-date: /home/rschnurr/SkyClaw-Team1/ros2_ws/install/px4_msgs/include/px4_msgs/px4_msgs/msg\n'}
[3.408180] (px4_msgs) StdoutLine: {'line': b'-- Up-to-date: /home/rschnurr/SkyClaw-Team1/ros2_ws/install/px4_msgs/include/px4_msgs/px4_msgs/msg/rosidl_typesupport_fastrtps_cpp__visibility_control.h\n'}
[3.408256] (px4_msgs) StdoutLine: {'line': b'-- Up-to-date: /home/rschnurr/SkyClaw-Team1/ros2_ws/install/px4_msgs/include/px4_msgs/px4_msgs/msg/detail\n'}
[3.408330] (px4_msgs) StdoutLine: {'line': b'-- Up-to-date: /home/rschnurr/SkyClaw-Team1/ros2_ws/install/px4_msgs/include/px4_msgs/px4_msgs/msg/detail/vehicle_magnetometer__rosidl_typesupport_fastrtps_cpp.hpp\n'}
[3.408429] (px4_msgs) StdoutLine: {'line': b'-- Up-to-date: /home/rschnurr/SkyClaw-Team1/ros2_ws/install/px4_msgs/include/px4_msgs/px4_msgs/msg/detail/ulog_stream_ack__rosidl_typesupport_fastrtps_cpp.hpp\n'}
[3.408492] (px4_msgs) StdoutLine: {'line': b'-- Up-to-date: /home/rschnurr/SkyClaw-Team1/ros2_ws/install/px4_msgs/include/px4_msgs/px4_msgs/msg/detail/gimbal_manager_set_attitude__rosidl_typesupport_fastrtps_cpp.hpp\n'}
[3.408565] (px4_msgs) StdoutLine: {'line': b'-- Up-to-date: /home/rschnurr/SkyClaw-Team1/ros2_ws/install/px4_msgs/include/px4_msgs/px4_msgs/msg/detail/distance_sensor__rosidl_typesupport_fastrtps_cpp.hpp\n'}
[3.408627] (px4_msgs) StdoutLine: {'line': b'-- Up-to-date: /home/rschnurr/SkyClaw-Team1/ros2_ws/install/px4_msgs/include/px4_msgs/px4_msgs/msg/detail/vehicle_constraints__rosidl_typesupport_fastrtps_cpp.hpp\n'}
[3.408687] (px4_msgs) StdoutLine: {'line': b'-- Up-to-date: /home/rschnurr/SkyClaw-Team1/ros2_ws/install/px4_msgs/include/px4_msgs/px4_msgs/msg/detail/airspeed_wind__rosidl_typesupport_fastrtps_cpp.hpp\n'}
[3.408747] (px4_msgs) StdoutLine: {'line': b'-- Up-to-date: /home/rschnurr/SkyClaw-Team1/ros2_ws/install/px4_msgs/include/px4_msgs/px4_msgs/msg/detail/fixed_wing_lateral_status__rosidl_typesupport_fastrtps_cpp.hpp\n'}
[3.408806] (px4_msgs) StdoutLine: {'line': b'-- Up-to-date: /home/rschnurr/SkyClaw-Team1/ros2_ws/install/px4_msgs/include/px4_msgs/px4_msgs/msg/detail/rover_rate_status__rosidl_typesupport_fastrtps_cpp.hpp\n'}
[3.408872] (px4_msgs) StdoutLine: {'line': b'-- Up-to-date: /home/rschnurr/SkyClaw-Team1/ros2_ws/install/px4_msgs/include/px4_msgs/px4_msgs/msg/detail/ping__rosidl_typesupport_fastrtps_cpp.hpp\n'}
[3.408931] (px4_msgs) StdoutLine: {'line': b'-- Up-to-date: /home/rschnurr/SkyClaw-Team1/ros2_ws/install/px4_msgs/include/px4_msgs/px4_msgs/msg/detail/onboard_computer_status__rosidl_typesupport_fastrtps_cpp.hpp\n'}
[3.408990] (px4_msgs) StdoutLine: {'line': b'-- Up-to-date: /home/rschnurr/SkyClaw-Team1/ros2_ws/install/px4_msgs/include/px4_msgs/px4_msgs/msg/detail/parameter_reset_request__rosidl_typesupport_fastrtps_cpp.hpp\n'}
[3.409050] (px4_msgs) StdoutLine: {'line': b'-- Up-to-date: /home/rschnurr/SkyClaw-Team1/ros2_ws/install/px4_msgs/include/px4_msgs/px4_msgs/msg/detail/actuator_servos_trim__rosidl_typesupport_fastrtps_cpp.hpp\n'}
[3.409109] (px4_msgs) StdoutLine: {'line': b'-- Up-to-date: /home/rschnurr/SkyClaw-Team1/ros2_ws/install/px4_msgs/include/px4_msgs/px4_msgs/msg/detail/logger_status__rosidl_typesupport_fastrtps_cpp.hpp\n'}
[3.409168] (px4_msgs) StdoutLine: {'line': b'-- Up-to-date: /home/rschnurr/SkyClaw-Team1/ros2_ws/install/px4_msgs/include/px4_msgs/px4_msgs/msg/detail/tecs_status__rosidl_typesupport_fastrtps_cpp.hpp\n'}
[3.409228] (px4_msgs) StdoutLine: {'line': b'-- Up-to-date: /home/rschnurr/SkyClaw-Team1/ros2_ws/install/px4_msgs/include/px4_msgs/px4_msgs/msg/detail/estimator_states__rosidl_typesupport_fastrtps_cpp.hpp\n'}
[3.409287] (px4_msgs) StdoutLine: {'line': b'-- Up-to-date: /home/rschnurr/SkyClaw-Team1/ros2_ws/install/px4_msgs/include/px4_msgs/px4_msgs/msg/detail/button_event__rosidl_typesupport_fastrtps_cpp.hpp\n'}
[3.409347] (px4_msgs) StdoutLine: {'line': b'-- Up-to-date: /home/rschnurr/SkyClaw-Team1/ros2_ws/install/px4_msgs/include/px4_msgs/px4_msgs/msg/detail/satellite_info__rosidl_typesupport_fastrtps_cpp.hpp\n'}
[3.409405] (px4_msgs) StdoutLine: {'line': b'-- Up-to-date: /home/rschnurr/SkyClaw-Team1/ros2_ws/install/px4_msgs/include/px4_msgs/px4_msgs/msg/detail/vehicle_thrust_setpoint__rosidl_typesupport_fastrtps_cpp.hpp\n'}
[3.409465] (px4_msgs) StdoutLine: {'line': b'-- Up-to-date: /home/rschnurr/SkyClaw-Team1/ros2_ws/install/px4_msgs/include/px4_msgs/px4_msgs/msg/detail/qshell_retval__rosidl_typesupport_fastrtps_cpp.hpp\n'}
[3.409529] (px4_msgs) StdoutLine: {'line': b'-- Up-to-date: /home/rschnurr/SkyClaw-Team1/ros2_ws/install/px4_msgs/include/px4_msgs/px4_msgs/msg/detail/internal_combustion_engine_status__rosidl_typesupport_fastrtps_cpp.hpp\n'}
[3.409589] (px4_msgs) StdoutLine: {'line': b'-- Up-to-date: /home/rschnurr/SkyClaw-Team1/ros2_ws/install/px4_msgs/include/px4_msgs/px4_msgs/msg/detail/orb_test_large__rosidl_typesupport_fastrtps_cpp.hpp\n'}
[3.409649] (px4_msgs) StdoutLine: {'line': b'-- Up-to-date: /home/rschnurr/SkyClaw-Team1/ros2_ws/install/px4_msgs/include/px4_msgs/px4_msgs/msg/detail/can_interface_status__rosidl_typesupport_fastrtps_cpp.hpp\n'}
[3.409819] (px4_msgs) StdoutLine: {'line': b'-- Up-to-date: /home/rschnurr/SkyClaw-Team1/ros2_ws/install/px4_msgs/include/px4_msgs/px4_msgs/msg/detail/home_position__rosidl_typesupport_fastrtps_cpp.hpp\n'}
[3.410003] (px4_msgs) StdoutLine: {'line': b'-- Up-to-date: /home/rschnurr/SkyClaw-Team1/ros2_ws/install/px4_msgs/include/px4_msgs/px4_msgs/msg/detail/dataman_response__rosidl_typesupport_fastrtps_cpp.hpp\n'}
[3.410102] (px4_msgs) StdoutLine: {'line': b'-- Up-to-date: /home/rschnurr/SkyClaw-Team1/ros2_ws/install/px4_msgs/include/px4_msgs/px4_msgs/msg/detail/rtl_time_estimate__rosidl_typesupport_fastrtps_cpp.hpp\n'}
[3.410177] (px4_msgs) StdoutLine: {'line': b'-- Up-to-date: /home/rschnurr/SkyClaw-Team1/ros2_ws/install/px4_msgs/include/px4_msgs/px4_msgs/msg/detail/vehicle_imu_status__rosidl_typesupport_fastrtps_cpp.hpp\n'}
[3.410243] (px4_msgs) StdoutLine: {'line': b'-- Up-to-date: /home/rschnurr/SkyClaw-Team1/ros2_ws/install/px4_msgs/include/px4_msgs/px4_msgs/msg/detail/sensor_gnss_relative__rosidl_typesupport_fastrtps_cpp.hpp\n'}
[3.410310] (px4_msgs) StdoutLine: {'line': b'-- Up-to-date: /home/rschnurr/SkyClaw-Team1/ros2_ws/install/px4_msgs/include/px4_msgs/px4_msgs/msg/detail/vehicle_acceleration__rosidl_typesupport_fastrtps_cpp.hpp\n'}
[3.410385] (px4_msgs) StdoutLine: {'line': b'-- Up-to-date: /home/rschnurr/SkyClaw-Team1/ros2_ws/install/px4_msgs/include/px4_msgs/px4_msgs/msg/detail/vehicle_optical_flow__rosidl_typesupport_fastrtps_cpp.hpp\n'}
[3.410457] (px4_msgs) StdoutLine: {'line': b'-- Up-to-date: /home/rschnurr/SkyClaw-Team1/ros2_ws/install/px4_msgs/include/px4_msgs/px4_msgs/msg/detail/estimator_aid_source2d__rosidl_typesupport_fastrtps_cpp.hpp\n'}
[3.410517] (px4_msgs) StdoutLine: {'line': b'-- Up-to-date: /home/rschnurr/SkyClaw-Team1/ros2_ws/install/px4_msgs/include/px4_msgs/px4_msgs/msg/detail/open_drone_id_self_id__rosidl_typesupport_fastrtps_cpp.hpp\n'}
[3.410579] (px4_msgs) StdoutLine: {'line': b'-- Up-to-date: /home/rschnurr/SkyClaw-Team1/ros2_ws/install/px4_msgs/include/px4_msgs/px4_msgs/msg/detail/sensor_gps__rosidl_typesupport_fastrtps_cpp.hpp\n'}
[3.410641] (px4_msgs) StdoutLine: {'line': b'-- Up-to-date: /home/rschnurr/SkyClaw-Team1/ros2_ws/install/px4_msgs/include/px4_msgs/px4_msgs/msg/detail/gpio_in__rosidl_typesupport_fastrtps_cpp.hpp\n'}
[3.410702] (px4_msgs) StdoutLine: {'line': b'-- Up-to-date: /home/rschnurr/SkyClaw-Team1/ros2_ws/install/px4_msgs/include/px4_msgs/px4_msgs/msg/detail/rover_attitude_setpoint__rosidl_typesupport_fastrtps_cpp.hpp\n'}
[3.410762] (px4_msgs) StdoutLine: {'line': b'-- Up-to-date: /home/rschnurr/SkyClaw-Team1/ros2_ws/install/px4_msgs/include/px4_msgs/px4_msgs/msg/detail/estimator_status_flags__rosidl_typesupport_fastrtps_cpp.hpp\n'}
[3.410822] (px4_msgs) StdoutLine: {'line': b'-- Up-to-date: /home/rschnurr/SkyClaw-Team1/ros2_ws/install/px4_msgs/include/px4_msgs/px4_msgs/msg/detail/vehicle_local_position__rosidl_typesupport_fastrtps_cpp.hpp\n'}
[3.410883] (px4_msgs) StdoutLine: {'line': b'-- Up-to-date: /home/rschnurr/SkyClaw-Team1/ros2_ws/install/px4_msgs/include/px4_msgs/px4_msgs/msg/detail/vehicle_global_position__rosidl_typesupport_fastrtps_cpp.hpp\n'}
[3.410942] (px4_msgs) StdoutLine: {'line': b'-- Up-to-date: /home/rschnurr/SkyClaw-Team1/ros2_ws/install/px4_msgs/include/px4_msgs/px4_msgs/msg/detail/rover_rate_setpoint__rosidl_typesupport_fastrtps_cpp.hpp\n'}
[3.411007] (px4_msgs) StdoutLine: {'line': b'-- Up-to-date: /home/rschnurr/SkyClaw-Team1/ros2_ws/install/px4_msgs/include/px4_msgs/px4_msgs/msg/detail/open_drone_id_system__rosidl_typesupport_fastrtps_cpp.hpp\n'}
[3.411067] (px4_msgs) StdoutLine: {'line': b'-- Up-to-date: /home/rschnurr/SkyClaw-Team1/ros2_ws/install/px4_msgs/include/px4_msgs/px4_msgs/msg/detail/task_stack_info__rosidl_typesupport_fastrtps_cpp.hpp\n'}
[3.411129] (px4_msgs) StdoutLine: {'line': b'-- Up-to-date: /home/rschnurr/SkyClaw-Team1/ros2_ws/install/px4_msgs/include/px4_msgs/px4_msgs/msg/detail/input_rc__rosidl_typesupport_fastrtps_cpp.hpp\n'}
[3.411188] (px4_msgs) StdoutLine: {'line': b'-- Up-to-date: /home/rschnurr/SkyClaw-Team1/ros2_ws/install/px4_msgs/include/px4_msgs/px4_msgs/msg/detail/vehicle_status__rosidl_typesupport_fastrtps_cpp.hpp\n'}
[3.411248] (px4_msgs) StdoutLine: {'line': b'-- Up-to-date: /home/rschnurr/SkyClaw-Team1/ros2_ws/install/px4_msgs/include/px4_msgs/px4_msgs/msg/detail/px4io_status__rosidl_typesupport_fastrtps_cpp.hpp\n'}
[3.411306] (px4_msgs) StdoutLine: {'line': b'-- Up-to-date: /home/rschnurr/SkyClaw-Team1/ros2_ws/install/px4_msgs/include/px4_msgs/px4_msgs/msg/detail/uavcan_parameter_value__rosidl_typesupport_fastrtps_cpp.hpp\n'}
[3.411365] (px4_msgs) StdoutLine: {'line': b'-- Up-to-date: /home/rschnurr/SkyClaw-Team1/ros2_ws/install/px4_msgs/include/px4_msgs/px4_msgs/msg/detail/navigator_mission_item__rosidl_typesupport_fastrtps_cpp.hpp\n'}
[3.411424] (px4_msgs) StdoutLine: {'line': b'-- Up-to-date: /home/rschnurr/SkyClaw-Team1/ros2_ws/install/px4_msgs/include/px4_msgs/px4_msgs/msg/detail/log_message__rosidl_typesupport_fastrtps_cpp.hpp\n'}
[3.411484] (px4_msgs) StdoutLine: {'line': b'-- Up-to-date: /home/rschnurr/SkyClaw-Team1/ros2_ws/install/px4_msgs/include/px4_msgs/px4_msgs/msg/detail/gimbal_manager_information__rosidl_typesupport_fastrtps_cpp.hpp\n'}
[3.411544] (px4_msgs) StdoutLine: {'line': b'-- Up-to-date: /home/rschnurr/SkyClaw-Team1/ros2_ws/install/px4_msgs/include/px4_msgs/px4_msgs/msg/detail/neural_control__rosidl_typesupport_fastrtps_cpp.hpp\n'}
[3.411603] (px4_msgs) StdoutLine: {'line': b'-- Up-to-date: /home/rschnurr/SkyClaw-Team1/ros2_ws/install/px4_msgs/include/px4_msgs/px4_msgs/msg/detail/geofence_result__rosidl_typesupport_fastrtps_cpp.hpp\n'}
[3.411724] (px4_msgs) StdoutLine: {'line': b'-- Up-to-date: /home/rschnurr/SkyClaw-Team1/ros2_ws/install/px4_msgs/include/px4_msgs/px4_msgs/msg/detail/normalized_unsigned_setpoint__rosidl_typesupport_fastrtps_cpp.hpp\n'}
[3.411851] (px4_msgs) StdoutLine: {'line': b'-- Up-to-date: /home/rschnurr/SkyClaw-Team1/ros2_ws/install/px4_msgs/include/px4_msgs/px4_msgs/msg/detail/pps_capture__rosidl_typesupport_fastrtps_cpp.hpp\n'}
[3.411926] (px4_msgs) StdoutLine: {'line': b'-- Up-to-date: /home/rschnurr/SkyClaw-Team1/ros2_ws/install/px4_msgs/include/px4_msgs/px4_msgs/msg/detail/position_setpoint__rosidl_typesupport_fastrtps_cpp.hpp\n'}
[3.412014] (px4_msgs) StdoutLine: {'line': b'-- Up-to-date: /home/rschnurr/SkyClaw-Team1/ros2_ws/install/px4_msgs/include/px4_msgs/px4_msgs/msg/detail/sensor_baro__rosidl_typesupport_fastrtps_cpp.hpp\n'}
[3.412081] (px4_msgs) StdoutLine: {'line': b'-- Up-to-date: /home/rschnurr/SkyClaw-Team1/ros2_ws/install/px4_msgs/include/px4_msgs/px4_msgs/msg/detail/vehicle_local_position_setpoint__rosidl_typesupport_fastrtps_cpp.hpp\n'}
[3.412165] (px4_msgs) StdoutLine: {'line': b'-- Up-to-date: /home/rschnurr/SkyClaw-Team1/ros2_ws/install/px4_msgs/include/px4_msgs/px4_msgs/msg/detail/follow_target__rosidl_typesupport_fastrtps_cpp.hpp\n'}
[3.412228] (px4_msgs) StdoutLine: {'line': b'-- Up-to-date: /home/rschnurr/SkyClaw-Team1/ros2_ws/install/px4_msgs/include/px4_msgs/px4_msgs/msg/detail/vehicle_air_data__rosidl_typesupport_fastrtps_cpp.hpp\n'}
[3.412303] (px4_msgs) StdoutLine: {'line': b'-- Up-to-date: /home/rschnurr/SkyClaw-Team1/ros2_ws/install/px4_msgs/include/px4_msgs/px4_msgs/msg/detail/trajectory_setpoint__rosidl_typesupport_fastrtps_cpp.hpp\n'}
[3.412683] (px4_msgs) StdoutLine: {'line': b'-- Up-to-date: /home/rschnurr/SkyClaw-Team1/ros2_ws/install/px4_msgs/include/px4_msgs/px4_msgs/msg/detail/vehicle_roi__rosidl_typesupport_fastrtps_cpp.hpp\n'}
[3.412821] (px4_msgs) StdoutLine: {'line': b'-- Up-to-date: /home/rschnurr/SkyClaw-Team1/ros2_ws/install/px4_msgs/include/px4_msgs/px4_msgs/msg/detail/sensor_accel_fifo__rosidl_typesupport_fastrtps_cpp.hpp\n'}
[3.412904] (px4_msgs) StdoutLine: {'line': b'-- Up-to-date: /home/rschnurr/SkyClaw-Team1/ros2_ws/install/px4_msgs/include/px4_msgs/px4_msgs/msg/detail/power_monitor__rosidl_typesupport_fastrtps_cpp.hpp\n'}
[3.412973] (px4_msgs) StdoutLine: {'line': b'-- Up-to-date: /home/rschnurr/SkyClaw-Team1/ros2_ws/install/px4_msgs/include/px4_msgs/px4_msgs/msg/detail/internal_combustion_engine_control__rosidl_typesupport_fastrtps_cpp.hpp\n'}
[3.413040] (px4_msgs) StdoutLine: {'line': b'-- Up-to-date: /home/rschnurr/SkyClaw-Team1/ros2_ws/install/px4_msgs/include/px4_msgs/px4_msgs/msg/detail/fixed_wing_runway_control__rosidl_typesupport_fastrtps_cpp.hpp\n'}
[3.413104] (px4_msgs) StdoutLine: {'line': b'-- Up-to-date: /home/rschnurr/SkyClaw-Team1/ros2_ws/install/px4_msgs/include/px4_msgs/px4_msgs/msg/detail/dds_fastrtps\n'}
[3.413268] (px4_msgs) StdoutLine: {'line': b'-- Up-to-date: /home/rschnurr/SkyClaw-Team1/ros2_ws/install/px4_msgs/include/px4_msgs/px4_msgs/msg/detail/mode_completed__rosidl_typesupport_fastrtps_cpp.hpp\n'}
[3.413361] (px4_msgs) StdoutLine: {'line': b'-- Up-to-date: /home/rschnurr/SkyClaw-Team1/ros2_ws/install/px4_msgs/include/px4_msgs/px4_msgs/msg/detail/fuel_tank_status__rosidl_typesupport_fastrtps_cpp.hpp\n'}
[3.413431] (px4_msgs) StdoutLine: {'line': b'-- Up-to-date: /home/rschnurr/SkyClaw-Team1/ros2_ws/install/px4_msgs/include/px4_msgs/px4_msgs/msg/detail/position_controller_landing_status__rosidl_typesupport_fastrtps_cpp.hpp\n'}
[3.413496] (px4_msgs) StdoutLine: {'line': b'-- Up-to-date: /home/rschnurr/SkyClaw-Team1/ros2_ws/install/px4_msgs/include/px4_msgs/px4_msgs/msg/detail/vehicle_imu__rosidl_typesupport_fastrtps_cpp.hpp\n'}
[3.413558] (px4_msgs) StdoutLine: {'line': b'-- Up-to-date: /home/rschnurr/SkyClaw-Team1/ros2_ws/install/px4_msgs/include/px4_msgs/px4_msgs/msg/detail/differential_pressure__rosidl_typesupport_fastrtps_cpp.hpp\n'}
[3.413623] (px4_msgs) StdoutLine: {'line': b'-- Up-to-date: /home/rschnurr/SkyClaw-Team1/ros2_ws/install/px4_msgs/include/px4_msgs/px4_msgs/msg/detail/hover_thrust_estimate__rosidl_typesupport_fastrtps_cpp.hpp\n'}
[3.413686] (px4_msgs) StdoutLine: {'line': b'-- Up-to-date: /home/rschnurr/SkyClaw-Team1/ros2_ws/install/px4_msgs/include/px4_msgs/px4_msgs/msg/detail/camera_trigger__rosidl_typesupport_fastrtps_cpp.hpp\n'}
[3.413750] (px4_msgs) StdoutLine: {'line': b'-- Up-to-date: /home/rschnurr/SkyClaw-Team1/ros2_ws/install/px4_msgs/include/px4_msgs/px4_msgs/msg/detail/uavcan_parameter_request__rosidl_typesupport_fastrtps_cpp.hpp\n'}
[3.413813] (px4_msgs) StdoutLine: {'line': b'-- Up-to-date: /home/rschnurr/SkyClaw-Team1/ros2_ws/install/px4_msgs/include/px4_msgs/px4_msgs/msg/detail/sensor_hygrometer__rosidl_typesupport_fastrtps_cpp.hpp\n'}
[3.413880] (px4_msgs) StdoutLine: {'line': b'-- Up-to-date: /home/rschnurr/SkyClaw-Team1/ros2_ws/install/px4_msgs/include/px4_msgs/px4_msgs/msg/detail/register_ext_component_reply__rosidl_typesupport_fastrtps_cpp.hpp\n'}
[3.414174] (px4_msgs) StdoutLine: {'line': b'-- Up-to-date: /home/rschnurr/SkyClaw-Team1/ros2_ws/install/px4_msgs/include/px4_msgs/px4_msgs/msg/detail/sensor_gnss_status__rosidl_typesupport_fastrtps_cpp.hpp\n'}
[3.414285] (px4_msgs) StdoutLine: {'line': b'-- Up-to-date: /home/rschnurr/SkyClaw-Team1/ros2_ws/install/px4_msgs/include/px4_msgs/px4_msgs/msg/detail/failsafe_flags__rosidl_typesupport_fastrtps_cpp.hpp\n'}
[3.414359] (px4_msgs) StdoutLine: {'line': b'-- Up-to-date: /home/rschnurr/SkyClaw-Team1/ros2_ws/install/px4_msgs/include/px4_msgs/px4_msgs/msg/detail/message_format_response__rosidl_typesupport_fastrtps_cpp.hpp\n'}
[3.414447] (px4_msgs) StdoutLine: {'line': b'-- Up-to-date: /home/rschnurr/SkyClaw-Team1/ros2_ws/install/px4_msgs/include/px4_msgs/px4_msgs/msg/detail/fixed_wing_longitudinal_setpoint__rosidl_typesupport_fastrtps_cpp.hpp\n'}
[3.414672] (px4_msgs) StdoutLine: {'line': b'-- Up-to-date: /home/rschnurr/SkyClaw-Team1/ros2_ws/install/px4_msgs/include/px4_msgs/px4_msgs/msg/detail/debug_key_value__rosidl_typesupport_fastrtps_cpp.hpp\n'}
[3.414834] (px4_msgs) StdoutLine: {'line': b'-- Up-to-date: /home/rschnurr/SkyClaw-Team1/ros2_ws/install/px4_msgs/include/px4_msgs/px4_msgs/msg/detail/adc_report__rosidl_typesupport_fastrtps_cpp.hpp\n'}
[3.414946] (px4_msgs) StdoutLine: {'line': b'-- Up-to-date: /home/rschnurr/SkyClaw-Team1/ros2_ws/install/px4_msgs/include/px4_msgs/px4_msgs/msg/detail/register_ext_component_request__rosidl_typesupport_fastrtps_cpp.hpp\n'}
[3.415016] (px4_msgs) StdoutLine: {'line': b'-- Up-to-date: /home/rschnurr/SkyClaw-Team1/ros2_ws/install/px4_msgs/include/px4_msgs/px4_msgs/msg/detail/gimbal_device_attitude_status__rosidl_typesupport_fastrtps_cpp.hpp\n'}
[3.415080] (px4_msgs) StdoutLine: {'line': b'-- Up-to-date: /home/rschnurr/SkyClaw-Team1/ros2_ws/install/px4_msgs/include/px4_msgs/px4_msgs/msg/detail/yaw_estimator_status__rosidl_typesupport_fastrtps_cpp.hpp\n'}
[3.415234] (px4_msgs) StdoutLine: {'line': b'-- Up-to-date: /home/rschnurr/SkyClaw-Team1/ros2_ws/install/px4_msgs/include/px4_msgs/px4_msgs/msg/detail/position_controller_status__rosidl_typesupport_fastrtps_cpp.hpp\n'}
[3.415329] (px4_msgs) StdoutLine: {'line': b'-- Up-to-date: /home/rschnurr/SkyClaw-Team1/ros2_ws/install/px4_msgs/include/px4_msgs/px4_msgs/msg/detail/orb_test_medium__rosidl_typesupport_fastrtps_cpp.hpp\n'}
[3.415399] (px4_msgs) StdoutLine: {'line': b'-- Up-to-date: /home/rschnurr/SkyClaw-Team1/ros2_ws/install/px4_msgs/include/px4_msgs/px4_msgs/msg/detail/rpm__rosidl_typesupport_fastrtps_cpp.hpp\n'}
[3.415465] (px4_msgs) StdoutLine: {'line': b'-- Up-to-date: /home/rschnurr/SkyClaw-Team1/ros2_ws/install/px4_msgs/include/px4_msgs/px4_msgs/msg/detail/event__rosidl_typesupport_fastrtps_cpp.hpp\n'}
[3.415528] (px4_msgs) StdoutLine: {'line': b'-- Up-to-date: /home/rschnurr/SkyClaw-Team1/ros2_ws/install/px4_msgs/include/px4_msgs/px4_msgs/msg/detail/actuator_servos__rosidl_typesupport_fastrtps_cpp.hpp\n'}
[3.415591] (px4_msgs) StdoutLine: {'line': b'-- Up-to-date: /home/rschnurr/SkyClaw-Team1/ros2_ws/install/px4_msgs/include/px4_msgs/px4_msgs/msg/detail/airspeed_validated__rosidl_typesupport_fastrtps_cpp.hpp\n'}
[3.415659] (px4_msgs) StdoutLine: {'line': b'-- Up-to-date: /home/rschnurr/SkyClaw-Team1/ros2_ws/install/px4_msgs/include/px4_msgs/px4_msgs/msg/detail/vehicle_angular_velocity__rosidl_typesupport_fastrtps_cpp.hpp\n'}
[3.415719] (px4_msgs) StdoutLine: {'line': b'-- Up-to-date: /home/rschnurr/SkyClaw-Team1/ros2_ws/install/px4_msgs/include/px4_msgs/px4_msgs/msg/detail/sensor_mag__rosidl_typesupport_fastrtps_cpp.hpp\n'}
[3.415779] (px4_msgs) StdoutLine: {'line': b'-- Up-to-date: /home/rschnurr/SkyClaw-Team1/ros2_ws/install/px4_msgs/include/px4_msgs/px4_msgs/msg/detail/estimator_innovations__rosidl_typesupport_fastrtps_cpp.hpp\n'}
[3.415841] (px4_msgs) StdoutLine: {'line': b'-- Up-to-date: /home/rschnurr/SkyClaw-Team1/ros2_ws/install/px4_msgs/include/px4_msgs/px4_msgs/msg/detail/wind__rosidl_typesupport_fastrtps_cpp.hpp\n'}
[3.415900] (px4_msgs) StdoutLine: {'line': b'-- Up-to-date: /home/rschnurr/SkyClaw-Team1/ros2_ws/install/px4_msgs/include/px4_msgs/px4_msgs/msg/detail/rate_ctrl_status__rosidl_typesupport_fastrtps_cpp.hpp\n'}
[3.415960] (px4_msgs) StdoutLine: {'line': b'-- Up-to-date: /home/rschnurr/SkyClaw-Team1/ros2_ws/install/px4_msgs/include/px4_msgs/px4_msgs/msg/detail/telemetry_status__rosidl_typesupport_fastrtps_cpp.hpp\n'}
[3.416020] (px4_msgs) StdoutLine: {'line': b'-- Up-to-date: /home/rschnurr/SkyClaw-Team1/ros2_ws/install/px4_msgs/include/px4_msgs/px4_msgs/msg/detail/orbit_status__rosidl_typesupport_fastrtps_cpp.hpp\n'}
[3.416079] (px4_msgs) StdoutLine: {'line': b'-- Up-to-date: /home/rschnurr/SkyClaw-Team1/ros2_ws/install/px4_msgs/include/px4_msgs/px4_msgs/msg/detail/launch_detection_status__rosidl_typesupport_fastrtps_cpp.hpp\n'}
[3.416139] (px4_msgs) StdoutLine: {'line': b'-- Up-to-date: /home/rschnurr/SkyClaw-Team1/ros2_ws/install/px4_msgs/include/px4_msgs/px4_msgs/msg/detail/timesync_status__rosidl_typesupport_fastrtps_cpp.hpp\n'}
[3.416212] (px4_msgs) StdoutLine: {'line': b'-- Up-to-date: /home/rschnurr/SkyClaw-Team1/ros2_ws/install/px4_msgs/include/px4_msgs/px4_msgs/msg/detail/estimator_bias3d__rosidl_typesupport_fastrtps_cpp.hpp\n'}
[3.416270] (px4_msgs) StdoutLine: {'line': b'-- Up-to-date: /home/rschnurr/SkyClaw-Team1/ros2_ws/install/px4_msgs/include/px4_msgs/px4_msgs/msg/detail/flight_phase_estimation__rosidl_typesupport_fastrtps_cpp.hpp\n'}
[3.416510] (px4_msgs) StdoutLine: {'line': b'-- Up-to-date: /home/rschnurr/SkyClaw-Team1/ros2_ws/install/px4_msgs/include/px4_msgs/px4_msgs/msg/detail/orb_test__rosidl_typesupport_fastrtps_cpp.hpp\n'}
[3.416730] (px4_msgs) StdoutLine: {'line': b'-- Up-to-date: /home/rschnurr/SkyClaw-Team1/ros2_ws/install/px4_msgs/include/px4_msgs/px4_msgs/msg/detail/rover_position_setpoint__rosidl_typesupport_fastrtps_cpp.hpp\n'}
[3.416917] (px4_msgs) StdoutLine: {'line': b'-- Up-to-date: /home/rschnurr/SkyClaw-Team1/ros2_ws/install/px4_msgs/include/px4_msgs/px4_msgs/msg/detail/camera_capture__rosidl_typesupport_fastrtps_cpp.hpp\n'}
[3.417326] (px4_msgs) StdoutLine: {'line': b'-- Up-to-date: /home/rschnurr/SkyClaw-Team1/ros2_ws/install/px4_msgs/include/px4_msgs/px4_msgs/msg/detail/navigator_status__rosidl_typesupport_fastrtps_cpp.hpp\n'}
[3.417734] (px4_msgs) StdoutLine: {'line': b'-- Up-to-date: /home/rschnurr/SkyClaw-Team1/ros2_ws/install/px4_msgs/include/px4_msgs/px4_msgs/msg/detail/config_overrides__rosidl_typesupport_fastrtps_cpp.hpp\n'}
[3.418235] (px4_msgs) StdoutLine: {'line': b'-- Up-to-date: /home/rschnurr/SkyClaw-Team1/ros2_ws/install/px4_msgs/include/px4_msgs/px4_msgs/msg/detail/follow_target_estimator__rosidl_typesupport_fastrtps_cpp.hpp\n'}
[3.418360] (px4_msgs) StdoutLine: {'line': b'-- Up-to-date: /home/rschnurr/SkyClaw-Team1/ros2_ws/install/px4_msgs/include/px4_msgs/px4_msgs/msg/detail/gpio_config__rosidl_typesupport_fastrtps_cpp.hpp\n'}
[3.418436] (px4_msgs) StdoutLine: {'line': b'-- Up-to-date: /home/rschnurr/SkyClaw-Team1/ros2_ws/install/px4_msgs/include/px4_msgs/px4_msgs/msg/detail/lateral_control_configuration__rosidl_typesupport_fastrtps_cpp.hpp\n'}
[3.418503] (px4_msgs) StdoutLine: {'line': b'-- Up-to-date: /home/rschnurr/SkyClaw-Team1/ros2_ws/install/px4_msgs/include/px4_msgs/px4_msgs/msg/detail/actuator_controls_status__rosidl_typesupport_fastrtps_cpp.hpp\n'}
[3.418565] (px4_msgs) StdoutLine: {'line': b'-- Up-to-date: /home/rschnurr/SkyClaw-Team1/ros2_ws/install/px4_msgs/include/px4_msgs/px4_msgs/msg/detail/estimator_bias__rosidl_typesupport_fastrtps_cpp.hpp\n'}
[3.418626] (px4_msgs) StdoutLine: {'line': b'-- Up-to-date: /home/rschnurr/SkyClaw-Team1/ros2_ws/install/px4_msgs/include/px4_msgs/px4_msgs/msg/detail/gimbal_device_set_attitude__rosidl_typesupport_fastrtps_cpp.hpp\n'}
[3.418743] (px4_msgs) StdoutLine: {'line': b'-- Up-to-date: /home/rschnurr/SkyClaw-Team1/ros2_ws/install/px4_msgs/include/px4_msgs/px4_msgs/msg/detail/sensor_correction__rosidl_typesupport_fastrtps_cpp.hpp\n'}
[3.418870] (px4_msgs) StdoutLine: {'line': b'-- Up-to-date: /home/rschnurr/SkyClaw-Team1/ros2_ws/install/px4_msgs/include/px4_msgs/px4_msgs/msg/detail/landing_gear__rosidl_typesupport_fastrtps_cpp.hpp\n'}
[3.418944] (px4_msgs) StdoutLine: {'line': b'-- Up-to-date: /home/rschnurr/SkyClaw-Team1/ros2_ws/install/px4_msgs/include/px4_msgs/px4_msgs/msg/detail/sensor_gyro_fifo__rosidl_typesupport_fastrtps_cpp.hpp\n'}
[3.419010] (px4_msgs) StdoutLine: {'line': b'-- Up-to-date: /home/rschnurr/SkyClaw-Team1/ros2_ws/install/px4_msgs/include/px4_msgs/px4_msgs/msg/detail/generator_status__rosidl_typesupport_fastrtps_cpp.hpp\n'}
[3.419072] (px4_msgs) StdoutLine: {'line': b'-- Up-to-date: /home/rschnurr/SkyClaw-Team1/ros2_ws/install/px4_msgs/include/px4_msgs/px4_msgs/msg/detail/vehicle_command_ack__rosidl_typesupport_fastrtps_cpp.hpp\n'}
[3.419290] (px4_msgs) StdoutLine: {'line': b'-- Up-to-date: /home/rschnurr/SkyClaw-Team1/ros2_ws/install/px4_msgs/include/px4_msgs/px4_msgs/msg/detail/actuator_outputs__rosidl_typesupport_fastrtps_cpp.hpp\n'}
[3.419888] (px4_msgs) StdoutLine: {'line': b'-- Up-to-date: /home/rschnurr/SkyClaw-Team1/ros2_ws/install/px4_msgs/include/px4_msgs/px4_msgs/msg/detail/tiltrotor_extra_controls__rosidl_typesupport_fastrtps_cpp.hpp\n'}
[3.419988] (px4_msgs) StdoutLine: {'line': b'-- Up-to-date: /home/rschnurr/SkyClaw-Team1/ros2_ws/install/px4_msgs/include/px4_msgs/px4_msgs/msg/detail/gimbal_manager_set_manual_control__rosidl_typesupport_fastrtps_cpp.hpp\n'}
[3.420062] (px4_msgs) StdoutLine: {'line': b'-- Up-to-date: /home/rschnurr/SkyClaw-Team1/ros2_ws/install/px4_msgs/include/px4_msgs/px4_msgs/msg/detail/wheel_encoders__rosidl_typesupport_fastrtps_cpp.hpp\n'}
[3.420126] (px4_msgs) StdoutLine: {'line': b'-- Up-to-date: /home/rschnurr/SkyClaw-Team1/ros2_ws/install/px4_msgs/include/px4_msgs/px4_msgs/msg/detail/vehicle_attitude__rosidl_typesupport_fastrtps_cpp.hpp\n'}
[3.420194] (px4_msgs) StdoutLine: {'line': b'-- Up-to-date: /home/rschnurr/SkyClaw-Team1/ros2_ws/install/px4_msgs/include/px4_msgs/px4_msgs/msg/detail/control_allocator_status__rosidl_typesupport_fastrtps_cpp.hpp\n'}
[3.420257] (px4_msgs) StdoutLine: {'line': b'-- Up-to-date: /home/rschnurr/SkyClaw-Team1/ros2_ws/install/px4_msgs/include/px4_msgs/px4_msgs/msg/detail/parameter_update__rosidl_typesupport_fastrtps_cpp.hpp\n'}
[3.420545] (px4_msgs) StdoutLine: {'line': b'-- Up-to-date: /home/rschnurr/SkyClaw-Team1/ros2_ws/install/px4_msgs/include/px4_msgs/px4_msgs/msg/detail/estimator_selector_status__rosidl_typesupport_fastrtps_cpp.hpp\n'}
[3.421086] (px4_msgs) StdoutLine: {'line': b'-- Up-to-date: /home/rschnurr/SkyClaw-Team1/ros2_ws/install/px4_msgs/include/px4_msgs/px4_msgs/msg/detail/estimator_status__rosidl_typesupport_fastrtps_cpp.hpp\n'}
[3.421347] (px4_msgs) StdoutLine: {'line': b'-- Up-to-date: /home/rschnurr/SkyClaw-Team1/ros2_ws/install/px4_msgs/include/px4_msgs/px4_msgs/msg/detail/actuator_test__rosidl_typesupport_fastrtps_cpp.hpp\n'}
[3.421455] (px4_msgs) StdoutLine: {'line': b'-- Up-to-date: /home/rschnurr/SkyClaw-Team1/ros2_ws/install/px4_msgs/include/px4_msgs/px4_msgs/msg/detail/arming_check_reply__rosidl_typesupport_fastrtps_cpp.hpp\n'}
[3.421535] (px4_msgs) StdoutLine: {'line': b'-- Up-to-date: /home/rschnurr/SkyClaw-Team1/ros2_ws/install/px4_msgs/include/px4_msgs/px4_msgs/msg/detail/mission__rosidl_typesupport_fastrtps_cpp.hpp\n'}
[3.421604] (px4_msgs) StdoutLine: {'line': b'-- Up-to-date: /home/rschnurr/SkyClaw-Team1/ros2_ws/install/px4_msgs/include/px4_msgs/px4_msgs/msg/detail/led_control__rosidl_typesupport_fastrtps_cpp.hpp\n'}
[3.421789] (px4_msgs) StdoutLine: {'line': b'-- Up-to-date: /home/rschnurr/SkyClaw-Team1/ros2_ws/install/px4_msgs/include/px4_msgs/px4_msgs/msg/detail/estimator_aid_source1d__rosidl_typesupport_fastrtps_cpp.hpp\n'}
[3.421891] (px4_msgs) StdoutLine: {'line': b'-- Up-to-date: /home/rschnurr/SkyClaw-Team1/ros2_ws/install/px4_msgs/include/px4_msgs/px4_msgs/msg/detail/sensor_combined__rosidl_typesupport_fastrtps_cpp.hpp\n'}
[3.422055] (px4_msgs) StdoutLine: {'line': b'-- Up-to-date: /home/rschnurr/SkyClaw-Team1/ros2_ws/install/px4_msgs/include/px4_msgs/px4_msgs/msg/detail/parameter_set_used_request__rosidl_typesupport_fastrtps_cpp.hpp\n'}
[3.422153] (px4_msgs) StdoutLine: {'line': b'-- Up-to-date: /home/rschnurr/SkyClaw-Team1/ros2_ws/install/px4_msgs/include/px4_msgs/px4_msgs/msg/detail/vehicle_command__rosidl_typesupport_fastrtps_cpp.hpp\n'}
[3.422223] (px4_msgs) StdoutLine: {'line': b'-- Up-to-date: /home/rschnurr/SkyClaw-Team1/ros2_ws/install/px4_msgs/include/px4_msgs/px4_msgs/msg/detail/sensor_uwb__rosidl_typesupport_fastrtps_cpp.hpp\n'}
[3.422289] (px4_msgs) StdoutLine: {'line': b'-- Up-to-date: /home/rschnurr/SkyClaw-Team1/ros2_ws/install/px4_msgs/include/px4_msgs/px4_msgs/msg/detail/cellular_status__rosidl_typesupport_fastrtps_cpp.hpp\n'}
[3.422352] (px4_msgs) StdoutLine: {'line': b'-- Up-to-date: /home/rschnurr/SkyClaw-Team1/ros2_ws/install/px4_msgs/include/px4_msgs/px4_msgs/msg/detail/sensor_selection__rosidl_typesupport_fastrtps_cpp.hpp\n'}
[3.422411] (px4_msgs) StdoutLine: {'line': b'-- Up-to-date: /home/rschnurr/SkyClaw-Team1/ros2_ws/install/px4_msgs/include/px4_msgs/px4_msgs/msg/detail/rover_throttle_setpoint__rosidl_typesupport_fastrtps_cpp.hpp\n'}
[3.422483] (px4_msgs) StdoutLine: {'line': b'-- Up-to-date: /home/rschnurr/SkyClaw-Team1/ros2_ws/install/px4_msgs/include/px4_msgs/px4_msgs/msg/detail/mag_worker_data__rosidl_typesupport_fastrtps_cpp.hpp\n'}
[3.422555] (px4_msgs) StdoutLine: {'line': b'-- Up-to-date: /home/rschnurr/SkyClaw-Team1/ros2_ws/install/px4_msgs/include/px4_msgs/px4_msgs/msg/detail/sensor_gyro__rosidl_typesupport_fastrtps_cpp.hpp\n'}
[3.422710] (px4_msgs) StdoutLine: {'line': b'-- Up-to-date: /home/rschnurr/SkyClaw-Team1/ros2_ws/install/px4_msgs/include/px4_msgs/px4_msgs/msg/detail/cpuload__rosidl_typesupport_fastrtps_cpp.hpp\n'}
[3.423038] (px4_msgs) StdoutLine: {'line': b'-- Up-to-date: /home/rschnurr/SkyClaw-Team1/ros2_ws/install/px4_msgs/include/px4_msgs/px4_msgs/msg/detail/gps_inject_data__rosidl_typesupport_fastrtps_cpp.hpp\n'}
[3.423234] (px4_msgs) StdoutLine: {'line': b'-- Up-to-date: /home/rschnurr/SkyClaw-Team1/ros2_ws/install/px4_msgs/include/px4_msgs/px4_msgs/msg/detail/iridiumsbd_status__rosidl_typesupport_fastrtps_cpp.hpp\n'}
[3.423367] (px4_msgs) StdoutLine: {'line': b'-- Up-to-date: /home/rschnurr/SkyClaw-Team1/ros2_ws/install/px4_msgs/include/px4_msgs/px4_msgs/msg/detail/gimbal_controls__rosidl_typesupport_fastrtps_cpp.hpp\n'}
[3.423450] (px4_msgs) StdoutLine: {'line': b'-- Up-to-date: /home/rschnurr/SkyClaw-Team1/ros2_ws/install/px4_msgs/include/px4_msgs/px4_msgs/msg/detail/health_report__rosidl_typesupport_fastrtps_cpp.hpp\n'}
[3.423520] (px4_msgs) StdoutLine: {'line': b'-- Up-to-date: /home/rschnurr/SkyClaw-Team1/ros2_ws/install/px4_msgs/include/px4_msgs/px4_msgs/msg/detail/vtol_vehicle_status__rosidl_typesupport_fastrtps_cpp.hpp\n'}
[3.423586] (px4_msgs) StdoutLine: {'line': b'-- Up-to-date: /home/rschnurr/SkyClaw-Team1/ros2_ws/install/px4_msgs/include/px4_msgs/px4_msgs/msg/detail/gripper__rosidl_typesupport_fastrtps_cpp.hpp\n'}
[3.423718] (px4_msgs) StdoutLine: {'line': b'-- Up-to-date: /home/rschnurr/SkyClaw-Team1/ros2_ws/install/px4_msgs/include/px4_msgs/px4_msgs/msg/detail/open_drone_id_operator_id__rosidl_typesupport_fastrtps_cpp.hpp\n'}
[3.423902] (px4_msgs) StdoutLine: {'line': b'-- Up-to-date: /home/rschnurr/SkyClaw-Team1/ros2_ws/install/px4_msgs/include/px4_msgs/px4_msgs/msg/detail/sensor_accel__rosidl_typesupport_fastrtps_cpp.hpp\n'}
[3.424041] (px4_msgs) StdoutLine: {'line': b'-- Up-to-date: /home/rschnurr/SkyClaw-Team1/ros2_ws/install/px4_msgs/include/px4_msgs/px4_msgs/msg/detail/vehicle_odometry__rosidl_typesupport_fastrtps_cpp.hpp\n'}
[3.424172] (px4_msgs) StdoutLine: {'line': b'-- Up-to-date: /home/rschnurr/SkyClaw-Team1/ros2_ws/install/px4_msgs/include/px4_msgs/px4_msgs/msg/detail/vehicle_control_mode__rosidl_typesupport_fastrtps_cpp.hpp\n'}
[3.424392] (px4_msgs) StdoutLine: {'line': b'-- Up-to-date: /home/rschnurr/SkyClaw-Team1/ros2_ws/install/px4_msgs/include/px4_msgs/px4_msgs/msg/detail/pwm_input__rosidl_typesupport_fastrtps_cpp.hpp\n'}
[3.424591] (px4_msgs) StdoutLine: {'line': b'-- Up-to-date: /home/rschnurr/SkyClaw-Team1/ros2_ws/install/px4_msgs/include/px4_msgs/px4_msgs/msg/detail/estimator_gps_status__rosidl_typesupport_fastrtps_cpp.hpp\n'}
[3.424768] (px4_msgs) StdoutLine: {'line': b'-- Up-to-date: /home/rschnurr/SkyClaw-Team1/ros2_ws/install/px4_msgs/include/px4_msgs/px4_msgs/msg/detail/open_drone_id_arm_status__rosidl_typesupport_fastrtps_cpp.hpp\n'}
[3.424953] (px4_msgs) StdoutLine: {'line': b'-- Up-to-date: /home/rschnurr/SkyClaw-Team1/ros2_ws/install/px4_msgs/include/px4_msgs/px4_msgs/msg/detail/message_format_request__rosidl_typesupport_fastrtps_cpp.hpp\n'}
[3.425090] (px4_msgs) StdoutLine: {'line': b'-- Up-to-date: /home/rschnurr/SkyClaw-Team1/ros2_ws/install/px4_msgs/include/px4_msgs/px4_msgs/msg/detail/vehicle_torque_setpoint__rosidl_typesupport_fastrtps_cpp.hpp\n'}
[3.425176] (px4_msgs) StdoutLine: {'line': b'-- Up-to-date: /home/rschnurr/SkyClaw-Team1/ros2_ws/install/px4_msgs/include/px4_msgs/px4_msgs/msg/detail/esc_report__rosidl_typesupport_fastrtps_cpp.hpp\n'}
[3.425268] (px4_msgs) StdoutLine: {'line': b'-- Up-to-date: /home/rschnurr/SkyClaw-Team1/ros2_ws/install/px4_msgs/include/px4_msgs/px4_msgs/msg/detail/collision_constraints__rosidl_typesupport_fastrtps_cpp.hpp\n'}
[3.425421] (px4_msgs) StdoutLine: {'line': b'-- Up-to-date: /home/rschnurr/SkyClaw-Team1/ros2_ws/install/px4_msgs/include/px4_msgs/px4_msgs/msg/detail/sensor_airflow__rosidl_typesupport_fastrtps_cpp.hpp\n'}
[3.425521] (px4_msgs) StdoutLine: {'line': b'-- Up-to-date: /home/rschnurr/SkyClaw-Team1/ros2_ws/install/px4_msgs/include/px4_msgs/px4_msgs/msg/detail/magnetometer_bias_estimate__rosidl_typesupport_fastrtps_cpp.hpp\n'}
[3.425681] (px4_msgs) StdoutLine: {'line': b'-- Up-to-date: /home/rschnurr/SkyClaw-Team1/ros2_ws/install/px4_msgs/include/px4_msgs/px4_msgs/msg/detail/dronecan_node_status__rosidl_typesupport_fastrtps_cpp.hpp\n'}
[3.425921] (px4_msgs) StdoutLine: {'line': b'-- Up-to-date: /home/rschnurr/SkyClaw-Team1/ros2_ws/install/px4_msgs/include/px4_msgs/px4_msgs/msg/detail/irlock_report__rosidl_typesupport_fastrtps_cpp.hpp\n'}
[3.426079] (px4_msgs) StdoutLine: {'line': b'-- Up-to-date: /home/rschnurr/SkyClaw-Team1/ros2_ws/install/px4_msgs/include/px4_msgs/px4_msgs/msg/detail/sensors_status__rosidl_typesupport_fastrtps_cpp.hpp\n'}
[3.426170] (px4_msgs) StdoutLine: {'line': b'-- Up-to-date: /home/rschnurr/SkyClaw-Team1/ros2_ws/install/px4_msgs/include/px4_msgs/px4_msgs/msg/detail/rover_speed_setpoint__rosidl_typesupport_fastrtps_cpp.hpp\n'}
[3.426246] (px4_msgs) StdoutLine: {'line': b'-- Up-to-date: /home/rschnurr/SkyClaw-Team1/ros2_ws/install/px4_msgs/include/px4_msgs/px4_msgs/msg/detail/parameter_set_value_response__rosidl_typesupport_fastrtps_cpp.hpp\n'}
[3.426426] (px4_msgs) StdoutLine: {'line': b'-- Up-to-date: /home/rschnurr/SkyClaw-Team1/ros2_ws/install/px4_msgs/include/px4_msgs/px4_msgs/msg/detail/gpio_out__rosidl_typesupport_fastrtps_cpp.hpp\n'}
[3.426625] (px4_msgs) StdoutLine: {'line': b'-- Up-to-date: /home/rschnurr/SkyClaw-Team1/ros2_ws/install/px4_msgs/include/px4_msgs/px4_msgs/msg/detail/vehicle_rates_setpoint__rosidl_typesupport_fastrtps_cpp.hpp\n'}
[3.426729] (px4_msgs) StdoutLine: {'line': b'-- Up-to-date: /home/rschnurr/SkyClaw-Team1/ros2_ws/install/px4_msgs/include/px4_msgs/px4_msgs/msg/detail/actuator_motors__rosidl_typesupport_fastrtps_cpp.hpp\n'}
[3.426945] (px4_msgs) StdoutLine: {'line': b'-- Up-to-date: /home/rschnurr/SkyClaw-Team1/ros2_ws/install/px4_msgs/include/px4_msgs/px4_msgs/msg/detail/fixed_wing_lateral_setpoint__rosidl_typesupport_fastrtps_cpp.hpp\n'}
[3.427101] (px4_msgs) StdoutLine: {'line': b'-- Up-to-date: /home/rschnurr/SkyClaw-Team1/ros2_ws/install/px4_msgs/include/px4_msgs/px4_msgs/msg/detail/power_button_state__rosidl_typesupport_fastrtps_cpp.hpp\n'}
[3.427260] (px4_msgs) StdoutLine: {'line': b'-- Up-to-date: /home/rschnurr/SkyClaw-Team1/ros2_ws/install/px4_msgs/include/px4_msgs/px4_msgs/msg/detail/offboard_control_mode__rosidl_typesupport_fastrtps_cpp.hpp\n'}
[3.427478] (px4_msgs) StdoutLine: {'line': b'-- Up-to-date: /home/rschnurr/SkyClaw-Team1/ros2_ws/install/px4_msgs/include/px4_msgs/px4_msgs/msg/detail/action_request__rosidl_typesupport_fastrtps_cpp.hpp\n'}
[3.427609] (px4_msgs) StdoutLine: {'line': b'-- Up-to-date: /home/rschnurr/SkyClaw-Team1/ros2_ws/install/px4_msgs/include/px4_msgs/px4_msgs/msg/detail/dataman_request__rosidl_typesupport_fastrtps_cpp.hpp\n'}
[3.427684] (px4_msgs) StdoutLine: {'line': b'-- Up-to-date: /home/rschnurr/SkyClaw-Team1/ros2_ws/install/px4_msgs/include/px4_msgs/px4_msgs/msg/detail/manual_control_switches__rosidl_typesupport_fastrtps_cpp.hpp\n'}
[3.427829] (px4_msgs) StdoutLine: {'line': b'-- Up-to-date: /home/rschnurr/SkyClaw-Team1/ros2_ws/install/px4_msgs/include/px4_msgs/px4_msgs/msg/detail/distance_sensor_mode_change_request__rosidl_typesupport_fastrtps_cpp.hpp\n'}
[3.427931] (px4_msgs) StdoutLine: {'line': b'-- Up-to-date: /home/rschnurr/SkyClaw-Team1/ros2_ws/install/px4_msgs/include/px4_msgs/px4_msgs/msg/detail/ulog_stream__rosidl_typesupport_fastrtps_cpp.hpp\n'}
[3.428004] (px4_msgs) StdoutLine: {'line': b'-- Up-to-date: /home/rschnurr/SkyClaw-Team1/ros2_ws/install/px4_msgs/include/px4_msgs/px4_msgs/msg/detail/sensor_gyro_fft__rosidl_typesupport_fastrtps_cpp.hpp\n'}
[3.428078] (px4_msgs) StdoutLine: {'line': b'-- Up-to-date: /home/rschnurr/SkyClaw-Team1/ros2_ws/install/px4_msgs/include/px4_msgs/px4_msgs/msg/detail/rc_parameter_map__rosidl_typesupport_fastrtps_cpp.hpp\n'}
[3.428141] (px4_msgs) StdoutLine: {'line': b'-- Up-to-date: /home/rschnurr/SkyClaw-Team1/ros2_ws/install/px4_msgs/include/px4_msgs/px4_msgs/msg/detail/vehicle_land_detected__rosidl_typesupport_fastrtps_cpp.hpp\n'}
[3.428204] (px4_msgs) StdoutLine: {'line': b'-- Up-to-date: /home/rschnurr/SkyClaw-Team1/ros2_ws/install/px4_msgs/include/px4_msgs/px4_msgs/msg/detail/goto_setpoint__rosidl_typesupport_fastrtps_cpp.hpp\n'}
[3.428267] (px4_msgs) StdoutLine: {'line': b'-- Up-to-date: /home/rschnurr/SkyClaw-Team1/ros2_ws/install/px4_msgs/include/px4_msgs/px4_msgs/msg/detail/pure_pursuit_status__rosidl_typesupport_fastrtps_cpp.hpp\n'}
[3.428589] (px4_msgs) StdoutLine: {'line': b'-- Up-to-date: /home/rschnurr/SkyClaw-Team1/ros2_ws/install/px4_msgs/include/px4_msgs/px4_msgs/msg/detail/landing_target_innovations__rosidl_typesupport_fastrtps_cpp.hpp\n'}
[3.428748] (px4_msgs) StdoutLine: {'line': b'-- Up-to-date: /home/rschnurr/SkyClaw-Team1/ros2_ws/install/px4_msgs/include/px4_msgs/px4_msgs/msg/detail/takeoff_status__rosidl_typesupport_fastrtps_cpp.hpp\n'}
[3.428867] (px4_msgs) StdoutLine: {'line': b'-- Up-to-date: /home/rschnurr/SkyClaw-Team1/ros2_ws/install/px4_msgs/include/px4_msgs/px4_msgs/msg/detail/ekf2_timestamps__rosidl_typesupport_fastrtps_cpp.hpp\n'}
[3.429094] (px4_msgs) StdoutLine: {'line': b'-- Up-to-date: /home/rschnurr/SkyClaw-Team1/ros2_ws/install/px4_msgs/include/px4_msgs/px4_msgs/msg/detail/rtl_status__rosidl_typesupport_fastrtps_cpp.hpp\n'}
[3.429273] (px4_msgs) StdoutLine: {'line': b'-- Up-to-date: /home/rschnurr/SkyClaw-Team1/ros2_ws/install/px4_msgs/include/px4_msgs/px4_msgs/msg/detail/landing_gear_wheel__rosidl_typesupport_fastrtps_cpp.hpp\n'}
[3.429382] (px4_msgs) StdoutLine: {'line': b'-- Up-to-date: /home/rschnurr/SkyClaw-Team1/ros2_ws/install/px4_msgs/include/px4_msgs/px4_msgs/msg/detail/debug_vect__rosidl_typesupport_fastrtps_cpp.hpp\n'}
[3.429459] (px4_msgs) StdoutLine: {'line': b'-- Up-to-date: /home/rschnurr/SkyClaw-Team1/ros2_ws/install/px4_msgs/include/px4_msgs/px4_msgs/msg/detail/unregister_ext_component__rosidl_typesupport_fastrtps_cpp.hpp\n'}
[3.429666] (px4_msgs) StdoutLine: {'line': b'-- Up-to-date: /home/rschnurr/SkyClaw-Team1/ros2_ws/install/px4_msgs/include/px4_msgs/px4_msgs/msg/detail/vehicle_angular_acceleration_setpoint__rosidl_typesupport_fastrtps_cpp.hpp\n'}
[3.429922] (px4_msgs) StdoutLine: {'line': b'-- Up-to-date: /home/rschnurr/SkyClaw-Team1/ros2_ws/install/px4_msgs/include/px4_msgs/px4_msgs/msg/detail/battery_status__rosidl_typesupport_fastrtps_cpp.hpp\n'}
[3.430020] (px4_msgs) StdoutLine: {'line': b'-- Up-to-date: /home/rschnurr/SkyClaw-Team1/ros2_ws/install/px4_msgs/include/px4_msgs/px4_msgs/msg/detail/autotune_attitude_control_status__rosidl_typesupport_fastrtps_cpp.hpp\n'}
[3.430095] (px4_msgs) StdoutLine: {'line': b'-- Up-to-date: /home/rschnurr/SkyClaw-Team1/ros2_ws/install/px4_msgs/include/px4_msgs/px4_msgs/msg/detail/sensors_status_imu__rosidl_typesupport_fastrtps_cpp.hpp\n'}
[3.430169] (px4_msgs) StdoutLine: {'line': b'-- Up-to-date: /home/rschnurr/SkyClaw-Team1/ros2_ws/install/px4_msgs/include/px4_msgs/px4_msgs/msg/detail/trajectory_setpoint6dof__rosidl_typesupport_fastrtps_cpp.hpp\n'}
[3.430238] (px4_msgs) StdoutLine: {'line': b'-- Up-to-date: /home/rschnurr/SkyClaw-Team1/ros2_ws/install/px4_msgs/include/px4_msgs/px4_msgs/msg/detail/rover_attitude_status__rosidl_typesupport_fastrtps_cpp.hpp\n'}
[3.430302] (px4_msgs) StdoutLine: {'line': b'-- Up-to-date: /home/rschnurr/SkyClaw-Team1/ros2_ws/install/px4_msgs/include/px4_msgs/px4_msgs/msg/detail/geofence_status__rosidl_typesupport_fastrtps_cpp.hpp\n'}
[3.430369] (px4_msgs) StdoutLine: {'line': b'-- Up-to-date: /home/rschnurr/SkyClaw-Team1/ros2_ws/install/px4_msgs/include/px4_msgs/px4_msgs/msg/detail/debug_array__rosidl_typesupport_fastrtps_cpp.hpp\n'}
[3.430451] (px4_msgs) StdoutLine: {'line': b'-- Up-to-date: /home/rschnurr/SkyClaw-Team1/ros2_ws/install/px4_msgs/include/px4_msgs/px4_msgs/msg/detail/landing_target_pose__rosidl_typesupport_fastrtps_cpp.hpp\n'}
[3.430517] (px4_msgs) StdoutLine: {'line': b'-- Up-to-date: /home/rschnurr/SkyClaw-Team1/ros2_ws/install/px4_msgs/include/px4_msgs/px4_msgs/msg/detail/manual_control_setpoint__rosidl_typesupport_fastrtps_cpp.hpp\n'}
[3.430587] (px4_msgs) StdoutLine: {'line': b'-- Up-to-date: /home/rschnurr/SkyClaw-Team1/ros2_ws/install/px4_msgs/include/px4_msgs/px4_msgs/msg/detail/actuator_armed__rosidl_typesupport_fastrtps_cpp.hpp\n'}
[3.430651] (px4_msgs) StdoutLine: {'line': b'-- Up-to-date: /home/rschnurr/SkyClaw-Team1/ros2_ws/install/px4_msgs/include/px4_msgs/px4_msgs/msg/detail/mission_result__rosidl_typesupport_fastrtps_cpp.hpp\n'}
[3.430714] (px4_msgs) StdoutLine: {'line': b'-- Up-to-date: /home/rschnurr/SkyClaw-Team1/ros2_ws/install/px4_msgs/include/px4_msgs/px4_msgs/msg/detail/position_setpoint_triplet__rosidl_typesupport_fastrtps_cpp.hpp\n'}
[3.430891] (px4_msgs) StdoutLine: {'line': b'-- Up-to-date: /home/rschnurr/SkyClaw-Team1/ros2_ws/install/px4_msgs/include/px4_msgs/px4_msgs/msg/detail/follow_target_status__rosidl_typesupport_fastrtps_cpp.hpp\n'}
[3.431184] (px4_msgs) StdoutLine: {'line': b'-- Up-to-date: /home/rschnurr/SkyClaw-Team1/ros2_ws/install/px4_msgs/include/px4_msgs/px4_msgs/msg/detail/vehicle_optical_flow_vel__rosidl_typesupport_fastrtps_cpp.hpp\n'}
[3.431359] (px4_msgs) StdoutLine: {'line': b'-- Up-to-date: /home/rschnurr/SkyClaw-Team1/ros2_ws/install/px4_msgs/include/px4_msgs/px4_msgs/msg/detail/gimbal_manager_status__rosidl_typesupport_fastrtps_cpp.hpp\n'}
[3.431448] (px4_msgs) StdoutLine: {'line': b'-- Up-to-date: /home/rschnurr/SkyClaw-Team1/ros2_ws/install/px4_msgs/include/px4_msgs/px4_msgs/msg/detail/airspeed__rosidl_typesupport_fastrtps_cpp.hpp\n'}
[3.431525] (px4_msgs) StdoutLine: {'line': b'-- Up-to-date: /home/rschnurr/SkyClaw-Team1/ros2_ws/install/px4_msgs/include/px4_msgs/px4_msgs/msg/detail/parameter_set_value_request__rosidl_typesupport_fastrtps_cpp.hpp\n'}
[3.431593] (px4_msgs) StdoutLine: {'line': b'-- Up-to-date: /home/rschnurr/SkyClaw-Team1/ros2_ws/install/px4_msgs/include/px4_msgs/px4_msgs/msg/detail/gpio_request__rosidl_typesupport_fastrtps_cpp.hpp\n'}
[3.431661] (px4_msgs) StdoutLine: {'line': b'-- Up-to-date: /home/rschnurr/SkyClaw-Team1/ros2_ws/install/px4_msgs/include/px4_msgs/px4_msgs/msg/detail/mount_orientation__rosidl_typesupport_fastrtps_cpp.hpp\n'}
[3.431750] (px4_msgs) StdoutLine: {'line': b'-- Up-to-date: /home/rschnurr/SkyClaw-Team1/ros2_ws/install/px4_msgs/include/px4_msgs/px4_msgs/msg/detail/obstacle_distance__rosidl_typesupport_fastrtps_cpp.hpp\n'}
[3.431819] (px4_msgs) StdoutLine: {'line': b'-- Up-to-date: /home/rschnurr/SkyClaw-Team1/ros2_ws/install/px4_msgs/include/px4_msgs/px4_msgs/msg/detail/failure_detector_status__rosidl_typesupport_fastrtps_cpp.hpp\n'}
[3.431961] (px4_msgs) StdoutLine: {'line': b'-- Up-to-date: /home/rschnurr/SkyClaw-Team1/ros2_ws/install/px4_msgs/include/px4_msgs/px4_msgs/msg/detail/fixed_wing_lateral_guidance_status__rosidl_typesupport_fastrtps_cpp.hpp\n'}
[3.432050] (px4_msgs) StdoutLine: {'line': b'-- Up-to-date: /home/rschnurr/SkyClaw-Team1/ros2_ws/install/px4_msgs/include/px4_msgs/px4_msgs/msg/detail/system_power__rosidl_typesupport_fastrtps_cpp.hpp\n'}
[3.432124] (px4_msgs) StdoutLine: {'line': b'-- Up-to-date: /home/rschnurr/SkyClaw-Team1/ros2_ws/install/px4_msgs/include/px4_msgs/px4_msgs/msg/detail/esc_status__rosidl_typesupport_fastrtps_cpp.hpp\n'}
[3.432190] (px4_msgs) StdoutLine: {'line': b'-- Up-to-date: /home/rschnurr/SkyClaw-Team1/ros2_ws/install/px4_msgs/include/px4_msgs/px4_msgs/msg/detail/estimator_event_flags__rosidl_typesupport_fastrtps_cpp.hpp\n'}
[3.432252] (px4_msgs) StdoutLine: {'line': b'-- Up-to-date: /home/rschnurr/SkyClaw-Team1/ros2_ws/install/px4_msgs/include/px4_msgs/px4_msgs/msg/detail/radio_status__rosidl_typesupport_fastrtps_cpp.hpp\n'}
[3.432486] (px4_msgs) StdoutLine: {'line': b'-- Up-to-date: /home/rschnurr/SkyClaw-Team1/ros2_ws/install/px4_msgs/include/px4_msgs/px4_msgs/msg/detail/arming_check_request__rosidl_typesupport_fastrtps_cpp.hpp\n'}
[3.432669] (px4_msgs) StdoutLine: {'line': b'-- Up-to-date: /home/rschnurr/SkyClaw-Team1/ros2_ws/install/px4_msgs/include/px4_msgs/px4_msgs/msg/detail/estimator_sensor_bias__rosidl_typesupport_fastrtps_cpp.hpp\n'}
[3.432759] (px4_msgs) StdoutLine: {'line': b'-- Up-to-date: /home/rschnurr/SkyClaw-Team1/ros2_ws/install/px4_msgs/include/px4_msgs/px4_msgs/msg/detail/longitudinal_control_configuration__rosidl_typesupport_fastrtps_cpp.hpp\n'}
[3.432841] (px4_msgs) StdoutLine: {'line': b'-- Up-to-date: /home/rschnurr/SkyClaw-Team1/ros2_ws/install/px4_msgs/include/px4_msgs/px4_msgs/msg/detail/heater_status__rosidl_typesupport_fastrtps_cpp.hpp\n'}
[3.432907] (px4_msgs) StdoutLine: {'line': b'-- Up-to-date: /home/rschnurr/SkyClaw-Team1/ros2_ws/install/px4_msgs/include/px4_msgs/px4_msgs/msg/detail/qshell_req__rosidl_typesupport_fastrtps_cpp.hpp\n'}
[3.432971] (px4_msgs) StdoutLine: {'line': b'-- Up-to-date: /home/rschnurr/SkyClaw-Team1/ros2_ws/install/px4_msgs/include/px4_msgs/px4_msgs/msg/detail/rover_speed_status__rosidl_typesupport_fastrtps_cpp.hpp\n'}
[3.433039] (px4_msgs) StdoutLine: {'line': b'-- Up-to-date: /home/rschnurr/SkyClaw-Team1/ros2_ws/install/px4_msgs/include/px4_msgs/px4_msgs/msg/detail/rover_steering_setpoint__rosidl_typesupport_fastrtps_cpp.hpp\n'}
[3.433121] (px4_msgs) StdoutLine: {'line': b'-- Up-to-date: /home/rschnurr/SkyClaw-Team1/ros2_ws/install/px4_msgs/include/px4_msgs/px4_msgs/msg/detail/sensor_preflight_mag__rosidl_typesupport_fastrtps_cpp.hpp\n'}
[3.433184] (px4_msgs) StdoutLine: {'line': b'-- Up-to-date: /home/rschnurr/SkyClaw-Team1/ros2_ws/install/px4_msgs/include/px4_msgs/px4_msgs/msg/detail/estimator_aid_source3d__rosidl_typesupport_fastrtps_cpp.hpp\n'}
[3.433249] (px4_msgs) StdoutLine: {'line': b'-- Up-to-date: /home/rschnurr/SkyClaw-Team1/ros2_ws/install/px4_msgs/include/px4_msgs/px4_msgs/msg/detail/camera_status__rosidl_typesupport_fastrtps_cpp.hpp\n'}
[3.433314] (px4_msgs) StdoutLine: {'line': b'-- Up-to-date: /home/rschnurr/SkyClaw-Team1/ros2_ws/install/px4_msgs/include/px4_msgs/px4_msgs/msg/detail/transponder_report__rosidl_typesupport_fastrtps_cpp.hpp\n'}
[3.433377] (px4_msgs) StdoutLine: {'line': b'-- Up-to-date: /home/rschnurr/SkyClaw-Team1/ros2_ws/install/px4_msgs/include/px4_msgs/px4_msgs/msg/detail/debug_value__rosidl_typesupport_fastrtps_cpp.hpp\n'}
[3.433442] (px4_msgs) StdoutLine: {'line': b'-- Up-to-date: /home/rschnurr/SkyClaw-Team1/ros2_ws/install/px4_msgs/include/px4_msgs/px4_msgs/msg/detail/tune_control__rosidl_typesupport_fastrtps_cpp.hpp\n'}
[3.433504] (px4_msgs) StdoutLine: {'line': b'-- Up-to-date: /home/rschnurr/SkyClaw-Team1/ros2_ws/install/px4_msgs/include/px4_msgs/px4_msgs/msg/detail/mavlink_tunnel__rosidl_typesupport_fastrtps_cpp.hpp\n'}
[3.433566] (px4_msgs) StdoutLine: {'line': b'-- Up-to-date: /home/rschnurr/SkyClaw-Team1/ros2_ws/install/px4_msgs/include/px4_msgs/px4_msgs/msg/detail/velocity_limits__rosidl_typesupport_fastrtps_cpp.hpp\n'}
[3.433629] (px4_msgs) StdoutLine: {'line': b'-- Up-to-date: /home/rschnurr/SkyClaw-Team1/ros2_ws/install/px4_msgs/include/px4_msgs/px4_msgs/msg/detail/gps_dump__rosidl_typesupport_fastrtps_cpp.hpp\n'}
[3.433692] (px4_msgs) StdoutLine: {'line': b'-- Up-to-date: /home/rschnurr/SkyClaw-Team1/ros2_ws/install/px4_msgs/include/px4_msgs/px4_msgs/msg/detail/vehicle_attitude_setpoint__rosidl_typesupport_fastrtps_cpp.hpp\n'}
[3.433754] (px4_msgs) StdoutLine: {'line': b'-- Up-to-date: /home/rschnurr/SkyClaw-Team1/ros2_ws/install/px4_msgs/include/px4_msgs/px4_msgs/msg/detail/figure_eight_status__rosidl_typesupport_fastrtps_cpp.hpp\n'}
[3.433824] (px4_msgs) StdoutLine: {'line': b'-- Up-to-date: /home/rschnurr/SkyClaw-Team1/ros2_ws/install/px4_msgs/include/px4_msgs/px4_msgs/msg/detail/mavlink_log__rosidl_typesupport_fastrtps_cpp.hpp\n'}
[3.433885] (px4_msgs) StdoutLine: {'line': b'-- Up-to-date: /home/rschnurr/SkyClaw-Team1/ros2_ws/install/px4_msgs/include/px4_msgs/px4_msgs/msg/detail/battery_info__rosidl_typesupport_fastrtps_cpp.hpp\n'}
[3.433947] (px4_msgs) StdoutLine: {'line': b'-- Up-to-date: /home/rschnurr/SkyClaw-Team1/ros2_ws/install/px4_msgs/include/px4_msgs/px4_msgs/msg/detail/rc_channels__rosidl_typesupport_fastrtps_cpp.hpp\n'}
[3.434005] (px4_msgs) StdoutLine: {'line': b'-- Up-to-date: /home/rschnurr/SkyClaw-Team1/ros2_ws/install/px4_msgs/include/px4_msgs/px4_msgs/msg/detail/gimbal_device_information__rosidl_typesupport_fastrtps_cpp.hpp\n'}
[3.434066] (px4_msgs) StdoutLine: {'line': b'-- Up-to-date: /home/rschnurr/SkyClaw-Team1/ros2_ws/install/px4_msgs/include/px4_msgs/px4_msgs/msg/detail/sensor_optical_flow__rosidl_typesupport_fastrtps_cpp.hpp\n'}
[3.434257] (px4_msgs) StdoutLine: {'line': b'-- Up-to-date: /home/rschnurr/SkyClaw-Team1/ros2_ws/install/px4_msgs/lib/libpx4_msgs__rosidl_typesupport_fastrtps_cpp.so\n'}
[3.434440] (px4_msgs) StdoutLine: {'line': b'-- Up-to-date: /home/rschnurr/SkyClaw-Team1/ros2_ws/install/px4_msgs/include/px4_msgs/px4_msgs\n'}
[3.434541] (px4_msgs) StdoutLine: {'line': b'-- Up-to-date: /home/rschnurr/SkyClaw-Team1/ros2_ws/install/px4_msgs/include/px4_msgs/px4_msgs/srv\n'}
[3.434614] (px4_msgs) StdoutLine: {'line': b'-- Up-to-date: /home/rschnurr/SkyClaw-Team1/ros2_ws/install/px4_msgs/include/px4_msgs/px4_msgs/srv/detail\n'}
[3.434688] (px4_msgs) StdoutLine: {'line': b'-- Up-to-date: /home/rschnurr/SkyClaw-Team1/ros2_ws/install/px4_msgs/include/px4_msgs/px4_msgs/srv/detail/vehicle_command__type_support.c\n'}
[3.435029] (px4_msgs) StdoutLine: {'line': b'-- Up-to-date: /home/rschnurr/SkyClaw-Team1/ros2_ws/install/px4_msgs/include/px4_msgs/px4_msgs/srv/detail/vehicle_command__rosidl_typesupport_introspection_c.h\n'}
[3.435186] (px4_msgs) StdoutLine: {'line': b'-- Up-to-date: /home/rschnurr/SkyClaw-Team1/ros2_ws/install/px4_msgs/include/px4_msgs/px4_msgs/msg\n'}
[3.435435] (px4_msgs) StdoutLine: {'line': b'-- Up-to-date: /home/rschnurr/SkyClaw-Team1/ros2_ws/install/px4_msgs/include/px4_msgs/px4_msgs/msg/rosidl_typesupport_introspection_c__visibility_control.h\n'}
[3.435542] (px4_msgs) StdoutLine: {'line': b'-- Up-to-date: /home/rschnurr/SkyClaw-Team1/ros2_ws/install/px4_msgs/include/px4_msgs/px4_msgs/msg/detail\n'}
[3.435621] (px4_msgs) StdoutLine: {'line': b'-- Up-to-date: /home/rschnurr/SkyClaw-Team1/ros2_ws/install/px4_msgs/include/px4_msgs/px4_msgs/msg/detail/hover_thrust_estimate__type_support.c\n'}
[3.435705] (px4_msgs) StdoutLine: {'line': b'-- Up-to-date: /home/rschnurr/SkyClaw-Team1/ros2_ws/install/px4_msgs/include/px4_msgs/px4_msgs/msg/detail/sensor_gnss_status__rosidl_typesupport_introspection_c.h\n'}
[3.435771] (px4_msgs) StdoutLine: {'line': b'-- Up-to-date: /home/rschnurr/SkyClaw-Team1/ros2_ws/install/px4_msgs/include/px4_msgs/px4_msgs/msg/detail/vehicle_land_detected__rosidl_typesupport_introspection_c.h\n'}
[3.436055] (px4_msgs) StdoutLine: {'line': b'-- Up-to-date: /home/rschnurr/SkyClaw-Team1/ros2_ws/install/px4_msgs/include/px4_msgs/px4_msgs/msg/detail/airspeed_wind__rosidl_typesupport_introspection_c.h\n'}
[3.436253] (px4_msgs) StdoutLine: {'line': b'-- Up-to-date: /home/rschnurr/SkyClaw-Team1/ros2_ws/install/px4_msgs/include/px4_msgs/px4_msgs/msg/detail/radio_status__type_support.c\n'}
[3.436615] (px4_msgs) StdoutLine: {'line': b'-- Up-to-date: /home/rschnurr/SkyClaw-Team1/ros2_ws/install/px4_msgs/include/px4_msgs/px4_msgs/msg/detail/fuel_tank_status__rosidl_typesupport_introspection_c.h\n'}
[3.436745] (px4_msgs) StdoutLine: {'line': b'-- Up-to-date: /home/rschnurr/SkyClaw-Team1/ros2_ws/install/px4_msgs/include/px4_msgs/px4_msgs/msg/detail/rover_rate_status__type_support.c\n'}
[3.436818] (px4_msgs) StdoutLine: {'line': b'-- Up-to-date: /home/rschnurr/SkyClaw-Team1/ros2_ws/install/px4_msgs/include/px4_msgs/px4_msgs/msg/detail/collision_constraints__type_support.c\n'}
[3.436878] (px4_msgs) StdoutLine: {'line': b'-- Up-to-date: /home/rschnurr/SkyClaw-Team1/ros2_ws/install/px4_msgs/include/px4_msgs/px4_msgs/msg/detail/vehicle_command_ack__rosidl_typesupport_introspection_c.h\n'}
[3.437100] (px4_msgs) StdoutLine: {'line': b'-- Up-to-date: /home/rschnurr/SkyClaw-Team1/ros2_ws/install/px4_msgs/include/px4_msgs/px4_msgs/msg/detail/sensor_accel_fifo__type_support.c\n'}
[3.437181] (px4_msgs) StdoutLine: {'line': b'-- Up-to-date: /home/rschnurr/SkyClaw-Team1/ros2_ws/install/px4_msgs/include/px4_msgs/px4_msgs/msg/detail/navigator_status__rosidl_typesupport_introspection_c.h\n'}
[3.437248] (px4_msgs) StdoutLine: {'line': b'-- Up-to-date: /home/rschnurr/SkyClaw-Team1/ros2_ws/install/px4_msgs/include/px4_msgs/px4_msgs/msg/detail/vehicle_imu_status__type_support.c\n'}
[3.437308] (px4_msgs) StdoutLine: {'line': b'-- Up-to-date: /home/rschnurr/SkyClaw-Team1/ros2_ws/install/px4_msgs/include/px4_msgs/px4_msgs/msg/detail/estimator_event_flags__type_support.c\n'}
[3.437524] (px4_msgs) StdoutLine: {'line': b'-- Up-to-date: /home/rschnurr/SkyClaw-Team1/ros2_ws/install/px4_msgs/include/px4_msgs/px4_msgs/msg/detail/geofence_result__type_support.c\n'}
[3.437742] (px4_msgs) StdoutLine: {'line': b'-- Up-to-date: /home/rschnurr/SkyClaw-Team1/ros2_ws/install/px4_msgs/include/px4_msgs/px4_msgs/msg/detail/mag_worker_data__type_support.c\n'}
[3.438008] (px4_msgs) StdoutLine: {'line': b'-- Up-to-date: /home/rschnurr/SkyClaw-Team1/ros2_ws/install/px4_msgs/include/px4_msgs/px4_msgs/msg/detail/rover_position_setpoint__type_support.c\n'}
[3.438129] (px4_msgs) StdoutLine: {'line': b'-- Up-to-date: /home/rschnurr/SkyClaw-Team1/ros2_ws/install/px4_msgs/include/px4_msgs/px4_msgs/msg/detail/vehicle_odometry__rosidl_typesupport_introspection_c.h\n'}
[3.438212] (px4_msgs) StdoutLine: {'line': b'-- Up-to-date: /home/rschnurr/SkyClaw-Team1/ros2_ws/install/px4_msgs/include/px4_msgs/px4_msgs/msg/detail/sensor_combined__type_support.c\n'}
[3.438281] (px4_msgs) StdoutLine: {'line': b'-- Up-to-date: /home/rschnurr/SkyClaw-Team1/ros2_ws/install/px4_msgs/include/px4_msgs/px4_msgs/msg/detail/vehicle_local_position__rosidl_typesupport_introspection_c.h\n'}
[3.438496] (px4_msgs) StdoutLine: {'line': b'-- Up-to-date: /home/rschnurr/SkyClaw-Team1/ros2_ws/install/px4_msgs/include/px4_msgs/px4_msgs/msg/detail/vehicle_magnetometer__type_support.c\n'}
[3.438787] (px4_msgs) StdoutLine: {'line': b'-- Up-to-date: /home/rschnurr/SkyClaw-Team1/ros2_ws/install/px4_msgs/include/px4_msgs/px4_msgs/msg/detail/sensor_preflight_mag__type_support.c\n'}
[3.438895] (px4_msgs) StdoutLine: {'line': b'-- Up-to-date: /home/rschnurr/SkyClaw-Team1/ros2_ws/install/px4_msgs/include/px4_msgs/px4_msgs/msg/detail/sensor_gyro_fifo__rosidl_typesupport_introspection_c.h\n'}
[3.438969] (px4_msgs) StdoutLine: {'line': b'-- Up-to-date: /home/rschnurr/SkyClaw-Team1/ros2_ws/install/px4_msgs/include/px4_msgs/px4_msgs/msg/detail/unregister_ext_component__type_support.c\n'}
[3.439036] (px4_msgs) StdoutLine: {'line': b'-- Up-to-date: /home/rschnurr/SkyClaw-Team1/ros2_ws/install/px4_msgs/include/px4_msgs/px4_msgs/msg/detail/rover_position_setpoint__rosidl_typesupport_introspection_c.h\n'}
[3.439107] (px4_msgs) StdoutLine: {'line': b'-- Up-to-date: /home/rschnurr/SkyClaw-Team1/ros2_ws/install/px4_msgs/include/px4_msgs/px4_msgs/msg/detail/sensor_accel_fifo__rosidl_typesupport_introspection_c.h\n'}
[3.439174] (px4_msgs) StdoutLine: {'line': b'-- Up-to-date: /home/rschnurr/SkyClaw-Team1/ros2_ws/install/px4_msgs/include/px4_msgs/px4_msgs/msg/detail/rover_attitude_status__rosidl_typesupport_introspection_c.h\n'}
[3.439241] (px4_msgs) StdoutLine: {'line': b'-- Up-to-date: /home/rschnurr/SkyClaw-Team1/ros2_ws/install/px4_msgs/include/px4_msgs/px4_msgs/msg/detail/gimbal_manager_set_attitude__rosidl_typesupport_introspection_c.h\n'}
[3.439322] (px4_msgs) StdoutLine: {'line': b'-- Up-to-date: /home/rschnurr/SkyClaw-Team1/ros2_ws/install/px4_msgs/include/px4_msgs/px4_msgs/msg/detail/sensor_gyro__rosidl_typesupport_introspection_c.h\n'}
[3.439383] (px4_msgs) StdoutLine: {'line': b'-- Up-to-date: /home/rschnurr/SkyClaw-Team1/ros2_ws/install/px4_msgs/include/px4_msgs/px4_msgs/msg/detail/failure_detector_status__type_support.c\n'}
[3.439442] (px4_msgs) StdoutLine: {'line': b'-- Up-to-date: /home/rschnurr/SkyClaw-Team1/ros2_ws/install/px4_msgs/include/px4_msgs/px4_msgs/msg/detail/arming_check_request__rosidl_typesupport_introspection_c.h\n'}
[3.439508] (px4_msgs) StdoutLine: {'line': b'-- Up-to-date: /home/rschnurr/SkyClaw-Team1/ros2_ws/install/px4_msgs/include/px4_msgs/px4_msgs/msg/detail/sensor_hygrometer__rosidl_typesupport_introspection_c.h\n'}
[3.439570] (px4_msgs) StdoutLine: {'line': b'-- Up-to-date: /home/rschnurr/SkyClaw-Team1/ros2_ws/install/px4_msgs/include/px4_msgs/px4_msgs/msg/detail/unregister_ext_component__rosidl_typesupport_introspection_c.h\n'}
[3.439632] (px4_msgs) StdoutLine: {'line': b'-- Up-to-date: /home/rschnurr/SkyClaw-Team1/ros2_ws/install/px4_msgs/include/px4_msgs/px4_msgs/msg/detail/estimator_aid_source3d__rosidl_typesupport_introspection_c.h\n'}
[3.439691] (px4_msgs) StdoutLine: {'line': b'-- Up-to-date: /home/rschnurr/SkyClaw-Team1/ros2_ws/install/px4_msgs/include/px4_msgs/px4_msgs/msg/detail/sensor_mag__type_support.c\n'}
[3.439749] (px4_msgs) StdoutLine: {'line': b'-- Up-to-date: /home/rschnurr/SkyClaw-Team1/ros2_ws/install/px4_msgs/include/px4_msgs/px4_msgs/msg/detail/power_monitor__type_support.c\n'}
[3.439808] (px4_msgs) StdoutLine: {'line': b'-- Up-to-date: /home/rschnurr/SkyClaw-Team1/ros2_ws/install/px4_msgs/include/px4_msgs/px4_msgs/msg/detail/heater_status__rosidl_typesupport_introspection_c.h\n'}
[3.439871] (px4_msgs) StdoutLine: {'line': b'-- Up-to-date: /home/rschnurr/SkyClaw-Team1/ros2_ws/install/px4_msgs/include/px4_msgs/px4_msgs/msg/detail/estimator_status__rosidl_typesupport_introspection_c.h\n'}
[3.439930] (px4_msgs) StdoutLine: {'line': b'-- Up-to-date: /home/rschnurr/SkyClaw-Team1/ros2_ws/install/px4_msgs/include/px4_msgs/px4_msgs/msg/detail/esc_status__rosidl_typesupport_introspection_c.h\n'}
[3.439990] (px4_msgs) StdoutLine: {'line': b'-- Up-to-date: /home/rschnurr/SkyClaw-Team1/ros2_ws/install/px4_msgs/include/px4_msgs/px4_msgs/msg/detail/event__type_support.c\n'}
[3.440048] (px4_msgs) StdoutLine: {'line': b'-- Up-to-date: /home/rschnurr/SkyClaw-Team1/ros2_ws/install/px4_msgs/include/px4_msgs/px4_msgs/msg/detail/system_power__rosidl_typesupport_introspection_c.h\n'}
[3.440107] (px4_msgs) StdoutLine: {'line': b'-- Up-to-date: /home/rschnurr/SkyClaw-Team1/ros2_ws/install/px4_msgs/include/px4_msgs/px4_msgs/msg/detail/sensors_status__type_support.c\n'}
[3.440406] (px4_msgs) StdoutLine: {'line': b'-- Up-to-date: /home/rschnurr/SkyClaw-Team1/ros2_ws/install/px4_msgs/include/px4_msgs/px4_msgs/msg/detail/vehicle_angular_velocity__type_support.c\n'}
[3.440554] (px4_msgs) StdoutLine: {'line': b'-- Up-to-date: /home/rschnurr/SkyClaw-Team1/ros2_ws/install/px4_msgs/include/px4_msgs/px4_msgs/msg/detail/qshell_retval__rosidl_typesupport_introspection_c.h\n'}
[3.440691] (px4_msgs) StdoutLine: {'line': b'-- Up-to-date: /home/rschnurr/SkyClaw-Team1/ros2_ws/install/px4_msgs/include/px4_msgs/px4_msgs/msg/detail/debug_key_value__rosidl_typesupport_introspection_c.h\n'}
[3.440819] (px4_msgs) StdoutLine: {'line': b'-- Up-to-date: /home/rschnurr/SkyClaw-Team1/ros2_ws/install/px4_msgs/include/px4_msgs/px4_msgs/msg/detail/logger_status__rosidl_typesupport_introspection_c.h\n'}
[3.440894] (px4_msgs) StdoutLine: {'line': b'-- Up-to-date: /home/rschnurr/SkyClaw-Team1/ros2_ws/install/px4_msgs/include/px4_msgs/px4_msgs/msg/detail/offboard_control_mode__type_support.c\n'}
[3.440958] (px4_msgs) StdoutLine: {'line': b'-- Up-to-date: /home/rschnurr/SkyClaw-Team1/ros2_ws/install/px4_msgs/include/px4_msgs/px4_msgs/msg/detail/vehicle_imu__type_support.c\n'}
[3.441020] (px4_msgs) StdoutLine: {'line': b'-- Up-to-date: /home/rschnurr/SkyClaw-Team1/ros2_ws/install/px4_msgs/include/px4_msgs/px4_msgs/msg/detail/rover_attitude_setpoint__rosidl_typesupport_introspection_c.h\n'}
[3.441081] (px4_msgs) StdoutLine: {'line': b'-- Up-to-date: /home/rschnurr/SkyClaw-Team1/ros2_ws/install/px4_msgs/include/px4_msgs/px4_msgs/msg/detail/landing_target_innovations__rosidl_typesupport_introspection_c.h\n'}
[3.441148] (px4_msgs) StdoutLine: {'line': b'-- Up-to-date: /home/rschnurr/SkyClaw-Team1/ros2_ws/install/px4_msgs/include/px4_msgs/px4_msgs/msg/detail/mission_result__type_support.c\n'}
[3.441226] (px4_msgs) StdoutLine: {'line': b'-- Up-to-date: /home/rschnurr/SkyClaw-Team1/ros2_ws/install/px4_msgs/include/px4_msgs/px4_msgs/msg/detail/vehicle_air_data__type_support.c\n'}
[3.441288] (px4_msgs) StdoutLine: {'line': b'-- Up-to-date: /home/rschnurr/SkyClaw-Team1/ros2_ws/install/px4_msgs/include/px4_msgs/px4_msgs/msg/detail/distance_sensor_mode_change_request__type_support.c\n'}
[3.441360] (px4_msgs) StdoutLine: {'line': b'-- Up-to-date: /home/rschnurr/SkyClaw-Team1/ros2_ws/install/px4_msgs/include/px4_msgs/px4_msgs/msg/detail/sensor_baro__type_support.c\n'}
[3.441426] (px4_msgs) StdoutLine: {'line': b'-- Up-to-date: /home/rschnurr/SkyClaw-Team1/ros2_ws/install/px4_msgs/include/px4_msgs/px4_msgs/msg/detail/velocity_limits__rosidl_typesupport_introspection_c.h\n'}
[3.441486] (px4_msgs) StdoutLine: {'line': b'-- Up-to-date: /home/rschnurr/SkyClaw-Team1/ros2_ws/install/px4_msgs/include/px4_msgs/px4_msgs/msg/detail/normalized_unsigned_setpoint__rosidl_typesupport_introspection_c.h\n'}
[3.441547] (px4_msgs) StdoutLine: {'line': b'-- Up-to-date: /home/rschnurr/SkyClaw-Team1/ros2_ws/install/px4_msgs/include/px4_msgs/px4_msgs/msg/detail/magnetometer_bias_estimate__rosidl_typesupport_introspection_c.h\n'}
[3.441608] (px4_msgs) StdoutLine: {'line': b'-- Up-to-date: /home/rschnurr/SkyClaw-Team1/ros2_ws/install/px4_msgs/include/px4_msgs/px4_msgs/msg/detail/cellular_status__rosidl_typesupport_introspection_c.h\n'}
[3.441669] (px4_msgs) StdoutLine: {'line': b'-- Up-to-date: /home/rschnurr/SkyClaw-Team1/ros2_ws/install/px4_msgs/include/px4_msgs/px4_msgs/msg/detail/sensor_accel__type_support.c\n'}
[3.441774] (px4_msgs) StdoutLine: {'line': b'-- Up-to-date: /home/rschnurr/SkyClaw-Team1/ros2_ws/install/px4_msgs/include/px4_msgs/px4_msgs/msg/detail/onboard_computer_status__rosidl_typesupport_introspection_c.h\n'}
[3.441900] (px4_msgs) StdoutLine: {'line': b'-- Up-to-date: /home/rschnurr/SkyClaw-Team1/ros2_ws/install/px4_msgs/include/px4_msgs/px4_msgs/msg/detail/vehicle_rates_setpoint__rosidl_typesupport_introspection_c.h\n'}
[3.441976] (px4_msgs) StdoutLine: {'line': b'-- Up-to-date: /home/rschnurr/SkyClaw-Team1/ros2_ws/install/px4_msgs/include/px4_msgs/px4_msgs/msg/detail/manual_control_switches__type_support.c\n'}
[3.442044] (px4_msgs) StdoutLine: {'line': b'-- Up-to-date: /home/rschnurr/SkyClaw-Team1/ros2_ws/install/px4_msgs/include/px4_msgs/px4_msgs/msg/detail/ping__rosidl_typesupport_introspection_c.h\n'}
[3.442109] (px4_msgs) StdoutLine: {'line': b'-- Up-to-date: /home/rschnurr/SkyClaw-Team1/ros2_ws/install/px4_msgs/include/px4_msgs/px4_msgs/msg/detail/message_format_response__rosidl_typesupport_introspection_c.h\n'}
[3.442172] (px4_msgs) StdoutLine: {'line': b'-- Up-to-date: /home/rschnurr/SkyClaw-Team1/ros2_ws/install/px4_msgs/include/px4_msgs/px4_msgs/msg/detail/gimbal_manager_information__rosidl_typesupport_introspection_c.h\n'}
[3.442233] (px4_msgs) StdoutLine: {'line': b'-- Up-to-date: /home/rschnurr/SkyClaw-Team1/ros2_ws/install/px4_msgs/include/px4_msgs/px4_msgs/msg/detail/transponder_report__rosidl_typesupport_introspection_c.h\n'}
[3.442295] (px4_msgs) StdoutLine: {'line': b'-- Up-to-date: /home/rschnurr/SkyClaw-Team1/ros2_ws/install/px4_msgs/include/px4_msgs/px4_msgs/msg/detail/vehicle_torque_setpoint__type_support.c\n'}
[3.442355] (px4_msgs) StdoutLine: {'line': b'-- Up-to-date: /home/rschnurr/SkyClaw-Team1/ros2_ws/install/px4_msgs/include/px4_msgs/px4_msgs/msg/detail/orb_test_large__rosidl_typesupport_introspection_c.h\n'}
[3.442532] (px4_msgs) StdoutLine: {'line': b'-- Up-to-date: /home/rschnurr/SkyClaw-Team1/ros2_ws/install/px4_msgs/include/px4_msgs/px4_msgs/msg/detail/tecs_status__type_support.c\n'}
[3.442746] (px4_msgs) StdoutLine: {'line': b'-- Up-to-date: /home/rschnurr/SkyClaw-Team1/ros2_ws/install/px4_msgs/include/px4_msgs/px4_msgs/msg/detail/vehicle_optical_flow__type_support.c\n'}
[3.442851] (px4_msgs) StdoutLine: {'line': b'-- Up-to-date: /home/rschnurr/SkyClaw-Team1/ros2_ws/install/px4_msgs/include/px4_msgs/px4_msgs/msg/detail/estimator_aid_source1d__rosidl_typesupport_introspection_c.h\n'}
[3.442934] (px4_msgs) StdoutLine: {'line': b'-- Up-to-date: /home/rschnurr/SkyClaw-Team1/ros2_ws/install/px4_msgs/include/px4_msgs/px4_msgs/msg/detail/follow_target_estimator__type_support.c\n'}
[3.442998] (px4_msgs) StdoutLine: {'line': b'-- Up-to-date: /home/rschnurr/SkyClaw-Team1/ros2_ws/install/px4_msgs/include/px4_msgs/px4_msgs/msg/detail/telemetry_status__type_support.c\n'}
[3.443059] (px4_msgs) StdoutLine: {'line': b'-- Up-to-date: /home/rschnurr/SkyClaw-Team1/ros2_ws/install/px4_msgs/include/px4_msgs/px4_msgs/msg/detail/airspeed_validated__rosidl_typesupport_introspection_c.h\n'}
[3.443119] (px4_msgs) StdoutLine: {'line': b'-- Up-to-date: /home/rschnurr/SkyClaw-Team1/ros2_ws/install/px4_msgs/include/px4_msgs/px4_msgs/msg/detail/gpio_out__type_support.c\n'}
[3.443179] (px4_msgs) StdoutLine: {'line': b'-- Up-to-date: /home/rschnurr/SkyClaw-Team1/ros2_ws/install/px4_msgs/include/px4_msgs/px4_msgs/msg/detail/goto_setpoint__type_support.c\n'}
[3.443237] (px4_msgs) StdoutLine: {'line': b'-- Up-to-date: /home/rschnurr/SkyClaw-Team1/ros2_ws/install/px4_msgs/include/px4_msgs/px4_msgs/msg/detail/led_control__rosidl_typesupport_introspection_c.h\n'}
[3.443296] (px4_msgs) StdoutLine: {'line': b'-- Up-to-date: /home/rschnurr/SkyClaw-Team1/ros2_ws/install/px4_msgs/include/px4_msgs/px4_msgs/msg/detail/fixed_wing_lateral_guidance_status__rosidl_typesupport_introspection_c.h\n'}
[3.443360] (px4_msgs) StdoutLine: {'line': b'-- Up-to-date: /home/rschnurr/SkyClaw-Team1/ros2_ws/install/px4_msgs/include/px4_msgs/px4_msgs/msg/detail/fixed_wing_lateral_guidance_status__type_support.c\n'}
[3.443418] (px4_msgs) StdoutLine: {'line': b'-- Up-to-date: /home/rschnurr/SkyClaw-Team1/ros2_ws/install/px4_msgs/include/px4_msgs/px4_msgs/msg/detail/message_format_request__type_support.c\n'}
[3.443476] (px4_msgs) StdoutLine: {'line': b'-- Up-to-date: /home/rschnurr/SkyClaw-Team1/ros2_ws/install/px4_msgs/include/px4_msgs/px4_msgs/msg/detail/register_ext_component_reply__rosidl_typesupport_introspection_c.h\n'}
[3.443535] (px4_msgs) StdoutLine: {'line': b'-- Up-to-date: /home/rschnurr/SkyClaw-Team1/ros2_ws/install/px4_msgs/include/px4_msgs/px4_msgs/msg/detail/gimbal_manager_set_manual_control__rosidl_typesupport_introspection_c.h\n'}
[3.443595] (px4_msgs) StdoutLine: {'line': b'-- Up-to-date: /home/rschnurr/SkyClaw-Team1/ros2_ws/install/px4_msgs/include/px4_msgs/px4_msgs/msg/detail/mode_completed__type_support.c\n'}
[3.443655] (px4_msgs) StdoutLine: {'line': b'-- Up-to-date: /home/rschnurr/SkyClaw-Team1/ros2_ws/install/px4_msgs/include/px4_msgs/px4_msgs/msg/detail/estimator_status__type_support.c\n'}
[3.443713] (px4_msgs) StdoutLine: {'line': b'-- Up-to-date: /home/rschnurr/SkyClaw-Team1/ros2_ws/install/px4_msgs/include/px4_msgs/px4_msgs/msg/detail/esc_report__rosidl_typesupport_introspection_c.h\n'}
[3.443772] (px4_msgs) StdoutLine: {'line': b'-- Up-to-date: /home/rschnurr/SkyClaw-Team1/ros2_ws/install/px4_msgs/include/px4_msgs/px4_msgs/msg/detail/rate_ctrl_status__type_support.c\n'}
[3.443834] (px4_msgs) StdoutLine: {'line': b'-- Up-to-date: /home/rschnurr/SkyClaw-Team1/ros2_ws/install/px4_msgs/include/px4_msgs/px4_msgs/msg/detail/debug_value__type_support.c\n'}
[3.443891] (px4_msgs) StdoutLine: {'line': b'-- Up-to-date: /home/rschnurr/SkyClaw-Team1/ros2_ws/install/px4_msgs/include/px4_msgs/px4_msgs/msg/detail/satellite_info__rosidl_typesupport_introspection_c.h\n'}
[3.443949] (px4_msgs) StdoutLine: {'line': b'-- Up-to-date: /home/rschnurr/SkyClaw-Team1/ros2_ws/install/px4_msgs/include/px4_msgs/px4_msgs/msg/detail/pwm_input__rosidl_typesupport_introspection_c.h\n'}
[3.444007] (px4_msgs) StdoutLine: {'line': b'-- Up-to-date: /home/rschnurr/SkyClaw-Team1/ros2_ws/install/px4_msgs/include/px4_msgs/px4_msgs/msg/detail/debug_vect__rosidl_typesupport_introspection_c.h\n'}
[3.444064] (px4_msgs) StdoutLine: {'line': b'-- Up-to-date: /home/rschnurr/SkyClaw-Team1/ros2_ws/install/px4_msgs/include/px4_msgs/px4_msgs/msg/detail/flight_phase_estimation__type_support.c\n'}
[3.444121] (px4_msgs) StdoutLine: {'line': b'-- Up-to-date: /home/rschnurr/SkyClaw-Team1/ros2_ws/install/px4_msgs/include/px4_msgs/px4_msgs/msg/detail/estimator_bias3d__rosidl_typesupport_introspection_c.h\n'}
[3.444182] (px4_msgs) StdoutLine: {'line': b'-- Up-to-date: /home/rschnurr/SkyClaw-Team1/ros2_ws/install/px4_msgs/include/px4_msgs/px4_msgs/msg/detail/takeoff_status__type_support.c\n'}
[3.444241] (px4_msgs) StdoutLine: {'line': b'-- Up-to-date: /home/rschnurr/SkyClaw-Team1/ros2_ws/install/px4_msgs/include/px4_msgs/px4_msgs/msg/detail/sensors_status_imu__type_support.c\n'}
[3.444299] (px4_msgs) StdoutLine: {'line': b'-- Up-to-date: /home/rschnurr/SkyClaw-Team1/ros2_ws/install/px4_msgs/include/px4_msgs/px4_msgs/msg/detail/irlock_report__rosidl_typesupport_introspection_c.h\n'}
[3.444412] (px4_msgs) StdoutLine: {'line': b'-- Up-to-date: /home/rschnurr/SkyClaw-Team1/ros2_ws/install/px4_msgs/include/px4_msgs/px4_msgs/msg/detail/position_setpoint__type_support.c\n'}
[3.444483] (px4_msgs) StdoutLine: {'line': b'-- Up-to-date: /home/rschnurr/SkyClaw-Team1/ros2_ws/install/px4_msgs/include/px4_msgs/px4_msgs/msg/detail/orbit_status__type_support.c\n'}
[3.444540] (px4_msgs) StdoutLine: {'line': b'-- Up-to-date: /home/rschnurr/SkyClaw-Team1/ros2_ws/install/px4_msgs/include/px4_msgs/px4_msgs/msg/detail/rpm__rosidl_typesupport_introspection_c.h\n'}
[3.444597] (px4_msgs) StdoutLine: {'line': b'-- Up-to-date: /home/rschnurr/SkyClaw-Team1/ros2_ws/install/px4_msgs/include/px4_msgs/px4_msgs/msg/detail/parameter_set_value_response__type_support.c\n'}
[3.444754] (px4_msgs) StdoutLine: {'line': b'-- Up-to-date: /home/rschnurr/SkyClaw-Team1/ros2_ws/install/px4_msgs/include/px4_msgs/px4_msgs/msg/detail/rate_ctrl_status__rosidl_typesupport_introspection_c.h\n'}
[3.444846] (px4_msgs) StdoutLine: {'line': b'-- Up-to-date: /home/rschnurr/SkyClaw-Team1/ros2_ws/install/px4_msgs/include/px4_msgs/px4_msgs/msg/detail/mission__rosidl_typesupport_introspection_c.h\n'}
[3.444914] (px4_msgs) StdoutLine: {'line': b'-- Up-to-date: /home/rschnurr/SkyClaw-Team1/ros2_ws/install/px4_msgs/include/px4_msgs/px4_msgs/msg/detail/sensor_optical_flow__rosidl_typesupport_introspection_c.h\n'}
[3.444987] (px4_msgs) StdoutLine: {'line': b'-- Up-to-date: /home/rschnurr/SkyClaw-Team1/ros2_ws/install/px4_msgs/include/px4_msgs/px4_msgs/msg/detail/sensor_airflow__rosidl_typesupport_introspection_c.h\n'}
[3.445051] (px4_msgs) StdoutLine: {'line': b'-- Up-to-date: /home/rschnurr/SkyClaw-Team1/ros2_ws/install/px4_msgs/include/px4_msgs/px4_msgs/msg/detail/event__rosidl_typesupport_introspection_c.h\n'}
[3.445125] (px4_msgs) StdoutLine: {'line': b'-- Up-to-date: /home/rschnurr/SkyClaw-Team1/ros2_ws/install/px4_msgs/include/px4_msgs/px4_msgs/msg/detail/actuator_controls_status__type_support.c\n'}
[3.445186] (px4_msgs) StdoutLine: {'line': b'-- Up-to-date: /home/rschnurr/SkyClaw-Team1/ros2_ws/install/px4_msgs/include/px4_msgs/px4_msgs/msg/detail/gpio_request__type_support.c\n'}
[3.445246] (px4_msgs) StdoutLine: {'line': b'-- Up-to-date: /home/rschnurr/SkyClaw-Team1/ros2_ws/install/px4_msgs/include/px4_msgs/px4_msgs/msg/detail/estimator_aid_source2d__rosidl_typesupport_introspection_c.h\n'}
[3.445306] (px4_msgs) StdoutLine: {'line': b'-- Up-to-date: /home/rschnurr/SkyClaw-Team1/ros2_ws/install/px4_msgs/include/px4_msgs/px4_msgs/msg/detail/autotune_attitude_control_status__type_support.c\n'}
[3.445366] (px4_msgs) StdoutLine: {'line': b'-- Up-to-date: /home/rschnurr/SkyClaw-Team1/ros2_ws/install/px4_msgs/include/px4_msgs/px4_msgs/msg/detail/home_position__type_support.c\n'}
[3.445427] (px4_msgs) StdoutLine: {'line': b'-- Up-to-date: /home/rschnurr/SkyClaw-Team1/ros2_ws/install/px4_msgs/include/px4_msgs/px4_msgs/msg/detail/mount_orientation__type_support.c\n'}
[3.445485] (px4_msgs) StdoutLine: {'line': b'-- Up-to-date: /home/rschnurr/SkyClaw-Team1/ros2_ws/install/px4_msgs/include/px4_msgs/px4_msgs/msg/detail/estimator_selector_status__rosidl_typesupport_introspection_c.h\n'}
[3.445545] (px4_msgs) StdoutLine: {'line': b'-- Up-to-date: /home/rschnurr/SkyClaw-Team1/ros2_ws/install/px4_msgs/include/px4_msgs/px4_msgs/msg/detail/position_controller_status__rosidl_typesupport_introspection_c.h\n'}
[3.445610] (px4_msgs) StdoutLine: {'line': b'-- Up-to-date: /home/rschnurr/SkyClaw-Team1/ros2_ws/install/px4_msgs/include/px4_msgs/px4_msgs/msg/detail/actuator_armed__type_support.c\n'}
[3.445747] (px4_msgs) StdoutLine: {'line': b'-- Up-to-date: /home/rschnurr/SkyClaw-Team1/ros2_ws/install/px4_msgs/include/px4_msgs/px4_msgs/msg/detail/vtol_vehicle_status__rosidl_typesupport_introspection_c.h\n'}
[3.446811] (px4_msgs) StdoutLine: {'line': b'-- Up-to-date: /home/rschnurr/SkyClaw-Team1/ros2_ws/install/px4_msgs/include/px4_msgs/px4_msgs/msg/detail/landing_gear_wheel__type_support.c\n'}
[3.446919] (px4_msgs) StdoutLine: {'line': b'-- Up-to-date: /home/rschnurr/SkyClaw-Team1/ros2_ws/install/px4_msgs/include/px4_msgs/px4_msgs/msg/detail/rover_rate_setpoint__type_support.c\n'}
[3.446993] (px4_msgs) StdoutLine: {'line': b'-- Up-to-date: /home/rschnurr/SkyClaw-Team1/ros2_ws/install/px4_msgs/include/px4_msgs/px4_msgs/msg/detail/power_button_state__rosidl_typesupport_introspection_c.h\n'}
[3.447058] (px4_msgs) StdoutLine: {'line': b'-- Up-to-date: /home/rschnurr/SkyClaw-Team1/ros2_ws/install/px4_msgs/include/px4_msgs/px4_msgs/msg/detail/gps_dump__type_support.c\n'}
[3.447128] (px4_msgs) StdoutLine: {'line': b'-- Up-to-date: /home/rschnurr/SkyClaw-Team1/ros2_ws/install/px4_msgs/include/px4_msgs/px4_msgs/msg/detail/gpio_config__type_support.c\n'}
[3.447189] (px4_msgs) StdoutLine: {'line': b'-- Up-to-date: /home/rschnurr/SkyClaw-Team1/ros2_ws/install/px4_msgs/include/px4_msgs/px4_msgs/msg/detail/manual_control_switches__rosidl_typesupport_introspection_c.h\n'}
[3.447248] (px4_msgs) StdoutLine: {'line': b'-- Up-to-date: /home/rschnurr/SkyClaw-Team1/ros2_ws/install/px4_msgs/include/px4_msgs/px4_msgs/msg/detail/actuator_servos__rosidl_typesupport_introspection_c.h\n'}
[3.447306] (px4_msgs) StdoutLine: {'line': b'-- Up-to-date: /home/rschnurr/SkyClaw-Team1/ros2_ws/install/px4_msgs/include/px4_msgs/px4_msgs/msg/detail/flight_phase_estimation__rosidl_typesupport_introspection_c.h\n'}
[3.447369] (px4_msgs) StdoutLine: {'line': b'-- Up-to-date: /home/rschnurr/SkyClaw-Team1/ros2_ws/install/px4_msgs/include/px4_msgs/px4_msgs/msg/detail/pwm_input__type_support.c\n'}
[3.447433] (px4_msgs) StdoutLine: {'line': b'-- Up-to-date: /home/rschnurr/SkyClaw-Team1/ros2_ws/install/px4_msgs/include/px4_msgs/px4_msgs/msg/detail/qshell_retval__type_support.c\n'}
[3.447593] (px4_msgs) StdoutLine: {'line': b'-- Up-to-date: /home/rschnurr/SkyClaw-Team1/ros2_ws/install/px4_msgs/include/px4_msgs/px4_msgs/msg/detail/obstacle_distance__rosidl_typesupport_introspection_c.h\n'}
[3.447770] (px4_msgs) StdoutLine: {'line': b'-- Up-to-date: /home/rschnurr/SkyClaw-Team1/ros2_ws/install/px4_msgs/include/px4_msgs/px4_msgs/msg/detail/rover_speed_status__type_support.c\n'}
[3.447849] (px4_msgs) StdoutLine: {'line': b'-- Up-to-date: /home/rschnurr/SkyClaw-Team1/ros2_ws/install/px4_msgs/include/px4_msgs/px4_msgs/msg/detail/mavlink_tunnel__rosidl_typesupport_introspection_c.h\n'}
[3.447915] (px4_msgs) StdoutLine: {'line': b'-- Up-to-date: /home/rschnurr/SkyClaw-Team1/ros2_ws/install/px4_msgs/include/px4_msgs/px4_msgs/msg/detail/actuator_test__rosidl_typesupport_introspection_c.h\n'}
[3.447977] (px4_msgs) StdoutLine: {'line': b'-- Up-to-date: /home/rschnurr/SkyClaw-Team1/ros2_ws/install/px4_msgs/include/px4_msgs/px4_msgs/msg/detail/ekf2_timestamps__rosidl_typesupport_introspection_c.h\n'}
[3.448054] (px4_msgs) StdoutLine: {'line': b'-- Up-to-date: /home/rschnurr/SkyClaw-Team1/ros2_ws/install/px4_msgs/include/px4_msgs/px4_msgs/msg/detail/parameter_set_used_request__rosidl_typesupport_introspection_c.h\n'}
[3.448117] (px4_msgs) StdoutLine: {'line': b'-- Up-to-date: /home/rschnurr/SkyClaw-Team1/ros2_ws/install/px4_msgs/include/px4_msgs/px4_msgs/msg/detail/estimator_innovations__type_support.c\n'}
[3.448180] (px4_msgs) StdoutLine: {'line': b'-- Up-to-date: /home/rschnurr/SkyClaw-Team1/ros2_ws/install/px4_msgs/include/px4_msgs/px4_msgs/msg/detail/geofence_status__type_support.c\n'}
[3.448242] (px4_msgs) StdoutLine: {'line': b'-- Up-to-date: /home/rschnurr/SkyClaw-Team1/ros2_ws/install/px4_msgs/include/px4_msgs/px4_msgs/msg/detail/parameter_update__type_support.c\n'}
[3.448307] (px4_msgs) StdoutLine: {'line': b'-- Up-to-date: /home/rschnurr/SkyClaw-Team1/ros2_ws/install/px4_msgs/include/px4_msgs/px4_msgs/msg/detail/vehicle_imu__rosidl_typesupport_introspection_c.h\n'}
[3.448591] (px4_msgs) StdoutLine: {'line': b'-- Up-to-date: /home/rschnurr/SkyClaw-Team1/ros2_ws/install/px4_msgs/include/px4_msgs/px4_msgs/msg/detail/wheel_encoders__rosidl_typesupport_introspection_c.h\n'}
[3.448710] (px4_msgs) StdoutLine: {'line': b'-- Up-to-date: /home/rschnurr/SkyClaw-Team1/ros2_ws/install/px4_msgs/include/px4_msgs/px4_msgs/msg/detail/open_drone_id_operator_id__rosidl_typesupport_introspection_c.h\n'}
[3.448786] (px4_msgs) StdoutLine: {'line': b'-- Up-to-date: /home/rschnurr/SkyClaw-Team1/ros2_ws/install/px4_msgs/include/px4_msgs/px4_msgs/msg/detail/fixed_wing_lateral_setpoint__type_support.c\n'}
[3.448852] (px4_msgs) StdoutLine: {'line': b'-- Up-to-date: /home/rschnurr/SkyClaw-Team1/ros2_ws/install/px4_msgs/include/px4_msgs/px4_msgs/msg/detail/battery_info__type_support.c\n'}
[3.448920] (px4_msgs) StdoutLine: {'line': b'-- Up-to-date: /home/rschnurr/SkyClaw-Team1/ros2_ws/install/px4_msgs/include/px4_msgs/px4_msgs/msg/detail/debug_vect__type_support.c\n'}
[3.448986] (px4_msgs) StdoutLine: {'line': b'-- Up-to-date: /home/rschnurr/SkyClaw-Team1/ros2_ws/install/px4_msgs/include/px4_msgs/px4_msgs/msg/detail/camera_trigger__type_support.c\n'}
[3.449050] (px4_msgs) StdoutLine: {'line': b'-- Up-to-date: /home/rschnurr/SkyClaw-Team1/ros2_ws/install/px4_msgs/include/px4_msgs/px4_msgs/msg/detail/control_allocator_status__rosidl_typesupport_introspection_c.h\n'}
[3.449112] (px4_msgs) StdoutLine: {'line': b'-- Up-to-date: /home/rschnurr/SkyClaw-Team1/ros2_ws/install/px4_msgs/include/px4_msgs/px4_msgs/msg/detail/fuel_tank_status__type_support.c\n'}
[3.449173] (px4_msgs) StdoutLine: {'line': b'-- Up-to-date: /home/rschnurr/SkyClaw-Team1/ros2_ws/install/px4_msgs/include/px4_msgs/px4_msgs/msg/detail/tune_control__type_support.c\n'}
[3.449234] (px4_msgs) StdoutLine: {'line': b'-- Up-to-date: /home/rschnurr/SkyClaw-Team1/ros2_ws/install/px4_msgs/include/px4_msgs/px4_msgs/msg/detail/position_controller_landing_status__type_support.c\n'}
[3.449295] (px4_msgs) StdoutLine: {'line': b'-- Up-to-date: /home/rschnurr/SkyClaw-Team1/ros2_ws/install/px4_msgs/include/px4_msgs/px4_msgs/msg/detail/adc_report__type_support.c\n'}
[3.449357] (px4_msgs) StdoutLine: {'line': b'-- Up-to-date: /home/rschnurr/SkyClaw-Team1/ros2_ws/install/px4_msgs/include/px4_msgs/px4_msgs/msg/detail/follow_target_status__type_support.c\n'}
[3.449418] (px4_msgs) StdoutLine: {'line': b'-- Up-to-date: /home/rschnurr/SkyClaw-Team1/ros2_ws/install/px4_msgs/include/px4_msgs/px4_msgs/msg/detail/vehicle_odometry__type_support.c\n'}
[3.449478] (px4_msgs) StdoutLine: {'line': b'-- Up-to-date: /home/rschnurr/SkyClaw-Team1/ros2_ws/install/px4_msgs/include/px4_msgs/px4_msgs/msg/detail/vehicle_constraints__type_support.c\n'}
[3.449539] (px4_msgs) StdoutLine: {'line': b'-- Up-to-date: /home/rschnurr/SkyClaw-Team1/ros2_ws/install/px4_msgs/include/px4_msgs/px4_msgs/msg/detail/mavlink_log__type_support.c\n'}
[3.449598] (px4_msgs) StdoutLine: {'line': b'-- Up-to-date: /home/rschnurr/SkyClaw-Team1/ros2_ws/install/px4_msgs/include/px4_msgs/px4_msgs/msg/detail/vehicle_control_mode__type_support.c\n'}
[3.449665] (px4_msgs) StdoutLine: {'line': b'-- Up-to-date: /home/rschnurr/SkyClaw-Team1/ros2_ws/install/px4_msgs/include/px4_msgs/px4_msgs/msg/detail/pure_pursuit_status__rosidl_typesupport_introspection_c.h\n'}
[3.449742] (px4_msgs) StdoutLine: {'line': b'-- Up-to-date: /home/rschnurr/SkyClaw-Team1/ros2_ws/install/px4_msgs/include/px4_msgs/px4_msgs/msg/detail/action_request__rosidl_typesupport_introspection_c.h\n'}
[3.449804] (px4_msgs) StdoutLine: {'line': b'-- Up-to-date: /home/rschnurr/SkyClaw-Team1/ros2_ws/install/px4_msgs/include/px4_msgs/px4_msgs/msg/detail/dataman_response__rosidl_typesupport_introspection_c.h\n'}
[3.449869] (px4_msgs) StdoutLine: {'line': b'-- Up-to-date: /home/rschnurr/SkyClaw-Team1/ros2_ws/install/px4_msgs/include/px4_msgs/px4_msgs/msg/detail/position_setpoint_triplet__rosidl_typesupport_introspection_c.h\n'}
[3.449929] (px4_msgs) StdoutLine: {'line': b'-- Up-to-date: /home/rschnurr/SkyClaw-Team1/ros2_ws/install/px4_msgs/include/px4_msgs/px4_msgs/msg/detail/lateral_control_configuration__rosidl_typesupport_introspection_c.h\n'}
[3.449997] (px4_msgs) StdoutLine: {'line': b'-- Up-to-date: /home/rschnurr/SkyClaw-Team1/ros2_ws/install/px4_msgs/include/px4_msgs/px4_msgs/msg/detail/sensor_gps__type_support.c\n'}
[3.450056] (px4_msgs) StdoutLine: {'line': b'-- Up-to-date: /home/rschnurr/SkyClaw-Team1/ros2_ws/install/px4_msgs/include/px4_msgs/px4_msgs/msg/detail/internal_combustion_engine_control__type_support.c\n'}
[3.450115] (px4_msgs) StdoutLine: {'line': b'-- Up-to-date: /home/rschnurr/SkyClaw-Team1/ros2_ws/install/px4_msgs/include/px4_msgs/px4_msgs/msg/detail/normalized_unsigned_setpoint__type_support.c\n'}
[3.450174] (px4_msgs) StdoutLine: {'line': b'-- Up-to-date: /home/rschnurr/SkyClaw-Team1/ros2_ws/install/px4_msgs/include/px4_msgs/px4_msgs/msg/detail/sensor_selection__rosidl_typesupport_introspection_c.h\n'}
[3.450235] (px4_msgs) StdoutLine: {'line': b'-- Up-to-date: /home/rschnurr/SkyClaw-Team1/ros2_ws/install/px4_msgs/include/px4_msgs/px4_msgs/msg/detail/gimbal_device_set_attitude__type_support.c\n'}
[3.450398] (px4_msgs) StdoutLine: {'line': b'-- Up-to-date: /home/rschnurr/SkyClaw-Team1/ros2_ws/install/px4_msgs/include/px4_msgs/px4_msgs/msg/detail/wheel_encoders__type_support.c\n'}
[3.450480] (px4_msgs) StdoutLine: {'line': b'-- Up-to-date: /home/rschnurr/SkyClaw-Team1/ros2_ws/install/px4_msgs/include/px4_msgs/px4_msgs/msg/detail/vehicle_command__type_support.c\n'}
[3.450644] (px4_msgs) StdoutLine: {'line': b'-- Up-to-date: /home/rschnurr/SkyClaw-Team1/ros2_ws/install/px4_msgs/include/px4_msgs/px4_msgs/msg/detail/follow_target_estimator__rosidl_typesupport_introspection_c.h\n'}
[3.450733] (px4_msgs) StdoutLine: {'line': b'-- Up-to-date: /home/rschnurr/SkyClaw-Team1/ros2_ws/install/px4_msgs/include/px4_msgs/px4_msgs/msg/detail/register_ext_component_request__type_support.c\n'}
[3.450805] (px4_msgs) StdoutLine: {'line': b'-- Up-to-date: /home/rschnurr/SkyClaw-Team1/ros2_ws/install/px4_msgs/include/px4_msgs/px4_msgs/msg/detail/vehicle_attitude__rosidl_typesupport_introspection_c.h\n'}
[3.450869] (px4_msgs) StdoutLine: {'line': b'-- Up-to-date: /home/rschnurr/SkyClaw-Team1/ros2_ws/install/px4_msgs/include/px4_msgs/px4_msgs/msg/detail/onboard_computer_status__type_support.c\n'}
[3.450939] (px4_msgs) StdoutLine: {'line': b'-- Up-to-date: /home/rschnurr/SkyClaw-Team1/ros2_ws/install/px4_msgs/include/px4_msgs/px4_msgs/msg/detail/estimator_sensor_bias__type_support.c\n'}
[3.451005] (px4_msgs) StdoutLine: {'line': b'-- Up-to-date: /home/rschnurr/SkyClaw-Team1/ros2_ws/install/px4_msgs/include/px4_msgs/px4_msgs/msg/detail/vehicle_global_position__rosidl_typesupport_introspection_c.h\n'}
[3.451067] (px4_msgs) StdoutLine: {'line': b'-- Up-to-date: /home/rschnurr/SkyClaw-Team1/ros2_ws/install/px4_msgs/include/px4_msgs/px4_msgs/msg/detail/rover_speed_setpoint__rosidl_typesupport_introspection_c.h\n'}
[3.451126] (px4_msgs) StdoutLine: {'line': b'-- Up-to-date: /home/rschnurr/SkyClaw-Team1/ros2_ws/install/px4_msgs/include/px4_msgs/px4_msgs/msg/detail/rtl_time_estimate__rosidl_typesupport_introspection_c.h\n'}
[3.451186] (px4_msgs) StdoutLine: {'line': b'-- Up-to-date: /home/rschnurr/SkyClaw-Team1/ros2_ws/install/px4_msgs/include/px4_msgs/px4_msgs/msg/detail/vehicle_status__type_support.c\n'}
[3.451246] (px4_msgs) StdoutLine: {'line': b'-- Up-to-date: /home/rschnurr/SkyClaw-Team1/ros2_ws/install/px4_msgs/include/px4_msgs/px4_msgs/msg/detail/input_rc__rosidl_typesupport_introspection_c.h\n'}
[3.451305] (px4_msgs) StdoutLine: {'line': b'-- Up-to-date: /home/rschnurr/SkyClaw-Team1/ros2_ws/install/px4_msgs/include/px4_msgs/px4_msgs/msg/detail/estimator_status_flags__type_support.c\n'}
[3.451365] (px4_msgs) StdoutLine: {'line': b'-- Up-to-date: /home/rschnurr/SkyClaw-Team1/ros2_ws/install/px4_msgs/include/px4_msgs/px4_msgs/msg/detail/actuator_test__type_support.c\n'}
[3.451437] (px4_msgs) StdoutLine: {'line': b'-- Up-to-date: /home/rschnurr/SkyClaw-Team1/ros2_ws/install/px4_msgs/include/px4_msgs/px4_msgs/msg/detail/sensor_uwb__type_support.c\n'}
[3.451496] (px4_msgs) StdoutLine: {'line': b'-- Up-to-date: /home/rschnurr/SkyClaw-Team1/ros2_ws/install/px4_msgs/include/px4_msgs/px4_msgs/msg/detail/lateral_control_configuration__type_support.c\n'}
[3.451557] (px4_msgs) StdoutLine: {'line': b'-- Up-to-date: /home/rschnurr/SkyClaw-Team1/ros2_ws/install/px4_msgs/include/px4_msgs/px4_msgs/msg/detail/estimator_aid_source1d__type_support.c\n'}
[3.451615] (px4_msgs) StdoutLine: {'line': b'-- Up-to-date: /home/rschnurr/SkyClaw-Team1/ros2_ws/install/px4_msgs/include/px4_msgs/px4_msgs/msg/detail/iridiumsbd_status__rosidl_typesupport_introspection_c.h\n'}
[3.451682] (px4_msgs) StdoutLine: {'line': b'-- Up-to-date: /home/rschnurr/SkyClaw-Team1/ros2_ws/install/px4_msgs/include/px4_msgs/px4_msgs/msg/detail/vehicle_constraints__rosidl_typesupport_introspection_c.h\n'}
[3.451742] (px4_msgs) StdoutLine: {'line': b'-- Up-to-date: /home/rschnurr/SkyClaw-Team1/ros2_ws/install/px4_msgs/include/px4_msgs/px4_msgs/msg/detail/timesync_status__type_support.c\n'}
[3.451800] (px4_msgs) StdoutLine: {'line': b'-- Up-to-date: /home/rschnurr/SkyClaw-Team1/ros2_ws/install/px4_msgs/include/px4_msgs/px4_msgs/msg/detail/sensor_gyro__type_support.c\n'}
[3.451863] (px4_msgs) StdoutLine: {'line': b'-- Up-to-date: /home/rschnurr/SkyClaw-Team1/ros2_ws/install/px4_msgs/include/px4_msgs/px4_msgs/msg/detail/camera_capture__type_support.c\n'}
[3.451924] (px4_msgs) StdoutLine: {'line': b'-- Up-to-date: /home/rschnurr/SkyClaw-Team1/ros2_ws/install/px4_msgs/include/px4_msgs/px4_msgs/msg/detail/qshell_req__type_support.c\n'}
[3.451983] (px4_msgs) StdoutLine: {'line': b'-- Up-to-date: /home/rschnurr/SkyClaw-Team1/ros2_ws/install/px4_msgs/include/px4_msgs/px4_msgs/msg/detail/rc_parameter_map__type_support.c\n'}
[3.452042] (px4_msgs) StdoutLine: {'line': b'-- Up-to-date: /home/rschnurr/SkyClaw-Team1/ros2_ws/install/px4_msgs/include/px4_msgs/px4_msgs/msg/detail/distance_sensor__rosidl_typesupport_introspection_c.h\n'}
[3.452100] (px4_msgs) StdoutLine: {'line': b'-- Up-to-date: /home/rschnurr/SkyClaw-Team1/ros2_ws/install/px4_msgs/include/px4_msgs/px4_msgs/msg/detail/tiltrotor_extra_controls__rosidl_typesupport_introspection_c.h\n'}
[3.452158] (px4_msgs) StdoutLine: {'line': b'-- Up-to-date: /home/rschnurr/SkyClaw-Team1/ros2_ws/install/px4_msgs/include/px4_msgs/px4_msgs/msg/detail/rover_rate_status__rosidl_typesupport_introspection_c.h\n'}
[3.452218] (px4_msgs) StdoutLine: {'line': b'-- Up-to-date: /home/rschnurr/SkyClaw-Team1/ros2_ws/install/px4_msgs/include/px4_msgs/px4_msgs/msg/detail/gimbal_device_information__type_support.c\n'}
[3.452268] (px4_msgs) StdoutLine: {'line': b'-- Up-to-date: /home/rschnurr/SkyClaw-Team1/ros2_ws/install/px4_msgs/include/px4_msgs/px4_msgs/msg/detail/ulog_stream_ack__type_support.c\n'}
[3.452325] (px4_msgs) StdoutLine: {'line': b'-- Up-to-date: /home/rschnurr/SkyClaw-Team1/ros2_ws/install/px4_msgs/include/px4_msgs/px4_msgs/msg/detail/position_controller_landing_status__rosidl_typesupport_introspection_c.h\n'}
[3.452540] (px4_msgs) StdoutLine: {'line': b'-- Up-to-date: /home/rschnurr/SkyClaw-Team1/ros2_ws/install/px4_msgs/include/px4_msgs/px4_msgs/msg/detail/vehicle_attitude__type_support.c\n'}
[3.452722] (px4_msgs) StdoutLine: {'line': b'-- Up-to-date: /home/rschnurr/SkyClaw-Team1/ros2_ws/install/px4_msgs/include/px4_msgs/px4_msgs/msg/detail/gimbal_manager_set_attitude__type_support.c\n'}
[3.452821] (px4_msgs) StdoutLine: {'line': b'-- Up-to-date: /home/rschnurr/SkyClaw-Team1/ros2_ws/install/px4_msgs/include/px4_msgs/px4_msgs/msg/detail/sensor_correction__rosidl_typesupport_introspection_c.h\n'}
[3.452890] (px4_msgs) StdoutLine: {'line': b'-- Up-to-date: /home/rschnurr/SkyClaw-Team1/ros2_ws/install/px4_msgs/include/px4_msgs/px4_msgs/msg/detail/arming_check_reply__rosidl_typesupport_introspection_c.h\n'}
[3.452981] (px4_msgs) StdoutLine: {'line': b'-- Up-to-date: /home/rschnurr/SkyClaw-Team1/ros2_ws/install/px4_msgs/include/px4_msgs/px4_msgs/msg/detail/airspeed_wind__type_support.c\n'}
[3.453039] (px4_msgs) StdoutLine: {'line': b'-- Up-to-date: /home/rschnurr/SkyClaw-Team1/ros2_ws/install/px4_msgs/include/px4_msgs/px4_msgs/msg/detail/dataman_request__type_support.c\n'}
[3.453092] (px4_msgs) StdoutLine: {'line': b'-- Up-to-date: /home/rschnurr/SkyClaw-Team1/ros2_ws/install/px4_msgs/include/px4_msgs/px4_msgs/msg/detail/battery_status__rosidl_typesupport_introspection_c.h\n'}
[3.453138] (px4_msgs) StdoutLine: {'line': b'-- Up-to-date: /home/rschnurr/SkyClaw-Team1/ros2_ws/install/px4_msgs/include/px4_msgs/px4_msgs/msg/detail/fixed_wing_longitudinal_setpoint__rosidl_typesupport_introspection_c.h\n'}
[3.453187] (px4_msgs) StdoutLine: {'line': b'-- Up-to-date: /home/rschnurr/SkyClaw-Team1/ros2_ws/install/px4_msgs/include/px4_msgs/px4_msgs/msg/detail/trajectory_setpoint__rosidl_typesupport_introspection_c.h\n'}
[3.453230] (px4_msgs) StdoutLine: {'line': b'-- Up-to-date: /home/rschnurr/SkyClaw-Team1/ros2_ws/install/px4_msgs/include/px4_msgs/px4_msgs/msg/detail/sensor_gps__rosidl_typesupport_introspection_c.h\n'}
[3.453273] (px4_msgs) StdoutLine: {'line': b'-- Up-to-date: /home/rschnurr/SkyClaw-Team1/ros2_ws/install/px4_msgs/include/px4_msgs/px4_msgs/msg/detail/sensor_combined__rosidl_typesupport_introspection_c.h\n'}
[3.453316] (px4_msgs) StdoutLine: {'line': b'-- Up-to-date: /home/rschnurr/SkyClaw-Team1/ros2_ws/install/px4_msgs/include/px4_msgs/px4_msgs/msg/detail/yaw_estimator_status__type_support.c\n'}
[3.453358] (px4_msgs) StdoutLine: {'line': b'-- Up-to-date: /home/rschnurr/SkyClaw-Team1/ros2_ws/install/px4_msgs/include/px4_msgs/px4_msgs/msg/detail/ping__type_support.c\n'}
[3.453406] (px4_msgs) StdoutLine: {'line': b'-- Up-to-date: /home/rschnurr/SkyClaw-Team1/ros2_ws/install/px4_msgs/include/px4_msgs/px4_msgs/msg/detail/actuator_outputs__type_support.c\n'}
[3.453458] (px4_msgs) StdoutLine: {'line': b'-- Up-to-date: /home/rschnurr/SkyClaw-Team1/ros2_ws/install/px4_msgs/include/px4_msgs/px4_msgs/msg/detail/heater_status__type_support.c\n'}
[3.453512] (px4_msgs) StdoutLine: {'line': b'-- Up-to-date: /home/rschnurr/SkyClaw-Team1/ros2_ws/install/px4_msgs/include/px4_msgs/px4_msgs/msg/detail/system_power__type_support.c\n'}
[3.453572] (px4_msgs) StdoutLine: {'line': b'-- Up-to-date: /home/rschnurr/SkyClaw-Team1/ros2_ws/install/px4_msgs/include/px4_msgs/px4_msgs/msg/detail/follow_target_status__rosidl_typesupport_introspection_c.h\n'}
[3.453696] (px4_msgs) StdoutLine: {'line': b'-- Up-to-date: /home/rschnurr/SkyClaw-Team1/ros2_ws/install/px4_msgs/include/px4_msgs/px4_msgs/msg/detail/landing_gear_wheel__rosidl_typesupport_introspection_c.h\n'}
[3.453874] (px4_msgs) StdoutLine: {'line': b'-- Up-to-date: /home/rschnurr/SkyClaw-Team1/ros2_ws/install/px4_msgs/include/px4_msgs/px4_msgs/msg/detail/longitudinal_control_configuration__rosidl_typesupport_introspection_c.h\n'}
[3.454307] (px4_msgs) StdoutLine: {'line': b'-- Up-to-date: /home/rschnurr/SkyClaw-Team1/ros2_ws/install/px4_msgs/include/px4_msgs/px4_msgs/msg/detail/vehicle_command__rosidl_typesupport_introspection_c.h\n'}
[3.454546] (px4_msgs) StdoutLine: {'line': b'-- Up-to-date: /home/rschnurr/SkyClaw-Team1/ros2_ws/install/px4_msgs/include/px4_msgs/px4_msgs/msg/detail/estimator_bias3d__type_support.c\n'}
[3.454686] (px4_msgs) StdoutLine: {'line': b'-- Up-to-date: /home/rschnurr/SkyClaw-Team1/ros2_ws/install/px4_msgs/include/px4_msgs/px4_msgs/msg/detail/button_event__rosidl_typesupport_introspection_c.h\n'}
[3.454762] (px4_msgs) StdoutLine: {'line': b'-- Up-to-date: /home/rschnurr/SkyClaw-Team1/ros2_ws/install/px4_msgs/include/px4_msgs/px4_msgs/msg/detail/register_ext_component_request__rosidl_typesupport_introspection_c.h\n'}
[3.454828] (px4_msgs) StdoutLine: {'line': b'-- Up-to-date: /home/rschnurr/SkyClaw-Team1/ros2_ws/install/px4_msgs/include/px4_msgs/px4_msgs/msg/detail/vehicle_magnetometer__rosidl_typesupport_introspection_c.h\n'}
[3.454893] (px4_msgs) StdoutLine: {'line': b'-- Up-to-date: /home/rschnurr/SkyClaw-Team1/ros2_ws/install/px4_msgs/include/px4_msgs/px4_msgs/msg/detail/ulog_stream_ack__rosidl_typesupport_introspection_c.h\n'}
[3.454966] (px4_msgs) StdoutLine: {'line': b'-- Up-to-date: /home/rschnurr/SkyClaw-Team1/ros2_ws/install/px4_msgs/include/px4_msgs/px4_msgs/msg/detail/gps_inject_data__rosidl_typesupport_introspection_c.h\n'}
[3.455018] (px4_msgs) StdoutLine: {'line': b'-- Up-to-date: /home/rschnurr/SkyClaw-Team1/ros2_ws/install/px4_msgs/include/px4_msgs/px4_msgs/msg/detail/rc_channels__type_support.c\n'}
[3.455073] (px4_msgs) StdoutLine: {'line': b'-- Up-to-date: /home/rschnurr/SkyClaw-Team1/ros2_ws/install/px4_msgs/include/px4_msgs/px4_msgs/msg/detail/arming_check_reply__type_support.c\n'}
[3.455129] (px4_msgs) StdoutLine: {'line': b'-- Up-to-date: /home/rschnurr/SkyClaw-Team1/ros2_ws/install/px4_msgs/include/px4_msgs/px4_msgs/msg/detail/open_drone_id_arm_status__rosidl_typesupport_introspection_c.h\n'}
[3.455181] (px4_msgs) StdoutLine: {'line': b'-- Up-to-date: /home/rschnurr/SkyClaw-Team1/ros2_ws/install/px4_msgs/include/px4_msgs/px4_msgs/msg/detail/can_interface_status__type_support.c\n'}
[3.455232] (px4_msgs) StdoutLine: {'line': b'-- Up-to-date: /home/rschnurr/SkyClaw-Team1/ros2_ws/install/px4_msgs/include/px4_msgs/px4_msgs/msg/detail/dataman_response__type_support.c\n'}
[3.455293] (px4_msgs) StdoutLine: {'line': b'-- Up-to-date: /home/rschnurr/SkyClaw-Team1/ros2_ws/install/px4_msgs/include/px4_msgs/px4_msgs/msg/detail/open_drone_id_self_id__rosidl_typesupport_introspection_c.h\n'}
[3.455355] (px4_msgs) StdoutLine: {'line': b'-- Up-to-date: /home/rschnurr/SkyClaw-Team1/ros2_ws/install/px4_msgs/include/px4_msgs/px4_msgs/msg/detail/trajectory_setpoint__type_support.c\n'}
[3.455418] (px4_msgs) StdoutLine: {'line': b'-- Up-to-date: /home/rschnurr/SkyClaw-Team1/ros2_ws/install/px4_msgs/include/px4_msgs/px4_msgs/msg/detail/position_setpoint__rosidl_typesupport_introspection_c.h\n'}
[3.455481] (px4_msgs) StdoutLine: {'line': b'-- Up-to-date: /home/rschnurr/SkyClaw-Team1/ros2_ws/install/px4_msgs/include/px4_msgs/px4_msgs/msg/detail/actuator_outputs__rosidl_typesupport_introspection_c.h\n'}
[3.455542] (px4_msgs) StdoutLine: {'line': b'-- Up-to-date: /home/rschnurr/SkyClaw-Team1/ros2_ws/install/px4_msgs/include/px4_msgs/px4_msgs/msg/detail/vehicle_optical_flow_vel__rosidl_typesupport_introspection_c.h\n'}
[3.455603] (px4_msgs) StdoutLine: {'line': b'-- Up-to-date: /home/rschnurr/SkyClaw-Team1/ros2_ws/install/px4_msgs/include/px4_msgs/px4_msgs/msg/detail/orb_test__type_support.c\n'}
[3.455662] (px4_msgs) StdoutLine: {'line': b'-- Up-to-date: /home/rschnurr/SkyClaw-Team1/ros2_ws/install/px4_msgs/include/px4_msgs/px4_msgs/msg/detail/led_control__type_support.c\n'}
[3.455841] (px4_msgs) StdoutLine: {'line': b'-- Up-to-date: /home/rschnurr/SkyClaw-Team1/ros2_ws/install/px4_msgs/include/px4_msgs/px4_msgs/msg/detail/fixed_wing_lateral_status__rosidl_typesupport_introspection_c.h\n'}
[3.455986] (px4_msgs) StdoutLine: {'line': b'-- Up-to-date: /home/rschnurr/SkyClaw-Team1/ros2_ws/install/px4_msgs/include/px4_msgs/px4_msgs/msg/detail/mode_completed__rosidl_typesupport_introspection_c.h\n'}
[3.456078] (px4_msgs) StdoutLine: {'line': b'-- Up-to-date: /home/rschnurr/SkyClaw-Team1/ros2_ws/install/px4_msgs/include/px4_msgs/px4_msgs/msg/detail/parameter_reset_request__rosidl_typesupport_introspection_c.h\n'}
[3.456162] (px4_msgs) StdoutLine: {'line': b'-- Up-to-date: /home/rschnurr/SkyClaw-Team1/ros2_ws/install/px4_msgs/include/px4_msgs/px4_msgs/msg/detail/dataman_request__rosidl_typesupport_introspection_c.h\n'}
[3.456484] (px4_msgs) StdoutLine: {'line': b'-- Up-to-date: /home/rschnurr/SkyClaw-Team1/ros2_ws/install/px4_msgs/include/px4_msgs/px4_msgs/msg/detail/estimator_innovations__rosidl_typesupport_introspection_c.h\n'}
[3.457021] (px4_msgs) StdoutLine: {'line': b'-- Up-to-date: /home/rschnurr/SkyClaw-Team1/ros2_ws/install/px4_msgs/include/px4_msgs/px4_msgs/msg/detail/gimbal_manager_status__rosidl_typesupport_introspection_c.h\n'}
[3.457198] (px4_msgs) StdoutLine: {'line': b'-- Up-to-date: /home/rschnurr/SkyClaw-Team1/ros2_ws/install/px4_msgs/include/px4_msgs/px4_msgs/msg/detail/parameter_set_value_request__rosidl_typesupport_introspection_c.h\n'}
[3.457317] (px4_msgs) StdoutLine: {'line': b'-- Up-to-date: /home/rschnurr/SkyClaw-Team1/ros2_ws/install/px4_msgs/include/px4_msgs/px4_msgs/msg/detail/iridiumsbd_status__type_support.c\n'}
[3.457397] (px4_msgs) StdoutLine: {'line': b'-- Up-to-date: /home/rschnurr/SkyClaw-Team1/ros2_ws/install/px4_msgs/include/px4_msgs/px4_msgs/msg/detail/vehicle_roi__type_support.c\n'}
[3.457468] (px4_msgs) StdoutLine: {'line': b'-- Up-to-date: /home/rschnurr/SkyClaw-Team1/ros2_ws/install/px4_msgs/include/px4_msgs/px4_msgs/msg/detail/obstacle_distance__type_support.c\n'}
[3.457653] (px4_msgs) StdoutLine: {'line': b'-- Up-to-date: /home/rschnurr/SkyClaw-Team1/ros2_ws/install/px4_msgs/include/px4_msgs/px4_msgs/msg/detail/rc_parameter_map__rosidl_typesupport_introspection_c.h\n'}
[3.457755] (px4_msgs) StdoutLine: {'line': b'-- Up-to-date: /home/rschnurr/SkyClaw-Team1/ros2_ws/install/px4_msgs/include/px4_msgs/px4_msgs/msg/detail/gimbal_controls__rosidl_typesupport_introspection_c.h\n'}
[3.457891] (px4_msgs) StdoutLine: {'line': b'-- Up-to-date: /home/rschnurr/SkyClaw-Team1/ros2_ws/install/px4_msgs/include/px4_msgs/px4_msgs/msg/detail/fixed_wing_lateral_status__type_support.c\n'}
[3.457998] (px4_msgs) StdoutLine: {'line': b'-- Up-to-date: /home/rschnurr/SkyClaw-Team1/ros2_ws/install/px4_msgs/include/px4_msgs/px4_msgs/msg/detail/home_position__rosidl_typesupport_introspection_c.h\n'}
[3.458075] (px4_msgs) StdoutLine: {'line': b'-- Up-to-date: /home/rschnurr/SkyClaw-Team1/ros2_ws/install/px4_msgs/include/px4_msgs/px4_msgs/msg/detail/launch_detection_status__type_support.c\n'}
[3.458152] (px4_msgs) StdoutLine: {'line': b'-- Up-to-date: /home/rschnurr/SkyClaw-Team1/ros2_ws/install/px4_msgs/include/px4_msgs/px4_msgs/msg/detail/parameter_update__rosidl_typesupport_introspection_c.h\n'}
[3.458222] (px4_msgs) StdoutLine: {'line': b'-- Up-to-date: /home/rschnurr/SkyClaw-Team1/ros2_ws/install/px4_msgs/include/px4_msgs/px4_msgs/msg/detail/sensor_selection__type_support.c\n'}
[3.458290] (px4_msgs) StdoutLine: {'line': b'-- Up-to-date: /home/rschnurr/SkyClaw-Team1/ros2_ws/install/px4_msgs/include/px4_msgs/px4_msgs/msg/detail/ekf2_timestamps__type_support.c\n'}
[3.458366] (px4_msgs) StdoutLine: {'line': b'-- Up-to-date: /home/rschnurr/SkyClaw-Team1/ros2_ws/install/px4_msgs/include/px4_msgs/px4_msgs/msg/detail/gimbal_device_attitude_status__rosidl_typesupport_introspection_c.h\n'}
[3.458533] (px4_msgs) StdoutLine: {'line': b'-- Up-to-date: /home/rschnurr/SkyClaw-Team1/ros2_ws/install/px4_msgs/include/px4_msgs/px4_msgs/msg/detail/gripper__rosidl_typesupport_introspection_c.h\n'}
[3.458638] (px4_msgs) StdoutLine: {'line': b'-- Up-to-date: /home/rschnurr/SkyClaw-Team1/ros2_ws/install/px4_msgs/include/px4_msgs/px4_msgs/msg/detail/vehicle_optical_flow__rosidl_typesupport_introspection_c.h\n'}
[3.458723] (px4_msgs) StdoutLine: {'line': b'-- Up-to-date: /home/rschnurr/SkyClaw-Team1/ros2_ws/install/px4_msgs/include/px4_msgs/px4_msgs/msg/detail/gimbal_manager_information__type_support.c\n'}
[3.458797] (px4_msgs) StdoutLine: {'line': b'-- Up-to-date: /home/rschnurr/SkyClaw-Team1/ros2_ws/install/px4_msgs/include/px4_msgs/px4_msgs/msg/detail/cpuload__type_support.c\n'}
[3.458876] (px4_msgs) StdoutLine: {'line': b'-- Up-to-date: /home/rschnurr/SkyClaw-Team1/ros2_ws/install/px4_msgs/include/px4_msgs/px4_msgs/msg/detail/vehicle_thrust_setpoint__rosidl_typesupport_introspection_c.h\n'}
[3.458956] (px4_msgs) StdoutLine: {'line': b'-- Up-to-date: /home/rschnurr/SkyClaw-Team1/ros2_ws/install/px4_msgs/include/px4_msgs/px4_msgs/msg/detail/vehicle_acceleration__type_support.c\n'}
[3.459029] (px4_msgs) StdoutLine: {'line': b'-- Up-to-date: /home/rschnurr/SkyClaw-Team1/ros2_ws/install/px4_msgs/include/px4_msgs/px4_msgs/msg/detail/power_button_state__type_support.c\n'}
[3.459127] (px4_msgs) StdoutLine: {'line': b'-- Up-to-date: /home/rschnurr/SkyClaw-Team1/ros2_ws/install/px4_msgs/include/px4_msgs/px4_msgs/msg/detail/yaw_estimator_status__rosidl_typesupport_introspection_c.h\n'}
[3.459283] (px4_msgs) StdoutLine: {'line': b'-- Up-to-date: /home/rschnurr/SkyClaw-Team1/ros2_ws/install/px4_msgs/include/px4_msgs/px4_msgs/msg/detail/uavcan_parameter_value__rosidl_typesupport_introspection_c.h\n'}
[3.459383] (px4_msgs) StdoutLine: {'line': b'-- Up-to-date: /home/rschnurr/SkyClaw-Team1/ros2_ws/install/px4_msgs/include/px4_msgs/px4_msgs/msg/detail/gpio_in__rosidl_typesupport_introspection_c.h\n'}
[3.459463] (px4_msgs) StdoutLine: {'line': b'-- Up-to-date: /home/rschnurr/SkyClaw-Team1/ros2_ws/install/px4_msgs/include/px4_msgs/px4_msgs/msg/detail/task_stack_info__type_support.c\n'}
[3.459667] (px4_msgs) StdoutLine: {'line': b'-- Up-to-date: /home/rschnurr/SkyClaw-Team1/ros2_ws/install/px4_msgs/include/px4_msgs/px4_msgs/msg/detail/launch_detection_status__rosidl_typesupport_introspection_c.h\n'}
[3.459773] (px4_msgs) StdoutLine: {'line': b'-- Up-to-date: /home/rschnurr/SkyClaw-Team1/ros2_ws/install/px4_msgs/include/px4_msgs/px4_msgs/msg/detail/differential_pressure__rosidl_typesupport_introspection_c.h\n'}
[3.459914] (px4_msgs) StdoutLine: {'line': b'-- Up-to-date: /home/rschnurr/SkyClaw-Team1/ros2_ws/install/px4_msgs/include/px4_msgs/px4_msgs/msg/detail/sensor_gnss_relative__type_support.c\n'}
[3.460016] (px4_msgs) StdoutLine: {'line': b'-- Up-to-date: /home/rschnurr/SkyClaw-Team1/ros2_ws/install/px4_msgs/include/px4_msgs/px4_msgs/msg/detail/action_request__type_support.c\n'}
[3.460100] (px4_msgs) StdoutLine: {'line': b'-- Up-to-date: /home/rschnurr/SkyClaw-Team1/ros2_ws/install/px4_msgs/include/px4_msgs/px4_msgs/msg/detail/adc_report__rosidl_typesupport_introspection_c.h\n'}
[3.460171] (px4_msgs) StdoutLine: {'line': b'-- Up-to-date: /home/rschnurr/SkyClaw-Team1/ros2_ws/install/px4_msgs/include/px4_msgs/px4_msgs/msg/detail/control_allocator_status__type_support.c\n'}
[3.460238] (px4_msgs) StdoutLine: {'line': b'-- Up-to-date: /home/rschnurr/SkyClaw-Team1/ros2_ws/install/px4_msgs/include/px4_msgs/px4_msgs/msg/detail/sensor_gyro_fifo__type_support.c\n'}
[3.460302] (px4_msgs) StdoutLine: {'line': b'-- Up-to-date: /home/rschnurr/SkyClaw-Team1/ros2_ws/install/px4_msgs/include/px4_msgs/px4_msgs/msg/detail/sensor_gnss_status__type_support.c\n'}
[3.460421] (px4_msgs) StdoutLine: {'line': b'-- Up-to-date: /home/rschnurr/SkyClaw-Team1/ros2_ws/install/px4_msgs/include/px4_msgs/px4_msgs/msg/detail/tecs_status__rosidl_typesupport_introspection_c.h\n'}
[3.460494] (px4_msgs) StdoutLine: {'line': b'-- Up-to-date: /home/rschnurr/SkyClaw-Team1/ros2_ws/install/px4_msgs/include/px4_msgs/px4_msgs/msg/detail/manual_control_setpoint__type_support.c\n'}
[3.460625] (px4_msgs) StdoutLine: {'line': b'-- Up-to-date: /home/rschnurr/SkyClaw-Team1/ros2_ws/install/px4_msgs/include/px4_msgs/px4_msgs/msg/detail/goto_setpoint__rosidl_typesupport_introspection_c.h\n'}
[3.460767] (px4_msgs) StdoutLine: {'line': b'-- Up-to-date: /home/rschnurr/SkyClaw-Team1/ros2_ws/install/px4_msgs/include/px4_msgs/px4_msgs/msg/detail/mavlink_log__rosidl_typesupport_introspection_c.h\n'}
[3.460852] (px4_msgs) StdoutLine: {'line': b'-- Up-to-date: /home/rschnurr/SkyClaw-Team1/ros2_ws/install/px4_msgs/include/px4_msgs/px4_msgs/msg/detail/log_message__type_support.c\n'}
[3.460925] (px4_msgs) StdoutLine: {'line': b'-- Up-to-date: /home/rschnurr/SkyClaw-Team1/ros2_ws/install/px4_msgs/include/px4_msgs/px4_msgs/msg/detail/actuator_servos__type_support.c\n'}
[3.460992] (px4_msgs) StdoutLine: {'line': b'-- Up-to-date: /home/rschnurr/SkyClaw-Team1/ros2_ws/install/px4_msgs/include/px4_msgs/px4_msgs/msg/detail/vehicle_roi__rosidl_typesupport_introspection_c.h\n'}
[3.461060] (px4_msgs) StdoutLine: {'line': b'-- Up-to-date: /home/rschnurr/SkyClaw-Team1/ros2_ws/install/px4_msgs/include/px4_msgs/px4_msgs/msg/detail/gripper__type_support.c\n'}
[3.461129] (px4_msgs) StdoutLine: {'line': b'-- Up-to-date: /home/rschnurr/SkyClaw-Team1/ros2_ws/install/px4_msgs/include/px4_msgs/px4_msgs/msg/detail/sensor_mag__rosidl_typesupport_introspection_c.h\n'}
[3.461195] (px4_msgs) StdoutLine: {'line': b'-- Up-to-date: /home/rschnurr/SkyClaw-Team1/ros2_ws/install/px4_msgs/include/px4_msgs/px4_msgs/msg/detail/orb_test_medium__type_support.c\n'}
[3.461277] (px4_msgs) StdoutLine: {'line': b'-- Up-to-date: /home/rschnurr/SkyClaw-Team1/ros2_ws/install/px4_msgs/include/px4_msgs/px4_msgs/msg/detail/navigator_mission_item__type_support.c\n'}
[3.461343] (px4_msgs) StdoutLine: {'line': b'-- Up-to-date: /home/rschnurr/SkyClaw-Team1/ros2_ws/install/px4_msgs/include/px4_msgs/px4_msgs/msg/detail/generator_status__type_support.c\n'}
[3.461415] (px4_msgs) StdoutLine: {'line': b'-- Up-to-date: /home/rschnurr/SkyClaw-Team1/ros2_ws/install/px4_msgs/include/px4_msgs/px4_msgs/msg/detail/generator_status__rosidl_typesupport_introspection_c.h\n'}
[3.461481] (px4_msgs) StdoutLine: {'line': b'-- Up-to-date: /home/rschnurr/SkyClaw-Team1/ros2_ws/install/px4_msgs/include/px4_msgs/px4_msgs/msg/detail/gimbal_device_set_attitude__rosidl_typesupport_introspection_c.h\n'}
[3.461688] (px4_msgs) StdoutLine: {'line': b'-- Up-to-date: /home/rschnurr/SkyClaw-Team1/ros2_ws/install/px4_msgs/include/px4_msgs/px4_msgs/msg/detail/vehicle_air_data__rosidl_typesupport_introspection_c.h\n'}
[3.461783] (px4_msgs) StdoutLine: {'line': b'-- Up-to-date: /home/rschnurr/SkyClaw-Team1/ros2_ws/install/px4_msgs/include/px4_msgs/px4_msgs/msg/detail/estimator_states__rosidl_typesupport_introspection_c.h\n'}
[3.461939] (px4_msgs) StdoutLine: {'line': b'-- Up-to-date: /home/rschnurr/SkyClaw-Team1/ros2_ws/install/px4_msgs/include/px4_msgs/px4_msgs/msg/detail/internal_combustion_engine_status__rosidl_typesupport_introspection_c.h\n'}
[3.462044] (px4_msgs) StdoutLine: {'line': b'-- Up-to-date: /home/rschnurr/SkyClaw-Team1/ros2_ws/install/px4_msgs/include/px4_msgs/px4_msgs/msg/detail/takeoff_status__rosidl_typesupport_introspection_c.h\n'}
[3.462121] (px4_msgs) StdoutLine: {'line': b'-- Up-to-date: /home/rschnurr/SkyClaw-Team1/ros2_ws/install/px4_msgs/include/px4_msgs/px4_msgs/msg/detail/neural_control__type_support.c\n'}
[3.462190] (px4_msgs) StdoutLine: {'line': b'-- Up-to-date: /home/rschnurr/SkyClaw-Team1/ros2_ws/install/px4_msgs/include/px4_msgs/px4_msgs/msg/detail/vehicle_torque_setpoint__rosidl_typesupport_introspection_c.h\n'}
[3.462273] (px4_msgs) StdoutLine: {'line': b'-- Up-to-date: /home/rschnurr/SkyClaw-Team1/ros2_ws/install/px4_msgs/include/px4_msgs/px4_msgs/msg/detail/vehicle_rates_setpoint__type_support.c\n'}
[3.462340] (px4_msgs) StdoutLine: {'line': b'-- Up-to-date: /home/rschnurr/SkyClaw-Team1/ros2_ws/install/px4_msgs/include/px4_msgs/px4_msgs/msg/detail/telemetry_status__rosidl_typesupport_introspection_c.h\n'}
[3.462407] (px4_msgs) StdoutLine: {'line': b'-- Up-to-date: /home/rschnurr/SkyClaw-Team1/ros2_ws/install/px4_msgs/include/px4_msgs/px4_msgs/msg/detail/actuator_motors__type_support.c\n'}
[3.462473] (px4_msgs) StdoutLine: {'line': b'-- Up-to-date: /home/rschnurr/SkyClaw-Team1/ros2_ws/install/px4_msgs/include/px4_msgs/px4_msgs/msg/detail/debug_array__type_support.c\n'}
[3.462538] (px4_msgs) StdoutLine: {'line': b'-- Up-to-date: /home/rschnurr/SkyClaw-Team1/ros2_ws/install/px4_msgs/include/px4_msgs/px4_msgs/msg/detail/rover_speed_status__rosidl_typesupport_introspection_c.h\n'}
[3.462602] (px4_msgs) StdoutLine: {'line': b'-- Up-to-date: /home/rschnurr/SkyClaw-Team1/ros2_ws/install/px4_msgs/include/px4_msgs/px4_msgs/msg/detail/autotune_attitude_control_status__rosidl_typesupport_introspection_c.h\n'}
[3.462667] (px4_msgs) StdoutLine: {'line': b'-- Up-to-date: /home/rschnurr/SkyClaw-Team1/ros2_ws/install/px4_msgs/include/px4_msgs/px4_msgs/msg/detail/fixed_wing_runway_control__rosidl_typesupport_introspection_c.h\n'}
[3.462733] (px4_msgs) StdoutLine: {'line': b'-- Up-to-date: /home/rschnurr/SkyClaw-Team1/ros2_ws/install/px4_msgs/include/px4_msgs/px4_msgs/msg/detail/vehicle_acceleration__rosidl_typesupport_introspection_c.h\n'}
[3.462802] (px4_msgs) StdoutLine: {'line': b'-- Up-to-date: /home/rschnurr/SkyClaw-Team1/ros2_ws/install/px4_msgs/include/px4_msgs/px4_msgs/msg/detail/rtl_time_estimate__type_support.c\n'}
[3.462870] (px4_msgs) StdoutLine: {'line': b'-- Up-to-date: /home/rschnurr/SkyClaw-Team1/ros2_ws/install/px4_msgs/include/px4_msgs/px4_msgs/msg/detail/geofence_result__rosidl_typesupport_introspection_c.h\n'}
[3.462945] (px4_msgs) StdoutLine: {'line': b'-- Up-to-date: /home/rschnurr/SkyClaw-Team1/ros2_ws/install/px4_msgs/include/px4_msgs/px4_msgs/msg/detail/vehicle_thrust_setpoint__type_support.c\n'}
[3.463009] (px4_msgs) StdoutLine: {'line': b'-- Up-to-date: /home/rschnurr/SkyClaw-Team1/ros2_ws/install/px4_msgs/include/px4_msgs/px4_msgs/msg/detail/sensors_status_imu__rosidl_typesupport_introspection_c.h\n'}
[3.463072] (px4_msgs) StdoutLine: {'line': b'-- Up-to-date: /home/rschnurr/SkyClaw-Team1/ros2_ws/install/px4_msgs/include/px4_msgs/px4_msgs/msg/detail/sensor_accel__rosidl_typesupport_introspection_c.h\n'}
[3.463134] (px4_msgs) StdoutLine: {'line': b'-- Up-to-date: /home/rschnurr/SkyClaw-Team1/ros2_ws/install/px4_msgs/include/px4_msgs/px4_msgs/msg/detail/landing_gear__rosidl_typesupport_introspection_c.h\n'}
[3.463199] (px4_msgs) StdoutLine: {'line': b'-- Up-to-date: /home/rschnurr/SkyClaw-Team1/ros2_ws/install/px4_msgs/include/px4_msgs/px4_msgs/msg/detail/ulog_stream__rosidl_typesupport_introspection_c.h\n'}
[3.463261] (px4_msgs) StdoutLine: {'line': b'-- Up-to-date: /home/rschnurr/SkyClaw-Team1/ros2_ws/install/px4_msgs/include/px4_msgs/px4_msgs/msg/detail/actuator_servos_trim__rosidl_typesupport_introspection_c.h\n'}
[3.463325] (px4_msgs) StdoutLine: {'line': b'-- Up-to-date: /home/rschnurr/SkyClaw-Team1/ros2_ws/install/px4_msgs/include/px4_msgs/px4_msgs/msg/detail/sensor_gyro_fft__rosidl_typesupport_introspection_c.h\n'}
[3.463387] (px4_msgs) StdoutLine: {'line': b'-- Up-to-date: /home/rschnurr/SkyClaw-Team1/ros2_ws/install/px4_msgs/include/px4_msgs/px4_msgs/msg/detail/health_report__type_support.c\n'}
[3.463452] (px4_msgs) StdoutLine: {'line': b'-- Up-to-date: /home/rschnurr/SkyClaw-Team1/ros2_ws/install/px4_msgs/include/px4_msgs/px4_msgs/msg/detail/rpm__type_support.c\n'}
[3.463630] (px4_msgs) StdoutLine: {'line': b'-- Up-to-date: /home/rschnurr/SkyClaw-Team1/ros2_ws/install/px4_msgs/include/px4_msgs/px4_msgs/msg/detail/rover_attitude_setpoint__type_support.c\n'}
[3.463850] (px4_msgs) StdoutLine: {'line': b'-- Up-to-date: /home/rschnurr/SkyClaw-Team1/ros2_ws/install/px4_msgs/include/px4_msgs/px4_msgs/msg/detail/input_rc__type_support.c\n'}
[3.463986] (px4_msgs) StdoutLine: {'line': b'-- Up-to-date: /home/rschnurr/SkyClaw-Team1/ros2_ws/install/px4_msgs/include/px4_msgs/px4_msgs/msg/detail/manual_control_setpoint__rosidl_typesupport_introspection_c.h\n'}
[3.464045] (px4_msgs) StdoutLine: {'line': b'-- Up-to-date: /home/rschnurr/SkyClaw-Team1/ros2_ws/install/px4_msgs/include/px4_msgs/px4_msgs/msg/detail/estimator_gps_status__rosidl_typesupport_introspection_c.h\n'}
[3.464091] (px4_msgs) StdoutLine: {'line': b'-- Up-to-date: /home/rschnurr/SkyClaw-Team1/ros2_ws/install/px4_msgs/include/px4_msgs/px4_msgs/msg/detail/vehicle_angular_acceleration_setpoint__type_support.c\n'}
[3.464140] (-) TimerEvent: {}
[3.464437] (px4_msgs) StdoutLine: {'line': b'-- Up-to-date: /home/rschnurr/SkyClaw-Team1/ros2_ws/install/px4_msgs/include/px4_msgs/px4_msgs/msg/detail/sensor_airflow__type_support.c\n'}
[3.465262] (px4_msgs) StdoutLine: {'line': b'-- Up-to-date: /home/rschnurr/SkyClaw-Team1/ros2_ws/install/px4_msgs/include/px4_msgs/px4_msgs/msg/detail/gpio_config__rosidl_typesupport_introspection_c.h\n'}
[3.465438] (px4_msgs) StdoutLine: {'line': b'-- Up-to-date: /home/rschnurr/SkyClaw-Team1/ros2_ws/install/px4_msgs/include/px4_msgs/px4_msgs/msg/detail/wind__rosidl_typesupport_introspection_c.h\n'}
[3.465523] (px4_msgs) StdoutLine: {'line': b'-- Up-to-date: /home/rschnurr/SkyClaw-Team1/ros2_ws/install/px4_msgs/include/px4_msgs/px4_msgs/msg/detail/vehicle_local_position__type_support.c\n'}
[3.465591] (px4_msgs) StdoutLine: {'line': b'-- Up-to-date: /home/rschnurr/SkyClaw-Team1/ros2_ws/install/px4_msgs/include/px4_msgs/px4_msgs/msg/detail/position_controller_status__type_support.c\n'}
[3.465654] (px4_msgs) StdoutLine: {'line': b'-- Up-to-date: /home/rschnurr/SkyClaw-Team1/ros2_ws/install/px4_msgs/include/px4_msgs/px4_msgs/msg/detail/message_format_request__rosidl_typesupport_introspection_c.h\n'}
[3.465723] (px4_msgs) StdoutLine: {'line': b'-- Up-to-date: /home/rschnurr/SkyClaw-Team1/ros2_ws/install/px4_msgs/include/px4_msgs/px4_msgs/msg/detail/open_drone_id_operator_id__type_support.c\n'}
[3.465785] (px4_msgs) StdoutLine: {'line': b'-- Up-to-date: /home/rschnurr/SkyClaw-Team1/ros2_ws/install/px4_msgs/include/px4_msgs/px4_msgs/msg/detail/vehicle_status__rosidl_typesupport_introspection_c.h\n'}
[3.465855] (px4_msgs) StdoutLine: {'line': b'-- Up-to-date: /home/rschnurr/SkyClaw-Team1/ros2_ws/install/px4_msgs/include/px4_msgs/px4_msgs/msg/detail/estimator_aid_source2d__type_support.c\n'}
[3.465921] (px4_msgs) StdoutLine: {'line': b'-- Up-to-date: /home/rschnurr/SkyClaw-Team1/ros2_ws/install/px4_msgs/include/px4_msgs/px4_msgs/msg/detail/rover_steering_setpoint__type_support.c\n'}
[3.465982] (px4_msgs) StdoutLine: {'line': b'-- Up-to-date: /home/rschnurr/SkyClaw-Team1/ros2_ws/install/px4_msgs/include/px4_msgs/px4_msgs/msg/detail/landing_target_innovations__type_support.c\n'}
[3.466340] (px4_msgs) StdoutLine: {'line': b'-- Up-to-date: /home/rschnurr/SkyClaw-Team1/ros2_ws/install/px4_msgs/include/px4_msgs/px4_msgs/msg/detail/vehicle_land_detected__type_support.c\n'}
[3.466730] (px4_msgs) StdoutLine: {'line': b'-- Up-to-date: /home/rschnurr/SkyClaw-Team1/ros2_ws/install/px4_msgs/include/px4_msgs/px4_msgs/msg/detail/distance_sensor__type_support.c\n'}
[3.466837] (px4_msgs) StdoutLine: {'line': b'-- Up-to-date: /home/rschnurr/SkyClaw-Team1/ros2_ws/install/px4_msgs/include/px4_msgs/px4_msgs/msg/detail/sensors_status__rosidl_typesupport_introspection_c.h\n'}
[3.466911] (px4_msgs) StdoutLine: {'line': b'-- Up-to-date: /home/rschnurr/SkyClaw-Team1/ros2_ws/install/px4_msgs/include/px4_msgs/px4_msgs/msg/detail/airspeed__rosidl_typesupport_introspection_c.h\n'}
[3.466976] (px4_msgs) StdoutLine: {'line': b'-- Up-to-date: /home/rschnurr/SkyClaw-Team1/ros2_ws/install/px4_msgs/include/px4_msgs/px4_msgs/msg/detail/logger_status__type_support.c\n'}
[3.467044] (px4_msgs) StdoutLine: {'line': b'-- Up-to-date: /home/rschnurr/SkyClaw-Team1/ros2_ws/install/px4_msgs/include/px4_msgs/px4_msgs/msg/detail/camera_trigger__rosidl_typesupport_introspection_c.h\n'}
[3.467105] (px4_msgs) StdoutLine: {'line': b'-- Up-to-date: /home/rschnurr/SkyClaw-Team1/ros2_ws/install/px4_msgs/include/px4_msgs/px4_msgs/msg/detail/estimator_gps_status__type_support.c\n'}
[3.467225] (px4_msgs) StdoutLine: {'line': b'-- Up-to-date: /home/rschnurr/SkyClaw-Team1/ros2_ws/install/px4_msgs/include/px4_msgs/px4_msgs/msg/detail/gpio_out__rosidl_typesupport_introspection_c.h\n'}
[3.467319] (px4_msgs) StdoutLine: {'line': b'-- Up-to-date: /home/rschnurr/SkyClaw-Team1/ros2_ws/install/px4_msgs/include/px4_msgs/px4_msgs/msg/detail/open_drone_id_system__rosidl_typesupport_introspection_c.h\n'}
[3.467950] (px4_msgs) StdoutLine: {'line': b'-- Up-to-date: /home/rschnurr/SkyClaw-Team1/ros2_ws/install/px4_msgs/include/px4_msgs/px4_msgs/msg/detail/estimator_bias__type_support.c\n'}
[3.468107] (px4_msgs) StdoutLine: {'line': b'-- Up-to-date: /home/rschnurr/SkyClaw-Team1/ros2_ws/install/px4_msgs/include/px4_msgs/px4_msgs/msg/detail/satellite_info__type_support.c\n'}
[3.468189] (px4_msgs) StdoutLine: {'line': b'-- Up-to-date: /home/rschnurr/SkyClaw-Team1/ros2_ws/install/px4_msgs/include/px4_msgs/px4_msgs/msg/detail/cpuload__rosidl_typesupport_introspection_c.h\n'}
[3.468275] (px4_msgs) StdoutLine: {'line': b'-- Up-to-date: /home/rschnurr/SkyClaw-Team1/ros2_ws/install/px4_msgs/include/px4_msgs/px4_msgs/msg/detail/parameter_reset_request__type_support.c\n'}
[3.468486] (px4_msgs) StdoutLine: {'line': b'-- Up-to-date: /home/rschnurr/SkyClaw-Team1/ros2_ws/install/px4_msgs/include/px4_msgs/px4_msgs/msg/detail/open_drone_id_self_id__type_support.c\n'}
[3.468593] (px4_msgs) StdoutLine: {'line': b'-- Up-to-date: /home/rschnurr/SkyClaw-Team1/ros2_ws/install/px4_msgs/include/px4_msgs/px4_msgs/msg/detail/gimbal_device_information__rosidl_typesupport_introspection_c.h\n'}
[3.468665] (px4_msgs) StdoutLine: {'line': b'-- Up-to-date: /home/rschnurr/SkyClaw-Team1/ros2_ws/install/px4_msgs/include/px4_msgs/px4_msgs/msg/detail/vehicle_imu_status__rosidl_typesupport_introspection_c.h\n'}
[3.468748] (px4_msgs) StdoutLine: {'line': b'-- Up-to-date: /home/rschnurr/SkyClaw-Team1/ros2_ws/install/px4_msgs/include/px4_msgs/px4_msgs/msg/detail/differential_pressure__type_support.c\n'}
[3.468810] (px4_msgs) StdoutLine: {'line': b'-- Up-to-date: /home/rschnurr/SkyClaw-Team1/ros2_ws/install/px4_msgs/include/px4_msgs/px4_msgs/msg/detail/timesync_status__rosidl_typesupport_introspection_c.h\n'}
[3.468884] (px4_msgs) StdoutLine: {'line': b'-- Up-to-date: /home/rschnurr/SkyClaw-Team1/ros2_ws/install/px4_msgs/include/px4_msgs/px4_msgs/msg/detail/fixed_wing_runway_control__type_support.c\n'}
[3.468944] (px4_msgs) StdoutLine: {'line': b'-- Up-to-date: /home/rschnurr/SkyClaw-Team1/ros2_ws/install/px4_msgs/include/px4_msgs/px4_msgs/msg/detail/parameter_set_used_request__type_support.c\n'}
[3.469005] (px4_msgs) StdoutLine: {'line': b'-- Up-to-date: /home/rschnurr/SkyClaw-Team1/ros2_ws/install/px4_msgs/include/px4_msgs/px4_msgs/msg/detail/figure_eight_status__rosidl_typesupport_introspection_c.h\n'}
[3.469065] (px4_msgs) StdoutLine: {'line': b'-- Up-to-date: /home/rschnurr/SkyClaw-Team1/ros2_ws/install/px4_msgs/include/px4_msgs/px4_msgs/msg/detail/qshell_req__rosidl_typesupport_introspection_c.h\n'}
[3.469129] (px4_msgs) StdoutLine: {'line': b'-- Up-to-date: /home/rschnurr/SkyClaw-Team1/ros2_ws/install/px4_msgs/include/px4_msgs/px4_msgs/msg/detail/gps_inject_data__type_support.c\n'}
[3.469189] (px4_msgs) StdoutLine: {'line': b'-- Up-to-date: /home/rschnurr/SkyClaw-Team1/ros2_ws/install/px4_msgs/include/px4_msgs/px4_msgs/msg/detail/navigator_status__type_support.c\n'}
[3.469248] (px4_msgs) StdoutLine: {'line': b'-- Up-to-date: /home/rschnurr/SkyClaw-Team1/ros2_ws/install/px4_msgs/include/px4_msgs/px4_msgs/msg/detail/sensor_preflight_mag__rosidl_typesupport_introspection_c.h\n'}
[3.469305] (px4_msgs) StdoutLine: {'line': b'-- Up-to-date: /home/rschnurr/SkyClaw-Team1/ros2_ws/install/px4_msgs/include/px4_msgs/px4_msgs/msg/detail/rover_attitude_status__type_support.c\n'}
[3.469546] (px4_msgs) StdoutLine: {'line': b'-- Up-to-date: /home/rschnurr/SkyClaw-Team1/ros2_ws/install/px4_msgs/include/px4_msgs/px4_msgs/msg/detail/vehicle_local_position_setpoint__type_support.c\n'}
[3.469696] (px4_msgs) StdoutLine: {'line': b'-- Up-to-date: /home/rschnurr/SkyClaw-Team1/ros2_ws/install/px4_msgs/include/px4_msgs/px4_msgs/msg/detail/vehicle_control_mode__rosidl_typesupport_introspection_c.h\n'}
[3.469776] (px4_msgs) StdoutLine: {'line': b'-- Up-to-date: /home/rschnurr/SkyClaw-Team1/ros2_ws/install/px4_msgs/include/px4_msgs/px4_msgs/msg/detail/power_monitor__rosidl_typesupport_introspection_c.h\n'}
[3.469847] (px4_msgs) StdoutLine: {'line': b'-- Up-to-date: /home/rschnurr/SkyClaw-Team1/ros2_ws/install/px4_msgs/include/px4_msgs/px4_msgs/msg/detail/gpio_request__rosidl_typesupport_introspection_c.h\n'}
[3.469911] (px4_msgs) StdoutLine: {'line': b'-- Up-to-date: /home/rschnurr/SkyClaw-Team1/ros2_ws/install/px4_msgs/include/px4_msgs/px4_msgs/msg/detail/gps_dump__rosidl_typesupport_introspection_c.h\n'}
[3.469976] (px4_msgs) StdoutLine: {'line': b'-- Up-to-date: /home/rschnurr/SkyClaw-Team1/ros2_ws/install/px4_msgs/include/px4_msgs/px4_msgs/msg/detail/estimator_aid_source3d__type_support.c\n'}
[3.470039] (px4_msgs) StdoutLine: {'line': b'-- Up-to-date: /home/rschnurr/SkyClaw-Team1/ros2_ws/install/px4_msgs/include/px4_msgs/px4_msgs/msg/detail/estimator_selector_status__type_support.c\n'}
[3.470493] (px4_msgs) StdoutLine: {'line': b'-- Up-to-date: /home/rschnurr/SkyClaw-Team1/ros2_ws/install/px4_msgs/include/px4_msgs/px4_msgs/msg/detail/gimbal_controls__type_support.c\n'}
[3.470780] (px4_msgs) StdoutLine: {'line': b'-- Up-to-date: /home/rschnurr/SkyClaw-Team1/ros2_ws/install/px4_msgs/include/px4_msgs/px4_msgs/msg/detail/health_report__rosidl_typesupport_introspection_c.h\n'}
[3.470945] (px4_msgs) StdoutLine: {'line': b'-- Up-to-date: /home/rschnurr/SkyClaw-Team1/ros2_ws/install/px4_msgs/include/px4_msgs/px4_msgs/msg/detail/uavcan_parameter_value__type_support.c\n'}
[3.471071] (px4_msgs) StdoutLine: {'line': b'-- Up-to-date: /home/rschnurr/SkyClaw-Team1/ros2_ws/install/px4_msgs/include/px4_msgs/px4_msgs/msg/detail/neural_control__rosidl_typesupport_introspection_c.h\n'}
[3.471157] (px4_msgs) StdoutLine: {'line': b'-- Up-to-date: /home/rschnurr/SkyClaw-Team1/ros2_ws/install/px4_msgs/include/px4_msgs/px4_msgs/msg/detail/mount_orientation__rosidl_typesupport_introspection_c.h\n'}
[3.471230] (px4_msgs) StdoutLine: {'line': b'-- Up-to-date: /home/rschnurr/SkyClaw-Team1/ros2_ws/install/px4_msgs/include/px4_msgs/px4_msgs/msg/detail/battery_status__type_support.c\n'}
[3.471297] (px4_msgs) StdoutLine: {'line': b'-- Up-to-date: /home/rschnurr/SkyClaw-Team1/ros2_ws/install/px4_msgs/include/px4_msgs/px4_msgs/msg/detail/actuator_servos_trim__type_support.c\n'}
[3.471364] (px4_msgs) StdoutLine: {'line': b'-- Up-to-date: /home/rschnurr/SkyClaw-Team1/ros2_ws/install/px4_msgs/include/px4_msgs/px4_msgs/msg/detail/button_event__type_support.c\n'}
[3.471433] (px4_msgs) StdoutLine: {'line': b'-- Up-to-date: /home/rschnurr/SkyClaw-Team1/ros2_ws/install/px4_msgs/include/px4_msgs/px4_msgs/msg/detail/camera_status__rosidl_typesupport_introspection_c.h\n'}
[3.471501] (px4_msgs) StdoutLine: {'line': b'-- Up-to-date: /home/rschnurr/SkyClaw-Team1/ros2_ws/install/px4_msgs/include/px4_msgs/px4_msgs/msg/detail/sensor_hygrometer__type_support.c\n'}
[3.471926] (px4_msgs) StdoutLine: {'line': b'-- Up-to-date: /home/rschnurr/SkyClaw-Team1/ros2_ws/install/px4_msgs/include/px4_msgs/px4_msgs/msg/detail/pure_pursuit_status__type_support.c\n'}
[3.472104] (px4_msgs) StdoutLine: {'line': b'-- Up-to-date: /home/rschnurr/SkyClaw-Team1/ros2_ws/install/px4_msgs/include/px4_msgs/px4_msgs/msg/detail/mag_worker_data__rosidl_typesupport_introspection_c.h\n'}
[3.472180] (px4_msgs) StdoutLine: {'line': b'-- Up-to-date: /home/rschnurr/SkyClaw-Team1/ros2_ws/install/px4_msgs/include/px4_msgs/px4_msgs/msg/detail/pps_capture__rosidl_typesupport_introspection_c.h\n'}
[3.472261] (px4_msgs) StdoutLine: {'line': b'-- Up-to-date: /home/rschnurr/SkyClaw-Team1/ros2_ws/install/px4_msgs/include/px4_msgs/px4_msgs/msg/detail/parameter_set_value_request__type_support.c\n'}
[3.472342] (px4_msgs) StdoutLine: {'line': b'-- Up-to-date: /home/rschnurr/SkyClaw-Team1/ros2_ws/install/px4_msgs/include/px4_msgs/px4_msgs/msg/detail/battery_info__rosidl_typesupport_introspection_c.h\n'}
[3.472429] (px4_msgs) StdoutLine: {'line': b'-- Up-to-date: /home/rschnurr/SkyClaw-Team1/ros2_ws/install/px4_msgs/include/px4_msgs/px4_msgs/msg/detail/sensor_optical_flow__type_support.c\n'}
[3.472479] (px4_msgs) StdoutLine: {'line': b'-- Up-to-date: /home/rschnurr/SkyClaw-Team1/ros2_ws/install/px4_msgs/include/px4_msgs/px4_msgs/msg/detail/estimator_bias__rosidl_typesupport_introspection_c.h\n'}
[3.472525] (px4_msgs) StdoutLine: {'line': b'-- Up-to-date: /home/rschnurr/SkyClaw-Team1/ros2_ws/install/px4_msgs/include/px4_msgs/px4_msgs/msg/detail/position_setpoint_triplet__type_support.c\n'}
[3.472572] (px4_msgs) StdoutLine: {'line': b'-- Up-to-date: /home/rschnurr/SkyClaw-Team1/ros2_ws/install/px4_msgs/include/px4_msgs/px4_msgs/msg/detail/rtl_status__type_support.c\n'}
[3.472617] (px4_msgs) StdoutLine: {'line': b'-- Up-to-date: /home/rschnurr/SkyClaw-Team1/ros2_ws/install/px4_msgs/include/px4_msgs/px4_msgs/msg/detail/task_stack_info__rosidl_typesupport_introspection_c.h\n'}
[3.472660] (px4_msgs) StdoutLine: {'line': b'-- Up-to-date: /home/rschnurr/SkyClaw-Team1/ros2_ws/install/px4_msgs/include/px4_msgs/px4_msgs/msg/detail/trajectory_setpoint6dof__type_support.c\n'}
[3.472706] (px4_msgs) StdoutLine: {'line': b'-- Up-to-date: /home/rschnurr/SkyClaw-Team1/ros2_ws/install/px4_msgs/include/px4_msgs/px4_msgs/msg/detail/distance_sensor_mode_change_request__rosidl_typesupport_introspection_c.h\n'}
[3.472755] (px4_msgs) StdoutLine: {'line': b'-- Up-to-date: /home/rschnurr/SkyClaw-Team1/ros2_ws/install/px4_msgs/include/px4_msgs/px4_msgs/msg/detail/orb_test__rosidl_typesupport_introspection_c.h\n'}
[3.472804] (px4_msgs) StdoutLine: {'line': b'-- Up-to-date: /home/rschnurr/SkyClaw-Team1/ros2_ws/install/px4_msgs/include/px4_msgs/px4_msgs/msg/detail/failure_detector_status__rosidl_typesupport_introspection_c.h\n'}
[3.472865] (px4_msgs) StdoutLine: {'line': b'-- Up-to-date: /home/rschnurr/SkyClaw-Team1/ros2_ws/install/px4_msgs/include/px4_msgs/px4_msgs/msg/detail/camera_capture__rosidl_typesupport_introspection_c.h\n'}
[3.472923] (px4_msgs) StdoutLine: {'line': b'-- Up-to-date: /home/rschnurr/SkyClaw-Team1/ros2_ws/install/px4_msgs/include/px4_msgs/px4_msgs/msg/detail/vehicle_local_position_setpoint__rosidl_typesupport_introspection_c.h\n'}
[3.472977] (px4_msgs) StdoutLine: {'line': b'-- Up-to-date: /home/rschnurr/SkyClaw-Team1/ros2_ws/install/px4_msgs/include/px4_msgs/px4_msgs/msg/detail/failsafe_flags__rosidl_typesupport_introspection_c.h\n'}
[3.473042] (px4_msgs) StdoutLine: {'line': b'-- Up-to-date: /home/rschnurr/SkyClaw-Team1/ros2_ws/install/px4_msgs/include/px4_msgs/px4_msgs/msg/detail/wind__type_support.c\n'}
[3.473094] (px4_msgs) StdoutLine: {'line': b'-- Up-to-date: /home/rschnurr/SkyClaw-Team1/ros2_ws/install/px4_msgs/include/px4_msgs/px4_msgs/msg/detail/mission_result__rosidl_typesupport_introspection_c.h\n'}
[3.473207] (px4_msgs) StdoutLine: {'line': b'-- Up-to-date: /home/rschnurr/SkyClaw-Team1/ros2_ws/install/px4_msgs/include/px4_msgs/px4_msgs/msg/detail/internal_combustion_engine_status__type_support.c\n'}
[3.473326] (px4_msgs) StdoutLine: {'line': b'-- Up-to-date: /home/rschnurr/SkyClaw-Team1/ros2_ws/install/px4_msgs/include/px4_msgs/px4_msgs/msg/detail/dronecan_node_status__type_support.c\n'}
[3.473460] (px4_msgs) StdoutLine: {'line': b'-- Up-to-date: /home/rschnurr/SkyClaw-Team1/ros2_ws/install/px4_msgs/include/px4_msgs/px4_msgs/msg/detail/estimator_states__type_support.c\n'}
[3.473551] (px4_msgs) StdoutLine: {'line': b'-- Up-to-date: /home/rschnurr/SkyClaw-Team1/ros2_ws/install/px4_msgs/include/px4_msgs/px4_msgs/msg/detail/tiltrotor_extra_controls__type_support.c\n'}
[3.473611] (px4_msgs) StdoutLine: {'line': b'-- Up-to-date: /home/rschnurr/SkyClaw-Team1/ros2_ws/install/px4_msgs/include/px4_msgs/px4_msgs/msg/detail/irlock_report__type_support.c\n'}
[3.473741] (px4_msgs) StdoutLine: {'line': b'-- Up-to-date: /home/rschnurr/SkyClaw-Team1/ros2_ws/install/px4_msgs/include/px4_msgs/px4_msgs/msg/detail/rover_speed_setpoint__type_support.c\n'}
[3.473855] (px4_msgs) StdoutLine: {'line': b'-- Up-to-date: /home/rschnurr/SkyClaw-Team1/ros2_ws/install/px4_msgs/include/px4_msgs/px4_msgs/msg/detail/debug_value__rosidl_typesupport_introspection_c.h\n'}
[3.473930] (px4_msgs) StdoutLine: {'line': b'-- Up-to-date: /home/rschnurr/SkyClaw-Team1/ros2_ws/install/px4_msgs/include/px4_msgs/px4_msgs/msg/detail/follow_target__type_support.c\n'}
[3.473999] (px4_msgs) StdoutLine: {'line': b'-- Up-to-date: /home/rschnurr/SkyClaw-Team1/ros2_ws/install/px4_msgs/include/px4_msgs/px4_msgs/msg/detail/debug_key_value__type_support.c\n'}
[3.474061] (px4_msgs) StdoutLine: {'line': b'-- Up-to-date: /home/rschnurr/SkyClaw-Team1/ros2_ws/install/px4_msgs/include/px4_msgs/px4_msgs/msg/detail/gimbal_device_attitude_status__type_support.c\n'}
[3.474223] (px4_msgs) StdoutLine: {'line': b'-- Up-to-date: /home/rschnurr/SkyClaw-Team1/ros2_ws/install/px4_msgs/include/px4_msgs/px4_msgs/msg/detail/sensor_baro__rosidl_typesupport_introspection_c.h\n'}
[3.474364] (px4_msgs) StdoutLine: {'line': b'-- Up-to-date: /home/rschnurr/SkyClaw-Team1/ros2_ws/install/px4_msgs/include/px4_msgs/px4_msgs/msg/detail/orb_test_medium__rosidl_typesupport_introspection_c.h\n'}
[3.474660] (px4_msgs) StdoutLine: {'line': b'-- Up-to-date: /home/rschnurr/SkyClaw-Team1/ros2_ws/install/px4_msgs/include/px4_msgs/px4_msgs/msg/detail/vtol_vehicle_status__type_support.c\n'}
[3.474838] (px4_msgs) StdoutLine: {'line': b'-- Up-to-date: /home/rschnurr/SkyClaw-Team1/ros2_ws/install/px4_msgs/include/px4_msgs/px4_msgs/msg/detail/arming_check_request__type_support.c\n'}
[3.475025] (px4_msgs) StdoutLine: {'line': b'-- Up-to-date: /home/rschnurr/SkyClaw-Team1/ros2_ws/install/px4_msgs/include/px4_msgs/px4_msgs/msg/detail/vehicle_attitude_setpoint__type_support.c\n'}
[3.475191] (px4_msgs) StdoutLine: {'line': b'-- Up-to-date: /home/rschnurr/SkyClaw-Team1/ros2_ws/install/px4_msgs/include/px4_msgs/px4_msgs/msg/detail/transponder_report__type_support.c\n'}
[3.475290] (px4_msgs) StdoutLine: {'line': b'-- Up-to-date: /home/rschnurr/SkyClaw-Team1/ros2_ws/install/px4_msgs/include/px4_msgs/px4_msgs/msg/detail/actuator_controls_status__rosidl_typesupport_introspection_c.h\n'}
[3.475365] (px4_msgs) StdoutLine: {'line': b'-- Up-to-date: /home/rschnurr/SkyClaw-Team1/ros2_ws/install/px4_msgs/include/px4_msgs/px4_msgs/msg/detail/landing_target_pose__type_support.c\n'}
[3.475427] (px4_msgs) StdoutLine: {'line': b'-- Up-to-date: /home/rschnurr/SkyClaw-Team1/ros2_ws/install/px4_msgs/include/px4_msgs/px4_msgs/msg/detail/follow_target__rosidl_typesupport_introspection_c.h\n'}
[3.475488] (px4_msgs) StdoutLine: {'line': b'-- Up-to-date: /home/rschnurr/SkyClaw-Team1/ros2_ws/install/px4_msgs/include/px4_msgs/px4_msgs/msg/detail/message_format_response__type_support.c\n'}
[3.475550] (px4_msgs) StdoutLine: {'line': b'-- Up-to-date: /home/rschnurr/SkyClaw-Team1/ros2_ws/install/px4_msgs/include/px4_msgs/px4_msgs/msg/detail/gpio_in__type_support.c\n'}
[3.475704] (px4_msgs) StdoutLine: {'line': b'-- Up-to-date: /home/rschnurr/SkyClaw-Team1/ros2_ws/install/px4_msgs/include/px4_msgs/px4_msgs/msg/detail/rover_throttle_setpoint__type_support.c\n'}
[3.475886] (px4_msgs) StdoutLine: {'line': b'-- Up-to-date: /home/rschnurr/SkyClaw-Team1/ros2_ws/install/px4_msgs/include/px4_msgs/px4_msgs/msg/detail/uavcan_parameter_request__type_support.c\n'}
[3.475979] (px4_msgs) StdoutLine: {'line': b'-- Up-to-date: /home/rschnurr/SkyClaw-Team1/ros2_ws/install/px4_msgs/include/px4_msgs/px4_msgs/msg/detail/collision_constraints__rosidl_typesupport_introspection_c.h\n'}
[3.476048] (px4_msgs) StdoutLine: {'line': b'-- Up-to-date: /home/rschnurr/SkyClaw-Team1/ros2_ws/install/px4_msgs/include/px4_msgs/px4_msgs/msg/detail/orb_test_large__type_support.c\n'}
[3.476112] (px4_msgs) StdoutLine: {'line': b'-- Up-to-date: /home/rschnurr/SkyClaw-Team1/ros2_ws/install/px4_msgs/include/px4_msgs/px4_msgs/msg/detail/parameter_set_value_response__rosidl_typesupport_introspection_c.h\n'}
[3.476255] (px4_msgs) StdoutLine: {'line': b'-- Up-to-date: /home/rschnurr/SkyClaw-Team1/ros2_ws/install/px4_msgs/include/px4_msgs/px4_msgs/msg/detail/estimator_sensor_bias__rosidl_typesupport_introspection_c.h\n'}
[3.476542] (px4_msgs) StdoutLine: {'line': b'-- Up-to-date: /home/rschnurr/SkyClaw-Team1/ros2_ws/install/px4_msgs/include/px4_msgs/px4_msgs/msg/detail/sensor_gyro_fft__type_support.c\n'}
[3.476675] (px4_msgs) StdoutLine: {'line': b'-- Up-to-date: /home/rschnurr/SkyClaw-Team1/ros2_ws/install/px4_msgs/include/px4_msgs/px4_msgs/msg/detail/rover_throttle_setpoint__rosidl_typesupport_introspection_c.h\n'}
[3.476839] (px4_msgs) StdoutLine: {'line': b'-- Up-to-date: /home/rschnurr/SkyClaw-Team1/ros2_ws/install/px4_msgs/include/px4_msgs/px4_msgs/msg/detail/vehicle_attitude_setpoint__rosidl_typesupport_introspection_c.h\n'}
[3.476940] (px4_msgs) StdoutLine: {'line': b'-- Up-to-date: /home/rschnurr/SkyClaw-Team1/ros2_ws/install/px4_msgs/include/px4_msgs/px4_msgs/msg/detail/gimbal_manager_set_manual_control__type_support.c\n'}
[3.477009] (px4_msgs) StdoutLine: {'line': b'-- Up-to-date: /home/rschnurr/SkyClaw-Team1/ros2_ws/install/px4_msgs/include/px4_msgs/px4_msgs/msg/detail/vehicle_angular_acceleration_setpoint__rosidl_typesupport_introspection_c.h\n'}
[3.477074] (px4_msgs) StdoutLine: {'line': b'-- Up-to-date: /home/rschnurr/SkyClaw-Team1/ros2_ws/install/px4_msgs/include/px4_msgs/px4_msgs/msg/detail/pps_capture__type_support.c\n'}
[3.477135] (px4_msgs) StdoutLine: {'line': b'-- Up-to-date: /home/rschnurr/SkyClaw-Team1/ros2_ws/install/px4_msgs/include/px4_msgs/px4_msgs/msg/detail/rover_steering_setpoint__rosidl_typesupport_introspection_c.h\n'}
[3.477203] (px4_msgs) StdoutLine: {'line': b'-- Up-to-date: /home/rschnurr/SkyClaw-Team1/ros2_ws/install/px4_msgs/include/px4_msgs/px4_msgs/msg/detail/can_interface_status__rosidl_typesupport_introspection_c.h\n'}
[3.477282] (px4_msgs) StdoutLine: {'line': b'-- Up-to-date: /home/rschnurr/SkyClaw-Team1/ros2_ws/install/px4_msgs/include/px4_msgs/px4_msgs/msg/detail/config_overrides__type_support.c\n'}
[3.477345] (px4_msgs) StdoutLine: {'line': b'-- Up-to-date: /home/rschnurr/SkyClaw-Team1/ros2_ws/install/px4_msgs/include/px4_msgs/px4_msgs/msg/detail/magnetometer_bias_estimate__type_support.c\n'}
[3.477406] (px4_msgs) StdoutLine: {'line': b'-- Up-to-date: /home/rschnurr/SkyClaw-Team1/ros2_ws/install/px4_msgs/include/px4_msgs/px4_msgs/msg/detail/gimbal_manager_status__type_support.c\n'}
[3.477476] (px4_msgs) StdoutLine: {'line': b'-- Up-to-date: /home/rschnurr/SkyClaw-Team1/ros2_ws/install/px4_msgs/include/px4_msgs/px4_msgs/msg/detail/trajectory_setpoint6dof__rosidl_typesupport_introspection_c.h\n'}
[3.477538] (px4_msgs) StdoutLine: {'line': b'-- Up-to-date: /home/rschnurr/SkyClaw-Team1/ros2_ws/install/px4_msgs/include/px4_msgs/px4_msgs/msg/detail/estimator_status_flags__rosidl_typesupport_introspection_c.h\n'}
[3.477600] (px4_msgs) StdoutLine: {'line': b'-- Up-to-date: /home/rschnurr/SkyClaw-Team1/ros2_ws/install/px4_msgs/include/px4_msgs/px4_msgs/msg/detail/vehicle_command_ack__type_support.c\n'}
[3.477659] (px4_msgs) StdoutLine: {'line': b'-- Up-to-date: /home/rschnurr/SkyClaw-Team1/ros2_ws/install/px4_msgs/include/px4_msgs/px4_msgs/msg/detail/camera_status__type_support.c\n'}
[3.477718] (px4_msgs) StdoutLine: {'line': b'-- Up-to-date: /home/rschnurr/SkyClaw-Team1/ros2_ws/install/px4_msgs/include/px4_msgs/px4_msgs/msg/detail/uavcan_parameter_request__rosidl_typesupport_introspection_c.h\n'}
[3.477780] (px4_msgs) StdoutLine: {'line': b'-- Up-to-date: /home/rschnurr/SkyClaw-Team1/ros2_ws/install/px4_msgs/include/px4_msgs/px4_msgs/msg/detail/open_drone_id_arm_status__type_support.c\n'}
[3.477847] (px4_msgs) StdoutLine: {'line': b'-- Up-to-date: /home/rschnurr/SkyClaw-Team1/ros2_ws/install/px4_msgs/include/px4_msgs/px4_msgs/msg/detail/sensor_gnss_relative__rosidl_typesupport_introspection_c.h\n'}
[3.477919] (px4_msgs) StdoutLine: {'line': b'-- Up-to-date: /home/rschnurr/SkyClaw-Team1/ros2_ws/install/px4_msgs/include/px4_msgs/px4_msgs/msg/detail/velocity_limits__type_support.c\n'}
[3.477990] (px4_msgs) StdoutLine: {'line': b'-- Up-to-date: /home/rschnurr/SkyClaw-Team1/ros2_ws/install/px4_msgs/include/px4_msgs/px4_msgs/msg/detail/geofence_status__rosidl_typesupport_introspection_c.h\n'}
[3.478055] (px4_msgs) StdoutLine: {'line': b'-- Up-to-date: /home/rschnurr/SkyClaw-Team1/ros2_ws/install/px4_msgs/include/px4_msgs/px4_msgs/msg/detail/register_ext_component_reply__type_support.c\n'}
[3.478117] (px4_msgs) StdoutLine: {'line': b'-- Up-to-date: /home/rschnurr/SkyClaw-Team1/ros2_ws/install/px4_msgs/include/px4_msgs/px4_msgs/msg/detail/mavlink_tunnel__type_support.c\n'}
[3.478182] (px4_msgs) StdoutLine: {'line': b'-- Up-to-date: /home/rschnurr/SkyClaw-Team1/ros2_ws/install/px4_msgs/include/px4_msgs/px4_msgs/msg/detail/rtl_status__rosidl_typesupport_introspection_c.h\n'}
[3.478243] (px4_msgs) StdoutLine: {'line': b'-- Up-to-date: /home/rschnurr/SkyClaw-Team1/ros2_ws/install/px4_msgs/include/px4_msgs/px4_msgs/msg/detail/rc_channels__rosidl_typesupport_introspection_c.h\n'}
[3.478304] (px4_msgs) StdoutLine: {'line': b'-- Up-to-date: /home/rschnurr/SkyClaw-Team1/ros2_ws/install/px4_msgs/include/px4_msgs/px4_msgs/msg/detail/offboard_control_mode__rosidl_typesupport_introspection_c.h\n'}
[3.478444] (px4_msgs) StdoutLine: {'line': b'-- Up-to-date: /home/rschnurr/SkyClaw-Team1/ros2_ws/install/px4_msgs/include/px4_msgs/px4_msgs/msg/detail/vehicle_angular_velocity__rosidl_typesupport_introspection_c.h\n'}
[3.478570] (px4_msgs) StdoutLine: {'line': b'-- Up-to-date: /home/rschnurr/SkyClaw-Team1/ros2_ws/install/px4_msgs/include/px4_msgs/px4_msgs/msg/detail/actuator_armed__rosidl_typesupport_introspection_c.h\n'}
[3.478648] (px4_msgs) StdoutLine: {'line': b'-- Up-to-date: /home/rschnurr/SkyClaw-Team1/ros2_ws/install/px4_msgs/include/px4_msgs/px4_msgs/msg/detail/orbit_status__rosidl_typesupport_introspection_c.h\n'}
[3.478734] (px4_msgs) StdoutLine: {'line': b'-- Up-to-date: /home/rschnurr/SkyClaw-Team1/ros2_ws/install/px4_msgs/include/px4_msgs/px4_msgs/msg/detail/sensor_correction__type_support.c\n'}
[3.478797] (px4_msgs) StdoutLine: {'line': b'-- Up-to-date: /home/rschnurr/SkyClaw-Team1/ros2_ws/install/px4_msgs/include/px4_msgs/px4_msgs/msg/detail/px4io_status__rosidl_typesupport_introspection_c.h\n'}
[3.478858] (px4_msgs) StdoutLine: {'line': b'-- Up-to-date: /home/rschnurr/SkyClaw-Team1/ros2_ws/install/px4_msgs/include/px4_msgs/px4_msgs/msg/detail/open_drone_id_system__type_support.c\n'}
[3.478920] (px4_msgs) StdoutLine: {'line': b'-- Up-to-date: /home/rschnurr/SkyClaw-Team1/ros2_ws/install/px4_msgs/include/px4_msgs/px4_msgs/msg/detail/radio_status__rosidl_typesupport_introspection_c.h\n'}
[3.478982] (px4_msgs) StdoutLine: {'line': b'-- Up-to-date: /home/rschnurr/SkyClaw-Team1/ros2_ws/install/px4_msgs/include/px4_msgs/px4_msgs/msg/detail/mission__type_support.c\n'}
[3.479042] (px4_msgs) StdoutLine: {'line': b'-- Up-to-date: /home/rschnurr/SkyClaw-Team1/ros2_ws/install/px4_msgs/include/px4_msgs/px4_msgs/msg/detail/cellular_status__type_support.c\n'}
[3.479135] (px4_msgs) StdoutLine: {'line': b'-- Up-to-date: /home/rschnurr/SkyClaw-Team1/ros2_ws/install/px4_msgs/include/px4_msgs/px4_msgs/msg/detail/navigator_mission_item__rosidl_typesupport_introspection_c.h\n'}
[3.479200] (px4_msgs) StdoutLine: {'line': b'-- Up-to-date: /home/rschnurr/SkyClaw-Team1/ros2_ws/install/px4_msgs/include/px4_msgs/px4_msgs/msg/detail/tune_control__rosidl_typesupport_introspection_c.h\n'}
[3.479263] (px4_msgs) StdoutLine: {'line': b'-- Up-to-date: /home/rschnurr/SkyClaw-Team1/ros2_ws/install/px4_msgs/include/px4_msgs/px4_msgs/msg/detail/landing_target_pose__rosidl_typesupport_introspection_c.h\n'}
[3.479336] (px4_msgs) StdoutLine: {'line': b'-- Up-to-date: /home/rschnurr/SkyClaw-Team1/ros2_ws/install/px4_msgs/include/px4_msgs/px4_msgs/msg/detail/dronecan_node_status__rosidl_typesupport_introspection_c.h\n'}
[3.479397] (px4_msgs) StdoutLine: {'line': b'-- Up-to-date: /home/rschnurr/SkyClaw-Team1/ros2_ws/install/px4_msgs/include/px4_msgs/px4_msgs/msg/detail/landing_gear__type_support.c\n'}
[3.479458] (px4_msgs) StdoutLine: {'line': b'-- Up-to-date: /home/rschnurr/SkyClaw-Team1/ros2_ws/install/px4_msgs/include/px4_msgs/px4_msgs/msg/detail/px4io_status__type_support.c\n'}
[3.479517] (px4_msgs) StdoutLine: {'line': b'-- Up-to-date: /home/rschnurr/SkyClaw-Team1/ros2_ws/install/px4_msgs/include/px4_msgs/px4_msgs/msg/detail/longitudinal_control_configuration__type_support.c\n'}
[3.479575] (px4_msgs) StdoutLine: {'line': b'-- Up-to-date: /home/rschnurr/SkyClaw-Team1/ros2_ws/install/px4_msgs/include/px4_msgs/px4_msgs/msg/detail/esc_report__type_support.c\n'}
[3.479634] (px4_msgs) StdoutLine: {'line': b'-- Up-to-date: /home/rschnurr/SkyClaw-Team1/ros2_ws/install/px4_msgs/include/px4_msgs/px4_msgs/msg/detail/fixed_wing_longitudinal_setpoint__type_support.c\n'}
[3.479693] (px4_msgs) StdoutLine: {'line': b'-- Up-to-date: /home/rschnurr/SkyClaw-Team1/ros2_ws/install/px4_msgs/include/px4_msgs/px4_msgs/msg/detail/airspeed_validated__type_support.c\n'}
[3.479753] (px4_msgs) StdoutLine: {'line': b'-- Up-to-date: /home/rschnurr/SkyClaw-Team1/ros2_ws/install/px4_msgs/include/px4_msgs/px4_msgs/msg/detail/failsafe_flags__type_support.c\n'}
[3.479812] (px4_msgs) StdoutLine: {'line': b'-- Up-to-date: /home/rschnurr/SkyClaw-Team1/ros2_ws/install/px4_msgs/include/px4_msgs/px4_msgs/msg/detail/actuator_motors__rosidl_typesupport_introspection_c.h\n'}
[3.479872] (px4_msgs) StdoutLine: {'line': b'-- Up-to-date: /home/rschnurr/SkyClaw-Team1/ros2_ws/install/px4_msgs/include/px4_msgs/px4_msgs/msg/detail/log_message__rosidl_typesupport_introspection_c.h\n'}
[3.479932] (px4_msgs) StdoutLine: {'line': b'-- Up-to-date: /home/rschnurr/SkyClaw-Team1/ros2_ws/install/px4_msgs/include/px4_msgs/px4_msgs/msg/detail/sensor_uwb__rosidl_typesupport_introspection_c.h\n'}
[3.479991] (px4_msgs) StdoutLine: {'line': b'-- Up-to-date: /home/rschnurr/SkyClaw-Team1/ros2_ws/install/px4_msgs/include/px4_msgs/px4_msgs/msg/detail/config_overrides__rosidl_typesupport_introspection_c.h\n'}
[3.480061] (px4_msgs) StdoutLine: {'line': b'-- Up-to-date: /home/rschnurr/SkyClaw-Team1/ros2_ws/install/px4_msgs/include/px4_msgs/px4_msgs/msg/detail/fixed_wing_lateral_setpoint__rosidl_typesupport_introspection_c.h\n'}
[3.480128] (px4_msgs) StdoutLine: {'line': b'-- Up-to-date: /home/rschnurr/SkyClaw-Team1/ros2_ws/install/px4_msgs/include/px4_msgs/px4_msgs/msg/detail/estimator_event_flags__rosidl_typesupport_introspection_c.h\n'}
[3.480193] (px4_msgs) StdoutLine: {'line': b'-- Up-to-date: /home/rschnurr/SkyClaw-Team1/ros2_ws/install/px4_msgs/include/px4_msgs/px4_msgs/msg/detail/ulog_stream__type_support.c\n'}
[3.480254] (px4_msgs) StdoutLine: {'line': b'-- Up-to-date: /home/rschnurr/SkyClaw-Team1/ros2_ws/install/px4_msgs/include/px4_msgs/px4_msgs/msg/detail/airspeed__type_support.c\n'}
[3.480328] (px4_msgs) StdoutLine: {'line': b'-- Up-to-date: /home/rschnurr/SkyClaw-Team1/ros2_ws/install/px4_msgs/include/px4_msgs/px4_msgs/msg/detail/vehicle_global_position__type_support.c\n'}
[3.480543] (px4_msgs) StdoutLine: {'line': b'-- Up-to-date: /home/rschnurr/SkyClaw-Team1/ros2_ws/install/px4_msgs/include/px4_msgs/px4_msgs/msg/detail/rover_rate_setpoint__rosidl_typesupport_introspection_c.h\n'}
[3.480648] (px4_msgs) StdoutLine: {'line': b'-- Up-to-date: /home/rschnurr/SkyClaw-Team1/ros2_ws/install/px4_msgs/include/px4_msgs/px4_msgs/msg/detail/vehicle_optical_flow_vel__type_support.c\n'}
[3.480724] (px4_msgs) StdoutLine: {'line': b'-- Up-to-date: /home/rschnurr/SkyClaw-Team1/ros2_ws/install/px4_msgs/include/px4_msgs/px4_msgs/msg/detail/hover_thrust_estimate__rosidl_typesupport_introspection_c.h\n'}
[3.480787] (px4_msgs) StdoutLine: {'line': b'-- Up-to-date: /home/rschnurr/SkyClaw-Team1/ros2_ws/install/px4_msgs/include/px4_msgs/px4_msgs/msg/detail/esc_status__type_support.c\n'}
[3.480848] (px4_msgs) StdoutLine: {'line': b'-- Up-to-date: /home/rschnurr/SkyClaw-Team1/ros2_ws/install/px4_msgs/include/px4_msgs/px4_msgs/msg/detail/figure_eight_status__type_support.c\n'}
[3.480909] (px4_msgs) StdoutLine: {'line': b'-- Up-to-date: /home/rschnurr/SkyClaw-Team1/ros2_ws/install/px4_msgs/include/px4_msgs/px4_msgs/msg/detail/internal_combustion_engine_control__rosidl_typesupport_introspection_c.h\n'}
[3.480971] (px4_msgs) StdoutLine: {'line': b'-- Up-to-date: /home/rschnurr/SkyClaw-Team1/ros2_ws/install/px4_msgs/include/px4_msgs/px4_msgs/msg/detail/debug_array__rosidl_typesupport_introspection_c.h\n'}
[3.481032] (px4_msgs) StdoutLine: {'line': b'-- Up-to-date: /home/rschnurr/SkyClaw-Team1/ros2_ws/install/px4_msgs/lib/libpx4_msgs__rosidl_typesupport_introspection_c.so\n'}
[3.481095] (px4_msgs) StdoutLine: {'line': b'-- Up-to-date: /home/rschnurr/SkyClaw-Team1/ros2_ws/install/px4_msgs/lib/libpx4_msgs__rosidl_typesupport_c.so\n'}
[3.481160] (px4_msgs) StdoutLine: {'line': b'-- Up-to-date: /home/rschnurr/SkyClaw-Team1/ros2_ws/install/px4_msgs/include/px4_msgs/px4_msgs\n'}
[3.481221] (px4_msgs) StdoutLine: {'line': b'-- Up-to-date: /home/rschnurr/SkyClaw-Team1/ros2_ws/install/px4_msgs/include/px4_msgs/px4_msgs/srv\n'}
[3.481281] (px4_msgs) StdoutLine: {'line': b'-- Up-to-date: /home/rschnurr/SkyClaw-Team1/ros2_ws/install/px4_msgs/include/px4_msgs/px4_msgs/srv/detail\n'}
[3.481359] (px4_msgs) StdoutLine: {'line': b'-- Up-to-date: /home/rschnurr/SkyClaw-Team1/ros2_ws/install/px4_msgs/include/px4_msgs/px4_msgs/srv/detail/vehicle_command__rosidl_typesupport_introspection_cpp.hpp\n'}
[3.481426] (px4_msgs) StdoutLine: {'line': b'-- Up-to-date: /home/rschnurr/SkyClaw-Team1/ros2_ws/install/px4_msgs/include/px4_msgs/px4_msgs/srv/detail/vehicle_command__type_support.cpp\n'}
[3.481488] (px4_msgs) StdoutLine: {'line': b'-- Up-to-date: /home/rschnurr/SkyClaw-Team1/ros2_ws/install/px4_msgs/include/px4_msgs/px4_msgs/msg\n'}
[3.481548] (px4_msgs) StdoutLine: {'line': b'-- Up-to-date: /home/rschnurr/SkyClaw-Team1/ros2_ws/install/px4_msgs/include/px4_msgs/px4_msgs/msg/detail\n'}
[3.481607] (px4_msgs) StdoutLine: {'line': b'-- Up-to-date: /home/rschnurr/SkyClaw-Team1/ros2_ws/install/px4_msgs/include/px4_msgs/px4_msgs/msg/detail/longitudinal_control_configuration__rosidl_typesupport_introspection_cpp.hpp\n'}
[3.481673] (px4_msgs) StdoutLine: {'line': b'-- Up-to-date: /home/rschnurr/SkyClaw-Team1/ros2_ws/install/px4_msgs/include/px4_msgs/px4_msgs/msg/detail/geofence_status__type_support.cpp\n'}
[3.481732] (px4_msgs) StdoutLine: {'line': b'-- Up-to-date: /home/rschnurr/SkyClaw-Team1/ros2_ws/install/px4_msgs/include/px4_msgs/px4_msgs/msg/detail/estimator_status_flags__rosidl_typesupport_introspection_cpp.hpp\n'}
[3.481790] (px4_msgs) StdoutLine: {'line': b'-- Up-to-date: /home/rschnurr/SkyClaw-Team1/ros2_ws/install/px4_msgs/include/px4_msgs/px4_msgs/msg/detail/magnetometer_bias_estimate__type_support.cpp\n'}
[3.481852] (px4_msgs) StdoutLine: {'line': b'-- Up-to-date: /home/rschnurr/SkyClaw-Team1/ros2_ws/install/px4_msgs/include/px4_msgs/px4_msgs/msg/detail/hover_thrust_estimate__rosidl_typesupport_introspection_cpp.hpp\n'}
[3.481917] (px4_msgs) StdoutLine: {'line': b'-- Up-to-date: /home/rschnurr/SkyClaw-Team1/ros2_ws/install/px4_msgs/include/px4_msgs/px4_msgs/msg/detail/rover_rate_status__type_support.cpp\n'}
[3.481979] (px4_msgs) StdoutLine: {'line': b'-- Up-to-date: /home/rschnurr/SkyClaw-Team1/ros2_ws/install/px4_msgs/include/px4_msgs/px4_msgs/msg/detail/esc_status__type_support.cpp\n'}
[3.482040] (px4_msgs) StdoutLine: {'line': b'-- Up-to-date: /home/rschnurr/SkyClaw-Team1/ros2_ws/install/px4_msgs/include/px4_msgs/px4_msgs/msg/detail/estimator_event_flags__type_support.cpp\n'}
[3.482108] (px4_msgs) StdoutLine: {'line': b'-- Up-to-date: /home/rschnurr/SkyClaw-Team1/ros2_ws/install/px4_msgs/include/px4_msgs/px4_msgs/msg/detail/vehicle_constraints__rosidl_typesupport_introspection_cpp.hpp\n'}
[3.482167] (px4_msgs) StdoutLine: {'line': b'-- Up-to-date: /home/rschnurr/SkyClaw-Team1/ros2_ws/install/px4_msgs/include/px4_msgs/px4_msgs/msg/detail/airspeed_validated__rosidl_typesupport_introspection_cpp.hpp\n'}
[3.482226] (px4_msgs) StdoutLine: {'line': b'-- Up-to-date: /home/rschnurr/SkyClaw-Team1/ros2_ws/install/px4_msgs/include/px4_msgs/px4_msgs/msg/detail/actuator_armed__rosidl_typesupport_introspection_cpp.hpp\n'}
[3.482475] (px4_msgs) StdoutLine: {'line': b'-- Up-to-date: /home/rschnurr/SkyClaw-Team1/ros2_ws/install/px4_msgs/include/px4_msgs/px4_msgs/msg/detail/dronecan_node_status__type_support.cpp\n'}
[3.482595] (px4_msgs) StdoutLine: {'line': b'-- Up-to-date: /home/rschnurr/SkyClaw-Team1/ros2_ws/install/px4_msgs/include/px4_msgs/px4_msgs/msg/detail/sensor_combined__type_support.cpp\n'}
[3.482679] (px4_msgs) StdoutLine: {'line': b'-- Up-to-date: /home/rschnurr/SkyClaw-Team1/ros2_ws/install/px4_msgs/include/px4_msgs/px4_msgs/msg/detail/sensor_accel__type_support.cpp\n'}
[3.482747] (px4_msgs) StdoutLine: {'line': b'-- Up-to-date: /home/rschnurr/SkyClaw-Team1/ros2_ws/install/px4_msgs/include/px4_msgs/px4_msgs/msg/detail/action_request__type_support.cpp\n'}
[3.482808] (px4_msgs) StdoutLine: {'line': b'-- Up-to-date: /home/rschnurr/SkyClaw-Team1/ros2_ws/install/px4_msgs/include/px4_msgs/px4_msgs/msg/detail/navigator_status__type_support.cpp\n'}
[3.482871] (px4_msgs) StdoutLine: {'line': b'-- Up-to-date: /home/rschnurr/SkyClaw-Team1/ros2_ws/install/px4_msgs/include/px4_msgs/px4_msgs/msg/detail/offboard_control_mode__rosidl_typesupport_introspection_cpp.hpp\n'}
[3.482931] (px4_msgs) StdoutLine: {'line': b'-- Up-to-date: /home/rschnurr/SkyClaw-Team1/ros2_ws/install/px4_msgs/include/px4_msgs/px4_msgs/msg/detail/estimator_aid_source3d__type_support.cpp\n'}
[3.482991] (px4_msgs) StdoutLine: {'line': b'-- Up-to-date: /home/rschnurr/SkyClaw-Team1/ros2_ws/install/px4_msgs/include/px4_msgs/px4_msgs/msg/detail/mavlink_tunnel__type_support.cpp\n'}
[3.483052] (px4_msgs) StdoutLine: {'line': b'-- Up-to-date: /home/rschnurr/SkyClaw-Team1/ros2_ws/install/px4_msgs/include/px4_msgs/px4_msgs/msg/detail/collision_constraints__type_support.cpp\n'}
[3.483112] (px4_msgs) StdoutLine: {'line': b'-- Up-to-date: /home/rschnurr/SkyClaw-Team1/ros2_ws/install/px4_msgs/include/px4_msgs/px4_msgs/msg/detail/gripper__rosidl_typesupport_introspection_cpp.hpp\n'}
[3.483186] (px4_msgs) StdoutLine: {'line': b'-- Up-to-date: /home/rschnurr/SkyClaw-Team1/ros2_ws/install/px4_msgs/include/px4_msgs/px4_msgs/msg/detail/internal_combustion_engine_status__rosidl_typesupport_introspection_cpp.hpp\n'}
[3.483247] (px4_msgs) StdoutLine: {'line': b'-- Up-to-date: /home/rschnurr/SkyClaw-Team1/ros2_ws/install/px4_msgs/include/px4_msgs/px4_msgs/msg/detail/actuator_servos__rosidl_typesupport_introspection_cpp.hpp\n'}
[3.483316] (px4_msgs) StdoutLine: {'line': b'-- Up-to-date: /home/rschnurr/SkyClaw-Team1/ros2_ws/install/px4_msgs/include/px4_msgs/px4_msgs/msg/detail/magnetometer_bias_estimate__rosidl_typesupport_introspection_cpp.hpp\n'}
[3.483374] (px4_msgs) StdoutLine: {'line': b'-- Up-to-date: /home/rschnurr/SkyClaw-Team1/ros2_ws/install/px4_msgs/include/px4_msgs/px4_msgs/msg/detail/sensor_gnss_status__rosidl_typesupport_introspection_cpp.hpp\n'}
[3.483433] (px4_msgs) StdoutLine: {'line': b'-- Up-to-date: /home/rschnurr/SkyClaw-Team1/ros2_ws/install/px4_msgs/include/px4_msgs/px4_msgs/msg/detail/tune_control__rosidl_typesupport_introspection_cpp.hpp\n'}
[3.483492] (px4_msgs) StdoutLine: {'line': b'-- Up-to-date: /home/rschnurr/SkyClaw-Team1/ros2_ws/install/px4_msgs/include/px4_msgs/px4_msgs/msg/detail/vehicle_magnetometer__rosidl_typesupport_introspection_cpp.hpp\n'}
[3.483550] (px4_msgs) StdoutLine: {'line': b'-- Up-to-date: /home/rschnurr/SkyClaw-Team1/ros2_ws/install/px4_msgs/include/px4_msgs/px4_msgs/msg/detail/gpio_request__rosidl_typesupport_introspection_cpp.hpp\n'}
[3.483609] (px4_msgs) StdoutLine: {'line': b'-- Up-to-date: /home/rschnurr/SkyClaw-Team1/ros2_ws/install/px4_msgs/include/px4_msgs/px4_msgs/msg/detail/parameter_set_used_request__rosidl_typesupport_introspection_cpp.hpp\n'}
[3.483672] (px4_msgs) StdoutLine: {'line': b'-- Up-to-date: /home/rschnurr/SkyClaw-Team1/ros2_ws/install/px4_msgs/include/px4_msgs/px4_msgs/msg/detail/px4io_status__rosidl_typesupport_introspection_cpp.hpp\n'}
[3.483730] (px4_msgs) StdoutLine: {'line': b'-- Up-to-date: /home/rschnurr/SkyClaw-Team1/ros2_ws/install/px4_msgs/include/px4_msgs/px4_msgs/msg/detail/vehicle_status__rosidl_typesupport_introspection_cpp.hpp\n'}
[3.483789] (px4_msgs) StdoutLine: {'line': b'-- Up-to-date: /home/rschnurr/SkyClaw-Team1/ros2_ws/install/px4_msgs/include/px4_msgs/px4_msgs/msg/detail/esc_status__rosidl_typesupport_introspection_cpp.hpp\n'}
[3.483852] (px4_msgs) StdoutLine: {'line': b'-- Up-to-date: /home/rschnurr/SkyClaw-Team1/ros2_ws/install/px4_msgs/include/px4_msgs/px4_msgs/msg/detail/satellite_info__type_support.cpp\n'}
[3.483912] (px4_msgs) StdoutLine: {'line': b'-- Up-to-date: /home/rschnurr/SkyClaw-Team1/ros2_ws/install/px4_msgs/include/px4_msgs/px4_msgs/msg/detail/parameter_update__type_support.cpp\n'}
[3.483970] (px4_msgs) StdoutLine: {'line': b'-- Up-to-date: /home/rschnurr/SkyClaw-Team1/ros2_ws/install/px4_msgs/include/px4_msgs/px4_msgs/msg/detail/system_power__type_support.cpp\n'}
[3.484030] (px4_msgs) StdoutLine: {'line': b'-- Up-to-date: /home/rschnurr/SkyClaw-Team1/ros2_ws/install/px4_msgs/include/px4_msgs/px4_msgs/msg/detail/vehicle_imu_status__type_support.cpp\n'}
[3.484090] (px4_msgs) StdoutLine: {'line': b'-- Up-to-date: /home/rschnurr/SkyClaw-Team1/ros2_ws/install/px4_msgs/include/px4_msgs/px4_msgs/msg/detail/open_drone_id_arm_status__type_support.cpp\n'}
[3.484390] (px4_msgs) StdoutLine: {'line': b'-- Up-to-date: /home/rschnurr/SkyClaw-Team1/ros2_ws/install/px4_msgs/include/px4_msgs/px4_msgs/msg/detail/mission_result__rosidl_typesupport_introspection_cpp.hpp\n'}
[3.484585] (px4_msgs) StdoutLine: {'line': b'-- Up-to-date: /home/rschnurr/SkyClaw-Team1/ros2_ws/install/px4_msgs/include/px4_msgs/px4_msgs/msg/detail/mag_worker_data__rosidl_typesupport_introspection_cpp.hpp\n'}
[3.484670] (px4_msgs) StdoutLine: {'line': b'-- Up-to-date: /home/rschnurr/SkyClaw-Team1/ros2_ws/install/px4_msgs/include/px4_msgs/px4_msgs/msg/detail/transponder_report__type_support.cpp\n'}
[3.484738] (px4_msgs) StdoutLine: {'line': b'-- Up-to-date: /home/rschnurr/SkyClaw-Team1/ros2_ws/install/px4_msgs/include/px4_msgs/px4_msgs/msg/detail/button_event__rosidl_typesupport_introspection_cpp.hpp\n'}
[3.484817] (px4_msgs) StdoutLine: {'line': b'-- Up-to-date: /home/rschnurr/SkyClaw-Team1/ros2_ws/install/px4_msgs/include/px4_msgs/px4_msgs/msg/detail/parameter_set_value_response__rosidl_typesupport_introspection_cpp.hpp\n'}
[3.484881] (px4_msgs) StdoutLine: {'line': b'-- Up-to-date: /home/rschnurr/SkyClaw-Team1/ros2_ws/install/px4_msgs/include/px4_msgs/px4_msgs/msg/detail/vehicle_air_data__type_support.cpp\n'}
[3.484942] (px4_msgs) StdoutLine: {'line': b'-- Up-to-date: /home/rschnurr/SkyClaw-Team1/ros2_ws/install/px4_msgs/include/px4_msgs/px4_msgs/msg/detail/action_request__rosidl_typesupport_introspection_cpp.hpp\n'}
[3.485008] (px4_msgs) StdoutLine: {'line': b'-- Up-to-date: /home/rschnurr/SkyClaw-Team1/ros2_ws/install/px4_msgs/include/px4_msgs/px4_msgs/msg/detail/sensors_status__type_support.cpp\n'}
[3.485078] (px4_msgs) StdoutLine: {'line': b'-- Up-to-date: /home/rschnurr/SkyClaw-Team1/ros2_ws/install/px4_msgs/include/px4_msgs/px4_msgs/msg/detail/vehicle_angular_acceleration_setpoint__type_support.cpp\n'}
[3.485142] (px4_msgs) StdoutLine: {'line': b'-- Up-to-date: /home/rschnurr/SkyClaw-Team1/ros2_ws/install/px4_msgs/include/px4_msgs/px4_msgs/msg/detail/fixed_wing_lateral_guidance_status__rosidl_typesupport_introspection_cpp.hpp\n'}
[3.485205] (px4_msgs) StdoutLine: {'line': b'-- Up-to-date: /home/rschnurr/SkyClaw-Team1/ros2_ws/install/px4_msgs/include/px4_msgs/px4_msgs/msg/detail/estimator_states__rosidl_typesupport_introspection_cpp.hpp\n'}
[3.485264] (px4_msgs) StdoutLine: {'line': b'-- Up-to-date: /home/rschnurr/SkyClaw-Team1/ros2_ws/install/px4_msgs/include/px4_msgs/px4_msgs/msg/detail/gimbal_device_information__rosidl_typesupport_introspection_cpp.hpp\n'}
[3.485324] (px4_msgs) StdoutLine: {'line': b'-- Up-to-date: /home/rschnurr/SkyClaw-Team1/ros2_ws/install/px4_msgs/include/px4_msgs/px4_msgs/msg/detail/vehicle_optical_flow__type_support.cpp\n'}
[3.485370] (px4_msgs) StdoutLine: {'line': b'-- Up-to-date: /home/rschnurr/SkyClaw-Team1/ros2_ws/install/px4_msgs/include/px4_msgs/px4_msgs/msg/detail/estimator_aid_source3d__rosidl_typesupport_introspection_cpp.hpp\n'}
[3.485415] (px4_msgs) StdoutLine: {'line': b'-- Up-to-date: /home/rschnurr/SkyClaw-Team1/ros2_ws/install/px4_msgs/include/px4_msgs/px4_msgs/msg/detail/input_rc__rosidl_typesupport_introspection_cpp.hpp\n'}
[3.485458] (px4_msgs) StdoutLine: {'line': b'-- Up-to-date: /home/rschnurr/SkyClaw-Team1/ros2_ws/install/px4_msgs/include/px4_msgs/px4_msgs/msg/detail/message_format_response__type_support.cpp\n'}
[3.485501] (px4_msgs) StdoutLine: {'line': b'-- Up-to-date: /home/rschnurr/SkyClaw-Team1/ros2_ws/install/px4_msgs/include/px4_msgs/px4_msgs/msg/detail/estimator_bias__type_support.cpp\n'}
[3.485544] (px4_msgs) StdoutLine: {'line': b'-- Up-to-date: /home/rschnurr/SkyClaw-Team1/ros2_ws/install/px4_msgs/include/px4_msgs/px4_msgs/msg/detail/vehicle_optical_flow_vel__rosidl_typesupport_introspection_cpp.hpp\n'}
[3.485586] (px4_msgs) StdoutLine: {'line': b'-- Up-to-date: /home/rschnurr/SkyClaw-Team1/ros2_ws/install/px4_msgs/include/px4_msgs/px4_msgs/msg/detail/orbit_status__type_support.cpp\n'}
[3.485627] (px4_msgs) StdoutLine: {'line': b'-- Up-to-date: /home/rschnurr/SkyClaw-Team1/ros2_ws/install/px4_msgs/include/px4_msgs/px4_msgs/msg/detail/distance_sensor_mode_change_request__type_support.cpp\n'}
[3.485676] (px4_msgs) StdoutLine: {'line': b'-- Up-to-date: /home/rschnurr/SkyClaw-Team1/ros2_ws/install/px4_msgs/include/px4_msgs/px4_msgs/msg/detail/vehicle_control_mode__type_support.cpp\n'}
[3.485718] (px4_msgs) StdoutLine: {'line': b'-- Up-to-date: /home/rschnurr/SkyClaw-Team1/ros2_ws/install/px4_msgs/include/px4_msgs/px4_msgs/msg/detail/timesync_status__type_support.cpp\n'}
[3.485760] (px4_msgs) StdoutLine: {'line': b'-- Up-to-date: /home/rschnurr/SkyClaw-Team1/ros2_ws/install/px4_msgs/include/px4_msgs/px4_msgs/msg/detail/gpio_request__type_support.cpp\n'}
[3.485802] (px4_msgs) StdoutLine: {'line': b'-- Up-to-date: /home/rschnurr/SkyClaw-Team1/ros2_ws/install/px4_msgs/include/px4_msgs/px4_msgs/msg/detail/iridiumsbd_status__type_support.cpp\n'}
[3.485848] (px4_msgs) StdoutLine: {'line': b'-- Up-to-date: /home/rschnurr/SkyClaw-Team1/ros2_ws/install/px4_msgs/include/px4_msgs/px4_msgs/msg/detail/open_drone_id_self_id__rosidl_typesupport_introspection_cpp.hpp\n'}
[3.485958] (px4_msgs) StdoutLine: {'line': b'-- Up-to-date: /home/rschnurr/SkyClaw-Team1/ros2_ws/install/px4_msgs/include/px4_msgs/px4_msgs/msg/detail/vehicle_optical_flow_vel__type_support.cpp\n'}
[3.486054] (px4_msgs) StdoutLine: {'line': b'-- Up-to-date: /home/rschnurr/SkyClaw-Team1/ros2_ws/install/px4_msgs/include/px4_msgs/px4_msgs/msg/detail/vehicle_odometry__type_support.cpp\n'}
[3.486113] (px4_msgs) StdoutLine: {'line': b'-- Up-to-date: /home/rschnurr/SkyClaw-Team1/ros2_ws/install/px4_msgs/include/px4_msgs/px4_msgs/msg/detail/sensor_preflight_mag__rosidl_typesupport_introspection_cpp.hpp\n'}
[3.486161] (px4_msgs) StdoutLine: {'line': b'-- Up-to-date: /home/rschnurr/SkyClaw-Team1/ros2_ws/install/px4_msgs/include/px4_msgs/px4_msgs/msg/detail/rover_rate_setpoint__type_support.cpp\n'}
[3.486209] (px4_msgs) StdoutLine: {'line': b'-- Up-to-date: /home/rschnurr/SkyClaw-Team1/ros2_ws/install/px4_msgs/include/px4_msgs/px4_msgs/msg/detail/vehicle_attitude_setpoint__type_support.cpp\n'}
[3.486268] (px4_msgs) StdoutLine: {'line': b'-- Up-to-date: /home/rschnurr/SkyClaw-Team1/ros2_ws/install/px4_msgs/include/px4_msgs/px4_msgs/msg/detail/sensor_accel_fifo__rosidl_typesupport_introspection_cpp.hpp\n'}
[3.486319] (px4_msgs) StdoutLine: {'line': b'-- Up-to-date: /home/rschnurr/SkyClaw-Team1/ros2_ws/install/px4_msgs/include/px4_msgs/px4_msgs/msg/detail/vehicle_roi__rosidl_typesupport_introspection_cpp.hpp\n'}
[3.486362] (px4_msgs) StdoutLine: {'line': b'-- Up-to-date: /home/rschnurr/SkyClaw-Team1/ros2_ws/install/px4_msgs/include/px4_msgs/px4_msgs/msg/detail/vehicle_thrust_setpoint__type_support.cpp\n'}
[3.486420] (px4_msgs) StdoutLine: {'line': b'-- Up-to-date: /home/rschnurr/SkyClaw-Team1/ros2_ws/install/px4_msgs/include/px4_msgs/px4_msgs/msg/detail/position_setpoint__rosidl_typesupport_introspection_cpp.hpp\n'}
[3.486482] (px4_msgs) StdoutLine: {'line': b'-- Up-to-date: /home/rschnurr/SkyClaw-Team1/ros2_ws/install/px4_msgs/include/px4_msgs/px4_msgs/msg/detail/mode_completed__type_support.cpp\n'}
[3.486544] (px4_msgs) StdoutLine: {'line': b'-- Up-to-date: /home/rschnurr/SkyClaw-Team1/ros2_ws/install/px4_msgs/include/px4_msgs/px4_msgs/msg/detail/pwm_input__rosidl_typesupport_introspection_cpp.hpp\n'}
[3.486609] (px4_msgs) StdoutLine: {'line': b'-- Up-to-date: /home/rschnurr/SkyClaw-Team1/ros2_ws/install/px4_msgs/include/px4_msgs/px4_msgs/msg/detail/cellular_status__rosidl_typesupport_introspection_cpp.hpp\n'}
[3.486674] (px4_msgs) StdoutLine: {'line': b'-- Up-to-date: /home/rschnurr/SkyClaw-Team1/ros2_ws/install/px4_msgs/include/px4_msgs/px4_msgs/msg/detail/estimator_status__type_support.cpp\n'}
[3.486748] (px4_msgs) StdoutLine: {'line': b'-- Up-to-date: /home/rschnurr/SkyClaw-Team1/ros2_ws/install/px4_msgs/include/px4_msgs/px4_msgs/msg/detail/wheel_encoders__type_support.cpp\n'}
[3.486843] (px4_msgs) StdoutLine: {'line': b'-- Up-to-date: /home/rschnurr/SkyClaw-Team1/ros2_ws/install/px4_msgs/include/px4_msgs/px4_msgs/msg/detail/pure_pursuit_status__type_support.cpp\n'}
[3.486920] (px4_msgs) StdoutLine: {'line': b'-- Up-to-date: /home/rschnurr/SkyClaw-Team1/ros2_ws/install/px4_msgs/include/px4_msgs/px4_msgs/msg/detail/mavlink_tunnel__rosidl_typesupport_introspection_cpp.hpp\n'}
[3.486990] (px4_msgs) StdoutLine: {'line': b'-- Up-to-date: /home/rschnurr/SkyClaw-Team1/ros2_ws/install/px4_msgs/include/px4_msgs/px4_msgs/msg/detail/ekf2_timestamps__rosidl_typesupport_introspection_cpp.hpp\n'}
[3.487056] (px4_msgs) StdoutLine: {'line': b'-- Up-to-date: /home/rschnurr/SkyClaw-Team1/ros2_ws/install/px4_msgs/include/px4_msgs/px4_msgs/msg/detail/arming_check_request__type_support.cpp\n'}
[3.487123] (px4_msgs) StdoutLine: {'line': b'-- Up-to-date: /home/rschnurr/SkyClaw-Team1/ros2_ws/install/px4_msgs/include/px4_msgs/px4_msgs/msg/detail/airspeed_wind__rosidl_typesupport_introspection_cpp.hpp\n'}
[3.487201] (px4_msgs) StdoutLine: {'line': b'-- Up-to-date: /home/rschnurr/SkyClaw-Team1/ros2_ws/install/px4_msgs/include/px4_msgs/px4_msgs/msg/detail/estimator_bias3d__rosidl_typesupport_introspection_cpp.hpp\n'}
[3.487274] (px4_msgs) StdoutLine: {'line': b'-- Up-to-date: /home/rschnurr/SkyClaw-Team1/ros2_ws/install/px4_msgs/include/px4_msgs/px4_msgs/msg/detail/position_setpoint_triplet__rosidl_typesupport_introspection_cpp.hpp\n'}
[3.487349] (px4_msgs) StdoutLine: {'line': b'-- Up-to-date: /home/rschnurr/SkyClaw-Team1/ros2_ws/install/px4_msgs/include/px4_msgs/px4_msgs/msg/detail/uavcan_parameter_value__type_support.cpp\n'}
[3.487417] (px4_msgs) StdoutLine: {'line': b'-- Up-to-date: /home/rschnurr/SkyClaw-Team1/ros2_ws/install/px4_msgs/include/px4_msgs/px4_msgs/msg/detail/onboard_computer_status__type_support.cpp\n'}
[3.487484] (px4_msgs) StdoutLine: {'line': b'-- Up-to-date: /home/rschnurr/SkyClaw-Team1/ros2_ws/install/px4_msgs/include/px4_msgs/px4_msgs/msg/detail/gimbal_controls__rosidl_typesupport_introspection_cpp.hpp\n'}
[3.487549] (px4_msgs) StdoutLine: {'line': b'-- Up-to-date: /home/rschnurr/SkyClaw-Team1/ros2_ws/install/px4_msgs/include/px4_msgs/px4_msgs/msg/detail/rover_rate_status__rosidl_typesupport_introspection_cpp.hpp\n'}
[3.487615] (px4_msgs) StdoutLine: {'line': b'-- Up-to-date: /home/rschnurr/SkyClaw-Team1/ros2_ws/install/px4_msgs/include/px4_msgs/px4_msgs/msg/detail/sensor_preflight_mag__type_support.cpp\n'}
[3.487678] (px4_msgs) StdoutLine: {'line': b'-- Up-to-date: /home/rschnurr/SkyClaw-Team1/ros2_ws/install/px4_msgs/include/px4_msgs/px4_msgs/msg/detail/transponder_report__rosidl_typesupport_introspection_cpp.hpp\n'}
[3.487745] (px4_msgs) StdoutLine: {'line': b'-- Up-to-date: /home/rschnurr/SkyClaw-Team1/ros2_ws/install/px4_msgs/include/px4_msgs/px4_msgs/msg/detail/vehicle_rates_setpoint__rosidl_typesupport_introspection_cpp.hpp\n'}
[3.487810] (px4_msgs) StdoutLine: {'line': b'-- Up-to-date: /home/rschnurr/SkyClaw-Team1/ros2_ws/install/px4_msgs/include/px4_msgs/px4_msgs/msg/detail/mount_orientation__type_support.cpp\n'}
[3.487874] (px4_msgs) StdoutLine: {'line': b'-- Up-to-date: /home/rschnurr/SkyClaw-Team1/ros2_ws/install/px4_msgs/include/px4_msgs/px4_msgs/msg/detail/vehicle_global_position__type_support.cpp\n'}
[3.488077] (px4_msgs) StdoutLine: {'line': b'-- Up-to-date: /home/rschnurr/SkyClaw-Team1/ros2_ws/install/px4_msgs/include/px4_msgs/px4_msgs/msg/detail/rc_parameter_map__type_support.cpp\n'}
[3.488229] (px4_msgs) StdoutLine: {'line': b'-- Up-to-date: /home/rschnurr/SkyClaw-Team1/ros2_ws/install/px4_msgs/include/px4_msgs/px4_msgs/msg/detail/pps_capture__rosidl_typesupport_introspection_cpp.hpp\n'}
[3.488327] (px4_msgs) StdoutLine: {'line': b'-- Up-to-date: /home/rschnurr/SkyClaw-Team1/ros2_ws/install/px4_msgs/include/px4_msgs/px4_msgs/msg/detail/trajectory_setpoint6dof__type_support.cpp\n'}
[3.488425] (px4_msgs) StdoutLine: {'line': b'-- Up-to-date: /home/rschnurr/SkyClaw-Team1/ros2_ws/install/px4_msgs/include/px4_msgs/px4_msgs/msg/detail/airspeed_validated__type_support.cpp\n'}
[3.488474] (px4_msgs) StdoutLine: {'line': b'-- Up-to-date: /home/rschnurr/SkyClaw-Team1/ros2_ws/install/px4_msgs/include/px4_msgs/px4_msgs/msg/detail/rover_position_setpoint__rosidl_typesupport_introspection_cpp.hpp\n'}
[3.488520] (px4_msgs) StdoutLine: {'line': b'-- Up-to-date: /home/rschnurr/SkyClaw-Team1/ros2_ws/install/px4_msgs/include/px4_msgs/px4_msgs/msg/detail/uavcan_parameter_request__rosidl_typesupport_introspection_cpp.hpp\n'}
[3.488564] (px4_msgs) StdoutLine: {'line': b'-- Up-to-date: /home/rschnurr/SkyClaw-Team1/ros2_ws/install/px4_msgs/include/px4_msgs/px4_msgs/msg/detail/uavcan_parameter_request__type_support.cpp\n'}
[3.488608] (px4_msgs) StdoutLine: {'line': b'-- Up-to-date: /home/rschnurr/SkyClaw-Team1/ros2_ws/install/px4_msgs/include/px4_msgs/px4_msgs/msg/detail/estimator_states__type_support.cpp\n'}
[3.488654] (px4_msgs) StdoutLine: {'line': b'-- Up-to-date: /home/rschnurr/SkyClaw-Team1/ros2_ws/install/px4_msgs/include/px4_msgs/px4_msgs/msg/detail/actuator_outputs__type_support.cpp\n'}
[3.488712] (px4_msgs) StdoutLine: {'line': b'-- Up-to-date: /home/rschnurr/SkyClaw-Team1/ros2_ws/install/px4_msgs/include/px4_msgs/px4_msgs/msg/detail/collision_constraints__rosidl_typesupport_introspection_cpp.hpp\n'}
[3.488773] (px4_msgs) StdoutLine: {'line': b'-- Up-to-date: /home/rschnurr/SkyClaw-Team1/ros2_ws/install/px4_msgs/include/px4_msgs/px4_msgs/msg/detail/differential_pressure__rosidl_typesupport_introspection_cpp.hpp\n'}
[3.488816] (px4_msgs) StdoutLine: {'line': b'-- Up-to-date: /home/rschnurr/SkyClaw-Team1/ros2_ws/install/px4_msgs/include/px4_msgs/px4_msgs/msg/detail/register_ext_component_reply__rosidl_typesupport_introspection_cpp.hpp\n'}
[3.488859] (px4_msgs) StdoutLine: {'line': b'-- Up-to-date: /home/rschnurr/SkyClaw-Team1/ros2_ws/install/px4_msgs/include/px4_msgs/px4_msgs/msg/detail/onboard_computer_status__rosidl_typesupport_introspection_cpp.hpp\n'}
[3.488900] (px4_msgs) StdoutLine: {'line': b'-- Up-to-date: /home/rschnurr/SkyClaw-Team1/ros2_ws/install/px4_msgs/include/px4_msgs/px4_msgs/msg/detail/telemetry_status__type_support.cpp\n'}
[3.488942] (px4_msgs) StdoutLine: {'line': b'-- Up-to-date: /home/rschnurr/SkyClaw-Team1/ros2_ws/install/px4_msgs/include/px4_msgs/px4_msgs/msg/detail/dronecan_node_status__rosidl_typesupport_introspection_cpp.hpp\n'}
[3.488985] (px4_msgs) StdoutLine: {'line': b'-- Up-to-date: /home/rschnurr/SkyClaw-Team1/ros2_ws/install/px4_msgs/include/px4_msgs/px4_msgs/msg/detail/arming_check_request__rosidl_typesupport_introspection_cpp.hpp\n'}
[3.489027] (px4_msgs) StdoutLine: {'line': b'-- Up-to-date: /home/rschnurr/SkyClaw-Team1/ros2_ws/install/px4_msgs/include/px4_msgs/px4_msgs/msg/detail/tiltrotor_extra_controls__rosidl_typesupport_introspection_cpp.hpp\n'}
[3.489157] (px4_msgs) StdoutLine: {'line': b'-- Up-to-date: /home/rschnurr/SkyClaw-Team1/ros2_ws/install/px4_msgs/include/px4_msgs/px4_msgs/msg/detail/distance_sensor__type_support.cpp\n'}
[3.489232] (px4_msgs) StdoutLine: {'line': b'-- Up-to-date: /home/rschnurr/SkyClaw-Team1/ros2_ws/install/px4_msgs/include/px4_msgs/px4_msgs/msg/detail/unregister_ext_component__type_support.cpp\n'}
[3.489288] (px4_msgs) StdoutLine: {'line': b'-- Up-to-date: /home/rschnurr/SkyClaw-Team1/ros2_ws/install/px4_msgs/include/px4_msgs/px4_msgs/msg/detail/hover_thrust_estimate__type_support.cpp\n'}
[3.489336] (px4_msgs) StdoutLine: {'line': b'-- Up-to-date: /home/rschnurr/SkyClaw-Team1/ros2_ws/install/px4_msgs/include/px4_msgs/px4_msgs/msg/detail/follow_target_status__rosidl_typesupport_introspection_cpp.hpp\n'}
[3.489380] (px4_msgs) StdoutLine: {'line': b'-- Up-to-date: /home/rschnurr/SkyClaw-Team1/ros2_ws/install/px4_msgs/include/px4_msgs/px4_msgs/msg/detail/sensor_gyro_fft__rosidl_typesupport_introspection_cpp.hpp\n'}
[3.489423] (px4_msgs) StdoutLine: {'line': b'-- Up-to-date: /home/rschnurr/SkyClaw-Team1/ros2_ws/install/px4_msgs/include/px4_msgs/px4_msgs/msg/detail/sensor_gyro__type_support.cpp\n'}
[3.489466] (px4_msgs) StdoutLine: {'line': b'-- Up-to-date: /home/rschnurr/SkyClaw-Team1/ros2_ws/install/px4_msgs/include/px4_msgs/px4_msgs/msg/detail/power_monitor__type_support.cpp\n'}
[3.489508] (px4_msgs) StdoutLine: {'line': b'-- Up-to-date: /home/rschnurr/SkyClaw-Team1/ros2_ws/install/px4_msgs/include/px4_msgs/px4_msgs/msg/detail/sensor_mag__rosidl_typesupport_introspection_cpp.hpp\n'}
[3.489551] (px4_msgs) StdoutLine: {'line': b'-- Up-to-date: /home/rschnurr/SkyClaw-Team1/ros2_ws/install/px4_msgs/include/px4_msgs/px4_msgs/msg/detail/rpm__rosidl_typesupport_introspection_cpp.hpp\n'}
[3.489594] (px4_msgs) StdoutLine: {'line': b'-- Up-to-date: /home/rschnurr/SkyClaw-Team1/ros2_ws/install/px4_msgs/include/px4_msgs/px4_msgs/msg/detail/gpio_config__rosidl_typesupport_introspection_cpp.hpp\n'}
[3.489645] (px4_msgs) StdoutLine: {'line': b'-- Up-to-date: /home/rschnurr/SkyClaw-Team1/ros2_ws/install/px4_msgs/include/px4_msgs/px4_msgs/msg/detail/sensor_baro__rosidl_typesupport_introspection_cpp.hpp\n'}
[3.489692] (px4_msgs) StdoutLine: {'line': b'-- Up-to-date: /home/rschnurr/SkyClaw-Team1/ros2_ws/install/px4_msgs/include/px4_msgs/px4_msgs/msg/detail/register_ext_component_request__type_support.cpp\n'}
[3.489753] (px4_msgs) StdoutLine: {'line': b'-- Up-to-date: /home/rschnurr/SkyClaw-Team1/ros2_ws/install/px4_msgs/include/px4_msgs/px4_msgs/msg/detail/register_ext_component_reply__type_support.cpp\n'}
[3.489797] (px4_msgs) StdoutLine: {'line': b'-- Up-to-date: /home/rschnurr/SkyClaw-Team1/ros2_ws/install/px4_msgs/include/px4_msgs/px4_msgs/msg/detail/vehicle_optical_flow__rosidl_typesupport_introspection_cpp.hpp\n'}
[3.489841] (px4_msgs) StdoutLine: {'line': b'-- Up-to-date: /home/rschnurr/SkyClaw-Team1/ros2_ws/install/px4_msgs/include/px4_msgs/px4_msgs/msg/detail/landing_gear_wheel__type_support.cpp\n'}
[3.489930] (px4_msgs) StdoutLine: {'line': b'-- Up-to-date: /home/rschnurr/SkyClaw-Team1/ros2_ws/install/px4_msgs/include/px4_msgs/px4_msgs/msg/detail/iridiumsbd_status__rosidl_typesupport_introspection_cpp.hpp\n'}
[3.490064] (px4_msgs) StdoutLine: {'line': b'-- Up-to-date: /home/rschnurr/SkyClaw-Team1/ros2_ws/install/px4_msgs/include/px4_msgs/px4_msgs/msg/detail/yaw_estimator_status__type_support.cpp\n'}
[3.490121] (px4_msgs) StdoutLine: {'line': b'-- Up-to-date: /home/rschnurr/SkyClaw-Team1/ros2_ws/install/px4_msgs/include/px4_msgs/px4_msgs/msg/detail/vehicle_torque_setpoint__type_support.cpp\n'}
[3.490169] (px4_msgs) StdoutLine: {'line': b'-- Up-to-date: /home/rschnurr/SkyClaw-Team1/ros2_ws/install/px4_msgs/include/px4_msgs/px4_msgs/msg/detail/airspeed_wind__type_support.cpp\n'}
[3.490228] (px4_msgs) StdoutLine: {'line': b'-- Up-to-date: /home/rschnurr/SkyClaw-Team1/ros2_ws/install/px4_msgs/include/px4_msgs/px4_msgs/msg/detail/normalized_unsigned_setpoint__type_support.cpp\n'}
[3.490284] (px4_msgs) StdoutLine: {'line': b'-- Up-to-date: /home/rschnurr/SkyClaw-Team1/ros2_ws/install/px4_msgs/include/px4_msgs/px4_msgs/msg/detail/orb_test_large__rosidl_typesupport_introspection_cpp.hpp\n'}
[3.490340] (px4_msgs) StdoutLine: {'line': b'-- Up-to-date: /home/rschnurr/SkyClaw-Team1/ros2_ws/install/px4_msgs/include/px4_msgs/px4_msgs/msg/detail/rover_speed_setpoint__type_support.cpp\n'}
[3.490405] (px4_msgs) StdoutLine: {'line': b'-- Up-to-date: /home/rschnurr/SkyClaw-Team1/ros2_ws/install/px4_msgs/include/px4_msgs/px4_msgs/msg/detail/log_message__rosidl_typesupport_introspection_cpp.hpp\n'}
[3.490571] (px4_msgs) StdoutLine: {'line': b'-- Up-to-date: /home/rschnurr/SkyClaw-Team1/ros2_ws/install/px4_msgs/include/px4_msgs/px4_msgs/msg/detail/debug_key_value__type_support.cpp\n'}
[3.490718] (px4_msgs) StdoutLine: {'line': b'-- Up-to-date: /home/rschnurr/SkyClaw-Team1/ros2_ws/install/px4_msgs/include/px4_msgs/px4_msgs/msg/detail/vehicle_angular_velocity__type_support.cpp\n'}
[3.490916] (px4_msgs) StdoutLine: {'line': b'-- Up-to-date: /home/rschnurr/SkyClaw-Team1/ros2_ws/install/px4_msgs/include/px4_msgs/px4_msgs/msg/detail/debug_value__rosidl_typesupport_introspection_cpp.hpp\n'}
[3.491007] (px4_msgs) StdoutLine: {'line': b'-- Up-to-date: /home/rschnurr/SkyClaw-Team1/ros2_ws/install/px4_msgs/include/px4_msgs/px4_msgs/msg/detail/landing_target_innovations__rosidl_typesupport_introspection_cpp.hpp\n'}
[3.491063] (px4_msgs) StdoutLine: {'line': b'-- Up-to-date: /home/rschnurr/SkyClaw-Team1/ros2_ws/install/px4_msgs/include/px4_msgs/px4_msgs/msg/detail/mission__rosidl_typesupport_introspection_cpp.hpp\n'}
[3.491110] (px4_msgs) StdoutLine: {'line': b'-- Up-to-date: /home/rschnurr/SkyClaw-Team1/ros2_ws/install/px4_msgs/include/px4_msgs/px4_msgs/msg/detail/failure_detector_status__rosidl_typesupport_introspection_cpp.hpp\n'}
[3.491157] (px4_msgs) StdoutLine: {'line': b'-- Up-to-date: /home/rschnurr/SkyClaw-Team1/ros2_ws/install/px4_msgs/include/px4_msgs/px4_msgs/msg/detail/navigator_status__rosidl_typesupport_introspection_cpp.hpp\n'}
[3.491200] (px4_msgs) StdoutLine: {'line': b'-- Up-to-date: /home/rschnurr/SkyClaw-Team1/ros2_ws/install/px4_msgs/include/px4_msgs/px4_msgs/msg/detail/power_button_state__type_support.cpp\n'}
[3.491246] (px4_msgs) StdoutLine: {'line': b'-- Up-to-date: /home/rschnurr/SkyClaw-Team1/ros2_ws/install/px4_msgs/include/px4_msgs/px4_msgs/msg/detail/unregister_ext_component__rosidl_typesupport_introspection_cpp.hpp\n'}
[3.491310] (px4_msgs) StdoutLine: {'line': b'-- Up-to-date: /home/rschnurr/SkyClaw-Team1/ros2_ws/install/px4_msgs/include/px4_msgs/px4_msgs/msg/detail/pwm_input__type_support.cpp\n'}
[3.491352] (px4_msgs) StdoutLine: {'line': b'-- Up-to-date: /home/rschnurr/SkyClaw-Team1/ros2_ws/install/px4_msgs/include/px4_msgs/px4_msgs/msg/detail/control_allocator_status__rosidl_typesupport_introspection_cpp.hpp\n'}
[3.491397] (px4_msgs) StdoutLine: {'line': b'-- Up-to-date: /home/rschnurr/SkyClaw-Team1/ros2_ws/install/px4_msgs/include/px4_msgs/px4_msgs/msg/detail/sensor_gps__type_support.cpp\n'}
[3.491445] (px4_msgs) StdoutLine: {'line': b'-- Up-to-date: /home/rschnurr/SkyClaw-Team1/ros2_ws/install/px4_msgs/include/px4_msgs/px4_msgs/msg/detail/obstacle_distance__rosidl_typesupport_introspection_cpp.hpp\n'}
[3.491498] (px4_msgs) StdoutLine: {'line': b'-- Up-to-date: /home/rschnurr/SkyClaw-Team1/ros2_ws/install/px4_msgs/include/px4_msgs/px4_msgs/msg/detail/vtol_vehicle_status__rosidl_typesupport_introspection_cpp.hpp\n'}
[3.491542] (px4_msgs) StdoutLine: {'line': b'-- Up-to-date: /home/rschnurr/SkyClaw-Team1/ros2_ws/install/px4_msgs/include/px4_msgs/px4_msgs/msg/detail/register_ext_component_request__rosidl_typesupport_introspection_cpp.hpp\n'}
[3.491586] (px4_msgs) StdoutLine: {'line': b'-- Up-to-date: /home/rschnurr/SkyClaw-Team1/ros2_ws/install/px4_msgs/include/px4_msgs/px4_msgs/msg/detail/gimbal_manager_set_manual_control__rosidl_typesupport_introspection_cpp.hpp\n'}
[3.491629] (px4_msgs) StdoutLine: {'line': b'-- Up-to-date: /home/rschnurr/SkyClaw-Team1/ros2_ws/install/px4_msgs/include/px4_msgs/px4_msgs/msg/detail/sensor_combined__rosidl_typesupport_introspection_cpp.hpp\n'}
[3.491671] (px4_msgs) StdoutLine: {'line': b'-- Up-to-date: /home/rschnurr/SkyClaw-Team1/ros2_ws/install/px4_msgs/include/px4_msgs/px4_msgs/msg/detail/sensor_correction__rosidl_typesupport_introspection_cpp.hpp\n'}
[3.491713] (px4_msgs) StdoutLine: {'line': b'-- Up-to-date: /home/rschnurr/SkyClaw-Team1/ros2_ws/install/px4_msgs/include/px4_msgs/px4_msgs/msg/detail/actuator_test__type_support.cpp\n'}
[3.491757] (px4_msgs) StdoutLine: {'line': b'-- Up-to-date: /home/rschnurr/SkyClaw-Team1/ros2_ws/install/px4_msgs/include/px4_msgs/px4_msgs/msg/detail/lateral_control_configuration__type_support.cpp\n'}
[3.491799] (px4_msgs) StdoutLine: {'line': b'-- Up-to-date: /home/rschnurr/SkyClaw-Team1/ros2_ws/install/px4_msgs/include/px4_msgs/px4_msgs/msg/detail/vehicle_thrust_setpoint__rosidl_typesupport_introspection_cpp.hpp\n'}
[3.491843] (px4_msgs) StdoutLine: {'line': b'-- Up-to-date: /home/rschnurr/SkyClaw-Team1/ros2_ws/install/px4_msgs/include/px4_msgs/px4_msgs/msg/detail/vehicle_local_position__rosidl_typesupport_introspection_cpp.hpp\n'}
[3.491892] (px4_msgs) StdoutLine: {'line': b'-- Up-to-date: /home/rschnurr/SkyClaw-Team1/ros2_ws/install/px4_msgs/include/px4_msgs/px4_msgs/msg/detail/event__rosidl_typesupport_introspection_cpp.hpp\n'}
[3.491933] (px4_msgs) StdoutLine: {'line': b'-- Up-to-date: /home/rschnurr/SkyClaw-Team1/ros2_ws/install/px4_msgs/include/px4_msgs/px4_msgs/msg/detail/rover_attitude_status__rosidl_typesupport_introspection_cpp.hpp\n'}
[3.491982] (px4_msgs) StdoutLine: {'line': b'-- Up-to-date: /home/rschnurr/SkyClaw-Team1/ros2_ws/install/px4_msgs/include/px4_msgs/px4_msgs/msg/detail/ping__rosidl_typesupport_introspection_cpp.hpp\n'}
[3.492030] (px4_msgs) StdoutLine: {'line': b'-- Up-to-date: /home/rschnurr/SkyClaw-Team1/ros2_ws/install/px4_msgs/include/px4_msgs/px4_msgs/msg/detail/neural_control__type_support.cpp\n'}
[3.492155] (px4_msgs) StdoutLine: {'line': b'-- Up-to-date: /home/rschnurr/SkyClaw-Team1/ros2_ws/install/px4_msgs/include/px4_msgs/px4_msgs/msg/detail/trajectory_setpoint__type_support.cpp\n'}
[3.492376] (px4_msgs) StdoutLine: {'line': b'-- Up-to-date: /home/rschnurr/SkyClaw-Team1/ros2_ws/install/px4_msgs/include/px4_msgs/px4_msgs/msg/detail/rtl_time_estimate__type_support.cpp\n'}
[3.492482] (px4_msgs) StdoutLine: {'line': b'-- Up-to-date: /home/rschnurr/SkyClaw-Team1/ros2_ws/install/px4_msgs/include/px4_msgs/px4_msgs/msg/detail/rover_attitude_status__type_support.cpp\n'}
[3.492563] (px4_msgs) StdoutLine: {'line': b'-- Up-to-date: /home/rschnurr/SkyClaw-Team1/ros2_ws/install/px4_msgs/include/px4_msgs/px4_msgs/msg/detail/trajectory_setpoint__rosidl_typesupport_introspection_cpp.hpp\n'}
[3.492624] (px4_msgs) StdoutLine: {'line': b'-- Up-to-date: /home/rschnurr/SkyClaw-Team1/ros2_ws/install/px4_msgs/include/px4_msgs/px4_msgs/msg/detail/rover_steering_setpoint__rosidl_typesupport_introspection_cpp.hpp\n'}
[3.492684] (px4_msgs) StdoutLine: {'line': b'-- Up-to-date: /home/rschnurr/SkyClaw-Team1/ros2_ws/install/px4_msgs/include/px4_msgs/px4_msgs/msg/detail/arming_check_reply__type_support.cpp\n'}
[3.492742] (px4_msgs) StdoutLine: {'line': b'-- Up-to-date: /home/rschnurr/SkyClaw-Team1/ros2_ws/install/px4_msgs/include/px4_msgs/px4_msgs/msg/detail/estimator_selector_status__type_support.cpp\n'}
[3.492800] (px4_msgs) StdoutLine: {'line': b'-- Up-to-date: /home/rschnurr/SkyClaw-Team1/ros2_ws/install/px4_msgs/include/px4_msgs/px4_msgs/msg/detail/open_drone_id_operator_id__type_support.cpp\n'}
[3.492859] (px4_msgs) StdoutLine: {'line': b'-- Up-to-date: /home/rschnurr/SkyClaw-Team1/ros2_ws/install/px4_msgs/include/px4_msgs/px4_msgs/msg/detail/orb_test__rosidl_typesupport_introspection_cpp.hpp\n'}
[3.492918] (px4_msgs) StdoutLine: {'line': b'-- Up-to-date: /home/rschnurr/SkyClaw-Team1/ros2_ws/install/px4_msgs/include/px4_msgs/px4_msgs/msg/detail/rate_ctrl_status__rosidl_typesupport_introspection_cpp.hpp\n'}
[3.492978] (px4_msgs) StdoutLine: {'line': b'-- Up-to-date: /home/rschnurr/SkyClaw-Team1/ros2_ws/install/px4_msgs/include/px4_msgs/px4_msgs/msg/detail/sensors_status__rosidl_typesupport_introspection_cpp.hpp\n'}
[3.493045] (px4_msgs) StdoutLine: {'line': b'-- Up-to-date: /home/rschnurr/SkyClaw-Team1/ros2_ws/install/px4_msgs/include/px4_msgs/px4_msgs/msg/detail/normalized_unsigned_setpoint__rosidl_typesupport_introspection_cpp.hpp\n'}
[3.493111] (px4_msgs) StdoutLine: {'line': b'-- Up-to-date: /home/rschnurr/SkyClaw-Team1/ros2_ws/install/px4_msgs/include/px4_msgs/px4_msgs/msg/detail/fixed_wing_longitudinal_setpoint__type_support.cpp\n'}
[3.493172] (px4_msgs) StdoutLine: {'line': b'-- Up-to-date: /home/rschnurr/SkyClaw-Team1/ros2_ws/install/px4_msgs/include/px4_msgs/px4_msgs/msg/detail/gimbal_manager_status__type_support.cpp\n'}
[3.493233] (px4_msgs) StdoutLine: {'line': b'-- Up-to-date: /home/rschnurr/SkyClaw-Team1/ros2_ws/install/px4_msgs/include/px4_msgs/px4_msgs/msg/detail/parameter_set_value_request__type_support.cpp\n'}
[3.493297] (px4_msgs) StdoutLine: {'line': b'-- Up-to-date: /home/rschnurr/SkyClaw-Team1/ros2_ws/install/px4_msgs/include/px4_msgs/px4_msgs/msg/detail/position_setpoint__type_support.cpp\n'}
[3.493356] (px4_msgs) StdoutLine: {'line': b'-- Up-to-date: /home/rschnurr/SkyClaw-Team1/ros2_ws/install/px4_msgs/include/px4_msgs/px4_msgs/msg/detail/actuator_controls_status__type_support.cpp\n'}
[3.493414] (px4_msgs) StdoutLine: {'line': b'-- Up-to-date: /home/rschnurr/SkyClaw-Team1/ros2_ws/install/px4_msgs/include/px4_msgs/px4_msgs/msg/detail/position_setpoint_triplet__type_support.cpp\n'}
[3.493472] (px4_msgs) StdoutLine: {'line': b'-- Up-to-date: /home/rschnurr/SkyClaw-Team1/ros2_ws/install/px4_msgs/include/px4_msgs/px4_msgs/msg/detail/sensor_mag__type_support.cpp\n'}
[3.493529] (px4_msgs) StdoutLine: {'line': b'-- Up-to-date: /home/rschnurr/SkyClaw-Team1/ros2_ws/install/px4_msgs/include/px4_msgs/px4_msgs/msg/detail/wind__type_support.cpp\n'}
[3.493690] (px4_msgs) StdoutLine: {'line': b'-- Up-to-date: /home/rschnurr/SkyClaw-Team1/ros2_ws/install/px4_msgs/include/px4_msgs/px4_msgs/msg/detail/vehicle_torque_setpoint__rosidl_typesupport_introspection_cpp.hpp\n'}
[3.493786] (px4_msgs) StdoutLine: {'line': b'-- Up-to-date: /home/rschnurr/SkyClaw-Team1/ros2_ws/install/px4_msgs/include/px4_msgs/px4_msgs/msg/detail/can_interface_status__rosidl_typesupport_introspection_cpp.hpp\n'}
[3.493860] (px4_msgs) StdoutLine: {'line': b'-- Up-to-date: /home/rschnurr/SkyClaw-Team1/ros2_ws/install/px4_msgs/include/px4_msgs/px4_msgs/msg/detail/sensor_gyro_fifo__type_support.cpp\n'}
[3.493945] (px4_msgs) StdoutLine: {'line': b'-- Up-to-date: /home/rschnurr/SkyClaw-Team1/ros2_ws/install/px4_msgs/include/px4_msgs/px4_msgs/msg/detail/rover_position_setpoint__type_support.cpp\n'}
[3.494009] (px4_msgs) StdoutLine: {'line': b'-- Up-to-date: /home/rschnurr/SkyClaw-Team1/ros2_ws/install/px4_msgs/include/px4_msgs/px4_msgs/msg/detail/power_monitor__rosidl_typesupport_introspection_cpp.hpp\n'}
[3.494069] (px4_msgs) StdoutLine: {'line': b'-- Up-to-date: /home/rschnurr/SkyClaw-Team1/ros2_ws/install/px4_msgs/include/px4_msgs/px4_msgs/msg/detail/landing_gear__rosidl_typesupport_introspection_cpp.hpp\n'}
[3.494127] (px4_msgs) StdoutLine: {'line': b'-- Up-to-date: /home/rschnurr/SkyClaw-Team1/ros2_ws/install/px4_msgs/include/px4_msgs/px4_msgs/msg/detail/position_controller_status__rosidl_typesupport_introspection_cpp.hpp\n'}
[3.494186] (px4_msgs) StdoutLine: {'line': b'-- Up-to-date: /home/rschnurr/SkyClaw-Team1/ros2_ws/install/px4_msgs/include/px4_msgs/px4_msgs/msg/detail/rc_parameter_map__rosidl_typesupport_introspection_cpp.hpp\n'}
[3.494244] (px4_msgs) StdoutLine: {'line': b'-- Up-to-date: /home/rschnurr/SkyClaw-Team1/ros2_ws/install/px4_msgs/include/px4_msgs/px4_msgs/msg/detail/fuel_tank_status__type_support.cpp\n'}
[3.494301] (px4_msgs) StdoutLine: {'line': b'-- Up-to-date: /home/rschnurr/SkyClaw-Team1/ros2_ws/install/px4_msgs/include/px4_msgs/px4_msgs/msg/detail/orb_test__type_support.cpp\n'}
[3.494358] (px4_msgs) StdoutLine: {'line': b'-- Up-to-date: /home/rschnurr/SkyClaw-Team1/ros2_ws/install/px4_msgs/include/px4_msgs/px4_msgs/msg/detail/yaw_estimator_status__rosidl_typesupport_introspection_cpp.hpp\n'}
[3.494420] (px4_msgs) StdoutLine: {'line': b'-- Up-to-date: /home/rschnurr/SkyClaw-Team1/ros2_ws/install/px4_msgs/include/px4_msgs/px4_msgs/msg/detail/camera_status__rosidl_typesupport_introspection_cpp.hpp\n'}
[3.494478] (px4_msgs) StdoutLine: {'line': b'-- Up-to-date: /home/rschnurr/SkyClaw-Team1/ros2_ws/install/px4_msgs/include/px4_msgs/px4_msgs/msg/detail/dataman_response__type_support.cpp\n'}
[3.494536] (px4_msgs) StdoutLine: {'line': b'-- Up-to-date: /home/rschnurr/SkyClaw-Team1/ros2_ws/install/px4_msgs/include/px4_msgs/px4_msgs/msg/detail/health_report__type_support.cpp\n'}
[3.494592] (px4_msgs) StdoutLine: {'line': b'-- Up-to-date: /home/rschnurr/SkyClaw-Team1/ros2_ws/install/px4_msgs/include/px4_msgs/px4_msgs/msg/detail/camera_trigger__rosidl_typesupport_introspection_cpp.hpp\n'}
[3.494649] (px4_msgs) StdoutLine: {'line': b'-- Up-to-date: /home/rschnurr/SkyClaw-Team1/ros2_ws/install/px4_msgs/include/px4_msgs/px4_msgs/msg/detail/mag_worker_data__type_support.cpp\n'}
[3.494707] (px4_msgs) StdoutLine: {'line': b'-- Up-to-date: /home/rschnurr/SkyClaw-Team1/ros2_ws/install/px4_msgs/include/px4_msgs/px4_msgs/msg/detail/mavlink_log__rosidl_typesupport_introspection_cpp.hpp\n'}
[3.494764] (px4_msgs) StdoutLine: {'line': b'-- Up-to-date: /home/rschnurr/SkyClaw-Team1/ros2_ws/install/px4_msgs/include/px4_msgs/px4_msgs/msg/detail/fixed_wing_runway_control__type_support.cpp\n'}
[3.494821] (px4_msgs) StdoutLine: {'line': b'-- Up-to-date: /home/rschnurr/SkyClaw-Team1/ros2_ws/install/px4_msgs/include/px4_msgs/px4_msgs/msg/detail/debug_array__rosidl_typesupport_introspection_cpp.hpp\n'}
[3.494879] (px4_msgs) StdoutLine: {'line': b'-- Up-to-date: /home/rschnurr/SkyClaw-Team1/ros2_ws/install/px4_msgs/include/px4_msgs/px4_msgs/msg/detail/estimator_innovations__rosidl_typesupport_introspection_cpp.hpp\n'}
[3.494938] (px4_msgs) StdoutLine: {'line': b'-- Up-to-date: /home/rschnurr/SkyClaw-Team1/ros2_ws/install/px4_msgs/include/px4_msgs/px4_msgs/msg/detail/actuator_controls_status__rosidl_typesupport_introspection_cpp.hpp\n'}
[3.494998] (px4_msgs) StdoutLine: {'line': b'-- Up-to-date: /home/rschnurr/SkyClaw-Team1/ros2_ws/install/px4_msgs/include/px4_msgs/px4_msgs/msg/detail/autotune_attitude_control_status__rosidl_typesupport_introspection_cpp.hpp\n'}
[3.495059] (px4_msgs) StdoutLine: {'line': b'-- Up-to-date: /home/rschnurr/SkyClaw-Team1/ros2_ws/install/px4_msgs/include/px4_msgs/px4_msgs/msg/detail/rover_speed_status__rosidl_typesupport_introspection_cpp.hpp\n'}
[3.495120] (px4_msgs) StdoutLine: {'line': b'-- Up-to-date: /home/rschnurr/SkyClaw-Team1/ros2_ws/install/px4_msgs/include/px4_msgs/px4_msgs/msg/detail/estimator_bias3d__type_support.cpp\n'}
[3.495179] (px4_msgs) StdoutLine: {'line': b'-- Up-to-date: /home/rschnurr/SkyClaw-Team1/ros2_ws/install/px4_msgs/include/px4_msgs/px4_msgs/msg/detail/estimator_innovations__type_support.cpp\n'}
[3.495237] (px4_msgs) StdoutLine: {'line': b'-- Up-to-date: /home/rschnurr/SkyClaw-Team1/ros2_ws/install/px4_msgs/include/px4_msgs/px4_msgs/msg/detail/button_event__type_support.cpp\n'}
[3.495294] (px4_msgs) StdoutLine: {'line': b'-- Up-to-date: /home/rschnurr/SkyClaw-Team1/ros2_ws/install/px4_msgs/include/px4_msgs/px4_msgs/msg/detail/vehicle_global_position__rosidl_typesupport_introspection_cpp.hpp\n'}
[3.495354] (px4_msgs) StdoutLine: {'line': b'-- Up-to-date: /home/rschnurr/SkyClaw-Team1/ros2_ws/install/px4_msgs/include/px4_msgs/px4_msgs/msg/detail/trajectory_setpoint6dof__rosidl_typesupport_introspection_cpp.hpp\n'}
[3.495416] (px4_msgs) StdoutLine: {'line': b'-- Up-to-date: /home/rschnurr/SkyClaw-Team1/ros2_ws/install/px4_msgs/include/px4_msgs/px4_msgs/msg/detail/estimator_aid_source1d__type_support.cpp\n'}
[3.495481] (px4_msgs) StdoutLine: {'line': b'-- Up-to-date: /home/rschnurr/SkyClaw-Team1/ros2_ws/install/px4_msgs/include/px4_msgs/px4_msgs/msg/detail/sensors_status_imu__type_support.cpp\n'}
[3.495537] (px4_msgs) StdoutLine: {'line': b'-- Up-to-date: /home/rschnurr/SkyClaw-Team1/ros2_ws/install/px4_msgs/include/px4_msgs/px4_msgs/msg/detail/actuator_servos_trim__rosidl_typesupport_introspection_cpp.hpp\n'}
[3.495693] (px4_msgs) StdoutLine: {'line': b'-- Up-to-date: /home/rschnurr/SkyClaw-Team1/ros2_ws/install/px4_msgs/include/px4_msgs/px4_msgs/msg/detail/vehicle_rates_setpoint__type_support.cpp\n'}
[3.495785] (px4_msgs) StdoutLine: {'line': b'-- Up-to-date: /home/rschnurr/SkyClaw-Team1/ros2_ws/install/px4_msgs/include/px4_msgs/px4_msgs/msg/detail/debug_vect__type_support.cpp\n'}
[3.495856] (px4_msgs) StdoutLine: {'line': b'-- Up-to-date: /home/rschnurr/SkyClaw-Team1/ros2_ws/install/px4_msgs/include/px4_msgs/px4_msgs/msg/detail/offboard_control_mode__type_support.cpp\n'}
[3.495920] (px4_msgs) StdoutLine: {'line': b'-- Up-to-date: /home/rschnurr/SkyClaw-Team1/ros2_ws/install/px4_msgs/include/px4_msgs/px4_msgs/msg/detail/vehicle_local_position__type_support.cpp\n'}
[3.495981] (px4_msgs) StdoutLine: {'line': b'-- Up-to-date: /home/rschnurr/SkyClaw-Team1/ros2_ws/install/px4_msgs/include/px4_msgs/px4_msgs/msg/detail/radio_status__type_support.cpp\n'}
[3.496040] (px4_msgs) StdoutLine: {'line': b'-- Up-to-date: /home/rschnurr/SkyClaw-Team1/ros2_ws/install/px4_msgs/include/px4_msgs/px4_msgs/msg/detail/adc_report__type_support.cpp\n'}
[3.496098] (px4_msgs) StdoutLine: {'line': b'-- Up-to-date: /home/rschnurr/SkyClaw-Team1/ros2_ws/install/px4_msgs/include/px4_msgs/px4_msgs/msg/detail/gimbal_device_attitude_status__rosidl_typesupport_introspection_cpp.hpp\n'}
[3.496193] (px4_msgs) StdoutLine: {'line': b'-- Up-to-date: /home/rschnurr/SkyClaw-Team1/ros2_ws/install/px4_msgs/include/px4_msgs/px4_msgs/msg/detail/distance_sensor__rosidl_typesupport_introspection_cpp.hpp\n'}
[3.496339] (px4_msgs) StdoutLine: {'line': b'-- Up-to-date: /home/rschnurr/SkyClaw-Team1/ros2_ws/install/px4_msgs/include/px4_msgs/px4_msgs/msg/detail/generator_status__rosidl_typesupport_introspection_cpp.hpp\n'}
[3.496445] (px4_msgs) StdoutLine: {'line': b'-- Up-to-date: /home/rschnurr/SkyClaw-Team1/ros2_ws/install/px4_msgs/include/px4_msgs/px4_msgs/msg/detail/orb_test_large__type_support.cpp\n'}
[3.496511] (px4_msgs) StdoutLine: {'line': b'-- Up-to-date: /home/rschnurr/SkyClaw-Team1/ros2_ws/install/px4_msgs/include/px4_msgs/px4_msgs/msg/detail/manual_control_setpoint__type_support.cpp\n'}
[3.496572] (px4_msgs) StdoutLine: {'line': b'-- Up-to-date: /home/rschnurr/SkyClaw-Team1/ros2_ws/install/px4_msgs/include/px4_msgs/px4_msgs/msg/detail/parameter_reset_request__rosidl_typesupport_introspection_cpp.hpp\n'}
[3.496650] (px4_msgs) StdoutLine: {'line': b'-- Up-to-date: /home/rschnurr/SkyClaw-Team1/ros2_ws/install/px4_msgs/include/px4_msgs/px4_msgs/msg/detail/open_drone_id_operator_id__rosidl_typesupport_introspection_cpp.hpp\n'}
[3.496710] (px4_msgs) StdoutLine: {'line': b'-- Up-to-date: /home/rschnurr/SkyClaw-Team1/ros2_ws/install/px4_msgs/include/px4_msgs/px4_msgs/msg/detail/dataman_request__rosidl_typesupport_introspection_cpp.hpp\n'}
[3.496771] (px4_msgs) StdoutLine: {'line': b'-- Up-to-date: /home/rschnurr/SkyClaw-Team1/ros2_ws/install/px4_msgs/include/px4_msgs/px4_msgs/msg/detail/rover_throttle_setpoint__type_support.cpp\n'}
[3.496830] (px4_msgs) StdoutLine: {'line': b'-- Up-to-date: /home/rschnurr/SkyClaw-Team1/ros2_ws/install/px4_msgs/include/px4_msgs/px4_msgs/msg/detail/sensor_hygrometer__rosidl_typesupport_introspection_cpp.hpp\n'}
[3.496889] (px4_msgs) StdoutLine: {'line': b'-- Up-to-date: /home/rschnurr/SkyClaw-Team1/ros2_ws/install/px4_msgs/include/px4_msgs/px4_msgs/msg/detail/fixed_wing_longitudinal_setpoint__rosidl_typesupport_introspection_cpp.hpp\n'}
[3.496948] (px4_msgs) StdoutLine: {'line': b'-- Up-to-date: /home/rschnurr/SkyClaw-Team1/ros2_ws/install/px4_msgs/include/px4_msgs/px4_msgs/msg/detail/sensor_gnss_relative__rosidl_typesupport_introspection_cpp.hpp\n'}
[3.497007] (px4_msgs) StdoutLine: {'line': b'-- Up-to-date: /home/rschnurr/SkyClaw-Team1/ros2_ws/install/px4_msgs/include/px4_msgs/px4_msgs/msg/detail/estimator_sensor_bias__rosidl_typesupport_introspection_cpp.hpp\n'}
[3.497067] (px4_msgs) StdoutLine: {'line': b'-- Up-to-date: /home/rschnurr/SkyClaw-Team1/ros2_ws/install/px4_msgs/include/px4_msgs/px4_msgs/msg/detail/open_drone_id_self_id__type_support.cpp\n'}
[3.497126] (px4_msgs) StdoutLine: {'line': b'-- Up-to-date: /home/rschnurr/SkyClaw-Team1/ros2_ws/install/px4_msgs/include/px4_msgs/px4_msgs/msg/detail/fixed_wing_runway_control__rosidl_typesupport_introspection_cpp.hpp\n'}
[3.497184] (px4_msgs) StdoutLine: {'line': b'-- Up-to-date: /home/rschnurr/SkyClaw-Team1/ros2_ws/install/px4_msgs/include/px4_msgs/px4_msgs/msg/detail/rover_speed_status__type_support.cpp\n'}
[3.497248] (px4_msgs) StdoutLine: {'line': b'-- Up-to-date: /home/rschnurr/SkyClaw-Team1/ros2_ws/install/px4_msgs/include/px4_msgs/px4_msgs/msg/detail/sensor_baro__type_support.cpp\n'}
[3.497307] (px4_msgs) StdoutLine: {'line': b'-- Up-to-date: /home/rschnurr/SkyClaw-Team1/ros2_ws/install/px4_msgs/include/px4_msgs/px4_msgs/msg/detail/goto_setpoint__type_support.cpp\n'}
[3.497376] (px4_msgs) StdoutLine: {'line': b'-- Up-to-date: /home/rschnurr/SkyClaw-Team1/ros2_ws/install/px4_msgs/include/px4_msgs/px4_msgs/msg/detail/fixed_wing_lateral_status__type_support.cpp\n'}
[3.497434] (px4_msgs) StdoutLine: {'line': b'-- Up-to-date: /home/rschnurr/SkyClaw-Team1/ros2_ws/install/px4_msgs/include/px4_msgs/px4_msgs/msg/detail/mavlink_log__type_support.cpp\n'}
[3.497495] (px4_msgs) StdoutLine: {'line': b'-- Up-to-date: /home/rschnurr/SkyClaw-Team1/ros2_ws/install/px4_msgs/include/px4_msgs/px4_msgs/msg/detail/vehicle_roi__type_support.cpp\n'}
[3.497553] (px4_msgs) StdoutLine: {'line': b'-- Up-to-date: /home/rschnurr/SkyClaw-Team1/ros2_ws/install/px4_msgs/include/px4_msgs/px4_msgs/msg/detail/gimbal_device_set_attitude__rosidl_typesupport_introspection_cpp.hpp\n'}
[3.497715] (px4_msgs) StdoutLine: {'line': b'-- Up-to-date: /home/rschnurr/SkyClaw-Team1/ros2_ws/install/px4_msgs/include/px4_msgs/px4_msgs/msg/detail/estimator_selector_status__rosidl_typesupport_introspection_cpp.hpp\n'}
[3.497903] (px4_msgs) StdoutLine: {'line': b'-- Up-to-date: /home/rschnurr/SkyClaw-Team1/ros2_ws/install/px4_msgs/include/px4_msgs/px4_msgs/msg/detail/open_drone_id_system__rosidl_typesupport_introspection_cpp.hpp\n'}
[3.498003] (px4_msgs) StdoutLine: {'line': b'-- Up-to-date: /home/rschnurr/SkyClaw-Team1/ros2_ws/install/px4_msgs/include/px4_msgs/px4_msgs/msg/detail/internal_combustion_engine_control__rosidl_typesupport_introspection_cpp.hpp\n'}
[3.498075] (px4_msgs) StdoutLine: {'line': b'-- Up-to-date: /home/rschnurr/SkyClaw-Team1/ros2_ws/install/px4_msgs/include/px4_msgs/px4_msgs/msg/detail/actuator_outputs__rosidl_typesupport_introspection_cpp.hpp\n'}
[3.498152] (px4_msgs) StdoutLine: {'line': b'-- Up-to-date: /home/rschnurr/SkyClaw-Team1/ros2_ws/install/px4_msgs/include/px4_msgs/px4_msgs/msg/detail/home_position__rosidl_typesupport_introspection_cpp.hpp\n'}
[3.498213] (px4_msgs) StdoutLine: {'line': b'-- Up-to-date: /home/rschnurr/SkyClaw-Team1/ros2_ws/install/px4_msgs/include/px4_msgs/px4_msgs/msg/detail/battery_info__type_support.cpp\n'}
[3.498272] (px4_msgs) StdoutLine: {'line': b'-- Up-to-date: /home/rschnurr/SkyClaw-Team1/ros2_ws/install/px4_msgs/include/px4_msgs/px4_msgs/msg/detail/failsafe_flags__type_support.cpp\n'}
[3.498330] (px4_msgs) StdoutLine: {'line': b'-- Up-to-date: /home/rschnurr/SkyClaw-Team1/ros2_ws/install/px4_msgs/include/px4_msgs/px4_msgs/msg/detail/gpio_in__type_support.cpp\n'}
[3.498389] (px4_msgs) StdoutLine: {'line': b'-- Up-to-date: /home/rschnurr/SkyClaw-Team1/ros2_ws/install/px4_msgs/include/px4_msgs/px4_msgs/msg/detail/vehicle_control_mode__rosidl_typesupport_introspection_cpp.hpp\n'}
[3.498447] (px4_msgs) StdoutLine: {'line': b'-- Up-to-date: /home/rschnurr/SkyClaw-Team1/ros2_ws/install/px4_msgs/include/px4_msgs/px4_msgs/msg/detail/vehicle_imu__rosidl_typesupport_introspection_cpp.hpp\n'}
[3.498505] (px4_msgs) StdoutLine: {'line': b'-- Up-to-date: /home/rschnurr/SkyClaw-Team1/ros2_ws/install/px4_msgs/include/px4_msgs/px4_msgs/msg/detail/goto_setpoint__rosidl_typesupport_introspection_cpp.hpp\n'}
[3.498562] (px4_msgs) StdoutLine: {'line': b'-- Up-to-date: /home/rschnurr/SkyClaw-Team1/ros2_ws/install/px4_msgs/include/px4_msgs/px4_msgs/msg/detail/vehicle_command__rosidl_typesupport_introspection_cpp.hpp\n'}
[3.498619] (px4_msgs) StdoutLine: {'line': b'-- Up-to-date: /home/rschnurr/SkyClaw-Team1/ros2_ws/install/px4_msgs/include/px4_msgs/px4_msgs/msg/detail/arming_check_reply__rosidl_typesupport_introspection_cpp.hpp\n'}
[3.498677] (px4_msgs) StdoutLine: {'line': b'-- Up-to-date: /home/rschnurr/SkyClaw-Team1/ros2_ws/install/px4_msgs/include/px4_msgs/px4_msgs/msg/detail/actuator_servos__type_support.cpp\n'}
[3.498735] (px4_msgs) StdoutLine: {'line': b'-- Up-to-date: /home/rschnurr/SkyClaw-Team1/ros2_ws/install/px4_msgs/include/px4_msgs/px4_msgs/msg/detail/estimator_gps_status__rosidl_typesupport_introspection_cpp.hpp\n'}
[3.498793] (px4_msgs) StdoutLine: {'line': b'-- Up-to-date: /home/rschnurr/SkyClaw-Team1/ros2_ws/install/px4_msgs/include/px4_msgs/px4_msgs/msg/detail/vehicle_attitude_setpoint__rosidl_typesupport_introspection_cpp.hpp\n'}
[3.498851] (px4_msgs) StdoutLine: {'line': b'-- Up-to-date: /home/rschnurr/SkyClaw-Team1/ros2_ws/install/px4_msgs/include/px4_msgs/px4_msgs/msg/detail/velocity_limits__rosidl_typesupport_introspection_cpp.hpp\n'}
[3.498909] (px4_msgs) StdoutLine: {'line': b'-- Up-to-date: /home/rschnurr/SkyClaw-Team1/ros2_ws/install/px4_msgs/include/px4_msgs/px4_msgs/msg/detail/parameter_reset_request__type_support.cpp\n'}
[3.498965] (px4_msgs) StdoutLine: {'line': b'-- Up-to-date: /home/rschnurr/SkyClaw-Team1/ros2_ws/install/px4_msgs/include/px4_msgs/px4_msgs/msg/detail/gimbal_device_attitude_status__type_support.cpp\n'}
[3.499029] (px4_msgs) StdoutLine: {'line': b'-- Up-to-date: /home/rschnurr/SkyClaw-Team1/ros2_ws/install/px4_msgs/include/px4_msgs/px4_msgs/msg/detail/control_allocator_status__type_support.cpp\n'}
[3.499085] (px4_msgs) StdoutLine: {'line': b'-- Up-to-date: /home/rschnurr/SkyClaw-Team1/ros2_ws/install/px4_msgs/include/px4_msgs/px4_msgs/msg/detail/vehicle_air_data__rosidl_typesupport_introspection_cpp.hpp\n'}
[3.499143] (px4_msgs) StdoutLine: {'line': b'-- Up-to-date: /home/rschnurr/SkyClaw-Team1/ros2_ws/install/px4_msgs/include/px4_msgs/px4_msgs/msg/detail/launch_detection_status__rosidl_typesupport_introspection_cpp.hpp\n'}
[3.499209] (px4_msgs) StdoutLine: {'line': b'-- Up-to-date: /home/rschnurr/SkyClaw-Team1/ros2_ws/install/px4_msgs/include/px4_msgs/px4_msgs/msg/detail/mission_result__type_support.cpp\n'}
[3.499266] (px4_msgs) StdoutLine: {'line': b'-- Up-to-date: /home/rschnurr/SkyClaw-Team1/ros2_ws/install/px4_msgs/include/px4_msgs/px4_msgs/msg/detail/mode_completed__rosidl_typesupport_introspection_cpp.hpp\n'}
[3.499327] (px4_msgs) StdoutLine: {'line': b'-- Up-to-date: /home/rschnurr/SkyClaw-Team1/ros2_ws/install/px4_msgs/include/px4_msgs/px4_msgs/msg/detail/sensor_gyro__rosidl_typesupport_introspection_cpp.hpp\n'}
[3.499383] (px4_msgs) StdoutLine: {'line': b'-- Up-to-date: /home/rschnurr/SkyClaw-Team1/ros2_ws/install/px4_msgs/include/px4_msgs/px4_msgs/msg/detail/open_drone_id_system__type_support.cpp\n'}
[3.499442] (px4_msgs) StdoutLine: {'line': b'-- Up-to-date: /home/rschnurr/SkyClaw-Team1/ros2_ws/install/px4_msgs/include/px4_msgs/px4_msgs/msg/detail/can_interface_status__type_support.cpp\n'}
[3.499500] (px4_msgs) StdoutLine: {'line': b'-- Up-to-date: /home/rschnurr/SkyClaw-Team1/ros2_ws/install/px4_msgs/include/px4_msgs/px4_msgs/msg/detail/geofence_status__rosidl_typesupport_introspection_cpp.hpp\n'}
[3.499558] (px4_msgs) StdoutLine: {'line': b'-- Up-to-date: /home/rschnurr/SkyClaw-Team1/ros2_ws/install/px4_msgs/include/px4_msgs/px4_msgs/msg/detail/pure_pursuit_status__rosidl_typesupport_introspection_cpp.hpp\n'}
[3.499725] (px4_msgs) StdoutLine: {'line': b'-- Up-to-date: /home/rschnurr/SkyClaw-Team1/ros2_ws/install/px4_msgs/include/px4_msgs/px4_msgs/msg/detail/sensor_gyro_fifo__rosidl_typesupport_introspection_cpp.hpp\n'}
[3.499805] (px4_msgs) StdoutLine: {'line': b'-- Up-to-date: /home/rschnurr/SkyClaw-Team1/ros2_ws/install/px4_msgs/include/px4_msgs/px4_msgs/msg/detail/autotune_attitude_control_status__type_support.cpp\n'}
[3.499873] (px4_msgs) StdoutLine: {'line': b'-- Up-to-date: /home/rschnurr/SkyClaw-Team1/ros2_ws/install/px4_msgs/include/px4_msgs/px4_msgs/msg/detail/vehicle_constraints__type_support.cpp\n'}
[3.499933] (px4_msgs) StdoutLine: {'line': b'-- Up-to-date: /home/rschnurr/SkyClaw-Team1/ros2_ws/install/px4_msgs/include/px4_msgs/px4_msgs/msg/detail/launch_detection_status__type_support.cpp\n'}
[3.499992] (px4_msgs) StdoutLine: {'line': b'-- Up-to-date: /home/rschnurr/SkyClaw-Team1/ros2_ws/install/px4_msgs/include/px4_msgs/px4_msgs/msg/detail/actuator_motors__type_support.cpp\n'}
[3.500050] (px4_msgs) StdoutLine: {'line': b'-- Up-to-date: /home/rschnurr/SkyClaw-Team1/ros2_ws/install/px4_msgs/include/px4_msgs/px4_msgs/msg/detail/position_controller_status__type_support.cpp\n'}
[3.500108] (px4_msgs) StdoutLine: {'line': b'-- Up-to-date: /home/rschnurr/SkyClaw-Team1/ros2_ws/install/px4_msgs/include/px4_msgs/px4_msgs/msg/detail/debug_value__type_support.cpp\n'}
[3.500168] (px4_msgs) StdoutLine: {'line': b'-- Up-to-date: /home/rschnurr/SkyClaw-Team1/ros2_ws/install/px4_msgs/include/px4_msgs/px4_msgs/msg/detail/message_format_request__rosidl_typesupport_introspection_cpp.hpp\n'}
[3.500228] (px4_msgs) StdoutLine: {'line': b'-- Up-to-date: /home/rschnurr/SkyClaw-Team1/ros2_ws/install/px4_msgs/include/px4_msgs/px4_msgs/msg/detail/led_control__type_support.cpp\n'}
[3.500288] (px4_msgs) StdoutLine: {'line': b'-- Up-to-date: /home/rschnurr/SkyClaw-Team1/ros2_ws/install/px4_msgs/include/px4_msgs/px4_msgs/msg/detail/ekf2_timestamps__type_support.cpp\n'}
[3.500482] (px4_msgs) StdoutLine: {'line': b'-- Up-to-date: /home/rschnurr/SkyClaw-Team1/ros2_ws/install/px4_msgs/include/px4_msgs/px4_msgs/msg/detail/vehicle_command_ack__type_support.cpp\n'}
[3.500604] (px4_msgs) StdoutLine: {'line': b'-- Up-to-date: /home/rschnurr/SkyClaw-Team1/ros2_ws/install/px4_msgs/include/px4_msgs/px4_msgs/msg/detail/vehicle_command_ack__rosidl_typesupport_introspection_cpp.hpp\n'}
[3.500684] (px4_msgs) StdoutLine: {'line': b'-- Up-to-date: /home/rschnurr/SkyClaw-Team1/ros2_ws/install/px4_msgs/include/px4_msgs/px4_msgs/msg/detail/rover_attitude_setpoint__rosidl_typesupport_introspection_cpp.hpp\n'}
[3.500747] (px4_msgs) StdoutLine: {'line': b'-- Up-to-date: /home/rschnurr/SkyClaw-Team1/ros2_ws/install/px4_msgs/include/px4_msgs/px4_msgs/msg/detail/estimator_bias__rosidl_typesupport_introspection_cpp.hpp\n'}
[3.500807] (px4_msgs) StdoutLine: {'line': b'-- Up-to-date: /home/rschnurr/SkyClaw-Team1/ros2_ws/install/px4_msgs/include/px4_msgs/px4_msgs/msg/detail/camera_capture__type_support.cpp\n'}
[3.500883] (px4_msgs) StdoutLine: {'line': b'-- Up-to-date: /home/rschnurr/SkyClaw-Team1/ros2_ws/install/px4_msgs/include/px4_msgs/px4_msgs/msg/detail/vehicle_acceleration__rosidl_typesupport_introspection_cpp.hpp\n'}
[3.500940] (px4_msgs) StdoutLine: {'line': b'-- Up-to-date: /home/rschnurr/SkyClaw-Team1/ros2_ws/install/px4_msgs/include/px4_msgs/px4_msgs/msg/detail/longitudinal_control_configuration__type_support.cpp\n'}
[3.500998] (px4_msgs) StdoutLine: {'line': b'-- Up-to-date: /home/rschnurr/SkyClaw-Team1/ros2_ws/install/px4_msgs/include/px4_msgs/px4_msgs/msg/detail/debug_key_value__rosidl_typesupport_introspection_cpp.hpp\n'}
[3.501056] (px4_msgs) StdoutLine: {'line': b'-- Up-to-date: /home/rschnurr/SkyClaw-Team1/ros2_ws/install/px4_msgs/include/px4_msgs/px4_msgs/msg/detail/rtl_status__rosidl_typesupport_introspection_cpp.hpp\n'}
[3.501112] (px4_msgs) StdoutLine: {'line': b'-- Up-to-date: /home/rschnurr/SkyClaw-Team1/ros2_ws/install/px4_msgs/include/px4_msgs/px4_msgs/msg/detail/sensor_correction__type_support.cpp\n'}
[3.501180] (px4_msgs) StdoutLine: {'line': b'-- Up-to-date: /home/rschnurr/SkyClaw-Team1/ros2_ws/install/px4_msgs/include/px4_msgs/px4_msgs/msg/detail/led_control__rosidl_typesupport_introspection_cpp.hpp\n'}
[3.501238] (px4_msgs) StdoutLine: {'line': b'-- Up-to-date: /home/rschnurr/SkyClaw-Team1/ros2_ws/install/px4_msgs/include/px4_msgs/px4_msgs/msg/detail/fuel_tank_status__rosidl_typesupport_introspection_cpp.hpp\n'}
[3.501295] (px4_msgs) StdoutLine: {'line': b'-- Up-to-date: /home/rschnurr/SkyClaw-Team1/ros2_ws/install/px4_msgs/include/px4_msgs/px4_msgs/msg/detail/gpio_config__type_support.cpp\n'}
[3.501353] (px4_msgs) StdoutLine: {'line': b'-- Up-to-date: /home/rschnurr/SkyClaw-Team1/ros2_ws/install/px4_msgs/include/px4_msgs/px4_msgs/msg/detail/actuator_motors__rosidl_typesupport_introspection_cpp.hpp\n'}
[3.501410] (px4_msgs) StdoutLine: {'line': b'-- Up-to-date: /home/rschnurr/SkyClaw-Team1/ros2_ws/install/px4_msgs/include/px4_msgs/px4_msgs/msg/detail/actuator_test__rosidl_typesupport_introspection_cpp.hpp\n'}
[3.501466] (px4_msgs) StdoutLine: {'line': b'-- Up-to-date: /home/rschnurr/SkyClaw-Team1/ros2_ws/install/px4_msgs/include/px4_msgs/px4_msgs/msg/detail/cellular_status__type_support.cpp\n'}
[3.501523] (px4_msgs) StdoutLine: {'line': b'-- Up-to-date: /home/rschnurr/SkyClaw-Team1/ros2_ws/install/px4_msgs/include/px4_msgs/px4_msgs/msg/detail/flight_phase_estimation__rosidl_typesupport_introspection_cpp.hpp\n'}
[3.501672] (px4_msgs) StdoutLine: {'line': b'-- Up-to-date: /home/rschnurr/SkyClaw-Team1/ros2_ws/install/px4_msgs/include/px4_msgs/px4_msgs/msg/detail/orb_test_medium__rosidl_typesupport_introspection_cpp.hpp\n'}
[3.501865] (px4_msgs) StdoutLine: {'line': b'-- Up-to-date: /home/rschnurr/SkyClaw-Team1/ros2_ws/install/px4_msgs/include/px4_msgs/px4_msgs/msg/detail/vehicle_acceleration__type_support.cpp\n'}
[3.501947] (px4_msgs) StdoutLine: {'line': b'-- Up-to-date: /home/rschnurr/SkyClaw-Team1/ros2_ws/install/px4_msgs/include/px4_msgs/px4_msgs/msg/detail/sensor_accel_fifo__type_support.cpp\n'}
[3.502018] (px4_msgs) StdoutLine: {'line': b'-- Up-to-date: /home/rschnurr/SkyClaw-Team1/ros2_ws/install/px4_msgs/include/px4_msgs/px4_msgs/msg/detail/tecs_status__type_support.cpp\n'}
[3.502080] (px4_msgs) StdoutLine: {'line': b'-- Up-to-date: /home/rschnurr/SkyClaw-Team1/ros2_ws/install/px4_msgs/include/px4_msgs/px4_msgs/msg/detail/camera_capture__rosidl_typesupport_introspection_cpp.hpp\n'}
[3.502140] (px4_msgs) StdoutLine: {'line': b'-- Up-to-date: /home/rschnurr/SkyClaw-Team1/ros2_ws/install/px4_msgs/include/px4_msgs/px4_msgs/msg/detail/internal_combustion_engine_status__type_support.cpp\n'}
[3.502200] (px4_msgs) StdoutLine: {'line': b'-- Up-to-date: /home/rschnurr/SkyClaw-Team1/ros2_ws/install/px4_msgs/include/px4_msgs/px4_msgs/msg/detail/orb_test_medium__type_support.cpp\n'}
[3.502259] (px4_msgs) StdoutLine: {'line': b'-- Up-to-date: /home/rschnurr/SkyClaw-Team1/ros2_ws/install/px4_msgs/include/px4_msgs/px4_msgs/msg/detail/sensor_selection__type_support.cpp\n'}
[3.502331] (px4_msgs) StdoutLine: {'line': b'-- Up-to-date: /home/rschnurr/SkyClaw-Team1/ros2_ws/install/px4_msgs/include/px4_msgs/px4_msgs/msg/detail/tune_control__type_support.cpp\n'}
[3.502389] (px4_msgs) StdoutLine: {'line': b'-- Up-to-date: /home/rschnurr/SkyClaw-Team1/ros2_ws/install/px4_msgs/include/px4_msgs/px4_msgs/msg/detail/sensor_uwb__rosidl_typesupport_introspection_cpp.hpp\n'}
[3.502447] (px4_msgs) StdoutLine: {'line': b'-- Up-to-date: /home/rschnurr/SkyClaw-Team1/ros2_ws/install/px4_msgs/include/px4_msgs/px4_msgs/msg/detail/geofence_result__type_support.cpp\n'}
[3.502505] (px4_msgs) StdoutLine: {'line': b'-- Up-to-date: /home/rschnurr/SkyClaw-Team1/ros2_ws/install/px4_msgs/include/px4_msgs/px4_msgs/msg/detail/manual_control_switches__rosidl_typesupport_introspection_cpp.hpp\n'}
[3.502561] (px4_msgs) StdoutLine: {'line': b'-- Up-to-date: /home/rschnurr/SkyClaw-Team1/ros2_ws/install/px4_msgs/include/px4_msgs/px4_msgs/msg/detail/fixed_wing_lateral_status__rosidl_typesupport_introspection_cpp.hpp\n'}
[3.502622] (px4_msgs) StdoutLine: {'line': b'-- Up-to-date: /home/rschnurr/SkyClaw-Team1/ros2_ws/install/px4_msgs/include/px4_msgs/px4_msgs/msg/detail/estimator_gps_status__type_support.cpp\n'}
[3.502680] (px4_msgs) StdoutLine: {'line': b'-- Up-to-date: /home/rschnurr/SkyClaw-Team1/ros2_ws/install/px4_msgs/include/px4_msgs/px4_msgs/msg/detail/sensor_gnss_status__type_support.cpp\n'}
[3.502737] (px4_msgs) StdoutLine: {'line': b'-- Up-to-date: /home/rschnurr/SkyClaw-Team1/ros2_ws/install/px4_msgs/include/px4_msgs/px4_msgs/msg/detail/gpio_in__rosidl_typesupport_introspection_cpp.hpp\n'}
[3.502794] (px4_msgs) StdoutLine: {'line': b'-- Up-to-date: /home/rschnurr/SkyClaw-Team1/ros2_ws/install/px4_msgs/include/px4_msgs/px4_msgs/msg/detail/flight_phase_estimation__type_support.cpp\n'}
[3.502855] (px4_msgs) StdoutLine: {'line': b'-- Up-to-date: /home/rschnurr/SkyClaw-Team1/ros2_ws/install/px4_msgs/include/px4_msgs/px4_msgs/msg/detail/irlock_report__rosidl_typesupport_introspection_cpp.hpp\n'}
[3.502912] (px4_msgs) StdoutLine: {'line': b'-- Up-to-date: /home/rschnurr/SkyClaw-Team1/ros2_ws/install/px4_msgs/include/px4_msgs/px4_msgs/msg/detail/ping__type_support.cpp\n'}
[3.502969] (px4_msgs) StdoutLine: {'line': b'-- Up-to-date: /home/rschnurr/SkyClaw-Team1/ros2_ws/install/px4_msgs/include/px4_msgs/px4_msgs/msg/detail/distance_sensor_mode_change_request__rosidl_typesupport_introspection_cpp.hpp\n'}
[3.503035] (px4_msgs) StdoutLine: {'line': b'-- Up-to-date: /home/rschnurr/SkyClaw-Team1/ros2_ws/install/px4_msgs/include/px4_msgs/px4_msgs/msg/detail/camera_trigger__type_support.cpp\n'}
[3.503092] (px4_msgs) StdoutLine: {'line': b'-- Up-to-date: /home/rschnurr/SkyClaw-Team1/ros2_ws/install/px4_msgs/include/px4_msgs/px4_msgs/msg/detail/estimator_sensor_bias__type_support.cpp\n'}
[3.503148] (px4_msgs) StdoutLine: {'line': b'-- Up-to-date: /home/rschnurr/SkyClaw-Team1/ros2_ws/install/px4_msgs/include/px4_msgs/px4_msgs/msg/detail/dataman_response__rosidl_typesupport_introspection_cpp.hpp\n'}
[3.503204] (px4_msgs) StdoutLine: {'line': b'-- Up-to-date: /home/rschnurr/SkyClaw-Team1/ros2_ws/install/px4_msgs/include/px4_msgs/px4_msgs/msg/detail/vehicle_imu__type_support.cpp\n'}
[3.503261] (px4_msgs) StdoutLine: {'line': b'-- Up-to-date: /home/rschnurr/SkyClaw-Team1/ros2_ws/install/px4_msgs/include/px4_msgs/px4_msgs/msg/detail/ulog_stream_ack__type_support.cpp\n'}
[3.503317] (px4_msgs) StdoutLine: {'line': b'-- Up-to-date: /home/rschnurr/SkyClaw-Team1/ros2_ws/install/px4_msgs/include/px4_msgs/px4_msgs/msg/detail/parameter_update__rosidl_typesupport_introspection_cpp.hpp\n'}
[3.503376] (px4_msgs) StdoutLine: {'line': b'-- Up-to-date: /home/rschnurr/SkyClaw-Team1/ros2_ws/install/px4_msgs/include/px4_msgs/px4_msgs/msg/detail/rc_channels__type_support.cpp\n'}
[3.503432] (px4_msgs) StdoutLine: {'line': b'-- Up-to-date: /home/rschnurr/SkyClaw-Team1/ros2_ws/install/px4_msgs/include/px4_msgs/px4_msgs/msg/detail/radio_status__rosidl_typesupport_introspection_cpp.hpp\n'}
[3.503489] (px4_msgs) StdoutLine: {'line': b'-- Up-to-date: /home/rschnurr/SkyClaw-Team1/ros2_ws/install/px4_msgs/include/px4_msgs/px4_msgs/msg/detail/landing_gear__type_support.cpp\n'}
[3.503554] (px4_msgs) StdoutLine: {'line': b'-- Up-to-date: /home/rschnurr/SkyClaw-Team1/ros2_ws/install/px4_msgs/include/px4_msgs/px4_msgs/msg/detail/failure_detector_status__type_support.cpp\n'}
[3.503717] (px4_msgs) StdoutLine: {'line': b'-- Up-to-date: /home/rschnurr/SkyClaw-Team1/ros2_ws/install/px4_msgs/include/px4_msgs/px4_msgs/msg/detail/gimbal_manager_set_attitude__type_support.cpp\n'}
[3.503799] (px4_msgs) StdoutLine: {'line': b'-- Up-to-date: /home/rschnurr/SkyClaw-Team1/ros2_ws/install/px4_msgs/include/px4_msgs/px4_msgs/msg/detail/gps_inject_data__rosidl_typesupport_introspection_cpp.hpp\n'}
[3.503868] (px4_msgs) StdoutLine: {'line': b'-- Up-to-date: /home/rschnurr/SkyClaw-Team1/ros2_ws/install/px4_msgs/include/px4_msgs/px4_msgs/msg/detail/gimbal_controls__type_support.cpp\n'}
[3.503938] (px4_msgs) StdoutLine: {'line': b'-- Up-to-date: /home/rschnurr/SkyClaw-Team1/ros2_ws/install/px4_msgs/include/px4_msgs/px4_msgs/msg/detail/vehicle_angular_velocity__rosidl_typesupport_introspection_cpp.hpp\n'}
[3.504001] (px4_msgs) StdoutLine: {'line': b'-- Up-to-date: /home/rschnurr/SkyClaw-Team1/ros2_ws/install/px4_msgs/include/px4_msgs/px4_msgs/msg/detail/task_stack_info__rosidl_typesupport_introspection_cpp.hpp\n'}
[3.504062] (px4_msgs) StdoutLine: {'line': b'-- Up-to-date: /home/rschnurr/SkyClaw-Team1/ros2_ws/install/px4_msgs/include/px4_msgs/px4_msgs/msg/detail/follow_target_estimator__rosidl_typesupport_introspection_cpp.hpp\n'}
[3.504123] (px4_msgs) StdoutLine: {'line': b'-- Up-to-date: /home/rschnurr/SkyClaw-Team1/ros2_ws/install/px4_msgs/include/px4_msgs/px4_msgs/msg/detail/follow_target__rosidl_typesupport_introspection_cpp.hpp\n'}
[3.504182] (px4_msgs) StdoutLine: {'line': b'-- Up-to-date: /home/rschnurr/SkyClaw-Team1/ros2_ws/install/px4_msgs/include/px4_msgs/px4_msgs/msg/detail/sensor_gnss_relative__type_support.cpp\n'}
[3.504239] (px4_msgs) StdoutLine: {'line': b'-- Up-to-date: /home/rschnurr/SkyClaw-Team1/ros2_ws/install/px4_msgs/include/px4_msgs/px4_msgs/msg/detail/vehicle_angular_acceleration_setpoint__rosidl_typesupport_introspection_cpp.hpp\n'}
[3.504310] (px4_msgs) StdoutLine: {'line': b'-- Up-to-date: /home/rschnurr/SkyClaw-Team1/ros2_ws/install/px4_msgs/include/px4_msgs/px4_msgs/msg/detail/gps_dump__rosidl_typesupport_introspection_cpp.hpp\n'}
[3.504412] (px4_msgs) StdoutLine: {'line': b'-- Up-to-date: /home/rschnurr/SkyClaw-Team1/ros2_ws/install/px4_msgs/include/px4_msgs/px4_msgs/msg/detail/rtl_time_estimate__rosidl_typesupport_introspection_cpp.hpp\n'}
[3.504472] (px4_msgs) StdoutLine: {'line': b'-- Up-to-date: /home/rschnurr/SkyClaw-Team1/ros2_ws/install/px4_msgs/include/px4_msgs/px4_msgs/msg/detail/estimator_aid_source2d__rosidl_typesupport_introspection_cpp.hpp\n'}
[3.504529] (px4_msgs) StdoutLine: {'line': b'-- Up-to-date: /home/rschnurr/SkyClaw-Team1/ros2_ws/install/px4_msgs/include/px4_msgs/px4_msgs/msg/detail/qshell_retval__type_support.cpp\n'}
[3.504586] (px4_msgs) StdoutLine: {'line': b'-- Up-to-date: /home/rschnurr/SkyClaw-Team1/ros2_ws/install/px4_msgs/include/px4_msgs/px4_msgs/msg/detail/vtol_vehicle_status__type_support.cpp\n'}
[3.504644] (px4_msgs) StdoutLine: {'line': b'-- Up-to-date: /home/rschnurr/SkyClaw-Team1/ros2_ws/install/px4_msgs/include/px4_msgs/px4_msgs/msg/detail/event__type_support.cpp\n'}
[3.504701] (px4_msgs) StdoutLine: {'line': b'-- Up-to-date: /home/rschnurr/SkyClaw-Team1/ros2_ws/install/px4_msgs/include/px4_msgs/px4_msgs/msg/detail/takeoff_status__rosidl_typesupport_introspection_cpp.hpp\n'}
[3.504769] (px4_msgs) StdoutLine: {'line': b'-- Up-to-date: /home/rschnurr/SkyClaw-Team1/ros2_ws/install/px4_msgs/include/px4_msgs/px4_msgs/msg/detail/follow_target_status__type_support.cpp\n'}
[3.504825] (px4_msgs) StdoutLine: {'line': b'-- Up-to-date: /home/rschnurr/SkyClaw-Team1/ros2_ws/install/px4_msgs/include/px4_msgs/px4_msgs/msg/detail/gimbal_manager_information__type_support.cpp\n'}
[3.504883] (px4_msgs) StdoutLine: {'line': b'-- Up-to-date: /home/rschnurr/SkyClaw-Team1/ros2_ws/install/px4_msgs/include/px4_msgs/px4_msgs/msg/detail/tecs_status__rosidl_typesupport_introspection_cpp.hpp\n'}
[3.504947] (px4_msgs) StdoutLine: {'line': b'-- Up-to-date: /home/rschnurr/SkyClaw-Team1/ros2_ws/install/px4_msgs/include/px4_msgs/px4_msgs/msg/detail/landing_target_pose__rosidl_typesupport_introspection_cpp.hpp\n'}
[3.505002] (px4_msgs) StdoutLine: {'line': b'-- Up-to-date: /home/rschnurr/SkyClaw-Team1/ros2_ws/install/px4_msgs/include/px4_msgs/px4_msgs/msg/detail/rover_rate_setpoint__rosidl_typesupport_introspection_cpp.hpp\n'}
[3.505060] (px4_msgs) StdoutLine: {'line': b'-- Up-to-date: /home/rschnurr/SkyClaw-Team1/ros2_ws/install/px4_msgs/include/px4_msgs/px4_msgs/msg/detail/obstacle_distance__type_support.cpp\n'}
[3.505117] (px4_msgs) StdoutLine: {'line': b'-- Up-to-date: /home/rschnurr/SkyClaw-Team1/ros2_ws/install/px4_msgs/include/px4_msgs/px4_msgs/msg/detail/vehicle_odometry__rosidl_typesupport_introspection_cpp.hpp\n'}
[3.505174] (px4_msgs) StdoutLine: {'line': b'-- Up-to-date: /home/rschnurr/SkyClaw-Team1/ros2_ws/install/px4_msgs/include/px4_msgs/px4_msgs/msg/detail/actuator_armed__type_support.cpp\n'}
[3.505231] (px4_msgs) StdoutLine: {'line': b'-- Up-to-date: /home/rschnurr/SkyClaw-Team1/ros2_ws/install/px4_msgs/include/px4_msgs/px4_msgs/msg/detail/gimbal_manager_set_attitude__rosidl_typesupport_introspection_cpp.hpp\n'}
[3.505289] (px4_msgs) StdoutLine: {'line': b'-- Up-to-date: /home/rschnurr/SkyClaw-Team1/ros2_ws/install/px4_msgs/include/px4_msgs/px4_msgs/msg/detail/logger_status__type_support.cpp\n'}
[3.505347] (px4_msgs) StdoutLine: {'line': b'-- Up-to-date: /home/rschnurr/SkyClaw-Team1/ros2_ws/install/px4_msgs/include/px4_msgs/px4_msgs/msg/detail/px4io_status__type_support.cpp\n'}
[3.505405] (px4_msgs) StdoutLine: {'line': b'-- Up-to-date: /home/rschnurr/SkyClaw-Team1/ros2_ws/install/px4_msgs/include/px4_msgs/px4_msgs/msg/detail/vehicle_status__type_support.cpp\n'}
[3.505462] (px4_msgs) StdoutLine: {'line': b'-- Up-to-date: /home/rschnurr/SkyClaw-Team1/ros2_ws/install/px4_msgs/include/px4_msgs/px4_msgs/msg/detail/pps_capture__type_support.cpp\n'}
[3.505518] (px4_msgs) StdoutLine: {'line': b'-- Up-to-date: /home/rschnurr/SkyClaw-Team1/ros2_ws/install/px4_msgs/include/px4_msgs/px4_msgs/msg/detail/ulog_stream__rosidl_typesupport_introspection_cpp.hpp\n'}
[3.505652] (px4_msgs) StdoutLine: {'line': b'-- Up-to-date: /home/rschnurr/SkyClaw-Team1/ros2_ws/install/px4_msgs/include/px4_msgs/px4_msgs/msg/detail/follow_target_estimator__type_support.cpp\n'}
[3.505760] (px4_msgs) StdoutLine: {'line': b'-- Up-to-date: /home/rschnurr/SkyClaw-Team1/ros2_ws/install/px4_msgs/include/px4_msgs/px4_msgs/msg/detail/gripper__type_support.cpp\n'}
[3.505832] (px4_msgs) StdoutLine: {'line': b'-- Up-to-date: /home/rschnurr/SkyClaw-Team1/ros2_ws/install/px4_msgs/include/px4_msgs/px4_msgs/msg/detail/rover_attitude_setpoint__type_support.cpp\n'}
[3.505895] (px4_msgs) StdoutLine: {'line': b'-- Up-to-date: /home/rschnurr/SkyClaw-Team1/ros2_ws/install/px4_msgs/include/px4_msgs/px4_msgs/msg/detail/battery_status__rosidl_typesupport_introspection_cpp.hpp\n'}
[3.505969] (px4_msgs) StdoutLine: {'line': b'-- Up-to-date: /home/rschnurr/SkyClaw-Team1/ros2_ws/install/px4_msgs/include/px4_msgs/px4_msgs/msg/detail/battery_info__rosidl_typesupport_introspection_cpp.hpp\n'}
[3.506033] (px4_msgs) StdoutLine: {'line': b'-- Up-to-date: /home/rschnurr/SkyClaw-Team1/ros2_ws/install/px4_msgs/include/px4_msgs/px4_msgs/msg/detail/mount_orientation__rosidl_typesupport_introspection_cpp.hpp\n'}
[3.506093] (px4_msgs) StdoutLine: {'line': b'-- Up-to-date: /home/rschnurr/SkyClaw-Team1/ros2_ws/install/px4_msgs/include/px4_msgs/px4_msgs/msg/detail/gpio_out__rosidl_typesupport_introspection_cpp.hpp\n'}
[3.506152] (px4_msgs) StdoutLine: {'line': b'-- Up-to-date: /home/rschnurr/SkyClaw-Team1/ros2_ws/install/px4_msgs/include/px4_msgs/px4_msgs/msg/detail/sensor_uwb__type_support.cpp\n'}
[3.506211] (px4_msgs) StdoutLine: {'line': b'-- Up-to-date: /home/rschnurr/SkyClaw-Team1/ros2_ws/install/px4_msgs/include/px4_msgs/px4_msgs/msg/detail/landing_target_pose__type_support.cpp\n'}
[3.506275] (px4_msgs) StdoutLine: {'line': b'-- Up-to-date: /home/rschnurr/SkyClaw-Team1/ros2_ws/install/px4_msgs/include/px4_msgs/px4_msgs/msg/detail/task_stack_info__type_support.cpp\n'}
[3.506333] (px4_msgs) StdoutLine: {'line': b'-- Up-to-date: /home/rschnurr/SkyClaw-Team1/ros2_ws/install/px4_msgs/include/px4_msgs/px4_msgs/msg/detail/failsafe_flags__rosidl_typesupport_introspection_cpp.hpp\n'}
[3.506479] (px4_msgs) StdoutLine: {'line': b'-- Up-to-date: /home/rschnurr/SkyClaw-Team1/ros2_ws/install/px4_msgs/include/px4_msgs/px4_msgs/msg/detail/estimator_aid_source1d__rosidl_typesupport_introspection_cpp.hpp\n'}
[3.506570] (px4_msgs) StdoutLine: {'line': b'-- Up-to-date: /home/rschnurr/SkyClaw-Team1/ros2_ws/install/px4_msgs/include/px4_msgs/px4_msgs/msg/detail/adc_report__rosidl_typesupport_introspection_cpp.hpp\n'}
[3.506658] (px4_msgs) StdoutLine: {'line': b'-- Up-to-date: /home/rschnurr/SkyClaw-Team1/ros2_ws/install/px4_msgs/include/px4_msgs/px4_msgs/msg/detail/gimbal_device_information__type_support.cpp\n'}
[3.506720] (px4_msgs) StdoutLine: {'line': b'-- Up-to-date: /home/rschnurr/SkyClaw-Team1/ros2_ws/install/px4_msgs/include/px4_msgs/px4_msgs/msg/detail/orbit_status__rosidl_typesupport_introspection_cpp.hpp\n'}
[3.506780] (px4_msgs) StdoutLine: {'line': b'-- Up-to-date: /home/rschnurr/SkyClaw-Team1/ros2_ws/install/px4_msgs/include/px4_msgs/px4_msgs/msg/detail/geofence_result__rosidl_typesupport_introspection_cpp.hpp\n'}
[3.506839] (px4_msgs) StdoutLine: {'line': b'-- Up-to-date: /home/rschnurr/SkyClaw-Team1/ros2_ws/install/px4_msgs/include/px4_msgs/px4_msgs/msg/detail/sensor_selection__rosidl_typesupport_introspection_cpp.hpp\n'}
[3.506896] (px4_msgs) StdoutLine: {'line': b'-- Up-to-date: /home/rschnurr/SkyClaw-Team1/ros2_ws/install/px4_msgs/include/px4_msgs/px4_msgs/msg/detail/actuator_servos_trim__type_support.cpp\n'}
[3.506953] (px4_msgs) StdoutLine: {'line': b'-- Up-to-date: /home/rschnurr/SkyClaw-Team1/ros2_ws/install/px4_msgs/include/px4_msgs/px4_msgs/msg/detail/navigator_mission_item__rosidl_typesupport_introspection_cpp.hpp\n'}
[3.507010] (px4_msgs) StdoutLine: {'line': b'-- Up-to-date: /home/rschnurr/SkyClaw-Team1/ros2_ws/install/px4_msgs/include/px4_msgs/px4_msgs/msg/detail/vehicle_imu_status__rosidl_typesupport_introspection_cpp.hpp\n'}
[3.507068] (px4_msgs) StdoutLine: {'line': b'-- Up-to-date: /home/rschnurr/SkyClaw-Team1/ros2_ws/install/px4_msgs/include/px4_msgs/px4_msgs/msg/detail/timesync_status__rosidl_typesupport_introspection_cpp.hpp\n'}
[3.507130] (px4_msgs) StdoutLine: {'line': b'-- Up-to-date: /home/rschnurr/SkyClaw-Team1/ros2_ws/install/px4_msgs/include/px4_msgs/px4_msgs/msg/detail/fixed_wing_lateral_guidance_status__type_support.cpp\n'}
[3.507188] (px4_msgs) StdoutLine: {'line': b'-- Up-to-date: /home/rschnurr/SkyClaw-Team1/ros2_ws/install/px4_msgs/include/px4_msgs/px4_msgs/msg/detail/camera_status__type_support.cpp\n'}
[3.507322] (px4_msgs) StdoutLine: {'line': b'-- Up-to-date: /home/rschnurr/SkyClaw-Team1/ros2_ws/install/px4_msgs/include/px4_msgs/px4_msgs/msg/detail/power_button_state__rosidl_typesupport_introspection_cpp.hpp\n'}
[3.507564] (px4_msgs) StdoutLine: {'line': b'-- Up-to-date: /home/rschnurr/SkyClaw-Team1/ros2_ws/install/px4_msgs/include/px4_msgs/px4_msgs/msg/detail/lateral_control_configuration__rosidl_typesupport_introspection_cpp.hpp\n'}
[3.507665] (px4_msgs) StdoutLine: {'line': b'-- Up-to-date: /home/rschnurr/SkyClaw-Team1/ros2_ws/install/px4_msgs/include/px4_msgs/px4_msgs/msg/detail/message_format_request__type_support.cpp\n'}
[3.507747] (px4_msgs) StdoutLine: {'line': b'-- Up-to-date: /home/rschnurr/SkyClaw-Team1/ros2_ws/install/px4_msgs/include/px4_msgs/px4_msgs/msg/detail/open_drone_id_arm_status__rosidl_typesupport_introspection_cpp.hpp\n'}
[3.507815] (px4_msgs) StdoutLine: {'line': b'-- Up-to-date: /home/rschnurr/SkyClaw-Team1/ros2_ws/install/px4_msgs/include/px4_msgs/px4_msgs/msg/detail/parameter_set_used_request__type_support.cpp\n'}
[3.507892] (px4_msgs) StdoutLine: {'line': b'-- Up-to-date: /home/rschnurr/SkyClaw-Team1/ros2_ws/install/px4_msgs/include/px4_msgs/px4_msgs/msg/detail/neural_control__rosidl_typesupport_introspection_cpp.hpp\n'}
[3.507959] (px4_msgs) StdoutLine: {'line': b'-- Up-to-date: /home/rschnurr/SkyClaw-Team1/ros2_ws/install/px4_msgs/include/px4_msgs/px4_msgs/msg/detail/vehicle_local_position_setpoint__rosidl_typesupport_introspection_cpp.hpp\n'}
[3.508023] (px4_msgs) StdoutLine: {'line': b'-- Up-to-date: /home/rschnurr/SkyClaw-Team1/ros2_ws/install/px4_msgs/include/px4_msgs/px4_msgs/msg/detail/satellite_info__rosidl_typesupport_introspection_cpp.hpp\n'}
[3.508086] (px4_msgs) StdoutLine: {'line': b'-- Up-to-date: /home/rschnurr/SkyClaw-Team1/ros2_ws/install/px4_msgs/include/px4_msgs/px4_msgs/msg/detail/dataman_request__type_support.cpp\n'}
[3.508214] (px4_msgs) StdoutLine: {'line': b'-- Up-to-date: /home/rschnurr/SkyClaw-Team1/ros2_ws/install/px4_msgs/include/px4_msgs/px4_msgs/msg/detail/gimbal_manager_set_manual_control__type_support.cpp\n'}
[3.508399] (px4_msgs) StdoutLine: {'line': b'-- Up-to-date: /home/rschnurr/SkyClaw-Team1/ros2_ws/install/px4_msgs/include/px4_msgs/px4_msgs/msg/detail/sensor_gyro_fft__type_support.cpp\n'}
[3.508589] (px4_msgs) StdoutLine: {'line': b'-- Up-to-date: /home/rschnurr/SkyClaw-Team1/ros2_ws/install/px4_msgs/include/px4_msgs/px4_msgs/msg/detail/gimbal_device_set_attitude__type_support.cpp\n'}
[3.508722] (px4_msgs) StdoutLine: {'line': b'-- Up-to-date: /home/rschnurr/SkyClaw-Team1/ros2_ws/install/px4_msgs/include/px4_msgs/px4_msgs/msg/detail/parameter_set_value_request__rosidl_typesupport_introspection_cpp.hpp\n'}
[3.508964] (px4_msgs) StdoutLine: {'line': b'-- Up-to-date: /home/rschnurr/SkyClaw-Team1/ros2_ws/install/px4_msgs/include/px4_msgs/px4_msgs/msg/detail/figure_eight_status__type_support.cpp\n'}
[3.509069] (px4_msgs) StdoutLine: {'line': b'-- Up-to-date: /home/rschnurr/SkyClaw-Team1/ros2_ws/install/px4_msgs/include/px4_msgs/px4_msgs/msg/detail/estimator_aid_source2d__type_support.cpp\n'}
[3.509127] (px4_msgs) StdoutLine: {'line': b'-- Up-to-date: /home/rschnurr/SkyClaw-Team1/ros2_ws/install/px4_msgs/include/px4_msgs/px4_msgs/msg/detail/position_controller_landing_status__rosidl_typesupport_introspection_cpp.hpp\n'}
[3.509192] (px4_msgs) StdoutLine: {'line': b'-- Up-to-date: /home/rschnurr/SkyClaw-Team1/ros2_ws/install/px4_msgs/include/px4_msgs/px4_msgs/msg/detail/qshell_req__type_support.cpp\n'}
[3.509236] (px4_msgs) StdoutLine: {'line': b'-- Up-to-date: /home/rschnurr/SkyClaw-Team1/ros2_ws/install/px4_msgs/include/px4_msgs/px4_msgs/msg/detail/mission__type_support.cpp\n'}
[3.509279] (px4_msgs) StdoutLine: {'line': b'-- Up-to-date: /home/rschnurr/SkyClaw-Team1/ros2_ws/install/px4_msgs/include/px4_msgs/px4_msgs/msg/detail/estimator_status__rosidl_typesupport_introspection_cpp.hpp\n'}
[3.509322] (px4_msgs) StdoutLine: {'line': b'-- Up-to-date: /home/rschnurr/SkyClaw-Team1/ros2_ws/install/px4_msgs/include/px4_msgs/px4_msgs/msg/detail/log_message__type_support.cpp\n'}
[3.509365] (px4_msgs) StdoutLine: {'line': b'-- Up-to-date: /home/rschnurr/SkyClaw-Team1/ros2_ws/install/px4_msgs/include/px4_msgs/px4_msgs/msg/detail/sensors_status_imu__rosidl_typesupport_introspection_cpp.hpp\n'}
[3.509407] (px4_msgs) StdoutLine: {'line': b'-- Up-to-date: /home/rschnurr/SkyClaw-Team1/ros2_ws/install/px4_msgs/include/px4_msgs/px4_msgs/msg/detail/wheel_encoders__rosidl_typesupport_introspection_cpp.hpp\n'}
[3.509450] (px4_msgs) StdoutLine: {'line': b'-- Up-to-date: /home/rschnurr/SkyClaw-Team1/ros2_ws/install/px4_msgs/include/px4_msgs/px4_msgs/msg/detail/fixed_wing_lateral_setpoint__rosidl_typesupport_introspection_cpp.hpp\n'}
[3.509492] (px4_msgs) StdoutLine: {'line': b'-- Up-to-date: /home/rschnurr/SkyClaw-Team1/ros2_ws/install/px4_msgs/include/px4_msgs/px4_msgs/msg/detail/differential_pressure__type_support.cpp\n'}
[3.509535] (px4_msgs) StdoutLine: {'line': b'-- Up-to-date: /home/rschnurr/SkyClaw-Team1/ros2_ws/install/px4_msgs/include/px4_msgs/px4_msgs/msg/detail/figure_eight_status__rosidl_typesupport_introspection_cpp.hpp\n'}
[3.509576] (px4_msgs) StdoutLine: {'line': b'-- Up-to-date: /home/rschnurr/SkyClaw-Team1/ros2_ws/install/px4_msgs/include/px4_msgs/px4_msgs/msg/detail/vehicle_attitude__type_support.cpp\n'}
[3.509621] (px4_msgs) StdoutLine: {'line': b'-- Up-to-date: /home/rschnurr/SkyClaw-Team1/ros2_ws/install/px4_msgs/include/px4_msgs/px4_msgs/msg/detail/telemetry_status__rosidl_typesupport_introspection_cpp.hpp\n'}
[3.509662] (px4_msgs) StdoutLine: {'line': b'-- Up-to-date: /home/rschnurr/SkyClaw-Team1/ros2_ws/install/px4_msgs/include/px4_msgs/px4_msgs/msg/detail/message_format_response__rosidl_typesupport_introspection_cpp.hpp\n'}
[3.509702] (px4_msgs) StdoutLine: {'line': b'-- Up-to-date: /home/rschnurr/SkyClaw-Team1/ros2_ws/install/px4_msgs/include/px4_msgs/px4_msgs/msg/detail/cpuload__type_support.cpp\n'}
[3.509743] (px4_msgs) StdoutLine: {'line': b'-- Up-to-date: /home/rschnurr/SkyClaw-Team1/ros2_ws/install/px4_msgs/include/px4_msgs/px4_msgs/msg/detail/rover_speed_setpoint__rosidl_typesupport_introspection_cpp.hpp\n'}
[3.509788] (px4_msgs) StdoutLine: {'line': b'-- Up-to-date: /home/rschnurr/SkyClaw-Team1/ros2_ws/install/px4_msgs/include/px4_msgs/px4_msgs/msg/detail/manual_control_switches__type_support.cpp\n'}
[3.509828] (px4_msgs) StdoutLine: {'line': b'-- Up-to-date: /home/rschnurr/SkyClaw-Team1/ros2_ws/install/px4_msgs/include/px4_msgs/px4_msgs/msg/detail/rover_steering_setpoint__type_support.cpp\n'}
[3.509867] (px4_msgs) StdoutLine: {'line': b'-- Up-to-date: /home/rschnurr/SkyClaw-Team1/ros2_ws/install/px4_msgs/include/px4_msgs/px4_msgs/msg/detail/config_overrides__rosidl_typesupport_introspection_cpp.hpp\n'}
[3.509907] (px4_msgs) StdoutLine: {'line': b'-- Up-to-date: /home/rschnurr/SkyClaw-Team1/ros2_ws/install/px4_msgs/include/px4_msgs/px4_msgs/msg/detail/vehicle_land_detected__rosidl_typesupport_introspection_cpp.hpp\n'}
[3.509947] (px4_msgs) StdoutLine: {'line': b'-- Up-to-date: /home/rschnurr/SkyClaw-Team1/ros2_ws/install/px4_msgs/include/px4_msgs/px4_msgs/msg/detail/airspeed__type_support.cpp\n'}
[3.509988] (px4_msgs) StdoutLine: {'line': b'-- Up-to-date: /home/rschnurr/SkyClaw-Team1/ros2_ws/install/px4_msgs/include/px4_msgs/px4_msgs/msg/detail/qshell_retval__rosidl_typesupport_introspection_cpp.hpp\n'}
[3.510029] (px4_msgs) StdoutLine: {'line': b'-- Up-to-date: /home/rschnurr/SkyClaw-Team1/ros2_ws/install/px4_msgs/include/px4_msgs/px4_msgs/msg/detail/vehicle_command__type_support.cpp\n'}
[3.510070] (px4_msgs) StdoutLine: {'line': b'-- Up-to-date: /home/rschnurr/SkyClaw-Team1/ros2_ws/install/px4_msgs/include/px4_msgs/px4_msgs/msg/detail/uavcan_parameter_value__rosidl_typesupport_introspection_cpp.hpp\n'}
[3.510111] (px4_msgs) StdoutLine: {'line': b'-- Up-to-date: /home/rschnurr/SkyClaw-Team1/ros2_ws/install/px4_msgs/include/px4_msgs/px4_msgs/msg/detail/sensor_airflow__rosidl_typesupport_introspection_cpp.hpp\n'}
[3.510151] (px4_msgs) StdoutLine: {'line': b'-- Up-to-date: /home/rschnurr/SkyClaw-Team1/ros2_ws/install/px4_msgs/include/px4_msgs/px4_msgs/msg/detail/follow_target__type_support.cpp\n'}
[3.510192] (px4_msgs) StdoutLine: {'line': b'-- Up-to-date: /home/rschnurr/SkyClaw-Team1/ros2_ws/install/px4_msgs/include/px4_msgs/px4_msgs/msg/detail/logger_status__rosidl_typesupport_introspection_cpp.hpp\n'}
[3.510232] (px4_msgs) StdoutLine: {'line': b'-- Up-to-date: /home/rschnurr/SkyClaw-Team1/ros2_ws/install/px4_msgs/include/px4_msgs/px4_msgs/msg/detail/gimbal_manager_status__rosidl_typesupport_introspection_cpp.hpp\n'}
[3.510282] (px4_msgs) StdoutLine: {'line': b'-- Up-to-date: /home/rschnurr/SkyClaw-Team1/ros2_ws/install/px4_msgs/include/px4_msgs/px4_msgs/msg/detail/sensor_airflow__type_support.cpp\n'}
[3.510322] (px4_msgs) StdoutLine: {'line': b'-- Up-to-date: /home/rschnurr/SkyClaw-Team1/ros2_ws/install/px4_msgs/include/px4_msgs/px4_msgs/msg/detail/rc_channels__rosidl_typesupport_introspection_cpp.hpp\n'}
[3.510363] (px4_msgs) StdoutLine: {'line': b'-- Up-to-date: /home/rschnurr/SkyClaw-Team1/ros2_ws/install/px4_msgs/include/px4_msgs/px4_msgs/msg/detail/sensor_hygrometer__type_support.cpp\n'}
[3.510404] (px4_msgs) StdoutLine: {'line': b'-- Up-to-date: /home/rschnurr/SkyClaw-Team1/ros2_ws/install/px4_msgs/include/px4_msgs/px4_msgs/msg/detail/landing_gear_wheel__rosidl_typesupport_introspection_cpp.hpp\n'}
[3.510449] (px4_msgs) StdoutLine: {'line': b'-- Up-to-date: /home/rschnurr/SkyClaw-Team1/ros2_ws/install/px4_msgs/include/px4_msgs/px4_msgs/msg/detail/internal_combustion_engine_control__type_support.cpp\n'}
[3.510489] (px4_msgs) StdoutLine: {'line': b'-- Up-to-date: /home/rschnurr/SkyClaw-Team1/ros2_ws/install/px4_msgs/include/px4_msgs/px4_msgs/msg/detail/generator_status__type_support.cpp\n'}
[3.510531] (px4_msgs) StdoutLine: {'line': b'-- Up-to-date: /home/rschnurr/SkyClaw-Team1/ros2_ws/install/px4_msgs/include/px4_msgs/px4_msgs/msg/detail/estimator_status_flags__type_support.cpp\n'}
[3.510571] (px4_msgs) StdoutLine: {'line': b'-- Up-to-date: /home/rschnurr/SkyClaw-Team1/ros2_ws/install/px4_msgs/include/px4_msgs/px4_msgs/msg/detail/rtl_status__type_support.cpp\n'}
[3.510612] (px4_msgs) StdoutLine: {'line': b'-- Up-to-date: /home/rschnurr/SkyClaw-Team1/ros2_ws/install/px4_msgs/include/px4_msgs/px4_msgs/msg/detail/rate_ctrl_status__type_support.cpp\n'}
[3.510653] (px4_msgs) StdoutLine: {'line': b'-- Up-to-date: /home/rschnurr/SkyClaw-Team1/ros2_ws/install/px4_msgs/include/px4_msgs/px4_msgs/msg/detail/manual_control_setpoint__rosidl_typesupport_introspection_cpp.hpp\n'}
[3.510696] (px4_msgs) StdoutLine: {'line': b'-- Up-to-date: /home/rschnurr/SkyClaw-Team1/ros2_ws/install/px4_msgs/include/px4_msgs/px4_msgs/msg/detail/debug_vect__rosidl_typesupport_introspection_cpp.hpp\n'}
[3.510746] (px4_msgs) StdoutLine: {'line': b'-- Up-to-date: /home/rschnurr/SkyClaw-Team1/ros2_ws/install/px4_msgs/include/px4_msgs/px4_msgs/msg/detail/estimator_event_flags__rosidl_typesupport_introspection_cpp.hpp\n'}
[3.510793] (px4_msgs) StdoutLine: {'line': b'-- Up-to-date: /home/rschnurr/SkyClaw-Team1/ros2_ws/install/px4_msgs/include/px4_msgs/px4_msgs/msg/detail/rpm__type_support.cpp\n'}
[3.510959] (px4_msgs) StdoutLine: {'line': b'-- Up-to-date: /home/rschnurr/SkyClaw-Team1/ros2_ws/install/px4_msgs/include/px4_msgs/px4_msgs/msg/detail/ulog_stream_ack__rosidl_typesupport_introspection_cpp.hpp\n'}
[3.511026] (px4_msgs) StdoutLine: {'line': b'-- Up-to-date: /home/rschnurr/SkyClaw-Team1/ros2_ws/install/px4_msgs/include/px4_msgs/px4_msgs/msg/detail/vehicle_magnetometer__type_support.cpp\n'}
[3.511153] (px4_msgs) StdoutLine: {'line': b'-- Up-to-date: /home/rschnurr/SkyClaw-Team1/ros2_ws/install/px4_msgs/include/px4_msgs/px4_msgs/msg/detail/irlock_report__type_support.cpp\n'}
[3.511227] (px4_msgs) StdoutLine: {'line': b'-- Up-to-date: /home/rschnurr/SkyClaw-Team1/ros2_ws/install/px4_msgs/include/px4_msgs/px4_msgs/msg/detail/input_rc__type_support.cpp\n'}
[3.511284] (px4_msgs) StdoutLine: {'line': b'-- Up-to-date: /home/rschnurr/SkyClaw-Team1/ros2_ws/install/px4_msgs/include/px4_msgs/px4_msgs/msg/detail/fixed_wing_lateral_setpoint__type_support.cpp\n'}
[3.511334] (px4_msgs) StdoutLine: {'line': b'-- Up-to-date: /home/rschnurr/SkyClaw-Team1/ros2_ws/install/px4_msgs/include/px4_msgs/px4_msgs/msg/detail/health_report__rosidl_typesupport_introspection_cpp.hpp\n'}
[3.511379] (px4_msgs) StdoutLine: {'line': b'-- Up-to-date: /home/rschnurr/SkyClaw-Team1/ros2_ws/install/px4_msgs/include/px4_msgs/px4_msgs/msg/detail/rover_throttle_setpoint__rosidl_typesupport_introspection_cpp.hpp\n'}
[3.511428] (px4_msgs) StdoutLine: {'line': b'-- Up-to-date: /home/rschnurr/SkyClaw-Team1/ros2_ws/install/px4_msgs/include/px4_msgs/px4_msgs/msg/detail/position_controller_landing_status__type_support.cpp\n'}
[3.511471] (px4_msgs) StdoutLine: {'line': b'-- Up-to-date: /home/rschnurr/SkyClaw-Team1/ros2_ws/install/px4_msgs/include/px4_msgs/px4_msgs/msg/detail/sensor_optical_flow__type_support.cpp\n'}
[3.511512] (px4_msgs) StdoutLine: {'line': b'-- Up-to-date: /home/rschnurr/SkyClaw-Team1/ros2_ws/install/px4_msgs/include/px4_msgs/px4_msgs/msg/detail/qshell_req__rosidl_typesupport_introspection_cpp.hpp\n'}
[3.511555] (px4_msgs) StdoutLine: {'line': b'-- Up-to-date: /home/rschnurr/SkyClaw-Team1/ros2_ws/install/px4_msgs/include/px4_msgs/px4_msgs/msg/detail/gps_inject_data__type_support.cpp\n'}
[3.511609] (px4_msgs) StdoutLine: {'line': b'-- Up-to-date: /home/rschnurr/SkyClaw-Team1/ros2_ws/install/px4_msgs/include/px4_msgs/px4_msgs/msg/detail/battery_status__type_support.cpp\n'}
[3.511652] (px4_msgs) StdoutLine: {'line': b'-- Up-to-date: /home/rschnurr/SkyClaw-Team1/ros2_ws/install/px4_msgs/include/px4_msgs/px4_msgs/msg/detail/cpuload__rosidl_typesupport_introspection_cpp.hpp\n'}
[3.511692] (px4_msgs) StdoutLine: {'line': b'-- Up-to-date: /home/rschnurr/SkyClaw-Team1/ros2_ws/install/px4_msgs/include/px4_msgs/px4_msgs/msg/detail/velocity_limits__type_support.cpp\n'}
[3.511738] (px4_msgs) StdoutLine: {'line': b'-- Up-to-date: /home/rschnurr/SkyClaw-Team1/ros2_ws/install/px4_msgs/include/px4_msgs/px4_msgs/msg/detail/sensor_accel__rosidl_typesupport_introspection_cpp.hpp\n'}
[3.511780] (px4_msgs) StdoutLine: {'line': b'-- Up-to-date: /home/rschnurr/SkyClaw-Team1/ros2_ws/install/px4_msgs/include/px4_msgs/px4_msgs/msg/detail/gps_dump__type_support.cpp\n'}
[3.511821] (px4_msgs) StdoutLine: {'line': b'-- Up-to-date: /home/rschnurr/SkyClaw-Team1/ros2_ws/install/px4_msgs/include/px4_msgs/px4_msgs/msg/detail/gpio_out__type_support.cpp\n'}
[3.511861] (px4_msgs) StdoutLine: {'line': b'-- Up-to-date: /home/rschnurr/SkyClaw-Team1/ros2_ws/install/px4_msgs/include/px4_msgs/px4_msgs/msg/detail/airspeed__rosidl_typesupport_introspection_cpp.hpp\n'}
[3.511902] (px4_msgs) StdoutLine: {'line': b'-- Up-to-date: /home/rschnurr/SkyClaw-Team1/ros2_ws/install/px4_msgs/include/px4_msgs/px4_msgs/msg/detail/esc_report__type_support.cpp\n'}
[3.511945] (px4_msgs) StdoutLine: {'line': b'-- Up-to-date: /home/rschnurr/SkyClaw-Team1/ros2_ws/install/px4_msgs/include/px4_msgs/px4_msgs/msg/detail/sensor_optical_flow__rosidl_typesupport_introspection_cpp.hpp\n'}
[3.511989] (px4_msgs) StdoutLine: {'line': b'-- Up-to-date: /home/rschnurr/SkyClaw-Team1/ros2_ws/install/px4_msgs/include/px4_msgs/px4_msgs/msg/detail/heater_status__type_support.cpp\n'}
[3.512034] (px4_msgs) StdoutLine: {'line': b'-- Up-to-date: /home/rschnurr/SkyClaw-Team1/ros2_ws/install/px4_msgs/include/px4_msgs/px4_msgs/msg/detail/ulog_stream__type_support.cpp\n'}
[3.512080] (px4_msgs) StdoutLine: {'line': b'-- Up-to-date: /home/rschnurr/SkyClaw-Team1/ros2_ws/install/px4_msgs/include/px4_msgs/px4_msgs/msg/detail/wind__rosidl_typesupport_introspection_cpp.hpp\n'}
[3.512128] (px4_msgs) StdoutLine: {'line': b'-- Up-to-date: /home/rschnurr/SkyClaw-Team1/ros2_ws/install/px4_msgs/include/px4_msgs/px4_msgs/msg/detail/landing_target_innovations__type_support.cpp\n'}
[3.512173] (px4_msgs) StdoutLine: {'line': b'-- Up-to-date: /home/rschnurr/SkyClaw-Team1/ros2_ws/install/px4_msgs/include/px4_msgs/px4_msgs/msg/detail/config_overrides__type_support.cpp\n'}
[3.512216] (px4_msgs) StdoutLine: {'line': b'-- Up-to-date: /home/rschnurr/SkyClaw-Team1/ros2_ws/install/px4_msgs/include/px4_msgs/px4_msgs/msg/detail/parameter_set_value_response__type_support.cpp\n'}
[3.512259] (px4_msgs) StdoutLine: {'line': b'-- Up-to-date: /home/rschnurr/SkyClaw-Team1/ros2_ws/install/px4_msgs/include/px4_msgs/px4_msgs/msg/detail/vehicle_attitude__rosidl_typesupport_introspection_cpp.hpp\n'}
[3.512300] (px4_msgs) StdoutLine: {'line': b'-- Up-to-date: /home/rschnurr/SkyClaw-Team1/ros2_ws/install/px4_msgs/include/px4_msgs/px4_msgs/msg/detail/debug_array__type_support.cpp\n'}
[3.512523] (px4_msgs) StdoutLine: {'line': b'-- Up-to-date: /home/rschnurr/SkyClaw-Team1/ros2_ws/install/px4_msgs/include/px4_msgs/px4_msgs/msg/detail/takeoff_status__type_support.cpp\n'}
[3.512637] (px4_msgs) StdoutLine: {'line': b'-- Up-to-date: /home/rschnurr/SkyClaw-Team1/ros2_ws/install/px4_msgs/include/px4_msgs/px4_msgs/msg/detail/sensor_gps__rosidl_typesupport_introspection_cpp.hpp\n'}
[3.512696] (px4_msgs) StdoutLine: {'line': b'-- Up-to-date: /home/rschnurr/SkyClaw-Team1/ros2_ws/install/px4_msgs/include/px4_msgs/px4_msgs/msg/detail/gimbal_manager_information__rosidl_typesupport_introspection_cpp.hpp\n'}
[3.512749] (px4_msgs) StdoutLine: {'line': b'-- Up-to-date: /home/rschnurr/SkyClaw-Team1/ros2_ws/install/px4_msgs/include/px4_msgs/px4_msgs/msg/detail/heater_status__rosidl_typesupport_introspection_cpp.hpp\n'}
[3.512868] (px4_msgs) StdoutLine: {'line': b'-- Up-to-date: /home/rschnurr/SkyClaw-Team1/ros2_ws/install/px4_msgs/include/px4_msgs/px4_msgs/msg/detail/system_power__rosidl_typesupport_introspection_cpp.hpp\n'}
[3.512973] (px4_msgs) StdoutLine: {'line': b'-- Up-to-date: /home/rschnurr/SkyClaw-Team1/ros2_ws/install/px4_msgs/include/px4_msgs/px4_msgs/msg/detail/navigator_mission_item__type_support.cpp\n'}
[3.513031] (px4_msgs) StdoutLine: {'line': b'-- Up-to-date: /home/rschnurr/SkyClaw-Team1/ros2_ws/install/px4_msgs/include/px4_msgs/px4_msgs/msg/detail/tiltrotor_extra_controls__type_support.cpp\n'}
[3.513079] (px4_msgs) StdoutLine: {'line': b'-- Up-to-date: /home/rschnurr/SkyClaw-Team1/ros2_ws/install/px4_msgs/include/px4_msgs/px4_msgs/msg/detail/vehicle_local_position_setpoint__type_support.cpp\n'}
[3.513124] (px4_msgs) StdoutLine: {'line': b'-- Up-to-date: /home/rschnurr/SkyClaw-Team1/ros2_ws/install/px4_msgs/include/px4_msgs/px4_msgs/msg/detail/vehicle_land_detected__type_support.cpp\n'}
[3.513167] (px4_msgs) StdoutLine: {'line': b'-- Up-to-date: /home/rschnurr/SkyClaw-Team1/ros2_ws/install/px4_msgs/include/px4_msgs/px4_msgs/msg/detail/esc_report__rosidl_typesupport_introspection_cpp.hpp\n'}
[3.513211] (px4_msgs) StdoutLine: {'line': b'-- Up-to-date: /home/rschnurr/SkyClaw-Team1/ros2_ws/install/px4_msgs/include/px4_msgs/px4_msgs/msg/detail/home_position__type_support.cpp\n'}
[3.513267] (px4_msgs) StdoutLine: {'line': b'-- Up-to-date: /home/rschnurr/SkyClaw-Team1/ros2_ws/install/px4_msgs/lib/libpx4_msgs__rosidl_typesupport_introspection_cpp.so\n'}
[3.513316] (px4_msgs) StdoutLine: {'line': b'-- Up-to-date: /home/rschnurr/SkyClaw-Team1/ros2_ws/install/px4_msgs/lib/libpx4_msgs__rosidl_typesupport_cpp.so\n'}
[3.513362] (px4_msgs) StdoutLine: {'line': b'-- Up-to-date: /home/rschnurr/SkyClaw-Team1/ros2_ws/install/px4_msgs/share/px4_msgs/environment/pythonpath.sh\n'}
[3.513422] (px4_msgs) StdoutLine: {'line': b'-- Up-to-date: /home/rschnurr/SkyClaw-Team1/ros2_ws/install/px4_msgs/share/px4_msgs/environment/pythonpath.dsv\n'}
[3.513467] (px4_msgs) StdoutLine: {'line': b'-- Up-to-date: /home/rschnurr/SkyClaw-Team1/ros2_ws/install/px4_msgs/local/lib/python3.10/dist-packages/px4_msgs-2.0.1-py3.10.egg-info\n'}
[3.513512] (px4_msgs) StdoutLine: {'line': b'-- Installing: /home/rschnurr/SkyClaw-Team1/ros2_ws/install/px4_msgs/local/lib/python3.10/dist-packages/px4_msgs-2.0.1-py3.10.egg-info/SOURCES.txt\n'}
[3.513559] (px4_msgs) StdoutLine: {'line': b'-- Installing: /home/rschnurr/SkyClaw-Team1/ros2_ws/install/px4_msgs/local/lib/python3.10/dist-packages/px4_msgs-2.0.1-py3.10.egg-info/dependency_links.txt\n'}
[3.513618] (px4_msgs) StdoutLine: {'line': b'-- Installing: /home/rschnurr/SkyClaw-Team1/ros2_ws/install/px4_msgs/local/lib/python3.10/dist-packages/px4_msgs-2.0.1-py3.10.egg-info/PKG-INFO\n'}
[3.513684] (px4_msgs) StdoutLine: {'line': b'-- Installing: /home/rschnurr/SkyClaw-Team1/ros2_ws/install/px4_msgs/local/lib/python3.10/dist-packages/px4_msgs-2.0.1-py3.10.egg-info/top_level.txt\n'}
[3.513836] (px4_msgs) StdoutLine: {'line': b'-- Up-to-date: /home/rschnurr/SkyClaw-Team1/ros2_ws/install/px4_msgs/local/lib/python3.10/dist-packages/px4_msgs\n'}
[3.514044] (px4_msgs) StdoutLine: {'line': b'-- Up-to-date: /home/rschnurr/SkyClaw-Team1/ros2_ws/install/px4_msgs/local/lib/python3.10/dist-packages/px4_msgs/_px4_msgs_s.ep.rosidl_typesupport_introspection_c.c\n'}
[3.514197] (px4_msgs) StdoutLine: {'line': b'-- Up-to-date: /home/rschnurr/SkyClaw-Team1/ros2_ws/install/px4_msgs/local/lib/python3.10/dist-packages/px4_msgs/_px4_msgs_s.ep.rosidl_typesupport_c.c\n'}
[3.514300] (px4_msgs) StdoutLine: {'line': b'-- Up-to-date: /home/rschnurr/SkyClaw-Team1/ros2_ws/install/px4_msgs/local/lib/python3.10/dist-packages/px4_msgs/srv\n'}
[3.514468] (px4_msgs) StdoutLine: {'line': b'-- Up-to-date: /home/rschnurr/SkyClaw-Team1/ros2_ws/install/px4_msgs/local/lib/python3.10/dist-packages/px4_msgs/srv/_vehicle_command_s.c\n'}
[3.514593] (px4_msgs) StdoutLine: {'line': b'-- Up-to-date: /home/rschnurr/SkyClaw-Team1/ros2_ws/install/px4_msgs/local/lib/python3.10/dist-packages/px4_msgs/srv/__init__.py\n'}
[3.514671] (px4_msgs) StdoutLine: {'line': b'-- Up-to-date: /home/rschnurr/SkyClaw-Team1/ros2_ws/install/px4_msgs/local/lib/python3.10/dist-packages/px4_msgs/srv/_vehicle_command.py\n'}
[3.514749] (px4_msgs) StdoutLine: {'line': b'-- Up-to-date: /home/rschnurr/SkyClaw-Team1/ros2_ws/install/px4_msgs/local/lib/python3.10/dist-packages/px4_msgs/msg\n'}
[3.514984] (px4_msgs) StdoutLine: {'line': b'-- Up-to-date: /home/rschnurr/SkyClaw-Team1/ros2_ws/install/px4_msgs/local/lib/python3.10/dist-packages/px4_msgs/msg/_vehicle_constraints.py\n'}
[3.515236] (px4_msgs) StdoutLine: {'line': b'-- Up-to-date: /home/rschnurr/SkyClaw-Team1/ros2_ws/install/px4_msgs/local/lib/python3.10/dist-packages/px4_msgs/msg/_ekf2_timestamps.py\n'}
[3.515381] (px4_msgs) StdoutLine: {'line': b'-- Up-to-date: /home/rschnurr/SkyClaw-Team1/ros2_ws/install/px4_msgs/local/lib/python3.10/dist-packages/px4_msgs/msg/_pure_pursuit_status.py\n'}
[3.515534] (px4_msgs) StdoutLine: {'line': b'-- Up-to-date: /home/rschnurr/SkyClaw-Team1/ros2_ws/install/px4_msgs/local/lib/python3.10/dist-packages/px4_msgs/msg/_rpm.py\n'}
[3.515676] (px4_msgs) StdoutLine: {'line': b'-- Up-to-date: /home/rschnurr/SkyClaw-Team1/ros2_ws/install/px4_msgs/local/lib/python3.10/dist-packages/px4_msgs/msg/_cellular_status.py\n'}
[3.515818] (px4_msgs) StdoutLine: {'line': b'-- Up-to-date: /home/rschnurr/SkyClaw-Team1/ros2_ws/install/px4_msgs/local/lib/python3.10/dist-packages/px4_msgs/msg/_fixed_wing_lateral_guidance_status.py\n'}
[3.515921] (px4_msgs) StdoutLine: {'line': b'-- Up-to-date: /home/rschnurr/SkyClaw-Team1/ros2_ws/install/px4_msgs/local/lib/python3.10/dist-packages/px4_msgs/msg/_internal_combustion_engine_status_s.c\n'}
[3.515997] (px4_msgs) StdoutLine: {'line': b'-- Up-to-date: /home/rschnurr/SkyClaw-Team1/ros2_ws/install/px4_msgs/local/lib/python3.10/dist-packages/px4_msgs/msg/_arming_check_request_s.c\n'}
[3.516125] (px4_msgs) StdoutLine: {'line': b'-- Up-to-date: /home/rschnurr/SkyClaw-Team1/ros2_ws/install/px4_msgs/local/lib/python3.10/dist-packages/px4_msgs/msg/_cpuload.py\n'}
[3.516220] (px4_msgs) StdoutLine: {'line': b'-- Up-to-date: /home/rschnurr/SkyClaw-Team1/ros2_ws/install/px4_msgs/local/lib/python3.10/dist-packages/px4_msgs/msg/_pps_capture.py\n'}
[3.516293] (px4_msgs) StdoutLine: {'line': b'-- Up-to-date: /home/rschnurr/SkyClaw-Team1/ros2_ws/install/px4_msgs/local/lib/python3.10/dist-packages/px4_msgs/msg/_gimbal_device_information.py\n'}
[3.516415] (px4_msgs) StdoutLine: {'line': b'-- Up-to-date: /home/rschnurr/SkyClaw-Team1/ros2_ws/install/px4_msgs/local/lib/python3.10/dist-packages/px4_msgs/msg/_rc_parameter_map_s.c\n'}
[3.516487] (px4_msgs) StdoutLine: {'line': b'-- Up-to-date: /home/rschnurr/SkyClaw-Team1/ros2_ws/install/px4_msgs/local/lib/python3.10/dist-packages/px4_msgs/msg/_sensor_correction_s.c\n'}
[3.516551] (px4_msgs) StdoutLine: {'line': b'-- Up-to-date: /home/rschnurr/SkyClaw-Team1/ros2_ws/install/px4_msgs/local/lib/python3.10/dist-packages/px4_msgs/msg/_normalized_unsigned_setpoint.py\n'}
[3.516615] (px4_msgs) StdoutLine: {'line': b'-- Up-to-date: /home/rschnurr/SkyClaw-Team1/ros2_ws/install/px4_msgs/local/lib/python3.10/dist-packages/px4_msgs/msg/_camera_status.py\n'}
[3.516684] (px4_msgs) StdoutLine: {'line': b'-- Up-to-date: /home/rschnurr/SkyClaw-Team1/ros2_ws/install/px4_msgs/local/lib/python3.10/dist-packages/px4_msgs/msg/_open_drone_id_operator_id.py\n'}
[3.516763] (px4_msgs) StdoutLine: {'line': b'-- Up-to-date: /home/rschnurr/SkyClaw-Team1/ros2_ws/install/px4_msgs/local/lib/python3.10/dist-packages/px4_msgs/msg/_parameter_set_value_response_s.c\n'}
[3.516825] (px4_msgs) StdoutLine: {'line': b'-- Up-to-date: /home/rschnurr/SkyClaw-Team1/ros2_ws/install/px4_msgs/local/lib/python3.10/dist-packages/px4_msgs/msg/_debug_key_value.py\n'}
[3.516888] (px4_msgs) StdoutLine: {'line': b'-- Up-to-date: /home/rschnurr/SkyClaw-Team1/ros2_ws/install/px4_msgs/local/lib/python3.10/dist-packages/px4_msgs/msg/_system_power.py\n'}
[3.517080] (px4_msgs) StdoutLine: {'line': b'-- Up-to-date: /home/rschnurr/SkyClaw-Team1/ros2_ws/install/px4_msgs/local/lib/python3.10/dist-packages/px4_msgs/msg/_can_interface_status_s.c\n'}
[3.517197] (px4_msgs) StdoutLine: {'line': b'-- Up-to-date: /home/rschnurr/SkyClaw-Team1/ros2_ws/install/px4_msgs/local/lib/python3.10/dist-packages/px4_msgs/msg/_landing_gear_s.c\n'}
[3.517314] (px4_msgs) StdoutLine: {'line': b'-- Up-to-date: /home/rschnurr/SkyClaw-Team1/ros2_ws/install/px4_msgs/local/lib/python3.10/dist-packages/px4_msgs/msg/_home_position.py\n'}
[3.517391] (px4_msgs) StdoutLine: {'line': b'-- Up-to-date: /home/rschnurr/SkyClaw-Team1/ros2_ws/install/px4_msgs/local/lib/python3.10/dist-packages/px4_msgs/msg/_vehicle_optical_flow_vel.py\n'}
[3.517483] (px4_msgs) StdoutLine: {'line': b'-- Up-to-date: /home/rschnurr/SkyClaw-Team1/ros2_ws/install/px4_msgs/local/lib/python3.10/dist-packages/px4_msgs/msg/_flight_phase_estimation_s.c\n'}
[3.517668] (px4_msgs) StdoutLine: {'line': b'-- Up-to-date: /home/rschnurr/SkyClaw-Team1/ros2_ws/install/px4_msgs/local/lib/python3.10/dist-packages/px4_msgs/msg/_input_rc_s.c\n'}
[3.517806] (px4_msgs) StdoutLine: {'line': b'-- Up-to-date: /home/rschnurr/SkyClaw-Team1/ros2_ws/install/px4_msgs/local/lib/python3.10/dist-packages/px4_msgs/msg/_vehicle_rates_setpoint.py\n'}
[3.517881] (px4_msgs) StdoutLine: {'line': b'-- Up-to-date: /home/rschnurr/SkyClaw-Team1/ros2_ws/install/px4_msgs/local/lib/python3.10/dist-packages/px4_msgs/msg/_vehicle_angular_velocity_s.c\n'}
[3.517937] (px4_msgs) StdoutLine: {'line': b'-- Up-to-date: /home/rschnurr/SkyClaw-Team1/ros2_ws/install/px4_msgs/local/lib/python3.10/dist-packages/px4_msgs/msg/_message_format_response_s.c\n'}
[3.518060] (px4_msgs) StdoutLine: {'line': b'-- Up-to-date: /home/rschnurr/SkyClaw-Team1/ros2_ws/install/px4_msgs/local/lib/python3.10/dist-packages/px4_msgs/msg/_mag_worker_data_s.c\n'}
[3.518161] (px4_msgs) StdoutLine: {'line': b'-- Up-to-date: /home/rschnurr/SkyClaw-Team1/ros2_ws/install/px4_msgs/local/lib/python3.10/dist-packages/px4_msgs/msg/_register_ext_component_reply_s.c\n'}
[3.518331] (px4_msgs) StdoutLine: {'line': b'-- Up-to-date: /home/rschnurr/SkyClaw-Team1/ros2_ws/install/px4_msgs/local/lib/python3.10/dist-packages/px4_msgs/msg/_gimbal_manager_set_attitude.py\n'}
[3.518541] (px4_msgs) StdoutLine: {'line': b'-- Up-to-date: /home/rschnurr/SkyClaw-Team1/ros2_ws/install/px4_msgs/local/lib/python3.10/dist-packages/px4_msgs/msg/_vehicle_land_detected_s.c\n'}
[3.518660] (px4_msgs) StdoutLine: {'line': b'-- Up-to-date: /home/rschnurr/SkyClaw-Team1/ros2_ws/install/px4_msgs/local/lib/python3.10/dist-packages/px4_msgs/msg/_estimator_aid_source1d.py\n'}
[3.518722] (px4_msgs) StdoutLine: {'line': b'-- Up-to-date: /home/rschnurr/SkyClaw-Team1/ros2_ws/install/px4_msgs/local/lib/python3.10/dist-packages/px4_msgs/msg/_flight_phase_estimation.py\n'}
[3.518777] (px4_msgs) StdoutLine: {'line': b'-- Up-to-date: /home/rschnurr/SkyClaw-Team1/ros2_ws/install/px4_msgs/local/lib/python3.10/dist-packages/px4_msgs/msg/_unregister_ext_component.py\n'}
[3.518831] (px4_msgs) StdoutLine: {'line': b'-- Up-to-date: /home/rschnurr/SkyClaw-Team1/ros2_ws/install/px4_msgs/local/lib/python3.10/dist-packages/px4_msgs/msg/_vehicle_angular_acceleration_setpoint_s.c\n'}
[3.518889] (px4_msgs) StdoutLine: {'line': b'-- Up-to-date: /home/rschnurr/SkyClaw-Team1/ros2_ws/install/px4_msgs/local/lib/python3.10/dist-packages/px4_msgs/msg/_vehicle_global_position_s.c\n'}
[3.519069] (px4_msgs) StdoutLine: {'line': b'-- Up-to-date: /home/rschnurr/SkyClaw-Team1/ros2_ws/install/px4_msgs/local/lib/python3.10/dist-packages/px4_msgs/msg/_mission.py\n'}
[3.519206] (px4_msgs) StdoutLine: {'line': b'-- Up-to-date: /home/rschnurr/SkyClaw-Team1/ros2_ws/install/px4_msgs/local/lib/python3.10/dist-packages/px4_msgs/msg/_power_monitor_s.c\n'}
[3.519284] (px4_msgs) StdoutLine: {'line': b'-- Up-to-date: /home/rschnurr/SkyClaw-Team1/ros2_ws/install/px4_msgs/local/lib/python3.10/dist-packages/px4_msgs/msg/_vehicle_rates_setpoint_s.c\n'}
[3.519351] (px4_msgs) StdoutLine: {'line': b'-- Up-to-date: /home/rschnurr/SkyClaw-Team1/ros2_ws/install/px4_msgs/local/lib/python3.10/dist-packages/px4_msgs/msg/_estimator_aid_source2d_s.c\n'}
[3.519428] (px4_msgs) StdoutLine: {'line': b'-- Up-to-date: /home/rschnurr/SkyClaw-Team1/ros2_ws/install/px4_msgs/local/lib/python3.10/dist-packages/px4_msgs/msg/_heater_status_s.c\n'}
[3.519488] (px4_msgs) StdoutLine: {'line': b'-- Up-to-date: /home/rschnurr/SkyClaw-Team1/ros2_ws/install/px4_msgs/local/lib/python3.10/dist-packages/px4_msgs/msg/_mission_s.c\n'}
[3.519545] (px4_msgs) StdoutLine: {'line': b'-- Up-to-date: /home/rschnurr/SkyClaw-Team1/ros2_ws/install/px4_msgs/local/lib/python3.10/dist-packages/px4_msgs/msg/_gps_inject_data.py\n'}
[3.519602] (px4_msgs) StdoutLine: {'line': b'-- Up-to-date: /home/rschnurr/SkyClaw-Team1/ros2_ws/install/px4_msgs/local/lib/python3.10/dist-packages/px4_msgs/msg/_gpio_config_s.c\n'}
[3.519673] (px4_msgs) StdoutLine: {'line': b'-- Up-to-date: /home/rschnurr/SkyClaw-Team1/ros2_ws/install/px4_msgs/local/lib/python3.10/dist-packages/px4_msgs/msg/_adc_report.py\n'}
[3.519729] (px4_msgs) StdoutLine: {'line': b'-- Up-to-date: /home/rschnurr/SkyClaw-Team1/ros2_ws/install/px4_msgs/local/lib/python3.10/dist-packages/px4_msgs/msg/_follow_target.py\n'}
[3.519787] (px4_msgs) StdoutLine: {'line': b'-- Up-to-date: /home/rschnurr/SkyClaw-Team1/ros2_ws/install/px4_msgs/local/lib/python3.10/dist-packages/px4_msgs/msg/_estimator_status_s.c\n'}
[3.519842] (px4_msgs) StdoutLine: {'line': b'-- Up-to-date: /home/rschnurr/SkyClaw-Team1/ros2_ws/install/px4_msgs/local/lib/python3.10/dist-packages/px4_msgs/msg/_sensor_optical_flow_s.c\n'}
[3.519897] (px4_msgs) StdoutLine: {'line': b'-- Up-to-date: /home/rschnurr/SkyClaw-Team1/ros2_ws/install/px4_msgs/local/lib/python3.10/dist-packages/px4_msgs/msg/_gpio_out.py\n'}
[3.519951] (px4_msgs) StdoutLine: {'line': b'-- Up-to-date: /home/rschnurr/SkyClaw-Team1/ros2_ws/install/px4_msgs/local/lib/python3.10/dist-packages/px4_msgs/msg/_input_rc.py\n'}
[3.520005] (px4_msgs) StdoutLine: {'line': b'-- Up-to-date: /home/rschnurr/SkyClaw-Team1/ros2_ws/install/px4_msgs/local/lib/python3.10/dist-packages/px4_msgs/msg/_autotune_attitude_control_status.py\n'}
[3.520064] (px4_msgs) StdoutLine: {'line': b'-- Up-to-date: /home/rschnurr/SkyClaw-Team1/ros2_ws/install/px4_msgs/local/lib/python3.10/dist-packages/px4_msgs/msg/_vehicle_optical_flow.py\n'}
[3.520118] (px4_msgs) StdoutLine: {'line': b'-- Up-to-date: /home/rschnurr/SkyClaw-Team1/ros2_ws/install/px4_msgs/local/lib/python3.10/dist-packages/px4_msgs/msg/_log_message.py\n'}
[3.520172] (px4_msgs) StdoutLine: {'line': b'-- Up-to-date: /home/rschnurr/SkyClaw-Team1/ros2_ws/install/px4_msgs/local/lib/python3.10/dist-packages/px4_msgs/msg/_vehicle_optical_flow_s.c\n'}
[3.520227] (px4_msgs) StdoutLine: {'line': b'-- Up-to-date: /home/rschnurr/SkyClaw-Team1/ros2_ws/install/px4_msgs/local/lib/python3.10/dist-packages/px4_msgs/msg/_navigator_status.py\n'}
[3.520281] (px4_msgs) StdoutLine: {'line': b'-- Up-to-date: /home/rschnurr/SkyClaw-Team1/ros2_ws/install/px4_msgs/local/lib/python3.10/dist-packages/px4_msgs/msg/_satellite_info_s.c\n'}
[3.520370] (px4_msgs) StdoutLine: {'line': b'-- Up-to-date: /home/rschnurr/SkyClaw-Team1/ros2_ws/install/px4_msgs/local/lib/python3.10/dist-packages/px4_msgs/msg/_gimbal_controls_s.c\n'}
[3.520441] (px4_msgs) StdoutLine: {'line': b'-- Up-to-date: /home/rschnurr/SkyClaw-Team1/ros2_ws/install/px4_msgs/local/lib/python3.10/dist-packages/px4_msgs/msg/_yaw_estimator_status_s.c\n'}
[3.520497] (px4_msgs) StdoutLine: {'line': b'-- Up-to-date: /home/rschnurr/SkyClaw-Team1/ros2_ws/install/px4_msgs/local/lib/python3.10/dist-packages/px4_msgs/msg/_rover_speed_setpoint_s.c\n'}
[3.520557] (px4_msgs) StdoutLine: {'line': b'-- Up-to-date: /home/rschnurr/SkyClaw-Team1/ros2_ws/install/px4_msgs/local/lib/python3.10/dist-packages/px4_msgs/msg/_mission_result.py\n'}
[3.520619] (px4_msgs) StdoutLine: {'line': b'-- Up-to-date: /home/rschnurr/SkyClaw-Team1/ros2_ws/install/px4_msgs/local/lib/python3.10/dist-packages/px4_msgs/msg/_gimbal_manager_set_manual_control.py\n'}
[3.520682] (px4_msgs) StdoutLine: {'line': b'-- Up-to-date: /home/rschnurr/SkyClaw-Team1/ros2_ws/install/px4_msgs/local/lib/python3.10/dist-packages/px4_msgs/msg/_parameter_reset_request_s.c\n'}
[3.520741] (px4_msgs) StdoutLine: {'line': b'-- Up-to-date: /home/rschnurr/SkyClaw-Team1/ros2_ws/install/px4_msgs/local/lib/python3.10/dist-packages/px4_msgs/msg/_cellular_status_s.c\n'}
[3.520797] (px4_msgs) StdoutLine: {'line': b'-- Up-to-date: /home/rschnurr/SkyClaw-Team1/ros2_ws/install/px4_msgs/local/lib/python3.10/dist-packages/px4_msgs/msg/_debug_array_s.c\n'}
[3.520854] (px4_msgs) StdoutLine: {'line': b'-- Up-to-date: /home/rschnurr/SkyClaw-Team1/ros2_ws/install/px4_msgs/local/lib/python3.10/dist-packages/px4_msgs/msg/_sensors_status_imu.py\n'}
[3.520946] (px4_msgs) StdoutLine: {'line': b'-- Up-to-date: /home/rschnurr/SkyClaw-Team1/ros2_ws/install/px4_msgs/local/lib/python3.10/dist-packages/px4_msgs/msg/_wind.py\n'}
[3.521088] (px4_msgs) StdoutLine: {'line': b'-- Up-to-date: /home/rschnurr/SkyClaw-Team1/ros2_ws/install/px4_msgs/local/lib/python3.10/dist-packages/px4_msgs/msg/_fixed_wing_lateral_status.py\n'}
[3.521165] (px4_msgs) StdoutLine: {'line': b'-- Up-to-date: /home/rschnurr/SkyClaw-Team1/ros2_ws/install/px4_msgs/local/lib/python3.10/dist-packages/px4_msgs/msg/_vehicle_air_data.py\n'}
[3.521233] (px4_msgs) StdoutLine: {'line': b'-- Up-to-date: /home/rschnurr/SkyClaw-Team1/ros2_ws/install/px4_msgs/local/lib/python3.10/dist-packages/px4_msgs/msg/_telemetry_status.py\n'}
[3.521295] (px4_msgs) StdoutLine: {'line': b'-- Up-to-date: /home/rschnurr/SkyClaw-Team1/ros2_ws/install/px4_msgs/local/lib/python3.10/dist-packages/px4_msgs/msg/_task_stack_info_s.c\n'}
[3.521349] (px4_msgs) StdoutLine: {'line': b'-- Up-to-date: /home/rschnurr/SkyClaw-Team1/ros2_ws/install/px4_msgs/local/lib/python3.10/dist-packages/px4_msgs/msg/_fuel_tank_status_s.c\n'}
[3.521395] (px4_msgs) StdoutLine: {'line': b'-- Up-to-date: /home/rschnurr/SkyClaw-Team1/ros2_ws/install/px4_msgs/local/lib/python3.10/dist-packages/px4_msgs/msg/_pps_capture_s.c\n'}
[3.521439] (px4_msgs) StdoutLine: {'line': b'-- Up-to-date: /home/rschnurr/SkyClaw-Team1/ros2_ws/install/px4_msgs/local/lib/python3.10/dist-packages/px4_msgs/msg/_battery_info_s.c\n'}
[3.521497] (px4_msgs) StdoutLine: {'line': b'-- Up-to-date: /home/rschnurr/SkyClaw-Team1/ros2_ws/install/px4_msgs/local/lib/python3.10/dist-packages/px4_msgs/msg/_follow_target_s.c\n'}
[3.521539] (px4_msgs) StdoutLine: {'line': b'-- Up-to-date: /home/rschnurr/SkyClaw-Team1/ros2_ws/install/px4_msgs/local/lib/python3.10/dist-packages/px4_msgs/msg/_power_monitor.py\n'}
[3.521581] (px4_msgs) StdoutLine: {'line': b'-- Up-to-date: /home/rschnurr/SkyClaw-Team1/ros2_ws/install/px4_msgs/local/lib/python3.10/dist-packages/px4_msgs/msg/_sensor_preflight_mag.py\n'}
[3.521624] (px4_msgs) StdoutLine: {'line': b'-- Up-to-date: /home/rschnurr/SkyClaw-Team1/ros2_ws/install/px4_msgs/local/lib/python3.10/dist-packages/px4_msgs/msg/_control_allocator_status.py\n'}
[3.521667] (px4_msgs) StdoutLine: {'line': b'-- Up-to-date: /home/rschnurr/SkyClaw-Team1/ros2_ws/install/px4_msgs/local/lib/python3.10/dist-packages/px4_msgs/msg/_rover_rate_status_s.c\n'}
[3.521713] (px4_msgs) StdoutLine: {'line': b'-- Up-to-date: /home/rschnurr/SkyClaw-Team1/ros2_ws/install/px4_msgs/local/lib/python3.10/dist-packages/px4_msgs/msg/_rover_throttle_setpoint_s.c\n'}
[3.521759] (px4_msgs) StdoutLine: {'line': b'-- Up-to-date: /home/rschnurr/SkyClaw-Team1/ros2_ws/install/px4_msgs/local/lib/python3.10/dist-packages/px4_msgs/msg/_estimator_aid_source3d_s.c\n'}
[3.521800] (px4_msgs) StdoutLine: {'line': b'-- Up-to-date: /home/rschnurr/SkyClaw-Team1/ros2_ws/install/px4_msgs/local/lib/python3.10/dist-packages/px4_msgs/msg/_telemetry_status_s.c\n'}
[3.521923] (px4_msgs) StdoutLine: {'line': b'-- Up-to-date: /home/rschnurr/SkyClaw-Team1/ros2_ws/install/px4_msgs/local/lib/python3.10/dist-packages/px4_msgs/msg/_follow_target_status.py\n'}
[3.522054] (px4_msgs) StdoutLine: {'line': b'-- Up-to-date: /home/rschnurr/SkyClaw-Team1/ros2_ws/install/px4_msgs/local/lib/python3.10/dist-packages/px4_msgs/msg/_airspeed_wind.py\n'}
[3.522179] (px4_msgs) StdoutLine: {'line': b'-- Up-to-date: /home/rschnurr/SkyClaw-Team1/ros2_ws/install/px4_msgs/local/lib/python3.10/dist-packages/px4_msgs/msg/_gimbal_device_set_attitude.py\n'}
[3.522257] (px4_msgs) StdoutLine: {'line': b'-- Up-to-date: /home/rschnurr/SkyClaw-Team1/ros2_ws/install/px4_msgs/local/lib/python3.10/dist-packages/px4_msgs/msg/_unregister_ext_component_s.c\n'}
[3.522388] (px4_msgs) StdoutLine: {'line': b'-- Up-to-date: /home/rschnurr/SkyClaw-Team1/ros2_ws/install/px4_msgs/local/lib/python3.10/dist-packages/px4_msgs/msg/_mavlink_log.py\n'}
[3.522517] (px4_msgs) StdoutLine: {'line': b'-- Up-to-date: /home/rschnurr/SkyClaw-Team1/ros2_ws/install/px4_msgs/local/lib/python3.10/dist-packages/px4_msgs/msg/_vehicle_thrust_setpoint.py\n'}
[3.522589] (px4_msgs) StdoutLine: {'line': b'-- Up-to-date: /home/rschnurr/SkyClaw-Team1/ros2_ws/install/px4_msgs/local/lib/python3.10/dist-packages/px4_msgs/msg/_vtol_vehicle_status.py\n'}
[3.522643] (px4_msgs) StdoutLine: {'line': b'-- Up-to-date: /home/rschnurr/SkyClaw-Team1/ros2_ws/install/px4_msgs/local/lib/python3.10/dist-packages/px4_msgs/msg/_failsafe_flags.py\n'}
[3.522691] (px4_msgs) StdoutLine: {'line': b'-- Up-to-date: /home/rschnurr/SkyClaw-Team1/ros2_ws/install/px4_msgs/local/lib/python3.10/dist-packages/px4_msgs/msg/_message_format_request.py\n'}
[3.522738] (px4_msgs) StdoutLine: {'line': b'-- Up-to-date: /home/rschnurr/SkyClaw-Team1/ros2_ws/install/px4_msgs/local/lib/python3.10/dist-packages/px4_msgs/msg/_uavcan_parameter_request_s.c\n'}
[3.522783] (px4_msgs) StdoutLine: {'line': b'-- Up-to-date: /home/rschnurr/SkyClaw-Team1/ros2_ws/install/px4_msgs/local/lib/python3.10/dist-packages/px4_msgs/msg/_launch_detection_status_s.c\n'}
[3.522827] (px4_msgs) StdoutLine: {'line': b'-- Up-to-date: /home/rschnurr/SkyClaw-Team1/ros2_ws/install/px4_msgs/local/lib/python3.10/dist-packages/px4_msgs/msg/_takeoff_status.py\n'}
[3.522871] (px4_msgs) StdoutLine: {'line': b'-- Up-to-date: /home/rschnurr/SkyClaw-Team1/ros2_ws/install/px4_msgs/local/lib/python3.10/dist-packages/px4_msgs/msg/_sensor_gnss_relative_s.c\n'}
[3.522981] (px4_msgs) StdoutLine: {'line': b'-- Up-to-date: /home/rschnurr/SkyClaw-Team1/ros2_ws/install/px4_msgs/local/lib/python3.10/dist-packages/px4_msgs/msg/_rover_position_setpoint_s.c\n'}
[3.523087] (px4_msgs) StdoutLine: {'line': b'-- Up-to-date: /home/rschnurr/SkyClaw-Team1/ros2_ws/install/px4_msgs/local/lib/python3.10/dist-packages/px4_msgs/msg/_transponder_report.py\n'}
[3.523144] (px4_msgs) StdoutLine: {'line': b'-- Up-to-date: /home/rschnurr/SkyClaw-Team1/ros2_ws/install/px4_msgs/local/lib/python3.10/dist-packages/px4_msgs/msg/_gimbal_manager_information.py\n'}
[3.523192] (px4_msgs) StdoutLine: {'line': b'-- Up-to-date: /home/rschnurr/SkyClaw-Team1/ros2_ws/install/px4_msgs/local/lib/python3.10/dist-packages/px4_msgs/msg/_offboard_control_mode.py\n'}
[3.523237] (px4_msgs) StdoutLine: {'line': b'-- Up-to-date: /home/rschnurr/SkyClaw-Team1/ros2_ws/install/px4_msgs/local/lib/python3.10/dist-packages/px4_msgs/msg/_sensor_mag_s.c\n'}
[3.523281] (px4_msgs) StdoutLine: {'line': b'-- Up-to-date: /home/rschnurr/SkyClaw-Team1/ros2_ws/install/px4_msgs/local/lib/python3.10/dist-packages/px4_msgs/msg/_camera_trigger.py\n'}
[3.523327] (px4_msgs) StdoutLine: {'line': b'-- Up-to-date: /home/rschnurr/SkyClaw-Team1/ros2_ws/install/px4_msgs/local/lib/python3.10/dist-packages/px4_msgs/msg/_power_button_state_s.c\n'}
[3.523378] (px4_msgs) StdoutLine: {'line': b'-- Up-to-date: /home/rschnurr/SkyClaw-Team1/ros2_ws/install/px4_msgs/local/lib/python3.10/dist-packages/px4_msgs/msg/_estimator_bias3d_s.c\n'}
[3.523453] (px4_msgs) StdoutLine: {'line': b'-- Up-to-date: /home/rschnurr/SkyClaw-Team1/ros2_ws/install/px4_msgs/local/lib/python3.10/dist-packages/px4_msgs/msg/_event_s.c\n'}
[3.523509] (px4_msgs) StdoutLine: {'line': b'-- Up-to-date: /home/rschnurr/SkyClaw-Team1/ros2_ws/install/px4_msgs/local/lib/python3.10/dist-packages/px4_msgs/msg/_task_stack_info.py\n'}
[3.523554] (px4_msgs) StdoutLine: {'line': b'-- Up-to-date: /home/rschnurr/SkyClaw-Team1/ros2_ws/install/px4_msgs/local/lib/python3.10/dist-packages/px4_msgs/msg/_qshell_retval_s.c\n'}
[3.523601] (px4_msgs) StdoutLine: {'line': b'-- Up-to-date: /home/rschnurr/SkyClaw-Team1/ros2_ws/install/px4_msgs/local/lib/python3.10/dist-packages/px4_msgs/msg/_vtol_vehicle_status_s.c\n'}
[3.523650] (px4_msgs) StdoutLine: {'line': b'-- Up-to-date: /home/rschnurr/SkyClaw-Team1/ros2_ws/install/px4_msgs/local/lib/python3.10/dist-packages/px4_msgs/msg/_actuator_motors_s.c\n'}
[3.523701] (px4_msgs) StdoutLine: {'line': b'-- Up-to-date: /home/rschnurr/SkyClaw-Team1/ros2_ws/install/px4_msgs/local/lib/python3.10/dist-packages/px4_msgs/msg/_estimator_innovations.py\n'}
[3.523761] (px4_msgs) StdoutLine: {'line': b'-- Up-to-date: /home/rschnurr/SkyClaw-Team1/ros2_ws/install/px4_msgs/local/lib/python3.10/dist-packages/px4_msgs/msg/_open_drone_id_system_s.c\n'}
[3.524271] (px4_msgs) StdoutLine: {'line': b'-- Up-to-date: /home/rschnurr/SkyClaw-Team1/ros2_ws/install/px4_msgs/local/lib/python3.10/dist-packages/px4_msgs/msg/_vehicle_roi_s.c\n'}
[3.524543] (px4_msgs) StdoutLine: {'line': b'-- Up-to-date: /home/rschnurr/SkyClaw-Team1/ros2_ws/install/px4_msgs/local/lib/python3.10/dist-packages/px4_msgs/msg/_estimator_event_flags_s.c\n'}
[3.524644] (px4_msgs) StdoutLine: {'line': b'-- Up-to-date: /home/rschnurr/SkyClaw-Team1/ros2_ws/install/px4_msgs/local/lib/python3.10/dist-packages/px4_msgs/msg/_parameter_set_used_request_s.c\n'}
[3.524716] (px4_msgs) StdoutLine: {'line': b'-- Up-to-date: /home/rschnurr/SkyClaw-Team1/ros2_ws/install/px4_msgs/local/lib/python3.10/dist-packages/px4_msgs/msg/_orb_test_s.c\n'}
[3.524782] (px4_msgs) StdoutLine: {'line': b'-- Up-to-date: /home/rschnurr/SkyClaw-Team1/ros2_ws/install/px4_msgs/local/lib/python3.10/dist-packages/px4_msgs/msg/_vehicle_imu_s.c\n'}
[3.524833] (px4_msgs) StdoutLine: {'line': b'-- Up-to-date: /home/rschnurr/SkyClaw-Team1/ros2_ws/install/px4_msgs/local/lib/python3.10/dist-packages/px4_msgs/msg/_vehicle_local_position_setpoint.py\n'}
[3.524881] (px4_msgs) StdoutLine: {'line': b'-- Up-to-date: /home/rschnurr/SkyClaw-Team1/ros2_ws/install/px4_msgs/local/lib/python3.10/dist-packages/px4_msgs/msg/_ulog_stream.py\n'}
[3.524937] (px4_msgs) StdoutLine: {'line': b'-- Up-to-date: /home/rschnurr/SkyClaw-Team1/ros2_ws/install/px4_msgs/local/lib/python3.10/dist-packages/px4_msgs/msg/_debug_value.py\n'}
[3.524987] (px4_msgs) StdoutLine: {'line': b'-- Up-to-date: /home/rschnurr/SkyClaw-Team1/ros2_ws/install/px4_msgs/local/lib/python3.10/dist-packages/px4_msgs/msg/_landing_gear_wheel.py\n'}
[3.525035] (px4_msgs) StdoutLine: {'line': b'-- Up-to-date: /home/rschnurr/SkyClaw-Team1/ros2_ws/install/px4_msgs/local/lib/python3.10/dist-packages/px4_msgs/msg/_parameter_set_value_response.py\n'}
[3.525085] (px4_msgs) StdoutLine: {'line': b'-- Up-to-date: /home/rschnurr/SkyClaw-Team1/ros2_ws/install/px4_msgs/local/lib/python3.10/dist-packages/px4_msgs/msg/_sensor_accel_fifo_s.c\n'}
[3.525219] (px4_msgs) StdoutLine: {'line': b'-- Up-to-date: /home/rschnurr/SkyClaw-Team1/ros2_ws/install/px4_msgs/local/lib/python3.10/dist-packages/px4_msgs/msg/_ulog_stream_s.c\n'}
[3.525305] (px4_msgs) StdoutLine: {'line': b'-- Up-to-date: /home/rschnurr/SkyClaw-Team1/ros2_ws/install/px4_msgs/local/lib/python3.10/dist-packages/px4_msgs/msg/_actuator_servos_trim.py\n'}
[3.525372] (px4_msgs) StdoutLine: {'line': b'-- Up-to-date: /home/rschnurr/SkyClaw-Team1/ros2_ws/install/px4_msgs/local/lib/python3.10/dist-packages/px4_msgs/msg/_position_controller_landing_status_s.c\n'}
[3.525434] (px4_msgs) StdoutLine: {'line': b'-- Up-to-date: /home/rschnurr/SkyClaw-Team1/ros2_ws/install/px4_msgs/local/lib/python3.10/dist-packages/px4_msgs/msg/_tiltrotor_extra_controls_s.c\n'}
[3.525493] (px4_msgs) StdoutLine: {'line': b'-- Up-to-date: /home/rschnurr/SkyClaw-Team1/ros2_ws/install/px4_msgs/local/lib/python3.10/dist-packages/px4_msgs/msg/_fixed_wing_longitudinal_setpoint_s.c\n'}
[3.525556] (px4_msgs) StdoutLine: {'line': b'-- Up-to-date: /home/rschnurr/SkyClaw-Team1/ros2_ws/install/px4_msgs/local/lib/python3.10/dist-packages/px4_msgs/msg/_velocity_limits_s.c\n'}
[3.525639] (px4_msgs) StdoutLine: {'line': b'-- Up-to-date: /home/rschnurr/SkyClaw-Team1/ros2_ws/install/px4_msgs/local/lib/python3.10/dist-packages/px4_msgs/msg/_failsafe_flags_s.c\n'}
[3.525696] (px4_msgs) StdoutLine: {'line': b'-- Up-to-date: /home/rschnurr/SkyClaw-Team1/ros2_ws/install/px4_msgs/local/lib/python3.10/dist-packages/px4_msgs/msg/_dronecan_node_status_s.c\n'}
[3.525754] (px4_msgs) StdoutLine: {'line': b'-- Up-to-date: /home/rschnurr/SkyClaw-Team1/ros2_ws/install/px4_msgs/local/lib/python3.10/dist-packages/px4_msgs/msg/_vehicle_acceleration_s.c\n'}
[3.525810] (px4_msgs) StdoutLine: {'line': b'-- Up-to-date: /home/rschnurr/SkyClaw-Team1/ros2_ws/install/px4_msgs/local/lib/python3.10/dist-packages/px4_msgs/msg/_satellite_info.py\n'}
[3.525865] (px4_msgs) StdoutLine: {'line': b'-- Up-to-date: /home/rschnurr/SkyClaw-Team1/ros2_ws/install/px4_msgs/local/lib/python3.10/dist-packages/px4_msgs/msg/_arming_check_reply.py\n'}
[3.526078] (px4_msgs) StdoutLine: {'line': b'-- Up-to-date: /home/rschnurr/SkyClaw-Team1/ros2_ws/install/px4_msgs/local/lib/python3.10/dist-packages/px4_msgs/msg/_rover_speed_status.py\n'}
[3.526178] (px4_msgs) StdoutLine: {'line': b'-- Up-to-date: /home/rschnurr/SkyClaw-Team1/ros2_ws/install/px4_msgs/local/lib/python3.10/dist-packages/px4_msgs/msg/_rover_speed_status_s.c\n'}
[3.526304] (px4_msgs) StdoutLine: {'line': b'-- Up-to-date: /home/rschnurr/SkyClaw-Team1/ros2_ws/install/px4_msgs/local/lib/python3.10/dist-packages/px4_msgs/msg/_sensor_gyro_fifo.py\n'}
[3.526417] (px4_msgs) StdoutLine: {'line': b'-- Up-to-date: /home/rschnurr/SkyClaw-Team1/ros2_ws/install/px4_msgs/local/lib/python3.10/dist-packages/px4_msgs/msg/_velocity_limits.py\n'}
[3.526497] (px4_msgs) StdoutLine: {'line': b'-- Up-to-date: /home/rschnurr/SkyClaw-Team1/ros2_ws/install/px4_msgs/local/lib/python3.10/dist-packages/px4_msgs/msg/_fuel_tank_status.py\n'}
[3.526563] (px4_msgs) StdoutLine: {'line': b'-- Up-to-date: /home/rschnurr/SkyClaw-Team1/ros2_ws/install/px4_msgs/local/lib/python3.10/dist-packages/px4_msgs/msg/_figure_eight_status_s.c\n'}
[3.526631] (px4_msgs) StdoutLine: {'line': b'-- Up-to-date: /home/rschnurr/SkyClaw-Team1/ros2_ws/install/px4_msgs/local/lib/python3.10/dist-packages/px4_msgs/msg/_vehicle_local_position_s.c\n'}
[3.526727] (px4_msgs) StdoutLine: {'line': b'-- Up-to-date: /home/rschnurr/SkyClaw-Team1/ros2_ws/install/px4_msgs/local/lib/python3.10/dist-packages/px4_msgs/msg/_distance_sensor_mode_change_request_s.c\n'}
[3.527189] (px4_msgs) StdoutLine: {'line': b'-- Up-to-date: /home/rschnurr/SkyClaw-Team1/ros2_ws/install/px4_msgs/local/lib/python3.10/dist-packages/px4_msgs/msg/_fixed_wing_longitudinal_setpoint.py\n'}
[3.527316] (px4_msgs) StdoutLine: {'line': b'-- Up-to-date: /home/rschnurr/SkyClaw-Team1/ros2_ws/install/px4_msgs/local/lib/python3.10/dist-packages/px4_msgs/msg/_camera_capture_s.c\n'}
[3.527405] (px4_msgs) StdoutLine: {'line': b'-- Up-to-date: /home/rschnurr/SkyClaw-Team1/ros2_ws/install/px4_msgs/local/lib/python3.10/dist-packages/px4_msgs/msg/_vehicle_attitude.py\n'}
[3.527483] (px4_msgs) StdoutLine: {'line': b'-- Up-to-date: /home/rschnurr/SkyClaw-Team1/ros2_ws/install/px4_msgs/local/lib/python3.10/dist-packages/px4_msgs/msg/_px4io_status_s.c\n'}
[3.527555] (px4_msgs) StdoutLine: {'line': b'-- Up-to-date: /home/rschnurr/SkyClaw-Team1/ros2_ws/install/px4_msgs/local/lib/python3.10/dist-packages/px4_msgs/msg/_position_controller_landing_status.py\n'}
[3.527623] (px4_msgs) StdoutLine: {'line': b'-- Up-to-date: /home/rschnurr/SkyClaw-Team1/ros2_ws/install/px4_msgs/local/lib/python3.10/dist-packages/px4_msgs/msg/_position_setpoint_triplet_s.c\n'}
[3.527691] (px4_msgs) StdoutLine: {'line': b'-- Up-to-date: /home/rschnurr/SkyClaw-Team1/ros2_ws/install/px4_msgs/local/lib/python3.10/dist-packages/px4_msgs/msg/_vehicle_odometry.py\n'}
[3.527756] (px4_msgs) StdoutLine: {'line': b'-- Up-to-date: /home/rschnurr/SkyClaw-Team1/ros2_ws/install/px4_msgs/local/lib/python3.10/dist-packages/px4_msgs/msg/_vehicle_local_position.py\n'}
[3.527827] (px4_msgs) StdoutLine: {'line': b'-- Up-to-date: /home/rschnurr/SkyClaw-Team1/ros2_ws/install/px4_msgs/local/lib/python3.10/dist-packages/px4_msgs/msg/_trajectory_setpoint_s.c\n'}
[3.527907] (px4_msgs) StdoutLine: {'line': b'-- Up-to-date: /home/rschnurr/SkyClaw-Team1/ros2_ws/install/px4_msgs/local/lib/python3.10/dist-packages/px4_msgs/msg/_failure_detector_status_s.c\n'}
[3.527973] (px4_msgs) StdoutLine: {'line': b'-- Up-to-date: /home/rschnurr/SkyClaw-Team1/ros2_ws/install/px4_msgs/local/lib/python3.10/dist-packages/px4_msgs/msg/_sensor_selection.py\n'}
[3.528285] (px4_msgs) StdoutLine: {'line': b'-- Up-to-date: /home/rschnurr/SkyClaw-Team1/ros2_ws/install/px4_msgs/local/lib/python3.10/dist-packages/px4_msgs/msg/_pure_pursuit_status_s.c\n'}
[3.528654] (px4_msgs) StdoutLine: {'line': b'-- Up-to-date: /home/rschnurr/SkyClaw-Team1/ros2_ws/install/px4_msgs/local/lib/python3.10/dist-packages/px4_msgs/msg/_estimator_bias_s.c\n'}
[3.528734] (px4_msgs) StdoutLine: {'line': b'-- Up-to-date: /home/rschnurr/SkyClaw-Team1/ros2_ws/install/px4_msgs/local/lib/python3.10/dist-packages/px4_msgs/msg/_vehicle_attitude_setpoint.py\n'}
[3.528795] (px4_msgs) StdoutLine: {'line': b'-- Up-to-date: /home/rschnurr/SkyClaw-Team1/ros2_ws/install/px4_msgs/local/lib/python3.10/dist-packages/px4_msgs/msg/_collision_constraints_s.c\n'}
[3.528845] (px4_msgs) StdoutLine: {'line': b'-- Up-to-date: /home/rschnurr/SkyClaw-Team1/ros2_ws/install/px4_msgs/local/lib/python3.10/dist-packages/px4_msgs/msg/_mission_result_s.c\n'}
[3.528905] (px4_msgs) StdoutLine: {'line': b'-- Up-to-date: /home/rschnurr/SkyClaw-Team1/ros2_ws/install/px4_msgs/local/lib/python3.10/dist-packages/px4_msgs/msg/_debug_vect.py\n'}
[3.528965] (px4_msgs) StdoutLine: {'line': b'-- Up-to-date: /home/rschnurr/SkyClaw-Team1/ros2_ws/install/px4_msgs/local/lib/python3.10/dist-packages/px4_msgs/msg/_rover_rate_setpoint_s.c\n'}
[3.529022] (px4_msgs) StdoutLine: {'line': b'-- Up-to-date: /home/rschnurr/SkyClaw-Team1/ros2_ws/install/px4_msgs/local/lib/python3.10/dist-packages/px4_msgs/msg/_hover_thrust_estimate.py\n'}
[3.529067] (px4_msgs) StdoutLine: {'line': b'-- Up-to-date: /home/rschnurr/SkyClaw-Team1/ros2_ws/install/px4_msgs/local/lib/python3.10/dist-packages/px4_msgs/msg/_qshell_retval.py\n'}
[3.529127] (px4_msgs) StdoutLine: {'line': b'-- Up-to-date: /home/rschnurr/SkyClaw-Team1/ros2_ws/install/px4_msgs/local/lib/python3.10/dist-packages/px4_msgs/msg/_estimator_bias3d.py\n'}
[3.529225] (px4_msgs) StdoutLine: {'line': b'-- Up-to-date: /home/rschnurr/SkyClaw-Team1/ros2_ws/install/px4_msgs/local/lib/python3.10/dist-packages/px4_msgs/msg/_gps_inject_data_s.c\n'}
[3.529280] (px4_msgs) StdoutLine: {'line': b'-- Up-to-date: /home/rschnurr/SkyClaw-Team1/ros2_ws/install/px4_msgs/local/lib/python3.10/dist-packages/px4_msgs/msg/_sensor_accel_s.c\n'}
[3.529371] (px4_msgs) StdoutLine: {'line': b'-- Up-to-date: /home/rschnurr/SkyClaw-Team1/ros2_ws/install/px4_msgs/local/lib/python3.10/dist-packages/px4_msgs/msg/_internal_combustion_engine_control_s.c\n'}
[3.529552] (px4_msgs) StdoutLine: {'line': b'-- Up-to-date: /home/rschnurr/SkyClaw-Team1/ros2_ws/install/px4_msgs/local/lib/python3.10/dist-packages/px4_msgs/msg/_vehicle_attitude_s.c\n'}
[3.529695] (px4_msgs) StdoutLine: {'line': b'-- Up-to-date: /home/rschnurr/SkyClaw-Team1/ros2_ws/install/px4_msgs/local/lib/python3.10/dist-packages/px4_msgs/msg/_estimator_aid_source2d.py\n'}
[3.529781] (px4_msgs) StdoutLine: {'line': b'-- Up-to-date: /home/rschnurr/SkyClaw-Team1/ros2_ws/install/px4_msgs/local/lib/python3.10/dist-packages/px4_msgs/msg/_logger_status_s.c\n'}
[3.529921] (px4_msgs) StdoutLine: {'line': b'-- Up-to-date: /home/rschnurr/SkyClaw-Team1/ros2_ws/install/px4_msgs/local/lib/python3.10/dist-packages/px4_msgs/msg/_hover_thrust_estimate_s.c\n'}
[3.530320] (px4_msgs) StdoutLine: {'line': b'-- Up-to-date: /home/rschnurr/SkyClaw-Team1/ros2_ws/install/px4_msgs/local/lib/python3.10/dist-packages/px4_msgs/msg/_gimbal_manager_status.py\n'}
[3.530489] (px4_msgs) StdoutLine: {'line': b'-- Up-to-date: /home/rschnurr/SkyClaw-Team1/ros2_ws/install/px4_msgs/local/lib/python3.10/dist-packages/px4_msgs/msg/_system_power_s.c\n'}
[3.530591] (px4_msgs) StdoutLine: {'line': b'-- Up-to-date: /home/rschnurr/SkyClaw-Team1/ros2_ws/install/px4_msgs/local/lib/python3.10/dist-packages/px4_msgs/msg/_event.py\n'}
[3.530666] (px4_msgs) StdoutLine: {'line': b'-- Up-to-date: /home/rschnurr/SkyClaw-Team1/ros2_ws/install/px4_msgs/local/lib/python3.10/dist-packages/px4_msgs/msg/_lateral_control_configuration_s.c\n'}
[3.530734] (px4_msgs) StdoutLine: {'line': b'-- Up-to-date: /home/rschnurr/SkyClaw-Team1/ros2_ws/install/px4_msgs/local/lib/python3.10/dist-packages/px4_msgs/msg/_generator_status.py\n'}
[3.530798] (px4_msgs) StdoutLine: {'line': b'-- Up-to-date: /home/rschnurr/SkyClaw-Team1/ros2_ws/install/px4_msgs/local/lib/python3.10/dist-packages/px4_msgs/msg/_takeoff_status_s.c\n'}
[3.530860] (px4_msgs) StdoutLine: {'line': b'-- Up-to-date: /home/rschnurr/SkyClaw-Team1/ros2_ws/install/px4_msgs/local/lib/python3.10/dist-packages/px4_msgs/msg/_rpm_s.c\n'}
[3.530921] (px4_msgs) StdoutLine: {'line': b'-- Up-to-date: /home/rschnurr/SkyClaw-Team1/ros2_ws/install/px4_msgs/local/lib/python3.10/dist-packages/px4_msgs/msg/_estimator_states_s.c\n'}
[3.530985] (px4_msgs) StdoutLine: {'line': b'-- Up-to-date: /home/rschnurr/SkyClaw-Team1/ros2_ws/install/px4_msgs/local/lib/python3.10/dist-packages/px4_msgs/msg/_landing_target_innovations_s.c\n'}
[3.531048] (px4_msgs) StdoutLine: {'line': b'-- Up-to-date: /home/rschnurr/SkyClaw-Team1/ros2_ws/install/px4_msgs/local/lib/python3.10/dist-packages/px4_msgs/msg/_esc_report_s.c\n'}
[3.531109] (px4_msgs) StdoutLine: {'line': b'-- Up-to-date: /home/rschnurr/SkyClaw-Team1/ros2_ws/install/px4_msgs/local/lib/python3.10/dist-packages/px4_msgs/msg/_rover_steering_setpoint_s.c\n'}
[3.531169] (px4_msgs) StdoutLine: {'line': b'-- Up-to-date: /home/rschnurr/SkyClaw-Team1/ros2_ws/install/px4_msgs/local/lib/python3.10/dist-packages/px4_msgs/msg/_mavlink_tunnel.py\n'}
[3.531242] (px4_msgs) StdoutLine: {'line': b'-- Up-to-date: /home/rschnurr/SkyClaw-Team1/ros2_ws/install/px4_msgs/local/lib/python3.10/dist-packages/px4_msgs/msg/_airspeed_validated.py\n'}
[3.531309] (px4_msgs) StdoutLine: {'line': b'-- Up-to-date: /home/rschnurr/SkyClaw-Team1/ros2_ws/install/px4_msgs/local/lib/python3.10/dist-packages/px4_msgs/msg/_led_control_s.c\n'}
[3.531372] (px4_msgs) StdoutLine: {'line': b'-- Up-to-date: /home/rschnurr/SkyClaw-Team1/ros2_ws/install/px4_msgs/local/lib/python3.10/dist-packages/px4_msgs/msg/_trajectory_setpoint6dof_s.c\n'}
[3.531435] (px4_msgs) StdoutLine: {'line': b'-- Up-to-date: /home/rschnurr/SkyClaw-Team1/ros2_ws/install/px4_msgs/local/lib/python3.10/dist-packages/px4_msgs/msg/_gimbal_device_set_attitude_s.c\n'}
[3.531495] (px4_msgs) StdoutLine: {'line': b'-- Up-to-date: /home/rschnurr/SkyClaw-Team1/ros2_ws/install/px4_msgs/local/lib/python3.10/dist-packages/px4_msgs/msg/_open_drone_id_arm_status_s.c\n'}
[3.531558] (px4_msgs) StdoutLine: {'line': b'-- Up-to-date: /home/rschnurr/SkyClaw-Team1/ros2_ws/install/px4_msgs/local/lib/python3.10/dist-packages/px4_msgs/msg/_mount_orientation.py\n'}
[3.531619] (px4_msgs) StdoutLine: {'line': b'-- Up-to-date: /home/rschnurr/SkyClaw-Team1/ros2_ws/install/px4_msgs/local/lib/python3.10/dist-packages/px4_msgs/msg/_generator_status_s.c\n'}
[3.531752] (px4_msgs) StdoutLine: {'line': b'-- Up-to-date: /home/rschnurr/SkyClaw-Team1/ros2_ws/install/px4_msgs/local/lib/python3.10/dist-packages/px4_msgs/msg/_sensor_uwb.py\n'}
[3.531829] (px4_msgs) StdoutLine: {'line': b'-- Up-to-date: /home/rschnurr/SkyClaw-Team1/ros2_ws/install/px4_msgs/local/lib/python3.10/dist-packages/px4_msgs/msg/_sensor_gnss_status_s.c\n'}
[3.531902] (px4_msgs) StdoutLine: {'line': b'-- Up-to-date: /home/rschnurr/SkyClaw-Team1/ros2_ws/install/px4_msgs/local/lib/python3.10/dist-packages/px4_msgs/msg/_power_button_state.py\n'}
[3.531957] (px4_msgs) StdoutLine: {'line': b'-- Up-to-date: /home/rschnurr/SkyClaw-Team1/ros2_ws/install/px4_msgs/local/lib/python3.10/dist-packages/px4_msgs/msg/_vehicle_optical_flow_vel_s.c\n'}
[3.532104] (px4_msgs) StdoutLine: {'line': b'-- Up-to-date: /home/rschnurr/SkyClaw-Team1/ros2_ws/install/px4_msgs/local/lib/python3.10/dist-packages/px4_msgs/msg/_gpio_in.py\n'}
[3.532191] (px4_msgs) StdoutLine: {'line': b'-- Up-to-date: /home/rschnurr/SkyClaw-Team1/ros2_ws/install/px4_msgs/local/lib/python3.10/dist-packages/px4_msgs/msg/_landing_gear.py\n'}
[3.532243] (px4_msgs) StdoutLine: {'line': b'-- Up-to-date: /home/rschnurr/SkyClaw-Team1/ros2_ws/install/px4_msgs/local/lib/python3.10/dist-packages/px4_msgs/msg/_gpio_in_s.c\n'}
[3.532290] (px4_msgs) StdoutLine: {'line': b'-- Up-to-date: /home/rschnurr/SkyClaw-Team1/ros2_ws/install/px4_msgs/local/lib/python3.10/dist-packages/px4_msgs/msg/_actuator_test_s.c\n'}
[3.532442] (px4_msgs) StdoutLine: {'line': b'-- Up-to-date: /home/rschnurr/SkyClaw-Team1/ros2_ws/install/px4_msgs/local/lib/python3.10/dist-packages/px4_msgs/msg/_failure_detector_status.py\n'}
[3.532587] (px4_msgs) StdoutLine: {'line': b'-- Up-to-date: /home/rschnurr/SkyClaw-Team1/ros2_ws/install/px4_msgs/local/lib/python3.10/dist-packages/px4_msgs/msg/_internal_combustion_engine_control.py\n'}
[3.532654] (px4_msgs) StdoutLine: {'line': b'-- Up-to-date: /home/rschnurr/SkyClaw-Team1/ros2_ws/install/px4_msgs/local/lib/python3.10/dist-packages/px4_msgs/msg/_gpio_out_s.c\n'}
[3.532705] (px4_msgs) StdoutLine: {'line': b'-- Up-to-date: /home/rschnurr/SkyClaw-Team1/ros2_ws/install/px4_msgs/local/lib/python3.10/dist-packages/px4_msgs/msg/_internal_combustion_engine_status.py\n'}
[3.532753] (px4_msgs) StdoutLine: {'line': b'-- Up-to-date: /home/rschnurr/SkyClaw-Team1/ros2_ws/install/px4_msgs/local/lib/python3.10/dist-packages/px4_msgs/msg/_follow_target_status_s.c\n'}
[3.532798] (px4_msgs) StdoutLine: {'line': b'-- Up-to-date: /home/rschnurr/SkyClaw-Team1/ros2_ws/install/px4_msgs/local/lib/python3.10/dist-packages/px4_msgs/msg/_control_allocator_status_s.c\n'}
[3.532842] (px4_msgs) StdoutLine: {'line': b'-- Up-to-date: /home/rschnurr/SkyClaw-Team1/ros2_ws/install/px4_msgs/local/lib/python3.10/dist-packages/px4_msgs/msg/_vehicle_status_s.c\n'}
[3.532886] (px4_msgs) StdoutLine: {'line': b'-- Up-to-date: /home/rschnurr/SkyClaw-Team1/ros2_ws/install/px4_msgs/local/lib/python3.10/dist-packages/px4_msgs/msg/_battery_status.py\n'}
[3.532931] (px4_msgs) StdoutLine: {'line': b'-- Up-to-date: /home/rschnurr/SkyClaw-Team1/ros2_ws/install/px4_msgs/local/lib/python3.10/dist-packages/px4_msgs/msg/_pwm_input.py\n'}
[3.532981] (px4_msgs) StdoutLine: {'line': b'-- Up-to-date: /home/rschnurr/SkyClaw-Team1/ros2_ws/install/px4_msgs/local/lib/python3.10/dist-packages/px4_msgs/msg/_rtl_time_estimate_s.c\n'}
[3.533026] (px4_msgs) StdoutLine: {'line': b'-- Up-to-date: /home/rschnurr/SkyClaw-Team1/ros2_ws/install/px4_msgs/local/lib/python3.10/dist-packages/px4_msgs/msg/_rtl_time_estimate.py\n'}
[3.533072] (px4_msgs) StdoutLine: {'line': b'-- Up-to-date: /home/rschnurr/SkyClaw-Team1/ros2_ws/install/px4_msgs/local/lib/python3.10/dist-packages/px4_msgs/msg/_sensor_uwb_s.c\n'}
[3.533181] (px4_msgs) StdoutLine: {'line': b'-- Up-to-date: /home/rschnurr/SkyClaw-Team1/ros2_ws/install/px4_msgs/local/lib/python3.10/dist-packages/px4_msgs/msg/_sensors_status_s.c\n'}
[3.533270] (px4_msgs) StdoutLine: {'line': b'-- Up-to-date: /home/rschnurr/SkyClaw-Team1/ros2_ws/install/px4_msgs/local/lib/python3.10/dist-packages/px4_msgs/msg/_estimator_gps_status_s.c\n'}
[3.533325] (px4_msgs) StdoutLine: {'line': b'-- Up-to-date: /home/rschnurr/SkyClaw-Team1/ros2_ws/install/px4_msgs/local/lib/python3.10/dist-packages/px4_msgs/msg/_fixed_wing_runway_control_s.c\n'}
[3.533372] (px4_msgs) StdoutLine: {'line': b'-- Up-to-date: /home/rschnurr/SkyClaw-Team1/ros2_ws/install/px4_msgs/local/lib/python3.10/dist-packages/px4_msgs/msg/_fixed_wing_lateral_status_s.c\n'}
[3.533417] (px4_msgs) StdoutLine: {'line': b'-- Up-to-date: /home/rschnurr/SkyClaw-Team1/ros2_ws/install/px4_msgs/local/lib/python3.10/dist-packages/px4_msgs/msg/_position_setpoint_s.c\n'}
[3.533467] (px4_msgs) StdoutLine: {'line': b'-- Up-to-date: /home/rschnurr/SkyClaw-Team1/ros2_ws/install/px4_msgs/local/lib/python3.10/dist-packages/px4_msgs/msg/_mode_completed.py\n'}
[3.533511] (px4_msgs) StdoutLine: {'line': b'-- Up-to-date: /home/rschnurr/SkyClaw-Team1/ros2_ws/install/px4_msgs/local/lib/python3.10/dist-packages/px4_msgs/msg/_estimator_selector_status_s.c\n'}
[3.533566] (px4_msgs) StdoutLine: {'line': b'-- Up-to-date: /home/rschnurr/SkyClaw-Team1/ros2_ws/install/px4_msgs/local/lib/python3.10/dist-packages/px4_msgs/msg/_airspeed.py\n'}
[3.533609] (px4_msgs) StdoutLine: {'line': b'-- Up-to-date: /home/rschnurr/SkyClaw-Team1/ros2_ws/install/px4_msgs/local/lib/python3.10/dist-packages/px4_msgs/msg/_dataman_request_s.c\n'}
[3.533652] (px4_msgs) StdoutLine: {'line': b'-- Up-to-date: /home/rschnurr/SkyClaw-Team1/ros2_ws/install/px4_msgs/local/lib/python3.10/dist-packages/px4_msgs/msg/_sensor_mag.py\n'}
[3.533698] (px4_msgs) StdoutLine: {'line': b'-- Up-to-date: /home/rschnurr/SkyClaw-Team1/ros2_ws/install/px4_msgs/local/lib/python3.10/dist-packages/px4_msgs/msg/_airspeed_wind_s.c\n'}
[3.533739] (px4_msgs) StdoutLine: {'line': b'-- Up-to-date: /home/rschnurr/SkyClaw-Team1/ros2_ws/install/px4_msgs/local/lib/python3.10/dist-packages/px4_msgs/msg/_navigator_mission_item_s.c\n'}
[3.533781] (px4_msgs) StdoutLine: {'line': b'-- Up-to-date: /home/rschnurr/SkyClaw-Team1/ros2_ws/install/px4_msgs/local/lib/python3.10/dist-packages/px4_msgs/msg/_irlock_report.py\n'}
[3.533831] (px4_msgs) StdoutLine: {'line': b'-- Up-to-date: /home/rschnurr/SkyClaw-Team1/ros2_ws/install/px4_msgs/local/lib/python3.10/dist-packages/px4_msgs/msg/_home_position_s.c\n'}
[3.533882] (px4_msgs) StdoutLine: {'line': b'-- Up-to-date: /home/rschnurr/SkyClaw-Team1/ros2_ws/install/px4_msgs/local/lib/python3.10/dist-packages/px4_msgs/msg/_vehicle_attitude_setpoint_s.c\n'}
[3.534187] (px4_msgs) StdoutLine: {'line': b'-- Up-to-date: /home/rschnurr/SkyClaw-Team1/ros2_ws/install/px4_msgs/local/lib/python3.10/dist-packages/px4_msgs/msg/_sensor_baro.py\n'}
[3.534389] (px4_msgs) StdoutLine: {'line': b'-- Up-to-date: /home/rschnurr/SkyClaw-Team1/ros2_ws/install/px4_msgs/local/lib/python3.10/dist-packages/px4_msgs/msg/_geofence_result.py\n'}
[3.534473] (px4_msgs) StdoutLine: {'line': b'-- Up-to-date: /home/rschnurr/SkyClaw-Team1/ros2_ws/install/px4_msgs/local/lib/python3.10/dist-packages/px4_msgs/msg/_sensor_gps.py\n'}
[3.534532] (px4_msgs) StdoutLine: {'line': b'-- Up-to-date: /home/rschnurr/SkyClaw-Team1/ros2_ws/install/px4_msgs/local/lib/python3.10/dist-packages/px4_msgs/msg/_mavlink_tunnel_s.c\n'}
[3.534580] (px4_msgs) StdoutLine: {'line': b'-- Up-to-date: /home/rschnurr/SkyClaw-Team1/ros2_ws/install/px4_msgs/local/lib/python3.10/dist-packages/px4_msgs/msg/_rover_attitude_setpoint.py\n'}
[3.534629] (px4_msgs) StdoutLine: {'line': b'-- Up-to-date: /home/rschnurr/SkyClaw-Team1/ros2_ws/install/px4_msgs/local/lib/python3.10/dist-packages/px4_msgs/msg/_onboard_computer_status_s.c\n'}
[3.534681] (px4_msgs) StdoutLine: {'line': b'-- Up-to-date: /home/rschnurr/SkyClaw-Team1/ros2_ws/install/px4_msgs/local/lib/python3.10/dist-packages/px4_msgs/msg/_rc_channels_s.c\n'}
[3.534727] (px4_msgs) StdoutLine: {'line': b'-- Up-to-date: /home/rschnurr/SkyClaw-Team1/ros2_ws/install/px4_msgs/local/lib/python3.10/dist-packages/px4_msgs/msg/_sensor_gyro_fft.py\n'}
[3.534775] (px4_msgs) StdoutLine: {'line': b'-- Up-to-date: /home/rschnurr/SkyClaw-Team1/ros2_ws/install/px4_msgs/local/lib/python3.10/dist-packages/px4_msgs/msg/_rate_ctrl_status.py\n'}
[3.534821] (px4_msgs) StdoutLine: {'line': b'-- Up-to-date: /home/rschnurr/SkyClaw-Team1/ros2_ws/install/px4_msgs/local/lib/python3.10/dist-packages/px4_msgs/msg/_actuator_armed_s.c\n'}
[3.534867] (px4_msgs) StdoutLine: {'line': b'-- Up-to-date: /home/rschnurr/SkyClaw-Team1/ros2_ws/install/px4_msgs/local/lib/python3.10/dist-packages/px4_msgs/msg/_radio_status.py\n'}
[3.534911] (px4_msgs) StdoutLine: {'line': b'-- Up-to-date: /home/rschnurr/SkyClaw-Team1/ros2_ws/install/px4_msgs/local/lib/python3.10/dist-packages/px4_msgs/msg/_manual_control_switches.py\n'}
[3.534955] (px4_msgs) StdoutLine: {'line': b'-- Up-to-date: /home/rschnurr/SkyClaw-Team1/ros2_ws/install/px4_msgs/local/lib/python3.10/dist-packages/px4_msgs/msg/_actuator_test.py\n'}
[3.534998] (px4_msgs) StdoutLine: {'line': b'-- Up-to-date: /home/rschnurr/SkyClaw-Team1/ros2_ws/install/px4_msgs/local/lib/python3.10/dist-packages/px4_msgs/msg/_normalized_unsigned_setpoint_s.c\n'}
[3.535052] (px4_msgs) StdoutLine: {'line': b'-- Up-to-date: /home/rschnurr/SkyClaw-Team1/ros2_ws/install/px4_msgs/local/lib/python3.10/dist-packages/px4_msgs/msg/_sensor_combined.py\n'}
[3.535096] (px4_msgs) StdoutLine: {'line': b'-- Up-to-date: /home/rschnurr/SkyClaw-Team1/ros2_ws/install/px4_msgs/local/lib/python3.10/dist-packages/px4_msgs/msg/_battery_status_s.c\n'}
[3.535137] (px4_msgs) StdoutLine: {'line': b'-- Up-to-date: /home/rschnurr/SkyClaw-Team1/ros2_ws/install/px4_msgs/local/lib/python3.10/dist-packages/px4_msgs/msg/_gripper_s.c\n'}
[3.535179] (px4_msgs) StdoutLine: {'line': b'-- Up-to-date: /home/rschnurr/SkyClaw-Team1/ros2_ws/install/px4_msgs/local/lib/python3.10/dist-packages/px4_msgs/msg/_open_drone_id_arm_status.py\n'}
[3.535221] (px4_msgs) StdoutLine: {'line': b'-- Up-to-date: /home/rschnurr/SkyClaw-Team1/ros2_ws/install/px4_msgs/local/lib/python3.10/dist-packages/px4_msgs/msg/_tecs_status_s.c\n'}
[3.535263] (px4_msgs) StdoutLine: {'line': b'-- Up-to-date: /home/rschnurr/SkyClaw-Team1/ros2_ws/install/px4_msgs/local/lib/python3.10/dist-packages/px4_msgs/msg/_vehicle_angular_acceleration_setpoint.py\n'}
[3.535306] (px4_msgs) StdoutLine: {'line': b'-- Up-to-date: /home/rschnurr/SkyClaw-Team1/ros2_ws/install/px4_msgs/local/lib/python3.10/dist-packages/px4_msgs/msg/_gimbal_manager_set_attitude_s.c\n'}
[3.535348] (px4_msgs) StdoutLine: {'line': b'-- Up-to-date: /home/rschnurr/SkyClaw-Team1/ros2_ws/install/px4_msgs/local/lib/python3.10/dist-packages/px4_msgs/msg/_wind_s.c\n'}
[3.535397] (px4_msgs) StdoutLine: {'line': b'-- Up-to-date: /home/rschnurr/SkyClaw-Team1/ros2_ws/install/px4_msgs/local/lib/python3.10/dist-packages/px4_msgs/msg/_rover_steering_setpoint.py\n'}
[3.535439] (px4_msgs) StdoutLine: {'line': b'-- Up-to-date: /home/rschnurr/SkyClaw-Team1/ros2_ws/install/px4_msgs/local/lib/python3.10/dist-packages/px4_msgs/msg/_debug_value_s.c\n'}
[3.535479] (px4_msgs) StdoutLine: {'line': b'-- Up-to-date: /home/rschnurr/SkyClaw-Team1/ros2_ws/install/px4_msgs/local/lib/python3.10/dist-packages/px4_msgs/msg/_follow_target_estimator.py\n'}
[3.535521] (px4_msgs) StdoutLine: {'line': b'-- Up-to-date: /home/rschnurr/SkyClaw-Team1/ros2_ws/install/px4_msgs/local/lib/python3.10/dist-packages/px4_msgs/msg/_irlock_report_s.c\n'}
[3.535571] (px4_msgs) StdoutLine: {'line': b'-- Up-to-date: /home/rschnurr/SkyClaw-Team1/ros2_ws/install/px4_msgs/local/lib/python3.10/dist-packages/px4_msgs/msg/_config_overrides.py\n'}
[3.535765] (px4_msgs) StdoutLine: {'line': b'-- Up-to-date: /home/rschnurr/SkyClaw-Team1/ros2_ws/install/px4_msgs/local/lib/python3.10/dist-packages/px4_msgs/msg/_trajectory_setpoint.py\n'}
[3.535860] (px4_msgs) StdoutLine: {'line': b'-- Up-to-date: /home/rschnurr/SkyClaw-Team1/ros2_ws/install/px4_msgs/local/lib/python3.10/dist-packages/px4_msgs/msg/_neural_control_s.c\n'}
[3.535929] (px4_msgs) StdoutLine: {'line': b'-- Up-to-date: /home/rschnurr/SkyClaw-Team1/ros2_ws/install/px4_msgs/local/lib/python3.10/dist-packages/px4_msgs/msg/_parameter_set_value_request.py\n'}
[3.536066] (px4_msgs) StdoutLine: {'line': b'-- Up-to-date: /home/rschnurr/SkyClaw-Team1/ros2_ws/install/px4_msgs/local/lib/python3.10/dist-packages/px4_msgs/msg/_esc_status.py\n'}
[3.536152] (px4_msgs) StdoutLine: {'line': b'-- Up-to-date: /home/rschnurr/SkyClaw-Team1/ros2_ws/install/px4_msgs/local/lib/python3.10/dist-packages/px4_msgs/msg/_pwm_input_s.c\n'}
[3.536221] (px4_msgs) StdoutLine: {'line': b'-- Up-to-date: /home/rschnurr/SkyClaw-Team1/ros2_ws/install/px4_msgs/local/lib/python3.10/dist-packages/px4_msgs/msg/_vehicle_command_s.c\n'}
[3.536290] (px4_msgs) StdoutLine: {'line': b'-- Up-to-date: /home/rschnurr/SkyClaw-Team1/ros2_ws/install/px4_msgs/local/lib/python3.10/dist-packages/px4_msgs/msg/_vehicle_global_position.py\n'}
[3.536450] (px4_msgs) StdoutLine: {'line': b'-- Up-to-date: /home/rschnurr/SkyClaw-Team1/ros2_ws/install/px4_msgs/local/lib/python3.10/dist-packages/px4_msgs/msg/_actuator_outputs.py\n'}
[3.536578] (px4_msgs) StdoutLine: {'line': b'-- Up-to-date: /home/rschnurr/SkyClaw-Team1/ros2_ws/install/px4_msgs/local/lib/python3.10/dist-packages/px4_msgs/msg/_health_report.py\n'}
[3.536646] (px4_msgs) StdoutLine: {'line': b'-- Up-to-date: /home/rschnurr/SkyClaw-Team1/ros2_ws/install/px4_msgs/local/lib/python3.10/dist-packages/px4_msgs/msg/_vehicle_angular_velocity.py\n'}
[3.536710] (px4_msgs) StdoutLine: {'line': b'-- Up-to-date: /home/rschnurr/SkyClaw-Team1/ros2_ws/install/px4_msgs/local/lib/python3.10/dist-packages/px4_msgs/msg/_gimbal_manager_status_s.c\n'}
[3.536776] (px4_msgs) StdoutLine: {'line': b'-- Up-to-date: /home/rschnurr/SkyClaw-Team1/ros2_ws/install/px4_msgs/local/lib/python3.10/dist-packages/px4_msgs/msg/_sensor_gyro_fft_s.c\n'}
[3.536941] (px4_msgs) StdoutLine: {'line': b'-- Up-to-date: /home/rschnurr/SkyClaw-Team1/ros2_ws/install/px4_msgs/local/lib/python3.10/dist-packages/px4_msgs/msg/_vehicle_roi.py\n'}
[3.537092] (px4_msgs) StdoutLine: {'line': b'-- Up-to-date: /home/rschnurr/SkyClaw-Team1/ros2_ws/install/px4_msgs/local/lib/python3.10/dist-packages/px4_msgs/msg/_manual_control_switches_s.c\n'}
[3.537247] (px4_msgs) StdoutLine: {'line': b'-- Up-to-date: /home/rschnurr/SkyClaw-Team1/ros2_ws/install/px4_msgs/local/lib/python3.10/dist-packages/px4_msgs/msg/_radio_status_s.c\n'}
[3.537328] (px4_msgs) StdoutLine: {'line': b'-- Up-to-date: /home/rschnurr/SkyClaw-Team1/ros2_ws/install/px4_msgs/local/lib/python3.10/dist-packages/px4_msgs/msg/_launch_detection_status.py\n'}
[3.537394] (px4_msgs) StdoutLine: {'line': b'-- Up-to-date: /home/rschnurr/SkyClaw-Team1/ros2_ws/install/px4_msgs/local/lib/python3.10/dist-packages/px4_msgs/msg/_vehicle_local_position_setpoint_s.c\n'}
[3.537454] (px4_msgs) StdoutLine: {'line': b'-- Up-to-date: /home/rschnurr/SkyClaw-Team1/ros2_ws/install/px4_msgs/local/lib/python3.10/dist-packages/px4_msgs/msg/_fixed_wing_lateral_setpoint_s.c\n'}
[3.537514] (px4_msgs) StdoutLine: {'line': b'-- Up-to-date: /home/rschnurr/SkyClaw-Team1/ros2_ws/install/px4_msgs/local/lib/python3.10/dist-packages/px4_msgs/msg/_differential_pressure.py\n'}
[3.537580] (px4_msgs) StdoutLine: {'line': b'-- Up-to-date: /home/rschnurr/SkyClaw-Team1/ros2_ws/install/px4_msgs/local/lib/python3.10/dist-packages/px4_msgs/msg/_parameter_reset_request.py\n'}
[3.537752] (px4_msgs) StdoutLine: {'line': b'-- Up-to-date: /home/rschnurr/SkyClaw-Team1/ros2_ws/install/px4_msgs/local/lib/python3.10/dist-packages/px4_msgs/msg/_fixed_wing_lateral_setpoint.py\n'}
[3.537838] (px4_msgs) StdoutLine: {'line': b'-- Up-to-date: /home/rschnurr/SkyClaw-Team1/ros2_ws/install/px4_msgs/local/lib/python3.10/dist-packages/px4_msgs/msg/_log_message_s.c\n'}
[3.537905] (px4_msgs) StdoutLine: {'line': b'-- Up-to-date: /home/rschnurr/SkyClaw-Team1/ros2_ws/install/px4_msgs/local/lib/python3.10/dist-packages/px4_msgs/msg/_vehicle_imu_status_s.c\n'}
[3.537985] (px4_msgs) StdoutLine: {'line': b'-- Up-to-date: /home/rschnurr/SkyClaw-Team1/ros2_ws/install/px4_msgs/local/lib/python3.10/dist-packages/px4_msgs/msg/_estimator_status.py\n'}
[3.538045] (px4_msgs) StdoutLine: {'line': b'-- Up-to-date: /home/rschnurr/SkyClaw-Team1/ros2_ws/install/px4_msgs/local/lib/python3.10/dist-packages/px4_msgs/msg/_config_overrides_s.c\n'}
[3.538104] (px4_msgs) StdoutLine: {'line': b'-- Up-to-date: /home/rschnurr/SkyClaw-Team1/ros2_ws/install/px4_msgs/local/lib/python3.10/dist-packages/px4_msgs/msg/_navigator_mission_item.py\n'}
[3.538162] (px4_msgs) StdoutLine: {'line': b'-- Up-to-date: /home/rschnurr/SkyClaw-Team1/ros2_ws/install/px4_msgs/local/lib/python3.10/dist-packages/px4_msgs/msg/_onboard_computer_status.py\n'}
[3.538225] (px4_msgs) StdoutLine: {'line': b'-- Up-to-date: /home/rschnurr/SkyClaw-Team1/ros2_ws/install/px4_msgs/local/lib/python3.10/dist-packages/px4_msgs/msg/_sensor_gyro_fifo_s.c\n'}
[3.538281] (px4_msgs) StdoutLine: {'line': b'-- Up-to-date: /home/rschnurr/SkyClaw-Team1/ros2_ws/install/px4_msgs/local/lib/python3.10/dist-packages/px4_msgs/msg/_uavcan_parameter_value.py\n'}
[3.538347] (px4_msgs) StdoutLine: {'line': b'-- Up-to-date: /home/rschnurr/SkyClaw-Team1/ros2_ws/install/px4_msgs/local/lib/python3.10/dist-packages/px4_msgs/msg/_can_interface_status.py\n'}
[3.538407] (px4_msgs) StdoutLine: {'line': b'-- Up-to-date: /home/rschnurr/SkyClaw-Team1/ros2_ws/install/px4_msgs/local/lib/python3.10/dist-packages/px4_msgs/msg/_sensor_gyro.py\n'}
[3.538537] (px4_msgs) StdoutLine: {'line': b'-- Up-to-date: /home/rschnurr/SkyClaw-Team1/ros2_ws/install/px4_msgs/local/lib/python3.10/dist-packages/px4_msgs/msg/_px4io_status.py\n'}
[3.538667] (px4_msgs) StdoutLine: {'line': b'-- Up-to-date: /home/rschnurr/SkyClaw-Team1/ros2_ws/install/px4_msgs/local/lib/python3.10/dist-packages/px4_msgs/msg/_gps_dump_s.c\n'}
[3.538742] (px4_msgs) StdoutLine: {'line': b'-- Up-to-date: /home/rschnurr/SkyClaw-Team1/ros2_ws/install/px4_msgs/local/lib/python3.10/dist-packages/px4_msgs/msg/_dataman_request.py\n'}
[3.538805] (px4_msgs) StdoutLine: {'line': b'-- Up-to-date: /home/rschnurr/SkyClaw-Team1/ros2_ws/install/px4_msgs/local/lib/python3.10/dist-packages/px4_msgs/msg/_landing_target_innovations.py\n'}
[3.538866] (px4_msgs) StdoutLine: {'line': b'-- Up-to-date: /home/rschnurr/SkyClaw-Team1/ros2_ws/install/px4_msgs/local/lib/python3.10/dist-packages/px4_msgs/msg/_message_format_response.py\n'}
[3.538925] (px4_msgs) StdoutLine: {'line': b'-- Up-to-date: /home/rschnurr/SkyClaw-Team1/ros2_ws/install/px4_msgs/local/lib/python3.10/dist-packages/px4_msgs/msg/_iridiumsbd_status.py\n'}
[3.538984] (px4_msgs) StdoutLine: {'line': b'-- Up-to-date: /home/rschnurr/SkyClaw-Team1/ros2_ws/install/px4_msgs/local/lib/python3.10/dist-packages/px4_msgs/msg/_gimbal_manager_set_manual_control_s.c\n'}
[3.539043] (px4_msgs) StdoutLine: {'line': b'-- Up-to-date: /home/rschnurr/SkyClaw-Team1/ros2_ws/install/px4_msgs/local/lib/python3.10/dist-packages/px4_msgs/msg/_orb_test_medium.py\n'}
[3.539103] (px4_msgs) StdoutLine: {'line': b'-- Up-to-date: /home/rschnurr/SkyClaw-Team1/ros2_ws/install/px4_msgs/local/lib/python3.10/dist-packages/px4_msgs/msg/_ulog_stream_ack_s.c\n'}
[3.539160] (px4_msgs) StdoutLine: {'line': b'-- Up-to-date: /home/rschnurr/SkyClaw-Team1/ros2_ws/install/px4_msgs/local/lib/python3.10/dist-packages/px4_msgs/msg/_estimator_bias.py\n'}
[3.539217] (px4_msgs) StdoutLine: {'line': b'-- Up-to-date: /home/rschnurr/SkyClaw-Team1/ros2_ws/install/px4_msgs/local/lib/python3.10/dist-packages/px4_msgs/msg/_debug_array.py\n'}
[3.539274] (px4_msgs) StdoutLine: {'line': b'-- Up-to-date: /home/rschnurr/SkyClaw-Team1/ros2_ws/install/px4_msgs/local/lib/python3.10/dist-packages/px4_msgs/msg/_vehicle_acceleration.py\n'}
[3.539338] (px4_msgs) StdoutLine: {'line': b'-- Up-to-date: /home/rschnurr/SkyClaw-Team1/ros2_ws/install/px4_msgs/local/lib/python3.10/dist-packages/px4_msgs/msg/_estimator_status_flags.py\n'}
[3.539395] (px4_msgs) StdoutLine: {'line': b'-- Up-to-date: /home/rschnurr/SkyClaw-Team1/ros2_ws/install/px4_msgs/local/lib/python3.10/dist-packages/px4_msgs/msg/_actuator_servos.py\n'}
[3.539452] (px4_msgs) StdoutLine: {'line': b'-- Up-to-date: /home/rschnurr/SkyClaw-Team1/ros2_ws/install/px4_msgs/local/lib/python3.10/dist-packages/px4_msgs/msg/_airspeed_validated_s.c\n'}
[3.539509] (px4_msgs) StdoutLine: {'line': b'-- Up-to-date: /home/rschnurr/SkyClaw-Team1/ros2_ws/install/px4_msgs/local/lib/python3.10/dist-packages/px4_msgs/msg/_health_report_s.c\n'}
[3.539566] (px4_msgs) StdoutLine: {'line': b'-- Up-to-date: /home/rschnurr/SkyClaw-Team1/ros2_ws/install/px4_msgs/local/lib/python3.10/dist-packages/px4_msgs/msg/_geofence_status_s.c\n'}
[3.539827] (px4_msgs) StdoutLine: {'line': b'-- Up-to-date: /home/rschnurr/SkyClaw-Team1/ros2_ws/install/px4_msgs/local/lib/python3.10/dist-packages/px4_msgs/msg/_vehicle_command_ack_s.c\n'}
[3.540004] (px4_msgs) StdoutLine: {'line': b'-- Up-to-date: /home/rschnurr/SkyClaw-Team1/ros2_ws/install/px4_msgs/local/lib/python3.10/dist-packages/px4_msgs/msg/_distance_sensor_s.c\n'}
[3.540254] (px4_msgs) StdoutLine: {'line': b'-- Up-to-date: /home/rschnurr/SkyClaw-Team1/ros2_ws/install/px4_msgs/local/lib/python3.10/dist-packages/px4_msgs/msg/_timesync_status_s.c\n'}
[3.540554] (px4_msgs) StdoutLine: {'line': b'-- Up-to-date: /home/rschnurr/SkyClaw-Team1/ros2_ws/install/px4_msgs/local/lib/python3.10/dist-packages/px4_msgs/msg/_follow_target_estimator_s.c\n'}
[3.540666] (px4_msgs) StdoutLine: {'line': b'-- Up-to-date: /home/rschnurr/SkyClaw-Team1/ros2_ws/install/px4_msgs/local/lib/python3.10/dist-packages/px4_msgs/msg/_estimator_event_flags.py\n'}
[3.540774] (px4_msgs) StdoutLine: {'line': b'-- Up-to-date: /home/rschnurr/SkyClaw-Team1/ros2_ws/install/px4_msgs/local/lib/python3.10/dist-packages/px4_msgs/msg/_rover_attitude_status_s.c\n'}
[3.540966] (px4_msgs) StdoutLine: {'line': b'-- Up-to-date: /home/rschnurr/SkyClaw-Team1/ros2_ws/install/px4_msgs/local/lib/python3.10/dist-packages/px4_msgs/msg/_sensor_airflow.py\n'}
[3.541113] (px4_msgs) StdoutLine: {'line': b'-- Up-to-date: /home/rschnurr/SkyClaw-Team1/ros2_ws/install/px4_msgs/local/lib/python3.10/dist-packages/px4_msgs/msg/_obstacle_distance_s.c\n'}
[3.541204] (px4_msgs) StdoutLine: {'line': b'-- Up-to-date: /home/rschnurr/SkyClaw-Team1/ros2_ws/install/px4_msgs/local/lib/python3.10/dist-packages/px4_msgs/msg/_heater_status.py\n'}
[3.541281] (px4_msgs) StdoutLine: {'line': b'-- Up-to-date: /home/rschnurr/SkyClaw-Team1/ros2_ws/install/px4_msgs/local/lib/python3.10/dist-packages/px4_msgs/msg/_mount_orientation_s.c\n'}
[3.541345] (px4_msgs) StdoutLine: {'line': b'-- Up-to-date: /home/rschnurr/SkyClaw-Team1/ros2_ws/install/px4_msgs/local/lib/python3.10/dist-packages/px4_msgs/msg/_vehicle_imu.py\n'}
[3.541436] (px4_msgs) StdoutLine: {'line': b'-- Up-to-date: /home/rschnurr/SkyClaw-Team1/ros2_ws/install/px4_msgs/local/lib/python3.10/dist-packages/px4_msgs/msg/_rc_parameter_map.py\n'}
[3.541497] (px4_msgs) StdoutLine: {'line': b'-- Up-to-date: /home/rschnurr/SkyClaw-Team1/ros2_ws/install/px4_msgs/local/lib/python3.10/dist-packages/px4_msgs/msg/_offboard_control_mode_s.c\n'}
[3.541558] (px4_msgs) StdoutLine: {'line': b'-- Up-to-date: /home/rschnurr/SkyClaw-Team1/ros2_ws/install/px4_msgs/local/lib/python3.10/dist-packages/px4_msgs/msg/_button_event_s.c\n'}
[3.541620] (px4_msgs) StdoutLine: {'line': b'-- Up-to-date: /home/rschnurr/SkyClaw-Team1/ros2_ws/install/px4_msgs/local/lib/python3.10/dist-packages/px4_msgs/msg/_estimator_aid_source1d_s.c\n'}
[3.541681] (px4_msgs) StdoutLine: {'line': b'-- Up-to-date: /home/rschnurr/SkyClaw-Team1/ros2_ws/install/px4_msgs/local/lib/python3.10/dist-packages/px4_msgs/msg/_vehicle_magnetometer_s.c\n'}
[3.541741] (px4_msgs) StdoutLine: {'line': b'-- Up-to-date: /home/rschnurr/SkyClaw-Team1/ros2_ws/install/px4_msgs/local/lib/python3.10/dist-packages/px4_msgs/msg/_gripper.py\n'}
[3.541844] (px4_msgs) StdoutLine: {'line': b'-- Up-to-date: /home/rschnurr/SkyClaw-Team1/ros2_ws/install/px4_msgs/local/lib/python3.10/dist-packages/px4_msgs/msg/_rtl_status_s.c\n'}
[3.542013] (px4_msgs) StdoutLine: {'line': b'-- Up-to-date: /home/rschnurr/SkyClaw-Team1/ros2_ws/install/px4_msgs/local/lib/python3.10/dist-packages/px4_msgs/msg/_actuator_armed.py\n'}
[3.542090] (px4_msgs) StdoutLine: {'line': b'-- Up-to-date: /home/rschnurr/SkyClaw-Team1/ros2_ws/install/px4_msgs/local/lib/python3.10/dist-packages/px4_msgs/msg/_timesync_status.py\n'}
[3.542147] (px4_msgs) StdoutLine: {'line': b'-- Up-to-date: /home/rschnurr/SkyClaw-Team1/ros2_ws/install/px4_msgs/local/lib/python3.10/dist-packages/px4_msgs/msg/_sensor_airflow_s.c\n'}
[3.542200] (px4_msgs) StdoutLine: {'line': b'-- Up-to-date: /home/rschnurr/SkyClaw-Team1/ros2_ws/install/px4_msgs/local/lib/python3.10/dist-packages/px4_msgs/msg/_vehicle_thrust_setpoint_s.c\n'}
[3.542248] (px4_msgs) StdoutLine: {'line': b'-- Up-to-date: /home/rschnurr/SkyClaw-Team1/ros2_ws/install/px4_msgs/local/lib/python3.10/dist-packages/px4_msgs/msg/_wheel_encoders_s.c\n'}
[3.542293] (px4_msgs) StdoutLine: {'line': b'-- Up-to-date: /home/rschnurr/SkyClaw-Team1/ros2_ws/install/px4_msgs/local/lib/python3.10/dist-packages/px4_msgs/msg/_parameter_update.py\n'}
[3.542338] (px4_msgs) StdoutLine: {'line': b'-- Up-to-date: /home/rschnurr/SkyClaw-Team1/ros2_ws/install/px4_msgs/local/lib/python3.10/dist-packages/px4_msgs/msg/_rover_throttle_setpoint.py\n'}
[3.542401] (px4_msgs) StdoutLine: {'line': b'-- Up-to-date: /home/rschnurr/SkyClaw-Team1/ros2_ws/install/px4_msgs/local/lib/python3.10/dist-packages/px4_msgs/msg/_rover_position_setpoint.py\n'}
[3.542450] (px4_msgs) StdoutLine: {'line': b'-- Up-to-date: /home/rschnurr/SkyClaw-Team1/ros2_ws/install/px4_msgs/local/lib/python3.10/dist-packages/px4_msgs/msg/_dataman_response.py\n'}
[3.542512] (px4_msgs) StdoutLine: {'line': b'-- Up-to-date: /home/rschnurr/SkyClaw-Team1/ros2_ws/install/px4_msgs/local/lib/python3.10/dist-packages/px4_msgs/msg/_qshell_req_s.c\n'}
[3.542555] (px4_msgs) StdoutLine: {'line': b'-- Up-to-date: /home/rschnurr/SkyClaw-Team1/ros2_ws/install/px4_msgs/local/lib/python3.10/dist-packages/px4_msgs/msg/_open_drone_id_operator_id_s.c\n'}
[3.542600] (px4_msgs) StdoutLine: {'line': b'-- Up-to-date: /home/rschnurr/SkyClaw-Team1/ros2_ws/install/px4_msgs/local/lib/python3.10/dist-packages/px4_msgs/msg/_action_request_s.c\n'}
[3.542648] (px4_msgs) StdoutLine: {'line': b'-- Up-to-date: /home/rschnurr/SkyClaw-Team1/ros2_ws/install/px4_msgs/local/lib/python3.10/dist-packages/px4_msgs/msg/_vehicle_odometry_s.c\n'}
[3.542690] (px4_msgs) StdoutLine: {'line': b'-- Up-to-date: /home/rschnurr/SkyClaw-Team1/ros2_ws/install/px4_msgs/local/lib/python3.10/dist-packages/px4_msgs/msg/_actuator_controls_status_s.c\n'}
[3.542732] (px4_msgs) StdoutLine: {'line': b'-- Up-to-date: /home/rschnurr/SkyClaw-Team1/ros2_ws/install/px4_msgs/local/lib/python3.10/dist-packages/px4_msgs/msg/_autotune_attitude_control_status_s.c\n'}
[3.542774] (px4_msgs) StdoutLine: {'line': b'-- Up-to-date: /home/rschnurr/SkyClaw-Team1/ros2_ws/install/px4_msgs/local/lib/python3.10/dist-packages/px4_msgs/msg/_longitudinal_control_configuration.py\n'}
[3.542815] (px4_msgs) StdoutLine: {'line': b'-- Up-to-date: /home/rschnurr/SkyClaw-Team1/ros2_ws/install/px4_msgs/local/lib/python3.10/dist-packages/px4_msgs/msg/_manual_control_setpoint_s.c\n'}
[3.542948] (px4_msgs) StdoutLine: {'line': b'-- Up-to-date: /home/rschnurr/SkyClaw-Team1/ros2_ws/install/px4_msgs/local/lib/python3.10/dist-packages/px4_msgs/msg/_debug_vect_s.c\n'}
[3.543030] (px4_msgs) StdoutLine: {'line': b'-- Up-to-date: /home/rschnurr/SkyClaw-Team1/ros2_ws/install/px4_msgs/local/lib/python3.10/dist-packages/px4_msgs/msg/_logger_status.py\n'}
[3.543084] (px4_msgs) StdoutLine: {'line': b'-- Up-to-date: /home/rschnurr/SkyClaw-Team1/ros2_ws/install/px4_msgs/local/lib/python3.10/dist-packages/px4_msgs/msg/_sensor_combined_s.c\n'}
[3.543134] (px4_msgs) StdoutLine: {'line': b'-- Up-to-date: /home/rschnurr/SkyClaw-Team1/ros2_ws/install/px4_msgs/local/lib/python3.10/dist-packages/px4_msgs/msg/_message_format_request_s.c\n'}
[3.543180] (px4_msgs) StdoutLine: {'line': b'-- Up-to-date: /home/rschnurr/SkyClaw-Team1/ros2_ws/install/px4_msgs/local/lib/python3.10/dist-packages/px4_msgs/msg/_position_controller_status.py\n'}
[3.543239] (px4_msgs) StdoutLine: {'line': b'-- Up-to-date: /home/rschnurr/SkyClaw-Team1/ros2_ws/install/px4_msgs/local/lib/python3.10/dist-packages/px4_msgs/msg/_neural_control.py\n'}
[3.543282] (px4_msgs) StdoutLine: {'line': b'-- Up-to-date: /home/rschnurr/SkyClaw-Team1/ros2_ws/install/px4_msgs/local/lib/python3.10/dist-packages/px4_msgs/msg/_sensor_hygrometer.py\n'}
[3.543324] (px4_msgs) StdoutLine: {'line': b'-- Up-to-date: /home/rschnurr/SkyClaw-Team1/ros2_ws/install/px4_msgs/local/lib/python3.10/dist-packages/px4_msgs/msg/_esc_report.py\n'}
[3.543371] (px4_msgs) StdoutLine: {'line': b'-- Up-to-date: /home/rschnurr/SkyClaw-Team1/ros2_ws/install/px4_msgs/local/lib/python3.10/dist-packages/px4_msgs/msg/_landing_target_pose_s.c\n'}
[3.543412] (px4_msgs) StdoutLine: {'line': b'-- Up-to-date: /home/rschnurr/SkyClaw-Team1/ros2_ws/install/px4_msgs/local/lib/python3.10/dist-packages/px4_msgs/msg/_gpio_request_s.c\n'}
[3.543454] (px4_msgs) StdoutLine: {'line': b'-- Up-to-date: /home/rschnurr/SkyClaw-Team1/ros2_ws/install/px4_msgs/local/lib/python3.10/dist-packages/px4_msgs/msg/_parameter_set_used_request.py\n'}
[3.543503] (px4_msgs) StdoutLine: {'line': b'-- Up-to-date: /home/rschnurr/SkyClaw-Team1/ros2_ws/install/px4_msgs/local/lib/python3.10/dist-packages/px4_msgs/msg/_geofence_status.py\n'}
[3.543552] (px4_msgs) StdoutLine: {'line': b'-- Up-to-date: /home/rschnurr/SkyClaw-Team1/ros2_ws/install/px4_msgs/local/lib/python3.10/dist-packages/px4_msgs/msg/_gpio_config.py\n'}
[3.543594] (px4_msgs) StdoutLine: {'line': b'-- Up-to-date: /home/rschnurr/SkyClaw-Team1/ros2_ws/install/px4_msgs/local/lib/python3.10/dist-packages/px4_msgs/msg/_debug_key_value_s.c\n'}
[3.543636] (px4_msgs) StdoutLine: {'line': b'-- Up-to-date: /home/rschnurr/SkyClaw-Team1/ros2_ws/install/px4_msgs/local/lib/python3.10/dist-packages/px4_msgs/msg/_manual_control_setpoint.py\n'}
[3.543678] (px4_msgs) StdoutLine: {'line': b'-- Up-to-date: /home/rschnurr/SkyClaw-Team1/ros2_ws/install/px4_msgs/local/lib/python3.10/dist-packages/px4_msgs/msg/_battery_info.py\n'}
[3.543719] (px4_msgs) StdoutLine: {'line': b'-- Up-to-date: /home/rschnurr/SkyClaw-Team1/ros2_ws/install/px4_msgs/local/lib/python3.10/dist-packages/px4_msgs/msg/_vehicle_magnetometer.py\n'}
[3.543762] (px4_msgs) StdoutLine: {'line': b'-- Up-to-date: /home/rschnurr/SkyClaw-Team1/ros2_ws/install/px4_msgs/local/lib/python3.10/dist-packages/px4_msgs/msg/_open_drone_id_system.py\n'}
[3.543803] (px4_msgs) StdoutLine: {'line': b'-- Up-to-date: /home/rschnurr/SkyClaw-Team1/ros2_ws/install/px4_msgs/local/lib/python3.10/dist-packages/px4_msgs/msg/_register_ext_component_reply.py\n'}
[3.543858] (px4_msgs) StdoutLine: {'line': b'-- Up-to-date: /home/rschnurr/SkyClaw-Team1/ros2_ws/install/px4_msgs/local/lib/python3.10/dist-packages/px4_msgs/msg/_mag_worker_data.py\n'}
[3.543913] (px4_msgs) StdoutLine: {'line': b'-- Up-to-date: /home/rschnurr/SkyClaw-Team1/ros2_ws/install/px4_msgs/local/lib/python3.10/dist-packages/px4_msgs/msg/_sensors_status.py\n'}
[3.544015] (px4_msgs) StdoutLine: {'line': b'-- Up-to-date: /home/rschnurr/SkyClaw-Team1/ros2_ws/install/px4_msgs/local/lib/python3.10/dist-packages/px4_msgs/msg/_estimator_sensor_bias.py\n'}
[3.544131] (px4_msgs) StdoutLine: {'line': b'-- Up-to-date: /home/rschnurr/SkyClaw-Team1/ros2_ws/install/px4_msgs/local/lib/python3.10/dist-packages/px4_msgs/msg/_magnetometer_bias_estimate.py\n'}
[3.544198] (px4_msgs) StdoutLine: {'line': b'-- Up-to-date: /home/rschnurr/SkyClaw-Team1/ros2_ws/install/px4_msgs/local/lib/python3.10/dist-packages/px4_msgs/msg/_tune_control_s.c\n'}
[3.544258] (px4_msgs) StdoutLine: {'line': b'-- Up-to-date: /home/rschnurr/SkyClaw-Team1/ros2_ws/install/px4_msgs/local/lib/python3.10/dist-packages/px4_msgs/msg/_register_ext_component_request.py\n'}
[3.544328] (px4_msgs) StdoutLine: {'line': b'-- Up-to-date: /home/rschnurr/SkyClaw-Team1/ros2_ws/install/px4_msgs/local/lib/python3.10/dist-packages/px4_msgs/msg/_sensor_optical_flow.py\n'}
[3.544490] (px4_msgs) StdoutLine: {'line': b'-- Up-to-date: /home/rschnurr/SkyClaw-Team1/ros2_ws/install/px4_msgs/local/lib/python3.10/dist-packages/px4_msgs/msg/_camera_capture.py\n'}
[3.544587] (px4_msgs) StdoutLine: {'line': b'-- Up-to-date: /home/rschnurr/SkyClaw-Team1/ros2_ws/install/px4_msgs/local/lib/python3.10/dist-packages/px4_msgs/msg/_ping_s.c\n'}
[3.544660] (px4_msgs) StdoutLine: {'line': b'-- Up-to-date: /home/rschnurr/SkyClaw-Team1/ros2_ws/install/px4_msgs/local/lib/python3.10/dist-packages/px4_msgs/msg/_tune_control.py\n'}
[3.545034] (px4_msgs) StdoutLine: {'line': b'-- Up-to-date: /home/rschnurr/SkyClaw-Team1/ros2_ws/install/px4_msgs/local/lib/python3.10/dist-packages/px4_msgs/msg/_lateral_control_configuration.py\n'}
[3.545422] (px4_msgs) StdoutLine: {'line': b'-- Up-to-date: /home/rschnurr/SkyClaw-Team1/ros2_ws/install/px4_msgs/local/lib/python3.10/dist-packages/px4_msgs/msg/_sensor_gps_s.c\n'}
[3.546840] (px4_msgs) StdoutLine: {'line': b'-- Up-to-date: /home/rschnurr/SkyClaw-Team1/ros2_ws/install/px4_msgs/local/lib/python3.10/dist-packages/px4_msgs/msg/_estimator_states.py\n'}
[3.547495] (px4_msgs) StdoutLine: {'line': b'-- Up-to-date: /home/rschnurr/SkyClaw-Team1/ros2_ws/install/px4_msgs/local/lib/python3.10/dist-packages/px4_msgs/msg/_airspeed_s.c\n'}
[3.547671] (px4_msgs) StdoutLine: {'line': b'-- Up-to-date: /home/rschnurr/SkyClaw-Team1/ros2_ws/install/px4_msgs/local/lib/python3.10/dist-packages/px4_msgs/msg/_action_request.py\n'}
[3.547760] (px4_msgs) StdoutLine: {'line': b'-- Up-to-date: /home/rschnurr/SkyClaw-Team1/ros2_ws/install/px4_msgs/local/lib/python3.10/dist-packages/px4_msgs/msg/_rover_attitude_setpoint_s.c\n'}
[3.547828] (px4_msgs) StdoutLine: {'line': b'-- Up-to-date: /home/rschnurr/SkyClaw-Team1/ros2_ws/install/px4_msgs/local/lib/python3.10/dist-packages/px4_msgs/msg/_position_controller_status_s.c\n'}
[3.547897] (px4_msgs) StdoutLine: {'line': b'-- Up-to-date: /home/rschnurr/SkyClaw-Team1/ros2_ws/install/px4_msgs/local/lib/python3.10/dist-packages/px4_msgs/msg/_sensor_accel.py\n'}
[3.548191] (px4_msgs) StdoutLine: {'line': b'-- Up-to-date: /home/rschnurr/SkyClaw-Team1/ros2_ws/install/px4_msgs/local/lib/python3.10/dist-packages/px4_msgs/msg/_position_setpoint_triplet.py\n'}
[3.548268] (px4_msgs) StdoutLine: {'line': b'-- Up-to-date: /home/rschnurr/SkyClaw-Team1/ros2_ws/install/px4_msgs/local/lib/python3.10/dist-packages/px4_msgs/msg/__init__.py\n'}
[3.548516] (px4_msgs) StdoutLine: {'line': b'-- Up-to-date: /home/rschnurr/SkyClaw-Team1/ros2_ws/install/px4_msgs/local/lib/python3.10/dist-packages/px4_msgs/msg/_esc_status_s.c\n'}
[3.548690] (px4_msgs) StdoutLine: {'line': b'-- Up-to-date: /home/rschnurr/SkyClaw-Team1/ros2_ws/install/px4_msgs/local/lib/python3.10/dist-packages/px4_msgs/msg/_trajectory_setpoint6dof.py\n'}
[3.548773] (px4_msgs) StdoutLine: {'line': b'-- Up-to-date: /home/rschnurr/SkyClaw-Team1/ros2_ws/install/px4_msgs/local/lib/python3.10/dist-packages/px4_msgs/msg/_ulog_stream_ack.py\n'}
[3.548842] (px4_msgs) StdoutLine: {'line': b'-- Up-to-date: /home/rschnurr/SkyClaw-Team1/ros2_ws/install/px4_msgs/local/lib/python3.10/dist-packages/px4_msgs/msg/_differential_pressure_s.c\n'}
[3.548904] (px4_msgs) StdoutLine: {'line': b'-- Up-to-date: /home/rschnurr/SkyClaw-Team1/ros2_ws/install/px4_msgs/local/lib/python3.10/dist-packages/px4_msgs/msg/_arming_check_request.py\n'}
[3.548967] (px4_msgs) StdoutLine: {'line': b'-- Up-to-date: /home/rschnurr/SkyClaw-Team1/ros2_ws/install/px4_msgs/local/lib/python3.10/dist-packages/px4_msgs/msg/_magnetometer_bias_estimate_s.c\n'}
[3.549028] (px4_msgs) StdoutLine: {'line': b'-- Up-to-date: /home/rschnurr/SkyClaw-Team1/ros2_ws/install/px4_msgs/local/lib/python3.10/dist-packages/px4_msgs/msg/_parameter_set_value_request_s.c\n'}
[3.549210] (px4_msgs) StdoutLine: {'line': b'-- Up-to-date: /home/rschnurr/SkyClaw-Team1/ros2_ws/install/px4_msgs/local/lib/python3.10/dist-packages/px4_msgs/msg/_navigator_status_s.c\n'}
[3.549295] (px4_msgs) StdoutLine: {'line': b'-- Up-to-date: /home/rschnurr/SkyClaw-Team1/ros2_ws/install/px4_msgs/local/lib/python3.10/dist-packages/px4_msgs/msg/_orb_test_large.py\n'}
[3.549362] (px4_msgs) StdoutLine: {'line': b'-- Up-to-date: /home/rschnurr/SkyClaw-Team1/ros2_ws/install/px4_msgs/local/lib/python3.10/dist-packages/px4_msgs/msg/_rate_ctrl_status_s.c\n'}
[3.549439] (px4_msgs) StdoutLine: {'line': b'-- Up-to-date: /home/rschnurr/SkyClaw-Team1/ros2_ws/install/px4_msgs/local/lib/python3.10/dist-packages/px4_msgs/msg/_orbit_status_s.c\n'}
[3.549501] (px4_msgs) StdoutLine: {'line': b'-- Up-to-date: /home/rschnurr/SkyClaw-Team1/ros2_ws/install/px4_msgs/local/lib/python3.10/dist-packages/px4_msgs/msg/_tiltrotor_extra_controls.py\n'}
[3.549562] (px4_msgs) StdoutLine: {'line': b'-- Up-to-date: /home/rschnurr/SkyClaw-Team1/ros2_ws/install/px4_msgs/local/lib/python3.10/dist-packages/px4_msgs/msg/_camera_status_s.c\n'}
[3.549632] (px4_msgs) StdoutLine: {'line': b'-- Up-to-date: /home/rschnurr/SkyClaw-Team1/ros2_ws/install/px4_msgs/local/lib/python3.10/dist-packages/px4_msgs/msg/_estimator_aid_source3d.py\n'}
[3.549696] (px4_msgs) StdoutLine: {'line': b'-- Up-to-date: /home/rschnurr/SkyClaw-Team1/ros2_ws/install/px4_msgs/local/lib/python3.10/dist-packages/px4_msgs/msg/_sensor_hygrometer_s.c\n'}
[3.549761] (px4_msgs) StdoutLine: {'line': b'-- Up-to-date: /home/rschnurr/SkyClaw-Team1/ros2_ws/install/px4_msgs/local/lib/python3.10/dist-packages/px4_msgs/msg/_sensor_gnss_relative.py\n'}
[3.549836] (px4_msgs) StdoutLine: {'line': b'-- Up-to-date: /home/rschnurr/SkyClaw-Team1/ros2_ws/install/px4_msgs/local/lib/python3.10/dist-packages/px4_msgs/msg/_rover_attitude_status.py\n'}
[3.550199] (px4_msgs) StdoutLine: {'line': b'-- Up-to-date: /home/rschnurr/SkyClaw-Team1/ros2_ws/install/px4_msgs/local/lib/python3.10/dist-packages/px4_msgs/msg/_qshell_req.py\n'}
[3.550849] (px4_msgs) StdoutLine: {'line': b'-- Up-to-date: /home/rschnurr/SkyClaw-Team1/ros2_ws/install/px4_msgs/local/lib/python3.10/dist-packages/px4_msgs/msg/_ekf2_timestamps_s.c\n'}
[3.551364] (px4_msgs) StdoutLine: {'line': b'-- Up-to-date: /home/rschnurr/SkyClaw-Team1/ros2_ws/install/px4_msgs/local/lib/python3.10/dist-packages/px4_msgs/msg/_iridiumsbd_status_s.c\n'}
[3.551872] (px4_msgs) StdoutLine: {'line': b'-- Up-to-date: /home/rschnurr/SkyClaw-Team1/ros2_ws/install/px4_msgs/local/lib/python3.10/dist-packages/px4_msgs/msg/_vehicle_control_mode.py\n'}
[3.552671] (px4_msgs) StdoutLine: {'line': b'-- Up-to-date: /home/rschnurr/SkyClaw-Team1/ros2_ws/install/px4_msgs/local/lib/python3.10/dist-packages/px4_msgs/msg/_estimator_sensor_bias_s.c\n'}
[3.552815] (px4_msgs) StdoutLine: {'line': b'-- Up-to-date: /home/rschnurr/SkyClaw-Team1/ros2_ws/install/px4_msgs/local/lib/python3.10/dist-packages/px4_msgs/msg/_distance_sensor.py\n'}
[3.552881] (px4_msgs) StdoutLine: {'line': b'-- Up-to-date: /home/rschnurr/SkyClaw-Team1/ros2_ws/install/px4_msgs/local/lib/python3.10/dist-packages/px4_msgs/msg/_actuator_controls_status.py\n'}
[3.552950] (px4_msgs) StdoutLine: {'line': b'-- Up-to-date: /home/rschnurr/SkyClaw-Team1/ros2_ws/install/px4_msgs/local/lib/python3.10/dist-packages/px4_msgs/msg/_orb_test.py\n'}
[3.553002] (px4_msgs) StdoutLine: {'line': b'-- Up-to-date: /home/rschnurr/SkyClaw-Team1/ros2_ws/install/px4_msgs/local/lib/python3.10/dist-packages/px4_msgs/msg/_rtl_status.py\n'}
[3.553054] (px4_msgs) StdoutLine: {'line': b'-- Up-to-date: /home/rschnurr/SkyClaw-Team1/ros2_ws/install/px4_msgs/local/lib/python3.10/dist-packages/px4_msgs/msg/_gimbal_device_information_s.c\n'}
[3.553104] (px4_msgs) StdoutLine: {'line': b'-- Up-to-date: /home/rschnurr/SkyClaw-Team1/ros2_ws/install/px4_msgs/local/lib/python3.10/dist-packages/px4_msgs/msg/_vehicle_command.py\n'}
[3.553151] (px4_msgs) StdoutLine: {'line': b'-- Up-to-date: /home/rschnurr/SkyClaw-Team1/ros2_ws/install/px4_msgs/local/lib/python3.10/dist-packages/px4_msgs/msg/_sensor_baro_s.c\n'}
[3.553198] (px4_msgs) StdoutLine: {'line': b'-- Up-to-date: /home/rschnurr/SkyClaw-Team1/ros2_ws/install/px4_msgs/local/lib/python3.10/dist-packages/px4_msgs/msg/_goto_setpoint_s.c\n'}
[3.553244] (px4_msgs) StdoutLine: {'line': b'-- Up-to-date: /home/rschnurr/SkyClaw-Team1/ros2_ws/install/px4_msgs/local/lib/python3.10/dist-packages/px4_msgs/msg/_estimator_innovations_s.c\n'}
[3.553562] (px4_msgs) StdoutLine: {'line': b'-- Up-to-date: /home/rschnurr/SkyClaw-Team1/ros2_ws/install/px4_msgs/local/lib/python3.10/dist-packages/px4_msgs/msg/_vehicle_imu_status.py\n'}
[3.553649] (px4_msgs) StdoutLine: {'line': b'-- Up-to-date: /home/rschnurr/SkyClaw-Team1/ros2_ws/install/px4_msgs/local/lib/python3.10/dist-packages/px4_msgs/msg/_goto_setpoint.py\n'}
[3.553712] (px4_msgs) StdoutLine: {'line': b'-- Up-to-date: /home/rschnurr/SkyClaw-Team1/ros2_ws/install/px4_msgs/local/lib/python3.10/dist-packages/px4_msgs/msg/_orb_test_large_s.c\n'}
[3.553766] (px4_msgs) StdoutLine: {'line': b'-- Up-to-date: /home/rschnurr/SkyClaw-Team1/ros2_ws/install/px4_msgs/local/lib/python3.10/dist-packages/px4_msgs/msg/_tecs_status.py\n'}
[3.553815] (px4_msgs) StdoutLine: {'line': b'-- Up-to-date: /home/rschnurr/SkyClaw-Team1/ros2_ws/install/px4_msgs/local/lib/python3.10/dist-packages/px4_msgs/msg/_vehicle_torque_setpoint_s.c\n'}
[3.553861] (px4_msgs) StdoutLine: {'line': b'-- Up-to-date: /home/rschnurr/SkyClaw-Team1/ros2_ws/install/px4_msgs/local/lib/python3.10/dist-packages/px4_msgs/msg/_parameter_update_s.c\n'}
[3.553906] (px4_msgs) StdoutLine: {'line': b'-- Up-to-date: /home/rschnurr/SkyClaw-Team1/ros2_ws/install/px4_msgs/local/lib/python3.10/dist-packages/px4_msgs/msg/_open_drone_id_self_id_s.c\n'}
[3.553964] (px4_msgs) StdoutLine: {'line': b'-- Up-to-date: /home/rschnurr/SkyClaw-Team1/ros2_ws/install/px4_msgs/local/lib/python3.10/dist-packages/px4_msgs/msg/_rover_rate_setpoint.py\n'}
[3.554008] (px4_msgs) StdoutLine: {'line': b'-- Up-to-date: /home/rschnurr/SkyClaw-Team1/ros2_ws/install/px4_msgs/local/lib/python3.10/dist-packages/px4_msgs/msg/_landing_target_pose.py\n'}
[3.554055] (px4_msgs) StdoutLine: {'line': b'-- Up-to-date: /home/rschnurr/SkyClaw-Team1/ros2_ws/install/px4_msgs/local/lib/python3.10/dist-packages/px4_msgs/msg/_figure_eight_status.py\n'}
[3.554297] (px4_msgs) StdoutLine: {'line': b'-- Up-to-date: /home/rschnurr/SkyClaw-Team1/ros2_ws/install/px4_msgs/local/lib/python3.10/dist-packages/px4_msgs/msg/_led_control.py\n'}
[3.554820] (px4_msgs) StdoutLine: {'line': b'-- Up-to-date: /home/rschnurr/SkyClaw-Team1/ros2_ws/install/px4_msgs/local/lib/python3.10/dist-packages/px4_msgs/msg/_gimbal_device_attitude_status_s.c\n'}
[3.555242] (px4_msgs) StdoutLine: {'line': b'-- Up-to-date: /home/rschnurr/SkyClaw-Team1/ros2_ws/install/px4_msgs/local/lib/python3.10/dist-packages/px4_msgs/msg/_actuator_outputs_s.c\n'}
[3.555745] (px4_msgs) StdoutLine: {'line': b'-- Up-to-date: /home/rschnurr/SkyClaw-Team1/ros2_ws/install/px4_msgs/local/lib/python3.10/dist-packages/px4_msgs/msg/_gimbal_manager_information_s.c\n'}
[3.556280] (px4_msgs) StdoutLine: {'line': b'-- Up-to-date: /home/rschnurr/SkyClaw-Team1/ros2_ws/install/px4_msgs/local/lib/python3.10/dist-packages/px4_msgs/msg/_orbit_status.py\n'}
[3.556945] (px4_msgs) StdoutLine: {'line': b'-- Up-to-date: /home/rschnurr/SkyClaw-Team1/ros2_ws/install/px4_msgs/local/lib/python3.10/dist-packages/px4_msgs/msg/_longitudinal_control_configuration_s.c\n'}
[3.557407] (px4_msgs) StdoutLine: {'line': b'-- Up-to-date: /home/rschnurr/SkyClaw-Team1/ros2_ws/install/px4_msgs/local/lib/python3.10/dist-packages/px4_msgs/msg/_button_event.py\n'}
[3.557730] (px4_msgs) StdoutLine: {'line': b'-- Up-to-date: /home/rschnurr/SkyClaw-Team1/ros2_ws/install/px4_msgs/local/lib/python3.10/dist-packages/px4_msgs/msg/_gps_dump.py\n'}
[3.558182] (px4_msgs) StdoutLine: {'line': b'-- Up-to-date: /home/rschnurr/SkyClaw-Team1/ros2_ws/install/px4_msgs/local/lib/python3.10/dist-packages/px4_msgs/msg/_vehicle_command_ack.py\n'}
[3.558572] (px4_msgs) StdoutLine: {'line': b'-- Up-to-date: /home/rschnurr/SkyClaw-Team1/ros2_ws/install/px4_msgs/local/lib/python3.10/dist-packages/px4_msgs/msg/_rover_rate_status.py\n'}
[3.559049] (px4_msgs) StdoutLine: {'line': b'-- Up-to-date: /home/rschnurr/SkyClaw-Team1/ros2_ws/install/px4_msgs/local/lib/python3.10/dist-packages/px4_msgs/msg/_mavlink_log_s.c\n'}
[3.559542] (px4_msgs) StdoutLine: {'line': b'-- Up-to-date: /home/rschnurr/SkyClaw-Team1/ros2_ws/install/px4_msgs/local/lib/python3.10/dist-packages/px4_msgs/msg/_actuator_servos_trim_s.c\n'}
[3.560045] (px4_msgs) StdoutLine: {'line': b'-- Up-to-date: /home/rschnurr/SkyClaw-Team1/ros2_ws/install/px4_msgs/local/lib/python3.10/dist-packages/px4_msgs/msg/_dataman_response_s.c\n'}
[3.560660] (px4_msgs) StdoutLine: {'line': b'-- Up-to-date: /home/rschnurr/SkyClaw-Team1/ros2_ws/install/px4_msgs/local/lib/python3.10/dist-packages/px4_msgs/msg/_orb_test_medium_s.c\n'}
[3.560770] (px4_msgs) StdoutLine: {'line': b'-- Up-to-date: /home/rschnurr/SkyClaw-Team1/ros2_ws/install/px4_msgs/local/lib/python3.10/dist-packages/px4_msgs/msg/_sensor_correction.py\n'}
[3.560845] (px4_msgs) StdoutLine: {'line': b'-- Up-to-date: /home/rschnurr/SkyClaw-Team1/ros2_ws/install/px4_msgs/local/lib/python3.10/dist-packages/px4_msgs/msg/_actuator_servos_s.c\n'}
[3.560910] (px4_msgs) StdoutLine: {'line': b'-- Up-to-date: /home/rschnurr/SkyClaw-Team1/ros2_ws/install/px4_msgs/local/lib/python3.10/dist-packages/px4_msgs/msg/_gimbal_controls.py\n'}
[3.561353] (px4_msgs) StdoutLine: {'line': b'-- Up-to-date: /home/rschnurr/SkyClaw-Team1/ros2_ws/install/px4_msgs/local/lib/python3.10/dist-packages/px4_msgs/msg/_transponder_report_s.c\n'}
[3.561655] (px4_msgs) StdoutLine: {'line': b'-- Up-to-date: /home/rschnurr/SkyClaw-Team1/ros2_ws/install/px4_msgs/local/lib/python3.10/dist-packages/px4_msgs/msg/_fixed_wing_lateral_guidance_status_s.c\n'}
[3.561741] (px4_msgs) StdoutLine: {'line': b'-- Up-to-date: /home/rschnurr/SkyClaw-Team1/ros2_ws/install/px4_msgs/local/lib/python3.10/dist-packages/px4_msgs/msg/_vehicle_torque_setpoint.py\n'}
[3.561810] (px4_msgs) StdoutLine: {'line': b'-- Up-to-date: /home/rschnurr/SkyClaw-Team1/ros2_ws/install/px4_msgs/local/lib/python3.10/dist-packages/px4_msgs/msg/_obstacle_distance.py\n'}
[3.561872] (px4_msgs) StdoutLine: {'line': b'-- Up-to-date: /home/rschnurr/SkyClaw-Team1/ros2_ws/install/px4_msgs/local/lib/python3.10/dist-packages/px4_msgs/msg/_vehicle_air_data_s.c\n'}
[3.561931] (px4_msgs) StdoutLine: {'line': b'-- Up-to-date: /home/rschnurr/SkyClaw-Team1/ros2_ws/install/px4_msgs/local/lib/python3.10/dist-packages/px4_msgs/msg/_cpuload_s.c\n'}
[3.561991] (px4_msgs) StdoutLine: {'line': b'-- Up-to-date: /home/rschnurr/SkyClaw-Team1/ros2_ws/install/px4_msgs/local/lib/python3.10/dist-packages/px4_msgs/msg/_gimbal_device_attitude_status.py\n'}
[3.562173] (px4_msgs) StdoutLine: {'line': b'-- Up-to-date: /home/rschnurr/SkyClaw-Team1/ros2_ws/install/px4_msgs/local/lib/python3.10/dist-packages/px4_msgs/msg/_sensor_gnss_status.py\n'}
[3.562606] (px4_msgs) StdoutLine: {'line': b'-- Up-to-date: /home/rschnurr/SkyClaw-Team1/ros2_ws/install/px4_msgs/local/lib/python3.10/dist-packages/px4_msgs/msg/_vehicle_control_mode_s.c\n'}
[3.562814] (px4_msgs) StdoutLine: {'line': b'-- Up-to-date: /home/rschnurr/SkyClaw-Team1/ros2_ws/install/px4_msgs/local/lib/python3.10/dist-packages/px4_msgs/msg/_gpio_request.py\n'}
[3.562957] (px4_msgs) StdoutLine: {'line': b'-- Up-to-date: /home/rschnurr/SkyClaw-Team1/ros2_ws/install/px4_msgs/local/lib/python3.10/dist-packages/px4_msgs/msg/_wheel_encoders.py\n'}
[3.563620] (px4_msgs) StdoutLine: {'line': b'-- Up-to-date: /home/rschnurr/SkyClaw-Team1/ros2_ws/install/px4_msgs/local/lib/python3.10/dist-packages/px4_msgs/msg/_estimator_gps_status.py\n'}
[3.564078] (px4_msgs) StdoutLine: {'line': b'-- Up-to-date: /home/rschnurr/SkyClaw-Team1/ros2_ws/install/px4_msgs/local/lib/python3.10/dist-packages/px4_msgs/msg/_fixed_wing_runway_control.py\n'}
[3.564675] (-) TimerEvent: {}
[3.564939] (px4_msgs) StdoutLine: {'line': b'-- Up-to-date: /home/rschnurr/SkyClaw-Team1/ros2_ws/install/px4_msgs/local/lib/python3.10/dist-packages/px4_msgs/msg/_sensor_accel_fifo.py\n'}
[3.565071] (px4_msgs) StdoutLine: {'line': b'-- Up-to-date: /home/rschnurr/SkyClaw-Team1/ros2_ws/install/px4_msgs/local/lib/python3.10/dist-packages/px4_msgs/msg/_estimator_selector_status.py\n'}
[3.565465] (px4_msgs) StdoutLine: {'line': b'-- Up-to-date: /home/rschnurr/SkyClaw-Team1/ros2_ws/install/px4_msgs/local/lib/python3.10/dist-packages/px4_msgs/msg/_sensor_gyro_s.c\n'}
[3.565668] (px4_msgs) StdoutLine: {'line': b'-- Up-to-date: /home/rschnurr/SkyClaw-Team1/ros2_ws/install/px4_msgs/local/lib/python3.10/dist-packages/px4_msgs/msg/_sensor_selection_s.c\n'}
[3.565806] (px4_msgs) StdoutLine: {'line': b'-- Up-to-date: /home/rschnurr/SkyClaw-Team1/ros2_ws/install/px4_msgs/local/lib/python3.10/dist-packages/px4_msgs/msg/_vehicle_constraints_s.c\n'}
[3.566274] (px4_msgs) StdoutLine: {'line': b'-- Up-to-date: /home/rschnurr/SkyClaw-Team1/ros2_ws/install/px4_msgs/local/lib/python3.10/dist-packages/px4_msgs/msg/_uavcan_parameter_request.py\n'}
[3.566673] (px4_msgs) StdoutLine: {'line': b'-- Up-to-date: /home/rschnurr/SkyClaw-Team1/ros2_ws/install/px4_msgs/local/lib/python3.10/dist-packages/px4_msgs/msg/_dronecan_node_status.py\n'}
[3.566975] (px4_msgs) StdoutLine: {'line': b'-- Up-to-date: /home/rschnurr/SkyClaw-Team1/ros2_ws/install/px4_msgs/local/lib/python3.10/dist-packages/px4_msgs/msg/_distance_sensor_mode_change_request.py\n'}
[3.567372] (px4_msgs) StdoutLine: {'line': b'-- Up-to-date: /home/rschnurr/SkyClaw-Team1/ros2_ws/install/px4_msgs/local/lib/python3.10/dist-packages/px4_msgs/msg/_sensors_status_imu_s.c\n'}
[3.568056] (px4_msgs) StdoutLine: {'line': b'-- Up-to-date: /home/rschnurr/SkyClaw-Team1/ros2_ws/install/px4_msgs/local/lib/python3.10/dist-packages/px4_msgs/msg/_ping.py\n'}
[3.568596] (px4_msgs) StdoutLine: {'line': b'-- Up-to-date: /home/rschnurr/SkyClaw-Team1/ros2_ws/install/px4_msgs/local/lib/python3.10/dist-packages/px4_msgs/msg/_geofence_result_s.c\n'}
[3.568702] (px4_msgs) StdoutLine: {'line': b'-- Up-to-date: /home/rschnurr/SkyClaw-Team1/ros2_ws/install/px4_msgs/local/lib/python3.10/dist-packages/px4_msgs/msg/_rover_speed_setpoint.py\n'}
[3.568800] (px4_msgs) StdoutLine: {'line': b'-- Up-to-date: /home/rschnurr/SkyClaw-Team1/ros2_ws/install/px4_msgs/local/lib/python3.10/dist-packages/px4_msgs/msg/_vehicle_status.py\n'}
[3.568870] (px4_msgs) StdoutLine: {'line': b'-- Up-to-date: /home/rschnurr/SkyClaw-Team1/ros2_ws/install/px4_msgs/local/lib/python3.10/dist-packages/px4_msgs/msg/_actuator_motors.py\n'}
[3.568933] (px4_msgs) StdoutLine: {'line': b'-- Up-to-date: /home/rschnurr/SkyClaw-Team1/ros2_ws/install/px4_msgs/local/lib/python3.10/dist-packages/px4_msgs/msg/_sensor_preflight_mag_s.c\n'}
[3.568988] (px4_msgs) StdoutLine: {'line': b'-- Up-to-date: /home/rschnurr/SkyClaw-Team1/ros2_ws/install/px4_msgs/local/lib/python3.10/dist-packages/px4_msgs/msg/_mode_completed_s.c\n'}
[3.569034] (px4_msgs) StdoutLine: {'line': b'-- Up-to-date: /home/rschnurr/SkyClaw-Team1/ros2_ws/install/px4_msgs/local/lib/python3.10/dist-packages/px4_msgs/msg/_arming_check_reply_s.c\n'}
[3.569079] (px4_msgs) StdoutLine: {'line': b'-- Up-to-date: /home/rschnurr/SkyClaw-Team1/ros2_ws/install/px4_msgs/local/lib/python3.10/dist-packages/px4_msgs/msg/_uavcan_parameter_value_s.c\n'}
[3.569124] (px4_msgs) StdoutLine: {'line': b'-- Up-to-date: /home/rschnurr/SkyClaw-Team1/ros2_ws/install/px4_msgs/local/lib/python3.10/dist-packages/px4_msgs/msg/_position_setpoint.py\n'}
[3.569168] (px4_msgs) StdoutLine: {'line': b'-- Up-to-date: /home/rschnurr/SkyClaw-Team1/ros2_ws/install/px4_msgs/local/lib/python3.10/dist-packages/px4_msgs/msg/_landing_gear_wheel_s.c\n'}
[3.569213] (px4_msgs) StdoutLine: {'line': b'-- Up-to-date: /home/rschnurr/SkyClaw-Team1/ros2_ws/install/px4_msgs/local/lib/python3.10/dist-packages/px4_msgs/msg/_vehicle_land_detected.py\n'}
[3.569467] (px4_msgs) StdoutLine: {'line': b'-- Up-to-date: /home/rschnurr/SkyClaw-Team1/ros2_ws/install/px4_msgs/local/lib/python3.10/dist-packages/px4_msgs/msg/_yaw_estimator_status.py\n'}
[3.569570] (px4_msgs) StdoutLine: {'line': b'-- Up-to-date: /home/rschnurr/SkyClaw-Team1/ros2_ws/install/px4_msgs/local/lib/python3.10/dist-packages/px4_msgs/msg/_camera_trigger_s.c\n'}
[3.569626] (px4_msgs) StdoutLine: {'line': b'-- Up-to-date: /home/rschnurr/SkyClaw-Team1/ros2_ws/install/px4_msgs/local/lib/python3.10/dist-packages/px4_msgs/msg/_open_drone_id_self_id.py\n'}
[3.569675] (px4_msgs) StdoutLine: {'line': b'-- Up-to-date: /home/rschnurr/SkyClaw-Team1/ros2_ws/install/px4_msgs/local/lib/python3.10/dist-packages/px4_msgs/msg/_register_ext_component_request_s.c\n'}
[3.569722] (px4_msgs) StdoutLine: {'line': b'-- Up-to-date: /home/rschnurr/SkyClaw-Team1/ros2_ws/install/px4_msgs/local/lib/python3.10/dist-packages/px4_msgs/msg/_estimator_status_flags_s.c\n'}
[3.569773] (px4_msgs) StdoutLine: {'line': b'-- Up-to-date: /home/rschnurr/SkyClaw-Team1/ros2_ws/install/px4_msgs/local/lib/python3.10/dist-packages/px4_msgs/msg/_rc_channels.py\n'}
[3.569817] (px4_msgs) StdoutLine: {'line': b'-- Up-to-date: /home/rschnurr/SkyClaw-Team1/ros2_ws/install/px4_msgs/local/lib/python3.10/dist-packages/px4_msgs/msg/_collision_constraints.py\n'}
[3.569859] (px4_msgs) StdoutLine: {'line': b'-- Up-to-date: /home/rschnurr/SkyClaw-Team1/ros2_ws/install/px4_msgs/local/lib/python3.10/dist-packages/px4_msgs/msg/_adc_report_s.c\n'}
[3.569903] (px4_msgs) StdoutLine: {'line': b'-- Up-to-date: /home/rschnurr/SkyClaw-Team1/ros2_ws/install/px4_msgs/local/lib/python3.10/dist-packages/px4_msgs/_px4_msgs_s.ep.rosidl_typesupport_fastrtps_c.c\n'}
[3.569947] (px4_msgs) StdoutLine: {'line': b'-- Up-to-date: /home/rschnurr/SkyClaw-Team1/ros2_ws/install/px4_msgs/local/lib/python3.10/dist-packages/px4_msgs/libpx4_msgs__rosidl_generator_py.so\n'}
[3.569997] (px4_msgs) StdoutLine: {'line': b'-- Up-to-date: /home/rschnurr/SkyClaw-Team1/ros2_ws/install/px4_msgs/local/lib/python3.10/dist-packages/px4_msgs/px4_msgs_s__rosidl_typesupport_c.cpython-310-x86_64-linux-gnu.so\n'}
[3.570045] (px4_msgs) StdoutLine: {'line': b'-- Up-to-date: /home/rschnurr/SkyClaw-Team1/ros2_ws/install/px4_msgs/local/lib/python3.10/dist-packages/px4_msgs/px4_msgs_s__rosidl_typesupport_introspection_c.cpython-310-x86_64-linux-gnu.so\n'}
[3.570101] (px4_msgs) StdoutLine: {'line': b'-- Up-to-date: /home/rschnurr/SkyClaw-Team1/ros2_ws/install/px4_msgs/local/lib/python3.10/dist-packages/px4_msgs/__init__.py\n'}
[3.570153] (px4_msgs) StdoutLine: {'line': b'-- Up-to-date: /home/rschnurr/SkyClaw-Team1/ros2_ws/install/px4_msgs/local/lib/python3.10/dist-packages/px4_msgs/px4_msgs_s__rosidl_typesupport_fastrtps_c.cpython-310-x86_64-linux-gnu.so\n'}
[3.570412] (px4_msgs) StdoutLine: {'line': b"Listing '/home/rschnurr/SkyClaw-Team1/ros2_ws/install/px4_msgs/local/lib/python3.10/dist-packages/px4_msgs'...\n"}
[3.570894] (px4_msgs) StdoutLine: {'line': b"Listing '/home/rschnurr/SkyClaw-Team1/ros2_ws/install/px4_msgs/local/lib/python3.10/dist-packages/px4_msgs/msg'...\n"}
[3.571446] (px4_msgs) StdoutLine: {'line': b"Listing '/home/rschnurr/SkyClaw-Team1/ros2_ws/install/px4_msgs/local/lib/python3.10/dist-packages/px4_msgs/srv'...\n"}
[3.571919] (px4_msgs) StdoutLine: {'line': b'-- Up-to-date: /home/rschnurr/SkyClaw-Team1/ros2_ws/install/px4_msgs/local/lib/python3.10/dist-packages/px4_msgs/px4_msgs_s__rosidl_typesupport_fastrtps_c.cpython-310-x86_64-linux-gnu.so\n'}
[3.572557] (px4_msgs) StdoutLine: {'line': b'-- Up-to-date: /home/rschnurr/SkyClaw-Team1/ros2_ws/install/px4_msgs/local/lib/python3.10/dist-packages/px4_msgs/px4_msgs_s__rosidl_typesupport_introspection_c.cpython-310-x86_64-linux-gnu.so\n'}
[3.572720] (px4_msgs) StdoutLine: {'line': b'-- Up-to-date: /home/rschnurr/SkyClaw-Team1/ros2_ws/install/px4_msgs/local/lib/python3.10/dist-packages/px4_msgs/px4_msgs_s__rosidl_typesupport_c.cpython-310-x86_64-linux-gnu.so\n'}
[3.572785] (px4_msgs) StdoutLine: {'line': b'-- Up-to-date: /home/rschnurr/SkyClaw-Team1/ros2_ws/install/px4_msgs/lib/libpx4_msgs__rosidl_generator_py.so\n'}
[3.573116] (px4_msgs) StdoutLine: {'line': b'-- Up-to-date: /home/rschnurr/SkyClaw-Team1/ros2_ws/install/px4_msgs/share/px4_msgs/msg/ActionRequest.idl\n'}
[3.573495] (px4_msgs) StdoutLine: {'line': b'-- Up-to-date: /home/rschnurr/SkyClaw-Team1/ros2_ws/install/px4_msgs/share/px4_msgs/msg/ActuatorArmed.idl\n'}
[3.573943] (px4_msgs) StdoutLine: {'line': b'-- Up-to-date: /home/rschnurr/SkyClaw-Team1/ros2_ws/install/px4_msgs/share/px4_msgs/msg/ActuatorControlsStatus.idl\n'}
[3.574474] (px4_msgs) StdoutLine: {'line': b'-- Up-to-date: /home/rschnurr/SkyClaw-Team1/ros2_ws/install/px4_msgs/share/px4_msgs/msg/ActuatorMotors.idl\n'}
[3.574584] (px4_msgs) StdoutLine: {'line': b'-- Up-to-date: /home/rschnurr/SkyClaw-Team1/ros2_ws/install/px4_msgs/share/px4_msgs/msg/ActuatorOutputs.idl\n'}
[3.574662] (px4_msgs) StdoutLine: {'line': b'-- Up-to-date: /home/rschnurr/SkyClaw-Team1/ros2_ws/install/px4_msgs/share/px4_msgs/msg/ActuatorServos.idl\n'}
[3.574735] (px4_msgs) StdoutLine: {'line': b'-- Up-to-date: /home/rschnurr/SkyClaw-Team1/ros2_ws/install/px4_msgs/share/px4_msgs/msg/ActuatorServosTrim.idl\n'}
[3.575049] (px4_msgs) StdoutLine: {'line': b'-- Up-to-date: /home/rschnurr/SkyClaw-Team1/ros2_ws/install/px4_msgs/share/px4_msgs/msg/ActuatorTest.idl\n'}
[3.575139] (px4_msgs) StdoutLine: {'line': b'-- Up-to-date: /home/rschnurr/SkyClaw-Team1/ros2_ws/install/px4_msgs/share/px4_msgs/msg/AdcReport.idl\n'}
[3.575213] (px4_msgs) StdoutLine: {'line': b'-- Up-to-date: /home/rschnurr/SkyClaw-Team1/ros2_ws/install/px4_msgs/share/px4_msgs/msg/Airspeed.idl\n'}
[3.575278] (px4_msgs) StdoutLine: {'line': b'-- Up-to-date: /home/rschnurr/SkyClaw-Team1/ros2_ws/install/px4_msgs/share/px4_msgs/msg/AirspeedValidated.idl\n'}
[3.575340] (px4_msgs) StdoutLine: {'line': b'-- Up-to-date: /home/rschnurr/SkyClaw-Team1/ros2_ws/install/px4_msgs/share/px4_msgs/msg/AirspeedWind.idl\n'}
[3.575405] (px4_msgs) StdoutLine: {'line': b'-- Up-to-date: /home/rschnurr/SkyClaw-Team1/ros2_ws/install/px4_msgs/share/px4_msgs/msg/ArmingCheckReply.idl\n'}
[3.575465] (px4_msgs) StdoutLine: {'line': b'-- Up-to-date: /home/rschnurr/SkyClaw-Team1/ros2_ws/install/px4_msgs/share/px4_msgs/msg/ArmingCheckRequest.idl\n'}
[3.575747] (px4_msgs) StdoutLine: {'line': b'-- Up-to-date: /home/rschnurr/SkyClaw-Team1/ros2_ws/install/px4_msgs/share/px4_msgs/msg/AutotuneAttitudeControlStatus.idl\n'}
[3.576150] (px4_msgs) StdoutLine: {'line': b'-- Up-to-date: /home/rschnurr/SkyClaw-Team1/ros2_ws/install/px4_msgs/share/px4_msgs/msg/BatteryInfo.idl\n'}
[3.576677] (px4_msgs) StdoutLine: {'line': b'-- Up-to-date: /home/rschnurr/SkyClaw-Team1/ros2_ws/install/px4_msgs/share/px4_msgs/msg/BatteryStatus.idl\n'}
[3.576769] (px4_msgs) StdoutLine: {'line': b'-- Up-to-date: /home/rschnurr/SkyClaw-Team1/ros2_ws/install/px4_msgs/share/px4_msgs/msg/ButtonEvent.idl\n'}
[3.576829] (px4_msgs) StdoutLine: {'line': b'-- Up-to-date: /home/rschnurr/SkyClaw-Team1/ros2_ws/install/px4_msgs/share/px4_msgs/msg/CameraCapture.idl\n'}
[3.576877] (px4_msgs) StdoutLine: {'line': b'-- Up-to-date: /home/rschnurr/SkyClaw-Team1/ros2_ws/install/px4_msgs/share/px4_msgs/msg/CameraStatus.idl\n'}
[3.576925] (px4_msgs) StdoutLine: {'line': b'-- Up-to-date: /home/rschnurr/SkyClaw-Team1/ros2_ws/install/px4_msgs/share/px4_msgs/msg/CameraTrigger.idl\n'}
[3.576975] (px4_msgs) StdoutLine: {'line': b'-- Up-to-date: /home/rschnurr/SkyClaw-Team1/ros2_ws/install/px4_msgs/share/px4_msgs/msg/CanInterfaceStatus.idl\n'}
[3.577029] (px4_msgs) StdoutLine: {'line': b'-- Up-to-date: /home/rschnurr/SkyClaw-Team1/ros2_ws/install/px4_msgs/share/px4_msgs/msg/CellularStatus.idl\n'}
[3.577269] (px4_msgs) StdoutLine: {'line': b'-- Up-to-date: /home/rschnurr/SkyClaw-Team1/ros2_ws/install/px4_msgs/share/px4_msgs/msg/CollisionConstraints.idl\n'}
[3.577337] (px4_msgs) StdoutLine: {'line': b'-- Up-to-date: /home/rschnurr/SkyClaw-Team1/ros2_ws/install/px4_msgs/share/px4_msgs/msg/ConfigOverrides.idl\n'}
[3.577395] (px4_msgs) StdoutLine: {'line': b'-- Up-to-date: /home/rschnurr/SkyClaw-Team1/ros2_ws/install/px4_msgs/share/px4_msgs/msg/ControlAllocatorStatus.idl\n'}
[3.577445] (px4_msgs) StdoutLine: {'line': b'-- Up-to-date: /home/rschnurr/SkyClaw-Team1/ros2_ws/install/px4_msgs/share/px4_msgs/msg/Cpuload.idl\n'}
[3.577492] (px4_msgs) StdoutLine: {'line': b'-- Up-to-date: /home/rschnurr/SkyClaw-Team1/ros2_ws/install/px4_msgs/share/px4_msgs/msg/DatamanRequest.idl\n'}
[3.577537] (px4_msgs) StdoutLine: {'line': b'-- Up-to-date: /home/rschnurr/SkyClaw-Team1/ros2_ws/install/px4_msgs/share/px4_msgs/msg/DatamanResponse.idl\n'}
[3.577580] (px4_msgs) StdoutLine: {'line': b'-- Up-to-date: /home/rschnurr/SkyClaw-Team1/ros2_ws/install/px4_msgs/share/px4_msgs/msg/DebugArray.idl\n'}
[3.577625] (px4_msgs) StdoutLine: {'line': b'-- Up-to-date: /home/rschnurr/SkyClaw-Team1/ros2_ws/install/px4_msgs/share/px4_msgs/msg/DebugKeyValue.idl\n'}
[3.577669] (px4_msgs) StdoutLine: {'line': b'-- Up-to-date: /home/rschnurr/SkyClaw-Team1/ros2_ws/install/px4_msgs/share/px4_msgs/msg/DebugValue.idl\n'}
[3.578052] (px4_msgs) StdoutLine: {'line': b'-- Up-to-date: /home/rschnurr/SkyClaw-Team1/ros2_ws/install/px4_msgs/share/px4_msgs/msg/DebugVect.idl\n'}
[3.578929] (px4_msgs) StdoutLine: {'line': b'-- Up-to-date: /home/rschnurr/SkyClaw-Team1/ros2_ws/install/px4_msgs/share/px4_msgs/msg/DifferentialPressure.idl\n'}
[3.579131] (px4_msgs) StdoutLine: {'line': b'-- Up-to-date: /home/rschnurr/SkyClaw-Team1/ros2_ws/install/px4_msgs/share/px4_msgs/msg/DistanceSensor.idl\n'}
[3.579500] (px4_msgs) StdoutLine: {'line': b'-- Up-to-date: /home/rschnurr/SkyClaw-Team1/ros2_ws/install/px4_msgs/share/px4_msgs/msg/DistanceSensorModeChangeRequest.idl\n'}
[3.580196] (px4_msgs) StdoutLine: {'line': b'-- Up-to-date: /home/rschnurr/SkyClaw-Team1/ros2_ws/install/px4_msgs/share/px4_msgs/msg/DronecanNodeStatus.idl\n'}
[3.580911] (px4_msgs) StdoutLine: {'line': b'-- Up-to-date: /home/rschnurr/SkyClaw-Team1/ros2_ws/install/px4_msgs/share/px4_msgs/msg/Ekf2Timestamps.idl\n'}
[3.581662] (px4_msgs) StdoutLine: {'line': b'-- Up-to-date: /home/rschnurr/SkyClaw-Team1/ros2_ws/install/px4_msgs/share/px4_msgs/msg/EscReport.idl\n'}
[3.582592] (px4_msgs) StdoutLine: {'line': b'-- Up-to-date: /home/rschnurr/SkyClaw-Team1/ros2_ws/install/px4_msgs/share/px4_msgs/msg/EscStatus.idl\n'}
[3.583140] (px4_msgs) StdoutLine: {'line': b'-- Up-to-date: /home/rschnurr/SkyClaw-Team1/ros2_ws/install/px4_msgs/share/px4_msgs/msg/EstimatorAidSource1d.idl\n'}
[3.583828] (px4_msgs) StdoutLine: {'line': b'-- Up-to-date: /home/rschnurr/SkyClaw-Team1/ros2_ws/install/px4_msgs/share/px4_msgs/msg/EstimatorAidSource2d.idl\n'}
[3.584532] (px4_msgs) StdoutLine: {'line': b'-- Up-to-date: /home/rschnurr/SkyClaw-Team1/ros2_ws/install/px4_msgs/share/px4_msgs/msg/EstimatorAidSource3d.idl\n'}
[3.585448] (px4_msgs) StdoutLine: {'line': b'-- Up-to-date: /home/rschnurr/SkyClaw-Team1/ros2_ws/install/px4_msgs/share/px4_msgs/msg/EstimatorBias.idl\n'}
[3.586330] (px4_msgs) StdoutLine: {'line': b'-- Up-to-date: /home/rschnurr/SkyClaw-Team1/ros2_ws/install/px4_msgs/share/px4_msgs/msg/EstimatorBias3d.idl\n'}
[3.586642] (px4_msgs) StdoutLine: {'line': b'-- Up-to-date: /home/rschnurr/SkyClaw-Team1/ros2_ws/install/px4_msgs/share/px4_msgs/msg/EstimatorEventFlags.idl\n'}
[3.587550] (px4_msgs) StdoutLine: {'line': b'-- Up-to-date: /home/rschnurr/SkyClaw-Team1/ros2_ws/install/px4_msgs/share/px4_msgs/msg/EstimatorGpsStatus.idl\n'}
[3.588318] (px4_msgs) StdoutLine: {'line': b'-- Up-to-date: /home/rschnurr/SkyClaw-Team1/ros2_ws/install/px4_msgs/share/px4_msgs/msg/EstimatorInnovations.idl\n'}
[3.588955] (px4_msgs) StdoutLine: {'line': b'-- Up-to-date: /home/rschnurr/SkyClaw-Team1/ros2_ws/install/px4_msgs/share/px4_msgs/msg/EstimatorSelectorStatus.idl\n'}
[3.589554] (px4_msgs) StdoutLine: {'line': b'-- Up-to-date: /home/rschnurr/SkyClaw-Team1/ros2_ws/install/px4_msgs/share/px4_msgs/msg/EstimatorSensorBias.idl\n'}
[3.590248] (px4_msgs) StdoutLine: {'line': b'-- Up-to-date: /home/rschnurr/SkyClaw-Team1/ros2_ws/install/px4_msgs/share/px4_msgs/msg/EstimatorStates.idl\n'}
[3.590984] (px4_msgs) StdoutLine: {'line': b'-- Up-to-date: /home/rschnurr/SkyClaw-Team1/ros2_ws/install/px4_msgs/share/px4_msgs/msg/EstimatorStatus.idl\n'}
[3.591473] (px4_msgs) StdoutLine: {'line': b'-- Up-to-date: /home/rschnurr/SkyClaw-Team1/ros2_ws/install/px4_msgs/share/px4_msgs/msg/EstimatorStatusFlags.idl\n'}
[3.592035] (px4_msgs) StdoutLine: {'line': b'-- Up-to-date: /home/rschnurr/SkyClaw-Team1/ros2_ws/install/px4_msgs/share/px4_msgs/msg/Event.idl\n'}
[3.592791] (px4_msgs) StdoutLine: {'line': b'-- Up-to-date: /home/rschnurr/SkyClaw-Team1/ros2_ws/install/px4_msgs/share/px4_msgs/msg/FailsafeFlags.idl\n'}
[3.593623] (px4_msgs) StdoutLine: {'line': b'-- Up-to-date: /home/rschnurr/SkyClaw-Team1/ros2_ws/install/px4_msgs/share/px4_msgs/msg/FailureDetectorStatus.idl\n'}
[3.594350] (px4_msgs) StdoutLine: {'line': b'-- Up-to-date: /home/rschnurr/SkyClaw-Team1/ros2_ws/install/px4_msgs/share/px4_msgs/msg/FigureEightStatus.idl\n'}
[3.594994] (px4_msgs) StdoutLine: {'line': b'-- Up-to-date: /home/rschnurr/SkyClaw-Team1/ros2_ws/install/px4_msgs/share/px4_msgs/msg/FixedWingLateralGuidanceStatus.idl\n'}
[3.595949] (px4_msgs) StdoutLine: {'line': b'-- Up-to-date: /home/rschnurr/SkyClaw-Team1/ros2_ws/install/px4_msgs/share/px4_msgs/msg/FixedWingLateralSetpoint.idl\n'}
[3.596939] (px4_msgs) StdoutLine: {'line': b'-- Up-to-date: /home/rschnurr/SkyClaw-Team1/ros2_ws/install/px4_msgs/share/px4_msgs/msg/FixedWingLateralStatus.idl\n'}
[3.597557] (px4_msgs) StdoutLine: {'line': b'-- Up-to-date: /home/rschnurr/SkyClaw-Team1/ros2_ws/install/px4_msgs/share/px4_msgs/msg/FixedWingLongitudinalSetpoint.idl\n'}
[3.598204] (px4_msgs) StdoutLine: {'line': b'-- Up-to-date: /home/rschnurr/SkyClaw-Team1/ros2_ws/install/px4_msgs/share/px4_msgs/msg/FixedWingRunwayControl.idl\n'}
[3.599108] (px4_msgs) StdoutLine: {'line': b'-- Up-to-date: /home/rschnurr/SkyClaw-Team1/ros2_ws/install/px4_msgs/share/px4_msgs/msg/FlightPhaseEstimation.idl\n'}
[3.600008] (px4_msgs) StdoutLine: {'line': b'-- Up-to-date: /home/rschnurr/SkyClaw-Team1/ros2_ws/install/px4_msgs/share/px4_msgs/msg/FollowTarget.idl\n'}
[3.600933] (px4_msgs) StdoutLine: {'line': b'-- Up-to-date: /home/rschnurr/SkyClaw-Team1/ros2_ws/install/px4_msgs/share/px4_msgs/msg/FollowTargetEstimator.idl\n'}
[3.601242] (px4_msgs) StdoutLine: {'line': b'-- Up-to-date: /home/rschnurr/SkyClaw-Team1/ros2_ws/install/px4_msgs/share/px4_msgs/msg/FollowTargetStatus.idl\n'}
[3.602113] (px4_msgs) StdoutLine: {'line': b'-- Up-to-date: /home/rschnurr/SkyClaw-Team1/ros2_ws/install/px4_msgs/share/px4_msgs/msg/FuelTankStatus.idl\n'}
[3.602843] (px4_msgs) StdoutLine: {'line': b'-- Up-to-date: /home/rschnurr/SkyClaw-Team1/ros2_ws/install/px4_msgs/share/px4_msgs/msg/GeneratorStatus.idl\n'}
[3.603350] (px4_msgs) StdoutLine: {'line': b'-- Up-to-date: /home/rschnurr/SkyClaw-Team1/ros2_ws/install/px4_msgs/share/px4_msgs/msg/GeofenceResult.idl\n'}
[3.603946] (px4_msgs) StdoutLine: {'line': b'-- Up-to-date: /home/rschnurr/SkyClaw-Team1/ros2_ws/install/px4_msgs/share/px4_msgs/msg/GeofenceStatus.idl\n'}
[3.604552] (px4_msgs) StdoutLine: {'line': b'-- Up-to-date: /home/rschnurr/SkyClaw-Team1/ros2_ws/install/px4_msgs/share/px4_msgs/msg/GimbalControls.idl\n'}
[3.605376] (px4_msgs) StdoutLine: {'line': b'-- Up-to-date: /home/rschnurr/SkyClaw-Team1/ros2_ws/install/px4_msgs/share/px4_msgs/msg/GimbalDeviceAttitudeStatus.idl\n'}
[3.606001] (px4_msgs) StdoutLine: {'line': b'-- Up-to-date: /home/rschnurr/SkyClaw-Team1/ros2_ws/install/px4_msgs/share/px4_msgs/msg/GimbalDeviceInformation.idl\n'}
[3.606718] (px4_msgs) StdoutLine: {'line': b'-- Up-to-date: /home/rschnurr/SkyClaw-Team1/ros2_ws/install/px4_msgs/share/px4_msgs/msg/GimbalDeviceSetAttitude.idl\n'}
[3.607544] (px4_msgs) StdoutLine: {'line': b'-- Up-to-date: /home/rschnurr/SkyClaw-Team1/ros2_ws/install/px4_msgs/share/px4_msgs/msg/GimbalManagerInformation.idl\n'}
[3.608406] (px4_msgs) StdoutLine: {'line': b'-- Up-to-date: /home/rschnurr/SkyClaw-Team1/ros2_ws/install/px4_msgs/share/px4_msgs/msg/GimbalManagerSetAttitude.idl\n'}
[3.609057] (px4_msgs) StdoutLine: {'line': b'-- Up-to-date: /home/rschnurr/SkyClaw-Team1/ros2_ws/install/px4_msgs/share/px4_msgs/msg/GimbalManagerSetManualControl.idl\n'}
[3.609789] (px4_msgs) StdoutLine: {'line': b'-- Up-to-date: /home/rschnurr/SkyClaw-Team1/ros2_ws/install/px4_msgs/share/px4_msgs/msg/GimbalManagerStatus.idl\n'}
[3.610511] (px4_msgs) StdoutLine: {'line': b'-- Up-to-date: /home/rschnurr/SkyClaw-Team1/ros2_ws/install/px4_msgs/share/px4_msgs/msg/GotoSetpoint.idl\n'}
[3.611488] (px4_msgs) StdoutLine: {'line': b'-- Up-to-date: /home/rschnurr/SkyClaw-Team1/ros2_ws/install/px4_msgs/share/px4_msgs/msg/GpioConfig.idl\n'}
[3.612111] (px4_msgs) StdoutLine: {'line': b'-- Up-to-date: /home/rschnurr/SkyClaw-Team1/ros2_ws/install/px4_msgs/share/px4_msgs/msg/GpioIn.idl\n'}
[3.612845] (px4_msgs) StdoutLine: {'line': b'-- Up-to-date: /home/rschnurr/SkyClaw-Team1/ros2_ws/install/px4_msgs/share/px4_msgs/msg/GpioOut.idl\n'}
[3.613483] (px4_msgs) StdoutLine: {'line': b'-- Up-to-date: /home/rschnurr/SkyClaw-Team1/ros2_ws/install/px4_msgs/share/px4_msgs/msg/GpioRequest.idl\n'}
[3.614241] (px4_msgs) StdoutLine: {'line': b'-- Up-to-date: /home/rschnurr/SkyClaw-Team1/ros2_ws/install/px4_msgs/share/px4_msgs/msg/GpsDump.idl\n'}
[3.615268] (px4_msgs) StdoutLine: {'line': b'-- Up-to-date: /home/rschnurr/SkyClaw-Team1/ros2_ws/install/px4_msgs/share/px4_msgs/msg/GpsInjectData.idl\n'}
[3.615632] (px4_msgs) StdoutLine: {'line': b'-- Up-to-date: /home/rschnurr/SkyClaw-Team1/ros2_ws/install/px4_msgs/share/px4_msgs/msg/Gripper.idl\n'}
[3.617078] (px4_msgs) StdoutLine: {'line': b'-- Up-to-date: /home/rschnurr/SkyClaw-Team1/ros2_ws/install/px4_msgs/share/px4_msgs/msg/HealthReport.idl\n'}
[3.617955] (px4_msgs) StdoutLine: {'line': b'-- Up-to-date: /home/rschnurr/SkyClaw-Team1/ros2_ws/install/px4_msgs/share/px4_msgs/msg/HeaterStatus.idl\n'}
[3.618497] (px4_msgs) StdoutLine: {'line': b'-- Up-to-date: /home/rschnurr/SkyClaw-Team1/ros2_ws/install/px4_msgs/share/px4_msgs/msg/HomePosition.idl\n'}
[3.619050] (px4_msgs) StdoutLine: {'line': b'-- Up-to-date: /home/rschnurr/SkyClaw-Team1/ros2_ws/install/px4_msgs/share/px4_msgs/msg/HoverThrustEstimate.idl\n'}
[3.619675] (px4_msgs) StdoutLine: {'line': b'-- Up-to-date: /home/rschnurr/SkyClaw-Team1/ros2_ws/install/px4_msgs/share/px4_msgs/msg/InputRc.idl\n'}
[3.620618] (px4_msgs) StdoutLine: {'line': b'-- Up-to-date: /home/rschnurr/SkyClaw-Team1/ros2_ws/install/px4_msgs/share/px4_msgs/msg/InternalCombustionEngineControl.idl\n'}
[3.621418] (px4_msgs) StdoutLine: {'line': b'-- Up-to-date: /home/rschnurr/SkyClaw-Team1/ros2_ws/install/px4_msgs/share/px4_msgs/msg/InternalCombustionEngineStatus.idl\n'}
[3.622077] (px4_msgs) StdoutLine: {'line': b'-- Up-to-date: /home/rschnurr/SkyClaw-Team1/ros2_ws/install/px4_msgs/share/px4_msgs/msg/IridiumsbdStatus.idl\n'}
[3.622990] (px4_msgs) StdoutLine: {'line': b'-- Up-to-date: /home/rschnurr/SkyClaw-Team1/ros2_ws/install/px4_msgs/share/px4_msgs/msg/IrlockReport.idl\n'}
[3.623885] (px4_msgs) StdoutLine: {'line': b'-- Up-to-date: /home/rschnurr/SkyClaw-Team1/ros2_ws/install/px4_msgs/share/px4_msgs/msg/LandingGear.idl\n'}
[3.624552] (px4_msgs) StdoutLine: {'line': b'-- Up-to-date: /home/rschnurr/SkyClaw-Team1/ros2_ws/install/px4_msgs/share/px4_msgs/msg/LandingGearWheel.idl\n'}
[3.625370] (px4_msgs) StdoutLine: {'line': b'-- Up-to-date: /home/rschnurr/SkyClaw-Team1/ros2_ws/install/px4_msgs/share/px4_msgs/msg/LandingTargetInnovations.idl\n'}
[3.626294] (px4_msgs) StdoutLine: {'line': b'-- Up-to-date: /home/rschnurr/SkyClaw-Team1/ros2_ws/install/px4_msgs/share/px4_msgs/msg/LandingTargetPose.idl\n'}
[3.627317] (px4_msgs) StdoutLine: {'line': b'-- Up-to-date: /home/rschnurr/SkyClaw-Team1/ros2_ws/install/px4_msgs/share/px4_msgs/msg/LateralControlConfiguration.idl\n'}
[3.628303] (px4_msgs) StdoutLine: {'line': b'-- Up-to-date: /home/rschnurr/SkyClaw-Team1/ros2_ws/install/px4_msgs/share/px4_msgs/msg/LaunchDetectionStatus.idl\n'}
[3.629046] (px4_msgs) StdoutLine: {'line': b'-- Up-to-date: /home/rschnurr/SkyClaw-Team1/ros2_ws/install/px4_msgs/share/px4_msgs/msg/LedControl.idl\n'}
[3.629896] (px4_msgs) StdoutLine: {'line': b'-- Up-to-date: /home/rschnurr/SkyClaw-Team1/ros2_ws/install/px4_msgs/share/px4_msgs/msg/LogMessage.idl\n'}
[3.630891] (px4_msgs) StdoutLine: {'line': b'-- Up-to-date: /home/rschnurr/SkyClaw-Team1/ros2_ws/install/px4_msgs/share/px4_msgs/msg/LoggerStatus.idl\n'}
[3.631507] (px4_msgs) StdoutLine: {'line': b'-- Up-to-date: /home/rschnurr/SkyClaw-Team1/ros2_ws/install/px4_msgs/share/px4_msgs/msg/LongitudinalControlConfiguration.idl\n'}
[3.632345] (px4_msgs) StdoutLine: {'line': b'-- Up-to-date: /home/rschnurr/SkyClaw-Team1/ros2_ws/install/px4_msgs/share/px4_msgs/msg/MagWorkerData.idl\n'}
[3.633397] (px4_msgs) StdoutLine: {'line': b'-- Up-to-date: /home/rschnurr/SkyClaw-Team1/ros2_ws/install/px4_msgs/share/px4_msgs/msg/MagnetometerBiasEstimate.idl\n'}
[3.634285] (px4_msgs) StdoutLine: {'line': b'-- Up-to-date: /home/rschnurr/SkyClaw-Team1/ros2_ws/install/px4_msgs/share/px4_msgs/msg/ManualControlSetpoint.idl\n'}
[3.635793] (px4_msgs) StdoutLine: {'line': b'-- Up-to-date: /home/rschnurr/SkyClaw-Team1/ros2_ws/install/px4_msgs/share/px4_msgs/msg/ManualControlSwitches.idl\n'}
[3.635992] (px4_msgs) StdoutLine: {'line': b'-- Up-to-date: /home/rschnurr/SkyClaw-Team1/ros2_ws/install/px4_msgs/share/px4_msgs/msg/MavlinkLog.idl\n'}
[3.637113] (px4_msgs) StdoutLine: {'line': b'-- Up-to-date: /home/rschnurr/SkyClaw-Team1/ros2_ws/install/px4_msgs/share/px4_msgs/msg/MavlinkTunnel.idl\n'}
[3.637986] (px4_msgs) StdoutLine: {'line': b'-- Up-to-date: /home/rschnurr/SkyClaw-Team1/ros2_ws/install/px4_msgs/share/px4_msgs/msg/MessageFormatRequest.idl\n'}
[3.638844] (px4_msgs) StdoutLine: {'line': b'-- Up-to-date: /home/rschnurr/SkyClaw-Team1/ros2_ws/install/px4_msgs/share/px4_msgs/msg/MessageFormatResponse.idl\n'}
[3.639461] (px4_msgs) StdoutLine: {'line': b'-- Up-to-date: /home/rschnurr/SkyClaw-Team1/ros2_ws/install/px4_msgs/share/px4_msgs/msg/Mission.idl\n'}
[3.640307] (px4_msgs) StdoutLine: {'line': b'-- Up-to-date: /home/rschnurr/SkyClaw-Team1/ros2_ws/install/px4_msgs/share/px4_msgs/msg/MissionResult.idl\n'}
[3.641292] (px4_msgs) StdoutLine: {'line': b'-- Up-to-date: /home/rschnurr/SkyClaw-Team1/ros2_ws/install/px4_msgs/share/px4_msgs/msg/ModeCompleted.idl\n'}
[3.641888] (px4_msgs) StdoutLine: {'line': b'-- Up-to-date: /home/rschnurr/SkyClaw-Team1/ros2_ws/install/px4_msgs/share/px4_msgs/msg/MountOrientation.idl\n'}
[3.642523] (px4_msgs) StdoutLine: {'line': b'-- Up-to-date: /home/rschnurr/SkyClaw-Team1/ros2_ws/install/px4_msgs/share/px4_msgs/msg/NavigatorMissionItem.idl\n'}
[3.643275] (px4_msgs) StdoutLine: {'line': b'-- Up-to-date: /home/rschnurr/SkyClaw-Team1/ros2_ws/install/px4_msgs/share/px4_msgs/msg/NavigatorStatus.idl\n'}
[3.644113] (px4_msgs) StdoutLine: {'line': b'-- Up-to-date: /home/rschnurr/SkyClaw-Team1/ros2_ws/install/px4_msgs/share/px4_msgs/msg/NeuralControl.idl\n'}
[3.646612] (px4_msgs) StdoutLine: {'line': b'-- Up-to-date: /home/rschnurr/SkyClaw-Team1/ros2_ws/install/px4_msgs/share/px4_msgs/msg/NormalizedUnsignedSetpoint.idl\n'}
[3.649334] (px4_msgs) StdoutLine: {'line': b'-- Up-to-date: /home/rschnurr/SkyClaw-Team1/ros2_ws/install/px4_msgs/share/px4_msgs/msg/ObstacleDistance.idl\n'}
[3.652922] (px4_msgs) StdoutLine: {'line': b'-- Up-to-date: /home/rschnurr/SkyClaw-Team1/ros2_ws/install/px4_msgs/share/px4_msgs/msg/OffboardControlMode.idl\n'}
[3.654510] (px4_msgs) StdoutLine: {'line': b'-- Up-to-date: /home/rschnurr/SkyClaw-Team1/ros2_ws/install/px4_msgs/share/px4_msgs/msg/OnboardComputerStatus.idl\n'}
[3.655391] (px4_msgs) StdoutLine: {'line': b'-- Up-to-date: /home/rschnurr/SkyClaw-Team1/ros2_ws/install/px4_msgs/share/px4_msgs/msg/OpenDroneIdArmStatus.idl\n'}
[3.656115] (px4_msgs) StdoutLine: {'line': b'-- Up-to-date: /home/rschnurr/SkyClaw-Team1/ros2_ws/install/px4_msgs/share/px4_msgs/msg/OpenDroneIdOperatorId.idl\n'}
[3.657139] (px4_msgs) StdoutLine: {'line': b'-- Up-to-date: /home/rschnurr/SkyClaw-Team1/ros2_ws/install/px4_msgs/share/px4_msgs/msg/OpenDroneIdSelfId.idl\n'}
[3.658177] (px4_msgs) StdoutLine: {'line': b'-- Up-to-date: /home/rschnurr/SkyClaw-Team1/ros2_ws/install/px4_msgs/share/px4_msgs/msg/OpenDroneIdSystem.idl\n'}
[3.659499] (px4_msgs) StdoutLine: {'line': b'-- Up-to-date: /home/rschnurr/SkyClaw-Team1/ros2_ws/install/px4_msgs/share/px4_msgs/msg/OrbTest.idl\n'}
[3.660113] (px4_msgs) StdoutLine: {'line': b'-- Up-to-date: /home/rschnurr/SkyClaw-Team1/ros2_ws/install/px4_msgs/share/px4_msgs/msg/OrbTestLarge.idl\n'}
[3.661855] (px4_msgs) StdoutLine: {'line': b'-- Up-to-date: /home/rschnurr/SkyClaw-Team1/ros2_ws/install/px4_msgs/share/px4_msgs/msg/OrbTestMedium.idl\n'}
[3.663098] (px4_msgs) StdoutLine: {'line': b'-- Up-to-date: /home/rschnurr/SkyClaw-Team1/ros2_ws/install/px4_msgs/share/px4_msgs/msg/OrbitStatus.idl\n'}
[3.664863] (-) TimerEvent: {}
[3.668760] (px4_msgs) StdoutLine: {'line': b'-- Up-to-date: /home/rschnurr/SkyClaw-Team1/ros2_ws/install/px4_msgs/share/px4_msgs/msg/ParameterResetRequest.idl\n'}
[3.669515] (px4_msgs) StdoutLine: {'line': b'-- Up-to-date: /home/rschnurr/SkyClaw-Team1/ros2_ws/install/px4_msgs/share/px4_msgs/msg/ParameterSetUsedRequest.idl\n'}
[3.670991] (px4_msgs) StdoutLine: {'line': b'-- Up-to-date: /home/rschnurr/SkyClaw-Team1/ros2_ws/install/px4_msgs/share/px4_msgs/msg/ParameterSetValueRequest.idl\n'}
[3.671910] (px4_msgs) StdoutLine: {'line': b'-- Up-to-date: /home/rschnurr/SkyClaw-Team1/ros2_ws/install/px4_msgs/share/px4_msgs/msg/ParameterSetValueResponse.idl\n'}
[3.672646] (px4_msgs) StdoutLine: {'line': b'-- Up-to-date: /home/rschnurr/SkyClaw-Team1/ros2_ws/install/px4_msgs/share/px4_msgs/msg/ParameterUpdate.idl\n'}
[3.673434] (px4_msgs) StdoutLine: {'line': b'-- Up-to-date: /home/rschnurr/SkyClaw-Team1/ros2_ws/install/px4_msgs/share/px4_msgs/msg/Ping.idl\n'}
[3.674228] (px4_msgs) StdoutLine: {'line': b'-- Up-to-date: /home/rschnurr/SkyClaw-Team1/ros2_ws/install/px4_msgs/share/px4_msgs/msg/PositionControllerLandingStatus.idl\n'}
[3.675264] (px4_msgs) StdoutLine: {'line': b'-- Up-to-date: /home/rschnurr/SkyClaw-Team1/ros2_ws/install/px4_msgs/share/px4_msgs/msg/PositionControllerStatus.idl\n'}
[3.676059] (px4_msgs) StdoutLine: {'line': b'-- Up-to-date: /home/rschnurr/SkyClaw-Team1/ros2_ws/install/px4_msgs/share/px4_msgs/msg/PositionSetpoint.idl\n'}
[3.676992] (px4_msgs) StdoutLine: {'line': b'-- Up-to-date: /home/rschnurr/SkyClaw-Team1/ros2_ws/install/px4_msgs/share/px4_msgs/msg/PositionSetpointTriplet.idl\n'}
[3.678611] (px4_msgs) StdoutLine: {'line': b'-- Up-to-date: /home/rschnurr/SkyClaw-Team1/ros2_ws/install/px4_msgs/share/px4_msgs/msg/PowerButtonState.idl\n'}
[3.679644] (px4_msgs) StdoutLine: {'line': b'-- Up-to-date: /home/rschnurr/SkyClaw-Team1/ros2_ws/install/px4_msgs/share/px4_msgs/msg/PowerMonitor.idl\n'}
[3.680224] (px4_msgs) StdoutLine: {'line': b'-- Up-to-date: /home/rschnurr/SkyClaw-Team1/ros2_ws/install/px4_msgs/share/px4_msgs/msg/PpsCapture.idl\n'}
[3.680807] (px4_msgs) StdoutLine: {'line': b'-- Up-to-date: /home/rschnurr/SkyClaw-Team1/ros2_ws/install/px4_msgs/share/px4_msgs/msg/PurePursuitStatus.idl\n'}
[3.680938] (px4_msgs) StdoutLine: {'line': b'-- Up-to-date: /home/rschnurr/SkyClaw-Team1/ros2_ws/install/px4_msgs/share/px4_msgs/msg/PwmInput.idl\n'}
[3.681783] (px4_msgs) StdoutLine: {'line': b'-- Up-to-date: /home/rschnurr/SkyClaw-Team1/ros2_ws/install/px4_msgs/share/px4_msgs/msg/Px4ioStatus.idl\n'}
[3.682653] (px4_msgs) StdoutLine: {'line': b'-- Up-to-date: /home/rschnurr/SkyClaw-Team1/ros2_ws/install/px4_msgs/share/px4_msgs/msg/QshellReq.idl\n'}
[3.683906] (px4_msgs) StdoutLine: {'line': b'-- Up-to-date: /home/rschnurr/SkyClaw-Team1/ros2_ws/install/px4_msgs/share/px4_msgs/msg/QshellRetval.idl\n'}
[3.686409] (px4_msgs) StdoutLine: {'line': b'-- Up-to-date: /home/rschnurr/SkyClaw-Team1/ros2_ws/install/px4_msgs/share/px4_msgs/msg/RadioStatus.idl\n'}
[3.688561] (px4_msgs) StdoutLine: {'line': b'-- Up-to-date: /home/rschnurr/SkyClaw-Team1/ros2_ws/install/px4_msgs/share/px4_msgs/msg/RateCtrlStatus.idl\n'}
[3.689203] (px4_msgs) StdoutLine: {'line': b'-- Up-to-date: /home/rschnurr/SkyClaw-Team1/ros2_ws/install/px4_msgs/share/px4_msgs/msg/RcChannels.idl\n'}
[3.689958] (px4_msgs) StdoutLine: {'line': b'-- Up-to-date: /home/rschnurr/SkyClaw-Team1/ros2_ws/install/px4_msgs/share/px4_msgs/msg/RcParameterMap.idl\n'}
[3.690891] (px4_msgs) StdoutLine: {'line': b'-- Up-to-date: /home/rschnurr/SkyClaw-Team1/ros2_ws/install/px4_msgs/share/px4_msgs/msg/RegisterExtComponentReply.idl\n'}
[3.693750] (px4_msgs) StdoutLine: {'line': b'-- Up-to-date: /home/rschnurr/SkyClaw-Team1/ros2_ws/install/px4_msgs/share/px4_msgs/msg/RegisterExtComponentRequest.idl\n'}
[3.694062] (px4_msgs) StdoutLine: {'line': b'-- Up-to-date: /home/rschnurr/SkyClaw-Team1/ros2_ws/install/px4_msgs/share/px4_msgs/msg/RoverAttitudeSetpoint.idl\n'}
[3.695034] (px4_msgs) StdoutLine: {'line': b'-- Up-to-date: /home/rschnurr/SkyClaw-Team1/ros2_ws/install/px4_msgs/share/px4_msgs/msg/RoverAttitudeStatus.idl\n'}
[3.696225] (px4_msgs) StdoutLine: {'line': b'-- Up-to-date: /home/rschnurr/SkyClaw-Team1/ros2_ws/install/px4_msgs/share/px4_msgs/msg/RoverPositionSetpoint.idl\n'}
[3.696709] (px4_msgs) StdoutLine: {'line': b'-- Up-to-date: /home/rschnurr/SkyClaw-Team1/ros2_ws/install/px4_msgs/share/px4_msgs/msg/RoverRateSetpoint.idl\n'}
[3.697251] (px4_msgs) StdoutLine: {'line': b'-- Up-to-date: /home/rschnurr/SkyClaw-Team1/ros2_ws/install/px4_msgs/share/px4_msgs/msg/RoverRateStatus.idl\n'}
[3.697896] (px4_msgs) StdoutLine: {'line': b'-- Up-to-date: /home/rschnurr/SkyClaw-Team1/ros2_ws/install/px4_msgs/share/px4_msgs/msg/RoverSpeedSetpoint.idl\n'}
[3.698702] (px4_msgs) StdoutLine: {'line': b'-- Up-to-date: /home/rschnurr/SkyClaw-Team1/ros2_ws/install/px4_msgs/share/px4_msgs/msg/RoverSpeedStatus.idl\n'}
[3.699750] (px4_msgs) StdoutLine: {'line': b'-- Up-to-date: /home/rschnurr/SkyClaw-Team1/ros2_ws/install/px4_msgs/share/px4_msgs/msg/RoverSteeringSetpoint.idl\n'}
[3.700180] (px4_msgs) StdoutLine: {'line': b'-- Up-to-date: /home/rschnurr/SkyClaw-Team1/ros2_ws/install/px4_msgs/share/px4_msgs/msg/RoverThrottleSetpoint.idl\n'}
[3.700722] (px4_msgs) StdoutLine: {'line': b'-- Up-to-date: /home/rschnurr/SkyClaw-Team1/ros2_ws/install/px4_msgs/share/px4_msgs/msg/Rpm.idl\n'}
[3.701621] (px4_msgs) StdoutLine: {'line': b'-- Up-to-date: /home/rschnurr/SkyClaw-Team1/ros2_ws/install/px4_msgs/share/px4_msgs/msg/RtlStatus.idl\n'}
[3.704699] (px4_msgs) StdoutLine: {'line': b'-- Up-to-date: /home/rschnurr/SkyClaw-Team1/ros2_ws/install/px4_msgs/share/px4_msgs/msg/RtlTimeEstimate.idl\n'}
[3.705987] (px4_msgs) StdoutLine: {'line': b'-- Up-to-date: /home/rschnurr/SkyClaw-Team1/ros2_ws/install/px4_msgs/share/px4_msgs/msg/SatelliteInfo.idl\n'}
[3.708964] (px4_msgs) StdoutLine: {'line': b'-- Up-to-date: /home/rschnurr/SkyClaw-Team1/ros2_ws/install/px4_msgs/share/px4_msgs/msg/SensorAccel.idl\n'}
[3.709973] (px4_msgs) StdoutLine: {'line': b'-- Up-to-date: /home/rschnurr/SkyClaw-Team1/ros2_ws/install/px4_msgs/share/px4_msgs/msg/SensorAccelFifo.idl\n'}
[3.710878] (px4_msgs) StdoutLine: {'line': b'-- Up-to-date: /home/rschnurr/SkyClaw-Team1/ros2_ws/install/px4_msgs/share/px4_msgs/msg/SensorAirflow.idl\n'}
[3.711721] (px4_msgs) StdoutLine: {'line': b'-- Up-to-date: /home/rschnurr/SkyClaw-Team1/ros2_ws/install/px4_msgs/share/px4_msgs/msg/SensorBaro.idl\n'}
[3.712095] (px4_msgs) StdoutLine: {'line': b'-- Up-to-date: /home/rschnurr/SkyClaw-Team1/ros2_ws/install/px4_msgs/share/px4_msgs/msg/SensorCombined.idl\n'}
[3.713259] (px4_msgs) StdoutLine: {'line': b'-- Up-to-date: /home/rschnurr/SkyClaw-Team1/ros2_ws/install/px4_msgs/share/px4_msgs/msg/SensorCorrection.idl\n'}
[3.714225] (px4_msgs) StdoutLine: {'line': b'-- Up-to-date: /home/rschnurr/SkyClaw-Team1/ros2_ws/install/px4_msgs/share/px4_msgs/msg/SensorGnssRelative.idl\n'}
[3.714877] (px4_msgs) StdoutLine: {'line': b'-- Up-to-date: /home/rschnurr/SkyClaw-Team1/ros2_ws/install/px4_msgs/share/px4_msgs/msg/SensorGnssStatus.idl\n'}
[3.715532] (px4_msgs) StdoutLine: {'line': b'-- Up-to-date: /home/rschnurr/SkyClaw-Team1/ros2_ws/install/px4_msgs/share/px4_msgs/msg/SensorGps.idl\n'}
[3.716431] (px4_msgs) StdoutLine: {'line': b'-- Up-to-date: /home/rschnurr/SkyClaw-Team1/ros2_ws/install/px4_msgs/share/px4_msgs/msg/SensorGyro.idl\n'}
[3.717212] (px4_msgs) StdoutLine: {'line': b'-- Up-to-date: /home/rschnurr/SkyClaw-Team1/ros2_ws/install/px4_msgs/share/px4_msgs/msg/SensorGyroFft.idl\n'}
[3.717818] (px4_msgs) StdoutLine: {'line': b'-- Up-to-date: /home/rschnurr/SkyClaw-Team1/ros2_ws/install/px4_msgs/share/px4_msgs/msg/SensorGyroFifo.idl\n'}
[3.718406] (px4_msgs) StdoutLine: {'line': b'-- Up-to-date: /home/rschnurr/SkyClaw-Team1/ros2_ws/install/px4_msgs/share/px4_msgs/msg/SensorHygrometer.idl\n'}
[3.719209] (px4_msgs) StdoutLine: {'line': b'-- Up-to-date: /home/rschnurr/SkyClaw-Team1/ros2_ws/install/px4_msgs/share/px4_msgs/msg/SensorMag.idl\n'}
[3.720200] (px4_msgs) StdoutLine: {'line': b'-- Up-to-date: /home/rschnurr/SkyClaw-Team1/ros2_ws/install/px4_msgs/share/px4_msgs/msg/SensorOpticalFlow.idl\n'}
[3.720932] (px4_msgs) StdoutLine: {'line': b'-- Up-to-date: /home/rschnurr/SkyClaw-Team1/ros2_ws/install/px4_msgs/share/px4_msgs/msg/SensorPreflightMag.idl\n'}
[3.721942] (px4_msgs) StdoutLine: {'line': b'-- Up-to-date: /home/rschnurr/SkyClaw-Team1/ros2_ws/install/px4_msgs/share/px4_msgs/msg/SensorSelection.idl\n'}
[3.723031] (px4_msgs) StdoutLine: {'line': b'-- Up-to-date: /home/rschnurr/SkyClaw-Team1/ros2_ws/install/px4_msgs/share/px4_msgs/msg/SensorUwb.idl\n'}
[3.724569] (px4_msgs) StdoutLine: {'line': b'-- Up-to-date: /home/rschnurr/SkyClaw-Team1/ros2_ws/install/px4_msgs/share/px4_msgs/msg/SensorsStatus.idl\n'}
[3.725698] (px4_msgs) StdoutLine: {'line': b'-- Up-to-date: /home/rschnurr/SkyClaw-Team1/ros2_ws/install/px4_msgs/share/px4_msgs/msg/SensorsStatusImu.idl\n'}
[3.727007] (px4_msgs) StdoutLine: {'line': b'-- Up-to-date: /home/rschnurr/SkyClaw-Team1/ros2_ws/install/px4_msgs/share/px4_msgs/msg/SystemPower.idl\n'}
[3.728174] (px4_msgs) StdoutLine: {'line': b'-- Up-to-date: /home/rschnurr/SkyClaw-Team1/ros2_ws/install/px4_msgs/share/px4_msgs/msg/TakeoffStatus.idl\n'}
[3.729266] (px4_msgs) StdoutLine: {'line': b'-- Up-to-date: /home/rschnurr/SkyClaw-Team1/ros2_ws/install/px4_msgs/share/px4_msgs/msg/TaskStackInfo.idl\n'}
[3.729854] (px4_msgs) StdoutLine: {'line': b'-- Up-to-date: /home/rschnurr/SkyClaw-Team1/ros2_ws/install/px4_msgs/share/px4_msgs/msg/TecsStatus.idl\n'}
[3.730528] (px4_msgs) StdoutLine: {'line': b'-- Up-to-date: /home/rschnurr/SkyClaw-Team1/ros2_ws/install/px4_msgs/share/px4_msgs/msg/TelemetryStatus.idl\n'}
[3.731337] (px4_msgs) StdoutLine: {'line': b'-- Up-to-date: /home/rschnurr/SkyClaw-Team1/ros2_ws/install/px4_msgs/share/px4_msgs/msg/TiltrotorExtraControls.idl\n'}
[3.732299] (px4_msgs) StdoutLine: {'line': b'-- Up-to-date: /home/rschnurr/SkyClaw-Team1/ros2_ws/install/px4_msgs/share/px4_msgs/msg/TimesyncStatus.idl\n'}
[3.733317] (px4_msgs) StdoutLine: {'line': b'-- Up-to-date: /home/rschnurr/SkyClaw-Team1/ros2_ws/install/px4_msgs/share/px4_msgs/msg/TrajectorySetpoint.idl\n'}
[3.733754] (px4_msgs) StdoutLine: {'line': b'-- Up-to-date: /home/rschnurr/SkyClaw-Team1/ros2_ws/install/px4_msgs/share/px4_msgs/msg/TrajectorySetpoint6dof.idl\n'}
[3.734634] (px4_msgs) StdoutLine: {'line': b'-- Up-to-date: /home/rschnurr/SkyClaw-Team1/ros2_ws/install/px4_msgs/share/px4_msgs/msg/TransponderReport.idl\n'}
[3.735638] (px4_msgs) StdoutLine: {'line': b'-- Up-to-date: /home/rschnurr/SkyClaw-Team1/ros2_ws/install/px4_msgs/share/px4_msgs/msg/TuneControl.idl\n'}
[3.736145] (px4_msgs) StdoutLine: {'line': b'-- Up-to-date: /home/rschnurr/SkyClaw-Team1/ros2_ws/install/px4_msgs/share/px4_msgs/msg/UavcanParameterRequest.idl\n'}
[3.737039] (px4_msgs) StdoutLine: {'line': b'-- Up-to-date: /home/rschnurr/SkyClaw-Team1/ros2_ws/install/px4_msgs/share/px4_msgs/msg/UavcanParameterValue.idl\n'}
[3.737743] (px4_msgs) StdoutLine: {'line': b'-- Up-to-date: /home/rschnurr/SkyClaw-Team1/ros2_ws/install/px4_msgs/share/px4_msgs/msg/UlogStream.idl\n'}
[3.738943] (px4_msgs) StdoutLine: {'line': b'-- Up-to-date: /home/rschnurr/SkyClaw-Team1/ros2_ws/install/px4_msgs/share/px4_msgs/msg/UlogStreamAck.idl\n'}
[3.739589] (px4_msgs) StdoutLine: {'line': b'-- Up-to-date: /home/rschnurr/SkyClaw-Team1/ros2_ws/install/px4_msgs/share/px4_msgs/msg/UnregisterExtComponent.idl\n'}
[3.740508] (px4_msgs) StdoutLine: {'line': b'-- Up-to-date: /home/rschnurr/SkyClaw-Team1/ros2_ws/install/px4_msgs/share/px4_msgs/msg/VehicleAcceleration.idl\n'}
[3.741368] (px4_msgs) StdoutLine: {'line': b'-- Up-to-date: /home/rschnurr/SkyClaw-Team1/ros2_ws/install/px4_msgs/share/px4_msgs/msg/VehicleAirData.idl\n'}
[3.743967] (px4_msgs) StdoutLine: {'line': b'-- Up-to-date: /home/rschnurr/SkyClaw-Team1/ros2_ws/install/px4_msgs/share/px4_msgs/msg/VehicleAngularAccelerationSetpoint.idl\n'}
[3.744755] (px4_msgs) StdoutLine: {'line': b'-- Up-to-date: /home/rschnurr/SkyClaw-Team1/ros2_ws/install/px4_msgs/share/px4_msgs/msg/VehicleAngularVelocity.idl\n'}
[3.747570] (px4_msgs) StdoutLine: {'line': b'-- Up-to-date: /home/rschnurr/SkyClaw-Team1/ros2_ws/install/px4_msgs/share/px4_msgs/msg/VehicleAttitude.idl\n'}
[3.750119] (px4_msgs) StdoutLine: {'line': b'-- Up-to-date: /home/rschnurr/SkyClaw-Team1/ros2_ws/install/px4_msgs/share/px4_msgs/msg/VehicleAttitudeSetpoint.idl\n'}
[3.750496] (px4_msgs) StdoutLine: {'line': b'-- Up-to-date: /home/rschnurr/SkyClaw-Team1/ros2_ws/install/px4_msgs/share/px4_msgs/msg/VehicleCommand.idl\n'}
[3.750943] (px4_msgs) StdoutLine: {'line': b'-- Up-to-date: /home/rschnurr/SkyClaw-Team1/ros2_ws/install/px4_msgs/share/px4_msgs/msg/VehicleCommandAck.idl\n'}
[3.751096] (px4_msgs) StdoutLine: {'line': b'-- Up-to-date: /home/rschnurr/SkyClaw-Team1/ros2_ws/install/px4_msgs/share/px4_msgs/msg/VehicleConstraints.idl\n'}
[3.751703] (px4_msgs) StdoutLine: {'line': b'-- Up-to-date: /home/rschnurr/SkyClaw-Team1/ros2_ws/install/px4_msgs/share/px4_msgs/msg/VehicleControlMode.idl\n'}
[3.754675] (px4_msgs) StdoutLine: {'line': b'-- Up-to-date: /home/rschnurr/SkyClaw-Team1/ros2_ws/install/px4_msgs/share/px4_msgs/msg/VehicleGlobalPosition.idl\n'}
[3.755145] (px4_msgs) StdoutLine: {'line': b'-- Up-to-date: /home/rschnurr/SkyClaw-Team1/ros2_ws/install/px4_msgs/share/px4_msgs/msg/VehicleImu.idl\n'}
[3.755274] (px4_msgs) StdoutLine: {'line': b'-- Up-to-date: /home/rschnurr/SkyClaw-Team1/ros2_ws/install/px4_msgs/share/px4_msgs/msg/VehicleImuStatus.idl\n'}
[3.756330] (px4_msgs) StdoutLine: {'line': b'-- Up-to-date: /home/rschnurr/SkyClaw-Team1/ros2_ws/install/px4_msgs/share/px4_msgs/msg/VehicleLandDetected.idl\n'}
[3.756655] (px4_msgs) StdoutLine: {'line': b'-- Up-to-date: /home/rschnurr/SkyClaw-Team1/ros2_ws/install/px4_msgs/share/px4_msgs/msg/VehicleLocalPosition.idl\n'}
[3.757385] (px4_msgs) StdoutLine: {'line': b'-- Up-to-date: /home/rschnurr/SkyClaw-Team1/ros2_ws/install/px4_msgs/share/px4_msgs/msg/VehicleLocalPositionSetpoint.idl\n'}
[3.757934] (px4_msgs) StdoutLine: {'line': b'-- Up-to-date: /home/rschnurr/SkyClaw-Team1/ros2_ws/install/px4_msgs/share/px4_msgs/msg/VehicleMagnetometer.idl\n'}
[3.758185] (px4_msgs) StdoutLine: {'line': b'-- Up-to-date: /home/rschnurr/SkyClaw-Team1/ros2_ws/install/px4_msgs/share/px4_msgs/msg/VehicleOdometry.idl\n'}
[3.759149] (px4_msgs) StdoutLine: {'line': b'-- Up-to-date: /home/rschnurr/SkyClaw-Team1/ros2_ws/install/px4_msgs/share/px4_msgs/msg/VehicleOpticalFlow.idl\n'}
[3.759766] (px4_msgs) StdoutLine: {'line': b'-- Up-to-date: /home/rschnurr/SkyClaw-Team1/ros2_ws/install/px4_msgs/share/px4_msgs/msg/VehicleOpticalFlowVel.idl\n'}
[3.760413] (px4_msgs) StdoutLine: {'line': b'-- Up-to-date: /home/rschnurr/SkyClaw-Team1/ros2_ws/install/px4_msgs/share/px4_msgs/msg/VehicleRatesSetpoint.idl\n'}
[3.761356] (px4_msgs) StdoutLine: {'line': b'-- Up-to-date: /home/rschnurr/SkyClaw-Team1/ros2_ws/install/px4_msgs/share/px4_msgs/msg/VehicleRoi.idl\n'}
[3.762551] (px4_msgs) StdoutLine: {'line': b'-- Up-to-date: /home/rschnurr/SkyClaw-Team1/ros2_ws/install/px4_msgs/share/px4_msgs/msg/VehicleStatus.idl\n'}
[3.763200] (px4_msgs) StdoutLine: {'line': b'-- Up-to-date: /home/rschnurr/SkyClaw-Team1/ros2_ws/install/px4_msgs/share/px4_msgs/msg/VehicleThrustSetpoint.idl\n'}
[3.763887] (px4_msgs) StdoutLine: {'line': b'-- Up-to-date: /home/rschnurr/SkyClaw-Team1/ros2_ws/install/px4_msgs/share/px4_msgs/msg/VehicleTorqueSetpoint.idl\n'}
[3.765062] (-) TimerEvent: {}
[3.765681] (px4_msgs) StdoutLine: {'line': b'-- Up-to-date: /home/rschnurr/SkyClaw-Team1/ros2_ws/install/px4_msgs/share/px4_msgs/msg/VelocityLimits.idl\n'}
[3.767007] (px4_msgs) StdoutLine: {'line': b'-- Up-to-date: /home/rschnurr/SkyClaw-Team1/ros2_ws/install/px4_msgs/share/px4_msgs/msg/VtolVehicleStatus.idl\n'}
[3.767795] (px4_msgs) StdoutLine: {'line': b'-- Up-to-date: /home/rschnurr/SkyClaw-Team1/ros2_ws/install/px4_msgs/share/px4_msgs/msg/WheelEncoders.idl\n'}
[3.768792] (px4_msgs) StdoutLine: {'line': b'-- Up-to-date: /home/rschnurr/SkyClaw-Team1/ros2_ws/install/px4_msgs/share/px4_msgs/msg/Wind.idl\n'}
[3.769709] (px4_msgs) StdoutLine: {'line': b'-- Up-to-date: /home/rschnurr/SkyClaw-Team1/ros2_ws/install/px4_msgs/share/px4_msgs/msg/YawEstimatorStatus.idl\n'}
[3.770941] (px4_msgs) StdoutLine: {'line': b'-- Up-to-date: /home/rschnurr/SkyClaw-Team1/ros2_ws/install/px4_msgs/share/px4_msgs/srv/VehicleCommand.idl\n'}
[3.773970] (px4_msgs) StdoutLine: {'line': b'-- Up-to-date: /home/rschnurr/SkyClaw-Team1/ros2_ws/install/px4_msgs/share/px4_msgs/msg/ActionRequest.msg\n'}
[3.774891] (px4_msgs) StdoutLine: {'line': b'-- Up-to-date: /home/rschnurr/SkyClaw-Team1/ros2_ws/install/px4_msgs/share/px4_msgs/msg/ActuatorArmed.msg\n'}
[3.775520] (px4_msgs) StdoutLine: {'line': b'-- Up-to-date: /home/rschnurr/SkyClaw-Team1/ros2_ws/install/px4_msgs/share/px4_msgs/msg/ActuatorControlsStatus.msg\n'}
[3.776448] (px4_msgs) StdoutLine: {'line': b'-- Up-to-date: /home/rschnurr/SkyClaw-Team1/ros2_ws/install/px4_msgs/share/px4_msgs/msg/ActuatorMotors.msg\n'}
[3.776782] (px4_msgs) StdoutLine: {'line': b'-- Up-to-date: /home/rschnurr/SkyClaw-Team1/ros2_ws/install/px4_msgs/share/px4_msgs/msg/ActuatorOutputs.msg\n'}
[3.777934] (px4_msgs) StdoutLine: {'line': b'-- Up-to-date: /home/rschnurr/SkyClaw-Team1/ros2_ws/install/px4_msgs/share/px4_msgs/msg/ActuatorServos.msg\n'}
[3.779733] (px4_msgs) StdoutLine: {'line': b'-- Up-to-date: /home/rschnurr/SkyClaw-Team1/ros2_ws/install/px4_msgs/share/px4_msgs/msg/ActuatorServosTrim.msg\n'}
[3.785957] (px4_msgs) StdoutLine: {'line': b'-- Up-to-date: /home/rschnurr/SkyClaw-Team1/ros2_ws/install/px4_msgs/share/px4_msgs/msg/ActuatorTest.msg\n'}
[3.786924] (px4_msgs) StdoutLine: {'line': b'-- Up-to-date: /home/rschnurr/SkyClaw-Team1/ros2_ws/install/px4_msgs/share/px4_msgs/msg/AdcReport.msg\n'}
[3.787724] (px4_msgs) StdoutLine: {'line': b'-- Up-to-date: /home/rschnurr/SkyClaw-Team1/ros2_ws/install/px4_msgs/share/px4_msgs/msg/Airspeed.msg\n'}
[3.788882] (px4_msgs) StdoutLine: {'line': b'-- Up-to-date: /home/rschnurr/SkyClaw-Team1/ros2_ws/install/px4_msgs/share/px4_msgs/msg/AirspeedValidated.msg\n'}
[3.789808] (px4_msgs) StdoutLine: {'line': b'-- Up-to-date: /home/rschnurr/SkyClaw-Team1/ros2_ws/install/px4_msgs/share/px4_msgs/msg/AirspeedWind.msg\n'}
[3.790472] (px4_msgs) StdoutLine: {'line': b'-- Up-to-date: /home/rschnurr/SkyClaw-Team1/ros2_ws/install/px4_msgs/share/px4_msgs/msg/ArmingCheckReply.msg\n'}
[3.791194] (px4_msgs) StdoutLine: {'line': b'-- Up-to-date: /home/rschnurr/SkyClaw-Team1/ros2_ws/install/px4_msgs/share/px4_msgs/msg/ArmingCheckRequest.msg\n'}
[3.795770] (px4_msgs) StdoutLine: {'line': b'-- Up-to-date: /home/rschnurr/SkyClaw-Team1/ros2_ws/install/px4_msgs/share/px4_msgs/msg/AutotuneAttitudeControlStatus.msg\n'}
[3.798309] (px4_msgs) StdoutLine: {'line': b'-- Up-to-date: /home/rschnurr/SkyClaw-Team1/ros2_ws/install/px4_msgs/share/px4_msgs/msg/BatteryInfo.msg\n'}
[3.799421] (px4_msgs) StdoutLine: {'line': b'-- Up-to-date: /home/rschnurr/SkyClaw-Team1/ros2_ws/install/px4_msgs/share/px4_msgs/msg/BatteryStatus.msg\n'}
[3.800309] (px4_msgs) StdoutLine: {'line': b'-- Up-to-date: /home/rschnurr/SkyClaw-Team1/ros2_ws/install/px4_msgs/share/px4_msgs/msg/ButtonEvent.msg\n'}
[3.801586] (px4_msgs) StdoutLine: {'line': b'-- Up-to-date: /home/rschnurr/SkyClaw-Team1/ros2_ws/install/px4_msgs/share/px4_msgs/msg/CameraCapture.msg\n'}
[3.803315] (px4_msgs) StdoutLine: {'line': b'-- Up-to-date: /home/rschnurr/SkyClaw-Team1/ros2_ws/install/px4_msgs/share/px4_msgs/msg/CameraStatus.msg\n'}
[3.804130] (px4_msgs) StdoutLine: {'line': b'-- Up-to-date: /home/rschnurr/SkyClaw-Team1/ros2_ws/install/px4_msgs/share/px4_msgs/msg/CameraTrigger.msg\n'}
[3.804794] (px4_msgs) StdoutLine: {'line': b'-- Up-to-date: /home/rschnurr/SkyClaw-Team1/ros2_ws/install/px4_msgs/share/px4_msgs/msg/CanInterfaceStatus.msg\n'}
[3.805682] (px4_msgs) StdoutLine: {'line': b'-- Up-to-date: /home/rschnurr/SkyClaw-Team1/ros2_ws/install/px4_msgs/share/px4_msgs/msg/CellularStatus.msg\n'}
[3.806498] (px4_msgs) StdoutLine: {'line': b'-- Up-to-date: /home/rschnurr/SkyClaw-Team1/ros2_ws/install/px4_msgs/share/px4_msgs/msg/CollisionConstraints.msg\n'}
[3.807308] (px4_msgs) StdoutLine: {'line': b'-- Up-to-date: /home/rschnurr/SkyClaw-Team1/ros2_ws/install/px4_msgs/share/px4_msgs/msg/ConfigOverrides.msg\n'}
[3.807615] (px4_msgs) StdoutLine: {'line': b'-- Up-to-date: /home/rschnurr/SkyClaw-Team1/ros2_ws/install/px4_msgs/share/px4_msgs/msg/ControlAllocatorStatus.msg\n'}
[3.808540] (px4_msgs) StdoutLine: {'line': b'-- Up-to-date: /home/rschnurr/SkyClaw-Team1/ros2_ws/install/px4_msgs/share/px4_msgs/msg/Cpuload.msg\n'}
[3.809543] (px4_msgs) StdoutLine: {'line': b'-- Up-to-date: /home/rschnurr/SkyClaw-Team1/ros2_ws/install/px4_msgs/share/px4_msgs/msg/DatamanRequest.msg\n'}
[3.810168] (px4_msgs) StdoutLine: {'line': b'-- Up-to-date: /home/rschnurr/SkyClaw-Team1/ros2_ws/install/px4_msgs/share/px4_msgs/msg/DatamanResponse.msg\n'}
[3.810736] (px4_msgs) StdoutLine: {'line': b'-- Up-to-date: /home/rschnurr/SkyClaw-Team1/ros2_ws/install/px4_msgs/share/px4_msgs/msg/DebugArray.msg\n'}
[3.811462] (px4_msgs) StdoutLine: {'line': b'-- Up-to-date: /home/rschnurr/SkyClaw-Team1/ros2_ws/install/px4_msgs/share/px4_msgs/msg/DebugKeyValue.msg\n'}
[3.812239] (px4_msgs) StdoutLine: {'line': b'-- Up-to-date: /home/rschnurr/SkyClaw-Team1/ros2_ws/install/px4_msgs/share/px4_msgs/msg/DebugValue.msg\n'}
[3.812821] (px4_msgs) StdoutLine: {'line': b'-- Up-to-date: /home/rschnurr/SkyClaw-Team1/ros2_ws/install/px4_msgs/share/px4_msgs/msg/DebugVect.msg\n'}
[3.813477] (px4_msgs) StdoutLine: {'line': b'-- Up-to-date: /home/rschnurr/SkyClaw-Team1/ros2_ws/install/px4_msgs/share/px4_msgs/msg/DifferentialPressure.msg\n'}
[3.814244] (px4_msgs) StdoutLine: {'line': b'-- Up-to-date: /home/rschnurr/SkyClaw-Team1/ros2_ws/install/px4_msgs/share/px4_msgs/msg/DistanceSensor.msg\n'}
[3.815656] (px4_msgs) StdoutLine: {'line': b'-- Up-to-date: /home/rschnurr/SkyClaw-Team1/ros2_ws/install/px4_msgs/share/px4_msgs/msg/DistanceSensorModeChangeRequest.msg\n'}
[3.816562] (px4_msgs) StdoutLine: {'line': b'-- Up-to-date: /home/rschnurr/SkyClaw-Team1/ros2_ws/install/px4_msgs/share/px4_msgs/msg/DronecanNodeStatus.msg\n'}
[3.817432] (px4_msgs) StdoutLine: {'line': b'-- Up-to-date: /home/rschnurr/SkyClaw-Team1/ros2_ws/install/px4_msgs/share/px4_msgs/msg/Ekf2Timestamps.msg\n'}
[3.818430] (px4_msgs) StdoutLine: {'line': b'-- Up-to-date: /home/rschnurr/SkyClaw-Team1/ros2_ws/install/px4_msgs/share/px4_msgs/msg/EscReport.msg\n'}
[3.819426] (px4_msgs) StdoutLine: {'line': b'-- Up-to-date: /home/rschnurr/SkyClaw-Team1/ros2_ws/install/px4_msgs/share/px4_msgs/msg/EscStatus.msg\n'}
[3.821065] (px4_msgs) StdoutLine: {'line': b'-- Up-to-date: /home/rschnurr/SkyClaw-Team1/ros2_ws/install/px4_msgs/share/px4_msgs/msg/EstimatorAidSource1d.msg\n'}
[3.825859] (px4_msgs) StdoutLine: {'line': b'-- Up-to-date: /home/rschnurr/SkyClaw-Team1/ros2_ws/install/px4_msgs/share/px4_msgs/msg/EstimatorAidSource2d.msg\n'}
[3.826408] (px4_msgs) StdoutLine: {'line': b'-- Up-to-date: /home/rschnurr/SkyClaw-Team1/ros2_ws/install/px4_msgs/share/px4_msgs/msg/EstimatorAidSource3d.msg\n'}
[3.826595] (px4_msgs) StdoutLine: {'line': b'-- Up-to-date: /home/rschnurr/SkyClaw-Team1/ros2_ws/install/px4_msgs/share/px4_msgs/msg/EstimatorBias.msg\n'}
[3.828099] (px4_msgs) StdoutLine: {'line': b'-- Up-to-date: /home/rschnurr/SkyClaw-Team1/ros2_ws/install/px4_msgs/share/px4_msgs/msg/EstimatorBias3d.msg\n'}
[3.828342] (px4_msgs) StdoutLine: {'line': b'-- Up-to-date: /home/rschnurr/SkyClaw-Team1/ros2_ws/install/px4_msgs/share/px4_msgs/msg/EstimatorEventFlags.msg\n'}
[3.834312] (px4_msgs) StdoutLine: {'line': b'-- Up-to-date: /home/rschnurr/SkyClaw-Team1/ros2_ws/install/px4_msgs/share/px4_msgs/msg/EstimatorGpsStatus.msg\n'}
[3.834715] (px4_msgs) StdoutLine: {'line': b'-- Up-to-date: /home/rschnurr/SkyClaw-Team1/ros2_ws/install/px4_msgs/share/px4_msgs/msg/EstimatorInnovations.msg\n'}
[3.834927] (px4_msgs) StdoutLine: {'line': b'-- Up-to-date: /home/rschnurr/SkyClaw-Team1/ros2_ws/install/px4_msgs/share/px4_msgs/msg/EstimatorSelectorStatus.msg\n'}
[3.835064] (px4_msgs) StdoutLine: {'line': b'-- Up-to-date: /home/rschnurr/SkyClaw-Team1/ros2_ws/install/px4_msgs/share/px4_msgs/msg/EstimatorSensorBias.msg\n'}
[3.835310] (px4_msgs) StdoutLine: {'line': b'-- Up-to-date: /home/rschnurr/SkyClaw-Team1/ros2_ws/install/px4_msgs/share/px4_msgs/msg/EstimatorStates.msg\n'}
[3.835576] (px4_msgs) StdoutLine: {'line': b'-- Up-to-date: /home/rschnurr/SkyClaw-Team1/ros2_ws/install/px4_msgs/share/px4_msgs/msg/EstimatorStatus.msg\n'}
[3.836225] (px4_msgs) StdoutLine: {'line': b'-- Up-to-date: /home/rschnurr/SkyClaw-Team1/ros2_ws/install/px4_msgs/share/px4_msgs/msg/EstimatorStatusFlags.msg\n'}
[3.836554] (px4_msgs) StdoutLine: {'line': b'-- Up-to-date: /home/rschnurr/SkyClaw-Team1/ros2_ws/install/px4_msgs/share/px4_msgs/msg/Event.msg\n'}
[3.837506] (px4_msgs) StdoutLine: {'line': b'-- Up-to-date: /home/rschnurr/SkyClaw-Team1/ros2_ws/install/px4_msgs/share/px4_msgs/msg/FailsafeFlags.msg\n'}
[3.838537] (px4_msgs) StdoutLine: {'line': b'-- Up-to-date: /home/rschnurr/SkyClaw-Team1/ros2_ws/install/px4_msgs/share/px4_msgs/msg/FailureDetectorStatus.msg\n'}
[3.839151] (px4_msgs) StdoutLine: {'line': b'-- Up-to-date: /home/rschnurr/SkyClaw-Team1/ros2_ws/install/px4_msgs/share/px4_msgs/msg/FigureEightStatus.msg\n'}
[3.839917] (px4_msgs) StdoutLine: {'line': b'-- Up-to-date: /home/rschnurr/SkyClaw-Team1/ros2_ws/install/px4_msgs/share/px4_msgs/msg/FixedWingLateralGuidanceStatus.msg\n'}
[3.841051] (px4_msgs) StdoutLine: {'line': b'-- Up-to-date: /home/rschnurr/SkyClaw-Team1/ros2_ws/install/px4_msgs/share/px4_msgs/msg/FixedWingLateralSetpoint.msg\n'}
[3.844860] (px4_msgs) StdoutLine: {'line': b'-- Up-to-date: /home/rschnurr/SkyClaw-Team1/ros2_ws/install/px4_msgs/share/px4_msgs/msg/FixedWingLateralStatus.msg\n'}
[3.845659] (px4_msgs) StdoutLine: {'line': b'-- Up-to-date: /home/rschnurr/SkyClaw-Team1/ros2_ws/install/px4_msgs/share/px4_msgs/msg/FixedWingLongitudinalSetpoint.msg\n'}
[3.846446] (px4_msgs) StdoutLine: {'line': b'-- Up-to-date: /home/rschnurr/SkyClaw-Team1/ros2_ws/install/px4_msgs/share/px4_msgs/msg/FixedWingRunwayControl.msg\n'}
[3.847693] (px4_msgs) StdoutLine: {'line': b'-- Up-to-date: /home/rschnurr/SkyClaw-Team1/ros2_ws/install/px4_msgs/share/px4_msgs/msg/FlightPhaseEstimation.msg\n'}
[3.849346] (px4_msgs) StdoutLine: {'line': b'-- Up-to-date: /home/rschnurr/SkyClaw-Team1/ros2_ws/install/px4_msgs/share/px4_msgs/msg/FollowTarget.msg\n'}
[3.850146] (px4_msgs) StdoutLine: {'line': b'-- Up-to-date: /home/rschnurr/SkyClaw-Team1/ros2_ws/install/px4_msgs/share/px4_msgs/msg/FollowTargetEstimator.msg\n'}
[3.850565] (px4_msgs) StdoutLine: {'line': b'-- Up-to-date: /home/rschnurr/SkyClaw-Team1/ros2_ws/install/px4_msgs/share/px4_msgs/msg/FollowTargetStatus.msg\n'}
[3.851364] (px4_msgs) StdoutLine: {'line': b'-- Up-to-date: /home/rschnurr/SkyClaw-Team1/ros2_ws/install/px4_msgs/share/px4_msgs/msg/FuelTankStatus.msg\n'}
[3.852206] (px4_msgs) StdoutLine: {'line': b'-- Up-to-date: /home/rschnurr/SkyClaw-Team1/ros2_ws/install/px4_msgs/share/px4_msgs/msg/GeneratorStatus.msg\n'}
[3.853436] (px4_msgs) StdoutLine: {'line': b'-- Up-to-date: /home/rschnurr/SkyClaw-Team1/ros2_ws/install/px4_msgs/share/px4_msgs/msg/GeofenceResult.msg\n'}
[3.853656] (px4_msgs) StdoutLine: {'line': b'-- Up-to-date: /home/rschnurr/SkyClaw-Team1/ros2_ws/install/px4_msgs/share/px4_msgs/msg/GeofenceStatus.msg\n'}
[3.855175] (px4_msgs) StdoutLine: {'line': b'-- Up-to-date: /home/rschnurr/SkyClaw-Team1/ros2_ws/install/px4_msgs/share/px4_msgs/msg/GimbalControls.msg\n'}
[3.856030] (px4_msgs) StdoutLine: {'line': b'-- Up-to-date: /home/rschnurr/SkyClaw-Team1/ros2_ws/install/px4_msgs/share/px4_msgs/msg/GimbalDeviceAttitudeStatus.msg\n'}
[3.857543] (px4_msgs) StdoutLine: {'line': b'-- Up-to-date: /home/rschnurr/SkyClaw-Team1/ros2_ws/install/px4_msgs/share/px4_msgs/msg/GimbalDeviceInformation.msg\n'}
[3.858875] (px4_msgs) StdoutLine: {'line': b'-- Up-to-date: /home/rschnurr/SkyClaw-Team1/ros2_ws/install/px4_msgs/share/px4_msgs/msg/GimbalDeviceSetAttitude.msg\n'}
[3.865279] (px4_msgs) StdoutLine: {'line': b'-- Up-to-date: /home/rschnurr/SkyClaw-Team1/ros2_ws/install/px4_msgs/share/px4_msgs/msg/GimbalManagerInformation.msg\n'}
[3.865718] (-) TimerEvent: {}
[3.866442] (px4_msgs) StdoutLine: {'line': b'-- Up-to-date: /home/rschnurr/SkyClaw-Team1/ros2_ws/install/px4_msgs/share/px4_msgs/msg/GimbalManagerSetAttitude.msg\n'}
[3.867143] (px4_msgs) StdoutLine: {'line': b'-- Up-to-date: /home/rschnurr/SkyClaw-Team1/ros2_ws/install/px4_msgs/share/px4_msgs/msg/GimbalManagerSetManualControl.msg\n'}
[3.867758] (px4_msgs) StdoutLine: {'line': b'-- Up-to-date: /home/rschnurr/SkyClaw-Team1/ros2_ws/install/px4_msgs/share/px4_msgs/msg/GimbalManagerStatus.msg\n'}
[3.868821] (px4_msgs) StdoutLine: {'line': b'-- Up-to-date: /home/rschnurr/SkyClaw-Team1/ros2_ws/install/px4_msgs/share/px4_msgs/msg/GotoSetpoint.msg\n'}
[3.870382] (px4_msgs) StdoutLine: {'line': b'-- Up-to-date: /home/rschnurr/SkyClaw-Team1/ros2_ws/install/px4_msgs/share/px4_msgs/msg/GpioConfig.msg\n'}
[3.870592] (px4_msgs) StdoutLine: {'line': b'-- Up-to-date: /home/rschnurr/SkyClaw-Team1/ros2_ws/install/px4_msgs/share/px4_msgs/msg/GpioIn.msg\n'}
[3.874929] (px4_msgs) StdoutLine: {'line': b'-- Up-to-date: /home/rschnurr/SkyClaw-Team1/ros2_ws/install/px4_msgs/share/px4_msgs/msg/GpioOut.msg\n'}
[3.878063] (px4_msgs) StdoutLine: {'line': b'-- Up-to-date: /home/rschnurr/SkyClaw-Team1/ros2_ws/install/px4_msgs/share/px4_msgs/msg/GpioRequest.msg\n'}
[3.878873] (px4_msgs) StdoutLine: {'line': b'-- Up-to-date: /home/rschnurr/SkyClaw-Team1/ros2_ws/install/px4_msgs/share/px4_msgs/msg/GpsDump.msg\n'}
[3.879554] (px4_msgs) StdoutLine: {'line': b'-- Up-to-date: /home/rschnurr/SkyClaw-Team1/ros2_ws/install/px4_msgs/share/px4_msgs/msg/GpsInjectData.msg\n'}
[3.879787] (px4_msgs) StdoutLine: {'line': b'-- Up-to-date: /home/rschnurr/SkyClaw-Team1/ros2_ws/install/px4_msgs/share/px4_msgs/msg/Gripper.msg\n'}
[3.880898] (px4_msgs) StdoutLine: {'line': b'-- Up-to-date: /home/rschnurr/SkyClaw-Team1/ros2_ws/install/px4_msgs/share/px4_msgs/msg/HealthReport.msg\n'}
[3.881020] (px4_msgs) StdoutLine: {'line': b'-- Up-to-date: /home/rschnurr/SkyClaw-Team1/ros2_ws/install/px4_msgs/share/px4_msgs/msg/HeaterStatus.msg\n'}
[3.883496] (px4_msgs) StdoutLine: {'line': b'-- Up-to-date: /home/rschnurr/SkyClaw-Team1/ros2_ws/install/px4_msgs/share/px4_msgs/msg/HomePosition.msg\n'}
[3.883964] (px4_msgs) StdoutLine: {'line': b'-- Up-to-date: /home/rschnurr/SkyClaw-Team1/ros2_ws/install/px4_msgs/share/px4_msgs/msg/HoverThrustEstimate.msg\n'}
[3.884610] (px4_msgs) StdoutLine: {'line': b'-- Up-to-date: /home/rschnurr/SkyClaw-Team1/ros2_ws/install/px4_msgs/share/px4_msgs/msg/InputRc.msg\n'}
[3.884790] (px4_msgs) StdoutLine: {'line': b'-- Up-to-date: /home/rschnurr/SkyClaw-Team1/ros2_ws/install/px4_msgs/share/px4_msgs/msg/InternalCombustionEngineControl.msg\n'}
[3.887926] (px4_msgs) StdoutLine: {'line': b'-- Up-to-date: /home/rschnurr/SkyClaw-Team1/ros2_ws/install/px4_msgs/share/px4_msgs/msg/InternalCombustionEngineStatus.msg\n'}
[3.888721] (px4_msgs) StdoutLine: {'line': b'-- Up-to-date: /home/rschnurr/SkyClaw-Team1/ros2_ws/install/px4_msgs/share/px4_msgs/msg/IridiumsbdStatus.msg\n'}
[3.889501] (px4_msgs) StdoutLine: {'line': b'-- Up-to-date: /home/rschnurr/SkyClaw-Team1/ros2_ws/install/px4_msgs/share/px4_msgs/msg/IrlockReport.msg\n'}
[3.890609] (px4_msgs) StdoutLine: {'line': b'-- Up-to-date: /home/rschnurr/SkyClaw-Team1/ros2_ws/install/px4_msgs/share/px4_msgs/msg/LandingGear.msg\n'}
[3.891312] (px4_msgs) StdoutLine: {'line': b'-- Up-to-date: /home/rschnurr/SkyClaw-Team1/ros2_ws/install/px4_msgs/share/px4_msgs/msg/LandingGearWheel.msg\n'}
[3.891973] (px4_msgs) StdoutLine: {'line': b'-- Up-to-date: /home/rschnurr/SkyClaw-Team1/ros2_ws/install/px4_msgs/share/px4_msgs/msg/LandingTargetInnovations.msg\n'}
[3.892805] (px4_msgs) StdoutLine: {'line': b'-- Up-to-date: /home/rschnurr/SkyClaw-Team1/ros2_ws/install/px4_msgs/share/px4_msgs/msg/LandingTargetPose.msg\n'}
[3.893867] (px4_msgs) StdoutLine: {'line': b'-- Up-to-date: /home/rschnurr/SkyClaw-Team1/ros2_ws/install/px4_msgs/share/px4_msgs/msg/LateralControlConfiguration.msg\n'}
[3.894614] (px4_msgs) StdoutLine: {'line': b'-- Up-to-date: /home/rschnurr/SkyClaw-Team1/ros2_ws/install/px4_msgs/share/px4_msgs/msg/LaunchDetectionStatus.msg\n'}
[3.895243] (px4_msgs) StdoutLine: {'line': b'-- Up-to-date: /home/rschnurr/SkyClaw-Team1/ros2_ws/install/px4_msgs/share/px4_msgs/msg/LedControl.msg\n'}
[3.896144] (px4_msgs) StdoutLine: {'line': b'-- Up-to-date: /home/rschnurr/SkyClaw-Team1/ros2_ws/install/px4_msgs/share/px4_msgs/msg/LogMessage.msg\n'}
[3.897238] (px4_msgs) StdoutLine: {'line': b'-- Up-to-date: /home/rschnurr/SkyClaw-Team1/ros2_ws/install/px4_msgs/share/px4_msgs/msg/LoggerStatus.msg\n'}
[3.897725] (px4_msgs) StdoutLine: {'line': b'-- Up-to-date: /home/rschnurr/SkyClaw-Team1/ros2_ws/install/px4_msgs/share/px4_msgs/msg/LongitudinalControlConfiguration.msg\n'}
[3.898373] (px4_msgs) StdoutLine: {'line': b'-- Up-to-date: /home/rschnurr/SkyClaw-Team1/ros2_ws/install/px4_msgs/share/px4_msgs/msg/MagWorkerData.msg\n'}
[3.907967] (px4_msgs) StdoutLine: {'line': b'-- Up-to-date: /home/rschnurr/SkyClaw-Team1/ros2_ws/install/px4_msgs/share/px4_msgs/msg/MagnetometerBiasEstimate.msg\n'}
[3.909576] (px4_msgs) StdoutLine: {'line': b'-- Up-to-date: /home/rschnurr/SkyClaw-Team1/ros2_ws/install/px4_msgs/share/px4_msgs/msg/ManualControlSetpoint.msg\n'}
[3.910884] (px4_msgs) StdoutLine: {'line': b'-- Up-to-date: /home/rschnurr/SkyClaw-Team1/ros2_ws/install/px4_msgs/share/px4_msgs/msg/ManualControlSwitches.msg\n'}
[3.911558] (px4_msgs) StdoutLine: {'line': b'-- Up-to-date: /home/rschnurr/SkyClaw-Team1/ros2_ws/install/px4_msgs/share/px4_msgs/msg/MavlinkLog.msg\n'}
[3.912691] (px4_msgs) StdoutLine: {'line': b'-- Up-to-date: /home/rschnurr/SkyClaw-Team1/ros2_ws/install/px4_msgs/share/px4_msgs/msg/MavlinkTunnel.msg\n'}
[3.914258] (px4_msgs) StdoutLine: {'line': b'-- Up-to-date: /home/rschnurr/SkyClaw-Team1/ros2_ws/install/px4_msgs/share/px4_msgs/msg/MessageFormatRequest.msg\n'}
[3.915569] (px4_msgs) StdoutLine: {'line': b'-- Up-to-date: /home/rschnurr/SkyClaw-Team1/ros2_ws/install/px4_msgs/share/px4_msgs/msg/MessageFormatResponse.msg\n'}
[3.916955] (px4_msgs) StdoutLine: {'line': b'-- Up-to-date: /home/rschnurr/SkyClaw-Team1/ros2_ws/install/px4_msgs/share/px4_msgs/msg/Mission.msg\n'}
[3.917866] (px4_msgs) StdoutLine: {'line': b'-- Up-to-date: /home/rschnurr/SkyClaw-Team1/ros2_ws/install/px4_msgs/share/px4_msgs/msg/MissionResult.msg\n'}
[3.918953] (px4_msgs) StdoutLine: {'line': b'-- Up-to-date: /home/rschnurr/SkyClaw-Team1/ros2_ws/install/px4_msgs/share/px4_msgs/msg/ModeCompleted.msg\n'}
[3.924119] (px4_msgs) StdoutLine: {'line': b'-- Up-to-date: /home/rschnurr/SkyClaw-Team1/ros2_ws/install/px4_msgs/share/px4_msgs/msg/MountOrientation.msg\n'}
[3.924510] (px4_msgs) StdoutLine: {'line': b'-- Up-to-date: /home/rschnurr/SkyClaw-Team1/ros2_ws/install/px4_msgs/share/px4_msgs/msg/NavigatorMissionItem.msg\n'}
[3.924666] (px4_msgs) StdoutLine: {'line': b'-- Up-to-date: /home/rschnurr/SkyClaw-Team1/ros2_ws/install/px4_msgs/share/px4_msgs/msg/NavigatorStatus.msg\n'}
[3.929491] (px4_msgs) StdoutLine: {'line': b'-- Up-to-date: /home/rschnurr/SkyClaw-Team1/ros2_ws/install/px4_msgs/share/px4_msgs/msg/NeuralControl.msg\n'}
[3.931105] (px4_msgs) StdoutLine: {'line': b'-- Up-to-date: /home/rschnurr/SkyClaw-Team1/ros2_ws/install/px4_msgs/share/px4_msgs/msg/NormalizedUnsignedSetpoint.msg\n'}
[3.931989] (px4_msgs) StdoutLine: {'line': b'-- Up-to-date: /home/rschnurr/SkyClaw-Team1/ros2_ws/install/px4_msgs/share/px4_msgs/msg/ObstacleDistance.msg\n'}
[3.933107] (px4_msgs) StdoutLine: {'line': b'-- Up-to-date: /home/rschnurr/SkyClaw-Team1/ros2_ws/install/px4_msgs/share/px4_msgs/msg/OffboardControlMode.msg\n'}
[3.934304] (px4_msgs) StdoutLine: {'line': b'-- Up-to-date: /home/rschnurr/SkyClaw-Team1/ros2_ws/install/px4_msgs/share/px4_msgs/msg/OnboardComputerStatus.msg\n'}
[3.935122] (px4_msgs) StdoutLine: {'line': b'-- Up-to-date: /home/rschnurr/SkyClaw-Team1/ros2_ws/install/px4_msgs/share/px4_msgs/msg/OpenDroneIdArmStatus.msg\n'}
[3.935826] (px4_msgs) StdoutLine: {'line': b'-- Up-to-date: /home/rschnurr/SkyClaw-Team1/ros2_ws/install/px4_msgs/share/px4_msgs/msg/OpenDroneIdOperatorId.msg\n'}
[3.936816] (px4_msgs) StdoutLine: {'line': b'-- Up-to-date: /home/rschnurr/SkyClaw-Team1/ros2_ws/install/px4_msgs/share/px4_msgs/msg/OpenDroneIdSelfId.msg\n'}
[3.937844] (px4_msgs) StdoutLine: {'line': b'-- Up-to-date: /home/rschnurr/SkyClaw-Team1/ros2_ws/install/px4_msgs/share/px4_msgs/msg/OpenDroneIdSystem.msg\n'}
[3.938540] (px4_msgs) StdoutLine: {'line': b'-- Up-to-date: /home/rschnurr/SkyClaw-Team1/ros2_ws/install/px4_msgs/share/px4_msgs/msg/OrbTest.msg\n'}
[3.939146] (px4_msgs) StdoutLine: {'line': b'-- Up-to-date: /home/rschnurr/SkyClaw-Team1/ros2_ws/install/px4_msgs/share/px4_msgs/msg/OrbTestLarge.msg\n'}
[3.940017] (px4_msgs) StdoutLine: {'line': b'-- Up-to-date: /home/rschnurr/SkyClaw-Team1/ros2_ws/install/px4_msgs/share/px4_msgs/msg/OrbTestMedium.msg\n'}
[3.951664] (px4_msgs) StdoutLine: {'line': b'-- Up-to-date: /home/rschnurr/SkyClaw-Team1/ros2_ws/install/px4_msgs/share/px4_msgs/msg/OrbitStatus.msg\n'}
[3.952817] (px4_msgs) StdoutLine: {'line': b'-- Up-to-date: /home/rschnurr/SkyClaw-Team1/ros2_ws/install/px4_msgs/share/px4_msgs/msg/ParameterResetRequest.msg\n'}
[3.953548] (px4_msgs) StdoutLine: {'line': b'-- Up-to-date: /home/rschnurr/SkyClaw-Team1/ros2_ws/install/px4_msgs/share/px4_msgs/msg/ParameterSetUsedRequest.msg\n'}
[3.954625] (px4_msgs) StdoutLine: {'line': b'-- Up-to-date: /home/rschnurr/SkyClaw-Team1/ros2_ws/install/px4_msgs/share/px4_msgs/msg/ParameterSetValueRequest.msg\n'}
[3.955670] (px4_msgs) StdoutLine: {'line': b'-- Up-to-date: /home/rschnurr/SkyClaw-Team1/ros2_ws/install/px4_msgs/share/px4_msgs/msg/ParameterSetValueResponse.msg\n'}
[3.956394] (px4_msgs) StdoutLine: {'line': b'-- Up-to-date: /home/rschnurr/SkyClaw-Team1/ros2_ws/install/px4_msgs/share/px4_msgs/msg/ParameterUpdate.msg\n'}
[3.957207] (px4_msgs) StdoutLine: {'line': b'-- Up-to-date: /home/rschnurr/SkyClaw-Team1/ros2_ws/install/px4_msgs/share/px4_msgs/msg/Ping.msg\n'}
[3.958166] (px4_msgs) StdoutLine: {'line': b'-- Up-to-date: /home/rschnurr/SkyClaw-Team1/ros2_ws/install/px4_msgs/share/px4_msgs/msg/PositionControllerLandingStatus.msg\n'}
[3.959187] (px4_msgs) StdoutLine: {'line': b'-- Up-to-date: /home/rschnurr/SkyClaw-Team1/ros2_ws/install/px4_msgs/share/px4_msgs/msg/PositionControllerStatus.msg\n'}
[3.959973] (px4_msgs) StdoutLine: {'line': b'-- Up-to-date: /home/rschnurr/SkyClaw-Team1/ros2_ws/install/px4_msgs/share/px4_msgs/msg/PositionSetpoint.msg\n'}
[3.960703] (px4_msgs) StdoutLine: {'line': b'-- Up-to-date: /home/rschnurr/SkyClaw-Team1/ros2_ws/install/px4_msgs/share/px4_msgs/msg/PositionSetpointTriplet.msg\n'}
[3.962170] (px4_msgs) StdoutLine: {'line': b'-- Up-to-date: /home/rschnurr/SkyClaw-Team1/ros2_ws/install/px4_msgs/share/px4_msgs/msg/PowerButtonState.msg\n'}
[3.963547] (px4_msgs) StdoutLine: {'line': b'-- Up-to-date: /home/rschnurr/SkyClaw-Team1/ros2_ws/install/px4_msgs/share/px4_msgs/msg/PowerMonitor.msg\n'}
[3.964329] (px4_msgs) StdoutLine: {'line': b'-- Up-to-date: /home/rschnurr/SkyClaw-Team1/ros2_ws/install/px4_msgs/share/px4_msgs/msg/PpsCapture.msg\n'}
[3.965476] (px4_msgs) StdoutLine: {'line': b'-- Up-to-date: /home/rschnurr/SkyClaw-Team1/ros2_ws/install/px4_msgs/share/px4_msgs/msg/PurePursuitStatus.msg\n'}
[3.965895] (-) TimerEvent: {}
[3.966442] (px4_msgs) StdoutLine: {'line': b'-- Up-to-date: /home/rschnurr/SkyClaw-Team1/ros2_ws/install/px4_msgs/share/px4_msgs/msg/PwmInput.msg\n'}
[3.968591] (px4_msgs) StdoutLine: {'line': b'-- Up-to-date: /home/rschnurr/SkyClaw-Team1/ros2_ws/install/px4_msgs/share/px4_msgs/msg/Px4ioStatus.msg\n'}
[3.969510] (px4_msgs) StdoutLine: {'line': b'-- Up-to-date: /home/rschnurr/SkyClaw-Team1/ros2_ws/install/px4_msgs/share/px4_msgs/msg/QshellReq.msg\n'}
[3.970131] (px4_msgs) StdoutLine: {'line': b'-- Up-to-date: /home/rschnurr/SkyClaw-Team1/ros2_ws/install/px4_msgs/share/px4_msgs/msg/QshellRetval.msg\n'}
[3.971052] (px4_msgs) StdoutLine: {'line': b'-- Up-to-date: /home/rschnurr/SkyClaw-Team1/ros2_ws/install/px4_msgs/share/px4_msgs/msg/RadioStatus.msg\n'}
[3.971997] (px4_msgs) StdoutLine: {'line': b'-- Up-to-date: /home/rschnurr/SkyClaw-Team1/ros2_ws/install/px4_msgs/share/px4_msgs/msg/RateCtrlStatus.msg\n'}
[3.973330] (px4_msgs) StdoutLine: {'line': b'-- Up-to-date: /home/rschnurr/SkyClaw-Team1/ros2_ws/install/px4_msgs/share/px4_msgs/msg/RcChannels.msg\n'}
[3.974118] (px4_msgs) StdoutLine: {'line': b'-- Up-to-date: /home/rschnurr/SkyClaw-Team1/ros2_ws/install/px4_msgs/share/px4_msgs/msg/RcParameterMap.msg\n'}
[3.974892] (px4_msgs) StdoutLine: {'line': b'-- Up-to-date: /home/rschnurr/SkyClaw-Team1/ros2_ws/install/px4_msgs/share/px4_msgs/msg/RegisterExtComponentReply.msg\n'}
[3.975850] (px4_msgs) StdoutLine: {'line': b'-- Up-to-date: /home/rschnurr/SkyClaw-Team1/ros2_ws/install/px4_msgs/share/px4_msgs/msg/RegisterExtComponentRequest.msg\n'}
[3.976499] (px4_msgs) StdoutLine: {'line': b'-- Up-to-date: /home/rschnurr/SkyClaw-Team1/ros2_ws/install/px4_msgs/share/px4_msgs/msg/RoverAttitudeSetpoint.msg\n'}
[3.977373] (px4_msgs) StdoutLine: {'line': b'-- Up-to-date: /home/rschnurr/SkyClaw-Team1/ros2_ws/install/px4_msgs/share/px4_msgs/msg/RoverAttitudeStatus.msg\n'}
[3.978348] (px4_msgs) StdoutLine: {'line': b'-- Up-to-date: /home/rschnurr/SkyClaw-Team1/ros2_ws/install/px4_msgs/share/px4_msgs/msg/RoverPositionSetpoint.msg\n'}
[3.979168] (px4_msgs) StdoutLine: {'line': b'-- Up-to-date: /home/rschnurr/SkyClaw-Team1/ros2_ws/install/px4_msgs/share/px4_msgs/msg/RoverRateSetpoint.msg\n'}
[3.980593] (px4_msgs) StdoutLine: {'line': b'-- Up-to-date: /home/rschnurr/SkyClaw-Team1/ros2_ws/install/px4_msgs/share/px4_msgs/msg/RoverRateStatus.msg\n'}
[3.981308] (px4_msgs) StdoutLine: {'line': b'-- Up-to-date: /home/rschnurr/SkyClaw-Team1/ros2_ws/install/px4_msgs/share/px4_msgs/msg/RoverSpeedSetpoint.msg\n'}
[3.982624] (px4_msgs) StdoutLine: {'line': b'-- Up-to-date: /home/rschnurr/SkyClaw-Team1/ros2_ws/install/px4_msgs/share/px4_msgs/msg/RoverSpeedStatus.msg\n'}
[3.984592] (px4_msgs) StdoutLine: {'line': b'-- Up-to-date: /home/rschnurr/SkyClaw-Team1/ros2_ws/install/px4_msgs/share/px4_msgs/msg/RoverSteeringSetpoint.msg\n'}
[3.985411] (px4_msgs) StdoutLine: {'line': b'-- Up-to-date: /home/rschnurr/SkyClaw-Team1/ros2_ws/install/px4_msgs/share/px4_msgs/msg/RoverThrottleSetpoint.msg\n'}
[3.985989] (px4_msgs) StdoutLine: {'line': b'-- Up-to-date: /home/rschnurr/SkyClaw-Team1/ros2_ws/install/px4_msgs/share/px4_msgs/msg/Rpm.msg\n'}
[3.986965] (px4_msgs) StdoutLine: {'line': b'-- Up-to-date: /home/rschnurr/SkyClaw-Team1/ros2_ws/install/px4_msgs/share/px4_msgs/msg/RtlStatus.msg\n'}
[3.987916] (px4_msgs) StdoutLine: {'line': b'-- Up-to-date: /home/rschnurr/SkyClaw-Team1/ros2_ws/install/px4_msgs/share/px4_msgs/msg/RtlTimeEstimate.msg\n'}
[3.988987] (px4_msgs) StdoutLine: {'line': b'-- Up-to-date: /home/rschnurr/SkyClaw-Team1/ros2_ws/install/px4_msgs/share/px4_msgs/msg/SatelliteInfo.msg\n'}
[3.990283] (px4_msgs) StdoutLine: {'line': b'-- Up-to-date: /home/rschnurr/SkyClaw-Team1/ros2_ws/install/px4_msgs/share/px4_msgs/msg/SensorAccel.msg\n'}
[3.991267] (px4_msgs) StdoutLine: {'line': b'-- Up-to-date: /home/rschnurr/SkyClaw-Team1/ros2_ws/install/px4_msgs/share/px4_msgs/msg/SensorAccelFifo.msg\n'}
[3.992979] (px4_msgs) StdoutLine: {'line': b'-- Up-to-date: /home/rschnurr/SkyClaw-Team1/ros2_ws/install/px4_msgs/share/px4_msgs/msg/SensorAirflow.msg\n'}
[3.994152] (px4_msgs) StdoutLine: {'line': b'-- Up-to-date: /home/rschnurr/SkyClaw-Team1/ros2_ws/install/px4_msgs/share/px4_msgs/msg/SensorBaro.msg\n'}
[3.995409] (px4_msgs) StdoutLine: {'line': b'-- Up-to-date: /home/rschnurr/SkyClaw-Team1/ros2_ws/install/px4_msgs/share/px4_msgs/msg/SensorCombined.msg\n'}
[3.996597] (px4_msgs) StdoutLine: {'line': b'-- Up-to-date: /home/rschnurr/SkyClaw-Team1/ros2_ws/install/px4_msgs/share/px4_msgs/msg/SensorCorrection.msg\n'}
[3.997636] (px4_msgs) StdoutLine: {'line': b'-- Up-to-date: /home/rschnurr/SkyClaw-Team1/ros2_ws/install/px4_msgs/share/px4_msgs/msg/SensorGnssRelative.msg\n'}
[3.999074] (px4_msgs) StdoutLine: {'line': b'-- Up-to-date: /home/rschnurr/SkyClaw-Team1/ros2_ws/install/px4_msgs/share/px4_msgs/msg/SensorGnssStatus.msg\n'}
[3.999435] (px4_msgs) StdoutLine: {'line': b'-- Up-to-date: /home/rschnurr/SkyClaw-Team1/ros2_ws/install/px4_msgs/share/px4_msgs/msg/SensorGps.msg\n'}
[4.001460] (px4_msgs) StdoutLine: {'line': b'-- Up-to-date: /home/rschnurr/SkyClaw-Team1/ros2_ws/install/px4_msgs/share/px4_msgs/msg/SensorGyro.msg\n'}
[4.004426] (px4_msgs) StdoutLine: {'line': b'-- Up-to-date: /home/rschnurr/SkyClaw-Team1/ros2_ws/install/px4_msgs/share/px4_msgs/msg/SensorGyroFft.msg\n'}
[4.007517] (px4_msgs) StdoutLine: {'line': b'-- Up-to-date: /home/rschnurr/SkyClaw-Team1/ros2_ws/install/px4_msgs/share/px4_msgs/msg/SensorGyroFifo.msg\n'}
[4.011083] (px4_msgs) StdoutLine: {'line': b'-- Up-to-date: /home/rschnurr/SkyClaw-Team1/ros2_ws/install/px4_msgs/share/px4_msgs/msg/SensorHygrometer.msg\n'}
[4.013951] (px4_msgs) StdoutLine: {'line': b'-- Up-to-date: /home/rschnurr/SkyClaw-Team1/ros2_ws/install/px4_msgs/share/px4_msgs/msg/SensorMag.msg\n'}
[4.016214] (px4_msgs) StdoutLine: {'line': b'-- Up-to-date: /home/rschnurr/SkyClaw-Team1/ros2_ws/install/px4_msgs/share/px4_msgs/msg/SensorOpticalFlow.msg\n'}
[4.017501] (px4_msgs) StdoutLine: {'line': b'-- Up-to-date: /home/rschnurr/SkyClaw-Team1/ros2_ws/install/px4_msgs/share/px4_msgs/msg/SensorPreflightMag.msg\n'}
[4.018401] (px4_msgs) StdoutLine: {'line': b'-- Up-to-date: /home/rschnurr/SkyClaw-Team1/ros2_ws/install/px4_msgs/share/px4_msgs/msg/SensorSelection.msg\n'}
[4.019405] (px4_msgs) StdoutLine: {'line': b'-- Up-to-date: /home/rschnurr/SkyClaw-Team1/ros2_ws/install/px4_msgs/share/px4_msgs/msg/SensorUwb.msg\n'}
[4.020526] (px4_msgs) StdoutLine: {'line': b'-- Up-to-date: /home/rschnurr/SkyClaw-Team1/ros2_ws/install/px4_msgs/share/px4_msgs/msg/SensorsStatus.msg\n'}
[4.021402] (px4_msgs) StdoutLine: {'line': b'-- Up-to-date: /home/rschnurr/SkyClaw-Team1/ros2_ws/install/px4_msgs/share/px4_msgs/msg/SensorsStatusImu.msg\n'}
[4.023514] (px4_msgs) StdoutLine: {'line': b'-- Up-to-date: /home/rschnurr/SkyClaw-Team1/ros2_ws/install/px4_msgs/share/px4_msgs/msg/SystemPower.msg\n'}
[4.024080] (px4_msgs) StdoutLine: {'line': b'-- Up-to-date: /home/rschnurr/SkyClaw-Team1/ros2_ws/install/px4_msgs/share/px4_msgs/msg/TakeoffStatus.msg\n'}
[4.025891] (px4_msgs) StdoutLine: {'line': b'-- Up-to-date: /home/rschnurr/SkyClaw-Team1/ros2_ws/install/px4_msgs/share/px4_msgs/msg/TaskStackInfo.msg\n'}
[4.028586] (px4_msgs) StdoutLine: {'line': b'-- Up-to-date: /home/rschnurr/SkyClaw-Team1/ros2_ws/install/px4_msgs/share/px4_msgs/msg/TecsStatus.msg\n'}
[4.028946] (px4_msgs) StdoutLine: {'line': b'-- Up-to-date: /home/rschnurr/SkyClaw-Team1/ros2_ws/install/px4_msgs/share/px4_msgs/msg/TelemetryStatus.msg\n'}
[4.029049] (px4_msgs) StdoutLine: {'line': b'-- Up-to-date: /home/rschnurr/SkyClaw-Team1/ros2_ws/install/px4_msgs/share/px4_msgs/msg/TiltrotorExtraControls.msg\n'}
[4.029355] (px4_msgs) StdoutLine: {'line': b'-- Up-to-date: /home/rschnurr/SkyClaw-Team1/ros2_ws/install/px4_msgs/share/px4_msgs/msg/TimesyncStatus.msg\n'}
[4.032004] (px4_msgs) StdoutLine: {'line': b'-- Up-to-date: /home/rschnurr/SkyClaw-Team1/ros2_ws/install/px4_msgs/share/px4_msgs/msg/TrajectorySetpoint.msg\n'}
[4.032823] (px4_msgs) StdoutLine: {'line': b'-- Up-to-date: /home/rschnurr/SkyClaw-Team1/ros2_ws/install/px4_msgs/share/px4_msgs/msg/TrajectorySetpoint6dof.msg\n'}
[4.033059] (px4_msgs) StdoutLine: {'line': b'-- Up-to-date: /home/rschnurr/SkyClaw-Team1/ros2_ws/install/px4_msgs/share/px4_msgs/msg/TransponderReport.msg\n'}
[4.033799] (px4_msgs) StdoutLine: {'line': b'-- Up-to-date: /home/rschnurr/SkyClaw-Team1/ros2_ws/install/px4_msgs/share/px4_msgs/msg/TuneControl.msg\n'}
[4.034742] (px4_msgs) StdoutLine: {'line': b'-- Up-to-date: /home/rschnurr/SkyClaw-Team1/ros2_ws/install/px4_msgs/share/px4_msgs/msg/UavcanParameterRequest.msg\n'}
[4.035267] (px4_msgs) StdoutLine: {'line': b'-- Up-to-date: /home/rschnurr/SkyClaw-Team1/ros2_ws/install/px4_msgs/share/px4_msgs/msg/UavcanParameterValue.msg\n'}
[4.035946] (px4_msgs) StdoutLine: {'line': b'-- Up-to-date: /home/rschnurr/SkyClaw-Team1/ros2_ws/install/px4_msgs/share/px4_msgs/msg/UlogStream.msg\n'}
[4.037279] (px4_msgs) StdoutLine: {'line': b'-- Up-to-date: /home/rschnurr/SkyClaw-Team1/ros2_ws/install/px4_msgs/share/px4_msgs/msg/UlogStreamAck.msg\n'}
[4.038021] (px4_msgs) StdoutLine: {'line': b'-- Up-to-date: /home/rschnurr/SkyClaw-Team1/ros2_ws/install/px4_msgs/share/px4_msgs/msg/UnregisterExtComponent.msg\n'}
[4.039730] (px4_msgs) StdoutLine: {'line': b'-- Up-to-date: /home/rschnurr/SkyClaw-Team1/ros2_ws/install/px4_msgs/share/px4_msgs/msg/VehicleAcceleration.msg\n'}
[4.040874] (px4_msgs) StdoutLine: {'line': b'-- Up-to-date: /home/rschnurr/SkyClaw-Team1/ros2_ws/install/px4_msgs/share/px4_msgs/msg/VehicleAirData.msg\n'}
[4.042118] (px4_msgs) StdoutLine: {'line': b'-- Up-to-date: /home/rschnurr/SkyClaw-Team1/ros2_ws/install/px4_msgs/share/px4_msgs/msg/VehicleAngularAccelerationSetpoint.msg\n'}
[4.043125] (px4_msgs) StdoutLine: {'line': b'-- Up-to-date: /home/rschnurr/SkyClaw-Team1/ros2_ws/install/px4_msgs/share/px4_msgs/msg/VehicleAngularVelocity.msg\n'}
[4.044098] (px4_msgs) StdoutLine: {'line': b'-- Up-to-date: /home/rschnurr/SkyClaw-Team1/ros2_ws/install/px4_msgs/share/px4_msgs/msg/VehicleAttitude.msg\n'}
[4.045163] (px4_msgs) StdoutLine: {'line': b'-- Up-to-date: /home/rschnurr/SkyClaw-Team1/ros2_ws/install/px4_msgs/share/px4_msgs/msg/VehicleAttitudeSetpoint.msg\n'}
[4.046268] (px4_msgs) StdoutLine: {'line': b'-- Up-to-date: /home/rschnurr/SkyClaw-Team1/ros2_ws/install/px4_msgs/share/px4_msgs/msg/VehicleCommand.msg\n'}
[4.046762] (px4_msgs) StdoutLine: {'line': b'-- Up-to-date: /home/rschnurr/SkyClaw-Team1/ros2_ws/install/px4_msgs/share/px4_msgs/msg/VehicleCommandAck.msg\n'}
[4.048001] (px4_msgs) StdoutLine: {'line': b'-- Up-to-date: /home/rschnurr/SkyClaw-Team1/ros2_ws/install/px4_msgs/share/px4_msgs/msg/VehicleConstraints.msg\n'}
[4.049010] (px4_msgs) StdoutLine: {'line': b'-- Up-to-date: /home/rschnurr/SkyClaw-Team1/ros2_ws/install/px4_msgs/share/px4_msgs/msg/VehicleControlMode.msg\n'}
[4.050181] (px4_msgs) StdoutLine: {'line': b'-- Up-to-date: /home/rschnurr/SkyClaw-Team1/ros2_ws/install/px4_msgs/share/px4_msgs/msg/VehicleGlobalPosition.msg\n'}
[4.050850] (px4_msgs) StdoutLine: {'line': b'-- Up-to-date: /home/rschnurr/SkyClaw-Team1/ros2_ws/install/px4_msgs/share/px4_msgs/msg/VehicleImu.msg\n'}
[4.051781] (px4_msgs) StdoutLine: {'line': b'-- Up-to-date: /home/rschnurr/SkyClaw-Team1/ros2_ws/install/px4_msgs/share/px4_msgs/msg/VehicleImuStatus.msg\n'}
[4.053107] (px4_msgs) StdoutLine: {'line': b'-- Up-to-date: /home/rschnurr/SkyClaw-Team1/ros2_ws/install/px4_msgs/share/px4_msgs/msg/VehicleLandDetected.msg\n'}
[4.054096] (px4_msgs) StdoutLine: {'line': b'-- Up-to-date: /home/rschnurr/SkyClaw-Team1/ros2_ws/install/px4_msgs/share/px4_msgs/msg/VehicleLocalPosition.msg\n'}
[4.055278] (px4_msgs) StdoutLine: {'line': b'-- Up-to-date: /home/rschnurr/SkyClaw-Team1/ros2_ws/install/px4_msgs/share/px4_msgs/msg/VehicleLocalPositionSetpoint.msg\n'}
[4.055637] (px4_msgs) StdoutLine: {'line': b'-- Up-to-date: /home/rschnurr/SkyClaw-Team1/ros2_ws/install/px4_msgs/share/px4_msgs/msg/VehicleMagnetometer.msg\n'}
[4.057311] (px4_msgs) StdoutLine: {'line': b'-- Up-to-date: /home/rschnurr/SkyClaw-Team1/ros2_ws/install/px4_msgs/share/px4_msgs/msg/VehicleOdometry.msg\n'}
[4.058405] (px4_msgs) StdoutLine: {'line': b'-- Up-to-date: /home/rschnurr/SkyClaw-Team1/ros2_ws/install/px4_msgs/share/px4_msgs/msg/VehicleOpticalFlow.msg\n'}
[4.059131] (px4_msgs) StdoutLine: {'line': b'-- Up-to-date: /home/rschnurr/SkyClaw-Team1/ros2_ws/install/px4_msgs/share/px4_msgs/msg/VehicleOpticalFlowVel.msg\n'}
[4.060563] (px4_msgs) StdoutLine: {'line': b'-- Up-to-date: /home/rschnurr/SkyClaw-Team1/ros2_ws/install/px4_msgs/share/px4_msgs/msg/VehicleRatesSetpoint.msg\n'}
[4.061779] (px4_msgs) StdoutLine: {'line': b'-- Up-to-date: /home/rschnurr/SkyClaw-Team1/ros2_ws/install/px4_msgs/share/px4_msgs/msg/VehicleRoi.msg\n'}
[4.063169] (px4_msgs) StdoutLine: {'line': b'-- Up-to-date: /home/rschnurr/SkyClaw-Team1/ros2_ws/install/px4_msgs/share/px4_msgs/msg/VehicleStatus.msg\n'}
[4.064090] (px4_msgs) StdoutLine: {'line': b'-- Up-to-date: /home/rschnurr/SkyClaw-Team1/ros2_ws/install/px4_msgs/share/px4_msgs/msg/VehicleThrustSetpoint.msg\n'}
[4.065036] (px4_msgs) StdoutLine: {'line': b'-- Up-to-date: /home/rschnurr/SkyClaw-Team1/ros2_ws/install/px4_msgs/share/px4_msgs/msg/VehicleTorqueSetpoint.msg\n'}
[4.065915] (px4_msgs) StdoutLine: {'line': b'-- Up-to-date: /home/rschnurr/SkyClaw-Team1/ros2_ws/install/px4_msgs/share/px4_msgs/msg/VelocityLimits.msg\n'}
[4.066068] (-) TimerEvent: {}
[4.066938] (px4_msgs) StdoutLine: {'line': b'-- Up-to-date: /home/rschnurr/SkyClaw-Team1/ros2_ws/install/px4_msgs/share/px4_msgs/msg/VtolVehicleStatus.msg\n'}
[4.067652] (px4_msgs) StdoutLine: {'line': b'-- Up-to-date: /home/rschnurr/SkyClaw-Team1/ros2_ws/install/px4_msgs/share/px4_msgs/msg/WheelEncoders.msg\n'}
[4.068287] (px4_msgs) StdoutLine: {'line': b'-- Up-to-date: /home/rschnurr/SkyClaw-Team1/ros2_ws/install/px4_msgs/share/px4_msgs/msg/Wind.msg\n'}
[4.069194] (px4_msgs) StdoutLine: {'line': b'-- Up-to-date: /home/rschnurr/SkyClaw-Team1/ros2_ws/install/px4_msgs/share/px4_msgs/msg/YawEstimatorStatus.msg\n'}
[4.070062] (px4_msgs) StdoutLine: {'line': b'-- Up-to-date: /home/rschnurr/SkyClaw-Team1/ros2_ws/install/px4_msgs/share/px4_msgs/srv/VehicleCommand.srv\n'}
[4.071392] (px4_msgs) StdoutLine: {'line': b'-- Up-to-date: /home/rschnurr/SkyClaw-Team1/ros2_ws/install/px4_msgs/share/px4_msgs/srv/VehicleCommand_Request.msg\n'}
[4.072061] (px4_msgs) StdoutLine: {'line': b'-- Up-to-date: /home/rschnurr/SkyClaw-Team1/ros2_ws/install/px4_msgs/share/px4_msgs/srv/VehicleCommand_Response.msg\n'}
[4.072805] (px4_msgs) StdoutLine: {'line': b'-- Up-to-date: /home/rschnurr/SkyClaw-Team1/ros2_ws/install/px4_msgs/share/ament_index/resource_index/package_run_dependencies/px4_msgs\n'}
[4.075040] (px4_msgs) StdoutLine: {'line': b'-- Up-to-date: /home/rschnurr/SkyClaw-Team1/ros2_ws/install/px4_msgs/share/ament_index/resource_index/parent_prefix_path/px4_msgs\n'}
[4.076813] (px4_msgs) StdoutLine: {'line': b'-- Up-to-date: /home/rschnurr/SkyClaw-Team1/ros2_ws/install/px4_msgs/share/px4_msgs/environment/ament_prefix_path.sh\n'}
[4.077063] (px4_msgs) StdoutLine: {'line': b'-- Up-to-date: /home/rschnurr/SkyClaw-Team1/ros2_ws/install/px4_msgs/share/px4_msgs/environment/ament_prefix_path.dsv\n'}
[4.081048] (px4_msgs) StdoutLine: {'line': b'-- Up-to-date: /home/rschnurr/SkyClaw-Team1/ros2_ws/install/px4_msgs/share/px4_msgs/environment/path.sh\n'}
[4.085782] (px4_msgs) StdoutLine: {'line': b'-- Up-to-date: /home/rschnurr/SkyClaw-Team1/ros2_ws/install/px4_msgs/share/px4_msgs/environment/path.dsv\n'}
[4.092179] (px4_msgs) StdoutLine: {'line': b'-- Up-to-date: /home/rschnurr/SkyClaw-Team1/ros2_ws/install/px4_msgs/share/px4_msgs/local_setup.bash\n'}
[4.093433] (px4_msgs) StdoutLine: {'line': b'-- Up-to-date: /home/rschnurr/SkyClaw-Team1/ros2_ws/install/px4_msgs/share/px4_msgs/local_setup.sh\n'}
[4.093670] (px4_msgs) StdoutLine: {'line': b'-- Up-to-date: /home/rschnurr/SkyClaw-Team1/ros2_ws/install/px4_msgs/share/px4_msgs/local_setup.zsh\n'}
[4.093975] (px4_msgs) StdoutLine: {'line': b'-- Up-to-date: /home/rschnurr/SkyClaw-Team1/ros2_ws/install/px4_msgs/share/px4_msgs/local_setup.dsv\n'}
[4.094126] (px4_msgs) StdoutLine: {'line': b'-- Installing: /home/rschnurr/SkyClaw-Team1/ros2_ws/install/px4_msgs/share/px4_msgs/package.dsv\n'}
[4.095197] (px4_msgs) StdoutLine: {'line': b'-- Up-to-date: /home/rschnurr/SkyClaw-Team1/ros2_ws/install/px4_msgs/share/ament_index/resource_index/packages/px4_msgs\n'}
[4.097516] (px4_msgs) StdoutLine: {'line': b'-- Up-to-date: /home/rschnurr/SkyClaw-Team1/ros2_ws/install/px4_msgs/share/px4_msgs/cmake/export_px4_msgs__rosidl_generator_cExport.cmake\n'}
[4.099632] (px4_msgs) StdoutLine: {'line': b'-- Up-to-date: /home/rschnurr/SkyClaw-Team1/ros2_ws/install/px4_msgs/share/px4_msgs/cmake/export_px4_msgs__rosidl_generator_cExport-noconfig.cmake\n'}
[4.102694] (px4_msgs) StdoutLine: {'line': b'-- Up-to-date: /home/rschnurr/SkyClaw-Team1/ros2_ws/install/px4_msgs/share/px4_msgs/cmake/export_px4_msgs__rosidl_typesupport_fastrtps_cExport.cmake\n'}
[4.106095] (px4_msgs) StdoutLine: {'line': b'-- Up-to-date: /home/rschnurr/SkyClaw-Team1/ros2_ws/install/px4_msgs/share/px4_msgs/cmake/export_px4_msgs__rosidl_typesupport_fastrtps_cExport-noconfig.cmake\n'}
[4.116524] (px4_msgs) StdoutLine: {'line': b'-- Up-to-date: /home/rschnurr/SkyClaw-Team1/ros2_ws/install/px4_msgs/share/px4_msgs/cmake/export_px4_msgs__rosidl_generator_cppExport.cmake\n'}
[4.128259] (px4_msgs) StdoutLine: {'line': b'-- Up-to-date: /home/rschnurr/SkyClaw-Team1/ros2_ws/install/px4_msgs/share/px4_msgs/cmake/export_px4_msgs__rosidl_typesupport_fastrtps_cppExport.cmake\n'}
[4.128928] (px4_msgs) StdoutLine: {'line': b'-- Up-to-date: /home/rschnurr/SkyClaw-Team1/ros2_ws/install/px4_msgs/share/px4_msgs/cmake/export_px4_msgs__rosidl_typesupport_fastrtps_cppExport-noconfig.cmake\n'}
[4.131504] (px4_msgs) StdoutLine: {'line': b'-- Up-to-date: /home/rschnurr/SkyClaw-Team1/ros2_ws/install/px4_msgs/share/px4_msgs/cmake/px4_msgs__rosidl_typesupport_introspection_cExport.cmake\n'}
[4.134681] (px4_msgs) StdoutLine: {'line': b'-- Up-to-date: /home/rschnurr/SkyClaw-Team1/ros2_ws/install/px4_msgs/share/px4_msgs/cmake/px4_msgs__rosidl_typesupport_introspection_cExport-noconfig.cmake\n'}
[4.137323] (px4_msgs) StdoutLine: {'line': b'-- Up-to-date: /home/rschnurr/SkyClaw-Team1/ros2_ws/install/px4_msgs/share/px4_msgs/cmake/px4_msgs__rosidl_typesupport_cExport.cmake\n'}
[4.140572] (px4_msgs) StdoutLine: {'line': b'-- Up-to-date: /home/rschnurr/SkyClaw-Team1/ros2_ws/install/px4_msgs/share/px4_msgs/cmake/px4_msgs__rosidl_typesupport_cExport-noconfig.cmake\n'}
[4.143226] (px4_msgs) StdoutLine: {'line': b'-- Up-to-date: /home/rschnurr/SkyClaw-Team1/ros2_ws/install/px4_msgs/share/px4_msgs/cmake/px4_msgs__rosidl_typesupport_introspection_cppExport.cmake\n'}
[4.146680] (px4_msgs) StdoutLine: {'line': b'-- Up-to-date: /home/rschnurr/SkyClaw-Team1/ros2_ws/install/px4_msgs/share/px4_msgs/cmake/px4_msgs__rosidl_typesupport_introspection_cppExport-noconfig.cmake\n'}
[4.148751] (px4_msgs) StdoutLine: {'line': b'-- Up-to-date: /home/rschnurr/SkyClaw-Team1/ros2_ws/install/px4_msgs/share/px4_msgs/cmake/px4_msgs__rosidl_typesupport_cppExport.cmake\n'}
[4.150895] (px4_msgs) StdoutLine: {'line': b'-- Up-to-date: /home/rschnurr/SkyClaw-Team1/ros2_ws/install/px4_msgs/share/px4_msgs/cmake/px4_msgs__rosidl_typesupport_cppExport-noconfig.cmake\n'}
[4.154847] (px4_msgs) StdoutLine: {'line': b'-- Up-to-date: /home/rschnurr/SkyClaw-Team1/ros2_ws/install/px4_msgs/share/px4_msgs/cmake/export_px4_msgs__rosidl_generator_pyExport.cmake\n'}
[4.155605] (px4_msgs) StdoutLine: {'line': b'-- Up-to-date: /home/rschnurr/SkyClaw-Team1/ros2_ws/install/px4_msgs/share/px4_msgs/cmake/export_px4_msgs__rosidl_generator_pyExport-noconfig.cmake\n'}
[4.157060] (px4_msgs) StdoutLine: {'line': b'-- Up-to-date: /home/rschnurr/SkyClaw-Team1/ros2_ws/install/px4_msgs/share/px4_msgs/cmake/rosidl_cmake-extras.cmake\n'}
[4.157777] (px4_msgs) StdoutLine: {'line': b'-- Up-to-date: /home/rschnurr/SkyClaw-Team1/ros2_ws/install/px4_msgs/share/px4_msgs/cmake/ament_cmake_export_dependencies-extras.cmake\n'}
[4.158818] (px4_msgs) StdoutLine: {'line': b'-- Up-to-date: /home/rschnurr/SkyClaw-Team1/ros2_ws/install/px4_msgs/share/px4_msgs/cmake/ament_cmake_export_include_directories-extras.cmake\n'}
[4.161039] (px4_msgs) StdoutLine: {'line': b'-- Up-to-date: /home/rschnurr/SkyClaw-Team1/ros2_ws/install/px4_msgs/share/px4_msgs/cmake/ament_cmake_export_libraries-extras.cmake\n'}
[4.161615] (px4_msgs) StdoutLine: {'line': b'-- Up-to-date: /home/rschnurr/SkyClaw-Team1/ros2_ws/install/px4_msgs/share/px4_msgs/cmake/ament_cmake_export_targets-extras.cmake\n'}
[4.161892] (px4_msgs) StdoutLine: {'line': b'-- Up-to-date: /home/rschnurr/SkyClaw-Team1/ros2_ws/install/px4_msgs/share/px4_msgs/cmake/rosidl_cmake_export_typesupport_targets-extras.cmake\n'}
[4.162538] (px4_msgs) StdoutLine: {'line': b'-- Up-to-date: /home/rschnurr/SkyClaw-Team1/ros2_ws/install/px4_msgs/share/px4_msgs/cmake/rosidl_cmake_export_typesupport_libraries-extras.cmake\n'}
[4.163864] (px4_msgs) StdoutLine: {'line': b'-- Up-to-date: /home/rschnurr/SkyClaw-Team1/ros2_ws/install/px4_msgs/share/px4_msgs/cmake/px4_msgsConfig.cmake\n'}
[4.166104] (px4_msgs) StdoutLine: {'line': b'-- Up-to-date: /home/rschnurr/SkyClaw-Team1/ros2_ws/install/px4_msgs/share/px4_msgs/cmake/px4_msgsConfig-version.cmake\n'}
[4.166349] (-) TimerEvent: {}
[4.168121] (px4_msgs) StdoutLine: {'line': b'-- Up-to-date: /home/rschnurr/SkyClaw-Team1/ros2_ws/install/px4_msgs/share/px4_msgs/package.xml\n'}
[4.187109] (px4_msgs) CommandEnded: {'returncode': 0}
[4.266863] (-) TimerEvent: {}
[4.277609] (px4_msgs) JobEnded: {'identifier': 'px4_msgs', 'rc': 0}
[4.281907] (go_green) JobStarted: {'identifier': 'go_green'}
[4.294819] (px4_ros_com) JobStarted: {'identifier': 'px4_ros_com'}
[4.367107] (-) TimerEvent: {}
[4.464861] (px4_ros_com) JobProgress: {'identifier': 'px4_ros_com', 'progress': 'cmake'}
[4.467298] (-) TimerEvent: {}
[4.468442] (px4_ros_com) JobProgress: {'identifier': 'px4_ros_com', 'progress': 'build'}
[4.471300] (px4_ros_com) Command: {'cmd': ['/usr/bin/cmake', '--build', '/home/rschnurr/SkyClaw-Team1/ros2_ws/build/px4_ros_com', '--', '-j16', '-l16'], 'cwd': '/home/rschnurr/SkyClaw-Team1/ros2_ws/build/px4_ros_com', 'env': OrderedDict([('LESSOPEN', '| /usr/bin/lesspipe %s'), ('USER', 'rschnurr'), ('SHLVL', '1'), ('LD_LIBRARY_PATH', '/home/rschnurr/SkyClaw-Team1/ros2_ws/install/px4_msgs/lib:/usr/lib/x86_64-linux-gnu/gazebo-11/plugins:/opt/ros/humble/opt/rviz_ogre_vendor/lib:/opt/ros/humble/lib/x86_64-linux-gnu:/opt/ros/humble/lib'), ('HOME', '/home/rschnurr'), ('OLDPWD', '/home/rschnurr'), ('ROS_PYTHON_VERSION', '3'), ('DBUS_SESSION_BUS_ADDRESS', 'unix:path=/run/user/1000/bus'), ('WSL_DISTRO_NAME', 'Ubuntu-22.04'), ('WAYLAND_DISPLAY', 'wayland-0'), ('ROS_DISTRO', 'humble'), ('LOGNAME', 'rschnurr'), ('NAME', 'Roberts-Laptop'), ('WSL_INTEROP', '/run/WSL/317_interop'), ('PULSE_SERVER', 'unix:/mnt/wslg/PulseServer'), ('_', '/usr/bin/colcon'), ('ROS_VERSION', '2'), ('TERM', 'xterm-256color'), ('PX4_SITL_WORLD', 'aruco_with_green'), ('ROS_LOCALHOST_ONLY', '0'), ('PATH', '/home/rschnurr/.local/bin:/opt/ros/humble/bin:/usr/local/sbin:/usr/local/bin:/usr/sbin:/usr/bin:/sbin:/bin:/usr/games:/usr/local/games:/usr/lib/wsl/lib:/mnt/c/Users/rschn/miniconda3:/mnt/c/Users/rschn/miniconda3/Library/mingw-w64/bin:/mnt/c/Users/rschn/miniconda3/Library/usr/bin:/mnt/c/Users/rschn/miniconda3/Library/bin:/mnt/c/Users/rschn/miniconda3/Scripts:/mnt/c/Users/rschn/miniconda3/bin:/mnt/c/Users/rschn/miniconda3/condabin:/mnt/c/gstreamer/1.0/msvc_x86_64/bin:/mnt/c/Program Files (x86)/Common Files/Oracle/Java/javapath:/mnt/c/Windows/system32:/mnt/c/Windows:/mnt/c/Windows/System32/Wbem:/mnt/c/Windows/System32/WindowsPowerShell/v1.0:/mnt/c/Windows/System32/OpenSSH:/mnt/c/Program Files/PuTTY:/mnt/c/Program Files/Git/cmd:/mnt/c/Users/rschn/AppData/Local/Microsoft/WindowsApps:/mnt/c/Users/rschn/AppData/Local/Programs/Microsoft VS Code/bin:/mnt/c/Users/rschn/AppData/Local/Google/Cloud SDK/google-cloud-sdk/bin:/snap/bin:/opt/xtensa-esp-elf/bin/'), ('XDG_RUNTIME_DIR', '/run/user/1000/'), ('DISPLAY', ':0'), ('LANG', 'en_US.UTF-8'), ('LS_COLORS', 'rs=0:di=01;34:ln=01;36:mh=00:pi=40;33:so=01;35:do=01;35:bd=40;33;01:cd=40;33;01:or=40;31;01:mi=00:su=37;41:sg=30;43:ca=30;41:tw=30;42:ow=34;42:st=37;44:ex=01;32:*.tar=01;31:*.tgz=01;31:*.arc=01;31:*.arj=01;31:*.taz=01;31:*.lha=01;31:*.lz4=01;31:*.lzh=01;31:*.lzma=01;31:*.tlz=01;31:*.txz=01;31:*.tzo=01;31:*.t7z=01;31:*.zip=01;31:*.z=01;31:*.dz=01;31:*.gz=01;31:*.lrz=01;31:*.lz=01;31:*.lzo=01;31:*.xz=01;31:*.zst=01;31:*.tzst=01;31:*.bz2=01;31:*.bz=01;31:*.tbz=01;31:*.tbz2=01;31:*.tz=01;31:*.deb=01;31:*.rpm=01;31:*.jar=01;31:*.war=01;31:*.ear=01;31:*.sar=01;31:*.rar=01;31:*.alz=01;31:*.ace=01;31:*.zoo=01;31:*.cpio=01;31:*.7z=01;31:*.rz=01;31:*.cab=01;31:*.wim=01;31:*.swm=01;31:*.dwm=01;31:*.esd=01;31:*.jpg=01;35:*.jpeg=01;35:*.mjpg=01;35:*.mjpeg=01;35:*.gif=01;35:*.bmp=01;35:*.pbm=01;35:*.pgm=01;35:*.ppm=01;35:*.tga=01;35:*.xbm=01;35:*.xpm=01;35:*.tif=01;35:*.tiff=01;35:*.png=01;35:*.svg=01;35:*.svgz=01;35:*.mng=01;35:*.pcx=01;35:*.mov=01;35:*.mpg=01;35:*.mpeg=01;35:*.m2v=01;35:*.mkv=01;35:*.webm=01;35:*.webp=01;35:*.ogm=01;35:*.mp4=01;35:*.m4v=01;35:*.mp4v=01;35:*.vob=01;35:*.qt=01;35:*.nuv=01;35:*.wmv=01;35:*.asf=01;35:*.rm=01;35:*.rmvb=01;35:*.flc=01;35:*.avi=01;35:*.fli=01;35:*.flv=01;35:*.gl=01;35:*.dl=01;35:*.xcf=01;35:*.xwd=01;35:*.yuv=01;35:*.cgm=01;35:*.emf=01;35:*.ogv=01;35:*.ogx=01;35:*.aac=00;36:*.au=00;36:*.flac=00;36:*.m4a=00;36:*.mid=00;36:*.midi=00;36:*.mka=00;36:*.mp3=00;36:*.mpc=00;36:*.ogg=00;36:*.ra=00;36:*.wav=00;36:*.oga=00;36:*.opus=00;36:*.spx=00;36:*.xspf=00;36:'), ('AMENT_PREFIX_PATH', '/home/rschnurr/SkyClaw-Team1/ros2_ws/install/px4_msgs:/opt/ros/humble'), ('SHELL', '/bin/bash'), ('LESSCLOSE', '/usr/bin/lesspipe %s %s'), ('PWD', '/home/rschnurr/SkyClaw-Team1/ros2_ws/build/px4_ros_com'), ('GAZEBO_PLUGIN_PATH', ':/opt/ros/humble/lib'), ('XDG_DATA_DIRS', '/usr/local/share:/usr/share:/var/lib/snapd/desktop'), ('PYTHONPATH', '/home/rschnurr/SkyClaw-Team1/ros2_ws/install/px4_msgs/local/lib/python3.10/dist-packages:/opt/ros/humble/lib/python3.10/site-packages:/opt/ros/humble/local/lib/python3.10/dist-packages'), ('COLCON', '1'), ('WSL2_GUI_APPS_ENABLED', '1'), ('HOSTTYPE', 'x86_64'), ('WSLENV', ''), ('CMAKE_PREFIX_PATH', '/home/rschnurr/SkyClaw-Team1/ros2_ws/install/px4_msgs:/opt/ros/humble')]), 'shell': False}
[4.567606] (-) TimerEvent: {}
[4.669009] (-) TimerEvent: {}
[4.786025] (-) TimerEvent: {}
[4.846557] (px4_ros_com) StdoutLine: {'line': b'[ 16%] Built target frame_transforms\n'}
[4.867468] (px4_ros_com) StdoutLine: {'line': b'[ 16%] Built target ament_cmake_python_copy_px4_ros_com\n'}
[4.886218] (-) TimerEvent: {}
[4.935330] (px4_ros_com) StdoutLine: {'line': b'[ 58%] Built target vehicle_gps_position_listener\n'}
[4.942629] (px4_ros_com) StdoutLine: {'line': b'[ 66%] Built target offboard_control\n'}
[4.946478] (px4_ros_com) StdoutLine: {'line': b'[ 58%] Built target debug_vect_advertiser\n'}
[4.946990] (px4_ros_com) StdoutLine: {'line': b'[ 91%] Built target sensor_combined_listener\n'}
[4.947206] (px4_ros_com) StdoutLine: {'line': b'[100%] Built target offboard_control_srv\n'}
[4.986768] (-) TimerEvent: {}
[5.088174] (-) TimerEvent: {}
[5.189283] (-) TimerEvent: {}
[5.290441] (-) TimerEvent: {}
[5.391331] (-) TimerEvent: {}
[5.493149] (-) TimerEvent: {}
[5.594422] (-) TimerEvent: {}
[5.667194] (px4_ros_com) StdoutLine: {'line': b'running egg_info\n'}
[5.694627] (-) TimerEvent: {}
[5.710491] (px4_ros_com) StdoutLine: {'line': b'writing px4_ros_com.egg-info/PKG-INFO\n'}
[5.713109] (px4_ros_com) StdoutLine: {'line': b'writing dependency_links to px4_ros_com.egg-info/dependency_links.txt\n'}
[5.714079] (px4_ros_com) StdoutLine: {'line': b'writing top-level names to px4_ros_com.egg-info/top_level.txt\n'}
[5.795259] (-) TimerEvent: {}
[5.847352] (px4_ros_com) StdoutLine: {'line': b"reading manifest file 'px4_ros_com.egg-info/SOURCES.txt'\n"}
[5.852305] (px4_ros_com) StdoutLine: {'line': b"writing manifest file 'px4_ros_com.egg-info/SOURCES.txt'\n"}
[5.895409] (-) TimerEvent: {}
[5.996514] (-) TimerEvent: {}
[6.042691] (px4_ros_com) StdoutLine: {'line': b'[100%] Built target ament_cmake_python_build_px4_ros_com_egg\n'}
[6.090339] (px4_ros_com) CommandEnded: {'returncode': 0}
[6.098246] (-) TimerEvent: {}
[6.100951] (px4_ros_com) JobProgress: {'identifier': 'px4_ros_com', 'progress': 'install'}
[6.101915] (px4_ros_com) Command: {'cmd': ['/usr/bin/cmake', '--install', '/home/rschnurr/SkyClaw-Team1/ros2_ws/build/px4_ros_com'], 'cwd': '/home/rschnurr/SkyClaw-Team1/ros2_ws/build/px4_ros_com', 'env': OrderedDict([('LESSOPEN', '| /usr/bin/lesspipe %s'), ('USER', 'rschnurr'), ('SHLVL', '1'), ('LD_LIBRARY_PATH', '/home/rschnurr/SkyClaw-Team1/ros2_ws/install/px4_msgs/lib:/usr/lib/x86_64-linux-gnu/gazebo-11/plugins:/opt/ros/humble/opt/rviz_ogre_vendor/lib:/opt/ros/humble/lib/x86_64-linux-gnu:/opt/ros/humble/lib'), ('HOME', '/home/rschnurr'), ('OLDPWD', '/home/rschnurr'), ('ROS_PYTHON_VERSION', '3'), ('DBUS_SESSION_BUS_ADDRESS', 'unix:path=/run/user/1000/bus'), ('WSL_DISTRO_NAME', 'Ubuntu-22.04'), ('WAYLAND_DISPLAY', 'wayland-0'), ('ROS_DISTRO', 'humble'), ('LOGNAME', 'rschnurr'), ('NAME', 'Roberts-Laptop'), ('WSL_INTEROP', '/run/WSL/317_interop'), ('PULSE_SERVER', 'unix:/mnt/wslg/PulseServer'), ('_', '/usr/bin/colcon'), ('ROS_VERSION', '2'), ('TERM', 'xterm-256color'), ('PX4_SITL_WORLD', 'aruco_with_green'), ('ROS_LOCALHOST_ONLY', '0'), ('PATH', '/home/rschnurr/.local/bin:/opt/ros/humble/bin:/usr/local/sbin:/usr/local/bin:/usr/sbin:/usr/bin:/sbin:/bin:/usr/games:/usr/local/games:/usr/lib/wsl/lib:/mnt/c/Users/rschn/miniconda3:/mnt/c/Users/rschn/miniconda3/Library/mingw-w64/bin:/mnt/c/Users/rschn/miniconda3/Library/usr/bin:/mnt/c/Users/rschn/miniconda3/Library/bin:/mnt/c/Users/rschn/miniconda3/Scripts:/mnt/c/Users/rschn/miniconda3/bin:/mnt/c/Users/rschn/miniconda3/condabin:/mnt/c/gstreamer/1.0/msvc_x86_64/bin:/mnt/c/Program Files (x86)/Common Files/Oracle/Java/javapath:/mnt/c/Windows/system32:/mnt/c/Windows:/mnt/c/Windows/System32/Wbem:/mnt/c/Windows/System32/WindowsPowerShell/v1.0:/mnt/c/Windows/System32/OpenSSH:/mnt/c/Program Files/PuTTY:/mnt/c/Program Files/Git/cmd:/mnt/c/Users/rschn/AppData/Local/Microsoft/WindowsApps:/mnt/c/Users/rschn/AppData/Local/Programs/Microsoft VS Code/bin:/mnt/c/Users/rschn/AppData/Local/Google/Cloud SDK/google-cloud-sdk/bin:/snap/bin:/opt/xtensa-esp-elf/bin/'), ('XDG_RUNTIME_DIR', '/run/user/1000/'), ('DISPLAY', ':0'), ('LANG', 'en_US.UTF-8'), ('LS_COLORS', 'rs=0:di=01;34:ln=01;36:mh=00:pi=40;33:so=01;35:do=01;35:bd=40;33;01:cd=40;33;01:or=40;31;01:mi=00:su=37;41:sg=30;43:ca=30;41:tw=30;42:ow=34;42:st=37;44:ex=01;32:*.tar=01;31:*.tgz=01;31:*.arc=01;31:*.arj=01;31:*.taz=01;31:*.lha=01;31:*.lz4=01;31:*.lzh=01;31:*.lzma=01;31:*.tlz=01;31:*.txz=01;31:*.tzo=01;31:*.t7z=01;31:*.zip=01;31:*.z=01;31:*.dz=01;31:*.gz=01;31:*.lrz=01;31:*.lz=01;31:*.lzo=01;31:*.xz=01;31:*.zst=01;31:*.tzst=01;31:*.bz2=01;31:*.bz=01;31:*.tbz=01;31:*.tbz2=01;31:*.tz=01;31:*.deb=01;31:*.rpm=01;31:*.jar=01;31:*.war=01;31:*.ear=01;31:*.sar=01;31:*.rar=01;31:*.alz=01;31:*.ace=01;31:*.zoo=01;31:*.cpio=01;31:*.7z=01;31:*.rz=01;31:*.cab=01;31:*.wim=01;31:*.swm=01;31:*.dwm=01;31:*.esd=01;31:*.jpg=01;35:*.jpeg=01;35:*.mjpg=01;35:*.mjpeg=01;35:*.gif=01;35:*.bmp=01;35:*.pbm=01;35:*.pgm=01;35:*.ppm=01;35:*.tga=01;35:*.xbm=01;35:*.xpm=01;35:*.tif=01;35:*.tiff=01;35:*.png=01;35:*.svg=01;35:*.svgz=01;35:*.mng=01;35:*.pcx=01;35:*.mov=01;35:*.mpg=01;35:*.mpeg=01;35:*.m2v=01;35:*.mkv=01;35:*.webm=01;35:*.webp=01;35:*.ogm=01;35:*.mp4=01;35:*.m4v=01;35:*.mp4v=01;35:*.vob=01;35:*.qt=01;35:*.nuv=01;35:*.wmv=01;35:*.asf=01;35:*.rm=01;35:*.rmvb=01;35:*.flc=01;35:*.avi=01;35:*.fli=01;35:*.flv=01;35:*.gl=01;35:*.dl=01;35:*.xcf=01;35:*.xwd=01;35:*.yuv=01;35:*.cgm=01;35:*.emf=01;35:*.ogv=01;35:*.ogx=01;35:*.aac=00;36:*.au=00;36:*.flac=00;36:*.m4a=00;36:*.mid=00;36:*.midi=00;36:*.mka=00;36:*.mp3=00;36:*.mpc=00;36:*.ogg=00;36:*.ra=00;36:*.wav=00;36:*.oga=00;36:*.opus=00;36:*.spx=00;36:*.xspf=00;36:'), ('AMENT_PREFIX_PATH', '/home/rschnurr/SkyClaw-Team1/ros2_ws/install/px4_msgs:/opt/ros/humble'), ('SHELL', '/bin/bash'), ('LESSCLOSE', '/usr/bin/lesspipe %s %s'), ('PWD', '/home/rschnurr/SkyClaw-Team1/ros2_ws/build/px4_ros_com'), ('GAZEBO_PLUGIN_PATH', ':/opt/ros/humble/lib'), ('XDG_DATA_DIRS', '/usr/local/share:/usr/share:/var/lib/snapd/desktop'), ('PYTHONPATH', '/home/rschnurr/SkyClaw-Team1/ros2_ws/install/px4_msgs/local/lib/python3.10/dist-packages:/opt/ros/humble/lib/python3.10/site-packages:/opt/ros/humble/local/lib/python3.10/dist-packages'), ('COLCON', '1'), ('WSL2_GUI_APPS_ENABLED', '1'), ('HOSTTYPE', 'x86_64'), ('WSLENV', ''), ('CMAKE_PREFIX_PATH', '/home/rschnurr/SkyClaw-Team1/ros2_ws/install/px4_msgs:/opt/ros/humble')]), 'shell': False}
[6.128094] (px4_ros_com) StdoutLine: {'line': b'-- Install configuration: ""\n'}
[6.129000] (px4_ros_com) StdoutLine: {'line': b'-- Up-to-date: /home/rschnurr/SkyClaw-Team1/ros2_ws/install/px4_ros_com/lib/px4_ros_com/sensor_combined_listener\n'}
[6.129639] (px4_ros_com) StdoutLine: {'line': b'-- Up-to-date: /home/rschnurr/SkyClaw-Team1/ros2_ws/install/px4_ros_com/lib/px4_ros_com/vehicle_gps_position_listener\n'}
[6.129910] (px4_ros_com) StdoutLine: {'line': b'-- Up-to-date: /home/rschnurr/SkyClaw-Team1/ros2_ws/install/px4_ros_com/lib/px4_ros_com/debug_vect_advertiser\n'}
[6.130244] (px4_ros_com) StdoutLine: {'line': b'-- Up-to-date: /home/rschnurr/SkyClaw-Team1/ros2_ws/install/px4_ros_com/lib/px4_ros_com/offboard_control\n'}
[6.130852] (px4_ros_com) StdoutLine: {'line': b'-- Up-to-date: /home/rschnurr/SkyClaw-Team1/ros2_ws/install/px4_ros_com/lib/px4_ros_com/offboard_control_srv\n'}
[6.131359] (px4_ros_com) StdoutLine: {'line': b'-- Up-to-date: /home/rschnurr/SkyClaw-Team1/ros2_ws/install/px4_ros_com/share/px4_ros_com/environment/library_path.sh\n'}
[6.131847] (px4_ros_com) StdoutLine: {'line': b'-- Up-to-date: /home/rschnurr/SkyClaw-Team1/ros2_ws/install/px4_ros_com/share/px4_ros_com/environment/library_path.dsv\n'}
[6.132322] (px4_ros_com) StdoutLine: {'line': b'-- Up-to-date: /home/rschnurr/SkyClaw-Team1/ros2_ws/install/px4_ros_com/include/px4_ros_com\n'}
[6.133067] (px4_ros_com) StdoutLine: {'line': b'-- Up-to-date: /home/rschnurr/SkyClaw-Team1/ros2_ws/install/px4_ros_com/include/px4_ros_com/frame_transforms.h:Zone.Identifier\n'}
[6.133678] (px4_ros_com) StdoutLine: {'line': b'-- Up-to-date: /home/rschnurr/SkyClaw-Team1/ros2_ws/install/px4_ros_com/include/px4_ros_com/frame_transforms.h\n'}
[6.133860] (px4_ros_com) StdoutLine: {'line': b'-- Up-to-date: /home/rschnurr/SkyClaw-Team1/ros2_ws/install/px4_ros_com/lib/libframe_transforms.so\n'}
[6.133953] (px4_ros_com) StdoutLine: {'line': b'-- Up-to-date: /home/rschnurr/SkyClaw-Team1/ros2_ws/install/px4_ros_com/share/px4_ros_com//launch\n'}
[6.134025] (px4_ros_com) StdoutLine: {'line': b'-- Up-to-date: /home/rschnurr/SkyClaw-Team1/ros2_ws/install/px4_ros_com/share/px4_ros_com//launch/offboard_control_launch.yaml\n'}
[6.134139] (px4_ros_com) StdoutLine: {'line': b'-- Up-to-date: /home/rschnurr/SkyClaw-Team1/ros2_ws/install/px4_ros_com/share/px4_ros_com//launch/sensor_combined_listener.launch.py:Zone.Identifier\n'}
[6.134553] (px4_ros_com) StdoutLine: {'line': b'-- Up-to-date: /home/rschnurr/SkyClaw-Team1/ros2_ws/install/px4_ros_com/share/px4_ros_com//launch/sensor_combined_listener.launch.py\n'}
[6.134800] (px4_ros_com) StdoutLine: {'line': b'-- Up-to-date: /home/rschnurr/SkyClaw-Team1/ros2_ws/install/px4_ros_com/share/px4_ros_com//launch/offboard_control_launch.yaml:Zone.Identifier\n'}
[6.135280] (px4_ros_com) StdoutLine: {'line': b'-- Up-to-date: /home/rschnurr/SkyClaw-Team1/ros2_ws/install/px4_ros_com/share/px4_ros_com//test\n'}
[6.135664] (px4_ros_com) StdoutLine: {'line': b'-- Up-to-date: /home/rschnurr/SkyClaw-Team1/ros2_ws/install/px4_ros_com/share/px4_ros_com//test/__init__.py:Zone.Identifier\n'}
[6.136527] (px4_ros_com) StdoutLine: {'line': b'-- Up-to-date: /home/rschnurr/SkyClaw-Team1/ros2_ws/install/px4_ros_com/share/px4_ros_com//test/test_input.py:Zone.Identifier\n'}
[6.136707] (px4_ros_com) StdoutLine: {'line': b'-- Up-to-date: /home/rschnurr/SkyClaw-Team1/ros2_ws/install/px4_ros_com/share/px4_ros_com//test/test_output.py\n'}
[6.136929] (px4_ros_com) StdoutLine: {'line': b'-- Up-to-date: /home/rschnurr/SkyClaw-Team1/ros2_ws/install/px4_ros_com/share/px4_ros_com//test/pipeline_io_test.py:Zone.Identifier\n'}
[6.137037] (px4_ros_com) StdoutLine: {'line': b'-- Up-to-date: /home/rschnurr/SkyClaw-Team1/ros2_ws/install/px4_ros_com/share/px4_ros_com//test/pipeline_io_test.py\n'}
[6.137119] (px4_ros_com) StdoutLine: {'line': b'-- Up-to-date: /home/rschnurr/SkyClaw-Team1/ros2_ws/install/px4_ros_com/share/px4_ros_com//test/__init__.py\n'}
[6.137578] (px4_ros_com) StdoutLine: {'line': b'-- Up-to-date: /home/rschnurr/SkyClaw-Team1/ros2_ws/install/px4_ros_com/share/px4_ros_com//test/test_output.py:Zone.Identifier\n'}
[6.137956] (px4_ros_com) StdoutLine: {'line': b'-- Up-to-date: /home/rschnurr/SkyClaw-Team1/ros2_ws/install/px4_ros_com/share/px4_ros_com//test/test_input.py\n'}
[6.138151] (px4_ros_com) StdoutLine: {'line': b'-- Up-to-date: /home/rschnurr/SkyClaw-Team1/ros2_ws/install/px4_ros_com/share/px4_ros_com/environment/pythonpath.sh\n'}
[6.138241] (px4_ros_com) StdoutLine: {'line': b'-- Up-to-date: /home/rschnurr/SkyClaw-Team1/ros2_ws/install/px4_ros_com/share/px4_ros_com/environment/pythonpath.dsv\n'}
[6.138400] (px4_ros_com) StdoutLine: {'line': b'-- Up-to-date: /home/rschnurr/SkyClaw-Team1/ros2_ws/install/px4_ros_com/local/lib/python3.10/dist-packages/px4_ros_com-0.1.0-py3.10.egg-info\n'}
[6.138851] (px4_ros_com) StdoutLine: {'line': b'-- Installing: /home/rschnurr/SkyClaw-Team1/ros2_ws/install/px4_ros_com/local/lib/python3.10/dist-packages/px4_ros_com-0.1.0-py3.10.egg-info/SOURCES.txt\n'}
[6.139769] (px4_ros_com) StdoutLine: {'line': b'-- Installing: /home/rschnurr/SkyClaw-Team1/ros2_ws/install/px4_ros_com/local/lib/python3.10/dist-packages/px4_ros_com-0.1.0-py3.10.egg-info/dependency_links.txt\n'}
[6.140202] (px4_ros_com) StdoutLine: {'line': b'-- Installing: /home/rschnurr/SkyClaw-Team1/ros2_ws/install/px4_ros_com/local/lib/python3.10/dist-packages/px4_ros_com-0.1.0-py3.10.egg-info/PKG-INFO\n'}
[6.140586] (px4_ros_com) StdoutLine: {'line': b'-- Installing: /home/rschnurr/SkyClaw-Team1/ros2_ws/install/px4_ros_com/local/lib/python3.10/dist-packages/px4_ros_com-0.1.0-py3.10.egg-info/top_level.txt\n'}
[6.140896] (px4_ros_com) StdoutLine: {'line': b'-- Up-to-date: /home/rschnurr/SkyClaw-Team1/ros2_ws/install/px4_ros_com/local/lib/python3.10/dist-packages/px4_ros_com\n'}
[6.141185] (px4_ros_com) StdoutLine: {'line': b'-- Up-to-date: /home/rschnurr/SkyClaw-Team1/ros2_ws/install/px4_ros_com/local/lib/python3.10/dist-packages/px4_ros_com/module_to_import.py\n'}
[6.141561] (px4_ros_com) StdoutLine: {'line': b'-- Up-to-date: /home/rschnurr/SkyClaw-Team1/ros2_ws/install/px4_ros_com/local/lib/python3.10/dist-packages/px4_ros_com/__init__.py:Zone.Identifier\n'}
[6.142029] (px4_ros_com) StdoutLine: {'line': b'-- Up-to-date: /home/rschnurr/SkyClaw-Team1/ros2_ws/install/px4_ros_com/local/lib/python3.10/dist-packages/px4_ros_com/__init__.py\n'}
[6.142723] (px4_ros_com) StdoutLine: {'line': b'-- Up-to-date: /home/rschnurr/SkyClaw-Team1/ros2_ws/install/px4_ros_com/local/lib/python3.10/dist-packages/px4_ros_com/module_to_import.py:Zone.Identifier\n'}
[6.198556] (-) TimerEvent: {}
[6.229174] (px4_ros_com) StdoutLine: {'line': b"Listing '/home/rschnurr/SkyClaw-Team1/ros2_ws/install/px4_ros_com/local/lib/python3.10/dist-packages/px4_ros_com'...\n"}
[6.244557] (px4_ros_com) StdoutLine: {'line': b'-- Up-to-date: /home/rschnurr/SkyClaw-Team1/ros2_ws/install/px4_ros_com/lib/px4_ros_com/offboard_control.py\n'}
[6.245810] (px4_ros_com) StdoutLine: {'line': b'-- Up-to-date: /home/rschnurr/SkyClaw-Team1/ros2_ws/install/px4_ros_com/share/ament_index/resource_index/package_run_dependencies/px4_ros_com\n'}
[6.246328] (px4_ros_com) StdoutLine: {'line': b'-- Up-to-date: /home/rschnurr/SkyClaw-Team1/ros2_ws/install/px4_ros_com/share/ament_index/resource_index/parent_prefix_path/px4_ros_com\n'}
[6.246939] (px4_ros_com) StdoutLine: {'line': b'-- Up-to-date: /home/rschnurr/SkyClaw-Team1/ros2_ws/install/px4_ros_com/share/px4_ros_com/environment/ament_prefix_path.sh\n'}
[6.247851] (px4_ros_com) StdoutLine: {'line': b'-- Up-to-date: /home/rschnurr/SkyClaw-Team1/ros2_ws/install/px4_ros_com/share/px4_ros_com/environment/ament_prefix_path.dsv\n'}
[6.248085] (px4_ros_com) StdoutLine: {'line': b'-- Up-to-date: /home/rschnurr/SkyClaw-Team1/ros2_ws/install/px4_ros_com/share/px4_ros_com/environment/path.sh\n'}
[6.248169] (px4_ros_com) StdoutLine: {'line': b'-- Up-to-date: /home/rschnurr/SkyClaw-Team1/ros2_ws/install/px4_ros_com/share/px4_ros_com/environment/path.dsv\n'}
[6.248253] (px4_ros_com) StdoutLine: {'line': b'-- Up-to-date: /home/rschnurr/SkyClaw-Team1/ros2_ws/install/px4_ros_com/share/px4_ros_com/local_setup.bash\n'}
[6.248323] (px4_ros_com) StdoutLine: {'line': b'-- Up-to-date: /home/rschnurr/SkyClaw-Team1/ros2_ws/install/px4_ros_com/share/px4_ros_com/local_setup.sh\n'}
[6.248606] (px4_ros_com) StdoutLine: {'line': b'-- Up-to-date: /home/rschnurr/SkyClaw-Team1/ros2_ws/install/px4_ros_com/share/px4_ros_com/local_setup.zsh\n'}
[6.248726] (px4_ros_com) StdoutLine: {'line': b'-- Up-to-date: /home/rschnurr/SkyClaw-Team1/ros2_ws/install/px4_ros_com/share/px4_ros_com/local_setup.dsv\n'}
[6.248799] (px4_ros_com) StdoutLine: {'line': b'-- Installing: /home/rschnurr/SkyClaw-Team1/ros2_ws/install/px4_ros_com/share/px4_ros_com/package.dsv\n'}
[6.249201] (px4_ros_com) StdoutLine: {'line': b'-- Up-to-date: /home/rschnurr/SkyClaw-Team1/ros2_ws/install/px4_ros_com/share/ament_index/resource_index/packages/px4_ros_com\n'}
[6.250758] (px4_ros_com) StdoutLine: {'line': b'-- Up-to-date: /home/rschnurr/SkyClaw-Team1/ros2_ws/install/px4_ros_com/share/px4_ros_com/cmake/export_frame_transformsExport.cmake\n'}
[6.251232] (px4_ros_com) StdoutLine: {'line': b'-- Up-to-date: /home/rschnurr/SkyClaw-Team1/ros2_ws/install/px4_ros_com/share/px4_ros_com/cmake/export_frame_transformsExport-noconfig.cmake\n'}
[6.251551] (px4_ros_com) StdoutLine: {'line': b'-- Up-to-date: /home/rschnurr/SkyClaw-Team1/ros2_ws/install/px4_ros_com/share/px4_ros_com/cmake/ament_cmake_export_dependencies-extras.cmake\n'}
[6.252091] (px4_ros_com) StdoutLine: {'line': b'-- Up-to-date: /home/rschnurr/SkyClaw-Team1/ros2_ws/install/px4_ros_com/share/px4_ros_com/cmake/ament_cmake_export_targets-extras.cmake\n'}
[6.252225] (px4_ros_com) StdoutLine: {'line': b'-- Up-to-date: /home/rschnurr/SkyClaw-Team1/ros2_ws/install/px4_ros_com/share/px4_ros_com/cmake/ament_cmake_export_include_directories-extras.cmake\n'}
[6.252296] (px4_ros_com) StdoutLine: {'line': b'-- Up-to-date: /home/rschnurr/SkyClaw-Team1/ros2_ws/install/px4_ros_com/share/px4_ros_com/cmake/ament_cmake_export_libraries-extras.cmake\n'}
[6.252460] (px4_ros_com) StdoutLine: {'line': b'-- Up-to-date: /home/rschnurr/SkyClaw-Team1/ros2_ws/install/px4_ros_com/share/px4_ros_com/cmake/px4_ros_comConfig.cmake\n'}
[6.252940] (px4_ros_com) StdoutLine: {'line': b'-- Up-to-date: /home/rschnurr/SkyClaw-Team1/ros2_ws/install/px4_ros_com/share/px4_ros_com/cmake/px4_ros_comConfig-version.cmake\n'}
[6.253409] (px4_ros_com) StdoutLine: {'line': b'-- Up-to-date: /home/rschnurr/SkyClaw-Team1/ros2_ws/install/px4_ros_com/share/px4_ros_com/package.xml\n'}
[6.258343] (px4_ros_com) CommandEnded: {'returncode': 0}
[6.300153] (-) TimerEvent: {}
[6.306933] (px4_ros_com) JobEnded: {'identifier': 'px4_ros_com', 'rc': 0}
[6.400464] (-) TimerEvent: {}
[6.501259] (-) TimerEvent: {}
[6.602013] (-) TimerEvent: {}
[6.705319] (-) TimerEvent: {}
[6.806737] (-) TimerEvent: {}
[6.908153] (-) TimerEvent: {}
[7.009147] (-) TimerEvent: {}
[7.110033] (-) TimerEvent: {}
[7.149778] (go_green) Command: {'cmd': ['/usr/bin/python3', '-W', 'ignore:setup.py install is deprecated', '-W', 'ignore:easy_install command is deprecated', 'setup.py', 'egg_info', '--egg-base', '../../build/go_green', 'build', '--build-base', '/home/rschnurr/SkyClaw-Team1/ros2_ws/build/go_green/build', 'install', '--record', '/home/rschnurr/SkyClaw-Team1/ros2_ws/build/go_green/install.log', '--single-version-externally-managed', 'install_data'], 'cwd': '/home/rschnurr/SkyClaw-Team1/ros2_ws/src/go_green', 'env': {'LESSOPEN': '| /usr/bin/lesspipe %s', 'USER': 'rschnurr', 'SHLVL': '1', 'LD_LIBRARY_PATH': '/home/rschnurr/SkyClaw-Team1/ros2_ws/install/px4_msgs/lib:/usr/lib/x86_64-linux-gnu/gazebo-11/plugins:/opt/ros/humble/opt/rviz_ogre_vendor/lib:/opt/ros/humble/lib/x86_64-linux-gnu:/opt/ros/humble/lib', 'HOME': '/home/rschnurr', 'OLDPWD': '/home/rschnurr', 'ROS_PYTHON_VERSION': '3', 'DBUS_SESSION_BUS_ADDRESS': 'unix:path=/run/user/1000/bus', 'WSL_DISTRO_NAME': 'Ubuntu-22.04', 'WAYLAND_DISPLAY': 'wayland-0', 'ROS_DISTRO': 'humble', 'LOGNAME': 'rschnurr', 'NAME': 'Roberts-Laptop', 'WSL_INTEROP': '/run/WSL/317_interop', 'PULSE_SERVER': 'unix:/mnt/wslg/PulseServer', '_': '/usr/bin/colcon', 'ROS_VERSION': '2', 'TERM': 'xterm-256color', 'PX4_SITL_WORLD': 'aruco_with_green', 'ROS_LOCALHOST_ONLY': '0', 'PATH': '/home/rschnurr/.local/bin:/opt/ros/humble/bin:/usr/local/sbin:/usr/local/bin:/usr/sbin:/usr/bin:/sbin:/bin:/usr/games:/usr/local/games:/usr/lib/wsl/lib:/mnt/c/Users/rschn/miniconda3:/mnt/c/Users/rschn/miniconda3/Library/mingw-w64/bin:/mnt/c/Users/rschn/miniconda3/Library/usr/bin:/mnt/c/Users/rschn/miniconda3/Library/bin:/mnt/c/Users/rschn/miniconda3/Scripts:/mnt/c/Users/rschn/miniconda3/bin:/mnt/c/Users/rschn/miniconda3/condabin:/mnt/c/gstreamer/1.0/msvc_x86_64/bin:/mnt/c/Program Files (x86)/Common Files/Oracle/Java/javapath:/mnt/c/Windows/system32:/mnt/c/Windows:/mnt/c/Windows/System32/Wbem:/mnt/c/Windows/System32/WindowsPowerShell/v1.0:/mnt/c/Windows/System32/OpenSSH:/mnt/c/Program Files/PuTTY:/mnt/c/Program Files/Git/cmd:/mnt/c/Users/rschn/AppData/Local/Microsoft/WindowsApps:/mnt/c/Users/rschn/AppData/Local/Programs/Microsoft VS Code/bin:/mnt/c/Users/rschn/AppData/Local/Google/Cloud SDK/google-cloud-sdk/bin:/snap/bin:/opt/xtensa-esp-elf/bin/', 'XDG_RUNTIME_DIR': '/run/user/1000/', 'DISPLAY': ':0', 'LANG': 'en_US.UTF-8', 'LS_COLORS': 'rs=0:di=01;34:ln=01;36:mh=00:pi=40;33:so=01;35:do=01;35:bd=40;33;01:cd=40;33;01:or=40;31;01:mi=00:su=37;41:sg=30;43:ca=30;41:tw=30;42:ow=34;42:st=37;44:ex=01;32:*.tar=01;31:*.tgz=01;31:*.arc=01;31:*.arj=01;31:*.taz=01;31:*.lha=01;31:*.lz4=01;31:*.lzh=01;31:*.lzma=01;31:*.tlz=01;31:*.txz=01;31:*.tzo=01;31:*.t7z=01;31:*.zip=01;31:*.z=01;31:*.dz=01;31:*.gz=01;31:*.lrz=01;31:*.lz=01;31:*.lzo=01;31:*.xz=01;31:*.zst=01;31:*.tzst=01;31:*.bz2=01;31:*.bz=01;31:*.tbz=01;31:*.tbz2=01;31:*.tz=01;31:*.deb=01;31:*.rpm=01;31:*.jar=01;31:*.war=01;31:*.ear=01;31:*.sar=01;31:*.rar=01;31:*.alz=01;31:*.ace=01;31:*.zoo=01;31:*.cpio=01;31:*.7z=01;31:*.rz=01;31:*.cab=01;31:*.wim=01;31:*.swm=01;31:*.dwm=01;31:*.esd=01;31:*.jpg=01;35:*.jpeg=01;35:*.mjpg=01;35:*.mjpeg=01;35:*.gif=01;35:*.bmp=01;35:*.pbm=01;35:*.pgm=01;35:*.ppm=01;35:*.tga=01;35:*.xbm=01;35:*.xpm=01;35:*.tif=01;35:*.tiff=01;35:*.png=01;35:*.svg=01;35:*.svgz=01;35:*.mng=01;35:*.pcx=01;35:*.mov=01;35:*.mpg=01;35:*.mpeg=01;35:*.m2v=01;35:*.mkv=01;35:*.webm=01;35:*.webp=01;35:*.ogm=01;35:*.mp4=01;35:*.m4v=01;35:*.mp4v=01;35:*.vob=01;35:*.qt=01;35:*.nuv=01;35:*.wmv=01;35:*.asf=01;35:*.rm=01;35:*.rmvb=01;35:*.flc=01;35:*.avi=01;35:*.fli=01;35:*.flv=01;35:*.gl=01;35:*.dl=01;35:*.xcf=01;35:*.xwd=01;35:*.yuv=01;35:*.cgm=01;35:*.emf=01;35:*.ogv=01;35:*.ogx=01;35:*.aac=00;36:*.au=00;36:*.flac=00;36:*.m4a=00;36:*.mid=00;36:*.midi=00;36:*.mka=00;36:*.mp3=00;36:*.mpc=00;36:*.ogg=00;36:*.ra=00;36:*.wav=00;36:*.oga=00;36:*.opus=00;36:*.spx=00;36:*.xspf=00;36:', 'AMENT_PREFIX_PATH': '/home/rschnurr/SkyClaw-Team1/ros2_ws/install/px4_msgs:/opt/ros/humble', 'SHELL': '/bin/bash', 'LESSCLOSE': '/usr/bin/lesspipe %s %s', 'PWD': '/home/rschnurr/SkyClaw-Team1/ros2_ws/build/go_green', 'GAZEBO_PLUGIN_PATH': ':/opt/ros/humble/lib', 'XDG_DATA_DIRS': '/usr/local/share:/usr/share:/var/lib/snapd/desktop', 'PYTHONPATH': '/home/rschnurr/SkyClaw-Team1/ros2_ws/build/go_green/prefix_override:/usr/lib/python3/dist-packages/colcon_core/task/python/colcon_distutils_commands:/home/rschnurr/SkyClaw-Team1/ros2_ws/install/go_green/lib/python3.10/site-packages:/home/rschnurr/SkyClaw-Team1/ros2_ws/install/px4_msgs/local/lib/python3.10/dist-packages:/opt/ros/humble/lib/python3.10/site-packages:/opt/ros/humble/local/lib/python3.10/dist-packages', 'COLCON': '1', 'WSL2_GUI_APPS_ENABLED': '1', 'HOSTTYPE': 'x86_64', 'WSLENV': '', 'CMAKE_PREFIX_PATH': '/home/rschnurr/SkyClaw-Team1/ros2_ws/install/px4_msgs'}, 'shell': False}
[7.210258] (-) TimerEvent: {}
[7.311012] (-) TimerEvent: {}
[7.412972] (-) TimerEvent: {}
[7.513840] (-) TimerEvent: {}
[7.614810] (-) TimerEvent: {}
[7.717688] (-) TimerEvent: {}
[7.818541] (-) TimerEvent: {}
[7.879796] (go_green) StdoutLine: {'line': b'running egg_info\n'}
[7.918851] (-) TimerEvent: {}
[7.924523] (go_green) StdoutLine: {'line': b'writing ../../build/go_green/go_green.egg-info/PKG-INFO\n'}
[7.926611] (go_green) StdoutLine: {'line': b'writing dependency_links to ../../build/go_green/go_green.egg-info/dependency_links.txt\n'}
[7.927521] (go_green) StdoutLine: {'line': b'writing entry points to ../../build/go_green/go_green.egg-info/entry_points.txt\n'}
[7.928814] (go_green) StdoutLine: {'line': b'writing requirements to ../../build/go_green/go_green.egg-info/requires.txt\n'}
[7.929343] (go_green) StdoutLine: {'line': b'writing top-level names to ../../build/go_green/go_green.egg-info/top_level.txt\n'}
[8.019114] (-) TimerEvent: {}
[8.039155] (go_green) StdoutLine: {'line': b"reading manifest file '../../build/go_green/go_green.egg-info/SOURCES.txt'\n"}
[8.044715] (go_green) StdoutLine: {'line': b"writing manifest file '../../build/go_green/go_green.egg-info/SOURCES.txt'\n"}
[8.045446] (go_green) StdoutLine: {'line': b'running build\n'}
[8.046134] (go_green) StdoutLine: {'line': b'running build_py\n'}
[8.046271] (go_green) StdoutLine: {'line': b'copying go_green/__init__.py -> /home/rschnurr/SkyClaw-Team1/ros2_ws/build/go_green/build/lib/go_green\n'}
[8.047196] (go_green) StdoutLine: {'line': b'copying go_green/green_tracker.py -> /home/rschnurr/SkyClaw-Team1/ros2_ws/build/go_green/build/lib/go_green\n'}
[8.048495] (go_green) StdoutLine: {'line': b'copying go_green/go_green.py -> /home/rschnurr/SkyClaw-Team1/ros2_ws/build/go_green/build/lib/go_green\n'}
[8.049434] (go_green) StdoutLine: {'line': b'copying go_green/go_green_simple.py -> /home/rschnurr/SkyClaw-Team1/ros2_ws/build/go_green/build/lib/go_green\n'}
[8.050782] (go_green) StdoutLine: {'line': b'running install\n'}
[8.061227] (go_green) StdoutLine: {'line': b'running install_lib\n'}
[8.110662] (go_green) StdoutLine: {'line': b'copying /home/rschnurr/SkyClaw-Team1/ros2_ws/build/go_green/build/lib/go_green/green_tracker.py -> /home/rschnurr/SkyClaw-Team1/ros2_ws/install/go_green/lib/python3.10/site-packages/go_green\n'}
[8.112094] (go_green) StdoutLine: {'line': b'copying /home/rschnurr/SkyClaw-Team1/ros2_ws/build/go_green/build/lib/go_green/go_green.py -> /home/rschnurr/SkyClaw-Team1/ros2_ws/install/go_green/lib/python3.10/site-packages/go_green\n'}
[8.115614] (go_green) StdoutLine: {'line': b'byte-compiling /home/rschnurr/SkyClaw-Team1/ros2_ws/install/go_green/lib/python3.10/site-packages/go_green/green_tracker.py to green_tracker.cpython-310.pyc\n'}
[8.119279] (-) TimerEvent: {}
[8.124685] (go_green) StdoutLine: {'line': b'byte-compiling /home/rschnurr/SkyClaw-Team1/ros2_ws/install/go_green/lib/python3.10/site-packages/go_green/go_green.py to go_green.cpython-310.pyc\n'}
[8.125318] (go_green) StdoutLine: {'line': b'running install_data\n'}
[8.125962] (go_green) StdoutLine: {'line': b'copying resource/go_green -> /home/rschnurr/SkyClaw-Team1/ros2_ws/install/go_green/share/ament_index/resource_index/packages\n'}
[8.126206] (go_green) StdoutLine: {'line': b'copying package.xml -> /home/rschnurr/SkyClaw-Team1/ros2_ws/install/go_green/share/go_green\n'}
[8.126358] (go_green) StdoutLine: {'line': b'running install_egg_info\n'}
[8.169952] (go_green) StdoutLine: {'line': b"removing '/home/rschnurr/SkyClaw-Team1/ros2_ws/install/go_green/lib/python3.10/site-packages/go_green-0.0.0-py3.10.egg-info' (and everything under it)\n"}
[8.170792] (go_green) StdoutLine: {'line': b'Copying ../../build/go_green/go_green.egg-info to /home/rschnurr/SkyClaw-Team1/ros2_ws/install/go_green/lib/python3.10/site-packages/go_green-0.0.0-py3.10.egg-info\n'}
[8.178771] (go_green) StdoutLine: {'line': b'running install_scripts\n'}
[8.219562] (-) TimerEvent: {}
[8.269418] (go_green) StdoutLine: {'line': b'Installing go_green script to /home/rschnurr/SkyClaw-Team1/ros2_ws/install/go_green/lib/go_green\n'}
[8.270089] (go_green) StdoutLine: {'line': b'Installing go_green_autoland script to /home/rschnurr/SkyClaw-Team1/ros2_ws/install/go_green/lib/go_green\n'}
[8.270586] (go_green) StdoutLine: {'line': b'Installing go_green_simple script to /home/rschnurr/SkyClaw-Team1/ros2_ws/install/go_green/lib/go_green\n'}
[8.270924] (go_green) StdoutLine: {'line': b'Installing green_tracker script to /home/rschnurr/SkyClaw-Team1/ros2_ws/install/go_green/lib/go_green\n'}
[8.271545] (go_green) StdoutLine: {'line': b'Installing offboard_control script to /home/rschnurr/SkyClaw-Team1/ros2_ws/install/go_green/lib/go_green\n'}
[8.273083] (go_green) StdoutLine: {'line': b"writing list of installed files to '/home/rschnurr/SkyClaw-Team1/ros2_ws/build/go_green/install.log'\n"}
[8.319809] (-) TimerEvent: {}
[8.399808] (go_green) CommandEnded: {'returncode': 0}
[8.418534] (go_green) JobEnded: {'identifier': 'go_green', 'rc': 0}
[8.421638] (-) TimerEvent: {}
[8.421974] (-) EventReactorShutdown: {}
