[0.000000] (-) TimerEvent: {}
[0.001161] (px4_msgs) JobQueued: {'identifier': 'px4_msgs', 'dependencies': OrderedDict()}
[0.001501] (go_green) JobQueued: {'identifier': 'go_green', 'dependencies': OrderedDict([('px4_msgs', '/home/rschnurr/SkyClaw-Team1/ros2_ws/install/px4_msgs')])}
[0.001929] (px4_ros_com) JobQueued: {'identifier': 'px4_ros_com', 'dependencies': OrderedDict([('px4_msgs', '/home/rschnurr/SkyClaw-Team1/ros2_ws/install/px4_msgs')])}
[0.002035] (px4_msgs) JobStarted: {'identifier': 'px4_msgs'}
[0.023643] (px4_msgs) JobProgress: {'identifier': 'px4_msgs', 'progress': 'cmake'}
[0.025757] (px4_msgs) JobProgress: {'identifier': 'px4_msgs', 'progress': 'build'}
[0.026095] (px4_msgs) Command: {'cmd': ['/usr/bin/cmake', '--build', '/home/rschnurr/SkyClaw-Team1/ros2_ws/build/px4_msgs', '--', '-j16', '-l16'], 'cwd': '/home/rschnurr/SkyClaw-Team1/ros2_ws/build/px4_msgs', 'env': OrderedDict([('LESSOPEN', '| /usr/bin/lesspipe %s'), ('USER', 'rschnurr'), ('SHLVL', '1'), ('LD_LIBRARY_PATH', '/home/rschnurr/SkyClaw-Team1/ros2_ws/install/px4_ros_com/lib:/home/rschnurr/SkyClaw-Team1/ros2_ws/install/px4_msgs/lib:/usr/lib/x86_64-linux-gnu/gazebo-11/plugins:/opt/ros/humble/opt/rviz_ogre_vendor/lib:/opt/ros/humble/lib/x86_64-linux-gnu:/opt/ros/humble/lib'), ('WT_PROFILE_ID', '{61c54bbd-c2c6-5271-96e7-009a87ff44bf}'), ('HOME', '/home/rschnurr'), ('OLDPWD', '/home/rschnurr'), ('ROS_PYTHON_VERSION', '3'), ('DBUS_SESSION_BUS_ADDRESS', 'unix:path=/run/user/1000/bus'), ('WSL_DISTRO_NAME', 'Ubuntu-22.04'), ('WAYLAND_DISPLAY', 'wayland-0'), ('COLCON_PREFIX_PATH', '/home/rschnurr/SkyClaw-Team1/ros2_ws/install'), ('ROS_DISTRO', 'humble'), ('LOGNAME', 'rschnurr'), ('NAME', 'Roberts-Laptop'), ('WSL_INTEROP', '/run/WSL/16090_interop'), ('PULSE_SERVER', 'unix:/mnt/wslg/PulseServer'), ('_', '/usr/bin/colcon'), ('ROS_VERSION', '2'), ('TERM', 'xterm-256color'), ('PX4_SITL_WORLD', 'aruco_with_green'), ('ROS_LOCALHOST_ONLY', '0'), ('PATH', '/home/rschnurr/.local/bin:/opt/ros/humble/bin:/usr/local/sbin:/usr/local/bin:/usr/sbin:/usr/bin:/sbin:/bin:/usr/games:/usr/local/games:/usr/lib/wsl/lib:/mnt/c/Users/rschn/miniconda3:/mnt/c/Users/rschn/miniconda3/Library/mingw-w64/bin:/mnt/c/Users/rschn/miniconda3/Library/usr/bin:/mnt/c/Users/rschn/miniconda3/Library/bin:/mnt/c/Users/rschn/miniconda3/Scripts:/mnt/c/Users/rschn/miniconda3/bin:/mnt/c/Users/rschn/miniconda3/condabin:/mnt/c/gstreamer/1.0/msvc_x86_64/bin:/mnt/c/Program Files (x86)/Common Files/Oracle/Java/javapath:/mnt/c/Windows/system32:/mnt/c/Windows:/mnt/c/Windows/System32/Wbem:/mnt/c/Windows/System32/WindowsPowerShell/v1.0:/mnt/c/Windows/System32/OpenSSH:/mnt/c/Program Files/PuTTY:/mnt/c/Program Files/Git/cmd:/mnt/c/Users/rschn/AppData/Local/Microsoft/WindowsApps:/mnt/c/Users/rschn/AppData/Local/Programs/Microsoft VS Code/bin:/mnt/c/Users/rschn/AppData/Local/Google/Cloud SDK/google-cloud-sdk/bin:/snap/bin:/opt/xtensa-esp-elf/bin/'), ('WT_SESSION', '2d4f7308-3ac6-4731-92b0-b963dc6d9845'), ('XDG_RUNTIME_DIR', '/run/user/1000/'), ('DISPLAY', ':0'), ('LANG', 'en_US.UTF-8'), ('LS_COLORS', 'rs=0:di=01;34:ln=01;36:mh=00:pi=40;33:so=01;35:do=01;35:bd=40;33;01:cd=40;33;01:or=40;31;01:mi=00:su=37;41:sg=30;43:ca=30;41:tw=30;42:ow=34;42:st=37;44:ex=01;32:*.tar=01;31:*.tgz=01;31:*.arc=01;31:*.arj=01;31:*.taz=01;31:*.lha=01;31:*.lz4=01;31:*.lzh=01;31:*.lzma=01;31:*.tlz=01;31:*.txz=01;31:*.tzo=01;31:*.t7z=01;31:*.zip=01;31:*.z=01;31:*.dz=01;31:*.gz=01;31:*.lrz=01;31:*.lz=01;31:*.lzo=01;31:*.xz=01;31:*.zst=01;31:*.tzst=01;31:*.bz2=01;31:*.bz=01;31:*.tbz=01;31:*.tbz2=01;31:*.tz=01;31:*.deb=01;31:*.rpm=01;31:*.jar=01;31:*.war=01;31:*.ear=01;31:*.sar=01;31:*.rar=01;31:*.alz=01;31:*.ace=01;31:*.zoo=01;31:*.cpio=01;31:*.7z=01;31:*.rz=01;31:*.cab=01;31:*.wim=01;31:*.swm=01;31:*.dwm=01;31:*.esd=01;31:*.jpg=01;35:*.jpeg=01;35:*.mjpg=01;35:*.mjpeg=01;35:*.gif=01;35:*.bmp=01;35:*.pbm=01;35:*.pgm=01;35:*.ppm=01;35:*.tga=01;35:*.xbm=01;35:*.xpm=01;35:*.tif=01;35:*.tiff=01;35:*.png=01;35:*.svg=01;35:*.svgz=01;35:*.mng=01;35:*.pcx=01;35:*.mov=01;35:*.mpg=01;35:*.mpeg=01;35:*.m2v=01;35:*.mkv=01;35:*.webm=01;35:*.webp=01;35:*.ogm=01;35:*.mp4=01;35:*.m4v=01;35:*.mp4v=01;35:*.vob=01;35:*.qt=01;35:*.nuv=01;35:*.wmv=01;35:*.asf=01;35:*.rm=01;35:*.rmvb=01;35:*.flc=01;35:*.avi=01;35:*.fli=01;35:*.flv=01;35:*.gl=01;35:*.dl=01;35:*.xcf=01;35:*.xwd=01;35:*.yuv=01;35:*.cgm=01;35:*.emf=01;35:*.ogv=01;35:*.ogx=01;35:*.aac=00;36:*.au=00;36:*.flac=00;36:*.m4a=00;36:*.mid=00;36:*.midi=00;36:*.mka=00;36:*.mp3=00;36:*.mpc=00;36:*.ogg=00;36:*.ra=00;36:*.wav=00;36:*.oga=00;36:*.opus=00;36:*.spx=00;36:*.xspf=00;36:'), ('AMENT_PREFIX_PATH', '/home/rschnurr/SkyClaw-Team1/ros2_ws/install/px4_ros_com:/home/rschnurr/SkyClaw-Team1/ros2_ws/install/go_green:/home/rschnurr/SkyClaw-Team1/ros2_ws/install/px4_msgs:/opt/ros/humble'), ('SHELL', '/bin/bash'), ('LESSCLOSE', '/usr/bin/lesspipe %s %s'), ('PWD', '/home/rschnurr/SkyClaw-Team1/ros2_ws/build/px4_msgs'), ('GAZEBO_PLUGIN_PATH', ':/opt/ros/humble/lib'), ('XDG_DATA_DIRS', '/usr/local/share:/usr/share:/var/lib/snapd/desktop'), ('PYTHONPATH', '/home/rschnurr/SkyClaw-Team1/ros2_ws/install/px4_ros_com/local/lib/python3.10/dist-packages:/home/rschnurr/SkyClaw-Team1/ros2_ws/install/go_green/lib/python3.10/site-packages:/home/rschnurr/SkyClaw-Team1/ros2_ws/install/px4_msgs/local/lib/python3.10/dist-packages:/opt/ros/humble/lib/python3.10/site-packages:/opt/ros/humble/local/lib/python3.10/dist-packages'), ('COLCON', '1'), ('WSL2_GUI_APPS_ENABLED', '1'), ('HOSTTYPE', 'x86_64'), ('CMAKE_PREFIX_PATH', '/home/rschnurr/SkyClaw-Team1/ros2_ws/install/px4_ros_com:/home/rschnurr/SkyClaw-Team1/ros2_ws/install/px4_msgs:/home/rschnurr/SkyClaw-Team1/ros2_ws/install/go_green:/opt/ros/humble'), ('WSLENV', 'WT_SESSION:WT_PROFILE_ID:')]), 'shell': False}
[0.095954] (-) TimerEvent: {}
[0.197955] (-) TimerEvent: {}
[0.298807] (-) TimerEvent: {}
[0.399729] (-) TimerEvent: {}
[0.500761] (-) TimerEvent: {}
[0.602051] (-) TimerEvent: {}
[0.702749] (-) TimerEvent: {}
[0.803413] (-) TimerEvent: {}
[0.824844] (px4_msgs) StdoutLine: {'line': b'[  0%] Built target px4_msgs__cpp\n'}
[0.887916] (px4_msgs) StdoutLine: {'line': b'[  0%] Built target ament_cmake_python_copy_px4_msgs\n'}
[0.893388] (px4_msgs) StdoutLine: {'line': b'[ 12%] Built target px4_msgs__rosidl_generator_c\n'}
[0.903740] (-) TimerEvent: {}
[1.005612] (-) TimerEvent: {}
[1.025437] (px4_msgs) StdoutLine: {'line': b'[ 25%] Built target px4_msgs__rosidl_typesupport_c\n'}
[1.043098] (px4_msgs) StdoutLine: {'line': b'[ 37%] Built target px4_msgs__rosidl_typesupport_cpp\n'}
[1.059674] (px4_msgs) StdoutLine: {'line': b'[ 50%] Built target px4_msgs__rosidl_typesupport_introspection_c\n'}
[1.069657] (px4_msgs) StdoutLine: {'line': b'[ 62%] Built target px4_msgs__rosidl_typesupport_fastrtps_cpp\n'}
[1.084058] (px4_msgs) StdoutLine: {'line': b'[ 75%] Built target px4_msgs__rosidl_typesupport_introspection_cpp\n'}
[1.106186] (-) TimerEvent: {}
[1.127353] (px4_msgs) StdoutLine: {'line': b'[ 88%] Built target px4_msgs__rosidl_typesupport_fastrtps_c\n'}
[1.170761] (px4_msgs) StdoutLine: {'line': b'[ 88%] Built target px4_msgs\n'}
[1.206490] (-) TimerEvent: {}
[1.234865] (px4_msgs) StdoutLine: {'line': b'[ 88%] Built target px4_msgs__py\n'}
[1.287850] (px4_msgs) StdoutLine: {'line': b'running egg_info\n'}
[1.306946] (-) TimerEvent: {}
[1.322143] (px4_msgs) StdoutLine: {'line': b'writing px4_msgs.egg-info/PKG-INFO\n'}
[1.324675] (px4_msgs) StdoutLine: {'line': b'writing dependency_links to px4_msgs.egg-info/dependency_links.txt\n'}
[1.325805] (px4_msgs) StdoutLine: {'line': b'writing top-level names to px4_msgs.egg-info/top_level.txt\n'}
[1.404688] (px4_msgs) StdoutLine: {'line': b"reading manifest file 'px4_msgs.egg-info/SOURCES.txt'\n"}
[1.407079] (-) TimerEvent: {}
[1.414670] (px4_msgs) StdoutLine: {'line': b"writing manifest file 'px4_msgs.egg-info/SOURCES.txt'\n"}
[1.440491] (px4_msgs) StdoutLine: {'line': b'[100%] Built target px4_msgs__rosidl_generator_py\n'}
[1.497501] (px4_msgs) StdoutLine: {'line': b'[100%] Built target px4_msgs__rosidl_typesupport_fastrtps_c__pyext\n'}
[1.498145] (px4_msgs) StdoutLine: {'line': b'[100%] Built target px4_msgs__rosidl_typesupport_c__pyext\n'}
[1.507485] (-) TimerEvent: {}
[1.508883] (px4_msgs) StdoutLine: {'line': b'[100%] Built target px4_msgs__rosidl_typesupport_introspection_c__pyext\n'}
[1.536359] (px4_msgs) StdoutLine: {'line': b'[100%] Built target ament_cmake_python_build_px4_msgs_egg\n'}
[1.560421] (px4_msgs) CommandEnded: {'returncode': 0}
[1.562108] (px4_msgs) JobProgress: {'identifier': 'px4_msgs', 'progress': 'install'}
[1.585580] (px4_msgs) Command: {'cmd': ['/usr/bin/cmake', '--install', '/home/rschnurr/SkyClaw-Team1/ros2_ws/build/px4_msgs'], 'cwd': '/home/rschnurr/SkyClaw-Team1/ros2_ws/build/px4_msgs', 'env': OrderedDict([('LESSOPEN', '| /usr/bin/lesspipe %s'), ('USER', 'rschnurr'), ('SHLVL', '1'), ('LD_LIBRARY_PATH', '/home/rschnurr/SkyClaw-Team1/ros2_ws/install/px4_ros_com/lib:/home/rschnurr/SkyClaw-Team1/ros2_ws/install/px4_msgs/lib:/usr/lib/x86_64-linux-gnu/gazebo-11/plugins:/opt/ros/humble/opt/rviz_ogre_vendor/lib:/opt/ros/humble/lib/x86_64-linux-gnu:/opt/ros/humble/lib'), ('WT_PROFILE_ID', '{61c54bbd-c2c6-5271-96e7-009a87ff44bf}'), ('HOME', '/home/rschnurr'), ('OLDPWD', '/home/rschnurr'), ('ROS_PYTHON_VERSION', '3'), ('DBUS_SESSION_BUS_ADDRESS', 'unix:path=/run/user/1000/bus'), ('WSL_DISTRO_NAME', 'Ubuntu-22.04'), ('WAYLAND_DISPLAY', 'wayland-0'), ('COLCON_PREFIX_PATH', '/home/rschnurr/SkyClaw-Team1/ros2_ws/install'), ('ROS_DISTRO', 'humble'), ('LOGNAME', 'rschnurr'), ('NAME', 'Roberts-Laptop'), ('WSL_INTEROP', '/run/WSL/16090_interop'), ('PULSE_SERVER', 'unix:/mnt/wslg/PulseServer'), ('_', '/usr/bin/colcon'), ('ROS_VERSION', '2'), ('TERM', 'xterm-256color'), ('PX4_SITL_WORLD', 'aruco_with_green'), ('ROS_LOCALHOST_ONLY', '0'), ('PATH', '/home/rschnurr/.local/bin:/opt/ros/humble/bin:/usr/local/sbin:/usr/local/bin:/usr/sbin:/usr/bin:/sbin:/bin:/usr/games:/usr/local/games:/usr/lib/wsl/lib:/mnt/c/Users/rschn/miniconda3:/mnt/c/Users/rschn/miniconda3/Library/mingw-w64/bin:/mnt/c/Users/rschn/miniconda3/Library/usr/bin:/mnt/c/Users/rschn/miniconda3/Library/bin:/mnt/c/Users/rschn/miniconda3/Scripts:/mnt/c/Users/rschn/miniconda3/bin:/mnt/c/Users/rschn/miniconda3/condabin:/mnt/c/gstreamer/1.0/msvc_x86_64/bin:/mnt/c/Program Files (x86)/Common Files/Oracle/Java/javapath:/mnt/c/Windows/system32:/mnt/c/Windows:/mnt/c/Windows/System32/Wbem:/mnt/c/Windows/System32/WindowsPowerShell/v1.0:/mnt/c/Windows/System32/OpenSSH:/mnt/c/Program Files/PuTTY:/mnt/c/Program Files/Git/cmd:/mnt/c/Users/rschn/AppData/Local/Microsoft/WindowsApps:/mnt/c/Users/rschn/AppData/Local/Programs/Microsoft VS Code/bin:/mnt/c/Users/rschn/AppData/Local/Google/Cloud SDK/google-cloud-sdk/bin:/snap/bin:/opt/xtensa-esp-elf/bin/'), ('WT_SESSION', '2d4f7308-3ac6-4731-92b0-b963dc6d9845'), ('XDG_RUNTIME_DIR', '/run/user/1000/'), ('DISPLAY', ':0'), ('LANG', 'en_US.UTF-8'), ('LS_COLORS', 'rs=0:di=01;34:ln=01;36:mh=00:pi=40;33:so=01;35:do=01;35:bd=40;33;01:cd=40;33;01:or=40;31;01:mi=00:su=37;41:sg=30;43:ca=30;41:tw=30;42:ow=34;42:st=37;44:ex=01;32:*.tar=01;31:*.tgz=01;31:*.arc=01;31:*.arj=01;31:*.taz=01;31:*.lha=01;31:*.lz4=01;31:*.lzh=01;31:*.lzma=01;31:*.tlz=01;31:*.txz=01;31:*.tzo=01;31:*.t7z=01;31:*.zip=01;31:*.z=01;31:*.dz=01;31:*.gz=01;31:*.lrz=01;31:*.lz=01;31:*.lzo=01;31:*.xz=01;31:*.zst=01;31:*.tzst=01;31:*.bz2=01;31:*.bz=01;31:*.tbz=01;31:*.tbz2=01;31:*.tz=01;31:*.deb=01;31:*.rpm=01;31:*.jar=01;31:*.war=01;31:*.ear=01;31:*.sar=01;31:*.rar=01;31:*.alz=01;31:*.ace=01;31:*.zoo=01;31:*.cpio=01;31:*.7z=01;31:*.rz=01;31:*.cab=01;31:*.wim=01;31:*.swm=01;31:*.dwm=01;31:*.esd=01;31:*.jpg=01;35:*.jpeg=01;35:*.mjpg=01;35:*.mjpeg=01;35:*.gif=01;35:*.bmp=01;35:*.pbm=01;35:*.pgm=01;35:*.ppm=01;35:*.tga=01;35:*.xbm=01;35:*.xpm=01;35:*.tif=01;35:*.tiff=01;35:*.png=01;35:*.svg=01;35:*.svgz=01;35:*.mng=01;35:*.pcx=01;35:*.mov=01;35:*.mpg=01;35:*.mpeg=01;35:*.m2v=01;35:*.mkv=01;35:*.webm=01;35:*.webp=01;35:*.ogm=01;35:*.mp4=01;35:*.m4v=01;35:*.mp4v=01;35:*.vob=01;35:*.qt=01;35:*.nuv=01;35:*.wmv=01;35:*.asf=01;35:*.rm=01;35:*.rmvb=01;35:*.flc=01;35:*.avi=01;35:*.fli=01;35:*.flv=01;35:*.gl=01;35:*.dl=01;35:*.xcf=01;35:*.xwd=01;35:*.yuv=01;35:*.cgm=01;35:*.emf=01;35:*.ogv=01;35:*.ogx=01;35:*.aac=00;36:*.au=00;36:*.flac=00;36:*.m4a=00;36:*.mid=00;36:*.midi=00;36:*.mka=00;36:*.mp3=00;36:*.mpc=00;36:*.ogg=00;36:*.ra=00;36:*.wav=00;36:*.oga=00;36:*.opus=00;36:*.spx=00;36:*.xspf=00;36:'), ('AMENT_PREFIX_PATH', '/home/rschnurr/SkyClaw-Team1/ros2_ws/install/px4_ros_com:/home/rschnurr/SkyClaw-Team1/ros2_ws/install/go_green:/home/rschnurr/SkyClaw-Team1/ros2_ws/install/px4_msgs:/opt/ros/humble'), ('SHELL', '/bin/bash'), ('LESSCLOSE', '/usr/bin/lesspipe %s %s'), ('PWD', '/home/rschnurr/SkyClaw-Team1/ros2_ws/build/px4_msgs'), ('GAZEBO_PLUGIN_PATH', ':/opt/ros/humble/lib'), ('XDG_DATA_DIRS', '/usr/local/share:/usr/share:/var/lib/snapd/desktop'), ('PYTHONPATH', '/home/rschnurr/SkyClaw-Team1/ros2_ws/install/px4_ros_com/local/lib/python3.10/dist-packages:/home/rschnurr/SkyClaw-Team1/ros2_ws/install/go_green/lib/python3.10/site-packages:/home/rschnurr/SkyClaw-Team1/ros2_ws/install/px4_msgs/local/lib/python3.10/dist-packages:/opt/ros/humble/lib/python3.10/site-packages:/opt/ros/humble/local/lib/python3.10/dist-packages'), ('COLCON', '1'), ('WSL2_GUI_APPS_ENABLED', '1'), ('HOSTTYPE', 'x86_64'), ('CMAKE_PREFIX_PATH', '/home/rschnurr/SkyClaw-Team1/ros2_ws/install/px4_ros_com:/home/rschnurr/SkyClaw-Team1/ros2_ws/install/px4_msgs:/home/rschnurr/SkyClaw-Team1/ros2_ws/install/go_green:/opt/ros/humble'), ('WSLENV', 'WT_SESSION:WT_PROFILE_ID:')]), 'shell': False}
[1.607034] (px4_msgs) StdoutLine: {'line': b'-- Install configuration: ""\n'}
[1.607467] (-) TimerEvent: {}
[1.608088] (px4_msgs) StdoutLine: {'line': b'-- Up-to-date: /home/rschnurr/SkyClaw-Team1/ros2_ws/install/px4_msgs/share/ament_index/resource_index/rosidl_interfaces/px4_msgs\n'}
[1.608608] (px4_msgs) StdoutLine: {'line': b'-- Up-to-date: /home/rschnurr/SkyClaw-Team1/ros2_ws/install/px4_msgs/include/px4_msgs/px4_msgs\n'}
[1.609379] (px4_msgs) StdoutLine: {'line': b'-- Up-to-date: /home/rschnurr/SkyClaw-Team1/ros2_ws/install/px4_msgs/include/px4_msgs/px4_msgs/srv\n'}
[1.610476] (px4_msgs) StdoutLine: {'line': b'-- Up-to-date: /home/rschnurr/SkyClaw-Team1/ros2_ws/install/px4_msgs/include/px4_msgs/px4_msgs/srv/vehicle_command.h\n'}
[1.611825] (px4_msgs) StdoutLine: {'line': b'-- Up-to-date: /home/rschnurr/SkyClaw-Team1/ros2_ws/install/px4_msgs/include/px4_msgs/px4_msgs/srv/detail\n'}
[1.612575] (px4_msgs) StdoutLine: {'line': b'-- Up-to-date: /home/rschnurr/SkyClaw-Team1/ros2_ws/install/px4_msgs/include/px4_msgs/px4_msgs/srv/detail/vehicle_command__struct.h\n'}
[1.613240] (px4_msgs) StdoutLine: {'line': b'-- Up-to-date: /home/rschnurr/SkyClaw-Team1/ros2_ws/install/px4_msgs/include/px4_msgs/px4_msgs/srv/detail/vehicle_command__functions.c\n'}
[1.613671] (px4_msgs) StdoutLine: {'line': b'-- Up-to-date: /home/rschnurr/SkyClaw-Team1/ros2_ws/install/px4_msgs/include/px4_msgs/px4_msgs/srv/detail/vehicle_command__type_support.h\n'}
[1.614057] (px4_msgs) StdoutLine: {'line': b'-- Up-to-date: /home/rschnurr/SkyClaw-Team1/ros2_ws/install/px4_msgs/include/px4_msgs/px4_msgs/srv/detail/vehicle_command__functions.h\n'}
[1.614182] (px4_msgs) StdoutLine: {'line': b'-- Up-to-date: /home/rschnurr/SkyClaw-Team1/ros2_ws/install/px4_msgs/include/px4_msgs/px4_msgs/msg\n'}
[1.614619] (px4_msgs) StdoutLine: {'line': b'-- Up-to-date: /home/rschnurr/SkyClaw-Team1/ros2_ws/install/px4_msgs/include/px4_msgs/px4_msgs/msg/cellular_status.h\n'}
[1.614844] (px4_msgs) StdoutLine: {'line': b'-- Up-to-date: /home/rschnurr/SkyClaw-Team1/ros2_ws/install/px4_msgs/include/px4_msgs/px4_msgs/msg/vehicle_thrust_setpoint.h\n'}
[1.615262] (px4_msgs) StdoutLine: {'line': b'-- Up-to-date: /home/rschnurr/SkyClaw-Team1/ros2_ws/install/px4_msgs/include/px4_msgs/px4_msgs/msg/debug_array.h\n'}
[1.615488] (px4_msgs) StdoutLine: {'line': b'-- Up-to-date: /home/rschnurr/SkyClaw-Team1/ros2_ws/install/px4_msgs/include/px4_msgs/px4_msgs/msg/parameter_reset_request.h\n'}
[1.615809] (px4_msgs) StdoutLine: {'line': b'-- Up-to-date: /home/rschnurr/SkyClaw-Team1/ros2_ws/install/px4_msgs/include/px4_msgs/px4_msgs/msg/button_event.h\n'}
[1.615956] (px4_msgs) StdoutLine: {'line': b'-- Up-to-date: /home/rschnurr/SkyClaw-Team1/ros2_ws/install/px4_msgs/include/px4_msgs/px4_msgs/msg/ulog_stream.h\n'}
[1.616017] (px4_msgs) StdoutLine: {'line': b'-- Up-to-date: /home/rschnurr/SkyClaw-Team1/ros2_ws/install/px4_msgs/include/px4_msgs/px4_msgs/msg/vehicle_attitude_setpoint.h\n'}
[1.616061] (px4_msgs) StdoutLine: {'line': b'-- Up-to-date: /home/rschnurr/SkyClaw-Team1/ros2_ws/install/px4_msgs/include/px4_msgs/px4_msgs/msg/register_ext_component_request.h\n'}
[1.616103] (px4_msgs) StdoutLine: {'line': b'-- Up-to-date: /home/rschnurr/SkyClaw-Team1/ros2_ws/install/px4_msgs/include/px4_msgs/px4_msgs/msg/gimbal_device_information.h\n'}
[1.616143] (px4_msgs) StdoutLine: {'line': b'-- Up-to-date: /home/rschnurr/SkyClaw-Team1/ros2_ws/install/px4_msgs/include/px4_msgs/px4_msgs/msg/vehicle_acceleration.h\n'}
[1.616182] (px4_msgs) StdoutLine: {'line': b'-- Up-to-date: /home/rschnurr/SkyClaw-Team1/ros2_ws/install/px4_msgs/include/px4_msgs/px4_msgs/msg/estimator_event_flags.h\n'}
[1.616221] (px4_msgs) StdoutLine: {'line': b'-- Up-to-date: /home/rschnurr/SkyClaw-Team1/ros2_ws/install/px4_msgs/include/px4_msgs/px4_msgs/msg/rosidl_generator_c__visibility_control.h\n'}
[1.616261] (px4_msgs) StdoutLine: {'line': b'-- Up-to-date: /home/rschnurr/SkyClaw-Team1/ros2_ws/install/px4_msgs/include/px4_msgs/px4_msgs/msg/adc_report.h\n'}
[1.616300] (px4_msgs) StdoutLine: {'line': b'-- Up-to-date: /home/rschnurr/SkyClaw-Team1/ros2_ws/install/px4_msgs/include/px4_msgs/px4_msgs/msg/dataman_response.h\n'}
[1.616338] (px4_msgs) StdoutLine: {'line': b'-- Up-to-date: /home/rschnurr/SkyClaw-Team1/ros2_ws/install/px4_msgs/include/px4_msgs/px4_msgs/msg/radio_status.h\n'}
[1.616383] (px4_msgs) StdoutLine: {'line': b'-- Up-to-date: /home/rschnurr/SkyClaw-Team1/ros2_ws/install/px4_msgs/include/px4_msgs/px4_msgs/msg/sensor_hygrometer.h\n'}
[1.616421] (px4_msgs) StdoutLine: {'line': b'-- Up-to-date: /home/rschnurr/SkyClaw-Team1/ros2_ws/install/px4_msgs/include/px4_msgs/px4_msgs/msg/actuator_armed.h\n'}
[1.616462] (px4_msgs) StdoutLine: {'line': b'-- Up-to-date: /home/rschnurr/SkyClaw-Team1/ros2_ws/install/px4_msgs/include/px4_msgs/px4_msgs/msg/sensor_uwb.h\n'}
[1.616567] (px4_msgs) StdoutLine: {'line': b'-- Up-to-date: /home/rschnurr/SkyClaw-Team1/ros2_ws/install/px4_msgs/include/px4_msgs/px4_msgs/msg/manual_control_switches.h\n'}
[1.616633] (px4_msgs) StdoutLine: {'line': b'-- Up-to-date: /home/rschnurr/SkyClaw-Team1/ros2_ws/install/px4_msgs/include/px4_msgs/px4_msgs/msg/rtl_time_estimate.h\n'}
[1.616682] (px4_msgs) StdoutLine: {'line': b'-- Up-to-date: /home/rschnurr/SkyClaw-Team1/ros2_ws/install/px4_msgs/include/px4_msgs/px4_msgs/msg/vehicle_global_position.h\n'}
[1.616724] (px4_msgs) StdoutLine: {'line': b'-- Up-to-date: /home/rschnurr/SkyClaw-Team1/ros2_ws/install/px4_msgs/include/px4_msgs/px4_msgs/msg/timesync_status.h\n'}
[1.616767] (px4_msgs) StdoutLine: {'line': b'-- Up-to-date: /home/rschnurr/SkyClaw-Team1/ros2_ws/install/px4_msgs/include/px4_msgs/px4_msgs/msg/distance_sensor.h\n'}
[1.616810] (px4_msgs) StdoutLine: {'line': b'-- Up-to-date: /home/rschnurr/SkyClaw-Team1/ros2_ws/install/px4_msgs/include/px4_msgs/px4_msgs/msg/rate_ctrl_status.h\n'}
[1.617571] (px4_msgs) StdoutLine: {'line': b'-- Up-to-date: /home/rschnurr/SkyClaw-Team1/ros2_ws/install/px4_msgs/include/px4_msgs/px4_msgs/msg/home_position.h\n'}
[1.617922] (px4_msgs) StdoutLine: {'line': b'-- Up-to-date: /home/rschnurr/SkyClaw-Team1/ros2_ws/install/px4_msgs/include/px4_msgs/px4_msgs/msg/action_request.h\n'}
[1.618256] (px4_msgs) StdoutLine: {'line': b'-- Up-to-date: /home/rschnurr/SkyClaw-Team1/ros2_ws/install/px4_msgs/include/px4_msgs/px4_msgs/msg/arming_check_request.h\n'}
[1.618385] (px4_msgs) StdoutLine: {'line': b'-- Up-to-date: /home/rschnurr/SkyClaw-Team1/ros2_ws/install/px4_msgs/include/px4_msgs/px4_msgs/msg/sensor_gnss_relative.h\n'}
[1.618486] (px4_msgs) StdoutLine: {'line': b'-- Up-to-date: /home/rschnurr/SkyClaw-Team1/ros2_ws/install/px4_msgs/include/px4_msgs/px4_msgs/msg/transponder_report.h\n'}
[1.618582] (px4_msgs) StdoutLine: {'line': b'-- Up-to-date: /home/rschnurr/SkyClaw-Team1/ros2_ws/install/px4_msgs/include/px4_msgs/px4_msgs/msg/satellite_info.h\n'}
[1.618668] (px4_msgs) StdoutLine: {'line': b'-- Up-to-date: /home/rschnurr/SkyClaw-Team1/ros2_ws/install/px4_msgs/include/px4_msgs/px4_msgs/msg/gpio_request.h\n'}
[1.619135] (px4_msgs) StdoutLine: {'line': b'-- Up-to-date: /home/rschnurr/SkyClaw-Team1/ros2_ws/install/px4_msgs/include/px4_msgs/px4_msgs/msg/heater_status.h\n'}
[1.619405] (px4_msgs) StdoutLine: {'line': b'-- Up-to-date: /home/rschnurr/SkyClaw-Team1/ros2_ws/install/px4_msgs/include/px4_msgs/px4_msgs/msg/collision_constraints.h\n'}
[1.619730] (px4_msgs) StdoutLine: {'line': b'-- Up-to-date: /home/rschnurr/SkyClaw-Team1/ros2_ws/install/px4_msgs/include/px4_msgs/px4_msgs/msg/rover_attitude_setpoint.h\n'}
[1.619947] (px4_msgs) StdoutLine: {'line': b'-- Up-to-date: /home/rschnurr/SkyClaw-Team1/ros2_ws/install/px4_msgs/include/px4_msgs/px4_msgs/msg/parameter_update.h\n'}
[1.620186] (px4_msgs) StdoutLine: {'line': b'-- Up-to-date: /home/rschnurr/SkyClaw-Team1/ros2_ws/install/px4_msgs/include/px4_msgs/px4_msgs/msg/vehicle_angular_velocity.h\n'}
[1.620343] (px4_msgs) StdoutLine: {'line': b'-- Up-to-date: /home/rschnurr/SkyClaw-Team1/ros2_ws/install/px4_msgs/include/px4_msgs/px4_msgs/msg/estimator_status.h\n'}
[1.620437] (px4_msgs) StdoutLine: {'line': b'-- Up-to-date: /home/rschnurr/SkyClaw-Team1/ros2_ws/install/px4_msgs/include/px4_msgs/px4_msgs/msg/battery_status.h\n'}
[1.620492] (px4_msgs) StdoutLine: {'line': b'-- Up-to-date: /home/rschnurr/SkyClaw-Team1/ros2_ws/install/px4_msgs/include/px4_msgs/px4_msgs/msg/sensor_selection.h\n'}
[1.620538] (px4_msgs) StdoutLine: {'line': b'-- Up-to-date: /home/rschnurr/SkyClaw-Team1/ros2_ws/install/px4_msgs/include/px4_msgs/px4_msgs/msg/velocity_limits.h\n'}
[1.620579] (px4_msgs) StdoutLine: {'line': b'-- Up-to-date: /home/rschnurr/SkyClaw-Team1/ros2_ws/install/px4_msgs/include/px4_msgs/px4_msgs/msg/actuator_test.h\n'}
[1.620621] (px4_msgs) StdoutLine: {'line': b'-- Up-to-date: /home/rschnurr/SkyClaw-Team1/ros2_ws/install/px4_msgs/include/px4_msgs/px4_msgs/msg/gpio_out.h\n'}
[1.620661] (px4_msgs) StdoutLine: {'line': b'-- Up-to-date: /home/rschnurr/SkyClaw-Team1/ros2_ws/install/px4_msgs/include/px4_msgs/px4_msgs/msg/estimator_bias.h\n'}
[1.620756] (px4_msgs) StdoutLine: {'line': b'-- Up-to-date: /home/rschnurr/SkyClaw-Team1/ros2_ws/install/px4_msgs/include/px4_msgs/px4_msgs/msg/sensor_preflight_mag.h\n'}
[1.620823] (px4_msgs) StdoutLine: {'line': b'-- Up-to-date: /home/rschnurr/SkyClaw-Team1/ros2_ws/install/px4_msgs/include/px4_msgs/px4_msgs/msg/gpio_config.h\n'}
[1.620919] (px4_msgs) StdoutLine: {'line': b'-- Up-to-date: /home/rschnurr/SkyClaw-Team1/ros2_ws/install/px4_msgs/include/px4_msgs/px4_msgs/msg/vehicle_angular_acceleration_setpoint.h\n'}
[1.621051] (px4_msgs) StdoutLine: {'line': b'-- Up-to-date: /home/rschnurr/SkyClaw-Team1/ros2_ws/install/px4_msgs/include/px4_msgs/px4_msgs/msg/message_format_response.h\n'}
[1.621135] (px4_msgs) StdoutLine: {'line': b'-- Up-to-date: /home/rschnurr/SkyClaw-Team1/ros2_ws/install/px4_msgs/include/px4_msgs/px4_msgs/msg/estimator_status_flags.h\n'}
[1.621189] (px4_msgs) StdoutLine: {'line': b'-- Up-to-date: /home/rschnurr/SkyClaw-Team1/ros2_ws/install/px4_msgs/include/px4_msgs/px4_msgs/msg/open_drone_id_system.h\n'}
[1.621246] (px4_msgs) StdoutLine: {'line': b'-- Up-to-date: /home/rschnurr/SkyClaw-Team1/ros2_ws/install/px4_msgs/include/px4_msgs/px4_msgs/msg/sensor_mag.h\n'}
[1.621289] (px4_msgs) StdoutLine: {'line': b'-- Up-to-date: /home/rschnurr/SkyClaw-Team1/ros2_ws/install/px4_msgs/include/px4_msgs/px4_msgs/msg/gimbal_device_attitude_status.h\n'}
[1.621331] (px4_msgs) StdoutLine: {'line': b'-- Up-to-date: /home/rschnurr/SkyClaw-Team1/ros2_ws/install/px4_msgs/include/px4_msgs/px4_msgs/msg/vehicle_local_position_setpoint.h\n'}
[1.621373] (px4_msgs) StdoutLine: {'line': b'-- Up-to-date: /home/rschnurr/SkyClaw-Team1/ros2_ws/install/px4_msgs/include/px4_msgs/px4_msgs/msg/position_controller_status.h\n'}
[1.621414] (px4_msgs) StdoutLine: {'line': b'-- Up-to-date: /home/rschnurr/SkyClaw-Team1/ros2_ws/install/px4_msgs/include/px4_msgs/px4_msgs/msg/estimator_aid_source1d.h\n'}
[1.621454] (px4_msgs) StdoutLine: {'line': b'-- Up-to-date: /home/rschnurr/SkyClaw-Team1/ros2_ws/install/px4_msgs/include/px4_msgs/px4_msgs/msg/vehicle_optical_flow.h\n'}
[1.621499] (px4_msgs) StdoutLine: {'line': b'-- Up-to-date: /home/rschnurr/SkyClaw-Team1/ros2_ws/install/px4_msgs/include/px4_msgs/px4_msgs/msg/vtol_vehicle_status.h\n'}
[1.621539] (px4_msgs) StdoutLine: {'line': b'-- Up-to-date: /home/rschnurr/SkyClaw-Team1/ros2_ws/install/px4_msgs/include/px4_msgs/px4_msgs/msg/parameter_set_value_response.h\n'}
[1.621641] (px4_msgs) StdoutLine: {'line': b'-- Up-to-date: /home/rschnurr/SkyClaw-Team1/ros2_ws/install/px4_msgs/include/px4_msgs/px4_msgs/msg/sensor_combined.h\n'}
[1.621714] (px4_msgs) StdoutLine: {'line': b'-- Up-to-date: /home/rschnurr/SkyClaw-Team1/ros2_ws/install/px4_msgs/include/px4_msgs/px4_msgs/msg/takeoff_status.h\n'}
[1.621762] (px4_msgs) StdoutLine: {'line': b'-- Up-to-date: /home/rschnurr/SkyClaw-Team1/ros2_ws/install/px4_msgs/include/px4_msgs/px4_msgs/msg/dataman_request.h\n'}
[1.621807] (px4_msgs) StdoutLine: {'line': b'-- Up-to-date: /home/rschnurr/SkyClaw-Team1/ros2_ws/install/px4_msgs/include/px4_msgs/px4_msgs/msg/onboard_computer_status.h\n'}
[1.621850] (px4_msgs) StdoutLine: {'line': b'-- Up-to-date: /home/rschnurr/SkyClaw-Team1/ros2_ws/install/px4_msgs/include/px4_msgs/px4_msgs/msg/open_drone_id_operator_id.h\n'}
[1.621891] (px4_msgs) StdoutLine: {'line': b'-- Up-to-date: /home/rschnurr/SkyClaw-Team1/ros2_ws/install/px4_msgs/include/px4_msgs/px4_msgs/msg/vehicle_command.h\n'}
[1.621932] (px4_msgs) StdoutLine: {'line': b'-- Up-to-date: /home/rschnurr/SkyClaw-Team1/ros2_ws/install/px4_msgs/include/px4_msgs/px4_msgs/msg/sensor_gps.h\n'}
[1.621973] (px4_msgs) StdoutLine: {'line': b'-- Up-to-date: /home/rschnurr/SkyClaw-Team1/ros2_ws/install/px4_msgs/include/px4_msgs/px4_msgs/msg/wind.h\n'}
[1.622013] (px4_msgs) StdoutLine: {'line': b'-- Up-to-date: /home/rschnurr/SkyClaw-Team1/ros2_ws/install/px4_msgs/include/px4_msgs/px4_msgs/msg/neural_control.h\n'}
[1.622054] (px4_msgs) StdoutLine: {'line': b'-- Up-to-date: /home/rschnurr/SkyClaw-Team1/ros2_ws/install/px4_msgs/include/px4_msgs/px4_msgs/msg/ulog_stream_ack.h\n'}
[1.622094] (px4_msgs) StdoutLine: {'line': b'-- Up-to-date: /home/rschnurr/SkyClaw-Team1/ros2_ws/install/px4_msgs/include/px4_msgs/px4_msgs/msg/estimator_bias3d.h\n'}
[1.622134] (px4_msgs) StdoutLine: {'line': b'-- Up-to-date: /home/rschnurr/SkyClaw-Team1/ros2_ws/install/px4_msgs/include/px4_msgs/px4_msgs/msg/actuator_outputs.h\n'}
[1.622184] (px4_msgs) StdoutLine: {'line': b'-- Up-to-date: /home/rschnurr/SkyClaw-Team1/ros2_ws/install/px4_msgs/include/px4_msgs/px4_msgs/msg/gpio_in.h\n'}
[1.622223] (px4_msgs) StdoutLine: {'line': b'-- Up-to-date: /home/rschnurr/SkyClaw-Team1/ros2_ws/install/px4_msgs/include/px4_msgs/px4_msgs/msg/normalized_unsigned_setpoint.h\n'}
[1.622267] (px4_msgs) StdoutLine: {'line': b'-- Up-to-date: /home/rschnurr/SkyClaw-Team1/ros2_ws/install/px4_msgs/include/px4_msgs/px4_msgs/msg/fixed_wing_lateral_status.h\n'}
[1.622307] (px4_msgs) StdoutLine: {'line': b'-- Up-to-date: /home/rschnurr/SkyClaw-Team1/ros2_ws/install/px4_msgs/include/px4_msgs/px4_msgs/msg/rover_steering_setpoint.h\n'}
[1.622347] (px4_msgs) StdoutLine: {'line': b'-- Up-to-date: /home/rschnurr/SkyClaw-Team1/ros2_ws/install/px4_msgs/include/px4_msgs/px4_msgs/msg/tune_control.h\n'}
[1.622419] (px4_msgs) StdoutLine: {'line': b'-- Up-to-date: /home/rschnurr/SkyClaw-Team1/ros2_ws/install/px4_msgs/include/px4_msgs/px4_msgs/msg/sensor_optical_flow.h\n'}
[1.622492] (px4_msgs) StdoutLine: {'line': b'-- Up-to-date: /home/rschnurr/SkyClaw-Team1/ros2_ws/install/px4_msgs/include/px4_msgs/px4_msgs/msg/estimator_aid_source3d.h\n'}
[1.622541] (px4_msgs) StdoutLine: {'line': b'-- Up-to-date: /home/rschnurr/SkyClaw-Team1/ros2_ws/install/px4_msgs/include/px4_msgs/px4_msgs/msg/lateral_control_configuration.h\n'}
[1.622868] (px4_msgs) StdoutLine: {'line': b'-- Up-to-date: /home/rschnurr/SkyClaw-Team1/ros2_ws/install/px4_msgs/include/px4_msgs/px4_msgs/msg/actuator_servos_trim.h\n'}
[1.622921] (px4_msgs) StdoutLine: {'line': b'-- Up-to-date: /home/rschnurr/SkyClaw-Team1/ros2_ws/install/px4_msgs/include/px4_msgs/px4_msgs/msg/vehicle_command_ack.h\n'}
[1.667445] (px4_msgs) StdoutLine: {'line': b'-- Up-to-date: /home/rschnurr/SkyClaw-Team1/ros2_ws/install/px4_msgs/include/px4_msgs/px4_msgs/msg/airspeed_validated.h\n'}
[1.668883] (px4_msgs) StdoutLine: {'line': b'-- Up-to-date: /home/rschnurr/SkyClaw-Team1/ros2_ws/install/px4_msgs/include/px4_msgs/px4_msgs/msg/geofence_status.h\n'}
[1.669697] (px4_msgs) StdoutLine: {'line': b'-- Up-to-date: /home/rschnurr/SkyClaw-Team1/ros2_ws/install/px4_msgs/include/px4_msgs/px4_msgs/msg/sensor_gnss_status.h\n'}
[1.670360] (px4_msgs) StdoutLine: {'line': b'-- Up-to-date: /home/rschnurr/SkyClaw-Team1/ros2_ws/install/px4_msgs/include/px4_msgs/px4_msgs/msg/fixed_wing_longitudinal_setpoint.h\n'}
[1.671001] (px4_msgs) StdoutLine: {'line': b'-- Up-to-date: /home/rschnurr/SkyClaw-Team1/ros2_ws/install/px4_msgs/include/px4_msgs/px4_msgs/msg/gimbal_device_set_attitude.h\n'}
[1.671572] (px4_msgs) StdoutLine: {'line': b'-- Up-to-date: /home/rschnurr/SkyClaw-Team1/ros2_ws/install/px4_msgs/include/px4_msgs/px4_msgs/msg/task_stack_info.h\n'}
[1.672144] (px4_msgs) StdoutLine: {'line': b'-- Up-to-date: /home/rschnurr/SkyClaw-Team1/ros2_ws/install/px4_msgs/include/px4_msgs/px4_msgs/msg/fixed_wing_runway_control.h\n'}
[1.672540] (px4_msgs) StdoutLine: {'line': b'-- Up-to-date: /home/rschnurr/SkyClaw-Team1/ros2_ws/install/px4_msgs/include/px4_msgs/px4_msgs/msg/fixed_wing_lateral_guidance_status.h\n'}
[1.673256] (px4_msgs) StdoutLine: {'line': b'-- Up-to-date: /home/rschnurr/SkyClaw-Team1/ros2_ws/install/px4_msgs/include/px4_msgs/px4_msgs/msg/health_report.h\n'}
[1.673592] (px4_msgs) StdoutLine: {'line': b'-- Up-to-date: /home/rschnurr/SkyClaw-Team1/ros2_ws/install/px4_msgs/include/px4_msgs/px4_msgs/msg/vehicle_local_position.h\n'}
[1.673858] (px4_msgs) StdoutLine: {'line': b'-- Up-to-date: /home/rschnurr/SkyClaw-Team1/ros2_ws/install/px4_msgs/include/px4_msgs/px4_msgs/msg/power_monitor.h\n'}
[1.674056] (px4_msgs) StdoutLine: {'line': b'-- Up-to-date: /home/rschnurr/SkyClaw-Team1/ros2_ws/install/px4_msgs/include/px4_msgs/px4_msgs/msg/estimator_states.h\n'}
[1.674215] (px4_msgs) StdoutLine: {'line': b'-- Up-to-date: /home/rschnurr/SkyClaw-Team1/ros2_ws/install/px4_msgs/include/px4_msgs/px4_msgs/msg/dronecan_node_status.h\n'}
[1.674284] (px4_msgs) StdoutLine: {'line': b'-- Up-to-date: /home/rschnurr/SkyClaw-Team1/ros2_ws/install/px4_msgs/include/px4_msgs/px4_msgs/msg/offboard_control_mode.h\n'}
[1.674335] (px4_msgs) StdoutLine: {'line': b'-- Up-to-date: /home/rschnurr/SkyClaw-Team1/ros2_ws/install/px4_msgs/include/px4_msgs/px4_msgs/msg/trajectory_setpoint.h\n'}
[1.674470] (px4_msgs) StdoutLine: {'line': b'-- Up-to-date: /home/rschnurr/SkyClaw-Team1/ros2_ws/install/px4_msgs/include/px4_msgs/px4_msgs/msg/wheel_encoders.h\n'}
[1.674593] (px4_msgs) StdoutLine: {'line': b'-- Up-to-date: /home/rschnurr/SkyClaw-Team1/ros2_ws/install/px4_msgs/include/px4_msgs/px4_msgs/msg/magnetometer_bias_estimate.h\n'}
[1.674720] (px4_msgs) StdoutLine: {'line': b'-- Up-to-date: /home/rschnurr/SkyClaw-Team1/ros2_ws/install/px4_msgs/include/px4_msgs/px4_msgs/msg/follow_target.h\n'}
[1.674792] (px4_msgs) StdoutLine: {'line': b'-- Up-to-date: /home/rschnurr/SkyClaw-Team1/ros2_ws/install/px4_msgs/include/px4_msgs/px4_msgs/msg/orb_test_medium.h\n'}
[1.674852] (px4_msgs) StdoutLine: {'line': b'-- Up-to-date: /home/rschnurr/SkyClaw-Team1/ros2_ws/install/px4_msgs/include/px4_msgs/px4_msgs/msg/event.h\n'}
[1.674927] (px4_msgs) StdoutLine: {'line': b'-- Up-to-date: /home/rschnurr/SkyClaw-Team1/ros2_ws/install/px4_msgs/include/px4_msgs/px4_msgs/msg/longitudinal_control_configuration.h\n'}
[1.674986] (px4_msgs) StdoutLine: {'line': b'-- Up-to-date: /home/rschnurr/SkyClaw-Team1/ros2_ws/install/px4_msgs/include/px4_msgs/px4_msgs/msg/flight_phase_estimation.h\n'}
[1.675019] (px4_msgs) StdoutLine: {'line': b'-- Up-to-date: /home/rschnurr/SkyClaw-Team1/ros2_ws/install/px4_msgs/include/px4_msgs/px4_msgs/msg/control_allocator_status.h\n'}
[1.675053] (px4_msgs) StdoutLine: {'line': b'-- Up-to-date: /home/rschnurr/SkyClaw-Team1/ros2_ws/install/px4_msgs/include/px4_msgs/px4_msgs/msg/tiltrotor_extra_controls.h\n'}
[1.675087] (px4_msgs) StdoutLine: {'line': b'-- Up-to-date: /home/rschnurr/SkyClaw-Team1/ros2_ws/install/px4_msgs/include/px4_msgs/px4_msgs/msg/vehicle_roi.h\n'}
[1.675118] (px4_msgs) StdoutLine: {'line': b'-- Up-to-date: /home/rschnurr/SkyClaw-Team1/ros2_ws/install/px4_msgs/include/px4_msgs/px4_msgs/msg/vehicle_rates_setpoint.h\n'}
[1.675148] (px4_msgs) StdoutLine: {'line': b'-- Up-to-date: /home/rschnurr/SkyClaw-Team1/ros2_ws/install/px4_msgs/include/px4_msgs/px4_msgs/msg/rover_rate_status.h\n'}
[1.675238] (px4_msgs) StdoutLine: {'line': b'-- Up-to-date: /home/rschnurr/SkyClaw-Team1/ros2_ws/install/px4_msgs/include/px4_msgs/px4_msgs/msg/vehicle_odometry.h\n'}
[1.675398] (px4_msgs) StdoutLine: {'line': b'-- Up-to-date: /home/rschnurr/SkyClaw-Team1/ros2_ws/install/px4_msgs/include/px4_msgs/px4_msgs/msg/message_format_request.h\n'}
[1.675545] (px4_msgs) StdoutLine: {'line': b'-- Up-to-date: /home/rschnurr/SkyClaw-Team1/ros2_ws/install/px4_msgs/include/px4_msgs/px4_msgs/msg/sensors_status_imu.h\n'}
[1.675626] (px4_msgs) StdoutLine: {'line': b'-- Up-to-date: /home/rschnurr/SkyClaw-Team1/ros2_ws/install/px4_msgs/include/px4_msgs/px4_msgs/msg/vehicle_optical_flow_vel.h\n'}
[1.675666] (px4_msgs) StdoutLine: {'line': b'-- Up-to-date: /home/rschnurr/SkyClaw-Team1/ros2_ws/install/px4_msgs/include/px4_msgs/px4_msgs/msg/vehicle_imu_status.h\n'}
[1.675699] (px4_msgs) StdoutLine: {'line': b'-- Up-to-date: /home/rschnurr/SkyClaw-Team1/ros2_ws/install/px4_msgs/include/px4_msgs/px4_msgs/msg/vehicle_land_detected.h\n'}
[1.675728] (px4_msgs) StdoutLine: {'line': b'-- Up-to-date: /home/rschnurr/SkyClaw-Team1/ros2_ws/install/px4_msgs/include/px4_msgs/px4_msgs/msg/follow_target_estimator.h\n'}
[1.675758] (px4_msgs) StdoutLine: {'line': b'-- Up-to-date: /home/rschnurr/SkyClaw-Team1/ros2_ws/install/px4_msgs/include/px4_msgs/px4_msgs/msg/system_power.h\n'}
[1.675789] (px4_msgs) StdoutLine: {'line': b'-- Up-to-date: /home/rschnurr/SkyClaw-Team1/ros2_ws/install/px4_msgs/include/px4_msgs/px4_msgs/msg/vehicle_status.h\n'}
[1.675820] (px4_msgs) StdoutLine: {'line': b'-- Up-to-date: /home/rschnurr/SkyClaw-Team1/ros2_ws/install/px4_msgs/include/px4_msgs/px4_msgs/msg/open_drone_id_arm_status.h\n'}
[1.675850] (px4_msgs) StdoutLine: {'line': b'-- Up-to-date: /home/rschnurr/SkyClaw-Team1/ros2_ws/install/px4_msgs/include/px4_msgs/px4_msgs/msg/rpm.h\n'}
[1.675893] (px4_msgs) StdoutLine: {'line': b'-- Up-to-date: /home/rschnurr/SkyClaw-Team1/ros2_ws/install/px4_msgs/include/px4_msgs/px4_msgs/msg/gps_dump.h\n'}
[1.675921] (px4_msgs) StdoutLine: {'line': b'-- Up-to-date: /home/rschnurr/SkyClaw-Team1/ros2_ws/install/px4_msgs/include/px4_msgs/px4_msgs/msg/airspeed_wind.h\n'}
[1.675949] (px4_msgs) StdoutLine: {'line': b'-- Up-to-date: /home/rschnurr/SkyClaw-Team1/ros2_ws/install/px4_msgs/include/px4_msgs/px4_msgs/msg/debug_value.h\n'}
[1.675977] (px4_msgs) StdoutLine: {'line': b'-- Up-to-date: /home/rschnurr/SkyClaw-Team1/ros2_ws/install/px4_msgs/include/px4_msgs/px4_msgs/msg/estimator_aid_source2d.h\n'}
[1.676005] (px4_msgs) StdoutLine: {'line': b'-- Up-to-date: /home/rschnurr/SkyClaw-Team1/ros2_ws/install/px4_msgs/include/px4_msgs/px4_msgs/msg/launch_detection_status.h\n'}
[1.676033] (px4_msgs) StdoutLine: {'line': b'-- Up-to-date: /home/rschnurr/SkyClaw-Team1/ros2_ws/install/px4_msgs/include/px4_msgs/px4_msgs/msg/rover_position_setpoint.h\n'}
[1.676060] (px4_msgs) StdoutLine: {'line': b'-- Up-to-date: /home/rschnurr/SkyClaw-Team1/ros2_ws/install/px4_msgs/include/px4_msgs/px4_msgs/msg/estimator_selector_status.h\n'}
[1.676114] (px4_msgs) StdoutLine: {'line': b'-- Up-to-date: /home/rschnurr/SkyClaw-Team1/ros2_ws/install/px4_msgs/include/px4_msgs/px4_msgs/msg/sensor_gyro_fft.h\n'}
[1.676242] (px4_msgs) StdoutLine: {'line': b'-- Up-to-date: /home/rschnurr/SkyClaw-Team1/ros2_ws/install/px4_msgs/include/px4_msgs/px4_msgs/msg/irlock_report.h\n'}
[1.676376] (px4_msgs) StdoutLine: {'line': b'-- Up-to-date: /home/rschnurr/SkyClaw-Team1/ros2_ws/install/px4_msgs/include/px4_msgs/px4_msgs/msg/navigator_mission_item.h\n'}
[1.676559] (px4_msgs) StdoutLine: {'line': b'-- Up-to-date: /home/rschnurr/SkyClaw-Team1/ros2_ws/install/px4_msgs/include/px4_msgs/px4_msgs/msg/sensor_accel_fifo.h\n'}
[1.676648] (px4_msgs) StdoutLine: {'line': b'-- Up-to-date: /home/rschnurr/SkyClaw-Team1/ros2_ws/install/px4_msgs/include/px4_msgs/px4_msgs/msg/vehicle_air_data.h\n'}
[1.676748] (px4_msgs) StdoutLine: {'line': b'-- Up-to-date: /home/rschnurr/SkyClaw-Team1/ros2_ws/install/px4_msgs/include/px4_msgs/px4_msgs/msg/gimbal_manager_information.h\n'}
[1.676836] (px4_msgs) StdoutLine: {'line': b'-- Up-to-date: /home/rschnurr/SkyClaw-Team1/ros2_ws/install/px4_msgs/include/px4_msgs/px4_msgs/msg/arming_check_reply.h\n'}
[1.676900] (px4_msgs) StdoutLine: {'line': b'-- Up-to-date: /home/rschnurr/SkyClaw-Team1/ros2_ws/install/px4_msgs/include/px4_msgs/px4_msgs/msg/rover_rate_setpoint.h\n'}
[1.677394] (px4_msgs) StdoutLine: {'line': b'-- Up-to-date: /home/rschnurr/SkyClaw-Team1/ros2_ws/install/px4_msgs/include/px4_msgs/px4_msgs/msg/rover_speed_status.h\n'}
[1.677611] (px4_msgs) StdoutLine: {'line': b'-- Up-to-date: /home/rschnurr/SkyClaw-Team1/ros2_ws/install/px4_msgs/include/px4_msgs/px4_msgs/msg/detail\n'}
[1.677929] (px4_msgs) StdoutLine: {'line': b'-- Up-to-date: /home/rschnurr/SkyClaw-Team1/ros2_ws/install/px4_msgs/include/px4_msgs/px4_msgs/msg/detail/onboard_computer_status__struct.h\n'}
[1.678218] (px4_msgs) StdoutLine: {'line': b'-- Up-to-date: /home/rschnurr/SkyClaw-Team1/ros2_ws/install/px4_msgs/include/px4_msgs/px4_msgs/msg/detail/iridiumsbd_status__type_support.h\n'}
[1.678710] (px4_msgs) StdoutLine: {'line': b'-- Up-to-date: /home/rschnurr/SkyClaw-Team1/ros2_ws/install/px4_msgs/include/px4_msgs/px4_msgs/msg/detail/arming_check_request__type_support.h\n'}
[1.678875] (px4_msgs) StdoutLine: {'line': b'-- Up-to-date: /home/rschnurr/SkyClaw-Team1/ros2_ws/install/px4_msgs/include/px4_msgs/px4_msgs/msg/detail/fixed_wing_longitudinal_setpoint__functions.h\n'}
[1.679064] (px4_msgs) StdoutLine: {'line': b'-- Up-to-date: /home/rschnurr/SkyClaw-Team1/ros2_ws/install/px4_msgs/include/px4_msgs/px4_msgs/msg/detail/ekf2_timestamps__type_support.h\n'}
[1.679552] (px4_msgs) StdoutLine: {'line': b'-- Up-to-date: /home/rschnurr/SkyClaw-Team1/ros2_ws/install/px4_msgs/include/px4_msgs/px4_msgs/msg/detail/fixed_wing_lateral_status__struct.h\n'}
[1.680060] (px4_msgs) StdoutLine: {'line': b'-- Up-to-date: /home/rschnurr/SkyClaw-Team1/ros2_ws/install/px4_msgs/include/px4_msgs/px4_msgs/msg/detail/rover_attitude_setpoint__struct.h\n'}
[1.680323] (px4_msgs) StdoutLine: {'line': b'-- Up-to-date: /home/rschnurr/SkyClaw-Team1/ros2_ws/install/px4_msgs/include/px4_msgs/px4_msgs/msg/detail/satellite_info__struct.h\n'}
[1.680512] (px4_msgs) StdoutLine: {'line': b'-- Up-to-date: /home/rschnurr/SkyClaw-Team1/ros2_ws/install/px4_msgs/include/px4_msgs/px4_msgs/msg/detail/pps_capture__functions.h\n'}
[1.680825] (px4_msgs) StdoutLine: {'line': b'-- Up-to-date: /home/rschnurr/SkyClaw-Team1/ros2_ws/install/px4_msgs/include/px4_msgs/px4_msgs/msg/detail/estimator_aid_source2d__functions.c\n'}
[1.682003] (px4_msgs) StdoutLine: {'line': b'-- Up-to-date: /home/rschnurr/SkyClaw-Team1/ros2_ws/install/px4_msgs/include/px4_msgs/px4_msgs/msg/detail/gimbal_manager_set_attitude__functions.h\n'}
[1.682157] (px4_msgs) StdoutLine: {'line': b'-- Up-to-date: /home/rschnurr/SkyClaw-Team1/ros2_ws/install/px4_msgs/include/px4_msgs/px4_msgs/msg/detail/uavcan_parameter_request__type_support.h\n'}
[1.682278] (px4_msgs) StdoutLine: {'line': b'-- Up-to-date: /home/rschnurr/SkyClaw-Team1/ros2_ws/install/px4_msgs/include/px4_msgs/px4_msgs/msg/detail/esc_status__functions.h\n'}
[1.682400] (px4_msgs) StdoutLine: {'line': b'-- Up-to-date: /home/rschnurr/SkyClaw-Team1/ros2_ws/install/px4_msgs/include/px4_msgs/px4_msgs/msg/detail/estimator_innovations__functions.c\n'}
[1.682476] (px4_msgs) StdoutLine: {'line': b'-- Up-to-date: /home/rschnurr/SkyClaw-Team1/ros2_ws/install/px4_msgs/include/px4_msgs/px4_msgs/msg/detail/message_format_response__struct.h\n'}
[1.682608] (px4_msgs) StdoutLine: {'line': b'-- Up-to-date: /home/rschnurr/SkyClaw-Team1/ros2_ws/install/px4_msgs/include/px4_msgs/px4_msgs/msg/detail/hover_thrust_estimate__type_support.h\n'}
[1.682908] (px4_msgs) StdoutLine: {'line': b'-- Up-to-date: /home/rschnurr/SkyClaw-Team1/ros2_ws/install/px4_msgs/include/px4_msgs/px4_msgs/msg/detail/rtl_status__functions.h\n'}
[1.683113] (px4_msgs) StdoutLine: {'line': b'-- Up-to-date: /home/rschnurr/SkyClaw-Team1/ros2_ws/install/px4_msgs/include/px4_msgs/px4_msgs/msg/detail/actuator_outputs__type_support.h\n'}
[1.683212] (px4_msgs) StdoutLine: {'line': b'-- Up-to-date: /home/rschnurr/SkyClaw-Team1/ros2_ws/install/px4_msgs/include/px4_msgs/px4_msgs/msg/detail/estimator_event_flags__functions.h\n'}
[1.683314] (px4_msgs) StdoutLine: {'line': b'-- Up-to-date: /home/rschnurr/SkyClaw-Team1/ros2_ws/install/px4_msgs/include/px4_msgs/px4_msgs/msg/detail/sensor_selection__functions.h\n'}
[1.683408] (px4_msgs) StdoutLine: {'line': b'-- Up-to-date: /home/rschnurr/SkyClaw-Team1/ros2_ws/install/px4_msgs/include/px4_msgs/px4_msgs/msg/detail/fixed_wing_lateral_setpoint__type_support.h\n'}
[1.683677] (px4_msgs) StdoutLine: {'line': b'-- Up-to-date: /home/rschnurr/SkyClaw-Team1/ros2_ws/install/px4_msgs/include/px4_msgs/px4_msgs/msg/detail/fuel_tank_status__functions.c\n'}
[1.683969] (px4_msgs) StdoutLine: {'line': b'-- Up-to-date: /home/rschnurr/SkyClaw-Team1/ros2_ws/install/px4_msgs/include/px4_msgs/px4_msgs/msg/detail/vehicle_angular_acceleration_setpoint__struct.h\n'}
[1.684145] (px4_msgs) StdoutLine: {'line': b'-- Up-to-date: /home/rschnurr/SkyClaw-Team1/ros2_ws/install/px4_msgs/include/px4_msgs/px4_msgs/msg/detail/yaw_estimator_status__struct.h\n'}
[1.684399] (px4_msgs) StdoutLine: {'line': b'-- Up-to-date: /home/rschnurr/SkyClaw-Team1/ros2_ws/install/px4_msgs/include/px4_msgs/px4_msgs/msg/detail/sensor_combined__type_support.h\n'}
[1.684838] (px4_msgs) StdoutLine: {'line': b'-- Up-to-date: /home/rschnurr/SkyClaw-Team1/ros2_ws/install/px4_msgs/include/px4_msgs/px4_msgs/msg/detail/orb_test_large__type_support.h\n'}
[1.685048] (px4_msgs) StdoutLine: {'line': b'-- Up-to-date: /home/rschnurr/SkyClaw-Team1/ros2_ws/install/px4_msgs/include/px4_msgs/px4_msgs/msg/detail/gpio_in__functions.h\n'}
[1.685168] (px4_msgs) StdoutLine: {'line': b'-- Up-to-date: /home/rschnurr/SkyClaw-Team1/ros2_ws/install/px4_msgs/include/px4_msgs/px4_msgs/msg/detail/rover_position_setpoint__struct.h\n'}
[1.686638] (px4_msgs) StdoutLine: {'line': b'-- Up-to-date: /home/rschnurr/SkyClaw-Team1/ros2_ws/install/px4_msgs/include/px4_msgs/px4_msgs/msg/detail/pwm_input__functions.h\n'}
[1.686863] (px4_msgs) StdoutLine: {'line': b'-- Up-to-date: /home/rschnurr/SkyClaw-Team1/ros2_ws/install/px4_msgs/include/px4_msgs/px4_msgs/msg/detail/vehicle_torque_setpoint__struct.h\n'}
[1.686967] (px4_msgs) StdoutLine: {'line': b'-- Up-to-date: /home/rschnurr/SkyClaw-Team1/ros2_ws/install/px4_msgs/include/px4_msgs/px4_msgs/msg/detail/power_monitor__functions.c\n'}
[1.687022] (px4_msgs) StdoutLine: {'line': b'-- Up-to-date: /home/rschnurr/SkyClaw-Team1/ros2_ws/install/px4_msgs/include/px4_msgs/px4_msgs/msg/detail/sensor_gyro_fft__type_support.h\n'}
[1.687068] (px4_msgs) StdoutLine: {'line': b'-- Up-to-date: /home/rschnurr/SkyClaw-Team1/ros2_ws/install/px4_msgs/include/px4_msgs/px4_msgs/msg/detail/longitudinal_control_configuration__type_support.h\n'}
[1.687117] (px4_msgs) StdoutLine: {'line': b'-- Up-to-date: /home/rschnurr/SkyClaw-Team1/ros2_ws/install/px4_msgs/include/px4_msgs/px4_msgs/msg/detail/gimbal_manager_information__type_support.h\n'}
[1.687410] (px4_msgs) StdoutLine: {'line': b'-- Up-to-date: /home/rschnurr/SkyClaw-Team1/ros2_ws/install/px4_msgs/include/px4_msgs/px4_msgs/msg/detail/ulog_stream_ack__type_support.h\n'}
[1.688920] (px4_msgs) StdoutLine: {'line': b'-- Up-to-date: /home/rschnurr/SkyClaw-Team1/ros2_ws/install/px4_msgs/include/px4_msgs/px4_msgs/msg/detail/debug_value__functions.h\n'}
[1.689226] (px4_msgs) StdoutLine: {'line': b'-- Up-to-date: /home/rschnurr/SkyClaw-Team1/ros2_ws/install/px4_msgs/include/px4_msgs/px4_msgs/msg/detail/debug_array__type_support.h\n'}
[1.689470] (px4_msgs) StdoutLine: {'line': b'-- Up-to-date: /home/rschnurr/SkyClaw-Team1/ros2_ws/install/px4_msgs/include/px4_msgs/px4_msgs/msg/detail/autotune_attitude_control_status__struct.h\n'}
[1.689633] (px4_msgs) StdoutLine: {'line': b'-- Up-to-date: /home/rschnurr/SkyClaw-Team1/ros2_ws/install/px4_msgs/include/px4_msgs/px4_msgs/msg/detail/parameter_update__type_support.h\n'}
[1.689997] (px4_msgs) StdoutLine: {'line': b'-- Up-to-date: /home/rschnurr/SkyClaw-Team1/ros2_ws/install/px4_msgs/include/px4_msgs/px4_msgs/msg/detail/estimator_aid_source2d__type_support.h\n'}
[1.690935] (px4_msgs) StdoutLine: {'line': b'-- Up-to-date: /home/rschnurr/SkyClaw-Team1/ros2_ws/install/px4_msgs/include/px4_msgs/px4_msgs/msg/detail/ulog_stream_ack__functions.h\n'}
[1.691736] (px4_msgs) StdoutLine: {'line': b'-- Up-to-date: /home/rschnurr/SkyClaw-Team1/ros2_ws/install/px4_msgs/include/px4_msgs/px4_msgs/msg/detail/open_drone_id_self_id__functions.h\n'}
[1.691816] (px4_msgs) StdoutLine: {'line': b'-- Up-to-date: /home/rschnurr/SkyClaw-Team1/ros2_ws/install/px4_msgs/include/px4_msgs/px4_msgs/msg/detail/vehicle_air_data__struct.h\n'}
[1.692169] (px4_msgs) StdoutLine: {'line': b'-- Up-to-date: /home/rschnurr/SkyClaw-Team1/ros2_ws/install/px4_msgs/include/px4_msgs/px4_msgs/msg/detail/onboard_computer_status__functions.c\n'}
[1.693417] (px4_msgs) StdoutLine: {'line': b'-- Up-to-date: /home/rschnurr/SkyClaw-Team1/ros2_ws/install/px4_msgs/include/px4_msgs/px4_msgs/msg/detail/sensor_gnss_status__type_support.h\n'}
[1.694487] (px4_msgs) StdoutLine: {'line': b'-- Up-to-date: /home/rschnurr/SkyClaw-Team1/ros2_ws/install/px4_msgs/include/px4_msgs/px4_msgs/msg/detail/vehicle_attitude__functions.h\n'}
[1.694634] (px4_msgs) StdoutLine: {'line': b'-- Up-to-date: /home/rschnurr/SkyClaw-Team1/ros2_ws/install/px4_msgs/include/px4_msgs/px4_msgs/msg/detail/ulog_stream__functions.h\n'}
[1.694746] (px4_msgs) StdoutLine: {'line': b'-- Up-to-date: /home/rschnurr/SkyClaw-Team1/ros2_ws/install/px4_msgs/include/px4_msgs/px4_msgs/msg/detail/message_format_request__functions.c\n'}
[1.694845] (px4_msgs) StdoutLine: {'line': b'-- Up-to-date: /home/rschnurr/SkyClaw-Team1/ros2_ws/install/px4_msgs/include/px4_msgs/px4_msgs/msg/detail/sensor_accel__functions.h\n'}
[1.694994] (px4_msgs) StdoutLine: {'line': b'-- Up-to-date: /home/rschnurr/SkyClaw-Team1/ros2_ws/install/px4_msgs/include/px4_msgs/px4_msgs/msg/detail/manual_control_setpoint__type_support.h\n'}
[1.695196] (px4_msgs) StdoutLine: {'line': b'-- Up-to-date: /home/rschnurr/SkyClaw-Team1/ros2_ws/install/px4_msgs/include/px4_msgs/px4_msgs/msg/detail/config_overrides__functions.h\n'}
[1.695334] (px4_msgs) StdoutLine: {'line': b'-- Up-to-date: /home/rschnurr/SkyClaw-Team1/ros2_ws/install/px4_msgs/include/px4_msgs/px4_msgs/msg/detail/led_control__functions.c\n'}
[1.696133] (px4_msgs) StdoutLine: {'line': b'-- Up-to-date: /home/rschnurr/SkyClaw-Team1/ros2_ws/install/px4_msgs/include/px4_msgs/px4_msgs/msg/detail/wheel_encoders__type_support.h\n'}
[1.696382] (px4_msgs) StdoutLine: {'line': b'-- Up-to-date: /home/rschnurr/SkyClaw-Team1/ros2_ws/install/px4_msgs/include/px4_msgs/px4_msgs/msg/detail/vehicle_constraints__functions.c\n'}
[1.696494] (px4_msgs) StdoutLine: {'line': b'-- Up-to-date: /home/rschnurr/SkyClaw-Team1/ros2_ws/install/px4_msgs/include/px4_msgs/px4_msgs/msg/detail/actuator_controls_status__struct.h\n'}
[1.696557] (px4_msgs) StdoutLine: {'line': b'-- Up-to-date: /home/rschnurr/SkyClaw-Team1/ros2_ws/install/px4_msgs/include/px4_msgs/px4_msgs/msg/detail/distance_sensor__functions.c\n'}
[1.696676] (px4_msgs) StdoutLine: {'line': b'-- Up-to-date: /home/rschnurr/SkyClaw-Team1/ros2_ws/install/px4_msgs/include/px4_msgs/px4_msgs/msg/detail/debug_vect__type_support.h\n'}
[1.696779] (px4_msgs) StdoutLine: {'line': b'-- Up-to-date: /home/rschnurr/SkyClaw-Team1/ros2_ws/install/px4_msgs/include/px4_msgs/px4_msgs/msg/detail/magnetometer_bias_estimate__struct.h\n'}
[1.696928] (px4_msgs) StdoutLine: {'line': b'-- Up-to-date: /home/rschnurr/SkyClaw-Team1/ros2_ws/install/px4_msgs/include/px4_msgs/px4_msgs/msg/detail/sensor_preflight_mag__struct.h\n'}
[1.698078] (px4_msgs) StdoutLine: {'line': b'-- Up-to-date: /home/rschnurr/SkyClaw-Team1/ros2_ws/install/px4_msgs/include/px4_msgs/px4_msgs/msg/detail/vehicle_air_data__functions.c\n'}
[1.698284] (px4_msgs) StdoutLine: {'line': b'-- Up-to-date: /home/rschnurr/SkyClaw-Team1/ros2_ws/install/px4_msgs/include/px4_msgs/px4_msgs/msg/detail/wheel_encoders__functions.c\n'}
[1.698432] (px4_msgs) StdoutLine: {'line': b'-- Up-to-date: /home/rschnurr/SkyClaw-Team1/ros2_ws/install/px4_msgs/include/px4_msgs/px4_msgs/msg/detail/fixed_wing_runway_control__functions.h\n'}
[1.698588] (px4_msgs) StdoutLine: {'line': b'-- Up-to-date: /home/rschnurr/SkyClaw-Team1/ros2_ws/install/px4_msgs/include/px4_msgs/px4_msgs/msg/detail/orb_test_medium__functions.c\n'}
[1.698967] (px4_msgs) StdoutLine: {'line': b'-- Up-to-date: /home/rschnurr/SkyClaw-Team1/ros2_ws/install/px4_msgs/include/px4_msgs/px4_msgs/msg/detail/vehicle_rates_setpoint__struct.h\n'}
[1.699387] (px4_msgs) StdoutLine: {'line': b'-- Up-to-date: /home/rschnurr/SkyClaw-Team1/ros2_ws/install/px4_msgs/include/px4_msgs/px4_msgs/msg/detail/sensor_airflow__functions.c\n'}
[1.699672] (px4_msgs) StdoutLine: {'line': b'-- Up-to-date: /home/rschnurr/SkyClaw-Team1/ros2_ws/install/px4_msgs/include/px4_msgs/px4_msgs/msg/detail/control_allocator_status__functions.h\n'}
[1.700514] (px4_msgs) StdoutLine: {'line': b'-- Up-to-date: /home/rschnurr/SkyClaw-Team1/ros2_ws/install/px4_msgs/include/px4_msgs/px4_msgs/msg/detail/px4io_status__functions.c\n'}
[1.701647] (px4_msgs) StdoutLine: {'line': b'-- Up-to-date: /home/rschnurr/SkyClaw-Team1/ros2_ws/install/px4_msgs/include/px4_msgs/px4_msgs/msg/detail/sensors_status__functions.c\n'}
[1.701888] (px4_msgs) StdoutLine: {'line': b'-- Up-to-date: /home/rschnurr/SkyClaw-Team1/ros2_ws/install/px4_msgs/include/px4_msgs/px4_msgs/msg/detail/sensor_baro__struct.h\n'}
[1.702464] (px4_msgs) StdoutLine: {'line': b'-- Up-to-date: /home/rschnurr/SkyClaw-Team1/ros2_ws/install/px4_msgs/include/px4_msgs/px4_msgs/msg/detail/vehicle_optical_flow_vel__struct.h\n'}
[1.702675] (px4_msgs) StdoutLine: {'line': b'-- Up-to-date: /home/rschnurr/SkyClaw-Team1/ros2_ws/install/px4_msgs/include/px4_msgs/px4_msgs/msg/detail/fixed_wing_runway_control__struct.h\n'}
[1.702789] (px4_msgs) StdoutLine: {'line': b'-- Up-to-date: /home/rschnurr/SkyClaw-Team1/ros2_ws/install/px4_msgs/include/px4_msgs/px4_msgs/msg/detail/debug_array__functions.h\n'}
[1.703458] (px4_msgs) StdoutLine: {'line': b'-- Up-to-date: /home/rschnurr/SkyClaw-Team1/ros2_ws/install/px4_msgs/include/px4_msgs/px4_msgs/msg/detail/vehicle_command__struct.h\n'}
[1.703860] (px4_msgs) StdoutLine: {'line': b'-- Up-to-date: /home/rschnurr/SkyClaw-Team1/ros2_ws/install/px4_msgs/include/px4_msgs/px4_msgs/msg/detail/neural_control__functions.c\n'}
[1.704448] (px4_msgs) StdoutLine: {'line': b'-- Up-to-date: /home/rschnurr/SkyClaw-Team1/ros2_ws/install/px4_msgs/include/px4_msgs/px4_msgs/msg/detail/mag_worker_data__functions.h\n'}
[1.704636] (px4_msgs) StdoutLine: {'line': b'-- Up-to-date: /home/rschnurr/SkyClaw-Team1/ros2_ws/install/px4_msgs/include/px4_msgs/px4_msgs/msg/detail/position_controller_status__type_support.h\n'}
[1.705221] (px4_msgs) StdoutLine: {'line': b'-- Up-to-date: /home/rschnurr/SkyClaw-Team1/ros2_ws/install/px4_msgs/include/px4_msgs/px4_msgs/msg/detail/differential_pressure__struct.h\n'}
[1.705398] (px4_msgs) StdoutLine: {'line': b'-- Up-to-date: /home/rschnurr/SkyClaw-Team1/ros2_ws/install/px4_msgs/include/px4_msgs/px4_msgs/msg/detail/gps_inject_data__struct.h\n'}
[1.705572] (px4_msgs) StdoutLine: {'line': b'-- Up-to-date: /home/rschnurr/SkyClaw-Team1/ros2_ws/install/px4_msgs/include/px4_msgs/px4_msgs/msg/detail/velocity_limits__functions.c\n'}
[1.705685] (px4_msgs) StdoutLine: {'line': b'-- Up-to-date: /home/rschnurr/SkyClaw-Team1/ros2_ws/install/px4_msgs/include/px4_msgs/px4_msgs/msg/detail/vehicle_attitude_setpoint__struct.h\n'}
[1.705869] (px4_msgs) StdoutLine: {'line': b'-- Up-to-date: /home/rschnurr/SkyClaw-Team1/ros2_ws/install/px4_msgs/include/px4_msgs/px4_msgs/msg/detail/open_drone_id_operator_id__type_support.h\n'}
[1.706118] (px4_msgs) StdoutLine: {'line': b'-- Up-to-date: /home/rschnurr/SkyClaw-Team1/ros2_ws/install/px4_msgs/include/px4_msgs/px4_msgs/msg/detail/orbit_status__type_support.h\n'}
[1.706233] (px4_msgs) StdoutLine: {'line': b'-- Up-to-date: /home/rschnurr/SkyClaw-Team1/ros2_ws/install/px4_msgs/include/px4_msgs/px4_msgs/msg/detail/internal_combustion_engine_control__struct.h\n'}
[1.706323] (px4_msgs) StdoutLine: {'line': b'-- Up-to-date: /home/rschnurr/SkyClaw-Team1/ros2_ws/install/px4_msgs/include/px4_msgs/px4_msgs/msg/detail/sensor_hygrometer__struct.h\n'}
[1.706379] (px4_msgs) StdoutLine: {'line': b'-- Up-to-date: /home/rschnurr/SkyClaw-Team1/ros2_ws/install/px4_msgs/include/px4_msgs/px4_msgs/msg/detail/system_power__functions.c\n'}
[1.706427] (px4_msgs) StdoutLine: {'line': b'-- Up-to-date: /home/rschnurr/SkyClaw-Team1/ros2_ws/install/px4_msgs/include/px4_msgs/px4_msgs/msg/detail/gimbal_device_attitude_status__type_support.h\n'}
[1.706471] (px4_msgs) StdoutLine: {'line': b'-- Up-to-date: /home/rschnurr/SkyClaw-Team1/ros2_ws/install/px4_msgs/include/px4_msgs/px4_msgs/msg/detail/actuator_test__functions.h\n'}
[1.706518] (px4_msgs) StdoutLine: {'line': b'-- Up-to-date: /home/rschnurr/SkyClaw-Team1/ros2_ws/install/px4_msgs/include/px4_msgs/px4_msgs/msg/detail/rover_rate_setpoint__functions.c\n'}
[1.706606] (px4_msgs) StdoutLine: {'line': b'-- Up-to-date: /home/rschnurr/SkyClaw-Team1/ros2_ws/install/px4_msgs/include/px4_msgs/px4_msgs/msg/detail/vehicle_acceleration__struct.h\n'}
[1.706770] (px4_msgs) StdoutLine: {'line': b'-- Up-to-date: /home/rschnurr/SkyClaw-Team1/ros2_ws/install/px4_msgs/include/px4_msgs/px4_msgs/msg/detail/magnetometer_bias_estimate__functions.c\n'}
[1.706840] (px4_msgs) StdoutLine: {'line': b'-- Up-to-date: /home/rschnurr/SkyClaw-Team1/ros2_ws/install/px4_msgs/include/px4_msgs/px4_msgs/msg/detail/vehicle_imu_status__struct.h\n'}
[1.706929] (px4_msgs) StdoutLine: {'line': b'-- Up-to-date: /home/rschnurr/SkyClaw-Team1/ros2_ws/install/px4_msgs/include/px4_msgs/px4_msgs/msg/detail/trajectory_setpoint__type_support.h\n'}
[1.706974] (px4_msgs) StdoutLine: {'line': b'-- Up-to-date: /home/rschnurr/SkyClaw-Team1/ros2_ws/install/px4_msgs/include/px4_msgs/px4_msgs/msg/detail/vehicle_magnetometer__functions.c\n'}
[1.707014] (px4_msgs) StdoutLine: {'line': b'-- Up-to-date: /home/rschnurr/SkyClaw-Team1/ros2_ws/install/px4_msgs/include/px4_msgs/px4_msgs/msg/detail/parameter_set_used_request__functions.c\n'}
[1.707047] (px4_msgs) StdoutLine: {'line': b'-- Up-to-date: /home/rschnurr/SkyClaw-Team1/ros2_ws/install/px4_msgs/include/px4_msgs/px4_msgs/msg/detail/trajectory_setpoint6dof__struct.h\n'}
[1.707078] (px4_msgs) StdoutLine: {'line': b'-- Up-to-date: /home/rschnurr/SkyClaw-Team1/ros2_ws/install/px4_msgs/include/px4_msgs/px4_msgs/msg/detail/unregister_ext_component__struct.h\n'}
[1.707108] (px4_msgs) StdoutLine: {'line': b'-- Up-to-date: /home/rschnurr/SkyClaw-Team1/ros2_ws/install/px4_msgs/include/px4_msgs/px4_msgs/msg/detail/uavcan_parameter_value__type_support.h\n'}
[1.707138] (px4_msgs) StdoutLine: {'line': b'-- Up-to-date: /home/rschnurr/SkyClaw-Team1/ros2_ws/install/px4_msgs/include/px4_msgs/px4_msgs/msg/detail/vehicle_acceleration__type_support.h\n'}
[1.707169] (px4_msgs) StdoutLine: {'line': b'-- Up-to-date: /home/rschnurr/SkyClaw-Team1/ros2_ws/install/px4_msgs/include/px4_msgs/px4_msgs/msg/detail/sensor_correction__type_support.h\n'}
[1.707203] (px4_msgs) StdoutLine: {'line': b'-- Up-to-date: /home/rschnurr/SkyClaw-Team1/ros2_ws/install/px4_msgs/include/px4_msgs/px4_msgs/msg/detail/vehicle_angular_velocity__struct.h\n'}
[1.707232] (px4_msgs) StdoutLine: {'line': b'-- Up-to-date: /home/rschnurr/SkyClaw-Team1/ros2_ws/install/px4_msgs/include/px4_msgs/px4_msgs/msg/detail/sensors_status__struct.h\n'}
[1.707261] (px4_msgs) StdoutLine: {'line': b'-- Up-to-date: /home/rschnurr/SkyClaw-Team1/ros2_ws/install/px4_msgs/include/px4_msgs/px4_msgs/msg/detail/actuator_controls_status__functions.c\n'}
[1.707290] (px4_msgs) StdoutLine: {'line': b'-- Up-to-date: /home/rschnurr/SkyClaw-Team1/ros2_ws/install/px4_msgs/include/px4_msgs/px4_msgs/msg/detail/open_drone_id_system__functions.c\n'}
[1.707333] (px4_msgs) StdoutLine: {'line': b'-- Up-to-date: /home/rschnurr/SkyClaw-Team1/ros2_ws/install/px4_msgs/include/px4_msgs/px4_msgs/msg/detail/sensor_gyro_fft__struct.h\n'}
[1.707361] (px4_msgs) StdoutLine: {'line': b'-- Up-to-date: /home/rschnurr/SkyClaw-Team1/ros2_ws/install/px4_msgs/include/px4_msgs/px4_msgs/msg/detail/internal_combustion_engine_control__functions.h\n'}
[1.707388] (px4_msgs) StdoutLine: {'line': b'-- Up-to-date: /home/rschnurr/SkyClaw-Team1/ros2_ws/install/px4_msgs/include/px4_msgs/px4_msgs/msg/detail/logger_status__struct.h\n'}
[1.707416] (px4_msgs) StdoutLine: {'line': b'-- Up-to-date: /home/rschnurr/SkyClaw-Team1/ros2_ws/install/px4_msgs/include/px4_msgs/px4_msgs/msg/detail/parameter_update__functions.h\n'}
[1.707443] (px4_msgs) StdoutLine: {'line': b'-- Up-to-date: /home/rschnurr/SkyClaw-Team1/ros2_ws/install/px4_msgs/include/px4_msgs/px4_msgs/msg/detail/radio_status__struct.h\n'}
[1.707476] (-) TimerEvent: {}
[1.707588] (px4_msgs) StdoutLine: {'line': b'-- Up-to-date: /home/rschnurr/SkyClaw-Team1/ros2_ws/install/px4_msgs/include/px4_msgs/px4_msgs/msg/detail/vehicle_local_position_setpoint__struct.h\n'}
[1.707631] (px4_msgs) StdoutLine: {'line': b'-- Up-to-date: /home/rschnurr/SkyClaw-Team1/ros2_ws/install/px4_msgs/include/px4_msgs/px4_msgs/msg/detail/sensor_accel_fifo__type_support.h\n'}
[1.707664] (px4_msgs) StdoutLine: {'line': b'-- Up-to-date: /home/rschnurr/SkyClaw-Team1/ros2_ws/install/px4_msgs/include/px4_msgs/px4_msgs/msg/detail/trajectory_setpoint6dof__functions.h\n'}
[1.707695] (px4_msgs) StdoutLine: {'line': b'-- Up-to-date: /home/rschnurr/SkyClaw-Team1/ros2_ws/install/px4_msgs/include/px4_msgs/px4_msgs/msg/detail/manual_control_switches__struct.h\n'}
[1.707731] (px4_msgs) StdoutLine: {'line': b'-- Up-to-date: /home/rschnurr/SkyClaw-Team1/ros2_ws/install/px4_msgs/include/px4_msgs/px4_msgs/msg/detail/follow_target_estimator__struct.h\n'}
[1.707767] (px4_msgs) StdoutLine: {'line': b'-- Up-to-date: /home/rschnurr/SkyClaw-Team1/ros2_ws/install/px4_msgs/include/px4_msgs/px4_msgs/msg/detail/power_button_state__type_support.h\n'}
[1.707795] (px4_msgs) StdoutLine: {'line': b'-- Up-to-date: /home/rschnurr/SkyClaw-Team1/ros2_ws/install/px4_msgs/include/px4_msgs/px4_msgs/msg/detail/esc_report__type_support.h\n'}
[1.707826] (px4_msgs) StdoutLine: {'line': b'-- Up-to-date: /home/rschnurr/SkyClaw-Team1/ros2_ws/install/px4_msgs/include/px4_msgs/px4_msgs/msg/detail/sensor_preflight_mag__type_support.h\n'}
[1.707890] (px4_msgs) StdoutLine: {'line': b'-- Up-to-date: /home/rschnurr/SkyClaw-Team1/ros2_ws/install/px4_msgs/include/px4_msgs/px4_msgs/msg/detail/register_ext_component_reply__type_support.h\n'}
[1.708013] (px4_msgs) StdoutLine: {'line': b'-- Up-to-date: /home/rschnurr/SkyClaw-Team1/ros2_ws/install/px4_msgs/include/px4_msgs/px4_msgs/msg/detail/landing_target_pose__struct.h\n'}
[1.708078] (px4_msgs) StdoutLine: {'line': b'-- Up-to-date: /home/rschnurr/SkyClaw-Team1/ros2_ws/install/px4_msgs/include/px4_msgs/px4_msgs/msg/detail/battery_status__functions.h\n'}
[1.708127] (px4_msgs) StdoutLine: {'line': b'-- Up-to-date: /home/rschnurr/SkyClaw-Team1/ros2_ws/install/px4_msgs/include/px4_msgs/px4_msgs/msg/detail/mag_worker_data__struct.h\n'}
[1.708525] (px4_msgs) StdoutLine: {'line': b'-- Up-to-date: /home/rschnurr/SkyClaw-Team1/ros2_ws/install/px4_msgs/include/px4_msgs/px4_msgs/msg/detail/orb_test__struct.h\n'}
[1.709590] (px4_msgs) StdoutLine: {'line': b'-- Up-to-date: /home/rschnurr/SkyClaw-Team1/ros2_ws/install/px4_msgs/include/px4_msgs/px4_msgs/msg/detail/estimator_event_flags__functions.c\n'}
[1.710034] (px4_msgs) StdoutLine: {'line': b'-- Up-to-date: /home/rschnurr/SkyClaw-Team1/ros2_ws/install/px4_msgs/include/px4_msgs/px4_msgs/msg/detail/estimator_status_flags__functions.c\n'}
[1.710331] (px4_msgs) StdoutLine: {'line': b'-- Up-to-date: /home/rschnurr/SkyClaw-Team1/ros2_ws/install/px4_msgs/include/px4_msgs/px4_msgs/msg/detail/actuator_servos__struct.h\n'}
[1.710544] (px4_msgs) StdoutLine: {'line': b'-- Up-to-date: /home/rschnurr/SkyClaw-Team1/ros2_ws/install/px4_msgs/include/px4_msgs/px4_msgs/msg/detail/dataman_request__type_support.h\n'}
[1.711060] (px4_msgs) StdoutLine: {'line': b'-- Up-to-date: /home/rschnurr/SkyClaw-Team1/ros2_ws/install/px4_msgs/include/px4_msgs/px4_msgs/msg/detail/sensor_gnss_status__struct.h\n'}
[1.711225] (px4_msgs) StdoutLine: {'line': b'-- Up-to-date: /home/rschnurr/SkyClaw-Team1/ros2_ws/install/px4_msgs/include/px4_msgs/px4_msgs/msg/detail/unregister_ext_component__functions.h\n'}
[1.711373] (px4_msgs) StdoutLine: {'line': b'-- Up-to-date: /home/rschnurr/SkyClaw-Team1/ros2_ws/install/px4_msgs/include/px4_msgs/px4_msgs/msg/detail/sensor_accel__functions.c\n'}
[1.712270] (px4_msgs) StdoutLine: {'line': b'-- Up-to-date: /home/rschnurr/SkyClaw-Team1/ros2_ws/install/px4_msgs/include/px4_msgs/px4_msgs/msg/detail/hover_thrust_estimate__functions.c\n'}
[1.713528] (px4_msgs) StdoutLine: {'line': b'-- Up-to-date: /home/rschnurr/SkyClaw-Team1/ros2_ws/install/px4_msgs/include/px4_msgs/px4_msgs/msg/detail/vehicle_magnetometer__type_support.h\n'}
[1.713692] (px4_msgs) StdoutLine: {'line': b'-- Up-to-date: /home/rschnurr/SkyClaw-Team1/ros2_ws/install/px4_msgs/include/px4_msgs/px4_msgs/msg/detail/message_format_response__functions.h\n'}
[1.713880] (px4_msgs) StdoutLine: {'line': b'-- Up-to-date: /home/rschnurr/SkyClaw-Team1/ros2_ws/install/px4_msgs/include/px4_msgs/px4_msgs/msg/detail/telemetry_status__struct.h\n'}
[1.714820] (px4_msgs) StdoutLine: {'line': b'-- Up-to-date: /home/rschnurr/SkyClaw-Team1/ros2_ws/install/px4_msgs/include/px4_msgs/px4_msgs/msg/detail/sensor_accel_fifo__functions.c\n'}
[1.715008] (px4_msgs) StdoutLine: {'line': b'-- Up-to-date: /home/rschnurr/SkyClaw-Team1/ros2_ws/install/px4_msgs/include/px4_msgs/px4_msgs/msg/detail/generator_status__functions.c\n'}
[1.715409] (px4_msgs) StdoutLine: {'line': b'-- Up-to-date: /home/rschnurr/SkyClaw-Team1/ros2_ws/install/px4_msgs/include/px4_msgs/px4_msgs/msg/detail/vehicle_attitude_setpoint__functions.h\n'}
[1.715604] (px4_msgs) StdoutLine: {'line': b'-- Up-to-date: /home/rschnurr/SkyClaw-Team1/ros2_ws/install/px4_msgs/include/px4_msgs/px4_msgs/msg/detail/vehicle_imu__functions.h\n'}
[1.715759] (px4_msgs) StdoutLine: {'line': b'-- Up-to-date: /home/rschnurr/SkyClaw-Team1/ros2_ws/install/px4_msgs/include/px4_msgs/px4_msgs/msg/detail/generator_status__functions.h\n'}
[1.716371] (px4_msgs) StdoutLine: {'line': b'-- Up-to-date: /home/rschnurr/SkyClaw-Team1/ros2_ws/install/px4_msgs/include/px4_msgs/px4_msgs/msg/detail/estimator_status__functions.h\n'}
[1.716634] (px4_msgs) StdoutLine: {'line': b'-- Up-to-date: /home/rschnurr/SkyClaw-Team1/ros2_ws/install/px4_msgs/include/px4_msgs/px4_msgs/msg/detail/obstacle_distance__struct.h\n'}
[1.717406] (px4_msgs) StdoutLine: {'line': b'-- Up-to-date: /home/rschnurr/SkyClaw-Team1/ros2_ws/install/px4_msgs/include/px4_msgs/px4_msgs/msg/detail/esc_status__functions.c\n'}
[1.717551] (px4_msgs) StdoutLine: {'line': b'-- Up-to-date: /home/rschnurr/SkyClaw-Team1/ros2_ws/install/px4_msgs/include/px4_msgs/px4_msgs/msg/detail/sensor_gnss_relative__functions.c\n'}
[1.717657] (px4_msgs) StdoutLine: {'line': b'-- Up-to-date: /home/rschnurr/SkyClaw-Team1/ros2_ws/install/px4_msgs/include/px4_msgs/px4_msgs/msg/detail/action_request__struct.h\n'}
[1.717748] (px4_msgs) StdoutLine: {'line': b'-- Up-to-date: /home/rschnurr/SkyClaw-Team1/ros2_ws/install/px4_msgs/include/px4_msgs/px4_msgs/msg/detail/follow_target_estimator__functions.h\n'}
[1.718106] (px4_msgs) StdoutLine: {'line': b'-- Up-to-date: /home/rschnurr/SkyClaw-Team1/ros2_ws/install/px4_msgs/include/px4_msgs/px4_msgs/msg/detail/pure_pursuit_status__functions.c\n'}
[1.718524] (px4_msgs) StdoutLine: {'line': b'-- Up-to-date: /home/rschnurr/SkyClaw-Team1/ros2_ws/install/px4_msgs/include/px4_msgs/px4_msgs/msg/detail/sensor_hygrometer__functions.h\n'}
[1.719046] (px4_msgs) StdoutLine: {'line': b'-- Up-to-date: /home/rschnurr/SkyClaw-Team1/ros2_ws/install/px4_msgs/include/px4_msgs/px4_msgs/msg/detail/gimbal_manager_status__struct.h\n'}
[1.719189] (px4_msgs) StdoutLine: {'line': b'-- Up-to-date: /home/rschnurr/SkyClaw-Team1/ros2_ws/install/px4_msgs/include/px4_msgs/px4_msgs/msg/detail/gimbal_device_attitude_status__functions.c\n'}
[1.719613] (px4_msgs) StdoutLine: {'line': b'-- Up-to-date: /home/rschnurr/SkyClaw-Team1/ros2_ws/install/px4_msgs/include/px4_msgs/px4_msgs/msg/detail/rover_position_setpoint__functions.c\n'}
[1.720222] (px4_msgs) StdoutLine: {'line': b'-- Up-to-date: /home/rschnurr/SkyClaw-Team1/ros2_ws/install/px4_msgs/include/px4_msgs/px4_msgs/msg/detail/neural_control__functions.h\n'}
[1.720527] (px4_msgs) StdoutLine: {'line': b'-- Up-to-date: /home/rschnurr/SkyClaw-Team1/ros2_ws/install/px4_msgs/include/px4_msgs/px4_msgs/msg/detail/vehicle_constraints__type_support.h\n'}
[1.721218] (px4_msgs) StdoutLine: {'line': b'-- Up-to-date: /home/rschnurr/SkyClaw-Team1/ros2_ws/install/px4_msgs/include/px4_msgs/px4_msgs/msg/detail/config_overrides__struct.h\n'}
[1.721451] (px4_msgs) StdoutLine: {'line': b'-- Up-to-date: /home/rschnurr/SkyClaw-Team1/ros2_ws/install/px4_msgs/include/px4_msgs/px4_msgs/msg/detail/vehicle_torque_setpoint__functions.c\n'}
[1.721673] (px4_msgs) StdoutLine: {'line': b'-- Up-to-date: /home/rschnurr/SkyClaw-Team1/ros2_ws/install/px4_msgs/include/px4_msgs/px4_msgs/msg/detail/home_position__functions.h\n'}
[1.722362] (px4_msgs) StdoutLine: {'line': b'-- Up-to-date: /home/rschnurr/SkyClaw-Team1/ros2_ws/install/px4_msgs/include/px4_msgs/px4_msgs/msg/detail/mission__type_support.h\n'}
[1.722741] (px4_msgs) StdoutLine: {'line': b'-- Up-to-date: /home/rschnurr/SkyClaw-Team1/ros2_ws/install/px4_msgs/include/px4_msgs/px4_msgs/msg/detail/velocity_limits__type_support.h\n'}
[1.723415] (px4_msgs) StdoutLine: {'line': b'-- Up-to-date: /home/rschnurr/SkyClaw-Team1/ros2_ws/install/px4_msgs/include/px4_msgs/px4_msgs/msg/detail/dronecan_node_status__functions.c\n'}
[1.723815] (px4_msgs) StdoutLine: {'line': b'-- Up-to-date: /home/rschnurr/SkyClaw-Team1/ros2_ws/install/px4_msgs/include/px4_msgs/px4_msgs/msg/detail/fixed_wing_lateral_guidance_status__functions.c\n'}
[1.724534] (px4_msgs) StdoutLine: {'line': b'-- Up-to-date: /home/rschnurr/SkyClaw-Team1/ros2_ws/install/px4_msgs/include/px4_msgs/px4_msgs/msg/detail/pps_capture__struct.h\n'}
[1.724628] (px4_msgs) StdoutLine: {'line': b'-- Up-to-date: /home/rschnurr/SkyClaw-Team1/ros2_ws/install/px4_msgs/include/px4_msgs/px4_msgs/msg/detail/gps_dump__functions.h\n'}
[1.724690] (px4_msgs) StdoutLine: {'line': b'-- Up-to-date: /home/rschnurr/SkyClaw-Team1/ros2_ws/install/px4_msgs/include/px4_msgs/px4_msgs/msg/detail/sensor_gyro_fifo__functions.c\n'}
[1.725294] (px4_msgs) StdoutLine: {'line': b'-- Up-to-date: /home/rschnurr/SkyClaw-Team1/ros2_ws/install/px4_msgs/include/px4_msgs/px4_msgs/msg/detail/vehicle_odometry__functions.c\n'}
[1.725652] (px4_msgs) StdoutLine: {'line': b'-- Up-to-date: /home/rschnurr/SkyClaw-Team1/ros2_ws/install/px4_msgs/include/px4_msgs/px4_msgs/msg/detail/ping__functions.c\n'}
[1.725914] (px4_msgs) StdoutLine: {'line': b'-- Up-to-date: /home/rschnurr/SkyClaw-Team1/ros2_ws/install/px4_msgs/include/px4_msgs/px4_msgs/msg/detail/rc_parameter_map__type_support.h\n'}
[1.726404] (px4_msgs) StdoutLine: {'line': b'-- Up-to-date: /home/rschnurr/SkyClaw-Team1/ros2_ws/install/px4_msgs/include/px4_msgs/px4_msgs/msg/detail/distance_sensor_mode_change_request__type_support.h\n'}
[1.726526] (px4_msgs) StdoutLine: {'line': b'-- Up-to-date: /home/rschnurr/SkyClaw-Team1/ros2_ws/install/px4_msgs/include/px4_msgs/px4_msgs/msg/detail/logger_status__type_support.h\n'}
[1.726780] (px4_msgs) StdoutLine: {'line': b'-- Up-to-date: /home/rschnurr/SkyClaw-Team1/ros2_ws/install/px4_msgs/include/px4_msgs/px4_msgs/msg/detail/actuator_test__functions.c\n'}
[1.727168] (px4_msgs) StdoutLine: {'line': b'-- Up-to-date: /home/rschnurr/SkyClaw-Team1/ros2_ws/install/px4_msgs/include/px4_msgs/px4_msgs/msg/detail/actuator_servos_trim__struct.h\n'}
[1.727246] (px4_msgs) StdoutLine: {'line': b'-- Up-to-date: /home/rschnurr/SkyClaw-Team1/ros2_ws/install/px4_msgs/include/px4_msgs/px4_msgs/msg/detail/gimbal_device_attitude_status__struct.h\n'}
[1.727311] (px4_msgs) StdoutLine: {'line': b'-- Up-to-date: /home/rschnurr/SkyClaw-Team1/ros2_ws/install/px4_msgs/include/px4_msgs/px4_msgs/msg/detail/actuator_servos__functions.h\n'}
[1.727353] (px4_msgs) StdoutLine: {'line': b'-- Up-to-date: /home/rschnurr/SkyClaw-Team1/ros2_ws/install/px4_msgs/include/px4_msgs/px4_msgs/msg/detail/vehicle_status__functions.c\n'}
[1.727387] (px4_msgs) StdoutLine: {'line': b'-- Up-to-date: /home/rschnurr/SkyClaw-Team1/ros2_ws/install/px4_msgs/include/px4_msgs/px4_msgs/msg/detail/obstacle_distance__functions.c\n'}
[1.727432] (px4_msgs) StdoutLine: {'line': b'-- Up-to-date: /home/rschnurr/SkyClaw-Team1/ros2_ws/install/px4_msgs/include/px4_msgs/px4_msgs/msg/detail/follow_target__functions.c\n'}
[1.727464] (px4_msgs) StdoutLine: {'line': b'-- Up-to-date: /home/rschnurr/SkyClaw-Team1/ros2_ws/install/px4_msgs/include/px4_msgs/px4_msgs/msg/detail/position_setpoint_triplet__functions.h\n'}
[1.727498] (px4_msgs) StdoutLine: {'line': b'-- Up-to-date: /home/rschnurr/SkyClaw-Team1/ros2_ws/install/px4_msgs/include/px4_msgs/px4_msgs/msg/detail/dronecan_node_status__struct.h\n'}
[1.727528] (px4_msgs) StdoutLine: {'line': b'-- Up-to-date: /home/rschnurr/SkyClaw-Team1/ros2_ws/install/px4_msgs/include/px4_msgs/px4_msgs/msg/detail/fixed_wing_runway_control__functions.c\n'}
[1.727556] (px4_msgs) StdoutLine: {'line': b'-- Up-to-date: /home/rschnurr/SkyClaw-Team1/ros2_ws/install/px4_msgs/include/px4_msgs/px4_msgs/msg/detail/obstacle_distance__type_support.h\n'}
[1.727586] (px4_msgs) StdoutLine: {'line': b'-- Up-to-date: /home/rschnurr/SkyClaw-Team1/ros2_ws/install/px4_msgs/include/px4_msgs/px4_msgs/msg/detail/parameter_reset_request__functions.c\n'}
[1.727615] (px4_msgs) StdoutLine: {'line': b'-- Up-to-date: /home/rschnurr/SkyClaw-Team1/ros2_ws/install/px4_msgs/include/px4_msgs/px4_msgs/msg/detail/gimbal_device_set_attitude__type_support.h\n'}
[1.727651] (px4_msgs) StdoutLine: {'line': b'-- Up-to-date: /home/rschnurr/SkyClaw-Team1/ros2_ws/install/px4_msgs/include/px4_msgs/px4_msgs/msg/detail/cellular_status__functions.c\n'}
[1.727685] (px4_msgs) StdoutLine: {'line': b'-- Up-to-date: /home/rschnurr/SkyClaw-Team1/ros2_ws/install/px4_msgs/include/px4_msgs/px4_msgs/msg/detail/rover_rate_status__type_support.h\n'}
[1.727715] (px4_msgs) StdoutLine: {'line': b'-- Up-to-date: /home/rschnurr/SkyClaw-Team1/ros2_ws/install/px4_msgs/include/px4_msgs/px4_msgs/msg/detail/failure_detector_status__struct.h\n'}
[1.727748] (px4_msgs) StdoutLine: {'line': b'-- Up-to-date: /home/rschnurr/SkyClaw-Team1/ros2_ws/install/px4_msgs/include/px4_msgs/px4_msgs/msg/detail/rover_steering_setpoint__functions.c\n'}
[1.727845] (px4_msgs) StdoutLine: {'line': b'-- Up-to-date: /home/rschnurr/SkyClaw-Team1/ros2_ws/install/px4_msgs/include/px4_msgs/px4_msgs/msg/detail/vehicle_command_ack__struct.h\n'}
[1.727896] (px4_msgs) StdoutLine: {'line': b'-- Up-to-date: /home/rschnurr/SkyClaw-Team1/ros2_ws/install/px4_msgs/include/px4_msgs/px4_msgs/msg/detail/actuator_servos_trim__functions.h\n'}
[1.727932] (px4_msgs) StdoutLine: {'line': b'-- Up-to-date: /home/rschnurr/SkyClaw-Team1/ros2_ws/install/px4_msgs/include/px4_msgs/px4_msgs/msg/detail/camera_status__type_support.h\n'}
[1.727963] (px4_msgs) StdoutLine: {'line': b'-- Up-to-date: /home/rschnurr/SkyClaw-Team1/ros2_ws/install/px4_msgs/include/px4_msgs/px4_msgs/msg/detail/rtl_status__type_support.h\n'}
[1.727993] (px4_msgs) StdoutLine: {'line': b'-- Up-to-date: /home/rschnurr/SkyClaw-Team1/ros2_ws/install/px4_msgs/include/px4_msgs/px4_msgs/msg/detail/dataman_response__struct.h\n'}
[1.728039] (px4_msgs) StdoutLine: {'line': b'-- Up-to-date: /home/rschnurr/SkyClaw-Team1/ros2_ws/install/px4_msgs/include/px4_msgs/px4_msgs/msg/detail/logger_status__functions.c\n'}
[1.728079] (px4_msgs) StdoutLine: {'line': b'-- Up-to-date: /home/rschnurr/SkyClaw-Team1/ros2_ws/install/px4_msgs/include/px4_msgs/px4_msgs/msg/detail/sensor_preflight_mag__functions.h\n'}
[1.728114] (px4_msgs) StdoutLine: {'line': b'-- Up-to-date: /home/rschnurr/SkyClaw-Team1/ros2_ws/install/px4_msgs/include/px4_msgs/px4_msgs/msg/detail/takeoff_status__functions.h\n'}
[1.728165] (px4_msgs) StdoutLine: {'line': b'-- Up-to-date: /home/rschnurr/SkyClaw-Team1/ros2_ws/install/px4_msgs/include/px4_msgs/px4_msgs/msg/detail/distance_sensor_mode_change_request__functions.c\n'}
[1.728202] (px4_msgs) StdoutLine: {'line': b'-- Up-to-date: /home/rschnurr/SkyClaw-Team1/ros2_ws/install/px4_msgs/include/px4_msgs/px4_msgs/msg/detail/radio_status__type_support.h\n'}
[1.728262] (px4_msgs) StdoutLine: {'line': b'-- Up-to-date: /home/rschnurr/SkyClaw-Team1/ros2_ws/install/px4_msgs/include/px4_msgs/px4_msgs/msg/detail/offboard_control_mode__type_support.h\n'}
[1.728303] (px4_msgs) StdoutLine: {'line': b'-- Up-to-date: /home/rschnurr/SkyClaw-Team1/ros2_ws/install/px4_msgs/include/px4_msgs/px4_msgs/msg/detail/estimator_status__functions.c\n'}
[1.728343] (px4_msgs) StdoutLine: {'line': b'-- Up-to-date: /home/rschnurr/SkyClaw-Team1/ros2_ws/install/px4_msgs/include/px4_msgs/px4_msgs/msg/detail/task_stack_info__struct.h\n'}
[1.728432] (px4_msgs) StdoutLine: {'line': b'-- Up-to-date: /home/rschnurr/SkyClaw-Team1/ros2_ws/install/px4_msgs/include/px4_msgs/px4_msgs/msg/detail/gps_dump__functions.c\n'}
[1.728534] (px4_msgs) StdoutLine: {'line': b'-- Up-to-date: /home/rschnurr/SkyClaw-Team1/ros2_ws/install/px4_msgs/include/px4_msgs/px4_msgs/msg/detail/vehicle_thrust_setpoint__functions.c\n'}
[1.728589] (px4_msgs) StdoutLine: {'line': b'-- Up-to-date: /home/rschnurr/SkyClaw-Team1/ros2_ws/install/px4_msgs/include/px4_msgs/px4_msgs/msg/detail/ekf2_timestamps__struct.h\n'}
[1.728633] (px4_msgs) StdoutLine: {'line': b'-- Up-to-date: /home/rschnurr/SkyClaw-Team1/ros2_ws/install/px4_msgs/include/px4_msgs/px4_msgs/msg/detail/estimator_selector_status__functions.h\n'}
[1.728677] (px4_msgs) StdoutLine: {'line': b'-- Up-to-date: /home/rschnurr/SkyClaw-Team1/ros2_ws/install/px4_msgs/include/px4_msgs/px4_msgs/msg/detail/goto_setpoint__type_support.h\n'}
[1.728717] (px4_msgs) StdoutLine: {'line': b'-- Up-to-date: /home/rschnurr/SkyClaw-Team1/ros2_ws/install/px4_msgs/include/px4_msgs/px4_msgs/msg/detail/landing_target_innovations__functions.c\n'}
[1.729172] (px4_msgs) StdoutLine: {'line': b'-- Up-to-date: /home/rschnurr/SkyClaw-Team1/ros2_ws/install/px4_msgs/include/px4_msgs/px4_msgs/msg/detail/tune_control__struct.h\n'}
[1.729321] (px4_msgs) StdoutLine: {'line': b'-- Up-to-date: /home/rschnurr/SkyClaw-Team1/ros2_ws/install/px4_msgs/include/px4_msgs/px4_msgs/msg/detail/register_ext_component_request__functions.c\n'}
[1.729435] (px4_msgs) StdoutLine: {'line': b'-- Up-to-date: /home/rschnurr/SkyClaw-Team1/ros2_ws/install/px4_msgs/include/px4_msgs/px4_msgs/msg/detail/position_setpoint_triplet__type_support.h\n'}
[1.729531] (px4_msgs) StdoutLine: {'line': b'-- Up-to-date: /home/rschnurr/SkyClaw-Team1/ros2_ws/install/px4_msgs/include/px4_msgs/px4_msgs/msg/detail/sensor_hygrometer__type_support.h\n'}
[1.729631] (px4_msgs) StdoutLine: {'line': b'-- Up-to-date: /home/rschnurr/SkyClaw-Team1/ros2_ws/install/px4_msgs/include/px4_msgs/px4_msgs/msg/detail/esc_report__struct.h\n'}
[1.729794] (px4_msgs) StdoutLine: {'line': b'-- Up-to-date: /home/rschnurr/SkyClaw-Team1/ros2_ws/install/px4_msgs/include/px4_msgs/px4_msgs/msg/detail/event__functions.c\n'}
[1.729965] (px4_msgs) StdoutLine: {'line': b'-- Up-to-date: /home/rschnurr/SkyClaw-Team1/ros2_ws/install/px4_msgs/include/px4_msgs/px4_msgs/msg/detail/estimator_gps_status__functions.h\n'}
[1.730171] (px4_msgs) StdoutLine: {'line': b'-- Up-to-date: /home/rschnurr/SkyClaw-Team1/ros2_ws/install/px4_msgs/include/px4_msgs/px4_msgs/msg/detail/fixed_wing_lateral_guidance_status__type_support.h\n'}
[1.730398] (px4_msgs) StdoutLine: {'line': b'-- Up-to-date: /home/rschnurr/SkyClaw-Team1/ros2_ws/install/px4_msgs/include/px4_msgs/px4_msgs/msg/detail/tecs_status__functions.c\n'}
[1.730525] (px4_msgs) StdoutLine: {'line': b'-- Up-to-date: /home/rschnurr/SkyClaw-Team1/ros2_ws/install/px4_msgs/include/px4_msgs/px4_msgs/msg/detail/tiltrotor_extra_controls__struct.h\n'}
[1.730888] (px4_msgs) StdoutLine: {'line': b'-- Up-to-date: /home/rschnurr/SkyClaw-Team1/ros2_ws/install/px4_msgs/include/px4_msgs/px4_msgs/msg/detail/gimbal_controls__struct.h\n'}
[1.731084] (px4_msgs) StdoutLine: {'line': b'-- Up-to-date: /home/rschnurr/SkyClaw-Team1/ros2_ws/install/px4_msgs/include/px4_msgs/px4_msgs/msg/detail/rtl_time_estimate__type_support.h\n'}
[1.731485] (px4_msgs) StdoutLine: {'line': b'-- Up-to-date: /home/rschnurr/SkyClaw-Team1/ros2_ws/install/px4_msgs/include/px4_msgs/px4_msgs/msg/detail/rover_speed_setpoint__type_support.h\n'}
[1.731730] (px4_msgs) StdoutLine: {'line': b'-- Up-to-date: /home/rschnurr/SkyClaw-Team1/ros2_ws/install/px4_msgs/include/px4_msgs/px4_msgs/msg/detail/parameter_set_value_request__struct.h\n'}
[1.732112] (px4_msgs) StdoutLine: {'line': b'-- Up-to-date: /home/rschnurr/SkyClaw-Team1/ros2_ws/install/px4_msgs/include/px4_msgs/px4_msgs/msg/detail/rover_rate_setpoint__type_support.h\n'}
[1.732398] (px4_msgs) StdoutLine: {'line': b'-- Up-to-date: /home/rschnurr/SkyClaw-Team1/ros2_ws/install/px4_msgs/include/px4_msgs/px4_msgs/msg/detail/vtol_vehicle_status__functions.h\n'}
[1.732487] (px4_msgs) StdoutLine: {'line': b'-- Up-to-date: /home/rschnurr/SkyClaw-Team1/ros2_ws/install/px4_msgs/include/px4_msgs/px4_msgs/msg/detail/parameter_reset_request__type_support.h\n'}
[1.733246] (px4_msgs) StdoutLine: {'line': b'-- Up-to-date: /home/rschnurr/SkyClaw-Team1/ros2_ws/install/px4_msgs/include/px4_msgs/px4_msgs/msg/detail/power_monitor__struct.h\n'}
[1.733605] (px4_msgs) StdoutLine: {'line': b'-- Up-to-date: /home/rschnurr/SkyClaw-Team1/ros2_ws/install/px4_msgs/include/px4_msgs/px4_msgs/msg/detail/dataman_request__struct.h\n'}
[1.733915] (px4_msgs) StdoutLine: {'line': b'-- Up-to-date: /home/rschnurr/SkyClaw-Team1/ros2_ws/install/px4_msgs/include/px4_msgs/px4_msgs/msg/detail/register_ext_component_request__struct.h\n'}
[1.734997] (px4_msgs) StdoutLine: {'line': b'-- Up-to-date: /home/rschnurr/SkyClaw-Team1/ros2_ws/install/px4_msgs/include/px4_msgs/px4_msgs/msg/detail/mavlink_log__type_support.h\n'}
[1.735443] (px4_msgs) StdoutLine: {'line': b'-- Up-to-date: /home/rschnurr/SkyClaw-Team1/ros2_ws/install/px4_msgs/include/px4_msgs/px4_msgs/msg/detail/gripper__functions.c\n'}
[1.735525] (px4_msgs) StdoutLine: {'line': b'-- Up-to-date: /home/rschnurr/SkyClaw-Team1/ros2_ws/install/px4_msgs/include/px4_msgs/px4_msgs/msg/detail/internal_combustion_engine_status__type_support.h\n'}
[1.735814] (px4_msgs) StdoutLine: {'line': b'-- Up-to-date: /home/rschnurr/SkyClaw-Team1/ros2_ws/install/px4_msgs/include/px4_msgs/px4_msgs/msg/detail/tecs_status__struct.h\n'}
[1.736010] (px4_msgs) StdoutLine: {'line': b'-- Up-to-date: /home/rschnurr/SkyClaw-Team1/ros2_ws/install/px4_msgs/include/px4_msgs/px4_msgs/msg/detail/rate_ctrl_status__type_support.h\n'}
[1.736431] (px4_msgs) StdoutLine: {'line': b'-- Up-to-date: /home/rschnurr/SkyClaw-Team1/ros2_ws/install/px4_msgs/include/px4_msgs/px4_msgs/msg/detail/health_report__struct.h\n'}
[1.736505] (px4_msgs) StdoutLine: {'line': b'-- Up-to-date: /home/rschnurr/SkyClaw-Team1/ros2_ws/install/px4_msgs/include/px4_msgs/px4_msgs/msg/detail/rpm__struct.h\n'}
[1.736861] (px4_msgs) StdoutLine: {'line': b'-- Up-to-date: /home/rschnurr/SkyClaw-Team1/ros2_ws/install/px4_msgs/include/px4_msgs/px4_msgs/msg/detail/position_controller_status__functions.c\n'}
[1.737272] (px4_msgs) StdoutLine: {'line': b'-- Up-to-date: /home/rschnurr/SkyClaw-Team1/ros2_ws/install/px4_msgs/include/px4_msgs/px4_msgs/msg/detail/vehicle_local_position__functions.h\n'}
[1.737657] (px4_msgs) StdoutLine: {'line': b'-- Up-to-date: /home/rschnurr/SkyClaw-Team1/ros2_ws/install/px4_msgs/include/px4_msgs/px4_msgs/msg/detail/estimator_aid_source3d__struct.h\n'}
[1.737893] (px4_msgs) StdoutLine: {'line': b'-- Up-to-date: /home/rschnurr/SkyClaw-Team1/ros2_ws/install/px4_msgs/include/px4_msgs/px4_msgs/msg/detail/actuator_outputs__struct.h\n'}
[1.738040] (px4_msgs) StdoutLine: {'line': b'-- Up-to-date: /home/rschnurr/SkyClaw-Team1/ros2_ws/install/px4_msgs/include/px4_msgs/px4_msgs/msg/detail/action_request__type_support.h\n'}
[1.738360] (px4_msgs) StdoutLine: {'line': b'-- Up-to-date: /home/rschnurr/SkyClaw-Team1/ros2_ws/install/px4_msgs/include/px4_msgs/px4_msgs/msg/detail/heater_status__type_support.h\n'}
[1.738610] (px4_msgs) StdoutLine: {'line': b'-- Up-to-date: /home/rschnurr/SkyClaw-Team1/ros2_ws/install/px4_msgs/include/px4_msgs/px4_msgs/msg/detail/sensor_selection__type_support.h\n'}
[1.739115] (px4_msgs) StdoutLine: {'line': b'-- Up-to-date: /home/rschnurr/SkyClaw-Team1/ros2_ws/install/px4_msgs/include/px4_msgs/px4_msgs/msg/detail/vehicle_global_position__struct.h\n'}
[1.739565] (px4_msgs) StdoutLine: {'line': b'-- Up-to-date: /home/rschnurr/SkyClaw-Team1/ros2_ws/install/px4_msgs/include/px4_msgs/px4_msgs/msg/detail/ping__functions.h\n'}
[1.739778] (px4_msgs) StdoutLine: {'line': b'-- Up-to-date: /home/rschnurr/SkyClaw-Team1/ros2_ws/install/px4_msgs/include/px4_msgs/px4_msgs/msg/detail/input_rc__functions.c\n'}
[1.740605] (px4_msgs) StdoutLine: {'line': b'-- Up-to-date: /home/rschnurr/SkyClaw-Team1/ros2_ws/install/px4_msgs/include/px4_msgs/px4_msgs/msg/detail/vehicle_control_mode__type_support.h\n'}
[1.740823] (px4_msgs) StdoutLine: {'line': b'-- Up-to-date: /home/rschnurr/SkyClaw-Team1/ros2_ws/install/px4_msgs/include/px4_msgs/px4_msgs/msg/detail/airspeed__struct.h\n'}
[1.740968] (px4_msgs) StdoutLine: {'line': b'-- Up-to-date: /home/rschnurr/SkyClaw-Team1/ros2_ws/install/px4_msgs/include/px4_msgs/px4_msgs/msg/detail/home_position__functions.c\n'}
[1.741079] (px4_msgs) StdoutLine: {'line': b'-- Up-to-date: /home/rschnurr/SkyClaw-Team1/ros2_ws/install/px4_msgs/include/px4_msgs/px4_msgs/msg/detail/estimator_bias__functions.h\n'}
[1.741220] (px4_msgs) StdoutLine: {'line': b'-- Up-to-date: /home/rschnurr/SkyClaw-Team1/ros2_ws/install/px4_msgs/include/px4_msgs/px4_msgs/msg/detail/actuator_test__struct.h\n'}
[1.741507] (px4_msgs) StdoutLine: {'line': b'-- Up-to-date: /home/rschnurr/SkyClaw-Team1/ros2_ws/install/px4_msgs/include/px4_msgs/px4_msgs/msg/detail/internal_combustion_engine_control__type_support.h\n'}
[1.742043] (px4_msgs) StdoutLine: {'line': b'-- Up-to-date: /home/rschnurr/SkyClaw-Team1/ros2_ws/install/px4_msgs/include/px4_msgs/px4_msgs/msg/detail/follow_target__struct.h\n'}
[1.743011] (px4_msgs) StdoutLine: {'line': b'-- Up-to-date: /home/rschnurr/SkyClaw-Team1/ros2_ws/install/px4_msgs/include/px4_msgs/px4_msgs/msg/detail/offboard_control_mode__functions.c\n'}
[1.743981] (px4_msgs) StdoutLine: {'line': b'-- Up-to-date: /home/rschnurr/SkyClaw-Team1/ros2_ws/install/px4_msgs/include/px4_msgs/px4_msgs/msg/detail/yaw_estimator_status__functions.c\n'}
[1.744487] (px4_msgs) StdoutLine: {'line': b'-- Up-to-date: /home/rschnurr/SkyClaw-Team1/ros2_ws/install/px4_msgs/include/px4_msgs/px4_msgs/msg/detail/open_drone_id_arm_status__functions.h\n'}
[1.744894] (px4_msgs) StdoutLine: {'line': b'-- Up-to-date: /home/rschnurr/SkyClaw-Team1/ros2_ws/install/px4_msgs/include/px4_msgs/px4_msgs/msg/detail/gpio_request__type_support.h\n'}
[1.745152] (px4_msgs) StdoutLine: {'line': b'-- Up-to-date: /home/rschnurr/SkyClaw-Team1/ros2_ws/install/px4_msgs/include/px4_msgs/px4_msgs/msg/detail/gimbal_device_information__type_support.h\n'}
[1.745451] (px4_msgs) StdoutLine: {'line': b'-- Up-to-date: /home/rschnurr/SkyClaw-Team1/ros2_ws/install/px4_msgs/include/px4_msgs/px4_msgs/msg/detail/rtl_status__struct.h\n'}
[1.745975] (px4_msgs) StdoutLine: {'line': b'-- Up-to-date: /home/rschnurr/SkyClaw-Team1/ros2_ws/install/px4_msgs/include/px4_msgs/px4_msgs/msg/detail/wind__type_support.h\n'}
[1.746220] (px4_msgs) StdoutLine: {'line': b'-- Up-to-date: /home/rschnurr/SkyClaw-Team1/ros2_ws/install/px4_msgs/include/px4_msgs/px4_msgs/msg/detail/estimator_states__struct.h\n'}
[1.746441] (px4_msgs) StdoutLine: {'line': b'-- Up-to-date: /home/rschnurr/SkyClaw-Team1/ros2_ws/install/px4_msgs/include/px4_msgs/px4_msgs/msg/detail/yaw_estimator_status__type_support.h\n'}
[1.747047] (px4_msgs) StdoutLine: {'line': b'-- Up-to-date: /home/rschnurr/SkyClaw-Team1/ros2_ws/install/px4_msgs/include/px4_msgs/px4_msgs/msg/detail/magnetometer_bias_estimate__type_support.h\n'}
[1.747242] (px4_msgs) StdoutLine: {'line': b'-- Up-to-date: /home/rschnurr/SkyClaw-Team1/ros2_ws/install/px4_msgs/include/px4_msgs/px4_msgs/msg/detail/dataman_response__type_support.h\n'}
[1.747436] (px4_msgs) StdoutLine: {'line': b'-- Up-to-date: /home/rschnurr/SkyClaw-Team1/ros2_ws/install/px4_msgs/include/px4_msgs/px4_msgs/msg/detail/estimator_aid_source3d__type_support.h\n'}
[1.747666] (px4_msgs) StdoutLine: {'line': b'-- Up-to-date: /home/rschnurr/SkyClaw-Team1/ros2_ws/install/px4_msgs/include/px4_msgs/px4_msgs/msg/detail/takeoff_status__functions.c\n'}
[1.747804] (px4_msgs) StdoutLine: {'line': b'-- Up-to-date: /home/rschnurr/SkyClaw-Team1/ros2_ws/install/px4_msgs/include/px4_msgs/px4_msgs/msg/detail/landing_gear_wheel__functions.h\n'}
[1.747869] (px4_msgs) StdoutLine: {'line': b'-- Up-to-date: /home/rschnurr/SkyClaw-Team1/ros2_ws/install/px4_msgs/include/px4_msgs/px4_msgs/msg/detail/qshell_req__type_support.h\n'}
[1.747921] (px4_msgs) StdoutLine: {'line': b'-- Up-to-date: /home/rschnurr/SkyClaw-Team1/ros2_ws/install/px4_msgs/include/px4_msgs/px4_msgs/msg/detail/mission_result__struct.h\n'}
[1.748036] (px4_msgs) StdoutLine: {'line': b'-- Up-to-date: /home/rschnurr/SkyClaw-Team1/ros2_ws/install/px4_msgs/include/px4_msgs/px4_msgs/msg/detail/goto_setpoint__functions.h\n'}
[1.748386] (px4_msgs) StdoutLine: {'line': b'-- Up-to-date: /home/rschnurr/SkyClaw-Team1/ros2_ws/install/px4_msgs/include/px4_msgs/px4_msgs/msg/detail/manual_control_setpoint__functions.c\n'}
[1.748549] (px4_msgs) StdoutLine: {'line': b'-- Up-to-date: /home/rschnurr/SkyClaw-Team1/ros2_ws/install/px4_msgs/include/px4_msgs/px4_msgs/msg/detail/airspeed__functions.h\n'}
[1.748738] (px4_msgs) StdoutLine: {'line': b'-- Up-to-date: /home/rschnurr/SkyClaw-Team1/ros2_ws/install/px4_msgs/include/px4_msgs/px4_msgs/msg/detail/arming_check_request__functions.h\n'}
[1.749107] (px4_msgs) StdoutLine: {'line': b'-- Up-to-date: /home/rschnurr/SkyClaw-Team1/ros2_ws/install/px4_msgs/include/px4_msgs/px4_msgs/msg/detail/cellular_status__struct.h\n'}
[1.749438] (px4_msgs) StdoutLine: {'line': b'-- Up-to-date: /home/rschnurr/SkyClaw-Team1/ros2_ws/install/px4_msgs/include/px4_msgs/px4_msgs/msg/detail/battery_status__type_support.h\n'}
[1.750060] (px4_msgs) StdoutLine: {'line': b'-- Up-to-date: /home/rschnurr/SkyClaw-Team1/ros2_ws/install/px4_msgs/include/px4_msgs/px4_msgs/msg/detail/airspeed_validated__type_support.h\n'}
[1.750190] (px4_msgs) StdoutLine: {'line': b'-- Up-to-date: /home/rschnurr/SkyClaw-Team1/ros2_ws/install/px4_msgs/include/px4_msgs/px4_msgs/msg/detail/arming_check_reply__type_support.h\n'}
[1.751299] (px4_msgs) StdoutLine: {'line': b'-- Up-to-date: /home/rschnurr/SkyClaw-Team1/ros2_ws/install/px4_msgs/include/px4_msgs/px4_msgs/msg/detail/sensor_gyro__type_support.h\n'}
[1.751763] (px4_msgs) StdoutLine: {'line': b'-- Up-to-date: /home/rschnurr/SkyClaw-Team1/ros2_ws/install/px4_msgs/include/px4_msgs/px4_msgs/msg/detail/flight_phase_estimation__struct.h\n'}
[1.752102] (px4_msgs) StdoutLine: {'line': b'-- Up-to-date: /home/rschnurr/SkyClaw-Team1/ros2_ws/install/px4_msgs/include/px4_msgs/px4_msgs/msg/detail/estimator_states__type_support.h\n'}
[1.752255] (px4_msgs) StdoutLine: {'line': b'-- Up-to-date: /home/rschnurr/SkyClaw-Team1/ros2_ws/install/px4_msgs/include/px4_msgs/px4_msgs/msg/detail/sensor_correction__functions.c\n'}
[1.752359] (px4_msgs) StdoutLine: {'line': b'-- Up-to-date: /home/rschnurr/SkyClaw-Team1/ros2_ws/install/px4_msgs/include/px4_msgs/px4_msgs/msg/detail/dronecan_node_status__functions.h\n'}
[1.752450] (px4_msgs) StdoutLine: {'line': b'-- Up-to-date: /home/rschnurr/SkyClaw-Team1/ros2_ws/install/px4_msgs/include/px4_msgs/px4_msgs/msg/detail/ping__type_support.h\n'}
[1.752590] (px4_msgs) StdoutLine: {'line': b'-- Up-to-date: /home/rschnurr/SkyClaw-Team1/ros2_ws/install/px4_msgs/include/px4_msgs/px4_msgs/msg/detail/gimbal_manager_status__functions.h\n'}
[1.753080] (px4_msgs) StdoutLine: {'line': b'-- Up-to-date: /home/rschnurr/SkyClaw-Team1/ros2_ws/install/px4_msgs/include/px4_msgs/px4_msgs/msg/detail/vehicle_control_mode__functions.h\n'}
[1.753437] (px4_msgs) StdoutLine: {'line': b'-- Up-to-date: /home/rschnurr/SkyClaw-Team1/ros2_ws/install/px4_msgs/include/px4_msgs/px4_msgs/msg/detail/debug_key_value__type_support.h\n'}
[1.753590] (px4_msgs) StdoutLine: {'line': b'-- Up-to-date: /home/rschnurr/SkyClaw-Team1/ros2_ws/install/px4_msgs/include/px4_msgs/px4_msgs/msg/detail/transponder_report__type_support.h\n'}
[1.753685] (px4_msgs) StdoutLine: {'line': b'-- Up-to-date: /home/rschnurr/SkyClaw-Team1/ros2_ws/install/px4_msgs/include/px4_msgs/px4_msgs/msg/detail/rate_ctrl_status__struct.h\n'}
[1.753877] (px4_msgs) StdoutLine: {'line': b'-- Up-to-date: /home/rschnurr/SkyClaw-Team1/ros2_ws/install/px4_msgs/include/px4_msgs/px4_msgs/msg/detail/sensor_airflow__struct.h\n'}
[1.753984] (px4_msgs) StdoutLine: {'line': b'-- Up-to-date: /home/rschnurr/SkyClaw-Team1/ros2_ws/install/px4_msgs/include/px4_msgs/px4_msgs/msg/detail/camera_status__functions.h\n'}
[1.754272] (px4_msgs) StdoutLine: {'line': b'-- Up-to-date: /home/rschnurr/SkyClaw-Team1/ros2_ws/install/px4_msgs/include/px4_msgs/px4_msgs/msg/detail/ulog_stream__struct.h\n'}
[1.754397] (px4_msgs) StdoutLine: {'line': b'-- Up-to-date: /home/rschnurr/SkyClaw-Team1/ros2_ws/install/px4_msgs/include/px4_msgs/px4_msgs/msg/detail/landing_target_pose__type_support.h\n'}
[1.754607] (px4_msgs) StdoutLine: {'line': b'-- Up-to-date: /home/rschnurr/SkyClaw-Team1/ros2_ws/install/px4_msgs/include/px4_msgs/px4_msgs/msg/detail/vehicle_attitude__type_support.h\n'}
[1.755154] (px4_msgs) StdoutLine: {'line': b'-- Up-to-date: /home/rschnurr/SkyClaw-Team1/ros2_ws/install/px4_msgs/include/px4_msgs/px4_msgs/msg/detail/rate_ctrl_status__functions.h\n'}
[1.755273] (px4_msgs) StdoutLine: {'line': b'-- Up-to-date: /home/rschnurr/SkyClaw-Team1/ros2_ws/install/px4_msgs/include/px4_msgs/px4_msgs/msg/detail/vehicle_imu_status__functions.c\n'}
[1.755365] (px4_msgs) StdoutLine: {'line': b'-- Up-to-date: /home/rschnurr/SkyClaw-Team1/ros2_ws/install/px4_msgs/include/px4_msgs/px4_msgs/msg/detail/gimbal_controls__functions.c\n'}
[1.755449] (px4_msgs) StdoutLine: {'line': b'-- Up-to-date: /home/rschnurr/SkyClaw-Team1/ros2_ws/install/px4_msgs/include/px4_msgs/px4_msgs/msg/detail/collision_constraints__type_support.h\n'}
[1.755539] (px4_msgs) StdoutLine: {'line': b'-- Up-to-date: /home/rschnurr/SkyClaw-Team1/ros2_ws/install/px4_msgs/include/px4_msgs/px4_msgs/msg/detail/generator_status__struct.h\n'}
[1.755626] (px4_msgs) StdoutLine: {'line': b'-- Up-to-date: /home/rschnurr/SkyClaw-Team1/ros2_ws/install/px4_msgs/include/px4_msgs/px4_msgs/msg/detail/parameter_reset_request__functions.h\n'}
[1.755708] (px4_msgs) StdoutLine: {'line': b'-- Up-to-date: /home/rschnurr/SkyClaw-Team1/ros2_ws/install/px4_msgs/include/px4_msgs/px4_msgs/msg/detail/led_control__functions.h\n'}
[1.755822] (px4_msgs) StdoutLine: {'line': b'-- Up-to-date: /home/rschnurr/SkyClaw-Team1/ros2_ws/install/px4_msgs/include/px4_msgs/px4_msgs/msg/detail/landing_target_innovations__functions.h\n'}
[1.756020] (px4_msgs) StdoutLine: {'line': b'-- Up-to-date: /home/rschnurr/SkyClaw-Team1/ros2_ws/install/px4_msgs/include/px4_msgs/px4_msgs/msg/detail/open_drone_id_system__functions.h\n'}
[1.756215] (px4_msgs) StdoutLine: {'line': b'-- Up-to-date: /home/rschnurr/SkyClaw-Team1/ros2_ws/install/px4_msgs/include/px4_msgs/px4_msgs/msg/detail/landing_target_pose__functions.c\n'}
[1.756402] (px4_msgs) StdoutLine: {'line': b'-- Up-to-date: /home/rschnurr/SkyClaw-Team1/ros2_ws/install/px4_msgs/include/px4_msgs/px4_msgs/msg/detail/landing_gear_wheel__functions.c\n'}
[1.756916] (px4_msgs) StdoutLine: {'line': b'-- Up-to-date: /home/rschnurr/SkyClaw-Team1/ros2_ws/install/px4_msgs/include/px4_msgs/px4_msgs/msg/detail/satellite_info__functions.h\n'}
[1.757911] (px4_msgs) StdoutLine: {'line': b'-- Up-to-date: /home/rschnurr/SkyClaw-Team1/ros2_ws/install/px4_msgs/include/px4_msgs/px4_msgs/msg/detail/tecs_status__type_support.h\n'}
[1.758090] (px4_msgs) StdoutLine: {'line': b'-- Up-to-date: /home/rschnurr/SkyClaw-Team1/ros2_ws/install/px4_msgs/include/px4_msgs/px4_msgs/msg/detail/takeoff_status__struct.h\n'}
[1.758395] (px4_msgs) StdoutLine: {'line': b'-- Up-to-date: /home/rschnurr/SkyClaw-Team1/ros2_ws/install/px4_msgs/include/px4_msgs/px4_msgs/msg/detail/parameter_set_used_request__functions.h\n'}
[1.759201] (px4_msgs) StdoutLine: {'line': b'-- Up-to-date: /home/rschnurr/SkyClaw-Team1/ros2_ws/install/px4_msgs/include/px4_msgs/px4_msgs/msg/detail/rover_rate_setpoint__struct.h\n'}
[1.760163] (px4_msgs) StdoutLine: {'line': b'-- Up-to-date: /home/rschnurr/SkyClaw-Team1/ros2_ws/install/px4_msgs/include/px4_msgs/px4_msgs/msg/detail/input_rc__type_support.h\n'}
[1.760404] (px4_msgs) StdoutLine: {'line': b'-- Up-to-date: /home/rschnurr/SkyClaw-Team1/ros2_ws/install/px4_msgs/include/px4_msgs/px4_msgs/msg/detail/longitudinal_control_configuration__struct.h\n'}
[1.760664] (px4_msgs) StdoutLine: {'line': b'-- Up-to-date: /home/rschnurr/SkyClaw-Team1/ros2_ws/install/px4_msgs/include/px4_msgs/px4_msgs/msg/detail/dataman_response__functions.c\n'}
[1.761015] (px4_msgs) StdoutLine: {'line': b'-- Up-to-date: /home/rschnurr/SkyClaw-Team1/ros2_ws/install/px4_msgs/include/px4_msgs/px4_msgs/msg/detail/button_event__functions.c\n'}
[1.761229] (px4_msgs) StdoutLine: {'line': b'-- Up-to-date: /home/rschnurr/SkyClaw-Team1/ros2_ws/install/px4_msgs/include/px4_msgs/px4_msgs/msg/detail/cellular_status__type_support.h\n'}
[1.761499] (px4_msgs) StdoutLine: {'line': b'-- Up-to-date: /home/rschnurr/SkyClaw-Team1/ros2_ws/install/px4_msgs/include/px4_msgs/px4_msgs/msg/detail/gripper__type_support.h\n'}
[1.761642] (px4_msgs) StdoutLine: {'line': b'-- Up-to-date: /home/rschnurr/SkyClaw-Team1/ros2_ws/install/px4_msgs/include/px4_msgs/px4_msgs/msg/detail/vehicle_imu__functions.c\n'}
[1.761773] (px4_msgs) StdoutLine: {'line': b'-- Up-to-date: /home/rschnurr/SkyClaw-Team1/ros2_ws/install/px4_msgs/include/px4_msgs/px4_msgs/msg/detail/airspeed__type_support.h\n'}
[1.762082] (px4_msgs) StdoutLine: {'line': b'-- Up-to-date: /home/rschnurr/SkyClaw-Team1/ros2_ws/install/px4_msgs/include/px4_msgs/px4_msgs/msg/detail/timesync_status__struct.h\n'}
[1.763450] (px4_msgs) StdoutLine: {'line': b'-- Up-to-date: /home/rschnurr/SkyClaw-Team1/ros2_ws/install/px4_msgs/include/px4_msgs/px4_msgs/msg/detail/vehicle_command__functions.c\n'}
[1.763886] (px4_msgs) StdoutLine: {'line': b'-- Up-to-date: /home/rschnurr/SkyClaw-Team1/ros2_ws/install/px4_msgs/include/px4_msgs/px4_msgs/msg/detail/can_interface_status__struct.h\n'}
[1.764464] (px4_msgs) StdoutLine: {'line': b'-- Up-to-date: /home/rschnurr/SkyClaw-Team1/ros2_ws/install/px4_msgs/include/px4_msgs/px4_msgs/msg/detail/figure_eight_status__type_support.h\n'}
[1.764622] (px4_msgs) StdoutLine: {'line': b'-- Up-to-date: /home/rschnurr/SkyClaw-Team1/ros2_ws/install/px4_msgs/include/px4_msgs/px4_msgs/msg/detail/goto_setpoint__functions.c\n'}
[1.764749] (px4_msgs) StdoutLine: {'line': b'-- Up-to-date: /home/rschnurr/SkyClaw-Team1/ros2_ws/install/px4_msgs/include/px4_msgs/px4_msgs/msg/detail/vtol_vehicle_status__type_support.h\n'}
[1.764866] (px4_msgs) StdoutLine: {'line': b'-- Up-to-date: /home/rschnurr/SkyClaw-Team1/ros2_ws/install/px4_msgs/include/px4_msgs/px4_msgs/msg/detail/mount_orientation__type_support.h\n'}
[1.764976] (px4_msgs) StdoutLine: {'line': b'-- Up-to-date: /home/rschnurr/SkyClaw-Team1/ros2_ws/install/px4_msgs/include/px4_msgs/px4_msgs/msg/detail/velocity_limits__functions.h\n'}
[1.765571] (px4_msgs) StdoutLine: {'line': b'-- Up-to-date: /home/rschnurr/SkyClaw-Team1/ros2_ws/install/px4_msgs/include/px4_msgs/px4_msgs/msg/detail/distance_sensor__struct.h\n'}
[1.766258] (px4_msgs) StdoutLine: {'line': b'-- Up-to-date: /home/rschnurr/SkyClaw-Team1/ros2_ws/install/px4_msgs/include/px4_msgs/px4_msgs/msg/detail/vehicle_status__struct.h\n'}
[1.766892] (px4_msgs) StdoutLine: {'line': b'-- Up-to-date: /home/rschnurr/SkyClaw-Team1/ros2_ws/install/px4_msgs/include/px4_msgs/px4_msgs/msg/detail/uavcan_parameter_request__functions.h\n'}
[1.767297] (px4_msgs) StdoutLine: {'line': b'-- Up-to-date: /home/rschnurr/SkyClaw-Team1/ros2_ws/install/px4_msgs/include/px4_msgs/px4_msgs/msg/detail/actuator_controls_status__functions.h\n'}
[1.768298] (px4_msgs) StdoutLine: {'line': b'-- Up-to-date: /home/rschnurr/SkyClaw-Team1/ros2_ws/install/px4_msgs/include/px4_msgs/px4_msgs/msg/detail/velocity_limits__struct.h\n'}
[1.769532] (px4_msgs) StdoutLine: {'line': b'-- Up-to-date: /home/rschnurr/SkyClaw-Team1/ros2_ws/install/px4_msgs/include/px4_msgs/px4_msgs/msg/detail/gpio_out__functions.c\n'}
[1.769737] (px4_msgs) StdoutLine: {'line': b'-- Up-to-date: /home/rschnurr/SkyClaw-Team1/ros2_ws/install/px4_msgs/include/px4_msgs/px4_msgs/msg/detail/gps_dump__struct.h\n'}
[1.770273] (px4_msgs) StdoutLine: {'line': b'-- Up-to-date: /home/rschnurr/SkyClaw-Team1/ros2_ws/install/px4_msgs/include/px4_msgs/px4_msgs/msg/detail/register_ext_component_reply__functions.h\n'}
[1.770479] (px4_msgs) StdoutLine: {'line': b'-- Up-to-date: /home/rschnurr/SkyClaw-Team1/ros2_ws/install/px4_msgs/include/px4_msgs/px4_msgs/msg/detail/transponder_report__struct.h\n'}
[1.770726] (px4_msgs) StdoutLine: {'line': b'-- Up-to-date: /home/rschnurr/SkyClaw-Team1/ros2_ws/install/px4_msgs/include/px4_msgs/px4_msgs/msg/detail/vehicle_command_ack__functions.h\n'}
[1.771276] (px4_msgs) StdoutLine: {'line': b'-- Up-to-date: /home/rschnurr/SkyClaw-Team1/ros2_ws/install/px4_msgs/include/px4_msgs/px4_msgs/msg/detail/vehicle_rates_setpoint__functions.c\n'}
[1.771644] (px4_msgs) StdoutLine: {'line': b'-- Up-to-date: /home/rschnurr/SkyClaw-Team1/ros2_ws/install/px4_msgs/include/px4_msgs/px4_msgs/msg/detail/px4io_status__type_support.h\n'}
[1.772077] (px4_msgs) StdoutLine: {'line': b'-- Up-to-date: /home/rschnurr/SkyClaw-Team1/ros2_ws/install/px4_msgs/include/px4_msgs/px4_msgs/msg/detail/camera_capture__type_support.h\n'}
[1.772225] (px4_msgs) StdoutLine: {'line': b'-- Up-to-date: /home/rschnurr/SkyClaw-Team1/ros2_ws/install/px4_msgs/include/px4_msgs/px4_msgs/msg/detail/launch_detection_status__struct.h\n'}
[1.772291] (px4_msgs) StdoutLine: {'line': b'-- Up-to-date: /home/rschnurr/SkyClaw-Team1/ros2_ws/install/px4_msgs/include/px4_msgs/px4_msgs/msg/detail/ekf2_timestamps__functions.c\n'}
[1.774205] (px4_msgs) StdoutLine: {'line': b'-- Up-to-date: /home/rschnurr/SkyClaw-Team1/ros2_ws/install/px4_msgs/include/px4_msgs/px4_msgs/msg/detail/landing_gear__functions.h\n'}
[1.774830] (px4_msgs) StdoutLine: {'line': b'-- Up-to-date: /home/rschnurr/SkyClaw-Team1/ros2_ws/install/px4_msgs/include/px4_msgs/px4_msgs/msg/detail/actuator_motors__struct.h\n'}
[1.775388] (px4_msgs) StdoutLine: {'line': b'-- Up-to-date: /home/rschnurr/SkyClaw-Team1/ros2_ws/install/px4_msgs/include/px4_msgs/px4_msgs/msg/detail/event__struct.h\n'}
[1.775645] (px4_msgs) StdoutLine: {'line': b'-- Up-to-date: /home/rschnurr/SkyClaw-Team1/ros2_ws/install/px4_msgs/include/px4_msgs/px4_msgs/msg/detail/transponder_report__functions.c\n'}
[1.775969] (px4_msgs) StdoutLine: {'line': b'-- Up-to-date: /home/rschnurr/SkyClaw-Team1/ros2_ws/install/px4_msgs/include/px4_msgs/px4_msgs/msg/detail/cpuload__functions.c\n'}
[1.776094] (px4_msgs) StdoutLine: {'line': b'-- Up-to-date: /home/rschnurr/SkyClaw-Team1/ros2_ws/install/px4_msgs/include/px4_msgs/px4_msgs/msg/detail/vehicle_angular_velocity__functions.c\n'}
[1.776152] (px4_msgs) StdoutLine: {'line': b'-- Up-to-date: /home/rschnurr/SkyClaw-Team1/ros2_ws/install/px4_msgs/include/px4_msgs/px4_msgs/msg/detail/actuator_servos_trim__type_support.h\n'}
[1.776209] (px4_msgs) StdoutLine: {'line': b'-- Up-to-date: /home/rschnurr/SkyClaw-Team1/ros2_ws/install/px4_msgs/include/px4_msgs/px4_msgs/msg/detail/sensor_correction__functions.h\n'}
[1.777192] (px4_msgs) StdoutLine: {'line': b'-- Up-to-date: /home/rschnurr/SkyClaw-Team1/ros2_ws/install/px4_msgs/include/px4_msgs/px4_msgs/msg/detail/transponder_report__functions.h\n'}
[1.777386] (px4_msgs) StdoutLine: {'line': b'-- Up-to-date: /home/rschnurr/SkyClaw-Team1/ros2_ws/install/px4_msgs/include/px4_msgs/px4_msgs/msg/detail/pwm_input__type_support.h\n'}
[1.777574] (px4_msgs) StdoutLine: {'line': b'-- Up-to-date: /home/rschnurr/SkyClaw-Team1/ros2_ws/install/px4_msgs/include/px4_msgs/px4_msgs/msg/detail/register_ext_component_reply__struct.h\n'}
[1.777656] (px4_msgs) StdoutLine: {'line': b'-- Up-to-date: /home/rschnurr/SkyClaw-Team1/ros2_ws/install/px4_msgs/include/px4_msgs/px4_msgs/msg/detail/debug_vect__struct.h\n'}
[1.777730] (px4_msgs) StdoutLine: {'line': b'-- Up-to-date: /home/rschnurr/SkyClaw-Team1/ros2_ws/install/px4_msgs/include/px4_msgs/px4_msgs/msg/detail/vehicle_optical_flow__functions.c\n'}
[1.777790] (px4_msgs) StdoutLine: {'line': b'-- Up-to-date: /home/rschnurr/SkyClaw-Team1/ros2_ws/install/px4_msgs/include/px4_msgs/px4_msgs/msg/detail/battery_info__struct.h\n'}
[1.777847] (px4_msgs) StdoutLine: {'line': b'-- Up-to-date: /home/rschnurr/SkyClaw-Team1/ros2_ws/install/px4_msgs/include/px4_msgs/px4_msgs/msg/detail/actuator_armed__functions.c\n'}
[1.777906] (px4_msgs) StdoutLine: {'line': b'-- Up-to-date: /home/rschnurr/SkyClaw-Team1/ros2_ws/install/px4_msgs/include/px4_msgs/px4_msgs/msg/detail/actuator_test__type_support.h\n'}
[1.777964] (px4_msgs) StdoutLine: {'line': b'-- Up-to-date: /home/rschnurr/SkyClaw-Team1/ros2_ws/install/px4_msgs/include/px4_msgs/px4_msgs/msg/detail/gimbal_manager_status__type_support.h\n'}
[1.778021] (px4_msgs) StdoutLine: {'line': b'-- Up-to-date: /home/rschnurr/SkyClaw-Team1/ros2_ws/install/px4_msgs/include/px4_msgs/px4_msgs/msg/detail/fixed_wing_longitudinal_setpoint__functions.c\n'}
[1.778077] (px4_msgs) StdoutLine: {'line': b'-- Up-to-date: /home/rschnurr/SkyClaw-Team1/ros2_ws/install/px4_msgs/include/px4_msgs/px4_msgs/msg/detail/estimator_aid_source3d__functions.h\n'}
[1.778137] (px4_msgs) StdoutLine: {'line': b'-- Up-to-date: /home/rschnurr/SkyClaw-Team1/ros2_ws/install/px4_msgs/include/px4_msgs/px4_msgs/msg/detail/open_drone_id_operator_id__functions.c\n'}
[1.778200] (px4_msgs) StdoutLine: {'line': b'-- Up-to-date: /home/rschnurr/SkyClaw-Team1/ros2_ws/install/px4_msgs/include/px4_msgs/px4_msgs/msg/detail/sensor_optical_flow__type_support.h\n'}
[1.778256] (px4_msgs) StdoutLine: {'line': b'-- Up-to-date: /home/rschnurr/SkyClaw-Team1/ros2_ws/install/px4_msgs/include/px4_msgs/px4_msgs/msg/detail/actuator_outputs__functions.h\n'}
[1.778314] (px4_msgs) StdoutLine: {'line': b'-- Up-to-date: /home/rschnurr/SkyClaw-Team1/ros2_ws/install/px4_msgs/include/px4_msgs/px4_msgs/msg/detail/sensors_status_imu__type_support.h\n'}
[1.778369] (px4_msgs) StdoutLine: {'line': b'-- Up-to-date: /home/rschnurr/SkyClaw-Team1/ros2_ws/install/px4_msgs/include/px4_msgs/px4_msgs/msg/detail/follow_target__type_support.h\n'}
[1.778425] (px4_msgs) StdoutLine: {'line': b'-- Up-to-date: /home/rschnurr/SkyClaw-Team1/ros2_ws/install/px4_msgs/include/px4_msgs/px4_msgs/msg/detail/rtl_time_estimate__struct.h\n'}
[1.778480] (px4_msgs) StdoutLine: {'line': b'-- Up-to-date: /home/rschnurr/SkyClaw-Team1/ros2_ws/install/px4_msgs/include/px4_msgs/px4_msgs/msg/detail/rpm__functions.h\n'}
[1.778545] (px4_msgs) StdoutLine: {'line': b'-- Up-to-date: /home/rschnurr/SkyClaw-Team1/ros2_ws/install/px4_msgs/include/px4_msgs/px4_msgs/msg/detail/vehicle_constraints__functions.h\n'}
[1.778616] (px4_msgs) StdoutLine: {'line': b'-- Up-to-date: /home/rschnurr/SkyClaw-Team1/ros2_ws/install/px4_msgs/include/px4_msgs/px4_msgs/msg/detail/vehicle_local_position_setpoint__functions.c\n'}
[1.778694] (px4_msgs) StdoutLine: {'line': b'-- Up-to-date: /home/rschnurr/SkyClaw-Team1/ros2_ws/install/px4_msgs/include/px4_msgs/px4_msgs/msg/detail/sensor_airflow__type_support.h\n'}
[1.778788] (px4_msgs) StdoutLine: {'line': b'-- Up-to-date: /home/rschnurr/SkyClaw-Team1/ros2_ws/install/px4_msgs/include/px4_msgs/px4_msgs/msg/detail/gimbal_manager_information__struct.h\n'}
[1.778860] (px4_msgs) StdoutLine: {'line': b'-- Up-to-date: /home/rschnurr/SkyClaw-Team1/ros2_ws/install/px4_msgs/include/px4_msgs/px4_msgs/msg/detail/log_message__functions.h\n'}
[1.779004] (px4_msgs) StdoutLine: {'line': b'-- Up-to-date: /home/rschnurr/SkyClaw-Team1/ros2_ws/install/px4_msgs/include/px4_msgs/px4_msgs/msg/detail/sensor_uwb__type_support.h\n'}
[1.779102] (px4_msgs) StdoutLine: {'line': b'-- Up-to-date: /home/rschnurr/SkyClaw-Team1/ros2_ws/install/px4_msgs/include/px4_msgs/px4_msgs/msg/detail/logger_status__functions.h\n'}
[1.780143] (px4_msgs) StdoutLine: {'line': b'-- Up-to-date: /home/rschnurr/SkyClaw-Team1/ros2_ws/install/px4_msgs/include/px4_msgs/px4_msgs/msg/detail/actuator_servos_trim__functions.c\n'}
[1.780713] (px4_msgs) StdoutLine: {'line': b'-- Up-to-date: /home/rschnurr/SkyClaw-Team1/ros2_ws/install/px4_msgs/include/px4_msgs/px4_msgs/msg/detail/vehicle_acceleration__functions.c\n'}
[1.781760] (px4_msgs) StdoutLine: {'line': b'-- Up-to-date: /home/rschnurr/SkyClaw-Team1/ros2_ws/install/px4_msgs/include/px4_msgs/px4_msgs/msg/detail/rtl_status__functions.c\n'}
[1.782643] (px4_msgs) StdoutLine: {'line': b'-- Up-to-date: /home/rschnurr/SkyClaw-Team1/ros2_ws/install/px4_msgs/include/px4_msgs/px4_msgs/msg/detail/uavcan_parameter_request__struct.h\n'}
[1.783047] (px4_msgs) StdoutLine: {'line': b'-- Up-to-date: /home/rschnurr/SkyClaw-Team1/ros2_ws/install/px4_msgs/include/px4_msgs/px4_msgs/msg/detail/camera_status__struct.h\n'}
[1.783286] (px4_msgs) StdoutLine: {'line': b'-- Up-to-date: /home/rschnurr/SkyClaw-Team1/ros2_ws/install/px4_msgs/include/px4_msgs/px4_msgs/msg/detail/fixed_wing_lateral_status__functions.c\n'}
[1.783709] (px4_msgs) StdoutLine: {'line': b'-- Up-to-date: /home/rschnurr/SkyClaw-Team1/ros2_ws/install/px4_msgs/include/px4_msgs/px4_msgs/msg/detail/adc_report__functions.c\n'}
[1.784426] (px4_msgs) StdoutLine: {'line': b'-- Up-to-date: /home/rschnurr/SkyClaw-Team1/ros2_ws/install/px4_msgs/include/px4_msgs/px4_msgs/msg/detail/orb_test__type_support.h\n'}
[1.784998] (px4_msgs) StdoutLine: {'line': b'-- Up-to-date: /home/rschnurr/SkyClaw-Team1/ros2_ws/install/px4_msgs/include/px4_msgs/px4_msgs/msg/detail/autotune_attitude_control_status__functions.c\n'}
[1.785571] (px4_msgs) StdoutLine: {'line': b'-- Up-to-date: /home/rschnurr/SkyClaw-Team1/ros2_ws/install/px4_msgs/include/px4_msgs/px4_msgs/msg/detail/gimbal_controls__type_support.h\n'}
[1.785734] (px4_msgs) StdoutLine: {'line': b'-- Up-to-date: /home/rschnurr/SkyClaw-Team1/ros2_ws/install/px4_msgs/include/px4_msgs/px4_msgs/msg/detail/cpuload__functions.h\n'}
[1.786425] (px4_msgs) StdoutLine: {'line': b'-- Up-to-date: /home/rschnurr/SkyClaw-Team1/ros2_ws/install/px4_msgs/include/px4_msgs/px4_msgs/msg/detail/sensor_mag__struct.h\n'}
[1.786626] (px4_msgs) StdoutLine: {'line': b'-- Up-to-date: /home/rschnurr/SkyClaw-Team1/ros2_ws/install/px4_msgs/include/px4_msgs/px4_msgs/msg/detail/mavlink_tunnel__type_support.h\n'}
[1.787236] (px4_msgs) StdoutLine: {'line': b'-- Up-to-date: /home/rschnurr/SkyClaw-Team1/ros2_ws/install/px4_msgs/include/px4_msgs/px4_msgs/msg/detail/estimator_aid_source1d__functions.h\n'}
[1.787947] (px4_msgs) StdoutLine: {'line': b'-- Up-to-date: /home/rschnurr/SkyClaw-Team1/ros2_ws/install/px4_msgs/include/px4_msgs/px4_msgs/msg/detail/open_drone_id_operator_id__struct.h\n'}
[1.788090] (px4_msgs) StdoutLine: {'line': b'-- Up-to-date: /home/rschnurr/SkyClaw-Team1/ros2_ws/install/px4_msgs/include/px4_msgs/px4_msgs/msg/detail/fixed_wing_longitudinal_setpoint__type_support.h\n'}
[1.788191] (px4_msgs) StdoutLine: {'line': b'-- Up-to-date: /home/rschnurr/SkyClaw-Team1/ros2_ws/install/px4_msgs/include/px4_msgs/px4_msgs/msg/detail/telemetry_status__type_support.h\n'}
[1.788271] (px4_msgs) StdoutLine: {'line': b'-- Up-to-date: /home/rschnurr/SkyClaw-Team1/ros2_ws/install/px4_msgs/include/px4_msgs/px4_msgs/msg/detail/parameter_set_value_request__type_support.h\n'}
[1.788367] (px4_msgs) StdoutLine: {'line': b'-- Up-to-date: /home/rschnurr/SkyClaw-Team1/ros2_ws/install/px4_msgs/include/px4_msgs/px4_msgs/msg/detail/offboard_control_mode__struct.h\n'}
[1.788426] (px4_msgs) StdoutLine: {'line': b'-- Up-to-date: /home/rschnurr/SkyClaw-Team1/ros2_ws/install/px4_msgs/include/px4_msgs/px4_msgs/msg/detail/vehicle_land_detected__struct.h\n'}
[1.788570] (px4_msgs) StdoutLine: {'line': b'-- Up-to-date: /home/rschnurr/SkyClaw-Team1/ros2_ws/install/px4_msgs/include/px4_msgs/px4_msgs/msg/detail/heater_status__struct.h\n'}
[1.788861] (px4_msgs) StdoutLine: {'line': b'-- Up-to-date: /home/rschnurr/SkyClaw-Team1/ros2_ws/install/px4_msgs/include/px4_msgs/px4_msgs/msg/detail/sensor_accel_fifo__struct.h\n'}
[1.789740] (px4_msgs) StdoutLine: {'line': b'-- Up-to-date: /home/rschnurr/SkyClaw-Team1/ros2_ws/install/px4_msgs/include/px4_msgs/px4_msgs/msg/detail/arming_check_reply__functions.c\n'}
[1.790287] (px4_msgs) StdoutLine: {'line': b'-- Up-to-date: /home/rschnurr/SkyClaw-Team1/ros2_ws/install/px4_msgs/include/px4_msgs/px4_msgs/msg/detail/mode_completed__functions.c\n'}
[1.790786] (px4_msgs) StdoutLine: {'line': b'-- Up-to-date: /home/rschnurr/SkyClaw-Team1/ros2_ws/install/px4_msgs/include/px4_msgs/px4_msgs/msg/detail/mission__struct.h\n'}
[1.791258] (px4_msgs) StdoutLine: {'line': b'-- Up-to-date: /home/rschnurr/SkyClaw-Team1/ros2_ws/install/px4_msgs/include/px4_msgs/px4_msgs/msg/detail/parameter_update__functions.c\n'}
[1.791646] (px4_msgs) StdoutLine: {'line': b'-- Up-to-date: /home/rschnurr/SkyClaw-Team1/ros2_ws/install/px4_msgs/include/px4_msgs/px4_msgs/msg/detail/differential_pressure__functions.h\n'}
[1.791847] (px4_msgs) StdoutLine: {'line': b'-- Up-to-date: /home/rschnurr/SkyClaw-Team1/ros2_ws/install/px4_msgs/include/px4_msgs/px4_msgs/msg/detail/position_setpoint__struct.h\n'}
[1.792783] (px4_msgs) StdoutLine: {'line': b'-- Up-to-date: /home/rschnurr/SkyClaw-Team1/ros2_ws/install/px4_msgs/include/px4_msgs/px4_msgs/msg/detail/manual_control_switches__functions.c\n'}
[1.792952] (px4_msgs) StdoutLine: {'line': b'-- Up-to-date: /home/rschnurr/SkyClaw-Team1/ros2_ws/install/px4_msgs/include/px4_msgs/px4_msgs/msg/detail/flight_phase_estimation__functions.c\n'}
[1.793221] (px4_msgs) StdoutLine: {'line': b'-- Up-to-date: /home/rschnurr/SkyClaw-Team1/ros2_ws/install/px4_msgs/include/px4_msgs/px4_msgs/msg/detail/estimator_selector_status__struct.h\n'}
[1.793532] (px4_msgs) StdoutLine: {'line': b'-- Up-to-date: /home/rschnurr/SkyClaw-Team1/ros2_ws/install/px4_msgs/include/px4_msgs/px4_msgs/msg/detail/input_rc__struct.h\n'}
[1.793936] (px4_msgs) StdoutLine: {'line': b'-- Up-to-date: /home/rschnurr/SkyClaw-Team1/ros2_ws/install/px4_msgs/include/px4_msgs/px4_msgs/msg/detail/rover_throttle_setpoint__struct.h\n'}
[1.794066] (px4_msgs) StdoutLine: {'line': b'-- Up-to-date: /home/rschnurr/SkyClaw-Team1/ros2_ws/install/px4_msgs/include/px4_msgs/px4_msgs/msg/detail/orbit_status__functions.h\n'}
[1.794467] (px4_msgs) StdoutLine: {'line': b'-- Up-to-date: /home/rschnurr/SkyClaw-Team1/ros2_ws/install/px4_msgs/include/px4_msgs/px4_msgs/msg/detail/rate_ctrl_status__functions.c\n'}
[1.794592] (px4_msgs) StdoutLine: {'line': b'-- Up-to-date: /home/rschnurr/SkyClaw-Team1/ros2_ws/install/px4_msgs/include/px4_msgs/px4_msgs/msg/detail/px4io_status__functions.h\n'}
[1.795080] (px4_msgs) StdoutLine: {'line': b'-- Up-to-date: /home/rschnurr/SkyClaw-Team1/ros2_ws/install/px4_msgs/include/px4_msgs/px4_msgs/msg/detail/vehicle_imu__struct.h\n'}
[1.795817] (px4_msgs) StdoutLine: {'line': b'-- Up-to-date: /home/rschnurr/SkyClaw-Team1/ros2_ws/install/px4_msgs/include/px4_msgs/px4_msgs/msg/detail/follow_target_status__type_support.h\n'}
[1.796446] (px4_msgs) StdoutLine: {'line': b'-- Up-to-date: /home/rschnurr/SkyClaw-Team1/ros2_ws/install/px4_msgs/include/px4_msgs/px4_msgs/msg/detail/gpio_in__functions.c\n'}
[1.796640] (px4_msgs) StdoutLine: {'line': b'-- Up-to-date: /home/rschnurr/SkyClaw-Team1/ros2_ws/install/px4_msgs/include/px4_msgs/px4_msgs/msg/detail/estimator_bias3d__functions.h\n'}
[1.796796] (px4_msgs) StdoutLine: {'line': b'-- Up-to-date: /home/rschnurr/SkyClaw-Team1/ros2_ws/install/px4_msgs/include/px4_msgs/px4_msgs/msg/detail/navigator_mission_item__functions.c\n'}
[1.797906] (px4_msgs) StdoutLine: {'line': b'-- Up-to-date: /home/rschnurr/SkyClaw-Team1/ros2_ws/install/px4_msgs/include/px4_msgs/px4_msgs/msg/detail/sensor_accel__type_support.h\n'}
[1.798453] (px4_msgs) StdoutLine: {'line': b'-- Up-to-date: /home/rschnurr/SkyClaw-Team1/ros2_ws/install/px4_msgs/include/px4_msgs/px4_msgs/msg/detail/wind__functions.c\n'}
[1.798664] (px4_msgs) StdoutLine: {'line': b'-- Up-to-date: /home/rschnurr/SkyClaw-Team1/ros2_ws/install/px4_msgs/include/px4_msgs/px4_msgs/msg/detail/rpm__type_support.h\n'}
[1.799020] (px4_msgs) StdoutLine: {'line': b'-- Up-to-date: /home/rschnurr/SkyClaw-Team1/ros2_ws/install/px4_msgs/include/px4_msgs/px4_msgs/msg/detail/px4io_status__struct.h\n'}
[1.799654] (px4_msgs) StdoutLine: {'line': b'-- Up-to-date: /home/rschnurr/SkyClaw-Team1/ros2_ws/install/px4_msgs/include/px4_msgs/px4_msgs/msg/detail/gimbal_manager_information__functions.h\n'}
[1.800257] (px4_msgs) StdoutLine: {'line': b'-- Up-to-date: /home/rschnurr/SkyClaw-Team1/ros2_ws/install/px4_msgs/include/px4_msgs/px4_msgs/msg/detail/internal_combustion_engine_status__functions.h\n'}
[1.800458] (px4_msgs) StdoutLine: {'line': b'-- Up-to-date: /home/rschnurr/SkyClaw-Team1/ros2_ws/install/px4_msgs/include/px4_msgs/px4_msgs/msg/detail/vehicle_torque_setpoint__type_support.h\n'}
[1.800643] (px4_msgs) StdoutLine: {'line': b'-- Up-to-date: /home/rschnurr/SkyClaw-Team1/ros2_ws/install/px4_msgs/include/px4_msgs/px4_msgs/msg/detail/gimbal_device_set_attitude__struct.h\n'}
[1.800834] (px4_msgs) StdoutLine: {'line': b'-- Up-to-date: /home/rschnurr/SkyClaw-Team1/ros2_ws/install/px4_msgs/include/px4_msgs/px4_msgs/msg/detail/airspeed__functions.c\n'}
[1.801599] (px4_msgs) StdoutLine: {'line': b'-- Up-to-date: /home/rschnurr/SkyClaw-Team1/ros2_ws/install/px4_msgs/include/px4_msgs/px4_msgs/msg/detail/airspeed_validated__struct.h\n'}
[1.801884] (px4_msgs) StdoutLine: {'line': b'-- Up-to-date: /home/rschnurr/SkyClaw-Team1/ros2_ws/install/px4_msgs/include/px4_msgs/px4_msgs/msg/detail/collision_constraints__functions.h\n'}
[1.802204] (px4_msgs) StdoutLine: {'line': b'-- Up-to-date: /home/rschnurr/SkyClaw-Team1/ros2_ws/install/px4_msgs/include/px4_msgs/px4_msgs/msg/detail/mavlink_log__functions.h\n'}
[1.802620] (px4_msgs) StdoutLine: {'line': b'-- Up-to-date: /home/rschnurr/SkyClaw-Team1/ros2_ws/install/px4_msgs/include/px4_msgs/px4_msgs/msg/detail/position_controller_landing_status__struct.h\n'}
[1.802829] (px4_msgs) StdoutLine: {'line': b'-- Up-to-date: /home/rschnurr/SkyClaw-Team1/ros2_ws/install/px4_msgs/include/px4_msgs/px4_msgs/msg/detail/vehicle_local_position__type_support.h\n'}
[1.803776] (px4_msgs) StdoutLine: {'line': b'-- Up-to-date: /home/rschnurr/SkyClaw-Team1/ros2_ws/install/px4_msgs/include/px4_msgs/px4_msgs/msg/detail/trajectory_setpoint__functions.c\n'}
[1.804478] (px4_msgs) StdoutLine: {'line': b'-- Up-to-date: /home/rschnurr/SkyClaw-Team1/ros2_ws/install/px4_msgs/include/px4_msgs/px4_msgs/msg/detail/estimator_status_flags__struct.h\n'}
[1.805495] (px4_msgs) StdoutLine: {'line': b'-- Up-to-date: /home/rschnurr/SkyClaw-Team1/ros2_ws/install/px4_msgs/include/px4_msgs/px4_msgs/msg/detail/vehicle_angular_acceleration_setpoint__functions.c\n'}
[1.805656] (px4_msgs) StdoutLine: {'line': b'-- Up-to-date: /home/rschnurr/SkyClaw-Team1/ros2_ws/install/px4_msgs/include/px4_msgs/px4_msgs/msg/detail/estimator_status__type_support.h\n'}
[1.805809] (px4_msgs) StdoutLine: {'line': b'-- Up-to-date: /home/rschnurr/SkyClaw-Team1/ros2_ws/install/px4_msgs/include/px4_msgs/px4_msgs/msg/detail/follow_target_status__functions.h\n'}
[1.805866] (px4_msgs) StdoutLine: {'line': b'-- Up-to-date: /home/rschnurr/SkyClaw-Team1/ros2_ws/install/px4_msgs/include/px4_msgs/px4_msgs/msg/detail/led_control__struct.h\n'}
[1.806127] (px4_msgs) StdoutLine: {'line': b'-- Up-to-date: /home/rschnurr/SkyClaw-Team1/ros2_ws/install/px4_msgs/include/px4_msgs/px4_msgs/msg/detail/geofence_result__functions.c\n'}
[1.806335] (px4_msgs) StdoutLine: {'line': b'-- Up-to-date: /home/rschnurr/SkyClaw-Team1/ros2_ws/install/px4_msgs/include/px4_msgs/px4_msgs/msg/detail/estimator_sensor_bias__functions.h\n'}
[1.806553] (px4_msgs) StdoutLine: {'line': b'-- Up-to-date: /home/rschnurr/SkyClaw-Team1/ros2_ws/install/px4_msgs/include/px4_msgs/px4_msgs/msg/detail/rtl_time_estimate__functions.h\n'}
[1.806808] (px4_msgs) StdoutLine: {'line': b'-- Up-to-date: /home/rschnurr/SkyClaw-Team1/ros2_ws/install/px4_msgs/include/px4_msgs/px4_msgs/msg/detail/battery_status__functions.c\n'}
[1.806996] (px4_msgs) StdoutLine: {'line': b'-- Up-to-date: /home/rschnurr/SkyClaw-Team1/ros2_ws/install/px4_msgs/include/px4_msgs/px4_msgs/msg/detail/vehicle_global_position__functions.h\n'}
[1.807250] (px4_msgs) StdoutLine: {'line': b'-- Up-to-date: /home/rschnurr/SkyClaw-Team1/ros2_ws/install/px4_msgs/include/px4_msgs/px4_msgs/msg/detail/open_drone_id_arm_status__struct.h\n'}
[1.807492] (-) TimerEvent: {}
[1.808370] (px4_msgs) StdoutLine: {'line': b'-- Up-to-date: /home/rschnurr/SkyClaw-Team1/ros2_ws/install/px4_msgs/include/px4_msgs/px4_msgs/msg/detail/vehicle_thrust_setpoint__type_support.h\n'}
[1.809049] (px4_msgs) StdoutLine: {'line': b'-- Up-to-date: /home/rschnurr/SkyClaw-Team1/ros2_ws/install/px4_msgs/include/px4_msgs/px4_msgs/msg/detail/estimator_innovations__struct.h\n'}
[1.809458] (px4_msgs) StdoutLine: {'line': b'-- Up-to-date: /home/rschnurr/SkyClaw-Team1/ros2_ws/install/px4_msgs/include/px4_msgs/px4_msgs/msg/detail/estimator_status__struct.h\n'}
[1.809604] (px4_msgs) StdoutLine: {'line': b'-- Up-to-date: /home/rschnurr/SkyClaw-Team1/ros2_ws/install/px4_msgs/include/px4_msgs/px4_msgs/msg/detail/rover_position_setpoint__functions.h\n'}
[1.809705] (px4_msgs) StdoutLine: {'line': b'-- Up-to-date: /home/rschnurr/SkyClaw-Team1/ros2_ws/install/px4_msgs/include/px4_msgs/px4_msgs/msg/detail/fuel_tank_status__type_support.h\n'}
[1.809791] (px4_msgs) StdoutLine: {'line': b'-- Up-to-date: /home/rschnurr/SkyClaw-Team1/ros2_ws/install/px4_msgs/include/px4_msgs/px4_msgs/msg/detail/landing_gear__struct.h\n'}
[1.809873] (px4_msgs) StdoutLine: {'line': b'-- Up-to-date: /home/rschnurr/SkyClaw-Team1/ros2_ws/install/px4_msgs/include/px4_msgs/px4_msgs/msg/detail/sensor_gps__functions.c\n'}
[1.809954] (px4_msgs) StdoutLine: {'line': b'-- Up-to-date: /home/rschnurr/SkyClaw-Team1/ros2_ws/install/px4_msgs/include/px4_msgs/px4_msgs/msg/detail/vehicle_status__functions.h\n'}
[1.810546] (px4_msgs) StdoutLine: {'line': b'-- Up-to-date: /home/rschnurr/SkyClaw-Team1/ros2_ws/install/px4_msgs/include/px4_msgs/px4_msgs/msg/detail/normalized_unsigned_setpoint__struct.h\n'}
[1.810665] (px4_msgs) StdoutLine: {'line': b'-- Up-to-date: /home/rschnurr/SkyClaw-Team1/ros2_ws/install/px4_msgs/include/px4_msgs/px4_msgs/msg/detail/parameter_update__struct.h\n'}
[1.810864] (px4_msgs) StdoutLine: {'line': b'-- Up-to-date: /home/rschnurr/SkyClaw-Team1/ros2_ws/install/px4_msgs/include/px4_msgs/px4_msgs/msg/detail/rover_speed_setpoint__functions.c\n'}
[1.810995] (px4_msgs) StdoutLine: {'line': b'-- Up-to-date: /home/rschnurr/SkyClaw-Team1/ros2_ws/install/px4_msgs/include/px4_msgs/px4_msgs/msg/detail/debug_vect__functions.c\n'}
[1.811390] (px4_msgs) StdoutLine: {'line': b'-- Up-to-date: /home/rschnurr/SkyClaw-Team1/ros2_ws/install/px4_msgs/include/px4_msgs/px4_msgs/msg/detail/iridiumsbd_status__functions.h\n'}
[1.811577] (px4_msgs) StdoutLine: {'line': b'-- Up-to-date: /home/rschnurr/SkyClaw-Team1/ros2_ws/install/px4_msgs/include/px4_msgs/px4_msgs/msg/detail/sensor_preflight_mag__functions.c\n'}
[1.811666] (px4_msgs) StdoutLine: {'line': b'-- Up-to-date: /home/rschnurr/SkyClaw-Team1/ros2_ws/install/px4_msgs/include/px4_msgs/px4_msgs/msg/detail/position_controller_landing_status__functions.h\n'}
[1.811738] (px4_msgs) StdoutLine: {'line': b'-- Up-to-date: /home/rschnurr/SkyClaw-Team1/ros2_ws/install/px4_msgs/include/px4_msgs/px4_msgs/msg/detail/position_controller_landing_status__type_support.h\n'}
[1.811808] (px4_msgs) StdoutLine: {'line': b'-- Up-to-date: /home/rschnurr/SkyClaw-Team1/ros2_ws/install/px4_msgs/include/px4_msgs/px4_msgs/msg/detail/estimator_aid_source2d__struct.h\n'}
[1.811886] (px4_msgs) StdoutLine: {'line': b'-- Up-to-date: /home/rschnurr/SkyClaw-Team1/ros2_ws/install/px4_msgs/include/px4_msgs/px4_msgs/msg/detail/actuator_armed__type_support.h\n'}
[1.812063] (px4_msgs) StdoutLine: {'line': b'-- Up-to-date: /home/rschnurr/SkyClaw-Team1/ros2_ws/install/px4_msgs/include/px4_msgs/px4_msgs/msg/detail/fixed_wing_lateral_status__functions.h\n'}
[1.812264] (px4_msgs) StdoutLine: {'line': b'-- Up-to-date: /home/rschnurr/SkyClaw-Team1/ros2_ws/install/px4_msgs/include/px4_msgs/px4_msgs/msg/detail/orbit_status__struct.h\n'}
[1.812379] (px4_msgs) StdoutLine: {'line': b'-- Up-to-date: /home/rschnurr/SkyClaw-Team1/ros2_ws/install/px4_msgs/include/px4_msgs/px4_msgs/msg/detail/uavcan_parameter_value__struct.h\n'}
[1.812460] (px4_msgs) StdoutLine: {'line': b'-- Up-to-date: /home/rschnurr/SkyClaw-Team1/ros2_ws/install/px4_msgs/include/px4_msgs/px4_msgs/msg/detail/control_allocator_status__type_support.h\n'}
[1.812574] (px4_msgs) StdoutLine: {'line': b'-- Up-to-date: /home/rschnurr/SkyClaw-Team1/ros2_ws/install/px4_msgs/include/px4_msgs/px4_msgs/msg/detail/collision_constraints__functions.c\n'}
[1.812639] (px4_msgs) StdoutLine: {'line': b'-- Up-to-date: /home/rschnurr/SkyClaw-Team1/ros2_ws/install/px4_msgs/include/px4_msgs/px4_msgs/msg/detail/failure_detector_status__functions.c\n'}
[1.812697] (px4_msgs) StdoutLine: {'line': b'-- Up-to-date: /home/rschnurr/SkyClaw-Team1/ros2_ws/install/px4_msgs/include/px4_msgs/px4_msgs/msg/detail/mode_completed__struct.h\n'}
[1.812754] (px4_msgs) StdoutLine: {'line': b'-- Up-to-date: /home/rschnurr/SkyClaw-Team1/ros2_ws/install/px4_msgs/include/px4_msgs/px4_msgs/msg/detail/figure_eight_status__functions.c\n'}
[1.812808] (px4_msgs) StdoutLine: {'line': b'-- Up-to-date: /home/rschnurr/SkyClaw-Team1/ros2_ws/install/px4_msgs/include/px4_msgs/px4_msgs/msg/detail/landing_target_innovations__type_support.h\n'}
[1.812865] (px4_msgs) StdoutLine: {'line': b'-- Up-to-date: /home/rschnurr/SkyClaw-Team1/ros2_ws/install/px4_msgs/include/px4_msgs/px4_msgs/msg/detail/sensor_gyro__struct.h\n'}
[1.812944] (px4_msgs) StdoutLine: {'line': b'-- Up-to-date: /home/rschnurr/SkyClaw-Team1/ros2_ws/install/px4_msgs/include/px4_msgs/px4_msgs/msg/detail/timesync_status__functions.h\n'}
[1.813451] (px4_msgs) StdoutLine: {'line': b'-- Up-to-date: /home/rschnurr/SkyClaw-Team1/ros2_ws/install/px4_msgs/include/px4_msgs/px4_msgs/msg/detail/power_button_state__struct.h\n'}
[1.813595] (px4_msgs) StdoutLine: {'line': b'-- Up-to-date: /home/rschnurr/SkyClaw-Team1/ros2_ws/install/px4_msgs/include/px4_msgs/px4_msgs/msg/detail/pure_pursuit_status__functions.h\n'}
[1.813702] (px4_msgs) StdoutLine: {'line': b'-- Up-to-date: /home/rschnurr/SkyClaw-Team1/ros2_ws/install/px4_msgs/include/px4_msgs/px4_msgs/msg/detail/actuator_motors__functions.h\n'}
[1.813790] (px4_msgs) StdoutLine: {'line': b'-- Up-to-date: /home/rschnurr/SkyClaw-Team1/ros2_ws/install/px4_msgs/include/px4_msgs/px4_msgs/msg/detail/failsafe_flags__type_support.h\n'}
[1.813872] (px4_msgs) StdoutLine: {'line': b'-- Up-to-date: /home/rschnurr/SkyClaw-Team1/ros2_ws/install/px4_msgs/include/px4_msgs/px4_msgs/msg/detail/figure_eight_status__functions.h\n'}
[1.813954] (px4_msgs) StdoutLine: {'line': b'-- Up-to-date: /home/rschnurr/SkyClaw-Team1/ros2_ws/install/px4_msgs/include/px4_msgs/px4_msgs/msg/detail/navigator_mission_item__functions.h\n'}
[1.814072] (px4_msgs) StdoutLine: {'line': b'-- Up-to-date: /home/rschnurr/SkyClaw-Team1/ros2_ws/install/px4_msgs/include/px4_msgs/px4_msgs/msg/detail/geofence_result__type_support.h\n'}
[1.814328] (px4_msgs) StdoutLine: {'line': b'-- Up-to-date: /home/rschnurr/SkyClaw-Team1/ros2_ws/install/px4_msgs/include/px4_msgs/px4_msgs/msg/detail/open_drone_id_self_id__struct.h\n'}
[1.814450] (px4_msgs) StdoutLine: {'line': b'-- Up-to-date: /home/rschnurr/SkyClaw-Team1/ros2_ws/install/px4_msgs/include/px4_msgs/px4_msgs/msg/detail/vehicle_command_ack__functions.c\n'}
[1.814526] (px4_msgs) StdoutLine: {'line': b'-- Up-to-date: /home/rschnurr/SkyClaw-Team1/ros2_ws/install/px4_msgs/include/px4_msgs/px4_msgs/msg/detail/gpio_out__type_support.h\n'}
[1.814590] (px4_msgs) StdoutLine: {'line': b'-- Up-to-date: /home/rschnurr/SkyClaw-Team1/ros2_ws/install/px4_msgs/include/px4_msgs/px4_msgs/msg/detail/orb_test__functions.c\n'}
[1.814670] (px4_msgs) StdoutLine: {'line': b'-- Up-to-date: /home/rschnurr/SkyClaw-Team1/ros2_ws/install/px4_msgs/include/px4_msgs/px4_msgs/msg/detail/wind__struct.h\n'}
[1.814746] (px4_msgs) StdoutLine: {'line': b'-- Up-to-date: /home/rschnurr/SkyClaw-Team1/ros2_ws/install/px4_msgs/include/px4_msgs/px4_msgs/msg/detail/rover_rate_status__functions.c\n'}
[1.814811] (px4_msgs) StdoutLine: {'line': b'-- Up-to-date: /home/rschnurr/SkyClaw-Team1/ros2_ws/install/px4_msgs/include/px4_msgs/px4_msgs/msg/detail/open_drone_id_system__type_support.h\n'}
[1.814873] (px4_msgs) StdoutLine: {'line': b'-- Up-to-date: /home/rschnurr/SkyClaw-Team1/ros2_ws/install/px4_msgs/include/px4_msgs/px4_msgs/msg/detail/vehicle_imu__type_support.h\n'}
[1.814941] (px4_msgs) StdoutLine: {'line': b'-- Up-to-date: /home/rschnurr/SkyClaw-Team1/ros2_ws/install/px4_msgs/include/px4_msgs/px4_msgs/msg/detail/rover_steering_setpoint__type_support.h\n'}
[1.814998] (px4_msgs) StdoutLine: {'line': b'-- Up-to-date: /home/rschnurr/SkyClaw-Team1/ros2_ws/install/px4_msgs/include/px4_msgs/px4_msgs/msg/detail/button_event__struct.h\n'}
[1.815054] (px4_msgs) StdoutLine: {'line': b'-- Up-to-date: /home/rschnurr/SkyClaw-Team1/ros2_ws/install/px4_msgs/include/px4_msgs/px4_msgs/msg/detail/open_drone_id_arm_status__functions.c\n'}
[1.815113] (px4_msgs) StdoutLine: {'line': b'-- Up-to-date: /home/rschnurr/SkyClaw-Team1/ros2_ws/install/px4_msgs/include/px4_msgs/px4_msgs/msg/detail/battery_info__functions.h\n'}
[1.815249] (px4_msgs) StdoutLine: {'line': b'-- Up-to-date: /home/rschnurr/SkyClaw-Team1/ros2_ws/install/px4_msgs/include/px4_msgs/px4_msgs/msg/detail/lateral_control_configuration__functions.h\n'}
[1.815381] (px4_msgs) StdoutLine: {'line': b'-- Up-to-date: /home/rschnurr/SkyClaw-Team1/ros2_ws/install/px4_msgs/include/px4_msgs/px4_msgs/msg/detail/gpio_request__functions.c\n'}
[1.815454] (px4_msgs) StdoutLine: {'line': b'-- Up-to-date: /home/rschnurr/SkyClaw-Team1/ros2_ws/install/px4_msgs/include/px4_msgs/px4_msgs/msg/detail/vehicle_roi__struct.h\n'}
[1.815518] (px4_msgs) StdoutLine: {'line': b'-- Up-to-date: /home/rschnurr/SkyClaw-Team1/ros2_ws/install/px4_msgs/include/px4_msgs/px4_msgs/msg/detail/message_format_request__struct.h\n'}
[1.815589] (px4_msgs) StdoutLine: {'line': b'-- Up-to-date: /home/rschnurr/SkyClaw-Team1/ros2_ws/install/px4_msgs/include/px4_msgs/px4_msgs/msg/detail/follow_target__functions.h\n'}
[1.815652] (px4_msgs) StdoutLine: {'line': b'-- Up-to-date: /home/rschnurr/SkyClaw-Team1/ros2_ws/install/px4_msgs/include/px4_msgs/px4_msgs/msg/detail/hover_thrust_estimate__functions.h\n'}
[1.815712] (px4_msgs) StdoutLine: {'line': b'-- Up-to-date: /home/rschnurr/SkyClaw-Team1/ros2_ws/install/px4_msgs/include/px4_msgs/px4_msgs/msg/detail/gps_inject_data__functions.c\n'}
[1.815772] (px4_msgs) StdoutLine: {'line': b'-- Up-to-date: /home/rschnurr/SkyClaw-Team1/ros2_ws/install/px4_msgs/include/px4_msgs/px4_msgs/msg/detail/lateral_control_configuration__functions.c\n'}
[1.815832] (px4_msgs) StdoutLine: {'line': b'-- Up-to-date: /home/rschnurr/SkyClaw-Team1/ros2_ws/install/px4_msgs/include/px4_msgs/px4_msgs/msg/detail/can_interface_status__functions.h\n'}
[1.816136] (px4_msgs) StdoutLine: {'line': b'-- Up-to-date: /home/rschnurr/SkyClaw-Team1/ros2_ws/install/px4_msgs/include/px4_msgs/px4_msgs/msg/detail/control_allocator_status__functions.c\n'}
[1.817646] (px4_msgs) StdoutLine: {'line': b'-- Up-to-date: /home/rschnurr/SkyClaw-Team1/ros2_ws/install/px4_msgs/include/px4_msgs/px4_msgs/msg/detail/system_power__struct.h\n'}
[1.817981] (px4_msgs) StdoutLine: {'line': b'-- Up-to-date: /home/rschnurr/SkyClaw-Team1/ros2_ws/install/px4_msgs/include/px4_msgs/px4_msgs/msg/detail/log_message__functions.c\n'}
[1.818282] (px4_msgs) StdoutLine: {'line': b'-- Up-to-date: /home/rschnurr/SkyClaw-Team1/ros2_ws/install/px4_msgs/include/px4_msgs/px4_msgs/msg/detail/mode_completed__type_support.h\n'}
[1.818592] (px4_msgs) StdoutLine: {'line': b'-- Up-to-date: /home/rschnurr/SkyClaw-Team1/ros2_ws/install/px4_msgs/include/px4_msgs/px4_msgs/msg/detail/satellite_info__type_support.h\n'}
[1.818686] (px4_msgs) StdoutLine: {'line': b'-- Up-to-date: /home/rschnurr/SkyClaw-Team1/ros2_ws/install/px4_msgs/include/px4_msgs/px4_msgs/msg/detail/estimator_bias__functions.c\n'}
[1.818743] (px4_msgs) StdoutLine: {'line': b'-- Up-to-date: /home/rschnurr/SkyClaw-Team1/ros2_ws/install/px4_msgs/include/px4_msgs/px4_msgs/msg/detail/gpio_out__struct.h\n'}
[1.818829] (px4_msgs) StdoutLine: {'line': b'-- Up-to-date: /home/rschnurr/SkyClaw-Team1/ros2_ws/install/px4_msgs/include/px4_msgs/px4_msgs/msg/detail/actuator_servos__type_support.h\n'}
[1.819244] (px4_msgs) StdoutLine: {'line': b'-- Up-to-date: /home/rschnurr/SkyClaw-Team1/ros2_ws/install/px4_msgs/include/px4_msgs/px4_msgs/msg/detail/tiltrotor_extra_controls__functions.h\n'}
[1.820074] (px4_msgs) StdoutLine: {'line': b'-- Up-to-date: /home/rschnurr/SkyClaw-Team1/ros2_ws/install/px4_msgs/include/px4_msgs/px4_msgs/msg/detail/orb_test_medium__type_support.h\n'}
[1.820574] (px4_msgs) StdoutLine: {'line': b'-- Up-to-date: /home/rschnurr/SkyClaw-Team1/ros2_ws/install/px4_msgs/include/px4_msgs/px4_msgs/msg/detail/battery_info__functions.c\n'}
[1.820667] (px4_msgs) StdoutLine: {'line': b'-- Up-to-date: /home/rschnurr/SkyClaw-Team1/ros2_ws/install/px4_msgs/include/px4_msgs/px4_msgs/msg/detail/manual_control_setpoint__struct.h\n'}
[1.821086] (px4_msgs) StdoutLine: {'line': b'-- Up-to-date: /home/rschnurr/SkyClaw-Team1/ros2_ws/install/px4_msgs/include/px4_msgs/px4_msgs/msg/detail/mag_worker_data__type_support.h\n'}
[1.821208] (px4_msgs) StdoutLine: {'line': b'-- Up-to-date: /home/rschnurr/SkyClaw-Team1/ros2_ws/install/px4_msgs/include/px4_msgs/px4_msgs/msg/detail/distance_sensor_mode_change_request__functions.h\n'}
[1.821261] (px4_msgs) StdoutLine: {'line': b'-- Up-to-date: /home/rschnurr/SkyClaw-Team1/ros2_ws/install/px4_msgs/include/px4_msgs/px4_msgs/msg/detail/yaw_estimator_status__functions.h\n'}
[1.821507] (px4_msgs) StdoutLine: {'line': b'-- Up-to-date: /home/rschnurr/SkyClaw-Team1/ros2_ws/install/px4_msgs/include/px4_msgs/px4_msgs/msg/detail/debug_value__functions.c\n'}
[1.821692] (px4_msgs) StdoutLine: {'line': b'-- Up-to-date: /home/rschnurr/SkyClaw-Team1/ros2_ws/install/px4_msgs/include/px4_msgs/px4_msgs/msg/detail/actuator_outputs__functions.c\n'}
[1.822005] (px4_msgs) StdoutLine: {'line': b'-- Up-to-date: /home/rschnurr/SkyClaw-Team1/ros2_ws/install/px4_msgs/include/px4_msgs/px4_msgs/msg/detail/health_report__type_support.h\n'}
[1.822167] (px4_msgs) StdoutLine: {'line': b'-- Up-to-date: /home/rschnurr/SkyClaw-Team1/ros2_ws/install/px4_msgs/include/px4_msgs/px4_msgs/msg/detail/orb_test__functions.h\n'}
[1.822385] (px4_msgs) StdoutLine: {'line': b'-- Up-to-date: /home/rschnurr/SkyClaw-Team1/ros2_ws/install/px4_msgs/include/px4_msgs/px4_msgs/msg/detail/vtol_vehicle_status__functions.c\n'}
[1.824512] (px4_msgs) StdoutLine: {'line': b'-- Up-to-date: /home/rschnurr/SkyClaw-Team1/ros2_ws/install/px4_msgs/include/px4_msgs/px4_msgs/msg/detail/open_drone_id_self_id__functions.c\n'}
[1.824730] (px4_msgs) StdoutLine: {'line': b'-- Up-to-date: /home/rschnurr/SkyClaw-Team1/ros2_ws/install/px4_msgs/include/px4_msgs/px4_msgs/msg/detail/power_monitor__type_support.h\n'}
[1.824832] (px4_msgs) StdoutLine: {'line': b'-- Up-to-date: /home/rschnurr/SkyClaw-Team1/ros2_ws/install/px4_msgs/include/px4_msgs/px4_msgs/msg/detail/debug_value__type_support.h\n'}
[1.824922] (px4_msgs) StdoutLine: {'line': b'-- Up-to-date: /home/rschnurr/SkyClaw-Team1/ros2_ws/install/px4_msgs/include/px4_msgs/px4_msgs/msg/detail/rover_speed_setpoint__struct.h\n'}
[1.825323] (px4_msgs) StdoutLine: {'line': b'-- Up-to-date: /home/rschnurr/SkyClaw-Team1/ros2_ws/install/px4_msgs/include/px4_msgs/px4_msgs/msg/detail/estimator_status_flags__type_support.h\n'}
[1.826084] (px4_msgs) StdoutLine: {'line': b'-- Up-to-date: /home/rschnurr/SkyClaw-Team1/ros2_ws/install/px4_msgs/include/px4_msgs/px4_msgs/msg/detail/parameter_set_used_request__type_support.h\n'}
[1.826323] (px4_msgs) StdoutLine: {'line': b'-- Up-to-date: /home/rschnurr/SkyClaw-Team1/ros2_ws/install/px4_msgs/include/px4_msgs/px4_msgs/msg/detail/geofence_status__functions.c\n'}
[1.826760] (px4_msgs) StdoutLine: {'line': b'-- Up-to-date: /home/rschnurr/SkyClaw-Team1/ros2_ws/install/px4_msgs/include/px4_msgs/px4_msgs/msg/detail/rover_steering_setpoint__functions.h\n'}
[1.827405] (px4_msgs) StdoutLine: {'line': b'-- Up-to-date: /home/rschnurr/SkyClaw-Team1/ros2_ws/install/px4_msgs/include/px4_msgs/px4_msgs/msg/detail/irlock_report__struct.h\n'}
[1.827653] (px4_msgs) StdoutLine: {'line': b'-- Up-to-date: /home/rschnurr/SkyClaw-Team1/ros2_ws/install/px4_msgs/include/px4_msgs/px4_msgs/msg/detail/trajectory_setpoint__functions.h\n'}
[1.827800] (px4_msgs) StdoutLine: {'line': b'-- Up-to-date: /home/rschnurr/SkyClaw-Team1/ros2_ws/install/px4_msgs/include/px4_msgs/px4_msgs/msg/detail/failsafe_flags__struct.h\n'}
[1.827994] (px4_msgs) StdoutLine: {'line': b'-- Up-to-date: /home/rschnurr/SkyClaw-Team1/ros2_ws/install/px4_msgs/include/px4_msgs/px4_msgs/msg/detail/sensor_combined__struct.h\n'}
[1.828162] (px4_msgs) StdoutLine: {'line': b'-- Up-to-date: /home/rschnurr/SkyClaw-Team1/ros2_ws/install/px4_msgs/include/px4_msgs/px4_msgs/msg/detail/gimbal_controls__functions.h\n'}
[1.828296] (px4_msgs) StdoutLine: {'line': b'-- Up-to-date: /home/rschnurr/SkyClaw-Team1/ros2_ws/install/px4_msgs/include/px4_msgs/px4_msgs/msg/detail/mission_result__type_support.h\n'}
[1.828402] (px4_msgs) StdoutLine: {'line': b'-- Up-to-date: /home/rschnurr/SkyClaw-Team1/ros2_ws/install/px4_msgs/include/px4_msgs/px4_msgs/msg/detail/parameter_set_value_response__type_support.h\n'}
[1.828530] (px4_msgs) StdoutLine: {'line': b'-- Up-to-date: /home/rschnurr/SkyClaw-Team1/ros2_ws/install/px4_msgs/include/px4_msgs/px4_msgs/msg/detail/neural_control__struct.h\n'}
[1.828596] (px4_msgs) StdoutLine: {'line': b'-- Up-to-date: /home/rschnurr/SkyClaw-Team1/ros2_ws/install/px4_msgs/include/px4_msgs/px4_msgs/msg/detail/debug_key_value__struct.h\n'}
[1.828724] (px4_msgs) StdoutLine: {'line': b'-- Up-to-date: /home/rschnurr/SkyClaw-Team1/ros2_ws/install/px4_msgs/include/px4_msgs/px4_msgs/msg/detail/vehicle_command_ack__type_support.h\n'}
[1.828799] (px4_msgs) StdoutLine: {'line': b'-- Up-to-date: /home/rschnurr/SkyClaw-Team1/ros2_ws/install/px4_msgs/include/px4_msgs/px4_msgs/msg/detail/orb_test_medium__functions.h\n'}
[1.828915] (px4_msgs) StdoutLine: {'line': b'-- Up-to-date: /home/rschnurr/SkyClaw-Team1/ros2_ws/install/px4_msgs/include/px4_msgs/px4_msgs/msg/detail/arming_check_reply__functions.h\n'}
[1.829140] (px4_msgs) StdoutLine: {'line': b'-- Up-to-date: /home/rschnurr/SkyClaw-Team1/ros2_ws/install/px4_msgs/include/px4_msgs/px4_msgs/msg/detail/esc_status__struct.h\n'}
[1.829741] (px4_msgs) StdoutLine: {'line': b'-- Up-to-date: /home/rschnurr/SkyClaw-Team1/ros2_ws/install/px4_msgs/include/px4_msgs/px4_msgs/msg/detail/sensors_status_imu__functions.c\n'}
[1.830092] (px4_msgs) StdoutLine: {'line': b'-- Up-to-date: /home/rschnurr/SkyClaw-Team1/ros2_ws/install/px4_msgs/include/px4_msgs/px4_msgs/msg/detail/manual_control_switches__functions.h\n'}
[1.830897] (px4_msgs) StdoutLine: {'line': b'-- Up-to-date: /home/rschnurr/SkyClaw-Team1/ros2_ws/install/px4_msgs/include/px4_msgs/px4_msgs/msg/detail/onboard_computer_status__functions.h\n'}
[1.832217] (px4_msgs) StdoutLine: {'line': b'-- Up-to-date: /home/rschnurr/SkyClaw-Team1/ros2_ws/install/px4_msgs/include/px4_msgs/px4_msgs/msg/detail/navigator_status__struct.h\n'}
[1.832298] (px4_msgs) StdoutLine: {'line': b'-- Up-to-date: /home/rschnurr/SkyClaw-Team1/ros2_ws/install/px4_msgs/include/px4_msgs/px4_msgs/msg/detail/estimator_bias3d__struct.h\n'}
[1.832350] (px4_msgs) StdoutLine: {'line': b'-- Up-to-date: /home/rschnurr/SkyClaw-Team1/ros2_ws/install/px4_msgs/include/px4_msgs/px4_msgs/msg/detail/orb_test_large__functions.h\n'}
[1.832394] (px4_msgs) StdoutLine: {'line': b'-- Up-to-date: /home/rschnurr/SkyClaw-Team1/ros2_ws/install/px4_msgs/include/px4_msgs/px4_msgs/msg/detail/sensor_baro__type_support.h\n'}
[1.832435] (px4_msgs) StdoutLine: {'line': b'-- Up-to-date: /home/rschnurr/SkyClaw-Team1/ros2_ws/install/px4_msgs/include/px4_msgs/px4_msgs/msg/detail/fuel_tank_status__functions.h\n'}
[1.832480] (px4_msgs) StdoutLine: {'line': b'-- Up-to-date: /home/rschnurr/SkyClaw-Team1/ros2_ws/install/px4_msgs/include/px4_msgs/px4_msgs/msg/detail/airspeed_wind__functions.c\n'}
[1.832541] (px4_msgs) StdoutLine: {'line': b'-- Up-to-date: /home/rschnurr/SkyClaw-Team1/ros2_ws/install/px4_msgs/include/px4_msgs/px4_msgs/msg/detail/pps_capture__functions.c\n'}
[1.832631] (px4_msgs) StdoutLine: {'line': b'-- Up-to-date: /home/rschnurr/SkyClaw-Team1/ros2_ws/install/px4_msgs/include/px4_msgs/px4_msgs/msg/detail/rc_parameter_map__functions.c\n'}
[1.832689] (px4_msgs) StdoutLine: {'line': b'-- Up-to-date: /home/rschnurr/SkyClaw-Team1/ros2_ws/install/px4_msgs/include/px4_msgs/px4_msgs/msg/detail/airspeed_wind__struct.h\n'}
[1.832754] (px4_msgs) StdoutLine: {'line': b'-- Up-to-date: /home/rschnurr/SkyClaw-Team1/ros2_ws/install/px4_msgs/include/px4_msgs/px4_msgs/msg/detail/sensors_status__type_support.h\n'}
[1.832798] (px4_msgs) StdoutLine: {'line': b'-- Up-to-date: /home/rschnurr/SkyClaw-Team1/ros2_ws/install/px4_msgs/include/px4_msgs/px4_msgs/msg/detail/vehicle_thrust_setpoint__struct.h\n'}
[1.832846] (px4_msgs) StdoutLine: {'line': b'-- Up-to-date: /home/rschnurr/SkyClaw-Team1/ros2_ws/install/px4_msgs/include/px4_msgs/px4_msgs/msg/detail/gps_dump__type_support.h\n'}
[1.833027] (px4_msgs) StdoutLine: {'line': b'-- Up-to-date: /home/rschnurr/SkyClaw-Team1/ros2_ws/install/px4_msgs/include/px4_msgs/px4_msgs/msg/detail/internal_combustion_engine_status__functions.c\n'}
[1.834128] (px4_msgs) StdoutLine: {'line': b'-- Up-to-date: /home/rschnurr/SkyClaw-Team1/ros2_ws/install/px4_msgs/include/px4_msgs/px4_msgs/msg/detail/wheel_encoders__functions.h\n'}
[1.834261] (px4_msgs) StdoutLine: {'line': b'-- Up-to-date: /home/rschnurr/SkyClaw-Team1/ros2_ws/install/px4_msgs/include/px4_msgs/px4_msgs/msg/detail/vehicle_magnetometer__struct.h\n'}
[1.834357] (px4_msgs) StdoutLine: {'line': b'-- Up-to-date: /home/rschnurr/SkyClaw-Team1/ros2_ws/install/px4_msgs/include/px4_msgs/px4_msgs/msg/detail/home_position__struct.h\n'}
[1.834414] (px4_msgs) StdoutLine: {'line': b'-- Up-to-date: /home/rschnurr/SkyClaw-Team1/ros2_ws/install/px4_msgs/include/px4_msgs/px4_msgs/msg/detail/dataman_response__functions.h\n'}
[1.834472] (px4_msgs) StdoutLine: {'line': b'-- Up-to-date: /home/rschnurr/SkyClaw-Team1/ros2_ws/install/px4_msgs/include/px4_msgs/px4_msgs/msg/detail/vtol_vehicle_status__struct.h\n'}
[1.834507] (px4_msgs) StdoutLine: {'line': b'-- Up-to-date: /home/rschnurr/SkyClaw-Team1/ros2_ws/install/px4_msgs/include/px4_msgs/px4_msgs/msg/detail/geofence_status__type_support.h\n'}
[1.834539] (px4_msgs) StdoutLine: {'line': b'-- Up-to-date: /home/rschnurr/SkyClaw-Team1/ros2_ws/install/px4_msgs/include/px4_msgs/px4_msgs/msg/detail/landing_gear__type_support.h\n'}
[1.834572] (px4_msgs) StdoutLine: {'line': b'-- Up-to-date: /home/rschnurr/SkyClaw-Team1/ros2_ws/install/px4_msgs/include/px4_msgs/px4_msgs/msg/detail/qshell_retval__struct.h\n'}
[1.834605] (px4_msgs) StdoutLine: {'line': b'-- Up-to-date: /home/rschnurr/SkyClaw-Team1/ros2_ws/install/px4_msgs/include/px4_msgs/px4_msgs/msg/detail/failsafe_flags__functions.h\n'}
[1.834637] (px4_msgs) StdoutLine: {'line': b'-- Up-to-date: /home/rschnurr/SkyClaw-Team1/ros2_ws/install/px4_msgs/include/px4_msgs/px4_msgs/msg/detail/hover_thrust_estimate__struct.h\n'}
[1.834670] (px4_msgs) StdoutLine: {'line': b'-- Up-to-date: /home/rschnurr/SkyClaw-Team1/ros2_ws/install/px4_msgs/include/px4_msgs/px4_msgs/msg/detail/actuator_armed__functions.h\n'}
[1.834707] (px4_msgs) StdoutLine: {'line': b'-- Up-to-date: /home/rschnurr/SkyClaw-Team1/ros2_ws/install/px4_msgs/include/px4_msgs/px4_msgs/msg/detail/rover_throttle_setpoint__functions.c\n'}
[1.834739] (px4_msgs) StdoutLine: {'line': b'-- Up-to-date: /home/rschnurr/SkyClaw-Team1/ros2_ws/install/px4_msgs/include/px4_msgs/px4_msgs/msg/detail/normalized_unsigned_setpoint__functions.c\n'}
[1.834771] (px4_msgs) StdoutLine: {'line': b'-- Up-to-date: /home/rschnurr/SkyClaw-Team1/ros2_ws/install/px4_msgs/include/px4_msgs/px4_msgs/msg/detail/distance_sensor__type_support.h\n'}
[1.834861] (px4_msgs) StdoutLine: {'line': b'-- Up-to-date: /home/rschnurr/SkyClaw-Team1/ros2_ws/install/px4_msgs/include/px4_msgs/px4_msgs/msg/detail/estimator_aid_source1d__struct.h\n'}
[1.834939] (px4_msgs) StdoutLine: {'line': b'-- Up-to-date: /home/rschnurr/SkyClaw-Team1/ros2_ws/install/px4_msgs/include/px4_msgs/px4_msgs/msg/detail/generator_status__type_support.h\n'}
[1.835226] (px4_msgs) StdoutLine: {'line': b'-- Up-to-date: /home/rschnurr/SkyClaw-Team1/ros2_ws/install/px4_msgs/include/px4_msgs/px4_msgs/msg/detail/led_control__type_support.h\n'}
[1.835338] (px4_msgs) StdoutLine: {'line': b'-- Up-to-date: /home/rschnurr/SkyClaw-Team1/ros2_ws/install/px4_msgs/include/px4_msgs/px4_msgs/msg/detail/actuator_controls_status__type_support.h\n'}
[1.835567] (px4_msgs) StdoutLine: {'line': b'-- Up-to-date: /home/rschnurr/SkyClaw-Team1/ros2_ws/install/px4_msgs/include/px4_msgs/px4_msgs/msg/detail/arming_check_reply__struct.h\n'}
[1.835710] (px4_msgs) StdoutLine: {'line': b'-- Up-to-date: /home/rschnurr/SkyClaw-Team1/ros2_ws/install/px4_msgs/include/px4_msgs/px4_msgs/msg/detail/button_event__functions.h\n'}
[1.835786] (px4_msgs) StdoutLine: {'line': b'-- Up-to-date: /home/rschnurr/SkyClaw-Team1/ros2_ws/install/px4_msgs/include/px4_msgs/px4_msgs/msg/detail/telemetry_status__functions.c\n'}
[1.835842] (px4_msgs) StdoutLine: {'line': b'-- Up-to-date: /home/rschnurr/SkyClaw-Team1/ros2_ws/install/px4_msgs/include/px4_msgs/px4_msgs/msg/detail/sensor_baro__functions.h\n'}
[1.836811] (px4_msgs) StdoutLine: {'line': b'-- Up-to-date: /home/rschnurr/SkyClaw-Team1/ros2_ws/install/px4_msgs/include/px4_msgs/px4_msgs/msg/detail/rover_attitude_setpoint__type_support.h\n'}
[1.837356] (px4_msgs) StdoutLine: {'line': b'-- Up-to-date: /home/rschnurr/SkyClaw-Team1/ros2_ws/install/px4_msgs/include/px4_msgs/px4_msgs/msg/detail/landing_target_pose__functions.h\n'}
[1.837430] (px4_msgs) StdoutLine: {'line': b'-- Up-to-date: /home/rschnurr/SkyClaw-Team1/ros2_ws/install/px4_msgs/include/px4_msgs/px4_msgs/msg/detail/config_overrides__type_support.h\n'}
[1.837479] (px4_msgs) StdoutLine: {'line': b'-- Up-to-date: /home/rschnurr/SkyClaw-Team1/ros2_ws/install/px4_msgs/include/px4_msgs/px4_msgs/msg/detail/sensor_mag__functions.c\n'}
[1.837524] (px4_msgs) StdoutLine: {'line': b'-- Up-to-date: /home/rschnurr/SkyClaw-Team1/ros2_ws/install/px4_msgs/include/px4_msgs/px4_msgs/msg/detail/uavcan_parameter_request__functions.c\n'}
[1.837568] (px4_msgs) StdoutLine: {'line': b'-- Up-to-date: /home/rschnurr/SkyClaw-Team1/ros2_ws/install/px4_msgs/include/px4_msgs/px4_msgs/msg/detail/landing_gear_wheel__type_support.h\n'}
[1.837610] (px4_msgs) StdoutLine: {'line': b'-- Up-to-date: /home/rschnurr/SkyClaw-Team1/ros2_ws/install/px4_msgs/include/px4_msgs/px4_msgs/msg/detail/action_request__functions.c\n'}
[1.837651] (px4_msgs) StdoutLine: {'line': b'-- Up-to-date: /home/rschnurr/SkyClaw-Team1/ros2_ws/install/px4_msgs/include/px4_msgs/px4_msgs/msg/detail/vehicle_optical_flow_vel__functions.h\n'}
[1.837768] (px4_msgs) StdoutLine: {'line': b'-- Up-to-date: /home/rschnurr/SkyClaw-Team1/ros2_ws/install/px4_msgs/include/px4_msgs/px4_msgs/msg/detail/mavlink_tunnel__functions.h\n'}
[1.838056] (px4_msgs) StdoutLine: {'line': b'-- Up-to-date: /home/rschnurr/SkyClaw-Team1/ros2_ws/install/px4_msgs/include/px4_msgs/px4_msgs/msg/detail/timesync_status__functions.c\n'}
[1.838253] (px4_msgs) StdoutLine: {'line': b'-- Up-to-date: /home/rschnurr/SkyClaw-Team1/ros2_ws/install/px4_msgs/include/px4_msgs/px4_msgs/msg/detail/qshell_req__struct.h\n'}
[1.838441] (px4_msgs) StdoutLine: {'line': b'-- Up-to-date: /home/rschnurr/SkyClaw-Team1/ros2_ws/install/px4_msgs/include/px4_msgs/px4_msgs/msg/detail/open_drone_id_self_id__type_support.h\n'}
[1.839335] (px4_msgs) StdoutLine: {'line': b'-- Up-to-date: /home/rschnurr/SkyClaw-Team1/ros2_ws/install/px4_msgs/include/px4_msgs/px4_msgs/msg/detail/vehicle_odometry__struct.h\n'}
[1.839813] (px4_msgs) StdoutLine: {'line': b'-- Up-to-date: /home/rschnurr/SkyClaw-Team1/ros2_ws/install/px4_msgs/include/px4_msgs/px4_msgs/msg/detail/estimator_aid_source1d__functions.c\n'}
[1.840028] (px4_msgs) StdoutLine: {'line': b'-- Up-to-date: /home/rschnurr/SkyClaw-Team1/ros2_ws/install/px4_msgs/include/px4_msgs/px4_msgs/msg/detail/uavcan_parameter_value__functions.h\n'}
[1.840409] (px4_msgs) StdoutLine: {'line': b'-- Up-to-date: /home/rschnurr/SkyClaw-Team1/ros2_ws/install/px4_msgs/include/px4_msgs/px4_msgs/msg/detail/gpio_request__struct.h\n'}
[1.840881] (px4_msgs) StdoutLine: {'line': b'-- Up-to-date: /home/rschnurr/SkyClaw-Team1/ros2_ws/install/px4_msgs/include/px4_msgs/px4_msgs/msg/detail/tune_control__functions.h\n'}
[1.841267] (px4_msgs) StdoutLine: {'line': b'-- Up-to-date: /home/rschnurr/SkyClaw-Team1/ros2_ws/install/px4_msgs/include/px4_msgs/px4_msgs/msg/detail/vehicle_angular_velocity__functions.h\n'}
[1.841388] (px4_msgs) StdoutLine: {'line': b'-- Up-to-date: /home/rschnurr/SkyClaw-Team1/ros2_ws/install/px4_msgs/include/px4_msgs/px4_msgs/msg/detail/open_drone_id_arm_status__type_support.h\n'}
[1.841474] (px4_msgs) StdoutLine: {'line': b'-- Up-to-date: /home/rschnurr/SkyClaw-Team1/ros2_ws/install/px4_msgs/include/px4_msgs/px4_msgs/msg/detail/gimbal_manager_set_attitude__struct.h\n'}
[1.841595] (px4_msgs) StdoutLine: {'line': b'-- Up-to-date: /home/rschnurr/SkyClaw-Team1/ros2_ws/install/px4_msgs/include/px4_msgs/px4_msgs/msg/detail/pure_pursuit_status__type_support.h\n'}
[1.842225] (px4_msgs) StdoutLine: {'line': b'-- Up-to-date: /home/rschnurr/SkyClaw-Team1/ros2_ws/install/px4_msgs/include/px4_msgs/px4_msgs/msg/detail/gimbal_device_information__functions.c\n'}
[1.842396] (px4_msgs) StdoutLine: {'line': b'-- Up-to-date: /home/rschnurr/SkyClaw-Team1/ros2_ws/install/px4_msgs/include/px4_msgs/px4_msgs/msg/detail/estimator_sensor_bias__functions.c\n'}
[1.842502] (px4_msgs) StdoutLine: {'line': b'-- Up-to-date: /home/rschnurr/SkyClaw-Team1/ros2_ws/install/px4_msgs/include/px4_msgs/px4_msgs/msg/detail/unregister_ext_component__type_support.h\n'}
[1.843265] (px4_msgs) StdoutLine: {'line': b'-- Up-to-date: /home/rschnurr/SkyClaw-Team1/ros2_ws/install/px4_msgs/include/px4_msgs/px4_msgs/msg/detail/vehicle_optical_flow_vel__type_support.h\n'}
[1.843626] (px4_msgs) StdoutLine: {'line': b'-- Up-to-date: /home/rschnurr/SkyClaw-Team1/ros2_ws/install/px4_msgs/include/px4_msgs/px4_msgs/msg/detail/vehicle_air_data__type_support.h\n'}
[1.844080] (px4_msgs) StdoutLine: {'line': b'-- Up-to-date: /home/rschnurr/SkyClaw-Team1/ros2_ws/install/px4_msgs/include/px4_msgs/px4_msgs/msg/detail/airspeed_wind__type_support.h\n'}
[1.844266] (px4_msgs) StdoutLine: {'line': b'-- Up-to-date: /home/rschnurr/SkyClaw-Team1/ros2_ws/install/px4_msgs/include/px4_msgs/px4_msgs/msg/detail/sensor_uwb__functions.c\n'}
[1.844377] (px4_msgs) StdoutLine: {'line': b'-- Up-to-date: /home/rschnurr/SkyClaw-Team1/ros2_ws/install/px4_msgs/include/px4_msgs/px4_msgs/msg/detail/gimbal_device_set_attitude__functions.c\n'}
[1.844699] (px4_msgs) StdoutLine: {'line': b'-- Up-to-date: /home/rschnurr/SkyClaw-Team1/ros2_ws/install/px4_msgs/include/px4_msgs/px4_msgs/msg/detail/can_interface_status__type_support.h\n'}
[1.845312] (px4_msgs) StdoutLine: {'line': b'-- Up-to-date: /home/rschnurr/SkyClaw-Team1/ros2_ws/install/px4_msgs/include/px4_msgs/px4_msgs/msg/detail/mission_result__functions.h\n'}
[1.845603] (px4_msgs) StdoutLine: {'line': b'-- Up-to-date: /home/rschnurr/SkyClaw-Team1/ros2_ws/install/px4_msgs/include/px4_msgs/px4_msgs/msg/detail/distance_sensor__functions.h\n'}
[1.845770] (px4_msgs) StdoutLine: {'line': b'-- Up-to-date: /home/rschnurr/SkyClaw-Team1/ros2_ws/install/px4_msgs/include/px4_msgs/px4_msgs/msg/detail/sensor_gyro_fft__functions.h\n'}
[1.846931] (px4_msgs) StdoutLine: {'line': b'-- Up-to-date: /home/rschnurr/SkyClaw-Team1/ros2_ws/install/px4_msgs/include/px4_msgs/px4_msgs/msg/detail/cpuload__type_support.h\n'}
[1.847143] (px4_msgs) StdoutLine: {'line': b'-- Up-to-date: /home/rschnurr/SkyClaw-Team1/ros2_ws/install/px4_msgs/include/px4_msgs/px4_msgs/msg/detail/irlock_report__functions.h\n'}
[1.847342] (px4_msgs) StdoutLine: {'line': b'-- Up-to-date: /home/rschnurr/SkyClaw-Team1/ros2_ws/install/px4_msgs/include/px4_msgs/px4_msgs/msg/detail/vehicle_angular_velocity__type_support.h\n'}
[1.847484] (px4_msgs) StdoutLine: {'line': b'-- Up-to-date: /home/rschnurr/SkyClaw-Team1/ros2_ws/install/px4_msgs/include/px4_msgs/px4_msgs/msg/detail/gimbal_device_attitude_status__functions.h\n'}
[1.847810] (px4_msgs) StdoutLine: {'line': b'-- Up-to-date: /home/rschnurr/SkyClaw-Team1/ros2_ws/install/px4_msgs/include/px4_msgs/px4_msgs/msg/detail/gimbal_manager_set_attitude__functions.c\n'}
[1.848064] (px4_msgs) StdoutLine: {'line': b'-- Up-to-date: /home/rschnurr/SkyClaw-Team1/ros2_ws/install/px4_msgs/include/px4_msgs/px4_msgs/msg/detail/sensor_combined__functions.h\n'}
[1.848365] (px4_msgs) StdoutLine: {'line': b'-- Up-to-date: /home/rschnurr/SkyClaw-Team1/ros2_ws/install/px4_msgs/include/px4_msgs/px4_msgs/msg/detail/estimator_states__functions.c\n'}
[1.848560] (px4_msgs) StdoutLine: {'line': b'-- Up-to-date: /home/rschnurr/SkyClaw-Team1/ros2_ws/install/px4_msgs/include/px4_msgs/px4_msgs/msg/detail/sensor_mag__type_support.h\n'}
[1.848794] (px4_msgs) StdoutLine: {'line': b'-- Up-to-date: /home/rschnurr/SkyClaw-Team1/ros2_ws/install/px4_msgs/include/px4_msgs/px4_msgs/msg/detail/register_ext_component_request__functions.h\n'}
[1.849922] (px4_msgs) StdoutLine: {'line': b'-- Up-to-date: /home/rschnurr/SkyClaw-Team1/ros2_ws/install/px4_msgs/include/px4_msgs/px4_msgs/msg/detail/failure_detector_status__functions.h\n'}
[1.850183] (px4_msgs) StdoutLine: {'line': b'-- Up-to-date: /home/rschnurr/SkyClaw-Team1/ros2_ws/install/px4_msgs/include/px4_msgs/px4_msgs/msg/detail/estimator_selector_status__functions.c\n'}
[1.850684] (px4_msgs) StdoutLine: {'line': b'-- Up-to-date: /home/rschnurr/SkyClaw-Team1/ros2_ws/install/px4_msgs/include/px4_msgs/px4_msgs/msg/detail/vehicle_local_position__struct.h\n'}
[1.850895] (px4_msgs) StdoutLine: {'line': b'-- Up-to-date: /home/rschnurr/SkyClaw-Team1/ros2_ws/install/px4_msgs/include/px4_msgs/px4_msgs/msg/detail/takeoff_status__type_support.h\n'}
[1.851024] (px4_msgs) StdoutLine: {'line': b'-- Up-to-date: /home/rschnurr/SkyClaw-Team1/ros2_ws/install/px4_msgs/include/px4_msgs/px4_msgs/msg/detail/heater_status__functions.h\n'}
[1.851254] (px4_msgs) StdoutLine: {'line': b'-- Up-to-date: /home/rschnurr/SkyClaw-Team1/ros2_ws/install/px4_msgs/include/px4_msgs/px4_msgs/msg/detail/tiltrotor_extra_controls__type_support.h\n'}
[1.851388] (px4_msgs) StdoutLine: {'line': b'-- Up-to-date: /home/rschnurr/SkyClaw-Team1/ros2_ws/install/px4_msgs/include/px4_msgs/px4_msgs/msg/detail/landing_gear__functions.c\n'}
[1.851486] (px4_msgs) StdoutLine: {'line': b'-- Up-to-date: /home/rschnurr/SkyClaw-Team1/ros2_ws/install/px4_msgs/include/px4_msgs/px4_msgs/msg/detail/heater_status__functions.c\n'}
[1.851572] (px4_msgs) StdoutLine: {'line': b'-- Up-to-date: /home/rschnurr/SkyClaw-Team1/ros2_ws/install/px4_msgs/include/px4_msgs/px4_msgs/msg/detail/follow_target_status__functions.c\n'}
[1.851650] (px4_msgs) StdoutLine: {'line': b'-- Up-to-date: /home/rschnurr/SkyClaw-Team1/ros2_ws/install/px4_msgs/include/px4_msgs/px4_msgs/msg/detail/tune_control__functions.c\n'}
[1.851732] (px4_msgs) StdoutLine: {'line': b'-- Up-to-date: /home/rschnurr/SkyClaw-Team1/ros2_ws/install/px4_msgs/include/px4_msgs/px4_msgs/msg/detail/vehicle_optical_flow_vel__functions.c\n'}
[1.852090] (px4_msgs) StdoutLine: {'line': b'-- Up-to-date: /home/rschnurr/SkyClaw-Team1/ros2_ws/install/px4_msgs/include/px4_msgs/px4_msgs/msg/detail/fixed_wing_lateral_guidance_status__functions.h\n'}
[1.852401] (px4_msgs) StdoutLine: {'line': b'-- Up-to-date: /home/rschnurr/SkyClaw-Team1/ros2_ws/install/px4_msgs/include/px4_msgs/px4_msgs/msg/detail/uavcan_parameter_value__functions.c\n'}
[1.852818] (px4_msgs) StdoutLine: {'line': b'-- Up-to-date: /home/rschnurr/SkyClaw-Team1/ros2_ws/install/px4_msgs/include/px4_msgs/px4_msgs/msg/detail/qshell_req__functions.h\n'}
[1.853071] (px4_msgs) StdoutLine: {'line': b'-- Up-to-date: /home/rschnurr/SkyClaw-Team1/ros2_ws/install/px4_msgs/include/px4_msgs/px4_msgs/msg/detail/onboard_computer_status__type_support.h\n'}
[1.853747] (px4_msgs) StdoutLine: {'line': b'-- Up-to-date: /home/rschnurr/SkyClaw-Team1/ros2_ws/install/px4_msgs/include/px4_msgs/px4_msgs/msg/detail/mavlink_log__struct.h\n'}
[1.853850] (px4_msgs) StdoutLine: {'line': b'-- Up-to-date: /home/rschnurr/SkyClaw-Team1/ros2_ws/install/px4_msgs/include/px4_msgs/px4_msgs/msg/detail/pwm_input__struct.h\n'}
[1.854134] (px4_msgs) StdoutLine: {'line': b'-- Up-to-date: /home/rschnurr/SkyClaw-Team1/ros2_ws/install/px4_msgs/include/px4_msgs/px4_msgs/msg/detail/longitudinal_control_configuration__functions.c\n'}
[1.854364] (px4_msgs) StdoutLine: {'line': b'-- Up-to-date: /home/rschnurr/SkyClaw-Team1/ros2_ws/install/px4_msgs/include/px4_msgs/px4_msgs/msg/detail/config_overrides__functions.c\n'}
[1.854828] (px4_msgs) StdoutLine: {'line': b'-- Up-to-date: /home/rschnurr/SkyClaw-Team1/ros2_ws/install/px4_msgs/include/px4_msgs/px4_msgs/msg/detail/sensor_optical_flow__struct.h\n'}
[1.854900] (px4_msgs) StdoutLine: {'line': b'-- Up-to-date: /home/rschnurr/SkyClaw-Team1/ros2_ws/install/px4_msgs/include/px4_msgs/px4_msgs/msg/detail/orb_test_large__struct.h\n'}
[1.854957] (px4_msgs) StdoutLine: {'line': b'-- Up-to-date: /home/rschnurr/SkyClaw-Team1/ros2_ws/install/px4_msgs/include/px4_msgs/px4_msgs/msg/detail/gimbal_manager_status__functions.c\n'}
[1.855008] (px4_msgs) StdoutLine: {'line': b'-- Up-to-date: /home/rschnurr/SkyClaw-Team1/ros2_ws/install/px4_msgs/include/px4_msgs/px4_msgs/msg/detail/ulog_stream_ack__struct.h\n'}
[1.855059] (px4_msgs) StdoutLine: {'line': b'-- Up-to-date: /home/rschnurr/SkyClaw-Team1/ros2_ws/install/px4_msgs/include/px4_msgs/px4_msgs/msg/detail/follow_target_estimator__functions.c\n'}
[1.855107] (px4_msgs) StdoutLine: {'line': b'-- Up-to-date: /home/rschnurr/SkyClaw-Team1/ros2_ws/install/px4_msgs/include/px4_msgs/px4_msgs/msg/detail/fixed_wing_longitudinal_setpoint__struct.h\n'}
[1.855156] (px4_msgs) StdoutLine: {'line': b'-- Up-to-date: /home/rschnurr/SkyClaw-Team1/ros2_ws/install/px4_msgs/include/px4_msgs/px4_msgs/msg/detail/mission__functions.c\n'}
[1.855204] (px4_msgs) StdoutLine: {'line': b'-- Up-to-date: /home/rschnurr/SkyClaw-Team1/ros2_ws/install/px4_msgs/include/px4_msgs/px4_msgs/msg/detail/mission__functions.h\n'}
[1.855253] (px4_msgs) StdoutLine: {'line': b'-- Up-to-date: /home/rschnurr/SkyClaw-Team1/ros2_ws/install/px4_msgs/include/px4_msgs/px4_msgs/msg/detail/offboard_control_mode__functions.h\n'}
[1.855300] (px4_msgs) StdoutLine: {'line': b'-- Up-to-date: /home/rschnurr/SkyClaw-Team1/ros2_ws/install/px4_msgs/include/px4_msgs/px4_msgs/msg/detail/sensor_gnss_relative__type_support.h\n'}
[1.855361] (px4_msgs) StdoutLine: {'line': b'-- Up-to-date: /home/rschnurr/SkyClaw-Team1/ros2_ws/install/px4_msgs/include/px4_msgs/px4_msgs/msg/detail/debug_key_value__functions.c\n'}
[1.855496] (px4_msgs) StdoutLine: {'line': b'-- Up-to-date: /home/rschnurr/SkyClaw-Team1/ros2_ws/install/px4_msgs/include/px4_msgs/px4_msgs/msg/detail/input_rc__functions.h\n'}
[1.855571] (px4_msgs) StdoutLine: {'line': b'-- Up-to-date: /home/rschnurr/SkyClaw-Team1/ros2_ws/install/px4_msgs/include/px4_msgs/px4_msgs/msg/detail/timesync_status__type_support.h\n'}
[1.855728] (px4_msgs) StdoutLine: {'line': b'-- Up-to-date: /home/rschnurr/SkyClaw-Team1/ros2_ws/install/px4_msgs/include/px4_msgs/px4_msgs/msg/detail/rc_channels__functions.h\n'}
[1.855805] (px4_msgs) StdoutLine: {'line': b'-- Up-to-date: /home/rschnurr/SkyClaw-Team1/ros2_ws/install/px4_msgs/include/px4_msgs/px4_msgs/msg/detail/figure_eight_status__struct.h\n'}
[1.855868] (px4_msgs) StdoutLine: {'line': b'-- Up-to-date: /home/rschnurr/SkyClaw-Team1/ros2_ws/install/px4_msgs/include/px4_msgs/px4_msgs/msg/detail/system_power__type_support.h\n'}
[1.855930] (px4_msgs) StdoutLine: {'line': b'-- Up-to-date: /home/rschnurr/SkyClaw-Team1/ros2_ws/install/px4_msgs/include/px4_msgs/px4_msgs/msg/detail/magnetometer_bias_estimate__functions.h\n'}
[1.855997] (px4_msgs) StdoutLine: {'line': b'-- Up-to-date: /home/rschnurr/SkyClaw-Team1/ros2_ws/install/px4_msgs/include/px4_msgs/px4_msgs/msg/detail/health_report__functions.h\n'}
[1.856868] (px4_msgs) StdoutLine: {'line': b'-- Up-to-date: /home/rschnurr/SkyClaw-Team1/ros2_ws/install/px4_msgs/include/px4_msgs/px4_msgs/msg/detail/message_format_request__functions.h\n'}
[1.856924] (px4_msgs) StdoutLine: {'line': b'-- Up-to-date: /home/rschnurr/SkyClaw-Team1/ros2_ws/install/px4_msgs/include/px4_msgs/px4_msgs/msg/detail/estimator_aid_source3d__functions.c\n'}
[1.857023] (px4_msgs) StdoutLine: {'line': b'-- Up-to-date: /home/rschnurr/SkyClaw-Team1/ros2_ws/install/px4_msgs/include/px4_msgs/px4_msgs/msg/detail/camera_status__functions.c\n'}
[1.857079] (px4_msgs) StdoutLine: {'line': b'-- Up-to-date: /home/rschnurr/SkyClaw-Team1/ros2_ws/install/px4_msgs/include/px4_msgs/px4_msgs/msg/detail/sensor_gps__struct.h\n'}
[1.857139] (px4_msgs) StdoutLine: {'line': b'-- Up-to-date: /home/rschnurr/SkyClaw-Team1/ros2_ws/install/px4_msgs/include/px4_msgs/px4_msgs/msg/detail/rpm__functions.c\n'}
[1.857216] (px4_msgs) StdoutLine: {'line': b'-- Up-to-date: /home/rschnurr/SkyClaw-Team1/ros2_ws/install/px4_msgs/include/px4_msgs/px4_msgs/msg/detail/gimbal_manager_information__functions.c\n'}
[1.857366] (px4_msgs) StdoutLine: {'line': b'-- Up-to-date: /home/rschnurr/SkyClaw-Team1/ros2_ws/install/px4_msgs/include/px4_msgs/px4_msgs/msg/detail/iridiumsbd_status__functions.c\n'}
[1.857439] (px4_msgs) StdoutLine: {'line': b'-- Up-to-date: /home/rschnurr/SkyClaw-Team1/ros2_ws/install/px4_msgs/include/px4_msgs/px4_msgs/msg/detail/gpio_config__functions.h\n'}
[1.857677] (px4_msgs) StdoutLine: {'line': b'-- Up-to-date: /home/rschnurr/SkyClaw-Team1/ros2_ws/install/px4_msgs/include/px4_msgs/px4_msgs/msg/detail/rover_speed_setpoint__functions.h\n'}
[1.857829] (px4_msgs) StdoutLine: {'line': b'-- Up-to-date: /home/rschnurr/SkyClaw-Team1/ros2_ws/install/px4_msgs/include/px4_msgs/px4_msgs/msg/detail/vehicle_local_position_setpoint__functions.h\n'}
[1.858133] (px4_msgs) StdoutLine: {'line': b'-- Up-to-date: /home/rschnurr/SkyClaw-Team1/ros2_ws/install/px4_msgs/include/px4_msgs/px4_msgs/msg/detail/fixed_wing_lateral_setpoint__functions.h\n'}
[1.859174] (px4_msgs) StdoutLine: {'line': b'-- Up-to-date: /home/rschnurr/SkyClaw-Team1/ros2_ws/install/px4_msgs/include/px4_msgs/px4_msgs/msg/detail/debug_key_value__functions.h\n'}
[1.859288] (px4_msgs) StdoutLine: {'line': b'-- Up-to-date: /home/rschnurr/SkyClaw-Team1/ros2_ws/install/px4_msgs/include/px4_msgs/px4_msgs/msg/detail/rover_attitude_status__type_support.h\n'}
[1.859405] (px4_msgs) StdoutLine: {'line': b'-- Up-to-date: /home/rschnurr/SkyClaw-Team1/ros2_ws/install/px4_msgs/include/px4_msgs/px4_msgs/msg/detail/esc_status__type_support.h\n'}
[1.859586] (px4_msgs) StdoutLine: {'line': b'-- Up-to-date: /home/rschnurr/SkyClaw-Team1/ros2_ws/install/px4_msgs/include/px4_msgs/px4_msgs/msg/detail/dataman_request__functions.h\n'}
[1.859726] (px4_msgs) StdoutLine: {'line': b'-- Up-to-date: /home/rschnurr/SkyClaw-Team1/ros2_ws/install/px4_msgs/include/px4_msgs/px4_msgs/msg/detail/vehicle_rates_setpoint__functions.h\n'}
[1.859838] (px4_msgs) StdoutLine: {'line': b'-- Up-to-date: /home/rschnurr/SkyClaw-Team1/ros2_ws/install/px4_msgs/include/px4_msgs/px4_msgs/msg/detail/rc_parameter_map__struct.h\n'}
[1.859907] (px4_msgs) StdoutLine: {'line': b'-- Up-to-date: /home/rschnurr/SkyClaw-Team1/ros2_ws/install/px4_msgs/include/px4_msgs/px4_msgs/msg/detail/normalized_unsigned_setpoint__functions.h\n'}
[1.859963] (px4_msgs) StdoutLine: {'line': b'-- Up-to-date: /home/rschnurr/SkyClaw-Team1/ros2_ws/install/px4_msgs/include/px4_msgs/px4_msgs/msg/detail/sensor_gyro_fifo__type_support.h\n'}
[1.860008] (px4_msgs) StdoutLine: {'line': b'-- Up-to-date: /home/rschnurr/SkyClaw-Team1/ros2_ws/install/px4_msgs/include/px4_msgs/px4_msgs/msg/detail/sensor_gyro__functions.c\n'}
[1.860050] (px4_msgs) StdoutLine: {'line': b'-- Up-to-date: /home/rschnurr/SkyClaw-Team1/ros2_ws/install/px4_msgs/include/px4_msgs/px4_msgs/msg/detail/telemetry_status__functions.h\n'}
[1.860113] (px4_msgs) StdoutLine: {'line': b'-- Up-to-date: /home/rschnurr/SkyClaw-Team1/ros2_ws/install/px4_msgs/include/px4_msgs/px4_msgs/msg/detail/position_controller_landing_status__functions.c\n'}
[1.860167] (px4_msgs) StdoutLine: {'line': b'-- Up-to-date: /home/rschnurr/SkyClaw-Team1/ros2_ws/install/px4_msgs/include/px4_msgs/px4_msgs/msg/detail/vehicle_optical_flow__functions.h\n'}
[1.860208] (px4_msgs) StdoutLine: {'line': b'-- Up-to-date: /home/rschnurr/SkyClaw-Team1/ros2_ws/install/px4_msgs/include/px4_msgs/px4_msgs/msg/detail/parameter_set_used_request__struct.h\n'}
[1.860250] (px4_msgs) StdoutLine: {'line': b'-- Up-to-date: /home/rschnurr/SkyClaw-Team1/ros2_ws/install/px4_msgs/include/px4_msgs/px4_msgs/msg/detail/navigator_status__functions.h\n'}
[1.860289] (px4_msgs) StdoutLine: {'line': b'-- Up-to-date: /home/rschnurr/SkyClaw-Team1/ros2_ws/install/px4_msgs/include/px4_msgs/px4_msgs/msg/detail/actuator_motors__type_support.h\n'}
[1.860338] (px4_msgs) StdoutLine: {'line': b'-- Up-to-date: /home/rschnurr/SkyClaw-Team1/ros2_ws/install/px4_msgs/include/px4_msgs/px4_msgs/msg/detail/actuator_servos__functions.c\n'}
[1.860396] (px4_msgs) StdoutLine: {'line': b'-- Up-to-date: /home/rschnurr/SkyClaw-Team1/ros2_ws/install/px4_msgs/include/px4_msgs/px4_msgs/msg/detail/vehicle_odometry__type_support.h\n'}
[1.860482] (px4_msgs) StdoutLine: {'line': b'-- Up-to-date: /home/rschnurr/SkyClaw-Team1/ros2_ws/install/px4_msgs/include/px4_msgs/px4_msgs/msg/detail/estimator_aid_source1d__type_support.h\n'}
[1.860537] (px4_msgs) StdoutLine: {'line': b'-- Up-to-date: /home/rschnurr/SkyClaw-Team1/ros2_ws/install/px4_msgs/include/px4_msgs/px4_msgs/msg/detail/ekf2_timestamps__functions.h\n'}
[1.860582] (px4_msgs) StdoutLine: {'line': b'-- Up-to-date: /home/rschnurr/SkyClaw-Team1/ros2_ws/install/px4_msgs/include/px4_msgs/px4_msgs/msg/detail/vehicle_control_mode__struct.h\n'}
[1.860624] (px4_msgs) StdoutLine: {'line': b'-- Up-to-date: /home/rschnurr/SkyClaw-Team1/ros2_ws/install/px4_msgs/include/px4_msgs/px4_msgs/msg/detail/longitudinal_control_configuration__functions.h\n'}
[1.860667] (px4_msgs) StdoutLine: {'line': b'-- Up-to-date: /home/rschnurr/SkyClaw-Team1/ros2_ws/install/px4_msgs/include/px4_msgs/px4_msgs/msg/detail/gripper__struct.h\n'}
[1.860780] (px4_msgs) StdoutLine: {'line': b'-- Up-to-date: /home/rschnurr/SkyClaw-Team1/ros2_ws/install/px4_msgs/include/px4_msgs/px4_msgs/msg/detail/rover_rate_status__struct.h\n'}
[1.860846] (px4_msgs) StdoutLine: {'line': b'-- Up-to-date: /home/rschnurr/SkyClaw-Team1/ros2_ws/install/px4_msgs/include/px4_msgs/px4_msgs/msg/detail/mavlink_log__functions.c\n'}
[1.860896] (px4_msgs) StdoutLine: {'line': b'-- Up-to-date: /home/rschnurr/SkyClaw-Team1/ros2_ws/install/px4_msgs/include/px4_msgs/px4_msgs/msg/detail/gps_inject_data__functions.h\n'}
[1.860944] (px4_msgs) StdoutLine: {'line': b'-- Up-to-date: /home/rschnurr/SkyClaw-Team1/ros2_ws/install/px4_msgs/include/px4_msgs/px4_msgs/msg/detail/rc_parameter_map__functions.h\n'}
[1.861009] (px4_msgs) StdoutLine: {'line': b'-- Up-to-date: /home/rschnurr/SkyClaw-Team1/ros2_ws/install/px4_msgs/include/px4_msgs/px4_msgs/msg/detail/rover_speed_status__type_support.h\n'}
[1.861062] (px4_msgs) StdoutLine: {'line': b'-- Up-to-date: /home/rschnurr/SkyClaw-Team1/ros2_ws/install/px4_msgs/include/px4_msgs/px4_msgs/msg/detail/sensor_mag__functions.h\n'}
[1.861214] (px4_msgs) StdoutLine: {'line': b'-- Up-to-date: /home/rschnurr/SkyClaw-Team1/ros2_ws/install/px4_msgs/include/px4_msgs/px4_msgs/msg/detail/sensor_uwb__functions.h\n'}
[1.861501] (px4_msgs) StdoutLine: {'line': b'-- Up-to-date: /home/rschnurr/SkyClaw-Team1/ros2_ws/install/px4_msgs/include/px4_msgs/px4_msgs/msg/detail/sensor_gnss_status__functions.c\n'}
[1.862578] (px4_msgs) StdoutLine: {'line': b'-- Up-to-date: /home/rschnurr/SkyClaw-Team1/ros2_ws/install/px4_msgs/include/px4_msgs/px4_msgs/msg/detail/mag_worker_data__functions.c\n'}
[1.862986] (px4_msgs) StdoutLine: {'line': b'-- Up-to-date: /home/rschnurr/SkyClaw-Team1/ros2_ws/install/px4_msgs/include/px4_msgs/px4_msgs/msg/detail/adc_report__functions.h\n'}
[1.863481] (px4_msgs) StdoutLine: {'line': b'-- Up-to-date: /home/rschnurr/SkyClaw-Team1/ros2_ws/install/px4_msgs/include/px4_msgs/px4_msgs/msg/detail/sensor_selection__functions.c\n'}
[1.864056] (px4_msgs) StdoutLine: {'line': b'-- Up-to-date: /home/rschnurr/SkyClaw-Team1/ros2_ws/install/px4_msgs/include/px4_msgs/px4_msgs/msg/detail/rtl_time_estimate__functions.c\n'}
[1.864822] (px4_msgs) StdoutLine: {'line': b'-- Up-to-date: /home/rschnurr/SkyClaw-Team1/ros2_ws/install/px4_msgs/include/px4_msgs/px4_msgs/msg/detail/gimbal_manager_set_manual_control__struct.h\n'}
[1.865194] (px4_msgs) StdoutLine: {'line': b'-- Up-to-date: /home/rschnurr/SkyClaw-Team1/ros2_ws/install/px4_msgs/include/px4_msgs/px4_msgs/msg/detail/navigator_mission_item__type_support.h\n'}
[1.865656] (px4_msgs) StdoutLine: {'line': b'-- Up-to-date: /home/rschnurr/SkyClaw-Team1/ros2_ws/install/px4_msgs/include/px4_msgs/px4_msgs/msg/detail/rc_channels__struct.h\n'}
[1.865799] (px4_msgs) StdoutLine: {'line': b'-- Up-to-date: /home/rschnurr/SkyClaw-Team1/ros2_ws/install/px4_msgs/include/px4_msgs/px4_msgs/msg/detail/failsafe_flags__functions.c\n'}
[1.865868] (px4_msgs) StdoutLine: {'line': b'-- Up-to-date: /home/rschnurr/SkyClaw-Team1/ros2_ws/install/px4_msgs/include/px4_msgs/px4_msgs/msg/detail/qshell_req__functions.c\n'}
[1.865983] (px4_msgs) StdoutLine: {'line': b'-- Up-to-date: /home/rschnurr/SkyClaw-Team1/ros2_ws/install/px4_msgs/include/px4_msgs/px4_msgs/msg/detail/rover_position_setpoint__type_support.h\n'}
[1.866134] (px4_msgs) StdoutLine: {'line': b'-- Up-to-date: /home/rschnurr/SkyClaw-Team1/ros2_ws/install/px4_msgs/include/px4_msgs/px4_msgs/msg/detail/cellular_status__functions.h\n'}
[1.866261] (px4_msgs) StdoutLine: {'line': b'-- Up-to-date: /home/rschnurr/SkyClaw-Team1/ros2_ws/install/px4_msgs/include/px4_msgs/px4_msgs/msg/detail/estimator_event_flags__type_support.h\n'}
[1.866315] (px4_msgs) StdoutLine: {'line': b'-- Up-to-date: /home/rschnurr/SkyClaw-Team1/ros2_ws/install/px4_msgs/include/px4_msgs/px4_msgs/msg/detail/position_setpoint__functions.c\n'}
[1.866359] (px4_msgs) StdoutLine: {'line': b'-- Up-to-date: /home/rschnurr/SkyClaw-Team1/ros2_ws/install/px4_msgs/include/px4_msgs/px4_msgs/msg/detail/pps_capture__type_support.h\n'}
[1.866402] (px4_msgs) StdoutLine: {'line': b'-- Up-to-date: /home/rschnurr/SkyClaw-Team1/ros2_ws/install/px4_msgs/include/px4_msgs/px4_msgs/msg/detail/register_ext_component_reply__functions.c\n'}
[1.866630] (px4_msgs) StdoutLine: {'line': b'-- Up-to-date: /home/rschnurr/SkyClaw-Team1/ros2_ws/install/px4_msgs/include/px4_msgs/px4_msgs/msg/detail/can_interface_status__functions.c\n'}
[1.866728] (px4_msgs) StdoutLine: {'line': b'-- Up-to-date: /home/rschnurr/SkyClaw-Team1/ros2_ws/install/px4_msgs/include/px4_msgs/px4_msgs/msg/detail/gpio_config__type_support.h\n'}
[1.866781] (px4_msgs) StdoutLine: {'line': b'-- Up-to-date: /home/rschnurr/SkyClaw-Team1/ros2_ws/install/px4_msgs/include/px4_msgs/px4_msgs/msg/detail/geofence_result__struct.h\n'}
[1.866827] (px4_msgs) StdoutLine: {'line': b'-- Up-to-date: /home/rschnurr/SkyClaw-Team1/ros2_ws/install/px4_msgs/include/px4_msgs/px4_msgs/msg/detail/battery_status__struct.h\n'}
[1.866934] (px4_msgs) StdoutLine: {'line': b'-- Up-to-date: /home/rschnurr/SkyClaw-Team1/ros2_ws/install/px4_msgs/include/px4_msgs/px4_msgs/msg/detail/rc_channels__type_support.h\n'}
[1.867141] (px4_msgs) StdoutLine: {'line': b'-- Up-to-date: /home/rschnurr/SkyClaw-Team1/ros2_ws/install/px4_msgs/include/px4_msgs/px4_msgs/msg/detail/irlock_report__functions.c\n'}
[1.867365] (px4_msgs) StdoutLine: {'line': b'-- Up-to-date: /home/rschnurr/SkyClaw-Team1/ros2_ws/install/px4_msgs/include/px4_msgs/px4_msgs/msg/detail/manual_control_switches__type_support.h\n'}
[1.867646] (px4_msgs) StdoutLine: {'line': b'-- Up-to-date: /home/rschnurr/SkyClaw-Team1/ros2_ws/install/px4_msgs/include/px4_msgs/px4_msgs/msg/detail/unregister_ext_component__functions.c\n'}
[1.867932] (px4_msgs) StdoutLine: {'line': b'-- Up-to-date: /home/rschnurr/SkyClaw-Team1/ros2_ws/install/px4_msgs/include/px4_msgs/px4_msgs/msg/detail/parameter_reset_request__struct.h\n'}
[1.868297] (px4_msgs) StdoutLine: {'line': b'-- Up-to-date: /home/rschnurr/SkyClaw-Team1/ros2_ws/install/px4_msgs/include/px4_msgs/px4_msgs/msg/detail/vehicle_optical_flow__struct.h\n'}
[1.869115] (px4_msgs) StdoutLine: {'line': b'-- Up-to-date: /home/rschnurr/SkyClaw-Team1/ros2_ws/install/px4_msgs/include/px4_msgs/px4_msgs/msg/detail/esc_report__functions.c\n'}
[1.869273] (px4_msgs) StdoutLine: {'line': b'-- Up-to-date: /home/rschnurr/SkyClaw-Team1/ros2_ws/install/px4_msgs/include/px4_msgs/px4_msgs/msg/detail/failure_detector_status__type_support.h\n'}
[1.869330] (px4_msgs) StdoutLine: {'line': b'-- Up-to-date: /home/rschnurr/SkyClaw-Team1/ros2_ws/install/px4_msgs/include/px4_msgs/px4_msgs/msg/detail/estimator_gps_status__functions.c\n'}
[1.869391] (px4_msgs) StdoutLine: {'line': b'-- Up-to-date: /home/rschnurr/SkyClaw-Team1/ros2_ws/install/px4_msgs/include/px4_msgs/px4_msgs/msg/detail/landing_gear_wheel__struct.h\n'}
[1.869459] (px4_msgs) StdoutLine: {'line': b'-- Up-to-date: /home/rschnurr/SkyClaw-Team1/ros2_ws/install/px4_msgs/include/px4_msgs/px4_msgs/msg/detail/task_stack_info__functions.c\n'}
[1.869506] (px4_msgs) StdoutLine: {'line': b'-- Up-to-date: /home/rschnurr/SkyClaw-Team1/ros2_ws/install/px4_msgs/include/px4_msgs/px4_msgs/msg/detail/gpio_config__struct.h\n'}
[1.869731] (px4_msgs) StdoutLine: {'line': b'-- Up-to-date: /home/rschnurr/SkyClaw-Team1/ros2_ws/install/px4_msgs/include/px4_msgs/px4_msgs/msg/detail/mission_result__functions.c\n'}
[1.869928] (px4_msgs) StdoutLine: {'line': b'-- Up-to-date: /home/rschnurr/SkyClaw-Team1/ros2_ws/install/px4_msgs/include/px4_msgs/px4_msgs/msg/detail/vehicle_angular_acceleration_setpoint__type_support.h\n'}
[1.870352] (px4_msgs) StdoutLine: {'line': b'-- Up-to-date: /home/rschnurr/SkyClaw-Team1/ros2_ws/install/px4_msgs/include/px4_msgs/px4_msgs/msg/detail/qshell_retval__type_support.h\n'}
[1.870925] (px4_msgs) StdoutLine: {'line': b'-- Up-to-date: /home/rschnurr/SkyClaw-Team1/ros2_ws/install/px4_msgs/include/px4_msgs/px4_msgs/msg/detail/estimator_sensor_bias__struct.h\n'}
[1.871092] (px4_msgs) StdoutLine: {'line': b'-- Up-to-date: /home/rschnurr/SkyClaw-Team1/ros2_ws/install/px4_msgs/include/px4_msgs/px4_msgs/msg/detail/vehicle_thrust_setpoint__functions.h\n'}
[1.871400] (px4_msgs) StdoutLine: {'line': b'-- Up-to-date: /home/rschnurr/SkyClaw-Team1/ros2_ws/install/px4_msgs/include/px4_msgs/px4_msgs/msg/detail/event__type_support.h\n'}
[1.871523] (px4_msgs) StdoutLine: {'line': b'-- Up-to-date: /home/rschnurr/SkyClaw-Team1/ros2_ws/install/px4_msgs/include/px4_msgs/px4_msgs/msg/detail/sensor_combined__functions.c\n'}
[1.871589] (px4_msgs) StdoutLine: {'line': b'-- Up-to-date: /home/rschnurr/SkyClaw-Team1/ros2_ws/install/px4_msgs/include/px4_msgs/px4_msgs/msg/detail/gimbal_manager_set_manual_control__functions.c\n'}
[1.873238] (px4_msgs) StdoutLine: {'line': b'-- Up-to-date: /home/rschnurr/SkyClaw-Team1/ros2_ws/install/px4_msgs/include/px4_msgs/px4_msgs/msg/detail/health_report__functions.c\n'}
[1.873735] (px4_msgs) StdoutLine: {'line': b'-- Up-to-date: /home/rschnurr/SkyClaw-Team1/ros2_ws/install/px4_msgs/include/px4_msgs/px4_msgs/msg/detail/vehicle_imu_status__type_support.h\n'}
[1.874349] (px4_msgs) StdoutLine: {'line': b'-- Up-to-date: /home/rschnurr/SkyClaw-Team1/ros2_ws/install/px4_msgs/include/px4_msgs/px4_msgs/msg/detail/gps_inject_data__type_support.h\n'}
[1.874640] (px4_msgs) StdoutLine: {'line': b'-- Up-to-date: /home/rschnurr/SkyClaw-Team1/ros2_ws/install/px4_msgs/include/px4_msgs/px4_msgs/msg/detail/neural_control__type_support.h\n'}
[1.874942] (px4_msgs) StdoutLine: {'line': b'-- Up-to-date: /home/rschnurr/SkyClaw-Team1/ros2_ws/install/px4_msgs/include/px4_msgs/px4_msgs/msg/detail/navigator_status__type_support.h\n'}
[1.875147] (px4_msgs) StdoutLine: {'line': b'-- Up-to-date: /home/rschnurr/SkyClaw-Team1/ros2_ws/install/px4_msgs/include/px4_msgs/px4_msgs/msg/detail/gimbal_device_information__functions.h\n'}
[1.875298] (px4_msgs) StdoutLine: {'line': b'-- Up-to-date: /home/rschnurr/SkyClaw-Team1/ros2_ws/install/px4_msgs/include/px4_msgs/px4_msgs/msg/detail/estimator_bias__struct.h\n'}
[1.875530] (px4_msgs) StdoutLine: {'line': b'-- Up-to-date: /home/rschnurr/SkyClaw-Team1/ros2_ws/install/px4_msgs/include/px4_msgs/px4_msgs/msg/detail/sensor_gnss_status__functions.h\n'}
[1.875790] (px4_msgs) StdoutLine: {'line': b'-- Up-to-date: /home/rschnurr/SkyClaw-Team1/ros2_ws/install/px4_msgs/include/px4_msgs/px4_msgs/msg/detail/vehicle_local_position__functions.c\n'}
[1.875872] (px4_msgs) StdoutLine: {'line': b'-- Up-to-date: /home/rschnurr/SkyClaw-Team1/ros2_ws/install/px4_msgs/include/px4_msgs/px4_msgs/msg/detail/estimator_bias3d__type_support.h\n'}
[1.875968] (px4_msgs) StdoutLine: {'line': b'-- Up-to-date: /home/rschnurr/SkyClaw-Team1/ros2_ws/install/px4_msgs/include/px4_msgs/px4_msgs/msg/detail/control_allocator_status__struct.h\n'}
[1.876037] (px4_msgs) StdoutLine: {'line': b'-- Up-to-date: /home/rschnurr/SkyClaw-Team1/ros2_ws/install/px4_msgs/include/px4_msgs/px4_msgs/msg/detail/message_format_response__type_support.h\n'}
[1.876106] (px4_msgs) StdoutLine: {'line': b'-- Up-to-date: /home/rschnurr/SkyClaw-Team1/ros2_ws/install/px4_msgs/include/px4_msgs/px4_msgs/msg/detail/vehicle_torque_setpoint__functions.h\n'}
[1.876147] (px4_msgs) StdoutLine: {'line': b'-- Up-to-date: /home/rschnurr/SkyClaw-Team1/ros2_ws/install/px4_msgs/include/px4_msgs/px4_msgs/msg/detail/estimator_selector_status__type_support.h\n'}
[1.876237] (px4_msgs) StdoutLine: {'line': b'-- Up-to-date: /home/rschnurr/SkyClaw-Team1/ros2_ws/install/px4_msgs/include/px4_msgs/px4_msgs/msg/detail/trajectory_setpoint6dof__functions.c\n'}
[1.876336] (px4_msgs) StdoutLine: {'line': b'-- Up-to-date: /home/rschnurr/SkyClaw-Team1/ros2_ws/install/px4_msgs/include/px4_msgs/px4_msgs/msg/detail/gpio_in__type_support.h\n'}
[1.876407] (px4_msgs) StdoutLine: {'line': b'-- Up-to-date: /home/rschnurr/SkyClaw-Team1/ros2_ws/install/px4_msgs/include/px4_msgs/px4_msgs/msg/detail/ulog_stream__type_support.h\n'}
[1.876455] (px4_msgs) StdoutLine: {'line': b'-- Up-to-date: /home/rschnurr/SkyClaw-Team1/ros2_ws/install/px4_msgs/include/px4_msgs/px4_msgs/msg/detail/follow_target_status__struct.h\n'}
[1.876589] (px4_msgs) StdoutLine: {'line': b'-- Up-to-date: /home/rschnurr/SkyClaw-Team1/ros2_ws/install/px4_msgs/include/px4_msgs/px4_msgs/msg/detail/flight_phase_estimation__type_support.h\n'}
[1.876735] (px4_msgs) StdoutLine: {'line': b'-- Up-to-date: /home/rschnurr/SkyClaw-Team1/ros2_ws/install/px4_msgs/include/px4_msgs/px4_msgs/msg/detail/vehicle_roi__type_support.h\n'}
[1.876855] (px4_msgs) StdoutLine: {'line': b'-- Up-to-date: /home/rschnurr/SkyClaw-Team1/ros2_ws/install/px4_msgs/include/px4_msgs/px4_msgs/msg/detail/mavlink_tunnel__functions.c\n'}
[1.876983] (px4_msgs) StdoutLine: {'line': b'-- Up-to-date: /home/rschnurr/SkyClaw-Team1/ros2_ws/install/px4_msgs/include/px4_msgs/px4_msgs/msg/detail/gpio_request__functions.h\n'}
[1.878235] (px4_msgs) StdoutLine: {'line': b'-- Up-to-date: /home/rschnurr/SkyClaw-Team1/ros2_ws/install/px4_msgs/include/px4_msgs/px4_msgs/msg/detail/vehicle_attitude_setpoint__functions.c\n'}
[1.878789] (px4_msgs) StdoutLine: {'line': b'-- Up-to-date: /home/rschnurr/SkyClaw-Team1/ros2_ws/install/px4_msgs/include/px4_msgs/px4_msgs/msg/detail/irlock_report__type_support.h\n'}
[1.879411] (px4_msgs) StdoutLine: {'line': b'-- Up-to-date: /home/rschnurr/SkyClaw-Team1/ros2_ws/install/px4_msgs/include/px4_msgs/px4_msgs/msg/detail/vehicle_acceleration__functions.h\n'}
[1.879737] (px4_msgs) StdoutLine: {'line': b'-- Up-to-date: /home/rschnurr/SkyClaw-Team1/ros2_ws/install/px4_msgs/include/px4_msgs/px4_msgs/msg/detail/collision_constraints__struct.h\n'}
[1.879878] (px4_msgs) StdoutLine: {'line': b'-- Up-to-date: /home/rschnurr/SkyClaw-Team1/ros2_ws/install/px4_msgs/include/px4_msgs/px4_msgs/msg/detail/estimator_innovations__functions.h\n'}
[1.879937] (px4_msgs) StdoutLine: {'line': b'-- Up-to-date: /home/rschnurr/SkyClaw-Team1/ros2_ws/install/px4_msgs/include/px4_msgs/px4_msgs/msg/detail/goto_setpoint__struct.h\n'}
[1.879987] (px4_msgs) StdoutLine: {'line': b'-- Up-to-date: /home/rschnurr/SkyClaw-Team1/ros2_ws/install/px4_msgs/include/px4_msgs/px4_msgs/msg/detail/parameter_set_value_request__functions.h\n'}
[1.880050] (px4_msgs) StdoutLine: {'line': b'-- Up-to-date: /home/rschnurr/SkyClaw-Team1/ros2_ws/install/px4_msgs/include/px4_msgs/px4_msgs/msg/detail/sensor_optical_flow__functions.h\n'}
[1.880235] (px4_msgs) StdoutLine: {'line': b'-- Up-to-date: /home/rschnurr/SkyClaw-Team1/ros2_ws/install/px4_msgs/include/px4_msgs/px4_msgs/msg/detail/vehicle_angular_acceleration_setpoint__functions.h\n'}
[1.880607] (px4_msgs) StdoutLine: {'line': b'-- Up-to-date: /home/rschnurr/SkyClaw-Team1/ros2_ws/install/px4_msgs/include/px4_msgs/px4_msgs/msg/detail/camera_capture__functions.c\n'}
[1.880750] (px4_msgs) StdoutLine: {'line': b'-- Up-to-date: /home/rschnurr/SkyClaw-Team1/ros2_ws/install/px4_msgs/include/px4_msgs/px4_msgs/msg/detail/iridiumsbd_status__struct.h\n'}
[1.880842] (px4_msgs) StdoutLine: {'line': b'-- Up-to-date: /home/rschnurr/SkyClaw-Team1/ros2_ws/install/px4_msgs/include/px4_msgs/px4_msgs/msg/detail/pwm_input__functions.c\n'}
[1.880912] (px4_msgs) StdoutLine: {'line': b'-- Up-to-date: /home/rschnurr/SkyClaw-Team1/ros2_ws/install/px4_msgs/include/px4_msgs/px4_msgs/msg/detail/estimator_status_flags__functions.h\n'}
[1.881007] (px4_msgs) StdoutLine: {'line': b'-- Up-to-date: /home/rschnurr/SkyClaw-Team1/ros2_ws/install/px4_msgs/include/px4_msgs/px4_msgs/msg/detail/flight_phase_estimation__functions.h\n'}
[1.881093] (px4_msgs) StdoutLine: {'line': b'-- Up-to-date: /home/rschnurr/SkyClaw-Team1/ros2_ws/install/px4_msgs/include/px4_msgs/px4_msgs/msg/detail/estimator_aid_source2d__functions.h\n'}
[1.881197] (px4_msgs) StdoutLine: {'line': b'-- Up-to-date: /home/rschnurr/SkyClaw-Team1/ros2_ws/install/px4_msgs/include/px4_msgs/px4_msgs/msg/detail/obstacle_distance__functions.h\n'}
[1.881263] (px4_msgs) StdoutLine: {'line': b'-- Up-to-date: /home/rschnurr/SkyClaw-Team1/ros2_ws/install/px4_msgs/include/px4_msgs/px4_msgs/msg/detail/rover_steering_setpoint__struct.h\n'}
[1.881313] (px4_msgs) StdoutLine: {'line': b'-- Up-to-date: /home/rschnurr/SkyClaw-Team1/ros2_ws/install/px4_msgs/include/px4_msgs/px4_msgs/msg/detail/rover_throttle_setpoint__type_support.h\n'}
[1.881360] (px4_msgs) StdoutLine: {'line': b'-- Up-to-date: /home/rschnurr/SkyClaw-Team1/ros2_ws/install/px4_msgs/include/px4_msgs/px4_msgs/msg/detail/vehicle_air_data__functions.h\n'}
[1.881412] (px4_msgs) StdoutLine: {'line': b'-- Up-to-date: /home/rschnurr/SkyClaw-Team1/ros2_ws/install/px4_msgs/include/px4_msgs/px4_msgs/msg/detail/wind__functions.h\n'}
[1.881458] (px4_msgs) StdoutLine: {'line': b'-- Up-to-date: /home/rschnurr/SkyClaw-Team1/ros2_ws/install/px4_msgs/include/px4_msgs/px4_msgs/msg/detail/power_button_state__functions.h\n'}
[1.881598] (px4_msgs) StdoutLine: {'line': b'-- Up-to-date: /home/rschnurr/SkyClaw-Team1/ros2_ws/install/px4_msgs/include/px4_msgs/px4_msgs/msg/detail/parameter_set_value_response__functions.h\n'}
[1.881725] (px4_msgs) StdoutLine: {'line': b'-- Up-to-date: /home/rschnurr/SkyClaw-Team1/ros2_ws/install/px4_msgs/include/px4_msgs/px4_msgs/msg/detail/rover_attitude_status__functions.c\n'}
[1.881871] (px4_msgs) StdoutLine: {'line': b'-- Up-to-date: /home/rschnurr/SkyClaw-Team1/ros2_ws/install/px4_msgs/include/px4_msgs/px4_msgs/msg/detail/home_position__type_support.h\n'}
[1.882027] (px4_msgs) StdoutLine: {'line': b'-- Up-to-date: /home/rschnurr/SkyClaw-Team1/ros2_ws/install/px4_msgs/include/px4_msgs/px4_msgs/msg/detail/vehicle_local_position_setpoint__type_support.h\n'}
[1.882098] (px4_msgs) StdoutLine: {'line': b'-- Up-to-date: /home/rschnurr/SkyClaw-Team1/ros2_ws/install/px4_msgs/include/px4_msgs/px4_msgs/msg/detail/launch_detection_status__functions.c\n'}
[1.882149] (px4_msgs) StdoutLine: {'line': b'-- Up-to-date: /home/rschnurr/SkyClaw-Team1/ros2_ws/install/px4_msgs/include/px4_msgs/px4_msgs/msg/detail/orb_test_medium__struct.h\n'}
[1.882193] (px4_msgs) StdoutLine: {'line': b'-- Up-to-date: /home/rschnurr/SkyClaw-Team1/ros2_ws/install/px4_msgs/include/px4_msgs/px4_msgs/msg/detail/rover_speed_status__struct.h\n'}
[1.882236] (px4_msgs) StdoutLine: {'line': b'-- Up-to-date: /home/rschnurr/SkyClaw-Team1/ros2_ws/install/px4_msgs/include/px4_msgs/px4_msgs/msg/detail/radio_status__functions.c\n'}
[1.882377] (px4_msgs) StdoutLine: {'line': b'-- Up-to-date: /home/rschnurr/SkyClaw-Team1/ros2_ws/install/px4_msgs/include/px4_msgs/px4_msgs/msg/detail/differential_pressure__type_support.h\n'}
[1.882483] (px4_msgs) StdoutLine: {'line': b'-- Up-to-date: /home/rschnurr/SkyClaw-Team1/ros2_ws/install/px4_msgs/include/px4_msgs/px4_msgs/msg/detail/camera_capture__struct.h\n'}
[1.882561] (px4_msgs) StdoutLine: {'line': b'-- Up-to-date: /home/rschnurr/SkyClaw-Team1/ros2_ws/install/px4_msgs/include/px4_msgs/px4_msgs/msg/detail/rover_rate_status__functions.h\n'}
[1.882655] (px4_msgs) StdoutLine: {'line': b'-- Up-to-date: /home/rschnurr/SkyClaw-Team1/ros2_ws/install/px4_msgs/include/px4_msgs/px4_msgs/msg/detail/parameter_set_value_response__struct.h\n'}
[1.882733] (px4_msgs) StdoutLine: {'line': b'-- Up-to-date: /home/rschnurr/SkyClaw-Team1/ros2_ws/install/px4_msgs/include/px4_msgs/px4_msgs/msg/detail/wheel_encoders__struct.h\n'}
[1.882783] (px4_msgs) StdoutLine: {'line': b'-- Up-to-date: /home/rschnurr/SkyClaw-Team1/ros2_ws/install/px4_msgs/include/px4_msgs/px4_msgs/msg/detail/fixed_wing_lateral_setpoint__struct.h\n'}
[1.882817] (px4_msgs) StdoutLine: {'line': b'-- Up-to-date: /home/rschnurr/SkyClaw-Team1/ros2_ws/install/px4_msgs/include/px4_msgs/px4_msgs/msg/detail/sensor_gyro_fft__functions.c\n'}
[1.882848] (px4_msgs) StdoutLine: {'line': b'-- Up-to-date: /home/rschnurr/SkyClaw-Team1/ros2_ws/install/px4_msgs/include/px4_msgs/px4_msgs/msg/detail/launch_detection_status__functions.h\n'}
[1.882880] (px4_msgs) StdoutLine: {'line': b'-- Up-to-date: /home/rschnurr/SkyClaw-Team1/ros2_ws/install/px4_msgs/include/px4_msgs/px4_msgs/msg/detail/launch_detection_status__type_support.h\n'}
[1.882928] (px4_msgs) StdoutLine: {'line': b'-- Up-to-date: /home/rschnurr/SkyClaw-Team1/ros2_ws/install/px4_msgs/include/px4_msgs/px4_msgs/msg/detail/differential_pressure__functions.c\n'}
[1.882963] (px4_msgs) StdoutLine: {'line': b'-- Up-to-date: /home/rschnurr/SkyClaw-Team1/ros2_ws/install/px4_msgs/include/px4_msgs/px4_msgs/msg/detail/estimator_gps_status__type_support.h\n'}
[1.883001] (px4_msgs) StdoutLine: {'line': b'-- Up-to-date: /home/rschnurr/SkyClaw-Team1/ros2_ws/install/px4_msgs/include/px4_msgs/px4_msgs/msg/detail/autotune_attitude_control_status__type_support.h\n'}
[1.883034] (px4_msgs) StdoutLine: {'line': b'-- Up-to-date: /home/rschnurr/SkyClaw-Team1/ros2_ws/install/px4_msgs/include/px4_msgs/px4_msgs/msg/detail/position_setpoint__type_support.h\n'}
[1.883072] (px4_msgs) StdoutLine: {'line': b'-- Up-to-date: /home/rschnurr/SkyClaw-Team1/ros2_ws/install/px4_msgs/include/px4_msgs/px4_msgs/msg/detail/satellite_info__functions.c\n'}
[1.883105] (px4_msgs) StdoutLine: {'line': b'-- Up-to-date: /home/rschnurr/SkyClaw-Team1/ros2_ws/install/px4_msgs/include/px4_msgs/px4_msgs/msg/detail/qshell_retval__functions.c\n'}
[1.883137] (px4_msgs) StdoutLine: {'line': b'-- Up-to-date: /home/rschnurr/SkyClaw-Team1/ros2_ws/install/px4_msgs/include/px4_msgs/px4_msgs/msg/detail/vehicle_global_position__type_support.h\n'}
[1.883170] (px4_msgs) StdoutLine: {'line': b'-- Up-to-date: /home/rschnurr/SkyClaw-Team1/ros2_ws/install/px4_msgs/include/px4_msgs/px4_msgs/msg/detail/actuator_motors__functions.c\n'}
[1.883202] (px4_msgs) StdoutLine: {'line': b'-- Up-to-date: /home/rschnurr/SkyClaw-Team1/ros2_ws/install/px4_msgs/include/px4_msgs/px4_msgs/msg/detail/orb_test_large__functions.c\n'}
[1.883240] (px4_msgs) StdoutLine: {'line': b'-- Up-to-date: /home/rschnurr/SkyClaw-Team1/ros2_ws/install/px4_msgs/include/px4_msgs/px4_msgs/msg/detail/sensors_status_imu__functions.h\n'}
[1.883274] (px4_msgs) StdoutLine: {'line': b'-- Up-to-date: /home/rschnurr/SkyClaw-Team1/ros2_ws/install/px4_msgs/include/px4_msgs/px4_msgs/msg/detail/gpio_config__functions.c\n'}
[1.883369] (px4_msgs) StdoutLine: {'line': b'-- Up-to-date: /home/rschnurr/SkyClaw-Team1/ros2_ws/install/px4_msgs/include/px4_msgs/px4_msgs/msg/detail/task_stack_info__functions.h\n'}
[1.883471] (px4_msgs) StdoutLine: {'line': b'-- Up-to-date: /home/rschnurr/SkyClaw-Team1/ros2_ws/install/px4_msgs/include/px4_msgs/px4_msgs/msg/detail/rc_channels__functions.c\n'}
[1.883521] (px4_msgs) StdoutLine: {'line': b'-- Up-to-date: /home/rschnurr/SkyClaw-Team1/ros2_ws/install/px4_msgs/include/px4_msgs/px4_msgs/msg/detail/fixed_wing_lateral_guidance_status__struct.h\n'}
[1.883561] (px4_msgs) StdoutLine: {'line': b'-- Up-to-date: /home/rschnurr/SkyClaw-Team1/ros2_ws/install/px4_msgs/include/px4_msgs/px4_msgs/msg/detail/sensor_gnss_relative__struct.h\n'}
[1.883639] (px4_msgs) StdoutLine: {'line': b'-- Up-to-date: /home/rschnurr/SkyClaw-Team1/ros2_ws/install/px4_msgs/include/px4_msgs/px4_msgs/msg/detail/camera_trigger__functions.h\n'}
[1.883757] (px4_msgs) StdoutLine: {'line': b'-- Up-to-date: /home/rschnurr/SkyClaw-Team1/ros2_ws/install/px4_msgs/include/px4_msgs/px4_msgs/msg/detail/battery_info__type_support.h\n'}
[1.883829] (px4_msgs) StdoutLine: {'line': b'-- Up-to-date: /home/rschnurr/SkyClaw-Team1/ros2_ws/install/px4_msgs/include/px4_msgs/px4_msgs/msg/detail/gimbal_manager_set_manual_control__type_support.h\n'}
[1.883919] (px4_msgs) StdoutLine: {'line': b'-- Up-to-date: /home/rschnurr/SkyClaw-Team1/ros2_ws/install/px4_msgs/include/px4_msgs/px4_msgs/msg/detail/vehicle_constraints__struct.h\n'}
[1.884002] (px4_msgs) StdoutLine: {'line': b'-- Up-to-date: /home/rschnurr/SkyClaw-Team1/ros2_ws/install/px4_msgs/include/px4_msgs/px4_msgs/msg/detail/estimator_states__functions.h\n'}
[1.884143] (px4_msgs) StdoutLine: {'line': b'-- Up-to-date: /home/rschnurr/SkyClaw-Team1/ros2_ws/install/px4_msgs/include/px4_msgs/px4_msgs/msg/detail/vehicle_imu_status__functions.h\n'}
[1.884230] (px4_msgs) StdoutLine: {'line': b'-- Up-to-date: /home/rschnurr/SkyClaw-Team1/ros2_ws/install/px4_msgs/include/px4_msgs/px4_msgs/msg/detail/estimator_gps_status__struct.h\n'}
[1.884308] (px4_msgs) StdoutLine: {'line': b'-- Up-to-date: /home/rschnurr/SkyClaw-Team1/ros2_ws/install/px4_msgs/include/px4_msgs/px4_msgs/msg/detail/orbit_status__functions.c\n'}
[1.884981] (px4_msgs) StdoutLine: {'line': b'-- Up-to-date: /home/rschnurr/SkyClaw-Team1/ros2_ws/install/px4_msgs/include/px4_msgs/px4_msgs/msg/detail/manual_control_setpoint__functions.h\n'}
[1.886393] (px4_msgs) StdoutLine: {'line': b'-- Up-to-date: /home/rschnurr/SkyClaw-Team1/ros2_ws/install/px4_msgs/include/px4_msgs/px4_msgs/msg/detail/autotune_attitude_control_status__functions.h\n'}
[1.886570] (px4_msgs) StdoutLine: {'line': b'-- Up-to-date: /home/rschnurr/SkyClaw-Team1/ros2_ws/install/px4_msgs/include/px4_msgs/px4_msgs/msg/detail/position_setpoint_triplet__struct.h\n'}
[1.886698] (px4_msgs) StdoutLine: {'line': b'-- Up-to-date: /home/rschnurr/SkyClaw-Team1/ros2_ws/install/px4_msgs/include/px4_msgs/px4_msgs/msg/detail/tune_control__type_support.h\n'}
[1.886889] (px4_msgs) StdoutLine: {'line': b'-- Up-to-date: /home/rschnurr/SkyClaw-Team1/ros2_ws/install/px4_msgs/include/px4_msgs/px4_msgs/msg/detail/sensors_status__functions.h\n'}
[1.887057] (px4_msgs) StdoutLine: {'line': b'-- Up-to-date: /home/rschnurr/SkyClaw-Team1/ros2_ws/install/px4_msgs/include/px4_msgs/px4_msgs/msg/detail/estimator_bias__type_support.h\n'}
[1.887212] (px4_msgs) StdoutLine: {'line': b'-- Up-to-date: /home/rschnurr/SkyClaw-Team1/ros2_ws/install/px4_msgs/include/px4_msgs/px4_msgs/msg/detail/gimbal_device_set_attitude__functions.h\n'}
[1.887301] (px4_msgs) StdoutLine: {'line': b'-- Up-to-date: /home/rschnurr/SkyClaw-Team1/ros2_ws/install/px4_msgs/include/px4_msgs/px4_msgs/msg/detail/trajectory_setpoint__struct.h\n'}
[1.887433] (px4_msgs) StdoutLine: {'line': b'-- Up-to-date: /home/rschnurr/SkyClaw-Team1/ros2_ws/install/px4_msgs/include/px4_msgs/px4_msgs/msg/detail/system_power__functions.h\n'}
[1.887581] (px4_msgs) StdoutLine: {'line': b'-- Up-to-date: /home/rschnurr/SkyClaw-Team1/ros2_ws/install/px4_msgs/include/px4_msgs/px4_msgs/msg/detail/normalized_unsigned_setpoint__type_support.h\n'}
[1.887695] (px4_msgs) StdoutLine: {'line': b'-- Up-to-date: /home/rschnurr/SkyClaw-Team1/ros2_ws/install/px4_msgs/include/px4_msgs/px4_msgs/msg/detail/camera_trigger__type_support.h\n'}
[1.888120] (px4_msgs) StdoutLine: {'line': b'-- Up-to-date: /home/rschnurr/SkyClaw-Team1/ros2_ws/install/px4_msgs/include/px4_msgs/px4_msgs/msg/detail/lateral_control_configuration__type_support.h\n'}
[1.888207] (px4_msgs) StdoutLine: {'line': b'-- Up-to-date: /home/rschnurr/SkyClaw-Team1/ros2_ws/install/px4_msgs/include/px4_msgs/px4_msgs/msg/detail/estimator_event_flags__struct.h\n'}
[1.888249] (px4_msgs) StdoutLine: {'line': b'-- Up-to-date: /home/rschnurr/SkyClaw-Team1/ros2_ws/install/px4_msgs/include/px4_msgs/px4_msgs/msg/detail/position_setpoint_triplet__functions.c\n'}
[1.888283] (px4_msgs) StdoutLine: {'line': b'-- Up-to-date: /home/rschnurr/SkyClaw-Team1/ros2_ws/install/px4_msgs/include/px4_msgs/px4_msgs/msg/detail/parameter_set_value_request__functions.c\n'}
[1.888722] (px4_msgs) StdoutLine: {'line': b'-- Up-to-date: /home/rschnurr/SkyClaw-Team1/ros2_ws/install/px4_msgs/include/px4_msgs/px4_msgs/msg/detail/vehicle_land_detected__functions.h\n'}
[1.889256] (px4_msgs) StdoutLine: {'line': b'-- Up-to-date: /home/rschnurr/SkyClaw-Team1/ros2_ws/install/px4_msgs/include/px4_msgs/px4_msgs/msg/detail/vehicle_optical_flow__type_support.h\n'}
[1.889788] (px4_msgs) StdoutLine: {'line': b'-- Up-to-date: /home/rschnurr/SkyClaw-Team1/ros2_ws/install/px4_msgs/include/px4_msgs/px4_msgs/msg/detail/airspeed_validated__functions.h\n'}
[1.890296] (px4_msgs) StdoutLine: {'line': b'-- Up-to-date: /home/rschnurr/SkyClaw-Team1/ros2_ws/install/px4_msgs/include/px4_msgs/px4_msgs/msg/detail/tiltrotor_extra_controls__functions.c\n'}
[1.890427] (px4_msgs) StdoutLine: {'line': b'-- Up-to-date: /home/rschnurr/SkyClaw-Team1/ros2_ws/install/px4_msgs/include/px4_msgs/px4_msgs/msg/detail/mavlink_tunnel__struct.h\n'}
[1.890523] (px4_msgs) StdoutLine: {'line': b'-- Up-to-date: /home/rschnurr/SkyClaw-Team1/ros2_ws/install/px4_msgs/include/px4_msgs/px4_msgs/msg/detail/button_event__type_support.h\n'}
[1.890757] (px4_msgs) StdoutLine: {'line': b'-- Up-to-date: /home/rschnurr/SkyClaw-Team1/ros2_ws/install/px4_msgs/include/px4_msgs/px4_msgs/msg/detail/sensor_gyro_fifo__struct.h\n'}
[1.890901] (px4_msgs) StdoutLine: {'line': b'-- Up-to-date: /home/rschnurr/SkyClaw-Team1/ros2_ws/install/px4_msgs/include/px4_msgs/px4_msgs/msg/detail/debug_array__functions.c\n'}
[1.890994] (px4_msgs) StdoutLine: {'line': b'-- Up-to-date: /home/rschnurr/SkyClaw-Team1/ros2_ws/install/px4_msgs/include/px4_msgs/px4_msgs/msg/detail/fixed_wing_runway_control__type_support.h\n'}
[1.891091] (px4_msgs) StdoutLine: {'line': b'-- Up-to-date: /home/rschnurr/SkyClaw-Team1/ros2_ws/install/px4_msgs/include/px4_msgs/px4_msgs/msg/detail/vehicle_command__type_support.h\n'}
[1.891166] (px4_msgs) StdoutLine: {'line': b'-- Up-to-date: /home/rschnurr/SkyClaw-Team1/ros2_ws/install/px4_msgs/include/px4_msgs/px4_msgs/msg/detail/actuator_armed__struct.h\n'}
[1.891238] (px4_msgs) StdoutLine: {'line': b'-- Up-to-date: /home/rschnurr/SkyClaw-Team1/ros2_ws/install/px4_msgs/include/px4_msgs/px4_msgs/msg/detail/sensor_accel_fifo__functions.h\n'}
[1.891311] (px4_msgs) StdoutLine: {'line': b'-- Up-to-date: /home/rschnurr/SkyClaw-Team1/ros2_ws/install/px4_msgs/include/px4_msgs/px4_msgs/msg/detail/rover_attitude_setpoint__functions.h\n'}
[1.891390] (px4_msgs) StdoutLine: {'line': b'-- Up-to-date: /home/rschnurr/SkyClaw-Team1/ros2_ws/install/px4_msgs/include/px4_msgs/px4_msgs/msg/detail/vehicle_control_mode__functions.c\n'}
[1.891469] (px4_msgs) StdoutLine: {'line': b'-- Up-to-date: /home/rschnurr/SkyClaw-Team1/ros2_ws/install/px4_msgs/include/px4_msgs/px4_msgs/msg/detail/qshell_retval__functions.h\n'}
[1.891555] (px4_msgs) StdoutLine: {'line': b'-- Up-to-date: /home/rschnurr/SkyClaw-Team1/ros2_ws/install/px4_msgs/include/px4_msgs/px4_msgs/msg/detail/mount_orientation__struct.h\n'}
[1.891639] (px4_msgs) StdoutLine: {'line': b'-- Up-to-date: /home/rschnurr/SkyClaw-Team1/ros2_ws/install/px4_msgs/include/px4_msgs/px4_msgs/msg/detail/gimbal_manager_set_attitude__type_support.h\n'}
[1.891720] (px4_msgs) StdoutLine: {'line': b'-- Up-to-date: /home/rschnurr/SkyClaw-Team1/ros2_ws/install/px4_msgs/include/px4_msgs/px4_msgs/msg/detail/message_format_request__type_support.h\n'}
[1.891799] (px4_msgs) StdoutLine: {'line': b'-- Up-to-date: /home/rschnurr/SkyClaw-Team1/ros2_ws/install/px4_msgs/include/px4_msgs/px4_msgs/msg/detail/esc_report__functions.h\n'}
[1.891877] (px4_msgs) StdoutLine: {'line': b'-- Up-to-date: /home/rschnurr/SkyClaw-Team1/ros2_ws/install/px4_msgs/include/px4_msgs/px4_msgs/msg/detail/sensor_correction__struct.h\n'}
[1.891953] (px4_msgs) StdoutLine: {'line': b'-- Up-to-date: /home/rschnurr/SkyClaw-Team1/ros2_ws/install/px4_msgs/include/px4_msgs/px4_msgs/msg/detail/vehicle_command__functions.h\n'}
[1.892068] (px4_msgs) StdoutLine: {'line': b'-- Up-to-date: /home/rschnurr/SkyClaw-Team1/ros2_ws/install/px4_msgs/include/px4_msgs/px4_msgs/msg/detail/geofence_result__functions.h\n'}
[1.892281] (px4_msgs) StdoutLine: {'line': b'-- Up-to-date: /home/rschnurr/SkyClaw-Team1/ros2_ws/install/px4_msgs/include/px4_msgs/px4_msgs/msg/detail/sensor_hygrometer__functions.c\n'}
[1.892415] (px4_msgs) StdoutLine: {'line': b'-- Up-to-date: /home/rschnurr/SkyClaw-Team1/ros2_ws/install/px4_msgs/include/px4_msgs/px4_msgs/msg/detail/sensor_uwb__struct.h\n'}
[1.892490] (px4_msgs) StdoutLine: {'line': b'-- Up-to-date: /home/rschnurr/SkyClaw-Team1/ros2_ws/install/px4_msgs/include/px4_msgs/px4_msgs/msg/detail/fixed_wing_lateral_status__type_support.h\n'}
[1.892561] (px4_msgs) StdoutLine: {'line': b'-- Up-to-date: /home/rschnurr/SkyClaw-Team1/ros2_ws/install/px4_msgs/include/px4_msgs/px4_msgs/msg/detail/debug_vect__functions.h\n'}
[1.892626] (px4_msgs) StdoutLine: {'line': b'-- Up-to-date: /home/rschnurr/SkyClaw-Team1/ros2_ws/install/px4_msgs/include/px4_msgs/px4_msgs/msg/detail/camera_capture__functions.h\n'}
[1.892686] (px4_msgs) StdoutLine: {'line': b'-- Up-to-date: /home/rschnurr/SkyClaw-Team1/ros2_ws/install/px4_msgs/include/px4_msgs/px4_msgs/msg/detail/vehicle_odometry__functions.h\n'}
[1.892743] (px4_msgs) StdoutLine: {'line': b'-- Up-to-date: /home/rschnurr/SkyClaw-Team1/ros2_ws/install/px4_msgs/include/px4_msgs/px4_msgs/msg/detail/radio_status__functions.h\n'}
[1.892804] (px4_msgs) StdoutLine: {'line': b'-- Up-to-date: /home/rschnurr/SkyClaw-Team1/ros2_ws/install/px4_msgs/include/px4_msgs/px4_msgs/msg/detail/vehicle_magnetometer__functions.h\n'}
[1.892860] (px4_msgs) StdoutLine: {'line': b'-- Up-to-date: /home/rschnurr/SkyClaw-Team1/ros2_ws/install/px4_msgs/include/px4_msgs/px4_msgs/msg/detail/rover_speed_status__functions.h\n'}
[1.892926] (px4_msgs) StdoutLine: {'line': b'-- Up-to-date: /home/rschnurr/SkyClaw-Team1/ros2_ws/install/px4_msgs/include/px4_msgs/px4_msgs/msg/detail/geofence_status__functions.h\n'}
[1.893221] (px4_msgs) StdoutLine: {'line': b'-- Up-to-date: /home/rschnurr/SkyClaw-Team1/ros2_ws/install/px4_msgs/include/px4_msgs/px4_msgs/msg/detail/gpio_out__functions.h\n'}
[1.894909] (px4_msgs) StdoutLine: {'line': b'-- Up-to-date: /home/rschnurr/SkyClaw-Team1/ros2_ws/install/px4_msgs/include/px4_msgs/px4_msgs/msg/detail/estimator_bias3d__functions.c\n'}
[1.895070] (px4_msgs) StdoutLine: {'line': b'-- Up-to-date: /home/rschnurr/SkyClaw-Team1/ros2_ws/install/px4_msgs/include/px4_msgs/px4_msgs/msg/detail/sensor_gyro_fifo__functions.h\n'}
[1.895174] (px4_msgs) StdoutLine: {'line': b'-- Up-to-date: /home/rschnurr/SkyClaw-Team1/ros2_ws/install/px4_msgs/include/px4_msgs/px4_msgs/msg/detail/follow_target_estimator__type_support.h\n'}
[1.895267] (px4_msgs) StdoutLine: {'line': b'-- Up-to-date: /home/rschnurr/SkyClaw-Team1/ros2_ws/install/px4_msgs/include/px4_msgs/px4_msgs/msg/detail/arming_check_request__struct.h\n'}
[1.895485] (px4_msgs) StdoutLine: {'line': b'-- Up-to-date: /home/rschnurr/SkyClaw-Team1/ros2_ws/install/px4_msgs/include/px4_msgs/px4_msgs/msg/detail/vehicle_status__type_support.h\n'}
[1.895670] (px4_msgs) StdoutLine: {'line': b'-- Up-to-date: /home/rschnurr/SkyClaw-Team1/ros2_ws/install/px4_msgs/include/px4_msgs/px4_msgs/msg/detail/vehicle_land_detected__functions.c\n'}
[1.895848] (px4_msgs) StdoutLine: {'line': b'-- Up-to-date: /home/rschnurr/SkyClaw-Team1/ros2_ws/install/px4_msgs/include/px4_msgs/px4_msgs/msg/detail/navigator_status__functions.c\n'}
[1.896009] (px4_msgs) StdoutLine: {'line': b'-- Up-to-date: /home/rschnurr/SkyClaw-Team1/ros2_ws/install/px4_msgs/include/px4_msgs/px4_msgs/msg/detail/pure_pursuit_status__struct.h\n'}
[1.896358] (px4_msgs) StdoutLine: {'line': b'-- Up-to-date: /home/rschnurr/SkyClaw-Team1/ros2_ws/install/px4_msgs/include/px4_msgs/px4_msgs/msg/detail/sensor_selection__struct.h\n'}
[1.896864] (px4_msgs) StdoutLine: {'line': b'-- Up-to-date: /home/rschnurr/SkyClaw-Team1/ros2_ws/install/px4_msgs/include/px4_msgs/px4_msgs/msg/detail/ping__struct.h\n'}
[1.897022] (px4_msgs) StdoutLine: {'line': b'-- Up-to-date: /home/rschnurr/SkyClaw-Team1/ros2_ws/install/px4_msgs/include/px4_msgs/px4_msgs/msg/detail/distance_sensor_mode_change_request__struct.h\n'}
[1.898155] (px4_msgs) StdoutLine: {'line': b'-- Up-to-date: /home/rschnurr/SkyClaw-Team1/ros2_ws/install/px4_msgs/include/px4_msgs/px4_msgs/msg/detail/open_drone_id_system__struct.h\n'}
[1.898348] (px4_msgs) StdoutLine: {'line': b'-- Up-to-date: /home/rschnurr/SkyClaw-Team1/ros2_ws/install/px4_msgs/include/px4_msgs/px4_msgs/msg/detail/trajectory_setpoint6dof__type_support.h\n'}
[1.898474] (px4_msgs) StdoutLine: {'line': b'-- Up-to-date: /home/rschnurr/SkyClaw-Team1/ros2_ws/install/px4_msgs/include/px4_msgs/px4_msgs/msg/detail/rover_attitude_status__struct.h\n'}
[1.898709] (px4_msgs) StdoutLine: {'line': b'-- Up-to-date: /home/rschnurr/SkyClaw-Team1/ros2_ws/install/px4_msgs/include/px4_msgs/px4_msgs/msg/detail/cpuload__struct.h\n'}
[1.898845] (px4_msgs) StdoutLine: {'line': b'-- Up-to-date: /home/rschnurr/SkyClaw-Team1/ros2_ws/install/px4_msgs/include/px4_msgs/px4_msgs/msg/detail/gimbal_device_information__struct.h\n'}
[1.899195] (px4_msgs) StdoutLine: {'line': b'-- Up-to-date: /home/rschnurr/SkyClaw-Team1/ros2_ws/install/px4_msgs/include/px4_msgs/px4_msgs/msg/detail/vehicle_attitude__struct.h\n'}
[1.899323] (px4_msgs) StdoutLine: {'line': b'-- Up-to-date: /home/rschnurr/SkyClaw-Team1/ros2_ws/install/px4_msgs/include/px4_msgs/px4_msgs/msg/detail/fuel_tank_status__struct.h\n'}
[1.900512] (px4_msgs) StdoutLine: {'line': b'-- Up-to-date: /home/rschnurr/SkyClaw-Team1/ros2_ws/install/px4_msgs/include/px4_msgs/px4_msgs/msg/detail/event__functions.h\n'}
[1.900607] (px4_msgs) StdoutLine: {'line': b'-- Up-to-date: /home/rschnurr/SkyClaw-Team1/ros2_ws/install/px4_msgs/include/px4_msgs/px4_msgs/msg/detail/gpio_in__struct.h\n'}
[1.900661] (px4_msgs) StdoutLine: {'line': b'-- Up-to-date: /home/rschnurr/SkyClaw-Team1/ros2_ws/install/px4_msgs/include/px4_msgs/px4_msgs/msg/detail/camera_trigger__struct.h\n'}
[1.900711] (px4_msgs) StdoutLine: {'line': b'-- Up-to-date: /home/rschnurr/SkyClaw-Team1/ros2_ws/install/px4_msgs/include/px4_msgs/px4_msgs/msg/detail/adc_report__struct.h\n'}
[1.900759] (px4_msgs) StdoutLine: {'line': b'-- Up-to-date: /home/rschnurr/SkyClaw-Team1/ros2_ws/install/px4_msgs/include/px4_msgs/px4_msgs/msg/detail/vehicle_land_detected__type_support.h\n'}
[1.900815] (px4_msgs) StdoutLine: {'line': b'-- Up-to-date: /home/rschnurr/SkyClaw-Team1/ros2_ws/install/px4_msgs/include/px4_msgs/px4_msgs/msg/detail/gripper__functions.h\n'}
[1.900858] (px4_msgs) StdoutLine: {'line': b'-- Up-to-date: /home/rschnurr/SkyClaw-Team1/ros2_ws/install/px4_msgs/include/px4_msgs/px4_msgs/msg/detail/sensor_baro__functions.c\n'}
[1.900898] (px4_msgs) StdoutLine: {'line': b'-- Up-to-date: /home/rschnurr/SkyClaw-Team1/ros2_ws/install/px4_msgs/include/px4_msgs/px4_msgs/msg/detail/sensors_status_imu__struct.h\n'}
[1.900945] (px4_msgs) StdoutLine: {'line': b'-- Up-to-date: /home/rschnurr/SkyClaw-Team1/ros2_ws/install/px4_msgs/include/px4_msgs/px4_msgs/msg/detail/camera_trigger__functions.c\n'}
[1.901487] (px4_msgs) StdoutLine: {'line': b'-- Up-to-date: /home/rschnurr/SkyClaw-Team1/ros2_ws/install/px4_msgs/include/px4_msgs/px4_msgs/msg/detail/sensor_optical_flow__functions.c\n'}
[1.903293] (px4_msgs) StdoutLine: {'line': b'-- Up-to-date: /home/rschnurr/SkyClaw-Team1/ros2_ws/install/px4_msgs/include/px4_msgs/px4_msgs/msg/detail/power_monitor__functions.h\n'}
[1.903713] (px4_msgs) StdoutLine: {'line': b'-- Up-to-date: /home/rschnurr/SkyClaw-Team1/ros2_ws/install/px4_msgs/include/px4_msgs/px4_msgs/msg/detail/debug_array__struct.h\n'}
[1.903855] (px4_msgs) StdoutLine: {'line': b'-- Up-to-date: /home/rschnurr/SkyClaw-Team1/ros2_ws/install/px4_msgs/include/px4_msgs/px4_msgs/msg/detail/log_message__struct.h\n'}
[1.904073] (px4_msgs) StdoutLine: {'line': b'-- Up-to-date: /home/rschnurr/SkyClaw-Team1/ros2_ws/install/px4_msgs/include/px4_msgs/px4_msgs/msg/detail/vehicle_rates_setpoint__type_support.h\n'}
[1.904219] (px4_msgs) StdoutLine: {'line': b'-- Up-to-date: /home/rschnurr/SkyClaw-Team1/ros2_ws/install/px4_msgs/include/px4_msgs/px4_msgs/msg/detail/navigator_mission_item__struct.h\n'}
[1.904861] (px4_msgs) StdoutLine: {'line': b'-- Up-to-date: /home/rschnurr/SkyClaw-Team1/ros2_ws/install/px4_msgs/include/px4_msgs/px4_msgs/msg/detail/log_message__type_support.h\n'}
[1.905125] (px4_msgs) StdoutLine: {'line': b'-- Up-to-date: /home/rschnurr/SkyClaw-Team1/ros2_ws/install/px4_msgs/include/px4_msgs/px4_msgs/msg/detail/ulog_stream_ack__functions.c\n'}
[1.905201] (px4_msgs) StdoutLine: {'line': b'-- Up-to-date: /home/rschnurr/SkyClaw-Team1/ros2_ws/install/px4_msgs/include/px4_msgs/px4_msgs/msg/detail/power_button_state__functions.c\n'}
[1.905260] (px4_msgs) StdoutLine: {'line': b'-- Up-to-date: /home/rschnurr/SkyClaw-Team1/ros2_ws/install/px4_msgs/include/px4_msgs/px4_msgs/msg/detail/dataman_request__functions.c\n'}
[1.905444] (px4_msgs) StdoutLine: {'line': b'-- Up-to-date: /home/rschnurr/SkyClaw-Team1/ros2_ws/install/px4_msgs/include/px4_msgs/px4_msgs/msg/detail/position_setpoint__functions.h\n'}
[1.905583] (px4_msgs) StdoutLine: {'line': b'-- Up-to-date: /home/rschnurr/SkyClaw-Team1/ros2_ws/install/px4_msgs/include/px4_msgs/px4_msgs/msg/detail/debug_value__struct.h\n'}
[1.905785] (px4_msgs) StdoutLine: {'line': b'-- Up-to-date: /home/rschnurr/SkyClaw-Team1/ros2_ws/install/px4_msgs/include/px4_msgs/px4_msgs/msg/detail/vehicle_roi__functions.h\n'}
[1.905974] (px4_msgs) StdoutLine: {'line': b'-- Up-to-date: /home/rschnurr/SkyClaw-Team1/ros2_ws/install/px4_msgs/include/px4_msgs/px4_msgs/msg/detail/arming_check_request__functions.c\n'}
[1.906182] (px4_msgs) StdoutLine: {'line': b'-- Up-to-date: /home/rschnurr/SkyClaw-Team1/ros2_ws/install/px4_msgs/include/px4_msgs/px4_msgs/msg/detail/task_stack_info__type_support.h\n'}
[1.906687] (px4_msgs) StdoutLine: {'line': b'-- Up-to-date: /home/rschnurr/SkyClaw-Team1/ros2_ws/install/px4_msgs/include/px4_msgs/px4_msgs/msg/detail/mount_orientation__functions.c\n'}
[1.906970] (px4_msgs) StdoutLine: {'line': b'-- Up-to-date: /home/rschnurr/SkyClaw-Team1/ros2_ws/install/px4_msgs/include/px4_msgs/px4_msgs/msg/detail/mode_completed__functions.h\n'}
[1.907248] (px4_msgs) StdoutLine: {'line': b'-- Up-to-date: /home/rschnurr/SkyClaw-Team1/ros2_ws/install/px4_msgs/include/px4_msgs/px4_msgs/msg/detail/internal_combustion_engine_control__functions.c\n'}
[1.907498] (px4_msgs) StdoutLine: {'line': b'-- Up-to-date: /home/rschnurr/SkyClaw-Team1/ros2_ws/install/px4_msgs/include/px4_msgs/px4_msgs/msg/detail/mount_orientation__functions.h\n'}
[1.907678] (-) TimerEvent: {}
[1.908087] (px4_msgs) StdoutLine: {'line': b'-- Up-to-date: /home/rschnurr/SkyClaw-Team1/ros2_ws/install/px4_msgs/include/px4_msgs/px4_msgs/msg/detail/message_format_response__functions.c\n'}
[1.908181] (px4_msgs) StdoutLine: {'line': b'-- Up-to-date: /home/rschnurr/SkyClaw-Team1/ros2_ws/install/px4_msgs/include/px4_msgs/px4_msgs/msg/detail/lateral_control_configuration__struct.h\n'}
[1.908252] (px4_msgs) StdoutLine: {'line': b'-- Up-to-date: /home/rschnurr/SkyClaw-Team1/ros2_ws/install/px4_msgs/include/px4_msgs/px4_msgs/msg/detail/vehicle_attitude__functions.c\n'}
[1.908294] (px4_msgs) StdoutLine: {'line': b'-- Up-to-date: /home/rschnurr/SkyClaw-Team1/ros2_ws/install/px4_msgs/include/px4_msgs/px4_msgs/msg/detail/rover_attitude_status__functions.h\n'}
[1.908334] (px4_msgs) StdoutLine: {'line': b'-- Up-to-date: /home/rschnurr/SkyClaw-Team1/ros2_ws/install/px4_msgs/include/px4_msgs/px4_msgs/msg/detail/geofence_status__struct.h\n'}
[1.908374] (px4_msgs) StdoutLine: {'line': b'-- Up-to-date: /home/rschnurr/SkyClaw-Team1/ros2_ws/install/px4_msgs/include/px4_msgs/px4_msgs/msg/detail/parameter_set_value_response__functions.c\n'}
[1.908412] (px4_msgs) StdoutLine: {'line': b'-- Up-to-date: /home/rschnurr/SkyClaw-Team1/ros2_ws/install/px4_msgs/include/px4_msgs/px4_msgs/msg/detail/action_request__functions.h\n'}
[1.908448] (px4_msgs) StdoutLine: {'line': b'-- Up-to-date: /home/rschnurr/SkyClaw-Team1/ros2_ws/install/px4_msgs/include/px4_msgs/px4_msgs/msg/detail/estimator_innovations__type_support.h\n'}
[1.908485] (px4_msgs) StdoutLine: {'line': b'-- Up-to-date: /home/rschnurr/SkyClaw-Team1/ros2_ws/install/px4_msgs/include/px4_msgs/px4_msgs/msg/detail/open_drone_id_operator_id__functions.h\n'}
[1.908521] (px4_msgs) StdoutLine: {'line': b'-- Up-to-date: /home/rschnurr/SkyClaw-Team1/ros2_ws/install/px4_msgs/include/px4_msgs/px4_msgs/msg/detail/position_controller_status__struct.h\n'}
[1.908560] (px4_msgs) StdoutLine: {'line': b'-- Up-to-date: /home/rschnurr/SkyClaw-Team1/ros2_ws/install/px4_msgs/include/px4_msgs/px4_msgs/msg/detail/ulog_stream__functions.c\n'}
[1.908601] (px4_msgs) StdoutLine: {'line': b'-- Up-to-date: /home/rschnurr/SkyClaw-Team1/ros2_ws/install/px4_msgs/include/px4_msgs/px4_msgs/msg/detail/sensor_gnss_relative__functions.h\n'}
[1.908636] (px4_msgs) StdoutLine: {'line': b'-- Up-to-date: /home/rschnurr/SkyClaw-Team1/ros2_ws/install/px4_msgs/include/px4_msgs/px4_msgs/msg/detail/sensor_gyro__functions.h\n'}
[1.908672] (px4_msgs) StdoutLine: {'line': b'-- Up-to-date: /home/rschnurr/SkyClaw-Team1/ros2_ws/install/px4_msgs/include/px4_msgs/px4_msgs/msg/detail/tecs_status__functions.h\n'}
[1.908710] (px4_msgs) StdoutLine: {'line': b'-- Up-to-date: /home/rschnurr/SkyClaw-Team1/ros2_ws/install/px4_msgs/include/px4_msgs/px4_msgs/msg/detail/sensor_airflow__functions.h\n'}
[1.908940] (px4_msgs) StdoutLine: {'line': b'-- Up-to-date: /home/rschnurr/SkyClaw-Team1/ros2_ws/install/px4_msgs/include/px4_msgs/px4_msgs/msg/detail/sensor_gps__functions.h\n'}
[1.908982] (px4_msgs) StdoutLine: {'line': b'-- Up-to-date: /home/rschnurr/SkyClaw-Team1/ros2_ws/install/px4_msgs/include/px4_msgs/px4_msgs/msg/detail/vehicle_global_position__functions.c\n'}
[1.909011] (px4_msgs) StdoutLine: {'line': b'-- Up-to-date: /home/rschnurr/SkyClaw-Team1/ros2_ws/install/px4_msgs/include/px4_msgs/px4_msgs/msg/detail/rover_speed_status__functions.c\n'}
[1.909143] (px4_msgs) StdoutLine: {'line': b'-- Up-to-date: /home/rschnurr/SkyClaw-Team1/ros2_ws/install/px4_msgs/include/px4_msgs/px4_msgs/msg/detail/vehicle_attitude_setpoint__type_support.h\n'}
[1.909576] (px4_msgs) StdoutLine: {'line': b'-- Up-to-date: /home/rschnurr/SkyClaw-Team1/ros2_ws/install/px4_msgs/include/px4_msgs/px4_msgs/msg/detail/dronecan_node_status__type_support.h\n'}
[1.909728] (px4_msgs) StdoutLine: {'line': b'-- Up-to-date: /home/rschnurr/SkyClaw-Team1/ros2_ws/install/px4_msgs/include/px4_msgs/px4_msgs/msg/detail/adc_report__type_support.h\n'}
[1.909948] (px4_msgs) StdoutLine: {'line': b'-- Up-to-date: /home/rschnurr/SkyClaw-Team1/ros2_ws/install/px4_msgs/include/px4_msgs/px4_msgs/msg/detail/rover_rate_setpoint__functions.h\n'}
[1.910227] (px4_msgs) StdoutLine: {'line': b'-- Up-to-date: /home/rschnurr/SkyClaw-Team1/ros2_ws/install/px4_msgs/include/px4_msgs/px4_msgs/msg/detail/internal_combustion_engine_status__struct.h\n'}
[1.910418] (px4_msgs) StdoutLine: {'line': b'-- Up-to-date: /home/rschnurr/SkyClaw-Team1/ros2_ws/install/px4_msgs/include/px4_msgs/px4_msgs/msg/detail/vehicle_roi__functions.c\n'}
[1.910705] (px4_msgs) StdoutLine: {'line': b'-- Up-to-date: /home/rschnurr/SkyClaw-Team1/ros2_ws/install/px4_msgs/include/px4_msgs/px4_msgs/msg/detail/airspeed_validated__functions.c\n'}
[1.910909] (px4_msgs) StdoutLine: {'line': b'-- Up-to-date: /home/rschnurr/SkyClaw-Team1/ros2_ws/install/px4_msgs/include/px4_msgs/px4_msgs/msg/detail/airspeed_wind__functions.h\n'}
[1.911194] (px4_msgs) StdoutLine: {'line': b'-- Up-to-date: /home/rschnurr/SkyClaw-Team1/ros2_ws/install/px4_msgs/include/px4_msgs/px4_msgs/msg/detail/fixed_wing_lateral_setpoint__functions.c\n'}
[1.911424] (px4_msgs) StdoutLine: {'line': b'-- Up-to-date: /home/rschnurr/SkyClaw-Team1/ros2_ws/install/px4_msgs/include/px4_msgs/px4_msgs/msg/detail/landing_target_innovations__struct.h\n'}
[1.911585] (px4_msgs) StdoutLine: {'line': b'-- Up-to-date: /home/rschnurr/SkyClaw-Team1/ros2_ws/install/px4_msgs/include/px4_msgs/px4_msgs/msg/detail/estimator_sensor_bias__type_support.h\n'}
[1.911791] (px4_msgs) StdoutLine: {'line': b'-- Up-to-date: /home/rschnurr/SkyClaw-Team1/ros2_ws/install/px4_msgs/include/px4_msgs/px4_msgs/msg/detail/rover_attitude_setpoint__functions.c\n'}
[1.911861] (px4_msgs) StdoutLine: {'line': b'-- Up-to-date: /home/rschnurr/SkyClaw-Team1/ros2_ws/install/px4_msgs/include/px4_msgs/px4_msgs/msg/detail/sensor_accel__struct.h\n'}
[1.911918] (px4_msgs) StdoutLine: {'line': b'-- Up-to-date: /home/rschnurr/SkyClaw-Team1/ros2_ws/install/px4_msgs/include/px4_msgs/px4_msgs/msg/detail/position_controller_status__functions.h\n'}
[1.911986] (px4_msgs) StdoutLine: {'line': b'-- Up-to-date: /home/rschnurr/SkyClaw-Team1/ros2_ws/install/px4_msgs/include/px4_msgs/px4_msgs/msg/detail/rover_throttle_setpoint__functions.h\n'}
[1.912034] (px4_msgs) StdoutLine: {'line': b'-- Up-to-date: /home/rschnurr/SkyClaw-Team1/ros2_ws/install/px4_msgs/include/px4_msgs/px4_msgs/msg/detail/sensor_gps__type_support.h\n'}
[1.912079] (px4_msgs) StdoutLine: {'line': b'-- Up-to-date: /home/rschnurr/SkyClaw-Team1/ros2_ws/install/px4_msgs/include/px4_msgs/px4_msgs/msg/detail/register_ext_component_request__type_support.h\n'}
[1.912124] (px4_msgs) StdoutLine: {'line': b'-- Up-to-date: /home/rschnurr/SkyClaw-Team1/ros2_ws/install/px4_msgs/include/px4_msgs/px4_msgs/msg/detail/gimbal_manager_set_manual_control__functions.h\n'}
[1.912168] (px4_msgs) StdoutLine: {'line': b'-- Up-to-date: /home/rschnurr/SkyClaw-Team1/ros2_ws/install/px4_msgs/include/px4_msgs/px4_msgs/msg/landing_target_pose.h\n'}
[1.912214] (px4_msgs) StdoutLine: {'line': b'-- Up-to-date: /home/rschnurr/SkyClaw-Team1/ros2_ws/install/px4_msgs/include/px4_msgs/px4_msgs/msg/sensor_baro.h\n'}
[1.912260] (px4_msgs) StdoutLine: {'line': b'-- Up-to-date: /home/rschnurr/SkyClaw-Team1/ros2_ws/install/px4_msgs/include/px4_msgs/px4_msgs/msg/vehicle_magnetometer.h\n'}
[1.912311] (px4_msgs) StdoutLine: {'line': b'-- Up-to-date: /home/rschnurr/SkyClaw-Team1/ros2_ws/install/px4_msgs/include/px4_msgs/px4_msgs/msg/failure_detector_status.h\n'}
[1.912359] (px4_msgs) StdoutLine: {'line': b'-- Up-to-date: /home/rschnurr/SkyClaw-Team1/ros2_ws/install/px4_msgs/include/px4_msgs/px4_msgs/msg/gimbal_manager_status.h\n'}
[1.912406] (px4_msgs) StdoutLine: {'line': b'-- Up-to-date: /home/rschnurr/SkyClaw-Team1/ros2_ws/install/px4_msgs/include/px4_msgs/px4_msgs/msg/cpuload.h\n'}
[1.912453] (px4_msgs) StdoutLine: {'line': b'-- Up-to-date: /home/rschnurr/SkyClaw-Team1/ros2_ws/install/px4_msgs/include/px4_msgs/px4_msgs/msg/telemetry_status.h\n'}
[1.912744] (px4_msgs) StdoutLine: {'line': b'-- Up-to-date: /home/rschnurr/SkyClaw-Team1/ros2_ws/install/px4_msgs/include/px4_msgs/px4_msgs/msg/sensor_accel.h\n'}
[1.912845] (px4_msgs) StdoutLine: {'line': b'-- Up-to-date: /home/rschnurr/SkyClaw-Team1/ros2_ws/install/px4_msgs/include/px4_msgs/px4_msgs/msg/position_controller_landing_status.h\n'}
[1.912895] (px4_msgs) StdoutLine: {'line': b'-- Up-to-date: /home/rschnurr/SkyClaw-Team1/ros2_ws/install/px4_msgs/include/px4_msgs/px4_msgs/msg/vehicle_imu.h\n'}
[1.912939] (px4_msgs) StdoutLine: {'line': b'-- Up-to-date: /home/rschnurr/SkyClaw-Team1/ros2_ws/install/px4_msgs/include/px4_msgs/px4_msgs/msg/actuator_controls_status.h\n'}
[1.912998] (px4_msgs) StdoutLine: {'line': b'-- Up-to-date: /home/rschnurr/SkyClaw-Team1/ros2_ws/install/px4_msgs/include/px4_msgs/px4_msgs/msg/sensors_status.h\n'}
[1.913159] (px4_msgs) StdoutLine: {'line': b'-- Up-to-date: /home/rschnurr/SkyClaw-Team1/ros2_ws/install/px4_msgs/include/px4_msgs/px4_msgs/msg/fixed_wing_lateral_setpoint.h\n'}
[1.913400] (px4_msgs) StdoutLine: {'line': b'-- Up-to-date: /home/rschnurr/SkyClaw-Team1/ros2_ws/install/px4_msgs/include/px4_msgs/px4_msgs/msg/debug_vect.h\n'}
[1.914308] (px4_msgs) StdoutLine: {'line': b'-- Up-to-date: /home/rschnurr/SkyClaw-Team1/ros2_ws/install/px4_msgs/include/px4_msgs/px4_msgs/msg/rtl_status.h\n'}
[1.914892] (px4_msgs) StdoutLine: {'line': b'-- Up-to-date: /home/rschnurr/SkyClaw-Team1/ros2_ws/install/px4_msgs/include/px4_msgs/px4_msgs/msg/sensor_correction.h\n'}
[1.915409] (px4_msgs) StdoutLine: {'line': b'-- Up-to-date: /home/rschnurr/SkyClaw-Team1/ros2_ws/install/px4_msgs/include/px4_msgs/px4_msgs/msg/vehicle_torque_setpoint.h\n'}
[1.915490] (px4_msgs) StdoutLine: {'line': b'-- Up-to-date: /home/rschnurr/SkyClaw-Team1/ros2_ws/install/px4_msgs/include/px4_msgs/px4_msgs/msg/internal_combustion_engine_status.h\n'}
[1.915546] (px4_msgs) StdoutLine: {'line': b'-- Up-to-date: /home/rschnurr/SkyClaw-Team1/ros2_ws/install/px4_msgs/include/px4_msgs/px4_msgs/msg/iridiumsbd_status.h\n'}
[1.915806] (px4_msgs) StdoutLine: {'line': b'-- Up-to-date: /home/rschnurr/SkyClaw-Team1/ros2_ws/install/px4_msgs/include/px4_msgs/px4_msgs/msg/obstacle_distance.h\n'}
[1.915868] (px4_msgs) StdoutLine: {'line': b'-- Up-to-date: /home/rschnurr/SkyClaw-Team1/ros2_ws/install/px4_msgs/include/px4_msgs/px4_msgs/msg/gripper.h\n'}
[1.916143] (px4_msgs) StdoutLine: {'line': b'-- Up-to-date: /home/rschnurr/SkyClaw-Team1/ros2_ws/install/px4_msgs/include/px4_msgs/px4_msgs/msg/gimbal_manager_set_attitude.h\n'}
[1.916553] (px4_msgs) StdoutLine: {'line': b'-- Up-to-date: /home/rschnurr/SkyClaw-Team1/ros2_ws/install/px4_msgs/include/px4_msgs/px4_msgs/msg/camera_trigger.h\n'}
[1.916964] (px4_msgs) StdoutLine: {'line': b'-- Up-to-date: /home/rschnurr/SkyClaw-Team1/ros2_ws/install/px4_msgs/include/px4_msgs/px4_msgs/msg/estimator_innovations.h\n'}
[1.917117] (px4_msgs) StdoutLine: {'line': b'-- Up-to-date: /home/rschnurr/SkyClaw-Team1/ros2_ws/install/px4_msgs/include/px4_msgs/px4_msgs/msg/input_rc.h\n'}
[1.917839] (px4_msgs) StdoutLine: {'line': b'-- Up-to-date: /home/rschnurr/SkyClaw-Team1/ros2_ws/install/px4_msgs/include/px4_msgs/px4_msgs/msg/generator_status.h\n'}
[1.918217] (px4_msgs) StdoutLine: {'line': b'-- Up-to-date: /home/rschnurr/SkyClaw-Team1/ros2_ws/install/px4_msgs/include/px4_msgs/px4_msgs/msg/geofence_result.h\n'}
[1.918472] (px4_msgs) StdoutLine: {'line': b'-- Up-to-date: /home/rschnurr/SkyClaw-Team1/ros2_ws/install/px4_msgs/include/px4_msgs/px4_msgs/msg/qshell_retval.h\n'}
[1.918633] (px4_msgs) StdoutLine: {'line': b'-- Up-to-date: /home/rschnurr/SkyClaw-Team1/ros2_ws/install/px4_msgs/include/px4_msgs/px4_msgs/msg/follow_target_status.h\n'}
[1.918969] (px4_msgs) StdoutLine: {'line': b'-- Up-to-date: /home/rschnurr/SkyClaw-Team1/ros2_ws/install/px4_msgs/include/px4_msgs/px4_msgs/msg/uavcan_parameter_value.h\n'}
[1.919622] (px4_msgs) StdoutLine: {'line': b'-- Up-to-date: /home/rschnurr/SkyClaw-Team1/ros2_ws/install/px4_msgs/include/px4_msgs/px4_msgs/msg/config_overrides.h\n'}
[1.919699] (px4_msgs) StdoutLine: {'line': b'-- Up-to-date: /home/rschnurr/SkyClaw-Team1/ros2_ws/install/px4_msgs/include/px4_msgs/px4_msgs/msg/rover_attitude_status.h\n'}
[1.919752] (px4_msgs) StdoutLine: {'line': b'-- Up-to-date: /home/rschnurr/SkyClaw-Team1/ros2_ws/install/px4_msgs/include/px4_msgs/px4_msgs/msg/orb_test.h\n'}
[1.919796] (px4_msgs) StdoutLine: {'line': b'-- Up-to-date: /home/rschnurr/SkyClaw-Team1/ros2_ws/install/px4_msgs/include/px4_msgs/px4_msgs/msg/landing_gear.h\n'}
[1.920179] (px4_msgs) StdoutLine: {'line': b'-- Up-to-date: /home/rschnurr/SkyClaw-Team1/ros2_ws/install/px4_msgs/include/px4_msgs/px4_msgs/msg/tecs_status.h\n'}
[1.920255] (px4_msgs) StdoutLine: {'line': b'-- Up-to-date: /home/rschnurr/SkyClaw-Team1/ros2_ws/install/px4_msgs/include/px4_msgs/px4_msgs/msg/rc_parameter_map.h\n'}
[1.920546] (px4_msgs) StdoutLine: {'line': b'-- Up-to-date: /home/rschnurr/SkyClaw-Team1/ros2_ws/install/px4_msgs/include/px4_msgs/px4_msgs/msg/mission_result.h\n'}
[1.920880] (px4_msgs) StdoutLine: {'line': b'-- Up-to-date: /home/rschnurr/SkyClaw-Team1/ros2_ws/install/px4_msgs/include/px4_msgs/px4_msgs/msg/rover_throttle_setpoint.h\n'}
[1.921301] (px4_msgs) StdoutLine: {'line': b'-- Up-to-date: /home/rschnurr/SkyClaw-Team1/ros2_ws/install/px4_msgs/include/px4_msgs/px4_msgs/msg/position_setpoint_triplet.h\n'}
[1.921842] (px4_msgs) StdoutLine: {'line': b'-- Up-to-date: /home/rschnurr/SkyClaw-Team1/ros2_ws/install/px4_msgs/include/px4_msgs/px4_msgs/msg/mavlink_tunnel.h\n'}
[1.922133] (px4_msgs) StdoutLine: {'line': b'-- Up-to-date: /home/rschnurr/SkyClaw-Team1/ros2_ws/install/px4_msgs/include/px4_msgs/px4_msgs/msg/actuator_servos.h\n'}
[1.922424] (px4_msgs) StdoutLine: {'line': b'-- Up-to-date: /home/rschnurr/SkyClaw-Team1/ros2_ws/install/px4_msgs/include/px4_msgs/px4_msgs/msg/orb_test_large.h\n'}
[1.923375] (px4_msgs) StdoutLine: {'line': b'-- Up-to-date: /home/rschnurr/SkyClaw-Team1/ros2_ws/install/px4_msgs/include/px4_msgs/px4_msgs/msg/can_interface_status.h\n'}
[1.923983] (px4_msgs) StdoutLine: {'line': b'-- Up-to-date: /home/rschnurr/SkyClaw-Team1/ros2_ws/install/px4_msgs/include/px4_msgs/px4_msgs/msg/differential_pressure.h\n'}
[1.925049] (px4_msgs) StdoutLine: {'line': b'-- Up-to-date: /home/rschnurr/SkyClaw-Team1/ros2_ws/install/px4_msgs/include/px4_msgs/px4_msgs/msg/landing_gear_wheel.h\n'}
[1.925609] (px4_msgs) StdoutLine: {'line': b'-- Up-to-date: /home/rschnurr/SkyClaw-Team1/ros2_ws/install/px4_msgs/include/px4_msgs/px4_msgs/msg/unregister_ext_component.h\n'}
[1.925764] (px4_msgs) StdoutLine: {'line': b'-- Up-to-date: /home/rschnurr/SkyClaw-Team1/ros2_ws/install/px4_msgs/include/px4_msgs/px4_msgs/msg/pps_capture.h\n'}
[1.926447] (px4_msgs) StdoutLine: {'line': b'-- Up-to-date: /home/rschnurr/SkyClaw-Team1/ros2_ws/install/px4_msgs/include/px4_msgs/px4_msgs/msg/register_ext_component_reply.h\n'}
[1.926815] (px4_msgs) StdoutLine: {'line': b'-- Up-to-date: /home/rschnurr/SkyClaw-Team1/ros2_ws/install/px4_msgs/include/px4_msgs/px4_msgs/msg/mount_orientation.h\n'}
[1.926982] (px4_msgs) StdoutLine: {'line': b'-- Up-to-date: /home/rschnurr/SkyClaw-Team1/ros2_ws/install/px4_msgs/include/px4_msgs/px4_msgs/msg/landing_target_innovations.h\n'}
[1.928539] (px4_msgs) StdoutLine: {'line': b'-- Up-to-date: /home/rschnurr/SkyClaw-Team1/ros2_ws/install/px4_msgs/include/px4_msgs/px4_msgs/msg/orbit_status.h\n'}
[1.929157] (px4_msgs) StdoutLine: {'line': b'-- Up-to-date: /home/rschnurr/SkyClaw-Team1/ros2_ws/install/px4_msgs/include/px4_msgs/px4_msgs/msg/logger_status.h\n'}
[1.929407] (px4_msgs) StdoutLine: {'line': b'-- Up-to-date: /home/rschnurr/SkyClaw-Team1/ros2_ws/install/px4_msgs/include/px4_msgs/px4_msgs/msg/ekf2_timestamps.h\n'}
[1.929861] (px4_msgs) StdoutLine: {'line': b'-- Up-to-date: /home/rschnurr/SkyClaw-Team1/ros2_ws/install/px4_msgs/include/px4_msgs/px4_msgs/msg/camera_status.h\n'}
[1.930025] (px4_msgs) StdoutLine: {'line': b'-- Up-to-date: /home/rschnurr/SkyClaw-Team1/ros2_ws/install/px4_msgs/include/px4_msgs/px4_msgs/msg/vehicle_constraints.h\n'}
[1.930418] (px4_msgs) StdoutLine: {'line': b'-- Up-to-date: /home/rschnurr/SkyClaw-Team1/ros2_ws/install/px4_msgs/include/px4_msgs/px4_msgs/msg/ping.h\n'}
[1.931048] (px4_msgs) StdoutLine: {'line': b'-- Up-to-date: /home/rschnurr/SkyClaw-Team1/ros2_ws/install/px4_msgs/include/px4_msgs/px4_msgs/msg/trajectory_setpoint6dof.h\n'}
[1.931446] (px4_msgs) StdoutLine: {'line': b'-- Up-to-date: /home/rschnurr/SkyClaw-Team1/ros2_ws/install/px4_msgs/include/px4_msgs/px4_msgs/msg/position_setpoint.h\n'}
[1.931612] (px4_msgs) StdoutLine: {'line': b'-- Up-to-date: /home/rschnurr/SkyClaw-Team1/ros2_ws/install/px4_msgs/include/px4_msgs/px4_msgs/msg/camera_capture.h\n'}
[1.931855] (px4_msgs) StdoutLine: {'line': b'-- Up-to-date: /home/rschnurr/SkyClaw-Team1/ros2_ws/install/px4_msgs/include/px4_msgs/px4_msgs/msg/gimbal_manager_set_manual_control.h\n'}
[1.932218] (px4_msgs) StdoutLine: {'line': b'-- Up-to-date: /home/rschnurr/SkyClaw-Team1/ros2_ws/install/px4_msgs/include/px4_msgs/px4_msgs/msg/log_message.h\n'}
[1.932503] (px4_msgs) StdoutLine: {'line': b'-- Up-to-date: /home/rschnurr/SkyClaw-Team1/ros2_ws/install/px4_msgs/include/px4_msgs/px4_msgs/msg/vehicle_control_mode.h\n'}
[1.932747] (px4_msgs) StdoutLine: {'line': b'-- Up-to-date: /home/rschnurr/SkyClaw-Team1/ros2_ws/install/px4_msgs/include/px4_msgs/px4_msgs/msg/internal_combustion_engine_control.h\n'}
[1.933193] (px4_msgs) StdoutLine: {'line': b'-- Up-to-date: /home/rschnurr/SkyClaw-Team1/ros2_ws/install/px4_msgs/include/px4_msgs/px4_msgs/msg/px4io_status.h\n'}
[1.933758] (px4_msgs) StdoutLine: {'line': b'-- Up-to-date: /home/rschnurr/SkyClaw-Team1/ros2_ws/install/px4_msgs/include/px4_msgs/px4_msgs/msg/yaw_estimator_status.h\n'}
[1.934054] (px4_msgs) StdoutLine: {'line': b'-- Up-to-date: /home/rschnurr/SkyClaw-Team1/ros2_ws/install/px4_msgs/include/px4_msgs/px4_msgs/msg/parameter_set_used_request.h\n'}
[1.934263] (px4_msgs) StdoutLine: {'line': b'-- Up-to-date: /home/rschnurr/SkyClaw-Team1/ros2_ws/install/px4_msgs/include/px4_msgs/px4_msgs/msg/distance_sensor_mode_change_request.h\n'}
[1.934412] (px4_msgs) StdoutLine: {'line': b'-- Up-to-date: /home/rschnurr/SkyClaw-Team1/ros2_ws/install/px4_msgs/include/px4_msgs/px4_msgs/msg/mission.h\n'}
[1.934753] (px4_msgs) StdoutLine: {'line': b'-- Up-to-date: /home/rschnurr/SkyClaw-Team1/ros2_ws/install/px4_msgs/include/px4_msgs/px4_msgs/msg/mag_worker_data.h\n'}
[1.935894] (px4_msgs) StdoutLine: {'line': b'-- Up-to-date: /home/rschnurr/SkyClaw-Team1/ros2_ws/install/px4_msgs/include/px4_msgs/px4_msgs/msg/rc_channels.h\n'}
[1.936611] (px4_msgs) StdoutLine: {'line': b'-- Up-to-date: /home/rschnurr/SkyClaw-Team1/ros2_ws/install/px4_msgs/include/px4_msgs/px4_msgs/msg/gps_inject_data.h\n'}
[1.936792] (px4_msgs) StdoutLine: {'line': b'-- Up-to-date: /home/rschnurr/SkyClaw-Team1/ros2_ws/install/px4_msgs/include/px4_msgs/px4_msgs/msg/pwm_input.h\n'}
[1.936882] (px4_msgs) StdoutLine: {'line': b'-- Up-to-date: /home/rschnurr/SkyClaw-Team1/ros2_ws/install/px4_msgs/include/px4_msgs/px4_msgs/msg/sensor_airflow.h\n'}
[1.936987] (px4_msgs) StdoutLine: {'line': b'-- Up-to-date: /home/rschnurr/SkyClaw-Team1/ros2_ws/install/px4_msgs/include/px4_msgs/px4_msgs/msg/uavcan_parameter_request.h\n'}
[1.937179] (px4_msgs) StdoutLine: {'line': b'-- Up-to-date: /home/rschnurr/SkyClaw-Team1/ros2_ws/install/px4_msgs/include/px4_msgs/px4_msgs/msg/navigator_status.h\n'}
[1.937613] (px4_msgs) StdoutLine: {'line': b'-- Up-to-date: /home/rschnurr/SkyClaw-Team1/ros2_ws/install/px4_msgs/include/px4_msgs/px4_msgs/msg/autotune_attitude_control_status.h\n'}
[1.937851] (px4_msgs) StdoutLine: {'line': b'-- Up-to-date: /home/rschnurr/SkyClaw-Team1/ros2_ws/install/px4_msgs/include/px4_msgs/px4_msgs/msg/power_button_state.h\n'}
[1.938133] (px4_msgs) StdoutLine: {'line': b'-- Up-to-date: /home/rschnurr/SkyClaw-Team1/ros2_ws/install/px4_msgs/include/px4_msgs/px4_msgs/msg/estimator_sensor_bias.h\n'}
[1.938680] (px4_msgs) StdoutLine: {'line': b'-- Up-to-date: /home/rschnurr/SkyClaw-Team1/ros2_ws/install/px4_msgs/include/px4_msgs/px4_msgs/msg/esc_report.h\n'}
[1.939117] (px4_msgs) StdoutLine: {'line': b'-- Up-to-date: /home/rschnurr/SkyClaw-Team1/ros2_ws/install/px4_msgs/include/px4_msgs/px4_msgs/msg/goto_setpoint.h\n'}
[1.939361] (px4_msgs) StdoutLine: {'line': b'-- Up-to-date: /home/rschnurr/SkyClaw-Team1/ros2_ws/install/px4_msgs/include/px4_msgs/px4_msgs/msg/qshell_req.h\n'}
[1.939603] (px4_msgs) StdoutLine: {'line': b'-- Up-to-date: /home/rschnurr/SkyClaw-Team1/ros2_ws/install/px4_msgs/include/px4_msgs/px4_msgs/msg/airspeed.h\n'}
[1.939931] (px4_msgs) StdoutLine: {'line': b'-- Up-to-date: /home/rschnurr/SkyClaw-Team1/ros2_ws/install/px4_msgs/include/px4_msgs/px4_msgs/msg/figure_eight_status.h\n'}
[1.940232] (px4_msgs) StdoutLine: {'line': b'-- Up-to-date: /home/rschnurr/SkyClaw-Team1/ros2_ws/install/px4_msgs/include/px4_msgs/px4_msgs/msg/debug_key_value.h\n'}
[1.940424] (px4_msgs) StdoutLine: {'line': b'-- Up-to-date: /home/rschnurr/SkyClaw-Team1/ros2_ws/install/px4_msgs/include/px4_msgs/px4_msgs/msg/vehicle_attitude.h\n'}
[1.940550] (px4_msgs) StdoutLine: {'line': b'-- Up-to-date: /home/rschnurr/SkyClaw-Team1/ros2_ws/install/px4_msgs/include/px4_msgs/px4_msgs/msg/open_drone_id_self_id.h\n'}
[1.941486] (px4_msgs) StdoutLine: {'line': b'-- Up-to-date: /home/rschnurr/SkyClaw-Team1/ros2_ws/install/px4_msgs/include/px4_msgs/px4_msgs/msg/sensor_gyro.h\n'}
[1.942757] (px4_msgs) StdoutLine: {'line': b'-- Up-to-date: /home/rschnurr/SkyClaw-Team1/ros2_ws/install/px4_msgs/include/px4_msgs/px4_msgs/msg/mode_completed.h\n'}
[1.943404] (px4_msgs) StdoutLine: {'line': b'-- Up-to-date: /home/rschnurr/SkyClaw-Team1/ros2_ws/install/px4_msgs/include/px4_msgs/px4_msgs/msg/battery_info.h\n'}
[1.944181] (px4_msgs) StdoutLine: {'line': b'-- Up-to-date: /home/rschnurr/SkyClaw-Team1/ros2_ws/install/px4_msgs/include/px4_msgs/px4_msgs/msg/manual_control_setpoint.h\n'}
[1.944775] (px4_msgs) StdoutLine: {'line': b'-- Up-to-date: /home/rschnurr/SkyClaw-Team1/ros2_ws/install/px4_msgs/include/px4_msgs/px4_msgs/msg/actuator_motors.h\n'}
[1.945601] (px4_msgs) StdoutLine: {'line': b'-- Up-to-date: /home/rschnurr/SkyClaw-Team1/ros2_ws/install/px4_msgs/include/px4_msgs/px4_msgs/msg/mavlink_log.h\n'}
[1.945740] (px4_msgs) StdoutLine: {'line': b'-- Up-to-date: /home/rschnurr/SkyClaw-Team1/ros2_ws/install/px4_msgs/include/px4_msgs/px4_msgs/msg/failsafe_flags.h\n'}
[1.946264] (px4_msgs) StdoutLine: {'line': b'-- Up-to-date: /home/rschnurr/SkyClaw-Team1/ros2_ws/install/px4_msgs/include/px4_msgs/px4_msgs/msg/fuel_tank_status.h\n'}
[1.946336] (px4_msgs) StdoutLine: {'line': b'-- Up-to-date: /home/rschnurr/SkyClaw-Team1/ros2_ws/install/px4_msgs/include/px4_msgs/px4_msgs/msg/esc_status.h\n'}
[1.946428] (px4_msgs) StdoutLine: {'line': b'-- Up-to-date: /home/rschnurr/SkyClaw-Team1/ros2_ws/install/px4_msgs/include/px4_msgs/px4_msgs/msg/led_control.h\n'}
[1.946517] (px4_msgs) StdoutLine: {'line': b'-- Up-to-date: /home/rschnurr/SkyClaw-Team1/ros2_ws/install/px4_msgs/include/px4_msgs/px4_msgs/msg/pure_pursuit_status.h\n'}
[1.946564] (px4_msgs) StdoutLine: {'line': b'-- Up-to-date: /home/rschnurr/SkyClaw-Team1/ros2_ws/install/px4_msgs/include/px4_msgs/px4_msgs/msg/rover_speed_setpoint.h\n'}
[1.946628] (px4_msgs) StdoutLine: {'line': b'-- Up-to-date: /home/rschnurr/SkyClaw-Team1/ros2_ws/install/px4_msgs/include/px4_msgs/px4_msgs/msg/estimator_gps_status.h\n'}
[1.946676] (px4_msgs) StdoutLine: {'line': b'-- Up-to-date: /home/rschnurr/SkyClaw-Team1/ros2_ws/install/px4_msgs/include/px4_msgs/px4_msgs/msg/gimbal_controls.h\n'}
[1.946783] (px4_msgs) StdoutLine: {'line': b'-- Up-to-date: /home/rschnurr/SkyClaw-Team1/ros2_ws/install/px4_msgs/include/px4_msgs/px4_msgs/msg/parameter_set_value_request.h\n'}
[1.946835] (px4_msgs) StdoutLine: {'line': b'-- Up-to-date: /home/rschnurr/SkyClaw-Team1/ros2_ws/install/px4_msgs/include/px4_msgs/px4_msgs/msg/sensor_gyro_fifo.h\n'}
[1.946969] (px4_msgs) StdoutLine: {'line': b'-- Up-to-date: /home/rschnurr/SkyClaw-Team1/ros2_ws/install/px4_msgs/include/px4_msgs/px4_msgs/msg/hover_thrust_estimate.h\n'}
[1.947098] (px4_msgs) StdoutLine: {'line': b'-- Up-to-date: /home/rschnurr/SkyClaw-Team1/ros2_ws/install/px4_msgs/share/px4_msgs/environment/library_path.sh\n'}
[1.947164] (px4_msgs) StdoutLine: {'line': b'-- Up-to-date: /home/rschnurr/SkyClaw-Team1/ros2_ws/install/px4_msgs/share/px4_msgs/environment/library_path.dsv\n'}
[1.947267] (px4_msgs) StdoutLine: {'line': b'-- Up-to-date: /home/rschnurr/SkyClaw-Team1/ros2_ws/install/px4_msgs/lib/libpx4_msgs__rosidl_generator_c.so\n'}
[1.947322] (px4_msgs) StdoutLine: {'line': b'-- Up-to-date: /home/rschnurr/SkyClaw-Team1/ros2_ws/install/px4_msgs/include/px4_msgs/px4_msgs\n'}
[1.947370] (px4_msgs) StdoutLine: {'line': b'-- Up-to-date: /home/rschnurr/SkyClaw-Team1/ros2_ws/install/px4_msgs/include/px4_msgs/px4_msgs/srv\n'}
[1.947414] (px4_msgs) StdoutLine: {'line': b'-- Up-to-date: /home/rschnurr/SkyClaw-Team1/ros2_ws/install/px4_msgs/include/px4_msgs/px4_msgs/srv/detail\n'}
[1.947455] (px4_msgs) StdoutLine: {'line': b'-- Up-to-date: /home/rschnurr/SkyClaw-Team1/ros2_ws/install/px4_msgs/include/px4_msgs/px4_msgs/srv/detail/vehicle_command__rosidl_typesupport_fastrtps_c.h\n'}
[1.947499] (px4_msgs) StdoutLine: {'line': b'-- Up-to-date: /home/rschnurr/SkyClaw-Team1/ros2_ws/install/px4_msgs/include/px4_msgs/px4_msgs/msg\n'}
[1.947541] (px4_msgs) StdoutLine: {'line': b'-- Up-to-date: /home/rschnurr/SkyClaw-Team1/ros2_ws/install/px4_msgs/include/px4_msgs/px4_msgs/msg/rosidl_typesupport_fastrtps_c__visibility_control.h\n'}
[1.947584] (px4_msgs) StdoutLine: {'line': b'-- Up-to-date: /home/rschnurr/SkyClaw-Team1/ros2_ws/install/px4_msgs/include/px4_msgs/px4_msgs/msg/detail\n'}
[1.947625] (px4_msgs) StdoutLine: {'line': b'-- Up-to-date: /home/rschnurr/SkyClaw-Team1/ros2_ws/install/px4_msgs/include/px4_msgs/px4_msgs/msg/detail/orb_test__rosidl_typesupport_fastrtps_c.h\n'}
[1.947669] (px4_msgs) StdoutLine: {'line': b'-- Up-to-date: /home/rschnurr/SkyClaw-Team1/ros2_ws/install/px4_msgs/include/px4_msgs/px4_msgs/msg/detail/trajectory_setpoint__rosidl_typesupport_fastrtps_c.h\n'}
[1.947761] (px4_msgs) StdoutLine: {'line': b'-- Up-to-date: /home/rschnurr/SkyClaw-Team1/ros2_ws/install/px4_msgs/include/px4_msgs/px4_msgs/msg/detail/fixed_wing_lateral_status__rosidl_typesupport_fastrtps_c.h\n'}
[1.947822] (px4_msgs) StdoutLine: {'line': b'-- Up-to-date: /home/rschnurr/SkyClaw-Team1/ros2_ws/install/px4_msgs/include/px4_msgs/px4_msgs/msg/detail/iridiumsbd_status__rosidl_typesupport_fastrtps_c.h\n'}
[1.947961] (px4_msgs) StdoutLine: {'line': b'-- Up-to-date: /home/rschnurr/SkyClaw-Team1/ros2_ws/install/px4_msgs/include/px4_msgs/px4_msgs/msg/detail/cellular_status__rosidl_typesupport_fastrtps_c.h\n'}
[1.948050] (px4_msgs) StdoutLine: {'line': b'-- Up-to-date: /home/rschnurr/SkyClaw-Team1/ros2_ws/install/px4_msgs/include/px4_msgs/px4_msgs/msg/detail/gimbal_device_information__rosidl_typesupport_fastrtps_c.h\n'}
[1.948141] (px4_msgs) StdoutLine: {'line': b'-- Up-to-date: /home/rschnurr/SkyClaw-Team1/ros2_ws/install/px4_msgs/include/px4_msgs/px4_msgs/msg/detail/vehicle_attitude_setpoint__rosidl_typesupport_fastrtps_c.h\n'}
[1.948209] (px4_msgs) StdoutLine: {'line': b'-- Up-to-date: /home/rschnurr/SkyClaw-Team1/ros2_ws/install/px4_msgs/include/px4_msgs/px4_msgs/msg/detail/sensor_combined__rosidl_typesupport_fastrtps_c.h\n'}
[1.948262] (px4_msgs) StdoutLine: {'line': b'-- Up-to-date: /home/rschnurr/SkyClaw-Team1/ros2_ws/install/px4_msgs/include/px4_msgs/px4_msgs/msg/detail/rc_parameter_map__rosidl_typesupport_fastrtps_c.h\n'}
[1.948308] (px4_msgs) StdoutLine: {'line': b'-- Up-to-date: /home/rschnurr/SkyClaw-Team1/ros2_ws/install/px4_msgs/include/px4_msgs/px4_msgs/msg/detail/estimator_status__rosidl_typesupport_fastrtps_c.h\n'}
[1.948352] (px4_msgs) StdoutLine: {'line': b'-- Up-to-date: /home/rschnurr/SkyClaw-Team1/ros2_ws/install/px4_msgs/include/px4_msgs/px4_msgs/msg/detail/sensor_airflow__rosidl_typesupport_fastrtps_c.h\n'}
[1.948393] (px4_msgs) StdoutLine: {'line': b'-- Up-to-date: /home/rschnurr/SkyClaw-Team1/ros2_ws/install/px4_msgs/include/px4_msgs/px4_msgs/msg/detail/fuel_tank_status__rosidl_typesupport_fastrtps_c.h\n'}
[1.948436] (px4_msgs) StdoutLine: {'line': b'-- Up-to-date: /home/rschnurr/SkyClaw-Team1/ros2_ws/install/px4_msgs/include/px4_msgs/px4_msgs/msg/detail/yaw_estimator_status__rosidl_typesupport_fastrtps_c.h\n'}
[1.948485] (px4_msgs) StdoutLine: {'line': b'-- Up-to-date: /home/rschnurr/SkyClaw-Team1/ros2_ws/install/px4_msgs/include/px4_msgs/px4_msgs/msg/detail/fixed_wing_lateral_setpoint__rosidl_typesupport_fastrtps_c.h\n'}
[1.948528] (px4_msgs) StdoutLine: {'line': b'-- Up-to-date: /home/rschnurr/SkyClaw-Team1/ros2_ws/install/px4_msgs/include/px4_msgs/px4_msgs/msg/detail/control_allocator_status__rosidl_typesupport_fastrtps_c.h\n'}
[1.948597] (px4_msgs) StdoutLine: {'line': b'-- Up-to-date: /home/rschnurr/SkyClaw-Team1/ros2_ws/install/px4_msgs/include/px4_msgs/px4_msgs/msg/detail/wheel_encoders__rosidl_typesupport_fastrtps_c.h\n'}
[1.948669] (px4_msgs) StdoutLine: {'line': b'-- Up-to-date: /home/rschnurr/SkyClaw-Team1/ros2_ws/install/px4_msgs/include/px4_msgs/px4_msgs/msg/detail/vehicle_control_mode__rosidl_typesupport_fastrtps_c.h\n'}
[1.948717] (px4_msgs) StdoutLine: {'line': b'-- Up-to-date: /home/rschnurr/SkyClaw-Team1/ros2_ws/install/px4_msgs/include/px4_msgs/px4_msgs/msg/detail/actuator_outputs__rosidl_typesupport_fastrtps_c.h\n'}
[1.948749] (px4_msgs) StdoutLine: {'line': b'-- Up-to-date: /home/rschnurr/SkyClaw-Team1/ros2_ws/install/px4_msgs/include/px4_msgs/px4_msgs/msg/detail/velocity_limits__rosidl_typesupport_fastrtps_c.h\n'}
[1.948778] (px4_msgs) StdoutLine: {'line': b'-- Up-to-date: /home/rschnurr/SkyClaw-Team1/ros2_ws/install/px4_msgs/include/px4_msgs/px4_msgs/msg/detail/camera_status__rosidl_typesupport_fastrtps_c.h\n'}
[1.948810] (px4_msgs) StdoutLine: {'line': b'-- Up-to-date: /home/rschnurr/SkyClaw-Team1/ros2_ws/install/px4_msgs/include/px4_msgs/px4_msgs/msg/detail/parameter_set_value_response__rosidl_typesupport_fastrtps_c.h\n'}
[1.948838] (px4_msgs) StdoutLine: {'line': b'-- Up-to-date: /home/rschnurr/SkyClaw-Team1/ros2_ws/install/px4_msgs/include/px4_msgs/px4_msgs/msg/detail/position_setpoint__rosidl_typesupport_fastrtps_c.h\n'}
[1.948865] (px4_msgs) StdoutLine: {'line': b'-- Up-to-date: /home/rschnurr/SkyClaw-Team1/ros2_ws/install/px4_msgs/include/px4_msgs/px4_msgs/msg/detail/navigator_status__rosidl_typesupport_fastrtps_c.h\n'}
[1.948895] (px4_msgs) StdoutLine: {'line': b'-- Up-to-date: /home/rschnurr/SkyClaw-Team1/ros2_ws/install/px4_msgs/include/px4_msgs/px4_msgs/msg/detail/parameter_set_value_request__rosidl_typesupport_fastrtps_c.h\n'}
[1.948922] (px4_msgs) StdoutLine: {'line': b'-- Up-to-date: /home/rschnurr/SkyClaw-Team1/ros2_ws/install/px4_msgs/include/px4_msgs/px4_msgs/msg/detail/open_drone_id_system__rosidl_typesupport_fastrtps_c.h\n'}
[1.948949] (px4_msgs) StdoutLine: {'line': b'-- Up-to-date: /home/rschnurr/SkyClaw-Team1/ros2_ws/install/px4_msgs/include/px4_msgs/px4_msgs/msg/detail/rover_rate_status__rosidl_typesupport_fastrtps_c.h\n'}
[1.948994] (px4_msgs) StdoutLine: {'line': b'-- Up-to-date: /home/rschnurr/SkyClaw-Team1/ros2_ws/install/px4_msgs/include/px4_msgs/px4_msgs/msg/detail/failsafe_flags__rosidl_typesupport_fastrtps_c.h\n'}
[1.949155] (px4_msgs) StdoutLine: {'line': b'-- Up-to-date: /home/rschnurr/SkyClaw-Team1/ros2_ws/install/px4_msgs/include/px4_msgs/px4_msgs/msg/detail/mavlink_log__rosidl_typesupport_fastrtps_c.h\n'}
[1.949204] (px4_msgs) StdoutLine: {'line': b'-- Up-to-date: /home/rschnurr/SkyClaw-Team1/ros2_ws/install/px4_msgs/include/px4_msgs/px4_msgs/msg/detail/figure_eight_status__rosidl_typesupport_fastrtps_c.h\n'}
[1.949245] (px4_msgs) StdoutLine: {'line': b'-- Up-to-date: /home/rschnurr/SkyClaw-Team1/ros2_ws/install/px4_msgs/include/px4_msgs/px4_msgs/msg/detail/esc_status__rosidl_typesupport_fastrtps_c.h\n'}
[1.949275] (px4_msgs) StdoutLine: {'line': b'-- Up-to-date: /home/rschnurr/SkyClaw-Team1/ros2_ws/install/px4_msgs/include/px4_msgs/px4_msgs/msg/detail/vehicle_torque_setpoint__rosidl_typesupport_fastrtps_c.h\n'}
[1.949305] (px4_msgs) StdoutLine: {'line': b'-- Up-to-date: /home/rschnurr/SkyClaw-Team1/ros2_ws/install/px4_msgs/include/px4_msgs/px4_msgs/msg/detail/airspeed__rosidl_typesupport_fastrtps_c.h\n'}
[1.949334] (px4_msgs) StdoutLine: {'line': b'-- Up-to-date: /home/rschnurr/SkyClaw-Team1/ros2_ws/install/px4_msgs/include/px4_msgs/px4_msgs/msg/detail/manual_control_switches__rosidl_typesupport_fastrtps_c.h\n'}
[1.949363] (px4_msgs) StdoutLine: {'line': b'-- Up-to-date: /home/rschnurr/SkyClaw-Team1/ros2_ws/install/px4_msgs/include/px4_msgs/px4_msgs/msg/detail/sensor_gyro_fifo__rosidl_typesupport_fastrtps_c.h\n'}
[1.949392] (px4_msgs) StdoutLine: {'line': b'-- Up-to-date: /home/rschnurr/SkyClaw-Team1/ros2_ws/install/px4_msgs/include/px4_msgs/px4_msgs/msg/detail/sensor_gnss_status__rosidl_typesupport_fastrtps_c.h\n'}
[1.949420] (px4_msgs) StdoutLine: {'line': b'-- Up-to-date: /home/rschnurr/SkyClaw-Team1/ros2_ws/install/px4_msgs/include/px4_msgs/px4_msgs/msg/detail/event__rosidl_typesupport_fastrtps_c.h\n'}
[1.949449] (px4_msgs) StdoutLine: {'line': b'-- Up-to-date: /home/rschnurr/SkyClaw-Team1/ros2_ws/install/px4_msgs/include/px4_msgs/px4_msgs/msg/detail/debug_array__rosidl_typesupport_fastrtps_c.h\n'}
[1.949477] (px4_msgs) StdoutLine: {'line': b'-- Up-to-date: /home/rschnurr/SkyClaw-Team1/ros2_ws/install/px4_msgs/include/px4_msgs/px4_msgs/msg/detail/longitudinal_control_configuration__rosidl_typesupport_fastrtps_c.h\n'}
[1.949507] (px4_msgs) StdoutLine: {'line': b'-- Up-to-date: /home/rschnurr/SkyClaw-Team1/ros2_ws/install/px4_msgs/include/px4_msgs/px4_msgs/msg/detail/failure_detector_status__rosidl_typesupport_fastrtps_c.h\n'}
[1.949536] (px4_msgs) StdoutLine: {'line': b'-- Up-to-date: /home/rschnurr/SkyClaw-Team1/ros2_ws/install/px4_msgs/include/px4_msgs/px4_msgs/msg/detail/fixed_wing_lateral_guidance_status__rosidl_typesupport_fastrtps_c.h\n'}
[1.949588] (px4_msgs) StdoutLine: {'line': b'-- Up-to-date: /home/rschnurr/SkyClaw-Team1/ros2_ws/install/px4_msgs/include/px4_msgs/px4_msgs/msg/detail/transponder_report__rosidl_typesupport_fastrtps_c.h\n'}
[1.949710] (px4_msgs) StdoutLine: {'line': b'-- Up-to-date: /home/rschnurr/SkyClaw-Team1/ros2_ws/install/px4_msgs/include/px4_msgs/px4_msgs/msg/detail/sensor_gps__rosidl_typesupport_fastrtps_c.h\n'}
[1.949761] (px4_msgs) StdoutLine: {'line': b'-- Up-to-date: /home/rschnurr/SkyClaw-Team1/ros2_ws/install/px4_msgs/include/px4_msgs/px4_msgs/msg/detail/rover_speed_setpoint__rosidl_typesupport_fastrtps_c.h\n'}
[1.949800] (px4_msgs) StdoutLine: {'line': b'-- Up-to-date: /home/rschnurr/SkyClaw-Team1/ros2_ws/install/px4_msgs/include/px4_msgs/px4_msgs/msg/detail/rate_ctrl_status__rosidl_typesupport_fastrtps_c.h\n'}
[1.949831] (px4_msgs) StdoutLine: {'line': b'-- Up-to-date: /home/rschnurr/SkyClaw-Team1/ros2_ws/install/px4_msgs/include/px4_msgs/px4_msgs/msg/detail/battery_info__rosidl_typesupport_fastrtps_c.h\n'}
[1.949861] (px4_msgs) StdoutLine: {'line': b'-- Up-to-date: /home/rschnurr/SkyClaw-Team1/ros2_ws/install/px4_msgs/include/px4_msgs/px4_msgs/msg/detail/ulog_stream__rosidl_typesupport_fastrtps_c.h\n'}
[1.949889] (px4_msgs) StdoutLine: {'line': b'-- Up-to-date: /home/rschnurr/SkyClaw-Team1/ros2_ws/install/px4_msgs/include/px4_msgs/px4_msgs/msg/detail/rtl_time_estimate__rosidl_typesupport_fastrtps_c.h\n'}
[1.949916] (px4_msgs) StdoutLine: {'line': b'-- Up-to-date: /home/rschnurr/SkyClaw-Team1/ros2_ws/install/px4_msgs/include/px4_msgs/px4_msgs/msg/detail/register_ext_component_reply__rosidl_typesupport_fastrtps_c.h\n'}
[1.949943] (px4_msgs) StdoutLine: {'line': b'-- Up-to-date: /home/rschnurr/SkyClaw-Team1/ros2_ws/install/px4_msgs/include/px4_msgs/px4_msgs/msg/detail/gpio_in__rosidl_typesupport_fastrtps_c.h\n'}
[1.949970] (px4_msgs) StdoutLine: {'line': b'-- Up-to-date: /home/rschnurr/SkyClaw-Team1/ros2_ws/install/px4_msgs/include/px4_msgs/px4_msgs/msg/detail/estimator_aid_source3d__rosidl_typesupport_fastrtps_c.h\n'}
[1.950015] (px4_msgs) StdoutLine: {'line': b'-- Up-to-date: /home/rschnurr/SkyClaw-Team1/ros2_ws/install/px4_msgs/include/px4_msgs/px4_msgs/msg/detail/vtol_vehicle_status__rosidl_typesupport_fastrtps_c.h\n'}
[1.950124] (px4_msgs) StdoutLine: {'line': b'-- Up-to-date: /home/rschnurr/SkyClaw-Team1/ros2_ws/install/px4_msgs/include/px4_msgs/px4_msgs/msg/detail/internal_combustion_engine_status__rosidl_typesupport_fastrtps_c.h\n'}
[1.950259] (px4_msgs) StdoutLine: {'line': b'-- Up-to-date: /home/rschnurr/SkyClaw-Team1/ros2_ws/install/px4_msgs/include/px4_msgs/px4_msgs/msg/detail/fixed_wing_longitudinal_setpoint__rosidl_typesupport_fastrtps_c.h\n'}
[1.950314] (px4_msgs) StdoutLine: {'line': b'-- Up-to-date: /home/rschnurr/SkyClaw-Team1/ros2_ws/install/px4_msgs/include/px4_msgs/px4_msgs/msg/detail/orbit_status__rosidl_typesupport_fastrtps_c.h\n'}
[1.950363] (px4_msgs) StdoutLine: {'line': b'-- Up-to-date: /home/rschnurr/SkyClaw-Team1/ros2_ws/install/px4_msgs/include/px4_msgs/px4_msgs/msg/detail/sensor_selection__rosidl_typesupport_fastrtps_c.h\n'}
[1.950405] (px4_msgs) StdoutLine: {'line': b'-- Up-to-date: /home/rschnurr/SkyClaw-Team1/ros2_ws/install/px4_msgs/include/px4_msgs/px4_msgs/msg/detail/gimbal_device_set_attitude__rosidl_typesupport_fastrtps_c.h\n'}
[1.950446] (px4_msgs) StdoutLine: {'line': b'-- Up-to-date: /home/rschnurr/SkyClaw-Team1/ros2_ws/install/px4_msgs/include/px4_msgs/px4_msgs/msg/detail/power_button_state__rosidl_typesupport_fastrtps_c.h\n'}
[1.950485] (px4_msgs) StdoutLine: {'line': b'-- Up-to-date: /home/rschnurr/SkyClaw-Team1/ros2_ws/install/px4_msgs/include/px4_msgs/px4_msgs/msg/detail/task_stack_info__rosidl_typesupport_fastrtps_c.h\n'}
[1.950524] (px4_msgs) StdoutLine: {'line': b'-- Up-to-date: /home/rschnurr/SkyClaw-Team1/ros2_ws/install/px4_msgs/include/px4_msgs/px4_msgs/msg/detail/rover_attitude_setpoint__rosidl_typesupport_fastrtps_c.h\n'}
[1.950562] (px4_msgs) StdoutLine: {'line': b'-- Up-to-date: /home/rschnurr/SkyClaw-Team1/ros2_ws/install/px4_msgs/include/px4_msgs/px4_msgs/msg/detail/power_monitor__rosidl_typesupport_fastrtps_c.h\n'}
[1.950600] (px4_msgs) StdoutLine: {'line': b'-- Up-to-date: /home/rschnurr/SkyClaw-Team1/ros2_ws/install/px4_msgs/include/px4_msgs/px4_msgs/msg/detail/navigator_mission_item__rosidl_typesupport_fastrtps_c.h\n'}
[1.950643] (px4_msgs) StdoutLine: {'line': b'-- Up-to-date: /home/rschnurr/SkyClaw-Team1/ros2_ws/install/px4_msgs/include/px4_msgs/px4_msgs/msg/detail/estimator_selector_status__rosidl_typesupport_fastrtps_c.h\n'}
[1.950682] (px4_msgs) StdoutLine: {'line': b'-- Up-to-date: /home/rschnurr/SkyClaw-Team1/ros2_ws/install/px4_msgs/include/px4_msgs/px4_msgs/msg/detail/airspeed_validated__rosidl_typesupport_fastrtps_c.h\n'}
[1.950805] (px4_msgs) StdoutLine: {'line': b'-- Up-to-date: /home/rschnurr/SkyClaw-Team1/ros2_ws/install/px4_msgs/include/px4_msgs/px4_msgs/msg/detail/hover_thrust_estimate__rosidl_typesupport_fastrtps_c.h\n'}
[1.950857] (px4_msgs) StdoutLine: {'line': b'-- Up-to-date: /home/rschnurr/SkyClaw-Team1/ros2_ws/install/px4_msgs/include/px4_msgs/px4_msgs/msg/detail/goto_setpoint__rosidl_typesupport_fastrtps_c.h\n'}
[1.950892] (px4_msgs) StdoutLine: {'line': b'-- Up-to-date: /home/rschnurr/SkyClaw-Team1/ros2_ws/install/px4_msgs/include/px4_msgs/px4_msgs/msg/detail/position_controller_status__rosidl_typesupport_fastrtps_c.h\n'}
[1.950931] (px4_msgs) StdoutLine: {'line': b'-- Up-to-date: /home/rschnurr/SkyClaw-Team1/ros2_ws/install/px4_msgs/include/px4_msgs/px4_msgs/msg/detail/follow_target__rosidl_typesupport_fastrtps_c.h\n'}
[1.950962] (px4_msgs) StdoutLine: {'line': b'-- Up-to-date: /home/rschnurr/SkyClaw-Team1/ros2_ws/install/px4_msgs/include/px4_msgs/px4_msgs/msg/detail/manual_control_setpoint__rosidl_typesupport_fastrtps_c.h\n'}
[1.950989] (px4_msgs) StdoutLine: {'line': b'-- Up-to-date: /home/rschnurr/SkyClaw-Team1/ros2_ws/install/px4_msgs/include/px4_msgs/px4_msgs/msg/detail/distance_sensor_mode_change_request__rosidl_typesupport_fastrtps_c.h\n'}
[1.951017] (px4_msgs) StdoutLine: {'line': b'-- Up-to-date: /home/rschnurr/SkyClaw-Team1/ros2_ws/install/px4_msgs/include/px4_msgs/px4_msgs/msg/detail/vehicle_imu_status__rosidl_typesupport_fastrtps_c.h\n'}
[1.951048] (px4_msgs) StdoutLine: {'line': b'-- Up-to-date: /home/rschnurr/SkyClaw-Team1/ros2_ws/install/px4_msgs/include/px4_msgs/px4_msgs/msg/detail/landing_target_pose__rosidl_typesupport_fastrtps_c.h\n'}
[1.951203] (px4_msgs) StdoutLine: {'line': b'-- Up-to-date: /home/rschnurr/SkyClaw-Team1/ros2_ws/install/px4_msgs/include/px4_msgs/px4_msgs/msg/detail/uavcan_parameter_request__rosidl_typesupport_fastrtps_c.h\n'}
[1.951313] (px4_msgs) StdoutLine: {'line': b'-- Up-to-date: /home/rschnurr/SkyClaw-Team1/ros2_ws/install/px4_msgs/include/px4_msgs/px4_msgs/msg/detail/dronecan_node_status__rosidl_typesupport_fastrtps_c.h\n'}
[1.951429] (px4_msgs) StdoutLine: {'line': b'-- Up-to-date: /home/rschnurr/SkyClaw-Team1/ros2_ws/install/px4_msgs/include/px4_msgs/px4_msgs/msg/detail/rover_rate_setpoint__rosidl_typesupport_fastrtps_c.h\n'}
[1.951508] (px4_msgs) StdoutLine: {'line': b'-- Up-to-date: /home/rschnurr/SkyClaw-Team1/ros2_ws/install/px4_msgs/include/px4_msgs/px4_msgs/msg/detail/vehicle_roi__rosidl_typesupport_fastrtps_c.h\n'}
[1.951549] (px4_msgs) StdoutLine: {'line': b'-- Up-to-date: /home/rschnurr/SkyClaw-Team1/ros2_ws/install/px4_msgs/include/px4_msgs/px4_msgs/msg/detail/vehicle_status__rosidl_typesupport_fastrtps_c.h\n'}
[1.951581] (px4_msgs) StdoutLine: {'line': b'-- Up-to-date: /home/rschnurr/SkyClaw-Team1/ros2_ws/install/px4_msgs/include/px4_msgs/px4_msgs/msg/detail/vehicle_local_position_setpoint__rosidl_typesupport_fastrtps_c.h\n'}
[1.951614] (px4_msgs) StdoutLine: {'line': b'-- Up-to-date: /home/rschnurr/SkyClaw-Team1/ros2_ws/install/px4_msgs/include/px4_msgs/px4_msgs/msg/detail/landing_gear__rosidl_typesupport_fastrtps_c.h\n'}
[1.951645] (px4_msgs) StdoutLine: {'line': b'-- Up-to-date: /home/rschnurr/SkyClaw-Team1/ros2_ws/install/px4_msgs/include/px4_msgs/px4_msgs/msg/detail/collision_constraints__rosidl_typesupport_fastrtps_c.h\n'}
[1.951681] (px4_msgs) StdoutLine: {'line': b'-- Up-to-date: /home/rschnurr/SkyClaw-Team1/ros2_ws/install/px4_msgs/include/px4_msgs/px4_msgs/msg/detail/uavcan_parameter_value__rosidl_typesupport_fastrtps_c.h\n'}
[1.951774] (px4_msgs) StdoutLine: {'line': b'-- Up-to-date: /home/rschnurr/SkyClaw-Team1/ros2_ws/install/px4_msgs/include/px4_msgs/px4_msgs/msg/detail/camera_trigger__rosidl_typesupport_fastrtps_c.h\n'}
[1.951830] (px4_msgs) StdoutLine: {'line': b'-- Up-to-date: /home/rschnurr/SkyClaw-Team1/ros2_ws/install/px4_msgs/include/px4_msgs/px4_msgs/msg/detail/system_power__rosidl_typesupport_fastrtps_c.h\n'}
[1.951937] (px4_msgs) StdoutLine: {'line': b'-- Up-to-date: /home/rschnurr/SkyClaw-Team1/ros2_ws/install/px4_msgs/include/px4_msgs/px4_msgs/msg/detail/gimbal_manager_set_manual_control__rosidl_typesupport_fastrtps_c.h\n'}
[1.951993] (px4_msgs) StdoutLine: {'line': b'-- Up-to-date: /home/rschnurr/SkyClaw-Team1/ros2_ws/install/px4_msgs/include/px4_msgs/px4_msgs/msg/detail/action_request__rosidl_typesupport_fastrtps_c.h\n'}
[1.952038] (px4_msgs) StdoutLine: {'line': b'-- Up-to-date: /home/rschnurr/SkyClaw-Team1/ros2_ws/install/px4_msgs/include/px4_msgs/px4_msgs/msg/detail/gps_inject_data__rosidl_typesupport_fastrtps_c.h\n'}
[1.952079] (px4_msgs) StdoutLine: {'line': b'-- Up-to-date: /home/rschnurr/SkyClaw-Team1/ros2_ws/install/px4_msgs/include/px4_msgs/px4_msgs/msg/detail/rover_speed_status__rosidl_typesupport_fastrtps_c.h\n'}
[1.952118] (px4_msgs) StdoutLine: {'line': b'-- Up-to-date: /home/rschnurr/SkyClaw-Team1/ros2_ws/install/px4_msgs/include/px4_msgs/px4_msgs/msg/detail/log_message__rosidl_typesupport_fastrtps_c.h\n'}
[1.952157] (px4_msgs) StdoutLine: {'line': b'-- Up-to-date: /home/rschnurr/SkyClaw-Team1/ros2_ws/install/px4_msgs/include/px4_msgs/px4_msgs/msg/detail/ekf2_timestamps__rosidl_typesupport_fastrtps_c.h\n'}
[1.952200] (px4_msgs) StdoutLine: {'line': b'-- Up-to-date: /home/rschnurr/SkyClaw-Team1/ros2_ws/install/px4_msgs/include/px4_msgs/px4_msgs/msg/detail/estimator_bias3d__rosidl_typesupport_fastrtps_c.h\n'}
[1.952284] (px4_msgs) StdoutLine: {'line': b'-- Up-to-date: /home/rschnurr/SkyClaw-Team1/ros2_ws/install/px4_msgs/include/px4_msgs/px4_msgs/msg/detail/estimator_event_flags__rosidl_typesupport_fastrtps_c.h\n'}
[1.952352] (px4_msgs) StdoutLine: {'line': b'-- Up-to-date: /home/rschnurr/SkyClaw-Team1/ros2_ws/install/px4_msgs/include/px4_msgs/px4_msgs/msg/detail/neural_control__rosidl_typesupport_fastrtps_c.h\n'}
[1.952400] (px4_msgs) StdoutLine: {'line': b'-- Up-to-date: /home/rschnurr/SkyClaw-Team1/ros2_ws/install/px4_msgs/include/px4_msgs/px4_msgs/msg/detail/parameter_set_used_request__rosidl_typesupport_fastrtps_c.h\n'}
[1.952454] (px4_msgs) StdoutLine: {'line': b'-- Up-to-date: /home/rschnurr/SkyClaw-Team1/ros2_ws/install/px4_msgs/include/px4_msgs/px4_msgs/msg/detail/parameter_update__rosidl_typesupport_fastrtps_c.h\n'}
[1.952496] (px4_msgs) StdoutLine: {'line': b'-- Up-to-date: /home/rschnurr/SkyClaw-Team1/ros2_ws/install/px4_msgs/include/px4_msgs/px4_msgs/msg/detail/normalized_unsigned_setpoint__rosidl_typesupport_fastrtps_c.h\n'}
[1.952535] (px4_msgs) StdoutLine: {'line': b'-- Up-to-date: /home/rschnurr/SkyClaw-Team1/ros2_ws/install/px4_msgs/include/px4_msgs/px4_msgs/msg/detail/wind__rosidl_typesupport_fastrtps_c.h\n'}
[1.952575] (px4_msgs) StdoutLine: {'line': b'-- Up-to-date: /home/rschnurr/SkyClaw-Team1/ros2_ws/install/px4_msgs/include/px4_msgs/px4_msgs/msg/detail/vehicle_air_data__rosidl_typesupport_fastrtps_c.h\n'}
[1.952613] (px4_msgs) StdoutLine: {'line': b'-- Up-to-date: /home/rschnurr/SkyClaw-Team1/ros2_ws/install/px4_msgs/include/px4_msgs/px4_msgs/msg/detail/sensor_accel__rosidl_typesupport_fastrtps_c.h\n'}
[1.952653] (px4_msgs) StdoutLine: {'line': b'-- Up-to-date: /home/rschnurr/SkyClaw-Team1/ros2_ws/install/px4_msgs/include/px4_msgs/px4_msgs/msg/detail/sensor_mag__rosidl_typesupport_fastrtps_c.h\n'}
[1.952692] (px4_msgs) StdoutLine: {'line': b'-- Up-to-date: /home/rschnurr/SkyClaw-Team1/ros2_ws/install/px4_msgs/include/px4_msgs/px4_msgs/msg/detail/estimator_sensor_bias__rosidl_typesupport_fastrtps_c.h\n'}
[1.952775] (px4_msgs) StdoutLine: {'line': b'-- Up-to-date: /home/rschnurr/SkyClaw-Team1/ros2_ws/install/px4_msgs/include/px4_msgs/px4_msgs/msg/detail/actuator_armed__rosidl_typesupport_fastrtps_c.h\n'}
[1.952835] (px4_msgs) StdoutLine: {'line': b'-- Up-to-date: /home/rschnurr/SkyClaw-Team1/ros2_ws/install/px4_msgs/include/px4_msgs/px4_msgs/msg/detail/radio_status__rosidl_typesupport_fastrtps_c.h\n'}
[1.952881] (px4_msgs) StdoutLine: {'line': b'-- Up-to-date: /home/rschnurr/SkyClaw-Team1/ros2_ws/install/px4_msgs/include/px4_msgs/px4_msgs/msg/detail/open_drone_id_arm_status__rosidl_typesupport_fastrtps_c.h\n'}
[1.952946] (px4_msgs) StdoutLine: {'line': b'-- Up-to-date: /home/rschnurr/SkyClaw-Team1/ros2_ws/install/px4_msgs/include/px4_msgs/px4_msgs/msg/detail/sensor_accel_fifo__rosidl_typesupport_fastrtps_c.h\n'}
[1.953089] (px4_msgs) StdoutLine: {'line': b'-- Up-to-date: /home/rschnurr/SkyClaw-Team1/ros2_ws/install/px4_msgs/include/px4_msgs/px4_msgs/msg/detail/landing_gear_wheel__rosidl_typesupport_fastrtps_c.h\n'}
[1.953153] (px4_msgs) StdoutLine: {'line': b'-- Up-to-date: /home/rschnurr/SkyClaw-Team1/ros2_ws/install/px4_msgs/include/px4_msgs/px4_msgs/msg/detail/button_event__rosidl_typesupport_fastrtps_c.h\n'}
[1.953421] (px4_msgs) StdoutLine: {'line': b'-- Up-to-date: /home/rschnurr/SkyClaw-Team1/ros2_ws/install/px4_msgs/include/px4_msgs/px4_msgs/msg/detail/estimator_innovations__rosidl_typesupport_fastrtps_c.h\n'}
[1.953606] (px4_msgs) StdoutLine: {'line': b'-- Up-to-date: /home/rschnurr/SkyClaw-Team1/ros2_ws/install/px4_msgs/include/px4_msgs/px4_msgs/msg/detail/debug_vect__rosidl_typesupport_fastrtps_c.h\n'}
[1.953713] (px4_msgs) StdoutLine: {'line': b'-- Up-to-date: /home/rschnurr/SkyClaw-Team1/ros2_ws/install/px4_msgs/include/px4_msgs/px4_msgs/msg/detail/gimbal_manager_set_attitude__rosidl_typesupport_fastrtps_c.h\n'}
[1.953772] (px4_msgs) StdoutLine: {'line': b'-- Up-to-date: /home/rschnurr/SkyClaw-Team1/ros2_ws/install/px4_msgs/include/px4_msgs/px4_msgs/msg/detail/sensor_preflight_mag__rosidl_typesupport_fastrtps_c.h\n'}
[1.953821] (px4_msgs) StdoutLine: {'line': b'-- Up-to-date: /home/rschnurr/SkyClaw-Team1/ros2_ws/install/px4_msgs/include/px4_msgs/px4_msgs/msg/detail/sensors_status__rosidl_typesupport_fastrtps_c.h\n'}
[1.953862] (px4_msgs) StdoutLine: {'line': b'-- Up-to-date: /home/rschnurr/SkyClaw-Team1/ros2_ws/install/px4_msgs/include/px4_msgs/px4_msgs/msg/detail/gimbal_manager_information__rosidl_typesupport_fastrtps_c.h\n'}
[1.953951] (px4_msgs) StdoutLine: {'line': b'-- Up-to-date: /home/rschnurr/SkyClaw-Team1/ros2_ws/install/px4_msgs/include/px4_msgs/px4_msgs/msg/detail/sensor_gyro_fft__rosidl_typesupport_fastrtps_c.h\n'}
[1.954045] (px4_msgs) StdoutLine: {'line': b'-- Up-to-date: /home/rschnurr/SkyClaw-Team1/ros2_ws/install/px4_msgs/include/px4_msgs/px4_msgs/msg/detail/vehicle_thrust_setpoint__rosidl_typesupport_fastrtps_c.h\n'}
[1.954101] (px4_msgs) StdoutLine: {'line': b'-- Up-to-date: /home/rschnurr/SkyClaw-Team1/ros2_ws/install/px4_msgs/include/px4_msgs/px4_msgs/msg/detail/rtl_status__rosidl_typesupport_fastrtps_c.h\n'}
[1.954148] (px4_msgs) StdoutLine: {'line': b'-- Up-to-date: /home/rschnurr/SkyClaw-Team1/ros2_ws/install/px4_msgs/include/px4_msgs/px4_msgs/msg/detail/follow_target_estimator__rosidl_typesupport_fastrtps_c.h\n'}
[1.954246] (px4_msgs) StdoutLine: {'line': b'-- Up-to-date: /home/rschnurr/SkyClaw-Team1/ros2_ws/install/px4_msgs/include/px4_msgs/px4_msgs/msg/detail/mavlink_tunnel__rosidl_typesupport_fastrtps_c.h\n'}
[1.954306] (px4_msgs) StdoutLine: {'line': b'-- Up-to-date: /home/rschnurr/SkyClaw-Team1/ros2_ws/install/px4_msgs/include/px4_msgs/px4_msgs/msg/detail/follow_target_status__rosidl_typesupport_fastrtps_c.h\n'}
[1.954354] (px4_msgs) StdoutLine: {'line': b'-- Up-to-date: /home/rschnurr/SkyClaw-Team1/ros2_ws/install/px4_msgs/include/px4_msgs/px4_msgs/msg/detail/config_overrides__rosidl_typesupport_fastrtps_c.h\n'}
[1.954397] (px4_msgs) StdoutLine: {'line': b'-- Up-to-date: /home/rschnurr/SkyClaw-Team1/ros2_ws/install/px4_msgs/include/px4_msgs/px4_msgs/msg/detail/message_format_response__rosidl_typesupport_fastrtps_c.h\n'}
[1.954448] (px4_msgs) StdoutLine: {'line': b'-- Up-to-date: /home/rschnurr/SkyClaw-Team1/ros2_ws/install/px4_msgs/include/px4_msgs/px4_msgs/msg/detail/camera_capture__rosidl_typesupport_fastrtps_c.h\n'}
[1.954491] (px4_msgs) StdoutLine: {'line': b'-- Up-to-date: /home/rschnurr/SkyClaw-Team1/ros2_ws/install/px4_msgs/include/px4_msgs/px4_msgs/msg/detail/vehicle_imu__rosidl_typesupport_fastrtps_c.h\n'}
[1.954533] (px4_msgs) StdoutLine: {'line': b'-- Up-to-date: /home/rschnurr/SkyClaw-Team1/ros2_ws/install/px4_msgs/include/px4_msgs/px4_msgs/msg/detail/led_control__rosidl_typesupport_fastrtps_c.h\n'}
[1.954578] (px4_msgs) StdoutLine: {'line': b'-- Up-to-date: /home/rschnurr/SkyClaw-Team1/ros2_ws/install/px4_msgs/include/px4_msgs/px4_msgs/msg/detail/sensor_optical_flow__rosidl_typesupport_fastrtps_c.h\n'}
[1.954619] (px4_msgs) StdoutLine: {'line': b'-- Up-to-date: /home/rschnurr/SkyClaw-Team1/ros2_ws/install/px4_msgs/include/px4_msgs/px4_msgs/msg/detail/estimator_gps_status__rosidl_typesupport_fastrtps_c.h\n'}
[1.954659] (px4_msgs) StdoutLine: {'line': b'-- Up-to-date: /home/rschnurr/SkyClaw-Team1/ros2_ws/install/px4_msgs/include/px4_msgs/px4_msgs/msg/detail/esc_report__rosidl_typesupport_fastrtps_c.h\n'}
[1.954770] (px4_msgs) StdoutLine: {'line': b'-- Up-to-date: /home/rschnurr/SkyClaw-Team1/ros2_ws/install/px4_msgs/include/px4_msgs/px4_msgs/msg/detail/estimator_states__rosidl_typesupport_fastrtps_c.h\n'}
[1.954829] (px4_msgs) StdoutLine: {'line': b'-- Up-to-date: /home/rschnurr/SkyClaw-Team1/ros2_ws/install/px4_msgs/include/px4_msgs/px4_msgs/msg/detail/qshell_req__rosidl_typesupport_fastrtps_c.h\n'}
[1.955152] (px4_msgs) StdoutLine: {'line': b'-- Up-to-date: /home/rschnurr/SkyClaw-Team1/ros2_ws/install/px4_msgs/include/px4_msgs/px4_msgs/msg/detail/differential_pressure__rosidl_typesupport_fastrtps_c.h\n'}
[1.955287] (px4_msgs) StdoutLine: {'line': b'-- Up-to-date: /home/rschnurr/SkyClaw-Team1/ros2_ws/install/px4_msgs/include/px4_msgs/px4_msgs/msg/detail/autotune_attitude_control_status__rosidl_typesupport_fastrtps_c.h\n'}
[1.955522] (px4_msgs) StdoutLine: {'line': b'-- Up-to-date: /home/rschnurr/SkyClaw-Team1/ros2_ws/install/px4_msgs/include/px4_msgs/px4_msgs/msg/detail/message_format_request__rosidl_typesupport_fastrtps_c.h\n'}
[1.955650] (px4_msgs) StdoutLine: {'line': b'-- Up-to-date: /home/rschnurr/SkyClaw-Team1/ros2_ws/install/px4_msgs/include/px4_msgs/px4_msgs/msg/detail/home_position__rosidl_typesupport_fastrtps_c.h\n'}
[1.955739] (px4_msgs) StdoutLine: {'line': b'-- Up-to-date: /home/rschnurr/SkyClaw-Team1/ros2_ws/install/px4_msgs/include/px4_msgs/px4_msgs/msg/detail/gimbal_controls__rosidl_typesupport_fastrtps_c.h\n'}
[1.955816] (px4_msgs) StdoutLine: {'line': b'-- Up-to-date: /home/rschnurr/SkyClaw-Team1/ros2_ws/install/px4_msgs/include/px4_msgs/px4_msgs/msg/detail/gpio_out__rosidl_typesupport_fastrtps_c.h\n'}
[1.955891] (px4_msgs) StdoutLine: {'line': b'-- Up-to-date: /home/rschnurr/SkyClaw-Team1/ros2_ws/install/px4_msgs/include/px4_msgs/px4_msgs/msg/detail/cpuload__rosidl_typesupport_fastrtps_c.h\n'}
[1.955963] (px4_msgs) StdoutLine: {'line': b'-- Up-to-date: /home/rschnurr/SkyClaw-Team1/ros2_ws/install/px4_msgs/include/px4_msgs/px4_msgs/msg/detail/gps_dump__rosidl_typesupport_fastrtps_c.h\n'}
[1.956035] (px4_msgs) StdoutLine: {'line': b'-- Up-to-date: /home/rschnurr/SkyClaw-Team1/ros2_ws/install/px4_msgs/include/px4_msgs/px4_msgs/msg/detail/mode_completed__rosidl_typesupport_fastrtps_c.h\n'}
[1.956107] (px4_msgs) StdoutLine: {'line': b'-- Up-to-date: /home/rschnurr/SkyClaw-Team1/ros2_ws/install/px4_msgs/include/px4_msgs/px4_msgs/msg/detail/rover_steering_setpoint__rosidl_typesupport_fastrtps_c.h\n'}
[1.956180] (px4_msgs) StdoutLine: {'line': b'-- Up-to-date: /home/rschnurr/SkyClaw-Team1/ros2_ws/install/px4_msgs/include/px4_msgs/px4_msgs/msg/detail/health_report__rosidl_typesupport_fastrtps_c.h\n'}
[1.956253] (px4_msgs) StdoutLine: {'line': b'-- Up-to-date: /home/rschnurr/SkyClaw-Team1/ros2_ws/install/px4_msgs/include/px4_msgs/px4_msgs/msg/detail/vehicle_land_detected__rosidl_typesupport_fastrtps_c.h\n'}
[1.956325] (px4_msgs) StdoutLine: {'line': b'-- Up-to-date: /home/rschnurr/SkyClaw-Team1/ros2_ws/install/px4_msgs/include/px4_msgs/px4_msgs/msg/detail/open_drone_id_self_id__rosidl_typesupport_fastrtps_c.h\n'}
[1.956414] (px4_msgs) StdoutLine: {'line': b'-- Up-to-date: /home/rschnurr/SkyClaw-Team1/ros2_ws/install/px4_msgs/include/px4_msgs/px4_msgs/msg/detail/battery_status__rosidl_typesupport_fastrtps_c.h\n'}
[1.956492] (px4_msgs) StdoutLine: {'line': b'-- Up-to-date: /home/rschnurr/SkyClaw-Team1/ros2_ws/install/px4_msgs/include/px4_msgs/px4_msgs/msg/detail/debug_value__rosidl_typesupport_fastrtps_c.h\n'}
[1.956571] (px4_msgs) StdoutLine: {'line': b'-- Up-to-date: /home/rschnurr/SkyClaw-Team1/ros2_ws/install/px4_msgs/include/px4_msgs/px4_msgs/msg/detail/trajectory_setpoint6dof__rosidl_typesupport_fastrtps_c.h\n'}
[1.956642] (px4_msgs) StdoutLine: {'line': b'-- Up-to-date: /home/rschnurr/SkyClaw-Team1/ros2_ws/install/px4_msgs/include/px4_msgs/px4_msgs/msg/detail/gpio_config__rosidl_typesupport_fastrtps_c.h\n'}
[1.956712] (px4_msgs) StdoutLine: {'line': b'-- Up-to-date: /home/rschnurr/SkyClaw-Team1/ros2_ws/install/px4_msgs/include/px4_msgs/px4_msgs/msg/detail/landing_target_innovations__rosidl_typesupport_fastrtps_c.h\n'}
[1.956790] (px4_msgs) StdoutLine: {'line': b'-- Up-to-date: /home/rschnurr/SkyClaw-Team1/ros2_ws/install/px4_msgs/include/px4_msgs/px4_msgs/msg/detail/vehicle_magnetometer__rosidl_typesupport_fastrtps_c.h\n'}
[1.957057] (px4_msgs) StdoutLine: {'line': b'-- Up-to-date: /home/rschnurr/SkyClaw-Team1/ros2_ws/install/px4_msgs/include/px4_msgs/px4_msgs/msg/detail/tune_control__rosidl_typesupport_fastrtps_c.h\n'}
[1.957225] (px4_msgs) StdoutLine: {'line': b'-- Up-to-date: /home/rschnurr/SkyClaw-Team1/ros2_ws/install/px4_msgs/include/px4_msgs/px4_msgs/msg/detail/px4io_status__rosidl_typesupport_fastrtps_c.h\n'}
[1.957316] (px4_msgs) StdoutLine: {'line': b'-- Up-to-date: /home/rschnurr/SkyClaw-Team1/ros2_ws/install/px4_msgs/include/px4_msgs/px4_msgs/msg/detail/pps_capture__rosidl_typesupport_fastrtps_c.h\n'}
[1.957395] (px4_msgs) StdoutLine: {'line': b'-- Up-to-date: /home/rschnurr/SkyClaw-Team1/ros2_ws/install/px4_msgs/include/px4_msgs/px4_msgs/msg/detail/rover_attitude_status__rosidl_typesupport_fastrtps_c.h\n'}
[1.957515] (px4_msgs) StdoutLine: {'line': b'-- Up-to-date: /home/rschnurr/SkyClaw-Team1/ros2_ws/install/px4_msgs/include/px4_msgs/px4_msgs/msg/detail/unregister_ext_component__rosidl_typesupport_fastrtps_c.h\n'}
[1.957684] (px4_msgs) StdoutLine: {'line': b'-- Up-to-date: /home/rschnurr/SkyClaw-Team1/ros2_ws/install/px4_msgs/include/px4_msgs/px4_msgs/msg/detail/vehicle_acceleration__rosidl_typesupport_fastrtps_c.h\n'}
[1.957778] (px4_msgs) StdoutLine: {'line': b'-- Up-to-date: /home/rschnurr/SkyClaw-Team1/ros2_ws/install/px4_msgs/include/px4_msgs/px4_msgs/msg/detail/irlock_report__rosidl_typesupport_fastrtps_c.h\n'}
[1.957858] (px4_msgs) StdoutLine: {'line': b'-- Up-to-date: /home/rschnurr/SkyClaw-Team1/ros2_ws/install/px4_msgs/include/px4_msgs/px4_msgs/msg/detail/pure_pursuit_status__rosidl_typesupport_fastrtps_c.h\n'}
[1.957933] (px4_msgs) StdoutLine: {'line': b'-- Up-to-date: /home/rschnurr/SkyClaw-Team1/ros2_ws/install/px4_msgs/include/px4_msgs/px4_msgs/msg/detail/tiltrotor_extra_controls__rosidl_typesupport_fastrtps_c.h\n'}
[1.958010] (px4_msgs) StdoutLine: {'line': b'-- Up-to-date: /home/rschnurr/SkyClaw-Team1/ros2_ws/install/px4_msgs/include/px4_msgs/px4_msgs/msg/detail/obstacle_distance__rosidl_typesupport_fastrtps_c.h\n'}
[1.958084] (px4_msgs) StdoutLine: {'line': b'-- Up-to-date: /home/rschnurr/SkyClaw-Team1/ros2_ws/install/px4_msgs/include/px4_msgs/px4_msgs/msg/detail/actuator_servos_trim__rosidl_typesupport_fastrtps_c.h\n'}
[1.958174] (px4_msgs) StdoutLine: {'line': b'-- Up-to-date: /home/rschnurr/SkyClaw-Team1/ros2_ws/install/px4_msgs/include/px4_msgs/px4_msgs/msg/detail/mount_orientation__rosidl_typesupport_fastrtps_c.h\n'}
[1.958253] (px4_msgs) StdoutLine: {'line': b'-- Up-to-date: /home/rschnurr/SkyClaw-Team1/ros2_ws/install/px4_msgs/include/px4_msgs/px4_msgs/msg/detail/launch_detection_status__rosidl_typesupport_fastrtps_c.h\n'}
[1.958330] (px4_msgs) StdoutLine: {'line': b'-- Up-to-date: /home/rschnurr/SkyClaw-Team1/ros2_ws/install/px4_msgs/include/px4_msgs/px4_msgs/msg/detail/arming_check_request__rosidl_typesupport_fastrtps_c.h\n'}
[1.958406] (px4_msgs) StdoutLine: {'line': b'-- Up-to-date: /home/rschnurr/SkyClaw-Team1/ros2_ws/install/px4_msgs/include/px4_msgs/px4_msgs/msg/detail/mission__rosidl_typesupport_fastrtps_c.h\n'}
[1.958479] (px4_msgs) StdoutLine: {'line': b'-- Up-to-date: /home/rschnurr/SkyClaw-Team1/ros2_ws/install/px4_msgs/include/px4_msgs/px4_msgs/msg/detail/register_ext_component_request__rosidl_typesupport_fastrtps_c.h\n'}
[1.958568] (px4_msgs) StdoutLine: {'line': b'-- Up-to-date: /home/rschnurr/SkyClaw-Team1/ros2_ws/install/px4_msgs/include/px4_msgs/px4_msgs/msg/detail/vehicle_angular_acceleration_setpoint__rosidl_typesupport_fastrtps_c.h\n'}
[1.958639] (px4_msgs) StdoutLine: {'line': b'-- Up-to-date: /home/rschnurr/SkyClaw-Team1/ros2_ws/install/px4_msgs/include/px4_msgs/px4_msgs/msg/detail/estimator_bias__rosidl_typesupport_fastrtps_c.h\n'}
[1.958716] (px4_msgs) StdoutLine: {'line': b'-- Up-to-date: /home/rschnurr/SkyClaw-Team1/ros2_ws/install/px4_msgs/include/px4_msgs/px4_msgs/msg/detail/sensor_gyro__rosidl_typesupport_fastrtps_c.h\n'}
[1.958787] (px4_msgs) StdoutLine: {'line': b'-- Up-to-date: /home/rschnurr/SkyClaw-Team1/ros2_ws/install/px4_msgs/include/px4_msgs/px4_msgs/msg/detail/pwm_input__rosidl_typesupport_fastrtps_c.h\n'}
[1.958856] (px4_msgs) StdoutLine: {'line': b'-- Up-to-date: /home/rschnurr/SkyClaw-Team1/ros2_ws/install/px4_msgs/include/px4_msgs/px4_msgs/msg/detail/gimbal_manager_status__rosidl_typesupport_fastrtps_c.h\n'}
[1.958934] (px4_msgs) StdoutLine: {'line': b'-- Up-to-date: /home/rschnurr/SkyClaw-Team1/ros2_ws/install/px4_msgs/include/px4_msgs/px4_msgs/msg/detail/ping__rosidl_typesupport_fastrtps_c.h\n'}
[1.959010] (px4_msgs) StdoutLine: {'line': b'-- Up-to-date: /home/rschnurr/SkyClaw-Team1/ros2_ws/install/px4_msgs/include/px4_msgs/px4_msgs/msg/detail/actuator_controls_status__rosidl_typesupport_fastrtps_c.h\n'}
[1.959154] (px4_msgs) StdoutLine: {'line': b'-- Up-to-date: /home/rschnurr/SkyClaw-Team1/ros2_ws/install/px4_msgs/include/px4_msgs/px4_msgs/msg/detail/geofence_status__rosidl_typesupport_fastrtps_c.h\n'}
[1.959275] (px4_msgs) StdoutLine: {'line': b'-- Up-to-date: /home/rschnurr/SkyClaw-Team1/ros2_ws/install/px4_msgs/include/px4_msgs/px4_msgs/msg/detail/sensor_baro__rosidl_typesupport_fastrtps_c.h\n'}
[1.959444] (px4_msgs) StdoutLine: {'line': b'-- Up-to-date: /home/rschnurr/SkyClaw-Team1/ros2_ws/install/px4_msgs/include/px4_msgs/px4_msgs/msg/detail/gripper__rosidl_typesupport_fastrtps_c.h\n'}
[1.959777] (px4_msgs) StdoutLine: {'line': b'-- Up-to-date: /home/rschnurr/SkyClaw-Team1/ros2_ws/install/px4_msgs/include/px4_msgs/px4_msgs/msg/detail/sensors_status_imu__rosidl_typesupport_fastrtps_c.h\n'}
[1.959869] (px4_msgs) StdoutLine: {'line': b'-- Up-to-date: /home/rschnurr/SkyClaw-Team1/ros2_ws/install/px4_msgs/include/px4_msgs/px4_msgs/msg/detail/magnetometer_bias_estimate__rosidl_typesupport_fastrtps_c.h\n'}
[1.959921] (px4_msgs) StdoutLine: {'line': b'-- Up-to-date: /home/rschnurr/SkyClaw-Team1/ros2_ws/install/px4_msgs/include/px4_msgs/px4_msgs/msg/detail/takeoff_status__rosidl_typesupport_fastrtps_c.h\n'}
[1.959969] (px4_msgs) StdoutLine: {'line': b'-- Up-to-date: /home/rschnurr/SkyClaw-Team1/ros2_ws/install/px4_msgs/include/px4_msgs/px4_msgs/msg/detail/open_drone_id_operator_id__rosidl_typesupport_fastrtps_c.h\n'}
[1.960012] (px4_msgs) StdoutLine: {'line': b'-- Up-to-date: /home/rschnurr/SkyClaw-Team1/ros2_ws/install/px4_msgs/include/px4_msgs/px4_msgs/msg/detail/position_setpoint_triplet__rosidl_typesupport_fastrtps_c.h\n'}
[1.960055] (px4_msgs) StdoutLine: {'line': b'-- Up-to-date: /home/rschnurr/SkyClaw-Team1/ros2_ws/install/px4_msgs/include/px4_msgs/px4_msgs/msg/detail/airspeed_wind__rosidl_typesupport_fastrtps_c.h\n'}
[1.960097] (px4_msgs) StdoutLine: {'line': b'-- Up-to-date: /home/rschnurr/SkyClaw-Team1/ros2_ws/install/px4_msgs/include/px4_msgs/px4_msgs/msg/detail/onboard_computer_status__rosidl_typesupport_fastrtps_c.h\n'}
[1.960140] (px4_msgs) StdoutLine: {'line': b'-- Up-to-date: /home/rschnurr/SkyClaw-Team1/ros2_ws/install/px4_msgs/include/px4_msgs/px4_msgs/msg/detail/arming_check_reply__rosidl_typesupport_fastrtps_c.h\n'}
[1.960224] (px4_msgs) StdoutLine: {'line': b'-- Up-to-date: /home/rschnurr/SkyClaw-Team1/ros2_ws/install/px4_msgs/include/px4_msgs/px4_msgs/msg/detail/internal_combustion_engine_control__rosidl_typesupport_fastrtps_c.h\n'}
[1.960288] (px4_msgs) StdoutLine: {'line': b'-- Up-to-date: /home/rschnurr/SkyClaw-Team1/ros2_ws/install/px4_msgs/include/px4_msgs/px4_msgs/msg/detail/vehicle_rates_setpoint__rosidl_typesupport_fastrtps_c.h\n'}
[1.960349] (px4_msgs) StdoutLine: {'line': b'-- Up-to-date: /home/rschnurr/SkyClaw-Team1/ros2_ws/install/px4_msgs/include/px4_msgs/px4_msgs/msg/detail/input_rc__rosidl_typesupport_fastrtps_c.h\n'}
[1.960392] (px4_msgs) StdoutLine: {'line': b'-- Up-to-date: /home/rschnurr/SkyClaw-Team1/ros2_ws/install/px4_msgs/include/px4_msgs/px4_msgs/msg/detail/logger_status__rosidl_typesupport_fastrtps_c.h\n'}
[1.960441] (px4_msgs) StdoutLine: {'line': b'-- Up-to-date: /home/rschnurr/SkyClaw-Team1/ros2_ws/install/px4_msgs/include/px4_msgs/px4_msgs/msg/detail/telemetry_status__rosidl_typesupport_fastrtps_c.h\n'}
[1.960482] (px4_msgs) StdoutLine: {'line': b'-- Up-to-date: /home/rschnurr/SkyClaw-Team1/ros2_ws/install/px4_msgs/include/px4_msgs/px4_msgs/msg/detail/qshell_retval__rosidl_typesupport_fastrtps_c.h\n'}
[1.960520] (px4_msgs) StdoutLine: {'line': b'-- Up-to-date: /home/rschnurr/SkyClaw-Team1/ros2_ws/install/px4_msgs/include/px4_msgs/px4_msgs/msg/detail/vehicle_command_ack__rosidl_typesupport_fastrtps_c.h\n'}
[1.960578] (px4_msgs) StdoutLine: {'line': b'-- Up-to-date: /home/rschnurr/SkyClaw-Team1/ros2_ws/install/px4_msgs/include/px4_msgs/px4_msgs/msg/detail/estimator_aid_source2d__rosidl_typesupport_fastrtps_c.h\n'}
[1.960662] (px4_msgs) StdoutLine: {'line': b'-- Up-to-date: /home/rschnurr/SkyClaw-Team1/ros2_ws/install/px4_msgs/include/px4_msgs/px4_msgs/msg/detail/sensor_correction__rosidl_typesupport_fastrtps_c.h\n'}
[1.960793] (px4_msgs) StdoutLine: {'line': b'-- Up-to-date: /home/rschnurr/SkyClaw-Team1/ros2_ws/install/px4_msgs/include/px4_msgs/px4_msgs/msg/detail/geofence_result__rosidl_typesupport_fastrtps_c.h\n'}
[1.960864] (px4_msgs) StdoutLine: {'line': b'-- Up-to-date: /home/rschnurr/SkyClaw-Team1/ros2_ws/install/px4_msgs/include/px4_msgs/px4_msgs/msg/detail/mission_result__rosidl_typesupport_fastrtps_c.h\n'}
[1.960914] (px4_msgs) StdoutLine: {'line': b'-- Up-to-date: /home/rschnurr/SkyClaw-Team1/ros2_ws/install/px4_msgs/include/px4_msgs/px4_msgs/msg/detail/vehicle_optical_flow_vel__rosidl_typesupport_fastrtps_c.h\n'}
[1.960956] (px4_msgs) StdoutLine: {'line': b'-- Up-to-date: /home/rschnurr/SkyClaw-Team1/ros2_ws/install/px4_msgs/include/px4_msgs/px4_msgs/msg/detail/parameter_reset_request__rosidl_typesupport_fastrtps_c.h\n'}
[1.960999] (px4_msgs) StdoutLine: {'line': b'-- Up-to-date: /home/rschnurr/SkyClaw-Team1/ros2_ws/install/px4_msgs/include/px4_msgs/px4_msgs/msg/detail/rover_throttle_setpoint__rosidl_typesupport_fastrtps_c.h\n'}
[1.961193] (px4_msgs) StdoutLine: {'line': b'-- Up-to-date: /home/rschnurr/SkyClaw-Team1/ros2_ws/install/px4_msgs/include/px4_msgs/px4_msgs/msg/detail/vehicle_command__rosidl_typesupport_fastrtps_c.h\n'}
[1.961252] (px4_msgs) StdoutLine: {'line': b'-- Up-to-date: /home/rschnurr/SkyClaw-Team1/ros2_ws/install/px4_msgs/include/px4_msgs/px4_msgs/msg/detail/actuator_servos__rosidl_typesupport_fastrtps_c.h\n'}
[1.961299] (px4_msgs) StdoutLine: {'line': b'-- Up-to-date: /home/rschnurr/SkyClaw-Team1/ros2_ws/install/px4_msgs/include/px4_msgs/px4_msgs/msg/detail/generator_status__rosidl_typesupport_fastrtps_c.h\n'}
[1.961375] (px4_msgs) StdoutLine: {'line': b'-- Up-to-date: /home/rschnurr/SkyClaw-Team1/ros2_ws/install/px4_msgs/include/px4_msgs/px4_msgs/msg/detail/heater_status__rosidl_typesupport_fastrtps_c.h\n'}
[1.961423] (px4_msgs) StdoutLine: {'line': b'-- Up-to-date: /home/rschnurr/SkyClaw-Team1/ros2_ws/install/px4_msgs/include/px4_msgs/px4_msgs/msg/detail/actuator_test__rosidl_typesupport_fastrtps_c.h\n'}
[1.961470] (px4_msgs) StdoutLine: {'line': b'-- Up-to-date: /home/rschnurr/SkyClaw-Team1/ros2_ws/install/px4_msgs/include/px4_msgs/px4_msgs/msg/detail/gimbal_device_attitude_status__rosidl_typesupport_fastrtps_c.h\n'}
[1.961514] (px4_msgs) StdoutLine: {'line': b'-- Up-to-date: /home/rschnurr/SkyClaw-Team1/ros2_ws/install/px4_msgs/include/px4_msgs/px4_msgs/msg/detail/adc_report__rosidl_typesupport_fastrtps_c.h\n'}
[1.961615] (px4_msgs) StdoutLine: {'line': b'-- Up-to-date: /home/rschnurr/SkyClaw-Team1/ros2_ws/install/px4_msgs/include/px4_msgs/px4_msgs/msg/detail/vehicle_constraints__rosidl_typesupport_fastrtps_c.h\n'}
[1.961726] (px4_msgs) StdoutLine: {'line': b'-- Up-to-date: /home/rschnurr/SkyClaw-Team1/ros2_ws/install/px4_msgs/include/px4_msgs/px4_msgs/msg/detail/vehicle_odometry__rosidl_typesupport_fastrtps_c.h\n'}
[1.961781] (px4_msgs) StdoutLine: {'line': b'-- Up-to-date: /home/rschnurr/SkyClaw-Team1/ros2_ws/install/px4_msgs/include/px4_msgs/px4_msgs/msg/detail/estimator_aid_source1d__rosidl_typesupport_fastrtps_c.h\n'}
[1.961822] (px4_msgs) StdoutLine: {'line': b'-- Up-to-date: /home/rschnurr/SkyClaw-Team1/ros2_ws/install/px4_msgs/include/px4_msgs/px4_msgs/msg/detail/gpio_request__rosidl_typesupport_fastrtps_c.h\n'}
[1.961864] (px4_msgs) StdoutLine: {'line': b'-- Up-to-date: /home/rschnurr/SkyClaw-Team1/ros2_ws/install/px4_msgs/include/px4_msgs/px4_msgs/msg/detail/actuator_motors__rosidl_typesupport_fastrtps_c.h\n'}
[1.961905] (px4_msgs) StdoutLine: {'line': b'-- Up-to-date: /home/rschnurr/SkyClaw-Team1/ros2_ws/install/px4_msgs/include/px4_msgs/px4_msgs/msg/detail/sensor_gnss_relative__rosidl_typesupport_fastrtps_c.h\n'}
[1.961947] (px4_msgs) StdoutLine: {'line': b'-- Up-to-date: /home/rschnurr/SkyClaw-Team1/ros2_ws/install/px4_msgs/include/px4_msgs/px4_msgs/msg/detail/vehicle_optical_flow__rosidl_typesupport_fastrtps_c.h\n'}
[1.961990] (px4_msgs) StdoutLine: {'line': b'-- Up-to-date: /home/rschnurr/SkyClaw-Team1/ros2_ws/install/px4_msgs/include/px4_msgs/px4_msgs/msg/detail/rc_channels__rosidl_typesupport_fastrtps_c.h\n'}
[1.962027] (px4_msgs) StdoutLine: {'line': b'-- Up-to-date: /home/rschnurr/SkyClaw-Team1/ros2_ws/install/px4_msgs/include/px4_msgs/px4_msgs/msg/detail/mag_worker_data__rosidl_typesupport_fastrtps_c.h\n'}
[1.962067] (px4_msgs) StdoutLine: {'line': b'-- Up-to-date: /home/rschnurr/SkyClaw-Team1/ros2_ws/install/px4_msgs/include/px4_msgs/px4_msgs/msg/detail/estimator_status_flags__rosidl_typesupport_fastrtps_c.h\n'}
[1.962111] (px4_msgs) StdoutLine: {'line': b'-- Up-to-date: /home/rschnurr/SkyClaw-Team1/ros2_ws/install/px4_msgs/include/px4_msgs/px4_msgs/msg/detail/orb_test_medium__rosidl_typesupport_fastrtps_c.h\n'}
[1.962154] (px4_msgs) StdoutLine: {'line': b'-- Up-to-date: /home/rschnurr/SkyClaw-Team1/ros2_ws/install/px4_msgs/include/px4_msgs/px4_msgs/msg/detail/satellite_info__rosidl_typesupport_fastrtps_c.h\n'}
[1.962214] (px4_msgs) StdoutLine: {'line': b'-- Up-to-date: /home/rschnurr/SkyClaw-Team1/ros2_ws/install/px4_msgs/include/px4_msgs/px4_msgs/msg/detail/ulog_stream_ack__rosidl_typesupport_fastrtps_c.h\n'}
[1.962317] (px4_msgs) StdoutLine: {'line': b'-- Up-to-date: /home/rschnurr/SkyClaw-Team1/ros2_ws/install/px4_msgs/include/px4_msgs/px4_msgs/msg/detail/vehicle_local_position__rosidl_typesupport_fastrtps_c.h\n'}
[1.962390] (px4_msgs) StdoutLine: {'line': b'-- Up-to-date: /home/rschnurr/SkyClaw-Team1/ros2_ws/install/px4_msgs/include/px4_msgs/px4_msgs/msg/detail/fixed_wing_runway_control__rosidl_typesupport_fastrtps_c.h\n'}
[1.962443] (px4_msgs) StdoutLine: {'line': b'-- Up-to-date: /home/rschnurr/SkyClaw-Team1/ros2_ws/install/px4_msgs/include/px4_msgs/px4_msgs/msg/detail/lateral_control_configuration__rosidl_typesupport_fastrtps_c.h\n'}
[1.962495] (px4_msgs) StdoutLine: {'line': b'-- Up-to-date: /home/rschnurr/SkyClaw-Team1/ros2_ws/install/px4_msgs/include/px4_msgs/px4_msgs/msg/detail/rpm__rosidl_typesupport_fastrtps_c.h\n'}
[1.962544] (px4_msgs) StdoutLine: {'line': b'-- Up-to-date: /home/rschnurr/SkyClaw-Team1/ros2_ws/install/px4_msgs/include/px4_msgs/px4_msgs/msg/detail/offboard_control_mode__rosidl_typesupport_fastrtps_c.h\n'}
[1.962616] (px4_msgs) StdoutLine: {'line': b'-- Up-to-date: /home/rschnurr/SkyClaw-Team1/ros2_ws/install/px4_msgs/include/px4_msgs/px4_msgs/msg/detail/can_interface_status__rosidl_typesupport_fastrtps_c.h\n'}
[1.962694] (px4_msgs) StdoutLine: {'line': b'-- Up-to-date: /home/rschnurr/SkyClaw-Team1/ros2_ws/install/px4_msgs/include/px4_msgs/px4_msgs/msg/detail/flight_phase_estimation__rosidl_typesupport_fastrtps_c.h\n'}
[1.962765] (px4_msgs) StdoutLine: {'line': b'-- Up-to-date: /home/rschnurr/SkyClaw-Team1/ros2_ws/install/px4_msgs/include/px4_msgs/px4_msgs/msg/detail/sensor_hygrometer__rosidl_typesupport_fastrtps_c.h\n'}
[1.962883] (px4_msgs) StdoutLine: {'line': b'-- Up-to-date: /home/rschnurr/SkyClaw-Team1/ros2_ws/install/px4_msgs/include/px4_msgs/px4_msgs/msg/detail/distance_sensor__rosidl_typesupport_fastrtps_c.h\n'}
[1.962950] (px4_msgs) StdoutLine: {'line': b'-- Up-to-date: /home/rschnurr/SkyClaw-Team1/ros2_ws/install/px4_msgs/include/px4_msgs/px4_msgs/msg/detail/dataman_request__rosidl_typesupport_fastrtps_c.h\n'}
[1.962997] (px4_msgs) StdoutLine: {'line': b'-- Up-to-date: /home/rschnurr/SkyClaw-Team1/ros2_ws/install/px4_msgs/include/px4_msgs/px4_msgs/msg/detail/dataman_response__rosidl_typesupport_fastrtps_c.h\n'}
[1.963039] (px4_msgs) StdoutLine: {'line': b'-- Up-to-date: /home/rschnurr/SkyClaw-Team1/ros2_ws/install/px4_msgs/include/px4_msgs/px4_msgs/msg/detail/sensor_uwb__rosidl_typesupport_fastrtps_c.h\n'}
[1.963080] (px4_msgs) StdoutLine: {'line': b'-- Up-to-date: /home/rschnurr/SkyClaw-Team1/ros2_ws/install/px4_msgs/include/px4_msgs/px4_msgs/msg/detail/rover_position_setpoint__rosidl_typesupport_fastrtps_c.h\n'}
[1.963119] (px4_msgs) StdoutLine: {'line': b'-- Up-to-date: /home/rschnurr/SkyClaw-Team1/ros2_ws/install/px4_msgs/include/px4_msgs/px4_msgs/msg/detail/debug_key_value__rosidl_typesupport_fastrtps_c.h\n'}
[1.963158] (px4_msgs) StdoutLine: {'line': b'-- Up-to-date: /home/rschnurr/SkyClaw-Team1/ros2_ws/install/px4_msgs/include/px4_msgs/px4_msgs/msg/detail/timesync_status__rosidl_typesupport_fastrtps_c.h\n'}
[1.963196] (px4_msgs) StdoutLine: {'line': b'-- Up-to-date: /home/rschnurr/SkyClaw-Team1/ros2_ws/install/px4_msgs/include/px4_msgs/px4_msgs/msg/detail/position_controller_landing_status__rosidl_typesupport_fastrtps_c.h\n'}
[1.963237] (px4_msgs) StdoutLine: {'line': b'-- Up-to-date: /home/rschnurr/SkyClaw-Team1/ros2_ws/install/px4_msgs/include/px4_msgs/px4_msgs/msg/detail/tecs_status__rosidl_typesupport_fastrtps_c.h\n'}
[1.963277] (px4_msgs) StdoutLine: {'line': b'-- Up-to-date: /home/rschnurr/SkyClaw-Team1/ros2_ws/install/px4_msgs/include/px4_msgs/px4_msgs/msg/detail/vehicle_angular_velocity__rosidl_typesupport_fastrtps_c.h\n'}
[1.963425] (px4_msgs) StdoutLine: {'line': b'-- Up-to-date: /home/rschnurr/SkyClaw-Team1/ros2_ws/install/px4_msgs/include/px4_msgs/px4_msgs/msg/detail/orb_test_large__rosidl_typesupport_fastrtps_c.h\n'}
[1.963489] (px4_msgs) StdoutLine: {'line': b'-- Up-to-date: /home/rschnurr/SkyClaw-Team1/ros2_ws/install/px4_msgs/include/px4_msgs/px4_msgs/msg/detail/vehicle_global_position__rosidl_typesupport_fastrtps_c.h\n'}
[1.963575] (px4_msgs) StdoutLine: {'line': b'-- Up-to-date: /home/rschnurr/SkyClaw-Team1/ros2_ws/install/px4_msgs/include/px4_msgs/px4_msgs/msg/detail/vehicle_attitude__rosidl_typesupport_fastrtps_c.h\n'}
[1.963634] (px4_msgs) StdoutLine: {'line': b'-- Up-to-date: /home/rschnurr/SkyClaw-Team1/ros2_ws/install/px4_msgs/lib/libpx4_msgs__rosidl_typesupport_fastrtps_c.so\n'}
[1.963682] (px4_msgs) StdoutLine: {'line': b'-- Up-to-date: /home/rschnurr/SkyClaw-Team1/ros2_ws/install/px4_msgs/include/px4_msgs/px4_msgs\n'}
[1.963726] (px4_msgs) StdoutLine: {'line': b'-- Up-to-date: /home/rschnurr/SkyClaw-Team1/ros2_ws/install/px4_msgs/include/px4_msgs/px4_msgs/srv\n'}
[1.963767] (px4_msgs) StdoutLine: {'line': b'-- Up-to-date: /home/rschnurr/SkyClaw-Team1/ros2_ws/install/px4_msgs/include/px4_msgs/px4_msgs/srv/detail\n'}
[1.963816] (px4_msgs) StdoutLine: {'line': b'-- Up-to-date: /home/rschnurr/SkyClaw-Team1/ros2_ws/install/px4_msgs/include/px4_msgs/px4_msgs/srv/detail/vehicle_command__struct.hpp\n'}
[1.963877] (px4_msgs) StdoutLine: {'line': b'-- Up-to-date: /home/rschnurr/SkyClaw-Team1/ros2_ws/install/px4_msgs/include/px4_msgs/px4_msgs/srv/detail/vehicle_command__builder.hpp\n'}
[1.963917] (px4_msgs) StdoutLine: {'line': b'-- Up-to-date: /home/rschnurr/SkyClaw-Team1/ros2_ws/install/px4_msgs/include/px4_msgs/px4_msgs/srv/detail/vehicle_command__traits.hpp\n'}
[1.963995] (px4_msgs) StdoutLine: {'line': b'-- Up-to-date: /home/rschnurr/SkyClaw-Team1/ros2_ws/install/px4_msgs/include/px4_msgs/px4_msgs/srv/detail/vehicle_command__type_support.hpp\n'}
[1.964074] (px4_msgs) StdoutLine: {'line': b'-- Up-to-date: /home/rschnurr/SkyClaw-Team1/ros2_ws/install/px4_msgs/include/px4_msgs/px4_msgs/srv/vehicle_command.hpp\n'}
[1.964163] (px4_msgs) StdoutLine: {'line': b'-- Up-to-date: /home/rschnurr/SkyClaw-Team1/ros2_ws/install/px4_msgs/include/px4_msgs/px4_msgs/msg\n'}
[1.964302] (px4_msgs) StdoutLine: {'line': b'-- Up-to-date: /home/rschnurr/SkyClaw-Team1/ros2_ws/install/px4_msgs/include/px4_msgs/px4_msgs/msg/sensor_correction.hpp\n'}
[1.964428] (px4_msgs) StdoutLine: {'line': b'-- Up-to-date: /home/rschnurr/SkyClaw-Team1/ros2_ws/install/px4_msgs/include/px4_msgs/px4_msgs/msg/pwm_input.hpp\n'}
[1.964490] (px4_msgs) StdoutLine: {'line': b'-- Up-to-date: /home/rschnurr/SkyClaw-Team1/ros2_ws/install/px4_msgs/include/px4_msgs/px4_msgs/msg/gimbal_manager_set_manual_control.hpp\n'}
[1.964529] (px4_msgs) StdoutLine: {'line': b'-- Up-to-date: /home/rschnurr/SkyClaw-Team1/ros2_ws/install/px4_msgs/include/px4_msgs/px4_msgs/msg/manual_control_setpoint.hpp\n'}
[1.964565] (px4_msgs) StdoutLine: {'line': b'-- Up-to-date: /home/rschnurr/SkyClaw-Team1/ros2_ws/install/px4_msgs/include/px4_msgs/px4_msgs/msg/arming_check_reply.hpp\n'}
[1.964596] (px4_msgs) StdoutLine: {'line': b'-- Up-to-date: /home/rschnurr/SkyClaw-Team1/ros2_ws/install/px4_msgs/include/px4_msgs/px4_msgs/msg/dronecan_node_status.hpp\n'}
[1.964629] (px4_msgs) StdoutLine: {'line': b'-- Up-to-date: /home/rschnurr/SkyClaw-Team1/ros2_ws/install/px4_msgs/include/px4_msgs/px4_msgs/msg/takeoff_status.hpp\n'}
[1.964662] (px4_msgs) StdoutLine: {'line': b'-- Up-to-date: /home/rschnurr/SkyClaw-Team1/ros2_ws/install/px4_msgs/include/px4_msgs/px4_msgs/msg/sensor_gnss_relative.hpp\n'}
[1.964703] (px4_msgs) StdoutLine: {'line': b'-- Up-to-date: /home/rschnurr/SkyClaw-Team1/ros2_ws/install/px4_msgs/include/px4_msgs/px4_msgs/msg/ping.hpp\n'}
[1.964734] (px4_msgs) StdoutLine: {'line': b'-- Up-to-date: /home/rschnurr/SkyClaw-Team1/ros2_ws/install/px4_msgs/include/px4_msgs/px4_msgs/msg/sensor_mag.hpp\n'}
[1.964781] (px4_msgs) StdoutLine: {'line': b'-- Up-to-date: /home/rschnurr/SkyClaw-Team1/ros2_ws/install/px4_msgs/include/px4_msgs/px4_msgs/msg/vehicle_acceleration.hpp\n'}
[1.964917] (px4_msgs) StdoutLine: {'line': b'-- Up-to-date: /home/rschnurr/SkyClaw-Team1/ros2_ws/install/px4_msgs/include/px4_msgs/px4_msgs/msg/ulog_stream.hpp\n'}
[1.965157] (px4_msgs) StdoutLine: {'line': b'-- Up-to-date: /home/rschnurr/SkyClaw-Team1/ros2_ws/install/px4_msgs/include/px4_msgs/px4_msgs/msg/wheel_encoders.hpp\n'}
[1.965253] (px4_msgs) StdoutLine: {'line': b'-- Up-to-date: /home/rschnurr/SkyClaw-Team1/ros2_ws/install/px4_msgs/include/px4_msgs/px4_msgs/msg/trajectory_setpoint.hpp\n'}
[1.965314] (px4_msgs) StdoutLine: {'line': b'-- Up-to-date: /home/rschnurr/SkyClaw-Team1/ros2_ws/install/px4_msgs/include/px4_msgs/px4_msgs/msg/goto_setpoint.hpp\n'}
[1.965357] (px4_msgs) StdoutLine: {'line': b'-- Up-to-date: /home/rschnurr/SkyClaw-Team1/ros2_ws/install/px4_msgs/include/px4_msgs/px4_msgs/msg/sensor_airflow.hpp\n'}
[1.965389] (px4_msgs) StdoutLine: {'line': b'-- Up-to-date: /home/rschnurr/SkyClaw-Team1/ros2_ws/install/px4_msgs/include/px4_msgs/px4_msgs/msg/velocity_limits.hpp\n'}
[1.965421] (px4_msgs) StdoutLine: {'line': b'-- Up-to-date: /home/rschnurr/SkyClaw-Team1/ros2_ws/install/px4_msgs/include/px4_msgs/px4_msgs/msg/gps_dump.hpp\n'}
[1.965454] (px4_msgs) StdoutLine: {'line': b'-- Up-to-date: /home/rschnurr/SkyClaw-Team1/ros2_ws/install/px4_msgs/include/px4_msgs/px4_msgs/msg/rpm.hpp\n'}
[1.965544] (px4_msgs) StdoutLine: {'line': b'-- Up-to-date: /home/rschnurr/SkyClaw-Team1/ros2_ws/install/px4_msgs/include/px4_msgs/px4_msgs/msg/gpio_config.hpp\n'}
[1.965610] (px4_msgs) StdoutLine: {'line': b'-- Up-to-date: /home/rschnurr/SkyClaw-Team1/ros2_ws/install/px4_msgs/include/px4_msgs/px4_msgs/msg/mission.hpp\n'}
[1.965703] (px4_msgs) StdoutLine: {'line': b'-- Up-to-date: /home/rschnurr/SkyClaw-Team1/ros2_ws/install/px4_msgs/include/px4_msgs/px4_msgs/msg/estimator_innovations.hpp\n'}
[1.965801] (px4_msgs) StdoutLine: {'line': b'-- Up-to-date: /home/rschnurr/SkyClaw-Team1/ros2_ws/install/px4_msgs/include/px4_msgs/px4_msgs/msg/button_event.hpp\n'}
[1.965862] (px4_msgs) StdoutLine: {'line': b'-- Up-to-date: /home/rschnurr/SkyClaw-Team1/ros2_ws/install/px4_msgs/include/px4_msgs/px4_msgs/msg/offboard_control_mode.hpp\n'}
[1.965907] (px4_msgs) StdoutLine: {'line': b'-- Up-to-date: /home/rschnurr/SkyClaw-Team1/ros2_ws/install/px4_msgs/include/px4_msgs/px4_msgs/msg/message_format_request.hpp\n'}
[1.965939] (px4_msgs) StdoutLine: {'line': b'-- Up-to-date: /home/rschnurr/SkyClaw-Team1/ros2_ws/install/px4_msgs/include/px4_msgs/px4_msgs/msg/gripper.hpp\n'}
[1.965975] (px4_msgs) StdoutLine: {'line': b'-- Up-to-date: /home/rschnurr/SkyClaw-Team1/ros2_ws/install/px4_msgs/include/px4_msgs/px4_msgs/msg/sensor_gyro_fft.hpp\n'}
[1.966024] (px4_msgs) StdoutLine: {'line': b'-- Up-to-date: /home/rschnurr/SkyClaw-Team1/ros2_ws/install/px4_msgs/include/px4_msgs/px4_msgs/msg/geofence_status.hpp\n'}
[1.966122] (px4_msgs) StdoutLine: {'line': b'-- Up-to-date: /home/rschnurr/SkyClaw-Team1/ros2_ws/install/px4_msgs/include/px4_msgs/px4_msgs/msg/vehicle_torque_setpoint.hpp\n'}
[1.966209] (px4_msgs) StdoutLine: {'line': b'-- Up-to-date: /home/rschnurr/SkyClaw-Team1/ros2_ws/install/px4_msgs/include/px4_msgs/px4_msgs/msg/gimbal_device_set_attitude.hpp\n'}
[1.966252] (px4_msgs) StdoutLine: {'line': b'-- Up-to-date: /home/rschnurr/SkyClaw-Team1/ros2_ws/install/px4_msgs/include/px4_msgs/px4_msgs/msg/estimator_gps_status.hpp\n'}
[1.966338] (px4_msgs) StdoutLine: {'line': b'-- Up-to-date: /home/rschnurr/SkyClaw-Team1/ros2_ws/install/px4_msgs/include/px4_msgs/px4_msgs/msg/orb_test_medium.hpp\n'}
[1.966397] (px4_msgs) StdoutLine: {'line': b'-- Up-to-date: /home/rschnurr/SkyClaw-Team1/ros2_ws/install/px4_msgs/include/px4_msgs/px4_msgs/msg/sensor_gnss_status.hpp\n'}
[1.966443] (px4_msgs) StdoutLine: {'line': b'-- Up-to-date: /home/rschnurr/SkyClaw-Team1/ros2_ws/install/px4_msgs/include/px4_msgs/px4_msgs/msg/vehicle_air_data.hpp\n'}
[1.966485] (px4_msgs) StdoutLine: {'line': b'-- Up-to-date: /home/rschnurr/SkyClaw-Team1/ros2_ws/install/px4_msgs/include/px4_msgs/px4_msgs/msg/follow_target_estimator.hpp\n'}
[1.966524] (px4_msgs) StdoutLine: {'line': b'-- Up-to-date: /home/rschnurr/SkyClaw-Team1/ros2_ws/install/px4_msgs/include/px4_msgs/px4_msgs/msg/debug_value.hpp\n'}
[1.966566] (px4_msgs) StdoutLine: {'line': b'-- Up-to-date: /home/rschnurr/SkyClaw-Team1/ros2_ws/install/px4_msgs/include/px4_msgs/px4_msgs/msg/vehicle_rates_setpoint.hpp\n'}
[1.966605] (px4_msgs) StdoutLine: {'line': b'-- Up-to-date: /home/rschnurr/SkyClaw-Team1/ros2_ws/install/px4_msgs/include/px4_msgs/px4_msgs/msg/log_message.hpp\n'}
[1.966645] (px4_msgs) StdoutLine: {'line': b'-- Up-to-date: /home/rschnurr/SkyClaw-Team1/ros2_ws/install/px4_msgs/include/px4_msgs/px4_msgs/msg/uavcan_parameter_value.hpp\n'}
[1.966683] (px4_msgs) StdoutLine: {'line': b'-- Up-to-date: /home/rschnurr/SkyClaw-Team1/ros2_ws/install/px4_msgs/include/px4_msgs/px4_msgs/msg/collision_constraints.hpp\n'}
[1.966720] (px4_msgs) StdoutLine: {'line': b'-- Up-to-date: /home/rschnurr/SkyClaw-Team1/ros2_ws/install/px4_msgs/include/px4_msgs/px4_msgs/msg/rover_position_setpoint.hpp\n'}
[1.966757] (px4_msgs) StdoutLine: {'line': b'-- Up-to-date: /home/rschnurr/SkyClaw-Team1/ros2_ws/install/px4_msgs/include/px4_msgs/px4_msgs/msg/tune_control.hpp\n'}
[1.966809] (px4_msgs) StdoutLine: {'line': b'-- Up-to-date: /home/rschnurr/SkyClaw-Team1/ros2_ws/install/px4_msgs/include/px4_msgs/px4_msgs/msg/open_drone_id_arm_status.hpp\n'}
[1.966846] (px4_msgs) StdoutLine: {'line': b'-- Up-to-date: /home/rschnurr/SkyClaw-Team1/ros2_ws/install/px4_msgs/include/px4_msgs/px4_msgs/msg/tecs_status.hpp\n'}
[1.966883] (px4_msgs) StdoutLine: {'line': b'-- Up-to-date: /home/rschnurr/SkyClaw-Team1/ros2_ws/install/px4_msgs/include/px4_msgs/px4_msgs/msg/vehicle_attitude_setpoint.hpp\n'}
[1.966958] (px4_msgs) StdoutLine: {'line': b'-- Up-to-date: /home/rschnurr/SkyClaw-Team1/ros2_ws/install/px4_msgs/include/px4_msgs/px4_msgs/msg/rate_ctrl_status.hpp\n'}
[1.967055] (px4_msgs) StdoutLine: {'line': b'-- Up-to-date: /home/rschnurr/SkyClaw-Team1/ros2_ws/install/px4_msgs/include/px4_msgs/px4_msgs/msg/navigator_mission_item.hpp\n'}
[1.967103] (px4_msgs) StdoutLine: {'line': b'-- Up-to-date: /home/rschnurr/SkyClaw-Team1/ros2_ws/install/px4_msgs/include/px4_msgs/px4_msgs/msg/rc_parameter_map.hpp\n'}
[1.967145] (px4_msgs) StdoutLine: {'line': b'-- Up-to-date: /home/rschnurr/SkyClaw-Team1/ros2_ws/install/px4_msgs/include/px4_msgs/px4_msgs/msg/parameter_set_value_request.hpp\n'}
[1.967203] (px4_msgs) StdoutLine: {'line': b'-- Up-to-date: /home/rschnurr/SkyClaw-Team1/ros2_ws/install/px4_msgs/include/px4_msgs/px4_msgs/msg/sensor_accel_fifo.hpp\n'}
[1.967279] (px4_msgs) StdoutLine: {'line': b'-- Up-to-date: /home/rschnurr/SkyClaw-Team1/ros2_ws/install/px4_msgs/include/px4_msgs/px4_msgs/msg/iridiumsbd_status.hpp\n'}
[1.967325] (px4_msgs) StdoutLine: {'line': b'-- Up-to-date: /home/rschnurr/SkyClaw-Team1/ros2_ws/install/px4_msgs/include/px4_msgs/px4_msgs/msg/rtl_time_estimate.hpp\n'}
[1.967372] (px4_msgs) StdoutLine: {'line': b'-- Up-to-date: /home/rschnurr/SkyClaw-Team1/ros2_ws/install/px4_msgs/include/px4_msgs/px4_msgs/msg/open_drone_id_system.hpp\n'}
[1.967411] (px4_msgs) StdoutLine: {'line': b'-- Up-to-date: /home/rschnurr/SkyClaw-Team1/ros2_ws/install/px4_msgs/include/px4_msgs/px4_msgs/msg/rover_rate_status.hpp\n'}
[1.967450] (px4_msgs) StdoutLine: {'line': b'-- Up-to-date: /home/rschnurr/SkyClaw-Team1/ros2_ws/install/px4_msgs/include/px4_msgs/px4_msgs/msg/mavlink_log.hpp\n'}
[1.967488] (px4_msgs) StdoutLine: {'line': b'-- Up-to-date: /home/rschnurr/SkyClaw-Team1/ros2_ws/install/px4_msgs/include/px4_msgs/px4_msgs/msg/radio_status.hpp\n'}
[1.967526] (px4_msgs) StdoutLine: {'line': b'-- Up-to-date: /home/rschnurr/SkyClaw-Team1/ros2_ws/install/px4_msgs/include/px4_msgs/px4_msgs/msg/parameter_reset_request.hpp\n'}
[1.967572] (px4_msgs) StdoutLine: {'line': b'-- Up-to-date: /home/rschnurr/SkyClaw-Team1/ros2_ws/install/px4_msgs/include/px4_msgs/px4_msgs/msg/follow_target_status.hpp\n'}
[1.967609] (px4_msgs) StdoutLine: {'line': b'-- Up-to-date: /home/rschnurr/SkyClaw-Team1/ros2_ws/install/px4_msgs/include/px4_msgs/px4_msgs/msg/distance_sensor.hpp\n'}
[1.967646] (px4_msgs) StdoutLine: {'line': b'-- Up-to-date: /home/rschnurr/SkyClaw-Team1/ros2_ws/install/px4_msgs/include/px4_msgs/px4_msgs/msg/telemetry_status.hpp\n'}
[1.967684] (px4_msgs) StdoutLine: {'line': b'-- Up-to-date: /home/rschnurr/SkyClaw-Team1/ros2_ws/install/px4_msgs/include/px4_msgs/px4_msgs/msg/vehicle_angular_acceleration_setpoint.hpp\n'}
[1.967722] (px4_msgs) StdoutLine: {'line': b'-- Up-to-date: /home/rschnurr/SkyClaw-Team1/ros2_ws/install/px4_msgs/include/px4_msgs/px4_msgs/msg/generator_status.hpp\n'}
[1.967759] (px4_msgs) StdoutLine: {'line': b'-- Up-to-date: /home/rschnurr/SkyClaw-Team1/ros2_ws/install/px4_msgs/include/px4_msgs/px4_msgs/msg/timesync_status.hpp\n'}
[1.967796] (px4_msgs) StdoutLine: {'line': b'-- Up-to-date: /home/rschnurr/SkyClaw-Team1/ros2_ws/install/px4_msgs/include/px4_msgs/px4_msgs/msg/failsafe_flags.hpp\n'}
[1.967832] (px4_msgs) StdoutLine: {'line': b'-- Up-to-date: /home/rschnurr/SkyClaw-Team1/ros2_ws/install/px4_msgs/include/px4_msgs/px4_msgs/msg/gps_inject_data.hpp\n'}
[1.967869] (px4_msgs) StdoutLine: {'line': b'-- Up-to-date: /home/rschnurr/SkyClaw-Team1/ros2_ws/install/px4_msgs/include/px4_msgs/px4_msgs/msg/gimbal_manager_information.hpp\n'}
[1.967907] (px4_msgs) StdoutLine: {'line': b'-- Up-to-date: /home/rschnurr/SkyClaw-Team1/ros2_ws/install/px4_msgs/include/px4_msgs/px4_msgs/msg/vehicle_thrust_setpoint.hpp\n'}
[1.967946] (px4_msgs) StdoutLine: {'line': b'-- Up-to-date: /home/rschnurr/SkyClaw-Team1/ros2_ws/install/px4_msgs/include/px4_msgs/px4_msgs/msg/vehicle_constraints.hpp\n'}
[1.967987] (px4_msgs) StdoutLine: {'line': b'-- Up-to-date: /home/rschnurr/SkyClaw-Team1/ros2_ws/install/px4_msgs/include/px4_msgs/px4_msgs/msg/lateral_control_configuration.hpp\n'}
[1.968025] (px4_msgs) StdoutLine: {'line': b'-- Up-to-date: /home/rschnurr/SkyClaw-Team1/ros2_ws/install/px4_msgs/include/px4_msgs/px4_msgs/msg/gimbal_device_information.hpp\n'}
[1.968066] (px4_msgs) StdoutLine: {'line': b'-- Up-to-date: /home/rschnurr/SkyClaw-Team1/ros2_ws/install/px4_msgs/include/px4_msgs/px4_msgs/msg/home_position.hpp\n'}
[1.968102] (px4_msgs) StdoutLine: {'line': b'-- Up-to-date: /home/rschnurr/SkyClaw-Team1/ros2_ws/install/px4_msgs/include/px4_msgs/px4_msgs/msg/trajectory_setpoint6dof.hpp\n'}
[1.968139] (px4_msgs) StdoutLine: {'line': b'-- Up-to-date: /home/rschnurr/SkyClaw-Team1/ros2_ws/install/px4_msgs/include/px4_msgs/px4_msgs/msg/orbit_status.hpp\n'}
[1.968176] (px4_msgs) StdoutLine: {'line': b'-- Up-to-date: /home/rschnurr/SkyClaw-Team1/ros2_ws/install/px4_msgs/include/px4_msgs/px4_msgs/msg/actuator_motors.hpp\n'}
[1.968214] (px4_msgs) StdoutLine: {'line': b'-- Up-to-date: /home/rschnurr/SkyClaw-Team1/ros2_ws/install/px4_msgs/include/px4_msgs/px4_msgs/msg/vehicle_angular_velocity.hpp\n'}
[1.968256] (px4_msgs) StdoutLine: {'line': b'-- Up-to-date: /home/rschnurr/SkyClaw-Team1/ros2_ws/install/px4_msgs/include/px4_msgs/px4_msgs/msg/geofence_result.hpp\n'}
[1.968292] (px4_msgs) StdoutLine: {'line': b'-- Up-to-date: /home/rschnurr/SkyClaw-Team1/ros2_ws/install/px4_msgs/include/px4_msgs/px4_msgs/msg/open_drone_id_operator_id.hpp\n'}
[1.968330] (px4_msgs) StdoutLine: {'line': b'-- Up-to-date: /home/rschnurr/SkyClaw-Team1/ros2_ws/install/px4_msgs/include/px4_msgs/px4_msgs/msg/register_ext_component_request.hpp\n'}
[1.968367] (px4_msgs) StdoutLine: {'line': b'-- Up-to-date: /home/rschnurr/SkyClaw-Team1/ros2_ws/install/px4_msgs/include/px4_msgs/px4_msgs/msg/uavcan_parameter_request.hpp\n'}
[1.968421] (px4_msgs) StdoutLine: {'line': b'-- Up-to-date: /home/rschnurr/SkyClaw-Team1/ros2_ws/install/px4_msgs/include/px4_msgs/px4_msgs/msg/rover_steering_setpoint.hpp\n'}
[1.968544] (px4_msgs) StdoutLine: {'line': b'-- Up-to-date: /home/rschnurr/SkyClaw-Team1/ros2_ws/install/px4_msgs/include/px4_msgs/px4_msgs/msg/actuator_test.hpp\n'}
[1.968649] (px4_msgs) StdoutLine: {'line': b'-- Up-to-date: /home/rschnurr/SkyClaw-Team1/ros2_ws/install/px4_msgs/include/px4_msgs/px4_msgs/msg/power_monitor.hpp\n'}
[1.968715] (px4_msgs) StdoutLine: {'line': b'-- Up-to-date: /home/rschnurr/SkyClaw-Team1/ros2_ws/install/px4_msgs/include/px4_msgs/px4_msgs/msg/rover_speed_setpoint.hpp\n'}
[1.968764] (px4_msgs) StdoutLine: {'line': b'-- Up-to-date: /home/rschnurr/SkyClaw-Team1/ros2_ws/install/px4_msgs/include/px4_msgs/px4_msgs/msg/fixed_wing_runway_control.hpp\n'}
[1.968829] (px4_msgs) StdoutLine: {'line': b'-- Up-to-date: /home/rschnurr/SkyClaw-Team1/ros2_ws/install/px4_msgs/include/px4_msgs/px4_msgs/msg/landing_gear.hpp\n'}
[1.968935] (px4_msgs) StdoutLine: {'line': b'-- Up-to-date: /home/rschnurr/SkyClaw-Team1/ros2_ws/install/px4_msgs/include/px4_msgs/px4_msgs/msg/yaw_estimator_status.hpp\n'}
[1.969103] (px4_msgs) StdoutLine: {'line': b'-- Up-to-date: /home/rschnurr/SkyClaw-Team1/ros2_ws/install/px4_msgs/include/px4_msgs/px4_msgs/msg/mission_result.hpp\n'}
[1.969224] (px4_msgs) StdoutLine: {'line': b'-- Up-to-date: /home/rschnurr/SkyClaw-Team1/ros2_ws/install/px4_msgs/include/px4_msgs/px4_msgs/msg/airspeed_validated.hpp\n'}
[1.969306] (px4_msgs) StdoutLine: {'line': b'-- Up-to-date: /home/rschnurr/SkyClaw-Team1/ros2_ws/install/px4_msgs/include/px4_msgs/px4_msgs/msg/onboard_computer_status.hpp\n'}
[1.969345] (px4_msgs) StdoutLine: {'line': b'-- Up-to-date: /home/rschnurr/SkyClaw-Team1/ros2_ws/install/px4_msgs/include/px4_msgs/px4_msgs/msg/camera_trigger.hpp\n'}
[1.969383] (px4_msgs) StdoutLine: {'line': b'-- Up-to-date: /home/rschnurr/SkyClaw-Team1/ros2_ws/install/px4_msgs/include/px4_msgs/px4_msgs/msg/vtol_vehicle_status.hpp\n'}
[1.969413] (px4_msgs) StdoutLine: {'line': b'-- Up-to-date: /home/rschnurr/SkyClaw-Team1/ros2_ws/install/px4_msgs/include/px4_msgs/px4_msgs/msg/estimator_selector_status.hpp\n'}
[1.969443] (px4_msgs) StdoutLine: {'line': b'-- Up-to-date: /home/rschnurr/SkyClaw-Team1/ros2_ws/install/px4_msgs/include/px4_msgs/px4_msgs/msg/arming_check_request.hpp\n'}
[1.969476] (px4_msgs) StdoutLine: {'line': b'-- Up-to-date: /home/rschnurr/SkyClaw-Team1/ros2_ws/install/px4_msgs/include/px4_msgs/px4_msgs/msg/autotune_attitude_control_status.hpp\n'}
[1.969504] (px4_msgs) StdoutLine: {'line': b'-- Up-to-date: /home/rschnurr/SkyClaw-Team1/ros2_ws/install/px4_msgs/include/px4_msgs/px4_msgs/msg/sensor_optical_flow.hpp\n'}
[1.969539] (px4_msgs) StdoutLine: {'line': b'-- Up-to-date: /home/rschnurr/SkyClaw-Team1/ros2_ws/install/px4_msgs/include/px4_msgs/px4_msgs/msg/vehicle_status.hpp\n'}
[1.969567] (px4_msgs) StdoutLine: {'line': b'-- Up-to-date: /home/rschnurr/SkyClaw-Team1/ros2_ws/install/px4_msgs/include/px4_msgs/px4_msgs/msg/open_drone_id_self_id.hpp\n'}
[1.969594] (px4_msgs) StdoutLine: {'line': b'-- Up-to-date: /home/rschnurr/SkyClaw-Team1/ros2_ws/install/px4_msgs/include/px4_msgs/px4_msgs/msg/landing_gear_wheel.hpp\n'}
[1.969621] (px4_msgs) StdoutLine: {'line': b'-- Up-to-date: /home/rschnurr/SkyClaw-Team1/ros2_ws/install/px4_msgs/include/px4_msgs/px4_msgs/msg/task_stack_info.hpp\n'}
[1.969653] (px4_msgs) StdoutLine: {'line': b'-- Up-to-date: /home/rschnurr/SkyClaw-Team1/ros2_ws/install/px4_msgs/include/px4_msgs/px4_msgs/msg/sensor_gyro_fifo.hpp\n'}
[1.969683] (px4_msgs) StdoutLine: {'line': b'-- Up-to-date: /home/rschnurr/SkyClaw-Team1/ros2_ws/install/px4_msgs/include/px4_msgs/px4_msgs/msg/internal_combustion_engine_status.hpp\n'}
[1.969710] (px4_msgs) StdoutLine: {'line': b'-- Up-to-date: /home/rschnurr/SkyClaw-Team1/ros2_ws/install/px4_msgs/include/px4_msgs/px4_msgs/msg/unregister_ext_component.hpp\n'}
[1.969736] (px4_msgs) StdoutLine: {'line': b'-- Up-to-date: /home/rschnurr/SkyClaw-Team1/ros2_ws/install/px4_msgs/include/px4_msgs/px4_msgs/msg/actuator_servos_trim.hpp\n'}
[1.969765] (px4_msgs) StdoutLine: {'line': b'-- Up-to-date: /home/rschnurr/SkyClaw-Team1/ros2_ws/install/px4_msgs/include/px4_msgs/px4_msgs/msg/parameter_set_used_request.hpp\n'}
[1.969801] (px4_msgs) StdoutLine: {'line': b'-- Up-to-date: /home/rschnurr/SkyClaw-Team1/ros2_ws/install/px4_msgs/include/px4_msgs/px4_msgs/msg/landing_target_pose.hpp\n'}
[1.969839] (px4_msgs) StdoutLine: {'line': b'-- Up-to-date: /home/rschnurr/SkyClaw-Team1/ros2_ws/install/px4_msgs/include/px4_msgs/px4_msgs/msg/led_control.hpp\n'}
[1.969946] (px4_msgs) StdoutLine: {'line': b'-- Up-to-date: /home/rschnurr/SkyClaw-Team1/ros2_ws/install/px4_msgs/include/px4_msgs/px4_msgs/msg/fixed_wing_lateral_status.hpp\n'}
[1.970006] (px4_msgs) StdoutLine: {'line': b'-- Up-to-date: /home/rschnurr/SkyClaw-Team1/ros2_ws/install/px4_msgs/include/px4_msgs/px4_msgs/msg/gpio_request.hpp\n'}
[1.970057] (px4_msgs) StdoutLine: {'line': b'-- Up-to-date: /home/rschnurr/SkyClaw-Team1/ros2_ws/install/px4_msgs/include/px4_msgs/px4_msgs/msg/rtl_status.hpp\n'}
[1.970092] (px4_msgs) StdoutLine: {'line': b'-- Up-to-date: /home/rschnurr/SkyClaw-Team1/ros2_ws/install/px4_msgs/include/px4_msgs/px4_msgs/msg/flight_phase_estimation.hpp\n'}
[1.970120] (px4_msgs) StdoutLine: {'line': b'-- Up-to-date: /home/rschnurr/SkyClaw-Team1/ros2_ws/install/px4_msgs/include/px4_msgs/px4_msgs/msg/mount_orientation.hpp\n'}
[1.970151] (px4_msgs) StdoutLine: {'line': b'-- Up-to-date: /home/rschnurr/SkyClaw-Team1/ros2_ws/install/px4_msgs/include/px4_msgs/px4_msgs/msg/gimbal_device_attitude_status.hpp\n'}
[1.970186] (px4_msgs) StdoutLine: {'line': b'-- Up-to-date: /home/rschnurr/SkyClaw-Team1/ros2_ws/install/px4_msgs/include/px4_msgs/px4_msgs/msg/estimator_aid_source3d.hpp\n'}
[1.970269] (px4_msgs) StdoutLine: {'line': b'-- Up-to-date: /home/rschnurr/SkyClaw-Team1/ros2_ws/install/px4_msgs/include/px4_msgs/px4_msgs/msg/sensors_status_imu.hpp\n'}
[1.970327] (px4_msgs) StdoutLine: {'line': b'-- Up-to-date: /home/rschnurr/SkyClaw-Team1/ros2_ws/install/px4_msgs/include/px4_msgs/px4_msgs/msg/vehicle_command_ack.hpp\n'}
[1.970371] (px4_msgs) StdoutLine: {'line': b'-- Up-to-date: /home/rschnurr/SkyClaw-Team1/ros2_ws/install/px4_msgs/include/px4_msgs/px4_msgs/msg/rover_throttle_setpoint.hpp\n'}
[1.970458] (px4_msgs) StdoutLine: {'line': b'-- Up-to-date: /home/rschnurr/SkyClaw-Team1/ros2_ws/install/px4_msgs/include/px4_msgs/px4_msgs/msg/debug_array.hpp\n'}
[1.970716] (px4_msgs) StdoutLine: {'line': b'-- Up-to-date: /home/rschnurr/SkyClaw-Team1/ros2_ws/install/px4_msgs/include/px4_msgs/px4_msgs/msg/control_allocator_status.hpp\n'}
[1.970855] (px4_msgs) StdoutLine: {'line': b'-- Up-to-date: /home/rschnurr/SkyClaw-Team1/ros2_ws/install/px4_msgs/include/px4_msgs/px4_msgs/msg/position_controller_landing_status.hpp\n'}
[1.970980] (px4_msgs) StdoutLine: {'line': b'-- Up-to-date: /home/rschnurr/SkyClaw-Team1/ros2_ws/install/px4_msgs/include/px4_msgs/px4_msgs/msg/heater_status.hpp\n'}
[1.971105] (px4_msgs) StdoutLine: {'line': b'-- Up-to-date: /home/rschnurr/SkyClaw-Team1/ros2_ws/install/px4_msgs/include/px4_msgs/px4_msgs/msg/gpio_in.hpp\n'}
[1.971218] (px4_msgs) StdoutLine: {'line': b'-- Up-to-date: /home/rschnurr/SkyClaw-Team1/ros2_ws/install/px4_msgs/include/px4_msgs/px4_msgs/msg/neural_control.hpp\n'}
[1.971340] (px4_msgs) StdoutLine: {'line': b'-- Up-to-date: /home/rschnurr/SkyClaw-Team1/ros2_ws/install/px4_msgs/include/px4_msgs/px4_msgs/msg/landing_target_innovations.hpp\n'}
[1.971454] (px4_msgs) StdoutLine: {'line': b'-- Up-to-date: /home/rschnurr/SkyClaw-Team1/ros2_ws/install/px4_msgs/include/px4_msgs/px4_msgs/msg/sensor_accel.hpp\n'}
[1.971519] (px4_msgs) StdoutLine: {'line': b'-- Up-to-date: /home/rschnurr/SkyClaw-Team1/ros2_ws/install/px4_msgs/include/px4_msgs/px4_msgs/msg/gpio_out.hpp\n'}
[1.971568] (px4_msgs) StdoutLine: {'line': b'-- Up-to-date: /home/rschnurr/SkyClaw-Team1/ros2_ws/install/px4_msgs/include/px4_msgs/px4_msgs/msg/vehicle_local_position_setpoint.hpp\n'}
[1.971613] (px4_msgs) StdoutLine: {'line': b'-- Up-to-date: /home/rschnurr/SkyClaw-Team1/ros2_ws/install/px4_msgs/include/px4_msgs/px4_msgs/msg/vehicle_control_mode.hpp\n'}
[1.971690] (px4_msgs) StdoutLine: {'line': b'-- Up-to-date: /home/rschnurr/SkyClaw-Team1/ros2_ws/install/px4_msgs/include/px4_msgs/px4_msgs/msg/sensor_hygrometer.hpp\n'}
[1.971740] (px4_msgs) StdoutLine: {'line': b'-- Up-to-date: /home/rschnurr/SkyClaw-Team1/ros2_ws/install/px4_msgs/include/px4_msgs/px4_msgs/msg/detail\n'}
[1.971779] (px4_msgs) StdoutLine: {'line': b'-- Up-to-date: /home/rschnurr/SkyClaw-Team1/ros2_ws/install/px4_msgs/include/px4_msgs/px4_msgs/msg/detail/vehicle_optical_flow_vel__builder.hpp\n'}
[1.971813] (px4_msgs) StdoutLine: {'line': b'-- Up-to-date: /home/rschnurr/SkyClaw-Team1/ros2_ws/install/px4_msgs/include/px4_msgs/px4_msgs/msg/detail/sensor_hygrometer__type_support.hpp\n'}
[1.971842] (px4_msgs) StdoutLine: {'line': b'-- Up-to-date: /home/rschnurr/SkyClaw-Team1/ros2_ws/install/px4_msgs/include/px4_msgs/px4_msgs/msg/detail/internal_combustion_engine_status__struct.hpp\n'}
[1.971876] (px4_msgs) StdoutLine: {'line': b'-- Up-to-date: /home/rschnurr/SkyClaw-Team1/ros2_ws/install/px4_msgs/include/px4_msgs/px4_msgs/msg/detail/camera_trigger__struct.hpp\n'}
[1.971905] (px4_msgs) StdoutLine: {'line': b'-- Up-to-date: /home/rschnurr/SkyClaw-Team1/ros2_ws/install/px4_msgs/include/px4_msgs/px4_msgs/msg/detail/yaw_estimator_status__builder.hpp\n'}
[1.971934] (px4_msgs) StdoutLine: {'line': b'-- Up-to-date: /home/rschnurr/SkyClaw-Team1/ros2_ws/install/px4_msgs/include/px4_msgs/px4_msgs/msg/detail/manual_control_setpoint__struct.hpp\n'}
[1.971961] (px4_msgs) StdoutLine: {'line': b'-- Up-to-date: /home/rschnurr/SkyClaw-Team1/ros2_ws/install/px4_msgs/include/px4_msgs/px4_msgs/msg/detail/longitudinal_control_configuration__type_support.hpp\n'}
[1.971990] (px4_msgs) StdoutLine: {'line': b'-- Up-to-date: /home/rschnurr/SkyClaw-Team1/ros2_ws/install/px4_msgs/include/px4_msgs/px4_msgs/msg/detail/radio_status__traits.hpp\n'}
[1.972018] (px4_msgs) StdoutLine: {'line': b'-- Up-to-date: /home/rschnurr/SkyClaw-Team1/ros2_ws/install/px4_msgs/include/px4_msgs/px4_msgs/msg/detail/lateral_control_configuration__builder.hpp\n'}
[1.972046] (px4_msgs) StdoutLine: {'line': b'-- Up-to-date: /home/rschnurr/SkyClaw-Team1/ros2_ws/install/px4_msgs/include/px4_msgs/px4_msgs/msg/detail/magnetometer_bias_estimate__traits.hpp\n'}
[1.972073] (px4_msgs) StdoutLine: {'line': b'-- Up-to-date: /home/rschnurr/SkyClaw-Team1/ros2_ws/install/px4_msgs/include/px4_msgs/px4_msgs/msg/detail/sensor_mag__traits.hpp\n'}
[1.972112] (px4_msgs) StdoutLine: {'line': b'-- Up-to-date: /home/rschnurr/SkyClaw-Team1/ros2_ws/install/px4_msgs/include/px4_msgs/px4_msgs/msg/detail/gimbal_device_information__type_support.hpp\n'}
[1.972158] (px4_msgs) StdoutLine: {'line': b'-- Up-to-date: /home/rschnurr/SkyClaw-Team1/ros2_ws/install/px4_msgs/include/px4_msgs/px4_msgs/msg/detail/input_rc__struct.hpp\n'}
[1.972251] (px4_msgs) StdoutLine: {'line': b'-- Up-to-date: /home/rschnurr/SkyClaw-Team1/ros2_ws/install/px4_msgs/include/px4_msgs/px4_msgs/msg/detail/longitudinal_control_configuration__builder.hpp\n'}
[1.972312] (px4_msgs) StdoutLine: {'line': b'-- Up-to-date: /home/rschnurr/SkyClaw-Team1/ros2_ws/install/px4_msgs/include/px4_msgs/px4_msgs/msg/detail/orb_test_large__builder.hpp\n'}
[1.972359] (px4_msgs) StdoutLine: {'line': b'-- Up-to-date: /home/rschnurr/SkyClaw-Team1/ros2_ws/install/px4_msgs/include/px4_msgs/px4_msgs/msg/detail/sensor_correction__builder.hpp\n'}
[1.972403] (px4_msgs) StdoutLine: {'line': b'-- Up-to-date: /home/rschnurr/SkyClaw-Team1/ros2_ws/install/px4_msgs/include/px4_msgs/px4_msgs/msg/detail/dronecan_node_status__traits.hpp\n'}
[1.972448] (px4_msgs) StdoutLine: {'line': b'-- Up-to-date: /home/rschnurr/SkyClaw-Team1/ros2_ws/install/px4_msgs/include/px4_msgs/px4_msgs/msg/detail/landing_gear_wheel__struct.hpp\n'}
[1.972508] (px4_msgs) StdoutLine: {'line': b'-- Up-to-date: /home/rschnurr/SkyClaw-Team1/ros2_ws/install/px4_msgs/include/px4_msgs/px4_msgs/msg/detail/actuator_servos_trim__traits.hpp\n'}
[1.972558] (px4_msgs) StdoutLine: {'line': b'-- Up-to-date: /home/rschnurr/SkyClaw-Team1/ros2_ws/install/px4_msgs/include/px4_msgs/px4_msgs/msg/detail/orb_test_medium__builder.hpp\n'}
[1.972602] (px4_msgs) StdoutLine: {'line': b'-- Up-to-date: /home/rschnurr/SkyClaw-Team1/ros2_ws/install/px4_msgs/include/px4_msgs/px4_msgs/msg/detail/sensor_accel__builder.hpp\n'}
[1.972645] (px4_msgs) StdoutLine: {'line': b'-- Up-to-date: /home/rschnurr/SkyClaw-Team1/ros2_ws/install/px4_msgs/include/px4_msgs/px4_msgs/msg/detail/goto_setpoint__type_support.hpp\n'}
[1.972687] (px4_msgs) StdoutLine: {'line': b'-- Up-to-date: /home/rschnurr/SkyClaw-Team1/ros2_ws/install/px4_msgs/include/px4_msgs/px4_msgs/msg/detail/hover_thrust_estimate__struct.hpp\n'}
[1.972728] (px4_msgs) StdoutLine: {'line': b'-- Up-to-date: /home/rschnurr/SkyClaw-Team1/ros2_ws/install/px4_msgs/include/px4_msgs/px4_msgs/msg/detail/estimator_bias__struct.hpp\n'}
[1.972770] (px4_msgs) StdoutLine: {'line': b'-- Up-to-date: /home/rschnurr/SkyClaw-Team1/ros2_ws/install/px4_msgs/include/px4_msgs/px4_msgs/msg/detail/failsafe_flags__struct.hpp\n'}
[1.972811] (px4_msgs) StdoutLine: {'line': b'-- Up-to-date: /home/rschnurr/SkyClaw-Team1/ros2_ws/install/px4_msgs/include/px4_msgs/px4_msgs/msg/detail/mavlink_tunnel__type_support.hpp\n'}
[1.972852] (px4_msgs) StdoutLine: {'line': b'-- Up-to-date: /home/rschnurr/SkyClaw-Team1/ros2_ws/install/px4_msgs/include/px4_msgs/px4_msgs/msg/detail/sensor_baro__traits.hpp\n'}
[1.972893] (px4_msgs) StdoutLine: {'line': b'-- Up-to-date: /home/rschnurr/SkyClaw-Team1/ros2_ws/install/px4_msgs/include/px4_msgs/px4_msgs/msg/detail/geofence_status__builder.hpp\n'}
[1.972929] (px4_msgs) StdoutLine: {'line': b'-- Up-to-date: /home/rschnurr/SkyClaw-Team1/ros2_ws/install/px4_msgs/include/px4_msgs/px4_msgs/msg/detail/message_format_response__builder.hpp\n'}
[1.973017] (px4_msgs) StdoutLine: {'line': b'-- Up-to-date: /home/rschnurr/SkyClaw-Team1/ros2_ws/install/px4_msgs/include/px4_msgs/px4_msgs/msg/detail/mission__builder.hpp\n'}
[1.973172] (px4_msgs) StdoutLine: {'line': b'-- Up-to-date: /home/rschnurr/SkyClaw-Team1/ros2_ws/install/px4_msgs/include/px4_msgs/px4_msgs/msg/detail/estimator_sensor_bias__builder.hpp\n'}
[1.973216] (px4_msgs) StdoutLine: {'line': b'-- Up-to-date: /home/rschnurr/SkyClaw-Team1/ros2_ws/install/px4_msgs/include/px4_msgs/px4_msgs/msg/detail/power_monitor__type_support.hpp\n'}
[1.973252] (px4_msgs) StdoutLine: {'line': b'-- Up-to-date: /home/rschnurr/SkyClaw-Team1/ros2_ws/install/px4_msgs/include/px4_msgs/px4_msgs/msg/detail/vehicle_command_ack__builder.hpp\n'}
[1.973293] (px4_msgs) StdoutLine: {'line': b'-- Up-to-date: /home/rschnurr/SkyClaw-Team1/ros2_ws/install/px4_msgs/include/px4_msgs/px4_msgs/msg/detail/estimator_innovations__traits.hpp\n'}
[1.973415] (px4_msgs) StdoutLine: {'line': b'-- Up-to-date: /home/rschnurr/SkyClaw-Team1/ros2_ws/install/px4_msgs/include/px4_msgs/px4_msgs/msg/detail/estimator_aid_source3d__struct.hpp\n'}
[1.973520] (px4_msgs) StdoutLine: {'line': b'-- Up-to-date: /home/rschnurr/SkyClaw-Team1/ros2_ws/install/px4_msgs/include/px4_msgs/px4_msgs/msg/detail/sensor_gyro_fifo__struct.hpp\n'}
[1.973580] (px4_msgs) StdoutLine: {'line': b'-- Up-to-date: /home/rschnurr/SkyClaw-Team1/ros2_ws/install/px4_msgs/include/px4_msgs/px4_msgs/msg/detail/ekf2_timestamps__type_support.hpp\n'}
[1.973669] (px4_msgs) StdoutLine: {'line': b'-- Up-to-date: /home/rschnurr/SkyClaw-Team1/ros2_ws/install/px4_msgs/include/px4_msgs/px4_msgs/msg/detail/control_allocator_status__builder.hpp\n'}
[1.973736] (px4_msgs) StdoutLine: {'line': b'-- Up-to-date: /home/rschnurr/SkyClaw-Team1/ros2_ws/install/px4_msgs/include/px4_msgs/px4_msgs/msg/detail/gimbal_controls__type_support.hpp\n'}
[1.973788] (px4_msgs) StdoutLine: {'line': b'-- Up-to-date: /home/rschnurr/SkyClaw-Team1/ros2_ws/install/px4_msgs/include/px4_msgs/px4_msgs/msg/detail/arming_check_request__builder.hpp\n'}
[1.973835] (px4_msgs) StdoutLine: {'line': b'-- Up-to-date: /home/rschnurr/SkyClaw-Team1/ros2_ws/install/px4_msgs/include/px4_msgs/px4_msgs/msg/detail/vehicle_local_position__builder.hpp\n'}
[1.973888] (px4_msgs) StdoutLine: {'line': b'-- Up-to-date: /home/rschnurr/SkyClaw-Team1/ros2_ws/install/px4_msgs/include/px4_msgs/px4_msgs/msg/detail/gpio_config__builder.hpp\n'}
[1.973971] (px4_msgs) StdoutLine: {'line': b'-- Up-to-date: /home/rschnurr/SkyClaw-Team1/ros2_ws/install/px4_msgs/include/px4_msgs/px4_msgs/msg/detail/rover_steering_setpoint__struct.hpp\n'}
[1.974029] (px4_msgs) StdoutLine: {'line': b'-- Up-to-date: /home/rschnurr/SkyClaw-Team1/ros2_ws/install/px4_msgs/include/px4_msgs/px4_msgs/msg/detail/log_message__builder.hpp\n'}
[1.974073] (px4_msgs) StdoutLine: {'line': b'-- Up-to-date: /home/rschnurr/SkyClaw-Team1/ros2_ws/install/px4_msgs/include/px4_msgs/px4_msgs/msg/detail/health_report__struct.hpp\n'}
[1.974116] (px4_msgs) StdoutLine: {'line': b'-- Up-to-date: /home/rschnurr/SkyClaw-Team1/ros2_ws/install/px4_msgs/include/px4_msgs/px4_msgs/msg/detail/actuator_armed__builder.hpp\n'}
[1.974164] (px4_msgs) StdoutLine: {'line': b'-- Up-to-date: /home/rschnurr/SkyClaw-Team1/ros2_ws/install/px4_msgs/include/px4_msgs/px4_msgs/msg/detail/orb_test_large__struct.hpp\n'}
[1.974203] (px4_msgs) StdoutLine: {'line': b'-- Up-to-date: /home/rschnurr/SkyClaw-Team1/ros2_ws/install/px4_msgs/include/px4_msgs/px4_msgs/msg/detail/goto_setpoint__traits.hpp\n'}
[1.974241] (px4_msgs) StdoutLine: {'line': b'-- Up-to-date: /home/rschnurr/SkyClaw-Team1/ros2_ws/install/px4_msgs/include/px4_msgs/px4_msgs/msg/detail/actuator_servos_trim__type_support.hpp\n'}
[1.974280] (px4_msgs) StdoutLine: {'line': b'-- Up-to-date: /home/rschnurr/SkyClaw-Team1/ros2_ws/install/px4_msgs/include/px4_msgs/px4_msgs/msg/detail/vehicle_imu_status__type_support.hpp\n'}
[1.974318] (px4_msgs) StdoutLine: {'line': b'-- Up-to-date: /home/rschnurr/SkyClaw-Team1/ros2_ws/install/px4_msgs/include/px4_msgs/px4_msgs/msg/detail/sensor_preflight_mag__traits.hpp\n'}
[1.974359] (px4_msgs) StdoutLine: {'line': b'-- Up-to-date: /home/rschnurr/SkyClaw-Team1/ros2_ws/install/px4_msgs/include/px4_msgs/px4_msgs/msg/detail/sensor_gps__builder.hpp\n'}
[1.974398] (px4_msgs) StdoutLine: {'line': b'-- Up-to-date: /home/rschnurr/SkyClaw-Team1/ros2_ws/install/px4_msgs/include/px4_msgs/px4_msgs/msg/detail/vehicle_magnetometer__builder.hpp\n'}
[1.974436] (px4_msgs) StdoutLine: {'line': b'-- Up-to-date: /home/rschnurr/SkyClaw-Team1/ros2_ws/install/px4_msgs/include/px4_msgs/px4_msgs/msg/detail/vehicle_acceleration__struct.hpp\n'}
[1.974473] (px4_msgs) StdoutLine: {'line': b'-- Up-to-date: /home/rschnurr/SkyClaw-Team1/ros2_ws/install/px4_msgs/include/px4_msgs/px4_msgs/msg/detail/wind__struct.hpp\n'}
[1.974514] (px4_msgs) StdoutLine: {'line': b'-- Up-to-date: /home/rschnurr/SkyClaw-Team1/ros2_ws/install/px4_msgs/include/px4_msgs/px4_msgs/msg/detail/rover_attitude_setpoint__struct.hpp\n'}
[1.974568] (px4_msgs) StdoutLine: {'line': b'-- Up-to-date: /home/rschnurr/SkyClaw-Team1/ros2_ws/install/px4_msgs/include/px4_msgs/px4_msgs/msg/detail/rover_rate_status__struct.hpp\n'}
[1.974852] (px4_msgs) StdoutLine: {'line': b'-- Up-to-date: /home/rschnurr/SkyClaw-Team1/ros2_ws/install/px4_msgs/include/px4_msgs/px4_msgs/msg/detail/sensor_gnss_relative__builder.hpp\n'}
[1.975117] (px4_msgs) StdoutLine: {'line': b'-- Up-to-date: /home/rschnurr/SkyClaw-Team1/ros2_ws/install/px4_msgs/include/px4_msgs/px4_msgs/msg/detail/sensor_preflight_mag__struct.hpp\n'}
[1.975269] (px4_msgs) StdoutLine: {'line': b'-- Up-to-date: /home/rschnurr/SkyClaw-Team1/ros2_ws/install/px4_msgs/include/px4_msgs/px4_msgs/msg/detail/esc_status__struct.hpp\n'}
[1.975502] (px4_msgs) StdoutLine: {'line': b'-- Up-to-date: /home/rschnurr/SkyClaw-Team1/ros2_ws/install/px4_msgs/include/px4_msgs/px4_msgs/msg/detail/gimbal_manager_information__builder.hpp\n'}
[1.975620] (px4_msgs) StdoutLine: {'line': b'-- Up-to-date: /home/rschnurr/SkyClaw-Team1/ros2_ws/install/px4_msgs/include/px4_msgs/px4_msgs/msg/detail/camera_capture__builder.hpp\n'}
[1.975709] (px4_msgs) StdoutLine: {'line': b'-- Up-to-date: /home/rschnurr/SkyClaw-Team1/ros2_ws/install/px4_msgs/include/px4_msgs/px4_msgs/msg/detail/uavcan_parameter_value__traits.hpp\n'}
[1.975783] (px4_msgs) StdoutLine: {'line': b'-- Up-to-date: /home/rschnurr/SkyClaw-Team1/ros2_ws/install/px4_msgs/include/px4_msgs/px4_msgs/msg/detail/trajectory_setpoint6dof__type_support.hpp\n'}
[1.975847] (px4_msgs) StdoutLine: {'line': b'-- Up-to-date: /home/rschnurr/SkyClaw-Team1/ros2_ws/install/px4_msgs/include/px4_msgs/px4_msgs/msg/detail/battery_info__builder.hpp\n'}
[1.975993] (px4_msgs) StdoutLine: {'line': b'-- Up-to-date: /home/rschnurr/SkyClaw-Team1/ros2_ws/install/px4_msgs/include/px4_msgs/px4_msgs/msg/detail/rpm__traits.hpp\n'}
[1.976103] (px4_msgs) StdoutLine: {'line': b'-- Up-to-date: /home/rschnurr/SkyClaw-Team1/ros2_ws/install/px4_msgs/include/px4_msgs/px4_msgs/msg/detail/gripper__builder.hpp\n'}
[1.976203] (px4_msgs) StdoutLine: {'line': b'-- Up-to-date: /home/rschnurr/SkyClaw-Team1/ros2_ws/install/px4_msgs/include/px4_msgs/px4_msgs/msg/detail/sensors_status__traits.hpp\n'}
[1.976281] (px4_msgs) StdoutLine: {'line': b'-- Up-to-date: /home/rschnurr/SkyClaw-Team1/ros2_ws/install/px4_msgs/include/px4_msgs/px4_msgs/msg/detail/sensor_selection__traits.hpp\n'}
[1.976617] (px4_msgs) StdoutLine: {'line': b'-- Up-to-date: /home/rschnurr/SkyClaw-Team1/ros2_ws/install/px4_msgs/include/px4_msgs/px4_msgs/msg/detail/vehicle_angular_velocity__builder.hpp\n'}
[1.976746] (px4_msgs) StdoutLine: {'line': b'-- Up-to-date: /home/rschnurr/SkyClaw-Team1/ros2_ws/install/px4_msgs/include/px4_msgs/px4_msgs/msg/detail/config_overrides__type_support.hpp\n'}
[1.976833] (px4_msgs) StdoutLine: {'line': b'-- Up-to-date: /home/rschnurr/SkyClaw-Team1/ros2_ws/install/px4_msgs/include/px4_msgs/px4_msgs/msg/detail/parameter_set_used_request__type_support.hpp\n'}
[1.976886] (px4_msgs) StdoutLine: {'line': b'-- Up-to-date: /home/rschnurr/SkyClaw-Team1/ros2_ws/install/px4_msgs/include/px4_msgs/px4_msgs/msg/detail/orbit_status__type_support.hpp\n'}
[1.977113] (px4_msgs) StdoutLine: {'line': b'-- Up-to-date: /home/rschnurr/SkyClaw-Team1/ros2_ws/install/px4_msgs/include/px4_msgs/px4_msgs/msg/detail/sensor_uwb__builder.hpp\n'}
[1.977218] (px4_msgs) StdoutLine: {'line': b'-- Up-to-date: /home/rschnurr/SkyClaw-Team1/ros2_ws/install/px4_msgs/include/px4_msgs/px4_msgs/msg/detail/sensor_hygrometer__struct.hpp\n'}
[1.977280] (px4_msgs) StdoutLine: {'line': b'-- Up-to-date: /home/rschnurr/SkyClaw-Team1/ros2_ws/install/px4_msgs/include/px4_msgs/px4_msgs/msg/detail/iridiumsbd_status__type_support.hpp\n'}
[1.977395] (px4_msgs) StdoutLine: {'line': b'-- Up-to-date: /home/rschnurr/SkyClaw-Team1/ros2_ws/install/px4_msgs/include/px4_msgs/px4_msgs/msg/detail/vehicle_control_mode__type_support.hpp\n'}
[1.977464] (px4_msgs) StdoutLine: {'line': b'-- Up-to-date: /home/rschnurr/SkyClaw-Team1/ros2_ws/install/px4_msgs/include/px4_msgs/px4_msgs/msg/detail/action_request__builder.hpp\n'}
[1.977513] (px4_msgs) StdoutLine: {'line': b'-- Up-to-date: /home/rschnurr/SkyClaw-Team1/ros2_ws/install/px4_msgs/include/px4_msgs/px4_msgs/msg/detail/satellite_info__traits.hpp\n'}
[1.977555] (px4_msgs) StdoutLine: {'line': b'-- Up-to-date: /home/rschnurr/SkyClaw-Team1/ros2_ws/install/px4_msgs/include/px4_msgs/px4_msgs/msg/detail/vehicle_constraints__builder.hpp\n'}
[1.977596] (px4_msgs) StdoutLine: {'line': b'-- Up-to-date: /home/rschnurr/SkyClaw-Team1/ros2_ws/install/px4_msgs/include/px4_msgs/px4_msgs/msg/detail/estimator_bias__traits.hpp\n'}
[1.977637] (px4_msgs) StdoutLine: {'line': b'-- Up-to-date: /home/rschnurr/SkyClaw-Team1/ros2_ws/install/px4_msgs/include/px4_msgs/px4_msgs/msg/detail/vehicle_optical_flow__struct.hpp\n'}
[1.977677] (px4_msgs) StdoutLine: {'line': b'-- Up-to-date: /home/rschnurr/SkyClaw-Team1/ros2_ws/install/px4_msgs/include/px4_msgs/px4_msgs/msg/detail/gpio_config__type_support.hpp\n'}
[1.977723] (px4_msgs) StdoutLine: {'line': b'-- Up-to-date: /home/rschnurr/SkyClaw-Team1/ros2_ws/install/px4_msgs/include/px4_msgs/px4_msgs/msg/detail/vehicle_land_detected__struct.hpp\n'}
[1.977765] (px4_msgs) StdoutLine: {'line': b'-- Up-to-date: /home/rschnurr/SkyClaw-Team1/ros2_ws/install/px4_msgs/include/px4_msgs/px4_msgs/msg/detail/actuator_controls_status__builder.hpp\n'}
[1.977807] (px4_msgs) StdoutLine: {'line': b'-- Up-to-date: /home/rschnurr/SkyClaw-Team1/ros2_ws/install/px4_msgs/include/px4_msgs/px4_msgs/msg/detail/rtl_status__type_support.hpp\n'}
[1.977848] (px4_msgs) StdoutLine: {'line': b'-- Up-to-date: /home/rschnurr/SkyClaw-Team1/ros2_ws/install/px4_msgs/include/px4_msgs/px4_msgs/msg/detail/mount_orientation__type_support.hpp\n'}
[1.977889] (px4_msgs) StdoutLine: {'line': b'-- Up-to-date: /home/rschnurr/SkyClaw-Team1/ros2_ws/install/px4_msgs/include/px4_msgs/px4_msgs/msg/detail/follow_target_estimator__type_support.hpp\n'}
[1.977928] (px4_msgs) StdoutLine: {'line': b'-- Up-to-date: /home/rschnurr/SkyClaw-Team1/ros2_ws/install/px4_msgs/include/px4_msgs/px4_msgs/msg/detail/vehicle_torque_setpoint__struct.hpp\n'}
[1.977967] (px4_msgs) StdoutLine: {'line': b'-- Up-to-date: /home/rschnurr/SkyClaw-Team1/ros2_ws/install/px4_msgs/include/px4_msgs/px4_msgs/msg/detail/rover_throttle_setpoint__type_support.hpp\n'}
[1.978006] (px4_msgs) StdoutLine: {'line': b'-- Up-to-date: /home/rschnurr/SkyClaw-Team1/ros2_ws/install/px4_msgs/include/px4_msgs/px4_msgs/msg/detail/distance_sensor__traits.hpp\n'}
[1.978045] (px4_msgs) StdoutLine: {'line': b'-- Up-to-date: /home/rschnurr/SkyClaw-Team1/ros2_ws/install/px4_msgs/include/px4_msgs/px4_msgs/msg/detail/wind__builder.hpp\n'}
[1.978085] (px4_msgs) StdoutLine: {'line': b'-- Up-to-date: /home/rschnurr/SkyClaw-Team1/ros2_ws/install/px4_msgs/include/px4_msgs/px4_msgs/msg/detail/camera_status__traits.hpp\n'}
[1.978124] (px4_msgs) StdoutLine: {'line': b'-- Up-to-date: /home/rschnurr/SkyClaw-Team1/ros2_ws/install/px4_msgs/include/px4_msgs/px4_msgs/msg/detail/unregister_ext_component__struct.hpp\n'}
[1.978162] (px4_msgs) StdoutLine: {'line': b'-- Up-to-date: /home/rschnurr/SkyClaw-Team1/ros2_ws/install/px4_msgs/include/px4_msgs/px4_msgs/msg/detail/position_setpoint__type_support.hpp\n'}
[1.978201] (px4_msgs) StdoutLine: {'line': b'-- Up-to-date: /home/rschnurr/SkyClaw-Team1/ros2_ws/install/px4_msgs/include/px4_msgs/px4_msgs/msg/detail/parameter_update__struct.hpp\n'}
[1.978239] (px4_msgs) StdoutLine: {'line': b'-- Up-to-date: /home/rschnurr/SkyClaw-Team1/ros2_ws/install/px4_msgs/include/px4_msgs/px4_msgs/msg/detail/position_setpoint_triplet__traits.hpp\n'}
[1.978279] (px4_msgs) StdoutLine: {'line': b'-- Up-to-date: /home/rschnurr/SkyClaw-Team1/ros2_ws/install/px4_msgs/include/px4_msgs/px4_msgs/msg/detail/actuator_armed__struct.hpp\n'}
[1.978317] (px4_msgs) StdoutLine: {'line': b'-- Up-to-date: /home/rschnurr/SkyClaw-Team1/ros2_ws/install/px4_msgs/include/px4_msgs/px4_msgs/msg/detail/rover_position_setpoint__type_support.hpp\n'}
[1.978361] (px4_msgs) StdoutLine: {'line': b'-- Up-to-date: /home/rschnurr/SkyClaw-Team1/ros2_ws/install/px4_msgs/include/px4_msgs/px4_msgs/msg/detail/pwm_input__type_support.hpp\n'}
[1.978405] (px4_msgs) StdoutLine: {'line': b'-- Up-to-date: /home/rschnurr/SkyClaw-Team1/ros2_ws/install/px4_msgs/include/px4_msgs/px4_msgs/msg/detail/power_monitor__traits.hpp\n'}
[1.978444] (px4_msgs) StdoutLine: {'line': b'-- Up-to-date: /home/rschnurr/SkyClaw-Team1/ros2_ws/install/px4_msgs/include/px4_msgs/px4_msgs/msg/detail/log_message__traits.hpp\n'}
[1.978485] (px4_msgs) StdoutLine: {'line': b'-- Up-to-date: /home/rschnurr/SkyClaw-Team1/ros2_ws/install/px4_msgs/include/px4_msgs/px4_msgs/msg/detail/fixed_wing_runway_control__struct.hpp\n'}
[1.978524] (px4_msgs) StdoutLine: {'line': b'-- Up-to-date: /home/rschnurr/SkyClaw-Team1/ros2_ws/install/px4_msgs/include/px4_msgs/px4_msgs/msg/detail/input_rc__type_support.hpp\n'}
[1.978604] (px4_msgs) StdoutLine: {'line': b'-- Up-to-date: /home/rschnurr/SkyClaw-Team1/ros2_ws/install/px4_msgs/include/px4_msgs/px4_msgs/msg/detail/landing_gear__type_support.hpp\n'}
[1.978647] (px4_msgs) StdoutLine: {'line': b'-- Up-to-date: /home/rschnurr/SkyClaw-Team1/ros2_ws/install/px4_msgs/include/px4_msgs/px4_msgs/msg/detail/pps_capture__builder.hpp\n'}
[1.978691] (px4_msgs) StdoutLine: {'line': b'-- Up-to-date: /home/rschnurr/SkyClaw-Team1/ros2_ws/install/px4_msgs/include/px4_msgs/px4_msgs/msg/detail/ulog_stream_ack__struct.hpp\n'}
[1.978728] (px4_msgs) StdoutLine: {'line': b'-- Up-to-date: /home/rschnurr/SkyClaw-Team1/ros2_ws/install/px4_msgs/include/px4_msgs/px4_msgs/msg/detail/gpio_request__traits.hpp\n'}
[1.978762] (px4_msgs) StdoutLine: {'line': b'-- Up-to-date: /home/rschnurr/SkyClaw-Team1/ros2_ws/install/px4_msgs/include/px4_msgs/px4_msgs/msg/detail/health_report__builder.hpp\n'}
[1.978802] (px4_msgs) StdoutLine: {'line': b'-- Up-to-date: /home/rschnurr/SkyClaw-Team1/ros2_ws/install/px4_msgs/include/px4_msgs/px4_msgs/msg/detail/sensor_mag__builder.hpp\n'}
[1.978840] (px4_msgs) StdoutLine: {'line': b'-- Up-to-date: /home/rschnurr/SkyClaw-Team1/ros2_ws/install/px4_msgs/include/px4_msgs/px4_msgs/msg/detail/trajectory_setpoint6dof__builder.hpp\n'}
[1.978878] (px4_msgs) StdoutLine: {'line': b'-- Up-to-date: /home/rschnurr/SkyClaw-Team1/ros2_ws/install/px4_msgs/include/px4_msgs/px4_msgs/msg/detail/timesync_status__traits.hpp\n'}
[1.978919] (px4_msgs) StdoutLine: {'line': b'-- Up-to-date: /home/rschnurr/SkyClaw-Team1/ros2_ws/install/px4_msgs/include/px4_msgs/px4_msgs/msg/detail/cellular_status__struct.hpp\n'}
[1.978964] (px4_msgs) StdoutLine: {'line': b'-- Up-to-date: /home/rschnurr/SkyClaw-Team1/ros2_ws/install/px4_msgs/include/px4_msgs/px4_msgs/msg/detail/cpuload__traits.hpp\n'}
[1.979008] (px4_msgs) StdoutLine: {'line': b'-- Up-to-date: /home/rschnurr/SkyClaw-Team1/ros2_ws/install/px4_msgs/include/px4_msgs/px4_msgs/msg/detail/takeoff_status__traits.hpp\n'}
[1.979058] (px4_msgs) StdoutLine: {'line': b'-- Up-to-date: /home/rschnurr/SkyClaw-Team1/ros2_ws/install/px4_msgs/include/px4_msgs/px4_msgs/msg/detail/magnetometer_bias_estimate__builder.hpp\n'}
[1.979102] (px4_msgs) StdoutLine: {'line': b'-- Up-to-date: /home/rschnurr/SkyClaw-Team1/ros2_ws/install/px4_msgs/include/px4_msgs/px4_msgs/msg/detail/gimbal_device_set_attitude__builder.hpp\n'}
[1.979145] (px4_msgs) StdoutLine: {'line': b'-- Up-to-date: /home/rschnurr/SkyClaw-Team1/ros2_ws/install/px4_msgs/include/px4_msgs/px4_msgs/msg/detail/vehicle_roi__builder.hpp\n'}
[1.979189] (px4_msgs) StdoutLine: {'line': b'-- Up-to-date: /home/rschnurr/SkyClaw-Team1/ros2_ws/install/px4_msgs/include/px4_msgs/px4_msgs/msg/detail/parameter_reset_request__struct.hpp\n'}
[1.979233] (px4_msgs) StdoutLine: {'line': b'-- Up-to-date: /home/rschnurr/SkyClaw-Team1/ros2_ws/install/px4_msgs/include/px4_msgs/px4_msgs/msg/detail/rover_position_setpoint__traits.hpp\n'}
[1.979275] (px4_msgs) StdoutLine: {'line': b'-- Up-to-date: /home/rschnurr/SkyClaw-Team1/ros2_ws/install/px4_msgs/include/px4_msgs/px4_msgs/msg/detail/airspeed_wind__type_support.hpp\n'}
[1.979329] (px4_msgs) StdoutLine: {'line': b'-- Up-to-date: /home/rschnurr/SkyClaw-Team1/ros2_ws/install/px4_msgs/include/px4_msgs/px4_msgs/msg/detail/dataman_response__type_support.hpp\n'}
[1.979443] (px4_msgs) StdoutLine: {'line': b'-- Up-to-date: /home/rschnurr/SkyClaw-Team1/ros2_ws/install/px4_msgs/include/px4_msgs/px4_msgs/msg/detail/event__builder.hpp\n'}
[1.979571] (px4_msgs) StdoutLine: {'line': b'-- Up-to-date: /home/rschnurr/SkyClaw-Team1/ros2_ws/install/px4_msgs/include/px4_msgs/px4_msgs/msg/detail/logger_status__struct.hpp\n'}
[1.979640] (px4_msgs) StdoutLine: {'line': b'-- Up-to-date: /home/rschnurr/SkyClaw-Team1/ros2_ws/install/px4_msgs/include/px4_msgs/px4_msgs/msg/detail/camera_trigger__type_support.hpp\n'}
[1.979695] (px4_msgs) StdoutLine: {'line': b'-- Up-to-date: /home/rschnurr/SkyClaw-Team1/ros2_ws/install/px4_msgs/include/px4_msgs/px4_msgs/msg/detail/mission_result__builder.hpp\n'}
[1.979741] (px4_msgs) StdoutLine: {'line': b'-- Up-to-date: /home/rschnurr/SkyClaw-Team1/ros2_ws/install/px4_msgs/include/px4_msgs/px4_msgs/msg/detail/differential_pressure__traits.hpp\n'}
[1.979788] (px4_msgs) StdoutLine: {'line': b'-- Up-to-date: /home/rschnurr/SkyClaw-Team1/ros2_ws/install/px4_msgs/include/px4_msgs/px4_msgs/msg/detail/dronecan_node_status__struct.hpp\n'}
[1.979836] (px4_msgs) StdoutLine: {'line': b'-- Up-to-date: /home/rschnurr/SkyClaw-Team1/ros2_ws/install/px4_msgs/include/px4_msgs/px4_msgs/msg/detail/gimbal_manager_set_manual_control__type_support.hpp\n'}
[1.979883] (px4_msgs) StdoutLine: {'line': b'-- Up-to-date: /home/rschnurr/SkyClaw-Team1/ros2_ws/install/px4_msgs/include/px4_msgs/px4_msgs/msg/detail/esc_status__type_support.hpp\n'}
[1.979943] (px4_msgs) StdoutLine: {'line': b'-- Up-to-date: /home/rschnurr/SkyClaw-Team1/ros2_ws/install/px4_msgs/include/px4_msgs/px4_msgs/msg/detail/navigator_mission_item__traits.hpp\n'}
[1.979985] (px4_msgs) StdoutLine: {'line': b'-- Up-to-date: /home/rschnurr/SkyClaw-Team1/ros2_ws/install/px4_msgs/include/px4_msgs/px4_msgs/msg/detail/navigator_mission_item__struct.hpp\n'}
[1.980029] (px4_msgs) StdoutLine: {'line': b'-- Up-to-date: /home/rschnurr/SkyClaw-Team1/ros2_ws/install/px4_msgs/include/px4_msgs/px4_msgs/msg/detail/arming_check_reply__struct.hpp\n'}
[1.980073] (px4_msgs) StdoutLine: {'line': b'-- Up-to-date: /home/rschnurr/SkyClaw-Team1/ros2_ws/install/px4_msgs/include/px4_msgs/px4_msgs/msg/detail/yaw_estimator_status__traits.hpp\n'}
[1.980116] (px4_msgs) StdoutLine: {'line': b'-- Up-to-date: /home/rschnurr/SkyClaw-Team1/ros2_ws/install/px4_msgs/include/px4_msgs/px4_msgs/msg/detail/gps_dump__traits.hpp\n'}
[1.980158] (px4_msgs) StdoutLine: {'line': b'-- Up-to-date: /home/rschnurr/SkyClaw-Team1/ros2_ws/install/px4_msgs/include/px4_msgs/px4_msgs/msg/detail/register_ext_component_request__builder.hpp\n'}
[1.980203] (px4_msgs) StdoutLine: {'line': b'-- Up-to-date: /home/rschnurr/SkyClaw-Team1/ros2_ws/install/px4_msgs/include/px4_msgs/px4_msgs/msg/detail/lateral_control_configuration__struct.hpp\n'}
[1.980245] (px4_msgs) StdoutLine: {'line': b'-- Up-to-date: /home/rschnurr/SkyClaw-Team1/ros2_ws/install/px4_msgs/include/px4_msgs/px4_msgs/msg/detail/vehicle_imu_status__builder.hpp\n'}
[1.980288] (px4_msgs) StdoutLine: {'line': b'-- Up-to-date: /home/rschnurr/SkyClaw-Team1/ros2_ws/install/px4_msgs/include/px4_msgs/px4_msgs/msg/detail/satellite_info__type_support.hpp\n'}
[1.980331] (px4_msgs) StdoutLine: {'line': b'-- Up-to-date: /home/rschnurr/SkyClaw-Team1/ros2_ws/install/px4_msgs/include/px4_msgs/px4_msgs/msg/detail/gps_inject_data__struct.hpp\n'}
[1.980375] (px4_msgs) StdoutLine: {'line': b'-- Up-to-date: /home/rschnurr/SkyClaw-Team1/ros2_ws/install/px4_msgs/include/px4_msgs/px4_msgs/msg/detail/open_drone_id_operator_id__struct.hpp\n'}
[1.980417] (px4_msgs) StdoutLine: {'line': b'-- Up-to-date: /home/rschnurr/SkyClaw-Team1/ros2_ws/install/px4_msgs/include/px4_msgs/px4_msgs/msg/detail/follow_target__traits.hpp\n'}
[1.980462] (px4_msgs) StdoutLine: {'line': b'-- Up-to-date: /home/rschnurr/SkyClaw-Team1/ros2_ws/install/px4_msgs/include/px4_msgs/px4_msgs/msg/detail/battery_status__traits.hpp\n'}
[1.980510] (px4_msgs) StdoutLine: {'line': b'-- Up-to-date: /home/rschnurr/SkyClaw-Team1/ros2_ws/install/px4_msgs/include/px4_msgs/px4_msgs/msg/detail/figure_eight_status__struct.hpp\n'}
[1.980553] (px4_msgs) StdoutLine: {'line': b'-- Up-to-date: /home/rschnurr/SkyClaw-Team1/ros2_ws/install/px4_msgs/include/px4_msgs/px4_msgs/msg/detail/satellite_info__builder.hpp\n'}
[1.980595] (px4_msgs) StdoutLine: {'line': b'-- Up-to-date: /home/rschnurr/SkyClaw-Team1/ros2_ws/install/px4_msgs/include/px4_msgs/px4_msgs/msg/detail/qshell_retval__type_support.hpp\n'}
[1.980638] (px4_msgs) StdoutLine: {'line': b'-- Up-to-date: /home/rschnurr/SkyClaw-Team1/ros2_ws/install/px4_msgs/include/px4_msgs/px4_msgs/msg/detail/camera_capture__struct.hpp\n'}
[1.980684] (px4_msgs) StdoutLine: {'line': b'-- Up-to-date: /home/rschnurr/SkyClaw-Team1/ros2_ws/install/px4_msgs/include/px4_msgs/px4_msgs/msg/detail/estimator_event_flags__type_support.hpp\n'}
[1.980728] (px4_msgs) StdoutLine: {'line': b'-- Up-to-date: /home/rschnurr/SkyClaw-Team1/ros2_ws/install/px4_msgs/include/px4_msgs/px4_msgs/msg/detail/fixed_wing_longitudinal_setpoint__builder.hpp\n'}
[1.980771] (px4_msgs) StdoutLine: {'line': b'-- Up-to-date: /home/rschnurr/SkyClaw-Team1/ros2_ws/install/px4_msgs/include/px4_msgs/px4_msgs/msg/detail/register_ext_component_request__struct.hpp\n'}
[1.980814] (px4_msgs) StdoutLine: {'line': b'-- Up-to-date: /home/rschnurr/SkyClaw-Team1/ros2_ws/install/px4_msgs/include/px4_msgs/px4_msgs/msg/detail/debug_array__struct.hpp\n'}
[1.980857] (px4_msgs) StdoutLine: {'line': b'-- Up-to-date: /home/rschnurr/SkyClaw-Team1/ros2_ws/install/px4_msgs/include/px4_msgs/px4_msgs/msg/detail/landing_gear__builder.hpp\n'}
[1.980900] (px4_msgs) StdoutLine: {'line': b'-- Up-to-date: /home/rschnurr/SkyClaw-Team1/ros2_ws/install/px4_msgs/include/px4_msgs/px4_msgs/msg/detail/vehicle_attitude_setpoint__struct.hpp\n'}
[1.980943] (px4_msgs) StdoutLine: {'line': b'-- Up-to-date: /home/rschnurr/SkyClaw-Team1/ros2_ws/install/px4_msgs/include/px4_msgs/px4_msgs/msg/detail/gimbal_device_information__traits.hpp\n'}
[1.980999] (px4_msgs) StdoutLine: {'line': b'-- Up-to-date: /home/rschnurr/SkyClaw-Team1/ros2_ws/install/px4_msgs/include/px4_msgs/px4_msgs/msg/detail/open_drone_id_system__type_support.hpp\n'}
[1.981069] (px4_msgs) StdoutLine: {'line': b'-- Up-to-date: /home/rschnurr/SkyClaw-Team1/ros2_ws/install/px4_msgs/include/px4_msgs/px4_msgs/msg/detail/estimator_status__struct.hpp\n'}
[1.981114] (px4_msgs) StdoutLine: {'line': b'-- Up-to-date: /home/rschnurr/SkyClaw-Team1/ros2_ws/install/px4_msgs/include/px4_msgs/px4_msgs/msg/detail/estimator_sensor_bias__struct.hpp\n'}
[1.981158] (px4_msgs) StdoutLine: {'line': b'-- Up-to-date: /home/rschnurr/SkyClaw-Team1/ros2_ws/install/px4_msgs/include/px4_msgs/px4_msgs/msg/detail/airspeed_validated__traits.hpp\n'}
[1.981204] (px4_msgs) StdoutLine: {'line': b'-- Up-to-date: /home/rschnurr/SkyClaw-Team1/ros2_ws/install/px4_msgs/include/px4_msgs/px4_msgs/msg/detail/velocity_limits__builder.hpp\n'}
[1.981247] (px4_msgs) StdoutLine: {'line': b'-- Up-to-date: /home/rschnurr/SkyClaw-Team1/ros2_ws/install/px4_msgs/include/px4_msgs/px4_msgs/msg/detail/debug_array__type_support.hpp\n'}
[1.981296] (px4_msgs) StdoutLine: {'line': b'-- Up-to-date: /home/rschnurr/SkyClaw-Team1/ros2_ws/install/px4_msgs/include/px4_msgs/px4_msgs/msg/detail/trajectory_setpoint6dof__struct.hpp\n'}
[1.981342] (px4_msgs) StdoutLine: {'line': b'-- Up-to-date: /home/rschnurr/SkyClaw-Team1/ros2_ws/install/px4_msgs/include/px4_msgs/px4_msgs/msg/detail/heater_status__traits.hpp\n'}
[1.981384] (px4_msgs) StdoutLine: {'line': b'-- Up-to-date: /home/rschnurr/SkyClaw-Team1/ros2_ws/install/px4_msgs/include/px4_msgs/px4_msgs/msg/detail/vehicle_local_position_setpoint__type_support.hpp\n'}
[1.981434] (px4_msgs) StdoutLine: {'line': b'-- Up-to-date: /home/rschnurr/SkyClaw-Team1/ros2_ws/install/px4_msgs/include/px4_msgs/px4_msgs/msg/detail/open_drone_id_self_id__type_support.hpp\n'}
[1.981578] (px4_msgs) StdoutLine: {'line': b'-- Up-to-date: /home/rschnurr/SkyClaw-Team1/ros2_ws/install/px4_msgs/include/px4_msgs/px4_msgs/msg/detail/rtl_time_estimate__traits.hpp\n'}
[1.981629] (px4_msgs) StdoutLine: {'line': b'-- Up-to-date: /home/rschnurr/SkyClaw-Team1/ros2_ws/install/px4_msgs/include/px4_msgs/px4_msgs/msg/detail/actuator_servos__builder.hpp\n'}
[1.981671] (px4_msgs) StdoutLine: {'line': b'-- Up-to-date: /home/rschnurr/SkyClaw-Team1/ros2_ws/install/px4_msgs/include/px4_msgs/px4_msgs/msg/detail/estimator_selector_status__traits.hpp\n'}
[1.981710] (px4_msgs) StdoutLine: {'line': b'-- Up-to-date: /home/rschnurr/SkyClaw-Team1/ros2_ws/install/px4_msgs/include/px4_msgs/px4_msgs/msg/detail/transponder_report__type_support.hpp\n'}
[1.981750] (px4_msgs) StdoutLine: {'line': b'-- Up-to-date: /home/rschnurr/SkyClaw-Team1/ros2_ws/install/px4_msgs/include/px4_msgs/px4_msgs/msg/detail/vehicle_local_position__traits.hpp\n'}
[1.981788] (px4_msgs) StdoutLine: {'line': b'-- Up-to-date: /home/rschnurr/SkyClaw-Team1/ros2_ws/install/px4_msgs/include/px4_msgs/px4_msgs/msg/detail/manual_control_setpoint__builder.hpp\n'}
[1.981826] (px4_msgs) StdoutLine: {'line': b'-- Up-to-date: /home/rschnurr/SkyClaw-Team1/ros2_ws/install/px4_msgs/include/px4_msgs/px4_msgs/msg/detail/estimator_aid_source1d__traits.hpp\n'}
[1.981863] (px4_msgs) StdoutLine: {'line': b'-- Up-to-date: /home/rschnurr/SkyClaw-Team1/ros2_ws/install/px4_msgs/include/px4_msgs/px4_msgs/msg/detail/parameter_reset_request__builder.hpp\n'}
[1.981892] (px4_msgs) StdoutLine: {'line': b'-- Up-to-date: /home/rschnurr/SkyClaw-Team1/ros2_ws/install/px4_msgs/include/px4_msgs/px4_msgs/msg/detail/cellular_status__traits.hpp\n'}
[1.981930] (px4_msgs) StdoutLine: {'line': b'-- Up-to-date: /home/rschnurr/SkyClaw-Team1/ros2_ws/install/px4_msgs/include/px4_msgs/px4_msgs/msg/detail/open_drone_id_system__struct.hpp\n'}
[1.982017] (px4_msgs) StdoutLine: {'line': b'-- Up-to-date: /home/rschnurr/SkyClaw-Team1/ros2_ws/install/px4_msgs/include/px4_msgs/px4_msgs/msg/detail/vehicle_magnetometer__traits.hpp\n'}
[1.982128] (px4_msgs) StdoutLine: {'line': b'-- Up-to-date: /home/rschnurr/SkyClaw-Team1/ros2_ws/install/px4_msgs/include/px4_msgs/px4_msgs/msg/detail/vehicle_acceleration__traits.hpp\n'}
[1.982176] (px4_msgs) StdoutLine: {'line': b'-- Up-to-date: /home/rschnurr/SkyClaw-Team1/ros2_ws/install/px4_msgs/include/px4_msgs/px4_msgs/msg/detail/sensor_airflow__struct.hpp\n'}
[1.982211] (px4_msgs) StdoutLine: {'line': b'-- Up-to-date: /home/rschnurr/SkyClaw-Team1/ros2_ws/install/px4_msgs/include/px4_msgs/px4_msgs/msg/detail/tiltrotor_extra_controls__type_support.hpp\n'}
[1.982248] (px4_msgs) StdoutLine: {'line': b'-- Up-to-date: /home/rschnurr/SkyClaw-Team1/ros2_ws/install/px4_msgs/include/px4_msgs/px4_msgs/msg/detail/fixed_wing_longitudinal_setpoint__struct.hpp\n'}
[1.982283] (px4_msgs) StdoutLine: {'line': b'-- Up-to-date: /home/rschnurr/SkyClaw-Team1/ros2_ws/install/px4_msgs/include/px4_msgs/px4_msgs/msg/detail/tecs_status__struct.hpp\n'}
[1.982313] (px4_msgs) StdoutLine: {'line': b'-- Up-to-date: /home/rschnurr/SkyClaw-Team1/ros2_ws/install/px4_msgs/include/px4_msgs/px4_msgs/msg/detail/sensor_preflight_mag__builder.hpp\n'}
[1.982363] (px4_msgs) StdoutLine: {'line': b'-- Up-to-date: /home/rschnurr/SkyClaw-Team1/ros2_ws/install/px4_msgs/include/px4_msgs/px4_msgs/msg/detail/position_setpoint__struct.hpp\n'}
[1.982453] (px4_msgs) StdoutLine: {'line': b'-- Up-to-date: /home/rschnurr/SkyClaw-Team1/ros2_ws/install/px4_msgs/include/px4_msgs/px4_msgs/msg/detail/failsafe_flags__type_support.hpp\n'}
[1.982513] (px4_msgs) StdoutLine: {'line': b'-- Up-to-date: /home/rschnurr/SkyClaw-Team1/ros2_ws/install/px4_msgs/include/px4_msgs/px4_msgs/msg/detail/home_position__builder.hpp\n'}
[1.982566] (px4_msgs) StdoutLine: {'line': b'-- Up-to-date: /home/rschnurr/SkyClaw-Team1/ros2_ws/install/px4_msgs/include/px4_msgs/px4_msgs/msg/detail/fixed_wing_lateral_setpoint__traits.hpp\n'}
[1.982629] (px4_msgs) StdoutLine: {'line': b'-- Up-to-date: /home/rschnurr/SkyClaw-Team1/ros2_ws/install/px4_msgs/include/px4_msgs/px4_msgs/msg/detail/open_drone_id_self_id__builder.hpp\n'}
[1.982708] (px4_msgs) StdoutLine: {'line': b'-- Up-to-date: /home/rschnurr/SkyClaw-Team1/ros2_ws/install/px4_msgs/include/px4_msgs/px4_msgs/msg/detail/navigator_status__type_support.hpp\n'}
[1.982771] (px4_msgs) StdoutLine: {'line': b'-- Up-to-date: /home/rschnurr/SkyClaw-Team1/ros2_ws/install/px4_msgs/include/px4_msgs/px4_msgs/msg/detail/transponder_report__struct.hpp\n'}
[1.982828] (px4_msgs) StdoutLine: {'line': b'-- Up-to-date: /home/rschnurr/SkyClaw-Team1/ros2_ws/install/px4_msgs/include/px4_msgs/px4_msgs/msg/detail/parameter_set_value_request__traits.hpp\n'}
[1.982913] (px4_msgs) StdoutLine: {'line': b'-- Up-to-date: /home/rschnurr/SkyClaw-Team1/ros2_ws/install/px4_msgs/include/px4_msgs/px4_msgs/msg/detail/estimator_aid_source3d__builder.hpp\n'}
[1.982948] (px4_msgs) StdoutLine: {'line': b'-- Up-to-date: /home/rschnurr/SkyClaw-Team1/ros2_ws/install/px4_msgs/include/px4_msgs/px4_msgs/msg/detail/flight_phase_estimation__type_support.hpp\n'}
[1.982986] (px4_msgs) StdoutLine: {'line': b'-- Up-to-date: /home/rschnurr/SkyClaw-Team1/ros2_ws/install/px4_msgs/include/px4_msgs/px4_msgs/msg/detail/hover_thrust_estimate__traits.hpp\n'}
[1.983024] (px4_msgs) StdoutLine: {'line': b'-- Up-to-date: /home/rschnurr/SkyClaw-Team1/ros2_ws/install/px4_msgs/include/px4_msgs/px4_msgs/msg/detail/vehicle_roi__type_support.hpp\n'}
[1.983062] (px4_msgs) StdoutLine: {'line': b'-- Up-to-date: /home/rschnurr/SkyClaw-Team1/ros2_ws/install/px4_msgs/include/px4_msgs/px4_msgs/msg/detail/gpio_in__struct.hpp\n'}
[1.983105] (px4_msgs) StdoutLine: {'line': b'-- Up-to-date: /home/rschnurr/SkyClaw-Team1/ros2_ws/install/px4_msgs/include/px4_msgs/px4_msgs/msg/detail/trajectory_setpoint6dof__traits.hpp\n'}
[1.983191] (px4_msgs) StdoutLine: {'line': b'-- Up-to-date: /home/rschnurr/SkyClaw-Team1/ros2_ws/install/px4_msgs/include/px4_msgs/px4_msgs/msg/detail/fixed_wing_runway_control__traits.hpp\n'}
[1.983249] (px4_msgs) StdoutLine: {'line': b'-- Up-to-date: /home/rschnurr/SkyClaw-Team1/ros2_ws/install/px4_msgs/include/px4_msgs/px4_msgs/msg/detail/transponder_report__builder.hpp\n'}
[1.983294] (px4_msgs) StdoutLine: {'line': b'-- Up-to-date: /home/rschnurr/SkyClaw-Team1/ros2_ws/install/px4_msgs/include/px4_msgs/px4_msgs/msg/detail/vehicle_attitude__struct.hpp\n'}
[1.983378] (px4_msgs) StdoutLine: {'line': b'-- Up-to-date: /home/rschnurr/SkyClaw-Team1/ros2_ws/install/px4_msgs/include/px4_msgs/px4_msgs/msg/detail/sensor_gps__type_support.hpp\n'}
[1.983461] (px4_msgs) StdoutLine: {'line': b'-- Up-to-date: /home/rschnurr/SkyClaw-Team1/ros2_ws/install/px4_msgs/include/px4_msgs/px4_msgs/msg/detail/landing_target_innovations__struct.hpp\n'}
[1.983629] (px4_msgs) StdoutLine: {'line': b'-- Up-to-date: /home/rschnurr/SkyClaw-Team1/ros2_ws/install/px4_msgs/include/px4_msgs/px4_msgs/msg/detail/airspeed_validated__type_support.hpp\n'}
[1.983690] (px4_msgs) StdoutLine: {'line': b'-- Up-to-date: /home/rschnurr/SkyClaw-Team1/ros2_ws/install/px4_msgs/include/px4_msgs/px4_msgs/msg/detail/manual_control_switches__builder.hpp\n'}
[1.983733] (px4_msgs) StdoutLine: {'line': b'-- Up-to-date: /home/rschnurr/SkyClaw-Team1/ros2_ws/install/px4_msgs/include/px4_msgs/px4_msgs/msg/detail/sensors_status__builder.hpp\n'}
[1.983782] (px4_msgs) StdoutLine: {'line': b'-- Up-to-date: /home/rschnurr/SkyClaw-Team1/ros2_ws/install/px4_msgs/include/px4_msgs/px4_msgs/msg/detail/actuator_armed__traits.hpp\n'}
[1.983866] (px4_msgs) StdoutLine: {'line': b'-- Up-to-date: /home/rschnurr/SkyClaw-Team1/ros2_ws/install/px4_msgs/include/px4_msgs/px4_msgs/msg/detail/debug_value__struct.hpp\n'}
[1.983916] (px4_msgs) StdoutLine: {'line': b'-- Up-to-date: /home/rschnurr/SkyClaw-Team1/ros2_ws/install/px4_msgs/include/px4_msgs/px4_msgs/msg/detail/vehicle_odometry__builder.hpp\n'}
[1.983957] (px4_msgs) StdoutLine: {'line': b'-- Up-to-date: /home/rschnurr/SkyClaw-Team1/ros2_ws/install/px4_msgs/include/px4_msgs/px4_msgs/msg/detail/rover_rate_setpoint__struct.hpp\n'}
[1.984012] (px4_msgs) StdoutLine: {'line': b'-- Up-to-date: /home/rschnurr/SkyClaw-Team1/ros2_ws/install/px4_msgs/include/px4_msgs/px4_msgs/msg/detail/gps_dump__struct.hpp\n'}
[1.984109] (px4_msgs) StdoutLine: {'line': b'-- Up-to-date: /home/rschnurr/SkyClaw-Team1/ros2_ws/install/px4_msgs/include/px4_msgs/px4_msgs/msg/detail/health_report__traits.hpp\n'}
[1.984150] (px4_msgs) StdoutLine: {'line': b'-- Up-to-date: /home/rschnurr/SkyClaw-Team1/ros2_ws/install/px4_msgs/include/px4_msgs/px4_msgs/msg/detail/vehicle_imu__type_support.hpp\n'}
[1.984184] (px4_msgs) StdoutLine: {'line': b'-- Up-to-date: /home/rschnurr/SkyClaw-Team1/ros2_ws/install/px4_msgs/include/px4_msgs/px4_msgs/msg/detail/gimbal_device_attitude_status__struct.hpp\n'}
[1.984281] (px4_msgs) StdoutLine: {'line': b'-- Up-to-date: /home/rschnurr/SkyClaw-Team1/ros2_ws/install/px4_msgs/include/px4_msgs/px4_msgs/msg/detail/heater_status__struct.hpp\n'}
[1.984340] (px4_msgs) StdoutLine: {'line': b'-- Up-to-date: /home/rschnurr/SkyClaw-Team1/ros2_ws/install/px4_msgs/include/px4_msgs/px4_msgs/msg/detail/estimator_aid_source3d__traits.hpp\n'}
[1.984396] (px4_msgs) StdoutLine: {'line': b'-- Up-to-date: /home/rschnurr/SkyClaw-Team1/ros2_ws/install/px4_msgs/include/px4_msgs/px4_msgs/msg/detail/rate_ctrl_status__builder.hpp\n'}
[1.984439] (px4_msgs) StdoutLine: {'line': b'-- Up-to-date: /home/rschnurr/SkyClaw-Team1/ros2_ws/install/px4_msgs/include/px4_msgs/px4_msgs/msg/detail/actuator_servos__traits.hpp\n'}
[1.984484] (px4_msgs) StdoutLine: {'line': b'-- Up-to-date: /home/rschnurr/SkyClaw-Team1/ros2_ws/install/px4_msgs/include/px4_msgs/px4_msgs/msg/detail/px4io_status__builder.hpp\n'}
[1.984525] (px4_msgs) StdoutLine: {'line': b'-- Up-to-date: /home/rschnurr/SkyClaw-Team1/ros2_ws/install/px4_msgs/include/px4_msgs/px4_msgs/msg/detail/actuator_servos_trim__builder.hpp\n'}
[1.984606] (px4_msgs) StdoutLine: {'line': b'-- Up-to-date: /home/rschnurr/SkyClaw-Team1/ros2_ws/install/px4_msgs/include/px4_msgs/px4_msgs/msg/detail/tune_control__struct.hpp\n'}
[1.984729] (px4_msgs) StdoutLine: {'line': b'-- Up-to-date: /home/rschnurr/SkyClaw-Team1/ros2_ws/install/px4_msgs/include/px4_msgs/px4_msgs/msg/detail/sensor_gyro__struct.hpp\n'}
[1.984804] (px4_msgs) StdoutLine: {'line': b'-- Up-to-date: /home/rschnurr/SkyClaw-Team1/ros2_ws/install/px4_msgs/include/px4_msgs/px4_msgs/msg/detail/rtl_status__builder.hpp\n'}
[1.984850] (px4_msgs) StdoutLine: {'line': b'-- Up-to-date: /home/rschnurr/SkyClaw-Team1/ros2_ws/install/px4_msgs/include/px4_msgs/px4_msgs/msg/detail/sensors_status_imu__traits.hpp\n'}
[1.984900] (px4_msgs) StdoutLine: {'line': b'-- Up-to-date: /home/rschnurr/SkyClaw-Team1/ros2_ws/install/px4_msgs/include/px4_msgs/px4_msgs/msg/detail/sensor_gyro_fft__builder.hpp\n'}
[1.984942] (px4_msgs) StdoutLine: {'line': b'-- Up-to-date: /home/rschnurr/SkyClaw-Team1/ros2_ws/install/px4_msgs/include/px4_msgs/px4_msgs/msg/detail/sensor_gyro__type_support.hpp\n'}
[1.984980] (px4_msgs) StdoutLine: {'line': b'-- Up-to-date: /home/rschnurr/SkyClaw-Team1/ros2_ws/install/px4_msgs/include/px4_msgs/px4_msgs/msg/detail/follow_target_status__builder.hpp\n'}
[1.985068] (px4_msgs) StdoutLine: {'line': b'-- Up-to-date: /home/rschnurr/SkyClaw-Team1/ros2_ws/install/px4_msgs/include/px4_msgs/px4_msgs/msg/detail/actuator_motors__builder.hpp\n'}
[1.985148] (px4_msgs) StdoutLine: {'line': b'-- Up-to-date: /home/rschnurr/SkyClaw-Team1/ros2_ws/install/px4_msgs/include/px4_msgs/px4_msgs/msg/detail/unregister_ext_component__type_support.hpp\n'}
[1.985214] (px4_msgs) StdoutLine: {'line': b'-- Up-to-date: /home/rschnurr/SkyClaw-Team1/ros2_ws/install/px4_msgs/include/px4_msgs/px4_msgs/msg/detail/estimator_selector_status__type_support.hpp\n'}
[1.985322] (px4_msgs) StdoutLine: {'line': b'-- Up-to-date: /home/rschnurr/SkyClaw-Team1/ros2_ws/install/px4_msgs/include/px4_msgs/px4_msgs/msg/detail/can_interface_status__builder.hpp\n'}
[1.985461] (px4_msgs) StdoutLine: {'line': b'-- Up-to-date: /home/rschnurr/SkyClaw-Team1/ros2_ws/install/px4_msgs/include/px4_msgs/px4_msgs/msg/detail/ping__type_support.hpp\n'}
[1.985520] (px4_msgs) StdoutLine: {'line': b'-- Up-to-date: /home/rschnurr/SkyClaw-Team1/ros2_ws/install/px4_msgs/include/px4_msgs/px4_msgs/msg/detail/power_monitor__builder.hpp\n'}
[1.985574] (px4_msgs) StdoutLine: {'line': b'-- Up-to-date: /home/rschnurr/SkyClaw-Team1/ros2_ws/install/px4_msgs/include/px4_msgs/px4_msgs/msg/detail/pure_pursuit_status__type_support.hpp\n'}
[1.985726] (px4_msgs) StdoutLine: {'line': b'-- Up-to-date: /home/rschnurr/SkyClaw-Team1/ros2_ws/install/px4_msgs/include/px4_msgs/px4_msgs/msg/detail/mavlink_log__struct.hpp\n'}
[1.985796] (px4_msgs) StdoutLine: {'line': b'-- Up-to-date: /home/rschnurr/SkyClaw-Team1/ros2_ws/install/px4_msgs/include/px4_msgs/px4_msgs/msg/detail/gps_inject_data__traits.hpp\n'}
[1.985846] (px4_msgs) StdoutLine: {'line': b'-- Up-to-date: /home/rschnurr/SkyClaw-Team1/ros2_ws/install/px4_msgs/include/px4_msgs/px4_msgs/msg/detail/failure_detector_status__builder.hpp\n'}
[1.985888] (px4_msgs) StdoutLine: {'line': b'-- Up-to-date: /home/rschnurr/SkyClaw-Team1/ros2_ws/install/px4_msgs/include/px4_msgs/px4_msgs/msg/detail/sensor_uwb__traits.hpp\n'}
[1.985929] (px4_msgs) StdoutLine: {'line': b'-- Up-to-date: /home/rschnurr/SkyClaw-Team1/ros2_ws/install/px4_msgs/include/px4_msgs/px4_msgs/msg/detail/vehicle_local_position__struct.hpp\n'}
[1.985967] (px4_msgs) StdoutLine: {'line': b'-- Up-to-date: /home/rschnurr/SkyClaw-Team1/ros2_ws/install/px4_msgs/include/px4_msgs/px4_msgs/msg/detail/ekf2_timestamps__builder.hpp\n'}
[1.986011] (px4_msgs) StdoutLine: {'line': b'-- Up-to-date: /home/rschnurr/SkyClaw-Team1/ros2_ws/install/px4_msgs/include/px4_msgs/px4_msgs/msg/detail/vehicle_roi__traits.hpp\n'}
[1.986054] (px4_msgs) StdoutLine: {'line': b'-- Up-to-date: /home/rschnurr/SkyClaw-Team1/ros2_ws/install/px4_msgs/include/px4_msgs/px4_msgs/msg/detail/sensor_selection__struct.hpp\n'}
[1.986098] (px4_msgs) StdoutLine: {'line': b'-- Up-to-date: /home/rschnurr/SkyClaw-Team1/ros2_ws/install/px4_msgs/include/px4_msgs/px4_msgs/msg/detail/can_interface_status__type_support.hpp\n'}
[1.986141] (px4_msgs) StdoutLine: {'line': b'-- Up-to-date: /home/rschnurr/SkyClaw-Team1/ros2_ws/install/px4_msgs/include/px4_msgs/px4_msgs/msg/detail/normalized_unsigned_setpoint__struct.hpp\n'}
[1.986181] (px4_msgs) StdoutLine: {'line': b'-- Up-to-date: /home/rschnurr/SkyClaw-Team1/ros2_ws/install/px4_msgs/include/px4_msgs/px4_msgs/msg/detail/parameter_set_value_response__builder.hpp\n'}
[1.986233] (px4_msgs) StdoutLine: {'line': b'-- Up-to-date: /home/rschnurr/SkyClaw-Team1/ros2_ws/install/px4_msgs/include/px4_msgs/px4_msgs/msg/detail/action_request__struct.hpp\n'}
[1.986283] (px4_msgs) StdoutLine: {'line': b'-- Up-to-date: /home/rschnurr/SkyClaw-Team1/ros2_ws/install/px4_msgs/include/px4_msgs/px4_msgs/msg/detail/iridiumsbd_status__traits.hpp\n'}
[1.986322] (px4_msgs) StdoutLine: {'line': b'-- Up-to-date: /home/rschnurr/SkyClaw-Team1/ros2_ws/install/px4_msgs/include/px4_msgs/px4_msgs/msg/detail/generator_status__traits.hpp\n'}
[1.986361] (px4_msgs) StdoutLine: {'line': b'-- Up-to-date: /home/rschnurr/SkyClaw-Team1/ros2_ws/install/px4_msgs/include/px4_msgs/px4_msgs/msg/detail/dataman_response__struct.hpp\n'}
[1.986400] (px4_msgs) StdoutLine: {'line': b'-- Up-to-date: /home/rschnurr/SkyClaw-Team1/ros2_ws/install/px4_msgs/include/px4_msgs/px4_msgs/msg/detail/px4io_status__traits.hpp\n'}
[1.986441] (px4_msgs) StdoutLine: {'line': b'-- Up-to-date: /home/rschnurr/SkyClaw-Team1/ros2_ws/install/px4_msgs/include/px4_msgs/px4_msgs/msg/detail/dataman_request__traits.hpp\n'}
[1.986478] (px4_msgs) StdoutLine: {'line': b'-- Up-to-date: /home/rschnurr/SkyClaw-Team1/ros2_ws/install/px4_msgs/include/px4_msgs/px4_msgs/msg/detail/follow_target_estimator__traits.hpp\n'}
[1.986526] (px4_msgs) StdoutLine: {'line': b'-- Up-to-date: /home/rschnurr/SkyClaw-Team1/ros2_ws/install/px4_msgs/include/px4_msgs/px4_msgs/msg/detail/vehicle_magnetometer__struct.hpp\n'}
[1.986602] (px4_msgs) StdoutLine: {'line': b'-- Up-to-date: /home/rschnurr/SkyClaw-Team1/ros2_ws/install/px4_msgs/include/px4_msgs/px4_msgs/msg/detail/rover_throttle_setpoint__struct.hpp\n'}
[1.986715] (px4_msgs) StdoutLine: {'line': b'-- Up-to-date: /home/rschnurr/SkyClaw-Team1/ros2_ws/install/px4_msgs/include/px4_msgs/px4_msgs/msg/detail/rc_parameter_map__traits.hpp\n'}
[1.986803] (px4_msgs) StdoutLine: {'line': b'-- Up-to-date: /home/rschnurr/SkyClaw-Team1/ros2_ws/install/px4_msgs/include/px4_msgs/px4_msgs/msg/detail/actuator_motors__type_support.hpp\n'}
[1.986849] (px4_msgs) StdoutLine: {'line': b'-- Up-to-date: /home/rschnurr/SkyClaw-Team1/ros2_ws/install/px4_msgs/include/px4_msgs/px4_msgs/msg/detail/velocity_limits__traits.hpp\n'}
[1.986891] (px4_msgs) StdoutLine: {'line': b'-- Up-to-date: /home/rschnurr/SkyClaw-Team1/ros2_ws/install/px4_msgs/include/px4_msgs/px4_msgs/msg/detail/fixed_wing_lateral_guidance_status__traits.hpp\n'}
[1.986936] (px4_msgs) StdoutLine: {'line': b'-- Up-to-date: /home/rschnurr/SkyClaw-Team1/ros2_ws/install/px4_msgs/include/px4_msgs/px4_msgs/msg/detail/sensor_accel__type_support.hpp\n'}
[1.986973] (px4_msgs) StdoutLine: {'line': b'-- Up-to-date: /home/rschnurr/SkyClaw-Team1/ros2_ws/install/px4_msgs/include/px4_msgs/px4_msgs/msg/detail/longitudinal_control_configuration__traits.hpp\n'}
[1.987011] (px4_msgs) StdoutLine: {'line': b'-- Up-to-date: /home/rschnurr/SkyClaw-Team1/ros2_ws/install/px4_msgs/include/px4_msgs/px4_msgs/msg/detail/vtol_vehicle_status__builder.hpp\n'}
[1.987048] (px4_msgs) StdoutLine: {'line': b'-- Up-to-date: /home/rschnurr/SkyClaw-Team1/ros2_ws/install/px4_msgs/include/px4_msgs/px4_msgs/msg/detail/rate_ctrl_status__traits.hpp\n'}
[1.987089] (px4_msgs) StdoutLine: {'line': b'-- Up-to-date: /home/rschnurr/SkyClaw-Team1/ros2_ws/install/px4_msgs/include/px4_msgs/px4_msgs/msg/detail/position_controller_status__struct.hpp\n'}
[1.987128] (px4_msgs) StdoutLine: {'line': b'-- Up-to-date: /home/rschnurr/SkyClaw-Team1/ros2_ws/install/px4_msgs/include/px4_msgs/px4_msgs/msg/detail/vehicle_angular_acceleration_setpoint__type_support.hpp\n'}
[1.987169] (px4_msgs) StdoutLine: {'line': b'-- Up-to-date: /home/rschnurr/SkyClaw-Team1/ros2_ws/install/px4_msgs/include/px4_msgs/px4_msgs/msg/detail/estimator_bias__type_support.hpp\n'}
[1.987207] (px4_msgs) StdoutLine: {'line': b'-- Up-to-date: /home/rschnurr/SkyClaw-Team1/ros2_ws/install/px4_msgs/include/px4_msgs/px4_msgs/msg/detail/sensor_hygrometer__traits.hpp\n'}
[1.987244] (px4_msgs) StdoutLine: {'line': b'-- Up-to-date: /home/rschnurr/SkyClaw-Team1/ros2_ws/install/px4_msgs/include/px4_msgs/px4_msgs/msg/detail/rover_speed_status__struct.hpp\n'}
[1.987282] (px4_msgs) StdoutLine: {'line': b'-- Up-to-date: /home/rschnurr/SkyClaw-Team1/ros2_ws/install/px4_msgs/include/px4_msgs/px4_msgs/msg/detail/vehicle_air_data__struct.hpp\n'}
[1.987322] (px4_msgs) StdoutLine: {'line': b'-- Up-to-date: /home/rschnurr/SkyClaw-Team1/ros2_ws/install/px4_msgs/include/px4_msgs/px4_msgs/msg/detail/debug_array__builder.hpp\n'}
[1.987360] (px4_msgs) StdoutLine: {'line': b'-- Up-to-date: /home/rschnurr/SkyClaw-Team1/ros2_ws/install/px4_msgs/include/px4_msgs/px4_msgs/msg/detail/vehicle_attitude_setpoint__builder.hpp\n'}
[1.987399] (px4_msgs) StdoutLine: {'line': b'-- Up-to-date: /home/rschnurr/SkyClaw-Team1/ros2_ws/install/px4_msgs/include/px4_msgs/px4_msgs/msg/detail/neural_control__traits.hpp\n'}
[1.987435] (px4_msgs) StdoutLine: {'line': b'-- Up-to-date: /home/rschnurr/SkyClaw-Team1/ros2_ws/install/px4_msgs/include/px4_msgs/px4_msgs/msg/detail/qshell_retval__traits.hpp\n'}
[1.987476] (px4_msgs) StdoutLine: {'line': b'-- Up-to-date: /home/rschnurr/SkyClaw-Team1/ros2_ws/install/px4_msgs/include/px4_msgs/px4_msgs/msg/detail/irlock_report__type_support.hpp\n'}
[1.987514] (px4_msgs) StdoutLine: {'line': b'-- Up-to-date: /home/rschnurr/SkyClaw-Team1/ros2_ws/install/px4_msgs/include/px4_msgs/px4_msgs/msg/detail/airspeed__type_support.hpp\n'}
[1.987554] (px4_msgs) StdoutLine: {'line': b'-- Up-to-date: /home/rschnurr/SkyClaw-Team1/ros2_ws/install/px4_msgs/include/px4_msgs/px4_msgs/msg/detail/vehicle_roi__struct.hpp\n'}
[1.987593] (px4_msgs) StdoutLine: {'line': b'-- Up-to-date: /home/rschnurr/SkyClaw-Team1/ros2_ws/install/px4_msgs/include/px4_msgs/px4_msgs/msg/detail/sensor_gnss_status__struct.hpp\n'}
[1.987639] (px4_msgs) StdoutLine: {'line': b'-- Up-to-date: /home/rschnurr/SkyClaw-Team1/ros2_ws/install/px4_msgs/include/px4_msgs/px4_msgs/msg/detail/mavlink_tunnel__struct.hpp\n'}
[1.987683] (px4_msgs) StdoutLine: {'line': b'-- Up-to-date: /home/rschnurr/SkyClaw-Team1/ros2_ws/install/px4_msgs/include/px4_msgs/px4_msgs/msg/detail/figure_eight_status__type_support.hpp\n'}
[1.987807] (px4_msgs) StdoutLine: {'line': b'-- Up-to-date: /home/rschnurr/SkyClaw-Team1/ros2_ws/install/px4_msgs/include/px4_msgs/px4_msgs/msg/detail/event__struct.hpp\n'}
[1.987871] (px4_msgs) StdoutLine: {'line': b'-- Up-to-date: /home/rschnurr/SkyClaw-Team1/ros2_ws/install/px4_msgs/include/px4_msgs/px4_msgs/msg/detail/system_power__struct.hpp\n'}
[1.987919] (px4_msgs) StdoutLine: {'line': b'-- Up-to-date: /home/rschnurr/SkyClaw-Team1/ros2_ws/install/px4_msgs/include/px4_msgs/px4_msgs/msg/detail/open_drone_id_arm_status__traits.hpp\n'}
[1.987976] (px4_msgs) StdoutLine: {'line': b'-- Up-to-date: /home/rschnurr/SkyClaw-Team1/ros2_ws/install/px4_msgs/include/px4_msgs/px4_msgs/msg/detail/logger_status__type_support.hpp\n'}
[1.988016] (px4_msgs) StdoutLine: {'line': b'-- Up-to-date: /home/rschnurr/SkyClaw-Team1/ros2_ws/install/px4_msgs/include/px4_msgs/px4_msgs/msg/detail/vehicle_status__struct.hpp\n'}
[1.988058] (px4_msgs) StdoutLine: {'line': b'-- Up-to-date: /home/rschnurr/SkyClaw-Team1/ros2_ws/install/px4_msgs/include/px4_msgs/px4_msgs/msg/detail/orb_test__struct.hpp\n'}
[1.988097] (px4_msgs) StdoutLine: {'line': b'-- Up-to-date: /home/rschnurr/SkyClaw-Team1/ros2_ws/install/px4_msgs/include/px4_msgs/px4_msgs/msg/detail/distance_sensor_mode_change_request__traits.hpp\n'}
[1.988137] (px4_msgs) StdoutLine: {'line': b'-- Up-to-date: /home/rschnurr/SkyClaw-Team1/ros2_ws/install/px4_msgs/include/px4_msgs/px4_msgs/msg/detail/gpio_request__struct.hpp\n'}
[1.988176] (px4_msgs) StdoutLine: {'line': b'-- Up-to-date: /home/rschnurr/SkyClaw-Team1/ros2_ws/install/px4_msgs/include/px4_msgs/px4_msgs/msg/detail/actuator_outputs__struct.hpp\n'}
[1.988215] (px4_msgs) StdoutLine: {'line': b'-- Up-to-date: /home/rschnurr/SkyClaw-Team1/ros2_ws/install/px4_msgs/include/px4_msgs/px4_msgs/msg/detail/button_event__builder.hpp\n'}
[1.988254] (px4_msgs) StdoutLine: {'line': b'-- Up-to-date: /home/rschnurr/SkyClaw-Team1/ros2_ws/install/px4_msgs/include/px4_msgs/px4_msgs/msg/detail/ulog_stream__struct.hpp\n'}
[1.988292] (px4_msgs) StdoutLine: {'line': b'-- Up-to-date: /home/rschnurr/SkyClaw-Team1/ros2_ws/install/px4_msgs/include/px4_msgs/px4_msgs/msg/detail/mag_worker_data__type_support.hpp\n'}
[1.988331] (px4_msgs) StdoutLine: {'line': b'-- Up-to-date: /home/rschnurr/SkyClaw-Team1/ros2_ws/install/px4_msgs/include/px4_msgs/px4_msgs/msg/detail/gimbal_device_set_attitude__struct.hpp\n'}
[1.988371] (px4_msgs) StdoutLine: {'line': b'-- Up-to-date: /home/rschnurr/SkyClaw-Team1/ros2_ws/install/px4_msgs/include/px4_msgs/px4_msgs/msg/detail/orbit_status__struct.hpp\n'}
[1.988408] (px4_msgs) StdoutLine: {'line': b'-- Up-to-date: /home/rschnurr/SkyClaw-Team1/ros2_ws/install/px4_msgs/include/px4_msgs/px4_msgs/msg/detail/estimator_status_flags__traits.hpp\n'}
[1.988446] (px4_msgs) StdoutLine: {'line': b'-- Up-to-date: /home/rschnurr/SkyClaw-Team1/ros2_ws/install/px4_msgs/include/px4_msgs/px4_msgs/msg/detail/message_format_response__type_support.hpp\n'}
[1.988526] (px4_msgs) StdoutLine: {'line': b'-- Up-to-date: /home/rschnurr/SkyClaw-Team1/ros2_ws/install/px4_msgs/include/px4_msgs/px4_msgs/msg/detail/mode_completed__struct.hpp\n'}
[1.988590] (px4_msgs) StdoutLine: {'line': b'-- Up-to-date: /home/rschnurr/SkyClaw-Team1/ros2_ws/install/px4_msgs/include/px4_msgs/px4_msgs/msg/detail/vehicle_global_position__builder.hpp\n'}
[1.988676] (px4_msgs) StdoutLine: {'line': b'-- Up-to-date: /home/rschnurr/SkyClaw-Team1/ros2_ws/install/px4_msgs/include/px4_msgs/px4_msgs/msg/detail/control_allocator_status__traits.hpp\n'}
[1.988738] (px4_msgs) StdoutLine: {'line': b'-- Up-to-date: /home/rschnurr/SkyClaw-Team1/ros2_ws/install/px4_msgs/include/px4_msgs/px4_msgs/msg/detail/estimator_selector_status__struct.hpp\n'}
[1.988787] (px4_msgs) StdoutLine: {'line': b'-- Up-to-date: /home/rschnurr/SkyClaw-Team1/ros2_ws/install/px4_msgs/include/px4_msgs/px4_msgs/msg/detail/airspeed_wind__traits.hpp\n'}
[1.988839] (px4_msgs) StdoutLine: {'line': b'-- Up-to-date: /home/rschnurr/SkyClaw-Team1/ros2_ws/install/px4_msgs/include/px4_msgs/px4_msgs/msg/detail/task_stack_info__builder.hpp\n'}
[1.988887] (px4_msgs) StdoutLine: {'line': b'-- Up-to-date: /home/rschnurr/SkyClaw-Team1/ros2_ws/install/px4_msgs/include/px4_msgs/px4_msgs/msg/detail/actuator_motors__struct.hpp\n'}
[1.988929] (px4_msgs) StdoutLine: {'line': b'-- Up-to-date: /home/rschnurr/SkyClaw-Team1/ros2_ws/install/px4_msgs/include/px4_msgs/px4_msgs/msg/detail/tune_control__traits.hpp\n'}
[1.988981] (px4_msgs) StdoutLine: {'line': b'-- Up-to-date: /home/rschnurr/SkyClaw-Team1/ros2_ws/install/px4_msgs/include/px4_msgs/px4_msgs/msg/detail/message_format_response__struct.hpp\n'}
[1.989036] (px4_msgs) StdoutLine: {'line': b'-- Up-to-date: /home/rschnurr/SkyClaw-Team1/ros2_ws/install/px4_msgs/include/px4_msgs/px4_msgs/msg/detail/cpuload__struct.hpp\n'}
[1.989074] (px4_msgs) StdoutLine: {'line': b'-- Up-to-date: /home/rschnurr/SkyClaw-Team1/ros2_ws/install/px4_msgs/include/px4_msgs/px4_msgs/msg/detail/actuator_test__type_support.hpp\n'}
[1.989110] (px4_msgs) StdoutLine: {'line': b'-- Up-to-date: /home/rschnurr/SkyClaw-Team1/ros2_ws/install/px4_msgs/include/px4_msgs/px4_msgs/msg/detail/task_stack_info__struct.hpp\n'}
[1.989151] (px4_msgs) StdoutLine: {'line': b'-- Up-to-date: /home/rschnurr/SkyClaw-Team1/ros2_ws/install/px4_msgs/include/px4_msgs/px4_msgs/msg/detail/orb_test_large__traits.hpp\n'}
[1.989191] (px4_msgs) StdoutLine: {'line': b'-- Up-to-date: /home/rschnurr/SkyClaw-Team1/ros2_ws/install/px4_msgs/include/px4_msgs/px4_msgs/msg/detail/vehicle_global_position__traits.hpp\n'}
[1.989230] (px4_msgs) StdoutLine: {'line': b'-- Up-to-date: /home/rschnurr/SkyClaw-Team1/ros2_ws/install/px4_msgs/include/px4_msgs/px4_msgs/msg/detail/vehicle_thrust_setpoint__struct.hpp\n'}
[1.989269] (px4_msgs) StdoutLine: {'line': b'-- Up-to-date: /home/rschnurr/SkyClaw-Team1/ros2_ws/install/px4_msgs/include/px4_msgs/px4_msgs/msg/detail/parameter_reset_request__traits.hpp\n'}
[1.989309] (px4_msgs) StdoutLine: {'line': b'-- Up-to-date: /home/rschnurr/SkyClaw-Team1/ros2_ws/install/px4_msgs/include/px4_msgs/px4_msgs/msg/detail/can_interface_status__traits.hpp\n'}
[1.989369] (px4_msgs) StdoutLine: {'line': b'-- Up-to-date: /home/rschnurr/SkyClaw-Team1/ros2_ws/install/px4_msgs/include/px4_msgs/px4_msgs/msg/detail/actuator_servos_trim__struct.hpp\n'}
[1.989458] (px4_msgs) StdoutLine: {'line': b'-- Up-to-date: /home/rschnurr/SkyClaw-Team1/ros2_ws/install/px4_msgs/include/px4_msgs/px4_msgs/msg/detail/input_rc__builder.hpp\n'}
[1.989508] (px4_msgs) StdoutLine: {'line': b'-- Up-to-date: /home/rschnurr/SkyClaw-Team1/ros2_ws/install/px4_msgs/include/px4_msgs/px4_msgs/msg/detail/orb_test__traits.hpp\n'}
[1.989629] (px4_msgs) StdoutLine: {'line': b'-- Up-to-date: /home/rschnurr/SkyClaw-Team1/ros2_ws/install/px4_msgs/include/px4_msgs/px4_msgs/msg/detail/gripper__type_support.hpp\n'}
[1.989684] (px4_msgs) StdoutLine: {'line': b'-- Up-to-date: /home/rschnurr/SkyClaw-Team1/ros2_ws/install/px4_msgs/include/px4_msgs/px4_msgs/msg/detail/sensor_accel__traits.hpp\n'}
[1.989727] (px4_msgs) StdoutLine: {'line': b'-- Up-to-date: /home/rschnurr/SkyClaw-Team1/ros2_ws/install/px4_msgs/include/px4_msgs/px4_msgs/msg/detail/debug_array__traits.hpp\n'}
[1.989766] (px4_msgs) StdoutLine: {'line': b'-- Up-to-date: /home/rschnurr/SkyClaw-Team1/ros2_ws/install/px4_msgs/include/px4_msgs/px4_msgs/msg/detail/landing_gear__traits.hpp\n'}
[1.989875] (px4_msgs) StdoutLine: {'line': b'-- Up-to-date: /home/rschnurr/SkyClaw-Team1/ros2_ws/install/px4_msgs/include/px4_msgs/px4_msgs/msg/detail/vehicle_attitude_setpoint__type_support.hpp\n'}
[1.989935] (px4_msgs) StdoutLine: {'line': b'-- Up-to-date: /home/rschnurr/SkyClaw-Team1/ros2_ws/install/px4_msgs/include/px4_msgs/px4_msgs/msg/detail/follow_target_status__struct.hpp\n'}
[1.989979] (px4_msgs) StdoutLine: {'line': b'-- Up-to-date: /home/rschnurr/SkyClaw-Team1/ros2_ws/install/px4_msgs/include/px4_msgs/px4_msgs/msg/detail/rtl_status__struct.hpp\n'}
[1.990033] (px4_msgs) StdoutLine: {'line': b'-- Up-to-date: /home/rschnurr/SkyClaw-Team1/ros2_ws/install/px4_msgs/include/px4_msgs/px4_msgs/msg/detail/onboard_computer_status__traits.hpp\n'}
[1.990074] (px4_msgs) StdoutLine: {'line': b'-- Up-to-date: /home/rschnurr/SkyClaw-Team1/ros2_ws/install/px4_msgs/include/px4_msgs/px4_msgs/msg/detail/vehicle_global_position__type_support.hpp\n'}
[1.990113] (px4_msgs) StdoutLine: {'line': b'-- Up-to-date: /home/rschnurr/SkyClaw-Team1/ros2_ws/install/px4_msgs/include/px4_msgs/px4_msgs/msg/detail/differential_pressure__struct.hpp\n'}
[1.990150] (px4_msgs) StdoutLine: {'line': b'-- Up-to-date: /home/rschnurr/SkyClaw-Team1/ros2_ws/install/px4_msgs/include/px4_msgs/px4_msgs/msg/detail/home_position__traits.hpp\n'}
[1.990187] (px4_msgs) StdoutLine: {'line': b'-- Up-to-date: /home/rschnurr/SkyClaw-Team1/ros2_ws/install/px4_msgs/include/px4_msgs/px4_msgs/msg/detail/irlock_report__traits.hpp\n'}
[1.990225] (px4_msgs) StdoutLine: {'line': b'-- Up-to-date: /home/rschnurr/SkyClaw-Team1/ros2_ws/install/px4_msgs/include/px4_msgs/px4_msgs/msg/detail/system_power__type_support.hpp\n'}
[1.990261] (px4_msgs) StdoutLine: {'line': b'-- Up-to-date: /home/rschnurr/SkyClaw-Team1/ros2_ws/install/px4_msgs/include/px4_msgs/px4_msgs/msg/detail/register_ext_component_reply__type_support.hpp\n'}
[1.990305] (px4_msgs) StdoutLine: {'line': b'-- Up-to-date: /home/rschnurr/SkyClaw-Team1/ros2_ws/install/px4_msgs/include/px4_msgs/px4_msgs/msg/detail/vehicle_acceleration__type_support.hpp\n'}
[1.990342] (px4_msgs) StdoutLine: {'line': b'-- Up-to-date: /home/rschnurr/SkyClaw-Team1/ros2_ws/install/px4_msgs/include/px4_msgs/px4_msgs/msg/detail/gpio_in__type_support.hpp\n'}
[1.990379] (px4_msgs) StdoutLine: {'line': b'-- Up-to-date: /home/rschnurr/SkyClaw-Team1/ros2_ws/install/px4_msgs/include/px4_msgs/px4_msgs/msg/detail/sensor_accel_fifo__type_support.hpp\n'}
[1.990415] (px4_msgs) StdoutLine: {'line': b'-- Up-to-date: /home/rschnurr/SkyClaw-Team1/ros2_ws/install/px4_msgs/include/px4_msgs/px4_msgs/msg/detail/message_format_request__struct.hpp\n'}
[1.990452] (px4_msgs) StdoutLine: {'line': b'-- Up-to-date: /home/rschnurr/SkyClaw-Team1/ros2_ws/install/px4_msgs/include/px4_msgs/px4_msgs/msg/detail/open_drone_id_system__builder.hpp\n'}
[1.990488] (px4_msgs) StdoutLine: {'line': b'-- Up-to-date: /home/rschnurr/SkyClaw-Team1/ros2_ws/install/px4_msgs/include/px4_msgs/px4_msgs/msg/detail/open_drone_id_operator_id__builder.hpp\n'}
[1.990526] (px4_msgs) StdoutLine: {'line': b'-- Up-to-date: /home/rschnurr/SkyClaw-Team1/ros2_ws/install/px4_msgs/include/px4_msgs/px4_msgs/msg/detail/geofence_status__traits.hpp\n'}
[1.990564] (px4_msgs) StdoutLine: {'line': b'-- Up-to-date: /home/rschnurr/SkyClaw-Team1/ros2_ws/install/px4_msgs/include/px4_msgs/px4_msgs/msg/detail/follow_target__struct.hpp\n'}
[1.990600] (px4_msgs) StdoutLine: {'line': b'-- Up-to-date: /home/rschnurr/SkyClaw-Team1/ros2_ws/install/px4_msgs/include/px4_msgs/px4_msgs/msg/detail/mission_result__type_support.hpp\n'}
[1.990637] (px4_msgs) StdoutLine: {'line': b'-- Up-to-date: /home/rschnurr/SkyClaw-Team1/ros2_ws/install/px4_msgs/include/px4_msgs/px4_msgs/msg/detail/sensor_mag__struct.hpp\n'}
[1.990674] (px4_msgs) StdoutLine: {'line': b'-- Up-to-date: /home/rschnurr/SkyClaw-Team1/ros2_ws/install/px4_msgs/include/px4_msgs/px4_msgs/msg/detail/fixed_wing_runway_control__builder.hpp\n'}
[1.990750] (px4_msgs) StdoutLine: {'line': b'-- Up-to-date: /home/rschnurr/SkyClaw-Team1/ros2_ws/install/px4_msgs/include/px4_msgs/px4_msgs/msg/detail/takeoff_status__type_support.hpp\n'}
[1.990809] (px4_msgs) StdoutLine: {'line': b'-- Up-to-date: /home/rschnurr/SkyClaw-Team1/ros2_ws/install/px4_msgs/include/px4_msgs/px4_msgs/msg/detail/parameter_set_value_response__type_support.hpp\n'}
[1.990866] (px4_msgs) StdoutLine: {'line': b'-- Up-to-date: /home/rschnurr/SkyClaw-Team1/ros2_ws/install/px4_msgs/include/px4_msgs/px4_msgs/msg/detail/power_button_state__traits.hpp\n'}
[1.990906] (px4_msgs) StdoutLine: {'line': b'-- Up-to-date: /home/rschnurr/SkyClaw-Team1/ros2_ws/install/px4_msgs/include/px4_msgs/px4_msgs/msg/detail/orb_test__builder.hpp\n'}
[1.990948] (px4_msgs) StdoutLine: {'line': b'-- Up-to-date: /home/rschnurr/SkyClaw-Team1/ros2_ws/install/px4_msgs/include/px4_msgs/px4_msgs/msg/detail/pwm_input__builder.hpp\n'}
[1.990985] (px4_msgs) StdoutLine: {'line': b'-- Up-to-date: /home/rschnurr/SkyClaw-Team1/ros2_ws/install/px4_msgs/include/px4_msgs/px4_msgs/msg/detail/debug_key_value__traits.hpp\n'}
[1.991023] (px4_msgs) StdoutLine: {'line': b'-- Up-to-date: /home/rschnurr/SkyClaw-Team1/ros2_ws/install/px4_msgs/include/px4_msgs/px4_msgs/msg/detail/navigator_status__traits.hpp\n'}
[1.991065] (px4_msgs) StdoutLine: {'line': b'-- Up-to-date: /home/rschnurr/SkyClaw-Team1/ros2_ws/install/px4_msgs/include/px4_msgs/px4_msgs/msg/detail/open_drone_id_arm_status__builder.hpp\n'}
[1.991106] (px4_msgs) StdoutLine: {'line': b'-- Up-to-date: /home/rschnurr/SkyClaw-Team1/ros2_ws/install/px4_msgs/include/px4_msgs/px4_msgs/msg/detail/cellular_status__type_support.hpp\n'}
[1.991147] (px4_msgs) StdoutLine: {'line': b'-- Up-to-date: /home/rschnurr/SkyClaw-Team1/ros2_ws/install/px4_msgs/include/px4_msgs/px4_msgs/msg/detail/internal_combustion_engine_control__type_support.hpp\n'}
[1.991187] (px4_msgs) StdoutLine: {'line': b'-- Up-to-date: /home/rschnurr/SkyClaw-Team1/ros2_ws/install/px4_msgs/include/px4_msgs/px4_msgs/msg/detail/arming_check_reply__traits.hpp\n'}
[1.991224] (px4_msgs) StdoutLine: {'line': b'-- Up-to-date: /home/rschnurr/SkyClaw-Team1/ros2_ws/install/px4_msgs/include/px4_msgs/px4_msgs/msg/detail/vehicle_angular_velocity__traits.hpp\n'}
[1.991263] (px4_msgs) StdoutLine: {'line': b'-- Up-to-date: /home/rschnurr/SkyClaw-Team1/ros2_ws/install/px4_msgs/include/px4_msgs/px4_msgs/msg/detail/collision_constraints__traits.hpp\n'}
[1.991303] (px4_msgs) StdoutLine: {'line': b'-- Up-to-date: /home/rschnurr/SkyClaw-Team1/ros2_ws/install/px4_msgs/include/px4_msgs/px4_msgs/msg/detail/tiltrotor_extra_controls__traits.hpp\n'}
[1.991345] (px4_msgs) StdoutLine: {'line': b'-- Up-to-date: /home/rschnurr/SkyClaw-Team1/ros2_ws/install/px4_msgs/include/px4_msgs/px4_msgs/msg/detail/task_stack_info__type_support.hpp\n'}
[1.991381] (px4_msgs) StdoutLine: {'line': b'-- Up-to-date: /home/rschnurr/SkyClaw-Team1/ros2_ws/install/px4_msgs/include/px4_msgs/px4_msgs/msg/detail/vehicle_angular_acceleration_setpoint__struct.hpp\n'}
[1.991421] (px4_msgs) StdoutLine: {'line': b'-- Up-to-date: /home/rschnurr/SkyClaw-Team1/ros2_ws/install/px4_msgs/include/px4_msgs/px4_msgs/msg/detail/esc_report__type_support.hpp\n'}
[1.991465] (px4_msgs) StdoutLine: {'line': b'-- Up-to-date: /home/rschnurr/SkyClaw-Team1/ros2_ws/install/px4_msgs/include/px4_msgs/px4_msgs/msg/detail/landing_gear_wheel__builder.hpp\n'}
[1.991508] (px4_msgs) StdoutLine: {'line': b'-- Up-to-date: /home/rschnurr/SkyClaw-Team1/ros2_ws/install/px4_msgs/include/px4_msgs/px4_msgs/msg/detail/geofence_status__type_support.hpp\n'}
[1.991550] (px4_msgs) StdoutLine: {'line': b'-- Up-to-date: /home/rschnurr/SkyClaw-Team1/ros2_ws/install/px4_msgs/include/px4_msgs/px4_msgs/msg/detail/parameter_set_value_request__builder.hpp\n'}
[1.991591] (px4_msgs) StdoutLine: {'line': b'-- Up-to-date: /home/rschnurr/SkyClaw-Team1/ros2_ws/install/px4_msgs/include/px4_msgs/px4_msgs/msg/detail/geofence_result__builder.hpp\n'}
[1.991629] (px4_msgs) StdoutLine: {'line': b'-- Up-to-date: /home/rschnurr/SkyClaw-Team1/ros2_ws/install/px4_msgs/include/px4_msgs/px4_msgs/msg/detail/rover_rate_setpoint__type_support.hpp\n'}
[1.991672] (px4_msgs) StdoutLine: {'line': b'-- Up-to-date: /home/rschnurr/SkyClaw-Team1/ros2_ws/install/px4_msgs/include/px4_msgs/px4_msgs/msg/detail/rc_channels__builder.hpp\n'}
[1.991714] (px4_msgs) StdoutLine: {'line': b'-- Up-to-date: /home/rschnurr/SkyClaw-Team1/ros2_ws/install/px4_msgs/include/px4_msgs/px4_msgs/msg/detail/gimbal_manager_information__traits.hpp\n'}
[1.991755] (px4_msgs) StdoutLine: {'line': b'-- Up-to-date: /home/rschnurr/SkyClaw-Team1/ros2_ws/install/px4_msgs/include/px4_msgs/px4_msgs/msg/detail/rpm__struct.hpp\n'}
[1.991798] (px4_msgs) StdoutLine: {'line': b'-- Up-to-date: /home/rschnurr/SkyClaw-Team1/ros2_ws/install/px4_msgs/include/px4_msgs/px4_msgs/msg/detail/pure_pursuit_status__builder.hpp\n'}
[1.991953] (px4_msgs) StdoutLine: {'line': b'-- Up-to-date: /home/rschnurr/SkyClaw-Team1/ros2_ws/install/px4_msgs/include/px4_msgs/px4_msgs/msg/detail/longitudinal_control_configuration__struct.hpp\n'}
[1.992064] (px4_msgs) StdoutLine: {'line': b'-- Up-to-date: /home/rschnurr/SkyClaw-Team1/ros2_ws/install/px4_msgs/include/px4_msgs/px4_msgs/msg/detail/config_overrides__struct.hpp\n'}
[1.992126] (px4_msgs) StdoutLine: {'line': b'-- Up-to-date: /home/rschnurr/SkyClaw-Team1/ros2_ws/install/px4_msgs/include/px4_msgs/px4_msgs/msg/detail/sensor_gyro_fft__traits.hpp\n'}
[1.992170] (px4_msgs) StdoutLine: {'line': b'-- Up-to-date: /home/rschnurr/SkyClaw-Team1/ros2_ws/install/px4_msgs/include/px4_msgs/px4_msgs/msg/detail/gimbal_manager_set_manual_control__builder.hpp\n'}
[1.992211] (px4_msgs) StdoutLine: {'line': b'-- Up-to-date: /home/rschnurr/SkyClaw-Team1/ros2_ws/install/px4_msgs/include/px4_msgs/px4_msgs/msg/detail/vehicle_torque_setpoint__builder.hpp\n'}
[1.992263] (px4_msgs) StdoutLine: {'line': b'-- Up-to-date: /home/rschnurr/SkyClaw-Team1/ros2_ws/install/px4_msgs/include/px4_msgs/px4_msgs/msg/detail/rover_steering_setpoint__traits.hpp\n'}
[1.992300] (px4_msgs) StdoutLine: {'line': b'-- Up-to-date: /home/rschnurr/SkyClaw-Team1/ros2_ws/install/px4_msgs/include/px4_msgs/px4_msgs/msg/detail/fixed_wing_lateral_status__traits.hpp\n'}
[1.992342] (px4_msgs) StdoutLine: {'line': b'-- Up-to-date: /home/rschnurr/SkyClaw-Team1/ros2_ws/install/px4_msgs/include/px4_msgs/px4_msgs/msg/detail/config_overrides__builder.hpp\n'}
[1.992383] (px4_msgs) StdoutLine: {'line': b'-- Up-to-date: /home/rschnurr/SkyClaw-Team1/ros2_ws/install/px4_msgs/include/px4_msgs/px4_msgs/msg/detail/rover_position_setpoint__struct.hpp\n'}
[1.992427] (px4_msgs) StdoutLine: {'line': b'-- Up-to-date: /home/rschnurr/SkyClaw-Team1/ros2_ws/install/px4_msgs/include/px4_msgs/px4_msgs/msg/detail/yaw_estimator_status__struct.hpp\n'}
[1.992467] (px4_msgs) StdoutLine: {'line': b'-- Up-to-date: /home/rschnurr/SkyClaw-Team1/ros2_ws/install/px4_msgs/include/px4_msgs/px4_msgs/msg/detail/ulog_stream__type_support.hpp\n'}
[1.992507] (px4_msgs) StdoutLine: {'line': b'-- Up-to-date: /home/rschnurr/SkyClaw-Team1/ros2_ws/install/px4_msgs/include/px4_msgs/px4_msgs/msg/detail/sensor_gnss_status__traits.hpp\n'}
[1.992547] (px4_msgs) StdoutLine: {'line': b'-- Up-to-date: /home/rschnurr/SkyClaw-Team1/ros2_ws/install/px4_msgs/include/px4_msgs/px4_msgs/msg/detail/estimator_selector_status__builder.hpp\n'}
[1.992586] (px4_msgs) StdoutLine: {'line': b'-- Up-to-date: /home/rschnurr/SkyClaw-Team1/ros2_ws/install/px4_msgs/include/px4_msgs/px4_msgs/msg/detail/sensor_optical_flow__struct.hpp\n'}
[1.992626] (px4_msgs) StdoutLine: {'line': b'-- Up-to-date: /home/rschnurr/SkyClaw-Team1/ros2_ws/install/px4_msgs/include/px4_msgs/px4_msgs/msg/detail/actuator_outputs__builder.hpp\n'}
[1.992665] (px4_msgs) StdoutLine: {'line': b'-- Up-to-date: /home/rschnurr/SkyClaw-Team1/ros2_ws/install/px4_msgs/include/px4_msgs/px4_msgs/msg/detail/gpio_request__type_support.hpp\n'}
[1.992703] (px4_msgs) StdoutLine: {'line': b'-- Up-to-date: /home/rschnurr/SkyClaw-Team1/ros2_ws/install/px4_msgs/include/px4_msgs/px4_msgs/msg/detail/position_controller_status__type_support.hpp\n'}
[1.992743] (px4_msgs) StdoutLine: {'line': b'-- Up-to-date: /home/rschnurr/SkyClaw-Team1/ros2_ws/install/px4_msgs/include/px4_msgs/px4_msgs/msg/detail/arming_check_request__struct.hpp\n'}
[1.992825] (px4_msgs) StdoutLine: {'line': b'-- Up-to-date: /home/rschnurr/SkyClaw-Team1/ros2_ws/install/px4_msgs/include/px4_msgs/px4_msgs/msg/detail/ping__traits.hpp\n'}
[1.992890] (px4_msgs) StdoutLine: {'line': b'-- Up-to-date: /home/rschnurr/SkyClaw-Team1/ros2_ws/install/px4_msgs/include/px4_msgs/px4_msgs/msg/detail/generator_status__builder.hpp\n'}
[1.992937] (px4_msgs) StdoutLine: {'line': b'-- Up-to-date: /home/rschnurr/SkyClaw-Team1/ros2_ws/install/px4_msgs/include/px4_msgs/px4_msgs/msg/detail/internal_combustion_engine_control__builder.hpp\n'}
[1.992983] (px4_msgs) StdoutLine: {'line': b'-- Up-to-date: /home/rschnurr/SkyClaw-Team1/ros2_ws/install/px4_msgs/include/px4_msgs/px4_msgs/msg/detail/orb_test_medium__type_support.hpp\n'}
[1.993041] (px4_msgs) StdoutLine: {'line': b'-- Up-to-date: /home/rschnurr/SkyClaw-Team1/ros2_ws/install/px4_msgs/include/px4_msgs/px4_msgs/msg/detail/sensors_status__struct.hpp\n'}
[1.993092] (px4_msgs) StdoutLine: {'line': b'-- Up-to-date: /home/rschnurr/SkyClaw-Team1/ros2_ws/install/px4_msgs/include/px4_msgs/px4_msgs/msg/detail/sensor_gyro_fifo__traits.hpp\n'}
[1.993132] (px4_msgs) StdoutLine: {'line': b'-- Up-to-date: /home/rschnurr/SkyClaw-Team1/ros2_ws/install/px4_msgs/include/px4_msgs/px4_msgs/msg/detail/esc_status__traits.hpp\n'}
[1.993175] (px4_msgs) StdoutLine: {'line': b'-- Up-to-date: /home/rschnurr/SkyClaw-Team1/ros2_ws/install/px4_msgs/include/px4_msgs/px4_msgs/msg/detail/dataman_response__builder.hpp\n'}
[1.993215] (px4_msgs) StdoutLine: {'line': b'-- Up-to-date: /home/rschnurr/SkyClaw-Team1/ros2_ws/install/px4_msgs/include/px4_msgs/px4_msgs/msg/detail/lateral_control_configuration__type_support.hpp\n'}
[1.993254] (px4_msgs) StdoutLine: {'line': b'-- Up-to-date: /home/rschnurr/SkyClaw-Team1/ros2_ws/install/px4_msgs/include/px4_msgs/px4_msgs/msg/detail/gpio_out__traits.hpp\n'}
[1.993293] (px4_msgs) StdoutLine: {'line': b'-- Up-to-date: /home/rschnurr/SkyClaw-Team1/ros2_ws/install/px4_msgs/include/px4_msgs/px4_msgs/msg/detail/estimator_aid_source2d__builder.hpp\n'}
[1.993333] (px4_msgs) StdoutLine: {'line': b'-- Up-to-date: /home/rschnurr/SkyClaw-Team1/ros2_ws/install/px4_msgs/include/px4_msgs/px4_msgs/msg/detail/vehicle_imu_status__struct.hpp\n'}
[1.993372] (px4_msgs) StdoutLine: {'line': b'-- Up-to-date: /home/rschnurr/SkyClaw-Team1/ros2_ws/install/px4_msgs/include/px4_msgs/px4_msgs/msg/detail/vehicle_acceleration__builder.hpp\n'}
[1.993410] (px4_msgs) StdoutLine: {'line': b'-- Up-to-date: /home/rschnurr/SkyClaw-Team1/ros2_ws/install/px4_msgs/include/px4_msgs/px4_msgs/msg/detail/sensor_baro__type_support.hpp\n'}
[1.993449] (px4_msgs) StdoutLine: {'line': b'-- Up-to-date: /home/rschnurr/SkyClaw-Team1/ros2_ws/install/px4_msgs/include/px4_msgs/px4_msgs/msg/detail/launch_detection_status__struct.hpp\n'}
[1.993492] (px4_msgs) StdoutLine: {'line': b'-- Up-to-date: /home/rschnurr/SkyClaw-Team1/ros2_ws/install/px4_msgs/include/px4_msgs/px4_msgs/msg/detail/rover_speed_setpoint__type_support.hpp\n'}
[1.993536] (px4_msgs) StdoutLine: {'line': b'-- Up-to-date: /home/rschnurr/SkyClaw-Team1/ros2_ws/install/px4_msgs/include/px4_msgs/px4_msgs/msg/detail/vehicle_thrust_setpoint__traits.hpp\n'}
[1.993585] (px4_msgs) StdoutLine: {'line': b'-- Up-to-date: /home/rschnurr/SkyClaw-Team1/ros2_ws/install/px4_msgs/include/px4_msgs/px4_msgs/msg/detail/rtl_time_estimate__type_support.hpp\n'}
[1.993627] (px4_msgs) StdoutLine: {'line': b'-- Up-to-date: /home/rschnurr/SkyClaw-Team1/ros2_ws/install/px4_msgs/include/px4_msgs/px4_msgs/msg/detail/estimator_gps_status__type_support.hpp\n'}
[1.993671] (px4_msgs) StdoutLine: {'line': b'-- Up-to-date: /home/rschnurr/SkyClaw-Team1/ros2_ws/install/px4_msgs/include/px4_msgs/px4_msgs/msg/detail/neural_control__struct.hpp\n'}
[1.993712] (px4_msgs) StdoutLine: {'line': b'-- Up-to-date: /home/rschnurr/SkyClaw-Team1/ros2_ws/install/px4_msgs/include/px4_msgs/px4_msgs/msg/detail/gps_inject_data__builder.hpp\n'}
[1.993754] (px4_msgs) StdoutLine: {'line': b'-- Up-to-date: /home/rschnurr/SkyClaw-Team1/ros2_ws/install/px4_msgs/include/px4_msgs/px4_msgs/msg/detail/power_button_state__struct.hpp\n'}
[1.993795] (px4_msgs) StdoutLine: {'line': b'-- Up-to-date: /home/rschnurr/SkyClaw-Team1/ros2_ws/install/px4_msgs/include/px4_msgs/px4_msgs/msg/detail/ulog_stream__traits.hpp\n'}
[1.993840] (px4_msgs) StdoutLine: {'line': b'-- Up-to-date: /home/rschnurr/SkyClaw-Team1/ros2_ws/install/px4_msgs/include/px4_msgs/px4_msgs/msg/detail/gimbal_manager_set_attitude__traits.hpp\n'}
[1.993883] (px4_msgs) StdoutLine: {'line': b'-- Up-to-date: /home/rschnurr/SkyClaw-Team1/ros2_ws/install/px4_msgs/include/px4_msgs/px4_msgs/msg/detail/telemetry_status__builder.hpp\n'}
[1.994025] (px4_msgs) StdoutLine: {'line': b'-- Up-to-date: /home/rschnurr/SkyClaw-Team1/ros2_ws/install/px4_msgs/include/px4_msgs/px4_msgs/msg/detail/failure_detector_status__traits.hpp\n'}
[1.994165] (px4_msgs) StdoutLine: {'line': b'-- Up-to-date: /home/rschnurr/SkyClaw-Team1/ros2_ws/install/px4_msgs/include/px4_msgs/px4_msgs/msg/detail/follow_target_estimator__struct.hpp\n'}
[1.994272] (px4_msgs) StdoutLine: {'line': b'-- Up-to-date: /home/rschnurr/SkyClaw-Team1/ros2_ws/install/px4_msgs/include/px4_msgs/px4_msgs/msg/detail/message_format_request__traits.hpp\n'}
[1.994340] (px4_msgs) StdoutLine: {'line': b'-- Up-to-date: /home/rschnurr/SkyClaw-Team1/ros2_ws/install/px4_msgs/include/px4_msgs/px4_msgs/msg/detail/esc_report__struct.hpp\n'}
[1.994383] (px4_msgs) StdoutLine: {'line': b'-- Up-to-date: /home/rschnurr/SkyClaw-Team1/ros2_ws/install/px4_msgs/include/px4_msgs/px4_msgs/msg/detail/vehicle_control_mode__builder.hpp\n'}
[1.994482] (px4_msgs) StdoutLine: {'line': b'-- Up-to-date: /home/rschnurr/SkyClaw-Team1/ros2_ws/install/px4_msgs/include/px4_msgs/px4_msgs/msg/detail/open_drone_id_arm_status__struct.hpp\n'}
[1.994540] (px4_msgs) StdoutLine: {'line': b'-- Up-to-date: /home/rschnurr/SkyClaw-Team1/ros2_ws/install/px4_msgs/include/px4_msgs/px4_msgs/msg/detail/takeoff_status__builder.hpp\n'}
[1.994587] (px4_msgs) StdoutLine: {'line': b'-- Up-to-date: /home/rschnurr/SkyClaw-Team1/ros2_ws/install/px4_msgs/include/px4_msgs/px4_msgs/msg/detail/airspeed__traits.hpp\n'}
[1.994633] (px4_msgs) StdoutLine: {'line': b'-- Up-to-date: /home/rschnurr/SkyClaw-Team1/ros2_ws/install/px4_msgs/include/px4_msgs/px4_msgs/msg/detail/offboard_control_mode__builder.hpp\n'}
[1.994674] (px4_msgs) StdoutLine: {'line': b'-- Up-to-date: /home/rschnurr/SkyClaw-Team1/ros2_ws/install/px4_msgs/include/px4_msgs/px4_msgs/msg/detail/sensor_gyro_fifo__builder.hpp\n'}
[1.994714] (px4_msgs) StdoutLine: {'line': b'-- Up-to-date: /home/rschnurr/SkyClaw-Team1/ros2_ws/install/px4_msgs/include/px4_msgs/px4_msgs/msg/detail/rover_rate_status__type_support.hpp\n'}
[1.994754] (px4_msgs) StdoutLine: {'line': b'-- Up-to-date: /home/rschnurr/SkyClaw-Team1/ros2_ws/install/px4_msgs/include/px4_msgs/px4_msgs/msg/detail/battery_info__type_support.hpp\n'}
[1.994794] (px4_msgs) StdoutLine: {'line': b'-- Up-to-date: /home/rschnurr/SkyClaw-Team1/ros2_ws/install/px4_msgs/include/px4_msgs/px4_msgs/msg/detail/internal_combustion_engine_control__traits.hpp\n'}
[1.994834] (px4_msgs) StdoutLine: {'line': b'-- Up-to-date: /home/rschnurr/SkyClaw-Team1/ros2_ws/install/px4_msgs/include/px4_msgs/px4_msgs/msg/detail/qshell_req__traits.hpp\n'}
[1.995177] (px4_msgs) StdoutLine: {'line': b'-- Up-to-date: /home/rschnurr/SkyClaw-Team1/ros2_ws/install/px4_msgs/include/px4_msgs/px4_msgs/msg/detail/battery_info__struct.hpp\n'}
[1.995600] (px4_msgs) StdoutLine: {'line': b'-- Up-to-date: /home/rschnurr/SkyClaw-Team1/ros2_ws/install/px4_msgs/include/px4_msgs/px4_msgs/msg/detail/orb_test__type_support.hpp\n'}
[1.995775] (px4_msgs) StdoutLine: {'line': b'-- Up-to-date: /home/rschnurr/SkyClaw-Team1/ros2_ws/install/px4_msgs/include/px4_msgs/px4_msgs/msg/detail/battery_status__struct.hpp\n'}
[1.995874] (px4_msgs) StdoutLine: {'line': b'-- Up-to-date: /home/rschnurr/SkyClaw-Team1/ros2_ws/install/px4_msgs/include/px4_msgs/px4_msgs/msg/detail/fixed_wing_lateral_guidance_status__builder.hpp\n'}
[1.996081] (px4_msgs) StdoutLine: {'line': b'-- Up-to-date: /home/rschnurr/SkyClaw-Team1/ros2_ws/install/px4_msgs/include/px4_msgs/px4_msgs/msg/detail/obstacle_distance__type_support.hpp\n'}
[1.996199] (px4_msgs) StdoutLine: {'line': b'-- Up-to-date: /home/rschnurr/SkyClaw-Team1/ros2_ws/install/px4_msgs/include/px4_msgs/px4_msgs/msg/detail/vehicle_global_position__struct.hpp\n'}
[1.996280] (px4_msgs) StdoutLine: {'line': b'-- Up-to-date: /home/rschnurr/SkyClaw-Team1/ros2_ws/install/px4_msgs/include/px4_msgs/px4_msgs/msg/detail/iridiumsbd_status__builder.hpp\n'}
[1.996351] (px4_msgs) StdoutLine: {'line': b'-- Up-to-date: /home/rschnurr/SkyClaw-Team1/ros2_ws/install/px4_msgs/include/px4_msgs/px4_msgs/msg/detail/vehicle_command__struct.hpp\n'}
[1.996397] (px4_msgs) StdoutLine: {'line': b'-- Up-to-date: /home/rschnurr/SkyClaw-Team1/ros2_ws/install/px4_msgs/include/px4_msgs/px4_msgs/msg/detail/follow_target__type_support.hpp\n'}
[1.996441] (px4_msgs) StdoutLine: {'line': b'-- Up-to-date: /home/rschnurr/SkyClaw-Team1/ros2_ws/install/px4_msgs/include/px4_msgs/px4_msgs/msg/detail/satellite_info__struct.hpp\n'}
[1.996482] (px4_msgs) StdoutLine: {'line': b'-- Up-to-date: /home/rschnurr/SkyClaw-Team1/ros2_ws/install/px4_msgs/include/px4_msgs/px4_msgs/msg/detail/vehicle_land_detected__traits.hpp\n'}
[1.996522] (px4_msgs) StdoutLine: {'line': b'-- Up-to-date: /home/rschnurr/SkyClaw-Team1/ros2_ws/install/px4_msgs/include/px4_msgs/px4_msgs/msg/detail/mode_completed__builder.hpp\n'}
[1.996613] (px4_msgs) StdoutLine: {'line': b'-- Up-to-date: /home/rschnurr/SkyClaw-Team1/ros2_ws/install/px4_msgs/include/px4_msgs/px4_msgs/msg/detail/mission_result__struct.hpp\n'}
[1.996670] (px4_msgs) StdoutLine: {'line': b'-- Up-to-date: /home/rschnurr/SkyClaw-Team1/ros2_ws/install/px4_msgs/include/px4_msgs/px4_msgs/msg/detail/camera_trigger__traits.hpp\n'}
[1.996716] (px4_msgs) StdoutLine: {'line': b'-- Up-to-date: /home/rschnurr/SkyClaw-Team1/ros2_ws/install/px4_msgs/include/px4_msgs/px4_msgs/msg/detail/landing_target_pose__type_support.hpp\n'}
[1.996761] (px4_msgs) StdoutLine: {'line': b'-- Up-to-date: /home/rschnurr/SkyClaw-Team1/ros2_ws/install/px4_msgs/include/px4_msgs/px4_msgs/msg/detail/fixed_wing_longitudinal_setpoint__traits.hpp\n'}
[1.996808] (px4_msgs) StdoutLine: {'line': b'-- Up-to-date: /home/rschnurr/SkyClaw-Team1/ros2_ws/install/px4_msgs/include/px4_msgs/px4_msgs/msg/detail/parameter_set_value_response__struct.hpp\n'}
[1.996856] (px4_msgs) StdoutLine: {'line': b'-- Up-to-date: /home/rschnurr/SkyClaw-Team1/ros2_ws/install/px4_msgs/include/px4_msgs/px4_msgs/msg/detail/telemetry_status__type_support.hpp\n'}
[1.996968] (px4_msgs) StdoutLine: {'line': b'-- Up-to-date: /home/rschnurr/SkyClaw-Team1/ros2_ws/install/px4_msgs/include/px4_msgs/px4_msgs/msg/detail/gimbal_manager_set_attitude__builder.hpp\n'}
[1.997134] (px4_msgs) StdoutLine: {'line': b'-- Up-to-date: /home/rschnurr/SkyClaw-Team1/ros2_ws/install/px4_msgs/include/px4_msgs/px4_msgs/msg/detail/sensor_gnss_relative__type_support.hpp\n'}
[1.997197] (px4_msgs) StdoutLine: {'line': b'-- Up-to-date: /home/rschnurr/SkyClaw-Team1/ros2_ws/install/px4_msgs/include/px4_msgs/px4_msgs/msg/detail/vehicle_rates_setpoint__type_support.hpp\n'}
[1.997241] (px4_msgs) StdoutLine: {'line': b'-- Up-to-date: /home/rschnurr/SkyClaw-Team1/ros2_ws/install/px4_msgs/include/px4_msgs/px4_msgs/msg/detail/gimbal_controls__struct.hpp\n'}
[1.997282] (px4_msgs) StdoutLine: {'line': b'-- Up-to-date: /home/rschnurr/SkyClaw-Team1/ros2_ws/install/px4_msgs/include/px4_msgs/px4_msgs/msg/detail/obstacle_distance__builder.hpp\n'}
[1.997324] (px4_msgs) StdoutLine: {'line': b'-- Up-to-date: /home/rschnurr/SkyClaw-Team1/ros2_ws/install/px4_msgs/include/px4_msgs/px4_msgs/msg/detail/actuator_controls_status__type_support.hpp\n'}
[1.997365] (px4_msgs) StdoutLine: {'line': b'-- Up-to-date: /home/rschnurr/SkyClaw-Team1/ros2_ws/install/px4_msgs/include/px4_msgs/px4_msgs/msg/detail/rc_channels__traits.hpp\n'}
[1.997404] (px4_msgs) StdoutLine: {'line': b'-- Up-to-date: /home/rschnurr/SkyClaw-Team1/ros2_ws/install/px4_msgs/include/px4_msgs/px4_msgs/msg/detail/dataman_request__type_support.hpp\n'}
[1.997491] (px4_msgs) StdoutLine: {'line': b'-- Up-to-date: /home/rschnurr/SkyClaw-Team1/ros2_ws/install/px4_msgs/include/px4_msgs/px4_msgs/msg/detail/vehicle_odometry__struct.hpp\n'}
[1.997558] (px4_msgs) StdoutLine: {'line': b'-- Up-to-date: /home/rschnurr/SkyClaw-Team1/ros2_ws/install/px4_msgs/include/px4_msgs/px4_msgs/msg/detail/vehicle_command_ack__struct.hpp\n'}
[1.997597] (px4_msgs) StdoutLine: {'line': b'-- Up-to-date: /home/rschnurr/SkyClaw-Team1/ros2_ws/install/px4_msgs/include/px4_msgs/px4_msgs/msg/detail/actuator_outputs__traits.hpp\n'}
[1.997644] (px4_msgs) StdoutLine: {'line': b'-- Up-to-date: /home/rschnurr/SkyClaw-Team1/ros2_ws/install/px4_msgs/include/px4_msgs/px4_msgs/msg/detail/px4io_status__type_support.hpp\n'}
[1.997678] (px4_msgs) StdoutLine: {'line': b'-- Up-to-date: /home/rschnurr/SkyClaw-Team1/ros2_ws/install/px4_msgs/include/px4_msgs/px4_msgs/msg/detail/gpio_request__builder.hpp\n'}
[1.997711] (px4_msgs) StdoutLine: {'line': b'-- Up-to-date: /home/rschnurr/SkyClaw-Team1/ros2_ws/install/px4_msgs/include/px4_msgs/px4_msgs/msg/detail/timesync_status__struct.hpp\n'}
[1.997750] (px4_msgs) StdoutLine: {'line': b'-- Up-to-date: /home/rschnurr/SkyClaw-Team1/ros2_ws/install/px4_msgs/include/px4_msgs/px4_msgs/msg/detail/gimbal_manager_set_manual_control__struct.hpp\n'}
[1.997786] (px4_msgs) StdoutLine: {'line': b'-- Up-to-date: /home/rschnurr/SkyClaw-Team1/ros2_ws/install/px4_msgs/include/px4_msgs/px4_msgs/msg/detail/manual_control_switches__struct.hpp\n'}
[1.997814] (px4_msgs) StdoutLine: {'line': b'-- Up-to-date: /home/rschnurr/SkyClaw-Team1/ros2_ws/install/px4_msgs/include/px4_msgs/px4_msgs/msg/detail/gpio_out__builder.hpp\n'}
[1.997850] (px4_msgs) StdoutLine: {'line': b'-- Up-to-date: /home/rschnurr/SkyClaw-Team1/ros2_ws/install/px4_msgs/include/px4_msgs/px4_msgs/msg/detail/gimbal_device_set_attitude__type_support.hpp\n'}
[1.997881] (px4_msgs) StdoutLine: {'line': b'-- Up-to-date: /home/rschnurr/SkyClaw-Team1/ros2_ws/install/px4_msgs/include/px4_msgs/px4_msgs/msg/detail/rover_attitude_setpoint__builder.hpp\n'}
[1.997914] (px4_msgs) StdoutLine: {'line': b'-- Up-to-date: /home/rschnurr/SkyClaw-Team1/ros2_ws/install/px4_msgs/include/px4_msgs/px4_msgs/msg/detail/parameter_set_used_request__traits.hpp\n'}
[1.997943] (px4_msgs) StdoutLine: {'line': b'-- Up-to-date: /home/rschnurr/SkyClaw-Team1/ros2_ws/install/px4_msgs/include/px4_msgs/px4_msgs/msg/detail/vehicle_status__builder.hpp\n'}
[1.997978] (px4_msgs) StdoutLine: {'line': b'-- Up-to-date: /home/rschnurr/SkyClaw-Team1/ros2_ws/install/px4_msgs/include/px4_msgs/px4_msgs/msg/detail/wheel_encoders__traits.hpp\n'}
[1.998078] (px4_msgs) StdoutLine: {'line': b'-- Up-to-date: /home/rschnurr/SkyClaw-Team1/ros2_ws/install/px4_msgs/include/px4_msgs/px4_msgs/msg/detail/fixed_wing_lateral_guidance_status__type_support.hpp\n'}
[1.998170] (px4_msgs) StdoutLine: {'line': b'-- Up-to-date: /home/rschnurr/SkyClaw-Team1/ros2_ws/install/px4_msgs/include/px4_msgs/px4_msgs/msg/detail/actuator_test__builder.hpp\n'}
[1.998262] (px4_msgs) StdoutLine: {'line': b'-- Up-to-date: /home/rschnurr/SkyClaw-Team1/ros2_ws/install/px4_msgs/include/px4_msgs/px4_msgs/msg/detail/manual_control_setpoint__type_support.hpp\n'}
[1.998387] (px4_msgs) StdoutLine: {'line': b'-- Up-to-date: /home/rschnurr/SkyClaw-Team1/ros2_ws/install/px4_msgs/include/px4_msgs/px4_msgs/msg/detail/sensor_hygrometer__builder.hpp\n'}
[1.998487] (px4_msgs) StdoutLine: {'line': b'-- Up-to-date: /home/rschnurr/SkyClaw-Team1/ros2_ws/install/px4_msgs/include/px4_msgs/px4_msgs/msg/detail/vehicle_optical_flow__traits.hpp\n'}
[1.998539] (px4_msgs) StdoutLine: {'line': b'-- Up-to-date: /home/rschnurr/SkyClaw-Team1/ros2_ws/install/px4_msgs/include/px4_msgs/px4_msgs/msg/detail/gimbal_manager_status__traits.hpp\n'}
[1.998581] (px4_msgs) StdoutLine: {'line': b'-- Up-to-date: /home/rschnurr/SkyClaw-Team1/ros2_ws/install/px4_msgs/include/px4_msgs/px4_msgs/msg/detail/distance_sensor__builder.hpp\n'}
[1.998631] (px4_msgs) StdoutLine: {'line': b'-- Up-to-date: /home/rschnurr/SkyClaw-Team1/ros2_ws/install/px4_msgs/include/px4_msgs/px4_msgs/msg/detail/mavlink_tunnel__builder.hpp\n'}
[1.998742] (px4_msgs) StdoutLine: {'line': b'-- Up-to-date: /home/rschnurr/SkyClaw-Team1/ros2_ws/install/px4_msgs/include/px4_msgs/px4_msgs/msg/detail/dataman_response__traits.hpp\n'}
[1.998797] (px4_msgs) StdoutLine: {'line': b'-- Up-to-date: /home/rschnurr/SkyClaw-Team1/ros2_ws/install/px4_msgs/include/px4_msgs/px4_msgs/msg/detail/uavcan_parameter_request__type_support.hpp\n'}
[1.998846] (px4_msgs) StdoutLine: {'line': b'-- Up-to-date: /home/rschnurr/SkyClaw-Team1/ros2_ws/install/px4_msgs/include/px4_msgs/px4_msgs/msg/detail/sensor_accel_fifo__struct.hpp\n'}
[1.999123] (px4_msgs) StdoutLine: {'line': b'-- Up-to-date: /home/rschnurr/SkyClaw-Team1/ros2_ws/install/px4_msgs/include/px4_msgs/px4_msgs/msg/detail/adc_report__struct.hpp\n'}
[1.999205] (px4_msgs) StdoutLine: {'line': b'-- Up-to-date: /home/rschnurr/SkyClaw-Team1/ros2_ws/install/px4_msgs/include/px4_msgs/px4_msgs/msg/detail/open_drone_id_operator_id__traits.hpp\n'}
[1.999256] (px4_msgs) StdoutLine: {'line': b'-- Up-to-date: /home/rschnurr/SkyClaw-Team1/ros2_ws/install/px4_msgs/include/px4_msgs/px4_msgs/msg/detail/parameter_update__type_support.hpp\n'}
[1.999300] (px4_msgs) StdoutLine: {'line': b'-- Up-to-date: /home/rschnurr/SkyClaw-Team1/ros2_ws/install/px4_msgs/include/px4_msgs/px4_msgs/msg/detail/task_stack_info__traits.hpp\n'}
[1.999340] (px4_msgs) StdoutLine: {'line': b'-- Up-to-date: /home/rschnurr/SkyClaw-Team1/ros2_ws/install/px4_msgs/include/px4_msgs/px4_msgs/msg/detail/geofence_status__struct.hpp\n'}
[1.999381] (px4_msgs) StdoutLine: {'line': b'-- Up-to-date: /home/rschnurr/SkyClaw-Team1/ros2_ws/install/px4_msgs/include/px4_msgs/px4_msgs/msg/detail/vehicle_air_data__builder.hpp\n'}
[1.999432] (px4_msgs) StdoutLine: {'line': b'-- Up-to-date: /home/rschnurr/SkyClaw-Team1/ros2_ws/install/px4_msgs/include/px4_msgs/px4_msgs/msg/detail/landing_gear_wheel__type_support.hpp\n'}
[1.999566] (px4_msgs) StdoutLine: {'line': b'-- Up-to-date: /home/rschnurr/SkyClaw-Team1/ros2_ws/install/px4_msgs/include/px4_msgs/px4_msgs/msg/detail/sensor_selection__type_support.hpp\n'}
[1.999630] (px4_msgs) StdoutLine: {'line': b'-- Up-to-date: /home/rschnurr/SkyClaw-Team1/ros2_ws/install/px4_msgs/include/px4_msgs/px4_msgs/msg/detail/vehicle_optical_flow_vel__type_support.hpp\n'}
[1.999678] (px4_msgs) StdoutLine: {'line': b'-- Up-to-date: /home/rschnurr/SkyClaw-Team1/ros2_ws/install/px4_msgs/include/px4_msgs/px4_msgs/msg/detail/mount_orientation__struct.hpp\n'}
[1.999728] (px4_msgs) StdoutLine: {'line': b'-- Up-to-date: /home/rschnurr/SkyClaw-Team1/ros2_ws/install/px4_msgs/include/px4_msgs/px4_msgs/msg/detail/rover_speed_status__builder.hpp\n'}
[1.999817] (px4_msgs) StdoutLine: {'line': b'-- Up-to-date: /home/rschnurr/SkyClaw-Team1/ros2_ws/install/px4_msgs/include/px4_msgs/px4_msgs/msg/detail/vehicle_imu__traits.hpp\n'}
[1.999871] (px4_msgs) StdoutLine: {'line': b'-- Up-to-date: /home/rschnurr/SkyClaw-Team1/ros2_ws/install/px4_msgs/include/px4_msgs/px4_msgs/msg/detail/vehicle_air_data__traits.hpp\n'}
[1.999923] (px4_msgs) StdoutLine: {'line': b'-- Up-to-date: /home/rschnurr/SkyClaw-Team1/ros2_ws/install/px4_msgs/include/px4_msgs/px4_msgs/msg/detail/failure_detector_status__type_support.hpp\n'}
[2.000010] (px4_msgs) StdoutLine: {'line': b'-- Up-to-date: /home/rschnurr/SkyClaw-Team1/ros2_ws/install/px4_msgs/include/px4_msgs/px4_msgs/msg/detail/tune_control__type_support.hpp\n'}
[2.000086] (px4_msgs) StdoutLine: {'line': b'-- Up-to-date: /home/rschnurr/SkyClaw-Team1/ros2_ws/install/px4_msgs/include/px4_msgs/px4_msgs/msg/detail/sensors_status_imu__builder.hpp\n'}
[2.000132] (px4_msgs) StdoutLine: {'line': b'-- Up-to-date: /home/rschnurr/SkyClaw-Team1/ros2_ws/install/px4_msgs/include/px4_msgs/px4_msgs/msg/detail/rover_speed_setpoint__struct.hpp\n'}
[2.000174] (px4_msgs) StdoutLine: {'line': b'-- Up-to-date: /home/rschnurr/SkyClaw-Team1/ros2_ws/install/px4_msgs/include/px4_msgs/px4_msgs/msg/detail/battery_status__builder.hpp\n'}
[2.000288] (px4_msgs) StdoutLine: {'line': b'-- Up-to-date: /home/rschnurr/SkyClaw-Team1/ros2_ws/install/px4_msgs/include/px4_msgs/px4_msgs/msg/detail/position_setpoint__builder.hpp\n'}
[2.000349] (px4_msgs) StdoutLine: {'line': b'-- Up-to-date: /home/rschnurr/SkyClaw-Team1/ros2_ws/install/px4_msgs/include/px4_msgs/px4_msgs/msg/detail/fixed_wing_lateral_setpoint__struct.hpp\n'}
[2.000393] (px4_msgs) StdoutLine: {'line': b'-- Up-to-date: /home/rschnurr/SkyClaw-Team1/ros2_ws/install/px4_msgs/include/px4_msgs/px4_msgs/msg/detail/parameter_set_value_request__struct.hpp\n'}
[2.000444] (px4_msgs) StdoutLine: {'line': b'-- Up-to-date: /home/rschnurr/SkyClaw-Team1/ros2_ws/install/px4_msgs/include/px4_msgs/px4_msgs/msg/detail/vehicle_local_position__type_support.hpp\n'}
[2.000489] (px4_msgs) StdoutLine: {'line': b'-- Up-to-date: /home/rschnurr/SkyClaw-Team1/ros2_ws/install/px4_msgs/include/px4_msgs/px4_msgs/msg/detail/esc_report__builder.hpp\n'}
[2.000530] (px4_msgs) StdoutLine: {'line': b'-- Up-to-date: /home/rschnurr/SkyClaw-Team1/ros2_ws/install/px4_msgs/include/px4_msgs/px4_msgs/msg/detail/collision_constraints__struct.hpp\n'}
[2.000574] (px4_msgs) StdoutLine: {'line': b'-- Up-to-date: /home/rschnurr/SkyClaw-Team1/ros2_ws/install/px4_msgs/include/px4_msgs/px4_msgs/msg/detail/estimator_innovations__builder.hpp\n'}
[2.000615] (px4_msgs) StdoutLine: {'line': b'-- Up-to-date: /home/rschnurr/SkyClaw-Team1/ros2_ws/install/px4_msgs/include/px4_msgs/px4_msgs/msg/detail/estimator_gps_status__struct.hpp\n'}
[2.000657] (px4_msgs) StdoutLine: {'line': b'-- Up-to-date: /home/rschnurr/SkyClaw-Team1/ros2_ws/install/px4_msgs/include/px4_msgs/px4_msgs/msg/detail/sensor_gyro_fft__type_support.hpp\n'}
[2.000700] (px4_msgs) StdoutLine: {'line': b'-- Up-to-date: /home/rschnurr/SkyClaw-Team1/ros2_ws/install/px4_msgs/include/px4_msgs/px4_msgs/msg/detail/wheel_encoders__builder.hpp\n'}
[2.000742] (px4_msgs) StdoutLine: {'line': b'-- Up-to-date: /home/rschnurr/SkyClaw-Team1/ros2_ws/install/px4_msgs/include/px4_msgs/px4_msgs/msg/detail/follow_target_status__type_support.hpp\n'}
[2.000882] (px4_msgs) StdoutLine: {'line': b'-- Up-to-date: /home/rschnurr/SkyClaw-Team1/ros2_ws/install/px4_msgs/include/px4_msgs/px4_msgs/msg/detail/estimator_bias3d__traits.hpp\n'}
[2.000940] (px4_msgs) StdoutLine: {'line': b'-- Up-to-date: /home/rschnurr/SkyClaw-Team1/ros2_ws/install/px4_msgs/include/px4_msgs/px4_msgs/msg/detail/rover_rate_setpoint__traits.hpp\n'}
[2.000989] (px4_msgs) StdoutLine: {'line': b'-- Up-to-date: /home/rschnurr/SkyClaw-Team1/ros2_ws/install/px4_msgs/include/px4_msgs/px4_msgs/msg/detail/sensor_airflow__builder.hpp\n'}
[2.001071] (px4_msgs) StdoutLine: {'line': b'-- Up-to-date: /home/rschnurr/SkyClaw-Team1/ros2_ws/install/px4_msgs/include/px4_msgs/px4_msgs/msg/detail/tecs_status__type_support.hpp\n'}
[2.001127] (px4_msgs) StdoutLine: {'line': b'-- Up-to-date: /home/rschnurr/SkyClaw-Team1/ros2_ws/install/px4_msgs/include/px4_msgs/px4_msgs/msg/detail/arming_check_reply__builder.hpp\n'}
[2.001169] (px4_msgs) StdoutLine: {'line': b'-- Up-to-date: /home/rschnurr/SkyClaw-Team1/ros2_ws/install/px4_msgs/include/px4_msgs/px4_msgs/msg/detail/mag_worker_data__struct.hpp\n'}
[2.001210] (px4_msgs) StdoutLine: {'line': b'-- Up-to-date: /home/rschnurr/SkyClaw-Team1/ros2_ws/install/px4_msgs/include/px4_msgs/px4_msgs/msg/detail/gimbal_device_attitude_status__type_support.hpp\n'}
[2.001254] (px4_msgs) StdoutLine: {'line': b'-- Up-to-date: /home/rschnurr/SkyClaw-Team1/ros2_ws/install/px4_msgs/include/px4_msgs/px4_msgs/msg/detail/vehicle_imu_status__traits.hpp\n'}
[2.001294] (px4_msgs) StdoutLine: {'line': b'-- Up-to-date: /home/rschnurr/SkyClaw-Team1/ros2_ws/install/px4_msgs/include/px4_msgs/px4_msgs/msg/detail/gimbal_manager_status__struct.hpp\n'}
[2.001342] (px4_msgs) StdoutLine: {'line': b'-- Up-to-date: /home/rschnurr/SkyClaw-Team1/ros2_ws/install/px4_msgs/include/px4_msgs/px4_msgs/msg/detail/cpuload__builder.hpp\n'}
[2.001389] (px4_msgs) StdoutLine: {'line': b'-- Up-to-date: /home/rschnurr/SkyClaw-Team1/ros2_ws/install/px4_msgs/include/px4_msgs/px4_msgs/msg/detail/vehicle_control_mode__struct.hpp\n'}
[2.001436] (px4_msgs) StdoutLine: {'line': b'-- Up-to-date: /home/rschnurr/SkyClaw-Team1/ros2_ws/install/px4_msgs/include/px4_msgs/px4_msgs/msg/detail/mission__type_support.hpp\n'}
[2.001480] (px4_msgs) StdoutLine: {'line': b'-- Up-to-date: /home/rschnurr/SkyClaw-Team1/ros2_ws/install/px4_msgs/include/px4_msgs/px4_msgs/msg/detail/autotune_attitude_control_status__struct.hpp\n'}
[2.001566] (px4_msgs) StdoutLine: {'line': b'-- Up-to-date: /home/rschnurr/SkyClaw-Team1/ros2_ws/install/px4_msgs/include/px4_msgs/px4_msgs/msg/detail/vehicle_air_data__type_support.hpp\n'}
[2.001633] (px4_msgs) StdoutLine: {'line': b'-- Up-to-date: /home/rschnurr/SkyClaw-Team1/ros2_ws/install/px4_msgs/include/px4_msgs/px4_msgs/msg/detail/internal_combustion_engine_control__struct.hpp\n'}
[2.001868] (px4_msgs) StdoutLine: {'line': b'-- Up-to-date: /home/rschnurr/SkyClaw-Team1/ros2_ws/install/px4_msgs/include/px4_msgs/px4_msgs/msg/detail/open_drone_id_self_id__traits.hpp\n'}
[2.001930] (px4_msgs) StdoutLine: {'line': b'-- Up-to-date: /home/rschnurr/SkyClaw-Team1/ros2_ws/install/px4_msgs/include/px4_msgs/px4_msgs/msg/detail/normalized_unsigned_setpoint__traits.hpp\n'}
[2.002020] (px4_msgs) StdoutLine: {'line': b'-- Up-to-date: /home/rschnurr/SkyClaw-Team1/ros2_ws/install/px4_msgs/include/px4_msgs/px4_msgs/msg/detail/radio_status__builder.hpp\n'}
[2.002184] (px4_msgs) StdoutLine: {'line': b'-- Up-to-date: /home/rschnurr/SkyClaw-Team1/ros2_ws/install/px4_msgs/include/px4_msgs/px4_msgs/msg/detail/airspeed_validated__builder.hpp\n'}
[2.002245] (px4_msgs) StdoutLine: {'line': b'-- Up-to-date: /home/rschnurr/SkyClaw-Team1/ros2_ws/install/px4_msgs/include/px4_msgs/px4_msgs/msg/detail/ulog_stream_ack__builder.hpp\n'}
[2.002308] (px4_msgs) StdoutLine: {'line': b'-- Up-to-date: /home/rschnurr/SkyClaw-Team1/ros2_ws/install/px4_msgs/include/px4_msgs/px4_msgs/msg/detail/lateral_control_configuration__traits.hpp\n'}
[2.002352] (px4_msgs) StdoutLine: {'line': b'-- Up-to-date: /home/rschnurr/SkyClaw-Team1/ros2_ws/install/px4_msgs/include/px4_msgs/px4_msgs/msg/detail/vehicle_land_detected__type_support.hpp\n'}
[2.002394] (px4_msgs) StdoutLine: {'line': b'-- Up-to-date: /home/rschnurr/SkyClaw-Team1/ros2_ws/install/px4_msgs/include/px4_msgs/px4_msgs/msg/detail/open_drone_id_self_id__struct.hpp\n'}
[2.002436] (px4_msgs) StdoutLine: {'line': b'-- Up-to-date: /home/rschnurr/SkyClaw-Team1/ros2_ws/install/px4_msgs/include/px4_msgs/px4_msgs/msg/detail/health_report__type_support.hpp\n'}
[2.002476] (px4_msgs) StdoutLine: {'line': b'-- Up-to-date: /home/rschnurr/SkyClaw-Team1/ros2_ws/install/px4_msgs/include/px4_msgs/px4_msgs/msg/detail/home_position__struct.hpp\n'}
[2.002518] (px4_msgs) StdoutLine: {'line': b'-- Up-to-date: /home/rschnurr/SkyClaw-Team1/ros2_ws/install/px4_msgs/include/px4_msgs/px4_msgs/msg/detail/gimbal_manager_set_manual_control__traits.hpp\n'}
[2.002562] (px4_msgs) StdoutLine: {'line': b'-- Up-to-date: /home/rschnurr/SkyClaw-Team1/ros2_ws/install/px4_msgs/include/px4_msgs/px4_msgs/msg/detail/sensor_airflow__traits.hpp\n'}
[2.002604] (px4_msgs) StdoutLine: {'line': b'-- Up-to-date: /home/rschnurr/SkyClaw-Team1/ros2_ws/install/px4_msgs/include/px4_msgs/px4_msgs/msg/detail/rover_rate_status__traits.hpp\n'}
[2.002645] (px4_msgs) StdoutLine: {'line': b'-- Up-to-date: /home/rschnurr/SkyClaw-Team1/ros2_ws/install/px4_msgs/include/px4_msgs/px4_msgs/msg/detail/register_ext_component_reply__builder.hpp\n'}
[2.002693] (px4_msgs) StdoutLine: {'line': b'-- Up-to-date: /home/rschnurr/SkyClaw-Team1/ros2_ws/install/px4_msgs/include/px4_msgs/px4_msgs/msg/detail/sensor_combined__type_support.hpp\n'}
[2.002736] (px4_msgs) StdoutLine: {'line': b'-- Up-to-date: /home/rschnurr/SkyClaw-Team1/ros2_ws/install/px4_msgs/include/px4_msgs/px4_msgs/msg/detail/estimator_status_flags__struct.hpp\n'}
[2.002777] (px4_msgs) StdoutLine: {'line': b'-- Up-to-date: /home/rschnurr/SkyClaw-Team1/ros2_ws/install/px4_msgs/include/px4_msgs/px4_msgs/msg/detail/vehicle_optical_flow_vel__traits.hpp\n'}
[2.002826] (px4_msgs) StdoutLine: {'line': b'-- Up-to-date: /home/rschnurr/SkyClaw-Team1/ros2_ws/install/px4_msgs/include/px4_msgs/px4_msgs/msg/detail/button_event__type_support.hpp\n'}
[2.003014] (px4_msgs) StdoutLine: {'line': b'-- Up-to-date: /home/rschnurr/SkyClaw-Team1/ros2_ws/install/px4_msgs/include/px4_msgs/px4_msgs/msg/detail/control_allocator_status__type_support.hpp\n'}
[2.003079] (px4_msgs) StdoutLine: {'line': b'-- Up-to-date: /home/rschnurr/SkyClaw-Team1/ros2_ws/install/px4_msgs/include/px4_msgs/px4_msgs/msg/detail/parameter_set_value_response__traits.hpp\n'}
[2.003139] (px4_msgs) StdoutLine: {'line': b'-- Up-to-date: /home/rschnurr/SkyClaw-Team1/ros2_ws/install/px4_msgs/include/px4_msgs/px4_msgs/msg/detail/normalized_unsigned_setpoint__builder.hpp\n'}
[2.003246] (px4_msgs) StdoutLine: {'line': b'-- Up-to-date: /home/rschnurr/SkyClaw-Team1/ros2_ws/install/px4_msgs/include/px4_msgs/px4_msgs/msg/detail/sensor_optical_flow__type_support.hpp\n'}
[2.003292] (px4_msgs) StdoutLine: {'line': b'-- Up-to-date: /home/rschnurr/SkyClaw-Team1/ros2_ws/install/px4_msgs/include/px4_msgs/px4_msgs/msg/detail/takeoff_status__struct.hpp\n'}
[2.003333] (px4_msgs) StdoutLine: {'line': b'-- Up-to-date: /home/rschnurr/SkyClaw-Team1/ros2_ws/install/px4_msgs/include/px4_msgs/px4_msgs/msg/detail/estimator_states__traits.hpp\n'}
[2.003374] (px4_msgs) StdoutLine: {'line': b'-- Up-to-date: /home/rschnurr/SkyClaw-Team1/ros2_ws/install/px4_msgs/include/px4_msgs/px4_msgs/msg/detail/uavcan_parameter_request__struct.hpp\n'}
[2.003417] (px4_msgs) StdoutLine: {'line': b'-- Up-to-date: /home/rschnurr/SkyClaw-Team1/ros2_ws/install/px4_msgs/include/px4_msgs/px4_msgs/msg/detail/estimator_gps_status__traits.hpp\n'}
[2.003458] (px4_msgs) StdoutLine: {'line': b'-- Up-to-date: /home/rschnurr/SkyClaw-Team1/ros2_ws/install/px4_msgs/include/px4_msgs/px4_msgs/msg/detail/vehicle_local_position_setpoint__struct.hpp\n'}
[2.003500] (px4_msgs) StdoutLine: {'line': b'-- Up-to-date: /home/rschnurr/SkyClaw-Team1/ros2_ws/install/px4_msgs/include/px4_msgs/px4_msgs/msg/detail/velocity_limits__struct.hpp\n'}
[2.003541] (px4_msgs) StdoutLine: {'line': b'-- Up-to-date: /home/rschnurr/SkyClaw-Team1/ros2_ws/install/px4_msgs/include/px4_msgs/px4_msgs/msg/detail/heater_status__type_support.hpp\n'}
[2.003630] (px4_msgs) StdoutLine: {'line': b'-- Up-to-date: /home/rschnurr/SkyClaw-Team1/ros2_ws/install/px4_msgs/include/px4_msgs/px4_msgs/msg/detail/debug_value__traits.hpp\n'}
[2.003694] (px4_msgs) StdoutLine: {'line': b'-- Up-to-date: /home/rschnurr/SkyClaw-Team1/ros2_ws/install/px4_msgs/include/px4_msgs/px4_msgs/msg/detail/fixed_wing_lateral_status__type_support.hpp\n'}
[2.003744] (px4_msgs) StdoutLine: {'line': b'-- Up-to-date: /home/rschnurr/SkyClaw-Team1/ros2_ws/install/px4_msgs/include/px4_msgs/px4_msgs/msg/detail/airspeed_wind__builder.hpp\n'}
[2.003797] (px4_msgs) StdoutLine: {'line': b'-- Up-to-date: /home/rschnurr/SkyClaw-Team1/ros2_ws/install/px4_msgs/include/px4_msgs/px4_msgs/msg/detail/onboard_computer_status__struct.hpp\n'}
[2.003842] (px4_msgs) StdoutLine: {'line': b'-- Up-to-date: /home/rschnurr/SkyClaw-Team1/ros2_ws/install/px4_msgs/include/px4_msgs/px4_msgs/msg/detail/camera_capture__traits.hpp\n'}
[2.003884] (px4_msgs) StdoutLine: {'line': b'-- Up-to-date: /home/rschnurr/SkyClaw-Team1/ros2_ws/install/px4_msgs/include/px4_msgs/px4_msgs/msg/detail/orb_test_medium__struct.hpp\n'}
[2.003924] (px4_msgs) StdoutLine: {'line': b'-- Up-to-date: /home/rschnurr/SkyClaw-Team1/ros2_ws/install/px4_msgs/include/px4_msgs/px4_msgs/msg/detail/power_monitor__struct.hpp\n'}
[2.003964] (px4_msgs) StdoutLine: {'line': b'-- Up-to-date: /home/rschnurr/SkyClaw-Team1/ros2_ws/install/px4_msgs/include/px4_msgs/px4_msgs/msg/detail/rover_speed_setpoint__traits.hpp\n'}
[2.004004] (px4_msgs) StdoutLine: {'line': b'-- Up-to-date: /home/rschnurr/SkyClaw-Team1/ros2_ws/install/px4_msgs/include/px4_msgs/px4_msgs/msg/detail/rate_ctrl_status__struct.hpp\n'}
[2.004044] (px4_msgs) StdoutLine: {'line': b'-- Up-to-date: /home/rschnurr/SkyClaw-Team1/ros2_ws/install/px4_msgs/include/px4_msgs/px4_msgs/msg/detail/geofence_result__struct.hpp\n'}
[2.004083] (px4_msgs) StdoutLine: {'line': b'-- Up-to-date: /home/rschnurr/SkyClaw-Team1/ros2_ws/install/px4_msgs/include/px4_msgs/px4_msgs/msg/detail/sensors_status_imu__type_support.hpp\n'}
[2.004123] (px4_msgs) StdoutLine: {'line': b'-- Up-to-date: /home/rschnurr/SkyClaw-Team1/ros2_ws/install/px4_msgs/include/px4_msgs/px4_msgs/msg/detail/rover_position_setpoint__builder.hpp\n'}
[2.004164] (px4_msgs) StdoutLine: {'line': b'-- Up-to-date: /home/rschnurr/SkyClaw-Team1/ros2_ws/install/px4_msgs/include/px4_msgs/px4_msgs/msg/detail/gps_dump__type_support.hpp\n'}
[2.004205] (px4_msgs) StdoutLine: {'line': b'-- Up-to-date: /home/rschnurr/SkyClaw-Team1/ros2_ws/install/px4_msgs/include/px4_msgs/px4_msgs/msg/detail/rover_attitude_status__builder.hpp\n'}
[2.004250] (px4_msgs) StdoutLine: {'line': b'-- Up-to-date: /home/rschnurr/SkyClaw-Team1/ros2_ws/install/px4_msgs/include/px4_msgs/px4_msgs/msg/detail/unregister_ext_component__traits.hpp\n'}
[2.004290] (px4_msgs) StdoutLine: {'line': b'-- Up-to-date: /home/rschnurr/SkyClaw-Team1/ros2_ws/install/px4_msgs/include/px4_msgs/px4_msgs/msg/detail/cellular_status__builder.hpp\n'}
[2.004330] (px4_msgs) StdoutLine: {'line': b'-- Up-to-date: /home/rschnurr/SkyClaw-Team1/ros2_ws/install/px4_msgs/include/px4_msgs/px4_msgs/msg/detail/vehicle_status__traits.hpp\n'}
[2.004498] (px4_msgs) StdoutLine: {'line': b'-- Up-to-date: /home/rschnurr/SkyClaw-Team1/ros2_ws/install/px4_msgs/include/px4_msgs/px4_msgs/msg/detail/airspeed__builder.hpp\n'}
[2.004561] (px4_msgs) StdoutLine: {'line': b'-- Up-to-date: /home/rschnurr/SkyClaw-Team1/ros2_ws/install/px4_msgs/include/px4_msgs/px4_msgs/msg/detail/gimbal_manager_status__type_support.hpp\n'}
[2.004610] (px4_msgs) StdoutLine: {'line': b'-- Up-to-date: /home/rschnurr/SkyClaw-Team1/ros2_ws/install/px4_msgs/include/px4_msgs/px4_msgs/msg/detail/open_drone_id_operator_id__type_support.hpp\n'}
[2.004653] (px4_msgs) StdoutLine: {'line': b'-- Up-to-date: /home/rschnurr/SkyClaw-Team1/ros2_ws/install/px4_msgs/include/px4_msgs/px4_msgs/msg/detail/gimbal_manager_status__builder.hpp\n'}
[2.004694] (px4_msgs) StdoutLine: {'line': b'-- Up-to-date: /home/rschnurr/SkyClaw-Team1/ros2_ws/install/px4_msgs/include/px4_msgs/px4_msgs/msg/detail/position_setpoint_triplet__builder.hpp\n'}
[2.004737] (px4_msgs) StdoutLine: {'line': b'-- Up-to-date: /home/rschnurr/SkyClaw-Team1/ros2_ws/install/px4_msgs/include/px4_msgs/px4_msgs/msg/detail/rate_ctrl_status__type_support.hpp\n'}
[2.004780] (px4_msgs) StdoutLine: {'line': b'-- Up-to-date: /home/rschnurr/SkyClaw-Team1/ros2_ws/install/px4_msgs/include/px4_msgs/px4_msgs/msg/detail/estimator_bias__builder.hpp\n'}
[2.004822] (px4_msgs) StdoutLine: {'line': b'-- Up-to-date: /home/rschnurr/SkyClaw-Team1/ros2_ws/install/px4_msgs/include/px4_msgs/px4_msgs/msg/detail/generator_status__struct.hpp\n'}
[2.004864] (px4_msgs) StdoutLine: {'line': b'-- Up-to-date: /home/rschnurr/SkyClaw-Team1/ros2_ws/install/px4_msgs/include/px4_msgs/px4_msgs/msg/detail/obstacle_distance__traits.hpp\n'}
[2.004906] (px4_msgs) StdoutLine: {'line': b'-- Up-to-date: /home/rschnurr/SkyClaw-Team1/ros2_ws/install/px4_msgs/include/px4_msgs/px4_msgs/msg/detail/sensor_gnss_relative__traits.hpp\n'}
[2.005070] (px4_msgs) StdoutLine: {'line': b'-- Up-to-date: /home/rschnurr/SkyClaw-Team1/ros2_ws/install/px4_msgs/include/px4_msgs/px4_msgs/msg/detail/vehicle_torque_setpoint__traits.hpp\n'}
[2.005129] (px4_msgs) StdoutLine: {'line': b'-- Up-to-date: /home/rschnurr/SkyClaw-Team1/ros2_ws/install/px4_msgs/include/px4_msgs/px4_msgs/msg/detail/rover_attitude_status__traits.hpp\n'}
[2.005177] (px4_msgs) StdoutLine: {'line': b'-- Up-to-date: /home/rschnurr/SkyClaw-Team1/ros2_ws/install/px4_msgs/include/px4_msgs/px4_msgs/msg/detail/failure_detector_status__struct.hpp\n'}
[2.005235] (px4_msgs) StdoutLine: {'line': b'-- Up-to-date: /home/rschnurr/SkyClaw-Team1/ros2_ws/install/px4_msgs/include/px4_msgs/px4_msgs/msg/detail/sensor_correction__type_support.hpp\n'}
[2.005280] (px4_msgs) StdoutLine: {'line': b'-- Up-to-date: /home/rschnurr/SkyClaw-Team1/ros2_ws/install/px4_msgs/include/px4_msgs/px4_msgs/msg/detail/landing_target_innovations__traits.hpp\n'}
[2.005322] (px4_msgs) StdoutLine: {'line': b'-- Up-to-date: /home/rschnurr/SkyClaw-Team1/ros2_ws/install/px4_msgs/include/px4_msgs/px4_msgs/msg/detail/rover_steering_setpoint__builder.hpp\n'}
[2.005366] (px4_msgs) StdoutLine: {'line': b'-- Up-to-date: /home/rschnurr/SkyClaw-Team1/ros2_ws/install/px4_msgs/include/px4_msgs/px4_msgs/msg/detail/gpio_config__traits.hpp\n'}
[2.005407] (px4_msgs) StdoutLine: {'line': b'-- Up-to-date: /home/rschnurr/SkyClaw-Team1/ros2_ws/install/px4_msgs/include/px4_msgs/px4_msgs/msg/detail/pps_capture__traits.hpp\n'}
[2.005448] (px4_msgs) StdoutLine: {'line': b'-- Up-to-date: /home/rschnurr/SkyClaw-Team1/ros2_ws/install/px4_msgs/include/px4_msgs/px4_msgs/msg/detail/mag_worker_data__builder.hpp\n'}
[2.005490] (px4_msgs) StdoutLine: {'line': b'-- Up-to-date: /home/rschnurr/SkyClaw-Team1/ros2_ws/install/px4_msgs/include/px4_msgs/px4_msgs/msg/detail/logger_status__traits.hpp\n'}
[2.005529] (px4_msgs) StdoutLine: {'line': b'-- Up-to-date: /home/rschnurr/SkyClaw-Team1/ros2_ws/install/px4_msgs/include/px4_msgs/px4_msgs/msg/detail/wheel_encoders__struct.hpp\n'}
[2.005568] (px4_msgs) StdoutLine: {'line': b'-- Up-to-date: /home/rschnurr/SkyClaw-Team1/ros2_ws/install/px4_msgs/include/px4_msgs/px4_msgs/msg/detail/actuator_servos__struct.hpp\n'}
[2.005660] (px4_msgs) StdoutLine: {'line': b'-- Up-to-date: /home/rschnurr/SkyClaw-Team1/ros2_ws/install/px4_msgs/include/px4_msgs/px4_msgs/msg/detail/manual_control_switches__type_support.hpp\n'}
[2.005807] (px4_msgs) StdoutLine: {'line': b'-- Up-to-date: /home/rschnurr/SkyClaw-Team1/ros2_ws/install/px4_msgs/include/px4_msgs/px4_msgs/msg/detail/fuel_tank_status__type_support.hpp\n'}
[2.005908] (px4_msgs) StdoutLine: {'line': b'-- Up-to-date: /home/rschnurr/SkyClaw-Team1/ros2_ws/install/px4_msgs/include/px4_msgs/px4_msgs/msg/detail/pwm_input__traits.hpp\n'}
[2.006020] (px4_msgs) StdoutLine: {'line': b'-- Up-to-date: /home/rschnurr/SkyClaw-Team1/ros2_ws/install/px4_msgs/include/px4_msgs/px4_msgs/msg/detail/gimbal_manager_information__struct.hpp\n'}
[2.006161] (px4_msgs) StdoutLine: {'line': b'-- Up-to-date: /home/rschnurr/SkyClaw-Team1/ros2_ws/install/px4_msgs/include/px4_msgs/px4_msgs/msg/detail/vehicle_optical_flow__builder.hpp\n'}
[2.006259] (px4_msgs) StdoutLine: {'line': b'-- Up-to-date: /home/rschnurr/SkyClaw-Team1/ros2_ws/install/px4_msgs/include/px4_msgs/px4_msgs/msg/detail/mag_worker_data__traits.hpp\n'}
[2.006318] (px4_msgs) StdoutLine: {'line': b'-- Up-to-date: /home/rschnurr/SkyClaw-Team1/ros2_ws/install/px4_msgs/include/px4_msgs/px4_msgs/msg/detail/gpio_in__builder.hpp\n'}
[2.006440] (px4_msgs) StdoutLine: {'line': b'-- Up-to-date: /home/rschnurr/SkyClaw-Team1/ros2_ws/install/px4_msgs/include/px4_msgs/px4_msgs/msg/detail/hover_thrust_estimate__type_support.hpp\n'}
[2.006548] (px4_msgs) StdoutLine: {'line': b'-- Up-to-date: /home/rschnurr/SkyClaw-Team1/ros2_ws/install/px4_msgs/include/px4_msgs/px4_msgs/msg/detail/sensor_combined__traits.hpp\n'}
[2.006611] (px4_msgs) StdoutLine: {'line': b'-- Up-to-date: /home/rschnurr/SkyClaw-Team1/ros2_ws/install/px4_msgs/include/px4_msgs/px4_msgs/msg/detail/vehicle_angular_velocity__struct.hpp\n'}
[2.006666] (px4_msgs) StdoutLine: {'line': b'-- Up-to-date: /home/rschnurr/SkyClaw-Team1/ros2_ws/install/px4_msgs/include/px4_msgs/px4_msgs/msg/detail/gimbal_device_attitude_status__traits.hpp\n'}
[2.006708] (px4_msgs) StdoutLine: {'line': b'-- Up-to-date: /home/rschnurr/SkyClaw-Team1/ros2_ws/install/px4_msgs/include/px4_msgs/px4_msgs/msg/detail/sensors_status__type_support.hpp\n'}
[2.006759] (px4_msgs) StdoutLine: {'line': b'-- Up-to-date: /home/rschnurr/SkyClaw-Team1/ros2_ws/install/px4_msgs/include/px4_msgs/px4_msgs/msg/detail/yaw_estimator_status__type_support.hpp\n'}
[2.006813] (px4_msgs) StdoutLine: {'line': b'-- Up-to-date: /home/rschnurr/SkyClaw-Team1/ros2_ws/install/px4_msgs/include/px4_msgs/px4_msgs/msg/detail/logger_status__builder.hpp\n'}
[2.006850] (px4_msgs) StdoutLine: {'line': b'-- Up-to-date: /home/rschnurr/SkyClaw-Team1/ros2_ws/install/px4_msgs/include/px4_msgs/px4_msgs/msg/detail/gripper__struct.hpp\n'}
[2.006906] (px4_msgs) StdoutLine: {'line': b'-- Up-to-date: /home/rschnurr/SkyClaw-Team1/ros2_ws/install/px4_msgs/include/px4_msgs/px4_msgs/msg/detail/trajectory_setpoint__type_support.hpp\n'}
[2.006953] (px4_msgs) StdoutLine: {'line': b'-- Up-to-date: /home/rschnurr/SkyClaw-Team1/ros2_ws/install/px4_msgs/include/px4_msgs/px4_msgs/msg/detail/uavcan_parameter_request__traits.hpp\n'}
[2.007254] (px4_msgs) StdoutLine: {'line': b'-- Up-to-date: /home/rschnurr/SkyClaw-Team1/ros2_ws/install/px4_msgs/include/px4_msgs/px4_msgs/msg/detail/position_setpoint__traits.hpp\n'}
[2.007408] (px4_msgs) StdoutLine: {'line': b'-- Up-to-date: /home/rschnurr/SkyClaw-Team1/ros2_ws/install/px4_msgs/include/px4_msgs/px4_msgs/msg/detail/radio_status__type_support.hpp\n'}
[2.007494] (px4_msgs) StdoutLine: {'line': b'-- Up-to-date: /home/rschnurr/SkyClaw-Team1/ros2_ws/install/px4_msgs/include/px4_msgs/px4_msgs/msg/detail/estimator_event_flags__builder.hpp\n'}
[2.007538] (px4_msgs) StdoutLine: {'line': b'-- Up-to-date: /home/rschnurr/SkyClaw-Team1/ros2_ws/install/px4_msgs/include/px4_msgs/px4_msgs/msg/detail/sensor_correction__struct.hpp\n'}
[2.007629] (px4_msgs) StdoutLine: {'line': b'-- Up-to-date: /home/rschnurr/SkyClaw-Team1/ros2_ws/install/px4_msgs/include/px4_msgs/px4_msgs/msg/detail/autotune_attitude_control_status__builder.hpp\n'}
[2.007690] (-) TimerEvent: {}
[2.007893] (px4_msgs) StdoutLine: {'line': b'-- Up-to-date: /home/rschnurr/SkyClaw-Team1/ros2_ws/install/px4_msgs/include/px4_msgs/px4_msgs/msg/detail/estimator_bias3d__struct.hpp\n'}
[2.008065] (px4_msgs) StdoutLine: {'line': b'-- Up-to-date: /home/rschnurr/SkyClaw-Team1/ros2_ws/install/px4_msgs/include/px4_msgs/px4_msgs/msg/detail/dronecan_node_status__type_support.hpp\n'}
[2.008205] (px4_msgs) StdoutLine: {'line': b'-- Up-to-date: /home/rschnurr/SkyClaw-Team1/ros2_ws/install/px4_msgs/include/px4_msgs/px4_msgs/msg/detail/distance_sensor__struct.hpp\n'}
[2.008304] (px4_msgs) StdoutLine: {'line': b'-- Up-to-date: /home/rschnurr/SkyClaw-Team1/ros2_ws/install/px4_msgs/include/px4_msgs/px4_msgs/msg/detail/gimbal_manager_information__type_support.hpp\n'}
[2.008413] (px4_msgs) StdoutLine: {'line': b'-- Up-to-date: /home/rschnurr/SkyClaw-Team1/ros2_ws/install/px4_msgs/include/px4_msgs/px4_msgs/msg/detail/estimator_status__type_support.hpp\n'}
[2.008474] (px4_msgs) StdoutLine: {'line': b'-- Up-to-date: /home/rschnurr/SkyClaw-Team1/ros2_ws/install/px4_msgs/include/px4_msgs/px4_msgs/msg/detail/qshell_retval__builder.hpp\n'}
[2.008626] (px4_msgs) StdoutLine: {'line': b'-- Up-to-date: /home/rschnurr/SkyClaw-Team1/ros2_ws/install/px4_msgs/include/px4_msgs/px4_msgs/msg/detail/offboard_control_mode__struct.hpp\n'}
[2.008783] (px4_msgs) StdoutLine: {'line': b'-- Up-to-date: /home/rschnurr/SkyClaw-Team1/ros2_ws/install/px4_msgs/include/px4_msgs/px4_msgs/msg/detail/pwm_input__struct.hpp\n'}
[2.008926] (px4_msgs) StdoutLine: {'line': b'-- Up-to-date: /home/rschnurr/SkyClaw-Team1/ros2_ws/install/px4_msgs/include/px4_msgs/px4_msgs/msg/detail/vehicle_attitude__builder.hpp\n'}
[2.009043] (px4_msgs) StdoutLine: {'line': b'-- Up-to-date: /home/rschnurr/SkyClaw-Team1/ros2_ws/install/px4_msgs/include/px4_msgs/px4_msgs/msg/detail/ping__builder.hpp\n'}
[2.009097] (px4_msgs) StdoutLine: {'line': b'-- Up-to-date: /home/rschnurr/SkyClaw-Team1/ros2_ws/install/px4_msgs/include/px4_msgs/px4_msgs/msg/detail/home_position__type_support.hpp\n'}
[2.009299] (px4_msgs) StdoutLine: {'line': b'-- Up-to-date: /home/rschnurr/SkyClaw-Team1/ros2_ws/install/px4_msgs/include/px4_msgs/px4_msgs/msg/detail/gpio_out__struct.hpp\n'}
[2.009561] (px4_msgs) StdoutLine: {'line': b'-- Up-to-date: /home/rschnurr/SkyClaw-Team1/ros2_ws/install/px4_msgs/include/px4_msgs/px4_msgs/msg/detail/pure_pursuit_status__struct.hpp\n'}
[2.009667] (px4_msgs) StdoutLine: {'line': b'-- Up-to-date: /home/rschnurr/SkyClaw-Team1/ros2_ws/install/px4_msgs/include/px4_msgs/px4_msgs/msg/detail/magnetometer_bias_estimate__struct.hpp\n'}
[2.009744] (px4_msgs) StdoutLine: {'line': b'-- Up-to-date: /home/rschnurr/SkyClaw-Team1/ros2_ws/install/px4_msgs/include/px4_msgs/px4_msgs/msg/detail/rc_channels__type_support.hpp\n'}
[2.009803] (px4_msgs) StdoutLine: {'line': b'-- Up-to-date: /home/rschnurr/SkyClaw-Team1/ros2_ws/install/px4_msgs/include/px4_msgs/px4_msgs/msg/detail/qshell_retval__struct.hpp\n'}
[2.009857] (px4_msgs) StdoutLine: {'line': b'-- Up-to-date: /home/rschnurr/SkyClaw-Team1/ros2_ws/install/px4_msgs/include/px4_msgs/px4_msgs/msg/detail/ulog_stream_ack__type_support.hpp\n'}
[2.009907] (px4_msgs) StdoutLine: {'line': b'-- Up-to-date: /home/rschnurr/SkyClaw-Team1/ros2_ws/install/px4_msgs/include/px4_msgs/px4_msgs/msg/detail/camera_status__struct.hpp\n'}
[2.009956] (px4_msgs) StdoutLine: {'line': b'-- Up-to-date: /home/rschnurr/SkyClaw-Team1/ros2_ws/install/px4_msgs/include/px4_msgs/px4_msgs/msg/detail/ekf2_timestamps__struct.hpp\n'}
[2.010014] (px4_msgs) StdoutLine: {'line': b'-- Up-to-date: /home/rschnurr/SkyClaw-Team1/ros2_ws/install/px4_msgs/include/px4_msgs/px4_msgs/msg/detail/airspeed__struct.hpp\n'}
[2.010056] (px4_msgs) StdoutLine: {'line': b'-- Up-to-date: /home/rschnurr/SkyClaw-Team1/ros2_ws/install/px4_msgs/include/px4_msgs/px4_msgs/msg/detail/rover_attitude_status__type_support.hpp\n'}
[2.010095] (px4_msgs) StdoutLine: {'line': b'-- Up-to-date: /home/rschnurr/SkyClaw-Team1/ros2_ws/install/px4_msgs/include/px4_msgs/px4_msgs/msg/detail/debug_vect__type_support.hpp\n'}
[2.010178] (px4_msgs) StdoutLine: {'line': b'-- Up-to-date: /home/rschnurr/SkyClaw-Team1/ros2_ws/install/px4_msgs/include/px4_msgs/px4_msgs/msg/detail/parameter_update__traits.hpp\n'}
[2.010274] (px4_msgs) StdoutLine: {'line': b'-- Up-to-date: /home/rschnurr/SkyClaw-Team1/ros2_ws/install/px4_msgs/include/px4_msgs/px4_msgs/msg/detail/estimator_states__struct.hpp\n'}
[2.010330] (px4_msgs) StdoutLine: {'line': b'-- Up-to-date: /home/rschnurr/SkyClaw-Team1/ros2_ws/install/px4_msgs/include/px4_msgs/px4_msgs/msg/detail/figure_eight_status__builder.hpp\n'}
[2.010375] (px4_msgs) StdoutLine: {'line': b'-- Up-to-date: /home/rschnurr/SkyClaw-Team1/ros2_ws/install/px4_msgs/include/px4_msgs/px4_msgs/msg/detail/estimator_innovations__type_support.hpp\n'}
[2.010434] (px4_msgs) StdoutLine: {'line': b'-- Up-to-date: /home/rschnurr/SkyClaw-Team1/ros2_ws/install/px4_msgs/include/px4_msgs/px4_msgs/msg/detail/estimator_event_flags__struct.hpp\n'}
[2.010565] (px4_msgs) StdoutLine: {'line': b'-- Up-to-date: /home/rschnurr/SkyClaw-Team1/ros2_ws/install/px4_msgs/include/px4_msgs/px4_msgs/msg/detail/telemetry_status__struct.hpp\n'}
[2.010636] (px4_msgs) StdoutLine: {'line': b'-- Up-to-date: /home/rschnurr/SkyClaw-Team1/ros2_ws/install/px4_msgs/include/px4_msgs/px4_msgs/msg/detail/navigator_status__struct.hpp\n'}
[2.010702] (px4_msgs) StdoutLine: {'line': b'-- Up-to-date: /home/rschnurr/SkyClaw-Team1/ros2_ws/install/px4_msgs/include/px4_msgs/px4_msgs/msg/detail/position_setpoint_triplet__struct.hpp\n'}
[2.010746] (px4_msgs) StdoutLine: {'line': b'-- Up-to-date: /home/rschnurr/SkyClaw-Team1/ros2_ws/install/px4_msgs/include/px4_msgs/px4_msgs/msg/detail/vtol_vehicle_status__traits.hpp\n'}
[2.010789] (px4_msgs) StdoutLine: {'line': b'-- Up-to-date: /home/rschnurr/SkyClaw-Team1/ros2_ws/install/px4_msgs/include/px4_msgs/px4_msgs/msg/detail/gimbal_controls__builder.hpp\n'}
[2.010878] (px4_msgs) StdoutLine: {'line': b'-- Up-to-date: /home/rschnurr/SkyClaw-Team1/ros2_ws/install/px4_msgs/include/px4_msgs/px4_msgs/msg/detail/sensor_mag__type_support.hpp\n'}
[2.010948] (px4_msgs) StdoutLine: {'line': b'-- Up-to-date: /home/rschnurr/SkyClaw-Team1/ros2_ws/install/px4_msgs/include/px4_msgs/px4_msgs/msg/detail/estimator_status_flags__type_support.hpp\n'}
[2.010994] (px4_msgs) StdoutLine: {'line': b'-- Up-to-date: /home/rschnurr/SkyClaw-Team1/ros2_ws/install/px4_msgs/include/px4_msgs/px4_msgs/msg/detail/navigator_mission_item__type_support.hpp\n'}
[2.011044] (px4_msgs) StdoutLine: {'line': b'-- Up-to-date: /home/rschnurr/SkyClaw-Team1/ros2_ws/install/px4_msgs/include/px4_msgs/px4_msgs/msg/detail/adc_report__traits.hpp\n'}
[2.011102] (px4_msgs) StdoutLine: {'line': b'-- Up-to-date: /home/rschnurr/SkyClaw-Team1/ros2_ws/install/px4_msgs/include/px4_msgs/px4_msgs/msg/detail/actuator_test__struct.hpp\n'}
[2.011152] (px4_msgs) StdoutLine: {'line': b'-- Up-to-date: /home/rschnurr/SkyClaw-Team1/ros2_ws/install/px4_msgs/include/px4_msgs/px4_msgs/msg/detail/unregister_ext_component__builder.hpp\n'}
[2.011203] (px4_msgs) StdoutLine: {'line': b'-- Up-to-date: /home/rschnurr/SkyClaw-Team1/ros2_ws/install/px4_msgs/include/px4_msgs/px4_msgs/msg/detail/ulog_stream__builder.hpp\n'}
[2.011252] (px4_msgs) StdoutLine: {'line': b'-- Up-to-date: /home/rschnurr/SkyClaw-Team1/ros2_ws/install/px4_msgs/include/px4_msgs/px4_msgs/msg/detail/sensor_gyro_fft__struct.hpp\n'}
[2.011359] (px4_msgs) StdoutLine: {'line': b'-- Up-to-date: /home/rschnurr/SkyClaw-Team1/ros2_ws/install/px4_msgs/include/px4_msgs/px4_msgs/msg/detail/gimbal_manager_set_attitude__struct.hpp\n'}
[2.011461] (px4_msgs) StdoutLine: {'line': b'-- Up-to-date: /home/rschnurr/SkyClaw-Team1/ros2_ws/install/px4_msgs/include/px4_msgs/px4_msgs/msg/detail/mavlink_log__traits.hpp\n'}
[2.011663] (px4_msgs) StdoutLine: {'line': b'-- Up-to-date: /home/rschnurr/SkyClaw-Team1/ros2_ws/install/px4_msgs/include/px4_msgs/px4_msgs/msg/detail/distance_sensor__type_support.hpp\n'}
[2.011747] (px4_msgs) StdoutLine: {'line': b'-- Up-to-date: /home/rschnurr/SkyClaw-Team1/ros2_ws/install/px4_msgs/include/px4_msgs/px4_msgs/msg/detail/parameter_update__builder.hpp\n'}
[2.011795] (px4_msgs) StdoutLine: {'line': b'-- Up-to-date: /home/rschnurr/SkyClaw-Team1/ros2_ws/install/px4_msgs/include/px4_msgs/px4_msgs/msg/detail/manual_control_setpoint__traits.hpp\n'}
[2.011836] (px4_msgs) StdoutLine: {'line': b'-- Up-to-date: /home/rschnurr/SkyClaw-Team1/ros2_ws/install/px4_msgs/include/px4_msgs/px4_msgs/msg/detail/vehicle_local_position_setpoint__builder.hpp\n'}
[2.011877] (px4_msgs) StdoutLine: {'line': b'-- Up-to-date: /home/rschnurr/SkyClaw-Team1/ros2_ws/install/px4_msgs/include/px4_msgs/px4_msgs/msg/detail/gimbal_device_attitude_status__builder.hpp\n'}
[2.011953] (px4_msgs) StdoutLine: {'line': b'-- Up-to-date: /home/rschnurr/SkyClaw-Team1/ros2_ws/install/px4_msgs/include/px4_msgs/px4_msgs/msg/detail/ekf2_timestamps__traits.hpp\n'}
[2.012004] (px4_msgs) StdoutLine: {'line': b'-- Up-to-date: /home/rschnurr/SkyClaw-Team1/ros2_ws/install/px4_msgs/include/px4_msgs/px4_msgs/msg/detail/dataman_request__struct.hpp\n'}
[2.012041] (px4_msgs) StdoutLine: {'line': b'-- Up-to-date: /home/rschnurr/SkyClaw-Team1/ros2_ws/install/px4_msgs/include/px4_msgs/px4_msgs/msg/detail/irlock_report__struct.hpp\n'}
[2.012074] (px4_msgs) StdoutLine: {'line': b'-- Up-to-date: /home/rschnurr/SkyClaw-Team1/ros2_ws/install/px4_msgs/include/px4_msgs/px4_msgs/msg/detail/estimator_states__type_support.hpp\n'}
[2.012104] (px4_msgs) StdoutLine: {'line': b'-- Up-to-date: /home/rschnurr/SkyClaw-Team1/ros2_ws/install/px4_msgs/include/px4_msgs/px4_msgs/msg/detail/geofence_result__type_support.hpp\n'}
[2.012136] (px4_msgs) StdoutLine: {'line': b'-- Up-to-date: /home/rschnurr/SkyClaw-Team1/ros2_ws/install/px4_msgs/include/px4_msgs/px4_msgs/msg/detail/system_power__builder.hpp\n'}
[2.012164] (px4_msgs) StdoutLine: {'line': b'-- Up-to-date: /home/rschnurr/SkyClaw-Team1/ros2_ws/install/px4_msgs/include/px4_msgs/px4_msgs/msg/detail/sensor_accel_fifo__builder.hpp\n'}
[2.012200] (px4_msgs) StdoutLine: {'line': b'-- Up-to-date: /home/rschnurr/SkyClaw-Team1/ros2_ws/install/px4_msgs/include/px4_msgs/px4_msgs/msg/detail/debug_value__builder.hpp\n'}
[2.012227] (px4_msgs) StdoutLine: {'line': b'-- Up-to-date: /home/rschnurr/SkyClaw-Team1/ros2_ws/install/px4_msgs/include/px4_msgs/px4_msgs/msg/detail/fixed_wing_lateral_status__struct.hpp\n'}
[2.012256] (px4_msgs) StdoutLine: {'line': b'-- Up-to-date: /home/rschnurr/SkyClaw-Team1/ros2_ws/install/px4_msgs/include/px4_msgs/px4_msgs/msg/detail/rpm__type_support.hpp\n'}
[2.012284] (px4_msgs) StdoutLine: {'line': b'-- Up-to-date: /home/rschnurr/SkyClaw-Team1/ros2_ws/install/px4_msgs/include/px4_msgs/px4_msgs/msg/detail/vehicle_constraints__traits.hpp\n'}
[2.012318] (px4_msgs) StdoutLine: {'line': b'-- Up-to-date: /home/rschnurr/SkyClaw-Team1/ros2_ws/install/px4_msgs/include/px4_msgs/px4_msgs/msg/detail/open_drone_id_arm_status__type_support.hpp\n'}
[2.012344] (px4_msgs) StdoutLine: {'line': b'-- Up-to-date: /home/rschnurr/SkyClaw-Team1/ros2_ws/install/px4_msgs/include/px4_msgs/px4_msgs/msg/detail/offboard_control_mode__type_support.hpp\n'}
[2.012384] (px4_msgs) StdoutLine: {'line': b'-- Up-to-date: /home/rschnurr/SkyClaw-Team1/ros2_ws/install/px4_msgs/include/px4_msgs/px4_msgs/msg/detail/camera_trigger__builder.hpp\n'}
[2.012422] (px4_msgs) StdoutLine: {'line': b'-- Up-to-date: /home/rschnurr/SkyClaw-Team1/ros2_ws/install/px4_msgs/include/px4_msgs/px4_msgs/msg/detail/fixed_wing_longitudinal_setpoint__type_support.hpp\n'}
[2.012459] (px4_msgs) StdoutLine: {'line': b'-- Up-to-date: /home/rschnurr/SkyClaw-Team1/ros2_ws/install/px4_msgs/include/px4_msgs/px4_msgs/msg/detail/register_ext_component_reply__struct.hpp\n'}
[2.012552] (px4_msgs) StdoutLine: {'line': b'-- Up-to-date: /home/rschnurr/SkyClaw-Team1/ros2_ws/install/px4_msgs/include/px4_msgs/px4_msgs/msg/detail/vehicle_command__builder.hpp\n'}
[2.012638] (px4_msgs) StdoutLine: {'line': b'-- Up-to-date: /home/rschnurr/SkyClaw-Team1/ros2_ws/install/px4_msgs/include/px4_msgs/px4_msgs/msg/detail/mavlink_tunnel__traits.hpp\n'}
[2.012681] (px4_msgs) StdoutLine: {'line': b'-- Up-to-date: /home/rschnurr/SkyClaw-Team1/ros2_ws/install/px4_msgs/include/px4_msgs/px4_msgs/msg/detail/gripper__traits.hpp\n'}
[2.012717] (px4_msgs) StdoutLine: {'line': b'-- Up-to-date: /home/rschnurr/SkyClaw-Team1/ros2_ws/install/px4_msgs/include/px4_msgs/px4_msgs/msg/detail/estimator_sensor_bias__type_support.hpp\n'}
[2.012747] (px4_msgs) StdoutLine: {'line': b'-- Up-to-date: /home/rschnurr/SkyClaw-Team1/ros2_ws/install/px4_msgs/include/px4_msgs/px4_msgs/msg/detail/flight_phase_estimation__builder.hpp\n'}
[2.012826] (px4_msgs) StdoutLine: {'line': b'-- Up-to-date: /home/rschnurr/SkyClaw-Team1/ros2_ws/install/px4_msgs/include/px4_msgs/px4_msgs/msg/detail/action_request__traits.hpp\n'}
[2.012889] (px4_msgs) StdoutLine: {'line': b'-- Up-to-date: /home/rschnurr/SkyClaw-Team1/ros2_ws/install/px4_msgs/include/px4_msgs/px4_msgs/msg/detail/cpuload__type_support.hpp\n'}
[2.012968] (px4_msgs) StdoutLine: {'line': b'-- Up-to-date: /home/rschnurr/SkyClaw-Team1/ros2_ws/install/px4_msgs/include/px4_msgs/px4_msgs/msg/detail/rover_attitude_setpoint__type_support.hpp\n'}
[2.013127] (px4_msgs) StdoutLine: {'line': b'-- Up-to-date: /home/rschnurr/SkyClaw-Team1/ros2_ws/install/px4_msgs/include/px4_msgs/px4_msgs/msg/detail/normalized_unsigned_setpoint__type_support.hpp\n'}
[2.013208] (px4_msgs) StdoutLine: {'line': b'-- Up-to-date: /home/rschnurr/SkyClaw-Team1/ros2_ws/install/px4_msgs/include/px4_msgs/px4_msgs/msg/detail/onboard_computer_status__type_support.hpp\n'}
[2.013266] (px4_msgs) StdoutLine: {'line': b'-- Up-to-date: /home/rschnurr/SkyClaw-Team1/ros2_ws/install/px4_msgs/include/px4_msgs/px4_msgs/msg/detail/trajectory_setpoint__traits.hpp\n'}
[2.013353] (px4_msgs) StdoutLine: {'line': b'-- Up-to-date: /home/rschnurr/SkyClaw-Team1/ros2_ws/install/px4_msgs/include/px4_msgs/px4_msgs/msg/detail/rover_speed_setpoint__builder.hpp\n'}
[2.013401] (px4_msgs) StdoutLine: {'line': b'-- Up-to-date: /home/rschnurr/SkyClaw-Team1/ros2_ws/install/px4_msgs/include/px4_msgs/px4_msgs/msg/detail/sensor_gnss_status__type_support.hpp\n'}
[2.013446] (px4_msgs) StdoutLine: {'line': b'-- Up-to-date: /home/rschnurr/SkyClaw-Team1/ros2_ws/install/px4_msgs/include/px4_msgs/px4_msgs/msg/detail/pure_pursuit_status__traits.hpp\n'}
[2.013554] (px4_msgs) StdoutLine: {'line': b'-- Up-to-date: /home/rschnurr/SkyClaw-Team1/ros2_ws/install/px4_msgs/include/px4_msgs/px4_msgs/msg/detail/onboard_computer_status__builder.hpp\n'}
[2.013672] (px4_msgs) StdoutLine: {'line': b'-- Up-to-date: /home/rschnurr/SkyClaw-Team1/ros2_ws/install/px4_msgs/include/px4_msgs/px4_msgs/msg/detail/estimator_aid_source3d__type_support.hpp\n'}
[2.013730] (px4_msgs) StdoutLine: {'line': b'-- Up-to-date: /home/rschnurr/SkyClaw-Team1/ros2_ws/install/px4_msgs/include/px4_msgs/px4_msgs/msg/detail/autotune_attitude_control_status__type_support.hpp\n'}
[2.013778] (px4_msgs) StdoutLine: {'line': b'-- Up-to-date: /home/rschnurr/SkyClaw-Team1/ros2_ws/install/px4_msgs/include/px4_msgs/px4_msgs/msg/detail/rover_speed_status__traits.hpp\n'}
[2.013845] (px4_msgs) StdoutLine: {'line': b'-- Up-to-date: /home/rschnurr/SkyClaw-Team1/ros2_ws/install/px4_msgs/include/px4_msgs/px4_msgs/msg/detail/gpio_config__struct.hpp\n'}
[2.013876] (px4_msgs) StdoutLine: {'line': b'-- Up-to-date: /home/rschnurr/SkyClaw-Team1/ros2_ws/install/px4_msgs/include/px4_msgs/px4_msgs/msg/detail/generator_status__type_support.hpp\n'}
[2.013904] (px4_msgs) StdoutLine: {'line': b'-- Up-to-date: /home/rschnurr/SkyClaw-Team1/ros2_ws/install/px4_msgs/include/px4_msgs/px4_msgs/msg/detail/rc_parameter_map__type_support.hpp\n'}
[2.013947] (px4_msgs) StdoutLine: {'line': b'-- Up-to-date: /home/rschnurr/SkyClaw-Team1/ros2_ws/install/px4_msgs/include/px4_msgs/px4_msgs/msg/detail/qshell_req__struct.hpp\n'}
[2.013977] (px4_msgs) StdoutLine: {'line': b'-- Up-to-date: /home/rschnurr/SkyClaw-Team1/ros2_ws/install/px4_msgs/include/px4_msgs/px4_msgs/msg/detail/debug_vect__traits.hpp\n'}
[2.014007] (px4_msgs) StdoutLine: {'line': b'-- Up-to-date: /home/rschnurr/SkyClaw-Team1/ros2_ws/install/px4_msgs/include/px4_msgs/px4_msgs/msg/detail/message_format_request__builder.hpp\n'}
[2.014046] (px4_msgs) StdoutLine: {'line': b'-- Up-to-date: /home/rschnurr/SkyClaw-Team1/ros2_ws/install/px4_msgs/include/px4_msgs/px4_msgs/msg/detail/power_button_state__type_support.hpp\n'}
[2.014076] (px4_msgs) StdoutLine: {'line': b'-- Up-to-date: /home/rschnurr/SkyClaw-Team1/ros2_ws/install/px4_msgs/include/px4_msgs/px4_msgs/msg/detail/debug_value__type_support.hpp\n'}
[2.014104] (px4_msgs) StdoutLine: {'line': b'-- Up-to-date: /home/rschnurr/SkyClaw-Team1/ros2_ws/install/px4_msgs/include/px4_msgs/px4_msgs/msg/detail/vehicle_rates_setpoint__traits.hpp\n'}
[2.014135] (px4_msgs) StdoutLine: {'line': b'-- Up-to-date: /home/rschnurr/SkyClaw-Team1/ros2_ws/install/px4_msgs/include/px4_msgs/px4_msgs/msg/detail/launch_detection_status__type_support.hpp\n'}
[2.014164] (px4_msgs) StdoutLine: {'line': b'-- Up-to-date: /home/rschnurr/SkyClaw-Team1/ros2_ws/install/px4_msgs/include/px4_msgs/px4_msgs/msg/detail/tecs_status__traits.hpp\n'}
[2.014190] (px4_msgs) StdoutLine: {'line': b'-- Up-to-date: /home/rschnurr/SkyClaw-Team1/ros2_ws/install/px4_msgs/include/px4_msgs/px4_msgs/msg/detail/system_power__traits.hpp\n'}
[2.014217] (px4_msgs) StdoutLine: {'line': b'-- Up-to-date: /home/rschnurr/SkyClaw-Team1/ros2_ws/install/px4_msgs/include/px4_msgs/px4_msgs/msg/detail/estimator_states__builder.hpp\n'}
[2.014245] (px4_msgs) StdoutLine: {'line': b'-- Up-to-date: /home/rschnurr/SkyClaw-Team1/ros2_ws/install/px4_msgs/include/px4_msgs/px4_msgs/msg/detail/navigator_mission_item__builder.hpp\n'}
[2.014273] (px4_msgs) StdoutLine: {'line': b'-- Up-to-date: /home/rschnurr/SkyClaw-Team1/ros2_ws/install/px4_msgs/include/px4_msgs/px4_msgs/msg/detail/trajectory_setpoint__builder.hpp\n'}
[2.014300] (px4_msgs) StdoutLine: {'line': b'-- Up-to-date: /home/rschnurr/SkyClaw-Team1/ros2_ws/install/px4_msgs/include/px4_msgs/px4_msgs/msg/detail/landing_gear__struct.hpp\n'}
[2.014327] (px4_msgs) StdoutLine: {'line': b'-- Up-to-date: /home/rschnurr/SkyClaw-Team1/ros2_ws/install/px4_msgs/include/px4_msgs/px4_msgs/msg/detail/camera_status__builder.hpp\n'}
[2.014355] (px4_msgs) StdoutLine: {'line': b'-- Up-to-date: /home/rschnurr/SkyClaw-Team1/ros2_ws/install/px4_msgs/include/px4_msgs/px4_msgs/msg/detail/gpio_out__type_support.hpp\n'}
[2.014381] (px4_msgs) StdoutLine: {'line': b'-- Up-to-date: /home/rschnurr/SkyClaw-Team1/ros2_ws/install/px4_msgs/include/px4_msgs/px4_msgs/msg/detail/tiltrotor_extra_controls__struct.hpp\n'}
[2.014412] (px4_msgs) StdoutLine: {'line': b'-- Up-to-date: /home/rschnurr/SkyClaw-Team1/ros2_ws/install/px4_msgs/include/px4_msgs/px4_msgs/msg/detail/actuator_controls_status__struct.hpp\n'}
[2.014439] (px4_msgs) StdoutLine: {'line': b'-- Up-to-date: /home/rschnurr/SkyClaw-Team1/ros2_ws/install/px4_msgs/include/px4_msgs/px4_msgs/msg/detail/qshell_req__builder.hpp\n'}
[2.014465] (px4_msgs) StdoutLine: {'line': b'-- Up-to-date: /home/rschnurr/SkyClaw-Team1/ros2_ws/install/px4_msgs/include/px4_msgs/px4_msgs/msg/detail/airspeed_validated__struct.hpp\n'}
[2.014541] (px4_msgs) StdoutLine: {'line': b'-- Up-to-date: /home/rschnurr/SkyClaw-Team1/ros2_ws/install/px4_msgs/include/px4_msgs/px4_msgs/msg/detail/neural_control__type_support.hpp\n'}
[2.014600] (px4_msgs) StdoutLine: {'line': b'-- Up-to-date: /home/rschnurr/SkyClaw-Team1/ros2_ws/install/px4_msgs/include/px4_msgs/px4_msgs/msg/detail/sensor_combined__builder.hpp\n'}
[2.014644] (px4_msgs) StdoutLine: {'line': b'-- Up-to-date: /home/rschnurr/SkyClaw-Team1/ros2_ws/install/px4_msgs/include/px4_msgs/px4_msgs/msg/detail/gps_inject_data__type_support.hpp\n'}
[2.014691] (px4_msgs) StdoutLine: {'line': b'-- Up-to-date: /home/rschnurr/SkyClaw-Team1/ros2_ws/install/px4_msgs/include/px4_msgs/px4_msgs/msg/detail/debug_key_value__struct.hpp\n'}
[2.014732] (px4_msgs) StdoutLine: {'line': b'-- Up-to-date: /home/rschnurr/SkyClaw-Team1/ros2_ws/install/px4_msgs/include/px4_msgs/px4_msgs/msg/detail/mount_orientation__traits.hpp\n'}
[2.014786] (px4_msgs) StdoutLine: {'line': b'-- Up-to-date: /home/rschnurr/SkyClaw-Team1/ros2_ws/install/px4_msgs/include/px4_msgs/px4_msgs/msg/detail/rpm__builder.hpp\n'}
[2.014880] (px4_msgs) StdoutLine: {'line': b'-- Up-to-date: /home/rschnurr/SkyClaw-Team1/ros2_ws/install/px4_msgs/include/px4_msgs/px4_msgs/msg/detail/sensor_baro__struct.hpp\n'}
[2.014983] (px4_msgs) StdoutLine: {'line': b'-- Up-to-date: /home/rschnurr/SkyClaw-Team1/ros2_ws/install/px4_msgs/include/px4_msgs/px4_msgs/msg/detail/estimator_bias3d__type_support.hpp\n'}
[2.015067] (px4_msgs) StdoutLine: {'line': b'-- Up-to-date: /home/rschnurr/SkyClaw-Team1/ros2_ws/install/px4_msgs/include/px4_msgs/px4_msgs/msg/detail/vehicle_optical_flow_vel__struct.hpp\n'}
[2.015113] (px4_msgs) StdoutLine: {'line': b'-- Up-to-date: /home/rschnurr/SkyClaw-Team1/ros2_ws/install/px4_msgs/include/px4_msgs/px4_msgs/msg/detail/orb_test_medium__traits.hpp\n'}
[2.015158] (px4_msgs) StdoutLine: {'line': b'-- Up-to-date: /home/rschnurr/SkyClaw-Team1/ros2_ws/install/px4_msgs/include/px4_msgs/px4_msgs/msg/detail/rover_steering_setpoint__type_support.hpp\n'}
[2.015201] (px4_msgs) StdoutLine: {'line': b'-- Up-to-date: /home/rschnurr/SkyClaw-Team1/ros2_ws/install/px4_msgs/include/px4_msgs/px4_msgs/msg/detail/gpio_in__traits.hpp\n'}
[2.015283] (px4_msgs) StdoutLine: {'line': b'-- Up-to-date: /home/rschnurr/SkyClaw-Team1/ros2_ws/install/px4_msgs/include/px4_msgs/px4_msgs/msg/detail/rover_speed_status__type_support.hpp\n'}
[2.015428] (px4_msgs) StdoutLine: {'line': b'-- Up-to-date: /home/rschnurr/SkyClaw-Team1/ros2_ws/install/px4_msgs/include/px4_msgs/px4_msgs/msg/detail/estimator_aid_source1d__builder.hpp\n'}
[2.015618] (px4_msgs) StdoutLine: {'line': b'-- Up-to-date: /home/rschnurr/SkyClaw-Team1/ros2_ws/install/px4_msgs/include/px4_msgs/px4_msgs/msg/detail/camera_status__type_support.hpp\n'}
[2.015792] (px4_msgs) StdoutLine: {'line': b'-- Up-to-date: /home/rschnurr/SkyClaw-Team1/ros2_ws/install/px4_msgs/include/px4_msgs/px4_msgs/msg/detail/parameter_set_used_request__builder.hpp\n'}
[2.016497] (px4_msgs) StdoutLine: {'line': b'-- Up-to-date: /home/rschnurr/SkyClaw-Team1/ros2_ws/install/px4_msgs/include/px4_msgs/px4_msgs/msg/detail/estimator_aid_source1d__struct.hpp\n'}
[2.016775] (px4_msgs) StdoutLine: {'line': b'-- Up-to-date: /home/rschnurr/SkyClaw-Team1/ros2_ws/install/px4_msgs/include/px4_msgs/px4_msgs/msg/detail/timesync_status__type_support.hpp\n'}
[2.016949] (px4_msgs) StdoutLine: {'line': b'-- Up-to-date: /home/rschnurr/SkyClaw-Team1/ros2_ws/install/px4_msgs/include/px4_msgs/px4_msgs/msg/detail/rover_throttle_setpoint__builder.hpp\n'}
[2.017304] (px4_msgs) StdoutLine: {'line': b'-- Up-to-date: /home/rschnurr/SkyClaw-Team1/ros2_ws/install/px4_msgs/include/px4_msgs/px4_msgs/msg/detail/mavlink_log__type_support.hpp\n'}
[2.017574] (px4_msgs) StdoutLine: {'line': b'-- Up-to-date: /home/rschnurr/SkyClaw-Team1/ros2_ws/install/px4_msgs/include/px4_msgs/px4_msgs/msg/detail/actuator_controls_status__traits.hpp\n'}
[2.017831] (px4_msgs) StdoutLine: {'line': b'-- Up-to-date: /home/rschnurr/SkyClaw-Team1/ros2_ws/install/px4_msgs/include/px4_msgs/px4_msgs/msg/detail/power_button_state__builder.hpp\n'}
[2.017926] (px4_msgs) StdoutLine: {'line': b'-- Up-to-date: /home/rschnurr/SkyClaw-Team1/ros2_ws/install/px4_msgs/include/px4_msgs/px4_msgs/msg/detail/gimbal_device_information__struct.hpp\n'}
[2.017993] (px4_msgs) StdoutLine: {'line': b'-- Up-to-date: /home/rschnurr/SkyClaw-Team1/ros2_ws/install/px4_msgs/include/px4_msgs/px4_msgs/msg/detail/telemetry_status__traits.hpp\n'}
[2.018112] (px4_msgs) StdoutLine: {'line': b'-- Up-to-date: /home/rschnurr/SkyClaw-Team1/ros2_ws/install/px4_msgs/include/px4_msgs/px4_msgs/msg/detail/mode_completed__type_support.hpp\n'}
[2.018386] (px4_msgs) StdoutLine: {'line': b'-- Up-to-date: /home/rschnurr/SkyClaw-Team1/ros2_ws/install/px4_msgs/include/px4_msgs/px4_msgs/msg/detail/follow_target__builder.hpp\n'}
[2.018572] (px4_msgs) StdoutLine: {'line': b'-- Up-to-date: /home/rschnurr/SkyClaw-Team1/ros2_ws/install/px4_msgs/include/px4_msgs/px4_msgs/msg/detail/radio_status__struct.hpp\n'}
[2.018659] (px4_msgs) StdoutLine: {'line': b'-- Up-to-date: /home/rschnurr/SkyClaw-Team1/ros2_ws/install/px4_msgs/include/px4_msgs/px4_msgs/msg/detail/goto_setpoint__builder.hpp\n'}
[2.018717] (px4_msgs) StdoutLine: {'line': b'-- Up-to-date: /home/rschnurr/SkyClaw-Team1/ros2_ws/install/px4_msgs/include/px4_msgs/px4_msgs/msg/detail/failsafe_flags__builder.hpp\n'}
[2.018787] (px4_msgs) StdoutLine: {'line': b'-- Up-to-date: /home/rschnurr/SkyClaw-Team1/ros2_ws/install/px4_msgs/include/px4_msgs/px4_msgs/msg/detail/vehicle_optical_flow__type_support.hpp\n'}
[2.018843] (px4_msgs) StdoutLine: {'line': b'-- Up-to-date: /home/rschnurr/SkyClaw-Team1/ros2_ws/install/px4_msgs/include/px4_msgs/px4_msgs/msg/detail/autotune_attitude_control_status__traits.hpp\n'}
[2.018894] (px4_msgs) StdoutLine: {'line': b'-- Up-to-date: /home/rschnurr/SkyClaw-Team1/ros2_ws/install/px4_msgs/include/px4_msgs/px4_msgs/msg/detail/manual_control_switches__traits.hpp\n'}
[2.018945] (px4_msgs) StdoutLine: {'line': b'-- Up-to-date: /home/rschnurr/SkyClaw-Team1/ros2_ws/install/px4_msgs/include/px4_msgs/px4_msgs/msg/detail/fixed_wing_lateral_status__builder.hpp\n'}
[2.018993] (px4_msgs) StdoutLine: {'line': b'-- Up-to-date: /home/rschnurr/SkyClaw-Team1/ros2_ws/install/px4_msgs/include/px4_msgs/px4_msgs/msg/detail/led_control__type_support.hpp\n'}
[2.019053] (px4_msgs) StdoutLine: {'line': b'-- Up-to-date: /home/rschnurr/SkyClaw-Team1/ros2_ws/install/px4_msgs/include/px4_msgs/px4_msgs/msg/detail/velocity_limits__type_support.hpp\n'}
[2.019098] (px4_msgs) StdoutLine: {'line': b'-- Up-to-date: /home/rschnurr/SkyClaw-Team1/ros2_ws/install/px4_msgs/include/px4_msgs/px4_msgs/msg/detail/sensor_accel_fifo__traits.hpp\n'}
[2.019143] (px4_msgs) StdoutLine: {'line': b'-- Up-to-date: /home/rschnurr/SkyClaw-Team1/ros2_ws/install/px4_msgs/include/px4_msgs/px4_msgs/msg/detail/vehicle_angular_acceleration_setpoint__builder.hpp\n'}
[2.019189] (px4_msgs) StdoutLine: {'line': b'-- Up-to-date: /home/rschnurr/SkyClaw-Team1/ros2_ws/install/px4_msgs/include/px4_msgs/px4_msgs/msg/detail/airspeed_wind__struct.hpp\n'}
[2.019234] (px4_msgs) StdoutLine: {'line': b'-- Up-to-date: /home/rschnurr/SkyClaw-Team1/ros2_ws/install/px4_msgs/include/px4_msgs/px4_msgs/msg/detail/figure_eight_status__traits.hpp\n'}
[2.019279] (px4_msgs) StdoutLine: {'line': b'-- Up-to-date: /home/rschnurr/SkyClaw-Team1/ros2_ws/install/px4_msgs/include/px4_msgs/px4_msgs/msg/detail/mission__struct.hpp\n'}
[2.019400] (px4_msgs) StdoutLine: {'line': b'-- Up-to-date: /home/rschnurr/SkyClaw-Team1/ros2_ws/install/px4_msgs/include/px4_msgs/px4_msgs/msg/detail/sensor_accel__struct.hpp\n'}
[2.019496] (px4_msgs) StdoutLine: {'line': b'-- Up-to-date: /home/rschnurr/SkyClaw-Team1/ros2_ws/install/px4_msgs/include/px4_msgs/px4_msgs/msg/detail/position_setpoint_triplet__type_support.hpp\n'}
[2.019570] (px4_msgs) StdoutLine: {'line': b'-- Up-to-date: /home/rschnurr/SkyClaw-Team1/ros2_ws/install/px4_msgs/include/px4_msgs/px4_msgs/msg/detail/vehicle_land_detected__builder.hpp\n'}
[2.019636] (px4_msgs) StdoutLine: {'line': b'-- Up-to-date: /home/rschnurr/SkyClaw-Team1/ros2_ws/install/px4_msgs/include/px4_msgs/px4_msgs/msg/detail/led_control__struct.hpp\n'}
[2.019720] (px4_msgs) StdoutLine: {'line': b'-- Up-to-date: /home/rschnurr/SkyClaw-Team1/ros2_ws/install/px4_msgs/include/px4_msgs/px4_msgs/msg/detail/differential_pressure__type_support.hpp\n'}
[2.019852] (px4_msgs) StdoutLine: {'line': b'-- Up-to-date: /home/rschnurr/SkyClaw-Team1/ros2_ws/install/px4_msgs/include/px4_msgs/px4_msgs/msg/detail/button_event__traits.hpp\n'}
[2.020035] (px4_msgs) StdoutLine: {'line': b'-- Up-to-date: /home/rschnurr/SkyClaw-Team1/ros2_ws/install/px4_msgs/include/px4_msgs/px4_msgs/msg/detail/timesync_status__builder.hpp\n'}
[2.020368] (px4_msgs) StdoutLine: {'line': b'-- Up-to-date: /home/rschnurr/SkyClaw-Team1/ros2_ws/install/px4_msgs/include/px4_msgs/px4_msgs/msg/detail/internal_combustion_engine_status__traits.hpp\n'}
[2.020505] (px4_msgs) StdoutLine: {'line': b'-- Up-to-date: /home/rschnurr/SkyClaw-Team1/ros2_ws/install/px4_msgs/include/px4_msgs/px4_msgs/msg/detail/estimator_aid_source1d__type_support.hpp\n'}
[2.020688] (px4_msgs) StdoutLine: {'line': b'-- Up-to-date: /home/rschnurr/SkyClaw-Team1/ros2_ws/install/px4_msgs/include/px4_msgs/px4_msgs/msg/detail/distance_sensor_mode_change_request__type_support.hpp\n'}
[2.020846] (px4_msgs) StdoutLine: {'line': b'-- Up-to-date: /home/rschnurr/SkyClaw-Team1/ros2_ws/install/px4_msgs/include/px4_msgs/px4_msgs/msg/detail/irlock_report__builder.hpp\n'}
[2.021077] (px4_msgs) StdoutLine: {'line': b'-- Up-to-date: /home/rschnurr/SkyClaw-Team1/ros2_ws/install/px4_msgs/include/px4_msgs/px4_msgs/msg/detail/debug_key_value__type_support.hpp\n'}
[2.021332] (px4_msgs) StdoutLine: {'line': b'-- Up-to-date: /home/rschnurr/SkyClaw-Team1/ros2_ws/install/px4_msgs/include/px4_msgs/px4_msgs/msg/detail/sensor_gnss_status__builder.hpp\n'}
[2.021422] (px4_msgs) StdoutLine: {'line': b'-- Up-to-date: /home/rschnurr/SkyClaw-Team1/ros2_ws/install/px4_msgs/include/px4_msgs/px4_msgs/msg/detail/vehicle_rates_setpoint__builder.hpp\n'}
[2.021576] (px4_msgs) StdoutLine: {'line': b'-- Up-to-date: /home/rschnurr/SkyClaw-Team1/ros2_ws/install/px4_msgs/include/px4_msgs/px4_msgs/msg/detail/mission__traits.hpp\n'}
[2.022035] (px4_msgs) StdoutLine: {'line': b'-- Up-to-date: /home/rschnurr/SkyClaw-Team1/ros2_ws/install/px4_msgs/include/px4_msgs/px4_msgs/msg/detail/flight_phase_estimation__traits.hpp\n'}
[2.022344] (px4_msgs) StdoutLine: {'line': b'-- Up-to-date: /home/rschnurr/SkyClaw-Team1/ros2_ws/install/px4_msgs/include/px4_msgs/px4_msgs/msg/detail/gimbal_device_information__builder.hpp\n'}
[2.022702] (px4_msgs) StdoutLine: {'line': b'-- Up-to-date: /home/rschnurr/SkyClaw-Team1/ros2_ws/install/px4_msgs/include/px4_msgs/px4_msgs/msg/detail/follow_target_estimator__builder.hpp\n'}
[2.022810] (px4_msgs) StdoutLine: {'line': b'-- Up-to-date: /home/rschnurr/SkyClaw-Team1/ros2_ws/install/px4_msgs/include/px4_msgs/px4_msgs/msg/detail/wheel_encoders__type_support.hpp\n'}
[2.022861] (px4_msgs) StdoutLine: {'line': b'-- Up-to-date: /home/rschnurr/SkyClaw-Team1/ros2_ws/install/px4_msgs/include/px4_msgs/px4_msgs/msg/detail/input_rc__traits.hpp\n'}
[2.022917] (px4_msgs) StdoutLine: {'line': b'-- Up-to-date: /home/rschnurr/SkyClaw-Team1/ros2_ws/install/px4_msgs/include/px4_msgs/px4_msgs/msg/detail/parameter_set_used_request__struct.hpp\n'}
[2.023052] (px4_msgs) StdoutLine: {'line': b'-- Up-to-date: /home/rschnurr/SkyClaw-Team1/ros2_ws/install/px4_msgs/include/px4_msgs/px4_msgs/msg/detail/landing_gear_wheel__traits.hpp\n'}
[2.023164] (px4_msgs) StdoutLine: {'line': b'-- Up-to-date: /home/rschnurr/SkyClaw-Team1/ros2_ws/install/px4_msgs/include/px4_msgs/px4_msgs/msg/detail/qshell_req__type_support.hpp\n'}
[2.023231] (px4_msgs) StdoutLine: {'line': b'-- Up-to-date: /home/rschnurr/SkyClaw-Team1/ros2_ws/install/px4_msgs/include/px4_msgs/px4_msgs/msg/detail/vehicle_torque_setpoint__type_support.hpp\n'}
[2.023283] (px4_msgs) StdoutLine: {'line': b'-- Up-to-date: /home/rschnurr/SkyClaw-Team1/ros2_ws/install/px4_msgs/include/px4_msgs/px4_msgs/msg/detail/transponder_report__traits.hpp\n'}
[2.023372] (px4_msgs) StdoutLine: {'line': b'-- Up-to-date: /home/rschnurr/SkyClaw-Team1/ros2_ws/install/px4_msgs/include/px4_msgs/px4_msgs/msg/detail/heater_status__builder.hpp\n'}
[2.023465] (px4_msgs) StdoutLine: {'line': b'-- Up-to-date: /home/rschnurr/SkyClaw-Team1/ros2_ws/install/px4_msgs/include/px4_msgs/px4_msgs/msg/detail/collision_constraints__builder.hpp\n'}
[2.023528] (px4_msgs) StdoutLine: {'line': b'-- Up-to-date: /home/rschnurr/SkyClaw-Team1/ros2_ws/install/px4_msgs/include/px4_msgs/px4_msgs/msg/detail/sensor_correction__traits.hpp\n'}
[2.023615] (px4_msgs) StdoutLine: {'line': b'-- Up-to-date: /home/rschnurr/SkyClaw-Team1/ros2_ws/install/px4_msgs/include/px4_msgs/px4_msgs/msg/detail/landing_target_pose__struct.hpp\n'}
[2.023665] (px4_msgs) StdoutLine: {'line': b'-- Up-to-date: /home/rschnurr/SkyClaw-Team1/ros2_ws/install/px4_msgs/include/px4_msgs/px4_msgs/msg/detail/estimator_aid_source2d__type_support.hpp\n'}
[2.023713] (px4_msgs) StdoutLine: {'line': b'-- Up-to-date: /home/rschnurr/SkyClaw-Team1/ros2_ws/install/px4_msgs/include/px4_msgs/px4_msgs/msg/detail/config_overrides__traits.hpp\n'}
[2.023798] (px4_msgs) StdoutLine: {'line': b'-- Up-to-date: /home/rschnurr/SkyClaw-Team1/ros2_ws/install/px4_msgs/include/px4_msgs/px4_msgs/msg/detail/gimbal_controls__traits.hpp\n'}
[2.023860] (px4_msgs) StdoutLine: {'line': b'-- Up-to-date: /home/rschnurr/SkyClaw-Team1/ros2_ws/install/px4_msgs/include/px4_msgs/px4_msgs/msg/detail/vehicle_attitude_setpoint__traits.hpp\n'}
[2.023922] (px4_msgs) StdoutLine: {'line': b'-- Up-to-date: /home/rschnurr/SkyClaw-Team1/ros2_ws/install/px4_msgs/include/px4_msgs/px4_msgs/msg/detail/vehicle_thrust_setpoint__type_support.hpp\n'}
[2.023968] (px4_msgs) StdoutLine: {'line': b'-- Up-to-date: /home/rschnurr/SkyClaw-Team1/ros2_ws/install/px4_msgs/include/px4_msgs/px4_msgs/msg/detail/actuator_motors__traits.hpp\n'}
[2.024013] (px4_msgs) StdoutLine: {'line': b'-- Up-to-date: /home/rschnurr/SkyClaw-Team1/ros2_ws/install/px4_msgs/include/px4_msgs/px4_msgs/msg/detail/message_format_response__traits.hpp\n'}
[2.024057] (px4_msgs) StdoutLine: {'line': b'-- Up-to-date: /home/rschnurr/SkyClaw-Team1/ros2_ws/install/px4_msgs/include/px4_msgs/px4_msgs/msg/detail/register_ext_component_request__type_support.hpp\n'}
[2.024152] (px4_msgs) StdoutLine: {'line': b'-- Up-to-date: /home/rschnurr/SkyClaw-Team1/ros2_ws/install/px4_msgs/include/px4_msgs/px4_msgs/msg/detail/led_control__traits.hpp\n'}
[2.024218] (px4_msgs) StdoutLine: {'line': b'-- Up-to-date: /home/rschnurr/SkyClaw-Team1/ros2_ws/install/px4_msgs/include/px4_msgs/px4_msgs/msg/detail/distance_sensor_mode_change_request__builder.hpp\n'}
[2.024323] (px4_msgs) StdoutLine: {'line': b'-- Up-to-date: /home/rschnurr/SkyClaw-Team1/ros2_ws/install/px4_msgs/include/px4_msgs/px4_msgs/msg/detail/sensor_airflow__type_support.hpp\n'}
[2.024555] (px4_msgs) StdoutLine: {'line': b'-- Up-to-date: /home/rschnurr/SkyClaw-Team1/ros2_ws/install/px4_msgs/include/px4_msgs/px4_msgs/msg/detail/trajectory_setpoint__struct.hpp\n'}
[2.024618] (px4_msgs) StdoutLine: {'line': b'-- Up-to-date: /home/rschnurr/SkyClaw-Team1/ros2_ws/install/px4_msgs/include/px4_msgs/px4_msgs/msg/detail/estimator_gps_status__builder.hpp\n'}
[2.024671] (px4_msgs) StdoutLine: {'line': b'-- Up-to-date: /home/rschnurr/SkyClaw-Team1/ros2_ws/install/px4_msgs/include/px4_msgs/px4_msgs/msg/detail/uavcan_parameter_value__builder.hpp\n'}
[2.024715] (px4_msgs) StdoutLine: {'line': b'-- Up-to-date: /home/rschnurr/SkyClaw-Team1/ros2_ws/install/px4_msgs/include/px4_msgs/px4_msgs/msg/detail/vehicle_magnetometer__type_support.hpp\n'}
[2.024756] (px4_msgs) StdoutLine: {'line': b'-- Up-to-date: /home/rschnurr/SkyClaw-Team1/ros2_ws/install/px4_msgs/include/px4_msgs/px4_msgs/msg/detail/fixed_wing_runway_control__type_support.hpp\n'}
[2.024797] (px4_msgs) StdoutLine: {'line': b'-- Up-to-date: /home/rschnurr/SkyClaw-Team1/ros2_ws/install/px4_msgs/include/px4_msgs/px4_msgs/msg/detail/dronecan_node_status__builder.hpp\n'}
[2.024836] (px4_msgs) StdoutLine: {'line': b'-- Up-to-date: /home/rschnurr/SkyClaw-Team1/ros2_ws/install/px4_msgs/include/px4_msgs/px4_msgs/msg/detail/button_event__struct.hpp\n'}
[2.024875] (px4_msgs) StdoutLine: {'line': b'-- Up-to-date: /home/rschnurr/SkyClaw-Team1/ros2_ws/install/px4_msgs/include/px4_msgs/px4_msgs/msg/detail/sensor_optical_flow__traits.hpp\n'}
[2.024914] (px4_msgs) StdoutLine: {'line': b'-- Up-to-date: /home/rschnurr/SkyClaw-Team1/ros2_ws/install/px4_msgs/include/px4_msgs/px4_msgs/msg/detail/sensor_baro__builder.hpp\n'}
[2.024966] (px4_msgs) StdoutLine: {'line': b'-- Up-to-date: /home/rschnurr/SkyClaw-Team1/ros2_ws/install/px4_msgs/include/px4_msgs/px4_msgs/msg/detail/dataman_request__builder.hpp\n'}
[2.025022] (px4_msgs) StdoutLine: {'line': b'-- Up-to-date: /home/rschnurr/SkyClaw-Team1/ros2_ws/install/px4_msgs/include/px4_msgs/px4_msgs/msg/detail/estimator_event_flags__traits.hpp\n'}
[2.025104] (px4_msgs) StdoutLine: {'line': b'-- Up-to-date: /home/rschnurr/SkyClaw-Team1/ros2_ws/install/px4_msgs/include/px4_msgs/px4_msgs/msg/detail/pps_capture__type_support.hpp\n'}
[2.025182] (px4_msgs) StdoutLine: {'line': b'-- Up-to-date: /home/rschnurr/SkyClaw-Team1/ros2_ws/install/px4_msgs/include/px4_msgs/px4_msgs/msg/detail/adc_report__type_support.hpp\n'}
[2.025256] (px4_msgs) StdoutLine: {'line': b'-- Up-to-date: /home/rschnurr/SkyClaw-Team1/ros2_ws/install/px4_msgs/include/px4_msgs/px4_msgs/msg/detail/vehicle_angular_acceleration_setpoint__traits.hpp\n'}
[2.025301] (px4_msgs) StdoutLine: {'line': b'-- Up-to-date: /home/rschnurr/SkyClaw-Team1/ros2_ws/install/px4_msgs/include/px4_msgs/px4_msgs/msg/detail/estimator_innovations__struct.hpp\n'}
[2.025342] (px4_msgs) StdoutLine: {'line': b'-- Up-to-date: /home/rschnurr/SkyClaw-Team1/ros2_ws/install/px4_msgs/include/px4_msgs/px4_msgs/msg/detail/rtl_time_estimate__builder.hpp\n'}
[2.025389] (px4_msgs) StdoutLine: {'line': b'-- Up-to-date: /home/rschnurr/SkyClaw-Team1/ros2_ws/install/px4_msgs/include/px4_msgs/px4_msgs/msg/detail/sensor_combined__struct.hpp\n'}
[2.025501] (px4_msgs) StdoutLine: {'line': b'-- Up-to-date: /home/rschnurr/SkyClaw-Team1/ros2_ws/install/px4_msgs/include/px4_msgs/px4_msgs/msg/detail/camera_capture__type_support.hpp\n'}
[2.025592] (px4_msgs) StdoutLine: {'line': b'-- Up-to-date: /home/rschnurr/SkyClaw-Team1/ros2_ws/install/px4_msgs/include/px4_msgs/px4_msgs/msg/detail/neural_control__builder.hpp\n'}
[2.025639] (px4_msgs) StdoutLine: {'line': b'-- Up-to-date: /home/rschnurr/SkyClaw-Team1/ros2_ws/install/px4_msgs/include/px4_msgs/px4_msgs/msg/detail/pps_capture__struct.hpp\n'}
[2.025725] (px4_msgs) StdoutLine: {'line': b'-- Up-to-date: /home/rschnurr/SkyClaw-Team1/ros2_ws/install/px4_msgs/include/px4_msgs/px4_msgs/msg/detail/sensor_gyro__traits.hpp\n'}
[2.025859] (px4_msgs) StdoutLine: {'line': b'-- Up-to-date: /home/rschnurr/SkyClaw-Team1/ros2_ws/install/px4_msgs/include/px4_msgs/px4_msgs/msg/detail/estimator_aid_source2d__traits.hpp\n'}
[2.026027] (px4_msgs) StdoutLine: {'line': b'-- Up-to-date: /home/rschnurr/SkyClaw-Team1/ros2_ws/install/px4_msgs/include/px4_msgs/px4_msgs/msg/detail/estimator_status_flags__builder.hpp\n'}
[2.026166] (px4_msgs) StdoutLine: {'line': b'-- Up-to-date: /home/rschnurr/SkyClaw-Team1/ros2_ws/install/px4_msgs/include/px4_msgs/px4_msgs/msg/detail/uavcan_parameter_request__builder.hpp\n'}
[2.026305] (px4_msgs) StdoutLine: {'line': b'-- Up-to-date: /home/rschnurr/SkyClaw-Team1/ros2_ws/install/px4_msgs/include/px4_msgs/px4_msgs/msg/detail/rc_parameter_map__struct.hpp\n'}
[2.026408] (px4_msgs) StdoutLine: {'line': b'-- Up-to-date: /home/rschnurr/SkyClaw-Team1/ros2_ws/install/px4_msgs/include/px4_msgs/px4_msgs/msg/detail/geofence_result__traits.hpp\n'}
[2.026470] (px4_msgs) StdoutLine: {'line': b'-- Up-to-date: /home/rschnurr/SkyClaw-Team1/ros2_ws/install/px4_msgs/include/px4_msgs/px4_msgs/msg/detail/vehicle_angular_velocity__type_support.hpp\n'}
[2.026602] (px4_msgs) StdoutLine: {'line': b'-- Up-to-date: /home/rschnurr/SkyClaw-Team1/ros2_ws/install/px4_msgs/include/px4_msgs/px4_msgs/msg/detail/position_controller_status__builder.hpp\n'}
[2.026701] (px4_msgs) StdoutLine: {'line': b'-- Up-to-date: /home/rschnurr/SkyClaw-Team1/ros2_ws/install/px4_msgs/include/px4_msgs/px4_msgs/msg/detail/goto_setpoint__struct.hpp\n'}
[2.026805] (px4_msgs) StdoutLine: {'line': b'-- Up-to-date: /home/rschnurr/SkyClaw-Team1/ros2_ws/install/px4_msgs/include/px4_msgs/px4_msgs/msg/detail/obstacle_distance__struct.hpp\n'}
[2.026859] (px4_msgs) StdoutLine: {'line': b'-- Up-to-date: /home/rschnurr/SkyClaw-Team1/ros2_ws/install/px4_msgs/include/px4_msgs/px4_msgs/msg/detail/differential_pressure__builder.hpp\n'}
[2.026902] (px4_msgs) StdoutLine: {'line': b'-- Up-to-date: /home/rschnurr/SkyClaw-Team1/ros2_ws/install/px4_msgs/include/px4_msgs/px4_msgs/msg/detail/mode_completed__traits.hpp\n'}
[2.027007] (px4_msgs) StdoutLine: {'line': b'-- Up-to-date: /home/rschnurr/SkyClaw-Team1/ros2_ws/install/px4_msgs/include/px4_msgs/px4_msgs/msg/detail/follow_target_status__traits.hpp\n'}
[2.027112] (px4_msgs) StdoutLine: {'line': b'-- Up-to-date: /home/rschnurr/SkyClaw-Team1/ros2_ws/install/px4_msgs/include/px4_msgs/px4_msgs/msg/detail/wind__type_support.hpp\n'}
[2.027223] (px4_msgs) StdoutLine: {'line': b'-- Up-to-date: /home/rschnurr/SkyClaw-Team1/ros2_ws/install/px4_msgs/include/px4_msgs/px4_msgs/msg/detail/message_format_request__type_support.hpp\n'}
[2.027304] (px4_msgs) StdoutLine: {'line': b'-- Up-to-date: /home/rschnurr/SkyClaw-Team1/ros2_ws/install/px4_msgs/include/px4_msgs/px4_msgs/msg/detail/vehicle_odometry__traits.hpp\n'}
[2.027349] (px4_msgs) StdoutLine: {'line': b'-- Up-to-date: /home/rschnurr/SkyClaw-Team1/ros2_ws/install/px4_msgs/include/px4_msgs/px4_msgs/msg/detail/sensor_uwb__type_support.hpp\n'}
[2.027404] (px4_msgs) StdoutLine: {'line': b'-- Up-to-date: /home/rschnurr/SkyClaw-Team1/ros2_ws/install/px4_msgs/include/px4_msgs/px4_msgs/msg/detail/led_control__builder.hpp\n'}
[2.027637] (px4_msgs) StdoutLine: {'line': b'-- Up-to-date: /home/rschnurr/SkyClaw-Team1/ros2_ws/install/px4_msgs/include/px4_msgs/px4_msgs/msg/detail/launch_detection_status__builder.hpp\n'}
[2.027678] (px4_msgs) StdoutLine: {'line': b'-- Up-to-date: /home/rschnurr/SkyClaw-Team1/ros2_ws/install/px4_msgs/include/px4_msgs/px4_msgs/msg/detail/sensor_preflight_mag__type_support.hpp\n'}
[2.027781] (px4_msgs) StdoutLine: {'line': b'-- Up-to-date: /home/rschnurr/SkyClaw-Team1/ros2_ws/install/px4_msgs/include/px4_msgs/px4_msgs/msg/detail/orbit_status__traits.hpp\n'}
[2.027904] (px4_msgs) StdoutLine: {'line': b'-- Up-to-date: /home/rschnurr/SkyClaw-Team1/ros2_ws/install/px4_msgs/include/px4_msgs/px4_msgs/msg/detail/position_controller_landing_status__struct.hpp\n'}
[2.028047] (px4_msgs) StdoutLine: {'line': b'-- Up-to-date: /home/rschnurr/SkyClaw-Team1/ros2_ws/install/px4_msgs/include/px4_msgs/px4_msgs/msg/detail/mavlink_log__builder.hpp\n'}
[2.028150] (px4_msgs) StdoutLine: {'line': b'-- Up-to-date: /home/rschnurr/SkyClaw-Team1/ros2_ws/install/px4_msgs/include/px4_msgs/px4_msgs/msg/detail/debug_vect__struct.hpp\n'}
[2.028273] (px4_msgs) StdoutLine: {'line': b'-- Up-to-date: /home/rschnurr/SkyClaw-Team1/ros2_ws/install/px4_msgs/include/px4_msgs/px4_msgs/msg/detail/sensors_status_imu__struct.hpp\n'}
[2.028399] (px4_msgs) StdoutLine: {'line': b'-- Up-to-date: /home/rschnurr/SkyClaw-Team1/ros2_ws/install/px4_msgs/include/px4_msgs/px4_msgs/msg/detail/vtol_vehicle_status__type_support.hpp\n'}
[2.028517] (px4_msgs) StdoutLine: {'line': b'-- Up-to-date: /home/rschnurr/SkyClaw-Team1/ros2_ws/install/px4_msgs/include/px4_msgs/px4_msgs/msg/detail/arming_check_reply__type_support.hpp\n'}
[2.028667] (px4_msgs) StdoutLine: {'line': b'-- Up-to-date: /home/rschnurr/SkyClaw-Team1/ros2_ws/install/px4_msgs/include/px4_msgs/px4_msgs/msg/detail/position_controller_landing_status__builder.hpp\n'}
[2.028745] (px4_msgs) StdoutLine: {'line': b'-- Up-to-date: /home/rschnurr/SkyClaw-Team1/ros2_ws/install/px4_msgs/include/px4_msgs/px4_msgs/msg/detail/vehicle_imu__builder.hpp\n'}
[2.028798] (px4_msgs) StdoutLine: {'line': b'-- Up-to-date: /home/rschnurr/SkyClaw-Team1/ros2_ws/install/px4_msgs/include/px4_msgs/px4_msgs/msg/detail/tune_control__builder.hpp\n'}
[2.028884] (px4_msgs) StdoutLine: {'line': b'-- Up-to-date: /home/rschnurr/SkyClaw-Team1/ros2_ws/install/px4_msgs/include/px4_msgs/px4_msgs/msg/detail/vehicle_status__type_support.hpp\n'}
[2.028983] (px4_msgs) StdoutLine: {'line': b'-- Up-to-date: /home/rschnurr/SkyClaw-Team1/ros2_ws/install/px4_msgs/include/px4_msgs/px4_msgs/msg/detail/sensor_uwb__struct.hpp\n'}
[2.029283] (px4_msgs) StdoutLine: {'line': b'-- Up-to-date: /home/rschnurr/SkyClaw-Team1/ros2_ws/install/px4_msgs/include/px4_msgs/px4_msgs/msg/detail/fixed_wing_lateral_setpoint__builder.hpp\n'}
[2.029359] (px4_msgs) StdoutLine: {'line': b'-- Up-to-date: /home/rschnurr/SkyClaw-Team1/ros2_ws/install/px4_msgs/include/px4_msgs/px4_msgs/msg/detail/internal_combustion_engine_status__builder.hpp\n'}
[2.029417] (px4_msgs) StdoutLine: {'line': b'-- Up-to-date: /home/rschnurr/SkyClaw-Team1/ros2_ws/install/px4_msgs/include/px4_msgs/px4_msgs/msg/detail/estimator_status__traits.hpp\n'}
[2.029460] (px4_msgs) StdoutLine: {'line': b'-- Up-to-date: /home/rschnurr/SkyClaw-Team1/ros2_ws/install/px4_msgs/include/px4_msgs/px4_msgs/msg/detail/vehicle_constraints__type_support.hpp\n'}
[2.029503] (px4_msgs) StdoutLine: {'line': b'-- Up-to-date: /home/rschnurr/SkyClaw-Team1/ros2_ws/install/px4_msgs/include/px4_msgs/px4_msgs/msg/detail/hover_thrust_estimate__builder.hpp\n'}
[2.029541] (px4_msgs) StdoutLine: {'line': b'-- Up-to-date: /home/rschnurr/SkyClaw-Team1/ros2_ws/install/px4_msgs/include/px4_msgs/px4_msgs/msg/detail/ulog_stream_ack__traits.hpp\n'}
[2.029582] (px4_msgs) StdoutLine: {'line': b'-- Up-to-date: /home/rschnurr/SkyClaw-Team1/ros2_ws/install/px4_msgs/include/px4_msgs/px4_msgs/msg/detail/rtl_status__traits.hpp\n'}
[2.029622] (px4_msgs) StdoutLine: {'line': b'-- Up-to-date: /home/rschnurr/SkyClaw-Team1/ros2_ws/install/px4_msgs/include/px4_msgs/px4_msgs/msg/detail/distance_sensor_mode_change_request__struct.hpp\n'}
[2.029662] (px4_msgs) StdoutLine: {'line': b'-- Up-to-date: /home/rschnurr/SkyClaw-Team1/ros2_ws/install/px4_msgs/include/px4_msgs/px4_msgs/msg/detail/rover_attitude_setpoint__traits.hpp\n'}
[2.029706] (px4_msgs) StdoutLine: {'line': b'-- Up-to-date: /home/rschnurr/SkyClaw-Team1/ros2_ws/install/px4_msgs/include/px4_msgs/px4_msgs/msg/detail/landing_target_innovations__type_support.hpp\n'}
[2.029748] (px4_msgs) StdoutLine: {'line': b'-- Up-to-date: /home/rschnurr/SkyClaw-Team1/ros2_ws/install/px4_msgs/include/px4_msgs/px4_msgs/msg/detail/flight_phase_estimation__struct.hpp\n'}
[2.029791] (px4_msgs) StdoutLine: {'line': b'-- Up-to-date: /home/rschnurr/SkyClaw-Team1/ros2_ws/install/px4_msgs/include/px4_msgs/px4_msgs/msg/detail/debug_vect__builder.hpp\n'}
[2.029837] (px4_msgs) StdoutLine: {'line': b'-- Up-to-date: /home/rschnurr/SkyClaw-Team1/ros2_ws/install/px4_msgs/include/px4_msgs/px4_msgs/msg/detail/log_message__struct.hpp\n'}
[2.029879] (px4_msgs) StdoutLine: {'line': b'-- Up-to-date: /home/rschnurr/SkyClaw-Team1/ros2_ws/install/px4_msgs/include/px4_msgs/px4_msgs/msg/detail/register_ext_component_reply__traits.hpp\n'}
[2.029921] (px4_msgs) StdoutLine: {'line': b'-- Up-to-date: /home/rschnurr/SkyClaw-Team1/ros2_ws/install/px4_msgs/include/px4_msgs/px4_msgs/msg/detail/wind__traits.hpp\n'}
[2.029962] (px4_msgs) StdoutLine: {'line': b'-- Up-to-date: /home/rschnurr/SkyClaw-Team1/ros2_ws/install/px4_msgs/include/px4_msgs/px4_msgs/msg/detail/actuator_armed__type_support.hpp\n'}
[2.030003] (px4_msgs) StdoutLine: {'line': b'-- Up-to-date: /home/rschnurr/SkyClaw-Team1/ros2_ws/install/px4_msgs/include/px4_msgs/px4_msgs/msg/detail/fuel_tank_status__builder.hpp\n'}
[2.030043] (px4_msgs) StdoutLine: {'line': b'-- Up-to-date: /home/rschnurr/SkyClaw-Team1/ros2_ws/install/px4_msgs/include/px4_msgs/px4_msgs/msg/detail/vehicle_command_ack__traits.hpp\n'}
[2.030084] (px4_msgs) StdoutLine: {'line': b'-- Up-to-date: /home/rschnurr/SkyClaw-Team1/ros2_ws/install/px4_msgs/include/px4_msgs/px4_msgs/msg/detail/orbit_status__builder.hpp\n'}
[2.030125] (px4_msgs) StdoutLine: {'line': b'-- Up-to-date: /home/rschnurr/SkyClaw-Team1/ros2_ws/install/px4_msgs/include/px4_msgs/px4_msgs/msg/detail/iridiumsbd_status__struct.hpp\n'}
[2.030173] (px4_msgs) StdoutLine: {'line': b'-- Up-to-date: /home/rschnurr/SkyClaw-Team1/ros2_ws/install/px4_msgs/include/px4_msgs/px4_msgs/msg/detail/vehicle_command__traits.hpp\n'}
[2.030266] (px4_msgs) StdoutLine: {'line': b'-- Up-to-date: /home/rschnurr/SkyClaw-Team1/ros2_ws/install/px4_msgs/include/px4_msgs/px4_msgs/msg/detail/landing_target_pose__traits.hpp\n'}
[2.030323] (px4_msgs) StdoutLine: {'line': b'-- Up-to-date: /home/rschnurr/SkyClaw-Team1/ros2_ws/install/px4_msgs/include/px4_msgs/px4_msgs/msg/detail/failsafe_flags__traits.hpp\n'}
[2.030370] (px4_msgs) StdoutLine: {'line': b'-- Up-to-date: /home/rschnurr/SkyClaw-Team1/ros2_ws/install/px4_msgs/include/px4_msgs/px4_msgs/msg/detail/vehicle_rates_setpoint__struct.hpp\n'}
[2.030424] (px4_msgs) StdoutLine: {'line': b'-- Up-to-date: /home/rschnurr/SkyClaw-Team1/ros2_ws/install/px4_msgs/include/px4_msgs/px4_msgs/msg/detail/ping__struct.hpp\n'}
[2.030468] (px4_msgs) StdoutLine: {'line': b'-- Up-to-date: /home/rschnurr/SkyClaw-Team1/ros2_ws/install/px4_msgs/include/px4_msgs/px4_msgs/msg/detail/magnetometer_bias_estimate__type_support.hpp\n'}
[2.030512] (px4_msgs) StdoutLine: {'line': b'-- Up-to-date: /home/rschnurr/SkyClaw-Team1/ros2_ws/install/px4_msgs/include/px4_msgs/px4_msgs/msg/detail/vehicle_attitude__type_support.hpp\n'}
[2.030556] (px4_msgs) StdoutLine: {'line': b'-- Up-to-date: /home/rschnurr/SkyClaw-Team1/ros2_ws/install/px4_msgs/include/px4_msgs/px4_msgs/msg/detail/fuel_tank_status__traits.hpp\n'}
[2.030599] (px4_msgs) StdoutLine: {'line': b'-- Up-to-date: /home/rschnurr/SkyClaw-Team1/ros2_ws/install/px4_msgs/include/px4_msgs/px4_msgs/msg/detail/navigator_status__builder.hpp\n'}
[2.030642] (px4_msgs) StdoutLine: {'line': b'-- Up-to-date: /home/rschnurr/SkyClaw-Team1/ros2_ws/install/px4_msgs/include/px4_msgs/px4_msgs/msg/detail/control_allocator_status__struct.hpp\n'}
[2.030686] (px4_msgs) StdoutLine: {'line': b'-- Up-to-date: /home/rschnurr/SkyClaw-Team1/ros2_ws/install/px4_msgs/include/px4_msgs/px4_msgs/msg/detail/gimbal_manager_set_attitude__type_support.hpp\n'}
[2.030725] (px4_msgs) StdoutLine: {'line': b'-- Up-to-date: /home/rschnurr/SkyClaw-Team1/ros2_ws/install/px4_msgs/include/px4_msgs/px4_msgs/msg/detail/landing_target_pose__builder.hpp\n'}
[2.030763] (px4_msgs) StdoutLine: {'line': b'-- Up-to-date: /home/rschnurr/SkyClaw-Team1/ros2_ws/install/px4_msgs/include/px4_msgs/px4_msgs/msg/detail/event__traits.hpp\n'}
[2.030800] (px4_msgs) StdoutLine: {'line': b'-- Up-to-date: /home/rschnurr/SkyClaw-Team1/ros2_ws/install/px4_msgs/include/px4_msgs/px4_msgs/msg/detail/battery_status__type_support.hpp\n'}
[2.030834] (px4_msgs) StdoutLine: {'line': b'-- Up-to-date: /home/rschnurr/SkyClaw-Team1/ros2_ws/install/px4_msgs/include/px4_msgs/px4_msgs/msg/detail/launch_detection_status__traits.hpp\n'}
[2.030870] (px4_msgs) StdoutLine: {'line': b'-- Up-to-date: /home/rschnurr/SkyClaw-Team1/ros2_ws/install/px4_msgs/include/px4_msgs/px4_msgs/msg/detail/actuator_outputs__type_support.hpp\n'}
[2.030955] (px4_msgs) StdoutLine: {'line': b'-- Up-to-date: /home/rschnurr/SkyClaw-Team1/ros2_ws/install/px4_msgs/include/px4_msgs/px4_msgs/msg/detail/vehicle_command__type_support.hpp\n'}
[2.031044] (px4_msgs) StdoutLine: {'line': b'-- Up-to-date: /home/rschnurr/SkyClaw-Team1/ros2_ws/install/px4_msgs/include/px4_msgs/px4_msgs/msg/detail/esc_status__builder.hpp\n'}
[2.031095] (px4_msgs) StdoutLine: {'line': b'-- Up-to-date: /home/rschnurr/SkyClaw-Team1/ros2_ws/install/px4_msgs/include/px4_msgs/px4_msgs/msg/detail/uavcan_parameter_value__struct.hpp\n'}
[2.031151] (px4_msgs) StdoutLine: {'line': b'-- Up-to-date: /home/rschnurr/SkyClaw-Team1/ros2_ws/install/px4_msgs/include/px4_msgs/px4_msgs/msg/detail/sensor_gnss_relative__struct.hpp\n'}
[2.031267] (px4_msgs) StdoutLine: {'line': b'-- Up-to-date: /home/rschnurr/SkyClaw-Team1/ros2_ws/install/px4_msgs/include/px4_msgs/px4_msgs/msg/detail/action_request__type_support.hpp\n'}
[2.031364] (px4_msgs) StdoutLine: {'line': b'-- Up-to-date: /home/rschnurr/SkyClaw-Team1/ros2_ws/install/px4_msgs/include/px4_msgs/px4_msgs/msg/detail/sensor_gps__traits.hpp\n'}
[2.031417] (px4_msgs) StdoutLine: {'line': b'-- Up-to-date: /home/rschnurr/SkyClaw-Team1/ros2_ws/install/px4_msgs/include/px4_msgs/px4_msgs/msg/detail/rover_rate_setpoint__builder.hpp\n'}
[2.031467] (px4_msgs) StdoutLine: {'line': b'-- Up-to-date: /home/rschnurr/SkyClaw-Team1/ros2_ws/install/px4_msgs/include/px4_msgs/px4_msgs/msg/detail/mission_result__traits.hpp\n'}
[2.031511] (px4_msgs) StdoutLine: {'line': b'-- Up-to-date: /home/rschnurr/SkyClaw-Team1/ros2_ws/install/px4_msgs/include/px4_msgs/px4_msgs/msg/detail/log_message__type_support.hpp\n'}
[2.031562] (px4_msgs) StdoutLine: {'line': b'-- Up-to-date: /home/rschnurr/SkyClaw-Team1/ros2_ws/install/px4_msgs/include/px4_msgs/px4_msgs/msg/detail/vehicle_command_ack__type_support.hpp\n'}
[2.031640] (px4_msgs) StdoutLine: {'line': b'-- Up-to-date: /home/rschnurr/SkyClaw-Team1/ros2_ws/install/px4_msgs/include/px4_msgs/px4_msgs/msg/detail/vehicle_local_position_setpoint__traits.hpp\n'}
[2.031735] (px4_msgs) StdoutLine: {'line': b'-- Up-to-date: /home/rschnurr/SkyClaw-Team1/ros2_ws/install/px4_msgs/include/px4_msgs/px4_msgs/msg/detail/adc_report__builder.hpp\n'}
[2.031788] (px4_msgs) StdoutLine: {'line': b'-- Up-to-date: /home/rschnurr/SkyClaw-Team1/ros2_ws/install/px4_msgs/include/px4_msgs/px4_msgs/msg/detail/open_drone_id_system__traits.hpp\n'}
[2.031835] (px4_msgs) StdoutLine: {'line': b'-- Up-to-date: /home/rschnurr/SkyClaw-Team1/ros2_ws/install/px4_msgs/include/px4_msgs/px4_msgs/msg/detail/fixed_wing_lateral_setpoint__type_support.hpp\n'}
[2.031879] (px4_msgs) StdoutLine: {'line': b'-- Up-to-date: /home/rschnurr/SkyClaw-Team1/ros2_ws/install/px4_msgs/include/px4_msgs/px4_msgs/msg/detail/arming_check_request__traits.hpp\n'}
[2.031920] (px4_msgs) StdoutLine: {'line': b'-- Up-to-date: /home/rschnurr/SkyClaw-Team1/ros2_ws/install/px4_msgs/include/px4_msgs/px4_msgs/msg/detail/vehicle_imu__struct.hpp\n'}
[2.031962] (px4_msgs) StdoutLine: {'line': b'-- Up-to-date: /home/rschnurr/SkyClaw-Team1/ros2_ws/install/px4_msgs/include/px4_msgs/px4_msgs/msg/detail/rc_parameter_map__builder.hpp\n'}
[2.032036] (px4_msgs) StdoutLine: {'line': b'-- Up-to-date: /home/rschnurr/SkyClaw-Team1/ros2_ws/install/px4_msgs/include/px4_msgs/px4_msgs/msg/detail/register_ext_component_request__traits.hpp\n'}
[2.032140] (px4_msgs) StdoutLine: {'line': b'-- Up-to-date: /home/rschnurr/SkyClaw-Team1/ros2_ws/install/px4_msgs/include/px4_msgs/px4_msgs/msg/detail/sensor_gyro__builder.hpp\n'}
[2.032196] (px4_msgs) StdoutLine: {'line': b'-- Up-to-date: /home/rschnurr/SkyClaw-Team1/ros2_ws/install/px4_msgs/include/px4_msgs/px4_msgs/msg/detail/internal_combustion_engine_status__type_support.hpp\n'}
[2.032233] (px4_msgs) StdoutLine: {'line': b'-- Up-to-date: /home/rschnurr/SkyClaw-Team1/ros2_ws/install/px4_msgs/include/px4_msgs/px4_msgs/msg/detail/arming_check_request__type_support.hpp\n'}
[2.032264] (px4_msgs) StdoutLine: {'line': b'-- Up-to-date: /home/rschnurr/SkyClaw-Team1/ros2_ws/install/px4_msgs/include/px4_msgs/px4_msgs/msg/detail/orb_test_large__type_support.hpp\n'}
[2.032293] (px4_msgs) StdoutLine: {'line': b'-- Up-to-date: /home/rschnurr/SkyClaw-Team1/ros2_ws/install/px4_msgs/include/px4_msgs/px4_msgs/msg/detail/landing_target_innovations__builder.hpp\n'}
[2.032333] (px4_msgs) StdoutLine: {'line': b'-- Up-to-date: /home/rschnurr/SkyClaw-Team1/ros2_ws/install/px4_msgs/include/px4_msgs/px4_msgs/msg/detail/fuel_tank_status__struct.hpp\n'}
[2.032360] (px4_msgs) StdoutLine: {'line': b'-- Up-to-date: /home/rschnurr/SkyClaw-Team1/ros2_ws/install/px4_msgs/include/px4_msgs/px4_msgs/msg/detail/estimator_aid_source2d__struct.hpp\n'}
[2.032387] (px4_msgs) StdoutLine: {'line': b'-- Up-to-date: /home/rschnurr/SkyClaw-Team1/ros2_ws/install/px4_msgs/include/px4_msgs/px4_msgs/msg/detail/estimator_status__builder.hpp\n'}
[2.032414] (px4_msgs) StdoutLine: {'line': b'-- Up-to-date: /home/rschnurr/SkyClaw-Team1/ros2_ws/install/px4_msgs/include/px4_msgs/px4_msgs/msg/detail/sensor_optical_flow__builder.hpp\n'}
[2.032441] (px4_msgs) StdoutLine: {'line': b'-- Up-to-date: /home/rschnurr/SkyClaw-Team1/ros2_ws/install/px4_msgs/include/px4_msgs/px4_msgs/msg/detail/estimator_bias3d__builder.hpp\n'}
[2.032468] (px4_msgs) StdoutLine: {'line': b'-- Up-to-date: /home/rschnurr/SkyClaw-Team1/ros2_ws/install/px4_msgs/include/px4_msgs/px4_msgs/msg/detail/vehicle_odometry__type_support.hpp\n'}
[2.032494] (px4_msgs) StdoutLine: {'line': b'-- Up-to-date: /home/rschnurr/SkyClaw-Team1/ros2_ws/install/px4_msgs/include/px4_msgs/px4_msgs/msg/detail/esc_report__traits.hpp\n'}
[2.032524] (px4_msgs) StdoutLine: {'line': b'-- Up-to-date: /home/rschnurr/SkyClaw-Team1/ros2_ws/install/px4_msgs/include/px4_msgs/px4_msgs/msg/detail/rover_rate_status__builder.hpp\n'}
[2.032552] (px4_msgs) StdoutLine: {'line': b'-- Up-to-date: /home/rschnurr/SkyClaw-Team1/ros2_ws/install/px4_msgs/include/px4_msgs/px4_msgs/msg/detail/parameter_set_value_request__type_support.hpp\n'}
[2.032580] (px4_msgs) StdoutLine: {'line': b'-- Up-to-date: /home/rschnurr/SkyClaw-Team1/ros2_ws/install/px4_msgs/include/px4_msgs/px4_msgs/msg/detail/vehicle_constraints__struct.hpp\n'}
[2.032606] (px4_msgs) StdoutLine: {'line': b'-- Up-to-date: /home/rschnurr/SkyClaw-Team1/ros2_ws/install/px4_msgs/include/px4_msgs/px4_msgs/msg/detail/vehicle_thrust_setpoint__builder.hpp\n'}
[2.032632] (px4_msgs) StdoutLine: {'line': b'-- Up-to-date: /home/rschnurr/SkyClaw-Team1/ros2_ws/install/px4_msgs/include/px4_msgs/px4_msgs/msg/detail/rover_throttle_setpoint__traits.hpp\n'}
[2.032660] (px4_msgs) StdoutLine: {'line': b'-- Up-to-date: /home/rschnurr/SkyClaw-Team1/ros2_ws/install/px4_msgs/include/px4_msgs/px4_msgs/msg/detail/rtl_time_estimate__struct.hpp\n'}
[2.032687] (px4_msgs) StdoutLine: {'line': b'-- Up-to-date: /home/rschnurr/SkyClaw-Team1/ros2_ws/install/px4_msgs/include/px4_msgs/px4_msgs/msg/detail/offboard_control_mode__traits.hpp\n'}
[2.032713] (px4_msgs) StdoutLine: {'line': b'-- Up-to-date: /home/rschnurr/SkyClaw-Team1/ros2_ws/install/px4_msgs/include/px4_msgs/px4_msgs/msg/detail/collision_constraints__type_support.hpp\n'}
[2.032739] (px4_msgs) StdoutLine: {'line': b'-- Up-to-date: /home/rschnurr/SkyClaw-Team1/ros2_ws/install/px4_msgs/include/px4_msgs/px4_msgs/msg/detail/position_controller_landing_status__type_support.hpp\n'}
[2.032765] (px4_msgs) StdoutLine: {'line': b'-- Up-to-date: /home/rschnurr/SkyClaw-Team1/ros2_ws/install/px4_msgs/include/px4_msgs/px4_msgs/msg/detail/estimator_sensor_bias__traits.hpp\n'}
[2.032790] (px4_msgs) StdoutLine: {'line': b'-- Up-to-date: /home/rschnurr/SkyClaw-Team1/ros2_ws/install/px4_msgs/include/px4_msgs/px4_msgs/msg/detail/vtol_vehicle_status__struct.hpp\n'}
[2.032817] (px4_msgs) StdoutLine: {'line': b'-- Up-to-date: /home/rschnurr/SkyClaw-Team1/ros2_ws/install/px4_msgs/include/px4_msgs/px4_msgs/msg/detail/sensor_gps__struct.hpp\n'}
[2.032863] (px4_msgs) StdoutLine: {'line': b'-- Up-to-date: /home/rschnurr/SkyClaw-Team1/ros2_ws/install/px4_msgs/include/px4_msgs/px4_msgs/msg/detail/sensor_selection__builder.hpp\n'}
[2.033520] (px4_msgs) StdoutLine: {'line': b'-- Up-to-date: /home/rschnurr/SkyClaw-Team1/ros2_ws/install/px4_msgs/include/px4_msgs/px4_msgs/msg/detail/fixed_wing_lateral_guidance_status__struct.hpp\n'}
[2.033810] (px4_msgs) StdoutLine: {'line': b'-- Up-to-date: /home/rschnurr/SkyClaw-Team1/ros2_ws/install/px4_msgs/include/px4_msgs/px4_msgs/msg/detail/vehicle_control_mode__traits.hpp\n'}
[2.033933] (px4_msgs) StdoutLine: {'line': b'-- Up-to-date: /home/rschnurr/SkyClaw-Team1/ros2_ws/install/px4_msgs/include/px4_msgs/px4_msgs/msg/detail/battery_info__traits.hpp\n'}
[2.034076] (px4_msgs) StdoutLine: {'line': b'-- Up-to-date: /home/rschnurr/SkyClaw-Team1/ros2_ws/install/px4_msgs/include/px4_msgs/px4_msgs/msg/detail/actuator_test__traits.hpp\n'}
[2.034156] (px4_msgs) StdoutLine: {'line': b'-- Up-to-date: /home/rschnurr/SkyClaw-Team1/ros2_ws/install/px4_msgs/include/px4_msgs/px4_msgs/msg/detail/position_controller_landing_status__traits.hpp\n'}
[2.034213] (px4_msgs) StdoutLine: {'line': b'-- Up-to-date: /home/rschnurr/SkyClaw-Team1/ros2_ws/install/px4_msgs/include/px4_msgs/px4_msgs/msg/detail/vehicle_attitude__traits.hpp\n'}
[2.034264] (px4_msgs) StdoutLine: {'line': b'-- Up-to-date: /home/rschnurr/SkyClaw-Team1/ros2_ws/install/px4_msgs/include/px4_msgs/px4_msgs/msg/detail/sensor_gyro_fifo__type_support.hpp\n'}
[2.034312] (px4_msgs) StdoutLine: {'line': b'-- Up-to-date: /home/rschnurr/SkyClaw-Team1/ros2_ws/install/px4_msgs/include/px4_msgs/px4_msgs/msg/detail/rc_channels__struct.hpp\n'}
[2.034357] (px4_msgs) StdoutLine: {'line': b'-- Up-to-date: /home/rschnurr/SkyClaw-Team1/ros2_ws/install/px4_msgs/include/px4_msgs/px4_msgs/msg/detail/px4io_status__struct.hpp\n'}
[2.034677] (px4_msgs) StdoutLine: {'line': b'-- Up-to-date: /home/rschnurr/SkyClaw-Team1/ros2_ws/install/px4_msgs/include/px4_msgs/px4_msgs/msg/detail/rover_attitude_status__struct.hpp\n'}
[2.034789] (px4_msgs) StdoutLine: {'line': b'-- Up-to-date: /home/rschnurr/SkyClaw-Team1/ros2_ws/install/px4_msgs/include/px4_msgs/px4_msgs/msg/detail/tecs_status__builder.hpp\n'}
[2.034847] (px4_msgs) StdoutLine: {'line': b'-- Up-to-date: /home/rschnurr/SkyClaw-Team1/ros2_ws/install/px4_msgs/include/px4_msgs/px4_msgs/msg/detail/gimbal_device_set_attitude__traits.hpp\n'}
[2.034895] (px4_msgs) StdoutLine: {'line': b'-- Up-to-date: /home/rschnurr/SkyClaw-Team1/ros2_ws/install/px4_msgs/include/px4_msgs/px4_msgs/msg/detail/parameter_reset_request__type_support.hpp\n'}
[2.034944] (px4_msgs) StdoutLine: {'line': b'-- Up-to-date: /home/rschnurr/SkyClaw-Team1/ros2_ws/install/px4_msgs/include/px4_msgs/px4_msgs/msg/detail/tiltrotor_extra_controls__builder.hpp\n'}
[2.035094] (px4_msgs) StdoutLine: {'line': b'-- Up-to-date: /home/rschnurr/SkyClaw-Team1/ros2_ws/install/px4_msgs/include/px4_msgs/px4_msgs/msg/detail/actuator_servos__type_support.hpp\n'}
[2.035193] (px4_msgs) StdoutLine: {'line': b'-- Up-to-date: /home/rschnurr/SkyClaw-Team1/ros2_ws/install/px4_msgs/include/px4_msgs/px4_msgs/msg/detail/gps_dump__builder.hpp\n'}
[2.035270] (px4_msgs) StdoutLine: {'line': b'-- Up-to-date: /home/rschnurr/SkyClaw-Team1/ros2_ws/install/px4_msgs/include/px4_msgs/px4_msgs/msg/detail/uavcan_parameter_value__type_support.hpp\n'}
[2.035320] (px4_msgs) StdoutLine: {'line': b'-- Up-to-date: /home/rschnurr/SkyClaw-Team1/ros2_ws/install/px4_msgs/include/px4_msgs/px4_msgs/msg/detail/event__type_support.hpp\n'}
[2.035370] (px4_msgs) StdoutLine: {'line': b'-- Up-to-date: /home/rschnurr/SkyClaw-Team1/ros2_ws/install/px4_msgs/include/px4_msgs/px4_msgs/msg/detail/can_interface_status__struct.hpp\n'}
[2.035423] (px4_msgs) StdoutLine: {'line': b'-- Up-to-date: /home/rschnurr/SkyClaw-Team1/ros2_ws/install/px4_msgs/include/px4_msgs/px4_msgs/msg/detail/debug_key_value__builder.hpp\n'}
[2.035469] (px4_msgs) StdoutLine: {'line': b'-- Up-to-date: /home/rschnurr/SkyClaw-Team1/ros2_ws/install/px4_msgs/include/px4_msgs/px4_msgs/msg/detail/mount_orientation__builder.hpp\n'}
[2.035517] (px4_msgs) StdoutLine: {'line': b'-- Up-to-date: /home/rschnurr/SkyClaw-Team1/ros2_ws/install/px4_msgs/include/px4_msgs/px4_msgs/msg/detail/position_controller_status__traits.hpp\n'}
[2.035564] (px4_msgs) StdoutLine: {'line': b'-- Up-to-date: /home/rschnurr/SkyClaw-Team1/ros2_ws/install/px4_msgs/include/px4_msgs/px4_msgs/msg/manual_control_switches.hpp\n'}
[2.035614] (px4_msgs) StdoutLine: {'line': b'-- Up-to-date: /home/rschnurr/SkyClaw-Team1/ros2_ws/install/px4_msgs/include/px4_msgs/px4_msgs/msg/sensor_preflight_mag.hpp\n'}
[2.035668] (px4_msgs) StdoutLine: {'line': b'-- Up-to-date: /home/rschnurr/SkyClaw-Team1/ros2_ws/install/px4_msgs/include/px4_msgs/px4_msgs/msg/fuel_tank_status.hpp\n'}
[2.035717] (px4_msgs) StdoutLine: {'line': b'-- Up-to-date: /home/rschnurr/SkyClaw-Team1/ros2_ws/install/px4_msgs/include/px4_msgs/px4_msgs/msg/dataman_request.hpp\n'}
[2.035820] (px4_msgs) StdoutLine: {'line': b'-- Up-to-date: /home/rschnurr/SkyClaw-Team1/ros2_ws/install/px4_msgs/include/px4_msgs/px4_msgs/msg/vehicle_land_detected.hpp\n'}
[2.035973] (px4_msgs) StdoutLine: {'line': b'-- Up-to-date: /home/rschnurr/SkyClaw-Team1/ros2_ws/install/px4_msgs/include/px4_msgs/px4_msgs/msg/gimbal_manager_set_attitude.hpp\n'}
[2.036107] (px4_msgs) StdoutLine: {'line': b'-- Up-to-date: /home/rschnurr/SkyClaw-Team1/ros2_ws/install/px4_msgs/include/px4_msgs/px4_msgs/msg/pps_capture.hpp\n'}
[2.036200] (px4_msgs) StdoutLine: {'line': b'-- Up-to-date: /home/rschnurr/SkyClaw-Team1/ros2_ws/install/px4_msgs/include/px4_msgs/px4_msgs/msg/normalized_unsigned_setpoint.hpp\n'}
[2.036661] (px4_msgs) StdoutLine: {'line': b'-- Up-to-date: /home/rschnurr/SkyClaw-Team1/ros2_ws/install/px4_msgs/include/px4_msgs/px4_msgs/msg/rover_attitude_setpoint.hpp\n'}
[2.036758] (px4_msgs) StdoutLine: {'line': b'-- Up-to-date: /home/rschnurr/SkyClaw-Team1/ros2_ws/install/px4_msgs/include/px4_msgs/px4_msgs/msg/health_report.hpp\n'}
[2.036833] (px4_msgs) StdoutLine: {'line': b'-- Up-to-date: /home/rschnurr/SkyClaw-Team1/ros2_ws/install/px4_msgs/include/px4_msgs/px4_msgs/msg/adc_report.hpp\n'}
[2.036882] (px4_msgs) StdoutLine: {'line': b'-- Up-to-date: /home/rschnurr/SkyClaw-Team1/ros2_ws/install/px4_msgs/include/px4_msgs/px4_msgs/msg/rosidl_generator_cpp__visibility_control.hpp\n'}
[2.036957] (px4_msgs) StdoutLine: {'line': b'-- Up-to-date: /home/rschnurr/SkyClaw-Team1/ros2_ws/install/px4_msgs/include/px4_msgs/px4_msgs/msg/follow_target.hpp\n'}
[2.037086] (px4_msgs) StdoutLine: {'line': b'-- Up-to-date: /home/rschnurr/SkyClaw-Team1/ros2_ws/install/px4_msgs/include/px4_msgs/px4_msgs/msg/failure_detector_status.hpp\n'}
[2.037285] (px4_msgs) StdoutLine: {'line': b'-- Up-to-date: /home/rschnurr/SkyClaw-Team1/ros2_ws/install/px4_msgs/include/px4_msgs/px4_msgs/msg/irlock_report.hpp\n'}
[2.037361] (px4_msgs) StdoutLine: {'line': b'-- Up-to-date: /home/rschnurr/SkyClaw-Team1/ros2_ws/install/px4_msgs/include/px4_msgs/px4_msgs/msg/battery_status.hpp\n'}
[2.037442] (px4_msgs) StdoutLine: {'line': b'-- Up-to-date: /home/rschnurr/SkyClaw-Team1/ros2_ws/install/px4_msgs/include/px4_msgs/px4_msgs/msg/config_overrides.hpp\n'}
[2.037491] (px4_msgs) StdoutLine: {'line': b'-- Up-to-date: /home/rschnurr/SkyClaw-Team1/ros2_ws/install/px4_msgs/include/px4_msgs/px4_msgs/msg/airspeed.hpp\n'}
[2.037533] (px4_msgs) StdoutLine: {'line': b'-- Up-to-date: /home/rschnurr/SkyClaw-Team1/ros2_ws/install/px4_msgs/include/px4_msgs/px4_msgs/msg/satellite_info.hpp\n'}
[2.037589] (px4_msgs) StdoutLine: {'line': b'-- Up-to-date: /home/rschnurr/SkyClaw-Team1/ros2_ws/install/px4_msgs/include/px4_msgs/px4_msgs/msg/event.hpp\n'}
[2.037630] (px4_msgs) StdoutLine: {'line': b'-- Up-to-date: /home/rschnurr/SkyClaw-Team1/ros2_ws/install/px4_msgs/include/px4_msgs/px4_msgs/msg/estimator_sensor_bias.hpp\n'}
[2.037670] (px4_msgs) StdoutLine: {'line': b'-- Up-to-date: /home/rschnurr/SkyClaw-Team1/ros2_ws/install/px4_msgs/include/px4_msgs/px4_msgs/msg/estimator_bias3d.hpp\n'}
[2.037707] (px4_msgs) StdoutLine: {'line': b'-- Up-to-date: /home/rschnurr/SkyClaw-Team1/ros2_ws/install/px4_msgs/include/px4_msgs/px4_msgs/msg/fixed_wing_longitudinal_setpoint.hpp\n'}
[2.037745] (px4_msgs) StdoutLine: {'line': b'-- Up-to-date: /home/rschnurr/SkyClaw-Team1/ros2_ws/install/px4_msgs/include/px4_msgs/px4_msgs/msg/sensor_selection.hpp\n'}
[2.037784] (px4_msgs) StdoutLine: {'line': b'-- Up-to-date: /home/rschnurr/SkyClaw-Team1/ros2_ws/install/px4_msgs/include/px4_msgs/px4_msgs/msg/vehicle_imu.hpp\n'}
[2.037829] (px4_msgs) StdoutLine: {'line': b'-- Up-to-date: /home/rschnurr/SkyClaw-Team1/ros2_ws/install/px4_msgs/include/px4_msgs/px4_msgs/msg/vehicle_magnetometer.hpp\n'}
[2.037868] (px4_msgs) StdoutLine: {'line': b'-- Up-to-date: /home/rschnurr/SkyClaw-Team1/ros2_ws/install/px4_msgs/include/px4_msgs/px4_msgs/msg/sensor_gyro.hpp\n'}
[2.037905] (px4_msgs) StdoutLine: {'line': b'-- Up-to-date: /home/rschnurr/SkyClaw-Team1/ros2_ws/install/px4_msgs/include/px4_msgs/px4_msgs/msg/sensor_baro.hpp\n'}
[2.037943] (px4_msgs) StdoutLine: {'line': b'-- Up-to-date: /home/rschnurr/SkyClaw-Team1/ros2_ws/install/px4_msgs/include/px4_msgs/px4_msgs/msg/vehicle_odometry.hpp\n'}
[2.037989] (px4_msgs) StdoutLine: {'line': b'-- Up-to-date: /home/rschnurr/SkyClaw-Team1/ros2_ws/install/px4_msgs/include/px4_msgs/px4_msgs/msg/internal_combustion_engine_control.hpp\n'}
[2.038026] (px4_msgs) StdoutLine: {'line': b'-- Up-to-date: /home/rschnurr/SkyClaw-Team1/ros2_ws/install/px4_msgs/include/px4_msgs/px4_msgs/msg/estimator_aid_source2d.hpp\n'}
[2.038281] (px4_msgs) StdoutLine: {'line': b'-- Up-to-date: /home/rschnurr/SkyClaw-Team1/ros2_ws/install/px4_msgs/include/px4_msgs/px4_msgs/msg/debug_vect.hpp\n'}
[2.038336] (px4_msgs) StdoutLine: {'line': b'-- Up-to-date: /home/rschnurr/SkyClaw-Team1/ros2_ws/install/px4_msgs/include/px4_msgs/px4_msgs/msg/position_controller_status.hpp\n'}
[2.038420] (px4_msgs) StdoutLine: {'line': b'-- Up-to-date: /home/rschnurr/SkyClaw-Team1/ros2_ws/install/px4_msgs/include/px4_msgs/px4_msgs/msg/cpuload.hpp\n'}
[2.038494] (px4_msgs) StdoutLine: {'line': b'-- Up-to-date: /home/rschnurr/SkyClaw-Team1/ros2_ws/install/px4_msgs/include/px4_msgs/px4_msgs/msg/estimator_bias.hpp\n'}
[2.038541] (px4_msgs) StdoutLine: {'line': b'-- Up-to-date: /home/rschnurr/SkyClaw-Team1/ros2_ws/install/px4_msgs/include/px4_msgs/px4_msgs/msg/tiltrotor_extra_controls.hpp\n'}
[2.038584] (px4_msgs) StdoutLine: {'line': b'-- Up-to-date: /home/rschnurr/SkyClaw-Team1/ros2_ws/install/px4_msgs/include/px4_msgs/px4_msgs/msg/vehicle_roi.hpp\n'}
[2.038623] (px4_msgs) StdoutLine: {'line': b'-- Up-to-date: /home/rschnurr/SkyClaw-Team1/ros2_ws/install/px4_msgs/include/px4_msgs/px4_msgs/msg/ekf2_timestamps.hpp\n'}
[2.038661] (px4_msgs) StdoutLine: {'line': b'-- Up-to-date: /home/rschnurr/SkyClaw-Team1/ros2_ws/install/px4_msgs/include/px4_msgs/px4_msgs/msg/ulog_stream_ack.hpp\n'}
[2.038699] (px4_msgs) StdoutLine: {'line': b'-- Up-to-date: /home/rschnurr/SkyClaw-Team1/ros2_ws/install/px4_msgs/include/px4_msgs/px4_msgs/msg/input_rc.hpp\n'}
[2.038736] (px4_msgs) StdoutLine: {'line': b'-- Up-to-date: /home/rschnurr/SkyClaw-Team1/ros2_ws/install/px4_msgs/include/px4_msgs/px4_msgs/msg/transponder_report.hpp\n'}
[2.038773] (px4_msgs) StdoutLine: {'line': b'-- Up-to-date: /home/rschnurr/SkyClaw-Team1/ros2_ws/install/px4_msgs/include/px4_msgs/px4_msgs/msg/obstacle_distance.hpp\n'}
[2.038810] (px4_msgs) StdoutLine: {'line': b'-- Up-to-date: /home/rschnurr/SkyClaw-Team1/ros2_ws/install/px4_msgs/include/px4_msgs/px4_msgs/msg/cellular_status.hpp\n'}
[2.038952] (px4_msgs) StdoutLine: {'line': b'-- Up-to-date: /home/rschnurr/SkyClaw-Team1/ros2_ws/install/px4_msgs/include/px4_msgs/px4_msgs/msg/estimator_states.hpp\n'}
[2.039010] (px4_msgs) StdoutLine: {'line': b'-- Up-to-date: /home/rschnurr/SkyClaw-Team1/ros2_ws/install/px4_msgs/include/px4_msgs/px4_msgs/msg/dataman_response.hpp\n'}
[2.039059] (px4_msgs) StdoutLine: {'line': b'-- Up-to-date: /home/rschnurr/SkyClaw-Team1/ros2_ws/install/px4_msgs/include/px4_msgs/px4_msgs/msg/orb_test_large.hpp\n'}
[2.039140] (px4_msgs) StdoutLine: {'line': b'-- Up-to-date: /home/rschnurr/SkyClaw-Team1/ros2_ws/install/px4_msgs/include/px4_msgs/px4_msgs/msg/parameter_update.hpp\n'}
[2.039185] (px4_msgs) StdoutLine: {'line': b'-- Up-to-date: /home/rschnurr/SkyClaw-Team1/ros2_ws/install/px4_msgs/include/px4_msgs/px4_msgs/msg/actuator_armed.hpp\n'}
[2.039221] (px4_msgs) StdoutLine: {'line': b'-- Up-to-date: /home/rschnurr/SkyClaw-Team1/ros2_ws/install/px4_msgs/include/px4_msgs/px4_msgs/msg/vehicle_local_position.hpp\n'}
[2.039257] (px4_msgs) StdoutLine: {'line': b'-- Up-to-date: /home/rschnurr/SkyClaw-Team1/ros2_ws/install/px4_msgs/include/px4_msgs/px4_msgs/msg/estimator_event_flags.hpp\n'}
[2.039292] (px4_msgs) StdoutLine: {'line': b'-- Up-to-date: /home/rschnurr/SkyClaw-Team1/ros2_ws/install/px4_msgs/include/px4_msgs/px4_msgs/msg/distance_sensor_mode_change_request.hpp\n'}
[2.039478] (px4_msgs) StdoutLine: {'line': b'-- Up-to-date: /home/rschnurr/SkyClaw-Team1/ros2_ws/install/px4_msgs/include/px4_msgs/px4_msgs/msg/actuator_controls_status.hpp\n'}
[2.039635] (px4_msgs) StdoutLine: {'line': b'-- Up-to-date: /home/rschnurr/SkyClaw-Team1/ros2_ws/install/px4_msgs/include/px4_msgs/px4_msgs/msg/mag_worker_data.hpp\n'}
[2.039962] (px4_msgs) StdoutLine: {'line': b'-- Up-to-date: /home/rschnurr/SkyClaw-Team1/ros2_ws/install/px4_msgs/include/px4_msgs/px4_msgs/msg/estimator_status_flags.hpp\n'}
[2.040028] (px4_msgs) StdoutLine: {'line': b'-- Up-to-date: /home/rschnurr/SkyClaw-Team1/ros2_ws/install/px4_msgs/include/px4_msgs/px4_msgs/msg/mode_completed.hpp\n'}
[2.040152] (px4_msgs) StdoutLine: {'line': b'-- Up-to-date: /home/rschnurr/SkyClaw-Team1/ros2_ws/install/px4_msgs/include/px4_msgs/px4_msgs/msg/system_power.hpp\n'}
[2.040449] (px4_msgs) StdoutLine: {'line': b'-- Up-to-date: /home/rschnurr/SkyClaw-Team1/ros2_ws/install/px4_msgs/include/px4_msgs/px4_msgs/msg/figure_eight_status.hpp\n'}
[2.040700] (px4_msgs) StdoutLine: {'line': b'-- Up-to-date: /home/rschnurr/SkyClaw-Team1/ros2_ws/install/px4_msgs/include/px4_msgs/px4_msgs/msg/vehicle_global_position.hpp\n'}
[2.040943] (px4_msgs) StdoutLine: {'line': b'-- Up-to-date: /home/rschnurr/SkyClaw-Team1/ros2_ws/install/px4_msgs/include/px4_msgs/px4_msgs/msg/vehicle_command.hpp\n'}
[2.041040] (px4_msgs) StdoutLine: {'line': b'-- Up-to-date: /home/rschnurr/SkyClaw-Team1/ros2_ws/install/px4_msgs/include/px4_msgs/px4_msgs/msg/debug_key_value.hpp\n'}
[2.041279] (px4_msgs) StdoutLine: {'line': b'-- Up-to-date: /home/rschnurr/SkyClaw-Team1/ros2_ws/install/px4_msgs/include/px4_msgs/px4_msgs/msg/vehicle_optical_flow.hpp\n'}
[2.041520] (px4_msgs) StdoutLine: {'line': b'-- Up-to-date: /home/rschnurr/SkyClaw-Team1/ros2_ws/install/px4_msgs/include/px4_msgs/px4_msgs/msg/sensor_gps.hpp\n'}
[2.041831] (px4_msgs) StdoutLine: {'line': b'-- Up-to-date: /home/rschnurr/SkyClaw-Team1/ros2_ws/install/px4_msgs/include/px4_msgs/px4_msgs/msg/magnetometer_bias_estimate.hpp\n'}
[2.042136] (px4_msgs) StdoutLine: {'line': b'-- Up-to-date: /home/rschnurr/SkyClaw-Team1/ros2_ws/install/px4_msgs/include/px4_msgs/px4_msgs/msg/rover_attitude_status.hpp\n'}
[2.042359] (px4_msgs) StdoutLine: {'line': b'-- Up-to-date: /home/rschnurr/SkyClaw-Team1/ros2_ws/install/px4_msgs/include/px4_msgs/px4_msgs/msg/fixed_wing_lateral_setpoint.hpp\n'}
[2.042536] (px4_msgs) StdoutLine: {'line': b'-- Up-to-date: /home/rschnurr/SkyClaw-Team1/ros2_ws/install/px4_msgs/include/px4_msgs/px4_msgs/msg/esc_status.hpp\n'}
[2.042619] (px4_msgs) StdoutLine: {'line': b'-- Up-to-date: /home/rschnurr/SkyClaw-Team1/ros2_ws/install/px4_msgs/include/px4_msgs/px4_msgs/msg/vehicle_imu_status.hpp\n'}
[2.042677] (px4_msgs) StdoutLine: {'line': b'-- Up-to-date: /home/rschnurr/SkyClaw-Team1/ros2_ws/install/px4_msgs/include/px4_msgs/px4_msgs/msg/navigator_status.hpp\n'}
[2.042728] (px4_msgs) StdoutLine: {'line': b'-- Up-to-date: /home/rschnurr/SkyClaw-Team1/ros2_ws/install/px4_msgs/include/px4_msgs/px4_msgs/msg/estimator_status.hpp\n'}
[2.042775] (px4_msgs) StdoutLine: {'line': b'-- Up-to-date: /home/rschnurr/SkyClaw-Team1/ros2_ws/install/px4_msgs/include/px4_msgs/px4_msgs/msg/message_format_response.hpp\n'}
[2.042818] (px4_msgs) StdoutLine: {'line': b'-- Up-to-date: /home/rschnurr/SkyClaw-Team1/ros2_ws/install/px4_msgs/include/px4_msgs/px4_msgs/msg/can_interface_status.hpp\n'}
[2.042858] (px4_msgs) StdoutLine: {'line': b'-- Up-to-date: /home/rschnurr/SkyClaw-Team1/ros2_ws/install/px4_msgs/include/px4_msgs/px4_msgs/msg/sensor_combined.hpp\n'}
[2.042897] (px4_msgs) StdoutLine: {'line': b'-- Up-to-date: /home/rschnurr/SkyClaw-Team1/ros2_ws/install/px4_msgs/include/px4_msgs/px4_msgs/msg/wind.hpp\n'}
[2.042936] (px4_msgs) StdoutLine: {'line': b'-- Up-to-date: /home/rschnurr/SkyClaw-Team1/ros2_ws/install/px4_msgs/include/px4_msgs/px4_msgs/msg/battery_info.hpp\n'}
[2.042974] (px4_msgs) StdoutLine: {'line': b'-- Up-to-date: /home/rschnurr/SkyClaw-Team1/ros2_ws/install/px4_msgs/include/px4_msgs/px4_msgs/msg/differential_pressure.hpp\n'}
[2.043014] (px4_msgs) StdoutLine: {'line': b'-- Up-to-date: /home/rschnurr/SkyClaw-Team1/ros2_ws/install/px4_msgs/include/px4_msgs/px4_msgs/msg/rover_rate_setpoint.hpp\n'}
[2.043054] (px4_msgs) StdoutLine: {'line': b'-- Up-to-date: /home/rschnurr/SkyClaw-Team1/ros2_ws/install/px4_msgs/include/px4_msgs/px4_msgs/msg/vehicle_optical_flow_vel.hpp\n'}
[2.043113] (px4_msgs) StdoutLine: {'line': b'-- Up-to-date: /home/rschnurr/SkyClaw-Team1/ros2_ws/install/px4_msgs/include/px4_msgs/px4_msgs/msg/position_setpoint_triplet.hpp\n'}
[2.043165] (px4_msgs) StdoutLine: {'line': b'-- Up-to-date: /home/rschnurr/SkyClaw-Team1/ros2_ws/install/px4_msgs/include/px4_msgs/px4_msgs/msg/vehicle_attitude.hpp\n'}
[2.043504] (px4_msgs) StdoutLine: {'line': b'-- Up-to-date: /home/rschnurr/SkyClaw-Team1/ros2_ws/install/px4_msgs/include/px4_msgs/px4_msgs/msg/logger_status.hpp\n'}
[2.043642] (px4_msgs) StdoutLine: {'line': b'-- Up-to-date: /home/rschnurr/SkyClaw-Team1/ros2_ws/install/px4_msgs/include/px4_msgs/px4_msgs/msg/fixed_wing_lateral_guidance_status.hpp\n'}
[2.043696] (px4_msgs) StdoutLine: {'line': b'-- Up-to-date: /home/rschnurr/SkyClaw-Team1/ros2_ws/install/px4_msgs/include/px4_msgs/px4_msgs/msg/rc_channels.hpp\n'}
[2.044073] (px4_msgs) StdoutLine: {'line': b'-- Up-to-date: /home/rschnurr/SkyClaw-Team1/ros2_ws/install/px4_msgs/include/px4_msgs/px4_msgs/msg/mavlink_tunnel.hpp\n'}
[2.044183] (px4_msgs) StdoutLine: {'line': b'-- Up-to-date: /home/rschnurr/SkyClaw-Team1/ros2_ws/install/px4_msgs/include/px4_msgs/px4_msgs/msg/sensors_status.hpp\n'}
[2.044300] (px4_msgs) StdoutLine: {'line': b'-- Up-to-date: /home/rschnurr/SkyClaw-Team1/ros2_ws/install/px4_msgs/include/px4_msgs/px4_msgs/msg/gimbal_controls.hpp\n'}
[2.044395] (px4_msgs) StdoutLine: {'line': b'-- Up-to-date: /home/rschnurr/SkyClaw-Team1/ros2_ws/install/px4_msgs/include/px4_msgs/px4_msgs/msg/launch_detection_status.hpp\n'}
[2.044503] (px4_msgs) StdoutLine: {'line': b'-- Up-to-date: /home/rschnurr/SkyClaw-Team1/ros2_ws/install/px4_msgs/include/px4_msgs/px4_msgs/msg/action_request.hpp\n'}
[2.044567] (px4_msgs) StdoutLine: {'line': b'-- Up-to-date: /home/rschnurr/SkyClaw-Team1/ros2_ws/install/px4_msgs/include/px4_msgs/px4_msgs/msg/camera_capture.hpp\n'}
[2.044615] (px4_msgs) StdoutLine: {'line': b'-- Up-to-date: /home/rschnurr/SkyClaw-Team1/ros2_ws/install/px4_msgs/include/px4_msgs/px4_msgs/msg/sensor_uwb.hpp\n'}
[2.044863] (px4_msgs) StdoutLine: {'line': b'-- Up-to-date: /home/rschnurr/SkyClaw-Team1/ros2_ws/install/px4_msgs/include/px4_msgs/px4_msgs/msg/camera_status.hpp\n'}
[2.045073] (px4_msgs) StdoutLine: {'line': b'-- Up-to-date: /home/rschnurr/SkyClaw-Team1/ros2_ws/install/px4_msgs/include/px4_msgs/px4_msgs/msg/position_setpoint.hpp\n'}
[2.045355] (px4_msgs) StdoutLine: {'line': b'-- Up-to-date: /home/rschnurr/SkyClaw-Team1/ros2_ws/install/px4_msgs/include/px4_msgs/px4_msgs/msg/register_ext_component_reply.hpp\n'}
[2.045764] (px4_msgs) StdoutLine: {'line': b'-- Up-to-date: /home/rschnurr/SkyClaw-Team1/ros2_ws/install/px4_msgs/include/px4_msgs/px4_msgs/msg/longitudinal_control_configuration.hpp\n'}
[2.045874] (px4_msgs) StdoutLine: {'line': b'-- Up-to-date: /home/rschnurr/SkyClaw-Team1/ros2_ws/install/px4_msgs/include/px4_msgs/px4_msgs/msg/qshell_req.hpp\n'}
[2.045928] (px4_msgs) StdoutLine: {'line': b'-- Up-to-date: /home/rschnurr/SkyClaw-Team1/ros2_ws/install/px4_msgs/include/px4_msgs/px4_msgs/msg/estimator_aid_source1d.hpp\n'}
[2.045974] (px4_msgs) StdoutLine: {'line': b'-- Up-to-date: /home/rschnurr/SkyClaw-Team1/ros2_ws/install/px4_msgs/include/px4_msgs/px4_msgs/msg/rover_speed_status.hpp\n'}
[2.046017] (px4_msgs) StdoutLine: {'line': b'-- Up-to-date: /home/rschnurr/SkyClaw-Team1/ros2_ws/install/px4_msgs/include/px4_msgs/px4_msgs/msg/parameter_set_value_response.hpp\n'}
[2.046059] (px4_msgs) StdoutLine: {'line': b'-- Up-to-date: /home/rschnurr/SkyClaw-Team1/ros2_ws/install/px4_msgs/include/px4_msgs/px4_msgs/msg/actuator_outputs.hpp\n'}
[2.046130] (px4_msgs) StdoutLine: {'line': b'-- Up-to-date: /home/rschnurr/SkyClaw-Team1/ros2_ws/install/px4_msgs/include/px4_msgs/px4_msgs/msg/qshell_retval.hpp\n'}
[2.046224] (px4_msgs) StdoutLine: {'line': b'-- Up-to-date: /home/rschnurr/SkyClaw-Team1/ros2_ws/install/px4_msgs/include/px4_msgs/px4_msgs/msg/power_button_state.hpp\n'}
[2.046445] (px4_msgs) StdoutLine: {'line': b'-- Up-to-date: /home/rschnurr/SkyClaw-Team1/ros2_ws/install/px4_msgs/include/px4_msgs/px4_msgs/msg/px4io_status.hpp\n'}
[2.046738] (px4_msgs) StdoutLine: {'line': b'-- Up-to-date: /home/rschnurr/SkyClaw-Team1/ros2_ws/install/px4_msgs/include/px4_msgs/px4_msgs/msg/pure_pursuit_status.hpp\n'}
[2.046818] (px4_msgs) StdoutLine: {'line': b'-- Up-to-date: /home/rschnurr/SkyClaw-Team1/ros2_ws/install/px4_msgs/include/px4_msgs/px4_msgs/msg/gimbal_manager_status.hpp\n'}
[2.047106] (px4_msgs) StdoutLine: {'line': b'-- Up-to-date: /home/rschnurr/SkyClaw-Team1/ros2_ws/install/px4_msgs/include/px4_msgs/px4_msgs/msg/airspeed_wind.hpp\n'}
[2.047555] (px4_msgs) StdoutLine: {'line': b'-- Up-to-date: /home/rschnurr/SkyClaw-Team1/ros2_ws/install/px4_msgs/include/px4_msgs/px4_msgs/msg/esc_report.hpp\n'}
[2.048006] (px4_msgs) StdoutLine: {'line': b'-- Up-to-date: /home/rschnurr/SkyClaw-Team1/ros2_ws/install/px4_msgs/include/px4_msgs/px4_msgs/msg/orb_test.hpp\n'}
[2.048170] (px4_msgs) StdoutLine: {'line': b'-- Up-to-date: /home/rschnurr/SkyClaw-Team1/ros2_ws/install/px4_msgs/include/px4_msgs/px4_msgs/msg/actuator_servos.hpp\n'}
[2.048516] (px4_msgs) StdoutLine: {'line': b'-- Up-to-date: /home/rschnurr/SkyClaw-Team1/ros2_ws/install/px4_msgs/include/px4_msgs/px4_msgs/msg/hover_thrust_estimate.hpp\n'}
[2.048720] (px4_msgs) StdoutLine: {'line': b'-- Up-to-date: /home/rschnurr/SkyClaw-Team1/ros2_ws/install/px4_msgs/include/px4_msgs/px4_msgs\n'}
[2.048816] (px4_msgs) StdoutLine: {'line': b'-- Up-to-date: /home/rschnurr/SkyClaw-Team1/ros2_ws/install/px4_msgs/include/px4_msgs/px4_msgs/srv\n'}
[2.048878] (px4_msgs) StdoutLine: {'line': b'-- Up-to-date: /home/rschnurr/SkyClaw-Team1/ros2_ws/install/px4_msgs/include/px4_msgs/px4_msgs/srv/detail\n'}
[2.048937] (px4_msgs) StdoutLine: {'line': b'-- Up-to-date: /home/rschnurr/SkyClaw-Team1/ros2_ws/install/px4_msgs/include/px4_msgs/px4_msgs/srv/detail/dds_fastrtps\n'}
[2.049327] (px4_msgs) StdoutLine: {'line': b'-- Up-to-date: /home/rschnurr/SkyClaw-Team1/ros2_ws/install/px4_msgs/include/px4_msgs/px4_msgs/srv/detail/vehicle_command__rosidl_typesupport_fastrtps_cpp.hpp\n'}
[2.049488] (px4_msgs) StdoutLine: {'line': b'-- Up-to-date: /home/rschnurr/SkyClaw-Team1/ros2_ws/install/px4_msgs/include/px4_msgs/px4_msgs/msg\n'}
[2.049635] (px4_msgs) StdoutLine: {'line': b'-- Up-to-date: /home/rschnurr/SkyClaw-Team1/ros2_ws/install/px4_msgs/include/px4_msgs/px4_msgs/msg/rosidl_typesupport_fastrtps_cpp__visibility_control.h\n'}
[2.049719] (px4_msgs) StdoutLine: {'line': b'-- Up-to-date: /home/rschnurr/SkyClaw-Team1/ros2_ws/install/px4_msgs/include/px4_msgs/px4_msgs/msg/detail\n'}
[2.049776] (px4_msgs) StdoutLine: {'line': b'-- Up-to-date: /home/rschnurr/SkyClaw-Team1/ros2_ws/install/px4_msgs/include/px4_msgs/px4_msgs/msg/detail/vehicle_magnetometer__rosidl_typesupport_fastrtps_cpp.hpp\n'}
[2.049826] (px4_msgs) StdoutLine: {'line': b'-- Up-to-date: /home/rschnurr/SkyClaw-Team1/ros2_ws/install/px4_msgs/include/px4_msgs/px4_msgs/msg/detail/ulog_stream_ack__rosidl_typesupport_fastrtps_cpp.hpp\n'}
[2.050112] (px4_msgs) StdoutLine: {'line': b'-- Up-to-date: /home/rschnurr/SkyClaw-Team1/ros2_ws/install/px4_msgs/include/px4_msgs/px4_msgs/msg/detail/gimbal_manager_set_attitude__rosidl_typesupport_fastrtps_cpp.hpp\n'}
[2.050215] (px4_msgs) StdoutLine: {'line': b'-- Up-to-date: /home/rschnurr/SkyClaw-Team1/ros2_ws/install/px4_msgs/include/px4_msgs/px4_msgs/msg/detail/distance_sensor__rosidl_typesupport_fastrtps_cpp.hpp\n'}
[2.050270] (px4_msgs) StdoutLine: {'line': b'-- Up-to-date: /home/rschnurr/SkyClaw-Team1/ros2_ws/install/px4_msgs/include/px4_msgs/px4_msgs/msg/detail/vehicle_constraints__rosidl_typesupport_fastrtps_cpp.hpp\n'}
[2.050323] (px4_msgs) StdoutLine: {'line': b'-- Up-to-date: /home/rschnurr/SkyClaw-Team1/ros2_ws/install/px4_msgs/include/px4_msgs/px4_msgs/msg/detail/airspeed_wind__rosidl_typesupport_fastrtps_cpp.hpp\n'}
[2.050600] (px4_msgs) StdoutLine: {'line': b'-- Up-to-date: /home/rschnurr/SkyClaw-Team1/ros2_ws/install/px4_msgs/include/px4_msgs/px4_msgs/msg/detail/fixed_wing_lateral_status__rosidl_typesupport_fastrtps_cpp.hpp\n'}
[2.051056] (px4_msgs) StdoutLine: {'line': b'-- Up-to-date: /home/rschnurr/SkyClaw-Team1/ros2_ws/install/px4_msgs/include/px4_msgs/px4_msgs/msg/detail/rover_rate_status__rosidl_typesupport_fastrtps_cpp.hpp\n'}
[2.051420] (px4_msgs) StdoutLine: {'line': b'-- Up-to-date: /home/rschnurr/SkyClaw-Team1/ros2_ws/install/px4_msgs/include/px4_msgs/px4_msgs/msg/detail/ping__rosidl_typesupport_fastrtps_cpp.hpp\n'}
[2.051635] (px4_msgs) StdoutLine: {'line': b'-- Up-to-date: /home/rschnurr/SkyClaw-Team1/ros2_ws/install/px4_msgs/include/px4_msgs/px4_msgs/msg/detail/onboard_computer_status__rosidl_typesupport_fastrtps_cpp.hpp\n'}
[2.051911] (px4_msgs) StdoutLine: {'line': b'-- Up-to-date: /home/rschnurr/SkyClaw-Team1/ros2_ws/install/px4_msgs/include/px4_msgs/px4_msgs/msg/detail/parameter_reset_request__rosidl_typesupport_fastrtps_cpp.hpp\n'}
[2.052359] (px4_msgs) StdoutLine: {'line': b'-- Up-to-date: /home/rschnurr/SkyClaw-Team1/ros2_ws/install/px4_msgs/include/px4_msgs/px4_msgs/msg/detail/actuator_servos_trim__rosidl_typesupport_fastrtps_cpp.hpp\n'}
[2.052508] (px4_msgs) StdoutLine: {'line': b'-- Up-to-date: /home/rschnurr/SkyClaw-Team1/ros2_ws/install/px4_msgs/include/px4_msgs/px4_msgs/msg/detail/logger_status__rosidl_typesupport_fastrtps_cpp.hpp\n'}
[2.052624] (px4_msgs) StdoutLine: {'line': b'-- Up-to-date: /home/rschnurr/SkyClaw-Team1/ros2_ws/install/px4_msgs/include/px4_msgs/px4_msgs/msg/detail/tecs_status__rosidl_typesupport_fastrtps_cpp.hpp\n'}
[2.052714] (px4_msgs) StdoutLine: {'line': b'-- Up-to-date: /home/rschnurr/SkyClaw-Team1/ros2_ws/install/px4_msgs/include/px4_msgs/px4_msgs/msg/detail/estimator_states__rosidl_typesupport_fastrtps_cpp.hpp\n'}
[2.052766] (px4_msgs) StdoutLine: {'line': b'-- Up-to-date: /home/rschnurr/SkyClaw-Team1/ros2_ws/install/px4_msgs/include/px4_msgs/px4_msgs/msg/detail/button_event__rosidl_typesupport_fastrtps_cpp.hpp\n'}
[2.052809] (px4_msgs) StdoutLine: {'line': b'-- Up-to-date: /home/rschnurr/SkyClaw-Team1/ros2_ws/install/px4_msgs/include/px4_msgs/px4_msgs/msg/detail/satellite_info__rosidl_typesupport_fastrtps_cpp.hpp\n'}
[2.052862] (px4_msgs) StdoutLine: {'line': b'-- Up-to-date: /home/rschnurr/SkyClaw-Team1/ros2_ws/install/px4_msgs/include/px4_msgs/px4_msgs/msg/detail/vehicle_thrust_setpoint__rosidl_typesupport_fastrtps_cpp.hpp\n'}
[2.053079] (px4_msgs) StdoutLine: {'line': b'-- Up-to-date: /home/rschnurr/SkyClaw-Team1/ros2_ws/install/px4_msgs/include/px4_msgs/px4_msgs/msg/detail/qshell_retval__rosidl_typesupport_fastrtps_cpp.hpp\n'}
[2.053192] (px4_msgs) StdoutLine: {'line': b'-- Up-to-date: /home/rschnurr/SkyClaw-Team1/ros2_ws/install/px4_msgs/include/px4_msgs/px4_msgs/msg/detail/internal_combustion_engine_status__rosidl_typesupport_fastrtps_cpp.hpp\n'}
[2.053326] (px4_msgs) StdoutLine: {'line': b'-- Up-to-date: /home/rschnurr/SkyClaw-Team1/ros2_ws/install/px4_msgs/include/px4_msgs/px4_msgs/msg/detail/orb_test_large__rosidl_typesupport_fastrtps_cpp.hpp\n'}
[2.053572] (px4_msgs) StdoutLine: {'line': b'-- Up-to-date: /home/rschnurr/SkyClaw-Team1/ros2_ws/install/px4_msgs/include/px4_msgs/px4_msgs/msg/detail/can_interface_status__rosidl_typesupport_fastrtps_cpp.hpp\n'}
[2.053785] (px4_msgs) StdoutLine: {'line': b'-- Up-to-date: /home/rschnurr/SkyClaw-Team1/ros2_ws/install/px4_msgs/include/px4_msgs/px4_msgs/msg/detail/home_position__rosidl_typesupport_fastrtps_cpp.hpp\n'}
[2.054024] (px4_msgs) StdoutLine: {'line': b'-- Up-to-date: /home/rschnurr/SkyClaw-Team1/ros2_ws/install/px4_msgs/include/px4_msgs/px4_msgs/msg/detail/dataman_response__rosidl_typesupport_fastrtps_cpp.hpp\n'}
[2.054181] (px4_msgs) StdoutLine: {'line': b'-- Up-to-date: /home/rschnurr/SkyClaw-Team1/ros2_ws/install/px4_msgs/include/px4_msgs/px4_msgs/msg/detail/rtl_time_estimate__rosidl_typesupport_fastrtps_cpp.hpp\n'}
[2.054572] (px4_msgs) StdoutLine: {'line': b'-- Up-to-date: /home/rschnurr/SkyClaw-Team1/ros2_ws/install/px4_msgs/include/px4_msgs/px4_msgs/msg/detail/vehicle_imu_status__rosidl_typesupport_fastrtps_cpp.hpp\n'}
[2.054646] (px4_msgs) StdoutLine: {'line': b'-- Up-to-date: /home/rschnurr/SkyClaw-Team1/ros2_ws/install/px4_msgs/include/px4_msgs/px4_msgs/msg/detail/sensor_gnss_relative__rosidl_typesupport_fastrtps_cpp.hpp\n'}
[2.054727] (px4_msgs) StdoutLine: {'line': b'-- Up-to-date: /home/rschnurr/SkyClaw-Team1/ros2_ws/install/px4_msgs/include/px4_msgs/px4_msgs/msg/detail/vehicle_acceleration__rosidl_typesupport_fastrtps_cpp.hpp\n'}
[2.054775] (px4_msgs) StdoutLine: {'line': b'-- Up-to-date: /home/rschnurr/SkyClaw-Team1/ros2_ws/install/px4_msgs/include/px4_msgs/px4_msgs/msg/detail/vehicle_optical_flow__rosidl_typesupport_fastrtps_cpp.hpp\n'}
[2.054827] (px4_msgs) StdoutLine: {'line': b'-- Up-to-date: /home/rschnurr/SkyClaw-Team1/ros2_ws/install/px4_msgs/include/px4_msgs/px4_msgs/msg/detail/estimator_aid_source2d__rosidl_typesupport_fastrtps_cpp.hpp\n'}
[2.054871] (px4_msgs) StdoutLine: {'line': b'-- Up-to-date: /home/rschnurr/SkyClaw-Team1/ros2_ws/install/px4_msgs/include/px4_msgs/px4_msgs/msg/detail/open_drone_id_self_id__rosidl_typesupport_fastrtps_cpp.hpp\n'}
[2.054921] (px4_msgs) StdoutLine: {'line': b'-- Up-to-date: /home/rschnurr/SkyClaw-Team1/ros2_ws/install/px4_msgs/include/px4_msgs/px4_msgs/msg/detail/sensor_gps__rosidl_typesupport_fastrtps_cpp.hpp\n'}
[2.054966] (px4_msgs) StdoutLine: {'line': b'-- Up-to-date: /home/rschnurr/SkyClaw-Team1/ros2_ws/install/px4_msgs/include/px4_msgs/px4_msgs/msg/detail/gpio_in__rosidl_typesupport_fastrtps_cpp.hpp\n'}
[2.055197] (px4_msgs) StdoutLine: {'line': b'-- Up-to-date: /home/rschnurr/SkyClaw-Team1/ros2_ws/install/px4_msgs/include/px4_msgs/px4_msgs/msg/detail/rover_attitude_setpoint__rosidl_typesupport_fastrtps_cpp.hpp\n'}
[2.055762] (px4_msgs) StdoutLine: {'line': b'-- Up-to-date: /home/rschnurr/SkyClaw-Team1/ros2_ws/install/px4_msgs/include/px4_msgs/px4_msgs/msg/detail/estimator_status_flags__rosidl_typesupport_fastrtps_cpp.hpp\n'}
[2.055930] (px4_msgs) StdoutLine: {'line': b'-- Up-to-date: /home/rschnurr/SkyClaw-Team1/ros2_ws/install/px4_msgs/include/px4_msgs/px4_msgs/msg/detail/vehicle_local_position__rosidl_typesupport_fastrtps_cpp.hpp\n'}
[2.055993] (px4_msgs) StdoutLine: {'line': b'-- Up-to-date: /home/rschnurr/SkyClaw-Team1/ros2_ws/install/px4_msgs/include/px4_msgs/px4_msgs/msg/detail/vehicle_global_position__rosidl_typesupport_fastrtps_cpp.hpp\n'}
[2.056044] (px4_msgs) StdoutLine: {'line': b'-- Up-to-date: /home/rschnurr/SkyClaw-Team1/ros2_ws/install/px4_msgs/include/px4_msgs/px4_msgs/msg/detail/rover_rate_setpoint__rosidl_typesupport_fastrtps_cpp.hpp\n'}
[2.056087] (px4_msgs) StdoutLine: {'line': b'-- Up-to-date: /home/rschnurr/SkyClaw-Team1/ros2_ws/install/px4_msgs/include/px4_msgs/px4_msgs/msg/detail/open_drone_id_system__rosidl_typesupport_fastrtps_cpp.hpp\n'}
[2.056129] (px4_msgs) StdoutLine: {'line': b'-- Up-to-date: /home/rschnurr/SkyClaw-Team1/ros2_ws/install/px4_msgs/include/px4_msgs/px4_msgs/msg/detail/task_stack_info__rosidl_typesupport_fastrtps_cpp.hpp\n'}
[2.056169] (px4_msgs) StdoutLine: {'line': b'-- Up-to-date: /home/rschnurr/SkyClaw-Team1/ros2_ws/install/px4_msgs/include/px4_msgs/px4_msgs/msg/detail/input_rc__rosidl_typesupport_fastrtps_cpp.hpp\n'}
[2.056212] (px4_msgs) StdoutLine: {'line': b'-- Up-to-date: /home/rschnurr/SkyClaw-Team1/ros2_ws/install/px4_msgs/include/px4_msgs/px4_msgs/msg/detail/vehicle_status__rosidl_typesupport_fastrtps_cpp.hpp\n'}
[2.056251] (px4_msgs) StdoutLine: {'line': b'-- Up-to-date: /home/rschnurr/SkyClaw-Team1/ros2_ws/install/px4_msgs/include/px4_msgs/px4_msgs/msg/detail/px4io_status__rosidl_typesupport_fastrtps_cpp.hpp\n'}
[2.056291] (px4_msgs) StdoutLine: {'line': b'-- Up-to-date: /home/rschnurr/SkyClaw-Team1/ros2_ws/install/px4_msgs/include/px4_msgs/px4_msgs/msg/detail/uavcan_parameter_value__rosidl_typesupport_fastrtps_cpp.hpp\n'}
[2.056332] (px4_msgs) StdoutLine: {'line': b'-- Up-to-date: /home/rschnurr/SkyClaw-Team1/ros2_ws/install/px4_msgs/include/px4_msgs/px4_msgs/msg/detail/navigator_mission_item__rosidl_typesupport_fastrtps_cpp.hpp\n'}
[2.056372] (px4_msgs) StdoutLine: {'line': b'-- Up-to-date: /home/rschnurr/SkyClaw-Team1/ros2_ws/install/px4_msgs/include/px4_msgs/px4_msgs/msg/detail/log_message__rosidl_typesupport_fastrtps_cpp.hpp\n'}
[2.056412] (px4_msgs) StdoutLine: {'line': b'-- Up-to-date: /home/rschnurr/SkyClaw-Team1/ros2_ws/install/px4_msgs/include/px4_msgs/px4_msgs/msg/detail/gimbal_manager_information__rosidl_typesupport_fastrtps_cpp.hpp\n'}
[2.056458] (px4_msgs) StdoutLine: {'line': b'-- Up-to-date: /home/rschnurr/SkyClaw-Team1/ros2_ws/install/px4_msgs/include/px4_msgs/px4_msgs/msg/detail/neural_control__rosidl_typesupport_fastrtps_cpp.hpp\n'}
[2.056754] (px4_msgs) StdoutLine: {'line': b'-- Up-to-date: /home/rschnurr/SkyClaw-Team1/ros2_ws/install/px4_msgs/include/px4_msgs/px4_msgs/msg/detail/geofence_result__rosidl_typesupport_fastrtps_cpp.hpp\n'}
[2.057428] (px4_msgs) StdoutLine: {'line': b'-- Up-to-date: /home/rschnurr/SkyClaw-Team1/ros2_ws/install/px4_msgs/include/px4_msgs/px4_msgs/msg/detail/normalized_unsigned_setpoint__rosidl_typesupport_fastrtps_cpp.hpp\n'}
[2.057617] (px4_msgs) StdoutLine: {'line': b'-- Up-to-date: /home/rschnurr/SkyClaw-Team1/ros2_ws/install/px4_msgs/include/px4_msgs/px4_msgs/msg/detail/pps_capture__rosidl_typesupport_fastrtps_cpp.hpp\n'}
[2.057751] (px4_msgs) StdoutLine: {'line': b'-- Up-to-date: /home/rschnurr/SkyClaw-Team1/ros2_ws/install/px4_msgs/include/px4_msgs/px4_msgs/msg/detail/position_setpoint__rosidl_typesupport_fastrtps_cpp.hpp\n'}
[2.057822] (px4_msgs) StdoutLine: {'line': b'-- Up-to-date: /home/rschnurr/SkyClaw-Team1/ros2_ws/install/px4_msgs/include/px4_msgs/px4_msgs/msg/detail/sensor_baro__rosidl_typesupport_fastrtps_cpp.hpp\n'}
[2.057887] (px4_msgs) StdoutLine: {'line': b'-- Up-to-date: /home/rschnurr/SkyClaw-Team1/ros2_ws/install/px4_msgs/include/px4_msgs/px4_msgs/msg/detail/vehicle_local_position_setpoint__rosidl_typesupport_fastrtps_cpp.hpp\n'}
[2.057962] (px4_msgs) StdoutLine: {'line': b'-- Up-to-date: /home/rschnurr/SkyClaw-Team1/ros2_ws/install/px4_msgs/include/px4_msgs/px4_msgs/msg/detail/follow_target__rosidl_typesupport_fastrtps_cpp.hpp\n'}
[2.058024] (px4_msgs) StdoutLine: {'line': b'-- Up-to-date: /home/rschnurr/SkyClaw-Team1/ros2_ws/install/px4_msgs/include/px4_msgs/px4_msgs/msg/detail/vehicle_air_data__rosidl_typesupport_fastrtps_cpp.hpp\n'}
[2.058313] (px4_msgs) StdoutLine: {'line': b'-- Up-to-date: /home/rschnurr/SkyClaw-Team1/ros2_ws/install/px4_msgs/include/px4_msgs/px4_msgs/msg/detail/trajectory_setpoint__rosidl_typesupport_fastrtps_cpp.hpp\n'}
[2.058418] (px4_msgs) StdoutLine: {'line': b'-- Up-to-date: /home/rschnurr/SkyClaw-Team1/ros2_ws/install/px4_msgs/include/px4_msgs/px4_msgs/msg/detail/vehicle_roi__rosidl_typesupport_fastrtps_cpp.hpp\n'}
[2.058471] (px4_msgs) StdoutLine: {'line': b'-- Up-to-date: /home/rschnurr/SkyClaw-Team1/ros2_ws/install/px4_msgs/include/px4_msgs/px4_msgs/msg/detail/sensor_accel_fifo__rosidl_typesupport_fastrtps_cpp.hpp\n'}
[2.058514] (px4_msgs) StdoutLine: {'line': b'-- Up-to-date: /home/rschnurr/SkyClaw-Team1/ros2_ws/install/px4_msgs/include/px4_msgs/px4_msgs/msg/detail/power_monitor__rosidl_typesupport_fastrtps_cpp.hpp\n'}
[2.058556] (px4_msgs) StdoutLine: {'line': b'-- Up-to-date: /home/rschnurr/SkyClaw-Team1/ros2_ws/install/px4_msgs/include/px4_msgs/px4_msgs/msg/detail/internal_combustion_engine_control__rosidl_typesupport_fastrtps_cpp.hpp\n'}
[2.058641] (px4_msgs) StdoutLine: {'line': b'-- Up-to-date: /home/rschnurr/SkyClaw-Team1/ros2_ws/install/px4_msgs/include/px4_msgs/px4_msgs/msg/detail/fixed_wing_runway_control__rosidl_typesupport_fastrtps_cpp.hpp\n'}
[2.058705] (px4_msgs) StdoutLine: {'line': b'-- Up-to-date: /home/rschnurr/SkyClaw-Team1/ros2_ws/install/px4_msgs/include/px4_msgs/px4_msgs/msg/detail/dds_fastrtps\n'}
[2.058822] (px4_msgs) StdoutLine: {'line': b'-- Up-to-date: /home/rschnurr/SkyClaw-Team1/ros2_ws/install/px4_msgs/include/px4_msgs/px4_msgs/msg/detail/mode_completed__rosidl_typesupport_fastrtps_cpp.hpp\n'}
[2.058888] (px4_msgs) StdoutLine: {'line': b'-- Up-to-date: /home/rschnurr/SkyClaw-Team1/ros2_ws/install/px4_msgs/include/px4_msgs/px4_msgs/msg/detail/fuel_tank_status__rosidl_typesupport_fastrtps_cpp.hpp\n'}
[2.058981] (px4_msgs) StdoutLine: {'line': b'-- Up-to-date: /home/rschnurr/SkyClaw-Team1/ros2_ws/install/px4_msgs/include/px4_msgs/px4_msgs/msg/detail/position_controller_landing_status__rosidl_typesupport_fastrtps_cpp.hpp\n'}
[2.059055] (px4_msgs) StdoutLine: {'line': b'-- Up-to-date: /home/rschnurr/SkyClaw-Team1/ros2_ws/install/px4_msgs/include/px4_msgs/px4_msgs/msg/detail/vehicle_imu__rosidl_typesupport_fastrtps_cpp.hpp\n'}
[2.059107] (px4_msgs) StdoutLine: {'line': b'-- Up-to-date: /home/rschnurr/SkyClaw-Team1/ros2_ws/install/px4_msgs/include/px4_msgs/px4_msgs/msg/detail/differential_pressure__rosidl_typesupport_fastrtps_cpp.hpp\n'}
[2.059151] (px4_msgs) StdoutLine: {'line': b'-- Up-to-date: /home/rschnurr/SkyClaw-Team1/ros2_ws/install/px4_msgs/include/px4_msgs/px4_msgs/msg/detail/hover_thrust_estimate__rosidl_typesupport_fastrtps_cpp.hpp\n'}
[2.059192] (px4_msgs) StdoutLine: {'line': b'-- Up-to-date: /home/rschnurr/SkyClaw-Team1/ros2_ws/install/px4_msgs/include/px4_msgs/px4_msgs/msg/detail/camera_trigger__rosidl_typesupport_fastrtps_cpp.hpp\n'}
[2.059255] (px4_msgs) StdoutLine: {'line': b'-- Up-to-date: /home/rschnurr/SkyClaw-Team1/ros2_ws/install/px4_msgs/include/px4_msgs/px4_msgs/msg/detail/uavcan_parameter_request__rosidl_typesupport_fastrtps_cpp.hpp\n'}
[2.059295] (px4_msgs) StdoutLine: {'line': b'-- Up-to-date: /home/rschnurr/SkyClaw-Team1/ros2_ws/install/px4_msgs/include/px4_msgs/px4_msgs/msg/detail/sensor_hygrometer__rosidl_typesupport_fastrtps_cpp.hpp\n'}
[2.059335] (px4_msgs) StdoutLine: {'line': b'-- Up-to-date: /home/rschnurr/SkyClaw-Team1/ros2_ws/install/px4_msgs/include/px4_msgs/px4_msgs/msg/detail/register_ext_component_reply__rosidl_typesupport_fastrtps_cpp.hpp\n'}
[2.059375] (px4_msgs) StdoutLine: {'line': b'-- Up-to-date: /home/rschnurr/SkyClaw-Team1/ros2_ws/install/px4_msgs/include/px4_msgs/px4_msgs/msg/detail/sensor_gnss_status__rosidl_typesupport_fastrtps_cpp.hpp\n'}
[2.059589] (px4_msgs) StdoutLine: {'line': b'-- Up-to-date: /home/rschnurr/SkyClaw-Team1/ros2_ws/install/px4_msgs/include/px4_msgs/px4_msgs/msg/detail/failsafe_flags__rosidl_typesupport_fastrtps_cpp.hpp\n'}
[2.059833] (px4_msgs) StdoutLine: {'line': b'-- Up-to-date: /home/rschnurr/SkyClaw-Team1/ros2_ws/install/px4_msgs/include/px4_msgs/px4_msgs/msg/detail/message_format_response__rosidl_typesupport_fastrtps_cpp.hpp\n'}
[2.059965] (px4_msgs) StdoutLine: {'line': b'-- Up-to-date: /home/rschnurr/SkyClaw-Team1/ros2_ws/install/px4_msgs/include/px4_msgs/px4_msgs/msg/detail/fixed_wing_longitudinal_setpoint__rosidl_typesupport_fastrtps_cpp.hpp\n'}
[2.060033] (px4_msgs) StdoutLine: {'line': b'-- Up-to-date: /home/rschnurr/SkyClaw-Team1/ros2_ws/install/px4_msgs/include/px4_msgs/px4_msgs/msg/detail/debug_key_value__rosidl_typesupport_fastrtps_cpp.hpp\n'}
[2.060085] (px4_msgs) StdoutLine: {'line': b'-- Up-to-date: /home/rschnurr/SkyClaw-Team1/ros2_ws/install/px4_msgs/include/px4_msgs/px4_msgs/msg/detail/adc_report__rosidl_typesupport_fastrtps_cpp.hpp\n'}
[2.060157] (px4_msgs) StdoutLine: {'line': b'-- Up-to-date: /home/rschnurr/SkyClaw-Team1/ros2_ws/install/px4_msgs/include/px4_msgs/px4_msgs/msg/detail/register_ext_component_request__rosidl_typesupport_fastrtps_cpp.hpp\n'}
[2.060206] (px4_msgs) StdoutLine: {'line': b'-- Up-to-date: /home/rschnurr/SkyClaw-Team1/ros2_ws/install/px4_msgs/include/px4_msgs/px4_msgs/msg/detail/gimbal_device_attitude_status__rosidl_typesupport_fastrtps_cpp.hpp\n'}
[2.060255] (px4_msgs) StdoutLine: {'line': b'-- Up-to-date: /home/rschnurr/SkyClaw-Team1/ros2_ws/install/px4_msgs/include/px4_msgs/px4_msgs/msg/detail/yaw_estimator_status__rosidl_typesupport_fastrtps_cpp.hpp\n'}
[2.060302] (px4_msgs) StdoutLine: {'line': b'-- Up-to-date: /home/rschnurr/SkyClaw-Team1/ros2_ws/install/px4_msgs/include/px4_msgs/px4_msgs/msg/detail/position_controller_status__rosidl_typesupport_fastrtps_cpp.hpp\n'}
[2.060348] (px4_msgs) StdoutLine: {'line': b'-- Up-to-date: /home/rschnurr/SkyClaw-Team1/ros2_ws/install/px4_msgs/include/px4_msgs/px4_msgs/msg/detail/orb_test_medium__rosidl_typesupport_fastrtps_cpp.hpp\n'}
[2.060393] (px4_msgs) StdoutLine: {'line': b'-- Up-to-date: /home/rschnurr/SkyClaw-Team1/ros2_ws/install/px4_msgs/include/px4_msgs/px4_msgs/msg/detail/rpm__rosidl_typesupport_fastrtps_cpp.hpp\n'}
[2.060440] (px4_msgs) StdoutLine: {'line': b'-- Up-to-date: /home/rschnurr/SkyClaw-Team1/ros2_ws/install/px4_msgs/include/px4_msgs/px4_msgs/msg/detail/event__rosidl_typesupport_fastrtps_cpp.hpp\n'}
[2.060493] (px4_msgs) StdoutLine: {'line': b'-- Up-to-date: /home/rschnurr/SkyClaw-Team1/ros2_ws/install/px4_msgs/include/px4_msgs/px4_msgs/msg/detail/actuator_servos__rosidl_typesupport_fastrtps_cpp.hpp\n'}
[2.060857] (px4_msgs) StdoutLine: {'line': b'-- Up-to-date: /home/rschnurr/SkyClaw-Team1/ros2_ws/install/px4_msgs/include/px4_msgs/px4_msgs/msg/detail/airspeed_validated__rosidl_typesupport_fastrtps_cpp.hpp\n'}
[2.061263] (px4_msgs) StdoutLine: {'line': b'-- Up-to-date: /home/rschnurr/SkyClaw-Team1/ros2_ws/install/px4_msgs/include/px4_msgs/px4_msgs/msg/detail/vehicle_angular_velocity__rosidl_typesupport_fastrtps_cpp.hpp\n'}
[2.061492] (px4_msgs) StdoutLine: {'line': b'-- Up-to-date: /home/rschnurr/SkyClaw-Team1/ros2_ws/install/px4_msgs/include/px4_msgs/px4_msgs/msg/detail/sensor_mag__rosidl_typesupport_fastrtps_cpp.hpp\n'}
[2.061746] (px4_msgs) StdoutLine: {'line': b'-- Up-to-date: /home/rschnurr/SkyClaw-Team1/ros2_ws/install/px4_msgs/include/px4_msgs/px4_msgs/msg/detail/estimator_innovations__rosidl_typesupport_fastrtps_cpp.hpp\n'}
[2.062016] (px4_msgs) StdoutLine: {'line': b'-- Up-to-date: /home/rschnurr/SkyClaw-Team1/ros2_ws/install/px4_msgs/include/px4_msgs/px4_msgs/msg/detail/wind__rosidl_typesupport_fastrtps_cpp.hpp\n'}
[2.062273] (px4_msgs) StdoutLine: {'line': b'-- Up-to-date: /home/rschnurr/SkyClaw-Team1/ros2_ws/install/px4_msgs/include/px4_msgs/px4_msgs/msg/detail/rate_ctrl_status__rosidl_typesupport_fastrtps_cpp.hpp\n'}
[2.062506] (px4_msgs) StdoutLine: {'line': b'-- Up-to-date: /home/rschnurr/SkyClaw-Team1/ros2_ws/install/px4_msgs/include/px4_msgs/px4_msgs/msg/detail/telemetry_status__rosidl_typesupport_fastrtps_cpp.hpp\n'}
[2.062683] (px4_msgs) StdoutLine: {'line': b'-- Up-to-date: /home/rschnurr/SkyClaw-Team1/ros2_ws/install/px4_msgs/include/px4_msgs/px4_msgs/msg/detail/orbit_status__rosidl_typesupport_fastrtps_cpp.hpp\n'}
[2.062959] (px4_msgs) StdoutLine: {'line': b'-- Up-to-date: /home/rschnurr/SkyClaw-Team1/ros2_ws/install/px4_msgs/include/px4_msgs/px4_msgs/msg/detail/launch_detection_status__rosidl_typesupport_fastrtps_cpp.hpp\n'}
[2.063437] (px4_msgs) StdoutLine: {'line': b'-- Up-to-date: /home/rschnurr/SkyClaw-Team1/ros2_ws/install/px4_msgs/include/px4_msgs/px4_msgs/msg/detail/timesync_status__rosidl_typesupport_fastrtps_cpp.hpp\n'}
[2.063552] (px4_msgs) StdoutLine: {'line': b'-- Up-to-date: /home/rschnurr/SkyClaw-Team1/ros2_ws/install/px4_msgs/include/px4_msgs/px4_msgs/msg/detail/estimator_bias3d__rosidl_typesupport_fastrtps_cpp.hpp\n'}
[2.063607] (px4_msgs) StdoutLine: {'line': b'-- Up-to-date: /home/rschnurr/SkyClaw-Team1/ros2_ws/install/px4_msgs/include/px4_msgs/px4_msgs/msg/detail/flight_phase_estimation__rosidl_typesupport_fastrtps_cpp.hpp\n'}
[2.063674] (px4_msgs) StdoutLine: {'line': b'-- Up-to-date: /home/rschnurr/SkyClaw-Team1/ros2_ws/install/px4_msgs/include/px4_msgs/px4_msgs/msg/detail/orb_test__rosidl_typesupport_fastrtps_cpp.hpp\n'}
[2.063717] (px4_msgs) StdoutLine: {'line': b'-- Up-to-date: /home/rschnurr/SkyClaw-Team1/ros2_ws/install/px4_msgs/include/px4_msgs/px4_msgs/msg/detail/rover_position_setpoint__rosidl_typesupport_fastrtps_cpp.hpp\n'}
[2.063759] (px4_msgs) StdoutLine: {'line': b'-- Up-to-date: /home/rschnurr/SkyClaw-Team1/ros2_ws/install/px4_msgs/include/px4_msgs/px4_msgs/msg/detail/camera_capture__rosidl_typesupport_fastrtps_cpp.hpp\n'}
[2.063800] (px4_msgs) StdoutLine: {'line': b'-- Up-to-date: /home/rschnurr/SkyClaw-Team1/ros2_ws/install/px4_msgs/include/px4_msgs/px4_msgs/msg/detail/navigator_status__rosidl_typesupport_fastrtps_cpp.hpp\n'}
[2.064199] (px4_msgs) StdoutLine: {'line': b'-- Up-to-date: /home/rschnurr/SkyClaw-Team1/ros2_ws/install/px4_msgs/include/px4_msgs/px4_msgs/msg/detail/config_overrides__rosidl_typesupport_fastrtps_cpp.hpp\n'}
[2.064299] (px4_msgs) StdoutLine: {'line': b'-- Up-to-date: /home/rschnurr/SkyClaw-Team1/ros2_ws/install/px4_msgs/include/px4_msgs/px4_msgs/msg/detail/follow_target_estimator__rosidl_typesupport_fastrtps_cpp.hpp\n'}
[2.064372] (px4_msgs) StdoutLine: {'line': b'-- Up-to-date: /home/rschnurr/SkyClaw-Team1/ros2_ws/install/px4_msgs/include/px4_msgs/px4_msgs/msg/detail/gpio_config__rosidl_typesupport_fastrtps_cpp.hpp\n'}
[2.064420] (px4_msgs) StdoutLine: {'line': b'-- Up-to-date: /home/rschnurr/SkyClaw-Team1/ros2_ws/install/px4_msgs/include/px4_msgs/px4_msgs/msg/detail/lateral_control_configuration__rosidl_typesupport_fastrtps_cpp.hpp\n'}
[2.064462] (px4_msgs) StdoutLine: {'line': b'-- Up-to-date: /home/rschnurr/SkyClaw-Team1/ros2_ws/install/px4_msgs/include/px4_msgs/px4_msgs/msg/detail/actuator_controls_status__rosidl_typesupport_fastrtps_cpp.hpp\n'}
[2.064502] (px4_msgs) StdoutLine: {'line': b'-- Up-to-date: /home/rschnurr/SkyClaw-Team1/ros2_ws/install/px4_msgs/include/px4_msgs/px4_msgs/msg/detail/estimator_bias__rosidl_typesupport_fastrtps_cpp.hpp\n'}
[2.064549] (px4_msgs) StdoutLine: {'line': b'-- Up-to-date: /home/rschnurr/SkyClaw-Team1/ros2_ws/install/px4_msgs/include/px4_msgs/px4_msgs/msg/detail/gimbal_device_set_attitude__rosidl_typesupport_fastrtps_cpp.hpp\n'}
[2.064592] (px4_msgs) StdoutLine: {'line': b'-- Up-to-date: /home/rschnurr/SkyClaw-Team1/ros2_ws/install/px4_msgs/include/px4_msgs/px4_msgs/msg/detail/sensor_correction__rosidl_typesupport_fastrtps_cpp.hpp\n'}
[2.064631] (px4_msgs) StdoutLine: {'line': b'-- Up-to-date: /home/rschnurr/SkyClaw-Team1/ros2_ws/install/px4_msgs/include/px4_msgs/px4_msgs/msg/detail/landing_gear__rosidl_typesupport_fastrtps_cpp.hpp\n'}
[2.064681] (px4_msgs) StdoutLine: {'line': b'-- Up-to-date: /home/rschnurr/SkyClaw-Team1/ros2_ws/install/px4_msgs/include/px4_msgs/px4_msgs/msg/detail/sensor_gyro_fifo__rosidl_typesupport_fastrtps_cpp.hpp\n'}
[2.064843] (px4_msgs) StdoutLine: {'line': b'-- Up-to-date: /home/rschnurr/SkyClaw-Team1/ros2_ws/install/px4_msgs/include/px4_msgs/px4_msgs/msg/detail/generator_status__rosidl_typesupport_fastrtps_cpp.hpp\n'}
[2.065067] (px4_msgs) StdoutLine: {'line': b'-- Up-to-date: /home/rschnurr/SkyClaw-Team1/ros2_ws/install/px4_msgs/include/px4_msgs/px4_msgs/msg/detail/vehicle_command_ack__rosidl_typesupport_fastrtps_cpp.hpp\n'}
[2.065175] (px4_msgs) StdoutLine: {'line': b'-- Up-to-date: /home/rschnurr/SkyClaw-Team1/ros2_ws/install/px4_msgs/include/px4_msgs/px4_msgs/msg/detail/actuator_outputs__rosidl_typesupport_fastrtps_cpp.hpp\n'}
[2.065298] (px4_msgs) StdoutLine: {'line': b'-- Up-to-date: /home/rschnurr/SkyClaw-Team1/ros2_ws/install/px4_msgs/include/px4_msgs/px4_msgs/msg/detail/tiltrotor_extra_controls__rosidl_typesupport_fastrtps_cpp.hpp\n'}
[2.065513] (px4_msgs) StdoutLine: {'line': b'-- Up-to-date: /home/rschnurr/SkyClaw-Team1/ros2_ws/install/px4_msgs/include/px4_msgs/px4_msgs/msg/detail/gimbal_manager_set_manual_control__rosidl_typesupport_fastrtps_cpp.hpp\n'}
[2.065812] (px4_msgs) StdoutLine: {'line': b'-- Up-to-date: /home/rschnurr/SkyClaw-Team1/ros2_ws/install/px4_msgs/include/px4_msgs/px4_msgs/msg/detail/wheel_encoders__rosidl_typesupport_fastrtps_cpp.hpp\n'}
[2.066163] (px4_msgs) StdoutLine: {'line': b'-- Up-to-date: /home/rschnurr/SkyClaw-Team1/ros2_ws/install/px4_msgs/include/px4_msgs/px4_msgs/msg/detail/vehicle_attitude__rosidl_typesupport_fastrtps_cpp.hpp\n'}
[2.066377] (px4_msgs) StdoutLine: {'line': b'-- Up-to-date: /home/rschnurr/SkyClaw-Team1/ros2_ws/install/px4_msgs/include/px4_msgs/px4_msgs/msg/detail/control_allocator_status__rosidl_typesupport_fastrtps_cpp.hpp\n'}
[2.066539] (px4_msgs) StdoutLine: {'line': b'-- Up-to-date: /home/rschnurr/SkyClaw-Team1/ros2_ws/install/px4_msgs/include/px4_msgs/px4_msgs/msg/detail/parameter_update__rosidl_typesupport_fastrtps_cpp.hpp\n'}
[2.066731] (px4_msgs) StdoutLine: {'line': b'-- Up-to-date: /home/rschnurr/SkyClaw-Team1/ros2_ws/install/px4_msgs/include/px4_msgs/px4_msgs/msg/detail/estimator_selector_status__rosidl_typesupport_fastrtps_cpp.hpp\n'}
[2.066879] (px4_msgs) StdoutLine: {'line': b'-- Up-to-date: /home/rschnurr/SkyClaw-Team1/ros2_ws/install/px4_msgs/include/px4_msgs/px4_msgs/msg/detail/estimator_status__rosidl_typesupport_fastrtps_cpp.hpp\n'}
[2.066938] (px4_msgs) StdoutLine: {'line': b'-- Up-to-date: /home/rschnurr/SkyClaw-Team1/ros2_ws/install/px4_msgs/include/px4_msgs/px4_msgs/msg/detail/actuator_test__rosidl_typesupport_fastrtps_cpp.hpp\n'}
[2.067012] (px4_msgs) StdoutLine: {'line': b'-- Up-to-date: /home/rschnurr/SkyClaw-Team1/ros2_ws/install/px4_msgs/include/px4_msgs/px4_msgs/msg/detail/arming_check_reply__rosidl_typesupport_fastrtps_cpp.hpp\n'}
[2.067353] (px4_msgs) StdoutLine: {'line': b'-- Up-to-date: /home/rschnurr/SkyClaw-Team1/ros2_ws/install/px4_msgs/include/px4_msgs/px4_msgs/msg/detail/mission__rosidl_typesupport_fastrtps_cpp.hpp\n'}
[2.067493] (px4_msgs) StdoutLine: {'line': b'-- Up-to-date: /home/rschnurr/SkyClaw-Team1/ros2_ws/install/px4_msgs/include/px4_msgs/px4_msgs/msg/detail/led_control__rosidl_typesupport_fastrtps_cpp.hpp\n'}
[2.067643] (px4_msgs) StdoutLine: {'line': b'-- Up-to-date: /home/rschnurr/SkyClaw-Team1/ros2_ws/install/px4_msgs/include/px4_msgs/px4_msgs/msg/detail/estimator_aid_source1d__rosidl_typesupport_fastrtps_cpp.hpp\n'}
[2.067885] (px4_msgs) StdoutLine: {'line': b'-- Up-to-date: /home/rschnurr/SkyClaw-Team1/ros2_ws/install/px4_msgs/include/px4_msgs/px4_msgs/msg/detail/sensor_combined__rosidl_typesupport_fastrtps_cpp.hpp\n'}
[2.068607] (px4_msgs) StdoutLine: {'line': b'-- Up-to-date: /home/rschnurr/SkyClaw-Team1/ros2_ws/install/px4_msgs/include/px4_msgs/px4_msgs/msg/detail/parameter_set_used_request__rosidl_typesupport_fastrtps_cpp.hpp\n'}
[2.068944] (px4_msgs) StdoutLine: {'line': b'-- Up-to-date: /home/rschnurr/SkyClaw-Team1/ros2_ws/install/px4_msgs/include/px4_msgs/px4_msgs/msg/detail/vehicle_command__rosidl_typesupport_fastrtps_cpp.hpp\n'}
[2.069228] (px4_msgs) StdoutLine: {'line': b'-- Up-to-date: /home/rschnurr/SkyClaw-Team1/ros2_ws/install/px4_msgs/include/px4_msgs/px4_msgs/msg/detail/sensor_uwb__rosidl_typesupport_fastrtps_cpp.hpp\n'}
[2.069442] (px4_msgs) StdoutLine: {'line': b'-- Up-to-date: /home/rschnurr/SkyClaw-Team1/ros2_ws/install/px4_msgs/include/px4_msgs/px4_msgs/msg/detail/cellular_status__rosidl_typesupport_fastrtps_cpp.hpp\n'}
[2.069533] (px4_msgs) StdoutLine: {'line': b'-- Up-to-date: /home/rschnurr/SkyClaw-Team1/ros2_ws/install/px4_msgs/include/px4_msgs/px4_msgs/msg/detail/sensor_selection__rosidl_typesupport_fastrtps_cpp.hpp\n'}
[2.069604] (px4_msgs) StdoutLine: {'line': b'-- Up-to-date: /home/rschnurr/SkyClaw-Team1/ros2_ws/install/px4_msgs/include/px4_msgs/px4_msgs/msg/detail/rover_throttle_setpoint__rosidl_typesupport_fastrtps_cpp.hpp\n'}
[2.069657] (px4_msgs) StdoutLine: {'line': b'-- Up-to-date: /home/rschnurr/SkyClaw-Team1/ros2_ws/install/px4_msgs/include/px4_msgs/px4_msgs/msg/detail/mag_worker_data__rosidl_typesupport_fastrtps_cpp.hpp\n'}
[2.069703] (px4_msgs) StdoutLine: {'line': b'-- Up-to-date: /home/rschnurr/SkyClaw-Team1/ros2_ws/install/px4_msgs/include/px4_msgs/px4_msgs/msg/detail/sensor_gyro__rosidl_typesupport_fastrtps_cpp.hpp\n'}
[2.069751] (px4_msgs) StdoutLine: {'line': b'-- Up-to-date: /home/rschnurr/SkyClaw-Team1/ros2_ws/install/px4_msgs/include/px4_msgs/px4_msgs/msg/detail/cpuload__rosidl_typesupport_fastrtps_cpp.hpp\n'}
[2.069795] (px4_msgs) StdoutLine: {'line': b'-- Up-to-date: /home/rschnurr/SkyClaw-Team1/ros2_ws/install/px4_msgs/include/px4_msgs/px4_msgs/msg/detail/gps_inject_data__rosidl_typesupport_fastrtps_cpp.hpp\n'}
[2.069837] (px4_msgs) StdoutLine: {'line': b'-- Up-to-date: /home/rschnurr/SkyClaw-Team1/ros2_ws/install/px4_msgs/include/px4_msgs/px4_msgs/msg/detail/iridiumsbd_status__rosidl_typesupport_fastrtps_cpp.hpp\n'}
[2.069956] (px4_msgs) StdoutLine: {'line': b'-- Up-to-date: /home/rschnurr/SkyClaw-Team1/ros2_ws/install/px4_msgs/include/px4_msgs/px4_msgs/msg/detail/gimbal_controls__rosidl_typesupport_fastrtps_cpp.hpp\n'}
[2.070064] (px4_msgs) StdoutLine: {'line': b'-- Up-to-date: /home/rschnurr/SkyClaw-Team1/ros2_ws/install/px4_msgs/include/px4_msgs/px4_msgs/msg/detail/health_report__rosidl_typesupport_fastrtps_cpp.hpp\n'}
[2.070126] (px4_msgs) StdoutLine: {'line': b'-- Up-to-date: /home/rschnurr/SkyClaw-Team1/ros2_ws/install/px4_msgs/include/px4_msgs/px4_msgs/msg/detail/vtol_vehicle_status__rosidl_typesupport_fastrtps_cpp.hpp\n'}
[2.070288] (px4_msgs) StdoutLine: {'line': b'-- Up-to-date: /home/rschnurr/SkyClaw-Team1/ros2_ws/install/px4_msgs/include/px4_msgs/px4_msgs/msg/detail/gripper__rosidl_typesupport_fastrtps_cpp.hpp\n'}
[2.070359] (px4_msgs) StdoutLine: {'line': b'-- Up-to-date: /home/rschnurr/SkyClaw-Team1/ros2_ws/install/px4_msgs/include/px4_msgs/px4_msgs/msg/detail/open_drone_id_operator_id__rosidl_typesupport_fastrtps_cpp.hpp\n'}
[2.070414] (px4_msgs) StdoutLine: {'line': b'-- Up-to-date: /home/rschnurr/SkyClaw-Team1/ros2_ws/install/px4_msgs/include/px4_msgs/px4_msgs/msg/detail/sensor_accel__rosidl_typesupport_fastrtps_cpp.hpp\n'}
[2.070479] (px4_msgs) StdoutLine: {'line': b'-- Up-to-date: /home/rschnurr/SkyClaw-Team1/ros2_ws/install/px4_msgs/include/px4_msgs/px4_msgs/msg/detail/vehicle_odometry__rosidl_typesupport_fastrtps_cpp.hpp\n'}
[2.070610] (px4_msgs) StdoutLine: {'line': b'-- Up-to-date: /home/rschnurr/SkyClaw-Team1/ros2_ws/install/px4_msgs/include/px4_msgs/px4_msgs/msg/detail/vehicle_control_mode__rosidl_typesupport_fastrtps_cpp.hpp\n'}
[2.070880] (px4_msgs) StdoutLine: {'line': b'-- Up-to-date: /home/rschnurr/SkyClaw-Team1/ros2_ws/install/px4_msgs/include/px4_msgs/px4_msgs/msg/detail/pwm_input__rosidl_typesupport_fastrtps_cpp.hpp\n'}
[2.071085] (px4_msgs) StdoutLine: {'line': b'-- Up-to-date: /home/rschnurr/SkyClaw-Team1/ros2_ws/install/px4_msgs/include/px4_msgs/px4_msgs/msg/detail/estimator_gps_status__rosidl_typesupport_fastrtps_cpp.hpp\n'}
[2.071177] (px4_msgs) StdoutLine: {'line': b'-- Up-to-date: /home/rschnurr/SkyClaw-Team1/ros2_ws/install/px4_msgs/include/px4_msgs/px4_msgs/msg/detail/open_drone_id_arm_status__rosidl_typesupport_fastrtps_cpp.hpp\n'}
[2.071237] (px4_msgs) StdoutLine: {'line': b'-- Up-to-date: /home/rschnurr/SkyClaw-Team1/ros2_ws/install/px4_msgs/include/px4_msgs/px4_msgs/msg/detail/message_format_request__rosidl_typesupport_fastrtps_cpp.hpp\n'}
[2.071284] (px4_msgs) StdoutLine: {'line': b'-- Up-to-date: /home/rschnurr/SkyClaw-Team1/ros2_ws/install/px4_msgs/include/px4_msgs/px4_msgs/msg/detail/vehicle_torque_setpoint__rosidl_typesupport_fastrtps_cpp.hpp\n'}
[2.071328] (px4_msgs) StdoutLine: {'line': b'-- Up-to-date: /home/rschnurr/SkyClaw-Team1/ros2_ws/install/px4_msgs/include/px4_msgs/px4_msgs/msg/detail/esc_report__rosidl_typesupport_fastrtps_cpp.hpp\n'}
[2.071373] (px4_msgs) StdoutLine: {'line': b'-- Up-to-date: /home/rschnurr/SkyClaw-Team1/ros2_ws/install/px4_msgs/include/px4_msgs/px4_msgs/msg/detail/collision_constraints__rosidl_typesupport_fastrtps_cpp.hpp\n'}
[2.071435] (px4_msgs) StdoutLine: {'line': b'-- Up-to-date: /home/rschnurr/SkyClaw-Team1/ros2_ws/install/px4_msgs/include/px4_msgs/px4_msgs/msg/detail/sensor_airflow__rosidl_typesupport_fastrtps_cpp.hpp\n'}
[2.071477] (px4_msgs) StdoutLine: {'line': b'-- Up-to-date: /home/rschnurr/SkyClaw-Team1/ros2_ws/install/px4_msgs/include/px4_msgs/px4_msgs/msg/detail/magnetometer_bias_estimate__rosidl_typesupport_fastrtps_cpp.hpp\n'}
[2.071520] (px4_msgs) StdoutLine: {'line': b'-- Up-to-date: /home/rschnurr/SkyClaw-Team1/ros2_ws/install/px4_msgs/include/px4_msgs/px4_msgs/msg/detail/dronecan_node_status__rosidl_typesupport_fastrtps_cpp.hpp\n'}
[2.071561] (px4_msgs) StdoutLine: {'line': b'-- Up-to-date: /home/rschnurr/SkyClaw-Team1/ros2_ws/install/px4_msgs/include/px4_msgs/px4_msgs/msg/detail/irlock_report__rosidl_typesupport_fastrtps_cpp.hpp\n'}
[2.071603] (px4_msgs) StdoutLine: {'line': b'-- Up-to-date: /home/rschnurr/SkyClaw-Team1/ros2_ws/install/px4_msgs/include/px4_msgs/px4_msgs/msg/detail/sensors_status__rosidl_typesupport_fastrtps_cpp.hpp\n'}
[2.071645] (px4_msgs) StdoutLine: {'line': b'-- Up-to-date: /home/rschnurr/SkyClaw-Team1/ros2_ws/install/px4_msgs/include/px4_msgs/px4_msgs/msg/detail/rover_speed_setpoint__rosidl_typesupport_fastrtps_cpp.hpp\n'}
[2.071687] (px4_msgs) StdoutLine: {'line': b'-- Up-to-date: /home/rschnurr/SkyClaw-Team1/ros2_ws/install/px4_msgs/include/px4_msgs/px4_msgs/msg/detail/parameter_set_value_response__rosidl_typesupport_fastrtps_cpp.hpp\n'}
[2.071728] (px4_msgs) StdoutLine: {'line': b'-- Up-to-date: /home/rschnurr/SkyClaw-Team1/ros2_ws/install/px4_msgs/include/px4_msgs/px4_msgs/msg/detail/gpio_out__rosidl_typesupport_fastrtps_cpp.hpp\n'}
[2.071767] (px4_msgs) StdoutLine: {'line': b'-- Up-to-date: /home/rschnurr/SkyClaw-Team1/ros2_ws/install/px4_msgs/include/px4_msgs/px4_msgs/msg/detail/vehicle_rates_setpoint__rosidl_typesupport_fastrtps_cpp.hpp\n'}
[2.071811] (px4_msgs) StdoutLine: {'line': b'-- Up-to-date: /home/rschnurr/SkyClaw-Team1/ros2_ws/install/px4_msgs/include/px4_msgs/px4_msgs/msg/detail/actuator_motors__rosidl_typesupport_fastrtps_cpp.hpp\n'}
[2.071852] (px4_msgs) StdoutLine: {'line': b'-- Up-to-date: /home/rschnurr/SkyClaw-Team1/ros2_ws/install/px4_msgs/include/px4_msgs/px4_msgs/msg/detail/fixed_wing_lateral_setpoint__rosidl_typesupport_fastrtps_cpp.hpp\n'}
[2.071894] (px4_msgs) StdoutLine: {'line': b'-- Up-to-date: /home/rschnurr/SkyClaw-Team1/ros2_ws/install/px4_msgs/include/px4_msgs/px4_msgs/msg/detail/power_button_state__rosidl_typesupport_fastrtps_cpp.hpp\n'}
[2.071938] (px4_msgs) StdoutLine: {'line': b'-- Up-to-date: /home/rschnurr/SkyClaw-Team1/ros2_ws/install/px4_msgs/include/px4_msgs/px4_msgs/msg/detail/offboard_control_mode__rosidl_typesupport_fastrtps_cpp.hpp\n'}
[2.071978] (px4_msgs) StdoutLine: {'line': b'-- Up-to-date: /home/rschnurr/SkyClaw-Team1/ros2_ws/install/px4_msgs/include/px4_msgs/px4_msgs/msg/detail/action_request__rosidl_typesupport_fastrtps_cpp.hpp\n'}
[2.072018] (px4_msgs) StdoutLine: {'line': b'-- Up-to-date: /home/rschnurr/SkyClaw-Team1/ros2_ws/install/px4_msgs/include/px4_msgs/px4_msgs/msg/detail/dataman_request__rosidl_typesupport_fastrtps_cpp.hpp\n'}
[2.072062] (px4_msgs) StdoutLine: {'line': b'-- Up-to-date: /home/rschnurr/SkyClaw-Team1/ros2_ws/install/px4_msgs/include/px4_msgs/px4_msgs/msg/detail/manual_control_switches__rosidl_typesupport_fastrtps_cpp.hpp\n'}
[2.072102] (px4_msgs) StdoutLine: {'line': b'-- Up-to-date: /home/rschnurr/SkyClaw-Team1/ros2_ws/install/px4_msgs/include/px4_msgs/px4_msgs/msg/detail/distance_sensor_mode_change_request__rosidl_typesupport_fastrtps_cpp.hpp\n'}
[2.072145] (px4_msgs) StdoutLine: {'line': b'-- Up-to-date: /home/rschnurr/SkyClaw-Team1/ros2_ws/install/px4_msgs/include/px4_msgs/px4_msgs/msg/detail/ulog_stream__rosidl_typesupport_fastrtps_cpp.hpp\n'}
[2.072194] (px4_msgs) StdoutLine: {'line': b'-- Up-to-date: /home/rschnurr/SkyClaw-Team1/ros2_ws/install/px4_msgs/include/px4_msgs/px4_msgs/msg/detail/sensor_gyro_fft__rosidl_typesupport_fastrtps_cpp.hpp\n'}
[2.072235] (px4_msgs) StdoutLine: {'line': b'-- Up-to-date: /home/rschnurr/SkyClaw-Team1/ros2_ws/install/px4_msgs/include/px4_msgs/px4_msgs/msg/detail/rc_parameter_map__rosidl_typesupport_fastrtps_cpp.hpp\n'}
[2.072274] (px4_msgs) StdoutLine: {'line': b'-- Up-to-date: /home/rschnurr/SkyClaw-Team1/ros2_ws/install/px4_msgs/include/px4_msgs/px4_msgs/msg/detail/vehicle_land_detected__rosidl_typesupport_fastrtps_cpp.hpp\n'}
[2.072314] (px4_msgs) StdoutLine: {'line': b'-- Up-to-date: /home/rschnurr/SkyClaw-Team1/ros2_ws/install/px4_msgs/include/px4_msgs/px4_msgs/msg/detail/goto_setpoint__rosidl_typesupport_fastrtps_cpp.hpp\n'}
[2.072353] (px4_msgs) StdoutLine: {'line': b'-- Up-to-date: /home/rschnurr/SkyClaw-Team1/ros2_ws/install/px4_msgs/include/px4_msgs/px4_msgs/msg/detail/pure_pursuit_status__rosidl_typesupport_fastrtps_cpp.hpp\n'}
[2.072393] (px4_msgs) StdoutLine: {'line': b'-- Up-to-date: /home/rschnurr/SkyClaw-Team1/ros2_ws/install/px4_msgs/include/px4_msgs/px4_msgs/msg/detail/landing_target_innovations__rosidl_typesupport_fastrtps_cpp.hpp\n'}
[2.072432] (px4_msgs) StdoutLine: {'line': b'-- Up-to-date: /home/rschnurr/SkyClaw-Team1/ros2_ws/install/px4_msgs/include/px4_msgs/px4_msgs/msg/detail/takeoff_status__rosidl_typesupport_fastrtps_cpp.hpp\n'}
[2.072481] (px4_msgs) StdoutLine: {'line': b'-- Up-to-date: /home/rschnurr/SkyClaw-Team1/ros2_ws/install/px4_msgs/include/px4_msgs/px4_msgs/msg/detail/ekf2_timestamps__rosidl_typesupport_fastrtps_cpp.hpp\n'}
[2.072620] (px4_msgs) StdoutLine: {'line': b'-- Up-to-date: /home/rschnurr/SkyClaw-Team1/ros2_ws/install/px4_msgs/include/px4_msgs/px4_msgs/msg/detail/rtl_status__rosidl_typesupport_fastrtps_cpp.hpp\n'}
[2.072691] (px4_msgs) StdoutLine: {'line': b'-- Up-to-date: /home/rschnurr/SkyClaw-Team1/ros2_ws/install/px4_msgs/include/px4_msgs/px4_msgs/msg/detail/landing_gear_wheel__rosidl_typesupport_fastrtps_cpp.hpp\n'}
[2.072770] (px4_msgs) StdoutLine: {'line': b'-- Up-to-date: /home/rschnurr/SkyClaw-Team1/ros2_ws/install/px4_msgs/include/px4_msgs/px4_msgs/msg/detail/debug_vect__rosidl_typesupport_fastrtps_cpp.hpp\n'}
[2.072918] (px4_msgs) StdoutLine: {'line': b'-- Up-to-date: /home/rschnurr/SkyClaw-Team1/ros2_ws/install/px4_msgs/include/px4_msgs/px4_msgs/msg/detail/unregister_ext_component__rosidl_typesupport_fastrtps_cpp.hpp\n'}
[2.073171] (px4_msgs) StdoutLine: {'line': b'-- Up-to-date: /home/rschnurr/SkyClaw-Team1/ros2_ws/install/px4_msgs/include/px4_msgs/px4_msgs/msg/detail/vehicle_angular_acceleration_setpoint__rosidl_typesupport_fastrtps_cpp.hpp\n'}
[2.073566] (px4_msgs) StdoutLine: {'line': b'-- Up-to-date: /home/rschnurr/SkyClaw-Team1/ros2_ws/install/px4_msgs/include/px4_msgs/px4_msgs/msg/detail/battery_status__rosidl_typesupport_fastrtps_cpp.hpp\n'}
[2.073683] (px4_msgs) StdoutLine: {'line': b'-- Up-to-date: /home/rschnurr/SkyClaw-Team1/ros2_ws/install/px4_msgs/include/px4_msgs/px4_msgs/msg/detail/autotune_attitude_control_status__rosidl_typesupport_fastrtps_cpp.hpp\n'}
[2.073809] (px4_msgs) StdoutLine: {'line': b'-- Up-to-date: /home/rschnurr/SkyClaw-Team1/ros2_ws/install/px4_msgs/include/px4_msgs/px4_msgs/msg/detail/sensors_status_imu__rosidl_typesupport_fastrtps_cpp.hpp\n'}
[2.074183] (px4_msgs) StdoutLine: {'line': b'-- Up-to-date: /home/rschnurr/SkyClaw-Team1/ros2_ws/install/px4_msgs/include/px4_msgs/px4_msgs/msg/detail/trajectory_setpoint6dof__rosidl_typesupport_fastrtps_cpp.hpp\n'}
[2.074424] (px4_msgs) StdoutLine: {'line': b'-- Up-to-date: /home/rschnurr/SkyClaw-Team1/ros2_ws/install/px4_msgs/include/px4_msgs/px4_msgs/msg/detail/rover_attitude_status__rosidl_typesupport_fastrtps_cpp.hpp\n'}
[2.074824] (px4_msgs) StdoutLine: {'line': b'-- Up-to-date: /home/rschnurr/SkyClaw-Team1/ros2_ws/install/px4_msgs/include/px4_msgs/px4_msgs/msg/detail/geofence_status__rosidl_typesupport_fastrtps_cpp.hpp\n'}
[2.074899] (px4_msgs) StdoutLine: {'line': b'-- Up-to-date: /home/rschnurr/SkyClaw-Team1/ros2_ws/install/px4_msgs/include/px4_msgs/px4_msgs/msg/detail/debug_array__rosidl_typesupport_fastrtps_cpp.hpp\n'}
[2.075248] (px4_msgs) StdoutLine: {'line': b'-- Up-to-date: /home/rschnurr/SkyClaw-Team1/ros2_ws/install/px4_msgs/include/px4_msgs/px4_msgs/msg/detail/landing_target_pose__rosidl_typesupport_fastrtps_cpp.hpp\n'}
[2.075386] (px4_msgs) StdoutLine: {'line': b'-- Up-to-date: /home/rschnurr/SkyClaw-Team1/ros2_ws/install/px4_msgs/include/px4_msgs/px4_msgs/msg/detail/manual_control_setpoint__rosidl_typesupport_fastrtps_cpp.hpp\n'}
[2.075451] (px4_msgs) StdoutLine: {'line': b'-- Up-to-date: /home/rschnurr/SkyClaw-Team1/ros2_ws/install/px4_msgs/include/px4_msgs/px4_msgs/msg/detail/actuator_armed__rosidl_typesupport_fastrtps_cpp.hpp\n'}
[2.075502] (px4_msgs) StdoutLine: {'line': b'-- Up-to-date: /home/rschnurr/SkyClaw-Team1/ros2_ws/install/px4_msgs/include/px4_msgs/px4_msgs/msg/detail/mission_result__rosidl_typesupport_fastrtps_cpp.hpp\n'}
[2.075557] (px4_msgs) StdoutLine: {'line': b'-- Up-to-date: /home/rschnurr/SkyClaw-Team1/ros2_ws/install/px4_msgs/include/px4_msgs/px4_msgs/msg/detail/position_setpoint_triplet__rosidl_typesupport_fastrtps_cpp.hpp\n'}
[2.075643] (px4_msgs) StdoutLine: {'line': b'-- Up-to-date: /home/rschnurr/SkyClaw-Team1/ros2_ws/install/px4_msgs/include/px4_msgs/px4_msgs/msg/detail/follow_target_status__rosidl_typesupport_fastrtps_cpp.hpp\n'}
[2.075827] (px4_msgs) StdoutLine: {'line': b'-- Up-to-date: /home/rschnurr/SkyClaw-Team1/ros2_ws/install/px4_msgs/include/px4_msgs/px4_msgs/msg/detail/vehicle_optical_flow_vel__rosidl_typesupport_fastrtps_cpp.hpp\n'}
[2.076550] (px4_msgs) StdoutLine: {'line': b'-- Up-to-date: /home/rschnurr/SkyClaw-Team1/ros2_ws/install/px4_msgs/include/px4_msgs/px4_msgs/msg/detail/gimbal_manager_status__rosidl_typesupport_fastrtps_cpp.hpp\n'}
[2.076615] (px4_msgs) StdoutLine: {'line': b'-- Up-to-date: /home/rschnurr/SkyClaw-Team1/ros2_ws/install/px4_msgs/include/px4_msgs/px4_msgs/msg/detail/airspeed__rosidl_typesupport_fastrtps_cpp.hpp\n'}
[2.076751] (px4_msgs) StdoutLine: {'line': b'-- Up-to-date: /home/rschnurr/SkyClaw-Team1/ros2_ws/install/px4_msgs/include/px4_msgs/px4_msgs/msg/detail/parameter_set_value_request__rosidl_typesupport_fastrtps_cpp.hpp\n'}
[2.076818] (px4_msgs) StdoutLine: {'line': b'-- Up-to-date: /home/rschnurr/SkyClaw-Team1/ros2_ws/install/px4_msgs/include/px4_msgs/px4_msgs/msg/detail/gpio_request__rosidl_typesupport_fastrtps_cpp.hpp\n'}
[2.076917] (px4_msgs) StdoutLine: {'line': b'-- Up-to-date: /home/rschnurr/SkyClaw-Team1/ros2_ws/install/px4_msgs/include/px4_msgs/px4_msgs/msg/detail/mount_orientation__rosidl_typesupport_fastrtps_cpp.hpp\n'}
[2.077158] (px4_msgs) StdoutLine: {'line': b'-- Up-to-date: /home/rschnurr/SkyClaw-Team1/ros2_ws/install/px4_msgs/include/px4_msgs/px4_msgs/msg/detail/obstacle_distance__rosidl_typesupport_fastrtps_cpp.hpp\n'}
[2.077276] (px4_msgs) StdoutLine: {'line': b'-- Up-to-date: /home/rschnurr/SkyClaw-Team1/ros2_ws/install/px4_msgs/include/px4_msgs/px4_msgs/msg/detail/failure_detector_status__rosidl_typesupport_fastrtps_cpp.hpp\n'}
[2.077640] (px4_msgs) StdoutLine: {'line': b'-- Up-to-date: /home/rschnurr/SkyClaw-Team1/ros2_ws/install/px4_msgs/include/px4_msgs/px4_msgs/msg/detail/fixed_wing_lateral_guidance_status__rosidl_typesupport_fastrtps_cpp.hpp\n'}
[2.077795] (px4_msgs) StdoutLine: {'line': b'-- Up-to-date: /home/rschnurr/SkyClaw-Team1/ros2_ws/install/px4_msgs/include/px4_msgs/px4_msgs/msg/detail/system_power__rosidl_typesupport_fastrtps_cpp.hpp\n'}
[2.077871] (px4_msgs) StdoutLine: {'line': b'-- Up-to-date: /home/rschnurr/SkyClaw-Team1/ros2_ws/install/px4_msgs/include/px4_msgs/px4_msgs/msg/detail/esc_status__rosidl_typesupport_fastrtps_cpp.hpp\n'}
[2.077937] (px4_msgs) StdoutLine: {'line': b'-- Up-to-date: /home/rschnurr/SkyClaw-Team1/ros2_ws/install/px4_msgs/include/px4_msgs/px4_msgs/msg/detail/estimator_event_flags__rosidl_typesupport_fastrtps_cpp.hpp\n'}
[2.078010] (px4_msgs) StdoutLine: {'line': b'-- Up-to-date: /home/rschnurr/SkyClaw-Team1/ros2_ws/install/px4_msgs/include/px4_msgs/px4_msgs/msg/detail/radio_status__rosidl_typesupport_fastrtps_cpp.hpp\n'}
[2.078070] (px4_msgs) StdoutLine: {'line': b'-- Up-to-date: /home/rschnurr/SkyClaw-Team1/ros2_ws/install/px4_msgs/include/px4_msgs/px4_msgs/msg/detail/arming_check_request__rosidl_typesupport_fastrtps_cpp.hpp\n'}
[2.078137] (px4_msgs) StdoutLine: {'line': b'-- Up-to-date: /home/rschnurr/SkyClaw-Team1/ros2_ws/install/px4_msgs/include/px4_msgs/px4_msgs/msg/detail/estimator_sensor_bias__rosidl_typesupport_fastrtps_cpp.hpp\n'}
[2.078375] (px4_msgs) StdoutLine: {'line': b'-- Up-to-date: /home/rschnurr/SkyClaw-Team1/ros2_ws/install/px4_msgs/include/px4_msgs/px4_msgs/msg/detail/longitudinal_control_configuration__rosidl_typesupport_fastrtps_cpp.hpp\n'}
[2.078474] (px4_msgs) StdoutLine: {'line': b'-- Up-to-date: /home/rschnurr/SkyClaw-Team1/ros2_ws/install/px4_msgs/include/px4_msgs/px4_msgs/msg/detail/heater_status__rosidl_typesupport_fastrtps_cpp.hpp\n'}
[2.078568] (px4_msgs) StdoutLine: {'line': b'-- Up-to-date: /home/rschnurr/SkyClaw-Team1/ros2_ws/install/px4_msgs/include/px4_msgs/px4_msgs/msg/detail/qshell_req__rosidl_typesupport_fastrtps_cpp.hpp\n'}
[2.078642] (px4_msgs) StdoutLine: {'line': b'-- Up-to-date: /home/rschnurr/SkyClaw-Team1/ros2_ws/install/px4_msgs/include/px4_msgs/px4_msgs/msg/detail/rover_speed_status__rosidl_typesupport_fastrtps_cpp.hpp\n'}
[2.078736] (px4_msgs) StdoutLine: {'line': b'-- Up-to-date: /home/rschnurr/SkyClaw-Team1/ros2_ws/install/px4_msgs/include/px4_msgs/px4_msgs/msg/detail/rover_steering_setpoint__rosidl_typesupport_fastrtps_cpp.hpp\n'}
[2.078805] (px4_msgs) StdoutLine: {'line': b'-- Up-to-date: /home/rschnurr/SkyClaw-Team1/ros2_ws/install/px4_msgs/include/px4_msgs/px4_msgs/msg/detail/sensor_preflight_mag__rosidl_typesupport_fastrtps_cpp.hpp\n'}
[2.079159] (px4_msgs) StdoutLine: {'line': b'-- Up-to-date: /home/rschnurr/SkyClaw-Team1/ros2_ws/install/px4_msgs/include/px4_msgs/px4_msgs/msg/detail/estimator_aid_source3d__rosidl_typesupport_fastrtps_cpp.hpp\n'}
[2.079238] (px4_msgs) StdoutLine: {'line': b'-- Up-to-date: /home/rschnurr/SkyClaw-Team1/ros2_ws/install/px4_msgs/include/px4_msgs/px4_msgs/msg/detail/camera_status__rosidl_typesupport_fastrtps_cpp.hpp\n'}
[2.079405] (px4_msgs) StdoutLine: {'line': b'-- Up-to-date: /home/rschnurr/SkyClaw-Team1/ros2_ws/install/px4_msgs/include/px4_msgs/px4_msgs/msg/detail/transponder_report__rosidl_typesupport_fastrtps_cpp.hpp\n'}
[2.079497] (px4_msgs) StdoutLine: {'line': b'-- Up-to-date: /home/rschnurr/SkyClaw-Team1/ros2_ws/install/px4_msgs/include/px4_msgs/px4_msgs/msg/detail/debug_value__rosidl_typesupport_fastrtps_cpp.hpp\n'}
[2.079676] (px4_msgs) StdoutLine: {'line': b'-- Up-to-date: /home/rschnurr/SkyClaw-Team1/ros2_ws/install/px4_msgs/include/px4_msgs/px4_msgs/msg/detail/tune_control__rosidl_typesupport_fastrtps_cpp.hpp\n'}
[2.079737] (px4_msgs) StdoutLine: {'line': b'-- Up-to-date: /home/rschnurr/SkyClaw-Team1/ros2_ws/install/px4_msgs/include/px4_msgs/px4_msgs/msg/detail/mavlink_tunnel__rosidl_typesupport_fastrtps_cpp.hpp\n'}
[2.079776] (px4_msgs) StdoutLine: {'line': b'-- Up-to-date: /home/rschnurr/SkyClaw-Team1/ros2_ws/install/px4_msgs/include/px4_msgs/px4_msgs/msg/detail/velocity_limits__rosidl_typesupport_fastrtps_cpp.hpp\n'}
[2.079817] (px4_msgs) StdoutLine: {'line': b'-- Up-to-date: /home/rschnurr/SkyClaw-Team1/ros2_ws/install/px4_msgs/include/px4_msgs/px4_msgs/msg/detail/gps_dump__rosidl_typesupport_fastrtps_cpp.hpp\n'}
[2.079848] (px4_msgs) StdoutLine: {'line': b'-- Up-to-date: /home/rschnurr/SkyClaw-Team1/ros2_ws/install/px4_msgs/include/px4_msgs/px4_msgs/msg/detail/vehicle_attitude_setpoint__rosidl_typesupport_fastrtps_cpp.hpp\n'}
[2.079886] (px4_msgs) StdoutLine: {'line': b'-- Up-to-date: /home/rschnurr/SkyClaw-Team1/ros2_ws/install/px4_msgs/include/px4_msgs/px4_msgs/msg/detail/figure_eight_status__rosidl_typesupport_fastrtps_cpp.hpp\n'}
[2.079933] (px4_msgs) StdoutLine: {'line': b'-- Up-to-date: /home/rschnurr/SkyClaw-Team1/ros2_ws/install/px4_msgs/include/px4_msgs/px4_msgs/msg/detail/mavlink_log__rosidl_typesupport_fastrtps_cpp.hpp\n'}
[2.079964] (px4_msgs) StdoutLine: {'line': b'-- Up-to-date: /home/rschnurr/SkyClaw-Team1/ros2_ws/install/px4_msgs/include/px4_msgs/px4_msgs/msg/detail/battery_info__rosidl_typesupport_fastrtps_cpp.hpp\n'}
[2.079996] (px4_msgs) StdoutLine: {'line': b'-- Up-to-date: /home/rschnurr/SkyClaw-Team1/ros2_ws/install/px4_msgs/include/px4_msgs/px4_msgs/msg/detail/rc_channels__rosidl_typesupport_fastrtps_cpp.hpp\n'}
[2.080036] (px4_msgs) StdoutLine: {'line': b'-- Up-to-date: /home/rschnurr/SkyClaw-Team1/ros2_ws/install/px4_msgs/include/px4_msgs/px4_msgs/msg/detail/gimbal_device_information__rosidl_typesupport_fastrtps_cpp.hpp\n'}
[2.080077] (px4_msgs) StdoutLine: {'line': b'-- Up-to-date: /home/rschnurr/SkyClaw-Team1/ros2_ws/install/px4_msgs/include/px4_msgs/px4_msgs/msg/detail/sensor_optical_flow__rosidl_typesupport_fastrtps_cpp.hpp\n'}
[2.080113] (px4_msgs) StdoutLine: {'line': b'-- Up-to-date: /home/rschnurr/SkyClaw-Team1/ros2_ws/install/px4_msgs/lib/libpx4_msgs__rosidl_typesupport_fastrtps_cpp.so\n'}
[2.080142] (px4_msgs) StdoutLine: {'line': b'-- Up-to-date: /home/rschnurr/SkyClaw-Team1/ros2_ws/install/px4_msgs/include/px4_msgs/px4_msgs\n'}
[2.080256] (px4_msgs) StdoutLine: {'line': b'-- Up-to-date: /home/rschnurr/SkyClaw-Team1/ros2_ws/install/px4_msgs/include/px4_msgs/px4_msgs/srv\n'}
[2.080537] (px4_msgs) StdoutLine: {'line': b'-- Up-to-date: /home/rschnurr/SkyClaw-Team1/ros2_ws/install/px4_msgs/include/px4_msgs/px4_msgs/srv/detail\n'}
[2.080617] (px4_msgs) StdoutLine: {'line': b'-- Up-to-date: /home/rschnurr/SkyClaw-Team1/ros2_ws/install/px4_msgs/include/px4_msgs/px4_msgs/srv/detail/vehicle_command__type_support.c\n'}
[2.080708] (px4_msgs) StdoutLine: {'line': b'-- Up-to-date: /home/rschnurr/SkyClaw-Team1/ros2_ws/install/px4_msgs/include/px4_msgs/px4_msgs/srv/detail/vehicle_command__rosidl_typesupport_introspection_c.h\n'}
[2.080827] (px4_msgs) StdoutLine: {'line': b'-- Up-to-date: /home/rschnurr/SkyClaw-Team1/ros2_ws/install/px4_msgs/include/px4_msgs/px4_msgs/msg\n'}
[2.080890] (px4_msgs) StdoutLine: {'line': b'-- Up-to-date: /home/rschnurr/SkyClaw-Team1/ros2_ws/install/px4_msgs/include/px4_msgs/px4_msgs/msg/rosidl_typesupport_introspection_c__visibility_control.h\n'}
[2.080965] (px4_msgs) StdoutLine: {'line': b'-- Up-to-date: /home/rschnurr/SkyClaw-Team1/ros2_ws/install/px4_msgs/include/px4_msgs/px4_msgs/msg/detail\n'}
[2.081273] (px4_msgs) StdoutLine: {'line': b'-- Up-to-date: /home/rschnurr/SkyClaw-Team1/ros2_ws/install/px4_msgs/include/px4_msgs/px4_msgs/msg/detail/hover_thrust_estimate__type_support.c\n'}
[2.081527] (px4_msgs) StdoutLine: {'line': b'-- Up-to-date: /home/rschnurr/SkyClaw-Team1/ros2_ws/install/px4_msgs/include/px4_msgs/px4_msgs/msg/detail/sensor_gnss_status__rosidl_typesupport_introspection_c.h\n'}
[2.081584] (px4_msgs) StdoutLine: {'line': b'-- Up-to-date: /home/rschnurr/SkyClaw-Team1/ros2_ws/install/px4_msgs/include/px4_msgs/px4_msgs/msg/detail/vehicle_land_detected__rosidl_typesupport_introspection_c.h\n'}
[2.081765] (px4_msgs) StdoutLine: {'line': b'-- Up-to-date: /home/rschnurr/SkyClaw-Team1/ros2_ws/install/px4_msgs/include/px4_msgs/px4_msgs/msg/detail/airspeed_wind__rosidl_typesupport_introspection_c.h\n'}
[2.081851] (px4_msgs) StdoutLine: {'line': b'-- Up-to-date: /home/rschnurr/SkyClaw-Team1/ros2_ws/install/px4_msgs/include/px4_msgs/px4_msgs/msg/detail/radio_status__type_support.c\n'}
[2.081894] (px4_msgs) StdoutLine: {'line': b'-- Up-to-date: /home/rschnurr/SkyClaw-Team1/ros2_ws/install/px4_msgs/include/px4_msgs/px4_msgs/msg/detail/fuel_tank_status__rosidl_typesupport_introspection_c.h\n'}
[2.081928] (px4_msgs) StdoutLine: {'line': b'-- Up-to-date: /home/rschnurr/SkyClaw-Team1/ros2_ws/install/px4_msgs/include/px4_msgs/px4_msgs/msg/detail/rover_rate_status__type_support.c\n'}
[2.081958] (px4_msgs) StdoutLine: {'line': b'-- Up-to-date: /home/rschnurr/SkyClaw-Team1/ros2_ws/install/px4_msgs/include/px4_msgs/px4_msgs/msg/detail/collision_constraints__type_support.c\n'}
[2.081990] (px4_msgs) StdoutLine: {'line': b'-- Up-to-date: /home/rschnurr/SkyClaw-Team1/ros2_ws/install/px4_msgs/include/px4_msgs/px4_msgs/msg/detail/vehicle_command_ack__rosidl_typesupport_introspection_c.h\n'}
[2.082027] (px4_msgs) StdoutLine: {'line': b'-- Up-to-date: /home/rschnurr/SkyClaw-Team1/ros2_ws/install/px4_msgs/include/px4_msgs/px4_msgs/msg/detail/sensor_accel_fifo__type_support.c\n'}
[2.082220] (px4_msgs) StdoutLine: {'line': b'-- Up-to-date: /home/rschnurr/SkyClaw-Team1/ros2_ws/install/px4_msgs/include/px4_msgs/px4_msgs/msg/detail/navigator_status__rosidl_typesupport_introspection_c.h\n'}
[2.082450] (px4_msgs) StdoutLine: {'line': b'-- Up-to-date: /home/rschnurr/SkyClaw-Team1/ros2_ws/install/px4_msgs/include/px4_msgs/px4_msgs/msg/detail/vehicle_imu_status__type_support.c\n'}
[2.082612] (px4_msgs) StdoutLine: {'line': b'-- Up-to-date: /home/rschnurr/SkyClaw-Team1/ros2_ws/install/px4_msgs/include/px4_msgs/px4_msgs/msg/detail/estimator_event_flags__type_support.c\n'}
[2.082709] (px4_msgs) StdoutLine: {'line': b'-- Up-to-date: /home/rschnurr/SkyClaw-Team1/ros2_ws/install/px4_msgs/include/px4_msgs/px4_msgs/msg/detail/geofence_result__type_support.c\n'}
[2.082773] (px4_msgs) StdoutLine: {'line': b'-- Up-to-date: /home/rschnurr/SkyClaw-Team1/ros2_ws/install/px4_msgs/include/px4_msgs/px4_msgs/msg/detail/mag_worker_data__type_support.c\n'}
[2.082872] (px4_msgs) StdoutLine: {'line': b'-- Up-to-date: /home/rschnurr/SkyClaw-Team1/ros2_ws/install/px4_msgs/include/px4_msgs/px4_msgs/msg/detail/rover_position_setpoint__type_support.c\n'}
[2.082911] (px4_msgs) StdoutLine: {'line': b'-- Up-to-date: /home/rschnurr/SkyClaw-Team1/ros2_ws/install/px4_msgs/include/px4_msgs/px4_msgs/msg/detail/vehicle_odometry__rosidl_typesupport_introspection_c.h\n'}
[2.082951] (px4_msgs) StdoutLine: {'line': b'-- Up-to-date: /home/rschnurr/SkyClaw-Team1/ros2_ws/install/px4_msgs/include/px4_msgs/px4_msgs/msg/detail/sensor_combined__type_support.c\n'}
[2.083035] (px4_msgs) StdoutLine: {'line': b'-- Up-to-date: /home/rschnurr/SkyClaw-Team1/ros2_ws/install/px4_msgs/include/px4_msgs/px4_msgs/msg/detail/vehicle_local_position__rosidl_typesupport_introspection_c.h\n'}
[2.083094] (px4_msgs) StdoutLine: {'line': b'-- Up-to-date: /home/rschnurr/SkyClaw-Team1/ros2_ws/install/px4_msgs/include/px4_msgs/px4_msgs/msg/detail/vehicle_magnetometer__type_support.c\n'}
[2.083180] (px4_msgs) StdoutLine: {'line': b'-- Up-to-date: /home/rschnurr/SkyClaw-Team1/ros2_ws/install/px4_msgs/include/px4_msgs/px4_msgs/msg/detail/sensor_preflight_mag__type_support.c\n'}
[2.083242] (px4_msgs) StdoutLine: {'line': b'-- Up-to-date: /home/rschnurr/SkyClaw-Team1/ros2_ws/install/px4_msgs/include/px4_msgs/px4_msgs/msg/detail/sensor_gyro_fifo__rosidl_typesupport_introspection_c.h\n'}
[2.083430] (px4_msgs) StdoutLine: {'line': b'-- Up-to-date: /home/rschnurr/SkyClaw-Team1/ros2_ws/install/px4_msgs/include/px4_msgs/px4_msgs/msg/detail/unregister_ext_component__type_support.c\n'}
[2.083591] (px4_msgs) StdoutLine: {'line': b'-- Up-to-date: /home/rschnurr/SkyClaw-Team1/ros2_ws/install/px4_msgs/include/px4_msgs/px4_msgs/msg/detail/rover_position_setpoint__rosidl_typesupport_introspection_c.h\n'}
[2.083678] (px4_msgs) StdoutLine: {'line': b'-- Up-to-date: /home/rschnurr/SkyClaw-Team1/ros2_ws/install/px4_msgs/include/px4_msgs/px4_msgs/msg/detail/sensor_accel_fifo__rosidl_typesupport_introspection_c.h\n'}
[2.083940] (px4_msgs) StdoutLine: {'line': b'-- Up-to-date: /home/rschnurr/SkyClaw-Team1/ros2_ws/install/px4_msgs/include/px4_msgs/px4_msgs/msg/detail/rover_attitude_status__rosidl_typesupport_introspection_c.h\n'}
[2.084016] (px4_msgs) StdoutLine: {'line': b'-- Up-to-date: /home/rschnurr/SkyClaw-Team1/ros2_ws/install/px4_msgs/include/px4_msgs/px4_msgs/msg/detail/gimbal_manager_set_attitude__rosidl_typesupport_introspection_c.h\n'}
[2.084069] (px4_msgs) StdoutLine: {'line': b'-- Up-to-date: /home/rschnurr/SkyClaw-Team1/ros2_ws/install/px4_msgs/include/px4_msgs/px4_msgs/msg/detail/sensor_gyro__rosidl_typesupport_introspection_c.h\n'}
[2.084118] (px4_msgs) StdoutLine: {'line': b'-- Up-to-date: /home/rschnurr/SkyClaw-Team1/ros2_ws/install/px4_msgs/include/px4_msgs/px4_msgs/msg/detail/failure_detector_status__type_support.c\n'}
[2.084161] (px4_msgs) StdoutLine: {'line': b'-- Up-to-date: /home/rschnurr/SkyClaw-Team1/ros2_ws/install/px4_msgs/include/px4_msgs/px4_msgs/msg/detail/arming_check_request__rosidl_typesupport_introspection_c.h\n'}
[2.084251] (px4_msgs) StdoutLine: {'line': b'-- Up-to-date: /home/rschnurr/SkyClaw-Team1/ros2_ws/install/px4_msgs/include/px4_msgs/px4_msgs/msg/detail/sensor_hygrometer__rosidl_typesupport_introspection_c.h\n'}
[2.084342] (px4_msgs) StdoutLine: {'line': b'-- Up-to-date: /home/rschnurr/SkyClaw-Team1/ros2_ws/install/px4_msgs/include/px4_msgs/px4_msgs/msg/detail/unregister_ext_component__rosidl_typesupport_introspection_c.h\n'}
[2.084385] (px4_msgs) StdoutLine: {'line': b'-- Up-to-date: /home/rschnurr/SkyClaw-Team1/ros2_ws/install/px4_msgs/include/px4_msgs/px4_msgs/msg/detail/estimator_aid_source3d__rosidl_typesupport_introspection_c.h\n'}
[2.084628] (px4_msgs) StdoutLine: {'line': b'-- Up-to-date: /home/rschnurr/SkyClaw-Team1/ros2_ws/install/px4_msgs/include/px4_msgs/px4_msgs/msg/detail/sensor_mag__type_support.c\n'}
[2.084695] (px4_msgs) StdoutLine: {'line': b'-- Up-to-date: /home/rschnurr/SkyClaw-Team1/ros2_ws/install/px4_msgs/include/px4_msgs/px4_msgs/msg/detail/power_monitor__type_support.c\n'}
[2.084734] (px4_msgs) StdoutLine: {'line': b'-- Up-to-date: /home/rschnurr/SkyClaw-Team1/ros2_ws/install/px4_msgs/include/px4_msgs/px4_msgs/msg/detail/heater_status__rosidl_typesupport_introspection_c.h\n'}
[2.084768] (px4_msgs) StdoutLine: {'line': b'-- Up-to-date: /home/rschnurr/SkyClaw-Team1/ros2_ws/install/px4_msgs/include/px4_msgs/px4_msgs/msg/detail/estimator_status__rosidl_typesupport_introspection_c.h\n'}
[2.084799] (px4_msgs) StdoutLine: {'line': b'-- Up-to-date: /home/rschnurr/SkyClaw-Team1/ros2_ws/install/px4_msgs/include/px4_msgs/px4_msgs/msg/detail/esc_status__rosidl_typesupport_introspection_c.h\n'}
[2.084830] (px4_msgs) StdoutLine: {'line': b'-- Up-to-date: /home/rschnurr/SkyClaw-Team1/ros2_ws/install/px4_msgs/include/px4_msgs/px4_msgs/msg/detail/event__type_support.c\n'}
[2.084860] (px4_msgs) StdoutLine: {'line': b'-- Up-to-date: /home/rschnurr/SkyClaw-Team1/ros2_ws/install/px4_msgs/include/px4_msgs/px4_msgs/msg/detail/system_power__rosidl_typesupport_introspection_c.h\n'}
[2.084955] (px4_msgs) StdoutLine: {'line': b'-- Up-to-date: /home/rschnurr/SkyClaw-Team1/ros2_ws/install/px4_msgs/include/px4_msgs/px4_msgs/msg/detail/sensors_status__type_support.c\n'}
[2.085086] (px4_msgs) StdoutLine: {'line': b'-- Up-to-date: /home/rschnurr/SkyClaw-Team1/ros2_ws/install/px4_msgs/include/px4_msgs/px4_msgs/msg/detail/vehicle_angular_velocity__type_support.c\n'}
[2.085423] (px4_msgs) StdoutLine: {'line': b'-- Up-to-date: /home/rschnurr/SkyClaw-Team1/ros2_ws/install/px4_msgs/include/px4_msgs/px4_msgs/msg/detail/qshell_retval__rosidl_typesupport_introspection_c.h\n'}
[2.085506] (px4_msgs) StdoutLine: {'line': b'-- Up-to-date: /home/rschnurr/SkyClaw-Team1/ros2_ws/install/px4_msgs/include/px4_msgs/px4_msgs/msg/detail/debug_key_value__rosidl_typesupport_introspection_c.h\n'}
[2.085570] (px4_msgs) StdoutLine: {'line': b'-- Up-to-date: /home/rschnurr/SkyClaw-Team1/ros2_ws/install/px4_msgs/include/px4_msgs/px4_msgs/msg/detail/logger_status__rosidl_typesupport_introspection_c.h\n'}
[2.085631] (px4_msgs) StdoutLine: {'line': b'-- Up-to-date: /home/rschnurr/SkyClaw-Team1/ros2_ws/install/px4_msgs/include/px4_msgs/px4_msgs/msg/detail/offboard_control_mode__type_support.c\n'}
[2.085695] (px4_msgs) StdoutLine: {'line': b'-- Up-to-date: /home/rschnurr/SkyClaw-Team1/ros2_ws/install/px4_msgs/include/px4_msgs/px4_msgs/msg/detail/vehicle_imu__type_support.c\n'}
[2.085753] (px4_msgs) StdoutLine: {'line': b'-- Up-to-date: /home/rschnurr/SkyClaw-Team1/ros2_ws/install/px4_msgs/include/px4_msgs/px4_msgs/msg/detail/rover_attitude_setpoint__rosidl_typesupport_introspection_c.h\n'}
[2.085800] (px4_msgs) StdoutLine: {'line': b'-- Up-to-date: /home/rschnurr/SkyClaw-Team1/ros2_ws/install/px4_msgs/include/px4_msgs/px4_msgs/msg/detail/landing_target_innovations__rosidl_typesupport_introspection_c.h\n'}
[2.085881] (px4_msgs) StdoutLine: {'line': b'-- Up-to-date: /home/rschnurr/SkyClaw-Team1/ros2_ws/install/px4_msgs/include/px4_msgs/px4_msgs/msg/detail/mission_result__type_support.c\n'}
[2.086052] (px4_msgs) StdoutLine: {'line': b'-- Up-to-date: /home/rschnurr/SkyClaw-Team1/ros2_ws/install/px4_msgs/include/px4_msgs/px4_msgs/msg/detail/vehicle_air_data__type_support.c\n'}
[2.086280] (px4_msgs) StdoutLine: {'line': b'-- Up-to-date: /home/rschnurr/SkyClaw-Team1/ros2_ws/install/px4_msgs/include/px4_msgs/px4_msgs/msg/detail/distance_sensor_mode_change_request__type_support.c\n'}
[2.086376] (px4_msgs) StdoutLine: {'line': b'-- Up-to-date: /home/rschnurr/SkyClaw-Team1/ros2_ws/install/px4_msgs/include/px4_msgs/px4_msgs/msg/detail/sensor_baro__type_support.c\n'}
[2.086446] (px4_msgs) StdoutLine: {'line': b'-- Up-to-date: /home/rschnurr/SkyClaw-Team1/ros2_ws/install/px4_msgs/include/px4_msgs/px4_msgs/msg/detail/velocity_limits__rosidl_typesupport_introspection_c.h\n'}
[2.086516] (px4_msgs) StdoutLine: {'line': b'-- Up-to-date: /home/rschnurr/SkyClaw-Team1/ros2_ws/install/px4_msgs/include/px4_msgs/px4_msgs/msg/detail/normalized_unsigned_setpoint__rosidl_typesupport_introspection_c.h\n'}
[2.086578] (px4_msgs) StdoutLine: {'line': b'-- Up-to-date: /home/rschnurr/SkyClaw-Team1/ros2_ws/install/px4_msgs/include/px4_msgs/px4_msgs/msg/detail/magnetometer_bias_estimate__rosidl_typesupport_introspection_c.h\n'}
[2.086637] (px4_msgs) StdoutLine: {'line': b'-- Up-to-date: /home/rschnurr/SkyClaw-Team1/ros2_ws/install/px4_msgs/include/px4_msgs/px4_msgs/msg/detail/cellular_status__rosidl_typesupport_introspection_c.h\n'}
[2.086696] (px4_msgs) StdoutLine: {'line': b'-- Up-to-date: /home/rschnurr/SkyClaw-Team1/ros2_ws/install/px4_msgs/include/px4_msgs/px4_msgs/msg/detail/sensor_accel__type_support.c\n'}
[2.086756] (px4_msgs) StdoutLine: {'line': b'-- Up-to-date: /home/rschnurr/SkyClaw-Team1/ros2_ws/install/px4_msgs/include/px4_msgs/px4_msgs/msg/detail/onboard_computer_status__rosidl_typesupport_introspection_c.h\n'}
[2.086817] (px4_msgs) StdoutLine: {'line': b'-- Up-to-date: /home/rschnurr/SkyClaw-Team1/ros2_ws/install/px4_msgs/include/px4_msgs/px4_msgs/msg/detail/vehicle_rates_setpoint__rosidl_typesupport_introspection_c.h\n'}
[2.086878] (px4_msgs) StdoutLine: {'line': b'-- Up-to-date: /home/rschnurr/SkyClaw-Team1/ros2_ws/install/px4_msgs/include/px4_msgs/px4_msgs/msg/detail/manual_control_switches__type_support.c\n'}
[2.086985] (px4_msgs) StdoutLine: {'line': b'-- Up-to-date: /home/rschnurr/SkyClaw-Team1/ros2_ws/install/px4_msgs/include/px4_msgs/px4_msgs/msg/detail/ping__rosidl_typesupport_introspection_c.h\n'}
[2.087115] (px4_msgs) StdoutLine: {'line': b'-- Up-to-date: /home/rschnurr/SkyClaw-Team1/ros2_ws/install/px4_msgs/include/px4_msgs/px4_msgs/msg/detail/message_format_response__rosidl_typesupport_introspection_c.h\n'}
[2.087462] (px4_msgs) StdoutLine: {'line': b'-- Up-to-date: /home/rschnurr/SkyClaw-Team1/ros2_ws/install/px4_msgs/include/px4_msgs/px4_msgs/msg/detail/gimbal_manager_information__rosidl_typesupport_introspection_c.h\n'}
[2.087910] (px4_msgs) StdoutLine: {'line': b'-- Up-to-date: /home/rschnurr/SkyClaw-Team1/ros2_ws/install/px4_msgs/include/px4_msgs/px4_msgs/msg/detail/transponder_report__rosidl_typesupport_introspection_c.h\n'}
[2.087992] (px4_msgs) StdoutLine: {'line': b'-- Up-to-date: /home/rschnurr/SkyClaw-Team1/ros2_ws/install/px4_msgs/include/px4_msgs/px4_msgs/msg/detail/vehicle_torque_setpoint__type_support.c\n'}
[2.088086] (px4_msgs) StdoutLine: {'line': b'-- Up-to-date: /home/rschnurr/SkyClaw-Team1/ros2_ws/install/px4_msgs/include/px4_msgs/px4_msgs/msg/detail/orb_test_large__rosidl_typesupport_introspection_c.h\n'}
[2.088151] (px4_msgs) StdoutLine: {'line': b'-- Up-to-date: /home/rschnurr/SkyClaw-Team1/ros2_ws/install/px4_msgs/include/px4_msgs/px4_msgs/msg/detail/tecs_status__type_support.c\n'}
[2.088223] (px4_msgs) StdoutLine: {'line': b'-- Up-to-date: /home/rschnurr/SkyClaw-Team1/ros2_ws/install/px4_msgs/include/px4_msgs/px4_msgs/msg/detail/vehicle_optical_flow__type_support.c\n'}
[2.088296] (px4_msgs) StdoutLine: {'line': b'-- Up-to-date: /home/rschnurr/SkyClaw-Team1/ros2_ws/install/px4_msgs/include/px4_msgs/px4_msgs/msg/detail/estimator_aid_source1d__rosidl_typesupport_introspection_c.h\n'}
[2.088377] (px4_msgs) StdoutLine: {'line': b'-- Up-to-date: /home/rschnurr/SkyClaw-Team1/ros2_ws/install/px4_msgs/include/px4_msgs/px4_msgs/msg/detail/follow_target_estimator__type_support.c\n'}
[2.088689] (px4_msgs) StdoutLine: {'line': b'-- Up-to-date: /home/rschnurr/SkyClaw-Team1/ros2_ws/install/px4_msgs/include/px4_msgs/px4_msgs/msg/detail/telemetry_status__type_support.c\n'}
[2.089004] (px4_msgs) StdoutLine: {'line': b'-- Up-to-date: /home/rschnurr/SkyClaw-Team1/ros2_ws/install/px4_msgs/include/px4_msgs/px4_msgs/msg/detail/airspeed_validated__rosidl_typesupport_introspection_c.h\n'}
[2.089356] (px4_msgs) StdoutLine: {'line': b'-- Up-to-date: /home/rschnurr/SkyClaw-Team1/ros2_ws/install/px4_msgs/include/px4_msgs/px4_msgs/msg/detail/gpio_out__type_support.c\n'}
[2.089467] (px4_msgs) StdoutLine: {'line': b'-- Up-to-date: /home/rschnurr/SkyClaw-Team1/ros2_ws/install/px4_msgs/include/px4_msgs/px4_msgs/msg/detail/goto_setpoint__type_support.c\n'}
[2.089519] (px4_msgs) StdoutLine: {'line': b'-- Up-to-date: /home/rschnurr/SkyClaw-Team1/ros2_ws/install/px4_msgs/include/px4_msgs/px4_msgs/msg/detail/led_control__rosidl_typesupport_introspection_c.h\n'}
[2.089820] (px4_msgs) StdoutLine: {'line': b'-- Up-to-date: /home/rschnurr/SkyClaw-Team1/ros2_ws/install/px4_msgs/include/px4_msgs/px4_msgs/msg/detail/fixed_wing_lateral_guidance_status__rosidl_typesupport_introspection_c.h\n'}
[2.089950] (px4_msgs) StdoutLine: {'line': b'-- Up-to-date: /home/rschnurr/SkyClaw-Team1/ros2_ws/install/px4_msgs/include/px4_msgs/px4_msgs/msg/detail/fixed_wing_lateral_guidance_status__type_support.c\n'}
[2.090073] (px4_msgs) StdoutLine: {'line': b'-- Up-to-date: /home/rschnurr/SkyClaw-Team1/ros2_ws/install/px4_msgs/include/px4_msgs/px4_msgs/msg/detail/message_format_request__type_support.c\n'}
[2.090167] (px4_msgs) StdoutLine: {'line': b'-- Up-to-date: /home/rschnurr/SkyClaw-Team1/ros2_ws/install/px4_msgs/include/px4_msgs/px4_msgs/msg/detail/register_ext_component_reply__rosidl_typesupport_introspection_c.h\n'}
[2.090333] (px4_msgs) StdoutLine: {'line': b'-- Up-to-date: /home/rschnurr/SkyClaw-Team1/ros2_ws/install/px4_msgs/include/px4_msgs/px4_msgs/msg/detail/gimbal_manager_set_manual_control__rosidl_typesupport_introspection_c.h\n'}
[2.090460] (px4_msgs) StdoutLine: {'line': b'-- Up-to-date: /home/rschnurr/SkyClaw-Team1/ros2_ws/install/px4_msgs/include/px4_msgs/px4_msgs/msg/detail/mode_completed__type_support.c\n'}
[2.090686] (px4_msgs) StdoutLine: {'line': b'-- Up-to-date: /home/rschnurr/SkyClaw-Team1/ros2_ws/install/px4_msgs/include/px4_msgs/px4_msgs/msg/detail/estimator_status__type_support.c\n'}
[2.090836] (px4_msgs) StdoutLine: {'line': b'-- Up-to-date: /home/rschnurr/SkyClaw-Team1/ros2_ws/install/px4_msgs/include/px4_msgs/px4_msgs/msg/detail/esc_report__rosidl_typesupport_introspection_c.h\n'}
[2.090892] (px4_msgs) StdoutLine: {'line': b'-- Up-to-date: /home/rschnurr/SkyClaw-Team1/ros2_ws/install/px4_msgs/include/px4_msgs/px4_msgs/msg/detail/rate_ctrl_status__type_support.c\n'}
[2.090941] (px4_msgs) StdoutLine: {'line': b'-- Up-to-date: /home/rschnurr/SkyClaw-Team1/ros2_ws/install/px4_msgs/include/px4_msgs/px4_msgs/msg/detail/debug_value__type_support.c\n'}
[2.090973] (px4_msgs) StdoutLine: {'line': b'-- Up-to-date: /home/rschnurr/SkyClaw-Team1/ros2_ws/install/px4_msgs/include/px4_msgs/px4_msgs/msg/detail/satellite_info__rosidl_typesupport_introspection_c.h\n'}
[2.091004] (px4_msgs) StdoutLine: {'line': b'-- Up-to-date: /home/rschnurr/SkyClaw-Team1/ros2_ws/install/px4_msgs/include/px4_msgs/px4_msgs/msg/detail/pwm_input__rosidl_typesupport_introspection_c.h\n'}
[2.091280] (px4_msgs) StdoutLine: {'line': b'-- Up-to-date: /home/rschnurr/SkyClaw-Team1/ros2_ws/install/px4_msgs/include/px4_msgs/px4_msgs/msg/detail/debug_vect__rosidl_typesupport_introspection_c.h\n'}
[2.091347] (px4_msgs) StdoutLine: {'line': b'-- Up-to-date: /home/rschnurr/SkyClaw-Team1/ros2_ws/install/px4_msgs/include/px4_msgs/px4_msgs/msg/detail/flight_phase_estimation__type_support.c\n'}
[2.091393] (px4_msgs) StdoutLine: {'line': b'-- Up-to-date: /home/rschnurr/SkyClaw-Team1/ros2_ws/install/px4_msgs/include/px4_msgs/px4_msgs/msg/detail/estimator_bias3d__rosidl_typesupport_introspection_c.h\n'}
[2.091431] (px4_msgs) StdoutLine: {'line': b'-- Up-to-date: /home/rschnurr/SkyClaw-Team1/ros2_ws/install/px4_msgs/include/px4_msgs/px4_msgs/msg/detail/takeoff_status__type_support.c\n'}
[2.091466] (px4_msgs) StdoutLine: {'line': b'-- Up-to-date: /home/rschnurr/SkyClaw-Team1/ros2_ws/install/px4_msgs/include/px4_msgs/px4_msgs/msg/detail/sensors_status_imu__type_support.c\n'}
[2.091667] (px4_msgs) StdoutLine: {'line': b'-- Up-to-date: /home/rschnurr/SkyClaw-Team1/ros2_ws/install/px4_msgs/include/px4_msgs/px4_msgs/msg/detail/irlock_report__rosidl_typesupport_introspection_c.h\n'}
[2.091734] (px4_msgs) StdoutLine: {'line': b'-- Up-to-date: /home/rschnurr/SkyClaw-Team1/ros2_ws/install/px4_msgs/include/px4_msgs/px4_msgs/msg/detail/position_setpoint__type_support.c\n'}
[2.091881] (px4_msgs) StdoutLine: {'line': b'-- Up-to-date: /home/rschnurr/SkyClaw-Team1/ros2_ws/install/px4_msgs/include/px4_msgs/px4_msgs/msg/detail/orbit_status__type_support.c\n'}
[2.091948] (px4_msgs) StdoutLine: {'line': b'-- Up-to-date: /home/rschnurr/SkyClaw-Team1/ros2_ws/install/px4_msgs/include/px4_msgs/px4_msgs/msg/detail/rpm__rosidl_typesupport_introspection_c.h\n'}
[2.092001] (px4_msgs) StdoutLine: {'line': b'-- Up-to-date: /home/rschnurr/SkyClaw-Team1/ros2_ws/install/px4_msgs/include/px4_msgs/px4_msgs/msg/detail/parameter_set_value_response__type_support.c\n'}
[2.092061] (px4_msgs) StdoutLine: {'line': b'-- Up-to-date: /home/rschnurr/SkyClaw-Team1/ros2_ws/install/px4_msgs/include/px4_msgs/px4_msgs/msg/detail/rate_ctrl_status__rosidl_typesupport_introspection_c.h\n'}
[2.092113] (px4_msgs) StdoutLine: {'line': b'-- Up-to-date: /home/rschnurr/SkyClaw-Team1/ros2_ws/install/px4_msgs/include/px4_msgs/px4_msgs/msg/detail/mission__rosidl_typesupport_introspection_c.h\n'}
[2.092164] (px4_msgs) StdoutLine: {'line': b'-- Up-to-date: /home/rschnurr/SkyClaw-Team1/ros2_ws/install/px4_msgs/include/px4_msgs/px4_msgs/msg/detail/sensor_optical_flow__rosidl_typesupport_introspection_c.h\n'}
[2.092307] (px4_msgs) StdoutLine: {'line': b'-- Up-to-date: /home/rschnurr/SkyClaw-Team1/ros2_ws/install/px4_msgs/include/px4_msgs/px4_msgs/msg/detail/sensor_airflow__rosidl_typesupport_introspection_c.h\n'}
[2.092409] (px4_msgs) StdoutLine: {'line': b'-- Up-to-date: /home/rschnurr/SkyClaw-Team1/ros2_ws/install/px4_msgs/include/px4_msgs/px4_msgs/msg/detail/event__rosidl_typesupport_introspection_c.h\n'}
[2.092497] (px4_msgs) StdoutLine: {'line': b'-- Up-to-date: /home/rschnurr/SkyClaw-Team1/ros2_ws/install/px4_msgs/include/px4_msgs/px4_msgs/msg/detail/actuator_controls_status__type_support.c\n'}
[2.092643] (px4_msgs) StdoutLine: {'line': b'-- Up-to-date: /home/rschnurr/SkyClaw-Team1/ros2_ws/install/px4_msgs/include/px4_msgs/px4_msgs/msg/detail/gpio_request__type_support.c\n'}
[2.092741] (px4_msgs) StdoutLine: {'line': b'-- Up-to-date: /home/rschnurr/SkyClaw-Team1/ros2_ws/install/px4_msgs/include/px4_msgs/px4_msgs/msg/detail/estimator_aid_source2d__rosidl_typesupport_introspection_c.h\n'}
[2.093117] (px4_msgs) StdoutLine: {'line': b'-- Up-to-date: /home/rschnurr/SkyClaw-Team1/ros2_ws/install/px4_msgs/include/px4_msgs/px4_msgs/msg/detail/autotune_attitude_control_status__type_support.c\n'}
[2.093275] (px4_msgs) StdoutLine: {'line': b'-- Up-to-date: /home/rschnurr/SkyClaw-Team1/ros2_ws/install/px4_msgs/include/px4_msgs/px4_msgs/msg/detail/home_position__type_support.c\n'}
[2.093341] (px4_msgs) StdoutLine: {'line': b'-- Up-to-date: /home/rschnurr/SkyClaw-Team1/ros2_ws/install/px4_msgs/include/px4_msgs/px4_msgs/msg/detail/mount_orientation__type_support.c\n'}
[2.093388] (px4_msgs) StdoutLine: {'line': b'-- Up-to-date: /home/rschnurr/SkyClaw-Team1/ros2_ws/install/px4_msgs/include/px4_msgs/px4_msgs/msg/detail/estimator_selector_status__rosidl_typesupport_introspection_c.h\n'}
[2.093628] (px4_msgs) StdoutLine: {'line': b'-- Up-to-date: /home/rschnurr/SkyClaw-Team1/ros2_ws/install/px4_msgs/include/px4_msgs/px4_msgs/msg/detail/position_controller_status__rosidl_typesupport_introspection_c.h\n'}
[2.093757] (px4_msgs) StdoutLine: {'line': b'-- Up-to-date: /home/rschnurr/SkyClaw-Team1/ros2_ws/install/px4_msgs/include/px4_msgs/px4_msgs/msg/detail/actuator_armed__type_support.c\n'}
[2.093937] (px4_msgs) StdoutLine: {'line': b'-- Up-to-date: /home/rschnurr/SkyClaw-Team1/ros2_ws/install/px4_msgs/include/px4_msgs/px4_msgs/msg/detail/vtol_vehicle_status__rosidl_typesupport_introspection_c.h\n'}
[2.094003] (px4_msgs) StdoutLine: {'line': b'-- Up-to-date: /home/rschnurr/SkyClaw-Team1/ros2_ws/install/px4_msgs/include/px4_msgs/px4_msgs/msg/detail/landing_gear_wheel__type_support.c\n'}
[2.094180] (px4_msgs) StdoutLine: {'line': b'-- Up-to-date: /home/rschnurr/SkyClaw-Team1/ros2_ws/install/px4_msgs/include/px4_msgs/px4_msgs/msg/detail/rover_rate_setpoint__type_support.c\n'}
[2.094279] (px4_msgs) StdoutLine: {'line': b'-- Up-to-date: /home/rschnurr/SkyClaw-Team1/ros2_ws/install/px4_msgs/include/px4_msgs/px4_msgs/msg/detail/power_button_state__rosidl_typesupport_introspection_c.h\n'}
[2.094368] (px4_msgs) StdoutLine: {'line': b'-- Up-to-date: /home/rschnurr/SkyClaw-Team1/ros2_ws/install/px4_msgs/include/px4_msgs/px4_msgs/msg/detail/gps_dump__type_support.c\n'}
[2.094456] (px4_msgs) StdoutLine: {'line': b'-- Up-to-date: /home/rschnurr/SkyClaw-Team1/ros2_ws/install/px4_msgs/include/px4_msgs/px4_msgs/msg/detail/gpio_config__type_support.c\n'}
[2.094506] (px4_msgs) StdoutLine: {'line': b'-- Up-to-date: /home/rschnurr/SkyClaw-Team1/ros2_ws/install/px4_msgs/include/px4_msgs/px4_msgs/msg/detail/manual_control_switches__rosidl_typesupport_introspection_c.h\n'}
[2.094548] (px4_msgs) StdoutLine: {'line': b'-- Up-to-date: /home/rschnurr/SkyClaw-Team1/ros2_ws/install/px4_msgs/include/px4_msgs/px4_msgs/msg/detail/actuator_servos__rosidl_typesupport_introspection_c.h\n'}
[2.094587] (px4_msgs) StdoutLine: {'line': b'-- Up-to-date: /home/rschnurr/SkyClaw-Team1/ros2_ws/install/px4_msgs/include/px4_msgs/px4_msgs/msg/detail/flight_phase_estimation__rosidl_typesupport_introspection_c.h\n'}
[2.094625] (px4_msgs) StdoutLine: {'line': b'-- Up-to-date: /home/rschnurr/SkyClaw-Team1/ros2_ws/install/px4_msgs/include/px4_msgs/px4_msgs/msg/detail/pwm_input__type_support.c\n'}
[2.094670] (px4_msgs) StdoutLine: {'line': b'-- Up-to-date: /home/rschnurr/SkyClaw-Team1/ros2_ws/install/px4_msgs/include/px4_msgs/px4_msgs/msg/detail/qshell_retval__type_support.c\n'}
[2.095014] (px4_msgs) StdoutLine: {'line': b'-- Up-to-date: /home/rschnurr/SkyClaw-Team1/ros2_ws/install/px4_msgs/include/px4_msgs/px4_msgs/msg/detail/obstacle_distance__rosidl_typesupport_introspection_c.h\n'}
[2.095127] (px4_msgs) StdoutLine: {'line': b'-- Up-to-date: /home/rschnurr/SkyClaw-Team1/ros2_ws/install/px4_msgs/include/px4_msgs/px4_msgs/msg/detail/rover_speed_status__type_support.c\n'}
[2.095249] (px4_msgs) StdoutLine: {'line': b'-- Up-to-date: /home/rschnurr/SkyClaw-Team1/ros2_ws/install/px4_msgs/include/px4_msgs/px4_msgs/msg/detail/mavlink_tunnel__rosidl_typesupport_introspection_c.h\n'}
[2.095617] (px4_msgs) StdoutLine: {'line': b'-- Up-to-date: /home/rschnurr/SkyClaw-Team1/ros2_ws/install/px4_msgs/include/px4_msgs/px4_msgs/msg/detail/actuator_test__rosidl_typesupport_introspection_c.h\n'}
[2.095964] (px4_msgs) StdoutLine: {'line': b'-- Up-to-date: /home/rschnurr/SkyClaw-Team1/ros2_ws/install/px4_msgs/include/px4_msgs/px4_msgs/msg/detail/ekf2_timestamps__rosidl_typesupport_introspection_c.h\n'}
[2.096231] (px4_msgs) StdoutLine: {'line': b'-- Up-to-date: /home/rschnurr/SkyClaw-Team1/ros2_ws/install/px4_msgs/include/px4_msgs/px4_msgs/msg/detail/parameter_set_used_request__rosidl_typesupport_introspection_c.h\n'}
[2.096312] (px4_msgs) StdoutLine: {'line': b'-- Up-to-date: /home/rschnurr/SkyClaw-Team1/ros2_ws/install/px4_msgs/include/px4_msgs/px4_msgs/msg/detail/estimator_innovations__type_support.c\n'}
[2.096363] (px4_msgs) StdoutLine: {'line': b'-- Up-to-date: /home/rschnurr/SkyClaw-Team1/ros2_ws/install/px4_msgs/include/px4_msgs/px4_msgs/msg/detail/geofence_status__type_support.c\n'}
[2.096521] (px4_msgs) StdoutLine: {'line': b'-- Up-to-date: /home/rschnurr/SkyClaw-Team1/ros2_ws/install/px4_msgs/include/px4_msgs/px4_msgs/msg/detail/parameter_update__type_support.c\n'}
[2.096753] (px4_msgs) StdoutLine: {'line': b'-- Up-to-date: /home/rschnurr/SkyClaw-Team1/ros2_ws/install/px4_msgs/include/px4_msgs/px4_msgs/msg/detail/vehicle_imu__rosidl_typesupport_introspection_c.h\n'}
[2.096845] (px4_msgs) StdoutLine: {'line': b'-- Up-to-date: /home/rschnurr/SkyClaw-Team1/ros2_ws/install/px4_msgs/include/px4_msgs/px4_msgs/msg/detail/wheel_encoders__rosidl_typesupport_introspection_c.h\n'}
[2.096893] (px4_msgs) StdoutLine: {'line': b'-- Up-to-date: /home/rschnurr/SkyClaw-Team1/ros2_ws/install/px4_msgs/include/px4_msgs/px4_msgs/msg/detail/open_drone_id_operator_id__rosidl_typesupport_introspection_c.h\n'}
[2.097126] (px4_msgs) StdoutLine: {'line': b'-- Up-to-date: /home/rschnurr/SkyClaw-Team1/ros2_ws/install/px4_msgs/include/px4_msgs/px4_msgs/msg/detail/fixed_wing_lateral_setpoint__type_support.c\n'}
[2.097327] (px4_msgs) StdoutLine: {'line': b'-- Up-to-date: /home/rschnurr/SkyClaw-Team1/ros2_ws/install/px4_msgs/include/px4_msgs/px4_msgs/msg/detail/battery_info__type_support.c\n'}
[2.097398] (px4_msgs) StdoutLine: {'line': b'-- Up-to-date: /home/rschnurr/SkyClaw-Team1/ros2_ws/install/px4_msgs/include/px4_msgs/px4_msgs/msg/detail/debug_vect__type_support.c\n'}
[2.097456] (px4_msgs) StdoutLine: {'line': b'-- Up-to-date: /home/rschnurr/SkyClaw-Team1/ros2_ws/install/px4_msgs/include/px4_msgs/px4_msgs/msg/detail/camera_trigger__type_support.c\n'}
[2.097710] (px4_msgs) StdoutLine: {'line': b'-- Up-to-date: /home/rschnurr/SkyClaw-Team1/ros2_ws/install/px4_msgs/include/px4_msgs/px4_msgs/msg/detail/control_allocator_status__rosidl_typesupport_introspection_c.h\n'}
[2.098058] (px4_msgs) StdoutLine: {'line': b'-- Up-to-date: /home/rschnurr/SkyClaw-Team1/ros2_ws/install/px4_msgs/include/px4_msgs/px4_msgs/msg/detail/fuel_tank_status__type_support.c\n'}
[2.098245] (px4_msgs) StdoutLine: {'line': b'-- Up-to-date: /home/rschnurr/SkyClaw-Team1/ros2_ws/install/px4_msgs/include/px4_msgs/px4_msgs/msg/detail/tune_control__type_support.c\n'}
[2.098379] (px4_msgs) StdoutLine: {'line': b'-- Up-to-date: /home/rschnurr/SkyClaw-Team1/ros2_ws/install/px4_msgs/include/px4_msgs/px4_msgs/msg/detail/position_controller_landing_status__type_support.c\n'}
[2.098785] (px4_msgs) StdoutLine: {'line': b'-- Up-to-date: /home/rschnurr/SkyClaw-Team1/ros2_ws/install/px4_msgs/include/px4_msgs/px4_msgs/msg/detail/adc_report__type_support.c\n'}
[2.099087] (px4_msgs) StdoutLine: {'line': b'-- Up-to-date: /home/rschnurr/SkyClaw-Team1/ros2_ws/install/px4_msgs/include/px4_msgs/px4_msgs/msg/detail/follow_target_status__type_support.c\n'}
[2.099306] (px4_msgs) StdoutLine: {'line': b'-- Up-to-date: /home/rschnurr/SkyClaw-Team1/ros2_ws/install/px4_msgs/include/px4_msgs/px4_msgs/msg/detail/vehicle_odometry__type_support.c\n'}
[2.099374] (px4_msgs) StdoutLine: {'line': b'-- Up-to-date: /home/rschnurr/SkyClaw-Team1/ros2_ws/install/px4_msgs/include/px4_msgs/px4_msgs/msg/detail/vehicle_constraints__type_support.c\n'}
[2.099424] (px4_msgs) StdoutLine: {'line': b'-- Up-to-date: /home/rschnurr/SkyClaw-Team1/ros2_ws/install/px4_msgs/include/px4_msgs/px4_msgs/msg/detail/mavlink_log__type_support.c\n'}
[2.099469] (px4_msgs) StdoutLine: {'line': b'-- Up-to-date: /home/rschnurr/SkyClaw-Team1/ros2_ws/install/px4_msgs/include/px4_msgs/px4_msgs/msg/detail/vehicle_control_mode__type_support.c\n'}
[2.099790] (px4_msgs) StdoutLine: {'line': b'-- Up-to-date: /home/rschnurr/SkyClaw-Team1/ros2_ws/install/px4_msgs/include/px4_msgs/px4_msgs/msg/detail/pure_pursuit_status__rosidl_typesupport_introspection_c.h\n'}
[2.100142] (px4_msgs) StdoutLine: {'line': b'-- Up-to-date: /home/rschnurr/SkyClaw-Team1/ros2_ws/install/px4_msgs/include/px4_msgs/px4_msgs/msg/detail/action_request__rosidl_typesupport_introspection_c.h\n'}
[2.100301] (px4_msgs) StdoutLine: {'line': b'-- Up-to-date: /home/rschnurr/SkyClaw-Team1/ros2_ws/install/px4_msgs/include/px4_msgs/px4_msgs/msg/detail/dataman_response__rosidl_typesupport_introspection_c.h\n'}
[2.100358] (px4_msgs) StdoutLine: {'line': b'-- Up-to-date: /home/rschnurr/SkyClaw-Team1/ros2_ws/install/px4_msgs/include/px4_msgs/px4_msgs/msg/detail/position_setpoint_triplet__rosidl_typesupport_introspection_c.h\n'}
[2.100428] (px4_msgs) StdoutLine: {'line': b'-- Up-to-date: /home/rschnurr/SkyClaw-Team1/ros2_ws/install/px4_msgs/include/px4_msgs/px4_msgs/msg/detail/lateral_control_configuration__rosidl_typesupport_introspection_c.h\n'}
[2.100675] (px4_msgs) StdoutLine: {'line': b'-- Up-to-date: /home/rschnurr/SkyClaw-Team1/ros2_ws/install/px4_msgs/include/px4_msgs/px4_msgs/msg/detail/sensor_gps__type_support.c\n'}
[2.100729] (px4_msgs) StdoutLine: {'line': b'-- Up-to-date: /home/rschnurr/SkyClaw-Team1/ros2_ws/install/px4_msgs/include/px4_msgs/px4_msgs/msg/detail/internal_combustion_engine_control__type_support.c\n'}
[2.100767] (px4_msgs) StdoutLine: {'line': b'-- Up-to-date: /home/rschnurr/SkyClaw-Team1/ros2_ws/install/px4_msgs/include/px4_msgs/px4_msgs/msg/detail/normalized_unsigned_setpoint__type_support.c\n'}
[2.100800] (px4_msgs) StdoutLine: {'line': b'-- Up-to-date: /home/rschnurr/SkyClaw-Team1/ros2_ws/install/px4_msgs/include/px4_msgs/px4_msgs/msg/detail/sensor_selection__rosidl_typesupport_introspection_c.h\n'}
[2.100829] (px4_msgs) StdoutLine: {'line': b'-- Up-to-date: /home/rschnurr/SkyClaw-Team1/ros2_ws/install/px4_msgs/include/px4_msgs/px4_msgs/msg/detail/gimbal_device_set_attitude__type_support.c\n'}
[2.100859] (px4_msgs) StdoutLine: {'line': b'-- Up-to-date: /home/rschnurr/SkyClaw-Team1/ros2_ws/install/px4_msgs/include/px4_msgs/px4_msgs/msg/detail/wheel_encoders__type_support.c\n'}
[2.100888] (px4_msgs) StdoutLine: {'line': b'-- Up-to-date: /home/rschnurr/SkyClaw-Team1/ros2_ws/install/px4_msgs/include/px4_msgs/px4_msgs/msg/detail/vehicle_command__type_support.c\n'}
[2.100918] (px4_msgs) StdoutLine: {'line': b'-- Up-to-date: /home/rschnurr/SkyClaw-Team1/ros2_ws/install/px4_msgs/include/px4_msgs/px4_msgs/msg/detail/follow_target_estimator__rosidl_typesupport_introspection_c.h\n'}
[2.100945] (px4_msgs) StdoutLine: {'line': b'-- Up-to-date: /home/rschnurr/SkyClaw-Team1/ros2_ws/install/px4_msgs/include/px4_msgs/px4_msgs/msg/detail/register_ext_component_request__type_support.c\n'}
[2.101000] (px4_msgs) StdoutLine: {'line': b'-- Up-to-date: /home/rschnurr/SkyClaw-Team1/ros2_ws/install/px4_msgs/include/px4_msgs/px4_msgs/msg/detail/vehicle_attitude__rosidl_typesupport_introspection_c.h\n'}
[2.101235] (px4_msgs) StdoutLine: {'line': b'-- Up-to-date: /home/rschnurr/SkyClaw-Team1/ros2_ws/install/px4_msgs/include/px4_msgs/px4_msgs/msg/detail/onboard_computer_status__type_support.c\n'}
[2.101313] (px4_msgs) StdoutLine: {'line': b'-- Up-to-date: /home/rschnurr/SkyClaw-Team1/ros2_ws/install/px4_msgs/include/px4_msgs/px4_msgs/msg/detail/estimator_sensor_bias__type_support.c\n'}
[2.101354] (px4_msgs) StdoutLine: {'line': b'-- Up-to-date: /home/rschnurr/SkyClaw-Team1/ros2_ws/install/px4_msgs/include/px4_msgs/px4_msgs/msg/detail/vehicle_global_position__rosidl_typesupport_introspection_c.h\n'}
[2.101410] (px4_msgs) StdoutLine: {'line': b'-- Up-to-date: /home/rschnurr/SkyClaw-Team1/ros2_ws/install/px4_msgs/include/px4_msgs/px4_msgs/msg/detail/rover_speed_setpoint__rosidl_typesupport_introspection_c.h\n'}
[2.101529] (px4_msgs) StdoutLine: {'line': b'-- Up-to-date: /home/rschnurr/SkyClaw-Team1/ros2_ws/install/px4_msgs/include/px4_msgs/px4_msgs/msg/detail/rtl_time_estimate__rosidl_typesupport_introspection_c.h\n'}
[2.101600] (px4_msgs) StdoutLine: {'line': b'-- Up-to-date: /home/rschnurr/SkyClaw-Team1/ros2_ws/install/px4_msgs/include/px4_msgs/px4_msgs/msg/detail/vehicle_status__type_support.c\n'}
[2.101706] (px4_msgs) StdoutLine: {'line': b'-- Up-to-date: /home/rschnurr/SkyClaw-Team1/ros2_ws/install/px4_msgs/include/px4_msgs/px4_msgs/msg/detail/input_rc__rosidl_typesupport_introspection_c.h\n'}
[2.102096] (px4_msgs) StdoutLine: {'line': b'-- Up-to-date: /home/rschnurr/SkyClaw-Team1/ros2_ws/install/px4_msgs/include/px4_msgs/px4_msgs/msg/detail/estimator_status_flags__type_support.c\n'}
[2.102260] (px4_msgs) StdoutLine: {'line': b'-- Up-to-date: /home/rschnurr/SkyClaw-Team1/ros2_ws/install/px4_msgs/include/px4_msgs/px4_msgs/msg/detail/actuator_test__type_support.c\n'}
[2.102490] (px4_msgs) StdoutLine: {'line': b'-- Up-to-date: /home/rschnurr/SkyClaw-Team1/ros2_ws/install/px4_msgs/include/px4_msgs/px4_msgs/msg/detail/sensor_uwb__type_support.c\n'}
[2.102973] (px4_msgs) StdoutLine: {'line': b'-- Up-to-date: /home/rschnurr/SkyClaw-Team1/ros2_ws/install/px4_msgs/include/px4_msgs/px4_msgs/msg/detail/lateral_control_configuration__type_support.c\n'}
[2.103453] (px4_msgs) StdoutLine: {'line': b'-- Up-to-date: /home/rschnurr/SkyClaw-Team1/ros2_ws/install/px4_msgs/include/px4_msgs/px4_msgs/msg/detail/estimator_aid_source1d__type_support.c\n'}
[2.103531] (px4_msgs) StdoutLine: {'line': b'-- Up-to-date: /home/rschnurr/SkyClaw-Team1/ros2_ws/install/px4_msgs/include/px4_msgs/px4_msgs/msg/detail/iridiumsbd_status__rosidl_typesupport_introspection_c.h\n'}
[2.103615] (px4_msgs) StdoutLine: {'line': b'-- Up-to-date: /home/rschnurr/SkyClaw-Team1/ros2_ws/install/px4_msgs/include/px4_msgs/px4_msgs/msg/detail/vehicle_constraints__rosidl_typesupport_introspection_c.h\n'}
[2.103780] (px4_msgs) StdoutLine: {'line': b'-- Up-to-date: /home/rschnurr/SkyClaw-Team1/ros2_ws/install/px4_msgs/include/px4_msgs/px4_msgs/msg/detail/timesync_status__type_support.c\n'}
[2.103872] (px4_msgs) StdoutLine: {'line': b'-- Up-to-date: /home/rschnurr/SkyClaw-Team1/ros2_ws/install/px4_msgs/include/px4_msgs/px4_msgs/msg/detail/sensor_gyro__type_support.c\n'}
[2.103923] (px4_msgs) StdoutLine: {'line': b'-- Up-to-date: /home/rschnurr/SkyClaw-Team1/ros2_ws/install/px4_msgs/include/px4_msgs/px4_msgs/msg/detail/camera_capture__type_support.c\n'}
[2.103983] (px4_msgs) StdoutLine: {'line': b'-- Up-to-date: /home/rschnurr/SkyClaw-Team1/ros2_ws/install/px4_msgs/include/px4_msgs/px4_msgs/msg/detail/qshell_req__type_support.c\n'}
[2.104067] (px4_msgs) StdoutLine: {'line': b'-- Up-to-date: /home/rschnurr/SkyClaw-Team1/ros2_ws/install/px4_msgs/include/px4_msgs/px4_msgs/msg/detail/rc_parameter_map__type_support.c\n'}
[2.104151] (px4_msgs) StdoutLine: {'line': b'-- Up-to-date: /home/rschnurr/SkyClaw-Team1/ros2_ws/install/px4_msgs/include/px4_msgs/px4_msgs/msg/detail/distance_sensor__rosidl_typesupport_introspection_c.h\n'}
[2.104200] (px4_msgs) StdoutLine: {'line': b'-- Up-to-date: /home/rschnurr/SkyClaw-Team1/ros2_ws/install/px4_msgs/include/px4_msgs/px4_msgs/msg/detail/tiltrotor_extra_controls__rosidl_typesupport_introspection_c.h\n'}
[2.104243] (px4_msgs) StdoutLine: {'line': b'-- Up-to-date: /home/rschnurr/SkyClaw-Team1/ros2_ws/install/px4_msgs/include/px4_msgs/px4_msgs/msg/detail/rover_rate_status__rosidl_typesupport_introspection_c.h\n'}
[2.104293] (px4_msgs) StdoutLine: {'line': b'-- Up-to-date: /home/rschnurr/SkyClaw-Team1/ros2_ws/install/px4_msgs/include/px4_msgs/px4_msgs/msg/detail/gimbal_device_information__type_support.c\n'}
[2.104326] (px4_msgs) StdoutLine: {'line': b'-- Up-to-date: /home/rschnurr/SkyClaw-Team1/ros2_ws/install/px4_msgs/include/px4_msgs/px4_msgs/msg/detail/ulog_stream_ack__type_support.c\n'}
[2.104357] (px4_msgs) StdoutLine: {'line': b'-- Up-to-date: /home/rschnurr/SkyClaw-Team1/ros2_ws/install/px4_msgs/include/px4_msgs/px4_msgs/msg/detail/position_controller_landing_status__rosidl_typesupport_introspection_c.h\n'}
[2.104393] (px4_msgs) StdoutLine: {'line': b'-- Up-to-date: /home/rschnurr/SkyClaw-Team1/ros2_ws/install/px4_msgs/include/px4_msgs/px4_msgs/msg/detail/vehicle_attitude__type_support.c\n'}
[2.104421] (px4_msgs) StdoutLine: {'line': b'-- Up-to-date: /home/rschnurr/SkyClaw-Team1/ros2_ws/install/px4_msgs/include/px4_msgs/px4_msgs/msg/detail/gimbal_manager_set_attitude__type_support.c\n'}
[2.104464] (px4_msgs) StdoutLine: {'line': b'-- Up-to-date: /home/rschnurr/SkyClaw-Team1/ros2_ws/install/px4_msgs/include/px4_msgs/px4_msgs/msg/detail/sensor_correction__rosidl_typesupport_introspection_c.h\n'}
[2.104547] (px4_msgs) StdoutLine: {'line': b'-- Up-to-date: /home/rschnurr/SkyClaw-Team1/ros2_ws/install/px4_msgs/include/px4_msgs/px4_msgs/msg/detail/arming_check_reply__rosidl_typesupport_introspection_c.h\n'}
[2.104970] (px4_msgs) StdoutLine: {'line': b'-- Up-to-date: /home/rschnurr/SkyClaw-Team1/ros2_ws/install/px4_msgs/include/px4_msgs/px4_msgs/msg/detail/airspeed_wind__type_support.c\n'}
[2.105184] (px4_msgs) StdoutLine: {'line': b'-- Up-to-date: /home/rschnurr/SkyClaw-Team1/ros2_ws/install/px4_msgs/include/px4_msgs/px4_msgs/msg/detail/dataman_request__type_support.c\n'}
[2.105253] (px4_msgs) StdoutLine: {'line': b'-- Up-to-date: /home/rschnurr/SkyClaw-Team1/ros2_ws/install/px4_msgs/include/px4_msgs/px4_msgs/msg/detail/battery_status__rosidl_typesupport_introspection_c.h\n'}
[2.105312] (px4_msgs) StdoutLine: {'line': b'-- Up-to-date: /home/rschnurr/SkyClaw-Team1/ros2_ws/install/px4_msgs/include/px4_msgs/px4_msgs/msg/detail/fixed_wing_longitudinal_setpoint__rosidl_typesupport_introspection_c.h\n'}
[2.105588] (px4_msgs) StdoutLine: {'line': b'-- Up-to-date: /home/rschnurr/SkyClaw-Team1/ros2_ws/install/px4_msgs/include/px4_msgs/px4_msgs/msg/detail/trajectory_setpoint__rosidl_typesupport_introspection_c.h\n'}
[2.106004] (px4_msgs) StdoutLine: {'line': b'-- Up-to-date: /home/rschnurr/SkyClaw-Team1/ros2_ws/install/px4_msgs/include/px4_msgs/px4_msgs/msg/detail/sensor_gps__rosidl_typesupport_introspection_c.h\n'}
[2.106297] (px4_msgs) StdoutLine: {'line': b'-- Up-to-date: /home/rschnurr/SkyClaw-Team1/ros2_ws/install/px4_msgs/include/px4_msgs/px4_msgs/msg/detail/sensor_combined__rosidl_typesupport_introspection_c.h\n'}
[2.106366] (px4_msgs) StdoutLine: {'line': b'-- Up-to-date: /home/rschnurr/SkyClaw-Team1/ros2_ws/install/px4_msgs/include/px4_msgs/px4_msgs/msg/detail/yaw_estimator_status__type_support.c\n'}
[2.106428] (px4_msgs) StdoutLine: {'line': b'-- Up-to-date: /home/rschnurr/SkyClaw-Team1/ros2_ws/install/px4_msgs/include/px4_msgs/px4_msgs/msg/detail/ping__type_support.c\n'}
[2.106485] (px4_msgs) StdoutLine: {'line': b'-- Up-to-date: /home/rschnurr/SkyClaw-Team1/ros2_ws/install/px4_msgs/include/px4_msgs/px4_msgs/msg/detail/actuator_outputs__type_support.c\n'}
[2.106540] (px4_msgs) StdoutLine: {'line': b'-- Up-to-date: /home/rschnurr/SkyClaw-Team1/ros2_ws/install/px4_msgs/include/px4_msgs/px4_msgs/msg/detail/heater_status__type_support.c\n'}
[2.106634] (px4_msgs) StdoutLine: {'line': b'-- Up-to-date: /home/rschnurr/SkyClaw-Team1/ros2_ws/install/px4_msgs/include/px4_msgs/px4_msgs/msg/detail/system_power__type_support.c\n'}
[2.106681] (px4_msgs) StdoutLine: {'line': b'-- Up-to-date: /home/rschnurr/SkyClaw-Team1/ros2_ws/install/px4_msgs/include/px4_msgs/px4_msgs/msg/detail/follow_target_status__rosidl_typesupport_introspection_c.h\n'}
[2.106818] (px4_msgs) StdoutLine: {'line': b'-- Up-to-date: /home/rschnurr/SkyClaw-Team1/ros2_ws/install/px4_msgs/include/px4_msgs/px4_msgs/msg/detail/landing_gear_wheel__rosidl_typesupport_introspection_c.h\n'}
[2.106925] (px4_msgs) StdoutLine: {'line': b'-- Up-to-date: /home/rschnurr/SkyClaw-Team1/ros2_ws/install/px4_msgs/include/px4_msgs/px4_msgs/msg/detail/longitudinal_control_configuration__rosidl_typesupport_introspection_c.h\n'}
[2.106978] (px4_msgs) StdoutLine: {'line': b'-- Up-to-date: /home/rschnurr/SkyClaw-Team1/ros2_ws/install/px4_msgs/include/px4_msgs/px4_msgs/msg/detail/vehicle_command__rosidl_typesupport_introspection_c.h\n'}
[2.107025] (px4_msgs) StdoutLine: {'line': b'-- Up-to-date: /home/rschnurr/SkyClaw-Team1/ros2_ws/install/px4_msgs/include/px4_msgs/px4_msgs/msg/detail/estimator_bias3d__type_support.c\n'}
[2.107068] (px4_msgs) StdoutLine: {'line': b'-- Up-to-date: /home/rschnurr/SkyClaw-Team1/ros2_ws/install/px4_msgs/include/px4_msgs/px4_msgs/msg/detail/button_event__rosidl_typesupport_introspection_c.h\n'}
[2.107110] (px4_msgs) StdoutLine: {'line': b'-- Up-to-date: /home/rschnurr/SkyClaw-Team1/ros2_ws/install/px4_msgs/include/px4_msgs/px4_msgs/msg/detail/register_ext_component_request__rosidl_typesupport_introspection_c.h\n'}
[2.107150] (px4_msgs) StdoutLine: {'line': b'-- Up-to-date: /home/rschnurr/SkyClaw-Team1/ros2_ws/install/px4_msgs/include/px4_msgs/px4_msgs/msg/detail/vehicle_magnetometer__rosidl_typesupport_introspection_c.h\n'}
[2.107288] (px4_msgs) StdoutLine: {'line': b'-- Up-to-date: /home/rschnurr/SkyClaw-Team1/ros2_ws/install/px4_msgs/include/px4_msgs/px4_msgs/msg/detail/ulog_stream_ack__rosidl_typesupport_introspection_c.h\n'}
[2.107403] (px4_msgs) StdoutLine: {'line': b'-- Up-to-date: /home/rschnurr/SkyClaw-Team1/ros2_ws/install/px4_msgs/include/px4_msgs/px4_msgs/msg/detail/gps_inject_data__rosidl_typesupport_introspection_c.h\n'}
[2.107685] (px4_msgs) StdoutLine: {'line': b'-- Up-to-date: /home/rschnurr/SkyClaw-Team1/ros2_ws/install/px4_msgs/include/px4_msgs/px4_msgs/msg/detail/rc_channels__type_support.c\n'}
[2.108072] (-) TimerEvent: {}
[2.109180] (px4_msgs) StdoutLine: {'line': b'-- Up-to-date: /home/rschnurr/SkyClaw-Team1/ros2_ws/install/px4_msgs/include/px4_msgs/px4_msgs/msg/detail/arming_check_reply__type_support.c\n'}
[2.109478] (px4_msgs) StdoutLine: {'line': b'-- Up-to-date: /home/rschnurr/SkyClaw-Team1/ros2_ws/install/px4_msgs/include/px4_msgs/px4_msgs/msg/detail/open_drone_id_arm_status__rosidl_typesupport_introspection_c.h\n'}
[2.109677] (px4_msgs) StdoutLine: {'line': b'-- Up-to-date: /home/rschnurr/SkyClaw-Team1/ros2_ws/install/px4_msgs/include/px4_msgs/px4_msgs/msg/detail/can_interface_status__type_support.c\n'}
[2.109782] (px4_msgs) StdoutLine: {'line': b'-- Up-to-date: /home/rschnurr/SkyClaw-Team1/ros2_ws/install/px4_msgs/include/px4_msgs/px4_msgs/msg/detail/dataman_response__type_support.c\n'}
[2.109840] (px4_msgs) StdoutLine: {'line': b'-- Up-to-date: /home/rschnurr/SkyClaw-Team1/ros2_ws/install/px4_msgs/include/px4_msgs/px4_msgs/msg/detail/open_drone_id_self_id__rosidl_typesupport_introspection_c.h\n'}
[2.109891] (px4_msgs) StdoutLine: {'line': b'-- Up-to-date: /home/rschnurr/SkyClaw-Team1/ros2_ws/install/px4_msgs/include/px4_msgs/px4_msgs/msg/detail/trajectory_setpoint__type_support.c\n'}
[2.109936] (px4_msgs) StdoutLine: {'line': b'-- Up-to-date: /home/rschnurr/SkyClaw-Team1/ros2_ws/install/px4_msgs/include/px4_msgs/px4_msgs/msg/detail/position_setpoint__rosidl_typesupport_introspection_c.h\n'}
[2.109979] (px4_msgs) StdoutLine: {'line': b'-- Up-to-date: /home/rschnurr/SkyClaw-Team1/ros2_ws/install/px4_msgs/include/px4_msgs/px4_msgs/msg/detail/actuator_outputs__rosidl_typesupport_introspection_c.h\n'}
[2.110212] (px4_msgs) StdoutLine: {'line': b'-- Up-to-date: /home/rschnurr/SkyClaw-Team1/ros2_ws/install/px4_msgs/include/px4_msgs/px4_msgs/msg/detail/vehicle_optical_flow_vel__rosidl_typesupport_introspection_c.h\n'}
[2.110398] (px4_msgs) StdoutLine: {'line': b'-- Up-to-date: /home/rschnurr/SkyClaw-Team1/ros2_ws/install/px4_msgs/include/px4_msgs/px4_msgs/msg/detail/orb_test__type_support.c\n'}
[2.110686] (px4_msgs) StdoutLine: {'line': b'-- Up-to-date: /home/rschnurr/SkyClaw-Team1/ros2_ws/install/px4_msgs/include/px4_msgs/px4_msgs/msg/detail/led_control__type_support.c\n'}
[2.111084] (px4_msgs) StdoutLine: {'line': b'-- Up-to-date: /home/rschnurr/SkyClaw-Team1/ros2_ws/install/px4_msgs/include/px4_msgs/px4_msgs/msg/detail/fixed_wing_lateral_status__rosidl_typesupport_introspection_c.h\n'}
[2.111622] (px4_msgs) StdoutLine: {'line': b'-- Up-to-date: /home/rschnurr/SkyClaw-Team1/ros2_ws/install/px4_msgs/include/px4_msgs/px4_msgs/msg/detail/mode_completed__rosidl_typesupport_introspection_c.h\n'}
[2.111725] (px4_msgs) StdoutLine: {'line': b'-- Up-to-date: /home/rschnurr/SkyClaw-Team1/ros2_ws/install/px4_msgs/include/px4_msgs/px4_msgs/msg/detail/parameter_reset_request__rosidl_typesupport_introspection_c.h\n'}
[2.111766] (px4_msgs) StdoutLine: {'line': b'-- Up-to-date: /home/rschnurr/SkyClaw-Team1/ros2_ws/install/px4_msgs/include/px4_msgs/px4_msgs/msg/detail/dataman_request__rosidl_typesupport_introspection_c.h\n'}
[2.111804] (px4_msgs) StdoutLine: {'line': b'-- Up-to-date: /home/rschnurr/SkyClaw-Team1/ros2_ws/install/px4_msgs/include/px4_msgs/px4_msgs/msg/detail/estimator_innovations__rosidl_typesupport_introspection_c.h\n'}
[2.111833] (px4_msgs) StdoutLine: {'line': b'-- Up-to-date: /home/rschnurr/SkyClaw-Team1/ros2_ws/install/px4_msgs/include/px4_msgs/px4_msgs/msg/detail/gimbal_manager_status__rosidl_typesupport_introspection_c.h\n'}
[2.111887] (px4_msgs) StdoutLine: {'line': b'-- Up-to-date: /home/rschnurr/SkyClaw-Team1/ros2_ws/install/px4_msgs/include/px4_msgs/px4_msgs/msg/detail/parameter_set_value_request__rosidl_typesupport_introspection_c.h\n'}
[2.112003] (px4_msgs) StdoutLine: {'line': b'-- Up-to-date: /home/rschnurr/SkyClaw-Team1/ros2_ws/install/px4_msgs/include/px4_msgs/px4_msgs/msg/detail/iridiumsbd_status__type_support.c\n'}
[2.112309] (px4_msgs) StdoutLine: {'line': b'-- Up-to-date: /home/rschnurr/SkyClaw-Team1/ros2_ws/install/px4_msgs/include/px4_msgs/px4_msgs/msg/detail/vehicle_roi__type_support.c\n'}
[2.112557] (px4_msgs) StdoutLine: {'line': b'-- Up-to-date: /home/rschnurr/SkyClaw-Team1/ros2_ws/install/px4_msgs/include/px4_msgs/px4_msgs/msg/detail/obstacle_distance__type_support.c\n'}
[2.112651] (px4_msgs) StdoutLine: {'line': b'-- Up-to-date: /home/rschnurr/SkyClaw-Team1/ros2_ws/install/px4_msgs/include/px4_msgs/px4_msgs/msg/detail/rc_parameter_map__rosidl_typesupport_introspection_c.h\n'}
[2.112880] (px4_msgs) StdoutLine: {'line': b'-- Up-to-date: /home/rschnurr/SkyClaw-Team1/ros2_ws/install/px4_msgs/include/px4_msgs/px4_msgs/msg/detail/gimbal_controls__rosidl_typesupport_introspection_c.h\n'}
[2.113074] (px4_msgs) StdoutLine: {'line': b'-- Up-to-date: /home/rschnurr/SkyClaw-Team1/ros2_ws/install/px4_msgs/include/px4_msgs/px4_msgs/msg/detail/fixed_wing_lateral_status__type_support.c\n'}
[2.113180] (px4_msgs) StdoutLine: {'line': b'-- Up-to-date: /home/rschnurr/SkyClaw-Team1/ros2_ws/install/px4_msgs/include/px4_msgs/px4_msgs/msg/detail/home_position__rosidl_typesupport_introspection_c.h\n'}
[2.113289] (px4_msgs) StdoutLine: {'line': b'-- Up-to-date: /home/rschnurr/SkyClaw-Team1/ros2_ws/install/px4_msgs/include/px4_msgs/px4_msgs/msg/detail/launch_detection_status__type_support.c\n'}
[2.113352] (px4_msgs) StdoutLine: {'line': b'-- Up-to-date: /home/rschnurr/SkyClaw-Team1/ros2_ws/install/px4_msgs/include/px4_msgs/px4_msgs/msg/detail/parameter_update__rosidl_typesupport_introspection_c.h\n'}
[2.113401] (px4_msgs) StdoutLine: {'line': b'-- Up-to-date: /home/rschnurr/SkyClaw-Team1/ros2_ws/install/px4_msgs/include/px4_msgs/px4_msgs/msg/detail/sensor_selection__type_support.c\n'}
[2.113528] (px4_msgs) StdoutLine: {'line': b'-- Up-to-date: /home/rschnurr/SkyClaw-Team1/ros2_ws/install/px4_msgs/include/px4_msgs/px4_msgs/msg/detail/ekf2_timestamps__type_support.c\n'}
[2.113654] (px4_msgs) StdoutLine: {'line': b'-- Up-to-date: /home/rschnurr/SkyClaw-Team1/ros2_ws/install/px4_msgs/include/px4_msgs/px4_msgs/msg/detail/gimbal_device_attitude_status__rosidl_typesupport_introspection_c.h\n'}
[2.113707] (px4_msgs) StdoutLine: {'line': b'-- Up-to-date: /home/rschnurr/SkyClaw-Team1/ros2_ws/install/px4_msgs/include/px4_msgs/px4_msgs/msg/detail/gripper__rosidl_typesupport_introspection_c.h\n'}
[2.113769] (px4_msgs) StdoutLine: {'line': b'-- Up-to-date: /home/rschnurr/SkyClaw-Team1/ros2_ws/install/px4_msgs/include/px4_msgs/px4_msgs/msg/detail/vehicle_optical_flow__rosidl_typesupport_introspection_c.h\n'}
[2.113811] (px4_msgs) StdoutLine: {'line': b'-- Up-to-date: /home/rschnurr/SkyClaw-Team1/ros2_ws/install/px4_msgs/include/px4_msgs/px4_msgs/msg/detail/gimbal_manager_information__type_support.c\n'}
[2.113851] (px4_msgs) StdoutLine: {'line': b'-- Up-to-date: /home/rschnurr/SkyClaw-Team1/ros2_ws/install/px4_msgs/include/px4_msgs/px4_msgs/msg/detail/cpuload__type_support.c\n'}
[2.113896] (px4_msgs) StdoutLine: {'line': b'-- Up-to-date: /home/rschnurr/SkyClaw-Team1/ros2_ws/install/px4_msgs/include/px4_msgs/px4_msgs/msg/detail/vehicle_thrust_setpoint__rosidl_typesupport_introspection_c.h\n'}
[2.114012] (px4_msgs) StdoutLine: {'line': b'-- Up-to-date: /home/rschnurr/SkyClaw-Team1/ros2_ws/install/px4_msgs/include/px4_msgs/px4_msgs/msg/detail/vehicle_acceleration__type_support.c\n'}
[2.114142] (px4_msgs) StdoutLine: {'line': b'-- Up-to-date: /home/rschnurr/SkyClaw-Team1/ros2_ws/install/px4_msgs/include/px4_msgs/px4_msgs/msg/detail/power_button_state__type_support.c\n'}
[2.114199] (px4_msgs) StdoutLine: {'line': b'-- Up-to-date: /home/rschnurr/SkyClaw-Team1/ros2_ws/install/px4_msgs/include/px4_msgs/px4_msgs/msg/detail/yaw_estimator_status__rosidl_typesupport_introspection_c.h\n'}
[2.114614] (px4_msgs) StdoutLine: {'line': b'-- Up-to-date: /home/rschnurr/SkyClaw-Team1/ros2_ws/install/px4_msgs/include/px4_msgs/px4_msgs/msg/detail/uavcan_parameter_value__rosidl_typesupport_introspection_c.h\n'}
[2.114708] (px4_msgs) StdoutLine: {'line': b'-- Up-to-date: /home/rschnurr/SkyClaw-Team1/ros2_ws/install/px4_msgs/include/px4_msgs/px4_msgs/msg/detail/gpio_in__rosidl_typesupport_introspection_c.h\n'}
[2.114780] (px4_msgs) StdoutLine: {'line': b'-- Up-to-date: /home/rschnurr/SkyClaw-Team1/ros2_ws/install/px4_msgs/include/px4_msgs/px4_msgs/msg/detail/task_stack_info__type_support.c\n'}
[2.114858] (px4_msgs) StdoutLine: {'line': b'-- Up-to-date: /home/rschnurr/SkyClaw-Team1/ros2_ws/install/px4_msgs/include/px4_msgs/px4_msgs/msg/detail/launch_detection_status__rosidl_typesupport_introspection_c.h\n'}
[2.115219] (px4_msgs) StdoutLine: {'line': b'-- Up-to-date: /home/rschnurr/SkyClaw-Team1/ros2_ws/install/px4_msgs/include/px4_msgs/px4_msgs/msg/detail/differential_pressure__rosidl_typesupport_introspection_c.h\n'}
[2.115533] (px4_msgs) StdoutLine: {'line': b'-- Up-to-date: /home/rschnurr/SkyClaw-Team1/ros2_ws/install/px4_msgs/include/px4_msgs/px4_msgs/msg/detail/sensor_gnss_relative__type_support.c\n'}
[2.115740] (px4_msgs) StdoutLine: {'line': b'-- Up-to-date: /home/rschnurr/SkyClaw-Team1/ros2_ws/install/px4_msgs/include/px4_msgs/px4_msgs/msg/detail/action_request__type_support.c\n'}
[2.115814] (px4_msgs) StdoutLine: {'line': b'-- Up-to-date: /home/rschnurr/SkyClaw-Team1/ros2_ws/install/px4_msgs/include/px4_msgs/px4_msgs/msg/detail/adc_report__rosidl_typesupport_introspection_c.h\n'}
[2.115907] (px4_msgs) StdoutLine: {'line': b'-- Up-to-date: /home/rschnurr/SkyClaw-Team1/ros2_ws/install/px4_msgs/include/px4_msgs/px4_msgs/msg/detail/control_allocator_status__type_support.c\n'}
[2.115973] (px4_msgs) StdoutLine: {'line': b'-- Up-to-date: /home/rschnurr/SkyClaw-Team1/ros2_ws/install/px4_msgs/include/px4_msgs/px4_msgs/msg/detail/sensor_gyro_fifo__type_support.c\n'}
[2.116381] (px4_msgs) StdoutLine: {'line': b'-- Up-to-date: /home/rschnurr/SkyClaw-Team1/ros2_ws/install/px4_msgs/include/px4_msgs/px4_msgs/msg/detail/sensor_gnss_status__type_support.c\n'}
[2.116613] (px4_msgs) StdoutLine: {'line': b'-- Up-to-date: /home/rschnurr/SkyClaw-Team1/ros2_ws/install/px4_msgs/include/px4_msgs/px4_msgs/msg/detail/tecs_status__rosidl_typesupport_introspection_c.h\n'}
[2.116681] (px4_msgs) StdoutLine: {'line': b'-- Up-to-date: /home/rschnurr/SkyClaw-Team1/ros2_ws/install/px4_msgs/include/px4_msgs/px4_msgs/msg/detail/manual_control_setpoint__type_support.c\n'}
[2.116742] (px4_msgs) StdoutLine: {'line': b'-- Up-to-date: /home/rschnurr/SkyClaw-Team1/ros2_ws/install/px4_msgs/include/px4_msgs/px4_msgs/msg/detail/goto_setpoint__rosidl_typesupport_introspection_c.h\n'}
[2.116789] (px4_msgs) StdoutLine: {'line': b'-- Up-to-date: /home/rschnurr/SkyClaw-Team1/ros2_ws/install/px4_msgs/include/px4_msgs/px4_msgs/msg/detail/mavlink_log__rosidl_typesupport_introspection_c.h\n'}
[2.116830] (px4_msgs) StdoutLine: {'line': b'-- Up-to-date: /home/rschnurr/SkyClaw-Team1/ros2_ws/install/px4_msgs/include/px4_msgs/px4_msgs/msg/detail/log_message__type_support.c\n'}
[2.116910] (px4_msgs) StdoutLine: {'line': b'-- Up-to-date: /home/rschnurr/SkyClaw-Team1/ros2_ws/install/px4_msgs/include/px4_msgs/px4_msgs/msg/detail/actuator_servos__type_support.c\n'}
[2.117131] (px4_msgs) StdoutLine: {'line': b'-- Up-to-date: /home/rschnurr/SkyClaw-Team1/ros2_ws/install/px4_msgs/include/px4_msgs/px4_msgs/msg/detail/vehicle_roi__rosidl_typesupport_introspection_c.h\n'}
[2.117459] (px4_msgs) StdoutLine: {'line': b'-- Up-to-date: /home/rschnurr/SkyClaw-Team1/ros2_ws/install/px4_msgs/include/px4_msgs/px4_msgs/msg/detail/gripper__type_support.c\n'}
[2.117564] (px4_msgs) StdoutLine: {'line': b'-- Up-to-date: /home/rschnurr/SkyClaw-Team1/ros2_ws/install/px4_msgs/include/px4_msgs/px4_msgs/msg/detail/sensor_mag__rosidl_typesupport_introspection_c.h\n'}
[2.117635] (px4_msgs) StdoutLine: {'line': b'-- Up-to-date: /home/rschnurr/SkyClaw-Team1/ros2_ws/install/px4_msgs/include/px4_msgs/px4_msgs/msg/detail/orb_test_medium__type_support.c\n'}
[2.117718] (px4_msgs) StdoutLine: {'line': b'-- Up-to-date: /home/rschnurr/SkyClaw-Team1/ros2_ws/install/px4_msgs/include/px4_msgs/px4_msgs/msg/detail/navigator_mission_item__type_support.c\n'}
[2.117934] (px4_msgs) StdoutLine: {'line': b'-- Up-to-date: /home/rschnurr/SkyClaw-Team1/ros2_ws/install/px4_msgs/include/px4_msgs/px4_msgs/msg/detail/generator_status__type_support.c\n'}
[2.118314] (px4_msgs) StdoutLine: {'line': b'-- Up-to-date: /home/rschnurr/SkyClaw-Team1/ros2_ws/install/px4_msgs/include/px4_msgs/px4_msgs/msg/detail/generator_status__rosidl_typesupport_introspection_c.h\n'}
[2.118741] (px4_msgs) StdoutLine: {'line': b'-- Up-to-date: /home/rschnurr/SkyClaw-Team1/ros2_ws/install/px4_msgs/include/px4_msgs/px4_msgs/msg/detail/gimbal_device_set_attitude__rosidl_typesupport_introspection_c.h\n'}
[2.118871] (px4_msgs) StdoutLine: {'line': b'-- Up-to-date: /home/rschnurr/SkyClaw-Team1/ros2_ws/install/px4_msgs/include/px4_msgs/px4_msgs/msg/detail/vehicle_air_data__rosidl_typesupport_introspection_c.h\n'}
[2.118954] (px4_msgs) StdoutLine: {'line': b'-- Up-to-date: /home/rschnurr/SkyClaw-Team1/ros2_ws/install/px4_msgs/include/px4_msgs/px4_msgs/msg/detail/estimator_states__rosidl_typesupport_introspection_c.h\n'}
[2.119013] (px4_msgs) StdoutLine: {'line': b'-- Up-to-date: /home/rschnurr/SkyClaw-Team1/ros2_ws/install/px4_msgs/include/px4_msgs/px4_msgs/msg/detail/internal_combustion_engine_status__rosidl_typesupport_introspection_c.h\n'}
[2.119059] (px4_msgs) StdoutLine: {'line': b'-- Up-to-date: /home/rschnurr/SkyClaw-Team1/ros2_ws/install/px4_msgs/include/px4_msgs/px4_msgs/msg/detail/takeoff_status__rosidl_typesupport_introspection_c.h\n'}
[2.119108] (px4_msgs) StdoutLine: {'line': b'-- Up-to-date: /home/rschnurr/SkyClaw-Team1/ros2_ws/install/px4_msgs/include/px4_msgs/px4_msgs/msg/detail/neural_control__type_support.c\n'}
[2.119155] (px4_msgs) StdoutLine: {'line': b'-- Up-to-date: /home/rschnurr/SkyClaw-Team1/ros2_ws/install/px4_msgs/include/px4_msgs/px4_msgs/msg/detail/vehicle_torque_setpoint__rosidl_typesupport_introspection_c.h\n'}
[2.119204] (px4_msgs) StdoutLine: {'line': b'-- Up-to-date: /home/rschnurr/SkyClaw-Team1/ros2_ws/install/px4_msgs/include/px4_msgs/px4_msgs/msg/detail/vehicle_rates_setpoint__type_support.c\n'}
[2.119246] (px4_msgs) StdoutLine: {'line': b'-- Up-to-date: /home/rschnurr/SkyClaw-Team1/ros2_ws/install/px4_msgs/include/px4_msgs/px4_msgs/msg/detail/telemetry_status__rosidl_typesupport_introspection_c.h\n'}
[2.119289] (px4_msgs) StdoutLine: {'line': b'-- Up-to-date: /home/rschnurr/SkyClaw-Team1/ros2_ws/install/px4_msgs/include/px4_msgs/px4_msgs/msg/detail/actuator_motors__type_support.c\n'}
[2.119444] (px4_msgs) StdoutLine: {'line': b'-- Up-to-date: /home/rschnurr/SkyClaw-Team1/ros2_ws/install/px4_msgs/include/px4_msgs/px4_msgs/msg/detail/debug_array__type_support.c\n'}
[2.119665] (px4_msgs) StdoutLine: {'line': b'-- Up-to-date: /home/rschnurr/SkyClaw-Team1/ros2_ws/install/px4_msgs/include/px4_msgs/px4_msgs/msg/detail/rover_speed_status__rosidl_typesupport_introspection_c.h\n'}
[2.120000] (px4_msgs) StdoutLine: {'line': b'-- Up-to-date: /home/rschnurr/SkyClaw-Team1/ros2_ws/install/px4_msgs/include/px4_msgs/px4_msgs/msg/detail/autotune_attitude_control_status__rosidl_typesupport_introspection_c.h\n'}
[2.120387] (px4_msgs) StdoutLine: {'line': b'-- Up-to-date: /home/rschnurr/SkyClaw-Team1/ros2_ws/install/px4_msgs/include/px4_msgs/px4_msgs/msg/detail/fixed_wing_runway_control__rosidl_typesupport_introspection_c.h\n'}
[2.120685] (px4_msgs) StdoutLine: {'line': b'-- Up-to-date: /home/rschnurr/SkyClaw-Team1/ros2_ws/install/px4_msgs/include/px4_msgs/px4_msgs/msg/detail/vehicle_acceleration__rosidl_typesupport_introspection_c.h\n'}
[2.120976] (px4_msgs) StdoutLine: {'line': b'-- Up-to-date: /home/rschnurr/SkyClaw-Team1/ros2_ws/install/px4_msgs/include/px4_msgs/px4_msgs/msg/detail/rtl_time_estimate__type_support.c\n'}
[2.121376] (px4_msgs) StdoutLine: {'line': b'-- Up-to-date: /home/rschnurr/SkyClaw-Team1/ros2_ws/install/px4_msgs/include/px4_msgs/px4_msgs/msg/detail/geofence_result__rosidl_typesupport_introspection_c.h\n'}
[2.121506] (px4_msgs) StdoutLine: {'line': b'-- Up-to-date: /home/rschnurr/SkyClaw-Team1/ros2_ws/install/px4_msgs/include/px4_msgs/px4_msgs/msg/detail/vehicle_thrust_setpoint__type_support.c\n'}
[2.121605] (px4_msgs) StdoutLine: {'line': b'-- Up-to-date: /home/rschnurr/SkyClaw-Team1/ros2_ws/install/px4_msgs/include/px4_msgs/px4_msgs/msg/detail/sensors_status_imu__rosidl_typesupport_introspection_c.h\n'}
[2.121674] (px4_msgs) StdoutLine: {'line': b'-- Up-to-date: /home/rschnurr/SkyClaw-Team1/ros2_ws/install/px4_msgs/include/px4_msgs/px4_msgs/msg/detail/sensor_accel__rosidl_typesupport_introspection_c.h\n'}
[2.121720] (px4_msgs) StdoutLine: {'line': b'-- Up-to-date: /home/rschnurr/SkyClaw-Team1/ros2_ws/install/px4_msgs/include/px4_msgs/px4_msgs/msg/detail/landing_gear__rosidl_typesupport_introspection_c.h\n'}
[2.121762] (px4_msgs) StdoutLine: {'line': b'-- Up-to-date: /home/rschnurr/SkyClaw-Team1/ros2_ws/install/px4_msgs/include/px4_msgs/px4_msgs/msg/detail/ulog_stream__rosidl_typesupport_introspection_c.h\n'}
[2.121889] (px4_msgs) StdoutLine: {'line': b'-- Up-to-date: /home/rschnurr/SkyClaw-Team1/ros2_ws/install/px4_msgs/include/px4_msgs/px4_msgs/msg/detail/actuator_servos_trim__rosidl_typesupport_introspection_c.h\n'}
[2.121951] (px4_msgs) StdoutLine: {'line': b'-- Up-to-date: /home/rschnurr/SkyClaw-Team1/ros2_ws/install/px4_msgs/include/px4_msgs/px4_msgs/msg/detail/sensor_gyro_fft__rosidl_typesupport_introspection_c.h\n'}
[2.122115] (px4_msgs) StdoutLine: {'line': b'-- Up-to-date: /home/rschnurr/SkyClaw-Team1/ros2_ws/install/px4_msgs/include/px4_msgs/px4_msgs/msg/detail/health_report__type_support.c\n'}
[2.123049] (px4_msgs) StdoutLine: {'line': b'-- Up-to-date: /home/rschnurr/SkyClaw-Team1/ros2_ws/install/px4_msgs/include/px4_msgs/px4_msgs/msg/detail/rpm__type_support.c\n'}
[2.123164] (px4_msgs) StdoutLine: {'line': b'-- Up-to-date: /home/rschnurr/SkyClaw-Team1/ros2_ws/install/px4_msgs/include/px4_msgs/px4_msgs/msg/detail/rover_attitude_setpoint__type_support.c\n'}
[2.123467] (px4_msgs) StdoutLine: {'line': b'-- Up-to-date: /home/rschnurr/SkyClaw-Team1/ros2_ws/install/px4_msgs/include/px4_msgs/px4_msgs/msg/detail/input_rc__type_support.c\n'}
[2.123559] (px4_msgs) StdoutLine: {'line': b'-- Up-to-date: /home/rschnurr/SkyClaw-Team1/ros2_ws/install/px4_msgs/include/px4_msgs/px4_msgs/msg/detail/manual_control_setpoint__rosidl_typesupport_introspection_c.h\n'}
[2.123608] (px4_msgs) StdoutLine: {'line': b'-- Up-to-date: /home/rschnurr/SkyClaw-Team1/ros2_ws/install/px4_msgs/include/px4_msgs/px4_msgs/msg/detail/estimator_gps_status__rosidl_typesupport_introspection_c.h\n'}
[2.123667] (px4_msgs) StdoutLine: {'line': b'-- Up-to-date: /home/rschnurr/SkyClaw-Team1/ros2_ws/install/px4_msgs/include/px4_msgs/px4_msgs/msg/detail/vehicle_angular_acceleration_setpoint__type_support.c\n'}
[2.123707] (px4_msgs) StdoutLine: {'line': b'-- Up-to-date: /home/rschnurr/SkyClaw-Team1/ros2_ws/install/px4_msgs/include/px4_msgs/px4_msgs/msg/detail/sensor_airflow__type_support.c\n'}
[2.123899] (px4_msgs) StdoutLine: {'line': b'-- Up-to-date: /home/rschnurr/SkyClaw-Team1/ros2_ws/install/px4_msgs/include/px4_msgs/px4_msgs/msg/detail/gpio_config__rosidl_typesupport_introspection_c.h\n'}
[2.124262] (px4_msgs) StdoutLine: {'line': b'-- Up-to-date: /home/rschnurr/SkyClaw-Team1/ros2_ws/install/px4_msgs/include/px4_msgs/px4_msgs/msg/detail/wind__rosidl_typesupport_introspection_c.h\n'}
[2.124334] (px4_msgs) StdoutLine: {'line': b'-- Up-to-date: /home/rschnurr/SkyClaw-Team1/ros2_ws/install/px4_msgs/include/px4_msgs/px4_msgs/msg/detail/vehicle_local_position__type_support.c\n'}
[2.124390] (px4_msgs) StdoutLine: {'line': b'-- Up-to-date: /home/rschnurr/SkyClaw-Team1/ros2_ws/install/px4_msgs/include/px4_msgs/px4_msgs/msg/detail/position_controller_status__type_support.c\n'}
[2.124442] (px4_msgs) StdoutLine: {'line': b'-- Up-to-date: /home/rschnurr/SkyClaw-Team1/ros2_ws/install/px4_msgs/include/px4_msgs/px4_msgs/msg/detail/message_format_request__rosidl_typesupport_introspection_c.h\n'}
[2.124556] (px4_msgs) StdoutLine: {'line': b'-- Up-to-date: /home/rschnurr/SkyClaw-Team1/ros2_ws/install/px4_msgs/include/px4_msgs/px4_msgs/msg/detail/open_drone_id_operator_id__type_support.c\n'}
[2.124617] (px4_msgs) StdoutLine: {'line': b'-- Up-to-date: /home/rschnurr/SkyClaw-Team1/ros2_ws/install/px4_msgs/include/px4_msgs/px4_msgs/msg/detail/vehicle_status__rosidl_typesupport_introspection_c.h\n'}
[2.124673] (px4_msgs) StdoutLine: {'line': b'-- Up-to-date: /home/rschnurr/SkyClaw-Team1/ros2_ws/install/px4_msgs/include/px4_msgs/px4_msgs/msg/detail/estimator_aid_source2d__type_support.c\n'}
[2.124722] (px4_msgs) StdoutLine: {'line': b'-- Up-to-date: /home/rschnurr/SkyClaw-Team1/ros2_ws/install/px4_msgs/include/px4_msgs/px4_msgs/msg/detail/rover_steering_setpoint__type_support.c\n'}
[2.124768] (px4_msgs) StdoutLine: {'line': b'-- Up-to-date: /home/rschnurr/SkyClaw-Team1/ros2_ws/install/px4_msgs/include/px4_msgs/px4_msgs/msg/detail/landing_target_innovations__type_support.c\n'}
[2.124818] (px4_msgs) StdoutLine: {'line': b'-- Up-to-date: /home/rschnurr/SkyClaw-Team1/ros2_ws/install/px4_msgs/include/px4_msgs/px4_msgs/msg/detail/vehicle_land_detected__type_support.c\n'}
[2.124919] (px4_msgs) StdoutLine: {'line': b'-- Up-to-date: /home/rschnurr/SkyClaw-Team1/ros2_ws/install/px4_msgs/include/px4_msgs/px4_msgs/msg/detail/distance_sensor__type_support.c\n'}
[2.125081] (px4_msgs) StdoutLine: {'line': b'-- Up-to-date: /home/rschnurr/SkyClaw-Team1/ros2_ws/install/px4_msgs/include/px4_msgs/px4_msgs/msg/detail/sensors_status__rosidl_typesupport_introspection_c.h\n'}
[2.125388] (px4_msgs) StdoutLine: {'line': b'-- Up-to-date: /home/rschnurr/SkyClaw-Team1/ros2_ws/install/px4_msgs/include/px4_msgs/px4_msgs/msg/detail/airspeed__rosidl_typesupport_introspection_c.h\n'}
[2.125450] (px4_msgs) StdoutLine: {'line': b'-- Up-to-date: /home/rschnurr/SkyClaw-Team1/ros2_ws/install/px4_msgs/include/px4_msgs/px4_msgs/msg/detail/logger_status__type_support.c\n'}
[2.125497] (px4_msgs) StdoutLine: {'line': b'-- Up-to-date: /home/rschnurr/SkyClaw-Team1/ros2_ws/install/px4_msgs/include/px4_msgs/px4_msgs/msg/detail/camera_trigger__rosidl_typesupport_introspection_c.h\n'}
[2.125541] (px4_msgs) StdoutLine: {'line': b'-- Up-to-date: /home/rschnurr/SkyClaw-Team1/ros2_ws/install/px4_msgs/include/px4_msgs/px4_msgs/msg/detail/estimator_gps_status__type_support.c\n'}
[2.125581] (px4_msgs) StdoutLine: {'line': b'-- Up-to-date: /home/rschnurr/SkyClaw-Team1/ros2_ws/install/px4_msgs/include/px4_msgs/px4_msgs/msg/detail/gpio_out__rosidl_typesupport_introspection_c.h\n'}
[2.125635] (px4_msgs) StdoutLine: {'line': b'-- Up-to-date: /home/rschnurr/SkyClaw-Team1/ros2_ws/install/px4_msgs/include/px4_msgs/px4_msgs/msg/detail/open_drone_id_system__rosidl_typesupport_introspection_c.h\n'}
[2.125676] (px4_msgs) StdoutLine: {'line': b'-- Up-to-date: /home/rschnurr/SkyClaw-Team1/ros2_ws/install/px4_msgs/include/px4_msgs/px4_msgs/msg/detail/estimator_bias__type_support.c\n'}
[2.125758] (px4_msgs) StdoutLine: {'line': b'-- Up-to-date: /home/rschnurr/SkyClaw-Team1/ros2_ws/install/px4_msgs/include/px4_msgs/px4_msgs/msg/detail/satellite_info__type_support.c\n'}
[2.125841] (px4_msgs) StdoutLine: {'line': b'-- Up-to-date: /home/rschnurr/SkyClaw-Team1/ros2_ws/install/px4_msgs/include/px4_msgs/px4_msgs/msg/detail/cpuload__rosidl_typesupport_introspection_c.h\n'}
[2.125956] (px4_msgs) StdoutLine: {'line': b'-- Up-to-date: /home/rschnurr/SkyClaw-Team1/ros2_ws/install/px4_msgs/include/px4_msgs/px4_msgs/msg/detail/parameter_reset_request__type_support.c\n'}
[2.126047] (px4_msgs) StdoutLine: {'line': b'-- Up-to-date: /home/rschnurr/SkyClaw-Team1/ros2_ws/install/px4_msgs/include/px4_msgs/px4_msgs/msg/detail/open_drone_id_self_id__type_support.c\n'}
[2.126147] (px4_msgs) StdoutLine: {'line': b'-- Up-to-date: /home/rschnurr/SkyClaw-Team1/ros2_ws/install/px4_msgs/include/px4_msgs/px4_msgs/msg/detail/gimbal_device_information__rosidl_typesupport_introspection_c.h\n'}
[2.126201] (px4_msgs) StdoutLine: {'line': b'-- Up-to-date: /home/rschnurr/SkyClaw-Team1/ros2_ws/install/px4_msgs/include/px4_msgs/px4_msgs/msg/detail/vehicle_imu_status__rosidl_typesupport_introspection_c.h\n'}
[2.126306] (px4_msgs) StdoutLine: {'line': b'-- Up-to-date: /home/rschnurr/SkyClaw-Team1/ros2_ws/install/px4_msgs/include/px4_msgs/px4_msgs/msg/detail/differential_pressure__type_support.c\n'}
[2.126367] (px4_msgs) StdoutLine: {'line': b'-- Up-to-date: /home/rschnurr/SkyClaw-Team1/ros2_ws/install/px4_msgs/include/px4_msgs/px4_msgs/msg/detail/timesync_status__rosidl_typesupport_introspection_c.h\n'}
[2.126489] (px4_msgs) StdoutLine: {'line': b'-- Up-to-date: /home/rschnurr/SkyClaw-Team1/ros2_ws/install/px4_msgs/include/px4_msgs/px4_msgs/msg/detail/fixed_wing_runway_control__type_support.c\n'}
[2.126582] (px4_msgs) StdoutLine: {'line': b'-- Up-to-date: /home/rschnurr/SkyClaw-Team1/ros2_ws/install/px4_msgs/include/px4_msgs/px4_msgs/msg/detail/parameter_set_used_request__type_support.c\n'}
[2.126671] (px4_msgs) StdoutLine: {'line': b'-- Up-to-date: /home/rschnurr/SkyClaw-Team1/ros2_ws/install/px4_msgs/include/px4_msgs/px4_msgs/msg/detail/figure_eight_status__rosidl_typesupport_introspection_c.h\n'}
[2.127011] (px4_msgs) StdoutLine: {'line': b'-- Up-to-date: /home/rschnurr/SkyClaw-Team1/ros2_ws/install/px4_msgs/include/px4_msgs/px4_msgs/msg/detail/qshell_req__rosidl_typesupport_introspection_c.h\n'}
[2.127070] (px4_msgs) StdoutLine: {'line': b'-- Up-to-date: /home/rschnurr/SkyClaw-Team1/ros2_ws/install/px4_msgs/include/px4_msgs/px4_msgs/msg/detail/gps_inject_data__type_support.c\n'}
[2.127112] (px4_msgs) StdoutLine: {'line': b'-- Up-to-date: /home/rschnurr/SkyClaw-Team1/ros2_ws/install/px4_msgs/include/px4_msgs/px4_msgs/msg/detail/navigator_status__type_support.c\n'}
[2.127145] (px4_msgs) StdoutLine: {'line': b'-- Up-to-date: /home/rschnurr/SkyClaw-Team1/ros2_ws/install/px4_msgs/include/px4_msgs/px4_msgs/msg/detail/sensor_preflight_mag__rosidl_typesupport_introspection_c.h\n'}
[2.127233] (px4_msgs) StdoutLine: {'line': b'-- Up-to-date: /home/rschnurr/SkyClaw-Team1/ros2_ws/install/px4_msgs/include/px4_msgs/px4_msgs/msg/detail/rover_attitude_status__type_support.c\n'}
[2.127288] (px4_msgs) StdoutLine: {'line': b'-- Up-to-date: /home/rschnurr/SkyClaw-Team1/ros2_ws/install/px4_msgs/include/px4_msgs/px4_msgs/msg/detail/vehicle_local_position_setpoint__type_support.c\n'}
[2.127334] (px4_msgs) StdoutLine: {'line': b'-- Up-to-date: /home/rschnurr/SkyClaw-Team1/ros2_ws/install/px4_msgs/include/px4_msgs/px4_msgs/msg/detail/vehicle_control_mode__rosidl_typesupport_introspection_c.h\n'}
[2.127380] (px4_msgs) StdoutLine: {'line': b'-- Up-to-date: /home/rschnurr/SkyClaw-Team1/ros2_ws/install/px4_msgs/include/px4_msgs/px4_msgs/msg/detail/power_monitor__rosidl_typesupport_introspection_c.h\n'}
[2.127568] (px4_msgs) StdoutLine: {'line': b'-- Up-to-date: /home/rschnurr/SkyClaw-Team1/ros2_ws/install/px4_msgs/include/px4_msgs/px4_msgs/msg/detail/gpio_request__rosidl_typesupport_introspection_c.h\n'}
[2.127632] (px4_msgs) StdoutLine: {'line': b'-- Up-to-date: /home/rschnurr/SkyClaw-Team1/ros2_ws/install/px4_msgs/include/px4_msgs/px4_msgs/msg/detail/gps_dump__rosidl_typesupport_introspection_c.h\n'}
[2.127676] (px4_msgs) StdoutLine: {'line': b'-- Up-to-date: /home/rschnurr/SkyClaw-Team1/ros2_ws/install/px4_msgs/include/px4_msgs/px4_msgs/msg/detail/estimator_aid_source3d__type_support.c\n'}
[2.127756] (px4_msgs) StdoutLine: {'line': b'-- Up-to-date: /home/rschnurr/SkyClaw-Team1/ros2_ws/install/px4_msgs/include/px4_msgs/px4_msgs/msg/detail/estimator_selector_status__type_support.c\n'}
[2.127816] (px4_msgs) StdoutLine: {'line': b'-- Up-to-date: /home/rschnurr/SkyClaw-Team1/ros2_ws/install/px4_msgs/include/px4_msgs/px4_msgs/msg/detail/gimbal_controls__type_support.c\n'}
[2.127862] (px4_msgs) StdoutLine: {'line': b'-- Up-to-date: /home/rschnurr/SkyClaw-Team1/ros2_ws/install/px4_msgs/include/px4_msgs/px4_msgs/msg/detail/health_report__rosidl_typesupport_introspection_c.h\n'}
[2.127905] (px4_msgs) StdoutLine: {'line': b'-- Up-to-date: /home/rschnurr/SkyClaw-Team1/ros2_ws/install/px4_msgs/include/px4_msgs/px4_msgs/msg/detail/uavcan_parameter_value__type_support.c\n'}
[2.127983] (px4_msgs) StdoutLine: {'line': b'-- Up-to-date: /home/rschnurr/SkyClaw-Team1/ros2_ws/install/px4_msgs/include/px4_msgs/px4_msgs/msg/detail/neural_control__rosidl_typesupport_introspection_c.h\n'}
[2.128029] (px4_msgs) StdoutLine: {'line': b'-- Up-to-date: /home/rschnurr/SkyClaw-Team1/ros2_ws/install/px4_msgs/include/px4_msgs/px4_msgs/msg/detail/mount_orientation__rosidl_typesupport_introspection_c.h\n'}
[2.128076] (px4_msgs) StdoutLine: {'line': b'-- Up-to-date: /home/rschnurr/SkyClaw-Team1/ros2_ws/install/px4_msgs/include/px4_msgs/px4_msgs/msg/detail/battery_status__type_support.c\n'}
[2.128131] (px4_msgs) StdoutLine: {'line': b'-- Up-to-date: /home/rschnurr/SkyClaw-Team1/ros2_ws/install/px4_msgs/include/px4_msgs/px4_msgs/msg/detail/actuator_servos_trim__type_support.c\n'}
[2.128427] (px4_msgs) StdoutLine: {'line': b'-- Up-to-date: /home/rschnurr/SkyClaw-Team1/ros2_ws/install/px4_msgs/include/px4_msgs/px4_msgs/msg/detail/button_event__type_support.c\n'}
[2.128500] (px4_msgs) StdoutLine: {'line': b'-- Up-to-date: /home/rschnurr/SkyClaw-Team1/ros2_ws/install/px4_msgs/include/px4_msgs/px4_msgs/msg/detail/camera_status__rosidl_typesupport_introspection_c.h\n'}
[2.128551] (px4_msgs) StdoutLine: {'line': b'-- Up-to-date: /home/rschnurr/SkyClaw-Team1/ros2_ws/install/px4_msgs/include/px4_msgs/px4_msgs/msg/detail/sensor_hygrometer__type_support.c\n'}
[2.128732] (px4_msgs) StdoutLine: {'line': b'-- Up-to-date: /home/rschnurr/SkyClaw-Team1/ros2_ws/install/px4_msgs/include/px4_msgs/px4_msgs/msg/detail/pure_pursuit_status__type_support.c\n'}
[2.128810] (px4_msgs) StdoutLine: {'line': b'-- Up-to-date: /home/rschnurr/SkyClaw-Team1/ros2_ws/install/px4_msgs/include/px4_msgs/px4_msgs/msg/detail/mag_worker_data__rosidl_typesupport_introspection_c.h\n'}
[2.128860] (px4_msgs) StdoutLine: {'line': b'-- Up-to-date: /home/rschnurr/SkyClaw-Team1/ros2_ws/install/px4_msgs/include/px4_msgs/px4_msgs/msg/detail/pps_capture__rosidl_typesupport_introspection_c.h\n'}
[2.129057] (px4_msgs) StdoutLine: {'line': b'-- Up-to-date: /home/rschnurr/SkyClaw-Team1/ros2_ws/install/px4_msgs/include/px4_msgs/px4_msgs/msg/detail/parameter_set_value_request__type_support.c\n'}
[2.129159] (px4_msgs) StdoutLine: {'line': b'-- Up-to-date: /home/rschnurr/SkyClaw-Team1/ros2_ws/install/px4_msgs/include/px4_msgs/px4_msgs/msg/detail/battery_info__rosidl_typesupport_introspection_c.h\n'}
[2.129310] (px4_msgs) StdoutLine: {'line': b'-- Up-to-date: /home/rschnurr/SkyClaw-Team1/ros2_ws/install/px4_msgs/include/px4_msgs/px4_msgs/msg/detail/sensor_optical_flow__type_support.c\n'}
[2.129640] (px4_msgs) StdoutLine: {'line': b'-- Up-to-date: /home/rschnurr/SkyClaw-Team1/ros2_ws/install/px4_msgs/include/px4_msgs/px4_msgs/msg/detail/estimator_bias__rosidl_typesupport_introspection_c.h\n'}
[2.130299] (px4_msgs) StdoutLine: {'line': b'-- Up-to-date: /home/rschnurr/SkyClaw-Team1/ros2_ws/install/px4_msgs/include/px4_msgs/px4_msgs/msg/detail/position_setpoint_triplet__type_support.c\n'}
[2.130411] (px4_msgs) StdoutLine: {'line': b'-- Up-to-date: /home/rschnurr/SkyClaw-Team1/ros2_ws/install/px4_msgs/include/px4_msgs/px4_msgs/msg/detail/rtl_status__type_support.c\n'}
[2.130526] (px4_msgs) StdoutLine: {'line': b'-- Up-to-date: /home/rschnurr/SkyClaw-Team1/ros2_ws/install/px4_msgs/include/px4_msgs/px4_msgs/msg/detail/task_stack_info__rosidl_typesupport_introspection_c.h\n'}
[2.130596] (px4_msgs) StdoutLine: {'line': b'-- Up-to-date: /home/rschnurr/SkyClaw-Team1/ros2_ws/install/px4_msgs/include/px4_msgs/px4_msgs/msg/detail/trajectory_setpoint6dof__type_support.c\n'}
[2.130649] (px4_msgs) StdoutLine: {'line': b'-- Up-to-date: /home/rschnurr/SkyClaw-Team1/ros2_ws/install/px4_msgs/include/px4_msgs/px4_msgs/msg/detail/distance_sensor_mode_change_request__rosidl_typesupport_introspection_c.h\n'}
[2.130909] (px4_msgs) StdoutLine: {'line': b'-- Up-to-date: /home/rschnurr/SkyClaw-Team1/ros2_ws/install/px4_msgs/include/px4_msgs/px4_msgs/msg/detail/orb_test__rosidl_typesupport_introspection_c.h\n'}
[2.130978] (px4_msgs) StdoutLine: {'line': b'-- Up-to-date: /home/rschnurr/SkyClaw-Team1/ros2_ws/install/px4_msgs/include/px4_msgs/px4_msgs/msg/detail/failure_detector_status__rosidl_typesupport_introspection_c.h\n'}
[2.131025] (px4_msgs) StdoutLine: {'line': b'-- Up-to-date: /home/rschnurr/SkyClaw-Team1/ros2_ws/install/px4_msgs/include/px4_msgs/px4_msgs/msg/detail/camera_capture__rosidl_typesupport_introspection_c.h\n'}
[2.131066] (px4_msgs) StdoutLine: {'line': b'-- Up-to-date: /home/rschnurr/SkyClaw-Team1/ros2_ws/install/px4_msgs/include/px4_msgs/px4_msgs/msg/detail/vehicle_local_position_setpoint__rosidl_typesupport_introspection_c.h\n'}
[2.131106] (px4_msgs) StdoutLine: {'line': b'-- Up-to-date: /home/rschnurr/SkyClaw-Team1/ros2_ws/install/px4_msgs/include/px4_msgs/px4_msgs/msg/detail/failsafe_flags__rosidl_typesupport_introspection_c.h\n'}
[2.131220] (px4_msgs) StdoutLine: {'line': b'-- Up-to-date: /home/rschnurr/SkyClaw-Team1/ros2_ws/install/px4_msgs/include/px4_msgs/px4_msgs/msg/detail/wind__type_support.c\n'}
[2.131483] (px4_msgs) StdoutLine: {'line': b'-- Up-to-date: /home/rschnurr/SkyClaw-Team1/ros2_ws/install/px4_msgs/include/px4_msgs/px4_msgs/msg/detail/mission_result__rosidl_typesupport_introspection_c.h\n'}
[2.131714] (px4_msgs) StdoutLine: {'line': b'-- Up-to-date: /home/rschnurr/SkyClaw-Team1/ros2_ws/install/px4_msgs/include/px4_msgs/px4_msgs/msg/detail/internal_combustion_engine_status__type_support.c\n'}
[2.131998] (px4_msgs) StdoutLine: {'line': b'-- Up-to-date: /home/rschnurr/SkyClaw-Team1/ros2_ws/install/px4_msgs/include/px4_msgs/px4_msgs/msg/detail/dronecan_node_status__type_support.c\n'}
[2.132154] (px4_msgs) StdoutLine: {'line': b'-- Up-to-date: /home/rschnurr/SkyClaw-Team1/ros2_ws/install/px4_msgs/include/px4_msgs/px4_msgs/msg/detail/estimator_states__type_support.c\n'}
[2.132375] (px4_msgs) StdoutLine: {'line': b'-- Up-to-date: /home/rschnurr/SkyClaw-Team1/ros2_ws/install/px4_msgs/include/px4_msgs/px4_msgs/msg/detail/tiltrotor_extra_controls__type_support.c\n'}
[2.132603] (px4_msgs) StdoutLine: {'line': b'-- Up-to-date: /home/rschnurr/SkyClaw-Team1/ros2_ws/install/px4_msgs/include/px4_msgs/px4_msgs/msg/detail/irlock_report__type_support.c\n'}
[2.132836] (px4_msgs) StdoutLine: {'line': b'-- Up-to-date: /home/rschnurr/SkyClaw-Team1/ros2_ws/install/px4_msgs/include/px4_msgs/px4_msgs/msg/detail/rover_speed_setpoint__type_support.c\n'}
[2.133472] (px4_msgs) StdoutLine: {'line': b'-- Up-to-date: /home/rschnurr/SkyClaw-Team1/ros2_ws/install/px4_msgs/include/px4_msgs/px4_msgs/msg/detail/debug_value__rosidl_typesupport_introspection_c.h\n'}
[2.133672] (px4_msgs) StdoutLine: {'line': b'-- Up-to-date: /home/rschnurr/SkyClaw-Team1/ros2_ws/install/px4_msgs/include/px4_msgs/px4_msgs/msg/detail/follow_target__type_support.c\n'}
[2.133776] (px4_msgs) StdoutLine: {'line': b'-- Up-to-date: /home/rschnurr/SkyClaw-Team1/ros2_ws/install/px4_msgs/include/px4_msgs/px4_msgs/msg/detail/debug_key_value__type_support.c\n'}
[2.133832] (px4_msgs) StdoutLine: {'line': b'-- Up-to-date: /home/rschnurr/SkyClaw-Team1/ros2_ws/install/px4_msgs/include/px4_msgs/px4_msgs/msg/detail/gimbal_device_attitude_status__type_support.c\n'}
[2.133877] (px4_msgs) StdoutLine: {'line': b'-- Up-to-date: /home/rschnurr/SkyClaw-Team1/ros2_ws/install/px4_msgs/include/px4_msgs/px4_msgs/msg/detail/sensor_baro__rosidl_typesupport_introspection_c.h\n'}
[2.133928] (px4_msgs) StdoutLine: {'line': b'-- Up-to-date: /home/rschnurr/SkyClaw-Team1/ros2_ws/install/px4_msgs/include/px4_msgs/px4_msgs/msg/detail/orb_test_medium__rosidl_typesupport_introspection_c.h\n'}
[2.134036] (px4_msgs) StdoutLine: {'line': b'-- Up-to-date: /home/rschnurr/SkyClaw-Team1/ros2_ws/install/px4_msgs/include/px4_msgs/px4_msgs/msg/detail/vtol_vehicle_status__type_support.c\n'}
[2.134106] (px4_msgs) StdoutLine: {'line': b'-- Up-to-date: /home/rschnurr/SkyClaw-Team1/ros2_ws/install/px4_msgs/include/px4_msgs/px4_msgs/msg/detail/arming_check_request__type_support.c\n'}
[2.134163] (px4_msgs) StdoutLine: {'line': b'-- Up-to-date: /home/rschnurr/SkyClaw-Team1/ros2_ws/install/px4_msgs/include/px4_msgs/px4_msgs/msg/detail/vehicle_attitude_setpoint__type_support.c\n'}
[2.134207] (px4_msgs) StdoutLine: {'line': b'-- Up-to-date: /home/rschnurr/SkyClaw-Team1/ros2_ws/install/px4_msgs/include/px4_msgs/px4_msgs/msg/detail/transponder_report__type_support.c\n'}
[2.134386] (px4_msgs) StdoutLine: {'line': b'-- Up-to-date: /home/rschnurr/SkyClaw-Team1/ros2_ws/install/px4_msgs/include/px4_msgs/px4_msgs/msg/detail/actuator_controls_status__rosidl_typesupport_introspection_c.h\n'}
[2.134612] (px4_msgs) StdoutLine: {'line': b'-- Up-to-date: /home/rschnurr/SkyClaw-Team1/ros2_ws/install/px4_msgs/include/px4_msgs/px4_msgs/msg/detail/landing_target_pose__type_support.c\n'}
[2.134727] (px4_msgs) StdoutLine: {'line': b'-- Up-to-date: /home/rschnurr/SkyClaw-Team1/ros2_ws/install/px4_msgs/include/px4_msgs/px4_msgs/msg/detail/follow_target__rosidl_typesupport_introspection_c.h\n'}
[2.135048] (px4_msgs) StdoutLine: {'line': b'-- Up-to-date: /home/rschnurr/SkyClaw-Team1/ros2_ws/install/px4_msgs/include/px4_msgs/px4_msgs/msg/detail/message_format_response__type_support.c\n'}
[2.135228] (px4_msgs) StdoutLine: {'line': b'-- Up-to-date: /home/rschnurr/SkyClaw-Team1/ros2_ws/install/px4_msgs/include/px4_msgs/px4_msgs/msg/detail/gpio_in__type_support.c\n'}
[2.136054] (px4_msgs) StdoutLine: {'line': b'-- Up-to-date: /home/rschnurr/SkyClaw-Team1/ros2_ws/install/px4_msgs/include/px4_msgs/px4_msgs/msg/detail/rover_throttle_setpoint__type_support.c\n'}
[2.136161] (px4_msgs) StdoutLine: {'line': b'-- Up-to-date: /home/rschnurr/SkyClaw-Team1/ros2_ws/install/px4_msgs/include/px4_msgs/px4_msgs/msg/detail/uavcan_parameter_request__type_support.c\n'}
[2.136234] (px4_msgs) StdoutLine: {'line': b'-- Up-to-date: /home/rschnurr/SkyClaw-Team1/ros2_ws/install/px4_msgs/include/px4_msgs/px4_msgs/msg/detail/collision_constraints__rosidl_typesupport_introspection_c.h\n'}
[2.136552] (px4_msgs) StdoutLine: {'line': b'-- Up-to-date: /home/rschnurr/SkyClaw-Team1/ros2_ws/install/px4_msgs/include/px4_msgs/px4_msgs/msg/detail/orb_test_large__type_support.c\n'}
[2.136935] (px4_msgs) StdoutLine: {'line': b'-- Up-to-date: /home/rschnurr/SkyClaw-Team1/ros2_ws/install/px4_msgs/include/px4_msgs/px4_msgs/msg/detail/parameter_set_value_response__rosidl_typesupport_introspection_c.h\n'}
[2.137595] (px4_msgs) StdoutLine: {'line': b'-- Up-to-date: /home/rschnurr/SkyClaw-Team1/ros2_ws/install/px4_msgs/include/px4_msgs/px4_msgs/msg/detail/estimator_sensor_bias__rosidl_typesupport_introspection_c.h\n'}
[2.138046] (px4_msgs) StdoutLine: {'line': b'-- Up-to-date: /home/rschnurr/SkyClaw-Team1/ros2_ws/install/px4_msgs/include/px4_msgs/px4_msgs/msg/detail/sensor_gyro_fft__type_support.c\n'}
[2.138373] (px4_msgs) StdoutLine: {'line': b'-- Up-to-date: /home/rschnurr/SkyClaw-Team1/ros2_ws/install/px4_msgs/include/px4_msgs/px4_msgs/msg/detail/rover_throttle_setpoint__rosidl_typesupport_introspection_c.h\n'}
[2.138725] (px4_msgs) StdoutLine: {'line': b'-- Up-to-date: /home/rschnurr/SkyClaw-Team1/ros2_ws/install/px4_msgs/include/px4_msgs/px4_msgs/msg/detail/vehicle_attitude_setpoint__rosidl_typesupport_introspection_c.h\n'}
[2.139061] (px4_msgs) StdoutLine: {'line': b'-- Up-to-date: /home/rschnurr/SkyClaw-Team1/ros2_ws/install/px4_msgs/include/px4_msgs/px4_msgs/msg/detail/gimbal_manager_set_manual_control__type_support.c\n'}
[2.139434] (px4_msgs) StdoutLine: {'line': b'-- Up-to-date: /home/rschnurr/SkyClaw-Team1/ros2_ws/install/px4_msgs/include/px4_msgs/px4_msgs/msg/detail/vehicle_angular_acceleration_setpoint__rosidl_typesupport_introspection_c.h\n'}
[2.139641] (px4_msgs) StdoutLine: {'line': b'-- Up-to-date: /home/rschnurr/SkyClaw-Team1/ros2_ws/install/px4_msgs/include/px4_msgs/px4_msgs/msg/detail/pps_capture__type_support.c\n'}
[2.139705] (px4_msgs) StdoutLine: {'line': b'-- Up-to-date: /home/rschnurr/SkyClaw-Team1/ros2_ws/install/px4_msgs/include/px4_msgs/px4_msgs/msg/detail/rover_steering_setpoint__rosidl_typesupport_introspection_c.h\n'}
[2.139758] (px4_msgs) StdoutLine: {'line': b'-- Up-to-date: /home/rschnurr/SkyClaw-Team1/ros2_ws/install/px4_msgs/include/px4_msgs/px4_msgs/msg/detail/can_interface_status__rosidl_typesupport_introspection_c.h\n'}
[2.139793] (px4_msgs) StdoutLine: {'line': b'-- Up-to-date: /home/rschnurr/SkyClaw-Team1/ros2_ws/install/px4_msgs/include/px4_msgs/px4_msgs/msg/detail/config_overrides__type_support.c\n'}
[2.139824] (px4_msgs) StdoutLine: {'line': b'-- Up-to-date: /home/rschnurr/SkyClaw-Team1/ros2_ws/install/px4_msgs/include/px4_msgs/px4_msgs/msg/detail/magnetometer_bias_estimate__type_support.c\n'}
[2.139854] (px4_msgs) StdoutLine: {'line': b'-- Up-to-date: /home/rschnurr/SkyClaw-Team1/ros2_ws/install/px4_msgs/include/px4_msgs/px4_msgs/msg/detail/gimbal_manager_status__type_support.c\n'}
[2.139897] (px4_msgs) StdoutLine: {'line': b'-- Up-to-date: /home/rschnurr/SkyClaw-Team1/ros2_ws/install/px4_msgs/include/px4_msgs/px4_msgs/msg/detail/trajectory_setpoint6dof__rosidl_typesupport_introspection_c.h\n'}
[2.139925] (px4_msgs) StdoutLine: {'line': b'-- Up-to-date: /home/rschnurr/SkyClaw-Team1/ros2_ws/install/px4_msgs/include/px4_msgs/px4_msgs/msg/detail/estimator_status_flags__rosidl_typesupport_introspection_c.h\n'}
[2.139954] (px4_msgs) StdoutLine: {'line': b'-- Up-to-date: /home/rschnurr/SkyClaw-Team1/ros2_ws/install/px4_msgs/include/px4_msgs/px4_msgs/msg/detail/vehicle_command_ack__type_support.c\n'}
[2.139982] (px4_msgs) StdoutLine: {'line': b'-- Up-to-date: /home/rschnurr/SkyClaw-Team1/ros2_ws/install/px4_msgs/include/px4_msgs/px4_msgs/msg/detail/camera_status__type_support.c\n'}
[2.140009] (px4_msgs) StdoutLine: {'line': b'-- Up-to-date: /home/rschnurr/SkyClaw-Team1/ros2_ws/install/px4_msgs/include/px4_msgs/px4_msgs/msg/detail/uavcan_parameter_request__rosidl_typesupport_introspection_c.h\n'}
[2.140119] (px4_msgs) StdoutLine: {'line': b'-- Up-to-date: /home/rschnurr/SkyClaw-Team1/ros2_ws/install/px4_msgs/include/px4_msgs/px4_msgs/msg/detail/open_drone_id_arm_status__type_support.c\n'}
[2.140554] (px4_msgs) StdoutLine: {'line': b'-- Up-to-date: /home/rschnurr/SkyClaw-Team1/ros2_ws/install/px4_msgs/include/px4_msgs/px4_msgs/msg/detail/sensor_gnss_relative__rosidl_typesupport_introspection_c.h\n'}
[2.140891] (px4_msgs) StdoutLine: {'line': b'-- Up-to-date: /home/rschnurr/SkyClaw-Team1/ros2_ws/install/px4_msgs/include/px4_msgs/px4_msgs/msg/detail/velocity_limits__type_support.c\n'}
[2.141596] (px4_msgs) StdoutLine: {'line': b'-- Up-to-date: /home/rschnurr/SkyClaw-Team1/ros2_ws/install/px4_msgs/include/px4_msgs/px4_msgs/msg/detail/geofence_status__rosidl_typesupport_introspection_c.h\n'}
[2.141974] (px4_msgs) StdoutLine: {'line': b'-- Up-to-date: /home/rschnurr/SkyClaw-Team1/ros2_ws/install/px4_msgs/include/px4_msgs/px4_msgs/msg/detail/register_ext_component_reply__type_support.c\n'}
[2.142171] (px4_msgs) StdoutLine: {'line': b'-- Up-to-date: /home/rschnurr/SkyClaw-Team1/ros2_ws/install/px4_msgs/include/px4_msgs/px4_msgs/msg/detail/mavlink_tunnel__type_support.c\n'}
[2.142352] (px4_msgs) StdoutLine: {'line': b'-- Up-to-date: /home/rschnurr/SkyClaw-Team1/ros2_ws/install/px4_msgs/include/px4_msgs/px4_msgs/msg/detail/rtl_status__rosidl_typesupport_introspection_c.h\n'}
[2.142702] (px4_msgs) StdoutLine: {'line': b'-- Up-to-date: /home/rschnurr/SkyClaw-Team1/ros2_ws/install/px4_msgs/include/px4_msgs/px4_msgs/msg/detail/rc_channels__rosidl_typesupport_introspection_c.h\n'}
[2.143058] (px4_msgs) StdoutLine: {'line': b'-- Up-to-date: /home/rschnurr/SkyClaw-Team1/ros2_ws/install/px4_msgs/include/px4_msgs/px4_msgs/msg/detail/offboard_control_mode__rosidl_typesupport_introspection_c.h\n'}
[2.143182] (px4_msgs) StdoutLine: {'line': b'-- Up-to-date: /home/rschnurr/SkyClaw-Team1/ros2_ws/install/px4_msgs/include/px4_msgs/px4_msgs/msg/detail/vehicle_angular_velocity__rosidl_typesupport_introspection_c.h\n'}
[2.143237] (px4_msgs) StdoutLine: {'line': b'-- Up-to-date: /home/rschnurr/SkyClaw-Team1/ros2_ws/install/px4_msgs/include/px4_msgs/px4_msgs/msg/detail/actuator_armed__rosidl_typesupport_introspection_c.h\n'}
[2.143282] (px4_msgs) StdoutLine: {'line': b'-- Up-to-date: /home/rschnurr/SkyClaw-Team1/ros2_ws/install/px4_msgs/include/px4_msgs/px4_msgs/msg/detail/orbit_status__rosidl_typesupport_introspection_c.h\n'}
[2.143324] (px4_msgs) StdoutLine: {'line': b'-- Up-to-date: /home/rschnurr/SkyClaw-Team1/ros2_ws/install/px4_msgs/include/px4_msgs/px4_msgs/msg/detail/sensor_correction__type_support.c\n'}
[2.143504] (px4_msgs) StdoutLine: {'line': b'-- Up-to-date: /home/rschnurr/SkyClaw-Team1/ros2_ws/install/px4_msgs/include/px4_msgs/px4_msgs/msg/detail/px4io_status__rosidl_typesupport_introspection_c.h\n'}
[2.143577] (px4_msgs) StdoutLine: {'line': b'-- Up-to-date: /home/rschnurr/SkyClaw-Team1/ros2_ws/install/px4_msgs/include/px4_msgs/px4_msgs/msg/detail/open_drone_id_system__type_support.c\n'}
[2.143628] (px4_msgs) StdoutLine: {'line': b'-- Up-to-date: /home/rschnurr/SkyClaw-Team1/ros2_ws/install/px4_msgs/include/px4_msgs/px4_msgs/msg/detail/radio_status__rosidl_typesupport_introspection_c.h\n'}
[2.143669] (px4_msgs) StdoutLine: {'line': b'-- Up-to-date: /home/rschnurr/SkyClaw-Team1/ros2_ws/install/px4_msgs/include/px4_msgs/px4_msgs/msg/detail/mission__type_support.c\n'}
[2.143711] (px4_msgs) StdoutLine: {'line': b'-- Up-to-date: /home/rschnurr/SkyClaw-Team1/ros2_ws/install/px4_msgs/include/px4_msgs/px4_msgs/msg/detail/cellular_status__type_support.c\n'}
[2.143751] (px4_msgs) StdoutLine: {'line': b'-- Up-to-date: /home/rschnurr/SkyClaw-Team1/ros2_ws/install/px4_msgs/include/px4_msgs/px4_msgs/msg/detail/navigator_mission_item__rosidl_typesupport_introspection_c.h\n'}
[2.143790] (px4_msgs) StdoutLine: {'line': b'-- Up-to-date: /home/rschnurr/SkyClaw-Team1/ros2_ws/install/px4_msgs/include/px4_msgs/px4_msgs/msg/detail/tune_control__rosidl_typesupport_introspection_c.h\n'}
[2.143841] (px4_msgs) StdoutLine: {'line': b'-- Up-to-date: /home/rschnurr/SkyClaw-Team1/ros2_ws/install/px4_msgs/include/px4_msgs/px4_msgs/msg/detail/landing_target_pose__rosidl_typesupport_introspection_c.h\n'}
[2.143904] (px4_msgs) StdoutLine: {'line': b'-- Up-to-date: /home/rschnurr/SkyClaw-Team1/ros2_ws/install/px4_msgs/include/px4_msgs/px4_msgs/msg/detail/dronecan_node_status__rosidl_typesupport_introspection_c.h\n'}
[2.143944] (px4_msgs) StdoutLine: {'line': b'-- Up-to-date: /home/rschnurr/SkyClaw-Team1/ros2_ws/install/px4_msgs/include/px4_msgs/px4_msgs/msg/detail/landing_gear__type_support.c\n'}
[2.144039] (px4_msgs) StdoutLine: {'line': b'-- Up-to-date: /home/rschnurr/SkyClaw-Team1/ros2_ws/install/px4_msgs/include/px4_msgs/px4_msgs/msg/detail/px4io_status__type_support.c\n'}
[2.144134] (px4_msgs) StdoutLine: {'line': b'-- Up-to-date: /home/rschnurr/SkyClaw-Team1/ros2_ws/install/px4_msgs/include/px4_msgs/px4_msgs/msg/detail/longitudinal_control_configuration__type_support.c\n'}
[2.144265] (px4_msgs) StdoutLine: {'line': b'-- Up-to-date: /home/rschnurr/SkyClaw-Team1/ros2_ws/install/px4_msgs/include/px4_msgs/px4_msgs/msg/detail/esc_report__type_support.c\n'}
[2.144553] (px4_msgs) StdoutLine: {'line': b'-- Up-to-date: /home/rschnurr/SkyClaw-Team1/ros2_ws/install/px4_msgs/include/px4_msgs/px4_msgs/msg/detail/fixed_wing_longitudinal_setpoint__type_support.c\n'}
[2.144618] (px4_msgs) StdoutLine: {'line': b'-- Up-to-date: /home/rschnurr/SkyClaw-Team1/ros2_ws/install/px4_msgs/include/px4_msgs/px4_msgs/msg/detail/airspeed_validated__type_support.c\n'}
[2.144671] (px4_msgs) StdoutLine: {'line': b'-- Up-to-date: /home/rschnurr/SkyClaw-Team1/ros2_ws/install/px4_msgs/include/px4_msgs/px4_msgs/msg/detail/failsafe_flags__type_support.c\n'}
[2.144715] (px4_msgs) StdoutLine: {'line': b'-- Up-to-date: /home/rschnurr/SkyClaw-Team1/ros2_ws/install/px4_msgs/include/px4_msgs/px4_msgs/msg/detail/actuator_motors__rosidl_typesupport_introspection_c.h\n'}
[2.144759] (px4_msgs) StdoutLine: {'line': b'-- Up-to-date: /home/rschnurr/SkyClaw-Team1/ros2_ws/install/px4_msgs/include/px4_msgs/px4_msgs/msg/detail/log_message__rosidl_typesupport_introspection_c.h\n'}
[2.144803] (px4_msgs) StdoutLine: {'line': b'-- Up-to-date: /home/rschnurr/SkyClaw-Team1/ros2_ws/install/px4_msgs/include/px4_msgs/px4_msgs/msg/detail/sensor_uwb__rosidl_typesupport_introspection_c.h\n'}
[2.144847] (px4_msgs) StdoutLine: {'line': b'-- Up-to-date: /home/rschnurr/SkyClaw-Team1/ros2_ws/install/px4_msgs/include/px4_msgs/px4_msgs/msg/detail/config_overrides__rosidl_typesupport_introspection_c.h\n'}
[2.144922] (px4_msgs) StdoutLine: {'line': b'-- Up-to-date: /home/rschnurr/SkyClaw-Team1/ros2_ws/install/px4_msgs/include/px4_msgs/px4_msgs/msg/detail/fixed_wing_lateral_setpoint__rosidl_typesupport_introspection_c.h\n'}
[2.144994] (px4_msgs) StdoutLine: {'line': b'-- Up-to-date: /home/rschnurr/SkyClaw-Team1/ros2_ws/install/px4_msgs/include/px4_msgs/px4_msgs/msg/detail/estimator_event_flags__rosidl_typesupport_introspection_c.h\n'}
[2.145126] (px4_msgs) StdoutLine: {'line': b'-- Up-to-date: /home/rschnurr/SkyClaw-Team1/ros2_ws/install/px4_msgs/include/px4_msgs/px4_msgs/msg/detail/ulog_stream__type_support.c\n'}
[2.145244] (px4_msgs) StdoutLine: {'line': b'-- Up-to-date: /home/rschnurr/SkyClaw-Team1/ros2_ws/install/px4_msgs/include/px4_msgs/px4_msgs/msg/detail/airspeed__type_support.c\n'}
[2.145303] (px4_msgs) StdoutLine: {'line': b'-- Up-to-date: /home/rschnurr/SkyClaw-Team1/ros2_ws/install/px4_msgs/include/px4_msgs/px4_msgs/msg/detail/vehicle_global_position__type_support.c\n'}
[2.145508] (px4_msgs) StdoutLine: {'line': b'-- Up-to-date: /home/rschnurr/SkyClaw-Team1/ros2_ws/install/px4_msgs/include/px4_msgs/px4_msgs/msg/detail/rover_rate_setpoint__rosidl_typesupport_introspection_c.h\n'}
[2.145686] (px4_msgs) StdoutLine: {'line': b'-- Up-to-date: /home/rschnurr/SkyClaw-Team1/ros2_ws/install/px4_msgs/include/px4_msgs/px4_msgs/msg/detail/vehicle_optical_flow_vel__type_support.c\n'}
[2.145779] (px4_msgs) StdoutLine: {'line': b'-- Up-to-date: /home/rschnurr/SkyClaw-Team1/ros2_ws/install/px4_msgs/include/px4_msgs/px4_msgs/msg/detail/hover_thrust_estimate__rosidl_typesupport_introspection_c.h\n'}
[2.145845] (px4_msgs) StdoutLine: {'line': b'-- Up-to-date: /home/rschnurr/SkyClaw-Team1/ros2_ws/install/px4_msgs/include/px4_msgs/px4_msgs/msg/detail/esc_status__type_support.c\n'}
[2.145917] (px4_msgs) StdoutLine: {'line': b'-- Up-to-date: /home/rschnurr/SkyClaw-Team1/ros2_ws/install/px4_msgs/include/px4_msgs/px4_msgs/msg/detail/figure_eight_status__type_support.c\n'}
[2.146266] (px4_msgs) StdoutLine: {'line': b'-- Up-to-date: /home/rschnurr/SkyClaw-Team1/ros2_ws/install/px4_msgs/include/px4_msgs/px4_msgs/msg/detail/internal_combustion_engine_control__rosidl_typesupport_introspection_c.h\n'}
[2.146375] (px4_msgs) StdoutLine: {'line': b'-- Up-to-date: /home/rschnurr/SkyClaw-Team1/ros2_ws/install/px4_msgs/include/px4_msgs/px4_msgs/msg/detail/debug_array__rosidl_typesupport_introspection_c.h\n'}
[2.146457] (px4_msgs) StdoutLine: {'line': b'-- Up-to-date: /home/rschnurr/SkyClaw-Team1/ros2_ws/install/px4_msgs/lib/libpx4_msgs__rosidl_typesupport_introspection_c.so\n'}
[2.146526] (px4_msgs) StdoutLine: {'line': b'-- Up-to-date: /home/rschnurr/SkyClaw-Team1/ros2_ws/install/px4_msgs/lib/libpx4_msgs__rosidl_typesupport_c.so\n'}
[2.146576] (px4_msgs) StdoutLine: {'line': b'-- Up-to-date: /home/rschnurr/SkyClaw-Team1/ros2_ws/install/px4_msgs/include/px4_msgs/px4_msgs\n'}
[2.146625] (px4_msgs) StdoutLine: {'line': b'-- Up-to-date: /home/rschnurr/SkyClaw-Team1/ros2_ws/install/px4_msgs/include/px4_msgs/px4_msgs/srv\n'}
[2.146669] (px4_msgs) StdoutLine: {'line': b'-- Up-to-date: /home/rschnurr/SkyClaw-Team1/ros2_ws/install/px4_msgs/include/px4_msgs/px4_msgs/srv/detail\n'}
[2.146729] (px4_msgs) StdoutLine: {'line': b'-- Up-to-date: /home/rschnurr/SkyClaw-Team1/ros2_ws/install/px4_msgs/include/px4_msgs/px4_msgs/srv/detail/vehicle_command__rosidl_typesupport_introspection_cpp.hpp\n'}
[2.146772] (px4_msgs) StdoutLine: {'line': b'-- Up-to-date: /home/rschnurr/SkyClaw-Team1/ros2_ws/install/px4_msgs/include/px4_msgs/px4_msgs/srv/detail/vehicle_command__type_support.cpp\n'}
[2.146816] (px4_msgs) StdoutLine: {'line': b'-- Up-to-date: /home/rschnurr/SkyClaw-Team1/ros2_ws/install/px4_msgs/include/px4_msgs/px4_msgs/msg\n'}
[2.146856] (px4_msgs) StdoutLine: {'line': b'-- Up-to-date: /home/rschnurr/SkyClaw-Team1/ros2_ws/install/px4_msgs/include/px4_msgs/px4_msgs/msg/detail\n'}
[2.146896] (px4_msgs) StdoutLine: {'line': b'-- Up-to-date: /home/rschnurr/SkyClaw-Team1/ros2_ws/install/px4_msgs/include/px4_msgs/px4_msgs/msg/detail/longitudinal_control_configuration__rosidl_typesupport_introspection_cpp.hpp\n'}
[2.146939] (px4_msgs) StdoutLine: {'line': b'-- Up-to-date: /home/rschnurr/SkyClaw-Team1/ros2_ws/install/px4_msgs/include/px4_msgs/px4_msgs/msg/detail/geofence_status__type_support.cpp\n'}
[2.146980] (px4_msgs) StdoutLine: {'line': b'-- Up-to-date: /home/rschnurr/SkyClaw-Team1/ros2_ws/install/px4_msgs/include/px4_msgs/px4_msgs/msg/detail/estimator_status_flags__rosidl_typesupport_introspection_cpp.hpp\n'}
[2.147022] (px4_msgs) StdoutLine: {'line': b'-- Up-to-date: /home/rschnurr/SkyClaw-Team1/ros2_ws/install/px4_msgs/include/px4_msgs/px4_msgs/msg/detail/magnetometer_bias_estimate__type_support.cpp\n'}
[2.147062] (px4_msgs) StdoutLine: {'line': b'-- Up-to-date: /home/rschnurr/SkyClaw-Team1/ros2_ws/install/px4_msgs/include/px4_msgs/px4_msgs/msg/detail/hover_thrust_estimate__rosidl_typesupport_introspection_cpp.hpp\n'}
[2.147102] (px4_msgs) StdoutLine: {'line': b'-- Up-to-date: /home/rschnurr/SkyClaw-Team1/ros2_ws/install/px4_msgs/include/px4_msgs/px4_msgs/msg/detail/rover_rate_status__type_support.cpp\n'}
[2.147146] (px4_msgs) StdoutLine: {'line': b'-- Up-to-date: /home/rschnurr/SkyClaw-Team1/ros2_ws/install/px4_msgs/include/px4_msgs/px4_msgs/msg/detail/esc_status__type_support.cpp\n'}
[2.147185] (px4_msgs) StdoutLine: {'line': b'-- Up-to-date: /home/rschnurr/SkyClaw-Team1/ros2_ws/install/px4_msgs/include/px4_msgs/px4_msgs/msg/detail/estimator_event_flags__type_support.cpp\n'}
[2.147224] (px4_msgs) StdoutLine: {'line': b'-- Up-to-date: /home/rschnurr/SkyClaw-Team1/ros2_ws/install/px4_msgs/include/px4_msgs/px4_msgs/msg/detail/vehicle_constraints__rosidl_typesupport_introspection_cpp.hpp\n'}
[2.147264] (px4_msgs) StdoutLine: {'line': b'-- Up-to-date: /home/rschnurr/SkyClaw-Team1/ros2_ws/install/px4_msgs/include/px4_msgs/px4_msgs/msg/detail/airspeed_validated__rosidl_typesupport_introspection_cpp.hpp\n'}
[2.147303] (px4_msgs) StdoutLine: {'line': b'-- Up-to-date: /home/rschnurr/SkyClaw-Team1/ros2_ws/install/px4_msgs/include/px4_msgs/px4_msgs/msg/detail/actuator_armed__rosidl_typesupport_introspection_cpp.hpp\n'}
[2.147343] (px4_msgs) StdoutLine: {'line': b'-- Up-to-date: /home/rschnurr/SkyClaw-Team1/ros2_ws/install/px4_msgs/include/px4_msgs/px4_msgs/msg/detail/dronecan_node_status__type_support.cpp\n'}
[2.147389] (px4_msgs) StdoutLine: {'line': b'-- Up-to-date: /home/rschnurr/SkyClaw-Team1/ros2_ws/install/px4_msgs/include/px4_msgs/px4_msgs/msg/detail/sensor_combined__type_support.cpp\n'}
[2.147431] (px4_msgs) StdoutLine: {'line': b'-- Up-to-date: /home/rschnurr/SkyClaw-Team1/ros2_ws/install/px4_msgs/include/px4_msgs/px4_msgs/msg/detail/sensor_accel__type_support.cpp\n'}
[2.147478] (px4_msgs) StdoutLine: {'line': b'-- Up-to-date: /home/rschnurr/SkyClaw-Team1/ros2_ws/install/px4_msgs/include/px4_msgs/px4_msgs/msg/detail/action_request__type_support.cpp\n'}
[2.147517] (px4_msgs) StdoutLine: {'line': b'-- Up-to-date: /home/rschnurr/SkyClaw-Team1/ros2_ws/install/px4_msgs/include/px4_msgs/px4_msgs/msg/detail/navigator_status__type_support.cpp\n'}
[2.147556] (px4_msgs) StdoutLine: {'line': b'-- Up-to-date: /home/rschnurr/SkyClaw-Team1/ros2_ws/install/px4_msgs/include/px4_msgs/px4_msgs/msg/detail/offboard_control_mode__rosidl_typesupport_introspection_cpp.hpp\n'}
[2.147596] (px4_msgs) StdoutLine: {'line': b'-- Up-to-date: /home/rschnurr/SkyClaw-Team1/ros2_ws/install/px4_msgs/include/px4_msgs/px4_msgs/msg/detail/estimator_aid_source3d__type_support.cpp\n'}
[2.147638] (px4_msgs) StdoutLine: {'line': b'-- Up-to-date: /home/rschnurr/SkyClaw-Team1/ros2_ws/install/px4_msgs/include/px4_msgs/px4_msgs/msg/detail/mavlink_tunnel__type_support.cpp\n'}
[2.147677] (px4_msgs) StdoutLine: {'line': b'-- Up-to-date: /home/rschnurr/SkyClaw-Team1/ros2_ws/install/px4_msgs/include/px4_msgs/px4_msgs/msg/detail/collision_constraints__type_support.cpp\n'}
[2.147788] (px4_msgs) StdoutLine: {'line': b'-- Up-to-date: /home/rschnurr/SkyClaw-Team1/ros2_ws/install/px4_msgs/include/px4_msgs/px4_msgs/msg/detail/gripper__rosidl_typesupport_introspection_cpp.hpp\n'}
[2.147855] (px4_msgs) StdoutLine: {'line': b'-- Up-to-date: /home/rschnurr/SkyClaw-Team1/ros2_ws/install/px4_msgs/include/px4_msgs/px4_msgs/msg/detail/internal_combustion_engine_status__rosidl_typesupport_introspection_cpp.hpp\n'}
[2.147987] (px4_msgs) StdoutLine: {'line': b'-- Up-to-date: /home/rschnurr/SkyClaw-Team1/ros2_ws/install/px4_msgs/include/px4_msgs/px4_msgs/msg/detail/actuator_servos__rosidl_typesupport_introspection_cpp.hpp\n'}
[2.148293] (px4_msgs) StdoutLine: {'line': b'-- Up-to-date: /home/rschnurr/SkyClaw-Team1/ros2_ws/install/px4_msgs/include/px4_msgs/px4_msgs/msg/detail/magnetometer_bias_estimate__rosidl_typesupport_introspection_cpp.hpp\n'}
[2.148376] (px4_msgs) StdoutLine: {'line': b'-- Up-to-date: /home/rschnurr/SkyClaw-Team1/ros2_ws/install/px4_msgs/include/px4_msgs/px4_msgs/msg/detail/sensor_gnss_status__rosidl_typesupport_introspection_cpp.hpp\n'}
[2.148430] (px4_msgs) StdoutLine: {'line': b'-- Up-to-date: /home/rschnurr/SkyClaw-Team1/ros2_ws/install/px4_msgs/include/px4_msgs/px4_msgs/msg/detail/tune_control__rosidl_typesupport_introspection_cpp.hpp\n'}
[2.148474] (px4_msgs) StdoutLine: {'line': b'-- Up-to-date: /home/rschnurr/SkyClaw-Team1/ros2_ws/install/px4_msgs/include/px4_msgs/px4_msgs/msg/detail/vehicle_magnetometer__rosidl_typesupport_introspection_cpp.hpp\n'}
[2.148608] (px4_msgs) StdoutLine: {'line': b'-- Up-to-date: /home/rschnurr/SkyClaw-Team1/ros2_ws/install/px4_msgs/include/px4_msgs/px4_msgs/msg/detail/gpio_request__rosidl_typesupport_introspection_cpp.hpp\n'}
[2.148666] (px4_msgs) StdoutLine: {'line': b'-- Up-to-date: /home/rschnurr/SkyClaw-Team1/ros2_ws/install/px4_msgs/include/px4_msgs/px4_msgs/msg/detail/parameter_set_used_request__rosidl_typesupport_introspection_cpp.hpp\n'}
[2.148714] (px4_msgs) StdoutLine: {'line': b'-- Up-to-date: /home/rschnurr/SkyClaw-Team1/ros2_ws/install/px4_msgs/include/px4_msgs/px4_msgs/msg/detail/px4io_status__rosidl_typesupport_introspection_cpp.hpp\n'}
[2.148762] (px4_msgs) StdoutLine: {'line': b'-- Up-to-date: /home/rschnurr/SkyClaw-Team1/ros2_ws/install/px4_msgs/include/px4_msgs/px4_msgs/msg/detail/vehicle_status__rosidl_typesupport_introspection_cpp.hpp\n'}
[2.148832] (px4_msgs) StdoutLine: {'line': b'-- Up-to-date: /home/rschnurr/SkyClaw-Team1/ros2_ws/install/px4_msgs/include/px4_msgs/px4_msgs/msg/detail/esc_status__rosidl_typesupport_introspection_cpp.hpp\n'}
[2.148882] (px4_msgs) StdoutLine: {'line': b'-- Up-to-date: /home/rschnurr/SkyClaw-Team1/ros2_ws/install/px4_msgs/include/px4_msgs/px4_msgs/msg/detail/satellite_info__type_support.cpp\n'}
[2.148926] (px4_msgs) StdoutLine: {'line': b'-- Up-to-date: /home/rschnurr/SkyClaw-Team1/ros2_ws/install/px4_msgs/include/px4_msgs/px4_msgs/msg/detail/parameter_update__type_support.cpp\n'}
[2.148976] (px4_msgs) StdoutLine: {'line': b'-- Up-to-date: /home/rschnurr/SkyClaw-Team1/ros2_ws/install/px4_msgs/include/px4_msgs/px4_msgs/msg/detail/system_power__type_support.cpp\n'}
[2.149252] (px4_msgs) StdoutLine: {'line': b'-- Up-to-date: /home/rschnurr/SkyClaw-Team1/ros2_ws/install/px4_msgs/include/px4_msgs/px4_msgs/msg/detail/vehicle_imu_status__type_support.cpp\n'}
[2.149345] (px4_msgs) StdoutLine: {'line': b'-- Up-to-date: /home/rschnurr/SkyClaw-Team1/ros2_ws/install/px4_msgs/include/px4_msgs/px4_msgs/msg/detail/open_drone_id_arm_status__type_support.cpp\n'}
[2.149436] (px4_msgs) StdoutLine: {'line': b'-- Up-to-date: /home/rschnurr/SkyClaw-Team1/ros2_ws/install/px4_msgs/include/px4_msgs/px4_msgs/msg/detail/mission_result__rosidl_typesupport_introspection_cpp.hpp\n'}
[2.149695] (px4_msgs) StdoutLine: {'line': b'-- Up-to-date: /home/rschnurr/SkyClaw-Team1/ros2_ws/install/px4_msgs/include/px4_msgs/px4_msgs/msg/detail/mag_worker_data__rosidl_typesupport_introspection_cpp.hpp\n'}
[2.149809] (px4_msgs) StdoutLine: {'line': b'-- Up-to-date: /home/rschnurr/SkyClaw-Team1/ros2_ws/install/px4_msgs/include/px4_msgs/px4_msgs/msg/detail/transponder_report__type_support.cpp\n'}
[2.149871] (px4_msgs) StdoutLine: {'line': b'-- Up-to-date: /home/rschnurr/SkyClaw-Team1/ros2_ws/install/px4_msgs/include/px4_msgs/px4_msgs/msg/detail/button_event__rosidl_typesupport_introspection_cpp.hpp\n'}
[2.149960] (px4_msgs) StdoutLine: {'line': b'-- Up-to-date: /home/rschnurr/SkyClaw-Team1/ros2_ws/install/px4_msgs/include/px4_msgs/px4_msgs/msg/detail/parameter_set_value_response__rosidl_typesupport_introspection_cpp.hpp\n'}
[2.150006] (px4_msgs) StdoutLine: {'line': b'-- Up-to-date: /home/rschnurr/SkyClaw-Team1/ros2_ws/install/px4_msgs/include/px4_msgs/px4_msgs/msg/detail/vehicle_air_data__type_support.cpp\n'}
[2.150047] (px4_msgs) StdoutLine: {'line': b'-- Up-to-date: /home/rschnurr/SkyClaw-Team1/ros2_ws/install/px4_msgs/include/px4_msgs/px4_msgs/msg/detail/action_request__rosidl_typesupport_introspection_cpp.hpp\n'}
[2.150088] (px4_msgs) StdoutLine: {'line': b'-- Up-to-date: /home/rschnurr/SkyClaw-Team1/ros2_ws/install/px4_msgs/include/px4_msgs/px4_msgs/msg/detail/sensors_status__type_support.cpp\n'}
[2.150127] (px4_msgs) StdoutLine: {'line': b'-- Up-to-date: /home/rschnurr/SkyClaw-Team1/ros2_ws/install/px4_msgs/include/px4_msgs/px4_msgs/msg/detail/vehicle_angular_acceleration_setpoint__type_support.cpp\n'}
[2.150166] (px4_msgs) StdoutLine: {'line': b'-- Up-to-date: /home/rschnurr/SkyClaw-Team1/ros2_ws/install/px4_msgs/include/px4_msgs/px4_msgs/msg/detail/fixed_wing_lateral_guidance_status__rosidl_typesupport_introspection_cpp.hpp\n'}
[2.150207] (px4_msgs) StdoutLine: {'line': b'-- Up-to-date: /home/rschnurr/SkyClaw-Team1/ros2_ws/install/px4_msgs/include/px4_msgs/px4_msgs/msg/detail/estimator_states__rosidl_typesupport_introspection_cpp.hpp\n'}
[2.150247] (px4_msgs) StdoutLine: {'line': b'-- Up-to-date: /home/rschnurr/SkyClaw-Team1/ros2_ws/install/px4_msgs/include/px4_msgs/px4_msgs/msg/detail/gimbal_device_information__rosidl_typesupport_introspection_cpp.hpp\n'}
[2.150302] (px4_msgs) StdoutLine: {'line': b'-- Up-to-date: /home/rschnurr/SkyClaw-Team1/ros2_ws/install/px4_msgs/include/px4_msgs/px4_msgs/msg/detail/vehicle_optical_flow__type_support.cpp\n'}
[2.150340] (px4_msgs) StdoutLine: {'line': b'-- Up-to-date: /home/rschnurr/SkyClaw-Team1/ros2_ws/install/px4_msgs/include/px4_msgs/px4_msgs/msg/detail/estimator_aid_source3d__rosidl_typesupport_introspection_cpp.hpp\n'}
[2.150380] (px4_msgs) StdoutLine: {'line': b'-- Up-to-date: /home/rschnurr/SkyClaw-Team1/ros2_ws/install/px4_msgs/include/px4_msgs/px4_msgs/msg/detail/input_rc__rosidl_typesupport_introspection_cpp.hpp\n'}
[2.150422] (px4_msgs) StdoutLine: {'line': b'-- Up-to-date: /home/rschnurr/SkyClaw-Team1/ros2_ws/install/px4_msgs/include/px4_msgs/px4_msgs/msg/detail/message_format_response__type_support.cpp\n'}
[2.150460] (px4_msgs) StdoutLine: {'line': b'-- Up-to-date: /home/rschnurr/SkyClaw-Team1/ros2_ws/install/px4_msgs/include/px4_msgs/px4_msgs/msg/detail/estimator_bias__type_support.cpp\n'}
[2.150505] (px4_msgs) StdoutLine: {'line': b'-- Up-to-date: /home/rschnurr/SkyClaw-Team1/ros2_ws/install/px4_msgs/include/px4_msgs/px4_msgs/msg/detail/vehicle_optical_flow_vel__rosidl_typesupport_introspection_cpp.hpp\n'}
[2.150646] (px4_msgs) StdoutLine: {'line': b'-- Up-to-date: /home/rschnurr/SkyClaw-Team1/ros2_ws/install/px4_msgs/include/px4_msgs/px4_msgs/msg/detail/orbit_status__type_support.cpp\n'}
[2.150963] (px4_msgs) StdoutLine: {'line': b'-- Up-to-date: /home/rschnurr/SkyClaw-Team1/ros2_ws/install/px4_msgs/include/px4_msgs/px4_msgs/msg/detail/distance_sensor_mode_change_request__type_support.cpp\n'}
[2.151022] (px4_msgs) StdoutLine: {'line': b'-- Up-to-date: /home/rschnurr/SkyClaw-Team1/ros2_ws/install/px4_msgs/include/px4_msgs/px4_msgs/msg/detail/vehicle_control_mode__type_support.cpp\n'}
[2.151062] (px4_msgs) StdoutLine: {'line': b'-- Up-to-date: /home/rschnurr/SkyClaw-Team1/ros2_ws/install/px4_msgs/include/px4_msgs/px4_msgs/msg/detail/timesync_status__type_support.cpp\n'}
[2.151093] (px4_msgs) StdoutLine: {'line': b'-- Up-to-date: /home/rschnurr/SkyClaw-Team1/ros2_ws/install/px4_msgs/include/px4_msgs/px4_msgs/msg/detail/gpio_request__type_support.cpp\n'}
[2.151124] (px4_msgs) StdoutLine: {'line': b'-- Up-to-date: /home/rschnurr/SkyClaw-Team1/ros2_ws/install/px4_msgs/include/px4_msgs/px4_msgs/msg/detail/iridiumsbd_status__type_support.cpp\n'}
[2.151152] (px4_msgs) StdoutLine: {'line': b'-- Up-to-date: /home/rschnurr/SkyClaw-Team1/ros2_ws/install/px4_msgs/include/px4_msgs/px4_msgs/msg/detail/open_drone_id_self_id__rosidl_typesupport_introspection_cpp.hpp\n'}
[2.151181] (px4_msgs) StdoutLine: {'line': b'-- Up-to-date: /home/rschnurr/SkyClaw-Team1/ros2_ws/install/px4_msgs/include/px4_msgs/px4_msgs/msg/detail/vehicle_optical_flow_vel__type_support.cpp\n'}
[2.151212] (px4_msgs) StdoutLine: {'line': b'-- Up-to-date: /home/rschnurr/SkyClaw-Team1/ros2_ws/install/px4_msgs/include/px4_msgs/px4_msgs/msg/detail/vehicle_odometry__type_support.cpp\n'}
[2.151239] (px4_msgs) StdoutLine: {'line': b'-- Up-to-date: /home/rschnurr/SkyClaw-Team1/ros2_ws/install/px4_msgs/include/px4_msgs/px4_msgs/msg/detail/sensor_preflight_mag__rosidl_typesupport_introspection_cpp.hpp\n'}
[2.151270] (px4_msgs) StdoutLine: {'line': b'-- Up-to-date: /home/rschnurr/SkyClaw-Team1/ros2_ws/install/px4_msgs/include/px4_msgs/px4_msgs/msg/detail/rover_rate_setpoint__type_support.cpp\n'}
[2.151301] (px4_msgs) StdoutLine: {'line': b'-- Up-to-date: /home/rschnurr/SkyClaw-Team1/ros2_ws/install/px4_msgs/include/px4_msgs/px4_msgs/msg/detail/vehicle_attitude_setpoint__type_support.cpp\n'}
[2.151382] (px4_msgs) StdoutLine: {'line': b'-- Up-to-date: /home/rschnurr/SkyClaw-Team1/ros2_ws/install/px4_msgs/include/px4_msgs/px4_msgs/msg/detail/sensor_accel_fifo__rosidl_typesupport_introspection_cpp.hpp\n'}
[2.151443] (px4_msgs) StdoutLine: {'line': b'-- Up-to-date: /home/rschnurr/SkyClaw-Team1/ros2_ws/install/px4_msgs/include/px4_msgs/px4_msgs/msg/detail/vehicle_roi__rosidl_typesupport_introspection_cpp.hpp\n'}
[2.151739] (px4_msgs) StdoutLine: {'line': b'-- Up-to-date: /home/rschnurr/SkyClaw-Team1/ros2_ws/install/px4_msgs/include/px4_msgs/px4_msgs/msg/detail/vehicle_thrust_setpoint__type_support.cpp\n'}
[2.152147] (px4_msgs) StdoutLine: {'line': b'-- Up-to-date: /home/rschnurr/SkyClaw-Team1/ros2_ws/install/px4_msgs/include/px4_msgs/px4_msgs/msg/detail/position_setpoint__rosidl_typesupport_introspection_cpp.hpp\n'}
[2.152243] (px4_msgs) StdoutLine: {'line': b'-- Up-to-date: /home/rschnurr/SkyClaw-Team1/ros2_ws/install/px4_msgs/include/px4_msgs/px4_msgs/msg/detail/mode_completed__type_support.cpp\n'}
[2.152285] (px4_msgs) StdoutLine: {'line': b'-- Up-to-date: /home/rschnurr/SkyClaw-Team1/ros2_ws/install/px4_msgs/include/px4_msgs/px4_msgs/msg/detail/pwm_input__rosidl_typesupport_introspection_cpp.hpp\n'}
[2.152321] (px4_msgs) StdoutLine: {'line': b'-- Up-to-date: /home/rschnurr/SkyClaw-Team1/ros2_ws/install/px4_msgs/include/px4_msgs/px4_msgs/msg/detail/cellular_status__rosidl_typesupport_introspection_cpp.hpp\n'}
[2.152362] (px4_msgs) StdoutLine: {'line': b'-- Up-to-date: /home/rschnurr/SkyClaw-Team1/ros2_ws/install/px4_msgs/include/px4_msgs/px4_msgs/msg/detail/estimator_status__type_support.cpp\n'}
[2.152397] (px4_msgs) StdoutLine: {'line': b'-- Up-to-date: /home/rschnurr/SkyClaw-Team1/ros2_ws/install/px4_msgs/include/px4_msgs/px4_msgs/msg/detail/wheel_encoders__type_support.cpp\n'}
[2.152451] (px4_msgs) StdoutLine: {'line': b'-- Up-to-date: /home/rschnurr/SkyClaw-Team1/ros2_ws/install/px4_msgs/include/px4_msgs/px4_msgs/msg/detail/pure_pursuit_status__type_support.cpp\n'}
[2.152547] (px4_msgs) StdoutLine: {'line': b'-- Up-to-date: /home/rschnurr/SkyClaw-Team1/ros2_ws/install/px4_msgs/include/px4_msgs/px4_msgs/msg/detail/mavlink_tunnel__rosidl_typesupport_introspection_cpp.hpp\n'}
[2.152618] (px4_msgs) StdoutLine: {'line': b'-- Up-to-date: /home/rschnurr/SkyClaw-Team1/ros2_ws/install/px4_msgs/include/px4_msgs/px4_msgs/msg/detail/ekf2_timestamps__rosidl_typesupport_introspection_cpp.hpp\n'}
[2.153008] (px4_msgs) StdoutLine: {'line': b'-- Up-to-date: /home/rschnurr/SkyClaw-Team1/ros2_ws/install/px4_msgs/include/px4_msgs/px4_msgs/msg/detail/arming_check_request__type_support.cpp\n'}
[2.153194] (px4_msgs) StdoutLine: {'line': b'-- Up-to-date: /home/rschnurr/SkyClaw-Team1/ros2_ws/install/px4_msgs/include/px4_msgs/px4_msgs/msg/detail/airspeed_wind__rosidl_typesupport_introspection_cpp.hpp\n'}
[2.153278] (px4_msgs) StdoutLine: {'line': b'-- Up-to-date: /home/rschnurr/SkyClaw-Team1/ros2_ws/install/px4_msgs/include/px4_msgs/px4_msgs/msg/detail/estimator_bias3d__rosidl_typesupport_introspection_cpp.hpp\n'}
[2.153335] (px4_msgs) StdoutLine: {'line': b'-- Up-to-date: /home/rschnurr/SkyClaw-Team1/ros2_ws/install/px4_msgs/include/px4_msgs/px4_msgs/msg/detail/position_setpoint_triplet__rosidl_typesupport_introspection_cpp.hpp\n'}
[2.153390] (px4_msgs) StdoutLine: {'line': b'-- Up-to-date: /home/rschnurr/SkyClaw-Team1/ros2_ws/install/px4_msgs/include/px4_msgs/px4_msgs/msg/detail/uavcan_parameter_value__type_support.cpp\n'}
[2.153444] (px4_msgs) StdoutLine: {'line': b'-- Up-to-date: /home/rschnurr/SkyClaw-Team1/ros2_ws/install/px4_msgs/include/px4_msgs/px4_msgs/msg/detail/onboard_computer_status__type_support.cpp\n'}
[2.153525] (px4_msgs) StdoutLine: {'line': b'-- Up-to-date: /home/rschnurr/SkyClaw-Team1/ros2_ws/install/px4_msgs/include/px4_msgs/px4_msgs/msg/detail/gimbal_controls__rosidl_typesupport_introspection_cpp.hpp\n'}
[2.153772] (px4_msgs) StdoutLine: {'line': b'-- Up-to-date: /home/rschnurr/SkyClaw-Team1/ros2_ws/install/px4_msgs/include/px4_msgs/px4_msgs/msg/detail/rover_rate_status__rosidl_typesupport_introspection_cpp.hpp\n'}
[2.153870] (px4_msgs) StdoutLine: {'line': b'-- Up-to-date: /home/rschnurr/SkyClaw-Team1/ros2_ws/install/px4_msgs/include/px4_msgs/px4_msgs/msg/detail/sensor_preflight_mag__type_support.cpp\n'}
[2.153917] (px4_msgs) StdoutLine: {'line': b'-- Up-to-date: /home/rschnurr/SkyClaw-Team1/ros2_ws/install/px4_msgs/include/px4_msgs/px4_msgs/msg/detail/transponder_report__rosidl_typesupport_introspection_cpp.hpp\n'}
[2.153960] (px4_msgs) StdoutLine: {'line': b'-- Up-to-date: /home/rschnurr/SkyClaw-Team1/ros2_ws/install/px4_msgs/include/px4_msgs/px4_msgs/msg/detail/vehicle_rates_setpoint__rosidl_typesupport_introspection_cpp.hpp\n'}
[2.154000] (px4_msgs) StdoutLine: {'line': b'-- Up-to-date: /home/rschnurr/SkyClaw-Team1/ros2_ws/install/px4_msgs/include/px4_msgs/px4_msgs/msg/detail/mount_orientation__type_support.cpp\n'}
[2.154055] (px4_msgs) StdoutLine: {'line': b'-- Up-to-date: /home/rschnurr/SkyClaw-Team1/ros2_ws/install/px4_msgs/include/px4_msgs/px4_msgs/msg/detail/vehicle_global_position__type_support.cpp\n'}
[2.154139] (px4_msgs) StdoutLine: {'line': b'-- Up-to-date: /home/rschnurr/SkyClaw-Team1/ros2_ws/install/px4_msgs/include/px4_msgs/px4_msgs/msg/detail/rc_parameter_map__type_support.cpp\n'}
[2.154344] (px4_msgs) StdoutLine: {'line': b'-- Up-to-date: /home/rschnurr/SkyClaw-Team1/ros2_ws/install/px4_msgs/include/px4_msgs/px4_msgs/msg/detail/pps_capture__rosidl_typesupport_introspection_cpp.hpp\n'}
[2.154607] (px4_msgs) StdoutLine: {'line': b'-- Up-to-date: /home/rschnurr/SkyClaw-Team1/ros2_ws/install/px4_msgs/include/px4_msgs/px4_msgs/msg/detail/trajectory_setpoint6dof__type_support.cpp\n'}
[2.154899] (px4_msgs) StdoutLine: {'line': b'-- Up-to-date: /home/rschnurr/SkyClaw-Team1/ros2_ws/install/px4_msgs/include/px4_msgs/px4_msgs/msg/detail/airspeed_validated__type_support.cpp\n'}
[2.155084] (px4_msgs) StdoutLine: {'line': b'-- Up-to-date: /home/rschnurr/SkyClaw-Team1/ros2_ws/install/px4_msgs/include/px4_msgs/px4_msgs/msg/detail/rover_position_setpoint__rosidl_typesupport_introspection_cpp.hpp\n'}
[2.155278] (px4_msgs) StdoutLine: {'line': b'-- Up-to-date: /home/rschnurr/SkyClaw-Team1/ros2_ws/install/px4_msgs/include/px4_msgs/px4_msgs/msg/detail/uavcan_parameter_request__rosidl_typesupport_introspection_cpp.hpp\n'}
[2.155523] (px4_msgs) StdoutLine: {'line': b'-- Up-to-date: /home/rschnurr/SkyClaw-Team1/ros2_ws/install/px4_msgs/include/px4_msgs/px4_msgs/msg/detail/uavcan_parameter_request__type_support.cpp\n'}
[2.155918] (px4_msgs) StdoutLine: {'line': b'-- Up-to-date: /home/rschnurr/SkyClaw-Team1/ros2_ws/install/px4_msgs/include/px4_msgs/px4_msgs/msg/detail/estimator_states__type_support.cpp\n'}
[2.156006] (px4_msgs) StdoutLine: {'line': b'-- Up-to-date: /home/rschnurr/SkyClaw-Team1/ros2_ws/install/px4_msgs/include/px4_msgs/px4_msgs/msg/detail/actuator_outputs__type_support.cpp\n'}
[2.156059] (px4_msgs) StdoutLine: {'line': b'-- Up-to-date: /home/rschnurr/SkyClaw-Team1/ros2_ws/install/px4_msgs/include/px4_msgs/px4_msgs/msg/detail/collision_constraints__rosidl_typesupport_introspection_cpp.hpp\n'}
[2.156132] (px4_msgs) StdoutLine: {'line': b'-- Up-to-date: /home/rschnurr/SkyClaw-Team1/ros2_ws/install/px4_msgs/include/px4_msgs/px4_msgs/msg/detail/differential_pressure__rosidl_typesupport_introspection_cpp.hpp\n'}
[2.156181] (px4_msgs) StdoutLine: {'line': b'-- Up-to-date: /home/rschnurr/SkyClaw-Team1/ros2_ws/install/px4_msgs/include/px4_msgs/px4_msgs/msg/detail/register_ext_component_reply__rosidl_typesupport_introspection_cpp.hpp\n'}
[2.156224] (px4_msgs) StdoutLine: {'line': b'-- Up-to-date: /home/rschnurr/SkyClaw-Team1/ros2_ws/install/px4_msgs/include/px4_msgs/px4_msgs/msg/detail/onboard_computer_status__rosidl_typesupport_introspection_cpp.hpp\n'}
[2.156264] (px4_msgs) StdoutLine: {'line': b'-- Up-to-date: /home/rschnurr/SkyClaw-Team1/ros2_ws/install/px4_msgs/include/px4_msgs/px4_msgs/msg/detail/telemetry_status__type_support.cpp\n'}
[2.156308] (px4_msgs) StdoutLine: {'line': b'-- Up-to-date: /home/rschnurr/SkyClaw-Team1/ros2_ws/install/px4_msgs/include/px4_msgs/px4_msgs/msg/detail/dronecan_node_status__rosidl_typesupport_introspection_cpp.hpp\n'}
[2.156372] (px4_msgs) StdoutLine: {'line': b'-- Up-to-date: /home/rschnurr/SkyClaw-Team1/ros2_ws/install/px4_msgs/include/px4_msgs/px4_msgs/msg/detail/arming_check_request__rosidl_typesupport_introspection_cpp.hpp\n'}
[2.156734] (px4_msgs) StdoutLine: {'line': b'-- Up-to-date: /home/rschnurr/SkyClaw-Team1/ros2_ws/install/px4_msgs/include/px4_msgs/px4_msgs/msg/detail/tiltrotor_extra_controls__rosidl_typesupport_introspection_cpp.hpp\n'}
[2.157150] (px4_msgs) StdoutLine: {'line': b'-- Up-to-date: /home/rschnurr/SkyClaw-Team1/ros2_ws/install/px4_msgs/include/px4_msgs/px4_msgs/msg/detail/distance_sensor__type_support.cpp\n'}
[2.157326] (px4_msgs) StdoutLine: {'line': b'-- Up-to-date: /home/rschnurr/SkyClaw-Team1/ros2_ws/install/px4_msgs/include/px4_msgs/px4_msgs/msg/detail/unregister_ext_component__type_support.cpp\n'}
[2.157410] (px4_msgs) StdoutLine: {'line': b'-- Up-to-date: /home/rschnurr/SkyClaw-Team1/ros2_ws/install/px4_msgs/include/px4_msgs/px4_msgs/msg/detail/hover_thrust_estimate__type_support.cpp\n'}
[2.157488] (px4_msgs) StdoutLine: {'line': b'-- Up-to-date: /home/rschnurr/SkyClaw-Team1/ros2_ws/install/px4_msgs/include/px4_msgs/px4_msgs/msg/detail/follow_target_status__rosidl_typesupport_introspection_cpp.hpp\n'}
[2.157545] (px4_msgs) StdoutLine: {'line': b'-- Up-to-date: /home/rschnurr/SkyClaw-Team1/ros2_ws/install/px4_msgs/include/px4_msgs/px4_msgs/msg/detail/sensor_gyro_fft__rosidl_typesupport_introspection_cpp.hpp\n'}
[2.157802] (px4_msgs) StdoutLine: {'line': b'-- Up-to-date: /home/rschnurr/SkyClaw-Team1/ros2_ws/install/px4_msgs/include/px4_msgs/px4_msgs/msg/detail/sensor_gyro__type_support.cpp\n'}
[2.157904] (px4_msgs) StdoutLine: {'line': b'-- Up-to-date: /home/rschnurr/SkyClaw-Team1/ros2_ws/install/px4_msgs/include/px4_msgs/px4_msgs/msg/detail/power_monitor__type_support.cpp\n'}
[2.158029] (px4_msgs) StdoutLine: {'line': b'-- Up-to-date: /home/rschnurr/SkyClaw-Team1/ros2_ws/install/px4_msgs/include/px4_msgs/px4_msgs/msg/detail/sensor_mag__rosidl_typesupport_introspection_cpp.hpp\n'}
[2.158105] (px4_msgs) StdoutLine: {'line': b'-- Up-to-date: /home/rschnurr/SkyClaw-Team1/ros2_ws/install/px4_msgs/include/px4_msgs/px4_msgs/msg/detail/rpm__rosidl_typesupport_introspection_cpp.hpp\n'}
[2.158297] (px4_msgs) StdoutLine: {'line': b'-- Up-to-date: /home/rschnurr/SkyClaw-Team1/ros2_ws/install/px4_msgs/include/px4_msgs/px4_msgs/msg/detail/gpio_config__rosidl_typesupport_introspection_cpp.hpp\n'}
[2.158459] (px4_msgs) StdoutLine: {'line': b'-- Up-to-date: /home/rschnurr/SkyClaw-Team1/ros2_ws/install/px4_msgs/include/px4_msgs/px4_msgs/msg/detail/sensor_baro__rosidl_typesupport_introspection_cpp.hpp\n'}
[2.158505] (px4_msgs) StdoutLine: {'line': b'-- Up-to-date: /home/rschnurr/SkyClaw-Team1/ros2_ws/install/px4_msgs/include/px4_msgs/px4_msgs/msg/detail/register_ext_component_request__type_support.cpp\n'}
[2.158545] (px4_msgs) StdoutLine: {'line': b'-- Up-to-date: /home/rschnurr/SkyClaw-Team1/ros2_ws/install/px4_msgs/include/px4_msgs/px4_msgs/msg/detail/register_ext_component_reply__type_support.cpp\n'}
[2.158578] (px4_msgs) StdoutLine: {'line': b'-- Up-to-date: /home/rschnurr/SkyClaw-Team1/ros2_ws/install/px4_msgs/include/px4_msgs/px4_msgs/msg/detail/vehicle_optical_flow__rosidl_typesupport_introspection_cpp.hpp\n'}
[2.158609] (px4_msgs) StdoutLine: {'line': b'-- Up-to-date: /home/rschnurr/SkyClaw-Team1/ros2_ws/install/px4_msgs/include/px4_msgs/px4_msgs/msg/detail/landing_gear_wheel__type_support.cpp\n'}
[2.158641] (px4_msgs) StdoutLine: {'line': b'-- Up-to-date: /home/rschnurr/SkyClaw-Team1/ros2_ws/install/px4_msgs/include/px4_msgs/px4_msgs/msg/detail/iridiumsbd_status__rosidl_typesupport_introspection_cpp.hpp\n'}
[2.158672] (px4_msgs) StdoutLine: {'line': b'-- Up-to-date: /home/rschnurr/SkyClaw-Team1/ros2_ws/install/px4_msgs/include/px4_msgs/px4_msgs/msg/detail/yaw_estimator_status__type_support.cpp\n'}
[2.158702] (px4_msgs) StdoutLine: {'line': b'-- Up-to-date: /home/rschnurr/SkyClaw-Team1/ros2_ws/install/px4_msgs/include/px4_msgs/px4_msgs/msg/detail/vehicle_torque_setpoint__type_support.cpp\n'}
[2.158730] (px4_msgs) StdoutLine: {'line': b'-- Up-to-date: /home/rschnurr/SkyClaw-Team1/ros2_ws/install/px4_msgs/include/px4_msgs/px4_msgs/msg/detail/airspeed_wind__type_support.cpp\n'}
[2.158774] (px4_msgs) StdoutLine: {'line': b'-- Up-to-date: /home/rschnurr/SkyClaw-Team1/ros2_ws/install/px4_msgs/include/px4_msgs/px4_msgs/msg/detail/normalized_unsigned_setpoint__type_support.cpp\n'}
[2.158803] (px4_msgs) StdoutLine: {'line': b'-- Up-to-date: /home/rschnurr/SkyClaw-Team1/ros2_ws/install/px4_msgs/include/px4_msgs/px4_msgs/msg/detail/orb_test_large__rosidl_typesupport_introspection_cpp.hpp\n'}
[2.158831] (px4_msgs) StdoutLine: {'line': b'-- Up-to-date: /home/rschnurr/SkyClaw-Team1/ros2_ws/install/px4_msgs/include/px4_msgs/px4_msgs/msg/detail/rover_speed_setpoint__type_support.cpp\n'}
[2.159160] (px4_msgs) StdoutLine: {'line': b'-- Up-to-date: /home/rschnurr/SkyClaw-Team1/ros2_ws/install/px4_msgs/include/px4_msgs/px4_msgs/msg/detail/log_message__rosidl_typesupport_introspection_cpp.hpp\n'}
[2.159241] (px4_msgs) StdoutLine: {'line': b'-- Up-to-date: /home/rschnurr/SkyClaw-Team1/ros2_ws/install/px4_msgs/include/px4_msgs/px4_msgs/msg/detail/debug_key_value__type_support.cpp\n'}
[2.159290] (px4_msgs) StdoutLine: {'line': b'-- Up-to-date: /home/rschnurr/SkyClaw-Team1/ros2_ws/install/px4_msgs/include/px4_msgs/px4_msgs/msg/detail/vehicle_angular_velocity__type_support.cpp\n'}
[2.159338] (px4_msgs) StdoutLine: {'line': b'-- Up-to-date: /home/rschnurr/SkyClaw-Team1/ros2_ws/install/px4_msgs/include/px4_msgs/px4_msgs/msg/detail/debug_value__rosidl_typesupport_introspection_cpp.hpp\n'}
[2.159383] (px4_msgs) StdoutLine: {'line': b'-- Up-to-date: /home/rschnurr/SkyClaw-Team1/ros2_ws/install/px4_msgs/include/px4_msgs/px4_msgs/msg/detail/landing_target_innovations__rosidl_typesupport_introspection_cpp.hpp\n'}
[2.159426] (px4_msgs) StdoutLine: {'line': b'-- Up-to-date: /home/rschnurr/SkyClaw-Team1/ros2_ws/install/px4_msgs/include/px4_msgs/px4_msgs/msg/detail/mission__rosidl_typesupport_introspection_cpp.hpp\n'}
[2.159537] (px4_msgs) StdoutLine: {'line': b'-- Up-to-date: /home/rschnurr/SkyClaw-Team1/ros2_ws/install/px4_msgs/include/px4_msgs/px4_msgs/msg/detail/failure_detector_status__rosidl_typesupport_introspection_cpp.hpp\n'}
[2.159600] (px4_msgs) StdoutLine: {'line': b'-- Up-to-date: /home/rschnurr/SkyClaw-Team1/ros2_ws/install/px4_msgs/include/px4_msgs/px4_msgs/msg/detail/navigator_status__rosidl_typesupport_introspection_cpp.hpp\n'}
[2.159849] (px4_msgs) StdoutLine: {'line': b'-- Up-to-date: /home/rschnurr/SkyClaw-Team1/ros2_ws/install/px4_msgs/include/px4_msgs/px4_msgs/msg/detail/power_button_state__type_support.cpp\n'}
[2.160180] (px4_msgs) StdoutLine: {'line': b'-- Up-to-date: /home/rschnurr/SkyClaw-Team1/ros2_ws/install/px4_msgs/include/px4_msgs/px4_msgs/msg/detail/unregister_ext_component__rosidl_typesupport_introspection_cpp.hpp\n'}
[2.160516] (px4_msgs) StdoutLine: {'line': b'-- Up-to-date: /home/rschnurr/SkyClaw-Team1/ros2_ws/install/px4_msgs/include/px4_msgs/px4_msgs/msg/detail/pwm_input__type_support.cpp\n'}
[2.160880] (px4_msgs) StdoutLine: {'line': b'-- Up-to-date: /home/rschnurr/SkyClaw-Team1/ros2_ws/install/px4_msgs/include/px4_msgs/px4_msgs/msg/detail/control_allocator_status__rosidl_typesupport_introspection_cpp.hpp\n'}
[2.161428] (px4_msgs) StdoutLine: {'line': b'-- Up-to-date: /home/rschnurr/SkyClaw-Team1/ros2_ws/install/px4_msgs/include/px4_msgs/px4_msgs/msg/detail/sensor_gps__type_support.cpp\n'}
[2.161613] (px4_msgs) StdoutLine: {'line': b'-- Up-to-date: /home/rschnurr/SkyClaw-Team1/ros2_ws/install/px4_msgs/include/px4_msgs/px4_msgs/msg/detail/obstacle_distance__rosidl_typesupport_introspection_cpp.hpp\n'}
[2.161831] (px4_msgs) StdoutLine: {'line': b'-- Up-to-date: /home/rschnurr/SkyClaw-Team1/ros2_ws/install/px4_msgs/include/px4_msgs/px4_msgs/msg/detail/vtol_vehicle_status__rosidl_typesupport_introspection_cpp.hpp\n'}
[2.162217] (px4_msgs) StdoutLine: {'line': b'-- Up-to-date: /home/rschnurr/SkyClaw-Team1/ros2_ws/install/px4_msgs/include/px4_msgs/px4_msgs/msg/detail/register_ext_component_request__rosidl_typesupport_introspection_cpp.hpp\n'}
[2.162511] (px4_msgs) StdoutLine: {'line': b'-- Up-to-date: /home/rschnurr/SkyClaw-Team1/ros2_ws/install/px4_msgs/include/px4_msgs/px4_msgs/msg/detail/gimbal_manager_set_manual_control__rosidl_typesupport_introspection_cpp.hpp\n'}
[2.162921] (px4_msgs) StdoutLine: {'line': b'-- Up-to-date: /home/rschnurr/SkyClaw-Team1/ros2_ws/install/px4_msgs/include/px4_msgs/px4_msgs/msg/detail/sensor_combined__rosidl_typesupport_introspection_cpp.hpp\n'}
[2.163100] (px4_msgs) StdoutLine: {'line': b'-- Up-to-date: /home/rschnurr/SkyClaw-Team1/ros2_ws/install/px4_msgs/include/px4_msgs/px4_msgs/msg/detail/sensor_correction__rosidl_typesupport_introspection_cpp.hpp\n'}
[2.163165] (px4_msgs) StdoutLine: {'line': b'-- Up-to-date: /home/rschnurr/SkyClaw-Team1/ros2_ws/install/px4_msgs/include/px4_msgs/px4_msgs/msg/detail/actuator_test__type_support.cpp\n'}
[2.163225] (px4_msgs) StdoutLine: {'line': b'-- Up-to-date: /home/rschnurr/SkyClaw-Team1/ros2_ws/install/px4_msgs/include/px4_msgs/px4_msgs/msg/detail/lateral_control_configuration__type_support.cpp\n'}
[2.163275] (px4_msgs) StdoutLine: {'line': b'-- Up-to-date: /home/rschnurr/SkyClaw-Team1/ros2_ws/install/px4_msgs/include/px4_msgs/px4_msgs/msg/detail/vehicle_thrust_setpoint__rosidl_typesupport_introspection_cpp.hpp\n'}
[2.163317] (px4_msgs) StdoutLine: {'line': b'-- Up-to-date: /home/rschnurr/SkyClaw-Team1/ros2_ws/install/px4_msgs/include/px4_msgs/px4_msgs/msg/detail/vehicle_local_position__rosidl_typesupport_introspection_cpp.hpp\n'}
[2.163393] (px4_msgs) StdoutLine: {'line': b'-- Up-to-date: /home/rschnurr/SkyClaw-Team1/ros2_ws/install/px4_msgs/include/px4_msgs/px4_msgs/msg/detail/event__rosidl_typesupport_introspection_cpp.hpp\n'}
[2.163669] (px4_msgs) StdoutLine: {'line': b'-- Up-to-date: /home/rschnurr/SkyClaw-Team1/ros2_ws/install/px4_msgs/include/px4_msgs/px4_msgs/msg/detail/rover_attitude_status__rosidl_typesupport_introspection_cpp.hpp\n'}
[2.164052] (px4_msgs) StdoutLine: {'line': b'-- Up-to-date: /home/rschnurr/SkyClaw-Team1/ros2_ws/install/px4_msgs/include/px4_msgs/px4_msgs/msg/detail/ping__rosidl_typesupport_introspection_cpp.hpp\n'}
[2.164134] (px4_msgs) StdoutLine: {'line': b'-- Up-to-date: /home/rschnurr/SkyClaw-Team1/ros2_ws/install/px4_msgs/include/px4_msgs/px4_msgs/msg/detail/neural_control__type_support.cpp\n'}
[2.164197] (px4_msgs) StdoutLine: {'line': b'-- Up-to-date: /home/rschnurr/SkyClaw-Team1/ros2_ws/install/px4_msgs/include/px4_msgs/px4_msgs/msg/detail/trajectory_setpoint__type_support.cpp\n'}
[2.164257] (px4_msgs) StdoutLine: {'line': b'-- Up-to-date: /home/rschnurr/SkyClaw-Team1/ros2_ws/install/px4_msgs/include/px4_msgs/px4_msgs/msg/detail/rtl_time_estimate__type_support.cpp\n'}
[2.164311] (px4_msgs) StdoutLine: {'line': b'-- Up-to-date: /home/rschnurr/SkyClaw-Team1/ros2_ws/install/px4_msgs/include/px4_msgs/px4_msgs/msg/detail/rover_attitude_status__type_support.cpp\n'}
[2.164990] (px4_msgs) StdoutLine: {'line': b'-- Up-to-date: /home/rschnurr/SkyClaw-Team1/ros2_ws/install/px4_msgs/include/px4_msgs/px4_msgs/msg/detail/trajectory_setpoint__rosidl_typesupport_introspection_cpp.hpp\n'}
[2.165213] (px4_msgs) StdoutLine: {'line': b'-- Up-to-date: /home/rschnurr/SkyClaw-Team1/ros2_ws/install/px4_msgs/include/px4_msgs/px4_msgs/msg/detail/rover_steering_setpoint__rosidl_typesupport_introspection_cpp.hpp\n'}
[2.165476] (px4_msgs) StdoutLine: {'line': b'-- Up-to-date: /home/rschnurr/SkyClaw-Team1/ros2_ws/install/px4_msgs/include/px4_msgs/px4_msgs/msg/detail/arming_check_reply__type_support.cpp\n'}
[2.165874] (px4_msgs) StdoutLine: {'line': b'-- Up-to-date: /home/rschnurr/SkyClaw-Team1/ros2_ws/install/px4_msgs/include/px4_msgs/px4_msgs/msg/detail/estimator_selector_status__type_support.cpp\n'}
[2.166065] (px4_msgs) StdoutLine: {'line': b'-- Up-to-date: /home/rschnurr/SkyClaw-Team1/ros2_ws/install/px4_msgs/include/px4_msgs/px4_msgs/msg/detail/open_drone_id_operator_id__type_support.cpp\n'}
[2.166384] (px4_msgs) StdoutLine: {'line': b'-- Up-to-date: /home/rschnurr/SkyClaw-Team1/ros2_ws/install/px4_msgs/include/px4_msgs/px4_msgs/msg/detail/orb_test__rosidl_typesupport_introspection_cpp.hpp\n'}
[2.166522] (px4_msgs) StdoutLine: {'line': b'-- Up-to-date: /home/rschnurr/SkyClaw-Team1/ros2_ws/install/px4_msgs/include/px4_msgs/px4_msgs/msg/detail/rate_ctrl_status__rosidl_typesupport_introspection_cpp.hpp\n'}
[2.166594] (px4_msgs) StdoutLine: {'line': b'-- Up-to-date: /home/rschnurr/SkyClaw-Team1/ros2_ws/install/px4_msgs/include/px4_msgs/px4_msgs/msg/detail/sensors_status__rosidl_typesupport_introspection_cpp.hpp\n'}
[2.166648] (px4_msgs) StdoutLine: {'line': b'-- Up-to-date: /home/rschnurr/SkyClaw-Team1/ros2_ws/install/px4_msgs/include/px4_msgs/px4_msgs/msg/detail/normalized_unsigned_setpoint__rosidl_typesupport_introspection_cpp.hpp\n'}
[2.166696] (px4_msgs) StdoutLine: {'line': b'-- Up-to-date: /home/rschnurr/SkyClaw-Team1/ros2_ws/install/px4_msgs/include/px4_msgs/px4_msgs/msg/detail/fixed_wing_longitudinal_setpoint__type_support.cpp\n'}
[2.166739] (px4_msgs) StdoutLine: {'line': b'-- Up-to-date: /home/rschnurr/SkyClaw-Team1/ros2_ws/install/px4_msgs/include/px4_msgs/px4_msgs/msg/detail/gimbal_manager_status__type_support.cpp\n'}
[2.166782] (px4_msgs) StdoutLine: {'line': b'-- Up-to-date: /home/rschnurr/SkyClaw-Team1/ros2_ws/install/px4_msgs/include/px4_msgs/px4_msgs/msg/detail/parameter_set_value_request__type_support.cpp\n'}
[2.166832] (px4_msgs) StdoutLine: {'line': b'-- Up-to-date: /home/rschnurr/SkyClaw-Team1/ros2_ws/install/px4_msgs/include/px4_msgs/px4_msgs/msg/detail/position_setpoint__type_support.cpp\n'}
[2.167064] (px4_msgs) StdoutLine: {'line': b'-- Up-to-date: /home/rschnurr/SkyClaw-Team1/ros2_ws/install/px4_msgs/include/px4_msgs/px4_msgs/msg/detail/actuator_controls_status__type_support.cpp\n'}
[2.167157] (px4_msgs) StdoutLine: {'line': b'-- Up-to-date: /home/rschnurr/SkyClaw-Team1/ros2_ws/install/px4_msgs/include/px4_msgs/px4_msgs/msg/detail/position_setpoint_triplet__type_support.cpp\n'}
[2.167208] (px4_msgs) StdoutLine: {'line': b'-- Up-to-date: /home/rschnurr/SkyClaw-Team1/ros2_ws/install/px4_msgs/include/px4_msgs/px4_msgs/msg/detail/sensor_mag__type_support.cpp\n'}
[2.167253] (px4_msgs) StdoutLine: {'line': b'-- Up-to-date: /home/rschnurr/SkyClaw-Team1/ros2_ws/install/px4_msgs/include/px4_msgs/px4_msgs/msg/detail/wind__type_support.cpp\n'}
[2.167300] (px4_msgs) StdoutLine: {'line': b'-- Up-to-date: /home/rschnurr/SkyClaw-Team1/ros2_ws/install/px4_msgs/include/px4_msgs/px4_msgs/msg/detail/vehicle_torque_setpoint__rosidl_typesupport_introspection_cpp.hpp\n'}
[2.167344] (px4_msgs) StdoutLine: {'line': b'-- Up-to-date: /home/rschnurr/SkyClaw-Team1/ros2_ws/install/px4_msgs/include/px4_msgs/px4_msgs/msg/detail/can_interface_status__rosidl_typesupport_introspection_cpp.hpp\n'}
[2.167400] (px4_msgs) StdoutLine: {'line': b'-- Up-to-date: /home/rschnurr/SkyClaw-Team1/ros2_ws/install/px4_msgs/include/px4_msgs/px4_msgs/msg/detail/sensor_gyro_fifo__type_support.cpp\n'}
[2.167459] (px4_msgs) StdoutLine: {'line': b'-- Up-to-date: /home/rschnurr/SkyClaw-Team1/ros2_ws/install/px4_msgs/include/px4_msgs/px4_msgs/msg/detail/rover_position_setpoint__type_support.cpp\n'}
[2.167499] (px4_msgs) StdoutLine: {'line': b'-- Up-to-date: /home/rschnurr/SkyClaw-Team1/ros2_ws/install/px4_msgs/include/px4_msgs/px4_msgs/msg/detail/power_monitor__rosidl_typesupport_introspection_cpp.hpp\n'}
[2.167545] (px4_msgs) StdoutLine: {'line': b'-- Up-to-date: /home/rschnurr/SkyClaw-Team1/ros2_ws/install/px4_msgs/include/px4_msgs/px4_msgs/msg/detail/landing_gear__rosidl_typesupport_introspection_cpp.hpp\n'}
[2.167586] (px4_msgs) StdoutLine: {'line': b'-- Up-to-date: /home/rschnurr/SkyClaw-Team1/ros2_ws/install/px4_msgs/include/px4_msgs/px4_msgs/msg/detail/position_controller_status__rosidl_typesupport_introspection_cpp.hpp\n'}
[2.167626] (px4_msgs) StdoutLine: {'line': b'-- Up-to-date: /home/rschnurr/SkyClaw-Team1/ros2_ws/install/px4_msgs/include/px4_msgs/px4_msgs/msg/detail/rc_parameter_map__rosidl_typesupport_introspection_cpp.hpp\n'}
[2.167666] (px4_msgs) StdoutLine: {'line': b'-- Up-to-date: /home/rschnurr/SkyClaw-Team1/ros2_ws/install/px4_msgs/include/px4_msgs/px4_msgs/msg/detail/fuel_tank_status__type_support.cpp\n'}
[2.167997] (px4_msgs) StdoutLine: {'line': b'-- Up-to-date: /home/rschnurr/SkyClaw-Team1/ros2_ws/install/px4_msgs/include/px4_msgs/px4_msgs/msg/detail/orb_test__type_support.cpp\n'}
[2.168091] (px4_msgs) StdoutLine: {'line': b'-- Up-to-date: /home/rschnurr/SkyClaw-Team1/ros2_ws/install/px4_msgs/include/px4_msgs/px4_msgs/msg/detail/yaw_estimator_status__rosidl_typesupport_introspection_cpp.hpp\n'}
[2.168146] (px4_msgs) StdoutLine: {'line': b'-- Up-to-date: /home/rschnurr/SkyClaw-Team1/ros2_ws/install/px4_msgs/include/px4_msgs/px4_msgs/msg/detail/camera_status__rosidl_typesupport_introspection_cpp.hpp\n'}
[2.168193] (px4_msgs) StdoutLine: {'line': b'-- Up-to-date: /home/rschnurr/SkyClaw-Team1/ros2_ws/install/px4_msgs/include/px4_msgs/px4_msgs/msg/detail/dataman_response__type_support.cpp\n'}
[2.168239] (px4_msgs) StdoutLine: {'line': b'-- Up-to-date: /home/rschnurr/SkyClaw-Team1/ros2_ws/install/px4_msgs/include/px4_msgs/px4_msgs/msg/detail/health_report__type_support.cpp\n'}
[2.168287] (px4_msgs) StdoutLine: {'line': b'-- Up-to-date: /home/rschnurr/SkyClaw-Team1/ros2_ws/install/px4_msgs/include/px4_msgs/px4_msgs/msg/detail/camera_trigger__rosidl_typesupport_introspection_cpp.hpp\n'}
[2.168330] (px4_msgs) StdoutLine: {'line': b'-- Up-to-date: /home/rschnurr/SkyClaw-Team1/ros2_ws/install/px4_msgs/include/px4_msgs/px4_msgs/msg/detail/mag_worker_data__type_support.cpp\n'}
[2.168386] (px4_msgs) StdoutLine: {'line': b'-- Up-to-date: /home/rschnurr/SkyClaw-Team1/ros2_ws/install/px4_msgs/include/px4_msgs/px4_msgs/msg/detail/mavlink_log__rosidl_typesupport_introspection_cpp.hpp\n'}
[2.168427] (px4_msgs) StdoutLine: {'line': b'-- Up-to-date: /home/rschnurr/SkyClaw-Team1/ros2_ws/install/px4_msgs/include/px4_msgs/px4_msgs/msg/detail/fixed_wing_runway_control__type_support.cpp\n'}
[2.168467] (px4_msgs) StdoutLine: {'line': b'-- Up-to-date: /home/rschnurr/SkyClaw-Team1/ros2_ws/install/px4_msgs/include/px4_msgs/px4_msgs/msg/detail/debug_array__rosidl_typesupport_introspection_cpp.hpp\n'}
[2.168506] (px4_msgs) StdoutLine: {'line': b'-- Up-to-date: /home/rschnurr/SkyClaw-Team1/ros2_ws/install/px4_msgs/include/px4_msgs/px4_msgs/msg/detail/estimator_innovations__rosidl_typesupport_introspection_cpp.hpp\n'}
[2.168545] (px4_msgs) StdoutLine: {'line': b'-- Up-to-date: /home/rschnurr/SkyClaw-Team1/ros2_ws/install/px4_msgs/include/px4_msgs/px4_msgs/msg/detail/actuator_controls_status__rosidl_typesupport_introspection_cpp.hpp\n'}
[2.168634] (px4_msgs) StdoutLine: {'line': b'-- Up-to-date: /home/rschnurr/SkyClaw-Team1/ros2_ws/install/px4_msgs/include/px4_msgs/px4_msgs/msg/detail/autotune_attitude_control_status__rosidl_typesupport_introspection_cpp.hpp\n'}
[2.168732] (px4_msgs) StdoutLine: {'line': b'-- Up-to-date: /home/rschnurr/SkyClaw-Team1/ros2_ws/install/px4_msgs/include/px4_msgs/px4_msgs/msg/detail/rover_speed_status__rosidl_typesupport_introspection_cpp.hpp\n'}
[2.168984] (px4_msgs) StdoutLine: {'line': b'-- Up-to-date: /home/rschnurr/SkyClaw-Team1/ros2_ws/install/px4_msgs/include/px4_msgs/px4_msgs/msg/detail/estimator_bias3d__type_support.cpp\n'}
[2.169270] (px4_msgs) StdoutLine: {'line': b'-- Up-to-date: /home/rschnurr/SkyClaw-Team1/ros2_ws/install/px4_msgs/include/px4_msgs/px4_msgs/msg/detail/estimator_innovations__type_support.cpp\n'}
[2.169333] (px4_msgs) StdoutLine: {'line': b'-- Up-to-date: /home/rschnurr/SkyClaw-Team1/ros2_ws/install/px4_msgs/include/px4_msgs/px4_msgs/msg/detail/button_event__type_support.cpp\n'}
[2.169385] (px4_msgs) StdoutLine: {'line': b'-- Up-to-date: /home/rschnurr/SkyClaw-Team1/ros2_ws/install/px4_msgs/include/px4_msgs/px4_msgs/msg/detail/vehicle_global_position__rosidl_typesupport_introspection_cpp.hpp\n'}
[2.169448] (px4_msgs) StdoutLine: {'line': b'-- Up-to-date: /home/rschnurr/SkyClaw-Team1/ros2_ws/install/px4_msgs/include/px4_msgs/px4_msgs/msg/detail/trajectory_setpoint6dof__rosidl_typesupport_introspection_cpp.hpp\n'}
[2.169493] (px4_msgs) StdoutLine: {'line': b'-- Up-to-date: /home/rschnurr/SkyClaw-Team1/ros2_ws/install/px4_msgs/include/px4_msgs/px4_msgs/msg/detail/estimator_aid_source1d__type_support.cpp\n'}
[2.169701] (px4_msgs) StdoutLine: {'line': b'-- Up-to-date: /home/rschnurr/SkyClaw-Team1/ros2_ws/install/px4_msgs/include/px4_msgs/px4_msgs/msg/detail/sensors_status_imu__type_support.cpp\n'}
[2.169769] (px4_msgs) StdoutLine: {'line': b'-- Up-to-date: /home/rschnurr/SkyClaw-Team1/ros2_ws/install/px4_msgs/include/px4_msgs/px4_msgs/msg/detail/actuator_servos_trim__rosidl_typesupport_introspection_cpp.hpp\n'}
[2.169808] (px4_msgs) StdoutLine: {'line': b'-- Up-to-date: /home/rschnurr/SkyClaw-Team1/ros2_ws/install/px4_msgs/include/px4_msgs/px4_msgs/msg/detail/vehicle_rates_setpoint__type_support.cpp\n'}
[2.169840] (px4_msgs) StdoutLine: {'line': b'-- Up-to-date: /home/rschnurr/SkyClaw-Team1/ros2_ws/install/px4_msgs/include/px4_msgs/px4_msgs/msg/detail/debug_vect__type_support.cpp\n'}
[2.169870] (px4_msgs) StdoutLine: {'line': b'-- Up-to-date: /home/rschnurr/SkyClaw-Team1/ros2_ws/install/px4_msgs/include/px4_msgs/px4_msgs/msg/detail/offboard_control_mode__type_support.cpp\n'}
[2.169902] (px4_msgs) StdoutLine: {'line': b'-- Up-to-date: /home/rschnurr/SkyClaw-Team1/ros2_ws/install/px4_msgs/include/px4_msgs/px4_msgs/msg/detail/vehicle_local_position__type_support.cpp\n'}
[2.169932] (px4_msgs) StdoutLine: {'line': b'-- Up-to-date: /home/rschnurr/SkyClaw-Team1/ros2_ws/install/px4_msgs/include/px4_msgs/px4_msgs/msg/detail/radio_status__type_support.cpp\n'}
[2.169967] (px4_msgs) StdoutLine: {'line': b'-- Up-to-date: /home/rschnurr/SkyClaw-Team1/ros2_ws/install/px4_msgs/include/px4_msgs/px4_msgs/msg/detail/adc_report__type_support.cpp\n'}
[2.170163] (px4_msgs) StdoutLine: {'line': b'-- Up-to-date: /home/rschnurr/SkyClaw-Team1/ros2_ws/install/px4_msgs/include/px4_msgs/px4_msgs/msg/detail/gimbal_device_attitude_status__rosidl_typesupport_introspection_cpp.hpp\n'}
[2.170509] (px4_msgs) StdoutLine: {'line': b'-- Up-to-date: /home/rschnurr/SkyClaw-Team1/ros2_ws/install/px4_msgs/include/px4_msgs/px4_msgs/msg/detail/distance_sensor__rosidl_typesupport_introspection_cpp.hpp\n'}
[2.170618] (px4_msgs) StdoutLine: {'line': b'-- Up-to-date: /home/rschnurr/SkyClaw-Team1/ros2_ws/install/px4_msgs/include/px4_msgs/px4_msgs/msg/detail/generator_status__rosidl_typesupport_introspection_cpp.hpp\n'}
[2.170676] (px4_msgs) StdoutLine: {'line': b'-- Up-to-date: /home/rschnurr/SkyClaw-Team1/ros2_ws/install/px4_msgs/include/px4_msgs/px4_msgs/msg/detail/orb_test_large__type_support.cpp\n'}
[2.170720] (px4_msgs) StdoutLine: {'line': b'-- Up-to-date: /home/rschnurr/SkyClaw-Team1/ros2_ws/install/px4_msgs/include/px4_msgs/px4_msgs/msg/detail/manual_control_setpoint__type_support.cpp\n'}
[2.170759] (px4_msgs) StdoutLine: {'line': b'-- Up-to-date: /home/rschnurr/SkyClaw-Team1/ros2_ws/install/px4_msgs/include/px4_msgs/px4_msgs/msg/detail/parameter_reset_request__rosidl_typesupport_introspection_cpp.hpp\n'}
[2.170798] (px4_msgs) StdoutLine: {'line': b'-- Up-to-date: /home/rschnurr/SkyClaw-Team1/ros2_ws/install/px4_msgs/include/px4_msgs/px4_msgs/msg/detail/open_drone_id_operator_id__rosidl_typesupport_introspection_cpp.hpp\n'}
[2.170836] (px4_msgs) StdoutLine: {'line': b'-- Up-to-date: /home/rschnurr/SkyClaw-Team1/ros2_ws/install/px4_msgs/include/px4_msgs/px4_msgs/msg/detail/dataman_request__rosidl_typesupport_introspection_cpp.hpp\n'}
[2.170879] (px4_msgs) StdoutLine: {'line': b'-- Up-to-date: /home/rschnurr/SkyClaw-Team1/ros2_ws/install/px4_msgs/include/px4_msgs/px4_msgs/msg/detail/rover_throttle_setpoint__type_support.cpp\n'}
[2.170920] (px4_msgs) StdoutLine: {'line': b'-- Up-to-date: /home/rschnurr/SkyClaw-Team1/ros2_ws/install/px4_msgs/include/px4_msgs/px4_msgs/msg/detail/sensor_hygrometer__rosidl_typesupport_introspection_cpp.hpp\n'}
[2.171231] (px4_msgs) StdoutLine: {'line': b'-- Up-to-date: /home/rschnurr/SkyClaw-Team1/ros2_ws/install/px4_msgs/include/px4_msgs/px4_msgs/msg/detail/fixed_wing_longitudinal_setpoint__rosidl_typesupport_introspection_cpp.hpp\n'}
[2.171361] (px4_msgs) StdoutLine: {'line': b'-- Up-to-date: /home/rschnurr/SkyClaw-Team1/ros2_ws/install/px4_msgs/include/px4_msgs/px4_msgs/msg/detail/sensor_gnss_relative__rosidl_typesupport_introspection_cpp.hpp\n'}
[2.171438] (px4_msgs) StdoutLine: {'line': b'-- Up-to-date: /home/rschnurr/SkyClaw-Team1/ros2_ws/install/px4_msgs/include/px4_msgs/px4_msgs/msg/detail/estimator_sensor_bias__rosidl_typesupport_introspection_cpp.hpp\n'}
[2.171503] (px4_msgs) StdoutLine: {'line': b'-- Up-to-date: /home/rschnurr/SkyClaw-Team1/ros2_ws/install/px4_msgs/include/px4_msgs/px4_msgs/msg/detail/open_drone_id_self_id__type_support.cpp\n'}
[2.171558] (px4_msgs) StdoutLine: {'line': b'-- Up-to-date: /home/rschnurr/SkyClaw-Team1/ros2_ws/install/px4_msgs/include/px4_msgs/px4_msgs/msg/detail/fixed_wing_runway_control__rosidl_typesupport_introspection_cpp.hpp\n'}
[2.171634] (px4_msgs) StdoutLine: {'line': b'-- Up-to-date: /home/rschnurr/SkyClaw-Team1/ros2_ws/install/px4_msgs/include/px4_msgs/px4_msgs/msg/detail/rover_speed_status__type_support.cpp\n'}
[2.171727] (px4_msgs) StdoutLine: {'line': b'-- Up-to-date: /home/rschnurr/SkyClaw-Team1/ros2_ws/install/px4_msgs/include/px4_msgs/px4_msgs/msg/detail/sensor_baro__type_support.cpp\n'}
[2.171774] (px4_msgs) StdoutLine: {'line': b'-- Up-to-date: /home/rschnurr/SkyClaw-Team1/ros2_ws/install/px4_msgs/include/px4_msgs/px4_msgs/msg/detail/goto_setpoint__type_support.cpp\n'}
[2.171825] (px4_msgs) StdoutLine: {'line': b'-- Up-to-date: /home/rschnurr/SkyClaw-Team1/ros2_ws/install/px4_msgs/include/px4_msgs/px4_msgs/msg/detail/fixed_wing_lateral_status__type_support.cpp\n'}
[2.171871] (px4_msgs) StdoutLine: {'line': b'-- Up-to-date: /home/rschnurr/SkyClaw-Team1/ros2_ws/install/px4_msgs/include/px4_msgs/px4_msgs/msg/detail/mavlink_log__type_support.cpp\n'}
[2.171909] (px4_msgs) StdoutLine: {'line': b'-- Up-to-date: /home/rschnurr/SkyClaw-Team1/ros2_ws/install/px4_msgs/include/px4_msgs/px4_msgs/msg/detail/vehicle_roi__type_support.cpp\n'}
[2.171952] (px4_msgs) StdoutLine: {'line': b'-- Up-to-date: /home/rschnurr/SkyClaw-Team1/ros2_ws/install/px4_msgs/include/px4_msgs/px4_msgs/msg/detail/gimbal_device_set_attitude__rosidl_typesupport_introspection_cpp.hpp\n'}
[2.172008] (px4_msgs) StdoutLine: {'line': b'-- Up-to-date: /home/rschnurr/SkyClaw-Team1/ros2_ws/install/px4_msgs/include/px4_msgs/px4_msgs/msg/detail/estimator_selector_status__rosidl_typesupport_introspection_cpp.hpp\n'}
[2.172297] (px4_msgs) StdoutLine: {'line': b'-- Up-to-date: /home/rschnurr/SkyClaw-Team1/ros2_ws/install/px4_msgs/include/px4_msgs/px4_msgs/msg/detail/open_drone_id_system__rosidl_typesupport_introspection_cpp.hpp\n'}
[2.172375] (px4_msgs) StdoutLine: {'line': b'-- Up-to-date: /home/rschnurr/SkyClaw-Team1/ros2_ws/install/px4_msgs/include/px4_msgs/px4_msgs/msg/detail/internal_combustion_engine_control__rosidl_typesupport_introspection_cpp.hpp\n'}
[2.172431] (px4_msgs) StdoutLine: {'line': b'-- Up-to-date: /home/rschnurr/SkyClaw-Team1/ros2_ws/install/px4_msgs/include/px4_msgs/px4_msgs/msg/detail/actuator_outputs__rosidl_typesupport_introspection_cpp.hpp\n'}
[2.172481] (px4_msgs) StdoutLine: {'line': b'-- Up-to-date: /home/rschnurr/SkyClaw-Team1/ros2_ws/install/px4_msgs/include/px4_msgs/px4_msgs/msg/detail/home_position__rosidl_typesupport_introspection_cpp.hpp\n'}
[2.172526] (px4_msgs) StdoutLine: {'line': b'-- Up-to-date: /home/rschnurr/SkyClaw-Team1/ros2_ws/install/px4_msgs/include/px4_msgs/px4_msgs/msg/detail/battery_info__type_support.cpp\n'}
[2.172579] (px4_msgs) StdoutLine: {'line': b'-- Up-to-date: /home/rschnurr/SkyClaw-Team1/ros2_ws/install/px4_msgs/include/px4_msgs/px4_msgs/msg/detail/failsafe_flags__type_support.cpp\n'}
[2.172624] (px4_msgs) StdoutLine: {'line': b'-- Up-to-date: /home/rschnurr/SkyClaw-Team1/ros2_ws/install/px4_msgs/include/px4_msgs/px4_msgs/msg/detail/gpio_in__type_support.cpp\n'}
[2.172666] (px4_msgs) StdoutLine: {'line': b'-- Up-to-date: /home/rschnurr/SkyClaw-Team1/ros2_ws/install/px4_msgs/include/px4_msgs/px4_msgs/msg/detail/vehicle_control_mode__rosidl_typesupport_introspection_cpp.hpp\n'}
[2.172709] (px4_msgs) StdoutLine: {'line': b'-- Up-to-date: /home/rschnurr/SkyClaw-Team1/ros2_ws/install/px4_msgs/include/px4_msgs/px4_msgs/msg/detail/vehicle_imu__rosidl_typesupport_introspection_cpp.hpp\n'}
[2.172765] (px4_msgs) StdoutLine: {'line': b'-- Up-to-date: /home/rschnurr/SkyClaw-Team1/ros2_ws/install/px4_msgs/include/px4_msgs/px4_msgs/msg/detail/goto_setpoint__rosidl_typesupport_introspection_cpp.hpp\n'}
[2.172904] (px4_msgs) StdoutLine: {'line': b'-- Up-to-date: /home/rschnurr/SkyClaw-Team1/ros2_ws/install/px4_msgs/include/px4_msgs/px4_msgs/msg/detail/vehicle_command__rosidl_typesupport_introspection_cpp.hpp\n'}
[2.173045] (px4_msgs) StdoutLine: {'line': b'-- Up-to-date: /home/rschnurr/SkyClaw-Team1/ros2_ws/install/px4_msgs/include/px4_msgs/px4_msgs/msg/detail/arming_check_reply__rosidl_typesupport_introspection_cpp.hpp\n'}
[2.173539] (px4_msgs) StdoutLine: {'line': b'-- Up-to-date: /home/rschnurr/SkyClaw-Team1/ros2_ws/install/px4_msgs/include/px4_msgs/px4_msgs/msg/detail/actuator_servos__type_support.cpp\n'}
[2.173702] (px4_msgs) StdoutLine: {'line': b'-- Up-to-date: /home/rschnurr/SkyClaw-Team1/ros2_ws/install/px4_msgs/include/px4_msgs/px4_msgs/msg/detail/estimator_gps_status__rosidl_typesupport_introspection_cpp.hpp\n'}
[2.173819] (px4_msgs) StdoutLine: {'line': b'-- Up-to-date: /home/rschnurr/SkyClaw-Team1/ros2_ws/install/px4_msgs/include/px4_msgs/px4_msgs/msg/detail/vehicle_attitude_setpoint__rosidl_typesupport_introspection_cpp.hpp\n'}
[2.174134] (px4_msgs) StdoutLine: {'line': b'-- Up-to-date: /home/rschnurr/SkyClaw-Team1/ros2_ws/install/px4_msgs/include/px4_msgs/px4_msgs/msg/detail/velocity_limits__rosidl_typesupport_introspection_cpp.hpp\n'}
[2.174741] (px4_msgs) StdoutLine: {'line': b'-- Up-to-date: /home/rschnurr/SkyClaw-Team1/ros2_ws/install/px4_msgs/include/px4_msgs/px4_msgs/msg/detail/parameter_reset_request__type_support.cpp\n'}
[2.174864] (px4_msgs) StdoutLine: {'line': b'-- Up-to-date: /home/rschnurr/SkyClaw-Team1/ros2_ws/install/px4_msgs/include/px4_msgs/px4_msgs/msg/detail/gimbal_device_attitude_status__type_support.cpp\n'}
[2.174999] (px4_msgs) StdoutLine: {'line': b'-- Up-to-date: /home/rschnurr/SkyClaw-Team1/ros2_ws/install/px4_msgs/include/px4_msgs/px4_msgs/msg/detail/control_allocator_status__type_support.cpp\n'}
[2.175534] (px4_msgs) StdoutLine: {'line': b'-- Up-to-date: /home/rschnurr/SkyClaw-Team1/ros2_ws/install/px4_msgs/include/px4_msgs/px4_msgs/msg/detail/vehicle_air_data__rosidl_typesupport_introspection_cpp.hpp\n'}
[2.175907] (px4_msgs) StdoutLine: {'line': b'-- Up-to-date: /home/rschnurr/SkyClaw-Team1/ros2_ws/install/px4_msgs/include/px4_msgs/px4_msgs/msg/detail/launch_detection_status__rosidl_typesupport_introspection_cpp.hpp\n'}
[2.175983] (px4_msgs) StdoutLine: {'line': b'-- Up-to-date: /home/rschnurr/SkyClaw-Team1/ros2_ws/install/px4_msgs/include/px4_msgs/px4_msgs/msg/detail/mission_result__type_support.cpp\n'}
[2.176021] (px4_msgs) StdoutLine: {'line': b'-- Up-to-date: /home/rschnurr/SkyClaw-Team1/ros2_ws/install/px4_msgs/include/px4_msgs/px4_msgs/msg/detail/mode_completed__rosidl_typesupport_introspection_cpp.hpp\n'}
[2.176052] (px4_msgs) StdoutLine: {'line': b'-- Up-to-date: /home/rschnurr/SkyClaw-Team1/ros2_ws/install/px4_msgs/include/px4_msgs/px4_msgs/msg/detail/sensor_gyro__rosidl_typesupport_introspection_cpp.hpp\n'}
[2.176082] (px4_msgs) StdoutLine: {'line': b'-- Up-to-date: /home/rschnurr/SkyClaw-Team1/ros2_ws/install/px4_msgs/include/px4_msgs/px4_msgs/msg/detail/open_drone_id_system__type_support.cpp\n'}
[2.176113] (px4_msgs) StdoutLine: {'line': b'-- Up-to-date: /home/rschnurr/SkyClaw-Team1/ros2_ws/install/px4_msgs/include/px4_msgs/px4_msgs/msg/detail/can_interface_status__type_support.cpp\n'}
[2.176341] (px4_msgs) StdoutLine: {'line': b'-- Up-to-date: /home/rschnurr/SkyClaw-Team1/ros2_ws/install/px4_msgs/include/px4_msgs/px4_msgs/msg/detail/geofence_status__rosidl_typesupport_introspection_cpp.hpp\n'}
[2.176403] (px4_msgs) StdoutLine: {'line': b'-- Up-to-date: /home/rschnurr/SkyClaw-Team1/ros2_ws/install/px4_msgs/include/px4_msgs/px4_msgs/msg/detail/pure_pursuit_status__rosidl_typesupport_introspection_cpp.hpp\n'}
[2.176449] (px4_msgs) StdoutLine: {'line': b'-- Up-to-date: /home/rschnurr/SkyClaw-Team1/ros2_ws/install/px4_msgs/include/px4_msgs/px4_msgs/msg/detail/sensor_gyro_fifo__rosidl_typesupport_introspection_cpp.hpp\n'}
[2.176490] (px4_msgs) StdoutLine: {'line': b'-- Up-to-date: /home/rschnurr/SkyClaw-Team1/ros2_ws/install/px4_msgs/include/px4_msgs/px4_msgs/msg/detail/autotune_attitude_control_status__type_support.cpp\n'}
[2.176775] (px4_msgs) StdoutLine: {'line': b'-- Up-to-date: /home/rschnurr/SkyClaw-Team1/ros2_ws/install/px4_msgs/include/px4_msgs/px4_msgs/msg/detail/vehicle_constraints__type_support.cpp\n'}
[2.177295] (px4_msgs) StdoutLine: {'line': b'-- Up-to-date: /home/rschnurr/SkyClaw-Team1/ros2_ws/install/px4_msgs/include/px4_msgs/px4_msgs/msg/detail/launch_detection_status__type_support.cpp\n'}
[2.177401] (px4_msgs) StdoutLine: {'line': b'-- Up-to-date: /home/rschnurr/SkyClaw-Team1/ros2_ws/install/px4_msgs/include/px4_msgs/px4_msgs/msg/detail/actuator_motors__type_support.cpp\n'}
[2.177477] (px4_msgs) StdoutLine: {'line': b'-- Up-to-date: /home/rschnurr/SkyClaw-Team1/ros2_ws/install/px4_msgs/include/px4_msgs/px4_msgs/msg/detail/position_controller_status__type_support.cpp\n'}
[2.177555] (px4_msgs) StdoutLine: {'line': b'-- Up-to-date: /home/rschnurr/SkyClaw-Team1/ros2_ws/install/px4_msgs/include/px4_msgs/px4_msgs/msg/detail/debug_value__type_support.cpp\n'}
[2.177631] (px4_msgs) StdoutLine: {'line': b'-- Up-to-date: /home/rschnurr/SkyClaw-Team1/ros2_ws/install/px4_msgs/include/px4_msgs/px4_msgs/msg/detail/message_format_request__rosidl_typesupport_introspection_cpp.hpp\n'}
[2.177762] (px4_msgs) StdoutLine: {'line': b'-- Up-to-date: /home/rschnurr/SkyClaw-Team1/ros2_ws/install/px4_msgs/include/px4_msgs/px4_msgs/msg/detail/led_control__type_support.cpp\n'}
[2.177819] (px4_msgs) StdoutLine: {'line': b'-- Up-to-date: /home/rschnurr/SkyClaw-Team1/ros2_ws/install/px4_msgs/include/px4_msgs/px4_msgs/msg/detail/ekf2_timestamps__type_support.cpp\n'}
[2.177877] (px4_msgs) StdoutLine: {'line': b'-- Up-to-date: /home/rschnurr/SkyClaw-Team1/ros2_ws/install/px4_msgs/include/px4_msgs/px4_msgs/msg/detail/vehicle_command_ack__type_support.cpp\n'}
[2.177945] (px4_msgs) StdoutLine: {'line': b'-- Up-to-date: /home/rschnurr/SkyClaw-Team1/ros2_ws/install/px4_msgs/include/px4_msgs/px4_msgs/msg/detail/vehicle_command_ack__rosidl_typesupport_introspection_cpp.hpp\n'}
[2.178007] (px4_msgs) StdoutLine: {'line': b'-- Up-to-date: /home/rschnurr/SkyClaw-Team1/ros2_ws/install/px4_msgs/include/px4_msgs/px4_msgs/msg/detail/rover_attitude_setpoint__rosidl_typesupport_introspection_cpp.hpp\n'}
[2.178072] (px4_msgs) StdoutLine: {'line': b'-- Up-to-date: /home/rschnurr/SkyClaw-Team1/ros2_ws/install/px4_msgs/include/px4_msgs/px4_msgs/msg/detail/estimator_bias__rosidl_typesupport_introspection_cpp.hpp\n'}
[2.178162] (px4_msgs) StdoutLine: {'line': b'-- Up-to-date: /home/rschnurr/SkyClaw-Team1/ros2_ws/install/px4_msgs/include/px4_msgs/px4_msgs/msg/detail/camera_capture__type_support.cpp\n'}
[2.178602] (px4_msgs) StdoutLine: {'line': b'-- Up-to-date: /home/rschnurr/SkyClaw-Team1/ros2_ws/install/px4_msgs/include/px4_msgs/px4_msgs/msg/detail/vehicle_acceleration__rosidl_typesupport_introspection_cpp.hpp\n'}
[2.178704] (px4_msgs) StdoutLine: {'line': b'-- Up-to-date: /home/rschnurr/SkyClaw-Team1/ros2_ws/install/px4_msgs/include/px4_msgs/px4_msgs/msg/detail/longitudinal_control_configuration__type_support.cpp\n'}
[2.178823] (px4_msgs) StdoutLine: {'line': b'-- Up-to-date: /home/rschnurr/SkyClaw-Team1/ros2_ws/install/px4_msgs/include/px4_msgs/px4_msgs/msg/detail/debug_key_value__rosidl_typesupport_introspection_cpp.hpp\n'}
[2.178922] (px4_msgs) StdoutLine: {'line': b'-- Up-to-date: /home/rschnurr/SkyClaw-Team1/ros2_ws/install/px4_msgs/include/px4_msgs/px4_msgs/msg/detail/rtl_status__rosidl_typesupport_introspection_cpp.hpp\n'}
[2.178989] (px4_msgs) StdoutLine: {'line': b'-- Up-to-date: /home/rschnurr/SkyClaw-Team1/ros2_ws/install/px4_msgs/include/px4_msgs/px4_msgs/msg/detail/sensor_correction__type_support.cpp\n'}
[2.179085] (px4_msgs) StdoutLine: {'line': b'-- Up-to-date: /home/rschnurr/SkyClaw-Team1/ros2_ws/install/px4_msgs/include/px4_msgs/px4_msgs/msg/detail/led_control__rosidl_typesupport_introspection_cpp.hpp\n'}
[2.179333] (px4_msgs) StdoutLine: {'line': b'-- Up-to-date: /home/rschnurr/SkyClaw-Team1/ros2_ws/install/px4_msgs/include/px4_msgs/px4_msgs/msg/detail/fuel_tank_status__rosidl_typesupport_introspection_cpp.hpp\n'}
[2.179825] (px4_msgs) StdoutLine: {'line': b'-- Up-to-date: /home/rschnurr/SkyClaw-Team1/ros2_ws/install/px4_msgs/include/px4_msgs/px4_msgs/msg/detail/gpio_config__type_support.cpp\n'}
[2.179920] (px4_msgs) StdoutLine: {'line': b'-- Up-to-date: /home/rschnurr/SkyClaw-Team1/ros2_ws/install/px4_msgs/include/px4_msgs/px4_msgs/msg/detail/actuator_motors__rosidl_typesupport_introspection_cpp.hpp\n'}
[2.179985] (px4_msgs) StdoutLine: {'line': b'-- Up-to-date: /home/rschnurr/SkyClaw-Team1/ros2_ws/install/px4_msgs/include/px4_msgs/px4_msgs/msg/detail/actuator_test__rosidl_typesupport_introspection_cpp.hpp\n'}
[2.180341] (px4_msgs) StdoutLine: {'line': b'-- Up-to-date: /home/rschnurr/SkyClaw-Team1/ros2_ws/install/px4_msgs/include/px4_msgs/px4_msgs/msg/detail/cellular_status__type_support.cpp\n'}
[2.180680] (px4_msgs) StdoutLine: {'line': b'-- Up-to-date: /home/rschnurr/SkyClaw-Team1/ros2_ws/install/px4_msgs/include/px4_msgs/px4_msgs/msg/detail/flight_phase_estimation__rosidl_typesupport_introspection_cpp.hpp\n'}
[2.181315] (px4_msgs) StdoutLine: {'line': b'-- Up-to-date: /home/rschnurr/SkyClaw-Team1/ros2_ws/install/px4_msgs/include/px4_msgs/px4_msgs/msg/detail/orb_test_medium__rosidl_typesupport_introspection_cpp.hpp\n'}
[2.181675] (px4_msgs) StdoutLine: {'line': b'-- Up-to-date: /home/rschnurr/SkyClaw-Team1/ros2_ws/install/px4_msgs/include/px4_msgs/px4_msgs/msg/detail/vehicle_acceleration__type_support.cpp\n'}
[2.181762] (px4_msgs) StdoutLine: {'line': b'-- Up-to-date: /home/rschnurr/SkyClaw-Team1/ros2_ws/install/px4_msgs/include/px4_msgs/px4_msgs/msg/detail/sensor_accel_fifo__type_support.cpp\n'}
[2.181832] (px4_msgs) StdoutLine: {'line': b'-- Up-to-date: /home/rschnurr/SkyClaw-Team1/ros2_ws/install/px4_msgs/include/px4_msgs/px4_msgs/msg/detail/tecs_status__type_support.cpp\n'}
[2.182041] (px4_msgs) StdoutLine: {'line': b'-- Up-to-date: /home/rschnurr/SkyClaw-Team1/ros2_ws/install/px4_msgs/include/px4_msgs/px4_msgs/msg/detail/camera_capture__rosidl_typesupport_introspection_cpp.hpp\n'}
[2.182163] (px4_msgs) StdoutLine: {'line': b'-- Up-to-date: /home/rschnurr/SkyClaw-Team1/ros2_ws/install/px4_msgs/include/px4_msgs/px4_msgs/msg/detail/internal_combustion_engine_status__type_support.cpp\n'}
[2.182235] (px4_msgs) StdoutLine: {'line': b'-- Up-to-date: /home/rschnurr/SkyClaw-Team1/ros2_ws/install/px4_msgs/include/px4_msgs/px4_msgs/msg/detail/orb_test_medium__type_support.cpp\n'}
[2.182309] (px4_msgs) StdoutLine: {'line': b'-- Up-to-date: /home/rschnurr/SkyClaw-Team1/ros2_ws/install/px4_msgs/include/px4_msgs/px4_msgs/msg/detail/sensor_selection__type_support.cpp\n'}
[2.182385] (px4_msgs) StdoutLine: {'line': b'-- Up-to-date: /home/rschnurr/SkyClaw-Team1/ros2_ws/install/px4_msgs/include/px4_msgs/px4_msgs/msg/detail/tune_control__type_support.cpp\n'}
[2.182459] (px4_msgs) StdoutLine: {'line': b'-- Up-to-date: /home/rschnurr/SkyClaw-Team1/ros2_ws/install/px4_msgs/include/px4_msgs/px4_msgs/msg/detail/sensor_uwb__rosidl_typesupport_introspection_cpp.hpp\n'}
[2.182539] (px4_msgs) StdoutLine: {'line': b'-- Up-to-date: /home/rschnurr/SkyClaw-Team1/ros2_ws/install/px4_msgs/include/px4_msgs/px4_msgs/msg/detail/geofence_result__type_support.cpp\n'}
[2.182655] (px4_msgs) StdoutLine: {'line': b'-- Up-to-date: /home/rschnurr/SkyClaw-Team1/ros2_ws/install/px4_msgs/include/px4_msgs/px4_msgs/msg/detail/manual_control_switches__rosidl_typesupport_introspection_cpp.hpp\n'}
[2.182755] (px4_msgs) StdoutLine: {'line': b'-- Up-to-date: /home/rschnurr/SkyClaw-Team1/ros2_ws/install/px4_msgs/include/px4_msgs/px4_msgs/msg/detail/fixed_wing_lateral_status__rosidl_typesupport_introspection_cpp.hpp\n'}
[2.182960] (px4_msgs) StdoutLine: {'line': b'-- Up-to-date: /home/rschnurr/SkyClaw-Team1/ros2_ws/install/px4_msgs/include/px4_msgs/px4_msgs/msg/detail/estimator_gps_status__type_support.cpp\n'}
[2.183031] (px4_msgs) StdoutLine: {'line': b'-- Up-to-date: /home/rschnurr/SkyClaw-Team1/ros2_ws/install/px4_msgs/include/px4_msgs/px4_msgs/msg/detail/sensor_gnss_status__type_support.cpp\n'}
[2.183093] (px4_msgs) StdoutLine: {'line': b'-- Up-to-date: /home/rschnurr/SkyClaw-Team1/ros2_ws/install/px4_msgs/include/px4_msgs/px4_msgs/msg/detail/gpio_in__rosidl_typesupport_introspection_cpp.hpp\n'}
[2.183149] (px4_msgs) StdoutLine: {'line': b'-- Up-to-date: /home/rschnurr/SkyClaw-Team1/ros2_ws/install/px4_msgs/include/px4_msgs/px4_msgs/msg/detail/flight_phase_estimation__type_support.cpp\n'}
[2.183222] (px4_msgs) StdoutLine: {'line': b'-- Up-to-date: /home/rschnurr/SkyClaw-Team1/ros2_ws/install/px4_msgs/include/px4_msgs/px4_msgs/msg/detail/irlock_report__rosidl_typesupport_introspection_cpp.hpp\n'}
[2.183358] (px4_msgs) StdoutLine: {'line': b'-- Up-to-date: /home/rschnurr/SkyClaw-Team1/ros2_ws/install/px4_msgs/include/px4_msgs/px4_msgs/msg/detail/ping__type_support.cpp\n'}
[2.183476] (px4_msgs) StdoutLine: {'line': b'-- Up-to-date: /home/rschnurr/SkyClaw-Team1/ros2_ws/install/px4_msgs/include/px4_msgs/px4_msgs/msg/detail/distance_sensor_mode_change_request__rosidl_typesupport_introspection_cpp.hpp\n'}
[2.183582] (px4_msgs) StdoutLine: {'line': b'-- Up-to-date: /home/rschnurr/SkyClaw-Team1/ros2_ws/install/px4_msgs/include/px4_msgs/px4_msgs/msg/detail/camera_trigger__type_support.cpp\n'}
[2.183651] (px4_msgs) StdoutLine: {'line': b'-- Up-to-date: /home/rschnurr/SkyClaw-Team1/ros2_ws/install/px4_msgs/include/px4_msgs/px4_msgs/msg/detail/estimator_sensor_bias__type_support.cpp\n'}
[2.183710] (px4_msgs) StdoutLine: {'line': b'-- Up-to-date: /home/rschnurr/SkyClaw-Team1/ros2_ws/install/px4_msgs/include/px4_msgs/px4_msgs/msg/detail/dataman_response__rosidl_typesupport_introspection_cpp.hpp\n'}
[2.183912] (px4_msgs) StdoutLine: {'line': b'-- Up-to-date: /home/rschnurr/SkyClaw-Team1/ros2_ws/install/px4_msgs/include/px4_msgs/px4_msgs/msg/detail/vehicle_imu__type_support.cpp\n'}
[2.184076] (px4_msgs) StdoutLine: {'line': b'-- Up-to-date: /home/rschnurr/SkyClaw-Team1/ros2_ws/install/px4_msgs/include/px4_msgs/px4_msgs/msg/detail/ulog_stream_ack__type_support.cpp\n'}
[2.184200] (px4_msgs) StdoutLine: {'line': b'-- Up-to-date: /home/rschnurr/SkyClaw-Team1/ros2_ws/install/px4_msgs/include/px4_msgs/px4_msgs/msg/detail/parameter_update__rosidl_typesupport_introspection_cpp.hpp\n'}
[2.184268] (px4_msgs) StdoutLine: {'line': b'-- Up-to-date: /home/rschnurr/SkyClaw-Team1/ros2_ws/install/px4_msgs/include/px4_msgs/px4_msgs/msg/detail/rc_channels__type_support.cpp\n'}
[2.184326] (px4_msgs) StdoutLine: {'line': b'-- Up-to-date: /home/rschnurr/SkyClaw-Team1/ros2_ws/install/px4_msgs/include/px4_msgs/px4_msgs/msg/detail/radio_status__rosidl_typesupport_introspection_cpp.hpp\n'}
[2.184376] (px4_msgs) StdoutLine: {'line': b'-- Up-to-date: /home/rschnurr/SkyClaw-Team1/ros2_ws/install/px4_msgs/include/px4_msgs/px4_msgs/msg/detail/landing_gear__type_support.cpp\n'}
[2.184439] (px4_msgs) StdoutLine: {'line': b'-- Up-to-date: /home/rschnurr/SkyClaw-Team1/ros2_ws/install/px4_msgs/include/px4_msgs/px4_msgs/msg/detail/failure_detector_status__type_support.cpp\n'}
[2.184514] (px4_msgs) StdoutLine: {'line': b'-- Up-to-date: /home/rschnurr/SkyClaw-Team1/ros2_ws/install/px4_msgs/include/px4_msgs/px4_msgs/msg/detail/gimbal_manager_set_attitude__type_support.cpp\n'}
[2.184568] (px4_msgs) StdoutLine: {'line': b'-- Up-to-date: /home/rschnurr/SkyClaw-Team1/ros2_ws/install/px4_msgs/include/px4_msgs/px4_msgs/msg/detail/gps_inject_data__rosidl_typesupport_introspection_cpp.hpp\n'}
[2.184850] (px4_msgs) StdoutLine: {'line': b'-- Up-to-date: /home/rschnurr/SkyClaw-Team1/ros2_ws/install/px4_msgs/include/px4_msgs/px4_msgs/msg/detail/gimbal_controls__type_support.cpp\n'}
[2.185305] (px4_msgs) StdoutLine: {'line': b'-- Up-to-date: /home/rschnurr/SkyClaw-Team1/ros2_ws/install/px4_msgs/include/px4_msgs/px4_msgs/msg/detail/vehicle_angular_velocity__rosidl_typesupport_introspection_cpp.hpp\n'}
[2.185634] (px4_msgs) StdoutLine: {'line': b'-- Up-to-date: /home/rschnurr/SkyClaw-Team1/ros2_ws/install/px4_msgs/include/px4_msgs/px4_msgs/msg/detail/task_stack_info__rosidl_typesupport_introspection_cpp.hpp\n'}
[2.186086] (px4_msgs) StdoutLine: {'line': b'-- Up-to-date: /home/rschnurr/SkyClaw-Team1/ros2_ws/install/px4_msgs/include/px4_msgs/px4_msgs/msg/detail/follow_target_estimator__rosidl_typesupport_introspection_cpp.hpp\n'}
[2.186206] (px4_msgs) StdoutLine: {'line': b'-- Up-to-date: /home/rschnurr/SkyClaw-Team1/ros2_ws/install/px4_msgs/include/px4_msgs/px4_msgs/msg/detail/follow_target__rosidl_typesupport_introspection_cpp.hpp\n'}
[2.186317] (px4_msgs) StdoutLine: {'line': b'-- Up-to-date: /home/rschnurr/SkyClaw-Team1/ros2_ws/install/px4_msgs/include/px4_msgs/px4_msgs/msg/detail/sensor_gnss_relative__type_support.cpp\n'}
[2.186410] (px4_msgs) StdoutLine: {'line': b'-- Up-to-date: /home/rschnurr/SkyClaw-Team1/ros2_ws/install/px4_msgs/include/px4_msgs/px4_msgs/msg/detail/vehicle_angular_acceleration_setpoint__rosidl_typesupport_introspection_cpp.hpp\n'}
[2.186465] (px4_msgs) StdoutLine: {'line': b'-- Up-to-date: /home/rschnurr/SkyClaw-Team1/ros2_ws/install/px4_msgs/include/px4_msgs/px4_msgs/msg/detail/gps_dump__rosidl_typesupport_introspection_cpp.hpp\n'}
[2.186512] (px4_msgs) StdoutLine: {'line': b'-- Up-to-date: /home/rschnurr/SkyClaw-Team1/ros2_ws/install/px4_msgs/include/px4_msgs/px4_msgs/msg/detail/rtl_time_estimate__rosidl_typesupport_introspection_cpp.hpp\n'}
[2.186567] (px4_msgs) StdoutLine: {'line': b'-- Up-to-date: /home/rschnurr/SkyClaw-Team1/ros2_ws/install/px4_msgs/include/px4_msgs/px4_msgs/msg/detail/estimator_aid_source2d__rosidl_typesupport_introspection_cpp.hpp\n'}
[2.186613] (px4_msgs) StdoutLine: {'line': b'-- Up-to-date: /home/rschnurr/SkyClaw-Team1/ros2_ws/install/px4_msgs/include/px4_msgs/px4_msgs/msg/detail/qshell_retval__type_support.cpp\n'}
[2.186860] (px4_msgs) StdoutLine: {'line': b'-- Up-to-date: /home/rschnurr/SkyClaw-Team1/ros2_ws/install/px4_msgs/include/px4_msgs/px4_msgs/msg/detail/vtol_vehicle_status__type_support.cpp\n'}
[2.187143] (px4_msgs) StdoutLine: {'line': b'-- Up-to-date: /home/rschnurr/SkyClaw-Team1/ros2_ws/install/px4_msgs/include/px4_msgs/px4_msgs/msg/detail/event__type_support.cpp\n'}
[2.187326] (px4_msgs) StdoutLine: {'line': b'-- Up-to-date: /home/rschnurr/SkyClaw-Team1/ros2_ws/install/px4_msgs/include/px4_msgs/px4_msgs/msg/detail/takeoff_status__rosidl_typesupport_introspection_cpp.hpp\n'}
[2.187799] (px4_msgs) StdoutLine: {'line': b'-- Up-to-date: /home/rschnurr/SkyClaw-Team1/ros2_ws/install/px4_msgs/include/px4_msgs/px4_msgs/msg/detail/follow_target_status__type_support.cpp\n'}
[2.187875] (px4_msgs) StdoutLine: {'line': b'-- Up-to-date: /home/rschnurr/SkyClaw-Team1/ros2_ws/install/px4_msgs/include/px4_msgs/px4_msgs/msg/detail/gimbal_manager_information__type_support.cpp\n'}
[2.187926] (px4_msgs) StdoutLine: {'line': b'-- Up-to-date: /home/rschnurr/SkyClaw-Team1/ros2_ws/install/px4_msgs/include/px4_msgs/px4_msgs/msg/detail/tecs_status__rosidl_typesupport_introspection_cpp.hpp\n'}
[2.188284] (px4_msgs) StdoutLine: {'line': b'-- Up-to-date: /home/rschnurr/SkyClaw-Team1/ros2_ws/install/px4_msgs/include/px4_msgs/px4_msgs/msg/detail/landing_target_pose__rosidl_typesupport_introspection_cpp.hpp\n'}
[2.188397] (px4_msgs) StdoutLine: {'line': b'-- Up-to-date: /home/rschnurr/SkyClaw-Team1/ros2_ws/install/px4_msgs/include/px4_msgs/px4_msgs/msg/detail/rover_rate_setpoint__rosidl_typesupport_introspection_cpp.hpp\n'}
[2.188448] (px4_msgs) StdoutLine: {'line': b'-- Up-to-date: /home/rschnurr/SkyClaw-Team1/ros2_ws/install/px4_msgs/include/px4_msgs/px4_msgs/msg/detail/obstacle_distance__type_support.cpp\n'}
[2.188566] (px4_msgs) StdoutLine: {'line': b'-- Up-to-date: /home/rschnurr/SkyClaw-Team1/ros2_ws/install/px4_msgs/include/px4_msgs/px4_msgs/msg/detail/vehicle_odometry__rosidl_typesupport_introspection_cpp.hpp\n'}
[2.188832] (px4_msgs) StdoutLine: {'line': b'-- Up-to-date: /home/rschnurr/SkyClaw-Team1/ros2_ws/install/px4_msgs/include/px4_msgs/px4_msgs/msg/detail/actuator_armed__type_support.cpp\n'}
[2.188897] (px4_msgs) StdoutLine: {'line': b'-- Up-to-date: /home/rschnurr/SkyClaw-Team1/ros2_ws/install/px4_msgs/include/px4_msgs/px4_msgs/msg/detail/gimbal_manager_set_attitude__rosidl_typesupport_introspection_cpp.hpp\n'}
[2.188972] (px4_msgs) StdoutLine: {'line': b'-- Up-to-date: /home/rschnurr/SkyClaw-Team1/ros2_ws/install/px4_msgs/include/px4_msgs/px4_msgs/msg/detail/logger_status__type_support.cpp\n'}
[2.189020] (px4_msgs) StdoutLine: {'line': b'-- Up-to-date: /home/rschnurr/SkyClaw-Team1/ros2_ws/install/px4_msgs/include/px4_msgs/px4_msgs/msg/detail/px4io_status__type_support.cpp\n'}
[2.189063] (px4_msgs) StdoutLine: {'line': b'-- Up-to-date: /home/rschnurr/SkyClaw-Team1/ros2_ws/install/px4_msgs/include/px4_msgs/px4_msgs/msg/detail/vehicle_status__type_support.cpp\n'}
[2.189114] (px4_msgs) StdoutLine: {'line': b'-- Up-to-date: /home/rschnurr/SkyClaw-Team1/ros2_ws/install/px4_msgs/include/px4_msgs/px4_msgs/msg/detail/pps_capture__type_support.cpp\n'}
[2.189158] (px4_msgs) StdoutLine: {'line': b'-- Up-to-date: /home/rschnurr/SkyClaw-Team1/ros2_ws/install/px4_msgs/include/px4_msgs/px4_msgs/msg/detail/ulog_stream__rosidl_typesupport_introspection_cpp.hpp\n'}
[2.189202] (px4_msgs) StdoutLine: {'line': b'-- Up-to-date: /home/rschnurr/SkyClaw-Team1/ros2_ws/install/px4_msgs/include/px4_msgs/px4_msgs/msg/detail/follow_target_estimator__type_support.cpp\n'}
[2.189263] (px4_msgs) StdoutLine: {'line': b'-- Up-to-date: /home/rschnurr/SkyClaw-Team1/ros2_ws/install/px4_msgs/include/px4_msgs/px4_msgs/msg/detail/gripper__type_support.cpp\n'}
[2.189387] (px4_msgs) StdoutLine: {'line': b'-- Up-to-date: /home/rschnurr/SkyClaw-Team1/ros2_ws/install/px4_msgs/include/px4_msgs/px4_msgs/msg/detail/rover_attitude_setpoint__type_support.cpp\n'}
[2.189653] (px4_msgs) StdoutLine: {'line': b'-- Up-to-date: /home/rschnurr/SkyClaw-Team1/ros2_ws/install/px4_msgs/include/px4_msgs/px4_msgs/msg/detail/battery_status__rosidl_typesupport_introspection_cpp.hpp\n'}
[2.189776] (px4_msgs) StdoutLine: {'line': b'-- Up-to-date: /home/rschnurr/SkyClaw-Team1/ros2_ws/install/px4_msgs/include/px4_msgs/px4_msgs/msg/detail/battery_info__rosidl_typesupport_introspection_cpp.hpp\n'}
[2.189840] (px4_msgs) StdoutLine: {'line': b'-- Up-to-date: /home/rschnurr/SkyClaw-Team1/ros2_ws/install/px4_msgs/include/px4_msgs/px4_msgs/msg/detail/mount_orientation__rosidl_typesupport_introspection_cpp.hpp\n'}
[2.189887] (px4_msgs) StdoutLine: {'line': b'-- Up-to-date: /home/rschnurr/SkyClaw-Team1/ros2_ws/install/px4_msgs/include/px4_msgs/px4_msgs/msg/detail/gpio_out__rosidl_typesupport_introspection_cpp.hpp\n'}
[2.189926] (px4_msgs) StdoutLine: {'line': b'-- Up-to-date: /home/rschnurr/SkyClaw-Team1/ros2_ws/install/px4_msgs/include/px4_msgs/px4_msgs/msg/detail/sensor_uwb__type_support.cpp\n'}
[2.189965] (px4_msgs) StdoutLine: {'line': b'-- Up-to-date: /home/rschnurr/SkyClaw-Team1/ros2_ws/install/px4_msgs/include/px4_msgs/px4_msgs/msg/detail/landing_target_pose__type_support.cpp\n'}
[2.190370] (px4_msgs) StdoutLine: {'line': b'-- Up-to-date: /home/rschnurr/SkyClaw-Team1/ros2_ws/install/px4_msgs/include/px4_msgs/px4_msgs/msg/detail/task_stack_info__type_support.cpp\n'}
[2.190814] (px4_msgs) StdoutLine: {'line': b'-- Up-to-date: /home/rschnurr/SkyClaw-Team1/ros2_ws/install/px4_msgs/include/px4_msgs/px4_msgs/msg/detail/failsafe_flags__rosidl_typesupport_introspection_cpp.hpp\n'}
[2.190943] (px4_msgs) StdoutLine: {'line': b'-- Up-to-date: /home/rschnurr/SkyClaw-Team1/ros2_ws/install/px4_msgs/include/px4_msgs/px4_msgs/msg/detail/estimator_aid_source1d__rosidl_typesupport_introspection_cpp.hpp\n'}
[2.191011] (px4_msgs) StdoutLine: {'line': b'-- Up-to-date: /home/rschnurr/SkyClaw-Team1/ros2_ws/install/px4_msgs/include/px4_msgs/px4_msgs/msg/detail/adc_report__rosidl_typesupport_introspection_cpp.hpp\n'}
[2.191289] (px4_msgs) StdoutLine: {'line': b'-- Up-to-date: /home/rschnurr/SkyClaw-Team1/ros2_ws/install/px4_msgs/include/px4_msgs/px4_msgs/msg/detail/gimbal_device_information__type_support.cpp\n'}
[2.191447] (px4_msgs) StdoutLine: {'line': b'-- Up-to-date: /home/rschnurr/SkyClaw-Team1/ros2_ws/install/px4_msgs/include/px4_msgs/px4_msgs/msg/detail/orbit_status__rosidl_typesupport_introspection_cpp.hpp\n'}
[2.191502] (px4_msgs) StdoutLine: {'line': b'-- Up-to-date: /home/rschnurr/SkyClaw-Team1/ros2_ws/install/px4_msgs/include/px4_msgs/px4_msgs/msg/detail/geofence_result__rosidl_typesupport_introspection_cpp.hpp\n'}
[2.191542] (px4_msgs) StdoutLine: {'line': b'-- Up-to-date: /home/rschnurr/SkyClaw-Team1/ros2_ws/install/px4_msgs/include/px4_msgs/px4_msgs/msg/detail/sensor_selection__rosidl_typesupport_introspection_cpp.hpp\n'}
[2.191699] (px4_msgs) StdoutLine: {'line': b'-- Up-to-date: /home/rschnurr/SkyClaw-Team1/ros2_ws/install/px4_msgs/include/px4_msgs/px4_msgs/msg/detail/actuator_servos_trim__type_support.cpp\n'}
[2.191971] (px4_msgs) StdoutLine: {'line': b'-- Up-to-date: /home/rschnurr/SkyClaw-Team1/ros2_ws/install/px4_msgs/include/px4_msgs/px4_msgs/msg/detail/navigator_mission_item__rosidl_typesupport_introspection_cpp.hpp\n'}
[2.192218] (px4_msgs) StdoutLine: {'line': b'-- Up-to-date: /home/rschnurr/SkyClaw-Team1/ros2_ws/install/px4_msgs/include/px4_msgs/px4_msgs/msg/detail/vehicle_imu_status__rosidl_typesupport_introspection_cpp.hpp\n'}
[2.192403] (px4_msgs) StdoutLine: {'line': b'-- Up-to-date: /home/rschnurr/SkyClaw-Team1/ros2_ws/install/px4_msgs/include/px4_msgs/px4_msgs/msg/detail/timesync_status__rosidl_typesupport_introspection_cpp.hpp\n'}
[2.192457] (px4_msgs) StdoutLine: {'line': b'-- Up-to-date: /home/rschnurr/SkyClaw-Team1/ros2_ws/install/px4_msgs/include/px4_msgs/px4_msgs/msg/detail/fixed_wing_lateral_guidance_status__type_support.cpp\n'}
[2.192512] (px4_msgs) StdoutLine: {'line': b'-- Up-to-date: /home/rschnurr/SkyClaw-Team1/ros2_ws/install/px4_msgs/include/px4_msgs/px4_msgs/msg/detail/camera_status__type_support.cpp\n'}
[2.192552] (px4_msgs) StdoutLine: {'line': b'-- Up-to-date: /home/rschnurr/SkyClaw-Team1/ros2_ws/install/px4_msgs/include/px4_msgs/px4_msgs/msg/detail/power_button_state__rosidl_typesupport_introspection_cpp.hpp\n'}
[2.192822] (px4_msgs) StdoutLine: {'line': b'-- Up-to-date: /home/rschnurr/SkyClaw-Team1/ros2_ws/install/px4_msgs/include/px4_msgs/px4_msgs/msg/detail/lateral_control_configuration__rosidl_typesupport_introspection_cpp.hpp\n'}
[2.193258] (px4_msgs) StdoutLine: {'line': b'-- Up-to-date: /home/rschnurr/SkyClaw-Team1/ros2_ws/install/px4_msgs/include/px4_msgs/px4_msgs/msg/detail/message_format_request__type_support.cpp\n'}
[2.193372] (px4_msgs) StdoutLine: {'line': b'-- Up-to-date: /home/rschnurr/SkyClaw-Team1/ros2_ws/install/px4_msgs/include/px4_msgs/px4_msgs/msg/detail/open_drone_id_arm_status__rosidl_typesupport_introspection_cpp.hpp\n'}
[2.193538] (px4_msgs) StdoutLine: {'line': b'-- Up-to-date: /home/rschnurr/SkyClaw-Team1/ros2_ws/install/px4_msgs/include/px4_msgs/px4_msgs/msg/detail/parameter_set_used_request__type_support.cpp\n'}
[2.193642] (px4_msgs) StdoutLine: {'line': b'-- Up-to-date: /home/rschnurr/SkyClaw-Team1/ros2_ws/install/px4_msgs/include/px4_msgs/px4_msgs/msg/detail/neural_control__rosidl_typesupport_introspection_cpp.hpp\n'}
[2.193742] (px4_msgs) StdoutLine: {'line': b'-- Up-to-date: /home/rschnurr/SkyClaw-Team1/ros2_ws/install/px4_msgs/include/px4_msgs/px4_msgs/msg/detail/vehicle_local_position_setpoint__rosidl_typesupport_introspection_cpp.hpp\n'}
[2.193871] (px4_msgs) StdoutLine: {'line': b'-- Up-to-date: /home/rschnurr/SkyClaw-Team1/ros2_ws/install/px4_msgs/include/px4_msgs/px4_msgs/msg/detail/satellite_info__rosidl_typesupport_introspection_cpp.hpp\n'}
[2.194191] (px4_msgs) StdoutLine: {'line': b'-- Up-to-date: /home/rschnurr/SkyClaw-Team1/ros2_ws/install/px4_msgs/include/px4_msgs/px4_msgs/msg/detail/dataman_request__type_support.cpp\n'}
[2.194357] (px4_msgs) StdoutLine: {'line': b'-- Up-to-date: /home/rschnurr/SkyClaw-Team1/ros2_ws/install/px4_msgs/include/px4_msgs/px4_msgs/msg/detail/gimbal_manager_set_manual_control__type_support.cpp\n'}
[2.194474] (px4_msgs) StdoutLine: {'line': b'-- Up-to-date: /home/rschnurr/SkyClaw-Team1/ros2_ws/install/px4_msgs/include/px4_msgs/px4_msgs/msg/detail/sensor_gyro_fft__type_support.cpp\n'}
[2.194546] (px4_msgs) StdoutLine: {'line': b'-- Up-to-date: /home/rschnurr/SkyClaw-Team1/ros2_ws/install/px4_msgs/include/px4_msgs/px4_msgs/msg/detail/gimbal_device_set_attitude__type_support.cpp\n'}
[2.194596] (px4_msgs) StdoutLine: {'line': b'-- Up-to-date: /home/rschnurr/SkyClaw-Team1/ros2_ws/install/px4_msgs/include/px4_msgs/px4_msgs/msg/detail/parameter_set_value_request__rosidl_typesupport_introspection_cpp.hpp\n'}
[2.194639] (px4_msgs) StdoutLine: {'line': b'-- Up-to-date: /home/rschnurr/SkyClaw-Team1/ros2_ws/install/px4_msgs/include/px4_msgs/px4_msgs/msg/detail/figure_eight_status__type_support.cpp\n'}
[2.194678] (px4_msgs) StdoutLine: {'line': b'-- Up-to-date: /home/rschnurr/SkyClaw-Team1/ros2_ws/install/px4_msgs/include/px4_msgs/px4_msgs/msg/detail/estimator_aid_source2d__type_support.cpp\n'}
[2.194733] (px4_msgs) StdoutLine: {'line': b'-- Up-to-date: /home/rschnurr/SkyClaw-Team1/ros2_ws/install/px4_msgs/include/px4_msgs/px4_msgs/msg/detail/position_controller_landing_status__rosidl_typesupport_introspection_cpp.hpp\n'}
[2.194799] (px4_msgs) StdoutLine: {'line': b'-- Up-to-date: /home/rschnurr/SkyClaw-Team1/ros2_ws/install/px4_msgs/include/px4_msgs/px4_msgs/msg/detail/qshell_req__type_support.cpp\n'}
[2.194837] (px4_msgs) StdoutLine: {'line': b'-- Up-to-date: /home/rschnurr/SkyClaw-Team1/ros2_ws/install/px4_msgs/include/px4_msgs/px4_msgs/msg/detail/mission__type_support.cpp\n'}
[2.194872] (px4_msgs) StdoutLine: {'line': b'-- Up-to-date: /home/rschnurr/SkyClaw-Team1/ros2_ws/install/px4_msgs/include/px4_msgs/px4_msgs/msg/detail/estimator_status__rosidl_typesupport_introspection_cpp.hpp\n'}
[2.194912] (px4_msgs) StdoutLine: {'line': b'-- Up-to-date: /home/rschnurr/SkyClaw-Team1/ros2_ws/install/px4_msgs/include/px4_msgs/px4_msgs/msg/detail/log_message__type_support.cpp\n'}
[2.195162] (px4_msgs) StdoutLine: {'line': b'-- Up-to-date: /home/rschnurr/SkyClaw-Team1/ros2_ws/install/px4_msgs/include/px4_msgs/px4_msgs/msg/detail/sensors_status_imu__rosidl_typesupport_introspection_cpp.hpp\n'}
[2.195473] (px4_msgs) StdoutLine: {'line': b'-- Up-to-date: /home/rschnurr/SkyClaw-Team1/ros2_ws/install/px4_msgs/include/px4_msgs/px4_msgs/msg/detail/wheel_encoders__rosidl_typesupport_introspection_cpp.hpp\n'}
[2.195812] (px4_msgs) StdoutLine: {'line': b'-- Up-to-date: /home/rschnurr/SkyClaw-Team1/ros2_ws/install/px4_msgs/include/px4_msgs/px4_msgs/msg/detail/fixed_wing_lateral_setpoint__rosidl_typesupport_introspection_cpp.hpp\n'}
[2.196800] (px4_msgs) StdoutLine: {'line': b'-- Up-to-date: /home/rschnurr/SkyClaw-Team1/ros2_ws/install/px4_msgs/include/px4_msgs/px4_msgs/msg/detail/differential_pressure__type_support.cpp\n'}
[2.196891] (px4_msgs) StdoutLine: {'line': b'-- Up-to-date: /home/rschnurr/SkyClaw-Team1/ros2_ws/install/px4_msgs/include/px4_msgs/px4_msgs/msg/detail/figure_eight_status__rosidl_typesupport_introspection_cpp.hpp\n'}
[2.196958] (px4_msgs) StdoutLine: {'line': b'-- Up-to-date: /home/rschnurr/SkyClaw-Team1/ros2_ws/install/px4_msgs/include/px4_msgs/px4_msgs/msg/detail/vehicle_attitude__type_support.cpp\n'}
[2.197060] (px4_msgs) StdoutLine: {'line': b'-- Up-to-date: /home/rschnurr/SkyClaw-Team1/ros2_ws/install/px4_msgs/include/px4_msgs/px4_msgs/msg/detail/telemetry_status__rosidl_typesupport_introspection_cpp.hpp\n'}
[2.197228] (px4_msgs) StdoutLine: {'line': b'-- Up-to-date: /home/rschnurr/SkyClaw-Team1/ros2_ws/install/px4_msgs/include/px4_msgs/px4_msgs/msg/detail/message_format_response__rosidl_typesupport_introspection_cpp.hpp\n'}
[2.197309] (px4_msgs) StdoutLine: {'line': b'-- Up-to-date: /home/rschnurr/SkyClaw-Team1/ros2_ws/install/px4_msgs/include/px4_msgs/px4_msgs/msg/detail/cpuload__type_support.cpp\n'}
[2.197397] (px4_msgs) StdoutLine: {'line': b'-- Up-to-date: /home/rschnurr/SkyClaw-Team1/ros2_ws/install/px4_msgs/include/px4_msgs/px4_msgs/msg/detail/rover_speed_setpoint__rosidl_typesupport_introspection_cpp.hpp\n'}
[2.197453] (px4_msgs) StdoutLine: {'line': b'-- Up-to-date: /home/rschnurr/SkyClaw-Team1/ros2_ws/install/px4_msgs/include/px4_msgs/px4_msgs/msg/detail/manual_control_switches__type_support.cpp\n'}
[2.197511] (px4_msgs) StdoutLine: {'line': b'-- Up-to-date: /home/rschnurr/SkyClaw-Team1/ros2_ws/install/px4_msgs/include/px4_msgs/px4_msgs/msg/detail/rover_steering_setpoint__type_support.cpp\n'}
[2.197562] (px4_msgs) StdoutLine: {'line': b'-- Up-to-date: /home/rschnurr/SkyClaw-Team1/ros2_ws/install/px4_msgs/include/px4_msgs/px4_msgs/msg/detail/config_overrides__rosidl_typesupport_introspection_cpp.hpp\n'}
[2.197614] (px4_msgs) StdoutLine: {'line': b'-- Up-to-date: /home/rschnurr/SkyClaw-Team1/ros2_ws/install/px4_msgs/include/px4_msgs/px4_msgs/msg/detail/vehicle_land_detected__rosidl_typesupport_introspection_cpp.hpp\n'}
[2.197858] (px4_msgs) StdoutLine: {'line': b'-- Up-to-date: /home/rschnurr/SkyClaw-Team1/ros2_ws/install/px4_msgs/include/px4_msgs/px4_msgs/msg/detail/airspeed__type_support.cpp\n'}
[2.197914] (px4_msgs) StdoutLine: {'line': b'-- Up-to-date: /home/rschnurr/SkyClaw-Team1/ros2_ws/install/px4_msgs/include/px4_msgs/px4_msgs/msg/detail/qshell_retval__rosidl_typesupport_introspection_cpp.hpp\n'}
[2.197961] (px4_msgs) StdoutLine: {'line': b'-- Up-to-date: /home/rschnurr/SkyClaw-Team1/ros2_ws/install/px4_msgs/include/px4_msgs/px4_msgs/msg/detail/vehicle_command__type_support.cpp\n'}
[2.198001] (px4_msgs) StdoutLine: {'line': b'-- Up-to-date: /home/rschnurr/SkyClaw-Team1/ros2_ws/install/px4_msgs/include/px4_msgs/px4_msgs/msg/detail/uavcan_parameter_value__rosidl_typesupport_introspection_cpp.hpp\n'}
[2.198054] (px4_msgs) StdoutLine: {'line': b'-- Up-to-date: /home/rschnurr/SkyClaw-Team1/ros2_ws/install/px4_msgs/include/px4_msgs/px4_msgs/msg/detail/sensor_airflow__rosidl_typesupport_introspection_cpp.hpp\n'}
[2.198091] (px4_msgs) StdoutLine: {'line': b'-- Up-to-date: /home/rschnurr/SkyClaw-Team1/ros2_ws/install/px4_msgs/include/px4_msgs/px4_msgs/msg/detail/follow_target__type_support.cpp\n'}
[2.198127] (px4_msgs) StdoutLine: {'line': b'-- Up-to-date: /home/rschnurr/SkyClaw-Team1/ros2_ws/install/px4_msgs/include/px4_msgs/px4_msgs/msg/detail/logger_status__rosidl_typesupport_introspection_cpp.hpp\n'}
[2.198162] (px4_msgs) StdoutLine: {'line': b'-- Up-to-date: /home/rschnurr/SkyClaw-Team1/ros2_ws/install/px4_msgs/include/px4_msgs/px4_msgs/msg/detail/gimbal_manager_status__rosidl_typesupport_introspection_cpp.hpp\n'}
[2.198208] (px4_msgs) StdoutLine: {'line': b'-- Up-to-date: /home/rschnurr/SkyClaw-Team1/ros2_ws/install/px4_msgs/include/px4_msgs/px4_msgs/msg/detail/sensor_airflow__type_support.cpp\n'}
[2.198245] (px4_msgs) StdoutLine: {'line': b'-- Up-to-date: /home/rschnurr/SkyClaw-Team1/ros2_ws/install/px4_msgs/include/px4_msgs/px4_msgs/msg/detail/rc_channels__rosidl_typesupport_introspection_cpp.hpp\n'}
[2.198324] (px4_msgs) StdoutLine: {'line': b'-- Up-to-date: /home/rschnurr/SkyClaw-Team1/ros2_ws/install/px4_msgs/include/px4_msgs/px4_msgs/msg/detail/sensor_hygrometer__type_support.cpp\n'}
[2.198377] (px4_msgs) StdoutLine: {'line': b'-- Up-to-date: /home/rschnurr/SkyClaw-Team1/ros2_ws/install/px4_msgs/include/px4_msgs/px4_msgs/msg/detail/landing_gear_wheel__rosidl_typesupport_introspection_cpp.hpp\n'}
[2.198419] (px4_msgs) StdoutLine: {'line': b'-- Up-to-date: /home/rschnurr/SkyClaw-Team1/ros2_ws/install/px4_msgs/include/px4_msgs/px4_msgs/msg/detail/internal_combustion_engine_control__type_support.cpp\n'}
[2.198467] (px4_msgs) StdoutLine: {'line': b'-- Up-to-date: /home/rschnurr/SkyClaw-Team1/ros2_ws/install/px4_msgs/include/px4_msgs/px4_msgs/msg/detail/generator_status__type_support.cpp\n'}
[2.198505] (px4_msgs) StdoutLine: {'line': b'-- Up-to-date: /home/rschnurr/SkyClaw-Team1/ros2_ws/install/px4_msgs/include/px4_msgs/px4_msgs/msg/detail/estimator_status_flags__type_support.cpp\n'}
[2.198543] (px4_msgs) StdoutLine: {'line': b'-- Up-to-date: /home/rschnurr/SkyClaw-Team1/ros2_ws/install/px4_msgs/include/px4_msgs/px4_msgs/msg/detail/rtl_status__type_support.cpp\n'}
[2.198585] (px4_msgs) StdoutLine: {'line': b'-- Up-to-date: /home/rschnurr/SkyClaw-Team1/ros2_ws/install/px4_msgs/include/px4_msgs/px4_msgs/msg/detail/rate_ctrl_status__type_support.cpp\n'}
[2.198621] (px4_msgs) StdoutLine: {'line': b'-- Up-to-date: /home/rschnurr/SkyClaw-Team1/ros2_ws/install/px4_msgs/include/px4_msgs/px4_msgs/msg/detail/manual_control_setpoint__rosidl_typesupport_introspection_cpp.hpp\n'}
[2.198663] (px4_msgs) StdoutLine: {'line': b'-- Up-to-date: /home/rschnurr/SkyClaw-Team1/ros2_ws/install/px4_msgs/include/px4_msgs/px4_msgs/msg/detail/debug_vect__rosidl_typesupport_introspection_cpp.hpp\n'}
[2.198706] (px4_msgs) StdoutLine: {'line': b'-- Up-to-date: /home/rschnurr/SkyClaw-Team1/ros2_ws/install/px4_msgs/include/px4_msgs/px4_msgs/msg/detail/estimator_event_flags__rosidl_typesupport_introspection_cpp.hpp\n'}
[2.198762] (px4_msgs) StdoutLine: {'line': b'-- Up-to-date: /home/rschnurr/SkyClaw-Team1/ros2_ws/install/px4_msgs/include/px4_msgs/px4_msgs/msg/detail/rpm__type_support.cpp\n'}
[2.198804] (px4_msgs) StdoutLine: {'line': b'-- Up-to-date: /home/rschnurr/SkyClaw-Team1/ros2_ws/install/px4_msgs/include/px4_msgs/px4_msgs/msg/detail/ulog_stream_ack__rosidl_typesupport_introspection_cpp.hpp\n'}
[2.198845] (px4_msgs) StdoutLine: {'line': b'-- Up-to-date: /home/rschnurr/SkyClaw-Team1/ros2_ws/install/px4_msgs/include/px4_msgs/px4_msgs/msg/detail/vehicle_magnetometer__type_support.cpp\n'}
[2.199108] (px4_msgs) StdoutLine: {'line': b'-- Up-to-date: /home/rschnurr/SkyClaw-Team1/ros2_ws/install/px4_msgs/include/px4_msgs/px4_msgs/msg/detail/irlock_report__type_support.cpp\n'}
[2.199208] (px4_msgs) StdoutLine: {'line': b'-- Up-to-date: /home/rschnurr/SkyClaw-Team1/ros2_ws/install/px4_msgs/include/px4_msgs/px4_msgs/msg/detail/input_rc__type_support.cpp\n'}
[2.199274] (px4_msgs) StdoutLine: {'line': b'-- Up-to-date: /home/rschnurr/SkyClaw-Team1/ros2_ws/install/px4_msgs/include/px4_msgs/px4_msgs/msg/detail/fixed_wing_lateral_setpoint__type_support.cpp\n'}
[2.199321] (px4_msgs) StdoutLine: {'line': b'-- Up-to-date: /home/rschnurr/SkyClaw-Team1/ros2_ws/install/px4_msgs/include/px4_msgs/px4_msgs/msg/detail/health_report__rosidl_typesupport_introspection_cpp.hpp\n'}
[2.199362] (px4_msgs) StdoutLine: {'line': b'-- Up-to-date: /home/rschnurr/SkyClaw-Team1/ros2_ws/install/px4_msgs/include/px4_msgs/px4_msgs/msg/detail/rover_throttle_setpoint__rosidl_typesupport_introspection_cpp.hpp\n'}
[2.199458] (px4_msgs) StdoutLine: {'line': b'-- Up-to-date: /home/rschnurr/SkyClaw-Team1/ros2_ws/install/px4_msgs/include/px4_msgs/px4_msgs/msg/detail/position_controller_landing_status__type_support.cpp\n'}
[2.199550] (px4_msgs) StdoutLine: {'line': b'-- Up-to-date: /home/rschnurr/SkyClaw-Team1/ros2_ws/install/px4_msgs/include/px4_msgs/px4_msgs/msg/detail/sensor_optical_flow__type_support.cpp\n'}
[2.199915] (px4_msgs) StdoutLine: {'line': b'-- Up-to-date: /home/rschnurr/SkyClaw-Team1/ros2_ws/install/px4_msgs/include/px4_msgs/px4_msgs/msg/detail/qshell_req__rosidl_typesupport_introspection_cpp.hpp\n'}
[2.200094] (px4_msgs) StdoutLine: {'line': b'-- Up-to-date: /home/rschnurr/SkyClaw-Team1/ros2_ws/install/px4_msgs/include/px4_msgs/px4_msgs/msg/detail/gps_inject_data__type_support.cpp\n'}
[2.200223] (px4_msgs) StdoutLine: {'line': b'-- Up-to-date: /home/rschnurr/SkyClaw-Team1/ros2_ws/install/px4_msgs/include/px4_msgs/px4_msgs/msg/detail/battery_status__type_support.cpp\n'}
[2.200556] (px4_msgs) StdoutLine: {'line': b'-- Up-to-date: /home/rschnurr/SkyClaw-Team1/ros2_ws/install/px4_msgs/include/px4_msgs/px4_msgs/msg/detail/cpuload__rosidl_typesupport_introspection_cpp.hpp\n'}
[2.200660] (px4_msgs) StdoutLine: {'line': b'-- Up-to-date: /home/rschnurr/SkyClaw-Team1/ros2_ws/install/px4_msgs/include/px4_msgs/px4_msgs/msg/detail/velocity_limits__type_support.cpp\n'}
[2.200741] (px4_msgs) StdoutLine: {'line': b'-- Up-to-date: /home/rschnurr/SkyClaw-Team1/ros2_ws/install/px4_msgs/include/px4_msgs/px4_msgs/msg/detail/sensor_accel__rosidl_typesupport_introspection_cpp.hpp\n'}
[2.200797] (px4_msgs) StdoutLine: {'line': b'-- Up-to-date: /home/rschnurr/SkyClaw-Team1/ros2_ws/install/px4_msgs/include/px4_msgs/px4_msgs/msg/detail/gps_dump__type_support.cpp\n'}
[2.200848] (px4_msgs) StdoutLine: {'line': b'-- Up-to-date: /home/rschnurr/SkyClaw-Team1/ros2_ws/install/px4_msgs/include/px4_msgs/px4_msgs/msg/detail/gpio_out__type_support.cpp\n'}
[2.200902] (px4_msgs) StdoutLine: {'line': b'-- Up-to-date: /home/rschnurr/SkyClaw-Team1/ros2_ws/install/px4_msgs/include/px4_msgs/px4_msgs/msg/detail/airspeed__rosidl_typesupport_introspection_cpp.hpp\n'}
[2.200955] (px4_msgs) StdoutLine: {'line': b'-- Up-to-date: /home/rschnurr/SkyClaw-Team1/ros2_ws/install/px4_msgs/include/px4_msgs/px4_msgs/msg/detail/esc_report__type_support.cpp\n'}
[2.201007] (px4_msgs) StdoutLine: {'line': b'-- Up-to-date: /home/rschnurr/SkyClaw-Team1/ros2_ws/install/px4_msgs/include/px4_msgs/px4_msgs/msg/detail/sensor_optical_flow__rosidl_typesupport_introspection_cpp.hpp\n'}
[2.201387] (px4_msgs) StdoutLine: {'line': b'-- Up-to-date: /home/rschnurr/SkyClaw-Team1/ros2_ws/install/px4_msgs/include/px4_msgs/px4_msgs/msg/detail/heater_status__type_support.cpp\n'}
[2.201565] (px4_msgs) StdoutLine: {'line': b'-- Up-to-date: /home/rschnurr/SkyClaw-Team1/ros2_ws/install/px4_msgs/include/px4_msgs/px4_msgs/msg/detail/ulog_stream__type_support.cpp\n'}
[2.201673] (px4_msgs) StdoutLine: {'line': b'-- Up-to-date: /home/rschnurr/SkyClaw-Team1/ros2_ws/install/px4_msgs/include/px4_msgs/px4_msgs/msg/detail/wind__rosidl_typesupport_introspection_cpp.hpp\n'}
[2.201738] (px4_msgs) StdoutLine: {'line': b'-- Up-to-date: /home/rschnurr/SkyClaw-Team1/ros2_ws/install/px4_msgs/include/px4_msgs/px4_msgs/msg/detail/landing_target_innovations__type_support.cpp\n'}
[2.201867] (px4_msgs) StdoutLine: {'line': b'-- Up-to-date: /home/rschnurr/SkyClaw-Team1/ros2_ws/install/px4_msgs/include/px4_msgs/px4_msgs/msg/detail/config_overrides__type_support.cpp\n'}
[2.202054] (px4_msgs) StdoutLine: {'line': b'-- Up-to-date: /home/rschnurr/SkyClaw-Team1/ros2_ws/install/px4_msgs/include/px4_msgs/px4_msgs/msg/detail/parameter_set_value_response__type_support.cpp\n'}
[2.202316] (px4_msgs) StdoutLine: {'line': b'-- Up-to-date: /home/rschnurr/SkyClaw-Team1/ros2_ws/install/px4_msgs/include/px4_msgs/px4_msgs/msg/detail/vehicle_attitude__rosidl_typesupport_introspection_cpp.hpp\n'}
[2.202413] (px4_msgs) StdoutLine: {'line': b'-- Up-to-date: /home/rschnurr/SkyClaw-Team1/ros2_ws/install/px4_msgs/include/px4_msgs/px4_msgs/msg/detail/debug_array__type_support.cpp\n'}
[2.202546] (px4_msgs) StdoutLine: {'line': b'-- Up-to-date: /home/rschnurr/SkyClaw-Team1/ros2_ws/install/px4_msgs/include/px4_msgs/px4_msgs/msg/detail/takeoff_status__type_support.cpp\n'}
[2.202610] (px4_msgs) StdoutLine: {'line': b'-- Up-to-date: /home/rschnurr/SkyClaw-Team1/ros2_ws/install/px4_msgs/include/px4_msgs/px4_msgs/msg/detail/sensor_gps__rosidl_typesupport_introspection_cpp.hpp\n'}
[2.202663] (px4_msgs) StdoutLine: {'line': b'-- Up-to-date: /home/rschnurr/SkyClaw-Team1/ros2_ws/install/px4_msgs/include/px4_msgs/px4_msgs/msg/detail/gimbal_manager_information__rosidl_typesupport_introspection_cpp.hpp\n'}
[2.202708] (px4_msgs) StdoutLine: {'line': b'-- Up-to-date: /home/rschnurr/SkyClaw-Team1/ros2_ws/install/px4_msgs/include/px4_msgs/px4_msgs/msg/detail/heater_status__rosidl_typesupport_introspection_cpp.hpp\n'}
[2.202779] (px4_msgs) StdoutLine: {'line': b'-- Up-to-date: /home/rschnurr/SkyClaw-Team1/ros2_ws/install/px4_msgs/include/px4_msgs/px4_msgs/msg/detail/system_power__rosidl_typesupport_introspection_cpp.hpp\n'}
[2.202869] (px4_msgs) StdoutLine: {'line': b'-- Up-to-date: /home/rschnurr/SkyClaw-Team1/ros2_ws/install/px4_msgs/include/px4_msgs/px4_msgs/msg/detail/navigator_mission_item__type_support.cpp\n'}
[2.202928] (px4_msgs) StdoutLine: {'line': b'-- Up-to-date: /home/rschnurr/SkyClaw-Team1/ros2_ws/install/px4_msgs/include/px4_msgs/px4_msgs/msg/detail/tiltrotor_extra_controls__type_support.cpp\n'}
[2.203079] (px4_msgs) StdoutLine: {'line': b'-- Up-to-date: /home/rschnurr/SkyClaw-Team1/ros2_ws/install/px4_msgs/include/px4_msgs/px4_msgs/msg/detail/vehicle_local_position_setpoint__type_support.cpp\n'}
[2.203131] (px4_msgs) StdoutLine: {'line': b'-- Up-to-date: /home/rschnurr/SkyClaw-Team1/ros2_ws/install/px4_msgs/include/px4_msgs/px4_msgs/msg/detail/vehicle_land_detected__type_support.cpp\n'}
[2.203170] (px4_msgs) StdoutLine: {'line': b'-- Up-to-date: /home/rschnurr/SkyClaw-Team1/ros2_ws/install/px4_msgs/include/px4_msgs/px4_msgs/msg/detail/esc_report__rosidl_typesupport_introspection_cpp.hpp\n'}
[2.203202] (px4_msgs) StdoutLine: {'line': b'-- Up-to-date: /home/rschnurr/SkyClaw-Team1/ros2_ws/install/px4_msgs/include/px4_msgs/px4_msgs/msg/detail/home_position__type_support.cpp\n'}
[2.203235] (px4_msgs) StdoutLine: {'line': b'-- Up-to-date: /home/rschnurr/SkyClaw-Team1/ros2_ws/install/px4_msgs/lib/libpx4_msgs__rosidl_typesupport_introspection_cpp.so\n'}
[2.203588] (px4_msgs) StdoutLine: {'line': b'-- Up-to-date: /home/rschnurr/SkyClaw-Team1/ros2_ws/install/px4_msgs/lib/libpx4_msgs__rosidl_typesupport_cpp.so\n'}
[2.203776] (px4_msgs) StdoutLine: {'line': b'-- Up-to-date: /home/rschnurr/SkyClaw-Team1/ros2_ws/install/px4_msgs/share/px4_msgs/environment/pythonpath.sh\n'}
[2.203993] (px4_msgs) StdoutLine: {'line': b'-- Up-to-date: /home/rschnurr/SkyClaw-Team1/ros2_ws/install/px4_msgs/share/px4_msgs/environment/pythonpath.dsv\n'}
[2.204085] (px4_msgs) StdoutLine: {'line': b'-- Up-to-date: /home/rschnurr/SkyClaw-Team1/ros2_ws/install/px4_msgs/local/lib/python3.10/dist-packages/px4_msgs-2.0.1-py3.10.egg-info\n'}
[2.204223] (px4_msgs) StdoutLine: {'line': b'-- Installing: /home/rschnurr/SkyClaw-Team1/ros2_ws/install/px4_msgs/local/lib/python3.10/dist-packages/px4_msgs-2.0.1-py3.10.egg-info/SOURCES.txt\n'}
[2.204281] (px4_msgs) StdoutLine: {'line': b'-- Installing: /home/rschnurr/SkyClaw-Team1/ros2_ws/install/px4_msgs/local/lib/python3.10/dist-packages/px4_msgs-2.0.1-py3.10.egg-info/dependency_links.txt\n'}
[2.204405] (px4_msgs) StdoutLine: {'line': b'-- Installing: /home/rschnurr/SkyClaw-Team1/ros2_ws/install/px4_msgs/local/lib/python3.10/dist-packages/px4_msgs-2.0.1-py3.10.egg-info/PKG-INFO\n'}
[2.204482] (px4_msgs) StdoutLine: {'line': b'-- Installing: /home/rschnurr/SkyClaw-Team1/ros2_ws/install/px4_msgs/local/lib/python3.10/dist-packages/px4_msgs-2.0.1-py3.10.egg-info/top_level.txt\n'}
[2.204529] (px4_msgs) StdoutLine: {'line': b'-- Up-to-date: /home/rschnurr/SkyClaw-Team1/ros2_ws/install/px4_msgs/local/lib/python3.10/dist-packages/px4_msgs\n'}
[2.204848] (px4_msgs) StdoutLine: {'line': b'-- Up-to-date: /home/rschnurr/SkyClaw-Team1/ros2_ws/install/px4_msgs/local/lib/python3.10/dist-packages/px4_msgs/_px4_msgs_s.ep.rosidl_typesupport_introspection_c.c\n'}
[2.205654] (px4_msgs) StdoutLine: {'line': b'-- Up-to-date: /home/rschnurr/SkyClaw-Team1/ros2_ws/install/px4_msgs/local/lib/python3.10/dist-packages/px4_msgs/_px4_msgs_s.ep.rosidl_typesupport_c.c\n'}
[2.205952] (px4_msgs) StdoutLine: {'line': b'-- Up-to-date: /home/rschnurr/SkyClaw-Team1/ros2_ws/install/px4_msgs/local/lib/python3.10/dist-packages/px4_msgs/srv\n'}
[2.206413] (px4_msgs) StdoutLine: {'line': b'-- Up-to-date: /home/rschnurr/SkyClaw-Team1/ros2_ws/install/px4_msgs/local/lib/python3.10/dist-packages/px4_msgs/srv/_vehicle_command_s.c\n'}
[2.206530] (px4_msgs) StdoutLine: {'line': b'-- Up-to-date: /home/rschnurr/SkyClaw-Team1/ros2_ws/install/px4_msgs/local/lib/python3.10/dist-packages/px4_msgs/srv/__init__.py\n'}
[2.206583] (px4_msgs) StdoutLine: {'line': b'-- Up-to-date: /home/rschnurr/SkyClaw-Team1/ros2_ws/install/px4_msgs/local/lib/python3.10/dist-packages/px4_msgs/srv/_vehicle_command.py\n'}
[2.206626] (px4_msgs) StdoutLine: {'line': b'-- Up-to-date: /home/rschnurr/SkyClaw-Team1/ros2_ws/install/px4_msgs/local/lib/python3.10/dist-packages/px4_msgs/msg\n'}
[2.206742] (px4_msgs) StdoutLine: {'line': b'-- Up-to-date: /home/rschnurr/SkyClaw-Team1/ros2_ws/install/px4_msgs/local/lib/python3.10/dist-packages/px4_msgs/msg/_vehicle_constraints.py\n'}
[2.207256] (px4_msgs) StdoutLine: {'line': b'-- Up-to-date: /home/rschnurr/SkyClaw-Team1/ros2_ws/install/px4_msgs/local/lib/python3.10/dist-packages/px4_msgs/msg/_ekf2_timestamps.py\n'}
[2.207509] (px4_msgs) StdoutLine: {'line': b'-- Up-to-date: /home/rschnurr/SkyClaw-Team1/ros2_ws/install/px4_msgs/local/lib/python3.10/dist-packages/px4_msgs/msg/_pure_pursuit_status.py\n'}
[2.207628] (px4_msgs) StdoutLine: {'line': b'-- Up-to-date: /home/rschnurr/SkyClaw-Team1/ros2_ws/install/px4_msgs/local/lib/python3.10/dist-packages/px4_msgs/msg/_rpm.py\n'}
[2.207897] (px4_msgs) StdoutLine: {'line': b'-- Up-to-date: /home/rschnurr/SkyClaw-Team1/ros2_ws/install/px4_msgs/local/lib/python3.10/dist-packages/px4_msgs/msg/_cellular_status.py\n'}
[2.207996] (px4_msgs) StdoutLine: {'line': b'-- Up-to-date: /home/rschnurr/SkyClaw-Team1/ros2_ws/install/px4_msgs/local/lib/python3.10/dist-packages/px4_msgs/msg/_fixed_wing_lateral_guidance_status.py\n'}
[2.208062] (px4_msgs) StdoutLine: {'line': b'-- Up-to-date: /home/rschnurr/SkyClaw-Team1/ros2_ws/install/px4_msgs/local/lib/python3.10/dist-packages/px4_msgs/msg/_internal_combustion_engine_status_s.c\n'}
[2.208114] (-) TimerEvent: {}
[2.208407] (px4_msgs) StdoutLine: {'line': b'-- Up-to-date: /home/rschnurr/SkyClaw-Team1/ros2_ws/install/px4_msgs/local/lib/python3.10/dist-packages/px4_msgs/msg/_arming_check_request_s.c\n'}
[2.208557] (px4_msgs) StdoutLine: {'line': b'-- Up-to-date: /home/rschnurr/SkyClaw-Team1/ros2_ws/install/px4_msgs/local/lib/python3.10/dist-packages/px4_msgs/msg/_cpuload.py\n'}
[2.208680] (px4_msgs) StdoutLine: {'line': b'-- Up-to-date: /home/rschnurr/SkyClaw-Team1/ros2_ws/install/px4_msgs/local/lib/python3.10/dist-packages/px4_msgs/msg/_pps_capture.py\n'}
[2.208913] (px4_msgs) StdoutLine: {'line': b'-- Up-to-date: /home/rschnurr/SkyClaw-Team1/ros2_ws/install/px4_msgs/local/lib/python3.10/dist-packages/px4_msgs/msg/_gimbal_device_information.py\n'}
[2.209232] (px4_msgs) StdoutLine: {'line': b'-- Up-to-date: /home/rschnurr/SkyClaw-Team1/ros2_ws/install/px4_msgs/local/lib/python3.10/dist-packages/px4_msgs/msg/_rc_parameter_map_s.c\n'}
[2.209332] (px4_msgs) StdoutLine: {'line': b'-- Up-to-date: /home/rschnurr/SkyClaw-Team1/ros2_ws/install/px4_msgs/local/lib/python3.10/dist-packages/px4_msgs/msg/_sensor_correction_s.c\n'}
[2.209386] (px4_msgs) StdoutLine: {'line': b'-- Up-to-date: /home/rschnurr/SkyClaw-Team1/ros2_ws/install/px4_msgs/local/lib/python3.10/dist-packages/px4_msgs/msg/_normalized_unsigned_setpoint.py\n'}
[2.209432] (px4_msgs) StdoutLine: {'line': b'-- Up-to-date: /home/rschnurr/SkyClaw-Team1/ros2_ws/install/px4_msgs/local/lib/python3.10/dist-packages/px4_msgs/msg/_camera_status.py\n'}
[2.209481] (px4_msgs) StdoutLine: {'line': b'-- Up-to-date: /home/rschnurr/SkyClaw-Team1/ros2_ws/install/px4_msgs/local/lib/python3.10/dist-packages/px4_msgs/msg/_open_drone_id_operator_id.py\n'}
[2.209536] (px4_msgs) StdoutLine: {'line': b'-- Up-to-date: /home/rschnurr/SkyClaw-Team1/ros2_ws/install/px4_msgs/local/lib/python3.10/dist-packages/px4_msgs/msg/_parameter_set_value_response_s.c\n'}
[2.209795] (px4_msgs) StdoutLine: {'line': b'-- Up-to-date: /home/rschnurr/SkyClaw-Team1/ros2_ws/install/px4_msgs/local/lib/python3.10/dist-packages/px4_msgs/msg/_debug_key_value.py\n'}
[2.209872] (px4_msgs) StdoutLine: {'line': b'-- Up-to-date: /home/rschnurr/SkyClaw-Team1/ros2_ws/install/px4_msgs/local/lib/python3.10/dist-packages/px4_msgs/msg/_system_power.py\n'}
[2.209920] (px4_msgs) StdoutLine: {'line': b'-- Up-to-date: /home/rschnurr/SkyClaw-Team1/ros2_ws/install/px4_msgs/local/lib/python3.10/dist-packages/px4_msgs/msg/_can_interface_status_s.c\n'}
[2.209961] (px4_msgs) StdoutLine: {'line': b'-- Up-to-date: /home/rschnurr/SkyClaw-Team1/ros2_ws/install/px4_msgs/local/lib/python3.10/dist-packages/px4_msgs/msg/_landing_gear_s.c\n'}
[2.209999] (px4_msgs) StdoutLine: {'line': b'-- Up-to-date: /home/rschnurr/SkyClaw-Team1/ros2_ws/install/px4_msgs/local/lib/python3.10/dist-packages/px4_msgs/msg/_home_position.py\n'}
[2.210107] (px4_msgs) StdoutLine: {'line': b'-- Up-to-date: /home/rschnurr/SkyClaw-Team1/ros2_ws/install/px4_msgs/local/lib/python3.10/dist-packages/px4_msgs/msg/_vehicle_optical_flow_vel.py\n'}
[2.210239] (px4_msgs) StdoutLine: {'line': b'-- Up-to-date: /home/rschnurr/SkyClaw-Team1/ros2_ws/install/px4_msgs/local/lib/python3.10/dist-packages/px4_msgs/msg/_flight_phase_estimation_s.c\n'}
[2.210583] (px4_msgs) StdoutLine: {'line': b'-- Up-to-date: /home/rschnurr/SkyClaw-Team1/ros2_ws/install/px4_msgs/local/lib/python3.10/dist-packages/px4_msgs/msg/_input_rc_s.c\n'}
[2.210882] (px4_msgs) StdoutLine: {'line': b'-- Up-to-date: /home/rschnurr/SkyClaw-Team1/ros2_ws/install/px4_msgs/local/lib/python3.10/dist-packages/px4_msgs/msg/_vehicle_rates_setpoint.py\n'}
[2.211188] (px4_msgs) StdoutLine: {'line': b'-- Up-to-date: /home/rschnurr/SkyClaw-Team1/ros2_ws/install/px4_msgs/local/lib/python3.10/dist-packages/px4_msgs/msg/_vehicle_angular_velocity_s.c\n'}
[2.211603] (px4_msgs) StdoutLine: {'line': b'-- Up-to-date: /home/rschnurr/SkyClaw-Team1/ros2_ws/install/px4_msgs/local/lib/python3.10/dist-packages/px4_msgs/msg/_message_format_response_s.c\n'}
[2.211681] (px4_msgs) StdoutLine: {'line': b'-- Up-to-date: /home/rschnurr/SkyClaw-Team1/ros2_ws/install/px4_msgs/local/lib/python3.10/dist-packages/px4_msgs/msg/_mag_worker_data_s.c\n'}
[2.211733] (px4_msgs) StdoutLine: {'line': b'-- Up-to-date: /home/rschnurr/SkyClaw-Team1/ros2_ws/install/px4_msgs/local/lib/python3.10/dist-packages/px4_msgs/msg/_register_ext_component_reply_s.c\n'}
[2.211777] (px4_msgs) StdoutLine: {'line': b'-- Up-to-date: /home/rschnurr/SkyClaw-Team1/ros2_ws/install/px4_msgs/local/lib/python3.10/dist-packages/px4_msgs/msg/_gimbal_manager_set_attitude.py\n'}
[2.211829] (px4_msgs) StdoutLine: {'line': b'-- Up-to-date: /home/rschnurr/SkyClaw-Team1/ros2_ws/install/px4_msgs/local/lib/python3.10/dist-packages/px4_msgs/msg/_vehicle_land_detected_s.c\n'}
[2.211876] (px4_msgs) StdoutLine: {'line': b'-- Up-to-date: /home/rschnurr/SkyClaw-Team1/ros2_ws/install/px4_msgs/local/lib/python3.10/dist-packages/px4_msgs/msg/_estimator_aid_source1d.py\n'}
[2.211932] (px4_msgs) StdoutLine: {'line': b'-- Up-to-date: /home/rschnurr/SkyClaw-Team1/ros2_ws/install/px4_msgs/local/lib/python3.10/dist-packages/px4_msgs/msg/_flight_phase_estimation.py\n'}
[2.212165] (px4_msgs) StdoutLine: {'line': b'-- Up-to-date: /home/rschnurr/SkyClaw-Team1/ros2_ws/install/px4_msgs/local/lib/python3.10/dist-packages/px4_msgs/msg/_unregister_ext_component.py\n'}
[2.212417] (px4_msgs) StdoutLine: {'line': b'-- Up-to-date: /home/rschnurr/SkyClaw-Team1/ros2_ws/install/px4_msgs/local/lib/python3.10/dist-packages/px4_msgs/msg/_vehicle_angular_acceleration_setpoint_s.c\n'}
[2.212632] (px4_msgs) StdoutLine: {'line': b'-- Up-to-date: /home/rschnurr/SkyClaw-Team1/ros2_ws/install/px4_msgs/local/lib/python3.10/dist-packages/px4_msgs/msg/_vehicle_global_position_s.c\n'}
[2.212863] (px4_msgs) StdoutLine: {'line': b'-- Up-to-date: /home/rschnurr/SkyClaw-Team1/ros2_ws/install/px4_msgs/local/lib/python3.10/dist-packages/px4_msgs/msg/_mission.py\n'}
[2.213307] (px4_msgs) StdoutLine: {'line': b'-- Up-to-date: /home/rschnurr/SkyClaw-Team1/ros2_ws/install/px4_msgs/local/lib/python3.10/dist-packages/px4_msgs/msg/_power_monitor_s.c\n'}
[2.213598] (px4_msgs) StdoutLine: {'line': b'-- Up-to-date: /home/rschnurr/SkyClaw-Team1/ros2_ws/install/px4_msgs/local/lib/python3.10/dist-packages/px4_msgs/msg/_vehicle_rates_setpoint_s.c\n'}
[2.213779] (px4_msgs) StdoutLine: {'line': b'-- Up-to-date: /home/rschnurr/SkyClaw-Team1/ros2_ws/install/px4_msgs/local/lib/python3.10/dist-packages/px4_msgs/msg/_estimator_aid_source2d_s.c\n'}
[2.213869] (px4_msgs) StdoutLine: {'line': b'-- Up-to-date: /home/rschnurr/SkyClaw-Team1/ros2_ws/install/px4_msgs/local/lib/python3.10/dist-packages/px4_msgs/msg/_heater_status_s.c\n'}
[2.213941] (px4_msgs) StdoutLine: {'line': b'-- Up-to-date: /home/rschnurr/SkyClaw-Team1/ros2_ws/install/px4_msgs/local/lib/python3.10/dist-packages/px4_msgs/msg/_mission_s.c\n'}
[2.214207] (px4_msgs) StdoutLine: {'line': b'-- Up-to-date: /home/rschnurr/SkyClaw-Team1/ros2_ws/install/px4_msgs/local/lib/python3.10/dist-packages/px4_msgs/msg/_gps_inject_data.py\n'}
[2.214292] (px4_msgs) StdoutLine: {'line': b'-- Up-to-date: /home/rschnurr/SkyClaw-Team1/ros2_ws/install/px4_msgs/local/lib/python3.10/dist-packages/px4_msgs/msg/_gpio_config_s.c\n'}
[2.214640] (px4_msgs) StdoutLine: {'line': b'-- Up-to-date: /home/rschnurr/SkyClaw-Team1/ros2_ws/install/px4_msgs/local/lib/python3.10/dist-packages/px4_msgs/msg/_adc_report.py\n'}
[2.214726] (px4_msgs) StdoutLine: {'line': b'-- Up-to-date: /home/rschnurr/SkyClaw-Team1/ros2_ws/install/px4_msgs/local/lib/python3.10/dist-packages/px4_msgs/msg/_follow_target.py\n'}
[2.214785] (px4_msgs) StdoutLine: {'line': b'-- Up-to-date: /home/rschnurr/SkyClaw-Team1/ros2_ws/install/px4_msgs/local/lib/python3.10/dist-packages/px4_msgs/msg/_estimator_status_s.c\n'}
[2.214843] (px4_msgs) StdoutLine: {'line': b'-- Up-to-date: /home/rschnurr/SkyClaw-Team1/ros2_ws/install/px4_msgs/local/lib/python3.10/dist-packages/px4_msgs/msg/_sensor_optical_flow_s.c\n'}
[2.214905] (px4_msgs) StdoutLine: {'line': b'-- Up-to-date: /home/rschnurr/SkyClaw-Team1/ros2_ws/install/px4_msgs/local/lib/python3.10/dist-packages/px4_msgs/msg/_gpio_out.py\n'}
[2.214964] (px4_msgs) StdoutLine: {'line': b'-- Up-to-date: /home/rschnurr/SkyClaw-Team1/ros2_ws/install/px4_msgs/local/lib/python3.10/dist-packages/px4_msgs/msg/_input_rc.py\n'}
[2.215032] (px4_msgs) StdoutLine: {'line': b'-- Up-to-date: /home/rschnurr/SkyClaw-Team1/ros2_ws/install/px4_msgs/local/lib/python3.10/dist-packages/px4_msgs/msg/_autotune_attitude_control_status.py\n'}
[2.215088] (px4_msgs) StdoutLine: {'line': b'-- Up-to-date: /home/rschnurr/SkyClaw-Team1/ros2_ws/install/px4_msgs/local/lib/python3.10/dist-packages/px4_msgs/msg/_vehicle_optical_flow.py\n'}
[2.215145] (px4_msgs) StdoutLine: {'line': b'-- Up-to-date: /home/rschnurr/SkyClaw-Team1/ros2_ws/install/px4_msgs/local/lib/python3.10/dist-packages/px4_msgs/msg/_log_message.py\n'}
[2.215266] (px4_msgs) StdoutLine: {'line': b'-- Up-to-date: /home/rschnurr/SkyClaw-Team1/ros2_ws/install/px4_msgs/local/lib/python3.10/dist-packages/px4_msgs/msg/_vehicle_optical_flow_s.c\n'}
[2.215585] (px4_msgs) StdoutLine: {'line': b'-- Up-to-date: /home/rschnurr/SkyClaw-Team1/ros2_ws/install/px4_msgs/local/lib/python3.10/dist-packages/px4_msgs/msg/_navigator_status.py\n'}
[2.215652] (px4_msgs) StdoutLine: {'line': b'-- Up-to-date: /home/rschnurr/SkyClaw-Team1/ros2_ws/install/px4_msgs/local/lib/python3.10/dist-packages/px4_msgs/msg/_satellite_info_s.c\n'}
[2.215724] (px4_msgs) StdoutLine: {'line': b'-- Up-to-date: /home/rschnurr/SkyClaw-Team1/ros2_ws/install/px4_msgs/local/lib/python3.10/dist-packages/px4_msgs/msg/_gimbal_controls_s.c\n'}
[2.215766] (px4_msgs) StdoutLine: {'line': b'-- Up-to-date: /home/rschnurr/SkyClaw-Team1/ros2_ws/install/px4_msgs/local/lib/python3.10/dist-packages/px4_msgs/msg/_yaw_estimator_status_s.c\n'}
[2.215806] (px4_msgs) StdoutLine: {'line': b'-- Up-to-date: /home/rschnurr/SkyClaw-Team1/ros2_ws/install/px4_msgs/local/lib/python3.10/dist-packages/px4_msgs/msg/_rover_speed_setpoint_s.c\n'}
[2.215844] (px4_msgs) StdoutLine: {'line': b'-- Up-to-date: /home/rschnurr/SkyClaw-Team1/ros2_ws/install/px4_msgs/local/lib/python3.10/dist-packages/px4_msgs/msg/_mission_result.py\n'}
[2.215881] (px4_msgs) StdoutLine: {'line': b'-- Up-to-date: /home/rschnurr/SkyClaw-Team1/ros2_ws/install/px4_msgs/local/lib/python3.10/dist-packages/px4_msgs/msg/_gimbal_manager_set_manual_control.py\n'}
[2.215917] (px4_msgs) StdoutLine: {'line': b'-- Up-to-date: /home/rschnurr/SkyClaw-Team1/ros2_ws/install/px4_msgs/local/lib/python3.10/dist-packages/px4_msgs/msg/_parameter_reset_request_s.c\n'}
[2.215953] (px4_msgs) StdoutLine: {'line': b'-- Up-to-date: /home/rschnurr/SkyClaw-Team1/ros2_ws/install/px4_msgs/local/lib/python3.10/dist-packages/px4_msgs/msg/_cellular_status_s.c\n'}
[2.215990] (px4_msgs) StdoutLine: {'line': b'-- Up-to-date: /home/rschnurr/SkyClaw-Team1/ros2_ws/install/px4_msgs/local/lib/python3.10/dist-packages/px4_msgs/msg/_debug_array_s.c\n'}
[2.216029] (px4_msgs) StdoutLine: {'line': b'-- Up-to-date: /home/rschnurr/SkyClaw-Team1/ros2_ws/install/px4_msgs/local/lib/python3.10/dist-packages/px4_msgs/msg/_sensors_status_imu.py\n'}
[2.216068] (px4_msgs) StdoutLine: {'line': b'-- Up-to-date: /home/rschnurr/SkyClaw-Team1/ros2_ws/install/px4_msgs/local/lib/python3.10/dist-packages/px4_msgs/msg/_wind.py\n'}
[2.216107] (px4_msgs) StdoutLine: {'line': b'-- Up-to-date: /home/rschnurr/SkyClaw-Team1/ros2_ws/install/px4_msgs/local/lib/python3.10/dist-packages/px4_msgs/msg/_fixed_wing_lateral_status.py\n'}
[2.216144] (px4_msgs) StdoutLine: {'line': b'-- Up-to-date: /home/rschnurr/SkyClaw-Team1/ros2_ws/install/px4_msgs/local/lib/python3.10/dist-packages/px4_msgs/msg/_vehicle_air_data.py\n'}
[2.216183] (px4_msgs) StdoutLine: {'line': b'-- Up-to-date: /home/rschnurr/SkyClaw-Team1/ros2_ws/install/px4_msgs/local/lib/python3.10/dist-packages/px4_msgs/msg/_telemetry_status.py\n'}
[2.216219] (px4_msgs) StdoutLine: {'line': b'-- Up-to-date: /home/rschnurr/SkyClaw-Team1/ros2_ws/install/px4_msgs/local/lib/python3.10/dist-packages/px4_msgs/msg/_task_stack_info_s.c\n'}
[2.216256] (px4_msgs) StdoutLine: {'line': b'-- Up-to-date: /home/rschnurr/SkyClaw-Team1/ros2_ws/install/px4_msgs/local/lib/python3.10/dist-packages/px4_msgs/msg/_fuel_tank_status_s.c\n'}
[2.216544] (px4_msgs) StdoutLine: {'line': b'-- Up-to-date: /home/rschnurr/SkyClaw-Team1/ros2_ws/install/px4_msgs/local/lib/python3.10/dist-packages/px4_msgs/msg/_pps_capture_s.c\n'}
[2.216869] (px4_msgs) StdoutLine: {'line': b'-- Up-to-date: /home/rschnurr/SkyClaw-Team1/ros2_ws/install/px4_msgs/local/lib/python3.10/dist-packages/px4_msgs/msg/_battery_info_s.c\n'}
[2.217354] (px4_msgs) StdoutLine: {'line': b'-- Up-to-date: /home/rschnurr/SkyClaw-Team1/ros2_ws/install/px4_msgs/local/lib/python3.10/dist-packages/px4_msgs/msg/_follow_target_s.c\n'}
[2.217451] (px4_msgs) StdoutLine: {'line': b'-- Up-to-date: /home/rschnurr/SkyClaw-Team1/ros2_ws/install/px4_msgs/local/lib/python3.10/dist-packages/px4_msgs/msg/_power_monitor.py\n'}
[2.217533] (px4_msgs) StdoutLine: {'line': b'-- Up-to-date: /home/rschnurr/SkyClaw-Team1/ros2_ws/install/px4_msgs/local/lib/python3.10/dist-packages/px4_msgs/msg/_sensor_preflight_mag.py\n'}
[2.217610] (px4_msgs) StdoutLine: {'line': b'-- Up-to-date: /home/rschnurr/SkyClaw-Team1/ros2_ws/install/px4_msgs/local/lib/python3.10/dist-packages/px4_msgs/msg/_control_allocator_status.py\n'}
[2.217786] (px4_msgs) StdoutLine: {'line': b'-- Up-to-date: /home/rschnurr/SkyClaw-Team1/ros2_ws/install/px4_msgs/local/lib/python3.10/dist-packages/px4_msgs/msg/_rover_rate_status_s.c\n'}
[2.217940] (px4_msgs) StdoutLine: {'line': b'-- Up-to-date: /home/rschnurr/SkyClaw-Team1/ros2_ws/install/px4_msgs/local/lib/python3.10/dist-packages/px4_msgs/msg/_rover_throttle_setpoint_s.c\n'}
[2.218024] (px4_msgs) StdoutLine: {'line': b'-- Up-to-date: /home/rschnurr/SkyClaw-Team1/ros2_ws/install/px4_msgs/local/lib/python3.10/dist-packages/px4_msgs/msg/_estimator_aid_source3d_s.c\n'}
[2.218085] (px4_msgs) StdoutLine: {'line': b'-- Up-to-date: /home/rschnurr/SkyClaw-Team1/ros2_ws/install/px4_msgs/local/lib/python3.10/dist-packages/px4_msgs/msg/_telemetry_status_s.c\n'}
[2.218141] (px4_msgs) StdoutLine: {'line': b'-- Up-to-date: /home/rschnurr/SkyClaw-Team1/ros2_ws/install/px4_msgs/local/lib/python3.10/dist-packages/px4_msgs/msg/_follow_target_status.py\n'}
[2.218193] (px4_msgs) StdoutLine: {'line': b'-- Up-to-date: /home/rschnurr/SkyClaw-Team1/ros2_ws/install/px4_msgs/local/lib/python3.10/dist-packages/px4_msgs/msg/_airspeed_wind.py\n'}
[2.218244] (px4_msgs) StdoutLine: {'line': b'-- Up-to-date: /home/rschnurr/SkyClaw-Team1/ros2_ws/install/px4_msgs/local/lib/python3.10/dist-packages/px4_msgs/msg/_gimbal_device_set_attitude.py\n'}
[2.218296] (px4_msgs) StdoutLine: {'line': b'-- Up-to-date: /home/rschnurr/SkyClaw-Team1/ros2_ws/install/px4_msgs/local/lib/python3.10/dist-packages/px4_msgs/msg/_unregister_ext_component_s.c\n'}
[2.218352] (px4_msgs) StdoutLine: {'line': b'-- Up-to-date: /home/rschnurr/SkyClaw-Team1/ros2_ws/install/px4_msgs/local/lib/python3.10/dist-packages/px4_msgs/msg/_mavlink_log.py\n'}
[2.218421] (px4_msgs) StdoutLine: {'line': b'-- Up-to-date: /home/rschnurr/SkyClaw-Team1/ros2_ws/install/px4_msgs/local/lib/python3.10/dist-packages/px4_msgs/msg/_vehicle_thrust_setpoint.py\n'}
[2.218527] (px4_msgs) StdoutLine: {'line': b'-- Up-to-date: /home/rschnurr/SkyClaw-Team1/ros2_ws/install/px4_msgs/local/lib/python3.10/dist-packages/px4_msgs/msg/_vtol_vehicle_status.py\n'}
[2.218850] (px4_msgs) StdoutLine: {'line': b'-- Up-to-date: /home/rschnurr/SkyClaw-Team1/ros2_ws/install/px4_msgs/local/lib/python3.10/dist-packages/px4_msgs/msg/_failsafe_flags.py\n'}
[2.218914] (px4_msgs) StdoutLine: {'line': b'-- Up-to-date: /home/rschnurr/SkyClaw-Team1/ros2_ws/install/px4_msgs/local/lib/python3.10/dist-packages/px4_msgs/msg/_message_format_request.py\n'}
[2.218966] (px4_msgs) StdoutLine: {'line': b'-- Up-to-date: /home/rschnurr/SkyClaw-Team1/ros2_ws/install/px4_msgs/local/lib/python3.10/dist-packages/px4_msgs/msg/_uavcan_parameter_request_s.c\n'}
[2.219011] (px4_msgs) StdoutLine: {'line': b'-- Up-to-date: /home/rschnurr/SkyClaw-Team1/ros2_ws/install/px4_msgs/local/lib/python3.10/dist-packages/px4_msgs/msg/_launch_detection_status_s.c\n'}
[2.219055] (px4_msgs) StdoutLine: {'line': b'-- Up-to-date: /home/rschnurr/SkyClaw-Team1/ros2_ws/install/px4_msgs/local/lib/python3.10/dist-packages/px4_msgs/msg/_takeoff_status.py\n'}
[2.219099] (px4_msgs) StdoutLine: {'line': b'-- Up-to-date: /home/rschnurr/SkyClaw-Team1/ros2_ws/install/px4_msgs/local/lib/python3.10/dist-packages/px4_msgs/msg/_sensor_gnss_relative_s.c\n'}
[2.219141] (px4_msgs) StdoutLine: {'line': b'-- Up-to-date: /home/rschnurr/SkyClaw-Team1/ros2_ws/install/px4_msgs/local/lib/python3.10/dist-packages/px4_msgs/msg/_rover_position_setpoint_s.c\n'}
[2.219184] (px4_msgs) StdoutLine: {'line': b'-- Up-to-date: /home/rschnurr/SkyClaw-Team1/ros2_ws/install/px4_msgs/local/lib/python3.10/dist-packages/px4_msgs/msg/_transponder_report.py\n'}
[2.219297] (px4_msgs) StdoutLine: {'line': b'-- Up-to-date: /home/rschnurr/SkyClaw-Team1/ros2_ws/install/px4_msgs/local/lib/python3.10/dist-packages/px4_msgs/msg/_gimbal_manager_information.py\n'}
[2.219429] (px4_msgs) StdoutLine: {'line': b'-- Up-to-date: /home/rschnurr/SkyClaw-Team1/ros2_ws/install/px4_msgs/local/lib/python3.10/dist-packages/px4_msgs/msg/_offboard_control_mode.py\n'}
[2.219516] (px4_msgs) StdoutLine: {'line': b'-- Up-to-date: /home/rschnurr/SkyClaw-Team1/ros2_ws/install/px4_msgs/local/lib/python3.10/dist-packages/px4_msgs/msg/_sensor_mag_s.c\n'}
[2.219870] (px4_msgs) StdoutLine: {'line': b'-- Up-to-date: /home/rschnurr/SkyClaw-Team1/ros2_ws/install/px4_msgs/local/lib/python3.10/dist-packages/px4_msgs/msg/_camera_trigger.py\n'}
[2.220257] (px4_msgs) StdoutLine: {'line': b'-- Up-to-date: /home/rschnurr/SkyClaw-Team1/ros2_ws/install/px4_msgs/local/lib/python3.10/dist-packages/px4_msgs/msg/_power_button_state_s.c\n'}
[2.220350] (px4_msgs) StdoutLine: {'line': b'-- Up-to-date: /home/rschnurr/SkyClaw-Team1/ros2_ws/install/px4_msgs/local/lib/python3.10/dist-packages/px4_msgs/msg/_estimator_bias3d_s.c\n'}
[2.220564] (px4_msgs) StdoutLine: {'line': b'-- Up-to-date: /home/rschnurr/SkyClaw-Team1/ros2_ws/install/px4_msgs/local/lib/python3.10/dist-packages/px4_msgs/msg/_event_s.c\n'}
[2.220723] (px4_msgs) StdoutLine: {'line': b'-- Up-to-date: /home/rschnurr/SkyClaw-Team1/ros2_ws/install/px4_msgs/local/lib/python3.10/dist-packages/px4_msgs/msg/_task_stack_info.py\n'}
[2.221063] (px4_msgs) StdoutLine: {'line': b'-- Up-to-date: /home/rschnurr/SkyClaw-Team1/ros2_ws/install/px4_msgs/local/lib/python3.10/dist-packages/px4_msgs/msg/_qshell_retval_s.c\n'}
[2.221229] (px4_msgs) StdoutLine: {'line': b'-- Up-to-date: /home/rschnurr/SkyClaw-Team1/ros2_ws/install/px4_msgs/local/lib/python3.10/dist-packages/px4_msgs/msg/_vtol_vehicle_status_s.c\n'}
[2.221594] (px4_msgs) StdoutLine: {'line': b'-- Up-to-date: /home/rschnurr/SkyClaw-Team1/ros2_ws/install/px4_msgs/local/lib/python3.10/dist-packages/px4_msgs/msg/_actuator_motors_s.c\n'}
[2.221982] (px4_msgs) StdoutLine: {'line': b'-- Up-to-date: /home/rschnurr/SkyClaw-Team1/ros2_ws/install/px4_msgs/local/lib/python3.10/dist-packages/px4_msgs/msg/_estimator_innovations.py\n'}
[2.222279] (px4_msgs) StdoutLine: {'line': b'-- Up-to-date: /home/rschnurr/SkyClaw-Team1/ros2_ws/install/px4_msgs/local/lib/python3.10/dist-packages/px4_msgs/msg/_open_drone_id_system_s.c\n'}
[2.222692] (px4_msgs) StdoutLine: {'line': b'-- Up-to-date: /home/rschnurr/SkyClaw-Team1/ros2_ws/install/px4_msgs/local/lib/python3.10/dist-packages/px4_msgs/msg/_vehicle_roi_s.c\n'}
[2.222761] (px4_msgs) StdoutLine: {'line': b'-- Up-to-date: /home/rschnurr/SkyClaw-Team1/ros2_ws/install/px4_msgs/local/lib/python3.10/dist-packages/px4_msgs/msg/_estimator_event_flags_s.c\n'}
[2.222805] (px4_msgs) StdoutLine: {'line': b'-- Up-to-date: /home/rschnurr/SkyClaw-Team1/ros2_ws/install/px4_msgs/local/lib/python3.10/dist-packages/px4_msgs/msg/_parameter_set_used_request_s.c\n'}
[2.222844] (px4_msgs) StdoutLine: {'line': b'-- Up-to-date: /home/rschnurr/SkyClaw-Team1/ros2_ws/install/px4_msgs/local/lib/python3.10/dist-packages/px4_msgs/msg/_orb_test_s.c\n'}
[2.222884] (px4_msgs) StdoutLine: {'line': b'-- Up-to-date: /home/rschnurr/SkyClaw-Team1/ros2_ws/install/px4_msgs/local/lib/python3.10/dist-packages/px4_msgs/msg/_vehicle_imu_s.c\n'}
[2.222923] (px4_msgs) StdoutLine: {'line': b'-- Up-to-date: /home/rschnurr/SkyClaw-Team1/ros2_ws/install/px4_msgs/local/lib/python3.10/dist-packages/px4_msgs/msg/_vehicle_local_position_setpoint.py\n'}
[2.222963] (px4_msgs) StdoutLine: {'line': b'-- Up-to-date: /home/rschnurr/SkyClaw-Team1/ros2_ws/install/px4_msgs/local/lib/python3.10/dist-packages/px4_msgs/msg/_ulog_stream.py\n'}
[2.223002] (px4_msgs) StdoutLine: {'line': b'-- Up-to-date: /home/rschnurr/SkyClaw-Team1/ros2_ws/install/px4_msgs/local/lib/python3.10/dist-packages/px4_msgs/msg/_debug_value.py\n'}
[2.223039] (px4_msgs) StdoutLine: {'line': b'-- Up-to-date: /home/rschnurr/SkyClaw-Team1/ros2_ws/install/px4_msgs/local/lib/python3.10/dist-packages/px4_msgs/msg/_landing_gear_wheel.py\n'}
[2.223077] (px4_msgs) StdoutLine: {'line': b'-- Up-to-date: /home/rschnurr/SkyClaw-Team1/ros2_ws/install/px4_msgs/local/lib/python3.10/dist-packages/px4_msgs/msg/_parameter_set_value_response.py\n'}
[2.223124] (px4_msgs) StdoutLine: {'line': b'-- Up-to-date: /home/rschnurr/SkyClaw-Team1/ros2_ws/install/px4_msgs/local/lib/python3.10/dist-packages/px4_msgs/msg/_sensor_accel_fifo_s.c\n'}
[2.223161] (px4_msgs) StdoutLine: {'line': b'-- Up-to-date: /home/rschnurr/SkyClaw-Team1/ros2_ws/install/px4_msgs/local/lib/python3.10/dist-packages/px4_msgs/msg/_ulog_stream_s.c\n'}
[2.223346] (px4_msgs) StdoutLine: {'line': b'-- Up-to-date: /home/rschnurr/SkyClaw-Team1/ros2_ws/install/px4_msgs/local/lib/python3.10/dist-packages/px4_msgs/msg/_actuator_servos_trim.py\n'}
[2.223656] (px4_msgs) StdoutLine: {'line': b'-- Up-to-date: /home/rschnurr/SkyClaw-Team1/ros2_ws/install/px4_msgs/local/lib/python3.10/dist-packages/px4_msgs/msg/_position_controller_landing_status_s.c\n'}
[2.223952] (px4_msgs) StdoutLine: {'line': b'-- Up-to-date: /home/rschnurr/SkyClaw-Team1/ros2_ws/install/px4_msgs/local/lib/python3.10/dist-packages/px4_msgs/msg/_tiltrotor_extra_controls_s.c\n'}
[2.224449] (px4_msgs) StdoutLine: {'line': b'-- Up-to-date: /home/rschnurr/SkyClaw-Team1/ros2_ws/install/px4_msgs/local/lib/python3.10/dist-packages/px4_msgs/msg/_fixed_wing_longitudinal_setpoint_s.c\n'}
[2.224661] (px4_msgs) StdoutLine: {'line': b'-- Up-to-date: /home/rschnurr/SkyClaw-Team1/ros2_ws/install/px4_msgs/local/lib/python3.10/dist-packages/px4_msgs/msg/_velocity_limits_s.c\n'}
[2.224866] (px4_msgs) StdoutLine: {'line': b'-- Up-to-date: /home/rschnurr/SkyClaw-Team1/ros2_ws/install/px4_msgs/local/lib/python3.10/dist-packages/px4_msgs/msg/_failsafe_flags_s.c\n'}
[2.225013] (px4_msgs) StdoutLine: {'line': b'-- Up-to-date: /home/rschnurr/SkyClaw-Team1/ros2_ws/install/px4_msgs/local/lib/python3.10/dist-packages/px4_msgs/msg/_dronecan_node_status_s.c\n'}
[2.225706] (px4_msgs) StdoutLine: {'line': b'-- Up-to-date: /home/rschnurr/SkyClaw-Team1/ros2_ws/install/px4_msgs/local/lib/python3.10/dist-packages/px4_msgs/msg/_vehicle_acceleration_s.c\n'}
[2.226065] (px4_msgs) StdoutLine: {'line': b'-- Up-to-date: /home/rschnurr/SkyClaw-Team1/ros2_ws/install/px4_msgs/local/lib/python3.10/dist-packages/px4_msgs/msg/_satellite_info.py\n'}
[2.226352] (px4_msgs) StdoutLine: {'line': b'-- Up-to-date: /home/rschnurr/SkyClaw-Team1/ros2_ws/install/px4_msgs/local/lib/python3.10/dist-packages/px4_msgs/msg/_arming_check_reply.py\n'}
[2.226726] (px4_msgs) StdoutLine: {'line': b'-- Up-to-date: /home/rschnurr/SkyClaw-Team1/ros2_ws/install/px4_msgs/local/lib/python3.10/dist-packages/px4_msgs/msg/_rover_speed_status.py\n'}
[2.226807] (px4_msgs) StdoutLine: {'line': b'-- Up-to-date: /home/rschnurr/SkyClaw-Team1/ros2_ws/install/px4_msgs/local/lib/python3.10/dist-packages/px4_msgs/msg/_rover_speed_status_s.c\n'}
[2.226861] (px4_msgs) StdoutLine: {'line': b'-- Up-to-date: /home/rschnurr/SkyClaw-Team1/ros2_ws/install/px4_msgs/local/lib/python3.10/dist-packages/px4_msgs/msg/_sensor_gyro_fifo.py\n'}
[2.226909] (px4_msgs) StdoutLine: {'line': b'-- Up-to-date: /home/rschnurr/SkyClaw-Team1/ros2_ws/install/px4_msgs/local/lib/python3.10/dist-packages/px4_msgs/msg/_velocity_limits.py\n'}
[2.227028] (px4_msgs) StdoutLine: {'line': b'-- Up-to-date: /home/rschnurr/SkyClaw-Team1/ros2_ws/install/px4_msgs/local/lib/python3.10/dist-packages/px4_msgs/msg/_fuel_tank_status.py\n'}
[2.227101] (px4_msgs) StdoutLine: {'line': b'-- Up-to-date: /home/rschnurr/SkyClaw-Team1/ros2_ws/install/px4_msgs/local/lib/python3.10/dist-packages/px4_msgs/msg/_figure_eight_status_s.c\n'}
[2.227174] (px4_msgs) StdoutLine: {'line': b'-- Up-to-date: /home/rschnurr/SkyClaw-Team1/ros2_ws/install/px4_msgs/local/lib/python3.10/dist-packages/px4_msgs/msg/_vehicle_local_position_s.c\n'}
[2.227237] (px4_msgs) StdoutLine: {'line': b'-- Up-to-date: /home/rschnurr/SkyClaw-Team1/ros2_ws/install/px4_msgs/local/lib/python3.10/dist-packages/px4_msgs/msg/_distance_sensor_mode_change_request_s.c\n'}
[2.227422] (px4_msgs) StdoutLine: {'line': b'-- Up-to-date: /home/rschnurr/SkyClaw-Team1/ros2_ws/install/px4_msgs/local/lib/python3.10/dist-packages/px4_msgs/msg/_fixed_wing_longitudinal_setpoint.py\n'}
[2.227567] (px4_msgs) StdoutLine: {'line': b'-- Up-to-date: /home/rschnurr/SkyClaw-Team1/ros2_ws/install/px4_msgs/local/lib/python3.10/dist-packages/px4_msgs/msg/_camera_capture_s.c\n'}
[2.227824] (px4_msgs) StdoutLine: {'line': b'-- Up-to-date: /home/rschnurr/SkyClaw-Team1/ros2_ws/install/px4_msgs/local/lib/python3.10/dist-packages/px4_msgs/msg/_vehicle_attitude.py\n'}
[2.228079] (px4_msgs) StdoutLine: {'line': b'-- Up-to-date: /home/rschnurr/SkyClaw-Team1/ros2_ws/install/px4_msgs/local/lib/python3.10/dist-packages/px4_msgs/msg/_px4io_status_s.c\n'}
[2.228322] (px4_msgs) StdoutLine: {'line': b'-- Up-to-date: /home/rschnurr/SkyClaw-Team1/ros2_ws/install/px4_msgs/local/lib/python3.10/dist-packages/px4_msgs/msg/_position_controller_landing_status.py\n'}
[2.228819] (px4_msgs) StdoutLine: {'line': b'-- Up-to-date: /home/rschnurr/SkyClaw-Team1/ros2_ws/install/px4_msgs/local/lib/python3.10/dist-packages/px4_msgs/msg/_position_setpoint_triplet_s.c\n'}
[2.229015] (px4_msgs) StdoutLine: {'line': b'-- Up-to-date: /home/rschnurr/SkyClaw-Team1/ros2_ws/install/px4_msgs/local/lib/python3.10/dist-packages/px4_msgs/msg/_vehicle_odometry.py\n'}
[2.229200] (px4_msgs) StdoutLine: {'line': b'-- Up-to-date: /home/rschnurr/SkyClaw-Team1/ros2_ws/install/px4_msgs/local/lib/python3.10/dist-packages/px4_msgs/msg/_vehicle_local_position.py\n'}
[2.229447] (px4_msgs) StdoutLine: {'line': b'-- Up-to-date: /home/rschnurr/SkyClaw-Team1/ros2_ws/install/px4_msgs/local/lib/python3.10/dist-packages/px4_msgs/msg/_trajectory_setpoint_s.c\n'}
[2.229706] (px4_msgs) StdoutLine: {'line': b'-- Up-to-date: /home/rschnurr/SkyClaw-Team1/ros2_ws/install/px4_msgs/local/lib/python3.10/dist-packages/px4_msgs/msg/_failure_detector_status_s.c\n'}
[2.229772] (px4_msgs) StdoutLine: {'line': b'-- Up-to-date: /home/rschnurr/SkyClaw-Team1/ros2_ws/install/px4_msgs/local/lib/python3.10/dist-packages/px4_msgs/msg/_sensor_selection.py\n'}
[2.229823] (px4_msgs) StdoutLine: {'line': b'-- Up-to-date: /home/rschnurr/SkyClaw-Team1/ros2_ws/install/px4_msgs/local/lib/python3.10/dist-packages/px4_msgs/msg/_pure_pursuit_status_s.c\n'}
[2.229865] (px4_msgs) StdoutLine: {'line': b'-- Up-to-date: /home/rschnurr/SkyClaw-Team1/ros2_ws/install/px4_msgs/local/lib/python3.10/dist-packages/px4_msgs/msg/_estimator_bias_s.c\n'}
[2.229902] (px4_msgs) StdoutLine: {'line': b'-- Up-to-date: /home/rschnurr/SkyClaw-Team1/ros2_ws/install/px4_msgs/local/lib/python3.10/dist-packages/px4_msgs/msg/_vehicle_attitude_setpoint.py\n'}
[2.229939] (px4_msgs) StdoutLine: {'line': b'-- Up-to-date: /home/rschnurr/SkyClaw-Team1/ros2_ws/install/px4_msgs/local/lib/python3.10/dist-packages/px4_msgs/msg/_collision_constraints_s.c\n'}
[2.229974] (px4_msgs) StdoutLine: {'line': b'-- Up-to-date: /home/rschnurr/SkyClaw-Team1/ros2_ws/install/px4_msgs/local/lib/python3.10/dist-packages/px4_msgs/msg/_mission_result_s.c\n'}
[2.230008] (px4_msgs) StdoutLine: {'line': b'-- Up-to-date: /home/rschnurr/SkyClaw-Team1/ros2_ws/install/px4_msgs/local/lib/python3.10/dist-packages/px4_msgs/msg/_debug_vect.py\n'}
[2.230042] (px4_msgs) StdoutLine: {'line': b'-- Up-to-date: /home/rschnurr/SkyClaw-Team1/ros2_ws/install/px4_msgs/local/lib/python3.10/dist-packages/px4_msgs/msg/_rover_rate_setpoint_s.c\n'}
[2.230076] (px4_msgs) StdoutLine: {'line': b'-- Up-to-date: /home/rschnurr/SkyClaw-Team1/ros2_ws/install/px4_msgs/local/lib/python3.10/dist-packages/px4_msgs/msg/_hover_thrust_estimate.py\n'}
[2.230232] (px4_msgs) StdoutLine: {'line': b'-- Up-to-date: /home/rschnurr/SkyClaw-Team1/ros2_ws/install/px4_msgs/local/lib/python3.10/dist-packages/px4_msgs/msg/_qshell_retval.py\n'}
[2.230340] (px4_msgs) StdoutLine: {'line': b'-- Up-to-date: /home/rschnurr/SkyClaw-Team1/ros2_ws/install/px4_msgs/local/lib/python3.10/dist-packages/px4_msgs/msg/_estimator_bias3d.py\n'}
[2.230394] (px4_msgs) StdoutLine: {'line': b'-- Up-to-date: /home/rschnurr/SkyClaw-Team1/ros2_ws/install/px4_msgs/local/lib/python3.10/dist-packages/px4_msgs/msg/_gps_inject_data_s.c\n'}
[2.230438] (px4_msgs) StdoutLine: {'line': b'-- Up-to-date: /home/rschnurr/SkyClaw-Team1/ros2_ws/install/px4_msgs/local/lib/python3.10/dist-packages/px4_msgs/msg/_sensor_accel_s.c\n'}
[2.230476] (px4_msgs) StdoutLine: {'line': b'-- Up-to-date: /home/rschnurr/SkyClaw-Team1/ros2_ws/install/px4_msgs/local/lib/python3.10/dist-packages/px4_msgs/msg/_internal_combustion_engine_control_s.c\n'}
[2.230513] (px4_msgs) StdoutLine: {'line': b'-- Up-to-date: /home/rschnurr/SkyClaw-Team1/ros2_ws/install/px4_msgs/local/lib/python3.10/dist-packages/px4_msgs/msg/_vehicle_attitude_s.c\n'}
[2.230548] (px4_msgs) StdoutLine: {'line': b'-- Up-to-date: /home/rschnurr/SkyClaw-Team1/ros2_ws/install/px4_msgs/local/lib/python3.10/dist-packages/px4_msgs/msg/_estimator_aid_source2d.py\n'}
[2.230583] (px4_msgs) StdoutLine: {'line': b'-- Up-to-date: /home/rschnurr/SkyClaw-Team1/ros2_ws/install/px4_msgs/local/lib/python3.10/dist-packages/px4_msgs/msg/_logger_status_s.c\n'}
[2.230620] (px4_msgs) StdoutLine: {'line': b'-- Up-to-date: /home/rschnurr/SkyClaw-Team1/ros2_ws/install/px4_msgs/local/lib/python3.10/dist-packages/px4_msgs/msg/_hover_thrust_estimate_s.c\n'}
[2.230653] (px4_msgs) StdoutLine: {'line': b'-- Up-to-date: /home/rschnurr/SkyClaw-Team1/ros2_ws/install/px4_msgs/local/lib/python3.10/dist-packages/px4_msgs/msg/_gimbal_manager_status.py\n'}
[2.230695] (px4_msgs) StdoutLine: {'line': b'-- Up-to-date: /home/rschnurr/SkyClaw-Team1/ros2_ws/install/px4_msgs/local/lib/python3.10/dist-packages/px4_msgs/msg/_system_power_s.c\n'}
[2.230917] (px4_msgs) StdoutLine: {'line': b'-- Up-to-date: /home/rschnurr/SkyClaw-Team1/ros2_ws/install/px4_msgs/local/lib/python3.10/dist-packages/px4_msgs/msg/_event.py\n'}
[2.231216] (px4_msgs) StdoutLine: {'line': b'-- Up-to-date: /home/rschnurr/SkyClaw-Team1/ros2_ws/install/px4_msgs/local/lib/python3.10/dist-packages/px4_msgs/msg/_lateral_control_configuration_s.c\n'}
[2.231513] (px4_msgs) StdoutLine: {'line': b'-- Up-to-date: /home/rschnurr/SkyClaw-Team1/ros2_ws/install/px4_msgs/local/lib/python3.10/dist-packages/px4_msgs/msg/_generator_status.py\n'}
[2.231807] (px4_msgs) StdoutLine: {'line': b'-- Up-to-date: /home/rschnurr/SkyClaw-Team1/ros2_ws/install/px4_msgs/local/lib/python3.10/dist-packages/px4_msgs/msg/_takeoff_status_s.c\n'}
[2.232222] (px4_msgs) StdoutLine: {'line': b'-- Up-to-date: /home/rschnurr/SkyClaw-Team1/ros2_ws/install/px4_msgs/local/lib/python3.10/dist-packages/px4_msgs/msg/_rpm_s.c\n'}
[2.232539] (px4_msgs) StdoutLine: {'line': b'-- Up-to-date: /home/rschnurr/SkyClaw-Team1/ros2_ws/install/px4_msgs/local/lib/python3.10/dist-packages/px4_msgs/msg/_estimator_states_s.c\n'}
[2.233125] (px4_msgs) StdoutLine: {'line': b'-- Up-to-date: /home/rschnurr/SkyClaw-Team1/ros2_ws/install/px4_msgs/local/lib/python3.10/dist-packages/px4_msgs/msg/_landing_target_innovations_s.c\n'}
[2.233274] (px4_msgs) StdoutLine: {'line': b'-- Up-to-date: /home/rschnurr/SkyClaw-Team1/ros2_ws/install/px4_msgs/local/lib/python3.10/dist-packages/px4_msgs/msg/_esc_report_s.c\n'}
[2.233410] (px4_msgs) StdoutLine: {'line': b'-- Up-to-date: /home/rschnurr/SkyClaw-Team1/ros2_ws/install/px4_msgs/local/lib/python3.10/dist-packages/px4_msgs/msg/_rover_steering_setpoint_s.c\n'}
[2.233529] (px4_msgs) StdoutLine: {'line': b'-- Up-to-date: /home/rschnurr/SkyClaw-Team1/ros2_ws/install/px4_msgs/local/lib/python3.10/dist-packages/px4_msgs/msg/_mavlink_tunnel.py\n'}
[2.233662] (px4_msgs) StdoutLine: {'line': b'-- Up-to-date: /home/rschnurr/SkyClaw-Team1/ros2_ws/install/px4_msgs/local/lib/python3.10/dist-packages/px4_msgs/msg/_airspeed_validated.py\n'}
[2.233989] (px4_msgs) StdoutLine: {'line': b'-- Up-to-date: /home/rschnurr/SkyClaw-Team1/ros2_ws/install/px4_msgs/local/lib/python3.10/dist-packages/px4_msgs/msg/_led_control_s.c\n'}
[2.234057] (px4_msgs) StdoutLine: {'line': b'-- Up-to-date: /home/rschnurr/SkyClaw-Team1/ros2_ws/install/px4_msgs/local/lib/python3.10/dist-packages/px4_msgs/msg/_trajectory_setpoint6dof_s.c\n'}
[2.234106] (px4_msgs) StdoutLine: {'line': b'-- Up-to-date: /home/rschnurr/SkyClaw-Team1/ros2_ws/install/px4_msgs/local/lib/python3.10/dist-packages/px4_msgs/msg/_gimbal_device_set_attitude_s.c\n'}
[2.234196] (px4_msgs) StdoutLine: {'line': b'-- Up-to-date: /home/rschnurr/SkyClaw-Team1/ros2_ws/install/px4_msgs/local/lib/python3.10/dist-packages/px4_msgs/msg/_open_drone_id_arm_status_s.c\n'}
[2.234235] (px4_msgs) StdoutLine: {'line': b'-- Up-to-date: /home/rschnurr/SkyClaw-Team1/ros2_ws/install/px4_msgs/local/lib/python3.10/dist-packages/px4_msgs/msg/_mount_orientation.py\n'}
[2.234272] (px4_msgs) StdoutLine: {'line': b'-- Up-to-date: /home/rschnurr/SkyClaw-Team1/ros2_ws/install/px4_msgs/local/lib/python3.10/dist-packages/px4_msgs/msg/_generator_status_s.c\n'}
[2.234394] (px4_msgs) StdoutLine: {'line': b'-- Up-to-date: /home/rschnurr/SkyClaw-Team1/ros2_ws/install/px4_msgs/local/lib/python3.10/dist-packages/px4_msgs/msg/_sensor_uwb.py\n'}
[2.234570] (px4_msgs) StdoutLine: {'line': b'-- Up-to-date: /home/rschnurr/SkyClaw-Team1/ros2_ws/install/px4_msgs/local/lib/python3.10/dist-packages/px4_msgs/msg/_sensor_gnss_status_s.c\n'}
[2.234627] (px4_msgs) StdoutLine: {'line': b'-- Up-to-date: /home/rschnurr/SkyClaw-Team1/ros2_ws/install/px4_msgs/local/lib/python3.10/dist-packages/px4_msgs/msg/_power_button_state.py\n'}
[2.234679] (px4_msgs) StdoutLine: {'line': b'-- Up-to-date: /home/rschnurr/SkyClaw-Team1/ros2_ws/install/px4_msgs/local/lib/python3.10/dist-packages/px4_msgs/msg/_vehicle_optical_flow_vel_s.c\n'}
[2.234713] (px4_msgs) StdoutLine: {'line': b'-- Up-to-date: /home/rschnurr/SkyClaw-Team1/ros2_ws/install/px4_msgs/local/lib/python3.10/dist-packages/px4_msgs/msg/_gpio_in.py\n'}
[2.234760] (px4_msgs) StdoutLine: {'line': b'-- Up-to-date: /home/rschnurr/SkyClaw-Team1/ros2_ws/install/px4_msgs/local/lib/python3.10/dist-packages/px4_msgs/msg/_landing_gear.py\n'}
[2.235248] (px4_msgs) StdoutLine: {'line': b'-- Up-to-date: /home/rschnurr/SkyClaw-Team1/ros2_ws/install/px4_msgs/local/lib/python3.10/dist-packages/px4_msgs/msg/_gpio_in_s.c\n'}
[2.235419] (px4_msgs) StdoutLine: {'line': b'-- Up-to-date: /home/rschnurr/SkyClaw-Team1/ros2_ws/install/px4_msgs/local/lib/python3.10/dist-packages/px4_msgs/msg/_actuator_test_s.c\n'}
[2.235505] (px4_msgs) StdoutLine: {'line': b'-- Up-to-date: /home/rschnurr/SkyClaw-Team1/ros2_ws/install/px4_msgs/local/lib/python3.10/dist-packages/px4_msgs/msg/_failure_detector_status.py\n'}
[2.235562] (px4_msgs) StdoutLine: {'line': b'-- Up-to-date: /home/rschnurr/SkyClaw-Team1/ros2_ws/install/px4_msgs/local/lib/python3.10/dist-packages/px4_msgs/msg/_internal_combustion_engine_control.py\n'}
[2.235870] (px4_msgs) StdoutLine: {'line': b'-- Up-to-date: /home/rschnurr/SkyClaw-Team1/ros2_ws/install/px4_msgs/local/lib/python3.10/dist-packages/px4_msgs/msg/_gpio_out_s.c\n'}
[2.235954] (px4_msgs) StdoutLine: {'line': b'-- Up-to-date: /home/rschnurr/SkyClaw-Team1/ros2_ws/install/px4_msgs/local/lib/python3.10/dist-packages/px4_msgs/msg/_internal_combustion_engine_status.py\n'}
[2.236012] (px4_msgs) StdoutLine: {'line': b'-- Up-to-date: /home/rschnurr/SkyClaw-Team1/ros2_ws/install/px4_msgs/local/lib/python3.10/dist-packages/px4_msgs/msg/_follow_target_status_s.c\n'}
[2.236064] (px4_msgs) StdoutLine: {'line': b'-- Up-to-date: /home/rschnurr/SkyClaw-Team1/ros2_ws/install/px4_msgs/local/lib/python3.10/dist-packages/px4_msgs/msg/_control_allocator_status_s.c\n'}
[2.236105] (px4_msgs) StdoutLine: {'line': b'-- Up-to-date: /home/rschnurr/SkyClaw-Team1/ros2_ws/install/px4_msgs/local/lib/python3.10/dist-packages/px4_msgs/msg/_vehicle_status_s.c\n'}
[2.236193] (px4_msgs) StdoutLine: {'line': b'-- Up-to-date: /home/rschnurr/SkyClaw-Team1/ros2_ws/install/px4_msgs/local/lib/python3.10/dist-packages/px4_msgs/msg/_battery_status.py\n'}
[2.236435] (px4_msgs) StdoutLine: {'line': b'-- Up-to-date: /home/rschnurr/SkyClaw-Team1/ros2_ws/install/px4_msgs/local/lib/python3.10/dist-packages/px4_msgs/msg/_pwm_input.py\n'}
[2.236514] (px4_msgs) StdoutLine: {'line': b'-- Up-to-date: /home/rschnurr/SkyClaw-Team1/ros2_ws/install/px4_msgs/local/lib/python3.10/dist-packages/px4_msgs/msg/_rtl_time_estimate_s.c\n'}
[2.236563] (px4_msgs) StdoutLine: {'line': b'-- Up-to-date: /home/rschnurr/SkyClaw-Team1/ros2_ws/install/px4_msgs/local/lib/python3.10/dist-packages/px4_msgs/msg/_rtl_time_estimate.py\n'}
[2.236621] (px4_msgs) StdoutLine: {'line': b'-- Up-to-date: /home/rschnurr/SkyClaw-Team1/ros2_ws/install/px4_msgs/local/lib/python3.10/dist-packages/px4_msgs/msg/_sensor_uwb_s.c\n'}
[2.236657] (px4_msgs) StdoutLine: {'line': b'-- Up-to-date: /home/rschnurr/SkyClaw-Team1/ros2_ws/install/px4_msgs/local/lib/python3.10/dist-packages/px4_msgs/msg/_sensors_status_s.c\n'}
[2.236692] (px4_msgs) StdoutLine: {'line': b'-- Up-to-date: /home/rschnurr/SkyClaw-Team1/ros2_ws/install/px4_msgs/local/lib/python3.10/dist-packages/px4_msgs/msg/_estimator_gps_status_s.c\n'}
[2.236725] (px4_msgs) StdoutLine: {'line': b'-- Up-to-date: /home/rschnurr/SkyClaw-Team1/ros2_ws/install/px4_msgs/local/lib/python3.10/dist-packages/px4_msgs/msg/_fixed_wing_runway_control_s.c\n'}
[2.236760] (px4_msgs) StdoutLine: {'line': b'-- Up-to-date: /home/rschnurr/SkyClaw-Team1/ros2_ws/install/px4_msgs/local/lib/python3.10/dist-packages/px4_msgs/msg/_fixed_wing_lateral_status_s.c\n'}
[2.236798] (px4_msgs) StdoutLine: {'line': b'-- Up-to-date: /home/rschnurr/SkyClaw-Team1/ros2_ws/install/px4_msgs/local/lib/python3.10/dist-packages/px4_msgs/msg/_position_setpoint_s.c\n'}
[2.236833] (px4_msgs) StdoutLine: {'line': b'-- Up-to-date: /home/rschnurr/SkyClaw-Team1/ros2_ws/install/px4_msgs/local/lib/python3.10/dist-packages/px4_msgs/msg/_mode_completed.py\n'}
[2.236867] (px4_msgs) StdoutLine: {'line': b'-- Up-to-date: /home/rschnurr/SkyClaw-Team1/ros2_ws/install/px4_msgs/local/lib/python3.10/dist-packages/px4_msgs/msg/_estimator_selector_status_s.c\n'}
[2.237168] (px4_msgs) StdoutLine: {'line': b'-- Up-to-date: /home/rschnurr/SkyClaw-Team1/ros2_ws/install/px4_msgs/local/lib/python3.10/dist-packages/px4_msgs/msg/_airspeed.py\n'}
[2.237385] (px4_msgs) StdoutLine: {'line': b'-- Up-to-date: /home/rschnurr/SkyClaw-Team1/ros2_ws/install/px4_msgs/local/lib/python3.10/dist-packages/px4_msgs/msg/_dataman_request_s.c\n'}
[2.237442] (px4_msgs) StdoutLine: {'line': b'-- Up-to-date: /home/rschnurr/SkyClaw-Team1/ros2_ws/install/px4_msgs/local/lib/python3.10/dist-packages/px4_msgs/msg/_sensor_mag.py\n'}
[2.237489] (px4_msgs) StdoutLine: {'line': b'-- Up-to-date: /home/rschnurr/SkyClaw-Team1/ros2_ws/install/px4_msgs/local/lib/python3.10/dist-packages/px4_msgs/msg/_airspeed_wind_s.c\n'}
[2.237528] (px4_msgs) StdoutLine: {'line': b'-- Up-to-date: /home/rschnurr/SkyClaw-Team1/ros2_ws/install/px4_msgs/local/lib/python3.10/dist-packages/px4_msgs/msg/_navigator_mission_item_s.c\n'}
[2.237567] (px4_msgs) StdoutLine: {'line': b'-- Up-to-date: /home/rschnurr/SkyClaw-Team1/ros2_ws/install/px4_msgs/local/lib/python3.10/dist-packages/px4_msgs/msg/_irlock_report.py\n'}
[2.237618] (px4_msgs) StdoutLine: {'line': b'-- Up-to-date: /home/rschnurr/SkyClaw-Team1/ros2_ws/install/px4_msgs/local/lib/python3.10/dist-packages/px4_msgs/msg/_home_position_s.c\n'}
[2.237654] (px4_msgs) StdoutLine: {'line': b'-- Up-to-date: /home/rschnurr/SkyClaw-Team1/ros2_ws/install/px4_msgs/local/lib/python3.10/dist-packages/px4_msgs/msg/_vehicle_attitude_setpoint_s.c\n'}
[2.237688] (px4_msgs) StdoutLine: {'line': b'-- Up-to-date: /home/rschnurr/SkyClaw-Team1/ros2_ws/install/px4_msgs/local/lib/python3.10/dist-packages/px4_msgs/msg/_sensor_baro.py\n'}
[2.237721] (px4_msgs) StdoutLine: {'line': b'-- Up-to-date: /home/rschnurr/SkyClaw-Team1/ros2_ws/install/px4_msgs/local/lib/python3.10/dist-packages/px4_msgs/msg/_geofence_result.py\n'}
[2.237756] (px4_msgs) StdoutLine: {'line': b'-- Up-to-date: /home/rschnurr/SkyClaw-Team1/ros2_ws/install/px4_msgs/local/lib/python3.10/dist-packages/px4_msgs/msg/_sensor_gps.py\n'}
[2.237790] (px4_msgs) StdoutLine: {'line': b'-- Up-to-date: /home/rschnurr/SkyClaw-Team1/ros2_ws/install/px4_msgs/local/lib/python3.10/dist-packages/px4_msgs/msg/_mavlink_tunnel_s.c\n'}
[2.237984] (px4_msgs) StdoutLine: {'line': b'-- Up-to-date: /home/rschnurr/SkyClaw-Team1/ros2_ws/install/px4_msgs/local/lib/python3.10/dist-packages/px4_msgs/msg/_rover_attitude_setpoint.py\n'}
[2.238246] (px4_msgs) StdoutLine: {'line': b'-- Up-to-date: /home/rschnurr/SkyClaw-Team1/ros2_ws/install/px4_msgs/local/lib/python3.10/dist-packages/px4_msgs/msg/_onboard_computer_status_s.c\n'}
[2.238533] (px4_msgs) StdoutLine: {'line': b'-- Up-to-date: /home/rschnurr/SkyClaw-Team1/ros2_ws/install/px4_msgs/local/lib/python3.10/dist-packages/px4_msgs/msg/_rc_channels_s.c\n'}
[2.238824] (px4_msgs) StdoutLine: {'line': b'-- Up-to-date: /home/rschnurr/SkyClaw-Team1/ros2_ws/install/px4_msgs/local/lib/python3.10/dist-packages/px4_msgs/msg/_sensor_gyro_fft.py\n'}
[2.239070] (px4_msgs) StdoutLine: {'line': b'-- Up-to-date: /home/rschnurr/SkyClaw-Team1/ros2_ws/install/px4_msgs/local/lib/python3.10/dist-packages/px4_msgs/msg/_rate_ctrl_status.py\n'}
[2.239308] (px4_msgs) StdoutLine: {'line': b'-- Up-to-date: /home/rschnurr/SkyClaw-Team1/ros2_ws/install/px4_msgs/local/lib/python3.10/dist-packages/px4_msgs/msg/_actuator_armed_s.c\n'}
[2.239600] (px4_msgs) StdoutLine: {'line': b'-- Up-to-date: /home/rschnurr/SkyClaw-Team1/ros2_ws/install/px4_msgs/local/lib/python3.10/dist-packages/px4_msgs/msg/_radio_status.py\n'}
[2.239794] (px4_msgs) StdoutLine: {'line': b'-- Up-to-date: /home/rschnurr/SkyClaw-Team1/ros2_ws/install/px4_msgs/local/lib/python3.10/dist-packages/px4_msgs/msg/_manual_control_switches.py\n'}
[2.239861] (px4_msgs) StdoutLine: {'line': b'-- Up-to-date: /home/rschnurr/SkyClaw-Team1/ros2_ws/install/px4_msgs/local/lib/python3.10/dist-packages/px4_msgs/msg/_actuator_test.py\n'}
[2.240080] (px4_msgs) StdoutLine: {'line': b'-- Up-to-date: /home/rschnurr/SkyClaw-Team1/ros2_ws/install/px4_msgs/local/lib/python3.10/dist-packages/px4_msgs/msg/_normalized_unsigned_setpoint_s.c\n'}
[2.240171] (px4_msgs) StdoutLine: {'line': b'-- Up-to-date: /home/rschnurr/SkyClaw-Team1/ros2_ws/install/px4_msgs/local/lib/python3.10/dist-packages/px4_msgs/msg/_sensor_combined.py\n'}
[2.240214] (px4_msgs) StdoutLine: {'line': b'-- Up-to-date: /home/rschnurr/SkyClaw-Team1/ros2_ws/install/px4_msgs/local/lib/python3.10/dist-packages/px4_msgs/msg/_battery_status_s.c\n'}
[2.240270] (px4_msgs) StdoutLine: {'line': b'-- Up-to-date: /home/rschnurr/SkyClaw-Team1/ros2_ws/install/px4_msgs/local/lib/python3.10/dist-packages/px4_msgs/msg/_gripper_s.c\n'}
[2.240520] (px4_msgs) StdoutLine: {'line': b'-- Up-to-date: /home/rschnurr/SkyClaw-Team1/ros2_ws/install/px4_msgs/local/lib/python3.10/dist-packages/px4_msgs/msg/_open_drone_id_arm_status.py\n'}
[2.240815] (px4_msgs) StdoutLine: {'line': b'-- Up-to-date: /home/rschnurr/SkyClaw-Team1/ros2_ws/install/px4_msgs/local/lib/python3.10/dist-packages/px4_msgs/msg/_tecs_status_s.c\n'}
[2.240994] (px4_msgs) StdoutLine: {'line': b'-- Up-to-date: /home/rschnurr/SkyClaw-Team1/ros2_ws/install/px4_msgs/local/lib/python3.10/dist-packages/px4_msgs/msg/_vehicle_angular_acceleration_setpoint.py\n'}
[2.241263] (px4_msgs) StdoutLine: {'line': b'-- Up-to-date: /home/rschnurr/SkyClaw-Team1/ros2_ws/install/px4_msgs/local/lib/python3.10/dist-packages/px4_msgs/msg/_gimbal_manager_set_attitude_s.c\n'}
[2.241475] (px4_msgs) StdoutLine: {'line': b'-- Up-to-date: /home/rschnurr/SkyClaw-Team1/ros2_ws/install/px4_msgs/local/lib/python3.10/dist-packages/px4_msgs/msg/_wind_s.c\n'}
[2.241536] (px4_msgs) StdoutLine: {'line': b'-- Up-to-date: /home/rschnurr/SkyClaw-Team1/ros2_ws/install/px4_msgs/local/lib/python3.10/dist-packages/px4_msgs/msg/_rover_steering_setpoint.py\n'}
[2.241582] (px4_msgs) StdoutLine: {'line': b'-- Up-to-date: /home/rschnurr/SkyClaw-Team1/ros2_ws/install/px4_msgs/local/lib/python3.10/dist-packages/px4_msgs/msg/_debug_value_s.c\n'}
[2.241622] (px4_msgs) StdoutLine: {'line': b'-- Up-to-date: /home/rschnurr/SkyClaw-Team1/ros2_ws/install/px4_msgs/local/lib/python3.10/dist-packages/px4_msgs/msg/_follow_target_estimator.py\n'}
[2.241661] (px4_msgs) StdoutLine: {'line': b'-- Up-to-date: /home/rschnurr/SkyClaw-Team1/ros2_ws/install/px4_msgs/local/lib/python3.10/dist-packages/px4_msgs/msg/_irlock_report_s.c\n'}
[2.241762] (px4_msgs) StdoutLine: {'line': b'-- Up-to-date: /home/rschnurr/SkyClaw-Team1/ros2_ws/install/px4_msgs/local/lib/python3.10/dist-packages/px4_msgs/msg/_config_overrides.py\n'}
[2.241858] (px4_msgs) StdoutLine: {'line': b'-- Up-to-date: /home/rschnurr/SkyClaw-Team1/ros2_ws/install/px4_msgs/local/lib/python3.10/dist-packages/px4_msgs/msg/_trajectory_setpoint.py\n'}
[2.241918] (px4_msgs) StdoutLine: {'line': b'-- Up-to-date: /home/rschnurr/SkyClaw-Team1/ros2_ws/install/px4_msgs/local/lib/python3.10/dist-packages/px4_msgs/msg/_neural_control_s.c\n'}
[2.241971] (px4_msgs) StdoutLine: {'line': b'-- Up-to-date: /home/rschnurr/SkyClaw-Team1/ros2_ws/install/px4_msgs/local/lib/python3.10/dist-packages/px4_msgs/msg/_parameter_set_value_request.py\n'}
[2.242175] (px4_msgs) StdoutLine: {'line': b'-- Up-to-date: /home/rschnurr/SkyClaw-Team1/ros2_ws/install/px4_msgs/local/lib/python3.10/dist-packages/px4_msgs/msg/_esc_status.py\n'}
[2.242343] (px4_msgs) StdoutLine: {'line': b'-- Up-to-date: /home/rschnurr/SkyClaw-Team1/ros2_ws/install/px4_msgs/local/lib/python3.10/dist-packages/px4_msgs/msg/_pwm_input_s.c\n'}
[2.242413] (px4_msgs) StdoutLine: {'line': b'-- Up-to-date: /home/rschnurr/SkyClaw-Team1/ros2_ws/install/px4_msgs/local/lib/python3.10/dist-packages/px4_msgs/msg/_vehicle_command_s.c\n'}
[2.242468] (px4_msgs) StdoutLine: {'line': b'-- Up-to-date: /home/rschnurr/SkyClaw-Team1/ros2_ws/install/px4_msgs/local/lib/python3.10/dist-packages/px4_msgs/msg/_vehicle_global_position.py\n'}
[2.242520] (px4_msgs) StdoutLine: {'line': b'-- Up-to-date: /home/rschnurr/SkyClaw-Team1/ros2_ws/install/px4_msgs/local/lib/python3.10/dist-packages/px4_msgs/msg/_actuator_outputs.py\n'}
[2.242569] (px4_msgs) StdoutLine: {'line': b'-- Up-to-date: /home/rschnurr/SkyClaw-Team1/ros2_ws/install/px4_msgs/local/lib/python3.10/dist-packages/px4_msgs/msg/_health_report.py\n'}
[2.242626] (px4_msgs) StdoutLine: {'line': b'-- Up-to-date: /home/rschnurr/SkyClaw-Team1/ros2_ws/install/px4_msgs/local/lib/python3.10/dist-packages/px4_msgs/msg/_vehicle_angular_velocity.py\n'}
[2.243061] (px4_msgs) StdoutLine: {'line': b'-- Up-to-date: /home/rschnurr/SkyClaw-Team1/ros2_ws/install/px4_msgs/local/lib/python3.10/dist-packages/px4_msgs/msg/_gimbal_manager_status_s.c\n'}
[2.243131] (px4_msgs) StdoutLine: {'line': b'-- Up-to-date: /home/rschnurr/SkyClaw-Team1/ros2_ws/install/px4_msgs/local/lib/python3.10/dist-packages/px4_msgs/msg/_sensor_gyro_fft_s.c\n'}
[2.243183] (px4_msgs) StdoutLine: {'line': b'-- Up-to-date: /home/rschnurr/SkyClaw-Team1/ros2_ws/install/px4_msgs/local/lib/python3.10/dist-packages/px4_msgs/msg/_vehicle_roi.py\n'}
[2.243285] (px4_msgs) StdoutLine: {'line': b'-- Up-to-date: /home/rschnurr/SkyClaw-Team1/ros2_ws/install/px4_msgs/local/lib/python3.10/dist-packages/px4_msgs/msg/_manual_control_switches_s.c\n'}
[2.243359] (px4_msgs) StdoutLine: {'line': b'-- Up-to-date: /home/rschnurr/SkyClaw-Team1/ros2_ws/install/px4_msgs/local/lib/python3.10/dist-packages/px4_msgs/msg/_radio_status_s.c\n'}
[2.243505] (px4_msgs) StdoutLine: {'line': b'-- Up-to-date: /home/rschnurr/SkyClaw-Team1/ros2_ws/install/px4_msgs/local/lib/python3.10/dist-packages/px4_msgs/msg/_launch_detection_status.py\n'}
[2.243751] (px4_msgs) StdoutLine: {'line': b'-- Up-to-date: /home/rschnurr/SkyClaw-Team1/ros2_ws/install/px4_msgs/local/lib/python3.10/dist-packages/px4_msgs/msg/_vehicle_local_position_setpoint_s.c\n'}
[2.243953] (px4_msgs) StdoutLine: {'line': b'-- Up-to-date: /home/rschnurr/SkyClaw-Team1/ros2_ws/install/px4_msgs/local/lib/python3.10/dist-packages/px4_msgs/msg/_fixed_wing_lateral_setpoint_s.c\n'}
[2.244295] (px4_msgs) StdoutLine: {'line': b'-- Up-to-date: /home/rschnurr/SkyClaw-Team1/ros2_ws/install/px4_msgs/local/lib/python3.10/dist-packages/px4_msgs/msg/_differential_pressure.py\n'}
[2.244628] (px4_msgs) StdoutLine: {'line': b'-- Up-to-date: /home/rschnurr/SkyClaw-Team1/ros2_ws/install/px4_msgs/local/lib/python3.10/dist-packages/px4_msgs/msg/_parameter_reset_request.py\n'}
[2.244865] (px4_msgs) StdoutLine: {'line': b'-- Up-to-date: /home/rschnurr/SkyClaw-Team1/ros2_ws/install/px4_msgs/local/lib/python3.10/dist-packages/px4_msgs/msg/_fixed_wing_lateral_setpoint.py\n'}
[2.245247] (px4_msgs) StdoutLine: {'line': b'-- Up-to-date: /home/rschnurr/SkyClaw-Team1/ros2_ws/install/px4_msgs/local/lib/python3.10/dist-packages/px4_msgs/msg/_log_message_s.c\n'}
[2.245339] (px4_msgs) StdoutLine: {'line': b'-- Up-to-date: /home/rschnurr/SkyClaw-Team1/ros2_ws/install/px4_msgs/local/lib/python3.10/dist-packages/px4_msgs/msg/_vehicle_imu_status_s.c\n'}
[2.245402] (px4_msgs) StdoutLine: {'line': b'-- Up-to-date: /home/rschnurr/SkyClaw-Team1/ros2_ws/install/px4_msgs/local/lib/python3.10/dist-packages/px4_msgs/msg/_estimator_status.py\n'}
[2.245505] (px4_msgs) StdoutLine: {'line': b'-- Up-to-date: /home/rschnurr/SkyClaw-Team1/ros2_ws/install/px4_msgs/local/lib/python3.10/dist-packages/px4_msgs/msg/_config_overrides_s.c\n'}
[2.246110] (px4_msgs) StdoutLine: {'line': b'-- Up-to-date: /home/rschnurr/SkyClaw-Team1/ros2_ws/install/px4_msgs/local/lib/python3.10/dist-packages/px4_msgs/msg/_navigator_mission_item.py\n'}
[2.246196] (px4_msgs) StdoutLine: {'line': b'-- Up-to-date: /home/rschnurr/SkyClaw-Team1/ros2_ws/install/px4_msgs/local/lib/python3.10/dist-packages/px4_msgs/msg/_onboard_computer_status.py\n'}
[2.246255] (px4_msgs) StdoutLine: {'line': b'-- Up-to-date: /home/rschnurr/SkyClaw-Team1/ros2_ws/install/px4_msgs/local/lib/python3.10/dist-packages/px4_msgs/msg/_sensor_gyro_fifo_s.c\n'}
[2.246315] (px4_msgs) StdoutLine: {'line': b'-- Up-to-date: /home/rschnurr/SkyClaw-Team1/ros2_ws/install/px4_msgs/local/lib/python3.10/dist-packages/px4_msgs/msg/_uavcan_parameter_value.py\n'}
[2.246393] (px4_msgs) StdoutLine: {'line': b'-- Up-to-date: /home/rschnurr/SkyClaw-Team1/ros2_ws/install/px4_msgs/local/lib/python3.10/dist-packages/px4_msgs/msg/_can_interface_status.py\n'}
[2.246444] (px4_msgs) StdoutLine: {'line': b'-- Up-to-date: /home/rschnurr/SkyClaw-Team1/ros2_ws/install/px4_msgs/local/lib/python3.10/dist-packages/px4_msgs/msg/_sensor_gyro.py\n'}
[2.246497] (px4_msgs) StdoutLine: {'line': b'-- Up-to-date: /home/rschnurr/SkyClaw-Team1/ros2_ws/install/px4_msgs/local/lib/python3.10/dist-packages/px4_msgs/msg/_px4io_status.py\n'}
[2.246547] (px4_msgs) StdoutLine: {'line': b'-- Up-to-date: /home/rschnurr/SkyClaw-Team1/ros2_ws/install/px4_msgs/local/lib/python3.10/dist-packages/px4_msgs/msg/_gps_dump_s.c\n'}
[2.246600] (px4_msgs) StdoutLine: {'line': b'-- Up-to-date: /home/rschnurr/SkyClaw-Team1/ros2_ws/install/px4_msgs/local/lib/python3.10/dist-packages/px4_msgs/msg/_dataman_request.py\n'}
[2.246650] (px4_msgs) StdoutLine: {'line': b'-- Up-to-date: /home/rschnurr/SkyClaw-Team1/ros2_ws/install/px4_msgs/local/lib/python3.10/dist-packages/px4_msgs/msg/_landing_target_innovations.py\n'}
[2.246701] (px4_msgs) StdoutLine: {'line': b'-- Up-to-date: /home/rschnurr/SkyClaw-Team1/ros2_ws/install/px4_msgs/local/lib/python3.10/dist-packages/px4_msgs/msg/_message_format_response.py\n'}
[2.246753] (px4_msgs) StdoutLine: {'line': b'-- Up-to-date: /home/rschnurr/SkyClaw-Team1/ros2_ws/install/px4_msgs/local/lib/python3.10/dist-packages/px4_msgs/msg/_iridiumsbd_status.py\n'}
[2.246804] (px4_msgs) StdoutLine: {'line': b'-- Up-to-date: /home/rschnurr/SkyClaw-Team1/ros2_ws/install/px4_msgs/local/lib/python3.10/dist-packages/px4_msgs/msg/_gimbal_manager_set_manual_control_s.c\n'}
[2.246855] (px4_msgs) StdoutLine: {'line': b'-- Up-to-date: /home/rschnurr/SkyClaw-Team1/ros2_ws/install/px4_msgs/local/lib/python3.10/dist-packages/px4_msgs/msg/_orb_test_medium.py\n'}
[2.246907] (px4_msgs) StdoutLine: {'line': b'-- Up-to-date: /home/rschnurr/SkyClaw-Team1/ros2_ws/install/px4_msgs/local/lib/python3.10/dist-packages/px4_msgs/msg/_ulog_stream_ack_s.c\n'}
[2.246957] (px4_msgs) StdoutLine: {'line': b'-- Up-to-date: /home/rschnurr/SkyClaw-Team1/ros2_ws/install/px4_msgs/local/lib/python3.10/dist-packages/px4_msgs/msg/_estimator_bias.py\n'}
[2.247005] (px4_msgs) StdoutLine: {'line': b'-- Up-to-date: /home/rschnurr/SkyClaw-Team1/ros2_ws/install/px4_msgs/local/lib/python3.10/dist-packages/px4_msgs/msg/_debug_array.py\n'}
[2.247049] (px4_msgs) StdoutLine: {'line': b'-- Up-to-date: /home/rschnurr/SkyClaw-Team1/ros2_ws/install/px4_msgs/local/lib/python3.10/dist-packages/px4_msgs/msg/_vehicle_acceleration.py\n'}
[2.247101] (px4_msgs) StdoutLine: {'line': b'-- Up-to-date: /home/rschnurr/SkyClaw-Team1/ros2_ws/install/px4_msgs/local/lib/python3.10/dist-packages/px4_msgs/msg/_estimator_status_flags.py\n'}
[2.247468] (px4_msgs) StdoutLine: {'line': b'-- Up-to-date: /home/rschnurr/SkyClaw-Team1/ros2_ws/install/px4_msgs/local/lib/python3.10/dist-packages/px4_msgs/msg/_actuator_servos.py\n'}
[2.247525] (px4_msgs) StdoutLine: {'line': b'-- Up-to-date: /home/rschnurr/SkyClaw-Team1/ros2_ws/install/px4_msgs/local/lib/python3.10/dist-packages/px4_msgs/msg/_airspeed_validated_s.c\n'}
[2.247574] (px4_msgs) StdoutLine: {'line': b'-- Up-to-date: /home/rschnurr/SkyClaw-Team1/ros2_ws/install/px4_msgs/local/lib/python3.10/dist-packages/px4_msgs/msg/_health_report_s.c\n'}
[2.247616] (px4_msgs) StdoutLine: {'line': b'-- Up-to-date: /home/rschnurr/SkyClaw-Team1/ros2_ws/install/px4_msgs/local/lib/python3.10/dist-packages/px4_msgs/msg/_geofence_status_s.c\n'}
[2.247663] (px4_msgs) StdoutLine: {'line': b'-- Up-to-date: /home/rschnurr/SkyClaw-Team1/ros2_ws/install/px4_msgs/local/lib/python3.10/dist-packages/px4_msgs/msg/_vehicle_command_ack_s.c\n'}
[2.247722] (px4_msgs) StdoutLine: {'line': b'-- Up-to-date: /home/rschnurr/SkyClaw-Team1/ros2_ws/install/px4_msgs/local/lib/python3.10/dist-packages/px4_msgs/msg/_distance_sensor_s.c\n'}
[2.247763] (px4_msgs) StdoutLine: {'line': b'-- Up-to-date: /home/rschnurr/SkyClaw-Team1/ros2_ws/install/px4_msgs/local/lib/python3.10/dist-packages/px4_msgs/msg/_timesync_status_s.c\n'}
[2.247803] (px4_msgs) StdoutLine: {'line': b'-- Up-to-date: /home/rschnurr/SkyClaw-Team1/ros2_ws/install/px4_msgs/local/lib/python3.10/dist-packages/px4_msgs/msg/_follow_target_estimator_s.c\n'}
[2.247846] (px4_msgs) StdoutLine: {'line': b'-- Up-to-date: /home/rschnurr/SkyClaw-Team1/ros2_ws/install/px4_msgs/local/lib/python3.10/dist-packages/px4_msgs/msg/_estimator_event_flags.py\n'}
[2.248089] (px4_msgs) StdoutLine: {'line': b'-- Up-to-date: /home/rschnurr/SkyClaw-Team1/ros2_ws/install/px4_msgs/local/lib/python3.10/dist-packages/px4_msgs/msg/_rover_attitude_status_s.c\n'}
[2.248400] (px4_msgs) StdoutLine: {'line': b'-- Up-to-date: /home/rschnurr/SkyClaw-Team1/ros2_ws/install/px4_msgs/local/lib/python3.10/dist-packages/px4_msgs/msg/_sensor_airflow.py\n'}
[2.248708] (px4_msgs) StdoutLine: {'line': b'-- Up-to-date: /home/rschnurr/SkyClaw-Team1/ros2_ws/install/px4_msgs/local/lib/python3.10/dist-packages/px4_msgs/msg/_obstacle_distance_s.c\n'}
[2.249169] (px4_msgs) StdoutLine: {'line': b'-- Up-to-date: /home/rschnurr/SkyClaw-Team1/ros2_ws/install/px4_msgs/local/lib/python3.10/dist-packages/px4_msgs/msg/_heater_status.py\n'}
[2.249288] (px4_msgs) StdoutLine: {'line': b'-- Up-to-date: /home/rschnurr/SkyClaw-Team1/ros2_ws/install/px4_msgs/local/lib/python3.10/dist-packages/px4_msgs/msg/_mount_orientation_s.c\n'}
[2.249517] (px4_msgs) StdoutLine: {'line': b'-- Up-to-date: /home/rschnurr/SkyClaw-Team1/ros2_ws/install/px4_msgs/local/lib/python3.10/dist-packages/px4_msgs/msg/_vehicle_imu.py\n'}
[2.249835] (px4_msgs) StdoutLine: {'line': b'-- Up-to-date: /home/rschnurr/SkyClaw-Team1/ros2_ws/install/px4_msgs/local/lib/python3.10/dist-packages/px4_msgs/msg/_rc_parameter_map.py\n'}
[2.250181] (px4_msgs) StdoutLine: {'line': b'-- Up-to-date: /home/rschnurr/SkyClaw-Team1/ros2_ws/install/px4_msgs/local/lib/python3.10/dist-packages/px4_msgs/msg/_offboard_control_mode_s.c\n'}
[2.250253] (px4_msgs) StdoutLine: {'line': b'-- Up-to-date: /home/rschnurr/SkyClaw-Team1/ros2_ws/install/px4_msgs/local/lib/python3.10/dist-packages/px4_msgs/msg/_button_event_s.c\n'}
[2.250299] (px4_msgs) StdoutLine: {'line': b'-- Up-to-date: /home/rschnurr/SkyClaw-Team1/ros2_ws/install/px4_msgs/local/lib/python3.10/dist-packages/px4_msgs/msg/_estimator_aid_source1d_s.c\n'}
[2.250337] (px4_msgs) StdoutLine: {'line': b'-- Up-to-date: /home/rschnurr/SkyClaw-Team1/ros2_ws/install/px4_msgs/local/lib/python3.10/dist-packages/px4_msgs/msg/_vehicle_magnetometer_s.c\n'}
[2.250513] (px4_msgs) StdoutLine: {'line': b'-- Up-to-date: /home/rschnurr/SkyClaw-Team1/ros2_ws/install/px4_msgs/local/lib/python3.10/dist-packages/px4_msgs/msg/_gripper.py\n'}
[2.250590] (px4_msgs) StdoutLine: {'line': b'-- Up-to-date: /home/rschnurr/SkyClaw-Team1/ros2_ws/install/px4_msgs/local/lib/python3.10/dist-packages/px4_msgs/msg/_rtl_status_s.c\n'}
[2.250636] (px4_msgs) StdoutLine: {'line': b'-- Up-to-date: /home/rschnurr/SkyClaw-Team1/ros2_ws/install/px4_msgs/local/lib/python3.10/dist-packages/px4_msgs/msg/_actuator_armed.py\n'}
[2.250679] (px4_msgs) StdoutLine: {'line': b'-- Up-to-date: /home/rschnurr/SkyClaw-Team1/ros2_ws/install/px4_msgs/local/lib/python3.10/dist-packages/px4_msgs/msg/_timesync_status.py\n'}
[2.250920] (px4_msgs) StdoutLine: {'line': b'-- Up-to-date: /home/rschnurr/SkyClaw-Team1/ros2_ws/install/px4_msgs/local/lib/python3.10/dist-packages/px4_msgs/msg/_sensor_airflow_s.c\n'}
[2.251161] (px4_msgs) StdoutLine: {'line': b'-- Up-to-date: /home/rschnurr/SkyClaw-Team1/ros2_ws/install/px4_msgs/local/lib/python3.10/dist-packages/px4_msgs/msg/_vehicle_thrust_setpoint_s.c\n'}
[2.251400] (px4_msgs) StdoutLine: {'line': b'-- Up-to-date: /home/rschnurr/SkyClaw-Team1/ros2_ws/install/px4_msgs/local/lib/python3.10/dist-packages/px4_msgs/msg/_wheel_encoders_s.c\n'}
[2.251648] (px4_msgs) StdoutLine: {'line': b'-- Up-to-date: /home/rschnurr/SkyClaw-Team1/ros2_ws/install/px4_msgs/local/lib/python3.10/dist-packages/px4_msgs/msg/_parameter_update.py\n'}
[2.251907] (px4_msgs) StdoutLine: {'line': b'-- Up-to-date: /home/rschnurr/SkyClaw-Team1/ros2_ws/install/px4_msgs/local/lib/python3.10/dist-packages/px4_msgs/msg/_rover_throttle_setpoint.py\n'}
[2.252455] (px4_msgs) StdoutLine: {'line': b'-- Up-to-date: /home/rschnurr/SkyClaw-Team1/ros2_ws/install/px4_msgs/local/lib/python3.10/dist-packages/px4_msgs/msg/_rover_position_setpoint.py\n'}
[2.253346] (px4_msgs) StdoutLine: {'line': b'-- Up-to-date: /home/rschnurr/SkyClaw-Team1/ros2_ws/install/px4_msgs/local/lib/python3.10/dist-packages/px4_msgs/msg/_dataman_response.py\n'}
[2.253464] (px4_msgs) StdoutLine: {'line': b'-- Up-to-date: /home/rschnurr/SkyClaw-Team1/ros2_ws/install/px4_msgs/local/lib/python3.10/dist-packages/px4_msgs/msg/_qshell_req_s.c\n'}
[2.253686] (px4_msgs) StdoutLine: {'line': b'-- Up-to-date: /home/rschnurr/SkyClaw-Team1/ros2_ws/install/px4_msgs/local/lib/python3.10/dist-packages/px4_msgs/msg/_open_drone_id_operator_id_s.c\n'}
[2.253856] (px4_msgs) StdoutLine: {'line': b'-- Up-to-date: /home/rschnurr/SkyClaw-Team1/ros2_ws/install/px4_msgs/local/lib/python3.10/dist-packages/px4_msgs/msg/_action_request_s.c\n'}
[2.254044] (px4_msgs) StdoutLine: {'line': b'-- Up-to-date: /home/rschnurr/SkyClaw-Team1/ros2_ws/install/px4_msgs/local/lib/python3.10/dist-packages/px4_msgs/msg/_vehicle_odometry_s.c\n'}
[2.254191] (px4_msgs) StdoutLine: {'line': b'-- Up-to-date: /home/rschnurr/SkyClaw-Team1/ros2_ws/install/px4_msgs/local/lib/python3.10/dist-packages/px4_msgs/msg/_actuator_controls_status_s.c\n'}
[2.254300] (px4_msgs) StdoutLine: {'line': b'-- Up-to-date: /home/rschnurr/SkyClaw-Team1/ros2_ws/install/px4_msgs/local/lib/python3.10/dist-packages/px4_msgs/msg/_autotune_attitude_control_status_s.c\n'}
[2.254367] (px4_msgs) StdoutLine: {'line': b'-- Up-to-date: /home/rschnurr/SkyClaw-Team1/ros2_ws/install/px4_msgs/local/lib/python3.10/dist-packages/px4_msgs/msg/_longitudinal_control_configuration.py\n'}
[2.254423] (px4_msgs) StdoutLine: {'line': b'-- Up-to-date: /home/rschnurr/SkyClaw-Team1/ros2_ws/install/px4_msgs/local/lib/python3.10/dist-packages/px4_msgs/msg/_manual_control_setpoint_s.c\n'}
[2.254652] (px4_msgs) StdoutLine: {'line': b'-- Up-to-date: /home/rschnurr/SkyClaw-Team1/ros2_ws/install/px4_msgs/local/lib/python3.10/dist-packages/px4_msgs/msg/_debug_vect_s.c\n'}
[2.254988] (px4_msgs) StdoutLine: {'line': b'-- Up-to-date: /home/rschnurr/SkyClaw-Team1/ros2_ws/install/px4_msgs/local/lib/python3.10/dist-packages/px4_msgs/msg/_logger_status.py\n'}
[2.255377] (px4_msgs) StdoutLine: {'line': b'-- Up-to-date: /home/rschnurr/SkyClaw-Team1/ros2_ws/install/px4_msgs/local/lib/python3.10/dist-packages/px4_msgs/msg/_sensor_combined_s.c\n'}
[2.256145] (px4_msgs) StdoutLine: {'line': b'-- Up-to-date: /home/rschnurr/SkyClaw-Team1/ros2_ws/install/px4_msgs/local/lib/python3.10/dist-packages/px4_msgs/msg/_message_format_request_s.c\n'}
[2.256392] (px4_msgs) StdoutLine: {'line': b'-- Up-to-date: /home/rschnurr/SkyClaw-Team1/ros2_ws/install/px4_msgs/local/lib/python3.10/dist-packages/px4_msgs/msg/_position_controller_status.py\n'}
[2.256476] (px4_msgs) StdoutLine: {'line': b'-- Up-to-date: /home/rschnurr/SkyClaw-Team1/ros2_ws/install/px4_msgs/local/lib/python3.10/dist-packages/px4_msgs/msg/_neural_control.py\n'}
[2.256527] (px4_msgs) StdoutLine: {'line': b'-- Up-to-date: /home/rschnurr/SkyClaw-Team1/ros2_ws/install/px4_msgs/local/lib/python3.10/dist-packages/px4_msgs/msg/_sensor_hygrometer.py\n'}
[2.256569] (px4_msgs) StdoutLine: {'line': b'-- Up-to-date: /home/rschnurr/SkyClaw-Team1/ros2_ws/install/px4_msgs/local/lib/python3.10/dist-packages/px4_msgs/msg/_esc_report.py\n'}
[2.256735] (px4_msgs) StdoutLine: {'line': b'-- Up-to-date: /home/rschnurr/SkyClaw-Team1/ros2_ws/install/px4_msgs/local/lib/python3.10/dist-packages/px4_msgs/msg/_landing_target_pose_s.c\n'}
[2.256825] (px4_msgs) StdoutLine: {'line': b'-- Up-to-date: /home/rschnurr/SkyClaw-Team1/ros2_ws/install/px4_msgs/local/lib/python3.10/dist-packages/px4_msgs/msg/_gpio_request_s.c\n'}
[2.256876] (px4_msgs) StdoutLine: {'line': b'-- Up-to-date: /home/rschnurr/SkyClaw-Team1/ros2_ws/install/px4_msgs/local/lib/python3.10/dist-packages/px4_msgs/msg/_parameter_set_used_request.py\n'}
[2.256981] (px4_msgs) StdoutLine: {'line': b'-- Up-to-date: /home/rschnurr/SkyClaw-Team1/ros2_ws/install/px4_msgs/local/lib/python3.10/dist-packages/px4_msgs/msg/_geofence_status.py\n'}
[2.257161] (px4_msgs) StdoutLine: {'line': b'-- Up-to-date: /home/rschnurr/SkyClaw-Team1/ros2_ws/install/px4_msgs/local/lib/python3.10/dist-packages/px4_msgs/msg/_gpio_config.py\n'}
[2.257398] (px4_msgs) StdoutLine: {'line': b'-- Up-to-date: /home/rschnurr/SkyClaw-Team1/ros2_ws/install/px4_msgs/local/lib/python3.10/dist-packages/px4_msgs/msg/_debug_key_value_s.c\n'}
[2.257563] (px4_msgs) StdoutLine: {'line': b'-- Up-to-date: /home/rschnurr/SkyClaw-Team1/ros2_ws/install/px4_msgs/local/lib/python3.10/dist-packages/px4_msgs/msg/_manual_control_setpoint.py\n'}
[2.257760] (px4_msgs) StdoutLine: {'line': b'-- Up-to-date: /home/rschnurr/SkyClaw-Team1/ros2_ws/install/px4_msgs/local/lib/python3.10/dist-packages/px4_msgs/msg/_battery_info.py\n'}
[2.257955] (px4_msgs) StdoutLine: {'line': b'-- Up-to-date: /home/rschnurr/SkyClaw-Team1/ros2_ws/install/px4_msgs/local/lib/python3.10/dist-packages/px4_msgs/msg/_vehicle_magnetometer.py\n'}
[2.258281] (px4_msgs) StdoutLine: {'line': b'-- Up-to-date: /home/rschnurr/SkyClaw-Team1/ros2_ws/install/px4_msgs/local/lib/python3.10/dist-packages/px4_msgs/msg/_open_drone_id_system.py\n'}
[2.258357] (px4_msgs) StdoutLine: {'line': b'-- Up-to-date: /home/rschnurr/SkyClaw-Team1/ros2_ws/install/px4_msgs/local/lib/python3.10/dist-packages/px4_msgs/msg/_register_ext_component_reply.py\n'}
[2.258508] (px4_msgs) StdoutLine: {'line': b'-- Up-to-date: /home/rschnurr/SkyClaw-Team1/ros2_ws/install/px4_msgs/local/lib/python3.10/dist-packages/px4_msgs/msg/_mag_worker_data.py\n'}
[2.258579] (px4_msgs) StdoutLine: {'line': b'-- Up-to-date: /home/rschnurr/SkyClaw-Team1/ros2_ws/install/px4_msgs/local/lib/python3.10/dist-packages/px4_msgs/msg/_sensors_status.py\n'}
[2.258620] (px4_msgs) StdoutLine: {'line': b'-- Up-to-date: /home/rschnurr/SkyClaw-Team1/ros2_ws/install/px4_msgs/local/lib/python3.10/dist-packages/px4_msgs/msg/_estimator_sensor_bias.py\n'}
[2.258661] (px4_msgs) StdoutLine: {'line': b'-- Up-to-date: /home/rschnurr/SkyClaw-Team1/ros2_ws/install/px4_msgs/local/lib/python3.10/dist-packages/px4_msgs/msg/_magnetometer_bias_estimate.py\n'}
[2.258698] (px4_msgs) StdoutLine: {'line': b'-- Up-to-date: /home/rschnurr/SkyClaw-Team1/ros2_ws/install/px4_msgs/local/lib/python3.10/dist-packages/px4_msgs/msg/_tune_control_s.c\n'}
[2.258735] (px4_msgs) StdoutLine: {'line': b'-- Up-to-date: /home/rschnurr/SkyClaw-Team1/ros2_ws/install/px4_msgs/local/lib/python3.10/dist-packages/px4_msgs/msg/_register_ext_component_request.py\n'}
[2.258779] (px4_msgs) StdoutLine: {'line': b'-- Up-to-date: /home/rschnurr/SkyClaw-Team1/ros2_ws/install/px4_msgs/local/lib/python3.10/dist-packages/px4_msgs/msg/_sensor_optical_flow.py\n'}
[2.258817] (px4_msgs) StdoutLine: {'line': b'-- Up-to-date: /home/rschnurr/SkyClaw-Team1/ros2_ws/install/px4_msgs/local/lib/python3.10/dist-packages/px4_msgs/msg/_camera_capture.py\n'}
[2.258854] (px4_msgs) StdoutLine: {'line': b'-- Up-to-date: /home/rschnurr/SkyClaw-Team1/ros2_ws/install/px4_msgs/local/lib/python3.10/dist-packages/px4_msgs/msg/_ping_s.c\n'}
[2.258891] (px4_msgs) StdoutLine: {'line': b'-- Up-to-date: /home/rschnurr/SkyClaw-Team1/ros2_ws/install/px4_msgs/local/lib/python3.10/dist-packages/px4_msgs/msg/_tune_control.py\n'}
[2.259039] (px4_msgs) StdoutLine: {'line': b'-- Up-to-date: /home/rschnurr/SkyClaw-Team1/ros2_ws/install/px4_msgs/local/lib/python3.10/dist-packages/px4_msgs/msg/_lateral_control_configuration.py\n'}
[2.259177] (px4_msgs) StdoutLine: {'line': b'-- Up-to-date: /home/rschnurr/SkyClaw-Team1/ros2_ws/install/px4_msgs/local/lib/python3.10/dist-packages/px4_msgs/msg/_sensor_gps_s.c\n'}
[2.259239] (px4_msgs) StdoutLine: {'line': b'-- Up-to-date: /home/rschnurr/SkyClaw-Team1/ros2_ws/install/px4_msgs/local/lib/python3.10/dist-packages/px4_msgs/msg/_estimator_states.py\n'}
[2.259290] (px4_msgs) StdoutLine: {'line': b'-- Up-to-date: /home/rschnurr/SkyClaw-Team1/ros2_ws/install/px4_msgs/local/lib/python3.10/dist-packages/px4_msgs/msg/_airspeed_s.c\n'}
[2.259330] (px4_msgs) StdoutLine: {'line': b'-- Up-to-date: /home/rschnurr/SkyClaw-Team1/ros2_ws/install/px4_msgs/local/lib/python3.10/dist-packages/px4_msgs/msg/_action_request.py\n'}
[2.259378] (px4_msgs) StdoutLine: {'line': b'-- Up-to-date: /home/rschnurr/SkyClaw-Team1/ros2_ws/install/px4_msgs/local/lib/python3.10/dist-packages/px4_msgs/msg/_rover_attitude_setpoint_s.c\n'}
[2.259413] (px4_msgs) StdoutLine: {'line': b'-- Up-to-date: /home/rschnurr/SkyClaw-Team1/ros2_ws/install/px4_msgs/local/lib/python3.10/dist-packages/px4_msgs/msg/_position_controller_status_s.c\n'}
[2.259447] (px4_msgs) StdoutLine: {'line': b'-- Up-to-date: /home/rschnurr/SkyClaw-Team1/ros2_ws/install/px4_msgs/local/lib/python3.10/dist-packages/px4_msgs/msg/_sensor_accel.py\n'}
[2.259481] (px4_msgs) StdoutLine: {'line': b'-- Up-to-date: /home/rschnurr/SkyClaw-Team1/ros2_ws/install/px4_msgs/local/lib/python3.10/dist-packages/px4_msgs/msg/_position_setpoint_triplet.py\n'}
[2.259653] (px4_msgs) StdoutLine: {'line': b'-- Up-to-date: /home/rschnurr/SkyClaw-Team1/ros2_ws/install/px4_msgs/local/lib/python3.10/dist-packages/px4_msgs/msg/__init__.py\n'}
[2.259992] (px4_msgs) StdoutLine: {'line': b'-- Up-to-date: /home/rschnurr/SkyClaw-Team1/ros2_ws/install/px4_msgs/local/lib/python3.10/dist-packages/px4_msgs/msg/_esc_status_s.c\n'}
[2.260363] (px4_msgs) StdoutLine: {'line': b'-- Up-to-date: /home/rschnurr/SkyClaw-Team1/ros2_ws/install/px4_msgs/local/lib/python3.10/dist-packages/px4_msgs/msg/_trajectory_setpoint6dof.py\n'}
[2.260433] (px4_msgs) StdoutLine: {'line': b'-- Up-to-date: /home/rschnurr/SkyClaw-Team1/ros2_ws/install/px4_msgs/local/lib/python3.10/dist-packages/px4_msgs/msg/_ulog_stream_ack.py\n'}
[2.260477] (px4_msgs) StdoutLine: {'line': b'-- Up-to-date: /home/rschnurr/SkyClaw-Team1/ros2_ws/install/px4_msgs/local/lib/python3.10/dist-packages/px4_msgs/msg/_differential_pressure_s.c\n'}
[2.260515] (px4_msgs) StdoutLine: {'line': b'-- Up-to-date: /home/rschnurr/SkyClaw-Team1/ros2_ws/install/px4_msgs/local/lib/python3.10/dist-packages/px4_msgs/msg/_arming_check_request.py\n'}
[2.260551] (px4_msgs) StdoutLine: {'line': b'-- Up-to-date: /home/rschnurr/SkyClaw-Team1/ros2_ws/install/px4_msgs/local/lib/python3.10/dist-packages/px4_msgs/msg/_magnetometer_bias_estimate_s.c\n'}
[2.260586] (px4_msgs) StdoutLine: {'line': b'-- Up-to-date: /home/rschnurr/SkyClaw-Team1/ros2_ws/install/px4_msgs/local/lib/python3.10/dist-packages/px4_msgs/msg/_parameter_set_value_request_s.c\n'}
[2.260621] (px4_msgs) StdoutLine: {'line': b'-- Up-to-date: /home/rschnurr/SkyClaw-Team1/ros2_ws/install/px4_msgs/local/lib/python3.10/dist-packages/px4_msgs/msg/_navigator_status_s.c\n'}
[2.260816] (px4_msgs) StdoutLine: {'line': b'-- Up-to-date: /home/rschnurr/SkyClaw-Team1/ros2_ws/install/px4_msgs/local/lib/python3.10/dist-packages/px4_msgs/msg/_orb_test_large.py\n'}
[2.260875] (px4_msgs) StdoutLine: {'line': b'-- Up-to-date: /home/rschnurr/SkyClaw-Team1/ros2_ws/install/px4_msgs/local/lib/python3.10/dist-packages/px4_msgs/msg/_rate_ctrl_status_s.c\n'}
[2.260968] (px4_msgs) StdoutLine: {'line': b'-- Up-to-date: /home/rschnurr/SkyClaw-Team1/ros2_ws/install/px4_msgs/local/lib/python3.10/dist-packages/px4_msgs/msg/_orbit_status_s.c\n'}
[2.261053] (px4_msgs) StdoutLine: {'line': b'-- Up-to-date: /home/rschnurr/SkyClaw-Team1/ros2_ws/install/px4_msgs/local/lib/python3.10/dist-packages/px4_msgs/msg/_tiltrotor_extra_controls.py\n'}
[2.261130] (px4_msgs) StdoutLine: {'line': b'-- Up-to-date: /home/rschnurr/SkyClaw-Team1/ros2_ws/install/px4_msgs/local/lib/python3.10/dist-packages/px4_msgs/msg/_camera_status_s.c\n'}
[2.261199] (px4_msgs) StdoutLine: {'line': b'-- Up-to-date: /home/rschnurr/SkyClaw-Team1/ros2_ws/install/px4_msgs/local/lib/python3.10/dist-packages/px4_msgs/msg/_estimator_aid_source3d.py\n'}
[2.261316] (px4_msgs) StdoutLine: {'line': b'-- Up-to-date: /home/rschnurr/SkyClaw-Team1/ros2_ws/install/px4_msgs/local/lib/python3.10/dist-packages/px4_msgs/msg/_sensor_hygrometer_s.c\n'}
[2.261378] (px4_msgs) StdoutLine: {'line': b'-- Up-to-date: /home/rschnurr/SkyClaw-Team1/ros2_ws/install/px4_msgs/local/lib/python3.10/dist-packages/px4_msgs/msg/_sensor_gnss_relative.py\n'}
[2.261427] (px4_msgs) StdoutLine: {'line': b'-- Up-to-date: /home/rschnurr/SkyClaw-Team1/ros2_ws/install/px4_msgs/local/lib/python3.10/dist-packages/px4_msgs/msg/_rover_attitude_status.py\n'}
[2.261471] (px4_msgs) StdoutLine: {'line': b'-- Up-to-date: /home/rschnurr/SkyClaw-Team1/ros2_ws/install/px4_msgs/local/lib/python3.10/dist-packages/px4_msgs/msg/_qshell_req.py\n'}
[2.261514] (px4_msgs) StdoutLine: {'line': b'-- Up-to-date: /home/rschnurr/SkyClaw-Team1/ros2_ws/install/px4_msgs/local/lib/python3.10/dist-packages/px4_msgs/msg/_ekf2_timestamps_s.c\n'}
[2.261556] (px4_msgs) StdoutLine: {'line': b'-- Up-to-date: /home/rschnurr/SkyClaw-Team1/ros2_ws/install/px4_msgs/local/lib/python3.10/dist-packages/px4_msgs/msg/_iridiumsbd_status_s.c\n'}
[2.261599] (px4_msgs) StdoutLine: {'line': b'-- Up-to-date: /home/rschnurr/SkyClaw-Team1/ros2_ws/install/px4_msgs/local/lib/python3.10/dist-packages/px4_msgs/msg/_vehicle_control_mode.py\n'}
[2.261715] (px4_msgs) StdoutLine: {'line': b'-- Up-to-date: /home/rschnurr/SkyClaw-Team1/ros2_ws/install/px4_msgs/local/lib/python3.10/dist-packages/px4_msgs/msg/_estimator_sensor_bias_s.c\n'}
[2.261772] (px4_msgs) StdoutLine: {'line': b'-- Up-to-date: /home/rschnurr/SkyClaw-Team1/ros2_ws/install/px4_msgs/local/lib/python3.10/dist-packages/px4_msgs/msg/_distance_sensor.py\n'}
[2.261818] (px4_msgs) StdoutLine: {'line': b'-- Up-to-date: /home/rschnurr/SkyClaw-Team1/ros2_ws/install/px4_msgs/local/lib/python3.10/dist-packages/px4_msgs/msg/_actuator_controls_status.py\n'}
[2.261878] (px4_msgs) StdoutLine: {'line': b'-- Up-to-date: /home/rschnurr/SkyClaw-Team1/ros2_ws/install/px4_msgs/local/lib/python3.10/dist-packages/px4_msgs/msg/_orb_test.py\n'}
[2.261923] (px4_msgs) StdoutLine: {'line': b'-- Up-to-date: /home/rschnurr/SkyClaw-Team1/ros2_ws/install/px4_msgs/local/lib/python3.10/dist-packages/px4_msgs/msg/_rtl_status.py\n'}
[2.261960] (px4_msgs) StdoutLine: {'line': b'-- Up-to-date: /home/rschnurr/SkyClaw-Team1/ros2_ws/install/px4_msgs/local/lib/python3.10/dist-packages/px4_msgs/msg/_gimbal_device_information_s.c\n'}
[2.262001] (px4_msgs) StdoutLine: {'line': b'-- Up-to-date: /home/rschnurr/SkyClaw-Team1/ros2_ws/install/px4_msgs/local/lib/python3.10/dist-packages/px4_msgs/msg/_vehicle_command.py\n'}
[2.262042] (px4_msgs) StdoutLine: {'line': b'-- Up-to-date: /home/rschnurr/SkyClaw-Team1/ros2_ws/install/px4_msgs/local/lib/python3.10/dist-packages/px4_msgs/msg/_sensor_baro_s.c\n'}
[2.262088] (px4_msgs) StdoutLine: {'line': b'-- Up-to-date: /home/rschnurr/SkyClaw-Team1/ros2_ws/install/px4_msgs/local/lib/python3.10/dist-packages/px4_msgs/msg/_goto_setpoint_s.c\n'}
[2.262140] (px4_msgs) StdoutLine: {'line': b'-- Up-to-date: /home/rschnurr/SkyClaw-Team1/ros2_ws/install/px4_msgs/local/lib/python3.10/dist-packages/px4_msgs/msg/_estimator_innovations_s.c\n'}
[2.262181] (px4_msgs) StdoutLine: {'line': b'-- Up-to-date: /home/rschnurr/SkyClaw-Team1/ros2_ws/install/px4_msgs/local/lib/python3.10/dist-packages/px4_msgs/msg/_vehicle_imu_status.py\n'}
[2.262223] (px4_msgs) StdoutLine: {'line': b'-- Up-to-date: /home/rschnurr/SkyClaw-Team1/ros2_ws/install/px4_msgs/local/lib/python3.10/dist-packages/px4_msgs/msg/_goto_setpoint.py\n'}
[2.262265] (px4_msgs) StdoutLine: {'line': b'-- Up-to-date: /home/rschnurr/SkyClaw-Team1/ros2_ws/install/px4_msgs/local/lib/python3.10/dist-packages/px4_msgs/msg/_orb_test_large_s.c\n'}
[2.262304] (px4_msgs) StdoutLine: {'line': b'-- Up-to-date: /home/rschnurr/SkyClaw-Team1/ros2_ws/install/px4_msgs/local/lib/python3.10/dist-packages/px4_msgs/msg/_tecs_status.py\n'}
[2.262343] (px4_msgs) StdoutLine: {'line': b'-- Up-to-date: /home/rschnurr/SkyClaw-Team1/ros2_ws/install/px4_msgs/local/lib/python3.10/dist-packages/px4_msgs/msg/_vehicle_torque_setpoint_s.c\n'}
[2.262381] (px4_msgs) StdoutLine: {'line': b'-- Up-to-date: /home/rschnurr/SkyClaw-Team1/ros2_ws/install/px4_msgs/local/lib/python3.10/dist-packages/px4_msgs/msg/_parameter_update_s.c\n'}
[2.262424] (px4_msgs) StdoutLine: {'line': b'-- Up-to-date: /home/rschnurr/SkyClaw-Team1/ros2_ws/install/px4_msgs/local/lib/python3.10/dist-packages/px4_msgs/msg/_open_drone_id_self_id_s.c\n'}
[2.262461] (px4_msgs) StdoutLine: {'line': b'-- Up-to-date: /home/rschnurr/SkyClaw-Team1/ros2_ws/install/px4_msgs/local/lib/python3.10/dist-packages/px4_msgs/msg/_rover_rate_setpoint.py\n'}
[2.262499] (px4_msgs) StdoutLine: {'line': b'-- Up-to-date: /home/rschnurr/SkyClaw-Team1/ros2_ws/install/px4_msgs/local/lib/python3.10/dist-packages/px4_msgs/msg/_landing_target_pose.py\n'}
[2.262538] (px4_msgs) StdoutLine: {'line': b'-- Up-to-date: /home/rschnurr/SkyClaw-Team1/ros2_ws/install/px4_msgs/local/lib/python3.10/dist-packages/px4_msgs/msg/_figure_eight_status.py\n'}
[2.262631] (px4_msgs) StdoutLine: {'line': b'-- Up-to-date: /home/rschnurr/SkyClaw-Team1/ros2_ws/install/px4_msgs/local/lib/python3.10/dist-packages/px4_msgs/msg/_led_control.py\n'}
[2.262720] (px4_msgs) StdoutLine: {'line': b'-- Up-to-date: /home/rschnurr/SkyClaw-Team1/ros2_ws/install/px4_msgs/local/lib/python3.10/dist-packages/px4_msgs/msg/_gimbal_device_attitude_status_s.c\n'}
[2.262782] (px4_msgs) StdoutLine: {'line': b'-- Up-to-date: /home/rschnurr/SkyClaw-Team1/ros2_ws/install/px4_msgs/local/lib/python3.10/dist-packages/px4_msgs/msg/_actuator_outputs_s.c\n'}
[2.262826] (px4_msgs) StdoutLine: {'line': b'-- Up-to-date: /home/rschnurr/SkyClaw-Team1/ros2_ws/install/px4_msgs/local/lib/python3.10/dist-packages/px4_msgs/msg/_gimbal_manager_information_s.c\n'}
[2.262867] (px4_msgs) StdoutLine: {'line': b'-- Up-to-date: /home/rschnurr/SkyClaw-Team1/ros2_ws/install/px4_msgs/local/lib/python3.10/dist-packages/px4_msgs/msg/_orbit_status.py\n'}
[2.262905] (px4_msgs) StdoutLine: {'line': b'-- Up-to-date: /home/rschnurr/SkyClaw-Team1/ros2_ws/install/px4_msgs/local/lib/python3.10/dist-packages/px4_msgs/msg/_longitudinal_control_configuration_s.c\n'}
[2.262943] (px4_msgs) StdoutLine: {'line': b'-- Up-to-date: /home/rschnurr/SkyClaw-Team1/ros2_ws/install/px4_msgs/local/lib/python3.10/dist-packages/px4_msgs/msg/_button_event.py\n'}
[2.262979] (px4_msgs) StdoutLine: {'line': b'-- Up-to-date: /home/rschnurr/SkyClaw-Team1/ros2_ws/install/px4_msgs/local/lib/python3.10/dist-packages/px4_msgs/msg/_gps_dump.py\n'}
[2.263015] (px4_msgs) StdoutLine: {'line': b'-- Up-to-date: /home/rschnurr/SkyClaw-Team1/ros2_ws/install/px4_msgs/local/lib/python3.10/dist-packages/px4_msgs/msg/_vehicle_command_ack.py\n'}
[2.263051] (px4_msgs) StdoutLine: {'line': b'-- Up-to-date: /home/rschnurr/SkyClaw-Team1/ros2_ws/install/px4_msgs/local/lib/python3.10/dist-packages/px4_msgs/msg/_rover_rate_status.py\n'}
[2.263097] (px4_msgs) StdoutLine: {'line': b'-- Up-to-date: /home/rschnurr/SkyClaw-Team1/ros2_ws/install/px4_msgs/local/lib/python3.10/dist-packages/px4_msgs/msg/_mavlink_log_s.c\n'}
[2.263132] (px4_msgs) StdoutLine: {'line': b'-- Up-to-date: /home/rschnurr/SkyClaw-Team1/ros2_ws/install/px4_msgs/local/lib/python3.10/dist-packages/px4_msgs/msg/_actuator_servos_trim_s.c\n'}
[2.263169] (px4_msgs) StdoutLine: {'line': b'-- Up-to-date: /home/rschnurr/SkyClaw-Team1/ros2_ws/install/px4_msgs/local/lib/python3.10/dist-packages/px4_msgs/msg/_dataman_response_s.c\n'}
[2.263213] (px4_msgs) StdoutLine: {'line': b'-- Up-to-date: /home/rschnurr/SkyClaw-Team1/ros2_ws/install/px4_msgs/local/lib/python3.10/dist-packages/px4_msgs/msg/_orb_test_medium_s.c\n'}
[2.263250] (px4_msgs) StdoutLine: {'line': b'-- Up-to-date: /home/rschnurr/SkyClaw-Team1/ros2_ws/install/px4_msgs/local/lib/python3.10/dist-packages/px4_msgs/msg/_sensor_correction.py\n'}
[2.263405] (px4_msgs) StdoutLine: {'line': b'-- Up-to-date: /home/rschnurr/SkyClaw-Team1/ros2_ws/install/px4_msgs/local/lib/python3.10/dist-packages/px4_msgs/msg/_actuator_servos_s.c\n'}
[2.263542] (px4_msgs) StdoutLine: {'line': b'-- Up-to-date: /home/rschnurr/SkyClaw-Team1/ros2_ws/install/px4_msgs/local/lib/python3.10/dist-packages/px4_msgs/msg/_gimbal_controls.py\n'}
[2.263598] (px4_msgs) StdoutLine: {'line': b'-- Up-to-date: /home/rschnurr/SkyClaw-Team1/ros2_ws/install/px4_msgs/local/lib/python3.10/dist-packages/px4_msgs/msg/_transponder_report_s.c\n'}
[2.263644] (px4_msgs) StdoutLine: {'line': b'-- Up-to-date: /home/rschnurr/SkyClaw-Team1/ros2_ws/install/px4_msgs/local/lib/python3.10/dist-packages/px4_msgs/msg/_fixed_wing_lateral_guidance_status_s.c\n'}
[2.263688] (px4_msgs) StdoutLine: {'line': b'-- Up-to-date: /home/rschnurr/SkyClaw-Team1/ros2_ws/install/px4_msgs/local/lib/python3.10/dist-packages/px4_msgs/msg/_vehicle_torque_setpoint.py\n'}
[2.263728] (px4_msgs) StdoutLine: {'line': b'-- Up-to-date: /home/rschnurr/SkyClaw-Team1/ros2_ws/install/px4_msgs/local/lib/python3.10/dist-packages/px4_msgs/msg/_obstacle_distance.py\n'}
[2.263769] (px4_msgs) StdoutLine: {'line': b'-- Up-to-date: /home/rschnurr/SkyClaw-Team1/ros2_ws/install/px4_msgs/local/lib/python3.10/dist-packages/px4_msgs/msg/_vehicle_air_data_s.c\n'}
[2.263809] (px4_msgs) StdoutLine: {'line': b'-- Up-to-date: /home/rschnurr/SkyClaw-Team1/ros2_ws/install/px4_msgs/local/lib/python3.10/dist-packages/px4_msgs/msg/_cpuload_s.c\n'}
[2.263858] (px4_msgs) StdoutLine: {'line': b'-- Up-to-date: /home/rschnurr/SkyClaw-Team1/ros2_ws/install/px4_msgs/local/lib/python3.10/dist-packages/px4_msgs/msg/_gimbal_device_attitude_status.py\n'}
[2.263898] (px4_msgs) StdoutLine: {'line': b'-- Up-to-date: /home/rschnurr/SkyClaw-Team1/ros2_ws/install/px4_msgs/local/lib/python3.10/dist-packages/px4_msgs/msg/_sensor_gnss_status.py\n'}
[2.263937] (px4_msgs) StdoutLine: {'line': b'-- Up-to-date: /home/rschnurr/SkyClaw-Team1/ros2_ws/install/px4_msgs/local/lib/python3.10/dist-packages/px4_msgs/msg/_vehicle_control_mode_s.c\n'}
[2.263976] (px4_msgs) StdoutLine: {'line': b'-- Up-to-date: /home/rschnurr/SkyClaw-Team1/ros2_ws/install/px4_msgs/local/lib/python3.10/dist-packages/px4_msgs/msg/_gpio_request.py\n'}
[2.264016] (px4_msgs) StdoutLine: {'line': b'-- Up-to-date: /home/rschnurr/SkyClaw-Team1/ros2_ws/install/px4_msgs/local/lib/python3.10/dist-packages/px4_msgs/msg/_wheel_encoders.py\n'}
[2.264057] (px4_msgs) StdoutLine: {'line': b'-- Up-to-date: /home/rschnurr/SkyClaw-Team1/ros2_ws/install/px4_msgs/local/lib/python3.10/dist-packages/px4_msgs/msg/_estimator_gps_status.py\n'}
[2.264096] (px4_msgs) StdoutLine: {'line': b'-- Up-to-date: /home/rschnurr/SkyClaw-Team1/ros2_ws/install/px4_msgs/local/lib/python3.10/dist-packages/px4_msgs/msg/_fixed_wing_runway_control.py\n'}
[2.264136] (px4_msgs) StdoutLine: {'line': b'-- Up-to-date: /home/rschnurr/SkyClaw-Team1/ros2_ws/install/px4_msgs/local/lib/python3.10/dist-packages/px4_msgs/msg/_sensor_accel_fifo.py\n'}
[2.264181] (px4_msgs) StdoutLine: {'line': b'-- Up-to-date: /home/rschnurr/SkyClaw-Team1/ros2_ws/install/px4_msgs/local/lib/python3.10/dist-packages/px4_msgs/msg/_estimator_selector_status.py\n'}
[2.264231] (px4_msgs) StdoutLine: {'line': b'-- Up-to-date: /home/rschnurr/SkyClaw-Team1/ros2_ws/install/px4_msgs/local/lib/python3.10/dist-packages/px4_msgs/msg/_sensor_gyro_s.c\n'}
[2.264273] (px4_msgs) StdoutLine: {'line': b'-- Up-to-date: /home/rschnurr/SkyClaw-Team1/ros2_ws/install/px4_msgs/local/lib/python3.10/dist-packages/px4_msgs/msg/_sensor_selection_s.c\n'}
[2.264314] (px4_msgs) StdoutLine: {'line': b'-- Up-to-date: /home/rschnurr/SkyClaw-Team1/ros2_ws/install/px4_msgs/local/lib/python3.10/dist-packages/px4_msgs/msg/_vehicle_constraints_s.c\n'}
[2.264353] (px4_msgs) StdoutLine: {'line': b'-- Up-to-date: /home/rschnurr/SkyClaw-Team1/ros2_ws/install/px4_msgs/local/lib/python3.10/dist-packages/px4_msgs/msg/_uavcan_parameter_request.py\n'}
[2.264393] (px4_msgs) StdoutLine: {'line': b'-- Up-to-date: /home/rschnurr/SkyClaw-Team1/ros2_ws/install/px4_msgs/local/lib/python3.10/dist-packages/px4_msgs/msg/_dronecan_node_status.py\n'}
[2.264434] (px4_msgs) StdoutLine: {'line': b'-- Up-to-date: /home/rschnurr/SkyClaw-Team1/ros2_ws/install/px4_msgs/local/lib/python3.10/dist-packages/px4_msgs/msg/_distance_sensor_mode_change_request.py\n'}
[2.264474] (px4_msgs) StdoutLine: {'line': b'-- Up-to-date: /home/rschnurr/SkyClaw-Team1/ros2_ws/install/px4_msgs/local/lib/python3.10/dist-packages/px4_msgs/msg/_sensors_status_imu_s.c\n'}
[2.264513] (px4_msgs) StdoutLine: {'line': b'-- Up-to-date: /home/rschnurr/SkyClaw-Team1/ros2_ws/install/px4_msgs/local/lib/python3.10/dist-packages/px4_msgs/msg/_ping.py\n'}
[2.264553] (px4_msgs) StdoutLine: {'line': b'-- Up-to-date: /home/rschnurr/SkyClaw-Team1/ros2_ws/install/px4_msgs/local/lib/python3.10/dist-packages/px4_msgs/msg/_geofence_result_s.c\n'}
[2.264592] (px4_msgs) StdoutLine: {'line': b'-- Up-to-date: /home/rschnurr/SkyClaw-Team1/ros2_ws/install/px4_msgs/local/lib/python3.10/dist-packages/px4_msgs/msg/_rover_speed_setpoint.py\n'}
[2.264637] (px4_msgs) StdoutLine: {'line': b'-- Up-to-date: /home/rschnurr/SkyClaw-Team1/ros2_ws/install/px4_msgs/local/lib/python3.10/dist-packages/px4_msgs/msg/_vehicle_status.py\n'}
[2.264676] (px4_msgs) StdoutLine: {'line': b'-- Up-to-date: /home/rschnurr/SkyClaw-Team1/ros2_ws/install/px4_msgs/local/lib/python3.10/dist-packages/px4_msgs/msg/_actuator_motors.py\n'}
[2.264715] (px4_msgs) StdoutLine: {'line': b'-- Up-to-date: /home/rschnurr/SkyClaw-Team1/ros2_ws/install/px4_msgs/local/lib/python3.10/dist-packages/px4_msgs/msg/_sensor_preflight_mag_s.c\n'}
[2.264754] (px4_msgs) StdoutLine: {'line': b'-- Up-to-date: /home/rschnurr/SkyClaw-Team1/ros2_ws/install/px4_msgs/local/lib/python3.10/dist-packages/px4_msgs/msg/_mode_completed_s.c\n'}
[2.264793] (px4_msgs) StdoutLine: {'line': b'-- Up-to-date: /home/rschnurr/SkyClaw-Team1/ros2_ws/install/px4_msgs/local/lib/python3.10/dist-packages/px4_msgs/msg/_arming_check_reply_s.c\n'}
[2.264867] (px4_msgs) StdoutLine: {'line': b'-- Up-to-date: /home/rschnurr/SkyClaw-Team1/ros2_ws/install/px4_msgs/local/lib/python3.10/dist-packages/px4_msgs/msg/_uavcan_parameter_value_s.c\n'}
[2.264970] (px4_msgs) StdoutLine: {'line': b'-- Up-to-date: /home/rschnurr/SkyClaw-Team1/ros2_ws/install/px4_msgs/local/lib/python3.10/dist-packages/px4_msgs/msg/_position_setpoint.py\n'}
[2.265249] (px4_msgs) StdoutLine: {'line': b'-- Up-to-date: /home/rschnurr/SkyClaw-Team1/ros2_ws/install/px4_msgs/local/lib/python3.10/dist-packages/px4_msgs/msg/_landing_gear_wheel_s.c\n'}
[2.265751] (px4_msgs) StdoutLine: {'line': b'-- Up-to-date: /home/rschnurr/SkyClaw-Team1/ros2_ws/install/px4_msgs/local/lib/python3.10/dist-packages/px4_msgs/msg/_vehicle_land_detected.py\n'}
[2.266064] (px4_msgs) StdoutLine: {'line': b'-- Up-to-date: /home/rschnurr/SkyClaw-Team1/ros2_ws/install/px4_msgs/local/lib/python3.10/dist-packages/px4_msgs/msg/_yaw_estimator_status.py\n'}
[2.266131] (px4_msgs) StdoutLine: {'line': b'-- Up-to-date: /home/rschnurr/SkyClaw-Team1/ros2_ws/install/px4_msgs/local/lib/python3.10/dist-packages/px4_msgs/msg/_camera_trigger_s.c\n'}
[2.266180] (px4_msgs) StdoutLine: {'line': b'-- Up-to-date: /home/rschnurr/SkyClaw-Team1/ros2_ws/install/px4_msgs/local/lib/python3.10/dist-packages/px4_msgs/msg/_open_drone_id_self_id.py\n'}
[2.266232] (px4_msgs) StdoutLine: {'line': b'-- Up-to-date: /home/rschnurr/SkyClaw-Team1/ros2_ws/install/px4_msgs/local/lib/python3.10/dist-packages/px4_msgs/msg/_register_ext_component_request_s.c\n'}
[2.266403] (px4_msgs) StdoutLine: {'line': b'-- Up-to-date: /home/rschnurr/SkyClaw-Team1/ros2_ws/install/px4_msgs/local/lib/python3.10/dist-packages/px4_msgs/msg/_estimator_status_flags_s.c\n'}
[2.266504] (px4_msgs) StdoutLine: {'line': b'-- Up-to-date: /home/rschnurr/SkyClaw-Team1/ros2_ws/install/px4_msgs/local/lib/python3.10/dist-packages/px4_msgs/msg/_rc_channels.py\n'}
[2.266564] (px4_msgs) StdoutLine: {'line': b'-- Up-to-date: /home/rschnurr/SkyClaw-Team1/ros2_ws/install/px4_msgs/local/lib/python3.10/dist-packages/px4_msgs/msg/_collision_constraints.py\n'}
[2.266772] (px4_msgs) StdoutLine: {'line': b'-- Up-to-date: /home/rschnurr/SkyClaw-Team1/ros2_ws/install/px4_msgs/local/lib/python3.10/dist-packages/px4_msgs/msg/_adc_report_s.c\n'}
[2.267049] (px4_msgs) StdoutLine: {'line': b'-- Up-to-date: /home/rschnurr/SkyClaw-Team1/ros2_ws/install/px4_msgs/local/lib/python3.10/dist-packages/px4_msgs/_px4_msgs_s.ep.rosidl_typesupport_fastrtps_c.c\n'}
[2.267208] (px4_msgs) StdoutLine: {'line': b'-- Up-to-date: /home/rschnurr/SkyClaw-Team1/ros2_ws/install/px4_msgs/local/lib/python3.10/dist-packages/px4_msgs/libpx4_msgs__rosidl_generator_py.so\n'}
[2.267479] (px4_msgs) StdoutLine: {'line': b'-- Up-to-date: /home/rschnurr/SkyClaw-Team1/ros2_ws/install/px4_msgs/local/lib/python3.10/dist-packages/px4_msgs/px4_msgs_s__rosidl_typesupport_c.cpython-310-x86_64-linux-gnu.so\n'}
[2.267722] (px4_msgs) StdoutLine: {'line': b'-- Up-to-date: /home/rschnurr/SkyClaw-Team1/ros2_ws/install/px4_msgs/local/lib/python3.10/dist-packages/px4_msgs/px4_msgs_s__rosidl_typesupport_introspection_c.cpython-310-x86_64-linux-gnu.so\n'}
[2.267988] (px4_msgs) StdoutLine: {'line': b'-- Up-to-date: /home/rschnurr/SkyClaw-Team1/ros2_ws/install/px4_msgs/local/lib/python3.10/dist-packages/px4_msgs/__init__.py\n'}
[2.268400] (px4_msgs) StdoutLine: {'line': b'-- Up-to-date: /home/rschnurr/SkyClaw-Team1/ros2_ws/install/px4_msgs/local/lib/python3.10/dist-packages/px4_msgs/px4_msgs_s__rosidl_typesupport_fastrtps_c.cpython-310-x86_64-linux-gnu.so\n'}
[2.268494] (px4_msgs) StdoutLine: {'line': b"Listing '/home/rschnurr/SkyClaw-Team1/ros2_ws/install/px4_msgs/local/lib/python3.10/dist-packages/px4_msgs'...\n"}
[2.268615] (px4_msgs) StdoutLine: {'line': b"Listing '/home/rschnurr/SkyClaw-Team1/ros2_ws/install/px4_msgs/local/lib/python3.10/dist-packages/px4_msgs/msg'...\n"}
[2.268781] (px4_msgs) StdoutLine: {'line': b"Listing '/home/rschnurr/SkyClaw-Team1/ros2_ws/install/px4_msgs/local/lib/python3.10/dist-packages/px4_msgs/srv'...\n"}
[2.268959] (px4_msgs) StdoutLine: {'line': b'-- Up-to-date: /home/rschnurr/SkyClaw-Team1/ros2_ws/install/px4_msgs/local/lib/python3.10/dist-packages/px4_msgs/px4_msgs_s__rosidl_typesupport_fastrtps_c.cpython-310-x86_64-linux-gnu.so\n'}
[2.269208] (px4_msgs) StdoutLine: {'line': b'-- Up-to-date: /home/rschnurr/SkyClaw-Team1/ros2_ws/install/px4_msgs/local/lib/python3.10/dist-packages/px4_msgs/px4_msgs_s__rosidl_typesupport_introspection_c.cpython-310-x86_64-linux-gnu.so\n'}
[2.269293] (px4_msgs) StdoutLine: {'line': b'-- Up-to-date: /home/rschnurr/SkyClaw-Team1/ros2_ws/install/px4_msgs/local/lib/python3.10/dist-packages/px4_msgs/px4_msgs_s__rosidl_typesupport_c.cpython-310-x86_64-linux-gnu.so\n'}
[2.269454] (px4_msgs) StdoutLine: {'line': b'-- Up-to-date: /home/rschnurr/SkyClaw-Team1/ros2_ws/install/px4_msgs/lib/libpx4_msgs__rosidl_generator_py.so\n'}
[2.269508] (px4_msgs) StdoutLine: {'line': b'-- Up-to-date: /home/rschnurr/SkyClaw-Team1/ros2_ws/install/px4_msgs/share/px4_msgs/msg/ActionRequest.idl\n'}
[2.269546] (px4_msgs) StdoutLine: {'line': b'-- Up-to-date: /home/rschnurr/SkyClaw-Team1/ros2_ws/install/px4_msgs/share/px4_msgs/msg/ActuatorArmed.idl\n'}
[2.269580] (px4_msgs) StdoutLine: {'line': b'-- Up-to-date: /home/rschnurr/SkyClaw-Team1/ros2_ws/install/px4_msgs/share/px4_msgs/msg/ActuatorControlsStatus.idl\n'}
[2.269619] (px4_msgs) StdoutLine: {'line': b'-- Up-to-date: /home/rschnurr/SkyClaw-Team1/ros2_ws/install/px4_msgs/share/px4_msgs/msg/ActuatorMotors.idl\n'}
[2.269648] (px4_msgs) StdoutLine: {'line': b'-- Up-to-date: /home/rschnurr/SkyClaw-Team1/ros2_ws/install/px4_msgs/share/px4_msgs/msg/ActuatorOutputs.idl\n'}
[2.269677] (px4_msgs) StdoutLine: {'line': b'-- Up-to-date: /home/rschnurr/SkyClaw-Team1/ros2_ws/install/px4_msgs/share/px4_msgs/msg/ActuatorServos.idl\n'}
[2.269714] (px4_msgs) StdoutLine: {'line': b'-- Up-to-date: /home/rschnurr/SkyClaw-Team1/ros2_ws/install/px4_msgs/share/px4_msgs/msg/ActuatorServosTrim.idl\n'}
[2.269790] (px4_msgs) StdoutLine: {'line': b'-- Up-to-date: /home/rschnurr/SkyClaw-Team1/ros2_ws/install/px4_msgs/share/px4_msgs/msg/ActuatorTest.idl\n'}
[2.269918] (px4_msgs) StdoutLine: {'line': b'-- Up-to-date: /home/rschnurr/SkyClaw-Team1/ros2_ws/install/px4_msgs/share/px4_msgs/msg/AdcReport.idl\n'}
[2.270080] (px4_msgs) StdoutLine: {'line': b'-- Up-to-date: /home/rschnurr/SkyClaw-Team1/ros2_ws/install/px4_msgs/share/px4_msgs/msg/Airspeed.idl\n'}
[2.270320] (px4_msgs) StdoutLine: {'line': b'-- Up-to-date: /home/rschnurr/SkyClaw-Team1/ros2_ws/install/px4_msgs/share/px4_msgs/msg/AirspeedValidated.idl\n'}
[2.270518] (px4_msgs) StdoutLine: {'line': b'-- Up-to-date: /home/rschnurr/SkyClaw-Team1/ros2_ws/install/px4_msgs/share/px4_msgs/msg/AirspeedWind.idl\n'}
[2.270714] (px4_msgs) StdoutLine: {'line': b'-- Up-to-date: /home/rschnurr/SkyClaw-Team1/ros2_ws/install/px4_msgs/share/px4_msgs/msg/ArmingCheckReply.idl\n'}
[2.270981] (px4_msgs) StdoutLine: {'line': b'-- Up-to-date: /home/rschnurr/SkyClaw-Team1/ros2_ws/install/px4_msgs/share/px4_msgs/msg/ArmingCheckRequest.idl\n'}
[2.271134] (px4_msgs) StdoutLine: {'line': b'-- Up-to-date: /home/rschnurr/SkyClaw-Team1/ros2_ws/install/px4_msgs/share/px4_msgs/msg/AutotuneAttitudeControlStatus.idl\n'}
[2.271494] (px4_msgs) StdoutLine: {'line': b'-- Up-to-date: /home/rschnurr/SkyClaw-Team1/ros2_ws/install/px4_msgs/share/px4_msgs/msg/BatteryInfo.idl\n'}
[2.271716] (px4_msgs) StdoutLine: {'line': b'-- Up-to-date: /home/rschnurr/SkyClaw-Team1/ros2_ws/install/px4_msgs/share/px4_msgs/msg/BatteryStatus.idl\n'}
[2.271779] (px4_msgs) StdoutLine: {'line': b'-- Up-to-date: /home/rschnurr/SkyClaw-Team1/ros2_ws/install/px4_msgs/share/px4_msgs/msg/ButtonEvent.idl\n'}
[2.271819] (px4_msgs) StdoutLine: {'line': b'-- Up-to-date: /home/rschnurr/SkyClaw-Team1/ros2_ws/install/px4_msgs/share/px4_msgs/msg/CameraCapture.idl\n'}
[2.271857] (px4_msgs) StdoutLine: {'line': b'-- Up-to-date: /home/rschnurr/SkyClaw-Team1/ros2_ws/install/px4_msgs/share/px4_msgs/msg/CameraStatus.idl\n'}
[2.273018] (px4_msgs) StdoutLine: {'line': b'-- Up-to-date: /home/rschnurr/SkyClaw-Team1/ros2_ws/install/px4_msgs/share/px4_msgs/msg/CameraTrigger.idl\n'}
[2.273526] (px4_msgs) StdoutLine: {'line': b'-- Up-to-date: /home/rschnurr/SkyClaw-Team1/ros2_ws/install/px4_msgs/share/px4_msgs/msg/CanInterfaceStatus.idl\n'}
[2.273639] (px4_msgs) StdoutLine: {'line': b'-- Up-to-date: /home/rschnurr/SkyClaw-Team1/ros2_ws/install/px4_msgs/share/px4_msgs/msg/CellularStatus.idl\n'}
[2.273933] (px4_msgs) StdoutLine: {'line': b'-- Up-to-date: /home/rschnurr/SkyClaw-Team1/ros2_ws/install/px4_msgs/share/px4_msgs/msg/CollisionConstraints.idl\n'}
[2.274232] (px4_msgs) StdoutLine: {'line': b'-- Up-to-date: /home/rschnurr/SkyClaw-Team1/ros2_ws/install/px4_msgs/share/px4_msgs/msg/ConfigOverrides.idl\n'}
[2.274484] (px4_msgs) StdoutLine: {'line': b'-- Up-to-date: /home/rschnurr/SkyClaw-Team1/ros2_ws/install/px4_msgs/share/px4_msgs/msg/ControlAllocatorStatus.idl\n'}
[2.274805] (px4_msgs) StdoutLine: {'line': b'-- Up-to-date: /home/rschnurr/SkyClaw-Team1/ros2_ws/install/px4_msgs/share/px4_msgs/msg/Cpuload.idl\n'}
[2.275706] (px4_msgs) StdoutLine: {'line': b'-- Up-to-date: /home/rschnurr/SkyClaw-Team1/ros2_ws/install/px4_msgs/share/px4_msgs/msg/DatamanRequest.idl\n'}
[2.276000] (px4_msgs) StdoutLine: {'line': b'-- Up-to-date: /home/rschnurr/SkyClaw-Team1/ros2_ws/install/px4_msgs/share/px4_msgs/msg/DatamanResponse.idl\n'}
[2.276287] (px4_msgs) StdoutLine: {'line': b'-- Up-to-date: /home/rschnurr/SkyClaw-Team1/ros2_ws/install/px4_msgs/share/px4_msgs/msg/DebugArray.idl\n'}
[2.276348] (px4_msgs) StdoutLine: {'line': b'-- Up-to-date: /home/rschnurr/SkyClaw-Team1/ros2_ws/install/px4_msgs/share/px4_msgs/msg/DebugKeyValue.idl\n'}
[2.276393] (px4_msgs) StdoutLine: {'line': b'-- Up-to-date: /home/rschnurr/SkyClaw-Team1/ros2_ws/install/px4_msgs/share/px4_msgs/msg/DebugValue.idl\n'}
[2.276430] (px4_msgs) StdoutLine: {'line': b'-- Up-to-date: /home/rschnurr/SkyClaw-Team1/ros2_ws/install/px4_msgs/share/px4_msgs/msg/DebugVect.idl\n'}
[2.276466] (px4_msgs) StdoutLine: {'line': b'-- Up-to-date: /home/rschnurr/SkyClaw-Team1/ros2_ws/install/px4_msgs/share/px4_msgs/msg/DifferentialPressure.idl\n'}
[2.276502] (px4_msgs) StdoutLine: {'line': b'-- Up-to-date: /home/rschnurr/SkyClaw-Team1/ros2_ws/install/px4_msgs/share/px4_msgs/msg/DistanceSensor.idl\n'}
[2.277075] (px4_msgs) StdoutLine: {'line': b'-- Up-to-date: /home/rschnurr/SkyClaw-Team1/ros2_ws/install/px4_msgs/share/px4_msgs/msg/DistanceSensorModeChangeRequest.idl\n'}
[2.277427] (px4_msgs) StdoutLine: {'line': b'-- Up-to-date: /home/rschnurr/SkyClaw-Team1/ros2_ws/install/px4_msgs/share/px4_msgs/msg/DronecanNodeStatus.idl\n'}
[2.277666] (px4_msgs) StdoutLine: {'line': b'-- Up-to-date: /home/rschnurr/SkyClaw-Team1/ros2_ws/install/px4_msgs/share/px4_msgs/msg/Ekf2Timestamps.idl\n'}
[2.277802] (px4_msgs) StdoutLine: {'line': b'-- Up-to-date: /home/rschnurr/SkyClaw-Team1/ros2_ws/install/px4_msgs/share/px4_msgs/msg/EscReport.idl\n'}
[2.278134] (px4_msgs) StdoutLine: {'line': b'-- Up-to-date: /home/rschnurr/SkyClaw-Team1/ros2_ws/install/px4_msgs/share/px4_msgs/msg/EscStatus.idl\n'}
[2.278235] (px4_msgs) StdoutLine: {'line': b'-- Up-to-date: /home/rschnurr/SkyClaw-Team1/ros2_ws/install/px4_msgs/share/px4_msgs/msg/EstimatorAidSource1d.idl\n'}
[2.278301] (px4_msgs) StdoutLine: {'line': b'-- Up-to-date: /home/rschnurr/SkyClaw-Team1/ros2_ws/install/px4_msgs/share/px4_msgs/msg/EstimatorAidSource2d.idl\n'}
[2.278344] (px4_msgs) StdoutLine: {'line': b'-- Up-to-date: /home/rschnurr/SkyClaw-Team1/ros2_ws/install/px4_msgs/share/px4_msgs/msg/EstimatorAidSource3d.idl\n'}
[2.278381] (px4_msgs) StdoutLine: {'line': b'-- Up-to-date: /home/rschnurr/SkyClaw-Team1/ros2_ws/install/px4_msgs/share/px4_msgs/msg/EstimatorBias.idl\n'}
[2.278416] (px4_msgs) StdoutLine: {'line': b'-- Up-to-date: /home/rschnurr/SkyClaw-Team1/ros2_ws/install/px4_msgs/share/px4_msgs/msg/EstimatorBias3d.idl\n'}
[2.278560] (px4_msgs) StdoutLine: {'line': b'-- Up-to-date: /home/rschnurr/SkyClaw-Team1/ros2_ws/install/px4_msgs/share/px4_msgs/msg/EstimatorEventFlags.idl\n'}
[2.278884] (px4_msgs) StdoutLine: {'line': b'-- Up-to-date: /home/rschnurr/SkyClaw-Team1/ros2_ws/install/px4_msgs/share/px4_msgs/msg/EstimatorGpsStatus.idl\n'}
[2.279174] (px4_msgs) StdoutLine: {'line': b'-- Up-to-date: /home/rschnurr/SkyClaw-Team1/ros2_ws/install/px4_msgs/share/px4_msgs/msg/EstimatorInnovations.idl\n'}
[2.279453] (px4_msgs) StdoutLine: {'line': b'-- Up-to-date: /home/rschnurr/SkyClaw-Team1/ros2_ws/install/px4_msgs/share/px4_msgs/msg/EstimatorSelectorStatus.idl\n'}
[2.279682] (px4_msgs) StdoutLine: {'line': b'-- Up-to-date: /home/rschnurr/SkyClaw-Team1/ros2_ws/install/px4_msgs/share/px4_msgs/msg/EstimatorSensorBias.idl\n'}
[2.279830] (px4_msgs) StdoutLine: {'line': b'-- Up-to-date: /home/rschnurr/SkyClaw-Team1/ros2_ws/install/px4_msgs/share/px4_msgs/msg/EstimatorStates.idl\n'}
[2.280422] (px4_msgs) StdoutLine: {'line': b'-- Up-to-date: /home/rschnurr/SkyClaw-Team1/ros2_ws/install/px4_msgs/share/px4_msgs/msg/EstimatorStatus.idl\n'}
[2.280528] (px4_msgs) StdoutLine: {'line': b'-- Up-to-date: /home/rschnurr/SkyClaw-Team1/ros2_ws/install/px4_msgs/share/px4_msgs/msg/EstimatorStatusFlags.idl\n'}
[2.280584] (px4_msgs) StdoutLine: {'line': b'-- Up-to-date: /home/rschnurr/SkyClaw-Team1/ros2_ws/install/px4_msgs/share/px4_msgs/msg/Event.idl\n'}
[2.280767] (px4_msgs) StdoutLine: {'line': b'-- Up-to-date: /home/rschnurr/SkyClaw-Team1/ros2_ws/install/px4_msgs/share/px4_msgs/msg/FailsafeFlags.idl\n'}
[2.281232] (px4_msgs) StdoutLine: {'line': b'-- Up-to-date: /home/rschnurr/SkyClaw-Team1/ros2_ws/install/px4_msgs/share/px4_msgs/msg/FailureDetectorStatus.idl\n'}
[2.281352] (px4_msgs) StdoutLine: {'line': b'-- Up-to-date: /home/rschnurr/SkyClaw-Team1/ros2_ws/install/px4_msgs/share/px4_msgs/msg/FigureEightStatus.idl\n'}
[2.281436] (px4_msgs) StdoutLine: {'line': b'-- Up-to-date: /home/rschnurr/SkyClaw-Team1/ros2_ws/install/px4_msgs/share/px4_msgs/msg/FixedWingLateralGuidanceStatus.idl\n'}
[2.281637] (px4_msgs) StdoutLine: {'line': b'-- Up-to-date: /home/rschnurr/SkyClaw-Team1/ros2_ws/install/px4_msgs/share/px4_msgs/msg/FixedWingLateralSetpoint.idl\n'}
[2.281853] (px4_msgs) StdoutLine: {'line': b'-- Up-to-date: /home/rschnurr/SkyClaw-Team1/ros2_ws/install/px4_msgs/share/px4_msgs/msg/FixedWingLateralStatus.idl\n'}
[2.282248] (px4_msgs) StdoutLine: {'line': b'-- Up-to-date: /home/rschnurr/SkyClaw-Team1/ros2_ws/install/px4_msgs/share/px4_msgs/msg/FixedWingLongitudinalSetpoint.idl\n'}
[2.282471] (px4_msgs) StdoutLine: {'line': b'-- Up-to-date: /home/rschnurr/SkyClaw-Team1/ros2_ws/install/px4_msgs/share/px4_msgs/msg/FixedWingRunwayControl.idl\n'}
[2.282752] (px4_msgs) StdoutLine: {'line': b'-- Up-to-date: /home/rschnurr/SkyClaw-Team1/ros2_ws/install/px4_msgs/share/px4_msgs/msg/FlightPhaseEstimation.idl\n'}
[2.283138] (px4_msgs) StdoutLine: {'line': b'-- Up-to-date: /home/rschnurr/SkyClaw-Team1/ros2_ws/install/px4_msgs/share/px4_msgs/msg/FollowTarget.idl\n'}
[2.283406] (px4_msgs) StdoutLine: {'line': b'-- Up-to-date: /home/rschnurr/SkyClaw-Team1/ros2_ws/install/px4_msgs/share/px4_msgs/msg/FollowTargetEstimator.idl\n'}
[2.283903] (px4_msgs) StdoutLine: {'line': b'-- Up-to-date: /home/rschnurr/SkyClaw-Team1/ros2_ws/install/px4_msgs/share/px4_msgs/msg/FollowTargetStatus.idl\n'}
[2.284040] (px4_msgs) StdoutLine: {'line': b'-- Up-to-date: /home/rschnurr/SkyClaw-Team1/ros2_ws/install/px4_msgs/share/px4_msgs/msg/FuelTankStatus.idl\n'}
[2.284224] (px4_msgs) StdoutLine: {'line': b'-- Up-to-date: /home/rschnurr/SkyClaw-Team1/ros2_ws/install/px4_msgs/share/px4_msgs/msg/GeneratorStatus.idl\n'}
[2.284410] (px4_msgs) StdoutLine: {'line': b'-- Up-to-date: /home/rschnurr/SkyClaw-Team1/ros2_ws/install/px4_msgs/share/px4_msgs/msg/GeofenceResult.idl\n'}
[2.284611] (px4_msgs) StdoutLine: {'line': b'-- Up-to-date: /home/rschnurr/SkyClaw-Team1/ros2_ws/install/px4_msgs/share/px4_msgs/msg/GeofenceStatus.idl\n'}
[2.285318] (px4_msgs) StdoutLine: {'line': b'-- Up-to-date: /home/rschnurr/SkyClaw-Team1/ros2_ws/install/px4_msgs/share/px4_msgs/msg/GimbalControls.idl\n'}
[2.285661] (px4_msgs) StdoutLine: {'line': b'-- Up-to-date: /home/rschnurr/SkyClaw-Team1/ros2_ws/install/px4_msgs/share/px4_msgs/msg/GimbalDeviceAttitudeStatus.idl\n'}
[2.286017] (px4_msgs) StdoutLine: {'line': b'-- Up-to-date: /home/rschnurr/SkyClaw-Team1/ros2_ws/install/px4_msgs/share/px4_msgs/msg/GimbalDeviceInformation.idl\n'}
[2.286231] (px4_msgs) StdoutLine: {'line': b'-- Up-to-date: /home/rschnurr/SkyClaw-Team1/ros2_ws/install/px4_msgs/share/px4_msgs/msg/GimbalDeviceSetAttitude.idl\n'}
[2.286496] (px4_msgs) StdoutLine: {'line': b'-- Up-to-date: /home/rschnurr/SkyClaw-Team1/ros2_ws/install/px4_msgs/share/px4_msgs/msg/GimbalManagerInformation.idl\n'}
[2.286762] (px4_msgs) StdoutLine: {'line': b'-- Up-to-date: /home/rschnurr/SkyClaw-Team1/ros2_ws/install/px4_msgs/share/px4_msgs/msg/GimbalManagerSetAttitude.idl\n'}
[2.286960] (px4_msgs) StdoutLine: {'line': b'-- Up-to-date: /home/rschnurr/SkyClaw-Team1/ros2_ws/install/px4_msgs/share/px4_msgs/msg/GimbalManagerSetManualControl.idl\n'}
[2.287239] (px4_msgs) StdoutLine: {'line': b'-- Up-to-date: /home/rschnurr/SkyClaw-Team1/ros2_ws/install/px4_msgs/share/px4_msgs/msg/GimbalManagerStatus.idl\n'}
[2.287366] (px4_msgs) StdoutLine: {'line': b'-- Up-to-date: /home/rschnurr/SkyClaw-Team1/ros2_ws/install/px4_msgs/share/px4_msgs/msg/GotoSetpoint.idl\n'}
[2.287459] (px4_msgs) StdoutLine: {'line': b'-- Up-to-date: /home/rschnurr/SkyClaw-Team1/ros2_ws/install/px4_msgs/share/px4_msgs/msg/GpioConfig.idl\n'}
[2.287683] (px4_msgs) StdoutLine: {'line': b'-- Up-to-date: /home/rschnurr/SkyClaw-Team1/ros2_ws/install/px4_msgs/share/px4_msgs/msg/GpioIn.idl\n'}
[2.287924] (px4_msgs) StdoutLine: {'line': b'-- Up-to-date: /home/rschnurr/SkyClaw-Team1/ros2_ws/install/px4_msgs/share/px4_msgs/msg/GpioOut.idl\n'}
[2.288197] (px4_msgs) StdoutLine: {'line': b'-- Up-to-date: /home/rschnurr/SkyClaw-Team1/ros2_ws/install/px4_msgs/share/px4_msgs/msg/GpioRequest.idl\n'}
[2.288452] (px4_msgs) StdoutLine: {'line': b'-- Up-to-date: /home/rschnurr/SkyClaw-Team1/ros2_ws/install/px4_msgs/share/px4_msgs/msg/GpsDump.idl\n'}
[2.288734] (px4_msgs) StdoutLine: {'line': b'-- Up-to-date: /home/rschnurr/SkyClaw-Team1/ros2_ws/install/px4_msgs/share/px4_msgs/msg/GpsInjectData.idl\n'}
[2.288821] (px4_msgs) StdoutLine: {'line': b'-- Up-to-date: /home/rschnurr/SkyClaw-Team1/ros2_ws/install/px4_msgs/share/px4_msgs/msg/Gripper.idl\n'}
[2.288877] (px4_msgs) StdoutLine: {'line': b'-- Up-to-date: /home/rschnurr/SkyClaw-Team1/ros2_ws/install/px4_msgs/share/px4_msgs/msg/HealthReport.idl\n'}
[2.288926] (px4_msgs) StdoutLine: {'line': b'-- Up-to-date: /home/rschnurr/SkyClaw-Team1/ros2_ws/install/px4_msgs/share/px4_msgs/msg/HeaterStatus.idl\n'}
[2.288973] (px4_msgs) StdoutLine: {'line': b'-- Up-to-date: /home/rschnurr/SkyClaw-Team1/ros2_ws/install/px4_msgs/share/px4_msgs/msg/HomePosition.idl\n'}
[2.289074] (px4_msgs) StdoutLine: {'line': b'-- Up-to-date: /home/rschnurr/SkyClaw-Team1/ros2_ws/install/px4_msgs/share/px4_msgs/msg/HoverThrustEstimate.idl\n'}
[2.289128] (px4_msgs) StdoutLine: {'line': b'-- Up-to-date: /home/rschnurr/SkyClaw-Team1/ros2_ws/install/px4_msgs/share/px4_msgs/msg/InputRc.idl\n'}
[2.289173] (px4_msgs) StdoutLine: {'line': b'-- Up-to-date: /home/rschnurr/SkyClaw-Team1/ros2_ws/install/px4_msgs/share/px4_msgs/msg/InternalCombustionEngineControl.idl\n'}
[2.289217] (px4_msgs) StdoutLine: {'line': b'-- Up-to-date: /home/rschnurr/SkyClaw-Team1/ros2_ws/install/px4_msgs/share/px4_msgs/msg/InternalCombustionEngineStatus.idl\n'}
[2.289271] (px4_msgs) StdoutLine: {'line': b'-- Up-to-date: /home/rschnurr/SkyClaw-Team1/ros2_ws/install/px4_msgs/share/px4_msgs/msg/IridiumsbdStatus.idl\n'}
[2.289474] (px4_msgs) StdoutLine: {'line': b'-- Up-to-date: /home/rschnurr/SkyClaw-Team1/ros2_ws/install/px4_msgs/share/px4_msgs/msg/IrlockReport.idl\n'}
[2.289801] (px4_msgs) StdoutLine: {'line': b'-- Up-to-date: /home/rschnurr/SkyClaw-Team1/ros2_ws/install/px4_msgs/share/px4_msgs/msg/LandingGear.idl\n'}
[2.289866] (px4_msgs) StdoutLine: {'line': b'-- Up-to-date: /home/rschnurr/SkyClaw-Team1/ros2_ws/install/px4_msgs/share/px4_msgs/msg/LandingGearWheel.idl\n'}
[2.289922] (px4_msgs) StdoutLine: {'line': b'-- Up-to-date: /home/rschnurr/SkyClaw-Team1/ros2_ws/install/px4_msgs/share/px4_msgs/msg/LandingTargetInnovations.idl\n'}
[2.290071] (px4_msgs) StdoutLine: {'line': b'-- Up-to-date: /home/rschnurr/SkyClaw-Team1/ros2_ws/install/px4_msgs/share/px4_msgs/msg/LandingTargetPose.idl\n'}
[2.290146] (px4_msgs) StdoutLine: {'line': b'-- Up-to-date: /home/rschnurr/SkyClaw-Team1/ros2_ws/install/px4_msgs/share/px4_msgs/msg/LateralControlConfiguration.idl\n'}
[2.290202] (px4_msgs) StdoutLine: {'line': b'-- Up-to-date: /home/rschnurr/SkyClaw-Team1/ros2_ws/install/px4_msgs/share/px4_msgs/msg/LaunchDetectionStatus.idl\n'}
[2.290250] (px4_msgs) StdoutLine: {'line': b'-- Up-to-date: /home/rschnurr/SkyClaw-Team1/ros2_ws/install/px4_msgs/share/px4_msgs/msg/LedControl.idl\n'}
[2.290296] (px4_msgs) StdoutLine: {'line': b'-- Up-to-date: /home/rschnurr/SkyClaw-Team1/ros2_ws/install/px4_msgs/share/px4_msgs/msg/LogMessage.idl\n'}
[2.290342] (px4_msgs) StdoutLine: {'line': b'-- Up-to-date: /home/rschnurr/SkyClaw-Team1/ros2_ws/install/px4_msgs/share/px4_msgs/msg/LoggerStatus.idl\n'}
[2.290386] (px4_msgs) StdoutLine: {'line': b'-- Up-to-date: /home/rschnurr/SkyClaw-Team1/ros2_ws/install/px4_msgs/share/px4_msgs/msg/LongitudinalControlConfiguration.idl\n'}
[2.290431] (px4_msgs) StdoutLine: {'line': b'-- Up-to-date: /home/rschnurr/SkyClaw-Team1/ros2_ws/install/px4_msgs/share/px4_msgs/msg/MagWorkerData.idl\n'}
[2.290493] (px4_msgs) StdoutLine: {'line': b'-- Up-to-date: /home/rschnurr/SkyClaw-Team1/ros2_ws/install/px4_msgs/share/px4_msgs/msg/MagnetometerBiasEstimate.idl\n'}
[2.290540] (px4_msgs) StdoutLine: {'line': b'-- Up-to-date: /home/rschnurr/SkyClaw-Team1/ros2_ws/install/px4_msgs/share/px4_msgs/msg/ManualControlSetpoint.idl\n'}
[2.290586] (px4_msgs) StdoutLine: {'line': b'-- Up-to-date: /home/rschnurr/SkyClaw-Team1/ros2_ws/install/px4_msgs/share/px4_msgs/msg/ManualControlSwitches.idl\n'}
[2.290646] (px4_msgs) StdoutLine: {'line': b'-- Up-to-date: /home/rschnurr/SkyClaw-Team1/ros2_ws/install/px4_msgs/share/px4_msgs/msg/MavlinkLog.idl\n'}
[2.290690] (px4_msgs) StdoutLine: {'line': b'-- Up-to-date: /home/rschnurr/SkyClaw-Team1/ros2_ws/install/px4_msgs/share/px4_msgs/msg/MavlinkTunnel.idl\n'}
[2.290736] (px4_msgs) StdoutLine: {'line': b'-- Up-to-date: /home/rschnurr/SkyClaw-Team1/ros2_ws/install/px4_msgs/share/px4_msgs/msg/MessageFormatRequest.idl\n'}
[2.290780] (px4_msgs) StdoutLine: {'line': b'-- Up-to-date: /home/rschnurr/SkyClaw-Team1/ros2_ws/install/px4_msgs/share/px4_msgs/msg/MessageFormatResponse.idl\n'}
[2.290824] (px4_msgs) StdoutLine: {'line': b'-- Up-to-date: /home/rschnurr/SkyClaw-Team1/ros2_ws/install/px4_msgs/share/px4_msgs/msg/Mission.idl\n'}
[2.290870] (px4_msgs) StdoutLine: {'line': b'-- Up-to-date: /home/rschnurr/SkyClaw-Team1/ros2_ws/install/px4_msgs/share/px4_msgs/msg/MissionResult.idl\n'}
[2.290911] (px4_msgs) StdoutLine: {'line': b'-- Up-to-date: /home/rschnurr/SkyClaw-Team1/ros2_ws/install/px4_msgs/share/px4_msgs/msg/ModeCompleted.idl\n'}
[2.291098] (px4_msgs) StdoutLine: {'line': b'-- Up-to-date: /home/rschnurr/SkyClaw-Team1/ros2_ws/install/px4_msgs/share/px4_msgs/msg/MountOrientation.idl\n'}
[2.291359] (px4_msgs) StdoutLine: {'line': b'-- Up-to-date: /home/rschnurr/SkyClaw-Team1/ros2_ws/install/px4_msgs/share/px4_msgs/msg/NavigatorMissionItem.idl\n'}
[2.292082] (px4_msgs) StdoutLine: {'line': b'-- Up-to-date: /home/rschnurr/SkyClaw-Team1/ros2_ws/install/px4_msgs/share/px4_msgs/msg/NavigatorStatus.idl\n'}
[2.292643] (px4_msgs) StdoutLine: {'line': b'-- Up-to-date: /home/rschnurr/SkyClaw-Team1/ros2_ws/install/px4_msgs/share/px4_msgs/msg/NeuralControl.idl\n'}
[2.292897] (px4_msgs) StdoutLine: {'line': b'-- Up-to-date: /home/rschnurr/SkyClaw-Team1/ros2_ws/install/px4_msgs/share/px4_msgs/msg/NormalizedUnsignedSetpoint.idl\n'}
[2.293037] (px4_msgs) StdoutLine: {'line': b'-- Up-to-date: /home/rschnurr/SkyClaw-Team1/ros2_ws/install/px4_msgs/share/px4_msgs/msg/ObstacleDistance.idl\n'}
[2.293152] (px4_msgs) StdoutLine: {'line': b'-- Up-to-date: /home/rschnurr/SkyClaw-Team1/ros2_ws/install/px4_msgs/share/px4_msgs/msg/OffboardControlMode.idl\n'}
[2.293233] (px4_msgs) StdoutLine: {'line': b'-- Up-to-date: /home/rschnurr/SkyClaw-Team1/ros2_ws/install/px4_msgs/share/px4_msgs/msg/OnboardComputerStatus.idl\n'}
[2.293311] (px4_msgs) StdoutLine: {'line': b'-- Up-to-date: /home/rschnurr/SkyClaw-Team1/ros2_ws/install/px4_msgs/share/px4_msgs/msg/OpenDroneIdArmStatus.idl\n'}
[2.293388] (px4_msgs) StdoutLine: {'line': b'-- Up-to-date: /home/rschnurr/SkyClaw-Team1/ros2_ws/install/px4_msgs/share/px4_msgs/msg/OpenDroneIdOperatorId.idl\n'}
[2.293465] (px4_msgs) StdoutLine: {'line': b'-- Up-to-date: /home/rschnurr/SkyClaw-Team1/ros2_ws/install/px4_msgs/share/px4_msgs/msg/OpenDroneIdSelfId.idl\n'}
[2.293613] (px4_msgs) StdoutLine: {'line': b'-- Up-to-date: /home/rschnurr/SkyClaw-Team1/ros2_ws/install/px4_msgs/share/px4_msgs/msg/OpenDroneIdSystem.idl\n'}
[2.293712] (px4_msgs) StdoutLine: {'line': b'-- Up-to-date: /home/rschnurr/SkyClaw-Team1/ros2_ws/install/px4_msgs/share/px4_msgs/msg/OrbTest.idl\n'}
[2.293794] (px4_msgs) StdoutLine: {'line': b'-- Up-to-date: /home/rschnurr/SkyClaw-Team1/ros2_ws/install/px4_msgs/share/px4_msgs/msg/OrbTestLarge.idl\n'}
[2.293866] (px4_msgs) StdoutLine: {'line': b'-- Up-to-date: /home/rschnurr/SkyClaw-Team1/ros2_ws/install/px4_msgs/share/px4_msgs/msg/OrbTestMedium.idl\n'}
[2.294163] (px4_msgs) StdoutLine: {'line': b'-- Up-to-date: /home/rschnurr/SkyClaw-Team1/ros2_ws/install/px4_msgs/share/px4_msgs/msg/OrbitStatus.idl\n'}
[2.294599] (px4_msgs) StdoutLine: {'line': b'-- Up-to-date: /home/rschnurr/SkyClaw-Team1/ros2_ws/install/px4_msgs/share/px4_msgs/msg/ParameterResetRequest.idl\n'}
[2.294744] (px4_msgs) StdoutLine: {'line': b'-- Up-to-date: /home/rschnurr/SkyClaw-Team1/ros2_ws/install/px4_msgs/share/px4_msgs/msg/ParameterSetUsedRequest.idl\n'}
[2.294836] (px4_msgs) StdoutLine: {'line': b'-- Up-to-date: /home/rschnurr/SkyClaw-Team1/ros2_ws/install/px4_msgs/share/px4_msgs/msg/ParameterSetValueRequest.idl\n'}
[2.294918] (px4_msgs) StdoutLine: {'line': b'-- Up-to-date: /home/rschnurr/SkyClaw-Team1/ros2_ws/install/px4_msgs/share/px4_msgs/msg/ParameterSetValueResponse.idl\n'}
[2.294997] (px4_msgs) StdoutLine: {'line': b'-- Up-to-date: /home/rschnurr/SkyClaw-Team1/ros2_ws/install/px4_msgs/share/px4_msgs/msg/ParameterUpdate.idl\n'}
[2.295075] (px4_msgs) StdoutLine: {'line': b'-- Up-to-date: /home/rschnurr/SkyClaw-Team1/ros2_ws/install/px4_msgs/share/px4_msgs/msg/Ping.idl\n'}
[2.295149] (px4_msgs) StdoutLine: {'line': b'-- Up-to-date: /home/rschnurr/SkyClaw-Team1/ros2_ws/install/px4_msgs/share/px4_msgs/msg/PositionControllerLandingStatus.idl\n'}
[2.295230] (px4_msgs) StdoutLine: {'line': b'-- Up-to-date: /home/rschnurr/SkyClaw-Team1/ros2_ws/install/px4_msgs/share/px4_msgs/msg/PositionControllerStatus.idl\n'}
[2.295314] (px4_msgs) StdoutLine: {'line': b'-- Up-to-date: /home/rschnurr/SkyClaw-Team1/ros2_ws/install/px4_msgs/share/px4_msgs/msg/PositionSetpoint.idl\n'}
[2.295653] (px4_msgs) StdoutLine: {'line': b'-- Up-to-date: /home/rschnurr/SkyClaw-Team1/ros2_ws/install/px4_msgs/share/px4_msgs/msg/PositionSetpointTriplet.idl\n'}
[2.295911] (px4_msgs) StdoutLine: {'line': b'-- Up-to-date: /home/rschnurr/SkyClaw-Team1/ros2_ws/install/px4_msgs/share/px4_msgs/msg/PowerButtonState.idl\n'}
[2.296110] (px4_msgs) StdoutLine: {'line': b'-- Up-to-date: /home/rschnurr/SkyClaw-Team1/ros2_ws/install/px4_msgs/share/px4_msgs/msg/PowerMonitor.idl\n'}
[2.296266] (px4_msgs) StdoutLine: {'line': b'-- Up-to-date: /home/rschnurr/SkyClaw-Team1/ros2_ws/install/px4_msgs/share/px4_msgs/msg/PpsCapture.idl\n'}
[2.296357] (px4_msgs) StdoutLine: {'line': b'-- Up-to-date: /home/rschnurr/SkyClaw-Team1/ros2_ws/install/px4_msgs/share/px4_msgs/msg/PurePursuitStatus.idl\n'}
[2.296613] (px4_msgs) StdoutLine: {'line': b'-- Up-to-date: /home/rschnurr/SkyClaw-Team1/ros2_ws/install/px4_msgs/share/px4_msgs/msg/PwmInput.idl\n'}
[2.296701] (px4_msgs) StdoutLine: {'line': b'-- Up-to-date: /home/rschnurr/SkyClaw-Team1/ros2_ws/install/px4_msgs/share/px4_msgs/msg/Px4ioStatus.idl\n'}
[2.296759] (px4_msgs) StdoutLine: {'line': b'-- Up-to-date: /home/rschnurr/SkyClaw-Team1/ros2_ws/install/px4_msgs/share/px4_msgs/msg/QshellReq.idl\n'}
[2.297022] (px4_msgs) StdoutLine: {'line': b'-- Up-to-date: /home/rschnurr/SkyClaw-Team1/ros2_ws/install/px4_msgs/share/px4_msgs/msg/QshellRetval.idl\n'}
[2.297121] (px4_msgs) StdoutLine: {'line': b'-- Up-to-date: /home/rschnurr/SkyClaw-Team1/ros2_ws/install/px4_msgs/share/px4_msgs/msg/RadioStatus.idl\n'}
[2.297164] (px4_msgs) StdoutLine: {'line': b'-- Up-to-date: /home/rschnurr/SkyClaw-Team1/ros2_ws/install/px4_msgs/share/px4_msgs/msg/RateCtrlStatus.idl\n'}
[2.297202] (px4_msgs) StdoutLine: {'line': b'-- Up-to-date: /home/rschnurr/SkyClaw-Team1/ros2_ws/install/px4_msgs/share/px4_msgs/msg/RcChannels.idl\n'}
[2.297235] (px4_msgs) StdoutLine: {'line': b'-- Up-to-date: /home/rschnurr/SkyClaw-Team1/ros2_ws/install/px4_msgs/share/px4_msgs/msg/RcParameterMap.idl\n'}
[2.297270] (px4_msgs) StdoutLine: {'line': b'-- Up-to-date: /home/rschnurr/SkyClaw-Team1/ros2_ws/install/px4_msgs/share/px4_msgs/msg/RegisterExtComponentReply.idl\n'}
[2.297309] (px4_msgs) StdoutLine: {'line': b'-- Up-to-date: /home/rschnurr/SkyClaw-Team1/ros2_ws/install/px4_msgs/share/px4_msgs/msg/RegisterExtComponentRequest.idl\n'}
[2.297350] (px4_msgs) StdoutLine: {'line': b'-- Up-to-date: /home/rschnurr/SkyClaw-Team1/ros2_ws/install/px4_msgs/share/px4_msgs/msg/RoverAttitudeSetpoint.idl\n'}
[2.297385] (px4_msgs) StdoutLine: {'line': b'-- Up-to-date: /home/rschnurr/SkyClaw-Team1/ros2_ws/install/px4_msgs/share/px4_msgs/msg/RoverAttitudeStatus.idl\n'}
[2.297434] (px4_msgs) StdoutLine: {'line': b'-- Up-to-date: /home/rschnurr/SkyClaw-Team1/ros2_ws/install/px4_msgs/share/px4_msgs/msg/RoverPositionSetpoint.idl\n'}
[2.297467] (px4_msgs) StdoutLine: {'line': b'-- Up-to-date: /home/rschnurr/SkyClaw-Team1/ros2_ws/install/px4_msgs/share/px4_msgs/msg/RoverRateSetpoint.idl\n'}
[2.297499] (px4_msgs) StdoutLine: {'line': b'-- Up-to-date: /home/rschnurr/SkyClaw-Team1/ros2_ws/install/px4_msgs/share/px4_msgs/msg/RoverRateStatus.idl\n'}
[2.297530] (px4_msgs) StdoutLine: {'line': b'-- Up-to-date: /home/rschnurr/SkyClaw-Team1/ros2_ws/install/px4_msgs/share/px4_msgs/msg/RoverSpeedSetpoint.idl\n'}
[2.297561] (px4_msgs) StdoutLine: {'line': b'-- Up-to-date: /home/rschnurr/SkyClaw-Team1/ros2_ws/install/px4_msgs/share/px4_msgs/msg/RoverSpeedStatus.idl\n'}
[2.297592] (px4_msgs) StdoutLine: {'line': b'-- Up-to-date: /home/rschnurr/SkyClaw-Team1/ros2_ws/install/px4_msgs/share/px4_msgs/msg/RoverSteeringSetpoint.idl\n'}
[2.297631] (px4_msgs) StdoutLine: {'line': b'-- Up-to-date: /home/rschnurr/SkyClaw-Team1/ros2_ws/install/px4_msgs/share/px4_msgs/msg/RoverThrottleSetpoint.idl\n'}
[2.297666] (px4_msgs) StdoutLine: {'line': b'-- Up-to-date: /home/rschnurr/SkyClaw-Team1/ros2_ws/install/px4_msgs/share/px4_msgs/msg/Rpm.idl\n'}
[2.297699] (px4_msgs) StdoutLine: {'line': b'-- Up-to-date: /home/rschnurr/SkyClaw-Team1/ros2_ws/install/px4_msgs/share/px4_msgs/msg/RtlStatus.idl\n'}
[2.297730] (px4_msgs) StdoutLine: {'line': b'-- Up-to-date: /home/rschnurr/SkyClaw-Team1/ros2_ws/install/px4_msgs/share/px4_msgs/msg/RtlTimeEstimate.idl\n'}
[2.298082] (px4_msgs) StdoutLine: {'line': b'-- Up-to-date: /home/rschnurr/SkyClaw-Team1/ros2_ws/install/px4_msgs/share/px4_msgs/msg/SatelliteInfo.idl\n'}
[2.298507] (px4_msgs) StdoutLine: {'line': b'-- Up-to-date: /home/rschnurr/SkyClaw-Team1/ros2_ws/install/px4_msgs/share/px4_msgs/msg/SensorAccel.idl\n'}
[2.298634] (px4_msgs) StdoutLine: {'line': b'-- Up-to-date: /home/rschnurr/SkyClaw-Team1/ros2_ws/install/px4_msgs/share/px4_msgs/msg/SensorAccelFifo.idl\n'}
[2.298753] (px4_msgs) StdoutLine: {'line': b'-- Up-to-date: /home/rschnurr/SkyClaw-Team1/ros2_ws/install/px4_msgs/share/px4_msgs/msg/SensorAirflow.idl\n'}
[2.298860] (px4_msgs) StdoutLine: {'line': b'-- Up-to-date: /home/rschnurr/SkyClaw-Team1/ros2_ws/install/px4_msgs/share/px4_msgs/msg/SensorBaro.idl\n'}
[2.298968] (px4_msgs) StdoutLine: {'line': b'-- Up-to-date: /home/rschnurr/SkyClaw-Team1/ros2_ws/install/px4_msgs/share/px4_msgs/msg/SensorCombined.idl\n'}
[2.299245] (px4_msgs) StdoutLine: {'line': b'-- Up-to-date: /home/rschnurr/SkyClaw-Team1/ros2_ws/install/px4_msgs/share/px4_msgs/msg/SensorCorrection.idl\n'}
[2.299723] (px4_msgs) StdoutLine: {'line': b'-- Up-to-date: /home/rschnurr/SkyClaw-Team1/ros2_ws/install/px4_msgs/share/px4_msgs/msg/SensorGnssRelative.idl\n'}
[2.299860] (px4_msgs) StdoutLine: {'line': b'-- Up-to-date: /home/rschnurr/SkyClaw-Team1/ros2_ws/install/px4_msgs/share/px4_msgs/msg/SensorGnssStatus.idl\n'}
[2.299952] (px4_msgs) StdoutLine: {'line': b'-- Up-to-date: /home/rschnurr/SkyClaw-Team1/ros2_ws/install/px4_msgs/share/px4_msgs/msg/SensorGps.idl\n'}
[2.300029] (px4_msgs) StdoutLine: {'line': b'-- Up-to-date: /home/rschnurr/SkyClaw-Team1/ros2_ws/install/px4_msgs/share/px4_msgs/msg/SensorGyro.idl\n'}
[2.300130] (px4_msgs) StdoutLine: {'line': b'-- Up-to-date: /home/rschnurr/SkyClaw-Team1/ros2_ws/install/px4_msgs/share/px4_msgs/msg/SensorGyroFft.idl\n'}
[2.300302] (px4_msgs) StdoutLine: {'line': b'-- Up-to-date: /home/rschnurr/SkyClaw-Team1/ros2_ws/install/px4_msgs/share/px4_msgs/msg/SensorGyroFifo.idl\n'}
[2.300452] (px4_msgs) StdoutLine: {'line': b'-- Up-to-date: /home/rschnurr/SkyClaw-Team1/ros2_ws/install/px4_msgs/share/px4_msgs/msg/SensorHygrometer.idl\n'}
[2.300633] (px4_msgs) StdoutLine: {'line': b'-- Up-to-date: /home/rschnurr/SkyClaw-Team1/ros2_ws/install/px4_msgs/share/px4_msgs/msg/SensorMag.idl\n'}
[2.300745] (px4_msgs) StdoutLine: {'line': b'-- Up-to-date: /home/rschnurr/SkyClaw-Team1/ros2_ws/install/px4_msgs/share/px4_msgs/msg/SensorOpticalFlow.idl\n'}
[2.300880] (px4_msgs) StdoutLine: {'line': b'-- Up-to-date: /home/rschnurr/SkyClaw-Team1/ros2_ws/install/px4_msgs/share/px4_msgs/msg/SensorPreflightMag.idl\n'}
[2.300990] (px4_msgs) StdoutLine: {'line': b'-- Up-to-date: /home/rschnurr/SkyClaw-Team1/ros2_ws/install/px4_msgs/share/px4_msgs/msg/SensorSelection.idl\n'}
[2.301300] (px4_msgs) StdoutLine: {'line': b'-- Up-to-date: /home/rschnurr/SkyClaw-Team1/ros2_ws/install/px4_msgs/share/px4_msgs/msg/SensorUwb.idl\n'}
[2.301750] (px4_msgs) StdoutLine: {'line': b'-- Up-to-date: /home/rschnurr/SkyClaw-Team1/ros2_ws/install/px4_msgs/share/px4_msgs/msg/SensorsStatus.idl\n'}
[2.302184] (px4_msgs) StdoutLine: {'line': b'-- Up-to-date: /home/rschnurr/SkyClaw-Team1/ros2_ws/install/px4_msgs/share/px4_msgs/msg/SensorsStatusImu.idl\n'}
[2.302472] (px4_msgs) StdoutLine: {'line': b'-- Up-to-date: /home/rschnurr/SkyClaw-Team1/ros2_ws/install/px4_msgs/share/px4_msgs/msg/SystemPower.idl\n'}
[2.302611] (px4_msgs) StdoutLine: {'line': b'-- Up-to-date: /home/rschnurr/SkyClaw-Team1/ros2_ws/install/px4_msgs/share/px4_msgs/msg/TakeoffStatus.idl\n'}
[2.302836] (px4_msgs) StdoutLine: {'line': b'-- Up-to-date: /home/rschnurr/SkyClaw-Team1/ros2_ws/install/px4_msgs/share/px4_msgs/msg/TaskStackInfo.idl\n'}
[2.302942] (px4_msgs) StdoutLine: {'line': b'-- Up-to-date: /home/rschnurr/SkyClaw-Team1/ros2_ws/install/px4_msgs/share/px4_msgs/msg/TecsStatus.idl\n'}
[2.303000] (px4_msgs) StdoutLine: {'line': b'-- Up-to-date: /home/rschnurr/SkyClaw-Team1/ros2_ws/install/px4_msgs/share/px4_msgs/msg/TelemetryStatus.idl\n'}
[2.303177] (px4_msgs) StdoutLine: {'line': b'-- Up-to-date: /home/rschnurr/SkyClaw-Team1/ros2_ws/install/px4_msgs/share/px4_msgs/msg/TiltrotorExtraControls.idl\n'}
[2.303291] (px4_msgs) StdoutLine: {'line': b'-- Up-to-date: /home/rschnurr/SkyClaw-Team1/ros2_ws/install/px4_msgs/share/px4_msgs/msg/TimesyncStatus.idl\n'}
[2.303359] (px4_msgs) StdoutLine: {'line': b'-- Up-to-date: /home/rschnurr/SkyClaw-Team1/ros2_ws/install/px4_msgs/share/px4_msgs/msg/TrajectorySetpoint.idl\n'}
[2.303413] (px4_msgs) StdoutLine: {'line': b'-- Up-to-date: /home/rschnurr/SkyClaw-Team1/ros2_ws/install/px4_msgs/share/px4_msgs/msg/TrajectorySetpoint6dof.idl\n'}
[2.303463] (px4_msgs) StdoutLine: {'line': b'-- Up-to-date: /home/rschnurr/SkyClaw-Team1/ros2_ws/install/px4_msgs/share/px4_msgs/msg/TransponderReport.idl\n'}
[2.303509] (px4_msgs) StdoutLine: {'line': b'-- Up-to-date: /home/rschnurr/SkyClaw-Team1/ros2_ws/install/px4_msgs/share/px4_msgs/msg/TuneControl.idl\n'}
[2.303552] (px4_msgs) StdoutLine: {'line': b'-- Up-to-date: /home/rschnurr/SkyClaw-Team1/ros2_ws/install/px4_msgs/share/px4_msgs/msg/UavcanParameterRequest.idl\n'}
[2.303673] (px4_msgs) StdoutLine: {'line': b'-- Up-to-date: /home/rschnurr/SkyClaw-Team1/ros2_ws/install/px4_msgs/share/px4_msgs/msg/UavcanParameterValue.idl\n'}
[2.303740] (px4_msgs) StdoutLine: {'line': b'-- Up-to-date: /home/rschnurr/SkyClaw-Team1/ros2_ws/install/px4_msgs/share/px4_msgs/msg/UlogStream.idl\n'}
[2.303791] (px4_msgs) StdoutLine: {'line': b'-- Up-to-date: /home/rschnurr/SkyClaw-Team1/ros2_ws/install/px4_msgs/share/px4_msgs/msg/UlogStreamAck.idl\n'}
[2.303837] (px4_msgs) StdoutLine: {'line': b'-- Up-to-date: /home/rschnurr/SkyClaw-Team1/ros2_ws/install/px4_msgs/share/px4_msgs/msg/UnregisterExtComponent.idl\n'}
[2.304252] (px4_msgs) StdoutLine: {'line': b'-- Up-to-date: /home/rschnurr/SkyClaw-Team1/ros2_ws/install/px4_msgs/share/px4_msgs/msg/VehicleAcceleration.idl\n'}
[2.304359] (px4_msgs) StdoutLine: {'line': b'-- Up-to-date: /home/rschnurr/SkyClaw-Team1/ros2_ws/install/px4_msgs/share/px4_msgs/msg/VehicleAirData.idl\n'}
[2.304444] (px4_msgs) StdoutLine: {'line': b'-- Up-to-date: /home/rschnurr/SkyClaw-Team1/ros2_ws/install/px4_msgs/share/px4_msgs/msg/VehicleAngularAccelerationSetpoint.idl\n'}
[2.304508] (px4_msgs) StdoutLine: {'line': b'-- Up-to-date: /home/rschnurr/SkyClaw-Team1/ros2_ws/install/px4_msgs/share/px4_msgs/msg/VehicleAngularVelocity.idl\n'}
[2.304568] (px4_msgs) StdoutLine: {'line': b'-- Up-to-date: /home/rschnurr/SkyClaw-Team1/ros2_ws/install/px4_msgs/share/px4_msgs/msg/VehicleAttitude.idl\n'}
[2.304657] (px4_msgs) StdoutLine: {'line': b'-- Up-to-date: /home/rschnurr/SkyClaw-Team1/ros2_ws/install/px4_msgs/share/px4_msgs/msg/VehicleAttitudeSetpoint.idl\n'}
[2.304814] (px4_msgs) StdoutLine: {'line': b'-- Up-to-date: /home/rschnurr/SkyClaw-Team1/ros2_ws/install/px4_msgs/share/px4_msgs/msg/VehicleCommand.idl\n'}
[2.304931] (px4_msgs) StdoutLine: {'line': b'-- Up-to-date: /home/rschnurr/SkyClaw-Team1/ros2_ws/install/px4_msgs/share/px4_msgs/msg/VehicleCommandAck.idl\n'}
[2.305312] (px4_msgs) StdoutLine: {'line': b'-- Up-to-date: /home/rschnurr/SkyClaw-Team1/ros2_ws/install/px4_msgs/share/px4_msgs/msg/VehicleConstraints.idl\n'}
[2.305433] (px4_msgs) StdoutLine: {'line': b'-- Up-to-date: /home/rschnurr/SkyClaw-Team1/ros2_ws/install/px4_msgs/share/px4_msgs/msg/VehicleControlMode.idl\n'}
[2.305604] (px4_msgs) StdoutLine: {'line': b'-- Up-to-date: /home/rschnurr/SkyClaw-Team1/ros2_ws/install/px4_msgs/share/px4_msgs/msg/VehicleGlobalPosition.idl\n'}
[2.305709] (px4_msgs) StdoutLine: {'line': b'-- Up-to-date: /home/rschnurr/SkyClaw-Team1/ros2_ws/install/px4_msgs/share/px4_msgs/msg/VehicleImu.idl\n'}
[2.307093] (px4_msgs) StdoutLine: {'line': b'-- Up-to-date: /home/rschnurr/SkyClaw-Team1/ros2_ws/install/px4_msgs/share/px4_msgs/msg/VehicleImuStatus.idl\n'}
[2.307226] (px4_msgs) StdoutLine: {'line': b'-- Up-to-date: /home/rschnurr/SkyClaw-Team1/ros2_ws/install/px4_msgs/share/px4_msgs/msg/VehicleLandDetected.idl\n'}
[2.307393] (px4_msgs) StdoutLine: {'line': b'-- Up-to-date: /home/rschnurr/SkyClaw-Team1/ros2_ws/install/px4_msgs/share/px4_msgs/msg/VehicleLocalPosition.idl\n'}
[2.307507] (px4_msgs) StdoutLine: {'line': b'-- Up-to-date: /home/rschnurr/SkyClaw-Team1/ros2_ws/install/px4_msgs/share/px4_msgs/msg/VehicleLocalPositionSetpoint.idl\n'}
[2.307677] (px4_msgs) StdoutLine: {'line': b'-- Up-to-date: /home/rschnurr/SkyClaw-Team1/ros2_ws/install/px4_msgs/share/px4_msgs/msg/VehicleMagnetometer.idl\n'}
[2.307813] (px4_msgs) StdoutLine: {'line': b'-- Up-to-date: /home/rschnurr/SkyClaw-Team1/ros2_ws/install/px4_msgs/share/px4_msgs/msg/VehicleOdometry.idl\n'}
[2.308321] (-) TimerEvent: {}
[2.308680] (px4_msgs) StdoutLine: {'line': b'-- Up-to-date: /home/rschnurr/SkyClaw-Team1/ros2_ws/install/px4_msgs/share/px4_msgs/msg/VehicleOpticalFlow.idl\n'}
[2.309316] (px4_msgs) StdoutLine: {'line': b'-- Up-to-date: /home/rschnurr/SkyClaw-Team1/ros2_ws/install/px4_msgs/share/px4_msgs/msg/VehicleOpticalFlowVel.idl\n'}
[2.309550] (px4_msgs) StdoutLine: {'line': b'-- Up-to-date: /home/rschnurr/SkyClaw-Team1/ros2_ws/install/px4_msgs/share/px4_msgs/msg/VehicleRatesSetpoint.idl\n'}
[2.309753] (px4_msgs) StdoutLine: {'line': b'-- Up-to-date: /home/rschnurr/SkyClaw-Team1/ros2_ws/install/px4_msgs/share/px4_msgs/msg/VehicleRoi.idl\n'}
[2.309872] (px4_msgs) StdoutLine: {'line': b'-- Up-to-date: /home/rschnurr/SkyClaw-Team1/ros2_ws/install/px4_msgs/share/px4_msgs/msg/VehicleStatus.idl\n'}
[2.310451] (px4_msgs) StdoutLine: {'line': b'-- Up-to-date: /home/rschnurr/SkyClaw-Team1/ros2_ws/install/px4_msgs/share/px4_msgs/msg/VehicleThrustSetpoint.idl\n'}
[2.310597] (px4_msgs) StdoutLine: {'line': b'-- Up-to-date: /home/rschnurr/SkyClaw-Team1/ros2_ws/install/px4_msgs/share/px4_msgs/msg/VehicleTorqueSetpoint.idl\n'}
[2.310687] (px4_msgs) StdoutLine: {'line': b'-- Up-to-date: /home/rschnurr/SkyClaw-Team1/ros2_ws/install/px4_msgs/share/px4_msgs/msg/VelocityLimits.idl\n'}
[2.310769] (px4_msgs) StdoutLine: {'line': b'-- Up-to-date: /home/rschnurr/SkyClaw-Team1/ros2_ws/install/px4_msgs/share/px4_msgs/msg/VtolVehicleStatus.idl\n'}
[2.310875] (px4_msgs) StdoutLine: {'line': b'-- Up-to-date: /home/rschnurr/SkyClaw-Team1/ros2_ws/install/px4_msgs/share/px4_msgs/msg/WheelEncoders.idl\n'}
[2.311119] (px4_msgs) StdoutLine: {'line': b'-- Up-to-date: /home/rschnurr/SkyClaw-Team1/ros2_ws/install/px4_msgs/share/px4_msgs/msg/Wind.idl\n'}
[2.311755] (px4_msgs) StdoutLine: {'line': b'-- Up-to-date: /home/rschnurr/SkyClaw-Team1/ros2_ws/install/px4_msgs/share/px4_msgs/msg/YawEstimatorStatus.idl\n'}
[2.311970] (px4_msgs) StdoutLine: {'line': b'-- Up-to-date: /home/rschnurr/SkyClaw-Team1/ros2_ws/install/px4_msgs/share/px4_msgs/srv/VehicleCommand.idl\n'}
[2.312078] (px4_msgs) StdoutLine: {'line': b'-- Up-to-date: /home/rschnurr/SkyClaw-Team1/ros2_ws/install/px4_msgs/share/px4_msgs/msg/ActionRequest.msg\n'}
[2.312277] (px4_msgs) StdoutLine: {'line': b'-- Up-to-date: /home/rschnurr/SkyClaw-Team1/ros2_ws/install/px4_msgs/share/px4_msgs/msg/ActuatorArmed.msg\n'}
[2.312690] (px4_msgs) StdoutLine: {'line': b'-- Up-to-date: /home/rschnurr/SkyClaw-Team1/ros2_ws/install/px4_msgs/share/px4_msgs/msg/ActuatorControlsStatus.msg\n'}
[2.312818] (px4_msgs) StdoutLine: {'line': b'-- Up-to-date: /home/rschnurr/SkyClaw-Team1/ros2_ws/install/px4_msgs/share/px4_msgs/msg/ActuatorMotors.msg\n'}
[2.312914] (px4_msgs) StdoutLine: {'line': b'-- Up-to-date: /home/rschnurr/SkyClaw-Team1/ros2_ws/install/px4_msgs/share/px4_msgs/msg/ActuatorOutputs.msg\n'}
[2.313012] (px4_msgs) StdoutLine: {'line': b'-- Up-to-date: /home/rschnurr/SkyClaw-Team1/ros2_ws/install/px4_msgs/share/px4_msgs/msg/ActuatorServos.msg\n'}
[2.313165] (px4_msgs) StdoutLine: {'line': b'-- Up-to-date: /home/rschnurr/SkyClaw-Team1/ros2_ws/install/px4_msgs/share/px4_msgs/msg/ActuatorServosTrim.msg\n'}
[2.313375] (px4_msgs) StdoutLine: {'line': b'-- Up-to-date: /home/rschnurr/SkyClaw-Team1/ros2_ws/install/px4_msgs/share/px4_msgs/msg/ActuatorTest.msg\n'}
[2.313558] (px4_msgs) StdoutLine: {'line': b'-- Up-to-date: /home/rschnurr/SkyClaw-Team1/ros2_ws/install/px4_msgs/share/px4_msgs/msg/AdcReport.msg\n'}
[2.313751] (px4_msgs) StdoutLine: {'line': b'-- Up-to-date: /home/rschnurr/SkyClaw-Team1/ros2_ws/install/px4_msgs/share/px4_msgs/msg/Airspeed.msg\n'}
[2.313940] (px4_msgs) StdoutLine: {'line': b'-- Up-to-date: /home/rschnurr/SkyClaw-Team1/ros2_ws/install/px4_msgs/share/px4_msgs/msg/AirspeedValidated.msg\n'}
[2.314610] (px4_msgs) StdoutLine: {'line': b'-- Up-to-date: /home/rschnurr/SkyClaw-Team1/ros2_ws/install/px4_msgs/share/px4_msgs/msg/AirspeedWind.msg\n'}
[2.314924] (px4_msgs) StdoutLine: {'line': b'-- Up-to-date: /home/rschnurr/SkyClaw-Team1/ros2_ws/install/px4_msgs/share/px4_msgs/msg/ArmingCheckReply.msg\n'}
[2.315136] (px4_msgs) StdoutLine: {'line': b'-- Up-to-date: /home/rschnurr/SkyClaw-Team1/ros2_ws/install/px4_msgs/share/px4_msgs/msg/ArmingCheckRequest.msg\n'}
[2.315422] (px4_msgs) StdoutLine: {'line': b'-- Up-to-date: /home/rschnurr/SkyClaw-Team1/ros2_ws/install/px4_msgs/share/px4_msgs/msg/AutotuneAttitudeControlStatus.msg\n'}
[2.315531] (px4_msgs) StdoutLine: {'line': b'-- Up-to-date: /home/rschnurr/SkyClaw-Team1/ros2_ws/install/px4_msgs/share/px4_msgs/msg/BatteryInfo.msg\n'}
[2.315618] (px4_msgs) StdoutLine: {'line': b'-- Up-to-date: /home/rschnurr/SkyClaw-Team1/ros2_ws/install/px4_msgs/share/px4_msgs/msg/BatteryStatus.msg\n'}
[2.315697] (px4_msgs) StdoutLine: {'line': b'-- Up-to-date: /home/rschnurr/SkyClaw-Team1/ros2_ws/install/px4_msgs/share/px4_msgs/msg/ButtonEvent.msg\n'}
[2.315771] (px4_msgs) StdoutLine: {'line': b'-- Up-to-date: /home/rschnurr/SkyClaw-Team1/ros2_ws/install/px4_msgs/share/px4_msgs/msg/CameraCapture.msg\n'}
[2.315845] (px4_msgs) StdoutLine: {'line': b'-- Up-to-date: /home/rschnurr/SkyClaw-Team1/ros2_ws/install/px4_msgs/share/px4_msgs/msg/CameraStatus.msg\n'}
[2.315945] (px4_msgs) StdoutLine: {'line': b'-- Up-to-date: /home/rschnurr/SkyClaw-Team1/ros2_ws/install/px4_msgs/share/px4_msgs/msg/CameraTrigger.msg\n'}
[2.316307] (px4_msgs) StdoutLine: {'line': b'-- Up-to-date: /home/rschnurr/SkyClaw-Team1/ros2_ws/install/px4_msgs/share/px4_msgs/msg/CanInterfaceStatus.msg\n'}
[2.316471] (px4_msgs) StdoutLine: {'line': b'-- Up-to-date: /home/rschnurr/SkyClaw-Team1/ros2_ws/install/px4_msgs/share/px4_msgs/msg/CellularStatus.msg\n'}
[2.316591] (px4_msgs) StdoutLine: {'line': b'-- Up-to-date: /home/rschnurr/SkyClaw-Team1/ros2_ws/install/px4_msgs/share/px4_msgs/msg/CollisionConstraints.msg\n'}
[2.316670] (px4_msgs) StdoutLine: {'line': b'-- Up-to-date: /home/rschnurr/SkyClaw-Team1/ros2_ws/install/px4_msgs/share/px4_msgs/msg/ConfigOverrides.msg\n'}
[2.316837] (px4_msgs) StdoutLine: {'line': b'-- Up-to-date: /home/rschnurr/SkyClaw-Team1/ros2_ws/install/px4_msgs/share/px4_msgs/msg/ControlAllocatorStatus.msg\n'}
[2.317014] (px4_msgs) StdoutLine: {'line': b'-- Up-to-date: /home/rschnurr/SkyClaw-Team1/ros2_ws/install/px4_msgs/share/px4_msgs/msg/Cpuload.msg\n'}
[2.317373] (px4_msgs) StdoutLine: {'line': b'-- Up-to-date: /home/rschnurr/SkyClaw-Team1/ros2_ws/install/px4_msgs/share/px4_msgs/msg/DatamanRequest.msg\n'}
[2.317472] (px4_msgs) StdoutLine: {'line': b'-- Up-to-date: /home/rschnurr/SkyClaw-Team1/ros2_ws/install/px4_msgs/share/px4_msgs/msg/DatamanResponse.msg\n'}
[2.317556] (px4_msgs) StdoutLine: {'line': b'-- Up-to-date: /home/rschnurr/SkyClaw-Team1/ros2_ws/install/px4_msgs/share/px4_msgs/msg/DebugArray.msg\n'}
[2.317643] (px4_msgs) StdoutLine: {'line': b'-- Up-to-date: /home/rschnurr/SkyClaw-Team1/ros2_ws/install/px4_msgs/share/px4_msgs/msg/DebugKeyValue.msg\n'}
[2.317720] (px4_msgs) StdoutLine: {'line': b'-- Up-to-date: /home/rschnurr/SkyClaw-Team1/ros2_ws/install/px4_msgs/share/px4_msgs/msg/DebugValue.msg\n'}
[2.317794] (px4_msgs) StdoutLine: {'line': b'-- Up-to-date: /home/rschnurr/SkyClaw-Team1/ros2_ws/install/px4_msgs/share/px4_msgs/msg/DebugVect.msg\n'}
[2.317869] (px4_msgs) StdoutLine: {'line': b'-- Up-to-date: /home/rschnurr/SkyClaw-Team1/ros2_ws/install/px4_msgs/share/px4_msgs/msg/DifferentialPressure.msg\n'}
[2.317942] (px4_msgs) StdoutLine: {'line': b'-- Up-to-date: /home/rschnurr/SkyClaw-Team1/ros2_ws/install/px4_msgs/share/px4_msgs/msg/DistanceSensor.msg\n'}
[2.318069] (px4_msgs) StdoutLine: {'line': b'-- Up-to-date: /home/rschnurr/SkyClaw-Team1/ros2_ws/install/px4_msgs/share/px4_msgs/msg/DistanceSensorModeChangeRequest.msg\n'}
[2.318211] (px4_msgs) StdoutLine: {'line': b'-- Up-to-date: /home/rschnurr/SkyClaw-Team1/ros2_ws/install/px4_msgs/share/px4_msgs/msg/DronecanNodeStatus.msg\n'}
[2.318299] (px4_msgs) StdoutLine: {'line': b'-- Up-to-date: /home/rschnurr/SkyClaw-Team1/ros2_ws/install/px4_msgs/share/px4_msgs/msg/Ekf2Timestamps.msg\n'}
[2.318516] (px4_msgs) StdoutLine: {'line': b'-- Up-to-date: /home/rschnurr/SkyClaw-Team1/ros2_ws/install/px4_msgs/share/px4_msgs/msg/EscReport.msg\n'}
[2.318628] (px4_msgs) StdoutLine: {'line': b'-- Up-to-date: /home/rschnurr/SkyClaw-Team1/ros2_ws/install/px4_msgs/share/px4_msgs/msg/EscStatus.msg\n'}
[2.318714] (px4_msgs) StdoutLine: {'line': b'-- Up-to-date: /home/rschnurr/SkyClaw-Team1/ros2_ws/install/px4_msgs/share/px4_msgs/msg/EstimatorAidSource1d.msg\n'}
[2.318815] (px4_msgs) StdoutLine: {'line': b'-- Up-to-date: /home/rschnurr/SkyClaw-Team1/ros2_ws/install/px4_msgs/share/px4_msgs/msg/EstimatorAidSource2d.msg\n'}
[2.318889] (px4_msgs) StdoutLine: {'line': b'-- Up-to-date: /home/rschnurr/SkyClaw-Team1/ros2_ws/install/px4_msgs/share/px4_msgs/msg/EstimatorAidSource3d.msg\n'}
[2.318960] (px4_msgs) StdoutLine: {'line': b'-- Up-to-date: /home/rschnurr/SkyClaw-Team1/ros2_ws/install/px4_msgs/share/px4_msgs/msg/EstimatorBias.msg\n'}
[2.319036] (px4_msgs) StdoutLine: {'line': b'-- Up-to-date: /home/rschnurr/SkyClaw-Team1/ros2_ws/install/px4_msgs/share/px4_msgs/msg/EstimatorBias3d.msg\n'}
[2.319109] (px4_msgs) StdoutLine: {'line': b'-- Up-to-date: /home/rschnurr/SkyClaw-Team1/ros2_ws/install/px4_msgs/share/px4_msgs/msg/EstimatorEventFlags.msg\n'}
[2.319687] (px4_msgs) StdoutLine: {'line': b'-- Up-to-date: /home/rschnurr/SkyClaw-Team1/ros2_ws/install/px4_msgs/share/px4_msgs/msg/EstimatorGpsStatus.msg\n'}
[2.319876] (px4_msgs) StdoutLine: {'line': b'-- Up-to-date: /home/rschnurr/SkyClaw-Team1/ros2_ws/install/px4_msgs/share/px4_msgs/msg/EstimatorInnovations.msg\n'}
[2.319959] (px4_msgs) StdoutLine: {'line': b'-- Up-to-date: /home/rschnurr/SkyClaw-Team1/ros2_ws/install/px4_msgs/share/px4_msgs/msg/EstimatorSelectorStatus.msg\n'}
[2.320040] (px4_msgs) StdoutLine: {'line': b'-- Up-to-date: /home/rschnurr/SkyClaw-Team1/ros2_ws/install/px4_msgs/share/px4_msgs/msg/EstimatorSensorBias.msg\n'}
[2.320257] (px4_msgs) StdoutLine: {'line': b'-- Up-to-date: /home/rschnurr/SkyClaw-Team1/ros2_ws/install/px4_msgs/share/px4_msgs/msg/EstimatorStates.msg\n'}
[2.320461] (px4_msgs) StdoutLine: {'line': b'-- Up-to-date: /home/rschnurr/SkyClaw-Team1/ros2_ws/install/px4_msgs/share/px4_msgs/msg/EstimatorStatus.msg\n'}
[2.320568] (px4_msgs) StdoutLine: {'line': b'-- Up-to-date: /home/rschnurr/SkyClaw-Team1/ros2_ws/install/px4_msgs/share/px4_msgs/msg/EstimatorStatusFlags.msg\n'}
[2.321117] (px4_msgs) StdoutLine: {'line': b'-- Up-to-date: /home/rschnurr/SkyClaw-Team1/ros2_ws/install/px4_msgs/share/px4_msgs/msg/Event.msg\n'}
[2.321250] (px4_msgs) StdoutLine: {'line': b'-- Up-to-date: /home/rschnurr/SkyClaw-Team1/ros2_ws/install/px4_msgs/share/px4_msgs/msg/FailsafeFlags.msg\n'}
[2.321340] (px4_msgs) StdoutLine: {'line': b'-- Up-to-date: /home/rschnurr/SkyClaw-Team1/ros2_ws/install/px4_msgs/share/px4_msgs/msg/FailureDetectorStatus.msg\n'}
[2.321427] (px4_msgs) StdoutLine: {'line': b'-- Up-to-date: /home/rschnurr/SkyClaw-Team1/ros2_ws/install/px4_msgs/share/px4_msgs/msg/FigureEightStatus.msg\n'}
[2.321687] (px4_msgs) StdoutLine: {'line': b'-- Up-to-date: /home/rschnurr/SkyClaw-Team1/ros2_ws/install/px4_msgs/share/px4_msgs/msg/FixedWingLateralGuidanceStatus.msg\n'}
[2.321930] (px4_msgs) StdoutLine: {'line': b'-- Up-to-date: /home/rschnurr/SkyClaw-Team1/ros2_ws/install/px4_msgs/share/px4_msgs/msg/FixedWingLateralSetpoint.msg\n'}
[2.322200] (px4_msgs) StdoutLine: {'line': b'-- Up-to-date: /home/rschnurr/SkyClaw-Team1/ros2_ws/install/px4_msgs/share/px4_msgs/msg/FixedWingLateralStatus.msg\n'}
[2.322697] (px4_msgs) StdoutLine: {'line': b'-- Up-to-date: /home/rschnurr/SkyClaw-Team1/ros2_ws/install/px4_msgs/share/px4_msgs/msg/FixedWingLongitudinalSetpoint.msg\n'}
[2.322949] (px4_msgs) StdoutLine: {'line': b'-- Up-to-date: /home/rschnurr/SkyClaw-Team1/ros2_ws/install/px4_msgs/share/px4_msgs/msg/FixedWingRunwayControl.msg\n'}
[2.324152] (px4_msgs) StdoutLine: {'line': b'-- Up-to-date: /home/rschnurr/SkyClaw-Team1/ros2_ws/install/px4_msgs/share/px4_msgs/msg/FlightPhaseEstimation.msg\n'}
[2.324817] (px4_msgs) StdoutLine: {'line': b'-- Up-to-date: /home/rschnurr/SkyClaw-Team1/ros2_ws/install/px4_msgs/share/px4_msgs/msg/FollowTarget.msg\n'}
[2.325271] (px4_msgs) StdoutLine: {'line': b'-- Up-to-date: /home/rschnurr/SkyClaw-Team1/ros2_ws/install/px4_msgs/share/px4_msgs/msg/FollowTargetEstimator.msg\n'}
[2.325511] (px4_msgs) StdoutLine: {'line': b'-- Up-to-date: /home/rschnurr/SkyClaw-Team1/ros2_ws/install/px4_msgs/share/px4_msgs/msg/FollowTargetStatus.msg\n'}
[2.325621] (px4_msgs) StdoutLine: {'line': b'-- Up-to-date: /home/rschnurr/SkyClaw-Team1/ros2_ws/install/px4_msgs/share/px4_msgs/msg/FuelTankStatus.msg\n'}
[2.325950] (px4_msgs) StdoutLine: {'line': b'-- Up-to-date: /home/rschnurr/SkyClaw-Team1/ros2_ws/install/px4_msgs/share/px4_msgs/msg/GeneratorStatus.msg\n'}
[2.326217] (px4_msgs) StdoutLine: {'line': b'-- Up-to-date: /home/rschnurr/SkyClaw-Team1/ros2_ws/install/px4_msgs/share/px4_msgs/msg/GeofenceResult.msg\n'}
[2.326699] (px4_msgs) StdoutLine: {'line': b'-- Up-to-date: /home/rschnurr/SkyClaw-Team1/ros2_ws/install/px4_msgs/share/px4_msgs/msg/GeofenceStatus.msg\n'}
[2.326774] (px4_msgs) StdoutLine: {'line': b'-- Up-to-date: /home/rschnurr/SkyClaw-Team1/ros2_ws/install/px4_msgs/share/px4_msgs/msg/GimbalControls.msg\n'}
[2.326831] (px4_msgs) StdoutLine: {'line': b'-- Up-to-date: /home/rschnurr/SkyClaw-Team1/ros2_ws/install/px4_msgs/share/px4_msgs/msg/GimbalDeviceAttitudeStatus.msg\n'}
[2.326886] (px4_msgs) StdoutLine: {'line': b'-- Up-to-date: /home/rschnurr/SkyClaw-Team1/ros2_ws/install/px4_msgs/share/px4_msgs/msg/GimbalDeviceInformation.msg\n'}
[2.327033] (px4_msgs) StdoutLine: {'line': b'-- Up-to-date: /home/rschnurr/SkyClaw-Team1/ros2_ws/install/px4_msgs/share/px4_msgs/msg/GimbalDeviceSetAttitude.msg\n'}
[2.327106] (px4_msgs) StdoutLine: {'line': b'-- Up-to-date: /home/rschnurr/SkyClaw-Team1/ros2_ws/install/px4_msgs/share/px4_msgs/msg/GimbalManagerInformation.msg\n'}
[2.327163] (px4_msgs) StdoutLine: {'line': b'-- Up-to-date: /home/rschnurr/SkyClaw-Team1/ros2_ws/install/px4_msgs/share/px4_msgs/msg/GimbalManagerSetAttitude.msg\n'}
[2.327215] (px4_msgs) StdoutLine: {'line': b'-- Up-to-date: /home/rschnurr/SkyClaw-Team1/ros2_ws/install/px4_msgs/share/px4_msgs/msg/GimbalManagerSetManualControl.msg\n'}
[2.327295] (px4_msgs) StdoutLine: {'line': b'-- Up-to-date: /home/rschnurr/SkyClaw-Team1/ros2_ws/install/px4_msgs/share/px4_msgs/msg/GimbalManagerStatus.msg\n'}
[2.327347] (px4_msgs) StdoutLine: {'line': b'-- Up-to-date: /home/rschnurr/SkyClaw-Team1/ros2_ws/install/px4_msgs/share/px4_msgs/msg/GotoSetpoint.msg\n'}
[2.327406] (px4_msgs) StdoutLine: {'line': b'-- Up-to-date: /home/rschnurr/SkyClaw-Team1/ros2_ws/install/px4_msgs/share/px4_msgs/msg/GpioConfig.msg\n'}
[2.327461] (px4_msgs) StdoutLine: {'line': b'-- Up-to-date: /home/rschnurr/SkyClaw-Team1/ros2_ws/install/px4_msgs/share/px4_msgs/msg/GpioIn.msg\n'}
[2.327532] (px4_msgs) StdoutLine: {'line': b'-- Up-to-date: /home/rschnurr/SkyClaw-Team1/ros2_ws/install/px4_msgs/share/px4_msgs/msg/GpioOut.msg\n'}
[2.327584] (px4_msgs) StdoutLine: {'line': b'-- Up-to-date: /home/rschnurr/SkyClaw-Team1/ros2_ws/install/px4_msgs/share/px4_msgs/msg/GpioRequest.msg\n'}
[2.327633] (px4_msgs) StdoutLine: {'line': b'-- Up-to-date: /home/rschnurr/SkyClaw-Team1/ros2_ws/install/px4_msgs/share/px4_msgs/msg/GpsDump.msg\n'}
[2.327678] (px4_msgs) StdoutLine: {'line': b'-- Up-to-date: /home/rschnurr/SkyClaw-Team1/ros2_ws/install/px4_msgs/share/px4_msgs/msg/GpsInjectData.msg\n'}
[2.327723] (px4_msgs) StdoutLine: {'line': b'-- Up-to-date: /home/rschnurr/SkyClaw-Team1/ros2_ws/install/px4_msgs/share/px4_msgs/msg/Gripper.msg\n'}
[2.327770] (px4_msgs) StdoutLine: {'line': b'-- Up-to-date: /home/rschnurr/SkyClaw-Team1/ros2_ws/install/px4_msgs/share/px4_msgs/msg/HealthReport.msg\n'}
[2.327817] (px4_msgs) StdoutLine: {'line': b'-- Up-to-date: /home/rschnurr/SkyClaw-Team1/ros2_ws/install/px4_msgs/share/px4_msgs/msg/HeaterStatus.msg\n'}
[2.327865] (px4_msgs) StdoutLine: {'line': b'-- Up-to-date: /home/rschnurr/SkyClaw-Team1/ros2_ws/install/px4_msgs/share/px4_msgs/msg/HomePosition.msg\n'}
[2.327914] (px4_msgs) StdoutLine: {'line': b'-- Up-to-date: /home/rschnurr/SkyClaw-Team1/ros2_ws/install/px4_msgs/share/px4_msgs/msg/HoverThrustEstimate.msg\n'}
[2.327962] (px4_msgs) StdoutLine: {'line': b'-- Up-to-date: /home/rschnurr/SkyClaw-Team1/ros2_ws/install/px4_msgs/share/px4_msgs/msg/InputRc.msg\n'}
[2.328060] (px4_msgs) StdoutLine: {'line': b'-- Up-to-date: /home/rschnurr/SkyClaw-Team1/ros2_ws/install/px4_msgs/share/px4_msgs/msg/InternalCombustionEngineControl.msg\n'}
[2.328145] (px4_msgs) StdoutLine: {'line': b'-- Up-to-date: /home/rschnurr/SkyClaw-Team1/ros2_ws/install/px4_msgs/share/px4_msgs/msg/InternalCombustionEngineStatus.msg\n'}
[2.328203] (px4_msgs) StdoutLine: {'line': b'-- Up-to-date: /home/rschnurr/SkyClaw-Team1/ros2_ws/install/px4_msgs/share/px4_msgs/msg/IridiumsbdStatus.msg\n'}
[2.328258] (px4_msgs) StdoutLine: {'line': b'-- Up-to-date: /home/rschnurr/SkyClaw-Team1/ros2_ws/install/px4_msgs/share/px4_msgs/msg/IrlockReport.msg\n'}
[2.328525] (px4_msgs) StdoutLine: {'line': b'-- Up-to-date: /home/rschnurr/SkyClaw-Team1/ros2_ws/install/px4_msgs/share/px4_msgs/msg/LandingGear.msg\n'}
[2.328681] (px4_msgs) StdoutLine: {'line': b'-- Up-to-date: /home/rschnurr/SkyClaw-Team1/ros2_ws/install/px4_msgs/share/px4_msgs/msg/LandingGearWheel.msg\n'}
[2.328784] (px4_msgs) StdoutLine: {'line': b'-- Up-to-date: /home/rschnurr/SkyClaw-Team1/ros2_ws/install/px4_msgs/share/px4_msgs/msg/LandingTargetInnovations.msg\n'}
[2.328911] (px4_msgs) StdoutLine: {'line': b'-- Up-to-date: /home/rschnurr/SkyClaw-Team1/ros2_ws/install/px4_msgs/share/px4_msgs/msg/LandingTargetPose.msg\n'}
[2.329419] (px4_msgs) StdoutLine: {'line': b'-- Up-to-date: /home/rschnurr/SkyClaw-Team1/ros2_ws/install/px4_msgs/share/px4_msgs/msg/LateralControlConfiguration.msg\n'}
[2.329545] (px4_msgs) StdoutLine: {'line': b'-- Up-to-date: /home/rschnurr/SkyClaw-Team1/ros2_ws/install/px4_msgs/share/px4_msgs/msg/LaunchDetectionStatus.msg\n'}
[2.329633] (px4_msgs) StdoutLine: {'line': b'-- Up-to-date: /home/rschnurr/SkyClaw-Team1/ros2_ws/install/px4_msgs/share/px4_msgs/msg/LedControl.msg\n'}
[2.329713] (px4_msgs) StdoutLine: {'line': b'-- Up-to-date: /home/rschnurr/SkyClaw-Team1/ros2_ws/install/px4_msgs/share/px4_msgs/msg/LogMessage.msg\n'}
[2.329865] (px4_msgs) StdoutLine: {'line': b'-- Up-to-date: /home/rschnurr/SkyClaw-Team1/ros2_ws/install/px4_msgs/share/px4_msgs/msg/LoggerStatus.msg\n'}
[2.330046] (px4_msgs) StdoutLine: {'line': b'-- Up-to-date: /home/rschnurr/SkyClaw-Team1/ros2_ws/install/px4_msgs/share/px4_msgs/msg/LongitudinalControlConfiguration.msg\n'}
[2.330153] (px4_msgs) StdoutLine: {'line': b'-- Up-to-date: /home/rschnurr/SkyClaw-Team1/ros2_ws/install/px4_msgs/share/px4_msgs/msg/MagWorkerData.msg\n'}
[2.330321] (px4_msgs) StdoutLine: {'line': b'-- Up-to-date: /home/rschnurr/SkyClaw-Team1/ros2_ws/install/px4_msgs/share/px4_msgs/msg/MagnetometerBiasEstimate.msg\n'}
[2.330418] (px4_msgs) StdoutLine: {'line': b'-- Up-to-date: /home/rschnurr/SkyClaw-Team1/ros2_ws/install/px4_msgs/share/px4_msgs/msg/ManualControlSetpoint.msg\n'}
[2.330622] (px4_msgs) StdoutLine: {'line': b'-- Up-to-date: /home/rschnurr/SkyClaw-Team1/ros2_ws/install/px4_msgs/share/px4_msgs/msg/ManualControlSwitches.msg\n'}
[2.331060] (px4_msgs) StdoutLine: {'line': b'-- Up-to-date: /home/rschnurr/SkyClaw-Team1/ros2_ws/install/px4_msgs/share/px4_msgs/msg/MavlinkLog.msg\n'}
[2.331610] (px4_msgs) StdoutLine: {'line': b'-- Up-to-date: /home/rschnurr/SkyClaw-Team1/ros2_ws/install/px4_msgs/share/px4_msgs/msg/MavlinkTunnel.msg\n'}
[2.331921] (px4_msgs) StdoutLine: {'line': b'-- Up-to-date: /home/rschnurr/SkyClaw-Team1/ros2_ws/install/px4_msgs/share/px4_msgs/msg/MessageFormatRequest.msg\n'}
[2.332441] (px4_msgs) StdoutLine: {'line': b'-- Up-to-date: /home/rschnurr/SkyClaw-Team1/ros2_ws/install/px4_msgs/share/px4_msgs/msg/MessageFormatResponse.msg\n'}
[2.332892] (px4_msgs) StdoutLine: {'line': b'-- Up-to-date: /home/rschnurr/SkyClaw-Team1/ros2_ws/install/px4_msgs/share/px4_msgs/msg/Mission.msg\n'}
[2.333315] (px4_msgs) StdoutLine: {'line': b'-- Up-to-date: /home/rschnurr/SkyClaw-Team1/ros2_ws/install/px4_msgs/share/px4_msgs/msg/MissionResult.msg\n'}
[2.333710] (px4_msgs) StdoutLine: {'line': b'-- Up-to-date: /home/rschnurr/SkyClaw-Team1/ros2_ws/install/px4_msgs/share/px4_msgs/msg/ModeCompleted.msg\n'}
[2.334007] (px4_msgs) StdoutLine: {'line': b'-- Up-to-date: /home/rschnurr/SkyClaw-Team1/ros2_ws/install/px4_msgs/share/px4_msgs/msg/MountOrientation.msg\n'}
[2.334352] (px4_msgs) StdoutLine: {'line': b'-- Up-to-date: /home/rschnurr/SkyClaw-Team1/ros2_ws/install/px4_msgs/share/px4_msgs/msg/NavigatorMissionItem.msg\n'}
[2.334752] (px4_msgs) StdoutLine: {'line': b'-- Up-to-date: /home/rschnurr/SkyClaw-Team1/ros2_ws/install/px4_msgs/share/px4_msgs/msg/NavigatorStatus.msg\n'}
[2.334902] (px4_msgs) StdoutLine: {'line': b'-- Up-to-date: /home/rschnurr/SkyClaw-Team1/ros2_ws/install/px4_msgs/share/px4_msgs/msg/NeuralControl.msg\n'}
[2.334984] (px4_msgs) StdoutLine: {'line': b'-- Up-to-date: /home/rschnurr/SkyClaw-Team1/ros2_ws/install/px4_msgs/share/px4_msgs/msg/NormalizedUnsignedSetpoint.msg\n'}
[2.335042] (px4_msgs) StdoutLine: {'line': b'-- Up-to-date: /home/rschnurr/SkyClaw-Team1/ros2_ws/install/px4_msgs/share/px4_msgs/msg/ObstacleDistance.msg\n'}
[2.335096] (px4_msgs) StdoutLine: {'line': b'-- Up-to-date: /home/rschnurr/SkyClaw-Team1/ros2_ws/install/px4_msgs/share/px4_msgs/msg/OffboardControlMode.msg\n'}
[2.335143] (px4_msgs) StdoutLine: {'line': b'-- Up-to-date: /home/rschnurr/SkyClaw-Team1/ros2_ws/install/px4_msgs/share/px4_msgs/msg/OnboardComputerStatus.msg\n'}
[2.335239] (px4_msgs) StdoutLine: {'line': b'-- Up-to-date: /home/rschnurr/SkyClaw-Team1/ros2_ws/install/px4_msgs/share/px4_msgs/msg/OpenDroneIdArmStatus.msg\n'}
[2.335296] (px4_msgs) StdoutLine: {'line': b'-- Up-to-date: /home/rschnurr/SkyClaw-Team1/ros2_ws/install/px4_msgs/share/px4_msgs/msg/OpenDroneIdOperatorId.msg\n'}
[2.335337] (px4_msgs) StdoutLine: {'line': b'-- Up-to-date: /home/rschnurr/SkyClaw-Team1/ros2_ws/install/px4_msgs/share/px4_msgs/msg/OpenDroneIdSelfId.msg\n'}
[2.335382] (px4_msgs) StdoutLine: {'line': b'-- Up-to-date: /home/rschnurr/SkyClaw-Team1/ros2_ws/install/px4_msgs/share/px4_msgs/msg/OpenDroneIdSystem.msg\n'}
[2.335432] (px4_msgs) StdoutLine: {'line': b'-- Up-to-date: /home/rschnurr/SkyClaw-Team1/ros2_ws/install/px4_msgs/share/px4_msgs/msg/OrbTest.msg\n'}
[2.335530] (px4_msgs) StdoutLine: {'line': b'-- Up-to-date: /home/rschnurr/SkyClaw-Team1/ros2_ws/install/px4_msgs/share/px4_msgs/msg/OrbTestLarge.msg\n'}
[2.335949] (px4_msgs) StdoutLine: {'line': b'-- Up-to-date: /home/rschnurr/SkyClaw-Team1/ros2_ws/install/px4_msgs/share/px4_msgs/msg/OrbTestMedium.msg\n'}
[2.336055] (px4_msgs) StdoutLine: {'line': b'-- Up-to-date: /home/rschnurr/SkyClaw-Team1/ros2_ws/install/px4_msgs/share/px4_msgs/msg/OrbitStatus.msg\n'}
[2.336296] (px4_msgs) StdoutLine: {'line': b'-- Up-to-date: /home/rschnurr/SkyClaw-Team1/ros2_ws/install/px4_msgs/share/px4_msgs/msg/ParameterResetRequest.msg\n'}
[2.336475] (px4_msgs) StdoutLine: {'line': b'-- Up-to-date: /home/rschnurr/SkyClaw-Team1/ros2_ws/install/px4_msgs/share/px4_msgs/msg/ParameterSetUsedRequest.msg\n'}
[2.336552] (px4_msgs) StdoutLine: {'line': b'-- Up-to-date: /home/rschnurr/SkyClaw-Team1/ros2_ws/install/px4_msgs/share/px4_msgs/msg/ParameterSetValueRequest.msg\n'}
[2.336643] (px4_msgs) StdoutLine: {'line': b'-- Up-to-date: /home/rschnurr/SkyClaw-Team1/ros2_ws/install/px4_msgs/share/px4_msgs/msg/ParameterSetValueResponse.msg\n'}
[2.336696] (px4_msgs) StdoutLine: {'line': b'-- Up-to-date: /home/rschnurr/SkyClaw-Team1/ros2_ws/install/px4_msgs/share/px4_msgs/msg/ParameterUpdate.msg\n'}
[2.336799] (px4_msgs) StdoutLine: {'line': b'-- Up-to-date: /home/rschnurr/SkyClaw-Team1/ros2_ws/install/px4_msgs/share/px4_msgs/msg/Ping.msg\n'}
[2.336870] (px4_msgs) StdoutLine: {'line': b'-- Up-to-date: /home/rschnurr/SkyClaw-Team1/ros2_ws/install/px4_msgs/share/px4_msgs/msg/PositionControllerLandingStatus.msg\n'}
[2.341551] (px4_msgs) StdoutLine: {'line': b'-- Up-to-date: /home/rschnurr/SkyClaw-Team1/ros2_ws/install/px4_msgs/share/px4_msgs/msg/PositionControllerStatus.msg\n'}
[2.342046] (px4_msgs) StdoutLine: {'line': b'-- Up-to-date: /home/rschnurr/SkyClaw-Team1/ros2_ws/install/px4_msgs/share/px4_msgs/msg/PositionSetpoint.msg\n'}
[2.342137] (px4_msgs) StdoutLine: {'line': b'-- Up-to-date: /home/rschnurr/SkyClaw-Team1/ros2_ws/install/px4_msgs/share/px4_msgs/msg/PositionSetpointTriplet.msg\n'}
[2.342181] (px4_msgs) StdoutLine: {'line': b'-- Up-to-date: /home/rschnurr/SkyClaw-Team1/ros2_ws/install/px4_msgs/share/px4_msgs/msg/PowerButtonState.msg\n'}
[2.342216] (px4_msgs) StdoutLine: {'line': b'-- Up-to-date: /home/rschnurr/SkyClaw-Team1/ros2_ws/install/px4_msgs/share/px4_msgs/msg/PowerMonitor.msg\n'}
[2.344803] (px4_msgs) StdoutLine: {'line': b'-- Up-to-date: /home/rschnurr/SkyClaw-Team1/ros2_ws/install/px4_msgs/share/px4_msgs/msg/PpsCapture.msg\n'}
[2.345841] (px4_msgs) StdoutLine: {'line': b'-- Up-to-date: /home/rschnurr/SkyClaw-Team1/ros2_ws/install/px4_msgs/share/px4_msgs/msg/PurePursuitStatus.msg\n'}
[2.347807] (px4_msgs) StdoutLine: {'line': b'-- Up-to-date: /home/rschnurr/SkyClaw-Team1/ros2_ws/install/px4_msgs/share/px4_msgs/msg/PwmInput.msg\n'}
[2.350360] (px4_msgs) StdoutLine: {'line': b'-- Up-to-date: /home/rschnurr/SkyClaw-Team1/ros2_ws/install/px4_msgs/share/px4_msgs/msg/Px4ioStatus.msg\n'}
[2.350814] (px4_msgs) StdoutLine: {'line': b'-- Up-to-date: /home/rschnurr/SkyClaw-Team1/ros2_ws/install/px4_msgs/share/px4_msgs/msg/QshellReq.msg\n'}
[2.351152] (px4_msgs) StdoutLine: {'line': b'-- Up-to-date: /home/rschnurr/SkyClaw-Team1/ros2_ws/install/px4_msgs/share/px4_msgs/msg/QshellRetval.msg\n'}
[2.352077] (px4_msgs) StdoutLine: {'line': b'-- Up-to-date: /home/rschnurr/SkyClaw-Team1/ros2_ws/install/px4_msgs/share/px4_msgs/msg/RadioStatus.msg\n'}
[2.353587] (px4_msgs) StdoutLine: {'line': b'-- Up-to-date: /home/rschnurr/SkyClaw-Team1/ros2_ws/install/px4_msgs/share/px4_msgs/msg/RateCtrlStatus.msg\n'}
[2.355039] (px4_msgs) StdoutLine: {'line': b'-- Up-to-date: /home/rschnurr/SkyClaw-Team1/ros2_ws/install/px4_msgs/share/px4_msgs/msg/RcChannels.msg\n'}
[2.355525] (px4_msgs) StdoutLine: {'line': b'-- Up-to-date: /home/rschnurr/SkyClaw-Team1/ros2_ws/install/px4_msgs/share/px4_msgs/msg/RcParameterMap.msg\n'}
[2.356889] (px4_msgs) StdoutLine: {'line': b'-- Up-to-date: /home/rschnurr/SkyClaw-Team1/ros2_ws/install/px4_msgs/share/px4_msgs/msg/RegisterExtComponentReply.msg\n'}
[2.358160] (px4_msgs) StdoutLine: {'line': b'-- Up-to-date: /home/rschnurr/SkyClaw-Team1/ros2_ws/install/px4_msgs/share/px4_msgs/msg/RegisterExtComponentRequest.msg\n'}
[2.358919] (px4_msgs) StdoutLine: {'line': b'-- Up-to-date: /home/rschnurr/SkyClaw-Team1/ros2_ws/install/px4_msgs/share/px4_msgs/msg/RoverAttitudeSetpoint.msg\n'}
[2.359544] (px4_msgs) StdoutLine: {'line': b'-- Up-to-date: /home/rschnurr/SkyClaw-Team1/ros2_ws/install/px4_msgs/share/px4_msgs/msg/RoverAttitudeStatus.msg\n'}
[2.361013] (px4_msgs) StdoutLine: {'line': b'-- Up-to-date: /home/rschnurr/SkyClaw-Team1/ros2_ws/install/px4_msgs/share/px4_msgs/msg/RoverPositionSetpoint.msg\n'}
[2.362696] (px4_msgs) StdoutLine: {'line': b'-- Up-to-date: /home/rschnurr/SkyClaw-Team1/ros2_ws/install/px4_msgs/share/px4_msgs/msg/RoverRateSetpoint.msg\n'}
[2.363791] (px4_msgs) StdoutLine: {'line': b'-- Up-to-date: /home/rschnurr/SkyClaw-Team1/ros2_ws/install/px4_msgs/share/px4_msgs/msg/RoverRateStatus.msg\n'}
[2.364820] (px4_msgs) StdoutLine: {'line': b'-- Up-to-date: /home/rschnurr/SkyClaw-Team1/ros2_ws/install/px4_msgs/share/px4_msgs/msg/RoverSpeedSetpoint.msg\n'}
[2.366301] (px4_msgs) StdoutLine: {'line': b'-- Up-to-date: /home/rschnurr/SkyClaw-Team1/ros2_ws/install/px4_msgs/share/px4_msgs/msg/RoverSpeedStatus.msg\n'}
[2.368414] (px4_msgs) StdoutLine: {'line': b'-- Up-to-date: /home/rschnurr/SkyClaw-Team1/ros2_ws/install/px4_msgs/share/px4_msgs/msg/RoverSteeringSetpoint.msg\n'}
[2.369024] (px4_msgs) StdoutLine: {'line': b'-- Up-to-date: /home/rschnurr/SkyClaw-Team1/ros2_ws/install/px4_msgs/share/px4_msgs/msg/RoverThrottleSetpoint.msg\n'}
[2.370080] (px4_msgs) StdoutLine: {'line': b'-- Up-to-date: /home/rschnurr/SkyClaw-Team1/ros2_ws/install/px4_msgs/share/px4_msgs/msg/Rpm.msg\n'}
[2.371282] (px4_msgs) StdoutLine: {'line': b'-- Up-to-date: /home/rschnurr/SkyClaw-Team1/ros2_ws/install/px4_msgs/share/px4_msgs/msg/RtlStatus.msg\n'}
[2.372863] (px4_msgs) StdoutLine: {'line': b'-- Up-to-date: /home/rschnurr/SkyClaw-Team1/ros2_ws/install/px4_msgs/share/px4_msgs/msg/RtlTimeEstimate.msg\n'}
[2.373715] (px4_msgs) StdoutLine: {'line': b'-- Up-to-date: /home/rschnurr/SkyClaw-Team1/ros2_ws/install/px4_msgs/share/px4_msgs/msg/SatelliteInfo.msg\n'}
[2.374689] (px4_msgs) StdoutLine: {'line': b'-- Up-to-date: /home/rschnurr/SkyClaw-Team1/ros2_ws/install/px4_msgs/share/px4_msgs/msg/SensorAccel.msg\n'}
[2.375811] (px4_msgs) StdoutLine: {'line': b'-- Up-to-date: /home/rschnurr/SkyClaw-Team1/ros2_ws/install/px4_msgs/share/px4_msgs/msg/SensorAccelFifo.msg\n'}
[2.378282] (px4_msgs) StdoutLine: {'line': b'-- Up-to-date: /home/rschnurr/SkyClaw-Team1/ros2_ws/install/px4_msgs/share/px4_msgs/msg/SensorAirflow.msg\n'}
[2.379244] (px4_msgs) StdoutLine: {'line': b'-- Up-to-date: /home/rschnurr/SkyClaw-Team1/ros2_ws/install/px4_msgs/share/px4_msgs/msg/SensorBaro.msg\n'}
[2.380323] (px4_msgs) StdoutLine: {'line': b'-- Up-to-date: /home/rschnurr/SkyClaw-Team1/ros2_ws/install/px4_msgs/share/px4_msgs/msg/SensorCombined.msg\n'}
[2.382655] (px4_msgs) StdoutLine: {'line': b'-- Up-to-date: /home/rschnurr/SkyClaw-Team1/ros2_ws/install/px4_msgs/share/px4_msgs/msg/SensorCorrection.msg\n'}
[2.384467] (px4_msgs) StdoutLine: {'line': b'-- Up-to-date: /home/rschnurr/SkyClaw-Team1/ros2_ws/install/px4_msgs/share/px4_msgs/msg/SensorGnssRelative.msg\n'}
[2.386116] (px4_msgs) StdoutLine: {'line': b'-- Up-to-date: /home/rschnurr/SkyClaw-Team1/ros2_ws/install/px4_msgs/share/px4_msgs/msg/SensorGnssStatus.msg\n'}
[2.387496] (px4_msgs) StdoutLine: {'line': b'-- Up-to-date: /home/rschnurr/SkyClaw-Team1/ros2_ws/install/px4_msgs/share/px4_msgs/msg/SensorGps.msg\n'}
[2.389399] (px4_msgs) StdoutLine: {'line': b'-- Up-to-date: /home/rschnurr/SkyClaw-Team1/ros2_ws/install/px4_msgs/share/px4_msgs/msg/SensorGyro.msg\n'}
[2.390887] (px4_msgs) StdoutLine: {'line': b'-- Up-to-date: /home/rschnurr/SkyClaw-Team1/ros2_ws/install/px4_msgs/share/px4_msgs/msg/SensorGyroFft.msg\n'}
[2.391706] (px4_msgs) StdoutLine: {'line': b'-- Up-to-date: /home/rschnurr/SkyClaw-Team1/ros2_ws/install/px4_msgs/share/px4_msgs/msg/SensorGyroFifo.msg\n'}
[2.392553] (px4_msgs) StdoutLine: {'line': b'-- Up-to-date: /home/rschnurr/SkyClaw-Team1/ros2_ws/install/px4_msgs/share/px4_msgs/msg/SensorHygrometer.msg\n'}
[2.393547] (px4_msgs) StdoutLine: {'line': b'-- Up-to-date: /home/rschnurr/SkyClaw-Team1/ros2_ws/install/px4_msgs/share/px4_msgs/msg/SensorMag.msg\n'}
[2.394830] (px4_msgs) StdoutLine: {'line': b'-- Up-to-date: /home/rschnurr/SkyClaw-Team1/ros2_ws/install/px4_msgs/share/px4_msgs/msg/SensorOpticalFlow.msg\n'}
[2.395769] (px4_msgs) StdoutLine: {'line': b'-- Up-to-date: /home/rschnurr/SkyClaw-Team1/ros2_ws/install/px4_msgs/share/px4_msgs/msg/SensorPreflightMag.msg\n'}
[2.396647] (px4_msgs) StdoutLine: {'line': b'-- Up-to-date: /home/rschnurr/SkyClaw-Team1/ros2_ws/install/px4_msgs/share/px4_msgs/msg/SensorSelection.msg\n'}
[2.398265] (px4_msgs) StdoutLine: {'line': b'-- Up-to-date: /home/rschnurr/SkyClaw-Team1/ros2_ws/install/px4_msgs/share/px4_msgs/msg/SensorUwb.msg\n'}
[2.399651] (px4_msgs) StdoutLine: {'line': b'-- Up-to-date: /home/rschnurr/SkyClaw-Team1/ros2_ws/install/px4_msgs/share/px4_msgs/msg/SensorsStatus.msg\n'}
[2.399924] (px4_msgs) StdoutLine: {'line': b'-- Up-to-date: /home/rschnurr/SkyClaw-Team1/ros2_ws/install/px4_msgs/share/px4_msgs/msg/SensorsStatusImu.msg\n'}
[2.400337] (px4_msgs) StdoutLine: {'line': b'-- Up-to-date: /home/rschnurr/SkyClaw-Team1/ros2_ws/install/px4_msgs/share/px4_msgs/msg/SystemPower.msg\n'}
[2.400946] (px4_msgs) StdoutLine: {'line': b'-- Up-to-date: /home/rschnurr/SkyClaw-Team1/ros2_ws/install/px4_msgs/share/px4_msgs/msg/TakeoffStatus.msg\n'}
[2.401872] (px4_msgs) StdoutLine: {'line': b'-- Up-to-date: /home/rschnurr/SkyClaw-Team1/ros2_ws/install/px4_msgs/share/px4_msgs/msg/TaskStackInfo.msg\n'}
[2.402367] (px4_msgs) StdoutLine: {'line': b'-- Up-to-date: /home/rschnurr/SkyClaw-Team1/ros2_ws/install/px4_msgs/share/px4_msgs/msg/TecsStatus.msg\n'}
[2.402781] (px4_msgs) StdoutLine: {'line': b'-- Up-to-date: /home/rschnurr/SkyClaw-Team1/ros2_ws/install/px4_msgs/share/px4_msgs/msg/TelemetryStatus.msg\n'}
[2.403649] (px4_msgs) StdoutLine: {'line': b'-- Up-to-date: /home/rschnurr/SkyClaw-Team1/ros2_ws/install/px4_msgs/share/px4_msgs/msg/TiltrotorExtraControls.msg\n'}
[2.404447] (px4_msgs) StdoutLine: {'line': b'-- Up-to-date: /home/rschnurr/SkyClaw-Team1/ros2_ws/install/px4_msgs/share/px4_msgs/msg/TimesyncStatus.msg\n'}
[2.405617] (px4_msgs) StdoutLine: {'line': b'-- Up-to-date: /home/rschnurr/SkyClaw-Team1/ros2_ws/install/px4_msgs/share/px4_msgs/msg/TrajectorySetpoint.msg\n'}
[2.405930] (px4_msgs) StdoutLine: {'line': b'-- Up-to-date: /home/rschnurr/SkyClaw-Team1/ros2_ws/install/px4_msgs/share/px4_msgs/msg/TrajectorySetpoint6dof.msg\n'}
[2.410071] (px4_msgs) StdoutLine: {'line': b'-- Up-to-date: /home/rschnurr/SkyClaw-Team1/ros2_ws/install/px4_msgs/share/px4_msgs/msg/TransponderReport.msg\n'}
[2.410978] (-) TimerEvent: {}
[2.411254] (px4_msgs) StdoutLine: {'line': b'-- Up-to-date: /home/rschnurr/SkyClaw-Team1/ros2_ws/install/px4_msgs/share/px4_msgs/msg/TuneControl.msg\n'}
[2.411970] (px4_msgs) StdoutLine: {'line': b'-- Up-to-date: /home/rschnurr/SkyClaw-Team1/ros2_ws/install/px4_msgs/share/px4_msgs/msg/UavcanParameterRequest.msg\n'}
[2.412602] (px4_msgs) StdoutLine: {'line': b'-- Up-to-date: /home/rschnurr/SkyClaw-Team1/ros2_ws/install/px4_msgs/share/px4_msgs/msg/UavcanParameterValue.msg\n'}
[2.413896] (px4_msgs) StdoutLine: {'line': b'-- Up-to-date: /home/rschnurr/SkyClaw-Team1/ros2_ws/install/px4_msgs/share/px4_msgs/msg/UlogStream.msg\n'}
[2.415440] (px4_msgs) StdoutLine: {'line': b'-- Up-to-date: /home/rschnurr/SkyClaw-Team1/ros2_ws/install/px4_msgs/share/px4_msgs/msg/UlogStreamAck.msg\n'}
[2.416388] (px4_msgs) StdoutLine: {'line': b'-- Up-to-date: /home/rschnurr/SkyClaw-Team1/ros2_ws/install/px4_msgs/share/px4_msgs/msg/UnregisterExtComponent.msg\n'}
[2.417242] (px4_msgs) StdoutLine: {'line': b'-- Up-to-date: /home/rschnurr/SkyClaw-Team1/ros2_ws/install/px4_msgs/share/px4_msgs/msg/VehicleAcceleration.msg\n'}
[2.418295] (px4_msgs) StdoutLine: {'line': b'-- Up-to-date: /home/rschnurr/SkyClaw-Team1/ros2_ws/install/px4_msgs/share/px4_msgs/msg/VehicleAirData.msg\n'}
[2.419450] (px4_msgs) StdoutLine: {'line': b'-- Up-to-date: /home/rschnurr/SkyClaw-Team1/ros2_ws/install/px4_msgs/share/px4_msgs/msg/VehicleAngularAccelerationSetpoint.msg\n'}
[2.420500] (px4_msgs) StdoutLine: {'line': b'-- Up-to-date: /home/rschnurr/SkyClaw-Team1/ros2_ws/install/px4_msgs/share/px4_msgs/msg/VehicleAngularVelocity.msg\n'}
[2.421073] (px4_msgs) StdoutLine: {'line': b'-- Up-to-date: /home/rschnurr/SkyClaw-Team1/ros2_ws/install/px4_msgs/share/px4_msgs/msg/VehicleAttitude.msg\n'}
[2.421842] (px4_msgs) StdoutLine: {'line': b'-- Up-to-date: /home/rschnurr/SkyClaw-Team1/ros2_ws/install/px4_msgs/share/px4_msgs/msg/VehicleAttitudeSetpoint.msg\n'}
[2.422614] (px4_msgs) StdoutLine: {'line': b'-- Up-to-date: /home/rschnurr/SkyClaw-Team1/ros2_ws/install/px4_msgs/share/px4_msgs/msg/VehicleCommand.msg\n'}
[2.422928] (px4_msgs) StdoutLine: {'line': b'-- Up-to-date: /home/rschnurr/SkyClaw-Team1/ros2_ws/install/px4_msgs/share/px4_msgs/msg/VehicleCommandAck.msg\n'}
[2.423363] (px4_msgs) StdoutLine: {'line': b'-- Up-to-date: /home/rschnurr/SkyClaw-Team1/ros2_ws/install/px4_msgs/share/px4_msgs/msg/VehicleConstraints.msg\n'}
[2.423962] (px4_msgs) StdoutLine: {'line': b'-- Up-to-date: /home/rschnurr/SkyClaw-Team1/ros2_ws/install/px4_msgs/share/px4_msgs/msg/VehicleControlMode.msg\n'}
[2.424493] (px4_msgs) StdoutLine: {'line': b'-- Up-to-date: /home/rschnurr/SkyClaw-Team1/ros2_ws/install/px4_msgs/share/px4_msgs/msg/VehicleGlobalPosition.msg\n'}
[2.425007] (px4_msgs) StdoutLine: {'line': b'-- Up-to-date: /home/rschnurr/SkyClaw-Team1/ros2_ws/install/px4_msgs/share/px4_msgs/msg/VehicleImu.msg\n'}
[2.425403] (px4_msgs) StdoutLine: {'line': b'-- Up-to-date: /home/rschnurr/SkyClaw-Team1/ros2_ws/install/px4_msgs/share/px4_msgs/msg/VehicleImuStatus.msg\n'}
[2.426067] (px4_msgs) StdoutLine: {'line': b'-- Up-to-date: /home/rschnurr/SkyClaw-Team1/ros2_ws/install/px4_msgs/share/px4_msgs/msg/VehicleLandDetected.msg\n'}
[2.426653] (px4_msgs) StdoutLine: {'line': b'-- Up-to-date: /home/rschnurr/SkyClaw-Team1/ros2_ws/install/px4_msgs/share/px4_msgs/msg/VehicleLocalPosition.msg\n'}
[2.427614] (px4_msgs) StdoutLine: {'line': b'-- Up-to-date: /home/rschnurr/SkyClaw-Team1/ros2_ws/install/px4_msgs/share/px4_msgs/msg/VehicleLocalPositionSetpoint.msg\n'}
[2.428223] (px4_msgs) StdoutLine: {'line': b'-- Up-to-date: /home/rschnurr/SkyClaw-Team1/ros2_ws/install/px4_msgs/share/px4_msgs/msg/VehicleMagnetometer.msg\n'}
[2.429067] (px4_msgs) StdoutLine: {'line': b'-- Up-to-date: /home/rschnurr/SkyClaw-Team1/ros2_ws/install/px4_msgs/share/px4_msgs/msg/VehicleOdometry.msg\n'}
[2.430301] (px4_msgs) StdoutLine: {'line': b'-- Up-to-date: /home/rschnurr/SkyClaw-Team1/ros2_ws/install/px4_msgs/share/px4_msgs/msg/VehicleOpticalFlow.msg\n'}
[2.431764] (px4_msgs) StdoutLine: {'line': b'-- Up-to-date: /home/rschnurr/SkyClaw-Team1/ros2_ws/install/px4_msgs/share/px4_msgs/msg/VehicleOpticalFlowVel.msg\n'}
[2.432560] (px4_msgs) StdoutLine: {'line': b'-- Up-to-date: /home/rschnurr/SkyClaw-Team1/ros2_ws/install/px4_msgs/share/px4_msgs/msg/VehicleRatesSetpoint.msg\n'}
[2.434201] (px4_msgs) StdoutLine: {'line': b'-- Up-to-date: /home/rschnurr/SkyClaw-Team1/ros2_ws/install/px4_msgs/share/px4_msgs/msg/VehicleRoi.msg\n'}
[2.436751] (px4_msgs) StdoutLine: {'line': b'-- Up-to-date: /home/rschnurr/SkyClaw-Team1/ros2_ws/install/px4_msgs/share/px4_msgs/msg/VehicleStatus.msg\n'}
[2.439052] (px4_msgs) StdoutLine: {'line': b'-- Up-to-date: /home/rschnurr/SkyClaw-Team1/ros2_ws/install/px4_msgs/share/px4_msgs/msg/VehicleThrustSetpoint.msg\n'}
[2.439674] (px4_msgs) StdoutLine: {'line': b'-- Up-to-date: /home/rschnurr/SkyClaw-Team1/ros2_ws/install/px4_msgs/share/px4_msgs/msg/VehicleTorqueSetpoint.msg\n'}
[2.440713] (px4_msgs) StdoutLine: {'line': b'-- Up-to-date: /home/rschnurr/SkyClaw-Team1/ros2_ws/install/px4_msgs/share/px4_msgs/msg/VelocityLimits.msg\n'}
[2.441652] (px4_msgs) StdoutLine: {'line': b'-- Up-to-date: /home/rschnurr/SkyClaw-Team1/ros2_ws/install/px4_msgs/share/px4_msgs/msg/VtolVehicleStatus.msg\n'}
[2.442520] (px4_msgs) StdoutLine: {'line': b'-- Up-to-date: /home/rschnurr/SkyClaw-Team1/ros2_ws/install/px4_msgs/share/px4_msgs/msg/WheelEncoders.msg\n'}
[2.443363] (px4_msgs) StdoutLine: {'line': b'-- Up-to-date: /home/rschnurr/SkyClaw-Team1/ros2_ws/install/px4_msgs/share/px4_msgs/msg/Wind.msg\n'}
[2.444705] (px4_msgs) StdoutLine: {'line': b'-- Up-to-date: /home/rschnurr/SkyClaw-Team1/ros2_ws/install/px4_msgs/share/px4_msgs/msg/YawEstimatorStatus.msg\n'}
[2.446310] (px4_msgs) StdoutLine: {'line': b'-- Up-to-date: /home/rschnurr/SkyClaw-Team1/ros2_ws/install/px4_msgs/share/px4_msgs/srv/VehicleCommand.srv\n'}
[2.447297] (px4_msgs) StdoutLine: {'line': b'-- Up-to-date: /home/rschnurr/SkyClaw-Team1/ros2_ws/install/px4_msgs/share/px4_msgs/srv/VehicleCommand_Request.msg\n'}
[2.448030] (px4_msgs) StdoutLine: {'line': b'-- Up-to-date: /home/rschnurr/SkyClaw-Team1/ros2_ws/install/px4_msgs/share/px4_msgs/srv/VehicleCommand_Response.msg\n'}
[2.449405] (px4_msgs) StdoutLine: {'line': b'-- Up-to-date: /home/rschnurr/SkyClaw-Team1/ros2_ws/install/px4_msgs/share/ament_index/resource_index/package_run_dependencies/px4_msgs\n'}
[2.450773] (px4_msgs) StdoutLine: {'line': b'-- Up-to-date: /home/rschnurr/SkyClaw-Team1/ros2_ws/install/px4_msgs/share/ament_index/resource_index/parent_prefix_path/px4_msgs\n'}
[2.452090] (px4_msgs) StdoutLine: {'line': b'-- Up-to-date: /home/rschnurr/SkyClaw-Team1/ros2_ws/install/px4_msgs/share/px4_msgs/environment/ament_prefix_path.sh\n'}
[2.452541] (px4_msgs) StdoutLine: {'line': b'-- Up-to-date: /home/rschnurr/SkyClaw-Team1/ros2_ws/install/px4_msgs/share/px4_msgs/environment/ament_prefix_path.dsv\n'}
[2.454022] (px4_msgs) StdoutLine: {'line': b'-- Up-to-date: /home/rschnurr/SkyClaw-Team1/ros2_ws/install/px4_msgs/share/px4_msgs/environment/path.sh\n'}
[2.455593] (px4_msgs) StdoutLine: {'line': b'-- Up-to-date: /home/rschnurr/SkyClaw-Team1/ros2_ws/install/px4_msgs/share/px4_msgs/environment/path.dsv\n'}
[2.456709] (px4_msgs) StdoutLine: {'line': b'-- Up-to-date: /home/rschnurr/SkyClaw-Team1/ros2_ws/install/px4_msgs/share/px4_msgs/local_setup.bash\n'}
[2.458594] (px4_msgs) StdoutLine: {'line': b'-- Up-to-date: /home/rschnurr/SkyClaw-Team1/ros2_ws/install/px4_msgs/share/px4_msgs/local_setup.sh\n'}
[2.459779] (px4_msgs) StdoutLine: {'line': b'-- Up-to-date: /home/rschnurr/SkyClaw-Team1/ros2_ws/install/px4_msgs/share/px4_msgs/local_setup.zsh\n'}
[2.460672] (px4_msgs) StdoutLine: {'line': b'-- Up-to-date: /home/rschnurr/SkyClaw-Team1/ros2_ws/install/px4_msgs/share/px4_msgs/local_setup.dsv\n'}
[2.461346] (px4_msgs) StdoutLine: {'line': b'-- Installing: /home/rschnurr/SkyClaw-Team1/ros2_ws/install/px4_msgs/share/px4_msgs/package.dsv\n'}
[2.461705] (px4_msgs) StdoutLine: {'line': b'-- Up-to-date: /home/rschnurr/SkyClaw-Team1/ros2_ws/install/px4_msgs/share/ament_index/resource_index/packages/px4_msgs\n'}
[2.462712] (px4_msgs) StdoutLine: {'line': b'-- Up-to-date: /home/rschnurr/SkyClaw-Team1/ros2_ws/install/px4_msgs/share/px4_msgs/cmake/export_px4_msgs__rosidl_generator_cExport.cmake\n'}
[2.463693] (px4_msgs) StdoutLine: {'line': b'-- Up-to-date: /home/rschnurr/SkyClaw-Team1/ros2_ws/install/px4_msgs/share/px4_msgs/cmake/export_px4_msgs__rosidl_generator_cExport-noconfig.cmake\n'}
[2.464376] (px4_msgs) StdoutLine: {'line': b'-- Up-to-date: /home/rschnurr/SkyClaw-Team1/ros2_ws/install/px4_msgs/share/px4_msgs/cmake/export_px4_msgs__rosidl_typesupport_fastrtps_cExport.cmake\n'}
[2.465289] (px4_msgs) StdoutLine: {'line': b'-- Up-to-date: /home/rschnurr/SkyClaw-Team1/ros2_ws/install/px4_msgs/share/px4_msgs/cmake/export_px4_msgs__rosidl_typesupport_fastrtps_cExport-noconfig.cmake\n'}
[2.465760] (px4_msgs) StdoutLine: {'line': b'-- Up-to-date: /home/rschnurr/SkyClaw-Team1/ros2_ws/install/px4_msgs/share/px4_msgs/cmake/export_px4_msgs__rosidl_generator_cppExport.cmake\n'}
[2.466863] (px4_msgs) StdoutLine: {'line': b'-- Up-to-date: /home/rschnurr/SkyClaw-Team1/ros2_ws/install/px4_msgs/share/px4_msgs/cmake/export_px4_msgs__rosidl_typesupport_fastrtps_cppExport.cmake\n'}
[2.467475] (px4_msgs) StdoutLine: {'line': b'-- Up-to-date: /home/rschnurr/SkyClaw-Team1/ros2_ws/install/px4_msgs/share/px4_msgs/cmake/export_px4_msgs__rosidl_typesupport_fastrtps_cppExport-noconfig.cmake\n'}
[2.468443] (px4_msgs) StdoutLine: {'line': b'-- Up-to-date: /home/rschnurr/SkyClaw-Team1/ros2_ws/install/px4_msgs/share/px4_msgs/cmake/px4_msgs__rosidl_typesupport_introspection_cExport.cmake\n'}
[2.470111] (px4_msgs) StdoutLine: {'line': b'-- Up-to-date: /home/rschnurr/SkyClaw-Team1/ros2_ws/install/px4_msgs/share/px4_msgs/cmake/px4_msgs__rosidl_typesupport_introspection_cExport-noconfig.cmake\n'}
[2.471040] (px4_msgs) StdoutLine: {'line': b'-- Up-to-date: /home/rschnurr/SkyClaw-Team1/ros2_ws/install/px4_msgs/share/px4_msgs/cmake/px4_msgs__rosidl_typesupport_cExport.cmake\n'}
[2.472243] (px4_msgs) StdoutLine: {'line': b'-- Up-to-date: /home/rschnurr/SkyClaw-Team1/ros2_ws/install/px4_msgs/share/px4_msgs/cmake/px4_msgs__rosidl_typesupport_cExport-noconfig.cmake\n'}
[2.472707] (px4_msgs) StdoutLine: {'line': b'-- Up-to-date: /home/rschnurr/SkyClaw-Team1/ros2_ws/install/px4_msgs/share/px4_msgs/cmake/px4_msgs__rosidl_typesupport_introspection_cppExport.cmake\n'}
[2.474204] (px4_msgs) StdoutLine: {'line': b'-- Up-to-date: /home/rschnurr/SkyClaw-Team1/ros2_ws/install/px4_msgs/share/px4_msgs/cmake/px4_msgs__rosidl_typesupport_introspection_cppExport-noconfig.cmake\n'}
[2.475717] (px4_msgs) StdoutLine: {'line': b'-- Up-to-date: /home/rschnurr/SkyClaw-Team1/ros2_ws/install/px4_msgs/share/px4_msgs/cmake/px4_msgs__rosidl_typesupport_cppExport.cmake\n'}
[2.476323] (px4_msgs) StdoutLine: {'line': b'-- Up-to-date: /home/rschnurr/SkyClaw-Team1/ros2_ws/install/px4_msgs/share/px4_msgs/cmake/px4_msgs__rosidl_typesupport_cppExport-noconfig.cmake\n'}
[2.477418] (px4_msgs) StdoutLine: {'line': b'-- Up-to-date: /home/rschnurr/SkyClaw-Team1/ros2_ws/install/px4_msgs/share/px4_msgs/cmake/export_px4_msgs__rosidl_generator_pyExport.cmake\n'}
[2.479346] (px4_msgs) StdoutLine: {'line': b'-- Up-to-date: /home/rschnurr/SkyClaw-Team1/ros2_ws/install/px4_msgs/share/px4_msgs/cmake/export_px4_msgs__rosidl_generator_pyExport-noconfig.cmake\n'}
[2.479995] (px4_msgs) StdoutLine: {'line': b'-- Up-to-date: /home/rschnurr/SkyClaw-Team1/ros2_ws/install/px4_msgs/share/px4_msgs/cmake/rosidl_cmake-extras.cmake\n'}
[2.480571] (px4_msgs) StdoutLine: {'line': b'-- Up-to-date: /home/rschnurr/SkyClaw-Team1/ros2_ws/install/px4_msgs/share/px4_msgs/cmake/ament_cmake_export_dependencies-extras.cmake\n'}
[2.481612] (px4_msgs) StdoutLine: {'line': b'-- Up-to-date: /home/rschnurr/SkyClaw-Team1/ros2_ws/install/px4_msgs/share/px4_msgs/cmake/ament_cmake_export_include_directories-extras.cmake\n'}
[2.482093] (px4_msgs) StdoutLine: {'line': b'-- Up-to-date: /home/rschnurr/SkyClaw-Team1/ros2_ws/install/px4_msgs/share/px4_msgs/cmake/ament_cmake_export_libraries-extras.cmake\n'}
[2.482903] (px4_msgs) StdoutLine: {'line': b'-- Up-to-date: /home/rschnurr/SkyClaw-Team1/ros2_ws/install/px4_msgs/share/px4_msgs/cmake/ament_cmake_export_targets-extras.cmake\n'}
[2.483410] (px4_msgs) StdoutLine: {'line': b'-- Up-to-date: /home/rschnurr/SkyClaw-Team1/ros2_ws/install/px4_msgs/share/px4_msgs/cmake/rosidl_cmake_export_typesupport_targets-extras.cmake\n'}
[2.483927] (px4_msgs) StdoutLine: {'line': b'-- Up-to-date: /home/rschnurr/SkyClaw-Team1/ros2_ws/install/px4_msgs/share/px4_msgs/cmake/rosidl_cmake_export_typesupport_libraries-extras.cmake\n'}
[2.484635] (px4_msgs) StdoutLine: {'line': b'-- Up-to-date: /home/rschnurr/SkyClaw-Team1/ros2_ws/install/px4_msgs/share/px4_msgs/cmake/px4_msgsConfig.cmake\n'}
[2.485143] (px4_msgs) StdoutLine: {'line': b'-- Up-to-date: /home/rschnurr/SkyClaw-Team1/ros2_ws/install/px4_msgs/share/px4_msgs/cmake/px4_msgsConfig-version.cmake\n'}
[2.485584] (px4_msgs) StdoutLine: {'line': b'-- Up-to-date: /home/rschnurr/SkyClaw-Team1/ros2_ws/install/px4_msgs/share/px4_msgs/package.xml\n'}
[2.494323] (px4_msgs) CommandEnded: {'returncode': 0}
[2.512145] (-) TimerEvent: {}
[2.538842] (px4_msgs) JobEnded: {'identifier': 'px4_msgs', 'rc': 0}
[2.542054] (go_green) JobStarted: {'identifier': 'go_green'}
[2.553179] (px4_ros_com) JobStarted: {'identifier': 'px4_ros_com'}
[2.612575] (-) TimerEvent: {}
[2.713205] (-) TimerEvent: {}
[2.813780] (-) TimerEvent: {}
[2.914697] (-) TimerEvent: {}
[3.015889] (-) TimerEvent: {}
[3.116646] (-) TimerEvent: {}
[3.221338] (px4_ros_com) JobProgress: {'identifier': 'px4_ros_com', 'progress': 'cmake'}
[3.221433] (-) TimerEvent: {}
[3.221584] (px4_ros_com) JobProgress: {'identifier': 'px4_ros_com', 'progress': 'build'}
[3.221606] (px4_ros_com) Command: {'cmd': ['/usr/bin/cmake', '--build', '/home/rschnurr/SkyClaw-Team1/ros2_ws/build/px4_ros_com', '--', '-j16', '-l16'], 'cwd': '/home/rschnurr/SkyClaw-Team1/ros2_ws/build/px4_ros_com', 'env': OrderedDict([('LESSOPEN', '| /usr/bin/lesspipe %s'), ('USER', 'rschnurr'), ('SHLVL', '1'), ('LD_LIBRARY_PATH', '/home/rschnurr/SkyClaw-Team1/ros2_ws/install/px4_msgs/lib:/home/rschnurr/SkyClaw-Team1/ros2_ws/install/px4_ros_com/lib:/usr/lib/x86_64-linux-gnu/gazebo-11/plugins:/opt/ros/humble/opt/rviz_ogre_vendor/lib:/opt/ros/humble/lib/x86_64-linux-gnu:/opt/ros/humble/lib'), ('WT_PROFILE_ID', '{61c54bbd-c2c6-5271-96e7-009a87ff44bf}'), ('HOME', '/home/rschnurr'), ('OLDPWD', '/home/rschnurr'), ('ROS_PYTHON_VERSION', '3'), ('DBUS_SESSION_BUS_ADDRESS', 'unix:path=/run/user/1000/bus'), ('WSL_DISTRO_NAME', 'Ubuntu-22.04'), ('WAYLAND_DISPLAY', 'wayland-0'), ('COLCON_PREFIX_PATH', '/home/rschnurr/SkyClaw-Team1/ros2_ws/install'), ('ROS_DISTRO', 'humble'), ('LOGNAME', 'rschnurr'), ('NAME', 'Roberts-Laptop'), ('WSL_INTEROP', '/run/WSL/16090_interop'), ('PULSE_SERVER', 'unix:/mnt/wslg/PulseServer'), ('_', '/usr/bin/colcon'), ('ROS_VERSION', '2'), ('TERM', 'xterm-256color'), ('PX4_SITL_WORLD', 'aruco_with_green'), ('ROS_LOCALHOST_ONLY', '0'), ('PATH', '/home/rschnurr/.local/bin:/opt/ros/humble/bin:/usr/local/sbin:/usr/local/bin:/usr/sbin:/usr/bin:/sbin:/bin:/usr/games:/usr/local/games:/usr/lib/wsl/lib:/mnt/c/Users/rschn/miniconda3:/mnt/c/Users/rschn/miniconda3/Library/mingw-w64/bin:/mnt/c/Users/rschn/miniconda3/Library/usr/bin:/mnt/c/Users/rschn/miniconda3/Library/bin:/mnt/c/Users/rschn/miniconda3/Scripts:/mnt/c/Users/rschn/miniconda3/bin:/mnt/c/Users/rschn/miniconda3/condabin:/mnt/c/gstreamer/1.0/msvc_x86_64/bin:/mnt/c/Program Files (x86)/Common Files/Oracle/Java/javapath:/mnt/c/Windows/system32:/mnt/c/Windows:/mnt/c/Windows/System32/Wbem:/mnt/c/Windows/System32/WindowsPowerShell/v1.0:/mnt/c/Windows/System32/OpenSSH:/mnt/c/Program Files/PuTTY:/mnt/c/Program Files/Git/cmd:/mnt/c/Users/rschn/AppData/Local/Microsoft/WindowsApps:/mnt/c/Users/rschn/AppData/Local/Programs/Microsoft VS Code/bin:/mnt/c/Users/rschn/AppData/Local/Google/Cloud SDK/google-cloud-sdk/bin:/snap/bin:/opt/xtensa-esp-elf/bin/'), ('WT_SESSION', '2d4f7308-3ac6-4731-92b0-b963dc6d9845'), ('XDG_RUNTIME_DIR', '/run/user/1000/'), ('DISPLAY', ':0'), ('LANG', 'en_US.UTF-8'), ('LS_COLORS', 'rs=0:di=01;34:ln=01;36:mh=00:pi=40;33:so=01;35:do=01;35:bd=40;33;01:cd=40;33;01:or=40;31;01:mi=00:su=37;41:sg=30;43:ca=30;41:tw=30;42:ow=34;42:st=37;44:ex=01;32:*.tar=01;31:*.tgz=01;31:*.arc=01;31:*.arj=01;31:*.taz=01;31:*.lha=01;31:*.lz4=01;31:*.lzh=01;31:*.lzma=01;31:*.tlz=01;31:*.txz=01;31:*.tzo=01;31:*.t7z=01;31:*.zip=01;31:*.z=01;31:*.dz=01;31:*.gz=01;31:*.lrz=01;31:*.lz=01;31:*.lzo=01;31:*.xz=01;31:*.zst=01;31:*.tzst=01;31:*.bz2=01;31:*.bz=01;31:*.tbz=01;31:*.tbz2=01;31:*.tz=01;31:*.deb=01;31:*.rpm=01;31:*.jar=01;31:*.war=01;31:*.ear=01;31:*.sar=01;31:*.rar=01;31:*.alz=01;31:*.ace=01;31:*.zoo=01;31:*.cpio=01;31:*.7z=01;31:*.rz=01;31:*.cab=01;31:*.wim=01;31:*.swm=01;31:*.dwm=01;31:*.esd=01;31:*.jpg=01;35:*.jpeg=01;35:*.mjpg=01;35:*.mjpeg=01;35:*.gif=01;35:*.bmp=01;35:*.pbm=01;35:*.pgm=01;35:*.ppm=01;35:*.tga=01;35:*.xbm=01;35:*.xpm=01;35:*.tif=01;35:*.tiff=01;35:*.png=01;35:*.svg=01;35:*.svgz=01;35:*.mng=01;35:*.pcx=01;35:*.mov=01;35:*.mpg=01;35:*.mpeg=01;35:*.m2v=01;35:*.mkv=01;35:*.webm=01;35:*.webp=01;35:*.ogm=01;35:*.mp4=01;35:*.m4v=01;35:*.mp4v=01;35:*.vob=01;35:*.qt=01;35:*.nuv=01;35:*.wmv=01;35:*.asf=01;35:*.rm=01;35:*.rmvb=01;35:*.flc=01;35:*.avi=01;35:*.fli=01;35:*.flv=01;35:*.gl=01;35:*.dl=01;35:*.xcf=01;35:*.xwd=01;35:*.yuv=01;35:*.cgm=01;35:*.emf=01;35:*.ogv=01;35:*.ogx=01;35:*.aac=00;36:*.au=00;36:*.flac=00;36:*.m4a=00;36:*.mid=00;36:*.midi=00;36:*.mka=00;36:*.mp3=00;36:*.mpc=00;36:*.ogg=00;36:*.ra=00;36:*.wav=00;36:*.oga=00;36:*.opus=00;36:*.spx=00;36:*.xspf=00;36:'), ('AMENT_PREFIX_PATH', '/home/rschnurr/SkyClaw-Team1/ros2_ws/install/px4_ros_com:/home/rschnurr/SkyClaw-Team1/ros2_ws/install/go_green:/home/rschnurr/SkyClaw-Team1/ros2_ws/install/px4_msgs:/opt/ros/humble'), ('SHELL', '/bin/bash'), ('LESSCLOSE', '/usr/bin/lesspipe %s %s'), ('PWD', '/home/rschnurr/SkyClaw-Team1/ros2_ws/build/px4_ros_com'), ('GAZEBO_PLUGIN_PATH', ':/opt/ros/humble/lib'), ('XDG_DATA_DIRS', '/usr/local/share:/usr/share:/var/lib/snapd/desktop'), ('PYTHONPATH', '/home/rschnurr/SkyClaw-Team1/ros2_ws/install/px4_ros_com/local/lib/python3.10/dist-packages:/home/rschnurr/SkyClaw-Team1/ros2_ws/install/go_green/lib/python3.10/site-packages:/home/rschnurr/SkyClaw-Team1/ros2_ws/install/px4_msgs/local/lib/python3.10/dist-packages:/opt/ros/humble/lib/python3.10/site-packages:/opt/ros/humble/local/lib/python3.10/dist-packages'), ('COLCON', '1'), ('WSL2_GUI_APPS_ENABLED', '1'), ('HOSTTYPE', 'x86_64'), ('CMAKE_PREFIX_PATH', '/home/rschnurr/SkyClaw-Team1/ros2_ws/install/px4_msgs:/home/rschnurr/SkyClaw-Team1/ros2_ws/install/px4_ros_com:/home/rschnurr/SkyClaw-Team1/ros2_ws/install/go_green:/opt/ros/humble'), ('WSLENV', 'WT_SESSION:WT_PROFILE_ID:')]), 'shell': False}
[3.321828] (-) TimerEvent: {}
[3.364739] (px4_ros_com) StdoutLine: {'line': b'[ 33%] Built target sensor_combined_listener\n'}
[3.365318] (px4_ros_com) StdoutLine: {'line': b'[ 33%] Built target offboard_control\n'}
[3.365461] (px4_ros_com) StdoutLine: {'line': b'[ 33%] Built target ament_cmake_python_copy_px4_ros_com\n'}
[3.366657] (px4_ros_com) StdoutLine: {'line': b'[ 66%] Built target frame_transforms\n'}
[3.366937] (px4_ros_com) StdoutLine: {'line': b'[ 66%] Built target debug_vect_advertiser\n'}
[3.367984] (px4_ros_com) StdoutLine: {'line': b'[ 83%] Built target vehicle_gps_position_listener\n'}
[3.377631] (px4_ros_com) StdoutLine: {'line': b'[100%] Built target offboard_control_srv\n'}
[3.422145] (-) TimerEvent: {}
[3.522922] (-) TimerEvent: {}
[3.623593] (-) TimerEvent: {}
[3.724481] (-) TimerEvent: {}
[3.830127] (-) TimerEvent: {}
[3.836820] (px4_ros_com) StdoutLine: {'line': b'running egg_info\n'}
[3.866740] (px4_ros_com) StdoutLine: {'line': b'writing px4_ros_com.egg-info/PKG-INFO\n'}
[3.867981] (px4_ros_com) StdoutLine: {'line': b'writing dependency_links to px4_ros_com.egg-info/dependency_links.txt\n'}
[3.868427] (px4_ros_com) StdoutLine: {'line': b'writing top-level names to px4_ros_com.egg-info/top_level.txt\n'}
[3.930398] (-) TimerEvent: {}
[3.952238] (px4_ros_com) StdoutLine: {'line': b"reading manifest file 'px4_ros_com.egg-info/SOURCES.txt'\n"}
[3.955433] (px4_ros_com) StdoutLine: {'line': b"writing manifest file 'px4_ros_com.egg-info/SOURCES.txt'\n"}
[4.030765] (-) TimerEvent: {}
[4.078998] (px4_ros_com) StdoutLine: {'line': b'[100%] Built target ament_cmake_python_build_px4_ros_com_egg\n'}
[4.100026] (px4_ros_com) CommandEnded: {'returncode': 0}
[4.102357] (px4_ros_com) JobProgress: {'identifier': 'px4_ros_com', 'progress': 'install'}
[4.102780] (px4_ros_com) Command: {'cmd': ['/usr/bin/cmake', '--install', '/home/rschnurr/SkyClaw-Team1/ros2_ws/build/px4_ros_com'], 'cwd': '/home/rschnurr/SkyClaw-Team1/ros2_ws/build/px4_ros_com', 'env': OrderedDict([('LESSOPEN', '| /usr/bin/lesspipe %s'), ('USER', 'rschnurr'), ('SHLVL', '1'), ('LD_LIBRARY_PATH', '/home/rschnurr/SkyClaw-Team1/ros2_ws/install/px4_msgs/lib:/home/rschnurr/SkyClaw-Team1/ros2_ws/install/px4_ros_com/lib:/usr/lib/x86_64-linux-gnu/gazebo-11/plugins:/opt/ros/humble/opt/rviz_ogre_vendor/lib:/opt/ros/humble/lib/x86_64-linux-gnu:/opt/ros/humble/lib'), ('WT_PROFILE_ID', '{61c54bbd-c2c6-5271-96e7-009a87ff44bf}'), ('HOME', '/home/rschnurr'), ('OLDPWD', '/home/rschnurr'), ('ROS_PYTHON_VERSION', '3'), ('DBUS_SESSION_BUS_ADDRESS', 'unix:path=/run/user/1000/bus'), ('WSL_DISTRO_NAME', 'Ubuntu-22.04'), ('WAYLAND_DISPLAY', 'wayland-0'), ('COLCON_PREFIX_PATH', '/home/rschnurr/SkyClaw-Team1/ros2_ws/install'), ('ROS_DISTRO', 'humble'), ('LOGNAME', 'rschnurr'), ('NAME', 'Roberts-Laptop'), ('WSL_INTEROP', '/run/WSL/16090_interop'), ('PULSE_SERVER', 'unix:/mnt/wslg/PulseServer'), ('_', '/usr/bin/colcon'), ('ROS_VERSION', '2'), ('TERM', 'xterm-256color'), ('PX4_SITL_WORLD', 'aruco_with_green'), ('ROS_LOCALHOST_ONLY', '0'), ('PATH', '/home/rschnurr/.local/bin:/opt/ros/humble/bin:/usr/local/sbin:/usr/local/bin:/usr/sbin:/usr/bin:/sbin:/bin:/usr/games:/usr/local/games:/usr/lib/wsl/lib:/mnt/c/Users/rschn/miniconda3:/mnt/c/Users/rschn/miniconda3/Library/mingw-w64/bin:/mnt/c/Users/rschn/miniconda3/Library/usr/bin:/mnt/c/Users/rschn/miniconda3/Library/bin:/mnt/c/Users/rschn/miniconda3/Scripts:/mnt/c/Users/rschn/miniconda3/bin:/mnt/c/Users/rschn/miniconda3/condabin:/mnt/c/gstreamer/1.0/msvc_x86_64/bin:/mnt/c/Program Files (x86)/Common Files/Oracle/Java/javapath:/mnt/c/Windows/system32:/mnt/c/Windows:/mnt/c/Windows/System32/Wbem:/mnt/c/Windows/System32/WindowsPowerShell/v1.0:/mnt/c/Windows/System32/OpenSSH:/mnt/c/Program Files/PuTTY:/mnt/c/Program Files/Git/cmd:/mnt/c/Users/rschn/AppData/Local/Microsoft/WindowsApps:/mnt/c/Users/rschn/AppData/Local/Programs/Microsoft VS Code/bin:/mnt/c/Users/rschn/AppData/Local/Google/Cloud SDK/google-cloud-sdk/bin:/snap/bin:/opt/xtensa-esp-elf/bin/'), ('WT_SESSION', '2d4f7308-3ac6-4731-92b0-b963dc6d9845'), ('XDG_RUNTIME_DIR', '/run/user/1000/'), ('DISPLAY', ':0'), ('LANG', 'en_US.UTF-8'), ('LS_COLORS', 'rs=0:di=01;34:ln=01;36:mh=00:pi=40;33:so=01;35:do=01;35:bd=40;33;01:cd=40;33;01:or=40;31;01:mi=00:su=37;41:sg=30;43:ca=30;41:tw=30;42:ow=34;42:st=37;44:ex=01;32:*.tar=01;31:*.tgz=01;31:*.arc=01;31:*.arj=01;31:*.taz=01;31:*.lha=01;31:*.lz4=01;31:*.lzh=01;31:*.lzma=01;31:*.tlz=01;31:*.txz=01;31:*.tzo=01;31:*.t7z=01;31:*.zip=01;31:*.z=01;31:*.dz=01;31:*.gz=01;31:*.lrz=01;31:*.lz=01;31:*.lzo=01;31:*.xz=01;31:*.zst=01;31:*.tzst=01;31:*.bz2=01;31:*.bz=01;31:*.tbz=01;31:*.tbz2=01;31:*.tz=01;31:*.deb=01;31:*.rpm=01;31:*.jar=01;31:*.war=01;31:*.ear=01;31:*.sar=01;31:*.rar=01;31:*.alz=01;31:*.ace=01;31:*.zoo=01;31:*.cpio=01;31:*.7z=01;31:*.rz=01;31:*.cab=01;31:*.wim=01;31:*.swm=01;31:*.dwm=01;31:*.esd=01;31:*.jpg=01;35:*.jpeg=01;35:*.mjpg=01;35:*.mjpeg=01;35:*.gif=01;35:*.bmp=01;35:*.pbm=01;35:*.pgm=01;35:*.ppm=01;35:*.tga=01;35:*.xbm=01;35:*.xpm=01;35:*.tif=01;35:*.tiff=01;35:*.png=01;35:*.svg=01;35:*.svgz=01;35:*.mng=01;35:*.pcx=01;35:*.mov=01;35:*.mpg=01;35:*.mpeg=01;35:*.m2v=01;35:*.mkv=01;35:*.webm=01;35:*.webp=01;35:*.ogm=01;35:*.mp4=01;35:*.m4v=01;35:*.mp4v=01;35:*.vob=01;35:*.qt=01;35:*.nuv=01;35:*.wmv=01;35:*.asf=01;35:*.rm=01;35:*.rmvb=01;35:*.flc=01;35:*.avi=01;35:*.fli=01;35:*.flv=01;35:*.gl=01;35:*.dl=01;35:*.xcf=01;35:*.xwd=01;35:*.yuv=01;35:*.cgm=01;35:*.emf=01;35:*.ogv=01;35:*.ogx=01;35:*.aac=00;36:*.au=00;36:*.flac=00;36:*.m4a=00;36:*.mid=00;36:*.midi=00;36:*.mka=00;36:*.mp3=00;36:*.mpc=00;36:*.ogg=00;36:*.ra=00;36:*.wav=00;36:*.oga=00;36:*.opus=00;36:*.spx=00;36:*.xspf=00;36:'), ('AMENT_PREFIX_PATH', '/home/rschnurr/SkyClaw-Team1/ros2_ws/install/px4_ros_com:/home/rschnurr/SkyClaw-Team1/ros2_ws/install/go_green:/home/rschnurr/SkyClaw-Team1/ros2_ws/install/px4_msgs:/opt/ros/humble'), ('SHELL', '/bin/bash'), ('LESSCLOSE', '/usr/bin/lesspipe %s %s'), ('PWD', '/home/rschnurr/SkyClaw-Team1/ros2_ws/build/px4_ros_com'), ('GAZEBO_PLUGIN_PATH', ':/opt/ros/humble/lib'), ('XDG_DATA_DIRS', '/usr/local/share:/usr/share:/var/lib/snapd/desktop'), ('PYTHONPATH', '/home/rschnurr/SkyClaw-Team1/ros2_ws/install/px4_ros_com/local/lib/python3.10/dist-packages:/home/rschnurr/SkyClaw-Team1/ros2_ws/install/go_green/lib/python3.10/site-packages:/home/rschnurr/SkyClaw-Team1/ros2_ws/install/px4_msgs/local/lib/python3.10/dist-packages:/opt/ros/humble/lib/python3.10/site-packages:/opt/ros/humble/local/lib/python3.10/dist-packages'), ('COLCON', '1'), ('WSL2_GUI_APPS_ENABLED', '1'), ('HOSTTYPE', 'x86_64'), ('CMAKE_PREFIX_PATH', '/home/rschnurr/SkyClaw-Team1/ros2_ws/install/px4_msgs:/home/rschnurr/SkyClaw-Team1/ros2_ws/install/px4_ros_com:/home/rschnurr/SkyClaw-Team1/ros2_ws/install/go_green:/opt/ros/humble'), ('WSLENV', 'WT_SESSION:WT_PROFILE_ID:')]), 'shell': False}
[4.123280] (px4_ros_com) StdoutLine: {'line': b'-- Install configuration: ""\n'}
[4.123874] (px4_ros_com) StdoutLine: {'line': b'-- Up-to-date: /home/rschnurr/SkyClaw-Team1/ros2_ws/install/px4_ros_com/lib/px4_ros_com/sensor_combined_listener\n'}
[4.124262] (px4_ros_com) StdoutLine: {'line': b'-- Up-to-date: /home/rschnurr/SkyClaw-Team1/ros2_ws/install/px4_ros_com/lib/px4_ros_com/vehicle_gps_position_listener\n'}
[4.124646] (px4_ros_com) StdoutLine: {'line': b'-- Up-to-date: /home/rschnurr/SkyClaw-Team1/ros2_ws/install/px4_ros_com/lib/px4_ros_com/debug_vect_advertiser\n'}
[4.125194] (px4_ros_com) StdoutLine: {'line': b'-- Up-to-date: /home/rschnurr/SkyClaw-Team1/ros2_ws/install/px4_ros_com/lib/px4_ros_com/offboard_control\n'}
[4.125855] (px4_ros_com) StdoutLine: {'line': b'-- Up-to-date: /home/rschnurr/SkyClaw-Team1/ros2_ws/install/px4_ros_com/lib/px4_ros_com/offboard_control_srv\n'}
[4.126012] (px4_ros_com) StdoutLine: {'line': b'-- Up-to-date: /home/rschnurr/SkyClaw-Team1/ros2_ws/install/px4_ros_com/share/px4_ros_com/environment/library_path.sh\n'}
[4.126277] (px4_ros_com) StdoutLine: {'line': b'-- Up-to-date: /home/rschnurr/SkyClaw-Team1/ros2_ws/install/px4_ros_com/share/px4_ros_com/environment/library_path.dsv\n'}
[4.126537] (px4_ros_com) StdoutLine: {'line': b'-- Up-to-date: /home/rschnurr/SkyClaw-Team1/ros2_ws/install/px4_ros_com/include/px4_ros_com\n'}
[4.126873] (px4_ros_com) StdoutLine: {'line': b'-- Up-to-date: /home/rschnurr/SkyClaw-Team1/ros2_ws/install/px4_ros_com/include/px4_ros_com/frame_transforms.h:Zone.Identifier\n'}
[4.127128] (px4_ros_com) StdoutLine: {'line': b'-- Up-to-date: /home/rschnurr/SkyClaw-Team1/ros2_ws/install/px4_ros_com/include/px4_ros_com/frame_transforms.h\n'}
[4.127584] (px4_ros_com) StdoutLine: {'line': b'-- Up-to-date: /home/rschnurr/SkyClaw-Team1/ros2_ws/install/px4_ros_com/lib/libframe_transforms.so\n'}
[4.127721] (px4_ros_com) StdoutLine: {'line': b'-- Up-to-date: /home/rschnurr/SkyClaw-Team1/ros2_ws/install/px4_ros_com/share/px4_ros_com//launch\n'}
[4.127948] (px4_ros_com) StdoutLine: {'line': b'-- Up-to-date: /home/rschnurr/SkyClaw-Team1/ros2_ws/install/px4_ros_com/share/px4_ros_com//launch/offboard_control_launch.yaml\n'}
[4.128351] (px4_ros_com) StdoutLine: {'line': b'-- Up-to-date: /home/rschnurr/SkyClaw-Team1/ros2_ws/install/px4_ros_com/share/px4_ros_com//launch/sensor_combined_listener.launch.py:Zone.Identifier\n'}
[4.128481] (px4_ros_com) StdoutLine: {'line': b'-- Up-to-date: /home/rschnurr/SkyClaw-Team1/ros2_ws/install/px4_ros_com/share/px4_ros_com//launch/sensor_combined_listener.launch.py\n'}
[4.128843] (px4_ros_com) StdoutLine: {'line': b'-- Up-to-date: /home/rschnurr/SkyClaw-Team1/ros2_ws/install/px4_ros_com/share/px4_ros_com//launch/offboard_control_launch.yaml:Zone.Identifier\n'}
[4.128994] (px4_ros_com) StdoutLine: {'line': b'-- Up-to-date: /home/rschnurr/SkyClaw-Team1/ros2_ws/install/px4_ros_com/share/px4_ros_com//test\n'}
[4.129172] (px4_ros_com) StdoutLine: {'line': b'-- Up-to-date: /home/rschnurr/SkyClaw-Team1/ros2_ws/install/px4_ros_com/share/px4_ros_com//test/__init__.py:Zone.Identifier\n'}
[4.129264] (px4_ros_com) StdoutLine: {'line': b'-- Up-to-date: /home/rschnurr/SkyClaw-Team1/ros2_ws/install/px4_ros_com/share/px4_ros_com//test/test_input.py:Zone.Identifier\n'}
[4.129327] (px4_ros_com) StdoutLine: {'line': b'-- Up-to-date: /home/rschnurr/SkyClaw-Team1/ros2_ws/install/px4_ros_com/share/px4_ros_com//test/test_output.py\n'}
[4.129381] (px4_ros_com) StdoutLine: {'line': b'-- Up-to-date: /home/rschnurr/SkyClaw-Team1/ros2_ws/install/px4_ros_com/share/px4_ros_com//test/pipeline_io_test.py:Zone.Identifier\n'}
[4.129480] (px4_ros_com) StdoutLine: {'line': b'-- Up-to-date: /home/rschnurr/SkyClaw-Team1/ros2_ws/install/px4_ros_com/share/px4_ros_com//test/pipeline_io_test.py\n'}
[4.129546] (px4_ros_com) StdoutLine: {'line': b'-- Up-to-date: /home/rschnurr/SkyClaw-Team1/ros2_ws/install/px4_ros_com/share/px4_ros_com//test/__init__.py\n'}
[4.129606] (px4_ros_com) StdoutLine: {'line': b'-- Up-to-date: /home/rschnurr/SkyClaw-Team1/ros2_ws/install/px4_ros_com/share/px4_ros_com//test/test_output.py:Zone.Identifier\n'}
[4.129693] (px4_ros_com) StdoutLine: {'line': b'-- Up-to-date: /home/rschnurr/SkyClaw-Team1/ros2_ws/install/px4_ros_com/share/px4_ros_com//test/test_input.py\n'}
[4.129788] (px4_ros_com) StdoutLine: {'line': b'-- Up-to-date: /home/rschnurr/SkyClaw-Team1/ros2_ws/install/px4_ros_com/share/px4_ros_com/environment/pythonpath.sh\n'}
[4.129841] (px4_ros_com) StdoutLine: {'line': b'-- Up-to-date: /home/rschnurr/SkyClaw-Team1/ros2_ws/install/px4_ros_com/share/px4_ros_com/environment/pythonpath.dsv\n'}
[4.129882] (px4_ros_com) StdoutLine: {'line': b'-- Up-to-date: /home/rschnurr/SkyClaw-Team1/ros2_ws/install/px4_ros_com/local/lib/python3.10/dist-packages/px4_ros_com-0.1.0-py3.10.egg-info\n'}
[4.129925] (px4_ros_com) StdoutLine: {'line': b'-- Installing: /home/rschnurr/SkyClaw-Team1/ros2_ws/install/px4_ros_com/local/lib/python3.10/dist-packages/px4_ros_com-0.1.0-py3.10.egg-info/SOURCES.txt\n'}
[4.130141] (px4_ros_com) StdoutLine: {'line': b'-- Installing: /home/rschnurr/SkyClaw-Team1/ros2_ws/install/px4_ros_com/local/lib/python3.10/dist-packages/px4_ros_com-0.1.0-py3.10.egg-info/dependency_links.txt\n'}
[4.130213] (px4_ros_com) StdoutLine: {'line': b'-- Installing: /home/rschnurr/SkyClaw-Team1/ros2_ws/install/px4_ros_com/local/lib/python3.10/dist-packages/px4_ros_com-0.1.0-py3.10.egg-info/PKG-INFO\n'}
[4.130257] (px4_ros_com) StdoutLine: {'line': b'-- Installing: /home/rschnurr/SkyClaw-Team1/ros2_ws/install/px4_ros_com/local/lib/python3.10/dist-packages/px4_ros_com-0.1.0-py3.10.egg-info/top_level.txt\n'}
[4.130294] (px4_ros_com) StdoutLine: {'line': b'-- Up-to-date: /home/rschnurr/SkyClaw-Team1/ros2_ws/install/px4_ros_com/local/lib/python3.10/dist-packages/px4_ros_com\n'}
[4.130461] (px4_ros_com) StdoutLine: {'line': b'-- Up-to-date: /home/rschnurr/SkyClaw-Team1/ros2_ws/install/px4_ros_com/local/lib/python3.10/dist-packages/px4_ros_com/module_to_import.py\n'}
[4.130576] (px4_ros_com) StdoutLine: {'line': b'-- Up-to-date: /home/rschnurr/SkyClaw-Team1/ros2_ws/install/px4_ros_com/local/lib/python3.10/dist-packages/px4_ros_com/__init__.py:Zone.Identifier\n'}
[4.130632] (px4_ros_com) StdoutLine: {'line': b'-- Up-to-date: /home/rschnurr/SkyClaw-Team1/ros2_ws/install/px4_ros_com/local/lib/python3.10/dist-packages/px4_ros_com/__init__.py\n'}
[4.130676] (px4_ros_com) StdoutLine: {'line': b'-- Up-to-date: /home/rschnurr/SkyClaw-Team1/ros2_ws/install/px4_ros_com/local/lib/python3.10/dist-packages/px4_ros_com/module_to_import.py:Zone.Identifier\n'}
[4.130717] (-) TimerEvent: {}
[4.206010] (px4_ros_com) StdoutLine: {'line': b"Listing '/home/rschnurr/SkyClaw-Team1/ros2_ws/install/px4_ros_com/local/lib/python3.10/dist-packages/px4_ros_com'...\n"}
[4.221217] (px4_ros_com) StdoutLine: {'line': b'-- Up-to-date: /home/rschnurr/SkyClaw-Team1/ros2_ws/install/px4_ros_com/lib/px4_ros_com/offboard_control.py\n'}
[4.221808] (px4_ros_com) StdoutLine: {'line': b'-- Up-to-date: /home/rschnurr/SkyClaw-Team1/ros2_ws/install/px4_ros_com/share/ament_index/resource_index/package_run_dependencies/px4_ros_com\n'}
[4.222719] (px4_ros_com) StdoutLine: {'line': b'-- Up-to-date: /home/rschnurr/SkyClaw-Team1/ros2_ws/install/px4_ros_com/share/ament_index/resource_index/parent_prefix_path/px4_ros_com\n'}
[4.223096] (px4_ros_com) StdoutLine: {'line': b'-- Up-to-date: /home/rschnurr/SkyClaw-Team1/ros2_ws/install/px4_ros_com/share/px4_ros_com/environment/ament_prefix_path.sh\n'}
[4.223206] (px4_ros_com) StdoutLine: {'line': b'-- Up-to-date: /home/rschnurr/SkyClaw-Team1/ros2_ws/install/px4_ros_com/share/px4_ros_com/environment/ament_prefix_path.dsv\n'}
[4.223260] (px4_ros_com) StdoutLine: {'line': b'-- Up-to-date: /home/rschnurr/SkyClaw-Team1/ros2_ws/install/px4_ros_com/share/px4_ros_com/environment/path.sh\n'}
[4.223305] (px4_ros_com) StdoutLine: {'line': b'-- Up-to-date: /home/rschnurr/SkyClaw-Team1/ros2_ws/install/px4_ros_com/share/px4_ros_com/environment/path.dsv\n'}
[4.223349] (px4_ros_com) StdoutLine: {'line': b'-- Up-to-date: /home/rschnurr/SkyClaw-Team1/ros2_ws/install/px4_ros_com/share/px4_ros_com/local_setup.bash\n'}
[4.223401] (px4_ros_com) StdoutLine: {'line': b'-- Up-to-date: /home/rschnurr/SkyClaw-Team1/ros2_ws/install/px4_ros_com/share/px4_ros_com/local_setup.sh\n'}
[4.223442] (px4_ros_com) StdoutLine: {'line': b'-- Up-to-date: /home/rschnurr/SkyClaw-Team1/ros2_ws/install/px4_ros_com/share/px4_ros_com/local_setup.zsh\n'}
[4.223481] (px4_ros_com) StdoutLine: {'line': b'-- Up-to-date: /home/rschnurr/SkyClaw-Team1/ros2_ws/install/px4_ros_com/share/px4_ros_com/local_setup.dsv\n'}
[4.225232] (px4_ros_com) StdoutLine: {'line': b'-- Installing: /home/rschnurr/SkyClaw-Team1/ros2_ws/install/px4_ros_com/share/px4_ros_com/package.dsv\n'}
[4.225417] (px4_ros_com) StdoutLine: {'line': b'-- Up-to-date: /home/rschnurr/SkyClaw-Team1/ros2_ws/install/px4_ros_com/share/ament_index/resource_index/packages/px4_ros_com\n'}
[4.225553] (px4_ros_com) StdoutLine: {'line': b'-- Up-to-date: /home/rschnurr/SkyClaw-Team1/ros2_ws/install/px4_ros_com/share/px4_ros_com/cmake/export_frame_transformsExport.cmake\n'}
[4.225797] (px4_ros_com) StdoutLine: {'line': b'-- Up-to-date: /home/rschnurr/SkyClaw-Team1/ros2_ws/install/px4_ros_com/share/px4_ros_com/cmake/export_frame_transformsExport-noconfig.cmake\n'}
[4.225881] (px4_ros_com) StdoutLine: {'line': b'-- Up-to-date: /home/rschnurr/SkyClaw-Team1/ros2_ws/install/px4_ros_com/share/px4_ros_com/cmake/ament_cmake_export_dependencies-extras.cmake\n'}
[4.225936] (px4_ros_com) StdoutLine: {'line': b'-- Up-to-date: /home/rschnurr/SkyClaw-Team1/ros2_ws/install/px4_ros_com/share/px4_ros_com/cmake/ament_cmake_export_targets-extras.cmake\n'}
[4.225987] (px4_ros_com) StdoutLine: {'line': b'-- Up-to-date: /home/rschnurr/SkyClaw-Team1/ros2_ws/install/px4_ros_com/share/px4_ros_com/cmake/ament_cmake_export_include_directories-extras.cmake\n'}
[4.226072] (px4_ros_com) StdoutLine: {'line': b'-- Up-to-date: /home/rschnurr/SkyClaw-Team1/ros2_ws/install/px4_ros_com/share/px4_ros_com/cmake/ament_cmake_export_libraries-extras.cmake\n'}
[4.226123] (px4_ros_com) StdoutLine: {'line': b'-- Up-to-date: /home/rschnurr/SkyClaw-Team1/ros2_ws/install/px4_ros_com/share/px4_ros_com/cmake/px4_ros_comConfig.cmake\n'}
[4.226168] (px4_ros_com) StdoutLine: {'line': b'-- Up-to-date: /home/rschnurr/SkyClaw-Team1/ros2_ws/install/px4_ros_com/share/px4_ros_com/cmake/px4_ros_comConfig-version.cmake\n'}
[4.226209] (px4_ros_com) StdoutLine: {'line': b'-- Up-to-date: /home/rschnurr/SkyClaw-Team1/ros2_ws/install/px4_ros_com/share/px4_ros_com/package.xml\n'}
[4.228549] (px4_ros_com) CommandEnded: {'returncode': 0}
[4.231020] (-) TimerEvent: {}
[4.261653] (px4_ros_com) JobEnded: {'identifier': 'px4_ros_com', 'rc': 0}
[4.292575] (go_green) Command: {'cmd': ['/usr/bin/python3', '-W', 'ignore:setup.py install is deprecated', '-W', 'ignore:easy_install command is deprecated', 'setup.py', 'egg_info', '--egg-base', '../../build/go_green', 'build', '--build-base', '/home/rschnurr/SkyClaw-Team1/ros2_ws/build/go_green/build', 'install', '--record', '/home/rschnurr/SkyClaw-Team1/ros2_ws/build/go_green/install.log', '--single-version-externally-managed', 'install_data'], 'cwd': '/home/rschnurr/SkyClaw-Team1/ros2_ws/src/go_green', 'env': {'LESSOPEN': '| /usr/bin/lesspipe %s', 'USER': 'rschnurr', 'SHLVL': '1', 'LD_LIBRARY_PATH': '/home/rschnurr/SkyClaw-Team1/ros2_ws/install/px4_msgs/lib:/home/rschnurr/SkyClaw-Team1/ros2_ws/install/px4_ros_com/lib:/usr/lib/x86_64-linux-gnu/gazebo-11/plugins:/opt/ros/humble/opt/rviz_ogre_vendor/lib:/opt/ros/humble/lib/x86_64-linux-gnu:/opt/ros/humble/lib', 'WT_PROFILE_ID': '{61c54bbd-c2c6-5271-96e7-009a87ff44bf}', 'HOME': '/home/rschnurr', 'OLDPWD': '/home/rschnurr', 'ROS_PYTHON_VERSION': '3', 'DBUS_SESSION_BUS_ADDRESS': 'unix:path=/run/user/1000/bus', 'WSL_DISTRO_NAME': 'Ubuntu-22.04', 'WAYLAND_DISPLAY': 'wayland-0', 'COLCON_PREFIX_PATH': '/home/rschnurr/SkyClaw-Team1/ros2_ws/install', 'ROS_DISTRO': 'humble', 'LOGNAME': 'rschnurr', 'NAME': 'Roberts-Laptop', 'WSL_INTEROP': '/run/WSL/16090_interop', 'PULSE_SERVER': 'unix:/mnt/wslg/PulseServer', '_': '/usr/bin/colcon', 'ROS_VERSION': '2', 'TERM': 'xterm-256color', 'PX4_SITL_WORLD': 'aruco_with_green', 'ROS_LOCALHOST_ONLY': '0', 'PATH': '/home/rschnurr/.local/bin:/opt/ros/humble/bin:/usr/local/sbin:/usr/local/bin:/usr/sbin:/usr/bin:/sbin:/bin:/usr/games:/usr/local/games:/usr/lib/wsl/lib:/mnt/c/Users/rschn/miniconda3:/mnt/c/Users/rschn/miniconda3/Library/mingw-w64/bin:/mnt/c/Users/rschn/miniconda3/Library/usr/bin:/mnt/c/Users/rschn/miniconda3/Library/bin:/mnt/c/Users/rschn/miniconda3/Scripts:/mnt/c/Users/rschn/miniconda3/bin:/mnt/c/Users/rschn/miniconda3/condabin:/mnt/c/gstreamer/1.0/msvc_x86_64/bin:/mnt/c/Program Files (x86)/Common Files/Oracle/Java/javapath:/mnt/c/Windows/system32:/mnt/c/Windows:/mnt/c/Windows/System32/Wbem:/mnt/c/Windows/System32/WindowsPowerShell/v1.0:/mnt/c/Windows/System32/OpenSSH:/mnt/c/Program Files/PuTTY:/mnt/c/Program Files/Git/cmd:/mnt/c/Users/rschn/AppData/Local/Microsoft/WindowsApps:/mnt/c/Users/rschn/AppData/Local/Programs/Microsoft VS Code/bin:/mnt/c/Users/rschn/AppData/Local/Google/Cloud SDK/google-cloud-sdk/bin:/snap/bin:/opt/xtensa-esp-elf/bin/', 'WT_SESSION': '2d4f7308-3ac6-4731-92b0-b963dc6d9845', 'XDG_RUNTIME_DIR': '/run/user/1000/', 'DISPLAY': ':0', 'LANG': 'en_US.UTF-8', 'LS_COLORS': 'rs=0:di=01;34:ln=01;36:mh=00:pi=40;33:so=01;35:do=01;35:bd=40;33;01:cd=40;33;01:or=40;31;01:mi=00:su=37;41:sg=30;43:ca=30;41:tw=30;42:ow=34;42:st=37;44:ex=01;32:*.tar=01;31:*.tgz=01;31:*.arc=01;31:*.arj=01;31:*.taz=01;31:*.lha=01;31:*.lz4=01;31:*.lzh=01;31:*.lzma=01;31:*.tlz=01;31:*.txz=01;31:*.tzo=01;31:*.t7z=01;31:*.zip=01;31:*.z=01;31:*.dz=01;31:*.gz=01;31:*.lrz=01;31:*.lz=01;31:*.lzo=01;31:*.xz=01;31:*.zst=01;31:*.tzst=01;31:*.bz2=01;31:*.bz=01;31:*.tbz=01;31:*.tbz2=01;31:*.tz=01;31:*.deb=01;31:*.rpm=01;31:*.jar=01;31:*.war=01;31:*.ear=01;31:*.sar=01;31:*.rar=01;31:*.alz=01;31:*.ace=01;31:*.zoo=01;31:*.cpio=01;31:*.7z=01;31:*.rz=01;31:*.cab=01;31:*.wim=01;31:*.swm=01;31:*.dwm=01;31:*.esd=01;31:*.jpg=01;35:*.jpeg=01;35:*.mjpg=01;35:*.mjpeg=01;35:*.gif=01;35:*.bmp=01;35:*.pbm=01;35:*.pgm=01;35:*.ppm=01;35:*.tga=01;35:*.xbm=01;35:*.xpm=01;35:*.tif=01;35:*.tiff=01;35:*.png=01;35:*.svg=01;35:*.svgz=01;35:*.mng=01;35:*.pcx=01;35:*.mov=01;35:*.mpg=01;35:*.mpeg=01;35:*.m2v=01;35:*.mkv=01;35:*.webm=01;35:*.webp=01;35:*.ogm=01;35:*.mp4=01;35:*.m4v=01;35:*.mp4v=01;35:*.vob=01;35:*.qt=01;35:*.nuv=01;35:*.wmv=01;35:*.asf=01;35:*.rm=01;35:*.rmvb=01;35:*.flc=01;35:*.avi=01;35:*.fli=01;35:*.flv=01;35:*.gl=01;35:*.dl=01;35:*.xcf=01;35:*.xwd=01;35:*.yuv=01;35:*.cgm=01;35:*.emf=01;35:*.ogv=01;35:*.ogx=01;35:*.aac=00;36:*.au=00;36:*.flac=00;36:*.m4a=00;36:*.mid=00;36:*.midi=00;36:*.mka=00;36:*.mp3=00;36:*.mpc=00;36:*.ogg=00;36:*.ra=00;36:*.wav=00;36:*.oga=00;36:*.opus=00;36:*.spx=00;36:*.xspf=00;36:', 'AMENT_PREFIX_PATH': '/home/rschnurr/SkyClaw-Team1/ros2_ws/install/px4_ros_com:/home/rschnurr/SkyClaw-Team1/ros2_ws/install/go_green:/home/rschnurr/SkyClaw-Team1/ros2_ws/install/px4_msgs:/opt/ros/humble', 'SHELL': '/bin/bash', 'LESSCLOSE': '/usr/bin/lesspipe %s %s', 'PWD': '/home/rschnurr/SkyClaw-Team1/ros2_ws/build/go_green', 'GAZEBO_PLUGIN_PATH': ':/opt/ros/humble/lib', 'XDG_DATA_DIRS': '/usr/local/share:/usr/share:/var/lib/snapd/desktop', 'PYTHONPATH': '/home/rschnurr/SkyClaw-Team1/ros2_ws/build/go_green/prefix_override:/usr/lib/python3/dist-packages/colcon_core/task/python/colcon_distutils_commands:/home/rschnurr/SkyClaw-Team1/ros2_ws/install/go_green/lib/python3.10/site-packages:/home/rschnurr/SkyClaw-Team1/ros2_ws/install/px4_ros_com/local/lib/python3.10/dist-packages:/home/rschnurr/SkyClaw-Team1/ros2_ws/install/go_green/lib/python3.10/site-packages:/home/rschnurr/SkyClaw-Team1/ros2_ws/install/px4_msgs/local/lib/python3.10/dist-packages:/opt/ros/humble/lib/python3.10/site-packages:/opt/ros/humble/local/lib/python3.10/dist-packages', 'COLCON': '1', 'WSL2_GUI_APPS_ENABLED': '1', 'HOSTTYPE': 'x86_64', 'CMAKE_PREFIX_PATH': '/home/rschnurr/SkyClaw-Team1/ros2_ws/install/px4_msgs:/home/rschnurr/SkyClaw-Team1/ros2_ws/install/px4_ros_com', 'WSLENV': 'WT_SESSION:WT_PROFILE_ID:'}, 'shell': False}
[4.331371] (-) TimerEvent: {}
[4.432295] (-) TimerEvent: {}
[4.533469] (-) TimerEvent: {}
[4.634199] (-) TimerEvent: {}
[4.736513] (-) TimerEvent: {}
[4.807034] (go_green) StdoutLine: {'line': b'running egg_info\n'}
[4.836832] (-) TimerEvent: {}
[4.837559] (go_green) StdoutLine: {'line': b'writing ../../build/go_green/go_green.egg-info/PKG-INFO\n'}
[4.838433] (go_green) StdoutLine: {'line': b'writing dependency_links to ../../build/go_green/go_green.egg-info/dependency_links.txt\n'}
[4.839633] (go_green) StdoutLine: {'line': b'writing entry points to ../../build/go_green/go_green.egg-info/entry_points.txt\n'}
[4.839908] (go_green) StdoutLine: {'line': b'writing requirements to ../../build/go_green/go_green.egg-info/requires.txt\n'}
[4.840011] (go_green) StdoutLine: {'line': b'writing top-level names to ../../build/go_green/go_green.egg-info/top_level.txt\n'}
[4.904519] (go_green) StdoutLine: {'line': b"reading manifest file '../../build/go_green/go_green.egg-info/SOURCES.txt'\n"}
[4.908431] (go_green) StdoutLine: {'line': b"writing manifest file '../../build/go_green/go_green.egg-info/SOURCES.txt'\n"}
[4.909150] (go_green) StdoutLine: {'line': b'running build\n'}
[4.909578] (go_green) StdoutLine: {'line': b'running build_py\n'}
[4.910030] (go_green) StdoutLine: {'line': b'copying go_green/__init__.py -> /home/rschnurr/SkyClaw-Team1/ros2_ws/build/go_green/build/lib/go_green\n'}
[4.910616] (go_green) StdoutLine: {'line': b'copying go_green/green_tracker.py -> /home/rschnurr/SkyClaw-Team1/ros2_ws/build/go_green/build/lib/go_green\n'}
[4.911043] (go_green) StdoutLine: {'line': b'copying go_green/go_green.py -> /home/rschnurr/SkyClaw-Team1/ros2_ws/build/go_green/build/lib/go_green\n'}
[4.911578] (go_green) StdoutLine: {'line': b'copying go_green/go_green_simple.py -> /home/rschnurr/SkyClaw-Team1/ros2_ws/build/go_green/build/lib/go_green\n'}
[4.912940] (go_green) StdoutLine: {'line': b'running install\n'}
[4.922472] (go_green) StdoutLine: {'line': b'running install_lib\n'}
[4.937021] (-) TimerEvent: {}
[4.950292] (go_green) StdoutLine: {'line': b'copying /home/rschnurr/SkyClaw-Team1/ros2_ws/build/go_green/build/lib/go_green/go_green.py -> /home/rschnurr/SkyClaw-Team1/ros2_ws/install/go_green/lib/python3.10/site-packages/go_green\n'}
[4.952540] (go_green) StdoutLine: {'line': b'byte-compiling /home/rschnurr/SkyClaw-Team1/ros2_ws/install/go_green/lib/python3.10/site-packages/go_green/go_green.py to go_green.cpython-310.pyc\n'}
[4.956342] (go_green) StdoutLine: {'line': b'running install_data\n'}
[4.956842] (go_green) StdoutLine: {'line': b'copying resource/go_green -> /home/rschnurr/SkyClaw-Team1/ros2_ws/install/go_green/share/ament_index/resource_index/packages\n'}
[4.957386] (go_green) StdoutLine: {'line': b'copying package.xml -> /home/rschnurr/SkyClaw-Team1/ros2_ws/install/go_green/share/go_green\n'}
[4.957853] (go_green) StdoutLine: {'line': b'running install_egg_info\n'}
[4.998639] (go_green) StdoutLine: {'line': b"removing '/home/rschnurr/SkyClaw-Team1/ros2_ws/install/go_green/lib/python3.10/site-packages/go_green-0.0.0-py3.10.egg-info' (and everything under it)\n"}
[4.999653] (go_green) StdoutLine: {'line': b'Copying ../../build/go_green/go_green.egg-info to /home/rschnurr/SkyClaw-Team1/ros2_ws/install/go_green/lib/python3.10/site-packages/go_green-0.0.0-py3.10.egg-info\n'}
[5.001243] (go_green) StdoutLine: {'line': b'running install_scripts\n'}
[5.037261] (-) TimerEvent: {}
[5.086591] (go_green) StdoutLine: {'line': b'Installing go_green script to /home/rschnurr/SkyClaw-Team1/ros2_ws/install/go_green/lib/go_green\n'}
[5.087291] (go_green) StdoutLine: {'line': b'Installing go_green_autoland script to /home/rschnurr/SkyClaw-Team1/ros2_ws/install/go_green/lib/go_green\n'}
[5.089066] (go_green) StdoutLine: {'line': b'Installing go_green_simple script to /home/rschnurr/SkyClaw-Team1/ros2_ws/install/go_green/lib/go_green\n'}
[5.089737] (go_green) StdoutLine: {'line': b'Installing green_tracker script to /home/rschnurr/SkyClaw-Team1/ros2_ws/install/go_green/lib/go_green\n'}
[5.090483] (go_green) StdoutLine: {'line': b'Installing offboard_control script to /home/rschnurr/SkyClaw-Team1/ros2_ws/install/go_green/lib/go_green\n'}
[5.092533] (go_green) StdoutLine: {'line': b"writing list of installed files to '/home/rschnurr/SkyClaw-Team1/ros2_ws/build/go_green/install.log'\n"}
[5.137549] (-) TimerEvent: {}
[5.183857] (go_green) CommandEnded: {'returncode': 0}
[5.210596] (go_green) JobEnded: {'identifier': 'go_green', 'rc': 0}
[5.213341] (-) EventReactorShutdown: {}
